20251111,A80,Etica Rendita Bilanciata,496185,BUNDESOBLIGATION OBL 1.3 10/15/27,0.069037945824236,0.0,OB ,SOVEREIGN,DE0001030740,,BY5766682 Govt,DE ,EUR,1.590467,A,11/11/2025
20251111,A80,Etica Rendita Bilanciata,442342,BUNDESREPUB. DEUTSCHLAND DBR 0 08/15/30,0.062252446792212,0.0,OB ,SOVEREIGN,DE0001030708,,ZO2919926 Govt,DE ,EUR,1.590467,A,11/11/2025
20251111,A80,Etica Rendita Bilanciata,510744,BUNDESREPUB. DEUTSCHLAND DBR 2.3 02/15/33,0.048763895241735,0.0,OB ,SOVEREIGN,DE000BU3Z005,,ZK3512736 Govt,DE ,EUR,1.590467,A,11/11/2025
20251111,A80,Etica Rendita Bilanciata,28895,FUT_EUR (Nozionale),0.040223772730721,0.0,NB ,CASH,,,FUT_EUR (Nozionale),5A ,EUR,1.590467,,11/11/2025
20251111,A80,Etica Rendita Bilanciata,535701,BUNDESOBLIGATION OBL 2.1 04/12/29,0.03134149606617,0.0,OB ,SOVEREIGN,DE000BU35025,,ZB6879496 Govt,DE ,EUR,1.590467,A,11/11/2025
20251111,A80,Etica Rendita Bilanciata,212675,BUONI POLIENNALI DEL TES BTPS 4.05 10/30/37,0.029549054168722,0.0,OB ,SOVEREIGN,IT0005596470,,YX0762808 Govt,IT ,EUR,1.590467,B,11/11/2025
20251111,A80,Etica Rendita Bilanciata,578009,BUONI POLIENNALI DEL TES BTPS 3.45 02/01/36,0.028261646710904,0.0,OB ,SOVEREIGN,IT0005676504,,YJ6499398 Govt,IT ,EUR,1.590467,B,11/11/2025
20251111,A80,Etica Rendita Bilanciata,3458,NVIDIA CORP,0.025645773064856,0.01715697,AZ ,Information Technology,US67066G1040,2379504,NVDA US Equity,US ,USD,1.590467,,11/11/2025
20251111,A80,Etica Rendita Bilanciata,164723,EUR,0.02069342888447,0.0,LQ ,CASH,,,EUR,5A ,EUR,1.590467,,11/11/2025
20251111,A80,Etica Rendita Bilanciata,509810,BUONI POLIENNALI DEL TES BTPS 4 10/30/31,0.019239058742327,0.0,OB ,SOVEREIGN,IT0005542359,,ZK0285476 Govt,IT ,EUR,1.590467,B,11/11/2025
20251111,A80,Etica Rendita Bilanciata,335439,FRANCE (GOVT OF) FRTR 0 1/2 06/25/44,0.016755226251554,0.0,OB ,SOVEREIGN,FR0014002JM6,,BO6060129 Govt,FR ,EUR,1.590467,A,11/11/2025
20251111,A80,Etica Rendita Bilanciata,454914,BUONI POLIENNALI DEL TES BTPS 1 1/2 04/30/45,0.015075136096378,0.0,OB ,SOVEREIGN,IT0005438004,,BO3833387 Govt,IT ,EUR,1.590467,B,11/11/2025
20251111,A80,Etica Rendita Bilanciata,238905,BONOS Y OBLIG DEL ESTADO SPGB 1.85 07/30/35,0.014703010450875,0.0,OB ,SOVEREIGN,ES0000012E69,,AX4147556 Govt,ES ,EUR,1.590467,A,11/11/2025
20251111,A80,Etica Rendita Bilanciata,164727,USD,0.014586255467334,0.0,LQ ,CASH,,,USD,US ,USD,1.590467,,11/11/2025
20251111,A80,Etica Rendita Bilanciata,128629,BUONI POLIENNALI DEL TES BTPS 3.45 07/15/31,0.014155616892406,0.0,OB ,SOVEREIGN,IT0005595803,,ZB9640887 Govt,IT ,EUR,1.590467,B,11/11/2025
20251111,A80,Etica Rendita Bilanciata,462761,BUNDESREPUB. DEUTSCHLAND DBR 0 08/15/50,0.012864409308406,0.0,OB ,SOVEREIGN,DE0001030724,,BP4742659 Govt,DE ,EUR,1.590467,A,11/11/2025
20251111,A80,Etica Rendita Bilanciata,185030,NETHERLANDS GOVERNMENT NETHER 0 1/2 01/15/40,0.012776415003188,0.0,OB ,SOVEREIGN,NL0013552060,,ZS0947771 Govt,NL ,EUR,1.590467,A,11/11/2025
20251111,A80,Etica Rendita Bilanciata,292486,FRANCE (GOVT OF) FRTR 1 3/4 06/25/39,0.012605495363613,0.0,OB ,SOVEREIGN,FR0013234333,,AL9974240 Govt,FR ,EUR,1.590467,A,11/11/2025
20251111,A80,Etica Rendita Bilanciata,510414,REPUBLIC OF AUSTRIA RAGB 2.9 05/23/29,0.011663593185451,0.0,OB ,SOVEREIGN,AT0000A33SH3,,ZK2454146 Govt,AT ,EUR,1.590467,A,11/11/2025
20251111,A80,Etica Rendita Bilanciata,556680,FRANCE (GOVT OF) FRTR 3.2 05/25/35,0.011286761485467,0.0,OB ,SOVEREIGN,FR001400X8V5,,YR1561277 Govt,FR ,EUR,1.590467,A,11/11/2025
20251111,A80,Etica Rendita Bilanciata,51528,BUONI ORDINARI DEL TES BOTS 0 09/14/26,0.011070379829164,0.0,OB ,SOVEREIGN,IT0005669269,,YL9485662 Govt,IT ,EUR,1.590467,B,11/11/2025
20251111,A80,Etica Rendita Bilanciata,535378,FRANCE (GOVT OF) FRTR 2 3/4 02/25/30,0.009830084933485,0.0,OB ,SOVEREIGN,FR001400PM68,,ZB4289912 Govt,FR ,EUR,1.590467,A,11/11/2025
20251111,A80,Etica Rendita Bilanciata,504092,EDP SA EDPPL 5.943 04/23/2083,0.009202136630367,0.0,OB ,UTILITY,PTEDP4OM0025,,ZM4793893 Corp,PT ,EUR,1.590467,C,11/11/2025
20251111,A80,Etica Rendita Bilanciata,65876,VISA INC-CLASS A SHARES,0.009179235858986,0.0,AZ ,Financials,US92826C8394,B2PZN04,V US Equity,US ,USD,1.590467,,11/11/2025
20251111,A80,Etica Rendita Bilanciata,128733,BUONI POLIENNALI DEL TES BTPS 2.7 10/15/27,0.009113723787717,0.0,OB ,SOVEREIGN,IT0005622128,,YT1232321 Govt,IT ,EUR,1.590467,B,11/11/2025
20251111,A80,Etica Rendita Bilanciata,45465,MASTERCARD INC - A,0.009077242447983,0.0,AZ ,Financials,US57636Q1040,B121557,MA US Equity,US ,USD,1.590467,,11/11/2025
20251111,A80,Etica Rendita Bilanciata,237713,BUONI POLIENNALI DEL TES BTPS 4 04/30/35,0.007669753993879,0.0,OB ,SOVEREIGN,IT0005508590,,BY8794178 Govt,IT ,EUR,1.590467,B,11/11/2025
20251111,A80,Etica Rendita Bilanciata,554,ORACLE CORP,0.007632437009505,0.0,AZ ,Information Technology,US68389X1054,2661568,ORCL US Equity,US ,USD,1.590467,,11/11/2025
20251111,A80,Etica Rendita Bilanciata,406148,AGENCE FRANCAISE DEVELOP AGFRNC 0.01 11/25/28,0.007295246688513,0.0,OB ,Quasi & Foreign Government,FR0014003YN1,,BP9619894 Govt,FR ,EUR,1.590467,A,11/11/2025
20251111,A80,Etica Rendita Bilanciata,335644,CAISSE D'AMORT DETTE SOC CADES 1 1/2 05/25/32,0.006733971617905,0.0,OB ,Quasi & Foreign Government,FR001400A3H2,,BW1169877 Govt,FR ,EUR,1.590467,A,11/11/2025
20251111,A80,Etica Rendita Bilanciata,498660,KONINKLIJKE KPN NV KPN 6 PERP,0.006477970925628,0.0,OB ,INDUSTRIAL,XS2486270858,,BZ0016577 Corp,NL ,EUR,1.590467,C,11/11/2025
20251111,A80,Etica Rendita Bilanciata,212348,EDP SA EDPPL 1 1/2 03/14/2082,0.006121073206855,0.0,OB ,UTILITY,PTEDPXOM0021,,BR3181418 Corp,PT ,EUR,1.590467,C,11/11/2025
20251111,A80,Etica Rendita Bilanciata,411899,Etica Sustainable Global Equity - Class S,0.006004525357959,0.0,FO ,No Sector,LU2052491334,,MUSGESE LX Equity,DEV,MUL,1.590467,,11/11/2025
20251111,A80,Etica Rendita Bilanciata,237094,BONOS Y OBLIG DEL ESTADO SPGB 3.45 07/30/66,0.005985857619994,0.0,OB ,SOVEREIGN,ES00000128E2,,LW0882867 Govt,ES ,EUR,1.590467,A,11/11/2025
20251111,A80,Etica Rendita Bilanciata,540619,BUNDESSCHATZANWEISUNGEN BKO 2.7 09/17/26,0.005686875211222,0.0,OB ,SOVEREIGN,DE000BU22064,,YW4754282 Govt,DE ,EUR,1.590467,A,11/11/2025
20251111,A80,Etica Rendita Bilanciata,565111,BONOS Y OBLIG DEL ESTADO SPGB 3.2 10/31/35,0.005652954647127,0.0,OB ,SOVEREIGN,ES0000012P33,,YO9201485 Govt,ES ,EUR,1.590467,A,11/11/2025
20251111,A80,Etica Rendita Bilanciata,344928,IRELAND GOVERNMENT BOND IRISH 1.35 03/18/31,0.005383230026305,0.0,OB ,SOVEREIGN,IE00BFZRQ242,,AU9204705 Govt,IE ,EUR,1.590467,A,11/11/2025
20251111,A80,Etica Rendita Bilanciata,335696,BELGIUM KINGDOM BGB 2 3/4 04/22/39,0.005257954728792,0.0,OB ,SOVEREIGN,BE0000356650,,BZ0281957 Govt,BE ,EUR,1.590467,A,11/11/2025
20251111,A80,Etica Rendita Bilanciata,405921,Etica Sustainable Dynamic Allocation - Class S,0.005179415732045,0.0,FO ,No Sector,LU2052490872,,MUSDASE LX Equity,DEV,MUL,1.590467,,11/11/2025
20251111,A80,Etica Rendita Bilanciata,414446,TELEFONICA EUROPE BV TELEFO 2.502 PERP,0.005055123020546,0.0,OB ,INDUSTRIAL,XS2109819859,,ZP7077248 Corp,ES ,EUR,1.590467,C,11/11/2025
20251111,A80,Etica Rendita Bilanciata,480661,BONOS Y OBLIG DEL ESTADO SPGB 0.7 04/30/32,0.004981680641886,0.0,OB ,SOVEREIGN,ES0000012K20,,BT4353020 Govt,ES ,EUR,1.590467,A,11/11/2025
20251111,A80,Etica Rendita Bilanciata,335490,LANDWIRTSCH. RENTENBANK RENTEN 0 06/30/31,0.00487390865523,0.0,OB ,Quasi & Foreign Government,XS2359292955,,BQ1979823 Corp,DE ,EUR,1.590467,A,11/11/2025
20251111,A80,Etica Rendita Bilanciata,335524,AGENCE FRANCAISE DEVELOP AGFRNC 0 1/8 09/29/31,0.004729125335333,0.0,OB ,Quasi & Foreign Government,FR0014005NA6,,BR5562094 Govt,FR ,EUR,1.590467,A,11/11/2025
20251111,A80,Etica Rendita Bilanciata,201018,ABBVIE INC,0.004643818160928,0.0,AZ ,Health Care,US00287Y1091,B92SR70,ABBV US Equity,US ,USD,1.590467,,11/11/2025
20251111,A80,Etica Rendita Bilanciata,406188,BONOS Y OBLIG DEL ESTADO SPGB 1 07/30/42,0.004628853744419,0.0,OB ,SOVEREIGN,ES0000012J07,,BR3246377 Govt,ES ,EUR,1.590467,A,11/11/2025
20251111,A80,Etica Rendita Bilanciata,534121,TERNA RETE ELETTRICA TRNIM 4 3/4 PERP,0.004548965720382,0.0,OB ,UTILITY,XS2798269069,,ZB2049300 Corp,IT ,EUR,1.590467,B,11/11/2025
20251111,A80,Etica Rendita Bilanciata,492477,BONOS Y OBLIG DEL ESTADO SPGB 2.55 10/31/32,0.004438415721787,0.0,OB ,SOVEREIGN,ES0000012K61,,BX0275376 Govt,ES ,EUR,1.590467,A,11/11/2025
20251111,A80,Etica Rendita Bilanciata,300,HOME DEPOT INC,0.004417709239737,0.0,AZ ,Consumer Discretionary,US4370761029,2434209,HD US Equity,US ,USD,1.590467,,11/11/2025
20251111,A80,Etica Rendita Bilanciata,335600,BONOS Y OBLIG DEL ESTADO SPGB 1.9 10/31/52,0.00436549812251,0.0,OB ,SOVEREIGN,ES0000012K46,,BU3617661 Govt,ES ,EUR,1.590467,A,11/11/2025
20251111,A80,Etica Rendita Bilanciata,577,APPLIED MATERIALS INC,0.004221882236568,0.0,AZ ,Information Technology,US0382221051,2046552,AMAT US Equity,US ,USD,1.590467,,11/11/2025
20251111,A80,Etica Rendita Bilanciata,406149,CAISSE D'AMORT DETTE SOC CADES 0 11/25/26,0.004185818026565,0.0,OB ,Quasi & Foreign Government,FR0014004016,,BP9677991 Govt,FR ,EUR,1.590467,A,11/11/2025
20251111,A80,Etica Rendita Bilanciata,389755,Etica Sustainable Conservative Allocation - Class S,0.004167373684998,0.0,FO ,No Sector,LU2052490286,,MUSCASS LX Equity,5A ,EUR,1.590467,,11/11/2025
20251111,A80,Etica Rendita Bilanciata,427,PROCTER & GAMBLE CO/THE,0.004026198818821,0.0,AZ ,Consumer Staples,US7427181091,2704407,PG US Equity,US ,USD,1.590467,,11/11/2025
20251111,A80,Etica Rendita Bilanciata,16441,BUNDESREPUB. DEUTSCHLAND DBR 4 3/4 07/04/34,0.00400883003906,0.0,OB ,SOVEREIGN,DE0001135226,,EC8300625 Govt,DE ,EUR,1.590467,A,11/11/2025
20251111,A80,Etica Rendita Bilanciata,222389,MONCLER SPA,0.003718555697686,0.0,AZ ,Consumer Discretionary,IT0004965148,BGLP232,MONC IM Equity,IT ,EUR,1.590467,,11/11/2025
20251111,A80,Etica Rendita Bilanciata,336003,TELEFONICA EUROPE BV TELEFO 5.7522 PERP,0.003691175308853,0.0,OB ,INDUSTRIAL,XS2755535577,,ZD4852251 Corp,ES ,EUR,1.590467,C,11/11/2025
20251111,A80,Etica Rendita Bilanciata,480,TEXAS INSTRUMENTS INC,0.003637187887908,0.0,AZ ,Information Technology,US8825081040,2885409,TXN US Equity,US ,USD,1.590467,,11/11/2025
20251111,A80,Etica Rendita Bilanciata,221482,SERVICENOW INC,0.003628427183782,0.0,AZ ,Information Technology,US81762P1021,B80NXX8,NOW US Equity,US ,USD,1.590467,,11/11/2025
20251111,A80,Etica Rendita Bilanciata,2839,ASML HOLDING NV,0.003618621481838,0.0,AZ ,Information Technology,NL0010273215,B929F46,ASML NA Equity,NL ,EUR,1.590467,,11/11/2025
20251111,A80,Etica Rendita Bilanciata,756,QUALCOMM INC,0.003496179783531,0.0,AZ ,Information Technology,US7475251036,2714923,QCOM US Equity,US ,USD,1.590467,,11/11/2025
20251111,A80,Etica Rendita Bilanciata,510999,COUNCIL OF EUROPE COE 2 7/8 04/13/30,0.003482026348754,0.0,OB ,Quasi & Foreign Government,XS2610236528,,ZK0252484 Corp,SNA,EUR,1.590467,A,11/11/2025
20251111,A80,Etica Rendita Bilanciata,23568,SALESFORCE INC,0.003431141836961,0.0,AZ ,Information Technology,US79466L3024,2310525,CRM US Equity,US ,USD,1.590467,,11/11/2025
20251111,A80,Etica Rendita Bilanciata,705,LAM RESEARCH CORP,0.003372991947794,0.0,AZ ,Information Technology,US5128073062,BSML4N7,LRCX US Equity,US ,USD,1.590467,,11/11/2025
20251111,A80,Etica Rendita Bilanciata,363,MERCK & CO. INC.,0.003357053447773,0.0,AZ ,Health Care,US58933Y1055,2778844,MRK US Equity,US ,USD,1.590467,,11/11/2025
20251111,A80,Etica Rendita Bilanciata,360,MEDTRONIC PLC,0.003288851171275,0.0,AZ ,Health Care,IE00BTN1Y115,BTN1Y11,MDT US Equity,US ,USD,1.590467,,11/11/2025
20251111,A80,Etica Rendita Bilanciata,214,DANAHER CORP,0.003274068111601,0.0,AZ ,Health Care,US2358511028,2250870,DHR US Equity,US ,USD,1.590467,,11/11/2025
20251111,A80,Etica Rendita Bilanciata,492162,KOMMUNEKREDIT KOMMUN 1 1/2 05/16/29,0.003247743126307,0.0,OB ,Quasi & Foreign Government,XS2489343793,,BW8977538 Govt,DK ,EUR,1.590467,A,11/11/2025
20251111,A80,Etica Rendita Bilanciata,423,NEW LINDE PLC,0.003199998292795,0.0,AZ ,Materials,IE000S9YS762,BNZHB81,LIN US Equity,US ,USD,1.590467,,11/11/2025
20251111,A80,Etica Rendita Bilanciata,542,CISCO SYSTEMS INC,0.003186124798917,0.0,AZ ,Information Technology,US17275R1023,2198163,CSCO US Equity,US ,USD,1.590467,,11/11/2025
20251111,A80,Etica Rendita Bilanciata,164724,GBP,0.003168494457191,0.0,LQ ,CASH,,,GBP,GB ,GBP,1.590467,,11/11/2025
20251111,A80,Etica Rendita Bilanciata,2703,LONZA GROUP AG-REG,0.003086532631702,0.0,AZ ,Health Care,CH0013841017,7333378,LONN SW Equity,CH ,CHF,1.590467,,11/11/2025
20251111,A80,Etica Rendita Bilanciata,1706,TELECOM ITALIA SPA,0.003078705142735,0.0,AZ ,Communication Services,IT0003497168,7634394,TIT IM Equity,IT ,EUR,1.590467,,11/11/2025
20251111,A80,Etica Rendita Bilanciata,500911,ORSTED A/S ORSTED 5 1/4 12/08/3022,0.003012637390247,0.0,OB ,UTILITY,XS2563353361,,ZN6806667 Corp,DK ,EUR,1.590467,C,11/11/2025
20251111,A80,Etica Rendita Bilanciata,216,DEERE & CO,0.002985523293251,0.0,AZ ,Industrials,US2441991054,2261203,DE US Equity,US ,USD,1.590467,,11/11/2025
20251111,A80,Etica Rendita Bilanciata,237464,INFINEON TECHNOLOGIES AG IFXGR 3 5/8 PERP,0.00289509480406,0.0,OB ,INDUSTRIAL,XS2056730679,,ZR7968624 Corp,DE ,EUR,1.590467,B,11/11/2025
20251111,A80,Etica Rendita Bilanciata,405955,NOKIA OYJ NOKIA 3 1/8 05/15/28,0.002884577549066,0.0,OB ,INDUSTRIAL,XS2171872570,,BJ3268486 Corp,FI ,EUR,1.590467,C,11/11/2025
20251111,A80,Etica Rendita Bilanciata,239100,FORVIA SE EOFP 2 3/8 06/15/29,0.002852947831277,0.0,OB ,INDUSTRIAL,XS2312733871,,BO6324905 Corp,FR ,EUR,1.590467,C,11/11/2025
20251111,A80,Etica Rendita Bilanciata,496325,INTEL CORP INTC 4.15 08/05/32,0.002839796059674,0.0,OB ,INDUSTRIAL,US458140CA64,,BY2217838 Corp,US ,USD,1.590467,B,11/11/2025
20251111,A80,Etica Rendita Bilanciata,405993,SSE PLC SSELN 3 1/8 PERP,0.002839764853776,0.0,OB ,UTILITY,XS2195190520,,BK2936866 Corp,GB ,EUR,1.590467,B,11/11/2025
20251111,A80,Etica Rendita Bilanciata,1821,INTUIT INC,0.002739429826258,0.0,AZ ,Information Technology,US4612021034,2459020,INTU US Equity,US ,USD,1.590467,,11/11/2025
20251111,A80,Etica Rendita Bilanciata,358,S&P GLOBAL INC,0.002695792267857,0.0,AZ ,Financials,US78409V1044,BYV2325,SPGI US Equity,US ,USD,1.590467,,11/11/2025
20251111,A80,Etica Rendita Bilanciata,51209,TELEFONICA EUROPE BV TELEFO 7 1/8 PERP,0.002616132122334,0.0,OB ,INDUSTRIAL,XS2462605671,,ZN3747385 Corp,ES ,EUR,1.590467,C,11/11/2025
20251111,A80,Etica Rendita Bilanciata,30976,NABTESCO CORP,0.002518690403034,0.0,AZ ,Industrials,JP3651210001,6687571,6268 JP Equity,JP ,JPY,1.590467,,11/11/2025
20251111,A80,Etica Rendita Bilanciata,2706,TRANE TECHNOLOGIES PLC,0.002517489251845,0.0,AZ ,Industrials,IE00BK9ZQ967,BK9ZQ96,TT US Equity,US ,USD,1.590467,,11/11/2025
20251111,A80,Etica Rendita Bilanciata,4289,CRH PLC,0.002485820839192,0.0,SE ,Materials,IE0001827041,182704,CRH LN Equity,US ,USD,1.590467,,11/11/2025
20251111,A80,Etica Rendita Bilanciata,504076,TELEFONICA EUROPE BV TELEFO 6.135 PERP,0.002479470883647,0.0,OB ,INDUSTRIAL,XS2582389156,,ZM6546588 Corp,ES ,EUR,1.590467,C,11/11/2025
20251111,A80,Etica Rendita Bilanciata,100,ABBOTT LABORATORIES,0.002471933257049,0.0,AZ ,Health Care,US0028241000,2002305,ABT US Equity,US ,USD,1.590467,,11/11/2025
20251111,A80,Etica Rendita Bilanciata,397638,PROSUS NV,0.002459343608302,0.0,AZ ,Consumer Discretionary,NL0013654783,BJDS7L3,PRX NA Equity,NL ,EUR,1.590467,,11/11/2025
20251111,A80,Etica Rendita Bilanciata,549,INTEL CORP,0.002439241277406,0.0,AZ ,Information Technology,US4581401001,2463247,INTC US Equity,US ,USD,1.590467,,11/11/2025
20251111,A80,Etica Rendita Bilanciata,5574,ERG SPA ERGIM 4 1/8 07/03/30,0.002384069383704,0.0,OB ,UTILITY,XS2853679053,,YX9810210 Corp,IT ,EUR,1.590467,NR,11/11/2025
20251111,A80,Etica Rendita Bilanciata,239132,REPUBLIKA SLOVENIJA SLOREP 0 1/8 07/01/31,0.002373140629779,0.0,OB ,SOVEREIGN,SI0002104196,,BQ1964585 Govt,SI ,EUR,1.590467,A,11/11/2025
20251111,A80,Etica Rendita Bilanciata,533,AMGEN INC,0.002363281041071,0.0,AZ ,Health Care,US0311621009,2023607,AMGN US Equity,US ,USD,1.590467,,11/11/2025
20251111,A80,Etica Rendita Bilanciata,164954,CAD,0.002334730391622,0.0,LQ ,CASH,,,CAD,CA ,CAD,1.590467,,11/11/2025
20251111,A80,Etica Rendita Bilanciata,335961,REPUBLIC OF AUSTRIA RAGB 2.9 02/20/34,0.002308167426158,0.0,OB ,SOVEREIGN,AT0000A39UW5,,ZF4061056 Govt,AT ,EUR,1.590467,A,11/11/2025
20251111,A80,Etica Rendita Bilanciata,164959,JPY,0.002300289350076,0.0,LQ ,CASH,,,JPY,JP ,JPY,1.590467,,11/11/2025
20251111,A80,Etica Rendita Bilanciata,382187,NOKIA OYJ NOKIA 2 03/11/26,0.002249028745828,0.0,OB ,INDUSTRIAL,XS1960685383,,AX4993215 Corp,FI ,EUR,1.590467,C,11/11/2025
20251111,A80,Etica Rendita Bilanciata,497,UNION PACIFIC CORP,0.002217886047271,0.0,AZ ,Industrials,US9078181081,2914734,UNP US Equity,US ,USD,1.590467,,11/11/2025
20251111,A80,Etica Rendita Bilanciata,53583,LOGITECH INTERNATIONAL,0.002188647494137,0.0,SE ,Information Technology,CH0025751329,B1921K0,LOGI US Equity,CH ,CHF,1.590467,,11/11/2025
20251111,A80,Etica Rendita Bilanciata,1285,KUBOTA CORP,0.002179965880241,0.0,AZ ,Industrials,JP3266400005,6497509,6326 JT Equity,JP ,JPY,1.590467,,11/11/2025
20251111,A80,Etica Rendita Bilanciata,191474,PALO ALTO NETWORKS INC,0.002165543405796,0.0,AZ ,Information Technology,US6974351057,B87ZMX0,PANW US Equity,US ,USD,1.590467,,11/11/2025
20251111,A80,Etica Rendita Bilanciata,1619,LOREAL SA,0.00213825621798,0.0,AZ ,Consumer Staples,FR0000120321,4057808,OR FP Equity,FR ,EUR,1.590467,,11/11/2025
20251111,A80,Etica Rendita Bilanciata,335356,TAKEDA PHARMACEUTICAL TACHEM 1 07/09/29,0.002111763547435,0.0,OB ,INDUSTRIAL,XS2197348597,,BK2909210 Corp,JP ,EUR,1.590467,B,11/11/2025
20251111,A80,Etica Rendita Bilanciata,3092,MTR CORP,0.002090740929699,0.0,AZ ,Industrials,HK0066009694,6290054,66 HK Equity,HK ,HKD,1.590467,,11/11/2025
20251111,A80,Etica Rendita Bilanciata,149,VERIZON COMMUNICATIONS INC,0.002067661267773,0.0,AZ ,Communication Services,US92343V1044,2090571,VZ US Equity,US ,USD,1.590467,,11/11/2025
20251111,A80,Etica Rendita Bilanciata,406118,CAISSE FRANCAISE DE FIN CAFFIL 0.01 04/27/29,0.002062729598362,0.0,OB ,Covered,FR00140033E4,,BP1529455 Govt,FR ,EUR,1.590467,A,11/11/2025
20251111,A80,Etica Rendita Bilanciata,164955,CHF,0.002058116035417,0.0,LQ ,CASH,,,CHF,CH ,CHF,1.590467,,11/11/2025
20251111,A80,Etica Rendita Bilanciata,1258,KAO CORP,0.002054903393217,0.0,AZ ,Consumer Staples,JP3205800000,6483809,4452 JP Equity,JP ,JPY,1.590467,,11/11/2025
20251111,A80,Etica Rendita Bilanciata,1288,KURITA WATER INDUSTRIES LTD,0.002053884375914,0.0,AZ ,Industrials,JP3270000007,6497963,6370 JP Equity,JP ,JPY,1.590467,,11/11/2025
20251111,A80,Etica Rendita Bilanciata,49402,SARTORIUS STEDIM BIOTECH,0.002053811434519,0.0,AZ ,Health Care,FR0013154002,BYZ2QP5,DIM FP Equity,FR ,EUR,1.590467,,11/11/2025
20251111,A80,Etica Rendita Bilanciata,348394,KNORR-BREMSE AG,0.002053503767557,0.0,AZ ,Industrials,DE000KBX1006,BD2P9X9,KBX GR Equity,DE ,EUR,1.590467,,11/11/2025
20251111,A80,Etica Rendita Bilanciata,486,TJX COMPANIES INC,0.002053378245744,0.0,AZ ,Consumer Discretionary,US8725401090,2989301,TJX US Equity,US ,USD,1.590467,,11/11/2025
20251111,A80,Etica Rendita Bilanciata,559,STRYKER CORP,0.002047922292459,0.0,AZ ,Health Care,US8636671013,2853688,SYK UN Equity,US ,USD,1.590467,,11/11/2025
20251111,A80,Etica Rendita Bilanciata,783,SYNOPSYS INC,0.002030838566364,0.0,AZ ,Information Technology,US8716071076,2867719,SNPS US Equity,US ,USD,1.590467,,11/11/2025
20251111,A80,Etica Rendita Bilanciata,133,AUTOMATIC DATA PROCESSING,0.002029567514412,0.0,AZ ,Industrials,US0530151036,2065308,ADP US Equity,US ,USD,1.590467,,11/11/2025
20251111,A80,Etica Rendita Bilanciata,1658,ATLAS COPCO AB-A SHS,0.001983906471394,0.0,AZ ,Industrials,SE0017486889,BLDBN41,ATCOA SS Equity,SE ,SEK,1.590467,,11/11/2025
20251111,A80,Etica Rendita Bilanciata,406189,ERG SPA ERGIM 0 7/8 09/15/31,0.001983115017279,0.0,OB ,UTILITY,XS2386650274,,BR3380614 Corp,IT ,EUR,1.590467,NR,11/11/2025
20251111,A80,Etica Rendita Bilanciata,236196,IMCD NV,0.001975753082932,0.0,AZ ,Industrials,NL0010801007,BNCBD46,IMCD NA Equity,NL ,EUR,1.590467,,11/11/2025
20251111,A80,Etica Rendita Bilanciata,432910,SSE PLC SSELN 3.74 PERP,0.001952913507096,0.0,OB ,UTILITY,XS2195190876,,BK2909863 Corp,GB ,GBP,1.590467,B,11/11/2025
20251111,A80,Etica Rendita Bilanciata,481243,CAISSE D'AMORT DETTE SOC CADES 0.45 01/19/32,0.00195035023138,0.0,OB ,Quasi & Foreign Government,FR0014007RB1,,BT4620824 Govt,FR ,EUR,1.590467,A,11/11/2025
20251111,A80,Etica Rendita Bilanciata,520,WESTERN DIGITAL CORP,0.001932189186669,0.0,AZ ,Information Technology,US9581021055,2954699,WDC US Equity,US ,USD,1.590467,,11/11/2025
20251111,A80,Etica Rendita Bilanciata,125,ANALOG DEVICES INC,0.001928812192652,0.0,AZ ,Information Technology,US0326541051,2032067,ADI US Equity,US ,USD,1.590467,,11/11/2025
20251111,A80,Etica Rendita Bilanciata,2088,SAP SE,0.001865757605611,0.0,AZ ,Information Technology,DE0007164600,4846288,SAP GY Equity,DE ,EUR,1.590467,,11/11/2025
20251111,A80,Etica Rendita Bilanciata,454,SONY GROUP CORP,0.001844105430548,0.0,AZ ,Consumer Discretionary,JP3435000009,6821506,6758 JP Equity,JP ,JPY,1.590467,,11/11/2025
20251111,A80,Etica Rendita Bilanciata,159,BOSTON SCIENTIFIC CORP,0.001842363485977,0.0,AZ ,Health Care,US1011371077,2113434,BSX US Equity,US ,USD,1.590467,,11/11/2025
20251111,A80,Etica Rendita Bilanciata,2170,DSV A/S,0.001829333542383,0.0,AZ ,Industrials,DK0060079531,B1WT5G2,DSV DC Equity,DK ,DKK,1.590467,,11/11/2025
20251111,A80,Etica Rendita Bilanciata,531,ADOBE INC,0.001819987201178,0.0,AZ ,Information Technology,US00724F1012,2008154,ADBE US Equity,US ,USD,1.590467,,11/11/2025
20251111,A80,Etica Rendita Bilanciata,164953,AUD,0.001810396516998,0.0,LQ ,CASH,,,AUD,AU ,AUD,1.590467,,11/11/2025
20251111,A80,Etica Rendita Bilanciata,670,WELLTOWER INC,0.001798353303695,0.0,AZ ,Real Estate,US95040Q1040,BYVYHH4,WELL US Equity,US ,USD,1.590467,,11/11/2025
20251111,A80,Etica Rendita Bilanciata,18091,PROLOGIS INC,0.001791463489481,0.0,AZ ,Real Estate,US74340W1036,B44WZD7,PLD UN Equity,US ,USD,1.590467,,11/11/2025
20251111,A80,Etica Rendita Bilanciata,335766,NOKIA OYJ NOKIA 4 3/8 08/21/31,0.001787872930447,0.0,OB ,INDUSTRIAL,XS2488809612,,ZM9740188 Corp,FI ,EUR,1.590467,C,11/11/2025
20251111,A80,Etica Rendita Bilanciata,2489,LENOVO GROUP LTD,0.001784345988202,0.0,AZ ,Information Technology,HK0992009065,6218089,992 HK Equity,CN ,CNY,1.590467,,11/11/2025
20251111,A80,Etica Rendita Bilanciata,667,GILEAD SCIENCES INC,0.001776934547853,0.0,AZ ,Health Care,US3755581036,2369174,GILD US Equity,US ,USD,1.590467,,11/11/2025
20251111,A80,Etica Rendita Bilanciata,3033,STMICROELECTRONICS NV,0.001776581293927,0.0,SE ,Information Technology,NL0000226223,5962343,STMMI IM Equity,FR ,EUR,1.590467,,11/11/2025
20251111,A80,Etica Rendita Bilanciata,1545,TOTO LTD,0.001770016838651,0.0,AZ ,Industrials,JP3596200000,6897466,5332 JP Equity,JP ,JPY,1.590467,,11/11/2025
20251111,A80,Etica Rendita Bilanciata,233530,ZALANDO SE,0.001744589076436,0.0,AZ ,Consumer Discretionary,DE000ZAL1111,BQV0SV7,ZAL GR Equity,DE ,EUR,1.590467,,11/11/2025
20251111,A80,Etica Rendita Bilanciata,4264,AUTODESK INC,0.00173606479838,0.0,AZ ,Information Technology,US0527691069,2065159,ADSK US Equity,US ,USD,1.590467,,11/11/2025
20251111,A80,Etica Rendita Bilanciata,321288,INMOBILIARIA COLONIAL SO COLSM 1 5/8 11/28/25,0.001713114566044,0.0,OB ,INDUSTRIAL,XS1725677543,,AQ1248246 Corp,ES ,EUR,1.590467,B,11/11/2025
20251111,A80,Etica Rendita Bilanciata,3760,ABB LTD,0.001706958918176,0.0,AZ ,Industrials,CH0012221716,7108899,ABBN SW Equity,CH ,CHF,1.590467,,11/11/2025
20251111,A80,Etica Rendita Bilanciata,1404,OBAYASHI CORP,0.001693429871651,0.0,AZ ,Industrials,JP3190000004,6656407,1802 JP Equity,JP ,JPY,1.590467,,11/11/2025
20251111,A80,Etica Rendita Bilanciata,40461,VERTEX PHARMACEUTICALS INC,0.001677373913123,0.0,AZ ,Health Care,US92532F1003,2931034,VRTX US Equity,US ,USD,1.590467,,11/11/2025
20251111,A80,Etica Rendita Bilanciata,1734,NOKIA OYJ,0.001665343583092,0.0,AZ ,Information Technology,FI0009000681,5902941,NOKIA FH Equity,FI ,EUR,1.590467,,11/11/2025
20251111,A80,Etica Rendita Bilanciata,1337,MURATA MANUFACTURING CO LTD,0.001663316956489,0.0,AZ ,Information Technology,JP3914400001,6610403,6981 JP Equity,JP ,JPY,1.590467,,11/11/2025
20251111,A80,Etica Rendita Bilanciata,424846,OTIS WORLDWIDE CORP,0.001644137615217,0.0,AZ ,Industrials,US68902V1070,BK531S8,OTIS US Equity,US ,USD,1.590467,,11/11/2025
20251111,A80,Etica Rendita Bilanciata,2955,VOESTALPINE AG,0.001638584125199,0.0,AZ ,Materials,AT0000937503,4943402,VOE AV Equity,AT ,EUR,1.590467,,11/11/2025
20251111,A80,Etica Rendita Bilanciata,392,NOVO NORDISK A/S-B,0.001636614245808,0.0,AZ ,Health Care,DK0062498333,BP6KMJ1,NOVOB DC Equity,DK ,DKK,1.590467,,11/11/2025
20251111,A80,Etica Rendita Bilanciata,344,LOWE'S COS INC,0.001625243316349,0.0,AZ ,Consumer Discretionary,US5486611073,2536763,LOW US Equity,US ,USD,1.590467,,11/11/2025
20251111,A80,Etica Rendita Bilanciata,2566,UNITED PARCEL SERVICE-CL B,0.001620143657623,0.0,AZ ,Industrials,US9113121068,2517382,UPS US Equity,US ,USD,1.590467,,11/11/2025
20251111,A80,Etica Rendita Bilanciata,3014,ANHEUSER-BUSCH INBEV SA/NV,0.001586834654816,0.0,AZ ,Consumer Staples,BE0974293251,BYYHL23,ABI BB Equity,BE ,EUR,1.590467,,11/11/2025
20251111,A80,Etica Rendita Bilanciata,164963,SGD,0.001538782931393,0.0,LQ ,CASH,,,SGD,SG ,SGD,1.590467,,11/11/2025
20251111,A80,Etica Rendita Bilanciata,1526,TOKYO ELECTRON LTD,0.00150917697976,0.0,AZ ,Information Technology,JP3571400005,6895675,8035 JP Equity,JP ,JPY,1.590467,,11/11/2025
20251111,A80,Etica Rendita Bilanciata,236299,VONOVIA SE,0.001488502334259,0.0,AZ ,Real Estate,DE000A1ML7J1,BBJPFY1,VNA GR Equity,DE ,EUR,1.590467,,11/11/2025
20251111,A80,Etica Rendita Bilanciata,1609,ESSILORLUXOTTICA,0.001479014997799,0.0,AZ ,Health Care,FR0000121667,7212477,EL FP Equity,FR ,EUR,1.590467,,11/11/2025
20251111,A80,Etica Rendita Bilanciata,3013,NOVARTIS AG,0.001454772947117,0.0,AZ ,Health Care,CH0012005267,7103065,NOVN SW Equity,CH ,CHF,1.590467,,11/11/2025
20251111,A80,Etica Rendita Bilanciata,166783,XYLEM INC,0.001447916185705,0.0,AZ ,Industrials,US98419M1009,B3P2CN8,XYL US Equity,US ,USD,1.590467,,11/11/2025
20251111,A80,Etica Rendita Bilanciata,1790,CHINA OVERSEAS LAND & INVEST,0.001432443589413,0.0,AZ ,Real Estate,HK0688002218,6192150,688 HK Equity,CN ,CNY,1.590467,,11/11/2025
20251111,A80,Etica Rendita Bilanciata,232,ECOLAB INC,0.001432287537397,0.0,AZ ,Materials,US2788651006,2304227,ECL US Equity,US ,USD,1.590467,,11/11/2025
20251111,A80,Etica Rendita Bilanciata,536433,EDP SA EDPPL 4 3/4 05/29/54,0.001430317230064,0.0,OB ,UTILITY,PTEDPZOM0011,,YX2446822 Corp,PT ,EUR,1.590467,C,11/11/2025
20251111,A80,Etica Rendita Bilanciata,1714,SKF AB-B SHARES,0.001410975203692,0.0,AZ ,Industrials,SE0000108227,B1Q3J35,SKFB SS Equity,SE ,SEK,1.590467,,11/11/2025
20251111,A80,Etica Rendita Bilanciata,49977,TE CONNECTIVITY PLC,0.00140947116046,0.0,AZ ,Information Technology,IE000IVNQZ81,BRC3N84,TEL US Equity,US ,USD,1.590467,,11/11/2025
20251111,A80,Etica Rendita Bilanciata,302,HONDA MOTOR CO LTD,0.001396850395907,0.0,AZ ,Consumer Discretionary,JP3854600008,6435145,7267 JP Equity,JP ,JPY,1.590467,,11/11/2025
20251111,A80,Etica Rendita Bilanciata,471,TDK CORP,0.001375690837093,0.0,AZ ,Information Technology,JP3538800008,6869302,6762 JP Equity,JP ,JPY,1.590467,,11/11/2025
20251111,A80,Etica Rendita Bilanciata,3011,DEUTSCHE TELEKOM AG,0.001373661136072,0.0,AZ ,Communication Services,DE0005557508,5842359,DTE GR Equity,DE ,EUR,1.590467,,11/11/2025
20251111,A80,Etica Rendita Bilanciata,23406,IBIDEN CO LTD,0.001372306331587,0.0,AZ ,Information Technology,JP3148800000,6456102,4062 JP Equity,JP ,JPY,1.590467,,11/11/2025
20251111,A80,Etica Rendita Bilanciata,212398,TELIA COMPANY AB TELIAS 2 3/4 06/30/2083,0.001361859957115,0.0,OB ,INDUSTRIAL,XS2443749648,,BV4439170 Corp,SE ,EUR,1.590467,B,11/11/2025
20251111,A80,Etica Rendita Bilanciata,4223,COLGATE-PALMOLIVE CO,0.001336959586975,0.0,AZ ,Consumer Staples,US1941621039,2209106,CL US Equity,US ,USD,1.590467,,11/11/2025
20251111,A80,Etica Rendita Bilanciata,405936,CARRIER GLOBAL CORP,0.001329732363909,0.0,AZ ,Industrials,US14448C1045,BK4N0D7,CARR US Equity,US ,USD,1.590467,,11/11/2025
20251111,A80,Etica Rendita Bilanciata,407318,ORSTED A/S ORSTED 1 3/4 12/09/3019,0.001315252658004,0.0,OB ,UTILITY,XS2010036874,,ZQ8044799 Corp,DK ,EUR,1.590467,C,11/11/2025
20251111,A80,Etica Rendita Bilanciata,49992,BONOS Y OBLIG DEL ESTADO SPGB 4.9 07/30/40,0.001314399704282,0.0,OB ,SOVEREIGN,ES00000120N0,,EG5611157 Govt,ES ,EUR,1.590467,A,11/11/2025
20251111,A80,Etica Rendita Bilanciata,406011,ERG SPA ERGIM 0 1/2 09/11/27,0.001302668606273,0.0,OB ,UTILITY,XS2229434852,,ZO3431582 Corp,IT ,EUR,1.590467,NR,11/11/2025
20251111,A80,Etica Rendita Bilanciata,3119,INTERPUMP GROUP SPA,0.001299334023449,0.0,AZ ,Industrials,IT0001078911,5161407,IP IM Equity,IT ,EUR,1.590467,,11/11/2025
20251111,A80,Etica Rendita Bilanciata,17897,SK HYNIX INC,0.00129618663097,0.0,AZ ,Information Technology,KR7000660001,6450267,000660 KS Equity,KR ,KRW,1.590467,,11/11/2025
20251111,A80,Etica Rendita Bilanciata,57392,EQUINIX INC,0.001283755016281,0.0,AZ ,Real Estate,US29444U7000,BVLZX12,EQIX US Equity,US ,USD,1.590467,,11/11/2025
20251111,A80,Etica Rendita Bilanciata,2831,BREMBO N.V.,0.001277673954003,0.0,AZ ,Consumer Discretionary,NL0015001KT6,BSMM753,BRE IM Equity,IT ,EUR,1.590467,,11/11/2025
20251111,A80,Etica Rendita Bilanciata,451544,EDP SA EDPPL 1 7/8 08/02/2081,0.001234265017381,0.0,OB ,UTILITY,PTEDPROM0029,,BN7191719 Corp,PT ,EUR,1.590467,C,11/11/2025
20251111,A80,Etica Rendita Bilanciata,23355,RALPH LAUREN CORP,0.001215904135545,0.0,AZ ,Consumer Discretionary,US7512121010,B4V9661,RL US Equity,US ,USD,1.590467,,11/11/2025
20251111,A80,Etica Rendita Bilanciata,476847,MICRON TECHNOLOGY INC MU 2.703 04/15/32,0.001211091298556,0.0,OB ,INDUSTRIAL,US595112BS19,,BS0168275 Corp,US ,USD,1.590467,B,11/11/2025
20251111,A80,Etica Rendita Bilanciata,1040,TATE & LYLE PLC,0.001205149812571,0.0,AZ ,Consumer Staples,GB00BP92CJ43,BP92CJ4,TATE LN Equity,GB ,GBP,1.590467,,11/11/2025
20251111,A80,Etica Rendita Bilanciata,212828,PRYSMIAN SPA PRYIM 3 7/8 11/28/31,0.001200098466117,0.0,OB ,INDUSTRIAL,XS2948434266,,YT3439742 Corp,IT ,EUR,1.590467,B,11/11/2025
20251111,A80,Etica Rendita Bilanciata,184644,ZOETIS INC,0.001189775102122,0.0,AZ ,Health Care,US98978V1035,B95WG16,ZTS US Equity,US ,USD,1.590467,,11/11/2025
20251111,A80,Etica Rendita Bilanciata,1146,BRIDGESTONE CORP,0.001188739350079,0.0,AZ ,Consumer Discretionary,JP3830800003,6132101,5108 JP Equity,JP ,JPY,1.590467,,11/11/2025
20251111,A80,Etica Rendita Bilanciata,128611,BRITISH TELECOMMUNICATIO BRITEL 5 1/8 10/03/54,0.001180098784722,0.0,OB ,INDUSTRIAL,XS2794589403,,ZB0014470 Corp,GB ,EUR,1.590467,C,11/11/2025
20251111,A80,Etica Rendita Bilanciata,212462,ORSTED A/S ORSTED 3 3/4 03/01/30,0.001177207481068,0.0,OB ,UTILITY,XS2591029876,,ZL2347488 Corp,DK ,EUR,1.590467,B,11/11/2025
20251111,A80,Etica Rendita Bilanciata,1575,ASTELLAS PHARMA INC,0.001144867719284,0.0,AZ ,Health Care,JP3942400007,6985383,4503 JP Equity,JP ,JPY,1.590467,,11/11/2025
20251111,A80,Etica Rendita Bilanciata,2867,DARDEN RESTAURANTS INC,0.001140829725548,0.0,AZ ,Consumer Discretionary,US2371941053,2289874,DRI UN Equity,US ,USD,1.590467,,11/11/2025
20251111,A80,Etica Rendita Bilanciata,239013,KLEPIERRE SA LIFP 2 05/12/29,0.00110469264172,0.0,OB ,INDUSTRIAL,FR0013512233,,BJ2958731 Corp,FR ,EUR,1.590467,A,11/11/2025
20251111,A80,Etica Rendita Bilanciata,237336,OBRIGACOES DO TESOURO PGB 2 1/4 04/18/34,0.001088524213574,0.0,OB ,SOVEREIGN,PTOTEWOE0017,,AS1769569 Govt,PT ,EUR,1.590467,A,11/11/2025
20251111,A80,Etica Rendita Bilanciata,4266,MCCORMICK & CO-NON VTG SHRS,0.00108058102291,0.0,AZ ,Consumer Staples,US5797802064,2550161,MKC UN Equity,US ,USD,1.590467,,11/11/2025
20251111,A80,Etica Rendita Bilanciata,1340,NEC CORP,0.00107712344087,0.0,AZ ,Information Technology,JP3733000008,6640400,6701 JP Equity,JP ,JPY,1.590467,,11/11/2025
20251111,A80,Etica Rendita Bilanciata,188,THE CIGNA GROUP,0.001035360364832,0.0,AZ ,Health Care,US1255231003,BHJ0775,CI US Equity,US ,USD,1.590467,,11/11/2025
20251111,A80,Etica Rendita Bilanciata,651,EXPEDITORS INTL WASH INC,0.001020487313699,0.0,AZ ,Industrials,US3021301094,2325507,EXPD US Equity,US ,USD,1.590467,,11/11/2025
20251111,A80,Etica Rendita Bilanciata,1001,PERSIMMON PLC,0.001019061606169,0.0,AZ ,Consumer Discretionary,GB0006825383,682538,PSN LN Equity,GB ,GBP,1.590467,,11/11/2025
20251111,A80,Etica Rendita Bilanciata,1457,SHIMIZU CORP,0.001014925140986,0.0,AZ ,Industrials,JP3358800005,6804400,1803 JP Equity,JP ,JPY,1.590467,,11/11/2025
20251111,A80,Etica Rendita Bilanciata,100272,AMERICAN WATER WORKS CO INC,0.001001122302397,0.0,AZ ,Utilities,US0304201033,B2R3PV1,AWK US Equity,US ,USD,1.590467,,11/11/2025
20251111,A80,Etica Rendita Bilanciata,3065,ELEVANCE HEALTH INC,0.000993179854999,0.0,AZ ,Health Care,US0367521038,BSPHGL4,ELV US Equity,US ,USD,1.590467,,11/11/2025
20251111,A80,Etica Rendita Bilanciata,276440,DELL TECHNOLOGIES -C,0.000988723301308,0.0,AZ ,Information Technology,US24703L2025,BHKD3S6,DELL US Equity,US ,USD,1.590467,,11/11/2025
20251111,A80,Etica Rendita Bilanciata,305243,NOKIA OYJ NOKIA 4 3/8 06/12/27,0.000987184516034,0.0,OB ,INDUSTRIAL,US654902AE56,,AN8615410 Corp,FI ,USD,1.590467,C,11/11/2025
20251111,A80,Etica Rendita Bilanciata,148,BECTON DICKINSON AND CO,0.000975670079983,0.0,AZ ,Health Care,US0758871091,2087807,BDX US Equity,US ,USD,1.590467,,11/11/2025
20251111,A80,Etica Rendita Bilanciata,454000,ORSTED A/S ORSTED 1 1/2 02/18/3021,0.000966810217453,0.0,OB ,UTILITY,XS2293075680,,BO0165460 Corp,DK ,EUR,1.590467,C,11/11/2025
20251111,A80,Etica Rendita Bilanciata,336777,ULTA BEAUTY INC,0.000964222864433,0.0,AZ ,Consumer Discretionary,US90384S3031,B28TS42,ULTA UW Equity,US ,USD,1.590467,,11/11/2025
20251111,A80,Etica Rendita Bilanciata,349,MASCO CORP,0.0009513594011,0.0,AZ ,Industrials,US5745991068,2570200,MAS US Equity,US ,USD,1.590467,,11/11/2025
20251111,A80,Etica Rendita Bilanciata,2658,ASSA ABLOY AB-B,0.000950854656106,0.0,AZ ,Industrials,SE0007100581,BYPC1T4,ASSAB SS Equity,SE ,SEK,1.590467,,11/11/2025
20251111,A80,Etica Rendita Bilanciata,88166,REXEL SA,0.000936455819763,0.0,AZ ,Industrials,FR0010451203,B1VP0K0,RXL FP Equity,FR ,EUR,1.590467,,11/11/2025
20251111,A80,Etica Rendita Bilanciata,366,MICRON TECHNOLOGY INC,0.000930071685256,0.0,AZ ,Information Technology,US5951121038,2588184,MU US Equity,US ,USD,1.590467,,11/11/2025
20251111,A80,Etica Rendita Bilanciata,4275,HASBRO INC,0.000921940921353,0.0,AZ ,Consumer Discretionary,US4180561072,2414580,HAS US Equity,US ,USD,1.590467,,11/11/2025
20251111,A80,Etica Rendita Bilanciata,318,INTL FLAVORS & FRAGRANCES,0.000920891261231,0.0,AZ ,Materials,US4595061015,2464165,IFF US Equity,US ,USD,1.590467,,11/11/2025
20251111,A80,Etica Rendita Bilanciata,1088,ORICA LTD,0.000917189313693,0.0,AZ ,Materials,AU000000ORI1,6458001,ORI AU Equity,AU ,AUD,1.590467,,11/11/2025
20251111,A80,Etica Rendita Bilanciata,469,SYSCO CORP,0.000914800446405,0.0,AZ ,Consumer Staples,US8718291078,2868165,SYY US Equity,US ,USD,1.590467,,11/11/2025
20251111,A80,Etica Rendita Bilanciata,44974,LEGRAND SA,0.000892451989025,0.0,AZ ,Industrials,FR0010307819,B11ZRK9,LR FP Equity,FR ,EUR,1.590467,,11/11/2025
20251111,A80,Etica Rendita Bilanciata,3371,ERG SPA,0.000881509225667,0.0,AZ ,Utilities,IT0001157020,5337093,ERG IM Equity,IT ,EUR,1.590467,,11/11/2025
20251111,A80,Etica Rendita Bilanciata,19461,DICK'S SPORTING GOODS INC,0.00088111097038,0.0,AZ ,Consumer Discretionary,US2533931026,2969637,DKS US Equity,US ,USD,1.590467,,11/11/2025
20251111,A80,Etica Rendita Bilanciata,476807,SOCIETE FONCIERE LYONNAI FLYFP 0 1/2 04/21/28,0.000859750797391,0.0,OB ,INDUSTRIAL,FR00140060E7,,BR9645093 Corp,FR ,EUR,1.590467,B,11/11/2025
20251111,A80,Etica Rendita Bilanciata,2298,TRACTOR SUPPLY COMPANY,0.000850758273192,0.0,AZ ,Consumer Discretionary,US8923561067,2900335,TSCO US Equity,US ,USD,1.590467,,11/11/2025
20251111,A80,Etica Rendita Bilanciata,18074,ESTEE LAUDER COMPANIES-CL A,0.000821684927756,0.0,AZ ,Consumer Staples,US5184391044,2320524,EL US Equity,US ,USD,1.590467,,11/11/2025
20251111,A80,Etica Rendita Bilanciata,152,BEST BUY CO INC,0.000797927959311,0.0,AZ ,Consumer Discretionary,US0865161014,2094670,BBY US Equity,US ,USD,1.590467,,11/11/2025
20251111,A80,Etica Rendita Bilanciata,31928,DIGITAL REALTY TRUST INC,0.000793169538383,0.0,AZ ,Real Estate,US2538681030,B03GQS4,DLR US Equity,US ,USD,1.590467,,11/11/2025
20251111,A80,Etica Rendita Bilanciata,242496,PAYPAL HOLDINGS INC,0.000782072603697,0.0,AZ ,Financials,US70450Y1038,BYW36M8,PYPL US Equity,US ,USD,1.590467,,11/11/2025
20251111,A80,Etica Rendita Bilanciata,34107,DAIICHI SANKYO CO LTD,0.000774296760436,0.0,AZ ,Health Care,JP3475350009,B0J7D91,4568 JP Equity,JP ,JPY,1.590467,,11/11/2025
20251111,A80,Etica Rendita Bilanciata,2985,CANADIAN NATL RAILWAY CO,0.000761839919759,0.0,AZ ,Industrials,CA1363751027,2180632,CNR CN Equity,CA ,CAD,1.590467,,11/11/2025
20251111,A80,Etica Rendita Bilanciata,1138,ASICS CORP,0.000727068541647,0.0,AZ ,Consumer Discretionary,JP3118000003,6057378,7936 JP Equity,JP ,JPY,1.590467,,11/11/2025
20251111,A80,Etica Rendita Bilanciata,23481,CBRE GROUP INC,0.000726441394302,0.0,AZ ,Real Estate,US12504L1098,B6WVMH3,CBRE US Equity,US ,USD,1.590467,,11/11/2025
20251111,A80,Etica Rendita Bilanciata,253654,FERRARI NV,0.000724960099506,0.0,AZ ,Consumer Discretionary,NL0011585146,BZ1GMK5,RACE US Equity,IT ,EUR,1.590467,,11/11/2025
20251111,A80,Etica Rendita Bilanciata,335212,LEVI STRAUSS & CO- CLASS A,0.000673853362524,0.0,AZ ,Consumer Discretionary,US52736R1023,BHRWS81,LEVI US Equity,US ,USD,1.590467,,11/11/2025
20251111,A80,Etica Rendita Bilanciata,3385,YUM! BRANDS INC,0.000660862091271,0.0,AZ ,Consumer Discretionary,US9884981013,2098876,YUM UN Equity,US ,USD,1.590467,,11/11/2025
20251111,A80,Etica Rendita Bilanciata,3837,AGILENT TECHNOLOGIES INC,0.000656482702075,0.0,AZ ,Health Care,US00846U1016,2520153,A US Equity,US ,USD,1.590467,,11/11/2025
20251111,A80,Etica Rendita Bilanciata,50381,LULULEMON ATHLETICA INC,0.000632276925013,0.0,AZ ,Consumer Discretionary,US5500211090,B23FN39,LULU US Equity,US ,USD,1.590467,,11/11/2025
20251111,A80,Etica Rendita Bilanciata,1,LG ELECTRONICS INC,0.000632268084655,0.0,AZ ,Consumer Discretionary,KR7066570003,6520739,066570 KS Equity,KR ,KRW,1.590467,,11/11/2025
20251111,A80,Etica Rendita Bilanciata,57810,VENTAS INC,0.000630993586653,0.0,AZ ,Real Estate,US92276F1003,2927925,VTR US Equity,US ,USD,1.590467,,11/11/2025
20251111,A80,Etica Rendita Bilanciata,1755,SWIRE PACIFIC LTD - CL A,0.000630830608751,0.0,AZ ,Industrials,HK0019000162,6867748,19 HK Equity,HK ,HKD,1.590467,,11/11/2025
20251111,A80,Etica Rendita Bilanciata,67156,KEURIG DR PEPPER INC,0.000620787759996,0.0,AZ ,Consumer Staples,US49271V1008,BD3W133,KDP US Equity,US ,USD,1.590467,,11/11/2025
20251111,A80,Etica Rendita Bilanciata,503621,A2A SPA AEMSPA 4 3/8 02/03/34,0.000614754796019,0.0,OB ,UTILITY,XS2583205906,,ZM7159977 Corp,IT ,EUR,1.590467,B,11/11/2025
20251111,A80,Etica Rendita Bilanciata,343334,GODADDY INC - CLASS A,0.000601258768511,0.0,AZ ,Information Technology,US3802371076,BWFRFC6,GDDY US Equity,US ,USD,1.590467,,11/11/2025
20251111,A80,Etica Rendita Bilanciata,387,NORSK HYDRO ASA,0.000600012784884,0.0,AZ ,Materials,NO0005052605,B11HK39,NHY NO Equity,NO ,NOK,1.590467,,11/11/2025
20251111,A80,Etica Rendita Bilanciata,164725,HKD,0.000595184620856,0.0,LQ ,CASH,,,HKD,HK ,HKD,1.590467,,11/11/2025
20251111,A80,Etica Rendita Bilanciata,494559,SSE PLC SSELN 2 7/8 08/01/29,0.000569287621477,0.0,OB ,UTILITY,XS2510903862,,BY0600829 Corp,GB ,EUR,1.590467,B,11/11/2025
20251111,A80,Etica Rendita Bilanciata,58909,EDWARDS LIFESCIENCES CORP,0.000568674145718,0.0,AZ ,Health Care,US28176E1082,2567116,EW US Equity,US ,USD,1.590467,,11/11/2025
20251111,A80,Etica Rendita Bilanciata,335227,NEXI SPA,0.000542334599172,0.0,AZ ,Financials,IT0005366767,BJ1F880,NEXI IM Equity,IT ,EUR,1.590467,,11/11/2025
20251111,A80,Etica Rendita Bilanciata,222506,ORORA LTD,0.000542294170022,0.0,AZ ,Materials,AU000000ORA8,BH4TCW7,ORA AU Equity,AU ,AUD,1.590467,,11/11/2025
20251111,A80,Etica Rendita Bilanciata,173,CADENCE DESIGN SYS INC,0.000541937413737,0.0,AZ ,Information Technology,US1273871087,2302232,CDNS US Equity,US ,USD,1.590467,,11/11/2025
20251111,A80,Etica Rendita Bilanciata,170146,EUR C/MARGINI,0.000522187525932,0.0,OT ,CASH,,,EUR C/MARGINI,5A ,EUR,1.590467,,11/11/2025
20251111,A80,Etica Rendita Bilanciata,235482,MERLIN PROPERTIES SOCIMI SA,0.000509520408626,0.0,AZ ,Real Estate,ES0105025003,BNGNB77,MRL SM Equity,ES ,EUR,1.590467,,11/11/2025
20251111,A80,Etica Rendita Bilanciata,1010,RELX PLC,0.000507215980829,0.0,AZ ,Industrials,GB00B2B0DG97,B2B0DG9,REL LN Equity,GB ,GBP,1.590467,,11/11/2025
20251111,A80,Etica Rendita Bilanciata,24041,TERNA-RETE ELETTRICA NAZIONA,0.000502108934492,0.0,AZ ,Utilities,IT0003242622,B01BN57,TRN IM Equity,IT ,EUR,1.590467,,11/11/2025
20251111,A80,Etica Rendita Bilanciata,18075,BE SEMICONDUCTOR INDUSTRIES,0.000494419005992,0.0,AZ ,Information Technology,NL0012866412,BG0SCK9,BESI NA Equity,NL ,EUR,1.590467,,11/11/2025
20251111,A80,Etica Rendita Bilanciata,58318,AZBIL CORP,0.000489951247007,0.0,AZ ,Information Technology,JP3937200008,6985543,6845 JP Equity,JP ,JPY,1.590467,,11/11/2025
20251111,A80,Etica Rendita Bilanciata,3466,COGNIZANT TECH SOLUTIONS-A,0.000472787619846,0.0,AZ ,Information Technology,US1924461023,2257019,CTSH US Equity,US ,USD,1.590467,,11/11/2025
20251111,A80,Etica Rendita Bilanciata,312,INGERSOLL-RAND INC,0.000469299935544,0.0,AZ ,Industrials,US45687V1061,BL5GZ82,IR UN Equity,US ,USD,1.590467,,11/11/2025
20251111,A80,Etica Rendita Bilanciata,17956,RENESAS ELECTRONICS CORP,0.000462490574214,0.0,AZ ,Information Technology,JP3164720009,6635677,6723 JP Equity,JP ,JPY,1.590467,,11/11/2025
20251111,A80,Etica Rendita Bilanciata,211955,TECHNOGYM SPA,0.000438193251591,0.0,AZ ,Consumer Discretionary,IT0005162406,BD9Y5C0,TGYM IM Equity,IT ,EUR,1.590467,,11/11/2025
20251111,A80,Etica Rendita Bilanciata,2297,AVALONBAY COMMUNITIES INC,0.000432469981664,0.0,AZ ,Real Estate,US0534841012,2131179,AVB US Equity,US ,USD,1.590467,,11/11/2025
20251111,A80,Etica Rendita Bilanciata,4106,ZIMMER BIOMET HOLDINGS INC,0.000411432566183,0.0,AZ ,Health Care,US98956P1021,2783815,ZBH US Equity,US ,USD,1.590467,,11/11/2025
20251111,A80,Etica Rendita Bilanciata,31968,PENTAIR PLC,0.00040249927801,0.0,AZ ,Industrials,IE00BLS09M33,BLS09M3,PNR UN Equity,US ,USD,1.590467,,11/11/2025
20251111,A80,Etica Rendita Bilanciata,235835,RAI WAY SPA,0.000393106133587,0.0,AZ ,Communication Services,IT0005054967,BSM8WL2,RWAY IM Equity,IT ,EUR,1.590467,,11/11/2025
20251111,A80,Etica Rendita Bilanciata,235231,ORANGE SA ORAFP 5 PERP,0.000389041562471,0.0,OB ,INDUSTRIAL,XS1115498260,,EK5085239 Corp,FR ,EUR,1.590467,B,11/11/2025
20251111,A80,Etica Rendita Bilanciata,164722,DKK,0.00038869397313,0.0,LQ ,CASH,,,DKK,DK ,DKK,1.590467,,11/11/2025
20251111,A80,Etica Rendita Bilanciata,50261,DIASORIN SPA,0.000372352882105,0.0,AZ ,Health Care,IT0003492391,B234WN9,DIA IM Equity,IT ,EUR,1.590467,,11/11/2025
20251111,A80,Etica Rendita Bilanciata,58590,SYSMEX CORP,0.000352553274328,0.0,AZ ,Health Care,JP3351100007,6883807,6869 JP Equity,JP ,JPY,1.590467,,11/11/2025
20251111,A80,Etica Rendita Bilanciata,411893,BONOS Y OBLIG DEL ESTADO SPGB 0 1/2 04/30/30,0.000324723085856,0.0,OB ,SOVEREIGN,ES0000012F76,,ZP4820285 Govt,ES ,EUR,1.590467,A,11/11/2025
20251111,A80,Etica Rendita Bilanciata,1093,LENDLEASE GROUP,0.000299757871413,0.0,AZ ,Real Estate,AU000000LLC3,6512004,LLC AU Equity,AU ,AUD,1.590467,,11/11/2025
20251111,A80,Etica Rendita Bilanciata,485685,AMGEN INC AMGN 3 02/22/29,0.000283049235489,0.0,OB ,INDUSTRIAL,US031162DD92,,BU6349577 Corp,US ,USD,1.590467,B,11/11/2025
20251111,A80,Etica Rendita Bilanciata,1024,SSE PLC,0.000256313100374,0.0,AZ ,Utilities,GB0007908733,790873,SSE LN Equity,GB ,GBP,1.590467,,11/11/2025
20251111,A80,Etica Rendita Bilanciata,677,BIOGEN INC,0.000252582694768,0.0,AZ ,Health Care,US09062X1037,2455965,BIIB US Equity,US ,USD,1.590467,,11/11/2025
20251111,A80,Etica Rendita Bilanciata,295,HERSHEY CO/THE,0.000248254027827,0.0,AZ ,Consumer Staples,US4278661081,2422806,HSY US Equity,US ,USD,1.590467,,11/11/2025
20251111,A80,Etica Rendita Bilanciata,23349,CORBION NV,0.000242790855856,0.0,AZ ,Materials,NL0010583399,BFRSRR7,CRBN NA Equity,NL ,EUR,1.590467,,11/11/2025
20251111,A80,Etica Rendita Bilanciata,172066,ALLINEAMENTO NAV,0.000241557012237,0.0,OT ,CASH,,,ALLINEAMENTO NAV,5A ,EUR,1.590467,,11/11/2025
20251111,A80,Etica Rendita Bilanciata,58681,JONES LANG LASALLE INC,0.000218139750011,0.0,AZ ,Real Estate,US48020Q1076,2040640,JLL US Equity,US ,USD,1.590467,,11/11/2025
20251111,A80,Etica Rendita Bilanciata,3672,AMPLIFON SPA,0.000211980036706,0.0,AZ ,Health Care,IT0004056880,B14NJ71,AMP IM Equity,IT ,EUR,1.590467,,11/11/2025
20251111,A80,Etica Rendita Bilanciata,247914,INFRASTRUTTURE WIRELESS ITAL,0.000182993495697,0.0,AZ ,Communication Services,IT0005090300,BZ0P4R4,INW IM Equity,IT ,EUR,1.590467,,11/11/2025
20251111,A80,Etica Rendita Bilanciata,63,HERA SPA,0.000168652667865,0.0,AZ ,Utilities,IT0001250932,7598003,HER IM Equity,IT ,EUR,1.590467,,11/11/2025
20251111,A80,Etica Rendita Bilanciata,164960,NOK,0.000160201421297,0.0,LQ ,CASH,,,NOK,NO ,NOK,1.590467,,11/11/2025
20251111,A80,Etica Rendita Bilanciata,3321,BXP INC,0.000156347138071,0.0,AZ ,Real Estate,US1011211018,2019479,BXP US Equity,US ,USD,1.590467,,11/11/2025
20251111,A80,Etica Rendita Bilanciata,48675,PRYSMIAN SPA,0.000154744544561,0.0,AZ ,Industrials,IT0004176001,B1W4V69,PRY IM Equity,IT ,EUR,1.590467,,11/11/2025
20251111,A80,Etica Rendita Bilanciata,3245,EDP SA,0.000154572838918,0.0,AZ ,Utilities,PTEDP0AM0009,4103596,EDP PL Equity,PT ,EUR,1.590467,,11/11/2025
20251111,A80,Etica Rendita Bilanciata,164726,SEK,0.000127318107038,0.0,LQ ,CASH,,,SEK,SE ,SEK,1.590467,,11/11/2025
20251111,A80,Etica Rendita Bilanciata,3476,A2A SPA,0.000112877355014,0.0,AZ ,Utilities,IT0001233417,5499131,A2A IM Equity,IT ,EUR,1.590467,,11/11/2025
20251111,A80,Etica Rendita Bilanciata,447577,STORA ENSO OYJ STERV 0 5/8 12/02/30,0.000101410769509,0.0,OB ,INDUSTRIAL,XS2265360359,,BM7557275 Corp,FI ,EUR,1.590467,B,11/11/2025
20251111,A80,Etica Rendita Bilanciata,314765,PIRELLI & C SPA,0.000050099386699,0.0,AZ ,Consumer Discretionary,IT0005278236,BZ5ZHK3,PIRC IM Equity,IT ,EUR,1.590467,,11/11/2025
20251111,A80,Etica Rendita Bilanciata,50594,BROADCOM INC,0.0,0.005724909,AZ ,Information Technology,US11135F1012,BDZ78H9,AVGO US Equity,US ,USD,1.590467,,11/11/2025
20251111,A80,Etica Rendita Bilanciata,3255,AMAZON.COM INC,0.0,0.008664132,AZ ,Consumer Discretionary,US0231351067,2000019,AMZN US Equity,US ,USD,1.590467,,11/11/2025
20251111,A80,Etica Rendita Bilanciata,553,MICROSOFT CORP,0.0,0.01307493,AZ ,Information Technology,US5949181045,2588173,MSFT US Equity,US ,USD,1.590467,,11/11/2025
20251111,A80,Etica Rendita Bilanciata,534,APPLE INC,0.0,0.014965467,AZ ,Information Technology,US0378331005,2046251,AAPL US Equity,US ,USD,1.590467,,11/11/2025
20251111,A80,Etica Rendita Bilanciata,568369,FRENCH DISCOUNT T-BILL BTF 0 01/14/26,0.0,0.0061573225,OB ,SOVEREIGN,FR0128983980,,YN8205323 Govt,FR ,EUR,1.590467,A,11/11/2025
20251111,A80,Etica Rendita Bilanciata,28663,ALPHABET INC-CL C,0.0,0.005217771,AZ ,Communication Services,US02079K1079,BYY88Y7,GOOG US Equity,US ,USD,1.590467,,11/11/2025
20251111,A80,Etica Rendita Bilanciata,227088,ALPHABET INC-CL A,0.0,0.006171792,AZ ,Communication Services,US02079K3059,BYVY8G0,GOOGL US Equity,US ,USD,1.590467,,11/11/2025
20251111,A80,Etica Rendita Bilanciata,51421,FRENCH DISCOUNT T-BILL BTF 0 12/31/25,0.0,0.0085256475,OB ,SOVEREIGN,FR0128690742,,YS3714856 Govt,FR ,EUR,1.590467,A,11/11/2025
20251111,A80,Etica Rendita Bilanciata,553272,GERMAN TREASURY BILL BUBILL 0 01/14/26,0.0,0.006201855,OB ,SOVEREIGN,DE000BU0E246,,YS4477537 Govt,DE ,EUR,1.590467,A,11/11/2025
20251111,A80,Etica Rendita Bilanciata,164736,DEBITI COMPENSO REVISIONE,-0.000005434860304,0.0,CD ,CASH,,,DEBITI COMPENSO REVISIONE,5A ,EUR,1.590467,,11/11/2025
20251111,A80,Etica Rendita Bilanciata,164733,DEBITI COMMISSIONE GESTIONE,-0.000010094753478,0.0,CD ,CASH,,,DEBITI COMMISSIONE GESTIONE,5A ,EUR,1.590467,,11/11/2025
20251111,A80,Etica Rendita Bilanciata,164730,DEBITI COMMISSIONE DEPOSITARIA,-0.000106825955795,0.0,CD ,CASH,,,DEBITI COMMISSIONE DEPOSITARIA,5A ,EUR,1.590467,,11/11/2025
20251111,A80,Etica Rendita Bilanciata,179420,DEBITI COMMISSIONE AMMINISTRAZIONE,-0.002274351324682,0.0,CD ,CASH,,,DEBITI COMMISSIONE AMMINISTRAZIONE,5A ,EUR,1.590467,,11/11/2025
20251111,A80,Etica Rendita Bilanciata,571448,Euro-BTP Future   Dec25,-0.006832413829173,0.0,FU ,SOVEREIGN,,,IKZ5 Comdty,IT ,EUR,1.590467,,11/11/2025
20251111,A80,Etica Rendita Bilanciata,571447,EURO-BOBL FUTURE  Dec25,-0.033391358901548,0.0,FU ,SOVEREIGN,,,OEZ5 Comdty,DE ,EUR,1.590467,,11/11/2025
20251111,A81,Etica Obbligazionario Breve Termine,462754,BUONI POLIENNALI DEL TES BTPS 0 1/2 07/15/28,0.097996483313901,0.0,OB ,SOVEREIGN,IT0005445306,,BP4786771 Govt,IT ,EUR,0.257008,B,11/11/2025
20251111,A81,Etica Obbligazionario Breve Termine,535701,BUNDESOBLIGATION OBL 2.1 04/12/29,0.093281910311075,0.0,OB ,SOVEREIGN,DE000BU35025,,ZB6879496 Govt,DE ,EUR,0.257008,A,11/11/2025
20251111,A81,Etica Obbligazionario Breve Termine,512182,BUONI POLIENNALI DEL TES BTPS 3.8 08/01/28,0.089641585326567,0.0,OB ,SOVEREIGN,IT0005548315,,ZK7965575 Govt,IT ,EUR,0.257008,B,11/11/2025
20251111,A81,Etica Obbligazionario Breve Termine,567423,BUONI POLIENNALI DEL TES BTPS 2.1 08/26/27,0.085607366642466,0.0,OB ,SOVEREIGN,IT0005657330,,YN6216934 Govt,IT ,EUR,0.257008,B,11/11/2025
20251111,A81,Etica Obbligazionario Breve Termine,51437,FRENCH DISCOUNT T-BILL BTF 0 02/25/26,0.084845730706031,0.0,OB ,SOVEREIGN,FR0128838507,,YR7593696 Govt,FR ,EUR,0.257008,A,11/11/2025
20251111,A81,Etica Obbligazionario Breve Termine,546717,BUNDESSCHATZANWEISUNGEN BKO 2 12/10/26,0.069722071766194,0.0,OB ,SOVEREIGN,DE000BU22072,,YU5618308 Govt,DE ,EUR,0.257008,A,11/11/2025
20251111,A81,Etica Obbligazionario Breve Termine,549395,CCTS EU CCTS 3.203 04/15/33,0.052613689968462,0.0,OB ,SOVEREIGN,IT0005620460,,YU7984120 Govt,IT ,EUR,0.257008,B,11/11/2025
20251111,A81,Etica Obbligazionario Breve Termine,5546,BUONI POLIENNALI DEL TES BTPS 2.95 02/15/27,0.052093639040674,0.0,OB ,SOVEREIGN,IT0005580045,,ZF2286036 Govt,IT ,EUR,0.257008,B,11/11/2025
20251111,A81,Etica Obbligazionario Breve Termine,503634,BONOS Y OBLIG DEL ESTADO SPGB 2.8 05/31/26,0.052047883334856,0.0,OB ,SOVEREIGN,ES0000012L29,,ZM2692899 Govt,ES ,EUR,0.257008,A,11/11/2025
20251111,A81,Etica Obbligazionario Breve Termine,555854,TREASURY CERTIFICATES BGTB 0 02/12/26,0.050955061891107,0.0,OB ,SOVEREIGN,BE0312809818,,YT9222597 Govt,BE ,EUR,0.257008,A,11/11/2025
20251111,A81,Etica Obbligazionario Breve Termine,350454,FRANCE (GOVT OF) FRTR 0 3/4 11/25/28,0.049200281964616,0.0,OB ,SOVEREIGN,FR0013341682,,AS9078385 Govt,FR ,EUR,0.257008,A,11/11/2025
20251111,A81,Etica Obbligazionario Breve Termine,128733,BUONI POLIENNALI DEL TES BTPS 2.7 10/15/27,0.044894781779643,0.0,OB ,SOVEREIGN,IT0005622128,,YT1232321 Govt,IT ,EUR,0.257008,B,11/11/2025
20251111,A81,Etica Obbligazionario Breve Termine,571126,AUSTRIAN T-BILL RATB 0 11/27/25,0.042641352945792,0.0,OB ,SOVEREIGN,AT0000A3MUA7,,YL5192205 Govt,AT ,EUR,0.257008,A,11/11/2025
20251111,A81,Etica Obbligazionario Breve Termine,237565,BUONI POLIENNALI DEL TES BTPS 0 1/4 03/15/28,0.035930046036905,0.0,OB ,SOVEREIGN,IT0005433690,,BN4718670 Govt,IT ,EUR,0.257008,B,11/11/2025
20251111,A81,Etica Obbligazionario Breve Termine,552630,BUONI POLIENNALI DEL TES BTPS 2.55 02/25/27,0.034506185609084,0.0,OB ,SOVEREIGN,IT0005633794,,YS9432586 Govt,IT ,EUR,0.257008,B,11/11/2025
20251111,A81,Etica Obbligazionario Breve Termine,574251,AUSTRIAN T-BILL RATB 0 03/26/26,0.033900056953676,0.0,OB ,SOVEREIGN,AT0000A3MUC3,,YK2495496 Govt,AT ,EUR,0.257008,A,11/11/2025
20251111,A81,Etica Obbligazionario Breve Termine,164723,EUR,0.017366522635445,0.0,LQ ,CASH,,,EUR,5A ,EUR,0.257008,,11/11/2025
20251111,A81,Etica Obbligazionario Breve Termine,242517,FRANCE (GOVT OF) FRTR 1 11/25/25,0.00430653742068,0.0,OB ,SOVEREIGN,FR0012938116,,UV7155053 Govt,FR ,EUR,0.257008,A,11/11/2025
20251111,A81,Etica Obbligazionario Breve Termine,406011,ERG SPA ERGIM 0 1/2 09/11/27,0.001974470225189,0.0,OB ,UTILITY,XS2229434852,,ZO3431582 Corp,IT ,EUR,0.257008,NR,11/11/2025
20251111,A81,Etica Obbligazionario Breve Termine,540611,BUNDESOBLIGATION OBL 2 1/2 10/11/29,0.00173182701968,0.0,OB ,SOVEREIGN,DE000BU25034,,YW3193078 Govt,DE ,EUR,0.257008,A,11/11/2025
20251111,A81,Etica Obbligazionario Breve Termine,496185,BUNDESOBLIGATION OBL 1.3 10/15/27,0.001687768245545,0.0,OB ,SOVEREIGN,DE0001030740,,BY5766682 Govt,DE ,EUR,0.257008,A,11/11/2025
20251111,A81,Etica Obbligazionario Breve Termine,443609,ORANGE SA ORAFP 1 3/4 PERP,0.001635489763338,0.0,OB ,INDUSTRIAL,FR00140005L7,,ZO8379513 Corp,FR ,EUR,0.257008,B,11/11/2025
20251111,A81,Etica Obbligazionario Breve Termine,235231,ORANGE SA ORAFP 5 PERP,0.000983954572597,0.0,OB ,INDUSTRIAL,XS1115498260,,EK5085239 Corp,FR ,EUR,0.257008,B,11/11/2025
20251111,A81,Etica Obbligazionario Breve Termine,15530,BUNDESREPUB. DEUTSCHLAND DBR 4 3/4 07/04/28,0.000927307260279,0.0,OB ,SOVEREIGN,DE0001135085,,EC0518513 Govt,DE ,EUR,0.257008,A,11/11/2025
20251111,A81,Etica Obbligazionario Breve Termine,172066,ALLINEAMENTO NAV,0.000090945460493,0.0,OT ,CASH,,,ALLINEAMENTO NAV,5A ,EUR,0.257008,,11/11/2025
20251111,A81,Etica Obbligazionario Breve Termine,164724,GBP,0.000066314944495,0.0,LQ ,CASH,,,GBP,GB ,GBP,0.257008,,11/11/2025
20251111,A81,Etica Obbligazionario Breve Termine,164955,CHF,0.000060296362366,0.0,LQ ,CASH,,,CHF,CH ,CHF,0.257008,,11/11/2025
20251111,A81,Etica Obbligazionario Breve Termine,164727,USD,0.000050081794294,0.0,LQ ,CASH,,,USD,US ,USD,0.257008,,11/11/2025
20251111,A81,Etica Obbligazionario Breve Termine,238514,FRANCE (GOVT OF) FRTR 0 1/4 11/25/26,0.0,0.015401291127564,OB ,SOVEREIGN,FR0013200813,,QZ3583536 Govt,FR ,EUR,0.257008,A,11/11/2025
20251111,A81,Etica Obbligazionario Breve Termine,491786,FRANCE (GOVT OF) FRTR 0 3/4 02/25/28,0.0,0.020774660641714,OB ,SOVEREIGN,FR001400AIN5,,BW5677461 Govt,FR ,EUR,0.257008,A,11/11/2025
20251111,A81,Etica Obbligazionario Breve Termine,556715,FRANCE (GOVT OF) FRTR 2.4 09/24/28,0.0,0.016757662210232,OB ,SOVEREIGN,FR001400XLW2,,YR5532134 Govt,FR ,EUR,0.257008,A,11/11/2025
20251111,A81,Etica Obbligazionario Breve Termine,461447,FRANCE (GOVT OF) FRTR 0 02/25/27,0.0,0.018496790967761,OB ,SOVEREIGN,FR0014003513,,BP1321176 Govt,FR ,EUR,0.257008,A,11/11/2025
20251111,A81,Etica Obbligazionario Breve Termine,195250,FRANCE (GOVT OF) FRTR 2 3/4 10/25/27,0.0,0.025940710008069,OB ,SOVEREIGN,FR0011317783,,EJ3468919 Govt,FR ,EUR,0.257008,A,11/11/2025
20251111,A81,Etica Obbligazionario Breve Termine,514985,BUNDESOBLIGATION OBL 2.4 10/19/28,0.0,0.01235691214131,OB ,SOVEREIGN,DE000BU25018,,ZK8854448 Govt,DE ,EUR,0.257008,A,11/11/2025
20251111,A81,Etica Obbligazionario Breve Termine,528469,FRANCE (GOVT OF) FRTR 2 1/2 09/24/27,0.0,0.018524043774081,OB ,SOVEREIGN,FR001400NBC6,,ZF3221552 Govt,FR ,EUR,0.257008,A,11/11/2025
20251111,A81,Etica Obbligazionario Breve Termine,314764,FRANCE (GOVT OF) FRTR 0 3/4 05/25/28,0.0,0.026904654854237,OB ,SOVEREIGN,FR0013286192,,AP3656380 Govt,FR ,EUR,0.257008,A,11/11/2025
20251111,A81,Etica Obbligazionario Breve Termine,300380,FRANCE (GOVT OF) FRTR 1 05/25/27,0.0,0.018075918228265,OB ,SOVEREIGN,FR0013250560,,AN0904697 Govt,FR ,EUR,0.257008,A,11/11/2025
20251111,A81,Etica Obbligazionario Breve Termine,212460,FRANCE (GOVT OF) FRTR 2 1/2 09/24/26,0.0,0.013454410180606,OB ,SOVEREIGN,FR001400FYQ4,,ZL0049946 Govt,FR ,EUR,0.257008,A,11/11/2025
20251111,A81,Etica Obbligazionario Breve Termine,164736,DEBITI COMPENSO REVISIONE,-0.000010983576121,0.0,CD ,CASH,,,DEBITI COMPENSO REVISIONE,5A ,EUR,0.257008,,11/11/2025
20251111,A81,Etica Obbligazionario Breve Termine,164730,DEBITI COMMISSIONE DEPOSITARIA,-0.000051977549687,0.0,CD ,CASH,,,DEBITI COMMISSIONE DEPOSITARIA,5A ,EUR,0.257008,,11/11/2025
20251111,A81,Etica Obbligazionario Breve Termine,164733,DEBITI COMMISSIONE GESTIONE,-0.000098203379355,0.0,CD ,CASH,,,DEBITI COMMISSIONE GESTIONE,5A ,EUR,0.257008,,11/11/2025
20251111,A81,Etica Obbligazionario Breve Termine,179420,DEBITI COMMISSIONE AMMINISTRAZIONE,-0.000598478790288,0.0,CD ,CASH,,,DEBITI COMMISSIONE AMMINISTRAZIONE,5A ,EUR,0.257008,,11/11/2025
20251111,A82,Etica Obbligazionario Misto,535701,BUNDESOBLIGATION OBL 2.1 04/12/29,0.065720891532968,0.0,OB ,SOVEREIGN,DE000BU35025,,ZB6879496 Govt,DE ,EUR,0.795789,A,11/11/2025
20251111,A82,Etica Obbligazionario Misto,510744,BUNDESREPUB. DEUTSCHLAND DBR 2.3 02/15/33,0.062281211452087,0.0,OB ,SOVEREIGN,DE000BU3Z005,,ZK3512736 Govt,DE ,EUR,0.795789,A,11/11/2025
20251111,A82,Etica Obbligazionario Misto,212675,BUONI POLIENNALI DEL TES BTPS 4.05 10/30/37,0.039411374642979,0.0,OB ,SOVEREIGN,IT0005596470,,YX0762808 Govt,IT ,EUR,0.795789,B,11/11/2025
20251111,A82,Etica Obbligazionario Misto,510414,REPUBLIC OF AUSTRIA RAGB 2.9 05/23/29,0.037924783147139,0.0,OB ,SOVEREIGN,AT0000A33SH3,,ZK2454146 Govt,AT ,EUR,0.795789,A,11/11/2025
20251111,A82,Etica Obbligazionario Misto,28895,FUT_EUR (Nozionale),0.037177873156446,0.0,NB ,CASH,,,FUT_EUR (Nozionale),5A ,EUR,0.795789,,11/11/2025
20251111,A82,Etica Obbligazionario Misto,292486,FRANCE (GOVT OF) FRTR 1 3/4 06/25/39,0.035320835104606,0.0,OB ,SOVEREIGN,FR0013234333,,AL9974240 Govt,FR ,EUR,0.795789,A,11/11/2025
20251111,A82,Etica Obbligazionario Misto,496185,BUNDESOBLIGATION OBL 1.3 10/15/27,0.033197764925349,0.0,OB ,SOVEREIGN,DE0001030740,,BY5766682 Govt,DE ,EUR,0.795789,A,11/11/2025
20251111,A82,Etica Obbligazionario Misto,571738,BUONI POLIENNALI DEL TES BTPS 3 1/4 11/15/32,0.032015842032268,0.0,OB ,SOVEREIGN,IT0005668220,,YL7910596 Govt,IT ,EUR,0.795789,B,11/11/2025
20251111,A82,Etica Obbligazionario Misto,578009,BUONI POLIENNALI DEL TES BTPS 3.45 02/01/36,0.031042348942728,0.0,OB ,SOVEREIGN,IT0005676504,,YJ6499398 Govt,IT ,EUR,0.795789,B,11/11/2025
20251111,A82,Etica Obbligazionario Misto,556680,FRANCE (GOVT OF) FRTR 3.2 05/25/35,0.030550443548616,0.0,OB ,SOVEREIGN,FR001400X8V5,,YR1561277 Govt,FR ,EUR,0.795789,A,11/11/2025
20251111,A82,Etica Obbligazionario Misto,509810,BUONI POLIENNALI DEL TES BTPS 4 10/30/31,0.030198028438071,0.0,OB ,SOVEREIGN,IT0005542359,,ZK0285476 Govt,IT ,EUR,0.795789,B,11/11/2025
20251111,A82,Etica Obbligazionario Misto,442342,BUNDESREPUB. DEUTSCHLAND DBR 0 08/15/30,0.02932059961204,0.0,OB ,SOVEREIGN,DE0001030708,,ZO2919926 Govt,DE ,EUR,0.795789,A,11/11/2025
20251111,A82,Etica Obbligazionario Misto,406188,BONOS Y OBLIG DEL ESTADO SPGB 1 07/30/42,0.0238140188378,0.0,OB ,SOVEREIGN,ES0000012J07,,BR3246377 Govt,ES ,EUR,0.795789,A,11/11/2025
20251111,A82,Etica Obbligazionario Misto,5650,BUONI POLIENNALI DEL TES BTPS 3.6 10/01/35,0.022592384644306,0.0,OB ,SOVEREIGN,IT0005648149,,YP9041896 Govt,IT ,EUR,0.795789,B,11/11/2025
20251111,A82,Etica Obbligazionario Misto,571126,AUSTRIAN T-BILL RATB 0 11/27/25,0.022072087607484,0.0,OB ,SOVEREIGN,AT0000A3MUA7,,YL5192205 Govt,AT ,EUR,0.795789,A,11/11/2025
20251111,A82,Etica Obbligazionario Misto,164723,EUR,0.020086388075711,0.0,LQ ,CASH,,,EUR,5A ,EUR,0.795789,,11/11/2025
20251111,A82,Etica Obbligazionario Misto,405974,BUONI POLIENNALI DEL TES BTPS 1.65 12/01/30,0.019081781385123,0.0,OB ,SOVEREIGN,IT0005413171,,BJ8379114 Govt,IT ,EUR,0.795789,B,11/11/2025
20251111,A82,Etica Obbligazionario Misto,406149,CAISSE D'AMORT DETTE SOC CADES 0 11/25/26,0.017630149390073,0.0,OB ,Quasi & Foreign Government,FR0014004016,,BP9677991 Govt,FR ,EUR,0.795789,A,11/11/2025
20251111,A82,Etica Obbligazionario Misto,51091,BONOS Y OBLIG DEL ESTADO SPGB 0.8 07/30/27,0.017343294677198,0.0,OB ,SOVEREIGN,ES0000012G26,,BH2918028 Govt,ES ,EUR,0.795789,A,11/11/2025
20251111,A82,Etica Obbligazionario Misto,344928,IRELAND GOVERNMENT BOND IRISH 1.35 03/18/31,0.016893981191387,0.0,OB ,SOVEREIGN,IE00BFZRQ242,,AU9204705 Govt,IE ,EUR,0.795789,A,11/11/2025
20251111,A82,Etica Obbligazionario Misto,239153,BUNDESREPUB. DEUTSCHLAND DBR 0 08/15/31,0.01551153645382,0.0,OB ,SOVEREIGN,DE0001030732,,BR2433760 Govt,DE ,EUR,0.795789,A,11/11/2025
20251111,A82,Etica Obbligazionario Misto,128479,BELGIUM KINGDOM BGB 3.3 06/22/54,0.015504615742744,0.0,OB ,SOVEREIGN,BE0000358672,,ZL0747895 Govt,BE ,EUR,0.795789,A,11/11/2025
20251111,A82,Etica Obbligazionario Misto,185030,NETHERLANDS GOVERNMENT NETHER 0 1/2 01/15/40,0.013782905738695,0.0,OB ,SOVEREIGN,NL0013552060,,ZS0947771 Govt,NL ,EUR,0.795789,A,11/11/2025
20251111,A82,Etica Obbligazionario Misto,406148,AGENCE FRANCAISE DEVELOP AGFRNC 0.01 11/25/28,0.01308250780043,0.0,OB ,Quasi & Foreign Government,FR0014003YN1,,BP9619894 Govt,FR ,EUR,0.795789,A,11/11/2025
20251111,A82,Etica Obbligazionario Misto,238905,BONOS Y OBLIG DEL ESTADO SPGB 1.85 07/30/35,0.011931600443608,0.0,OB ,SOVEREIGN,ES0000012E69,,AX4147556 Govt,ES ,EUR,0.795789,A,11/11/2025
20251111,A82,Etica Obbligazionario Misto,237713,BUONI POLIENNALI DEL TES BTPS 4 04/30/35,0.010498781797027,0.0,OB ,SOVEREIGN,IT0005508590,,BY8794178 Govt,IT ,EUR,0.795789,B,11/11/2025
20251111,A82,Etica Obbligazionario Misto,462761,BUNDESREPUB. DEUTSCHLAND DBR 0 08/15/50,0.010254456216498,0.0,OB ,SOVEREIGN,DE0001030724,,BP4742659 Govt,DE ,EUR,0.795789,A,11/11/2025
20251111,A82,Etica Obbligazionario Misto,504096,NEDER WATERSCHAPSBANK NEDWBK 2 3/4 12/17/29,0.009158200475114,0.0,OB ,Quasi & Foreign Government,XS2579321337,,ZM4811604 Govt,NL ,EUR,0.795789,A,11/11/2025
20251111,A82,Etica Obbligazionario Misto,3458,NVIDIA CORP,0.008265133412109,0.00571899,AZ ,Information Technology,US67066G1040,2379504,NVDA US Equity,US ,USD,0.795789,,11/11/2025
20251111,A82,Etica Obbligazionario Misto,481243,CAISSE D'AMORT DETTE SOC CADES 0.45 01/19/32,0.008186447211667,0.0,OB ,Quasi & Foreign Government,FR0014007RB1,,BT4620824 Govt,FR ,EUR,0.795789,A,11/11/2025
20251111,A82,Etica Obbligazionario Misto,504092,EDP SA EDPPL 5.943 04/23/2083,0.007700988559127,0.0,OB ,UTILITY,PTEDP4OM0025,,ZM4793893 Corp,PT ,EUR,0.795789,C,11/11/2025
20251111,A82,Etica Obbligazionario Misto,498660,KONINKLIJKE KPN NV KPN 6 PERP,0.007330371611249,0.0,OB ,INDUSTRIAL,XS2486270858,,BZ0016577 Corp,NL ,EUR,0.795789,C,11/11/2025
20251111,A82,Etica Obbligazionario Misto,335490,LANDWIRTSCH. RENTENBANK RENTEN 0 06/30/31,0.006883018997111,0.0,OB ,Quasi & Foreign Government,XS2359292955,,BQ1979823 Corp,DE ,EUR,0.795789,A,11/11/2025
20251111,A82,Etica Obbligazionario Misto,335524,AGENCE FRANCAISE DEVELOP AGFRNC 0 1/8 09/29/31,0.006678553461992,0.0,OB ,Quasi & Foreign Government,FR0014005NA6,,BR5562094 Govt,FR ,EUR,0.795789,A,11/11/2025
20251111,A82,Etica Obbligazionario Misto,454914,BUONI POLIENNALI DEL TES BTPS 1 1/2 04/30/45,0.006505085491804,0.0,OB ,SOVEREIGN,IT0005438004,,BO3833387 Govt,IT ,EUR,0.795789,B,11/11/2025
20251111,A82,Etica Obbligazionario Misto,427990,BONOS Y OBLIG DEL ESTADO SPGB 1 1/4 10/31/30,0.005822743270007,0.0,OB ,SOVEREIGN,ES0000012G34,,BJ0516218 Govt,ES ,EUR,0.795789,A,11/11/2025
20251111,A82,Etica Obbligazionario Misto,433678,BONOS Y OBLIG DEL ESTADO SPGB 1.2 10/31/40,0.005787496669726,0.0,OB ,SOVEREIGN,ES0000012G42,,BJ9478998 Govt,ES ,EUR,0.795789,A,11/11/2025
20251111,A82,Etica Obbligazionario Misto,459171,EUROPEAN UNION EU 0.2 06/04/36,0.005742066775805,0.0,OB ,Quasi & Foreign Government,EU000A3KM903,,BO4675365 Govt,SNA,EUR,0.795789,A,11/11/2025
20251111,A82,Etica Obbligazionario Misto,335696,BELGIUM KINGDOM BGB 2 3/4 04/22/39,0.005692787942742,0.0,OB ,SOVEREIGN,BE0000356650,,BZ0281957 Govt,BE ,EUR,0.795789,A,11/11/2025
20251111,A82,Etica Obbligazionario Misto,335439,FRANCE (GOVT OF) FRTR 0 1/2 06/25/44,0.005512375078818,0.0,OB ,SOVEREIGN,FR0014002JM6,,BO6060129 Govt,FR ,EUR,0.795789,A,11/11/2025
20251111,A82,Etica Obbligazionario Misto,212348,EDP SA EDPPL 1 1/2 03/14/2082,0.005500909635997,0.0,OB ,UTILITY,PTEDPXOM0021,,BR3181418 Corp,PT ,EUR,0.795789,C,11/11/2025
20251111,A82,Etica Obbligazionario Misto,237094,BONOS Y OBLIG DEL ESTADO SPGB 3.45 07/30/66,0.005479011978073,0.0,OB ,SOVEREIGN,ES00000128E2,,LW0882867 Govt,ES ,EUR,0.795789,A,11/11/2025
20251111,A82,Etica Obbligazionario Misto,510999,COUNCIL OF EUROPE COE 2 7/8 04/13/30,0.00546375386033,0.0,OB ,Quasi & Foreign Government,XS2610236528,,ZK0252484 Corp,SNA,EUR,0.795789,A,11/11/2025
20251111,A82,Etica Obbligazionario Misto,335644,CAISSE D'AMORT DETTE SOC CADES 1 1/2 05/25/32,0.005283240236802,0.0,OB ,Quasi & Foreign Government,FR001400A3H2,,BW1169877 Govt,FR ,EUR,0.795789,A,11/11/2025
20251111,A82,Etica Obbligazionario Misto,492477,BONOS Y OBLIG DEL ESTADO SPGB 2.55 10/31/32,0.005223340224619,0.0,OB ,SOVEREIGN,ES0000012K61,,BX0275376 Govt,ES ,EUR,0.795789,A,11/11/2025
20251111,A82,Etica Obbligazionario Misto,49992,BONOS Y OBLIG DEL ESTADO SPGB 4.9 07/30/40,0.005156161788859,0.0,OB ,SOVEREIGN,ES00000120N0,,EG5611157 Govt,ES ,EUR,0.795789,A,11/11/2025
20251111,A82,Etica Obbligazionario Misto,492162,KOMMUNEKREDIT KOMMUN 1 1/2 05/16/29,0.005096132911468,0.0,OB ,Quasi & Foreign Government,XS2489343793,,BW8977538 Govt,DK ,EUR,0.795789,A,11/11/2025
20251111,A82,Etica Obbligazionario Misto,411899,Etica Sustainable Global Equity - Class S,0.00471094203749,0.0,FO ,No Sector,LU2052491334,,MUSGESE LX Equity,DEV,MUL,0.795789,,11/11/2025
20251111,A82,Etica Obbligazionario Misto,406118,CAISSE FRANCAISE DE FIN CAFFIL 0.01 04/27/29,0.004450451502777,0.0,OB ,Covered,FR00140033E4,,BP1529455 Govt,FR ,EUR,0.795789,A,11/11/2025
20251111,A82,Etica Obbligazionario Misto,567423,BUONI POLIENNALI DEL TES BTPS 2.1 08/26/27,0.004431222666725,0.0,OB ,SOVEREIGN,IT0005657330,,YN6216934 Govt,IT ,EUR,0.795789,B,11/11/2025
20251111,A82,Etica Obbligazionario Misto,414446,TELEFONICA EUROPE BV TELEFO 2.502 PERP,0.004406748826744,0.0,OB ,INDUSTRIAL,XS2109819859,,ZP7077248 Corp,ES ,EUR,0.795789,C,11/11/2025
20251111,A82,Etica Obbligazionario Misto,405921,Etica Sustainable Dynamic Allocation - Class S,0.004063589683973,0.0,FO ,No Sector,LU2052490872,,MUSDASE LX Equity,DEV,MUL,0.795789,,11/11/2025
20251111,A82,Etica Obbligazionario Misto,336003,TELEFONICA EUROPE BV TELEFO 5.7522 PERP,0.003861290586369,0.0,OB ,INDUSTRIAL,XS2755535577,,ZD4852251 Corp,ES ,EUR,0.795789,C,11/11/2025
20251111,A82,Etica Obbligazionario Misto,237464,INFINEON TECHNOLOGIES AG IFXGR 3 5/8 PERP,0.003634225318709,0.0,OB ,INDUSTRIAL,XS2056730679,,ZR7968624 Corp,DE ,EUR,0.795789,B,11/11/2025
20251111,A82,Etica Obbligazionario Misto,534121,TERNA RETE ELETTRICA TRNIM 4 3/4 PERP,0.003568960502574,0.0,OB ,UTILITY,XS2798269069,,ZB2049300 Corp,IT ,EUR,0.795789,B,11/11/2025
20251111,A82,Etica Obbligazionario Misto,239132,REPUBLIKA SLOVENIJA SLOREP 0 1/8 07/01/31,0.003405695626296,0.0,OB ,SOVEREIGN,SI0002104196,,BQ1964585 Govt,SI ,EUR,0.795789,A,11/11/2025
20251111,A82,Etica Obbligazionario Misto,389755,Etica Sustainable Conservative Allocation - Class S,0.003269576645652,0.0,FO ,No Sector,LU2052490286,,MUSCASS LX Equity,5A ,EUR,0.795789,,11/11/2025
20251111,A82,Etica Obbligazionario Misto,128682,BUONI POLIENNALI DEL TES BTPS 3.85 02/01/35,0.003216043210895,0.0,OB ,SOVEREIGN,IT0005607970,,YW6730231 Govt,IT ,EUR,0.795789,B,11/11/2025
20251111,A82,Etica Obbligazionario Misto,65876,VISA INC-CLASS A SHARES,0.003152297378489,0.0,AZ ,Financials,US92826C8394,B2PZN04,V US Equity,US ,USD,0.795789,,11/11/2025
20251111,A82,Etica Obbligazionario Misto,405993,SSE PLC SSELN 3 1/8 PERP,0.003119173215133,0.0,OB ,UTILITY,XS2195190520,,BK2936866 Corp,GB ,EUR,0.795789,B,11/11/2025
20251111,A82,Etica Obbligazionario Misto,432910,SSE PLC SSELN 3.74 PERP,0.003064376221009,0.0,OB ,UTILITY,XS2195190876,,BK2909863 Corp,GB ,GBP,0.795789,B,11/11/2025
20251111,A82,Etica Obbligazionario Misto,45465,MASTERCARD INC - A,0.002978857072131,0.0,AZ ,Financials,US57636Q1040,B121557,MA US Equity,US ,USD,0.795789,,11/11/2025
20251111,A82,Etica Obbligazionario Misto,504076,TELEFONICA EUROPE BV TELEFO 6.135 PERP,0.002917960101798,0.0,OB ,INDUSTRIAL,XS2582389156,,ZM6546588 Corp,ES ,EUR,0.795789,C,11/11/2025
20251111,A82,Etica Obbligazionario Misto,335766,NOKIA OYJ NOKIA 4 3/8 08/21/31,0.00280540600418,0.0,OB ,INDUSTRIAL,XS2488809612,,ZM9740188 Corp,FI ,EUR,0.795789,C,11/11/2025
20251111,A82,Etica Obbligazionario Misto,51209,TELEFONICA EUROPE BV TELEFO 7 1/8 PERP,0.002565657996807,0.0,OB ,INDUSTRIAL,XS2462605671,,ZN3747385 Corp,ES ,EUR,0.795789,C,11/11/2025
20251111,A82,Etica Obbligazionario Misto,554,ORACLE CORP,0.00250483672871,0.0,AZ ,Information Technology,US68389X1054,2661568,ORCL US Equity,US ,USD,0.795789,,11/11/2025
20251111,A82,Etica Obbligazionario Misto,335356,TAKEDA PHARMACEUTICAL TACHEM 1 07/09/29,0.002485224486636,0.0,OB ,INDUSTRIAL,XS2197348597,,BK2909210 Corp,JP ,EUR,0.795789,B,11/11/2025
20251111,A82,Etica Obbligazionario Misto,500911,ORSTED A/S ORSTED 5 1/4 12/08/3022,0.002363610656856,0.0,OB ,UTILITY,XS2563353361,,ZN6806667 Corp,DK ,EUR,0.795789,C,11/11/2025
20251111,A82,Etica Obbligazionario Misto,406189,ERG SPA ERGIM 0 7/8 09/15/31,0.002333824742958,0.0,OB ,UTILITY,XS2386650274,,BR3380614 Corp,IT ,EUR,0.795789,NR,11/11/2025
20251111,A82,Etica Obbligazionario Misto,164727,USD,0.002296749440676,0.0,LQ ,CASH,,,USD,US ,USD,0.795789,,11/11/2025
20251111,A82,Etica Obbligazionario Misto,496325,INTEL CORP INTC 4.15 08/05/32,0.002228005352278,0.0,OB ,INDUSTRIAL,US458140CA64,,BY2217838 Corp,US ,USD,0.795789,B,11/11/2025
20251111,A82,Etica Obbligazionario Misto,239100,FORVIA SE EOFP 2 3/8 06/15/29,0.002152234394733,0.0,OB ,INDUSTRIAL,XS2312733871,,BO6324905 Corp,FR ,EUR,0.795789,C,11/11/2025
20251111,A82,Etica Obbligazionario Misto,443609,ORANGE SA ORAFP 1 3/4 PERP,0.002116412287823,0.0,OB ,INDUSTRIAL,FR00140005L7,,ZO8379513 Corp,FR ,EUR,0.795789,B,11/11/2025
20251111,A82,Etica Obbligazionario Misto,406011,ERG SPA ERGIM 0 1/2 09/11/27,0.002044057084405,0.0,OB ,UTILITY,XS2229434852,,ZO3431582 Corp,IT ,EUR,0.795789,NR,11/11/2025
20251111,A82,Etica Obbligazionario Misto,405955,NOKIA OYJ NOKIA 3 1/8 05/15/28,0.001810511482748,0.0,OB ,INDUSTRIAL,XS2171872570,,BJ3268486 Corp,FI ,EUR,0.795789,C,11/11/2025
20251111,A82,Etica Obbligazionario Misto,239013,KLEPIERRE SA LIFP 2 05/12/29,0.0017334069448,0.0,OB ,INDUSTRIAL,FR0013512233,,BJ2958731 Corp,FR ,EUR,0.795789,A,11/11/2025
20251111,A82,Etica Obbligazionario Misto,237336,OBRIGACOES DO TESOURO PGB 2 1/4 04/18/34,0.001708036588198,0.0,OB ,SOVEREIGN,PTOTEWOE0017,,AS1769569 Govt,PT ,EUR,0.795789,A,11/11/2025
20251111,A82,Etica Obbligazionario Misto,201018,ABBVIE INC,0.001524021974844,0.0,AZ ,Health Care,US00287Y1091,B92SR70,ABBV US Equity,US ,USD,0.795789,,11/11/2025
20251111,A82,Etica Obbligazionario Misto,454000,ORSTED A/S ORSTED 1 1/2 02/18/3021,0.001517051422929,0.0,OB ,UTILITY,XS2293075680,,BO0165460 Corp,DK ,EUR,0.795789,C,11/11/2025
20251111,A82,Etica Obbligazionario Misto,335600,BONOS Y OBLIG DEL ESTADO SPGB 1.9 10/31/52,0.001476300948529,0.0,OB ,SOVEREIGN,ES0000012K46,,BU3617661 Govt,ES ,EUR,0.795789,A,11/11/2025
20251111,A82,Etica Obbligazionario Misto,335546,FORVIA SE EOFP 2 3/4 02/15/27,0.001471979321026,0.0,OB ,INDUSTRIAL,XS2405483301,,BS2687603 Corp,FR ,EUR,0.795789,C,11/11/2025
20251111,A82,Etica Obbligazionario Misto,300,HOME DEPOT INC,0.001457964794508,0.0,AZ ,Consumer Discretionary,US4370761029,2434209,HD US Equity,US ,USD,0.795789,,11/11/2025
20251111,A82,Etica Obbligazionario Misto,237571,OBRIGACOES DO TESOURO PGB 1 04/12/52,0.0014543937218,0.0,OB ,SOVEREIGN,PTOTECOE0037,,BN8909473 Govt,PT ,EUR,0.795789,A,11/11/2025
20251111,A82,Etica Obbligazionario Misto,212828,PRYSMIAN SPA PRYIM 3 7/8 11/28/31,0.001412333354871,0.0,OB ,INDUSTRIAL,XS2948434266,,YT3439742 Corp,IT ,EUR,0.795789,B,11/11/2025
20251111,A82,Etica Obbligazionario Misto,577,APPLIED MATERIALS INC,0.001371387360541,0.0,AZ ,Information Technology,US0382221051,2046552,AMAT US Equity,US ,USD,0.795789,,11/11/2025
20251111,A82,Etica Obbligazionario Misto,427,PROCTER & GAMBLE CO/THE,0.001341506385912,0.0,AZ ,Consumer Staples,US7427181091,2704407,PG US Equity,US ,USD,0.795789,,11/11/2025
20251111,A82,Etica Obbligazionario Misto,407318,ORSTED A/S ORSTED 1 3/4 12/09/3019,0.001289876940128,0.0,OB ,UTILITY,XS2010036874,,ZQ8044799 Corp,DK ,EUR,0.795789,C,11/11/2025
20251111,A82,Etica Obbligazionario Misto,2839,ASML HOLDING NV,0.001267892456122,0.0,AZ ,Information Technology,NL0010273215,B929F46,ASML NA Equity,NL ,EUR,0.795789,,11/11/2025
20251111,A82,Etica Obbligazionario Misto,212398,TELIA COMPANY AB TELIAS 2 3/4 06/30/2083,0.001246546024979,0.0,OB ,INDUSTRIAL,XS2443749648,,BV4439170 Corp,SE ,EUR,0.795789,B,11/11/2025
20251111,A82,Etica Obbligazionario Misto,222389,MONCLER SPA,0.00124034613737,0.0,AZ ,Consumer Discretionary,IT0004965148,BGLP232,MONC IM Equity,IT ,EUR,0.795789,,11/11/2025
20251111,A82,Etica Obbligazionario Misto,212462,ORSTED A/S ORSTED 3 3/4 03/01/30,0.001200674932281,0.0,OB ,UTILITY,XS2591029876,,ZL2347488 Corp,DK ,EUR,0.795789,B,11/11/2025
20251111,A82,Etica Obbligazionario Misto,480,TEXAS INSTRUMENTS INC,0.001192949964473,0.0,AZ ,Information Technology,US8825081040,2885409,TXN US Equity,US ,USD,0.795789,,11/11/2025
20251111,A82,Etica Obbligazionario Misto,705,LAM RESEARCH CORP,0.001140085427178,0.0,AZ ,Information Technology,US5128073062,BSML4N7,LRCX US Equity,US ,USD,0.795789,,11/11/2025
20251111,A82,Etica Obbligazionario Misto,23568,SALESFORCE INC,0.001125963620485,0.0,AZ ,Information Technology,US79466L3024,2310525,CRM US Equity,US ,USD,0.795789,,11/11/2025
20251111,A82,Etica Obbligazionario Misto,536433,EDP SA EDPPL 4 3/4 05/29/54,0.001122177218741,0.0,OB ,UTILITY,PTEDPZOM0011,,YX2446822 Corp,PT ,EUR,0.795789,C,11/11/2025
20251111,A82,Etica Obbligazionario Misto,221482,SERVICENOW INC,0.001108267021355,0.0,AZ ,Information Technology,US81762P1021,B80NXX8,NOW US Equity,US ,USD,0.795789,,11/11/2025
20251111,A82,Etica Obbligazionario Misto,363,MERCK & CO. INC.,0.001103716979497,0.0,AZ ,Health Care,US58933Y1055,2778844,MRK US Equity,US ,USD,0.795789,,11/11/2025
20251111,A82,Etica Obbligazionario Misto,1706,TELECOM ITALIA SPA,0.001089009019444,0.0,AZ ,Communication Services,IT0003497168,7634394,TIT IM Equity,IT ,EUR,0.795789,,11/11/2025
20251111,A82,Etica Obbligazionario Misto,476847,MICRON TECHNOLOGY INC MU 2.703 04/15/32,0.001085920195068,0.0,OB ,INDUSTRIAL,US595112BS19,,BS0168275 Corp,US ,USD,0.795789,B,11/11/2025
20251111,A82,Etica Obbligazionario Misto,360,MEDTRONIC PLC,0.001079288059004,0.0,AZ ,Health Care,IE00BTN1Y115,BTN1Y11,MDT US Equity,US ,USD,0.795789,,11/11/2025
20251111,A82,Etica Obbligazionario Misto,214,DANAHER CORP,0.001074479032095,0.0,AZ ,Health Care,US2358511028,2250870,DHR US Equity,US ,USD,0.795789,,11/11/2025
20251111,A82,Etica Obbligazionario Misto,756,QUALCOMM INC,0.001061957407024,0.0,AZ ,Information Technology,US7475251036,2714923,QCOM US Equity,US ,USD,0.795789,,11/11/2025
20251111,A82,Etica Obbligazionario Misto,423,NEW LINDE PLC,0.001050014540033,0.0,AZ ,Materials,IE000S9YS762,BNZHB81,LIN US Equity,US ,USD,0.795789,,11/11/2025
20251111,A82,Etica Obbligazionario Misto,2703,LONZA GROUP AG-REG,0.001013075021125,0.0,AZ ,Health Care,CH0013841017,7333378,LONN SW Equity,CH ,CHF,0.795789,,11/11/2025
20251111,A82,Etica Obbligazionario Misto,216,DEERE & CO,0.000979615808228,0.0,AZ ,Industrials,US2441991054,2261203,DE US Equity,US ,USD,0.795789,,11/11/2025
20251111,A82,Etica Obbligazionario Misto,170146,EUR C/MARGINI,0.00096996245674,0.0,OT ,CASH,,,EUR C/MARGINI,5A ,EUR,0.795789,,11/11/2025
20251111,A82,Etica Obbligazionario Misto,451544,EDP SA EDPPL 1 7/8 08/02/2081,0.000968361462256,0.0,OB ,UTILITY,PTEDPROM0029,,BN7191719 Corp,PT ,EUR,0.795789,C,11/11/2025
20251111,A82,Etica Obbligazionario Misto,542,CISCO SYSTEMS INC,0.000952954449313,0.0,AZ ,Information Technology,US17275R1023,2198163,CSCO US Equity,US ,USD,0.795789,,11/11/2025
20251111,A82,Etica Obbligazionario Misto,5574,ERG SPA ERGIM 4 1/8 07/03/30,0.000935229011236,0.0,OB ,UTILITY,XS2853679053,,YX9810210 Corp,IT ,EUR,0.795789,NR,11/11/2025
20251111,A82,Etica Obbligazionario Misto,128611,BRITISH TELECOMMUNICATIO BRITEL 5 1/8 10/03/54,0.000925864517496,0.0,OB ,INDUSTRIAL,XS2794589403,,ZB0014470 Corp,GB ,EUR,0.795789,C,11/11/2025
20251111,A82,Etica Obbligazionario Misto,1821,INTUIT INC,0.000898890851519,0.0,AZ ,Information Technology,US4612021034,2459020,INTU US Equity,US ,USD,0.795789,,11/11/2025
20251111,A82,Etica Obbligazionario Misto,51536,RENAULT SA RENAUL 3 7/8 09/30/30,0.000888298670383,0.0,OB ,INDUSTRIAL,FR0014010DR1,,YK3273678 Corp,FR ,EUR,0.795789,C,11/11/2025
20251111,A82,Etica Obbligazionario Misto,358,S&P GLOBAL INC,0.000884768382166,0.0,AZ ,Financials,US78409V1044,BYV2325,SPGI US Equity,US ,USD,0.795789,,11/11/2025
20251111,A82,Etica Obbligazionario Misto,397638,PROSUS NV,0.000855003381806,0.0,AZ ,Consumer Discretionary,NL0013654783,BJDS7L3,PRX NA Equity,NL ,EUR,0.795789,,11/11/2025
20251111,A82,Etica Obbligazionario Misto,476807,SOCIETE FONCIERE LYONNAI FLYFP 0 1/2 04/21/28,0.000843163262398,0.0,OB ,INDUSTRIAL,FR00140060E7,,BR9645093 Corp,FR ,EUR,0.795789,B,11/11/2025
20251111,A82,Etica Obbligazionario Misto,4289,CRH PLC,0.000839001547915,0.0,SE ,Materials,IE0001827041,182704,CRH LN Equity,US ,USD,0.795789,,11/11/2025
20251111,A82,Etica Obbligazionario Misto,30976,NABTESCO CORP,0.000831379522071,0.0,AZ ,Industrials,JP3651210001,6687571,6268 JP Equity,JP ,JPY,0.795789,,11/11/2025
20251111,A82,Etica Obbligazionario Misto,2706,TRANE TECHNOLOGIES PLC,0.000826292496197,0.0,AZ ,Industrials,IE00BK9ZQ967,BK9ZQ96,TT US Equity,US ,USD,0.795789,,11/11/2025
20251111,A82,Etica Obbligazionario Misto,100,ABBOTT LABORATORIES,0.000814966954075,0.0,AZ ,Health Care,US0028241000,2002305,ABT US Equity,US ,USD,0.795789,,11/11/2025
20251111,A82,Etica Obbligazionario Misto,549,INTEL CORP,0.000800467166333,0.0,AZ ,Information Technology,US4581401001,2463247,INTC US Equity,US ,USD,0.795789,,11/11/2025
20251111,A82,Etica Obbligazionario Misto,533,AMGEN INC,0.00077544140157,0.0,AZ ,Health Care,US0311621009,2023607,AMGN US Equity,US ,USD,0.795789,,11/11/2025
20251111,A82,Etica Obbligazionario Misto,295,HERSHEY CO/THE,0.000744869343638,0.0,AZ ,Consumer Staples,US4278661081,2422806,HSY US Equity,US ,USD,0.795789,,11/11/2025
20251111,A82,Etica Obbligazionario Misto,497,UNION PACIFIC CORP,0.000727786632382,0.0,AZ ,Industrials,US9078181081,2914734,UNP US Equity,US ,USD,0.795789,,11/11/2025
20251111,A82,Etica Obbligazionario Misto,1285,KUBOTA CORP,0.000721740561325,0.0,AZ ,Industrials,JP3266400005,6497509,6326 JT Equity,JP ,JPY,0.795789,,11/11/2025
20251111,A82,Etica Obbligazionario Misto,164953,AUD,0.000719484426195,0.0,LQ ,CASH,,,AUD,AU ,AUD,0.795789,,11/11/2025
20251111,A82,Etica Obbligazionario Misto,53583,LOGITECH INTERNATIONAL,0.000718208355812,0.0,SE ,Information Technology,CH0025751329,B1921K0,LOGI US Equity,CH ,CHF,0.795789,,11/11/2025
20251111,A82,Etica Obbligazionario Misto,191474,PALO ALTO NETWORKS INC,0.000710637266404,0.0,AZ ,Information Technology,US6974351057,B87ZMX0,PANW US Equity,US ,USD,0.795789,,11/11/2025
20251111,A82,Etica Obbligazionario Misto,1288,KURITA WATER INDUSTRIES LTD,0.000709523335578,0.0,AZ ,Industrials,JP3270000007,6497963,6370 JP Equity,JP ,JPY,0.795789,,11/11/2025
20251111,A82,Etica Obbligazionario Misto,164959,JPY,0.000696049592326,0.0,LQ ,CASH,,,JPY,JP ,JPY,0.795789,,11/11/2025
20251111,A82,Etica Obbligazionario Misto,235231,ORANGE SA ORAFP 5 PERP,0.000694439974431,0.0,OB ,INDUSTRIAL,XS1115498260,,EK5085239 Corp,FR ,EUR,0.795789,B,11/11/2025
20251111,A82,Etica Obbligazionario Misto,149,VERIZON COMMUNICATIONS INC,0.000689467049708,0.0,AZ ,Communication Services,US92343V1044,2090571,VZ US Equity,US ,USD,0.795789,,11/11/2025
20251111,A82,Etica Obbligazionario Misto,18091,PROLOGIS INC,0.000689099247111,0.0,AZ ,Real Estate,US74340W1036,B44WZD7,PLD UN Equity,US ,USD,0.795789,,11/11/2025
20251111,A82,Etica Obbligazionario Misto,783,SYNOPSYS INC,0.000689054460156,0.0,AZ ,Information Technology,US8716071076,2867719,SNPS US Equity,US ,USD,0.795789,,11/11/2025
20251111,A82,Etica Obbligazionario Misto,3092,MTR CORP,0.00068631733133,0.0,AZ ,Industrials,HK0066009694,6290054,66 HK Equity,HK ,HKD,0.795789,,11/11/2025
20251111,A82,Etica Obbligazionario Misto,503621,A2A SPA AEMSPA 4 3/8 02/03/34,0.000675241364493,0.0,OB ,UTILITY,XS2583205906,,ZM7159977 Corp,IT ,EUR,0.795789,B,11/11/2025
20251111,A82,Etica Obbligazionario Misto,486,TJX COMPANIES INC,0.000673870940216,0.0,AZ ,Consumer Discretionary,US8725401090,2989301,TJX US Equity,US ,USD,0.795789,,11/11/2025
20251111,A82,Etica Obbligazionario Misto,1258,KAO CORP,0.000673660046582,0.0,AZ ,Consumer Staples,JP3205800000,6483809,4452 JP Equity,JP ,JPY,0.795789,,11/11/2025
20251111,A82,Etica Obbligazionario Misto,559,STRYKER CORP,0.000672010536578,0.0,AZ ,Health Care,US8636671013,2853688,SYK UN Equity,US ,USD,0.795789,,11/11/2025
20251111,A82,Etica Obbligazionario Misto,494559,SSE PLC SSELN 2 7/8 08/01/29,0.000669964941663,0.0,OB ,UTILITY,XS2510903862,,BY0600829 Corp,GB ,EUR,0.795789,B,11/11/2025
20251111,A82,Etica Obbligazionario Misto,1734,NOKIA OYJ,0.00066644342706,0.0,AZ ,Information Technology,FI0009000681,5902941,NOKIA FH Equity,FI ,EUR,0.795789,,11/11/2025
20251111,A82,Etica Obbligazionario Misto,133,AUTOMATIC DATA PROCESSING,0.000665981685834,0.0,AZ ,Industrials,US0530151036,2065308,ADP US Equity,US ,USD,0.795789,,11/11/2025
20251111,A82,Etica Obbligazionario Misto,348394,KNORR-BREMSE AG,0.00066244006172,0.0,AZ ,Industrials,DE000KBX1006,BD2P9X9,KBX GR Equity,DE ,EUR,0.795789,,11/11/2025
20251111,A82,Etica Obbligazionario Misto,236196,IMCD NV,0.000648852941824,0.0,AZ ,Industrials,NL0010801007,BNCBD46,IMCD NA Equity,NL ,EUR,0.795789,,11/11/2025
20251111,A82,Etica Obbligazionario Misto,49402,SARTORIUS STEDIM BIOTECH,0.000645628740504,0.0,AZ ,Health Care,FR0013154002,BYZ2QP5,DIM FP Equity,FR ,EUR,0.795789,,11/11/2025
20251111,A82,Etica Obbligazionario Misto,520,WESTERN DIGITAL CORP,0.000644891332876,0.0,AZ ,Information Technology,US9581021055,2954699,WDC US Equity,US ,USD,0.795789,,11/11/2025
20251111,A82,Etica Obbligazionario Misto,1619,LOREAL SA,0.000644819235509,0.0,AZ ,Consumer Staples,FR0000120321,4057808,OR FP Equity,FR ,EUR,0.795789,,11/11/2025
20251111,A82,Etica Obbligazionario Misto,233530,ZALANDO SE,0.00063441004562,0.0,AZ ,Consumer Discretionary,DE000ZAL1111,BQV0SV7,ZAL GR Equity,DE ,EUR,0.795789,,11/11/2025
20251111,A82,Etica Obbligazionario Misto,125,ANALOG DEVICES INC,0.000632948660265,0.0,AZ ,Information Technology,US0326541051,2032067,ADI US Equity,US ,USD,0.795789,,11/11/2025
20251111,A82,Etica Obbligazionario Misto,164954,CAD,0.00062302128577,0.0,LQ ,CASH,,,CAD,CA ,CAD,0.795789,,11/11/2025
20251111,A82,Etica Obbligazionario Misto,2088,SAP SE,0.00061233340775,0.0,AZ ,Information Technology,DE0007164600,4846288,SAP GY Equity,DE ,EUR,0.795789,,11/11/2025
20251111,A82,Etica Obbligazionario Misto,3760,ABB LTD,0.000607520775972,0.0,AZ ,Industrials,CH0012221716,7108899,ABBN SW Equity,CH ,CHF,0.795789,,11/11/2025
20251111,A82,Etica Obbligazionario Misto,454,SONY GROUP CORP,0.000606010062235,0.0,AZ ,Consumer Discretionary,JP3435000009,6821506,6758 JP Equity,JP ,JPY,0.795789,,11/11/2025
20251111,A82,Etica Obbligazionario Misto,159,BOSTON SCIENTIFIC CORP,0.000604563564632,0.0,AZ ,Health Care,US1011371077,2113434,BSX US Equity,US ,USD,0.795789,,11/11/2025
20251111,A82,Etica Obbligazionario Misto,2955,VOESTALPINE AG,0.000602655599704,0.0,AZ ,Materials,AT0000937503,4943402,VOE AV Equity,AT ,EUR,0.795789,,11/11/2025
20251111,A82,Etica Obbligazionario Misto,531,ADOBE INC,0.000599189368584,0.0,AZ ,Information Technology,US00724F1012,2008154,ADBE US Equity,US ,USD,0.795789,,11/11/2025
20251111,A82,Etica Obbligazionario Misto,670,WELLTOWER INC,0.000590217885013,0.0,AZ ,Real Estate,US95040Q1040,BYVYHH4,WELL US Equity,US ,USD,0.795789,,11/11/2025
20251111,A82,Etica Obbligazionario Misto,1658,ATLAS COPCO AB-A SHS,0.000590007707051,0.0,AZ ,Industrials,SE0017486889,BLDBN41,ATCOA SS Equity,SE ,SEK,0.795789,,11/11/2025
20251111,A82,Etica Obbligazionario Misto,1545,TOTO LTD,0.000585016006973,0.0,AZ ,Industrials,JP3596200000,6897466,5332 JP Equity,JP ,JPY,0.795789,,11/11/2025
20251111,A82,Etica Obbligazionario Misto,667,GILEAD SCIENCES INC,0.000584953761145,0.0,AZ ,Health Care,US3755581036,2369174,GILD US Equity,US ,USD,0.795789,,11/11/2025
20251111,A82,Etica Obbligazionario Misto,2170,DSV A/S,0.000579466073592,0.0,AZ ,Industrials,DK0060079531,B1WT5G2,DSV DC Equity,DK ,DKK,0.795789,,11/11/2025
20251111,A82,Etica Obbligazionario Misto,1714,SKF AB-B SHARES,0.000570990065039,0.0,AZ ,Industrials,SE0000108227,B1Q3J35,SKFB SS Equity,SE ,SEK,0.795789,,11/11/2025
20251111,A82,Etica Obbligazionario Misto,2489,LENOVO GROUP LTD,0.000561676401709,0.0,AZ ,Information Technology,HK0992009065,6218089,992 HK Equity,CN ,CNY,0.795789,,11/11/2025
20251111,A82,Etica Obbligazionario Misto,1404,OBAYASHI CORP,0.000555238433751,0.0,AZ ,Industrials,JP3190000004,6656407,1802 JP Equity,JP ,JPY,0.795789,,11/11/2025
20251111,A82,Etica Obbligazionario Misto,1337,MURATA MANUFACTURING CO LTD,0.000551865337231,0.0,AZ ,Information Technology,JP3914400001,6610403,6981 JP Equity,JP ,JPY,0.795789,,11/11/2025
20251111,A82,Etica Obbligazionario Misto,40461,VERTEX PHARMACEUTICALS INC,0.000550408466797,0.0,AZ ,Health Care,US92532F1003,2931034,VRTX US Equity,US ,USD,0.795789,,11/11/2025
20251111,A82,Etica Obbligazionario Misto,392,NOVO NORDISK A/S-B,0.000543300850365,0.0,AZ ,Health Care,DK0062498333,BP6KMJ1,NOVOB DC Equity,DK ,DKK,0.795789,,11/11/2025
20251111,A82,Etica Obbligazionario Misto,4264,AUTODESK INC,0.000542108469475,0.0,AZ ,Information Technology,US0527691069,2065159,ADSK US Equity,US ,USD,0.795789,,11/11/2025
20251111,A82,Etica Obbligazionario Misto,3013,NOVARTIS AG,0.000541882864798,0.0,AZ ,Health Care,CH0012005267,7103065,NOVN SW Equity,CH ,CHF,0.795789,,11/11/2025
20251111,A82,Etica Obbligazionario Misto,344,LOWE'S COS INC,0.00054063493536,0.0,AZ ,Consumer Discretionary,US5486611073,2536763,LOW US Equity,US ,USD,0.795789,,11/11/2025
20251111,A82,Etica Obbligazionario Misto,424846,OTIS WORLDWIDE CORP,0.000540569022816,0.0,AZ ,Industrials,US68902V1070,BK531S8,OTIS US Equity,US ,USD,0.795789,,11/11/2025
20251111,A82,Etica Obbligazionario Misto,3033,STMICROELECTRONICS NV,0.000535821693936,0.0,SE ,Information Technology,NL0000226223,5962343,STMMI IM Equity,FR ,EUR,0.795789,,11/11/2025
20251111,A82,Etica Obbligazionario Misto,2566,UNITED PARCEL SERVICE-CL B,0.000531686088242,0.0,AZ ,Industrials,US9113121068,2517382,UPS US Equity,US ,USD,0.795789,,11/11/2025
20251111,A82,Etica Obbligazionario Misto,1609,ESSILORLUXOTTICA,0.00052390046499,0.0,AZ ,Health Care,FR0000121667,7212477,EL FP Equity,FR ,EUR,0.795789,,11/11/2025
20251111,A82,Etica Obbligazionario Misto,164955,CHF,0.000520834586308,0.0,LQ ,CASH,,,CHF,CH ,CHF,0.795789,,11/11/2025
20251111,A82,Etica Obbligazionario Misto,3014,ANHEUSER-BUSCH INBEV SA/NV,0.00052006361276,0.0,AZ ,Consumer Staples,BE0974293251,BYYHL23,ABI BB Equity,BE ,EUR,0.795789,,11/11/2025
20251111,A82,Etica Obbligazionario Misto,1526,TOKYO ELECTRON LTD,0.000507449073975,0.0,AZ ,Information Technology,JP3571400005,6895675,8035 JP Equity,JP ,JPY,0.795789,,11/11/2025
20251111,A82,Etica Obbligazionario Misto,166783,XYLEM INC,0.000482285670391,0.0,AZ ,Industrials,US98419M1009,B3P2CN8,XYL US Equity,US ,USD,0.795789,,11/11/2025
20251111,A82,Etica Obbligazionario Misto,49977,TE CONNECTIVITY PLC,0.000475887682896,0.0,AZ ,Information Technology,IE000IVNQZ81,BRC3N84,TEL US Equity,US ,USD,0.795789,,11/11/2025
20251111,A82,Etica Obbligazionario Misto,232,ECOLAB INC,0.000470014937089,0.0,AZ ,Materials,US2788651006,2304227,ECL US Equity,US ,USD,0.795789,,11/11/2025
20251111,A82,Etica Obbligazionario Misto,302,HONDA MOTOR CO LTD,0.000461281445513,0.0,AZ ,Consumer Discretionary,JP3854600008,6435145,7267 JP Equity,JP ,JPY,0.795789,,11/11/2025
20251111,A82,Etica Obbligazionario Misto,164963,SGD,0.000457880190378,0.0,LQ ,CASH,,,SGD,SG ,SGD,0.795789,,11/11/2025
20251111,A82,Etica Obbligazionario Misto,2831,BREMBO N.V.,0.000451844341949,0.0,AZ ,Consumer Discretionary,NL0015001KT6,BSMM753,BRE IM Equity,IT ,EUR,0.795789,,11/11/2025
20251111,A82,Etica Obbligazionario Misto,471,TDK CORP,0.000451836230995,0.0,AZ ,Information Technology,JP3538800008,6869302,6762 JP Equity,JP ,JPY,0.795789,,11/11/2025
20251111,A82,Etica Obbligazionario Misto,405936,CARRIER GLOBAL CORP,0.000451006501628,0.0,AZ ,Industrials,US14448C1045,BK4N0D7,CARR US Equity,US ,USD,0.795789,,11/11/2025
20251111,A82,Etica Obbligazionario Misto,1790,CHINA OVERSEAS LAND & INVEST,0.000450841198976,0.0,AZ ,Real Estate,HK0688002218,6192150,688 HK Equity,CN ,CNY,0.795789,,11/11/2025
20251111,A82,Etica Obbligazionario Misto,3011,DEUTSCHE TELEKOM AG,0.000446134893144,0.0,AZ ,Communication Services,DE0005557508,5842359,DTE GR Equity,DE ,EUR,0.795789,,11/11/2025
20251111,A82,Etica Obbligazionario Misto,4223,COLGATE-PALMOLIVE CO,0.000443902375203,0.0,AZ ,Consumer Staples,US1941621039,2209106,CL US Equity,US ,USD,0.795789,,11/11/2025
20251111,A82,Etica Obbligazionario Misto,236299,VONOVIA SE,0.000441350941275,0.0,AZ ,Real Estate,DE000A1ML7J1,BBJPFY1,VNA GR Equity,DE ,EUR,0.795789,,11/11/2025
20251111,A82,Etica Obbligazionario Misto,17897,SK HYNIX INC,0.000432748559114,0.0,AZ ,Information Technology,KR7000660001,6450267,000660 KS Equity,KR ,KRW,0.795789,,11/11/2025
20251111,A82,Etica Obbligazionario Misto,23406,IBIDEN CO LTD,0.00042673501139,0.0,AZ ,Information Technology,JP3148800000,6456102,4062 JP Equity,JP ,JPY,0.795789,,11/11/2025
20251111,A82,Etica Obbligazionario Misto,1040,TATE & LYLE PLC,0.00042313394229,0.0,AZ ,Consumer Staples,GB00BP92CJ43,BP92CJ4,TATE LN Equity,GB ,GBP,0.795789,,11/11/2025
20251111,A82,Etica Obbligazionario Misto,57392,EQUINIX INC,0.000421017760873,0.0,AZ ,Real Estate,US29444U7000,BVLZX12,EQIX US Equity,US ,USD,0.795789,,11/11/2025
20251111,A82,Etica Obbligazionario Misto,23355,RALPH LAUREN CORP,0.000405132537404,0.0,AZ ,Consumer Discretionary,US7512121010,B4V9661,RL US Equity,US ,USD,0.795789,,11/11/2025
20251111,A82,Etica Obbligazionario Misto,1146,BRIDGESTONE CORP,0.000393782856801,0.0,AZ ,Consumer Discretionary,JP3830800003,6132101,5108 JP Equity,JP ,JPY,0.795789,,11/11/2025
20251111,A82,Etica Obbligazionario Misto,184644,ZOETIS INC,0.000390442619364,0.0,AZ ,Health Care,US98978V1035,B95WG16,ZTS US Equity,US ,USD,0.795789,,11/11/2025
20251111,A82,Etica Obbligazionario Misto,1575,ASTELLAS PHARMA INC,0.000375588503104,0.0,AZ ,Health Care,JP3942400007,6985383,4503 JP Equity,JP ,JPY,0.795789,,11/11/2025
20251111,A82,Etica Obbligazionario Misto,2867,DARDEN RESTAURANTS INC,0.000375096977538,0.0,AZ ,Consumer Discretionary,US2371941053,2289874,DRI UN Equity,US ,USD,0.795789,,11/11/2025
20251111,A82,Etica Obbligazionario Misto,44974,LEGRAND SA,0.000359091008651,0.0,AZ ,Industrials,FR0010307819,B11ZRK9,LR FP Equity,FR ,EUR,0.795789,,11/11/2025
20251111,A82,Etica Obbligazionario Misto,4266,MCCORMICK & CO-NON VTG SHRS,0.000358830963344,0.0,AZ ,Consumer Staples,US5797802064,2550161,MKC UN Equity,US ,USD,0.795789,,11/11/2025
20251111,A82,Etica Obbligazionario Misto,1340,NEC CORP,0.000354477201266,0.0,AZ ,Information Technology,JP3733000008,6640400,6701 JP Equity,JP ,JPY,0.795789,,11/11/2025
20251111,A82,Etica Obbligazionario Misto,651,EXPEDITORS INTL WASH INC,0.000340048309269,0.0,AZ ,Industrials,US3021301094,2325507,EXPD US Equity,US ,USD,0.795789,,11/11/2025
20251111,A82,Etica Obbligazionario Misto,188,THE CIGNA GROUP,0.000339788873609,0.0,AZ ,Health Care,US1255231003,BHJ0775,CI US Equity,US ,USD,0.795789,,11/11/2025
20251111,A82,Etica Obbligazionario Misto,2658,ASSA ABLOY AB-B,0.000337208583063,0.0,AZ ,Industrials,SE0007100581,BYPC1T4,ASSAB SS Equity,SE ,SEK,0.795789,,11/11/2025
20251111,A82,Etica Obbligazionario Misto,3119,INTERPUMP GROUP SPA,0.000336300182745,0.0,AZ ,Industrials,IT0001078911,5161407,IP IM Equity,IT ,EUR,0.795789,,11/11/2025
20251111,A82,Etica Obbligazionario Misto,1457,SHIMIZU CORP,0.000332925327969,0.0,AZ ,Industrials,JP3358800005,6804400,1803 JP Equity,JP ,JPY,0.795789,,11/11/2025
20251111,A82,Etica Obbligazionario Misto,276440,DELL TECHNOLOGIES -C,0.000330184983035,0.0,AZ ,Information Technology,US24703L2025,BHKD3S6,DELL US Equity,US ,USD,0.795789,,11/11/2025
20251111,A82,Etica Obbligazionario Misto,100272,AMERICAN WATER WORKS CO INC,0.000328482557451,0.0,AZ ,Utilities,US0304201033,B2R3PV1,AWK US Equity,US ,USD,0.795789,,11/11/2025
20251111,A82,Etica Obbligazionario Misto,1001,PERSIMMON PLC,0.000327334963516,0.0,AZ ,Consumer Discretionary,GB0006825383,682538,PSN LN Equity,GB ,GBP,0.795789,,11/11/2025
20251111,A82,Etica Obbligazionario Misto,4275,HASBRO INC,0.000326582880186,0.0,AZ ,Consumer Discretionary,US4180561072,2414580,HAS US Equity,US ,USD,0.795789,,11/11/2025
20251111,A82,Etica Obbligazionario Misto,318,INTL FLAVORS & FRAGRANCES,0.000326241849038,0.0,AZ ,Materials,US4595061015,2464165,IFF US Equity,US ,USD,0.795789,,11/11/2025
20251111,A82,Etica Obbligazionario Misto,3065,ELEVANCE HEALTH INC,0.00032595375114,0.0,AZ ,Health Care,US0367521038,BSPHGL4,ELV US Equity,US ,USD,0.795789,,11/11/2025
20251111,A82,Etica Obbligazionario Misto,1088,ORICA LTD,0.000324634722743,0.0,AZ ,Materials,AU000000ORI1,6458001,ORI AU Equity,AU ,AUD,0.795789,,11/11/2025
20251111,A82,Etica Obbligazionario Misto,336777,ULTA BEAUTY INC,0.000322675918568,0.0,AZ ,Consumer Discretionary,US90384S3031,B28TS42,ULTA UW Equity,US ,USD,0.795789,,11/11/2025
20251111,A82,Etica Obbligazionario Misto,148,BECTON DICKINSON AND CO,0.000320160877906,0.0,AZ ,Health Care,US0758871091,2087807,BDX US Equity,US ,USD,0.795789,,11/11/2025
20251111,A82,Etica Obbligazionario Misto,349,MASCO CORP,0.000312802440389,0.0,AZ ,Industrials,US5745991068,2570200,MAS US Equity,US ,USD,0.795789,,11/11/2025
20251111,A82,Etica Obbligazionario Misto,366,MICRON TECHNOLOGY INC,0.000309921240526,0.0,AZ ,Information Technology,US5951121038,2588184,MU US Equity,US ,USD,0.795789,,11/11/2025
20251111,A82,Etica Obbligazionario Misto,88166,REXEL SA,0.000307325470251,0.0,AZ ,Industrials,FR0010451203,B1VP0K0,RXL FP Equity,FR ,EUR,0.795789,,11/11/2025
20251111,A82,Etica Obbligazionario Misto,469,SYSCO CORP,0.000300191064699,0.0,AZ ,Consumer Staples,US8718291078,2868165,SYY US Equity,US ,USD,0.795789,,11/11/2025
20251111,A82,Etica Obbligazionario Misto,152,BEST BUY CO INC,0.000295937673466,0.0,AZ ,Consumer Discretionary,US0865161014,2094670,BBY US Equity,US ,USD,0.795789,,11/11/2025
20251111,A82,Etica Obbligazionario Misto,19461,DICK'S SPORTING GOODS INC,0.000292327910272,0.0,AZ ,Consumer Discretionary,US2533931026,2969637,DKS US Equity,US ,USD,0.795789,,11/11/2025
20251111,A82,Etica Obbligazionario Misto,3371,ERG SPA,0.0002914616286,0.0,AZ ,Utilities,IT0001157020,5337093,ERG IM Equity,IT ,EUR,0.795789,,11/11/2025
20251111,A82,Etica Obbligazionario Misto,18074,ESTEE LAUDER COMPANIES-CL A,0.000272498165638,0.0,AZ ,Consumer Staples,US5184391044,2320524,EL US Equity,US ,USD,0.795789,,11/11/2025
20251111,A82,Etica Obbligazionario Misto,387,NORSK HYDRO ASA,0.00026772667177,0.0,AZ ,Materials,NO0005052605,B11HK39,NHY NO Equity,NO ,NOK,0.795789,,11/11/2025
20251111,A82,Etica Obbligazionario Misto,242496,PAYPAL HOLDINGS INC,0.000260779613347,0.0,AZ ,Financials,US70450Y1038,BYW36M8,PYPL US Equity,US ,USD,0.795789,,11/11/2025
20251111,A82,Etica Obbligazionario Misto,31928,DIGITAL REALTY TRUST INC,0.000260348495832,0.0,AZ ,Real Estate,US2538681030,B03GQS4,DLR US Equity,US ,USD,0.795789,,11/11/2025
20251111,A82,Etica Obbligazionario Misto,34107,DAIICHI SANKYO CO LTD,0.000253398998821,0.0,AZ ,Health Care,JP3475350009,B0J7D91,4568 JP Equity,JP ,JPY,0.795789,,11/11/2025
20251111,A82,Etica Obbligazionario Misto,411893,BONOS Y OBLIG DEL ESTADO SPGB 0 1/2 04/30/30,0.000253138547083,0.0,OB ,SOVEREIGN,ES0000012F76,,ZP4820285 Govt,ES ,EUR,0.795789,A,11/11/2025
20251111,A82,Etica Obbligazionario Misto,2985,CANADIAN NATL RAILWAY CO,0.00024999131147,0.0,AZ ,Industrials,CA1363751027,2180632,CNR CN Equity,CA ,CAD,0.795789,,11/11/2025
20251111,A82,Etica Obbligazionario Misto,2298,TRACTOR SUPPLY COMPANY,0.000246190154505,0.0,AZ ,Consumer Discretionary,US8923561067,2900335,TSCO US Equity,US ,USD,0.795789,,11/11/2025
20251111,A82,Etica Obbligazionario Misto,335212,LEVI STRAUSS & CO- CLASS A,0.000239306366823,0.0,AZ ,Consumer Discretionary,US52736R1023,BHRWS81,LEVI US Equity,US ,USD,0.795789,,11/11/2025
20251111,A82,Etica Obbligazionario Misto,253654,FERRARI NV,0.000239163797814,0.0,AZ ,Consumer Discretionary,NL0011585146,BZ1GMK5,RACE US Equity,IT ,EUR,0.795789,,11/11/2025
20251111,A82,Etica Obbligazionario Misto,447577,STORA ENSO OYJ STERV 0 5/8 12/02/30,0.000238690102209,0.0,OB ,INDUSTRIAL,XS2265360359,,BM7557275 Corp,FI ,EUR,0.795789,B,11/11/2025
20251111,A82,Etica Obbligazionario Misto,23481,CBRE GROUP INC,0.000238409646986,0.0,AZ ,Real Estate,US12504L1098,B6WVMH3,CBRE US Equity,US ,USD,0.795789,,11/11/2025
20251111,A82,Etica Obbligazionario Misto,1138,ASICS CORP,0.000225563265687,0.0,AZ ,Consumer Discretionary,JP3118000003,6057378,7936 JP Equity,JP ,JPY,0.795789,,11/11/2025
20251111,A82,Etica Obbligazionario Misto,485685,AMGEN INC AMGN 3 02/22/29,0.000222070598866,0.0,OB ,INDUSTRIAL,US031162DD92,,BU6349577 Corp,US ,USD,0.795789,B,11/11/2025
20251111,A82,Etica Obbligazionario Misto,3385,YUM! BRANDS INC,0.000220191464049,0.0,AZ ,Consumer Discretionary,US9884981013,2098876,YUM UN Equity,US ,USD,0.795789,,11/11/2025
20251111,A82,Etica Obbligazionario Misto,3837,AGILENT TECHNOLOGIES INC,0.000215402581992,0.0,AZ ,Health Care,US00846U1016,2520153,A US Equity,US ,USD,0.795789,,11/11/2025
20251111,A82,Etica Obbligazionario Misto,1,LG ELECTRONICS INC,0.000207468001693,0.0,AZ ,Consumer Discretionary,KR7066570003,6520739,066570 KS Equity,KR ,KRW,0.795789,,11/11/2025
20251111,A82,Etica Obbligazionario Misto,57810,VENTAS INC,0.000207076034108,0.0,AZ ,Real Estate,US92276F1003,2927925,VTR US Equity,US ,USD,0.795789,,11/11/2025
20251111,A82,Etica Obbligazionario Misto,50381,LULULEMON ATHLETICA INC,0.000205334167023,0.0,AZ ,Consumer Discretionary,US5500211090,B23FN39,LULU US Equity,US ,USD,0.795789,,11/11/2025
20251111,A82,Etica Obbligazionario Misto,24041,TERNA-RETE ELETTRICA NAZIONA,0.00020154834842,0.0,AZ ,Utilities,IT0003242622,B01BN57,TRN IM Equity,IT ,EUR,0.795789,,11/11/2025
20251111,A82,Etica Obbligazionario Misto,67156,KEURIG DR PEPPER INC,0.000199247117094,0.0,AZ ,Consumer Staples,US49271V1008,BD3W133,KDP US Equity,US ,USD,0.795789,,11/11/2025
20251111,A82,Etica Obbligazionario Misto,1755,SWIRE PACIFIC LTD - CL A,0.000199098363262,0.0,AZ ,Industrials,HK0019000162,6867748,19 HK Equity,HK ,HKD,0.795789,,11/11/2025
20251111,A82,Etica Obbligazionario Misto,343334,GODADDY INC - CLASS A,0.000197338683886,0.0,AZ ,Information Technology,US3802371076,BWFRFC6,GDDY US Equity,US ,USD,0.795789,,11/11/2025
20251111,A82,Etica Obbligazionario Misto,18075,BE SEMICONDUCTOR INDUSTRIES,0.000192856215639,0.0,AZ ,Information Technology,NL0012866412,BG0SCK9,BESI NA Equity,NL ,EUR,0.795789,,11/11/2025
20251111,A82,Etica Obbligazionario Misto,58909,EDWARDS LIFESCIENCES CORP,0.000186614580474,0.0,AZ ,Health Care,US28176E1082,2567116,EW US Equity,US ,USD,0.795789,,11/11/2025
20251111,A82,Etica Obbligazionario Misto,164726,SEK,0.00018059137559,0.0,LQ ,CASH,,,SEK,SE ,SEK,0.795789,,11/11/2025
20251111,A82,Etica Obbligazionario Misto,173,CADENCE DESIGN SYS INC,0.000180558127748,0.0,AZ ,Information Technology,US1273871087,2302232,CDNS US Equity,US ,USD,0.795789,,11/11/2025
20251111,A82,Etica Obbligazionario Misto,335227,NEXI SPA,0.000176870532972,0.0,AZ ,Financials,IT0005366767,BJ1F880,NEXI IM Equity,IT ,EUR,0.795789,,11/11/2025
20251111,A82,Etica Obbligazionario Misto,222506,ORORA LTD,0.000172162530731,0.0,AZ ,Materials,AU000000ORA8,BH4TCW7,ORA AU Equity,AU ,AUD,0.795789,,11/11/2025
20251111,A82,Etica Obbligazionario Misto,164960,NOK,0.000171199562603,0.0,LQ ,CASH,,,NOK,NO ,NOK,0.795789,,11/11/2025
20251111,A82,Etica Obbligazionario Misto,235482,MERLIN PROPERTIES SOCIMI SA,0.000167211606308,0.0,AZ ,Real Estate,ES0105025003,BNGNB77,MRL SM Equity,ES ,EUR,0.795789,,11/11/2025
20251111,A82,Etica Obbligazionario Misto,1010,RELX PLC,0.000166465972865,0.0,AZ ,Industrials,GB00B2B0DG97,B2B0DG9,REL LN Equity,GB ,GBP,0.795789,,11/11/2025
20251111,A82,Etica Obbligazionario Misto,164724,GBP,0.000159569515131,0.0,LQ ,CASH,,,GBP,GB ,GBP,0.795789,,11/11/2025
20251111,A82,Etica Obbligazionario Misto,3466,COGNIZANT TECH SOLUTIONS-A,0.000155126444207,0.0,AZ ,Information Technology,US1924461023,2257019,CTSH US Equity,US ,USD,0.795789,,11/11/2025
20251111,A82,Etica Obbligazionario Misto,312,INGERSOLL-RAND INC,0.000154019122306,0.0,AZ ,Industrials,US45687V1061,BL5GZ82,IR UN Equity,US ,USD,0.795789,,11/11/2025
20251111,A82,Etica Obbligazionario Misto,58318,AZBIL CORP,0.000152308930351,0.0,AZ ,Information Technology,JP3937200008,6985543,6845 JP Equity,JP ,JPY,0.795789,,11/11/2025
20251111,A82,Etica Obbligazionario Misto,2297,AVALONBAY COMMUNITIES INC,0.000141988581029,0.0,AZ ,Real Estate,US0534841012,2131179,AVB US Equity,US ,USD,0.795789,,11/11/2025
20251111,A82,Etica Obbligazionario Misto,4106,ZIMMER BIOMET HOLDINGS INC,0.000134998326034,0.0,AZ ,Health Care,US98956P1021,2783815,ZBH US Equity,US ,USD,0.795789,,11/11/2025
20251111,A82,Etica Obbligazionario Misto,211955,TECHNOGYM SPA,0.000132654702163,0.0,AZ ,Consumer Discretionary,IT0005162406,BD9Y5C0,TGYM IM Equity,IT ,EUR,0.795789,,11/11/2025
20251111,A82,Etica Obbligazionario Misto,31968,PENTAIR PLC,0.000132038366866,0.0,AZ ,Industrials,IE00BLS09M33,BLS09M3,PNR UN Equity,US ,USD,0.795789,,11/11/2025
20251111,A82,Etica Obbligazionario Misto,235835,RAI WAY SPA,0.000129006442862,0.0,AZ ,Communication Services,IT0005054967,BSM8WL2,RWAY IM Equity,IT ,EUR,0.795789,,11/11/2025
20251111,A82,Etica Obbligazionario Misto,50261,DIASORIN SPA,0.000122201361472,0.0,AZ ,Health Care,IT0003492391,B234WN9,DIA IM Equity,IT ,EUR,0.795789,,11/11/2025
20251111,A82,Etica Obbligazionario Misto,58590,SYSMEX CORP,0.000115317644474,0.0,AZ ,Health Care,JP3351100007,6883807,6869 JP Equity,JP ,JPY,0.795789,,11/11/2025
20251111,A82,Etica Obbligazionario Misto,17956,RENESAS ELECTRONICS CORP,0.000102746938414,0.0,AZ ,Information Technology,JP3164720009,6635677,6723 JP Equity,JP ,JPY,0.795789,,11/11/2025
20251111,A82,Etica Obbligazionario Misto,164725,HKD,0.000100379944747,0.0,LQ ,CASH,,,HKD,HK ,HKD,0.795789,,11/11/2025
20251111,A82,Etica Obbligazionario Misto,164722,DKK,0.000098684481507,0.0,LQ ,CASH,,,DKK,DK ,DKK,0.795789,,11/11/2025
20251111,A82,Etica Obbligazionario Misto,1093,LENDLEASE GROUP,0.000098371944722,0.0,AZ ,Real Estate,AU000000LLC3,6512004,LLC AU Equity,AU ,AUD,0.795789,,11/11/2025
20251111,A82,Etica Obbligazionario Misto,1024,SSE PLC,0.000093867811923,0.0,AZ ,Utilities,GB0007908733,790873,SSE LN Equity,GB ,GBP,0.795789,,11/11/2025
20251111,A82,Etica Obbligazionario Misto,677,BIOGEN INC,0.000082914304584,0.0,AZ ,Health Care,US09062X1037,2455965,BIIB US Equity,US ,USD,0.795789,,11/11/2025
20251111,A82,Etica Obbligazionario Misto,23349,CORBION NV,0.000079681055752,0.0,AZ ,Materials,NL0010583399,BFRSRR7,CRBN NA Equity,NL ,EUR,0.795789,,11/11/2025
20251111,A82,Etica Obbligazionario Misto,58681,JONES LANG LASALLE INC,0.00007146708932,0.0,AZ ,Real Estate,US48020Q1076,2040640,JLL US Equity,US ,USD,0.795789,,11/11/2025
20251111,A82,Etica Obbligazionario Misto,3672,AMPLIFON SPA,0.000070300331269,0.0,AZ ,Health Care,IT0004056880,B14NJ71,AMP IM Equity,IT ,EUR,0.795789,,11/11/2025
20251111,A82,Etica Obbligazionario Misto,63,HERA SPA,0.000063371270681,0.0,AZ ,Utilities,IT0001250932,7598003,HER IM Equity,IT ,EUR,0.795789,,11/11/2025
20251111,A82,Etica Obbligazionario Misto,247914,INFRASTRUTTURE WIRELESS ITAL,0.000060049746752,0.0,AZ ,Communication Services,IT0005090300,BZ0P4R4,INW IM Equity,IT ,EUR,0.795789,,11/11/2025
20251111,A82,Etica Obbligazionario Misto,3321,BXP INC,0.000051317147557,0.0,AZ ,Real Estate,US1011211018,2019479,BXP US Equity,US ,USD,0.795789,,11/11/2025
20251111,A82,Etica Obbligazionario Misto,48675,PRYSMIAN SPA,0.000050127019709,0.0,AZ ,Industrials,IT0004176001,B1W4V69,PRY IM Equity,IT ,EUR,0.795789,,11/11/2025
20251111,A82,Etica Obbligazionario Misto,3245,EDP SA,0.000047184713793,0.0,AZ ,Utilities,PTEDP0AM0009,4103596,EDP PL Equity,PT ,EUR,0.795789,,11/11/2025
20251111,A82,Etica Obbligazionario Misto,3476,A2A SPA,0.000038794232509,0.0,AZ ,Utilities,IT0001233417,5499131,A2A IM Equity,IT ,EUR,0.795789,,11/11/2025
20251111,A82,Etica Obbligazionario Misto,1464,SHISEIDO CO LTD,0.000020284108248,0.0,AZ ,Consumer Staples,JP3351600006,6805265,4911 JP Equity,JP ,JPY,0.795789,,11/11/2025
20251111,A82,Etica Obbligazionario Misto,314765,PIRELLI & C SPA,0.000015752726886,0.0,AZ ,Consumer Discretionary,IT0005278236,BZ5ZHK3,PIRC IM Equity,IT ,EUR,0.795789,,11/11/2025
20251111,A82,Etica Obbligazionario Misto,314764,FRANCE (GOVT OF) FRTR 0 3/4 05/25/28,0.0,0.005322864324514,OB ,SOVEREIGN,FR0013286192,,AP3656380 Govt,FR ,EUR,0.795789,A,11/11/2025
20251111,A82,Etica Obbligazionario Misto,534,APPLE INC,0.0,0.004988489,AZ ,Information Technology,US0378331005,2046251,AAPL US Equity,US ,USD,0.795789,,11/11/2025
20251111,A82,Etica Obbligazionario Misto,195250,FRANCE (GOVT OF) FRTR 2 3/4 10/25/27,0.0,0.0051321557776,OB ,SOVEREIGN,FR0011317783,,EJ3468919 Govt,FR ,EUR,0.795789,A,11/11/2025
20251111,A82,Etica Obbligazionario Misto,254029,FRANCE (GOVT OF) FRTR 1 1/2 05/25/31,0.0,0.005045659840952,OB ,SOVEREIGN,FR0012993103,,UV9949289 Govt,FR ,EUR,0.795789,A,11/11/2025
20251111,A82,Etica Obbligazionario Misto,511224,FRANCE (GOVT OF) FRTR 2 3/4 02/25/29,0.0,0.004916042889885,OB ,SOVEREIGN,FR001400HI98,,ZK2178539 Govt,FR ,EUR,0.795789,A,11/11/2025
20251111,A82,Etica Obbligazionario Misto,568369,FRENCH DISCOUNT T-BILL BTF 0 01/14/26,0.0,0.0061573225,OB ,SOVEREIGN,FR0128983980,,YN8205323 Govt,FR ,EUR,0.795789,A,11/11/2025
20251111,A82,Etica Obbligazionario Misto,228114,FRANCE (GOVT OF) FRTR 2 1/2 05/25/30,0.0,0.005854883535488,OB ,SOVEREIGN,FR0011883966,,EK2432749 Govt,FR ,EUR,0.795789,A,11/11/2025
20251111,A82,Etica Obbligazionario Misto,51421,FRENCH DISCOUNT T-BILL BTF 0 12/31/25,0.0,0.0085256475,OB ,SOVEREIGN,FR0128690742,,YS3714856 Govt,FR ,EUR,0.795789,A,11/11/2025
20251111,A82,Etica Obbligazionario Misto,553272,GERMAN TREASURY BILL BUBILL 0 01/14/26,0.0,0.006201855,OB ,SOVEREIGN,DE000BU0E246,,YS4477537 Govt,DE ,EUR,0.795789,A,11/11/2025
20251111,A82,Etica Obbligazionario Misto,164736,DEBITI COMPENSO REVISIONE,-0.000004264002623,0.0,CD ,CASH,,,DEBITI COMPENSO REVISIONE,5A ,EUR,0.795789,,11/11/2025
20251111,A82,Etica Obbligazionario Misto,164733,DEBITI COMMISSIONE GESTIONE,-0.000012796187041,0.0,CD ,CASH,,,DEBITI COMMISSIONE GESTIONE,5A ,EUR,0.795789,,11/11/2025
20251111,A82,Etica Obbligazionario Misto,164730,DEBITI COMMISSIONE DEPOSITARIA,-0.000090831602721,0.0,CD ,CASH,,,DEBITI COMMISSIONE DEPOSITARIA,5A ,EUR,0.795789,,11/11/2025
20251111,A82,Etica Obbligazionario Misto,172066,ALLINEAMENTO NAV,-0.000221783799781,0.0,OT ,CASH,,,ALLINEAMENTO NAV,5A ,EUR,0.795789,,11/11/2025
20251111,A82,Etica Obbligazionario Misto,179420,DEBITI COMMISSIONE AMMINISTRAZIONE,-0.001860081064347,0.0,CD ,CASH,,,DEBITI COMMISSIONE AMMINISTRAZIONE,5A ,EUR,0.795789,,11/11/2025
20251111,A82,Etica Obbligazionario Misto,571447,EURO-BOBL FUTURE  Dec25,-0.008767357900908,0.0,FU ,SOVEREIGN,,,OEZ5 Comdty,DE ,EUR,0.795789,,11/11/2025
20251111,A82,Etica Obbligazionario Misto,571448,Euro-BTP Future   Dec25,-0.028410515255538,0.0,FU ,SOVEREIGN,,,IKZ5 Comdty,IT ,EUR,0.795789,,11/11/2025
20251111,A83,Etica Bilanciato,3458,NVIDIA CORP,0.04951038239118,0.038346793604238,AZ ,Information Technology,US67066G1040,2379504,NVDA US Equity,US ,USD,2.402448,,11/11/2025
20251111,A83,Etica Bilanciato,509810,BUONI POLIENNALI DEL TES BTPS 4 10/30/31,0.025387094670576,0.0,OB ,SOVEREIGN,IT0005542359,,ZK0285476 Govt,IT ,EUR,2.402448,B,11/11/2025
20251111,A83,Etica Bilanciato,5650,BUONI POLIENNALI DEL TES BTPS 3.6 10/01/35,0.023525796227737,0.0,OB ,SOVEREIGN,IT0005648149,,YP9041896 Govt,IT ,EUR,2.402448,B,11/11/2025
20251111,A83,Etica Bilanciato,335439,FRANCE (GOVT OF) FRTR 0 1/2 06/25/44,0.021077038312178,0.0,OB ,SOVEREIGN,FR0014002JM6,,BO6060129 Govt,FR ,EUR,2.402448,A,11/11/2025
20251111,A83,Etica Bilanciato,65876,VISA INC-CLASS A SHARES,0.017722265104613,0.006372935714292,AZ ,Financials,US92826C8394,B2PZN04,V US Equity,US ,USD,2.402448,,11/11/2025
20251111,A83,Etica Bilanciato,45465,MASTERCARD INC - A,0.017690880689673,0.004961469532236,AZ ,Financials,US57636Q1040,B121557,MA US Equity,US ,USD,2.402448,,11/11/2025
20251111,A83,Etica Bilanciato,237713,BUONI POLIENNALI DEL TES BTPS 4 04/30/35,0.017152189669456,0.0,OB ,SOVEREIGN,IT0005508590,,BY8794178 Govt,IT ,EUR,2.402448,B,11/11/2025
20251111,A83,Etica Bilanciato,238905,BONOS Y OBLIG DEL ESTADO SPGB 1.85 07/30/35,0.016286874212348,0.0,OB ,SOVEREIGN,ES0000012E69,,AX4147556 Govt,ES ,EUR,2.402448,A,11/11/2025
20251111,A83,Etica Bilanciato,164954,CAD,0.0150788916829,0.0,LQ ,CASH,,,CAD,CA ,CAD,2.402448,,11/11/2025
20251111,A83,Etica Bilanciato,554,ORACLE CORP,0.014660457710079,0.0,AZ ,Information Technology,US68389X1054,2661568,ORCL US Equity,US ,USD,2.402448,,11/11/2025
20251111,A83,Etica Bilanciato,36611,FRANCE (GOVT OF) FRTR 3.15 07/25/32,0.014096380810691,0.0,OB ,SOVEREIGN,FR0000188799,,EC7356149 Govt,FR ,EUR,2.402448,A,11/11/2025
20251111,A83,Etica Bilanciato,462761,BUNDESREPUB. DEUTSCHLAND DBR 0 08/15/50,0.011697166541579,0.0,OB ,SOVEREIGN,DE0001030724,,BP4742659 Govt,DE ,EUR,2.402448,A,11/11/2025
20251111,A83,Etica Bilanciato,331171,BELGIUM KINGDOM BGB 1 1/4 04/22/33,0.011638919463592,0.0,OB ,SOVEREIGN,BE0000346552,,AQ3876663 Govt,BE ,EUR,2.402448,A,11/11/2025
20251111,A83,Etica Bilanciato,406188,BONOS Y OBLIG DEL ESTADO SPGB 1 07/30/42,0.010657525568454,0.0,OB ,SOVEREIGN,ES0000012J07,,BR3246377 Govt,ES ,EUR,2.402448,A,11/11/2025
20251111,A83,Etica Bilanciato,335725,BUONI POLIENNALI DEL TES BTPS 4.4 05/01/33,0.010605605685726,0.0,OB ,SOVEREIGN,IT0005518128,,BZ9605404 Govt,IT ,EUR,2.402448,B,11/11/2025
20251111,A83,Etica Bilanciato,335961,REPUBLIC OF AUSTRIA RAGB 2.9 02/20/34,0.010593967578476,0.0,OB ,SOVEREIGN,AT0000A39UW5,,ZF4061056 Govt,AT ,EUR,2.402448,A,11/11/2025
20251111,A83,Etica Bilanciato,128682,BUONI POLIENNALI DEL TES BTPS 3.85 02/01/35,0.010061469276298,0.0,OB ,SOVEREIGN,IT0005607970,,YW6730231 Govt,IT ,EUR,2.402448,B,11/11/2025
20251111,A83,Etica Bilanciato,510744,BUNDESREPUB. DEUTSCHLAND DBR 2.3 02/15/33,0.009889512134785,0.0,OB ,SOVEREIGN,DE000BU3Z005,,ZK3512736 Govt,DE ,EUR,2.402448,A,11/11/2025
20251111,A83,Etica Bilanciato,406148,AGENCE FRANCAISE DEVELOP AGFRNC 0.01 11/25/28,0.009566724570653,0.0,OB ,Quasi & Foreign Government,FR0014003YN1,,BP9619894 Govt,FR ,EUR,2.402448,A,11/11/2025
20251111,A83,Etica Bilanciato,560705,FRANCE (GOVT OF) FRTR 2.7 02/25/31,0.009451882137306,0.0,OB ,SOVEREIGN,FR001400Z2L7,,YP4842306 Govt,FR ,EUR,2.402448,A,11/11/2025
20251111,A83,Etica Bilanciato,201018,ABBVIE INC,0.009432151713405,0.0,AZ ,Health Care,US00287Y1091,B92SR70,ABBV US Equity,US ,USD,2.402448,,11/11/2025
20251111,A83,Etica Bilanciato,300,HOME DEPOT INC,0.008617631129606,0.0,AZ ,Consumer Discretionary,US4370761029,2434209,HD US Equity,US ,USD,2.402448,,11/11/2025
20251111,A83,Etica Bilanciato,164724,GBP,0.008590397655333,0.0,LQ ,CASH,,,GBP,GB ,GBP,2.402448,,11/11/2025
20251111,A83,Etica Bilanciato,577,APPLIED MATERIALS INC,0.008191730324343,0.0,AZ ,Information Technology,US0382221051,2046552,AMAT US Equity,US ,USD,2.402448,,11/11/2025
20251111,A83,Etica Bilanciato,510414,REPUBLIC OF AUSTRIA RAGB 2.9 05/23/29,0.008029989094124,0.0,OB ,SOVEREIGN,AT0000A33SH3,,ZK2454146 Govt,AT ,EUR,2.402448,A,11/11/2025
20251111,A83,Etica Bilanciato,427,PROCTER & GAMBLE CO/THE,0.007941549402122,0.0,AZ ,Consumer Staples,US7427181091,2704407,PG US Equity,US ,USD,2.402448,,11/11/2025
20251111,A83,Etica Bilanciato,222389,MONCLER SPA,0.007330592448006,0.0,AZ ,Consumer Discretionary,IT0004965148,BGLP232,MONC IM Equity,IT ,EUR,2.402448,,11/11/2025
20251111,A83,Etica Bilanciato,2839,ASML HOLDING NV,0.007225200857729,0.0,AZ ,Information Technology,NL0010273215,B929F46,ASML NA Equity,NL ,EUR,2.402448,,11/11/2025
20251111,A83,Etica Bilanciato,480,TEXAS INSTRUMENTS INC,0.007070990599852,0.0,AZ ,Information Technology,US8825081040,2885409,TXN US Equity,US ,USD,2.402448,,11/11/2025
20251111,A83,Etica Bilanciato,221482,SERVICENOW INC,0.007042415868192,0.0,AZ ,Information Technology,US81762P1021,B80NXX8,NOW US Equity,US ,USD,2.402448,,11/11/2025
20251111,A83,Etica Bilanciato,292486,FRANCE (GOVT OF) FRTR 1 3/4 06/25/39,0.007025417455695,0.0,OB ,SOVEREIGN,FR0013234333,,AL9974240 Govt,FR ,EUR,2.402448,A,11/11/2025
20251111,A83,Etica Bilanciato,442342,BUNDESREPUB. DEUTSCHLAND DBR 0 08/15/30,0.00699163170468,0.0,OB ,SOVEREIGN,DE0001030708,,ZO2919926 Govt,DE ,EUR,2.402448,A,11/11/2025
20251111,A83,Etica Bilanciato,164727,USD,0.006928027205649,0.0,LQ ,CASH,,,USD,US ,USD,2.402448,,11/11/2025
20251111,A83,Etica Bilanciato,756,QUALCOMM INC,0.006784396987005,0.0,AZ ,Information Technology,US7475251036,2714923,QCOM US Equity,US ,USD,2.402448,,11/11/2025
20251111,A83,Etica Bilanciato,360,MEDTRONIC PLC,0.006679887523244,0.0,AZ ,Health Care,IE00BTN1Y115,BTN1Y11,MDT US Equity,US ,USD,2.402448,,11/11/2025
20251111,A83,Etica Bilanciato,214,DANAHER CORP,0.006649957325107,0.0,AZ ,Health Care,US2358511028,2250870,DHR US Equity,US ,USD,2.402448,,11/11/2025
20251111,A83,Etica Bilanciato,454914,BUONI POLIENNALI DEL TES BTPS 1 1/2 04/30/45,0.006573189906264,0.0,OB ,SOVEREIGN,IT0005438004,,BO3833387 Govt,IT ,EUR,2.402448,B,11/11/2025
20251111,A83,Etica Bilanciato,23568,SALESFORCE INC,0.006533473000232,0.0,AZ ,Information Technology,US79466L3024,2310525,CRM US Equity,US ,USD,2.402448,,11/11/2025
20251111,A83,Etica Bilanciato,423,NEW LINDE PLC,0.006499445033091,0.0,AZ ,Materials,IE000S9YS762,BNZHB81,LIN US Equity,US ,USD,2.402448,,11/11/2025
20251111,A83,Etica Bilanciato,705,LAM RESEARCH CORP,0.006470716115498,0.0,AZ ,Information Technology,US5128073062,BSML4N7,LRCX US Equity,US ,USD,2.402448,,11/11/2025
20251111,A83,Etica Bilanciato,363,MERCK & CO. INC.,0.006420069328913,0.0,AZ ,Health Care,US58933Y1055,2778844,MRK US Equity,US ,USD,2.402448,,11/11/2025
20251111,A83,Etica Bilanciato,2703,LONZA GROUP AG-REG,0.006268493918942,0.0,AZ ,Health Care,CH0013841017,7333378,LONN SW Equity,CH ,CHF,2.402448,,11/11/2025
20251111,A83,Etica Bilanciato,216,DEERE & CO,0.006064034884042,0.0,AZ ,Industrials,US2441991054,2261203,DE US Equity,US ,USD,2.402448,,11/11/2025
20251111,A83,Etica Bilanciato,1706,TELECOM ITALIA SPA,0.006016558104425,0.0,AZ ,Communication Services,IT0003497168,7634394,TIT IM Equity,IT ,EUR,2.402448,,11/11/2025
20251111,A83,Etica Bilanciato,237094,BONOS Y OBLIG DEL ESTADO SPGB 3.45 07/30/66,0.005723694928675,0.0,OB ,SOVEREIGN,ES00000128E2,,LW0882867 Govt,ES ,EUR,2.402448,A,11/11/2025
20251111,A83,Etica Bilanciato,164953,AUD,0.005614171217408,0.0,LQ ,CASH,,,AUD,AU ,AUD,2.402448,,11/11/2025
20251111,A83,Etica Bilanciato,358,S&P GLOBAL INC,0.005475480892778,0.0,AZ ,Financials,US78409V1044,BYV2325,SPGI US Equity,US ,USD,2.402448,,11/11/2025
20251111,A83,Etica Bilanciato,556680,FRANCE (GOVT OF) FRTR 3.2 05/25/35,0.005439387252804,0.0,OB ,SOVEREIGN,FR001400X8V5,,YR1561277 Govt,FR ,EUR,2.402448,A,11/11/2025
20251111,A83,Etica Bilanciato,504096,NEDER WATERSCHAPSBANK NEDWBK 2 3/4 12/17/29,0.005357626096338,0.0,OB ,Quasi & Foreign Government,XS2579321337,,ZM4811604 Govt,NL ,EUR,2.402448,A,11/11/2025
20251111,A83,Etica Bilanciato,2706,TRANE TECHNOLOGIES PLC,0.005113728651486,0.0,AZ ,Industrials,IE00BK9ZQ967,BK9ZQ96,TT US Equity,US ,USD,2.402448,,11/11/2025
20251111,A83,Etica Bilanciato,1821,INTUIT INC,0.005097302122525,0.0,AZ ,Information Technology,US4612021034,2459020,INTU US Equity,US ,USD,2.402448,,11/11/2025
20251111,A83,Etica Bilanciato,212406,BUONI POLIENNALI DEL TES BTPS 2 1/2 12/01/32,0.0050712021242,0.0,OB ,SOVEREIGN,IT0005494239,,BW1525672 Govt,IT ,EUR,2.402448,B,11/11/2025
20251111,A83,Etica Bilanciato,100,ABBOTT LABORATORIES,0.004965475950964,0.0,AZ ,Health Care,US0028241000,2002305,ABT US Equity,US ,USD,2.402448,,11/11/2025
20251111,A83,Etica Bilanciato,549,INTEL CORP,0.004954341483304,0.0,AZ ,Information Technology,US4581401001,2463247,INTC US Equity,US ,USD,2.402448,,11/11/2025
20251111,A83,Etica Bilanciato,542,CISCO SYSTEMS INC,0.004920655521549,0.0,AZ ,Information Technology,US17275R1023,2198163,CSCO US Equity,US ,USD,2.402448,,11/11/2025
20251111,A83,Etica Bilanciato,4289,CRH PLC,0.004881212532022,0.0,SE ,Materials,IE0001827041,182704,CRH LN Equity,US ,USD,2.402448,,11/11/2025
20251111,A83,Etica Bilanciato,30976,NABTESCO CORP,0.004822415155497,0.0,AZ ,Industrials,JP3651210001,6687571,6268 JP Equity,JP ,JPY,2.402448,,11/11/2025
20251111,A83,Etica Bilanciato,533,AMGEN INC,0.004799953614396,0.0,AZ ,Health Care,US0311621009,2023607,AMGN US Equity,US ,USD,2.402448,,11/11/2025
20251111,A83,Etica Bilanciato,28895,FUT_EUR (Nozionale),0.00476660411705,0.0,NB ,CASH,,,FUT_EUR (Nozionale),5A ,EUR,2.402448,,11/11/2025
20251111,A83,Etica Bilanciato,497,UNION PACIFIC CORP,0.004734880115733,0.0,AZ ,Industrials,US9078181081,2914734,UNP US Equity,US ,USD,2.402448,,11/11/2025
20251111,A83,Etica Bilanciato,397638,PROSUS NV,0.004719242395391,0.0,AZ ,Consumer Discretionary,NL0013654783,BJDS7L3,PRX NA Equity,NL ,EUR,2.402448,,11/11/2025
20251111,A83,Etica Bilanciato,459171,EUROPEAN UNION EU 0.2 06/04/36,0.004651553318187,0.0,OB ,Quasi & Foreign Government,EU000A3KM903,,BO4675365 Govt,SNA,EUR,2.402448,A,11/11/2025
20251111,A83,Etica Bilanciato,294625,BONOS Y OBLIG DEL ESTADO SPGB 2.35 07/30/33,0.004636127302419,0.0,OB ,SOVEREIGN,ES00000128Q6,,AM6067459 Govt,ES ,EUR,2.402448,A,11/11/2025
20251111,A83,Etica Bilanciato,212348,EDP SA EDPPL 1 1/2 03/14/2082,0.004597256403181,0.0,OB ,UTILITY,PTEDPXOM0021,,BR3181418 Corp,PT ,EUR,2.402448,C,11/11/2025
20251111,A83,Etica Bilanciato,498660,KONINKLIJKE KPN NV KPN 6 PERP,0.004459863700749,0.0,OB ,INDUSTRIAL,XS2486270858,,BZ0016577 Corp,NL ,EUR,2.402448,C,11/11/2025
20251111,A83,Etica Bilanciato,53583,LOGITECH INTERNATIONAL,0.004445269136375,0.0,SE ,Information Technology,CH0025751329,B1921K0,LOGI US Equity,CH ,CHF,2.402448,,11/11/2025
20251111,A83,Etica Bilanciato,191474,PALO ALTO NETWORKS INC,0.004398281585675,0.0,AZ ,Information Technology,US6974351057,B87ZMX0,PANW US Equity,US ,USD,2.402448,,11/11/2025
20251111,A83,Etica Bilanciato,348394,KNORR-BREMSE AG,0.004281643457359,0.0,AZ ,Industrials,DE000KBX1006,BD2P9X9,KBX GR Equity,DE ,EUR,2.402448,,11/11/2025
20251111,A83,Etica Bilanciato,3092,MTR CORP,0.004248478192304,0.0,AZ ,Industrials,HK0066009694,6290054,66 HK Equity,HK ,HKD,2.402448,,11/11/2025
20251111,A83,Etica Bilanciato,49402,SARTORIUS STEDIM BIOTECH,0.004235716982929,0.0,AZ ,Health Care,FR0013154002,BYZ2QP5,DIM FP Equity,FR ,EUR,2.402448,,11/11/2025
20251111,A83,Etica Bilanciato,504092,EDP SA EDPPL 5.943 04/23/2083,0.004223573049677,0.0,OB ,UTILITY,PTEDP4OM0025,,ZM4793893 Corp,PT ,EUR,2.402448,C,11/11/2025
20251111,A83,Etica Bilanciato,1285,KUBOTA CORP,0.004193973165053,0.0,AZ ,Industrials,JP3266400005,6497509,6326 JT Equity,JP ,JPY,2.402448,,11/11/2025
20251111,A83,Etica Bilanciato,1258,KAO CORP,0.004170540247403,0.0,AZ ,Consumer Staples,JP3205800000,6483809,4452 JP Equity,JP ,JPY,2.402448,,11/11/2025
20251111,A83,Etica Bilanciato,559,STRYKER CORP,0.004159579183353,0.0,AZ ,Health Care,US8636671013,2853688,SYK UN Equity,US ,USD,2.402448,,11/11/2025
20251111,A83,Etica Bilanciato,133,AUTOMATIC DATA PROCESSING,0.004122419210417,0.0,AZ ,Industrials,US0530151036,2065308,ADP US Equity,US ,USD,2.402448,,11/11/2025
20251111,A83,Etica Bilanciato,1288,KURITA WATER INDUSTRIES LTD,0.004099118537055,0.0,AZ ,Industrials,JP3270000007,6497963,6370 JP Equity,JP ,JPY,2.402448,,11/11/2025
20251111,A83,Etica Bilanciato,486,TJX COMPANIES INC,0.00409771509875,0.0,AZ ,Consumer Discretionary,US8725401090,2989301,TJX US Equity,US ,USD,2.402448,,11/11/2025
20251111,A83,Etica Bilanciato,335820,BONOS Y OBLIG DEL ESTADO SPGB 3.55 10/31/33,0.004047225154873,0.0,OB ,SOVEREIGN,ES0000012L78,,ZK9078195 Govt,ES ,EUR,2.402448,A,11/11/2025
20251111,A83,Etica Bilanciato,149,VERIZON COMMUNICATIONS INC,0.004043510219772,0.0,AZ ,Communication Services,US92343V1044,2090571,VZ US Equity,US ,USD,2.402448,,11/11/2025
20251111,A83,Etica Bilanciato,236196,IMCD NV,0.004013749610656,0.0,AZ ,Industrials,NL0010801007,BNCBD46,IMCD NA Equity,NL ,EUR,2.402448,,11/11/2025
20251111,A83,Etica Bilanciato,783,SYNOPSYS INC,0.004001579874649,0.0,AZ ,Information Technology,US8716071076,2867719,SNPS US Equity,US ,USD,2.402448,,11/11/2025
20251111,A83,Etica Bilanciato,1619,LOREAL SA,0.003944082585851,0.0,AZ ,Consumer Staples,FR0000120321,4057808,OR FP Equity,FR ,EUR,2.402448,,11/11/2025
20251111,A83,Etica Bilanciato,335524,AGENCE FRANCAISE DEVELOP AGFRNC 0 1/8 09/29/31,0.003907011253028,0.0,OB ,Quasi & Foreign Government,FR0014005NA6,,BR5562094 Govt,FR ,EUR,2.402448,A,11/11/2025
20251111,A83,Etica Bilanciato,2088,SAP SE,0.003789641080086,0.0,AZ ,Information Technology,DE0007164600,4846288,SAP GY Equity,DE ,EUR,2.402448,,11/11/2025
20251111,A83,Etica Bilanciato,454,SONY GROUP CORP,0.003745364989558,0.0,AZ ,Consumer Discretionary,JP3435000009,6821506,6758 JP Equity,JP ,JPY,2.402448,,11/11/2025
20251111,A83,Etica Bilanciato,159,BOSTON SCIENTIFIC CORP,0.003742027450761,0.0,AZ ,Health Care,US1011371077,2113434,BSX US Equity,US ,USD,2.402448,,11/11/2025
20251111,A83,Etica Bilanciato,1658,ATLAS COPCO AB-A SHS,0.003719886888282,0.0,AZ ,Industrials,SE0017486889,BLDBN41,ATCOA SS Equity,SE ,SEK,2.402448,,11/11/2025
20251111,A83,Etica Bilanciato,2170,DSV A/S,0.003716953416905,0.0,AZ ,Industrials,DK0060079531,B1WT5G2,DSV DC Equity,DK ,DKK,2.402448,,11/11/2025
20251111,A83,Etica Bilanciato,670,WELLTOWER INC,0.003652811587908,0.0,AZ ,Real Estate,US95040Q1040,BYVYHH4,WELL US Equity,US ,USD,2.402448,,11/11/2025
20251111,A83,Etica Bilanciato,40461,VERTEX PHARMACEUTICALS INC,0.003635869324315,0.0,AZ ,Health Care,US92532F1003,2931034,VRTX US Equity,US ,USD,2.402448,,11/11/2025
20251111,A83,Etica Bilanciato,125,ANALOG DEVICES INC,0.003605630242599,0.0,AZ ,Information Technology,US0326541051,2032067,ADI US Equity,US ,USD,2.402448,,11/11/2025
20251111,A83,Etica Bilanciato,531,ADOBE INC,0.003546749286236,0.0,AZ ,Information Technology,US00724F1012,2008154,ADBE US Equity,US ,USD,2.402448,,11/11/2025
20251111,A83,Etica Bilanciato,128479,BELGIUM KINGDOM BGB 3.3 06/22/54,0.003514754288798,0.0,OB ,SOVEREIGN,BE0000358672,,ZL0747895 Govt,BE ,EUR,2.402448,A,11/11/2025
20251111,A83,Etica Bilanciato,18091,PROLOGIS INC,0.003486899739319,0.0,AZ ,Real Estate,US74340W1036,B44WZD7,PLD UN Equity,US ,USD,2.402448,,11/11/2025
20251111,A83,Etica Bilanciato,2489,LENOVO GROUP LTD,0.003473796276456,0.0,AZ ,Information Technology,HK0992009065,6218089,992 HK Equity,CN ,CNY,2.402448,,11/11/2025
20251111,A83,Etica Bilanciato,667,GILEAD SCIENCES INC,0.003462674663654,0.0,AZ ,Health Care,US3755581036,2369174,GILD US Equity,US ,USD,2.402448,,11/11/2025
20251111,A83,Etica Bilanciato,4264,AUTODESK INC,0.003439946168449,0.0,AZ ,Information Technology,US0527691069,2065159,ADSK US Equity,US ,USD,2.402448,,11/11/2025
20251111,A83,Etica Bilanciato,1404,OBAYASHI CORP,0.003439603997661,0.0,AZ ,Industrials,JP3190000004,6656407,1802 JP Equity,JP ,JPY,2.402448,,11/11/2025
20251111,A83,Etica Bilanciato,164955,CHF,0.003423541059082,0.0,LQ ,CASH,,,CHF,CH ,CHF,2.402448,,11/11/2025
20251111,A83,Etica Bilanciato,1545,TOTO LTD,0.003392097383609,0.0,AZ ,Industrials,JP3596200000,6897466,5332 JP Equity,JP ,JPY,2.402448,,11/11/2025
20251111,A83,Etica Bilanciato,3760,ABB LTD,0.003388846324358,0.0,AZ ,Industrials,CH0012221716,7108899,ABBN SW Equity,CH ,CHF,2.402448,,11/11/2025
20251111,A83,Etica Bilanciato,3033,STMICROELECTRONICS NV,0.003377576898778,0.0,SE ,Information Technology,NL0000226223,5962343,STMMI IM Equity,FR ,EUR,2.402448,,11/11/2025
20251111,A83,Etica Bilanciato,414446,TELEFONICA EUROPE BV TELEFO 2.502 PERP,0.003351381783808,0.0,OB ,INDUSTRIAL,XS2109819859,,ZP7077248 Corp,ES ,EUR,2.402448,C,11/11/2025
20251111,A83,Etica Bilanciato,2955,VOESTALPINE AG,0.003347611175335,0.0,AZ ,Materials,AT0000937503,4943402,VOE AV Equity,AT ,EUR,2.402448,,11/11/2025
20251111,A83,Etica Bilanciato,233530,ZALANDO SE,0.003326933037746,0.0,AZ ,Consumer Discretionary,DE000ZAL1111,BQV0SV7,ZAL GR Equity,DE ,EUR,2.402448,,11/11/2025
20251111,A83,Etica Bilanciato,392,NOVO NORDISK A/S-B,0.003321317640841,0.0,AZ ,Health Care,DK0062498333,BP6KMJ1,NOVOB DC Equity,DK ,DKK,2.402448,,11/11/2025
20251111,A83,Etica Bilanciato,2566,UNITED PARCEL SERVICE-CL B,0.003290603859764,0.0,AZ ,Industrials,US9113121068,2517382,UPS US Equity,US ,USD,2.402448,,11/11/2025
20251111,A83,Etica Bilanciato,520,WESTERN DIGITAL CORP,0.003247875433157,0.0,AZ ,Information Technology,US9581021055,2954699,WDC US Equity,US ,USD,2.402448,,11/11/2025
20251111,A83,Etica Bilanciato,3014,ANHEUSER-BUSCH INBEV SA/NV,0.003246851375983,0.0,AZ ,Consumer Staples,BE0974293251,BYYHL23,ABI BB Equity,BE ,EUR,2.402448,,11/11/2025
20251111,A83,Etica Bilanciato,344,LOWE'S COS INC,0.003242905146475,0.0,AZ ,Consumer Discretionary,US5486611073,2536763,LOW US Equity,US ,USD,2.402448,,11/11/2025
20251111,A83,Etica Bilanciato,1734,NOKIA OYJ,0.003203448351027,0.0,AZ ,Information Technology,FI0009000681,5902941,NOKIA FH Equity,FI ,EUR,2.402448,,11/11/2025
20251111,A83,Etica Bilanciato,1337,MURATA MANUFACTURING CO LTD,0.003175111958877,0.0,AZ ,Information Technology,JP3914400001,6610403,6981 JP Equity,JP ,JPY,2.402448,,11/11/2025
20251111,A83,Etica Bilanciato,424846,OTIS WORLDWIDE CORP,0.003144258598955,0.0,AZ ,Industrials,US68902V1070,BK531S8,OTIS US Equity,US ,USD,2.402448,,11/11/2025
20251111,A83,Etica Bilanciato,1526,TOKYO ELECTRON LTD,0.002958725352407,0.0,AZ ,Information Technology,JP3571400005,6895675,8035 JP Equity,JP ,JPY,2.402448,,11/11/2025
20251111,A83,Etica Bilanciato,1609,ESSILORLUXOTTICA,0.00294862625647,0.0,AZ ,Health Care,FR0000121667,7212477,EL FP Equity,FR ,EUR,2.402448,,11/11/2025
20251111,A83,Etica Bilanciato,232,ECOLAB INC,0.002909068880932,0.0,AZ ,Materials,US2788651006,2304227,ECL US Equity,US ,USD,2.402448,,11/11/2025
20251111,A83,Etica Bilanciato,3013,NOVARTIS AG,0.002825739126821,0.0,AZ ,Health Care,CH0012005267,7103065,NOVN SW Equity,CH ,CHF,2.402448,,11/11/2025
20251111,A83,Etica Bilanciato,1714,SKF AB-B SHARES,0.002817873064975,0.0,AZ ,Industrials,SE0000108227,B1Q3J35,SKFB SS Equity,SE ,SEK,2.402448,,11/11/2025
20251111,A83,Etica Bilanciato,471,TDK CORP,0.00279493284969,0.0,AZ ,Information Technology,JP3538800008,6869302,6762 JP Equity,JP ,JPY,2.402448,,11/11/2025
20251111,A83,Etica Bilanciato,1790,CHINA OVERSEAS LAND & INVEST,0.002790676434059,0.0,AZ ,Real Estate,HK0688002218,6192150,688 HK Equity,CN ,CNY,2.402448,,11/11/2025
20251111,A83,Etica Bilanciato,236299,VONOVIA SE,0.002778705268653,0.0,AZ ,Real Estate,DE000A1ML7J1,BBJPFY1,VNA GR Equity,DE ,EUR,2.402448,,11/11/2025
20251111,A83,Etica Bilanciato,166783,XYLEM INC,0.002775012254522,0.0,AZ ,Industrials,US98419M1009,B3P2CN8,XYL US Equity,US ,USD,2.402448,,11/11/2025
20251111,A83,Etica Bilanciato,411899,Etica Sustainable Global Equity - Class S,0.002755941635809,0.0,FO ,No Sector,LU2052491334,,MUSGESE LX Equity,DEV,MUL,2.402448,,11/11/2025
20251111,A83,Etica Bilanciato,3011,DEUTSCHE TELEKOM AG,0.002754254987452,0.0,AZ ,Communication Services,DE0005557508,5842359,DTE GR Equity,DE ,EUR,2.402448,,11/11/2025
20251111,A83,Etica Bilanciato,239153,BUNDESREPUB. DEUTSCHLAND DBR 0 08/15/31,0.002722314696815,0.0,OB ,SOVEREIGN,DE0001030732,,BR2433760 Govt,DE ,EUR,2.402448,A,11/11/2025
20251111,A83,Etica Bilanciato,4223,COLGATE-PALMOLIVE CO,0.002675329270501,0.0,AZ ,Consumer Staples,US1941621039,2209106,CL US Equity,US ,USD,2.402448,,11/11/2025
20251111,A83,Etica Bilanciato,302,HONDA MOTOR CO LTD,0.002675166499156,0.0,AZ ,Consumer Discretionary,JP3854600008,6435145,7267 JP Equity,JP ,JPY,2.402448,,11/11/2025
20251111,A83,Etica Bilanciato,57392,EQUINIX INC,0.002606817058537,0.0,AZ ,Real Estate,US29444U7000,BVLZX12,EQIX US Equity,US ,USD,2.402448,,11/11/2025
20251111,A83,Etica Bilanciato,565111,BONOS Y OBLIG DEL ESTADO SPGB 3.2 10/31/35,0.002594578613391,0.0,OB ,SOVEREIGN,ES0000012P33,,YO9201485 Govt,ES ,EUR,2.402448,A,11/11/2025
20251111,A83,Etica Bilanciato,405936,CARRIER GLOBAL CORP,0.002564225874467,0.0,AZ ,Industrials,US14448C1045,BK4N0D7,CARR US Equity,US ,USD,2.402448,,11/11/2025
20251111,A83,Etica Bilanciato,23406,IBIDEN CO LTD,0.00256371529315,0.0,AZ ,Information Technology,JP3148800000,6456102,4062 JP Equity,JP ,JPY,2.402448,,11/11/2025
20251111,A83,Etica Bilanciato,2831,BREMBO N.V.,0.002547841430047,0.0,AZ ,Consumer Discretionary,NL0015001KT6,BSMM753,BRE IM Equity,IT ,EUR,2.402448,,11/11/2025
20251111,A83,Etica Bilanciato,17897,SK HYNIX INC,0.00253425539054,0.0,AZ ,Information Technology,KR7000660001,6450267,000660 KS Equity,KR ,KRW,2.402448,,11/11/2025
20251111,A83,Etica Bilanciato,344928,IRELAND GOVERNMENT BOND IRISH 1.35 03/18/31,0.002470781099281,0.0,OB ,SOVEREIGN,IE00BFZRQ242,,AU9204705 Govt,IE ,EUR,2.402448,A,11/11/2025
20251111,A83,Etica Bilanciato,49977,TE CONNECTIVITY PLC,0.002440475339773,0.0,AZ ,Information Technology,IE000IVNQZ81,BRC3N84,TEL US Equity,US ,USD,2.402448,,11/11/2025
20251111,A83,Etica Bilanciato,184644,ZOETIS INC,0.002416640582463,0.0,AZ ,Health Care,US98978V1035,B95WG16,ZTS US Equity,US ,USD,2.402448,,11/11/2025
20251111,A83,Etica Bilanciato,514999,BUNDESREPUB. DEUTSCHLAND DBR 1.8 08/15/53,0.002406796050966,0.0,OB ,SOVEREIGN,DE0001030757,,ZK9574730 Govt,DE ,EUR,2.402448,A,11/11/2025
20251111,A83,Etica Bilanciato,1040,TATE & LYLE PLC,0.002406305240389,0.0,AZ ,Consumer Staples,GB00BP92CJ43,BP92CJ4,TATE LN Equity,GB ,GBP,2.402448,,11/11/2025
20251111,A83,Etica Bilanciato,405921,Etica Sustainable Dynamic Allocation - Class S,0.002377234937669,0.0,FO ,No Sector,LU2052490872,,MUSDASE LX Equity,DEV,MUL,2.402448,,11/11/2025
20251111,A83,Etica Bilanciato,23355,RALPH LAUREN CORP,0.002330633601281,0.0,AZ ,Consumer Discretionary,US7512121010,B4V9661,RL US Equity,US ,USD,2.402448,,11/11/2025
20251111,A83,Etica Bilanciato,164963,SGD,0.002330516951327,0.0,LQ ,CASH,,,SGD,SG ,SGD,2.402448,,11/11/2025
20251111,A83,Etica Bilanciato,1575,ASTELLAS PHARMA INC,0.00232470557857,0.0,AZ ,Health Care,JP3942400007,6985383,4503 JP Equity,JP ,JPY,2.402448,,11/11/2025
20251111,A83,Etica Bilanciato,1146,BRIDGESTONE CORP,0.002315788142331,0.0,AZ ,Consumer Discretionary,JP3830800003,6132101,5108 JP Equity,JP ,JPY,2.402448,,11/11/2025
20251111,A83,Etica Bilanciato,504076,TELEFONICA EUROPE BV TELEFO 6.135 PERP,0.002276042363264,0.0,OB ,INDUSTRIAL,XS2582389156,,ZM6546588 Corp,ES ,EUR,2.402448,C,11/11/2025
20251111,A83,Etica Bilanciato,2867,DARDEN RESTAURANTS INC,0.00218157661669,0.0,AZ ,Consumer Discretionary,US2371941053,2289874,DRI UN Equity,US ,USD,2.402448,,11/11/2025
20251111,A83,Etica Bilanciato,4266,MCCORMICK & CO-NON VTG SHRS,0.002162311293648,0.0,AZ ,Consumer Staples,US5797802064,2550161,MKC UN Equity,US ,USD,2.402448,,11/11/2025
20251111,A83,Etica Bilanciato,188,THE CIGNA GROUP,0.002103071884711,0.0,AZ ,Health Care,US1255231003,BHJ0775,CI US Equity,US ,USD,2.402448,,11/11/2025
20251111,A83,Etica Bilanciato,1340,NEC CORP,0.002096947798277,0.0,AZ ,Information Technology,JP3733000008,6640400,6701 JP Equity,JP ,JPY,2.402448,,11/11/2025
20251111,A83,Etica Bilanciato,534121,TERNA RETE ELETTRICA TRNIM 4 3/4 PERP,0.002087872609619,0.0,OB ,UTILITY,XS2798269069,,ZB2049300 Corp,IT ,EUR,2.402448,B,11/11/2025
20251111,A83,Etica Bilanciato,405993,SSE PLC SSELN 3 1/8 PERP,0.002085420774161,0.0,OB ,UTILITY,XS2195190520,,BK2936866 Corp,GB ,EUR,2.402448,B,11/11/2025
20251111,A83,Etica Bilanciato,1001,PERSIMMON PLC,0.002084887222603,0.0,AZ ,Consumer Discretionary,GB0006825383,682538,PSN LN Equity,GB ,GBP,2.402448,,11/11/2025
20251111,A83,Etica Bilanciato,1457,SHIMIZU CORP,0.002059413716408,0.0,AZ ,Industrials,JP3358800005,6804400,1803 JP Equity,JP ,JPY,2.402448,,11/11/2025
20251111,A83,Etica Bilanciato,100272,AMERICAN WATER WORKS CO INC,0.002033322608456,0.0,AZ ,Utilities,US0304201033,B2R3PV1,AWK US Equity,US ,USD,2.402448,,11/11/2025
20251111,A83,Etica Bilanciato,3065,ELEVANCE HEALTH INC,0.002017727835848,0.0,AZ ,Health Care,US0367521038,BSPHGL4,ELV US Equity,US ,USD,2.402448,,11/11/2025
20251111,A83,Etica Bilanciato,651,EXPEDITORS INTL WASH INC,0.001995530405999,0.0,AZ ,Industrials,US3021301094,2325507,EXPD US Equity,US ,USD,2.402448,,11/11/2025
20251111,A83,Etica Bilanciato,239132,REPUBLIKA SLOVENIJA SLOREP 0 1/8 07/01/31,0.001992361251887,0.0,OB ,SOVEREIGN,SI0002104196,,BQ1964585 Govt,SI ,EUR,2.402448,A,11/11/2025
20251111,A83,Etica Bilanciato,148,BECTON DICKINSON AND CO,0.001981487964757,0.0,AZ ,Health Care,US0758871091,2087807,BDX US Equity,US ,USD,2.402448,,11/11/2025
20251111,A83,Etica Bilanciato,276440,DELL TECHNOLOGIES -C,0.001932290913607,0.0,AZ ,Information Technology,US24703L2025,BHKD3S6,DELL US Equity,US ,USD,2.402448,,11/11/2025
20251111,A83,Etica Bilanciato,3119,INTERPUMP GROUP SPA,0.001931641094588,0.0,AZ ,Industrials,IT0001078911,5161407,IP IM Equity,IT ,EUR,2.402448,,11/11/2025
20251111,A83,Etica Bilanciato,336777,ULTA BEAUTY INC,0.001927066873992,0.0,AZ ,Consumer Discretionary,US90384S3031,B28TS42,ULTA UW Equity,US ,USD,2.402448,,11/11/2025
20251111,A83,Etica Bilanciato,389755,Etica Sustainable Conservative Allocation - Class S,0.001912730476723,0.0,FO ,No Sector,LU2052490286,,MUSCASS LX Equity,5A ,EUR,2.402448,,11/11/2025
20251111,A83,Etica Bilanciato,88166,REXEL SA,0.001902041644145,0.0,AZ ,Industrials,FR0010451203,B1VP0K0,RXL FP Equity,FR ,EUR,2.402448,,11/11/2025
20251111,A83,Etica Bilanciato,2658,ASSA ABLOY AB-B,0.001886080965523,0.0,AZ ,Industrials,SE0007100581,BYPC1T4,ASSAB SS Equity,SE ,SEK,2.402448,,11/11/2025
20251111,A83,Etica Bilanciato,469,SYSCO CORP,0.001857999215344,0.0,AZ ,Consumer Staples,US8718291078,2868165,SYY US Equity,US ,USD,2.402448,,11/11/2025
20251111,A83,Etica Bilanciato,4275,HASBRO INC,0.001835549800297,0.0,AZ ,Consumer Discretionary,US4180561072,2414580,HAS US Equity,US ,USD,2.402448,,11/11/2025
20251111,A83,Etica Bilanciato,318,INTL FLAVORS & FRAGRANCES,0.001833406378057,0.0,AZ ,Materials,US4595061015,2464165,IFF US Equity,US ,USD,2.402448,,11/11/2025
20251111,A83,Etica Bilanciato,349,MASCO CORP,0.001819265770564,0.0,AZ ,Industrials,US5745991068,2570200,MAS US Equity,US ,USD,2.402448,,11/11/2025
20251111,A83,Etica Bilanciato,366,MICRON TECHNOLOGY INC,0.001818869471882,0.0,AZ ,Information Technology,US5951121038,2588184,MU US Equity,US ,USD,2.402448,,11/11/2025
20251111,A83,Etica Bilanciato,3371,ERG SPA,0.001815484255879,0.0,AZ ,Utilities,IT0001157020,5337093,ERG IM Equity,IT ,EUR,2.402448,,11/11/2025
20251111,A83,Etica Bilanciato,44974,LEGRAND SA,0.001813894285158,0.0,AZ ,Industrials,FR0010307819,B11ZRK9,LR FP Equity,FR ,EUR,2.402448,,11/11/2025
20251111,A83,Etica Bilanciato,51209,TELEFONICA EUROPE BV TELEFO 7 1/8 PERP,0.00180111840667,0.0,OB ,INDUSTRIAL,XS2462605671,,ZN3747385 Corp,ES ,EUR,2.402448,C,11/11/2025
20251111,A83,Etica Bilanciato,432910,SSE PLC SSELN 3.74 PERP,0.00179268646229,0.0,OB ,UTILITY,XS2195190876,,BK2909863 Corp,GB ,GBP,2.402448,B,11/11/2025
20251111,A83,Etica Bilanciato,19461,DICK'S SPORTING GOODS INC,0.001762905229578,0.0,AZ ,Consumer Discretionary,US2533931026,2969637,DKS US Equity,US ,USD,2.402448,,11/11/2025
20251111,A83,Etica Bilanciato,336003,TELEFONICA EUROPE BV TELEFO 5.7522 PERP,0.001694166168394,0.0,OB ,INDUSTRIAL,XS2755535577,,ZD4852251 Corp,ES ,EUR,2.402448,C,11/11/2025
20251111,A83,Etica Bilanciato,1088,ORICA LTD,0.001686276572906,0.0,AZ ,Materials,AU000000ORI1,6458001,ORI AU Equity,AU ,AUD,2.402448,,11/11/2025
20251111,A83,Etica Bilanciato,164723,EUR,0.00168200123939,0.0,LQ ,CASH,,,EUR,5A ,EUR,2.402448,,11/11/2025
20251111,A83,Etica Bilanciato,500911,ORSTED A/S ORSTED 5 1/4 12/08/3022,0.001659279091498,0.0,OB ,UTILITY,XS2563353361,,ZN6806667 Corp,DK ,EUR,2.402448,C,11/11/2025
20251111,A83,Etica Bilanciato,2298,TRACTOR SUPPLY COMPANY,0.001654996976489,0.0,AZ ,Consumer Discretionary,US8923561067,2900335,TSCO US Equity,US ,USD,2.402448,,11/11/2025
20251111,A83,Etica Bilanciato,18074,ESTEE LAUDER COMPANIES-CL A,0.001641471892889,0.0,AZ ,Consumer Staples,US5184391044,2320524,EL US Equity,US ,USD,2.402448,,11/11/2025
20251111,A83,Etica Bilanciato,31928,DIGITAL REALTY TRUST INC,0.001610973372535,0.0,AZ ,Real Estate,US2538681030,B03GQS4,DLR US Equity,US ,USD,2.402448,,11/11/2025
20251111,A83,Etica Bilanciato,34107,DAIICHI SANKYO CO LTD,0.001569779563743,0.0,AZ ,Health Care,JP3475350009,B0J7D91,4568 JP Equity,JP ,JPY,2.402448,,11/11/2025
20251111,A83,Etica Bilanciato,152,BEST BUY CO INC,0.001563536325645,0.0,AZ ,Consumer Discretionary,US0865161014,2094670,BBY US Equity,US ,USD,2.402448,,11/11/2025
20251111,A83,Etica Bilanciato,2985,CANADIAN NATL RAILWAY CO,0.001547439365886,0.0,AZ ,Industrials,CA1363751027,2180632,CNR CN Equity,CA ,CAD,2.402448,,11/11/2025
20251111,A83,Etica Bilanciato,242496,PAYPAL HOLDINGS INC,0.001528857852032,0.0,AZ ,Financials,US70450Y1038,BYW36M8,PYPL US Equity,US ,USD,2.402448,,11/11/2025
20251111,A83,Etica Bilanciato,406149,CAISSE D'AMORT DETTE SOC CADES 0 11/25/26,0.001516733694689,0.0,OB ,Quasi & Foreign Government,FR0014004016,,BP9677991 Govt,FR ,EUR,2.402448,A,11/11/2025
20251111,A83,Etica Bilanciato,492162,KOMMUNEKREDIT KOMMUN 1 1/2 05/16/29,0.001490640803493,0.0,OB ,Quasi & Foreign Government,XS2489343793,,BW8977538 Govt,DK ,EUR,2.402448,A,11/11/2025
20251111,A83,Etica Bilanciato,295,HERSHEY CO/THE,0.00148787997591,0.0,AZ ,Consumer Staples,US4278661081,2422806,HSY US Equity,US ,USD,2.402448,,11/11/2025
20251111,A83,Etica Bilanciato,23481,CBRE GROUP INC,0.001475500070468,0.0,AZ ,Real Estate,US12504L1098,B6WVMH3,CBRE US Equity,US ,USD,2.402448,,11/11/2025
20251111,A83,Etica Bilanciato,1138,ASICS CORP,0.001417713942779,0.0,AZ ,Consumer Discretionary,JP3118000003,6057378,7936 JP Equity,JP ,JPY,2.402448,,11/11/2025
20251111,A83,Etica Bilanciato,253654,FERRARI NV,0.001410238995288,0.0,AZ ,Consumer Discretionary,NL0011585146,BZ1GMK5,RACE US Equity,IT ,EUR,2.402448,,11/11/2025
20251111,A83,Etica Bilanciato,406189,ERG SPA ERGIM 0 7/8 09/15/31,0.001365307560271,0.0,OB ,UTILITY,XS2386650274,,BR3380614 Corp,IT ,EUR,2.402448,NR,11/11/2025
20251111,A83,Etica Bilanciato,335212,LEVI STRAUSS & CO- CLASS A,0.001362813397338,0.0,AZ ,Consumer Discretionary,US52736R1023,BHRWS81,LEVI US Equity,US ,USD,2.402448,,11/11/2025
20251111,A83,Etica Bilanciato,3837,AGILENT TECHNOLOGIES INC,0.001333386642376,0.0,AZ ,Health Care,US00846U1016,2520153,A US Equity,US ,USD,2.402448,,11/11/2025
20251111,A83,Etica Bilanciato,237464,INFINEON TECHNOLOGIES AG IFXGR 3 5/8 PERP,0.00132878318176,0.0,OB ,INDUSTRIAL,XS2056730679,,ZR7968624 Corp,DE ,EUR,2.402448,B,11/11/2025
20251111,A83,Etica Bilanciato,239100,FORVIA SE EOFP 2 3/8 06/15/29,0.001309438672379,0.0,OB ,INDUSTRIAL,XS2312733871,,BO6324905 Corp,FR ,EUR,2.402448,C,11/11/2025
20251111,A83,Etica Bilanciato,406011,ERG SPA ERGIM 0 1/2 09/11/27,0.001295440233311,0.0,OB ,UTILITY,XS2229434852,,ZO3431582 Corp,IT ,EUR,2.402448,NR,11/11/2025
20251111,A83,Etica Bilanciato,1,LG ELECTRONICS INC,0.001284144208978,0.0,AZ ,Consumer Discretionary,KR7066570003,6520739,066570 KS Equity,KR ,KRW,2.402448,,11/11/2025
20251111,A83,Etica Bilanciato,57810,VENTAS INC,0.001281659618701,0.0,AZ ,Real Estate,US92276F1003,2927925,VTR US Equity,US ,USD,2.402448,,11/11/2025
20251111,A83,Etica Bilanciato,3385,YUM! BRANDS INC,0.001266367630465,0.0,AZ ,Consumer Discretionary,US9884981013,2098876,YUM UN Equity,US ,USD,2.402448,,11/11/2025
20251111,A83,Etica Bilanciato,50381,LULULEMON ATHLETICA INC,0.001231726201792,0.0,AZ ,Consumer Discretionary,US5500211090,B23FN39,LULU US Equity,US ,USD,2.402448,,11/11/2025
20251111,A83,Etica Bilanciato,1755,SWIRE PACIFIC LTD - CL A,0.001230534266477,0.0,AZ ,Industrials,HK0019000162,6867748,19 HK Equity,HK ,HKD,2.402448,,11/11/2025
20251111,A83,Etica Bilanciato,387,NORSK HYDRO ASA,0.001229392644468,0.0,AZ ,Materials,NO0005052605,B11HK39,NHY NO Equity,NO ,NOK,2.402448,,11/11/2025
20251111,A83,Etica Bilanciato,343334,GODADDY INC - CLASS A,0.00122123844669,0.0,AZ ,Information Technology,US3802371076,BWFRFC6,GDDY US Equity,US ,USD,2.402448,,11/11/2025
20251111,A83,Etica Bilanciato,335356,TAKEDA PHARMACEUTICAL TACHEM 1 07/09/29,0.001211564760236,0.0,OB ,INDUSTRIAL,XS2197348597,,BK2909210 Corp,JP ,EUR,2.402448,B,11/11/2025
20251111,A83,Etica Bilanciato,67156,KEURIG DR PEPPER INC,0.001198616449875,0.0,AZ ,Consumer Staples,US49271V1008,BD3W133,KDP US Equity,US ,USD,2.402448,,11/11/2025
20251111,A83,Etica Bilanciato,58909,EDWARDS LIFESCIENCES CORP,0.001155027579957,0.0,AZ ,Health Care,US28176E1082,2567116,EW US Equity,US ,USD,2.402448,,11/11/2025
20251111,A83,Etica Bilanciato,335227,NEXI SPA,0.001143453529907,0.0,AZ ,Financials,IT0005366767,BJ1F880,NEXI IM Equity,IT ,EUR,2.402448,,11/11/2025
20251111,A83,Etica Bilanciato,454000,ORSTED A/S ORSTED 1 1/2 02/18/3021,0.001109360177179,0.0,OB ,UTILITY,XS2293075680,,BO0165460 Corp,DK ,EUR,2.402448,C,11/11/2025
20251111,A83,Etica Bilanciato,335766,NOKIA OYJ NOKIA 4 3/8 08/21/31,0.001094124436054,0.0,OB ,INDUSTRIAL,XS2488809612,,ZM9740188 Corp,FI ,EUR,2.402448,C,11/11/2025
20251111,A83,Etica Bilanciato,406118,CAISSE FRANCAISE DE FIN CAFFIL 0.01 04/27/29,0.00108875829004,0.0,OB ,Covered,FR00140033E4,,BP1529455 Govt,FR ,EUR,2.402448,A,11/11/2025
20251111,A83,Etica Bilanciato,173,CADENCE DESIGN SYS INC,0.001059687951137,0.0,AZ ,Information Technology,US1273871087,2302232,CDNS US Equity,US ,USD,2.402448,,11/11/2025
20251111,A83,Etica Bilanciato,405955,NOKIA OYJ NOKIA 3 1/8 05/15/28,0.001059164799247,0.0,OB ,INDUSTRIAL,XS2171872570,,BJ3268486 Corp,FI ,EUR,2.402448,C,11/11/2025
20251111,A83,Etica Bilanciato,321288,INMOBILIARIA COLONIAL SO COLSM 1 5/8 11/28/25,0.001048374564735,0.0,OB ,INDUSTRIAL,XS1725677543,,AQ1248246 Corp,ES ,EUR,2.402448,B,11/11/2025
20251111,A83,Etica Bilanciato,235482,MERLIN PROPERTIES SOCIMI SA,0.001034892304817,0.0,AZ ,Real Estate,ES0105025003,BNGNB77,MRL SM Equity,ES ,EUR,2.402448,,11/11/2025
20251111,A83,Etica Bilanciato,1010,RELX PLC,0.001030235434772,0.0,AZ ,Industrials,GB00B2B0DG97,B2B0DG9,REL LN Equity,GB ,GBP,2.402448,,11/11/2025
20251111,A83,Etica Bilanciato,24041,TERNA-RETE ELETTRICA NAZIONA,0.001019834350462,0.0,AZ ,Utilities,IT0003242622,B01BN57,TRN IM Equity,IT ,EUR,2.402448,,11/11/2025
20251111,A83,Etica Bilanciato,407318,ORSTED A/S ORSTED 1 3/4 12/09/3019,0.001006118816479,0.0,OB ,UTILITY,XS2010036874,,ZQ8044799 Corp,DK ,EUR,2.402448,C,11/11/2025
20251111,A83,Etica Bilanciato,443609,ORANGE SA ORAFP 1 3/4 PERP,0.000990495522317,0.0,OB ,INDUSTRIAL,FR00140005L7,,ZO8379513 Corp,FR ,EUR,2.402448,B,11/11/2025
20251111,A83,Etica Bilanciato,222506,ORORA LTD,0.000971423564872,0.0,AZ ,Materials,AU000000ORA8,BH4TCW7,ORA AU Equity,AU ,AUD,2.402448,,11/11/2025
20251111,A83,Etica Bilanciato,3466,COGNIZANT TECH SOLUTIONS-A,0.000960245157064,0.0,AZ ,Information Technology,US1924461023,2257019,CTSH US Equity,US ,USD,2.402448,,11/11/2025
20251111,A83,Etica Bilanciato,18075,BE SEMICONDUCTOR INDUSTRIES,0.000959561451253,0.0,AZ ,Information Technology,NL0012866412,BG0SCK9,BESI NA Equity,NL ,EUR,2.402448,,11/11/2025
20251111,A83,Etica Bilanciato,58318,AZBIL CORP,0.000953391786155,0.0,AZ ,Information Technology,JP3937200008,6985543,6845 JP Equity,JP ,JPY,2.402448,,11/11/2025
20251111,A83,Etica Bilanciato,312,INGERSOLL-RAND INC,0.000953177006132,0.0,AZ ,Industrials,US45687V1061,BL5GZ82,IR UN Equity,US ,USD,2.402448,,11/11/2025
20251111,A83,Etica Bilanciato,17956,RENESAS ELECTRONICS CORP,0.000916779956359,0.0,AZ ,Information Technology,JP3164720009,6635677,6723 JP Equity,JP ,JPY,2.402448,,11/11/2025
20251111,A83,Etica Bilanciato,164959,JPY,0.00090877580429,0.0,LQ ,CASH,,,JPY,JP ,JPY,2.402448,,11/11/2025
20251111,A83,Etica Bilanciato,481243,CAISSE D'AMORT DETTE SOC CADES 0.45 01/19/32,0.000895166742853,0.0,OB ,Quasi & Foreign Government,FR0014007RB1,,BT4620824 Govt,FR ,EUR,2.402448,A,11/11/2025
20251111,A83,Etica Bilanciato,382187,NOKIA OYJ NOKIA 2 03/11/26,0.000884565004908,0.0,OB ,INDUSTRIAL,XS1960685383,,AX4993215 Corp,FI ,EUR,2.402448,C,11/11/2025
20251111,A83,Etica Bilanciato,2297,AVALONBAY COMMUNITIES INC,0.000878555004693,0.0,AZ ,Real Estate,US0534841012,2131179,AVB US Equity,US ,USD,2.402448,,11/11/2025
20251111,A83,Etica Bilanciato,4106,ZIMMER BIOMET HOLDINGS INC,0.000835708909874,0.0,AZ ,Health Care,US98956P1021,2783815,ZBH US Equity,US ,USD,2.402448,,11/11/2025
20251111,A83,Etica Bilanciato,31968,PENTAIR PLC,0.000817450359468,0.0,AZ ,Industrials,IE00BLS09M33,BLS09M3,PNR UN Equity,US ,USD,2.402448,,11/11/2025
20251111,A83,Etica Bilanciato,335772,BONOS Y OBLIG DEL ESTADO SPGB 3.9 07/30/39,0.000817083874546,0.0,OB ,SOVEREIGN,ES0000012L60,,ZL1845482 Govt,ES ,EUR,2.402448,A,11/11/2025
20251111,A83,Etica Bilanciato,212462,ORSTED A/S ORSTED 3 3/4 03/01/30,0.000810467504422,0.0,OB ,UTILITY,XS2591029876,,ZL2347488 Corp,DK ,EUR,2.402448,B,11/11/2025
20251111,A83,Etica Bilanciato,235835,RAI WAY SPA,0.000798441797614,0.0,AZ ,Communication Services,IT0005054967,BSM8WL2,RWAY IM Equity,IT ,EUR,2.402448,,11/11/2025
20251111,A83,Etica Bilanciato,212398,TELIA COMPANY AB TELIAS 2 3/4 06/30/2083,0.000781328735497,0.0,OB ,INDUSTRIAL,XS2443749648,,BV4439170 Corp,SE ,EUR,2.402448,B,11/11/2025
20251111,A83,Etica Bilanciato,3478,SOL SPA,0.000778198114946,0.0,AZ ,Materials,IT0001206769,5490684,SOL IM Equity,IT ,EUR,2.402448,,11/11/2025
20251111,A83,Etica Bilanciato,451544,EDP SA EDPPL 1 7/8 08/02/2081,0.000772499711943,0.0,OB ,UTILITY,PTEDPROM0029,,BN7191719 Corp,PT ,EUR,2.402448,C,11/11/2025
20251111,A83,Etica Bilanciato,50261,DIASORIN SPA,0.000756245666542,0.0,AZ ,Health Care,IT0003492391,B234WN9,DIA IM Equity,IT ,EUR,2.402448,,11/11/2025
20251111,A83,Etica Bilanciato,211955,TECHNOGYM SPA,0.000737833622825,0.0,AZ ,Consumer Discretionary,IT0005162406,BD9Y5C0,TGYM IM Equity,IT ,EUR,2.402448,,11/11/2025
20251111,A83,Etica Bilanciato,58590,SYSMEX CORP,0.000716133087254,0.0,AZ ,Health Care,JP3351100007,6883807,6869 JP Equity,JP ,JPY,2.402448,,11/11/2025
20251111,A83,Etica Bilanciato,212828,PRYSMIAN SPA PRYIM 3 7/8 11/28/31,0.000716063545935,0.0,OB ,INDUSTRIAL,XS2948434266,,YT3439742 Corp,IT ,EUR,2.402448,B,11/11/2025
20251111,A83,Etica Bilanciato,536433,EDP SA EDPPL 4 3/4 05/29/54,0.000656483330779,0.0,OB ,UTILITY,PTEDPZOM0011,,YX2446822 Corp,PT ,EUR,2.402448,C,11/11/2025
20251111,A83,Etica Bilanciato,1093,LENDLEASE GROUP,0.00060884178982,0.0,AZ ,Real Estate,AU000000LLC3,6512004,LLC AU Equity,AU ,AUD,2.402448,,11/11/2025
20251111,A83,Etica Bilanciato,476807,SOCIETE FONCIERE LYONNAI FLYFP 0 1/2 04/21/28,0.000591909315974,0.0,OB ,INDUSTRIAL,FR00140060E7,,BR9645093 Corp,FR ,EUR,2.402448,B,11/11/2025
20251111,A83,Etica Bilanciato,1024,SSE PLC,0.000585461645834,0.0,AZ ,Utilities,GB0007908733,790873,SSE LN Equity,GB ,GBP,2.402448,,11/11/2025
20251111,A83,Etica Bilanciato,5574,ERG SPA ERGIM 4 1/8 07/03/30,0.000547117020453,0.0,OB ,UTILITY,XS2853679053,,YX9810210 Corp,IT ,EUR,2.402448,NR,11/11/2025
20251111,A83,Etica Bilanciato,128611,BRITISH TELECOMMUNICATIO BRITEL 5 1/8 10/03/54,0.000541638711021,0.0,OB ,INDUSTRIAL,XS2794589403,,ZB0014470 Corp,GB ,EUR,2.402448,C,11/11/2025
20251111,A83,Etica Bilanciato,677,BIOGEN INC,0.000513078079905,0.0,AZ ,Health Care,US09062X1037,2455965,BIIB US Equity,US ,USD,2.402448,,11/11/2025
20251111,A83,Etica Bilanciato,239013,KLEPIERRE SA LIFP 2 05/12/29,0.000507028993065,0.0,OB ,INDUSTRIAL,FR0013512233,,BJ2958731 Corp,FR ,EUR,2.402448,A,11/11/2025
20251111,A83,Etica Bilanciato,237336,OBRIGACOES DO TESOURO PGB 2 1/4 04/18/34,0.000499608049418,0.0,OB ,SOVEREIGN,PTOTEWOE0017,,AS1769569 Govt,PT ,EUR,2.402448,A,11/11/2025
20251111,A83,Etica Bilanciato,23349,CORBION NV,0.000493124202698,0.0,AZ ,Materials,NL0010583399,BFRSRR7,CRBN NA Equity,NL ,EUR,2.402448,,11/11/2025
20251111,A83,Etica Bilanciato,503621,A2A SPA AEMSPA 4 3/8 02/03/34,0.000451453730393,0.0,OB ,UTILITY,XS2583205906,,ZM7159977 Corp,IT ,EUR,2.402448,B,11/11/2025
20251111,A83,Etica Bilanciato,58681,JONES LANG LASALLE INC,0.000442981402014,0.0,AZ ,Real Estate,US48020Q1076,2040640,JLL US Equity,US ,USD,2.402448,,11/11/2025
20251111,A83,Etica Bilanciato,3672,AMPLIFON SPA,0.000428370845308,0.0,AZ ,Health Care,IT0004056880,B14NJ71,AMP IM Equity,IT ,EUR,2.402448,,11/11/2025
20251111,A83,Etica Bilanciato,51536,RENAULT SA RENAUL 3 7/8 09/30/30,0.000415729893725,0.0,OB ,INDUSTRIAL,FR0014010DR1,,YK3273678 Corp,FR ,EUR,2.402448,C,11/11/2025
20251111,A83,Etica Bilanciato,247914,INFRASTRUTTURE WIRELESS ITAL,0.00037167472378,0.0,AZ ,Communication Services,IT0005090300,BZ0P4R4,INW IM Equity,IT ,EUR,2.402448,,11/11/2025
20251111,A83,Etica Bilanciato,235231,ORANGE SA ORAFP 5 PERP,0.000356594305729,0.0,OB ,INDUSTRIAL,XS1115498260,,EK5085239 Corp,FR ,EUR,2.402448,B,11/11/2025
20251111,A83,Etica Bilanciato,63,HERA SPA,0.000328165381343,0.0,AZ ,Utilities,IT0001250932,7598003,HER IM Equity,IT ,EUR,2.402448,,11/11/2025
20251111,A83,Etica Bilanciato,3321,BXP INC,0.000317576699841,0.0,AZ ,Real Estate,US1011211018,2019479,BXP US Equity,US ,USD,2.402448,,11/11/2025
20251111,A83,Etica Bilanciato,3245,EDP SA,0.000310156236893,0.0,AZ ,Utilities,PTEDP0AM0009,4103596,EDP PL Equity,PT ,EUR,2.402448,,11/11/2025
20251111,A83,Etica Bilanciato,48675,PRYSMIAN SPA,0.000285142771283,0.0,AZ ,Industrials,IT0004176001,B1W4V69,PRY IM Equity,IT ,EUR,2.402448,,11/11/2025
20251111,A83,Etica Bilanciato,494559,SSE PLC SSELN 2 7/8 08/01/29,0.000261290171203,0.0,OB ,UTILITY,XS2510903862,,BY0600829 Corp,GB ,EUR,2.402448,B,11/11/2025
20251111,A83,Etica Bilanciato,3476,A2A SPA,0.000239088502921,0.0,AZ ,Utilities,IT0001233417,5499131,A2A IM Equity,IT ,EUR,2.402448,,11/11/2025
20251111,A83,Etica Bilanciato,164725,HKD,0.000230012828393,0.0,LQ ,CASH,,,HKD,HK ,HKD,2.402448,,11/11/2025
20251111,A83,Etica Bilanciato,185030,NETHERLANDS GOVERNMENT NETHER 0 1/2 01/15/40,0.000183252690315,0.0,OB ,SOVEREIGN,NL0013552060,,ZS0947771 Govt,NL ,EUR,2.402448,A,11/11/2025
20251111,A83,Etica Bilanciato,164722,DKK,0.000164051367616,0.0,LQ ,CASH,,,DKK,DK ,DKK,2.402448,,11/11/2025
20251111,A83,Etica Bilanciato,170146,EUR C/MARGINI,0.000147240071612,0.0,OT ,CASH,,,EUR C/MARGINI,5A ,EUR,2.402448,,11/11/2025
20251111,A83,Etica Bilanciato,447577,STORA ENSO OYJ STERV 0 5/8 12/02/30,0.000139635764036,0.0,OB ,INDUSTRIAL,XS2265360359,,BM7557275 Corp,FI ,EUR,2.402448,B,11/11/2025
20251111,A83,Etica Bilanciato,1464,SHISEIDO CO LTD,0.00012756357402,0.0,AZ ,Consumer Staples,JP3351600006,6805265,4911 JP Equity,JP ,JPY,2.402448,,11/11/2025
20251111,A83,Etica Bilanciato,164960,NOK,0.000109075290192,0.0,LQ ,CASH,,,NOK,NO ,NOK,2.402448,,11/11/2025
20251111,A83,Etica Bilanciato,314765,PIRELLI & C SPA,0.000097511029889,0.0,AZ ,Consumer Discretionary,IT0005278236,BZ5ZHK3,PIRC IM Equity,IT ,EUR,2.402448,,11/11/2025
20251111,A83,Etica Bilanciato,164726,SEK,0.000078016536826,0.0,LQ ,CASH,,,SEK,SE ,SEK,2.402448,,11/11/2025
20251111,A83,Etica Bilanciato,172066,ALLINEAMENTO NAV,0.000059871385186,0.0,OT ,CASH,,,ALLINEAMENTO NAV,5A ,EUR,2.402448,,11/11/2025
20251111,A83,Etica Bilanciato,184686,TESLA INC,0.0,0.00520718269296,AZ ,Consumer Discretionary,US88160R1014,B616C79,TSLA US Equity,US ,USD,2.402448,,11/11/2025
20251111,A83,Etica Bilanciato,227088,ALPHABET INC-CL A,0.0,0.009270072140724,AZ ,Communication Services,US02079K3059,BYVY8G0,GOOGL US Equity,US ,USD,2.402448,,11/11/2025
20251111,A83,Etica Bilanciato,28663,ALPHABET INC-CL C,0.0,0.007874082654258,AZ ,Communication Services,US02079K1079,BYY88Y7,GOOG US Equity,US ,USD,2.402448,,11/11/2025
20251111,A83,Etica Bilanciato,50594,BROADCOM INC,0.0,0.00857690395104,AZ ,Information Technology,US11135F1012,BDZ78H9,AVGO US Equity,US ,USD,2.402448,,11/11/2025
20251111,A83,Etica Bilanciato,3255,AMAZON.COM INC,0.0,0.012979683982776,AZ ,Consumer Discretionary,US0231351067,2000019,AMZN US Equity,US ,USD,2.402448,,11/11/2025
20251111,A83,Etica Bilanciato,553,MICROSOFT CORP,0.0,0.014698966308894,AZ ,Information Technology,US5949181045,2588173,MSFT US Equity,US ,USD,2.402448,,11/11/2025
20251111,A83,Etica Bilanciato,534,APPLE INC,0.0,0.022557602528754,AZ ,Information Technology,US0378331005,2046251,AAPL US Equity,US ,USD,2.402448,,11/11/2025
20251111,A83,Etica Bilanciato,164736,DEBITI COMPENSO REVISIONE,-0.000002494478232,0.0,CD ,CASH,,,DEBITI COMPENSO REVISIONE,5A ,EUR,2.402448,,11/11/2025
20251111,A83,Etica Bilanciato,164733,DEBITI COMMISSIONE GESTIONE,-0.000020134827296,0.0,CD ,CASH,,,DEBITI COMMISSIONE GESTIONE,5A ,EUR,2.402448,,11/11/2025
20251111,A83,Etica Bilanciato,164730,DEBITI COMMISSIONE DEPOSITARIA,-0.000105275989593,0.0,CD ,CASH,,,DEBITI COMMISSIONE DEPOSITARIA,5A ,EUR,2.402448,,11/11/2025
20251111,A83,Etica Bilanciato,179420,DEBITI COMMISSIONE AMMINISTRAZIONE,-0.002273027162488,0.0,CD ,CASH,,,DEBITI COMMISSIONE AMMINISTRAZIONE,5A ,EUR,2.402448,,11/11/2025
20251111,A83,Etica Bilanciato,571448,Euro-BTP Future   Dec25,-0.00476660411705,0.0,FU ,SOVEREIGN,,,IKZ5 Comdty,IT ,EUR,2.402448,,11/11/2025
20251111,A88,Etica Azionario,3458,NVIDIA CORP,0.074304425279621,0.057520190406357,AZ ,Information Technology,US67066G1040,2379504,NVDA US Equity,US ,USD,3.484931,,11/11/2025
20251111,A88,Etica Azionario,571126,AUSTRIAN T-BILL RATB 0 11/27/25,0.028283513545848,0.0,OB ,SOVEREIGN,AT0000A3MUA7,,YL5192205 Govt,AT ,EUR,3.484931,A,11/11/2025
20251111,A88,Etica Azionario,65876,VISA INC-CLASS A SHARES,0.026615278665906,0.009559403571438,AZ ,Financials,US92826C8394,B2PZN04,V US Equity,US ,USD,3.484931,,11/11/2025
20251111,A88,Etica Azionario,45465,MASTERCARD INC - A,0.02632041336571,0.007442204298354,AZ ,Financials,US57636Q1040,B121557,MA US Equity,US ,USD,3.484931,,11/11/2025
20251111,A88,Etica Azionario,554,ORACLE CORP,0.022130793341323,0.0,AZ ,Information Technology,US68389X1054,2661568,ORCL US Equity,US ,USD,3.484931,,11/11/2025
20251111,A88,Etica Azionario,164724,GBP,0.018842152035552,0.0,LQ ,CASH,,,GBP,GB ,GBP,3.484931,,11/11/2025
20251111,A88,Etica Azionario,164727,USD,0.018399498186426,0.0,LQ ,CASH,,,USD,US ,USD,3.484931,,11/11/2025
20251111,A88,Etica Azionario,574251,AUSTRIAN T-BILL RATB 0 03/26/26,0.014880119270362,0.0,OB ,SOVEREIGN,AT0000A3MUC3,,YK2495496 Govt,AT ,EUR,3.484931,A,11/11/2025
20251111,A88,Etica Azionario,201018,ABBVIE INC,0.013465012250506,0.0,AZ ,Health Care,US00287Y1091,B92SR70,ABBV US Equity,US ,USD,3.484931,,11/11/2025
20251111,A88,Etica Azionario,300,HOME DEPOT INC,0.012809739921895,0.0,AZ ,Consumer Discretionary,US4370761029,2434209,HD US Equity,US ,USD,3.484931,,11/11/2025
20251111,A88,Etica Azionario,577,APPLIED MATERIALS INC,0.012241147103106,0.0,AZ ,Information Technology,US0382221051,2046552,AMAT US Equity,US ,USD,3.484931,,11/11/2025
20251111,A88,Etica Azionario,427,PROCTER & GAMBLE CO/THE,0.011816865479132,0.0,AZ ,Consumer Staples,US7427181091,2704407,PG US Equity,US ,USD,3.484931,,11/11/2025
20251111,A88,Etica Azionario,222389,MONCLER SPA,0.010798692008131,0.0,AZ ,Consumer Discretionary,IT0004965148,BGLP232,MONC IM Equity,IT ,EUR,3.484931,,11/11/2025
20251111,A88,Etica Azionario,2839,ASML HOLDING NV,0.010751671005061,0.0,AZ ,Information Technology,NL0010273215,B929F46,ASML NA Equity,NL ,EUR,3.484931,,11/11/2025
20251111,A88,Etica Azionario,480,TEXAS INSTRUMENTS INC,0.010545953871045,0.0,AZ ,Information Technology,US8825081040,2885409,TXN US Equity,US ,USD,3.484931,,11/11/2025
20251111,A88,Etica Azionario,221482,SERVICENOW INC,0.010520136449779,0.0,AZ ,Information Technology,US81762P1021,B80NXX8,NOW US Equity,US ,USD,3.484931,,11/11/2025
20251111,A88,Etica Azionario,756,QUALCOMM INC,0.010137093286612,0.0,AZ ,Information Technology,US7475251036,2714923,QCOM US Equity,US ,USD,3.484931,,11/11/2025
20251111,A88,Etica Azionario,23568,SALESFORCE INC,0.009949030985735,0.0,AZ ,Information Technology,US79466L3024,2310525,CRM US Equity,US ,USD,3.484931,,11/11/2025
20251111,A88,Etica Azionario,705,LAM RESEARCH CORP,0.009779865030584,0.0,AZ ,Information Technology,US5128073062,BSML4N7,LRCX US Equity,US ,USD,3.484931,,11/11/2025
20251111,A88,Etica Azionario,363,MERCK & CO. INC.,0.009733932711144,0.0,AZ ,Health Care,US58933Y1055,2778844,MRK US Equity,US ,USD,3.484931,,11/11/2025
20251111,A88,Etica Azionario,360,MEDTRONIC PLC,0.009535989258099,0.0,AZ ,Health Care,IE00BTN1Y115,BTN1Y11,MDT US Equity,US ,USD,3.484931,,11/11/2025
20251111,A88,Etica Azionario,214,DANAHER CORP,0.009493098249898,0.0,AZ ,Health Care,US2358511028,2250870,DHR US Equity,US ,USD,3.484931,,11/11/2025
20251111,A88,Etica Azionario,423,NEW LINDE PLC,0.009278371916269,0.0,AZ ,Materials,IE000S9YS762,BNZHB81,LIN US Equity,US ,USD,3.484931,,11/11/2025
20251111,A88,Etica Azionario,542,CISCO SYSTEMS INC,0.009238162199638,0.0,AZ ,Information Technology,US17275R1023,2198163,CSCO US Equity,US ,USD,3.484931,,11/11/2025
20251111,A88,Etica Azionario,2703,LONZA GROUP AG-REG,0.008949029958356,0.0,AZ ,Health Care,CH0013841017,7333378,LONN SW Equity,CH ,CHF,3.484931,,11/11/2025
20251111,A88,Etica Azionario,1706,TELECOM ITALIA SPA,0.008926792038026,0.0,AZ ,Communication Services,IT0003497168,7634394,TIT IM Equity,IT ,EUR,3.484931,,11/11/2025
20251111,A88,Etica Azionario,411899,Etica Sustainable Global Equity - Class S,0.008877461467894,0.0,FO ,No Sector,LU2052491334,,MUSGESE LX Equity,DEV,MUL,3.484931,,11/11/2025
20251111,A88,Etica Azionario,216,DEERE & CO,0.008656400999183,0.0,AZ ,Industrials,US2441991054,2261203,DE US Equity,US ,USD,3.484931,,11/11/2025
20251111,A88,Etica Azionario,1821,INTUIT INC,0.007942450426067,0.0,AZ ,Information Technology,US4612021034,2459020,INTU US Equity,US ,USD,3.484931,,11/11/2025
20251111,A88,Etica Azionario,358,S&P GLOBAL INC,0.007816886594137,0.0,AZ ,Financials,US78409V1044,BYV2325,SPGI US Equity,US ,USD,3.484931,,11/11/2025
20251111,A88,Etica Azionario,164953,AUD,0.007789910693077,0.0,LQ ,CASH,,,AUD,AU ,AUD,3.484931,,11/11/2025
20251111,A88,Etica Azionario,405921,Etica Sustainable Dynamic Allocation - Class S,0.007657568391562,0.0,FO ,No Sector,LU2052490872,,MUSDASE LX Equity,DEV,MUL,3.484931,,11/11/2025
20251111,A88,Etica Azionario,30976,NABTESCO CORP,0.007300402472562,0.0,AZ ,Industrials,JP3651210001,6687571,6268 JP Equity,JP ,JPY,3.484931,,11/11/2025
20251111,A88,Etica Azionario,2706,TRANE TECHNOLOGIES PLC,0.007299937775296,0.0,AZ ,Industrials,IE00BK9ZQ967,BK9ZQ96,TT US Equity,US ,USD,3.484931,,11/11/2025
20251111,A88,Etica Azionario,4289,CRH PLC,0.007299883829788,0.0,SE ,Materials,IE0001827041,182704,CRH LN Equity,US ,USD,3.484931,,11/11/2025
20251111,A88,Etica Azionario,100,ABBOTT LABORATORIES,0.007167449554508,0.0,AZ ,Health Care,US0028241000,2002305,ABT US Equity,US ,USD,3.484931,,11/11/2025
20251111,A88,Etica Azionario,397638,PROSUS NV,0.007131034654651,0.0,AZ ,Consumer Discretionary,NL0013654783,BJDS7L3,PRX NA Equity,NL ,EUR,3.484931,,11/11/2025
20251111,A88,Etica Azionario,549,INTEL CORP,0.007072652594296,0.0,AZ ,Information Technology,US4581401001,2463247,INTC US Equity,US ,USD,3.484931,,11/11/2025
20251111,A88,Etica Azionario,533,AMGEN INC,0.006852459932323,0.0,AZ ,Health Care,US0311621009,2023607,AMGN US Equity,US ,USD,3.484931,,11/11/2025
20251111,A88,Etica Azionario,497,UNION PACIFIC CORP,0.006430946761875,0.0,AZ ,Industrials,US9078181081,2914734,UNP US Equity,US ,USD,3.484931,,11/11/2025
20251111,A88,Etica Azionario,53583,LOGITECH INTERNATIONAL,0.006345916519424,0.0,SE ,Information Technology,CH0025751329,B1921K0,LOGI US Equity,CH ,CHF,3.484931,,11/11/2025
20251111,A88,Etica Azionario,1285,KUBOTA CORP,0.006321269798942,0.0,AZ ,Industrials,JP3266400005,6497509,6326 JT Equity,JP ,JPY,3.484931,,11/11/2025
20251111,A88,Etica Azionario,191474,PALO ALTO NETWORKS INC,0.006278927519792,0.0,AZ ,Information Technology,US6974351057,B87ZMX0,PANW US Equity,US ,USD,3.484931,,11/11/2025
20251111,A88,Etica Azionario,1619,LOREAL SA,0.006199723025961,0.0,AZ ,Consumer Staples,FR0000120321,4057808,OR FP Equity,FR ,EUR,3.484931,,11/11/2025
20251111,A88,Etica Azionario,389755,Etica Sustainable Conservative Allocation - Class S,0.006161302868327,0.0,FO ,No Sector,LU2052490286,,MUSCASS LX Equity,5A ,EUR,3.484931,,11/11/2025
20251111,A88,Etica Azionario,3092,MTR CORP,0.006062167373894,0.0,AZ ,Industrials,HK0066009694,6290054,66 HK Equity,HK ,HKD,3.484931,,11/11/2025
20251111,A88,Etica Azionario,149,VERIZON COMMUNICATIONS INC,0.005995287031172,0.0,AZ ,Communication Services,US92343V1044,2090571,VZ US Equity,US ,USD,3.484931,,11/11/2025
20251111,A88,Etica Azionario,1288,KURITA WATER INDUSTRIES LTD,0.005960272766503,0.0,AZ ,Industrials,JP3270000007,6497963,6370 JP Equity,JP ,JPY,3.484931,,11/11/2025
20251111,A88,Etica Azionario,49402,SARTORIUS STEDIM BIOTECH,0.005954954771657,0.0,AZ ,Health Care,FR0013154002,BYZ2QP5,DIM FP Equity,FR ,EUR,3.484931,,11/11/2025
20251111,A88,Etica Azionario,348394,KNORR-BREMSE AG,0.005954152581966,0.0,AZ ,Industrials,DE000KBX1006,BD2P9X9,KBX GR Equity,DE ,EUR,3.484931,,11/11/2025
20251111,A88,Etica Azionario,486,TJX COMPANIES INC,0.005953950952304,0.0,AZ ,Consumer Discretionary,US8725401090,2989301,TJX US Equity,US ,USD,3.484931,,11/11/2025
20251111,A88,Etica Azionario,1258,KAO CORP,0.005952943070387,0.0,AZ ,Consumer Staples,JP3205800000,6483809,4452 JP Equity,JP ,JPY,3.484931,,11/11/2025
20251111,A88,Etica Azionario,559,STRYKER CORP,0.005938052528312,0.0,AZ ,Health Care,US8636671013,2853688,SYK UN Equity,US ,USD,3.484931,,11/11/2025
20251111,A88,Etica Azionario,783,SYNOPSYS INC,0.00588859187292,0.0,AZ ,Information Technology,US8716071076,2867719,SNPS US Equity,US ,USD,3.484931,,11/11/2025
20251111,A88,Etica Azionario,133,AUTOMATIC DATA PROCESSING,0.005885120046554,0.0,AZ ,Industrials,US0530151036,2065308,ADP US Equity,US ,USD,3.484931,,11/11/2025
20251111,A88,Etica Azionario,1658,ATLAS COPCO AB-A SHS,0.00575238329348,0.0,AZ ,Industrials,SE0017486889,BLDBN41,ATCOA SS Equity,SE ,SEK,3.484931,,11/11/2025
20251111,A88,Etica Azionario,236196,IMCD NV,0.005728732750071,0.0,AZ ,Industrials,NL0010801007,BNCBD46,IMCD NA Equity,NL ,EUR,3.484931,,11/11/2025
20251111,A88,Etica Azionario,520,WESTERN DIGITAL CORP,0.005602281214829,0.0,AZ ,Information Technology,US9581021055,2954699,WDC US Equity,US ,USD,3.484931,,11/11/2025
20251111,A88,Etica Azionario,125,ANALOG DEVICES INC,0.005592755370423,0.0,AZ ,Information Technology,US0326541051,2032067,ADI US Equity,US ,USD,3.484931,,11/11/2025
20251111,A88,Etica Azionario,2088,SAP SE,0.005409932810104,0.0,AZ ,Information Technology,DE0007164600,4846288,SAP GY Equity,DE ,EUR,3.484931,,11/11/2025
20251111,A88,Etica Azionario,454,SONY GROUP CORP,0.005347529644888,0.0,AZ ,Consumer Discretionary,JP3435000009,6821506,6758 JP Equity,JP ,JPY,3.484931,,11/11/2025
20251111,A88,Etica Azionario,159,BOSTON SCIENTIFIC CORP,0.00534191128678,0.0,AZ ,Health Care,US1011371077,2113434,BSX US Equity,US ,USD,3.484931,,11/11/2025
20251111,A88,Etica Azionario,2170,DSV A/S,0.005304020710868,0.0,AZ ,Industrials,DK0060079531,B1WT5G2,DSV DC Equity,DK ,DKK,3.484931,,11/11/2025
20251111,A88,Etica Azionario,531,ADOBE INC,0.00527726189053,0.0,AZ ,Information Technology,US00724F1012,2008154,ADBE US Equity,US ,USD,3.484931,,11/11/2025
20251111,A88,Etica Azionario,670,WELLTOWER INC,0.005214599170829,0.0,AZ ,Real Estate,US95040Q1040,BYVYHH4,WELL US Equity,US ,USD,3.484931,,11/11/2025
20251111,A88,Etica Azionario,667,GILEAD SCIENCES INC,0.005152370279575,0.0,AZ ,Health Care,US3755581036,2369174,GILD US Equity,US ,USD,3.484931,,11/11/2025
20251111,A88,Etica Azionario,3033,STMICROELECTRONICS NV,0.005151253407752,0.0,SE ,Information Technology,NL0000226223,5962343,STMMI IM Equity,FR ,EUR,3.484931,,11/11/2025
20251111,A88,Etica Azionario,1545,TOTO LTD,0.005132598451526,0.0,AZ ,Industrials,JP3596200000,6897466,5332 JP Equity,JP ,JPY,3.484931,,11/11/2025
20251111,A88,Etica Azionario,233530,ZALANDO SE,0.005058509240637,0.0,AZ ,Consumer Discretionary,DE000ZAL1111,BQV0SV7,ZAL GR Equity,DE ,EUR,3.484931,,11/11/2025
20251111,A88,Etica Azionario,4264,AUTODESK INC,0.005034158154861,0.0,AZ ,Information Technology,US0527691069,2065159,ADSK US Equity,US ,USD,3.484931,,11/11/2025
20251111,A88,Etica Azionario,18091,PROLOGIS INC,0.004977792158037,0.0,AZ ,Real Estate,US74340W1036,B44WZD7,PLD UN Equity,US ,USD,3.484931,,11/11/2025
20251111,A88,Etica Azionario,3760,ABB LTD,0.00494940010413,0.0,AZ ,Industrials,CH0012221716,7108899,ABBN SW Equity,CH ,CHF,3.484931,,11/11/2025
20251111,A88,Etica Azionario,1404,OBAYASHI CORP,0.004911253087255,0.0,AZ ,Industrials,JP3190000004,6656407,1802 JP Equity,JP ,JPY,3.484931,,11/11/2025
20251111,A88,Etica Azionario,344,LOWE'S COS INC,0.004871950237912,0.0,AZ ,Consumer Discretionary,US5486611073,2536763,LOW US Equity,US ,USD,3.484931,,11/11/2025
20251111,A88,Etica Azionario,40461,VERTEX PHARMACEUTICALS INC,0.004863725995397,0.0,AZ ,Health Care,US92532F1003,2931034,VRTX US Equity,US ,USD,3.484931,,11/11/2025
20251111,A88,Etica Azionario,1734,NOKIA OYJ,0.004827257666176,0.0,AZ ,Information Technology,FI0009000681,5902941,NOKIA FH Equity,FI ,EUR,3.484931,,11/11/2025
20251111,A88,Etica Azionario,1337,MURATA MANUFACTURING CO LTD,0.0048234906047,0.0,AZ ,Information Technology,JP3914400001,6610403,6981 JP Equity,JP ,JPY,3.484931,,11/11/2025
20251111,A88,Etica Azionario,2489,LENOVO GROUP LTD,0.004815110919201,0.0,AZ ,Information Technology,HK0992009065,6218089,992 HK Equity,CN ,CNY,3.484931,,11/11/2025
20251111,A88,Etica Azionario,424846,OTIS WORLDWIDE CORP,0.004767309188095,0.0,AZ ,Industrials,US68902V1070,BK531S8,OTIS US Equity,US ,USD,3.484931,,11/11/2025
20251111,A88,Etica Azionario,2955,VOESTALPINE AG,0.004751083028489,0.0,AZ ,Materials,AT0000937503,4943402,VOE AV Equity,AT ,EUR,3.484931,,11/11/2025
20251111,A88,Etica Azionario,392,NOVO NORDISK A/S-B,0.004745423711753,0.0,AZ ,Health Care,DK0062498333,BP6KMJ1,NOVOB DC Equity,DK ,DKK,3.484931,,11/11/2025
20251111,A88,Etica Azionario,2566,UNITED PARCEL SERVICE-CL B,0.004697584468539,0.0,AZ ,Industrials,US9113121068,2517382,UPS US Equity,US ,USD,3.484931,,11/11/2025
20251111,A88,Etica Azionario,3014,ANHEUSER-BUSCH INBEV SA/NV,0.004603452886215,0.0,AZ ,Consumer Staples,BE0974293251,BYYHL23,ABI BB Equity,BE ,EUR,3.484931,,11/11/2025
20251111,A88,Etica Azionario,1526,TOKYO ELECTRON LTD,0.004398770773368,0.0,AZ ,Information Technology,JP3571400005,6895675,8035 JP Equity,JP ,JPY,3.484931,,11/11/2025
20251111,A88,Etica Azionario,236299,VONOVIA SE,0.004315921810894,0.0,AZ ,Real Estate,DE000A1ML7J1,BBJPFY1,VNA GR Equity,DE ,EUR,3.484931,,11/11/2025
20251111,A88,Etica Azionario,1609,ESSILORLUXOTTICA,0.004288262333662,0.0,AZ ,Health Care,FR0000121667,7212477,EL FP Equity,FR ,EUR,3.484931,,11/11/2025
20251111,A88,Etica Azionario,1714,SKF AB-B SHARES,0.00427641480111,0.0,AZ ,Industrials,SE0000108227,B1Q3J35,SKFB SS Equity,SE ,SEK,3.484931,,11/11/2025
20251111,A88,Etica Azionario,3013,NOVARTIS AG,0.004218332038429,0.0,AZ ,Health Care,CH0012005267,7103065,NOVN SW Equity,CH ,CHF,3.484931,,11/11/2025
20251111,A88,Etica Azionario,166783,XYLEM INC,0.004198365157406,0.0,AZ ,Industrials,US98419M1009,B3P2CN8,XYL US Equity,US ,USD,3.484931,,11/11/2025
20251111,A88,Etica Azionario,232,ECOLAB INC,0.004152764286497,0.0,AZ ,Materials,US2788651006,2304227,ECL US Equity,US ,USD,3.484931,,11/11/2025
20251111,A88,Etica Azionario,49977,TE CONNECTIVITY PLC,0.004086786182404,0.0,AZ ,Information Technology,IE000IVNQZ81,BRC3N84,TEL US Equity,US ,USD,3.484931,,11/11/2025
20251111,A88,Etica Azionario,302,HONDA MOTOR CO LTD,0.004049419960165,0.0,AZ ,Consumer Discretionary,JP3854600008,6435145,7267 JP Equity,JP ,JPY,3.484931,,11/11/2025
20251111,A88,Etica Azionario,4223,COLGATE-PALMOLIVE CO,0.004028368591274,0.0,AZ ,Consumer Staples,US1941621039,2209106,CL US Equity,US ,USD,3.484931,,11/11/2025
20251111,A88,Etica Azionario,471,TDK CORP,0.003990200146044,0.0,AZ ,Information Technology,JP3538800008,6869302,6762 JP Equity,JP ,JPY,3.484931,,11/11/2025
20251111,A88,Etica Azionario,3011,DEUTSCHE TELEKOM AG,0.003982981654265,0.0,AZ ,Communication Services,DE0005557508,5842359,DTE GR Equity,DE ,EUR,3.484931,,11/11/2025
20251111,A88,Etica Azionario,1790,CHINA OVERSEAS LAND & INVEST,0.003867310962394,0.0,AZ ,Real Estate,HK0688002218,6192150,688 HK Equity,CN ,CNY,3.484931,,11/11/2025
20251111,A88,Etica Azionario,405936,CARRIER GLOBAL CORP,0.003855516726007,0.0,AZ ,Industrials,US14448C1045,BK4N0D7,CARR US Equity,US ,USD,3.484931,,11/11/2025
20251111,A88,Etica Azionario,23406,IBIDEN CO LTD,0.003849690078296,0.0,AZ ,Information Technology,JP3148800000,6456102,4062 JP Equity,JP ,JPY,3.484931,,11/11/2025
20251111,A88,Etica Azionario,3119,INTERPUMP GROUP SPA,0.003763378929717,0.0,AZ ,Industrials,IT0001078911,5161407,IP IM Equity,IT ,EUR,3.484931,,11/11/2025
20251111,A88,Etica Azionario,17897,SK HYNIX INC,0.0037586449616,0.0,AZ ,Information Technology,KR7000660001,6450267,000660 KS Equity,KR ,KRW,3.484931,,11/11/2025
20251111,A88,Etica Azionario,57392,EQUINIX INC,0.003721696650553,0.0,AZ ,Real Estate,US29444U7000,BVLZX12,EQIX US Equity,US ,USD,3.484931,,11/11/2025
20251111,A88,Etica Azionario,2831,BREMBO N.V.,0.003704666436473,0.0,AZ ,Consumer Discretionary,NL0015001KT6,BSMM753,BRE IM Equity,IT ,EUR,3.484931,,11/11/2025
20251111,A88,Etica Azionario,23355,RALPH LAUREN CORP,0.003525844385154,0.0,AZ ,Consumer Discretionary,US7512121010,B4V9661,RL US Equity,US ,USD,3.484931,,11/11/2025
20251111,A88,Etica Azionario,1040,TATE & LYLE PLC,0.003494372259161,0.0,AZ ,Consumer Staples,GB00BP92CJ43,BP92CJ4,TATE LN Equity,GB ,GBP,3.484931,,11/11/2025
20251111,A88,Etica Azionario,184644,ZOETIS INC,0.003449947866532,0.0,AZ ,Health Care,US98978V1035,B95WG16,ZTS US Equity,US ,USD,3.484931,,11/11/2025
20251111,A88,Etica Azionario,1146,BRIDGESTONE CORP,0.003443409387857,0.0,AZ ,Consumer Discretionary,JP3830800003,6132101,5108 JP Equity,JP ,JPY,3.484931,,11/11/2025
20251111,A88,Etica Azionario,1575,ASTELLAS PHARMA INC,0.003318515495873,0.0,AZ ,Health Care,JP3942400007,6985383,4503 JP Equity,JP ,JPY,3.484931,,11/11/2025
20251111,A88,Etica Azionario,2867,DARDEN RESTAURANTS INC,0.003307811025356,0.0,AZ ,Consumer Discretionary,US2371941053,2289874,DRI UN Equity,US ,USD,3.484931,,11/11/2025
20251111,A88,Etica Azionario,4266,MCCORMICK & CO-NON VTG SHRS,0.003255861450743,0.0,AZ ,Consumer Staples,US5797802064,2550161,MKC UN Equity,US ,USD,3.484931,,11/11/2025
20251111,A88,Etica Azionario,164955,CHF,0.003139600704898,0.0,LQ ,CASH,,,CHF,CH ,CHF,3.484931,,11/11/2025
20251111,A88,Etica Azionario,1340,NEC CORP,0.003120844800642,0.0,AZ ,Information Technology,JP3733000008,6640400,6701 JP Equity,JP ,JPY,3.484931,,11/11/2025
20251111,A88,Etica Azionario,188,THE CIGNA GROUP,0.003002222074018,0.0,AZ ,Health Care,US1255231003,BHJ0775,CI US Equity,US ,USD,3.484931,,11/11/2025
20251111,A88,Etica Azionario,651,EXPEDITORS INTL WASH INC,0.002958811590551,0.0,AZ ,Industrials,US3021301094,2325507,EXPD US Equity,US ,USD,3.484931,,11/11/2025
20251111,A88,Etica Azionario,1001,PERSIMMON PLC,0.002954793982158,0.0,AZ ,Consumer Discretionary,GB0006825383,682538,PSN LN Equity,GB ,GBP,3.484931,,11/11/2025
20251111,A88,Etica Azionario,1457,SHIMIZU CORP,0.002940690078815,0.0,AZ ,Industrials,JP3358800005,6804400,1803 JP Equity,JP ,JPY,3.484931,,11/11/2025
20251111,A88,Etica Azionario,100272,AMERICAN WATER WORKS CO INC,0.002902747272329,0.0,AZ ,Utilities,US0304201033,B2R3PV1,AWK US Equity,US ,USD,3.484931,,11/11/2025
20251111,A88,Etica Azionario,336777,ULTA BEAUTY INC,0.002888668044062,0.0,AZ ,Consumer Discretionary,US90384S3031,B28TS42,ULTA UW Equity,US ,USD,3.484931,,11/11/2025
20251111,A88,Etica Azionario,3065,ELEVANCE HEALTH INC,0.002880176438283,0.0,AZ ,Health Care,US0367521038,BSPHGL4,ELV US Equity,US ,USD,3.484931,,11/11/2025
20251111,A88,Etica Azionario,276440,DELL TECHNOLOGIES -C,0.002866797236237,0.0,AZ ,Information Technology,US24703L2025,BHKD3S6,DELL US Equity,US ,USD,3.484931,,11/11/2025
20251111,A88,Etica Azionario,148,BECTON DICKINSON AND CO,0.002828802132578,0.0,AZ ,Health Care,US0758871091,2087807,BDX US Equity,US ,USD,3.484931,,11/11/2025
20251111,A88,Etica Azionario,349,MASCO CORP,0.002758410819695,0.0,AZ ,Industrials,US5745991068,2570200,MAS US Equity,US ,USD,3.484931,,11/11/2025
20251111,A88,Etica Azionario,2658,ASSA ABLOY AB-B,0.002756999245557,0.0,AZ ,Industrials,SE0007100581,BYPC1T4,ASSAB SS Equity,SE ,SEK,3.484931,,11/11/2025
20251111,A88,Etica Azionario,88166,REXEL SA,0.002715286480521,0.0,AZ ,Industrials,FR0010451203,B1VP0K0,RXL FP Equity,FR ,EUR,3.484931,,11/11/2025
20251111,A88,Etica Azionario,44974,LEGRAND SA,0.002704327300625,0.0,AZ ,Industrials,FR0010307819,B11ZRK9,LR FP Equity,FR ,EUR,3.484931,,11/11/2025
20251111,A88,Etica Azionario,366,MICRON TECHNOLOGY INC,0.00269683734972,0.0,AZ ,Information Technology,US5951121038,2588184,MU US Equity,US ,USD,3.484931,,11/11/2025
20251111,A88,Etica Azionario,4275,HASBRO INC,0.002673293914785,0.0,AZ ,Consumer Discretionary,US4180561072,2414580,HAS US Equity,US ,USD,3.484931,,11/11/2025
20251111,A88,Etica Azionario,318,INTL FLAVORS & FRAGRANCES,0.00267021044613,0.0,AZ ,Materials,US4595061015,2464165,IFF US Equity,US ,USD,3.484931,,11/11/2025
20251111,A88,Etica Azionario,1088,ORICA LTD,0.002659420861589,0.0,AZ ,Materials,AU000000ORI1,6458001,ORI AU Equity,AU ,AUD,3.484931,,11/11/2025
20251111,A88,Etica Azionario,19461,DICK'S SPORTING GOODS INC,0.002655457198703,0.0,AZ ,Consumer Discretionary,US2533931026,2969637,DKS US Equity,US ,USD,3.484931,,11/11/2025
20251111,A88,Etica Azionario,469,SYSCO CORP,0.002652425627625,0.0,AZ ,Consumer Staples,US8718291078,2868165,SYY US Equity,US ,USD,3.484931,,11/11/2025
20251111,A88,Etica Azionario,3371,ERG SPA,0.002564263249013,0.0,AZ ,Utilities,IT0001157020,5337093,ERG IM Equity,IT ,EUR,3.484931,,11/11/2025
20251111,A88,Etica Azionario,18074,ESTEE LAUDER COMPANIES-CL A,0.002469310462872,0.0,AZ ,Consumer Staples,US5184391044,2320524,EL US Equity,US ,USD,3.484931,,11/11/2025
20251111,A88,Etica Azionario,2298,TRACTOR SUPPLY COMPANY,0.002466792589564,0.0,AZ ,Consumer Discretionary,US8923561067,2900335,TSCO US Equity,US ,USD,3.484931,,11/11/2025
20251111,A88,Etica Azionario,152,BEST BUY CO INC,0.002313682682519,0.0,AZ ,Consumer Discretionary,US0865161014,2094670,BBY US Equity,US ,USD,3.484931,,11/11/2025
20251111,A88,Etica Azionario,31928,DIGITAL REALTY TRUST INC,0.002299838749907,0.0,AZ ,Real Estate,US2538681030,B03GQS4,DLR US Equity,US ,USD,3.484931,,11/11/2025
20251111,A88,Etica Azionario,242496,PAYPAL HOLDINGS INC,0.002267722258135,0.0,AZ ,Financials,US70450Y1038,BYW36M8,PYPL US Equity,US ,USD,3.484931,,11/11/2025
20251111,A88,Etica Azionario,34107,DAIICHI SANKYO CO LTD,0.00224210125513,0.0,AZ ,Health Care,JP3475350009,B0J7D91,4568 JP Equity,JP ,JPY,3.484931,,11/11/2025
20251111,A88,Etica Azionario,295,HERSHEY CO/THE,0.002231964144844,0.0,AZ ,Consumer Staples,US4278661081,2422806,HSY US Equity,US ,USD,3.484931,,11/11/2025
20251111,A88,Etica Azionario,2985,CANADIAN NATL RAILWAY CO,0.002209036904145,0.0,AZ ,Industrials,CA1363751027,2180632,CNR CN Equity,CA ,CAD,3.484931,,11/11/2025
20251111,A88,Etica Azionario,164954,CAD,0.002144969236945,0.0,LQ ,CASH,,,CAD,CA ,CAD,3.484931,,11/11/2025
20251111,A88,Etica Azionario,1138,ASICS CORP,0.002107731501585,0.0,AZ ,Consumer Discretionary,JP3118000003,6057378,7936 JP Equity,JP ,JPY,3.484931,,11/11/2025
20251111,A88,Etica Azionario,23481,CBRE GROUP INC,0.002106441138342,0.0,AZ ,Real Estate,US12504L1098,B6WVMH3,CBRE US Equity,US ,USD,3.484931,,11/11/2025
20251111,A88,Etica Azionario,253654,FERRARI NV,0.002072681872638,0.0,AZ ,Consumer Discretionary,NL0011585146,BZ1GMK5,RACE US Equity,IT ,EUR,3.484931,,11/11/2025
20251111,A88,Etica Azionario,335212,LEVI STRAUSS & CO- CLASS A,0.001953871552174,0.0,AZ ,Consumer Discretionary,US52736R1023,BHRWS81,LEVI US Equity,US ,USD,3.484931,,11/11/2025
20251111,A88,Etica Azionario,3385,YUM! BRANDS INC,0.001916023366776,0.0,AZ ,Consumer Discretionary,US9884981013,2098876,YUM UN Equity,US ,USD,3.484931,,11/11/2025
20251111,A88,Etica Azionario,3837,AGILENT TECHNOLOGIES INC,0.001903409974503,0.0,AZ ,Health Care,US00846U1016,2520153,A US Equity,US ,USD,3.484931,,11/11/2025
20251111,A88,Etica Azionario,50381,LULULEMON ATHLETICA INC,0.001833509549098,0.0,AZ ,Consumer Discretionary,US5500211090,B23FN39,LULU US Equity,US ,USD,3.484931,,11/11/2025
20251111,A88,Etica Azionario,1,LG ELECTRONICS INC,0.001833218676248,0.0,AZ ,Consumer Discretionary,KR7066570003,6520739,066570 KS Equity,KR ,KRW,3.484931,,11/11/2025
20251111,A88,Etica Azionario,57810,VENTAS INC,0.001829599415475,0.0,AZ ,Real Estate,US92276F1003,2927925,VTR US Equity,US ,USD,3.484931,,11/11/2025
20251111,A88,Etica Azionario,67156,KEURIG DR PEPPER INC,0.001800005675417,0.0,AZ ,Consumer Staples,US49271V1008,BD3W133,KDP US Equity,US ,USD,3.484931,,11/11/2025
20251111,A88,Etica Azionario,164963,SGD,0.001786236550574,0.0,LQ ,CASH,,,SGD,SG ,SGD,3.484931,,11/11/2025
20251111,A88,Etica Azionario,343334,GODADDY INC - CLASS A,0.001743468185156,0.0,AZ ,Information Technology,US3802371076,BWFRFC6,GDDY US Equity,US ,USD,3.484931,,11/11/2025
20251111,A88,Etica Azionario,387,NORSK HYDRO ASA,0.001739760263941,0.0,AZ ,Materials,NO0005052605,B11HK39,NHY NO Equity,NO ,NOK,3.484931,,11/11/2025
20251111,A88,Etica Azionario,1755,SWIRE PACIFIC LTD - CL A,0.001702717947851,0.0,AZ ,Industrials,HK0019000162,6867748,19 HK Equity,HK ,HKD,3.484931,,11/11/2025
20251111,A88,Etica Azionario,58909,EDWARDS LIFESCIENCES CORP,0.001648878582156,0.0,AZ ,Health Care,US28176E1082,2567116,EW US Equity,US ,USD,3.484931,,11/11/2025
20251111,A88,Etica Azionario,222506,ORORA LTD,0.001572395189681,0.0,AZ ,Materials,AU000000ORA8,BH4TCW7,ORA AU Equity,AU ,AUD,3.484931,,11/11/2025
20251111,A88,Etica Azionario,173,CADENCE DESIGN SYS INC,0.001571369442477,0.0,AZ ,Information Technology,US1273871087,2302232,CDNS US Equity,US ,USD,3.484931,,11/11/2025
20251111,A88,Etica Azionario,335227,NEXI SPA,0.001541890636322,0.0,AZ ,Financials,IT0005366767,BJ1F880,NEXI IM Equity,IT ,EUR,3.484931,,11/11/2025
20251111,A88,Etica Azionario,235482,MERLIN PROPERTIES SOCIMI SA,0.001477360686085,0.0,AZ ,Real Estate,ES0105025003,BNGNB77,MRL SM Equity,ES ,EUR,3.484931,,11/11/2025
20251111,A88,Etica Azionario,1010,RELX PLC,0.001470742987432,0.0,AZ ,Industrials,GB00B2B0DG97,B2B0DG9,REL LN Equity,GB ,GBP,3.484931,,11/11/2025
20251111,A88,Etica Azionario,24041,TERNA-RETE ELETTRICA NAZIONA,0.001455870144145,0.0,AZ ,Utilities,IT0003242622,B01BN57,TRN IM Equity,IT ,EUR,3.484931,,11/11/2025
20251111,A88,Etica Azionario,18075,BE SEMICONDUCTOR INDUSTRIES,0.001433738749544,0.0,AZ ,Information Technology,NL0012866412,BG0SCK9,BESI NA Equity,NL ,EUR,3.484931,,11/11/2025
20251111,A88,Etica Azionario,3466,COGNIZANT TECH SOLUTIONS-A,0.001370801357296,0.0,AZ ,Information Technology,US1924461023,2257019,CTSH US Equity,US ,USD,3.484931,,11/11/2025
20251111,A88,Etica Azionario,312,INGERSOLL-RAND INC,0.001360703174355,0.0,AZ ,Industrials,US45687V1061,BL5GZ82,IR UN Equity,US ,USD,3.484931,,11/11/2025
20251111,A88,Etica Azionario,17956,RENESAS ELECTRONICS CORP,0.001341384455277,0.0,AZ ,Information Technology,JP3164720009,6635677,6723 JP Equity,JP ,JPY,3.484931,,11/11/2025
20251111,A88,Etica Azionario,58318,AZBIL CORP,0.001329841714848,0.0,AZ ,Information Technology,JP3937200008,6985543,6845 JP Equity,JP ,JPY,3.484931,,11/11/2025
20251111,A88,Etica Azionario,2297,AVALONBAY COMMUNITIES INC,0.001254129526697,0.0,AZ ,Real Estate,US0534841012,2131179,AVB US Equity,US ,USD,3.484931,,11/11/2025
20251111,A88,Etica Azionario,211955,TECHNOGYM SPA,0.001209736019537,0.0,AZ ,Consumer Discretionary,IT0005162406,BD9Y5C0,TGYM IM Equity,IT ,EUR,3.484931,,11/11/2025
20251111,A88,Etica Azionario,4106,ZIMMER BIOMET HOLDINGS INC,0.001192939519377,0.0,AZ ,Health Care,US98956P1021,2783815,ZBH US Equity,US ,USD,3.484931,,11/11/2025
20251111,A88,Etica Azionario,31968,PENTAIR PLC,0.001167002968447,0.0,AZ ,Industrials,IE00BLS09M33,BLS09M3,PNR UN Equity,US ,USD,3.484931,,11/11/2025
20251111,A88,Etica Azionario,235835,RAI WAY SPA,0.001139827668804,0.0,AZ ,Communication Services,IT0005054967,BSM8WL2,RWAY IM Equity,IT ,EUR,3.484931,,11/11/2025
20251111,A88,Etica Azionario,3478,SOL SPA,0.001085511168407,0.0,AZ ,Materials,IT0001206769,5490684,SOL IM Equity,IT ,EUR,3.484931,,11/11/2025
20251111,A88,Etica Azionario,50261,DIASORIN SPA,0.001079583622615,0.0,AZ ,Health Care,IT0003492391,B234WN9,DIA IM Equity,IT ,EUR,3.484931,,11/11/2025
20251111,A88,Etica Azionario,58590,SYSMEX CORP,0.001022717797346,0.0,AZ ,Health Care,JP3351100007,6883807,6869 JP Equity,JP ,JPY,3.484931,,11/11/2025
20251111,A88,Etica Azionario,164959,JPY,0.000958975518131,0.0,LQ ,CASH,,,JPY,JP ,JPY,3.484931,,11/11/2025
20251111,A88,Etica Azionario,164726,SEK,0.000917909300005,0.0,LQ ,CASH,,,SEK,SE ,SEK,3.484931,,11/11/2025
20251111,A88,Etica Azionario,1093,LENDLEASE GROUP,0.000869160125931,0.0,AZ ,Real Estate,AU000000LLC3,6512004,LLC AU Equity,AU ,AUD,3.484931,,11/11/2025
20251111,A88,Etica Azionario,1024,SSE PLC,0.000840366194636,0.0,AZ ,Utilities,GB0007908733,790873,SSE LN Equity,GB ,GBP,3.484931,,11/11/2025
20251111,A88,Etica Azionario,677,BIOGEN INC,0.000732434402202,0.0,AZ ,Health Care,US09062X1037,2455965,BIIB US Equity,US ,USD,3.484931,,11/11/2025
20251111,A88,Etica Azionario,23349,CORBION NV,0.000703975698952,0.0,AZ ,Materials,NL0010583399,BFRSRR7,CRBN NA Equity,NL ,EUR,3.484931,,11/11/2025
20251111,A88,Etica Azionario,58681,JONES LANG LASALLE INC,0.000632618311922,0.0,AZ ,Real Estate,US48020Q1076,2040640,JLL US Equity,US ,USD,3.484931,,11/11/2025
20251111,A88,Etica Azionario,3672,AMPLIFON SPA,0.000614653641757,0.0,AZ ,Health Care,IT0004056880,B14NJ71,AMP IM Equity,IT ,EUR,3.484931,,11/11/2025
20251111,A88,Etica Azionario,247914,INFRASTRUTTURE WIRELESS ITAL,0.000530584844796,0.0,AZ ,Communication Services,IT0005090300,BZ0P4R4,INW IM Equity,IT ,EUR,3.484931,,11/11/2025
20251111,A88,Etica Azionario,63,HERA SPA,0.000457752997151,0.0,AZ ,Utilities,IT0001250932,7598003,HER IM Equity,IT ,EUR,3.484931,,11/11/2025
20251111,A88,Etica Azionario,3321,BXP INC,0.000453364047191,0.0,AZ ,Real Estate,US1011211018,2019479,BXP US Equity,US ,USD,3.484931,,11/11/2025
20251111,A88,Etica Azionario,3245,EDP SA,0.000441044940986,0.0,AZ ,Utilities,PTEDP0AM0009,4103596,EDP PL Equity,PT ,EUR,3.484931,,11/11/2025
20251111,A88,Etica Azionario,48675,PRYSMIAN SPA,0.000426408275797,0.0,AZ ,Industrials,IT0004176001,B1W4V69,PRY IM Equity,IT ,EUR,3.484931,,11/11/2025
20251111,A88,Etica Azionario,164960,NOK,0.000373882250136,0.0,LQ ,CASH,,,NOK,NO ,NOK,3.484931,,11/11/2025
20251111,A88,Etica Azionario,3476,A2A SPA,0.000342848081753,0.0,AZ ,Utilities,IT0001233417,5499131,A2A IM Equity,IT ,EUR,3.484931,,11/11/2025
20251111,A88,Etica Azionario,164725,HKD,0.000256480440238,0.0,LQ ,CASH,,,HKD,HK ,HKD,3.484931,,11/11/2025
20251111,A88,Etica Azionario,1464,SHISEIDO CO LTD,0.000181564364583,0.0,AZ ,Consumer Staples,JP3351600006,6805265,4911 JP Equity,JP ,JPY,3.484931,,11/11/2025
20251111,A88,Etica Azionario,314765,PIRELLI & C SPA,0.000139208116211,0.0,AZ ,Consumer Discretionary,IT0005278236,BZ5ZHK3,PIRC IM Equity,IT ,EUR,3.484931,,11/11/2025
20251111,A88,Etica Azionario,164722,DKK,0.000067106297814,0.0,LQ ,CASH,,,DKK,DK ,DKK,3.484931,,11/11/2025
20251111,A88,Etica Azionario,222888,UMWELTBANK AG,0.000041080370498,0.0,AZ ,Financials,DE0005570808,7154676,UBK GR Equity,DE ,EUR,3.484931,,11/11/2025
20251111,A88,Etica Azionario,227088,ALPHABET INC-CL A,0.0,0.013905108211086,AZ ,Communication Services,US02079K3059,BYVY8G0,GOOGL US Equity,US ,USD,3.484931,,11/11/2025
20251111,A88,Etica Azionario,28663,ALPHABET INC-CL C,0.0,0.011811123981387,AZ ,Communication Services,US02079K1079,BYY88Y7,GOOG US Equity,US ,USD,3.484931,,11/11/2025
20251111,A88,Etica Azionario,184686,TESLA INC,0.0,0.00781077403944,AZ ,Consumer Discretionary,US88160R1014,B616C79,TSLA US Equity,US ,USD,3.484931,,11/11/2025
20251111,A88,Etica Azionario,50594,BROADCOM INC,0.0,0.01286535592656,AZ ,Information Technology,US11135F1012,BDZ78H9,AVGO US Equity,US ,USD,3.484931,,11/11/2025
20251111,A88,Etica Azionario,3255,AMAZON.COM INC,0.0,0.019469525974164,AZ ,Consumer Discretionary,US0231351067,2000019,AMZN US Equity,US ,USD,3.484931,,11/11/2025
20251111,A88,Etica Azionario,553,MICROSOFT CORP,0.0,0.022048449463341,AZ ,Information Technology,US5949181045,2588173,MSFT US Equity,US ,USD,3.484931,,11/11/2025
20251111,A88,Etica Azionario,534,APPLE INC,0.0,0.033836403793131,AZ ,Information Technology,US0378331005,2046251,AAPL US Equity,US ,USD,3.484931,,11/11/2025
20251111,A88,Etica Azionario,164736,DEBITI COMPENSO REVISIONE,-0.000006696036189,0.0,CD ,CASH,,,DEBITI COMPENSO REVISIONE,5A ,EUR,3.484931,,11/11/2025
20251111,A88,Etica Azionario,164730,DEBITI COMMISSIONE DEPOSITARIA,-0.000099766989877,0.0,CD ,CASH,,,DEBITI COMMISSIONE DEPOSITARIA,5A ,EUR,3.484931,,11/11/2025
20251111,A88,Etica Azionario,164723,EUR,-0.000144892024772,0.0,LQ ,CASH,,,EUR,5A ,EUR,3.484931,,11/11/2025
20251111,A88,Etica Azionario,164733,DEBITI COMMISSIONE GESTIONE,-0.000161310756523,0.0,CD ,CASH,,,DEBITI COMMISSIONE GESTIONE,5A ,EUR,3.484931,,11/11/2025
20251111,A88,Etica Azionario,172066,ALLINEAMENTO NAV,-0.000178689784925,0.0,OT ,CASH,,,ALLINEAMENTO NAV,5A ,EUR,3.484931,,11/11/2025
20251111,A88,Etica Azionario,179420,DEBITI COMMISSIONE AMMINISTRAZIONE,-0.001984911215007,0.0,CD ,CASH,,,DEBITI COMMISSIONE AMMINISTRAZIONE,5A ,EUR,3.484931,,11/11/2025
20251111,A98,Etica Transizione Climatica,509810,BUONI POLIENNALI DEL TES BTPS 4 10/30/31,0.043844750905773,0.0,OB ,SOVEREIGN,IT0005542359,,ZK0285476 Govt,IT ,EUR,2.804867,B,11/11/2025
20251111,A98,Etica Transizione Climatica,25261,FWD_USD (Nozionale),0.04219972022222,0.0,FW ,CASH,,,FWD_USD (Nozionale),US ,EUR,2.804867,,11/11/2025
20251111,A98,Etica Transizione Climatica,496185,BUNDESOBLIGATION OBL 1.3 10/15/27,0.039917927635626,0.0,OB ,SOVEREIGN,DE0001030740,,BY5766682 Govt,DE ,EUR,2.804867,A,11/11/2025
20251111,A98,Etica Transizione Climatica,102,ADVANCED MICRO DEVICES,0.026443276093504,0.0,AZ ,Information Technology,US0079031078,2007849,AMD US Equity,US ,USD,2.804867,,11/11/2025
20251111,A98,Etica Transizione Climatica,567423,BUONI POLIENNALI DEL TES BTPS 2.1 08/26/27,0.023139728455372,0.0,OB ,SOVEREIGN,IT0005657330,,YN6216934 Govt,IT ,EUR,2.804867,B,11/11/2025
20251111,A98,Etica Transizione Climatica,292486,FRANCE (GOVT OF) FRTR 1 3/4 06/25/39,0.023055559238831,0.0,OB ,SOVEREIGN,FR0013234333,,AL9974240 Govt,FR ,EUR,2.804867,A,11/11/2025
20251111,A98,Etica Transizione Climatica,65876,VISA INC-CLASS A SHARES,0.022524771961278,0.00531077976191,AZ ,Financials,US92826C8394,B2PZN04,V US Equity,US ,USD,2.804867,,11/11/2025
20251111,A98,Etica Transizione Climatica,45465,MASTERCARD INC - A,0.021601547420459,0.0,AZ ,Financials,US57636Q1040,B121557,MA US Equity,US ,USD,2.804867,,11/11/2025
20251111,A98,Etica Transizione Climatica,571738,BUONI POLIENNALI DEL TES BTPS 3 1/4 11/15/32,0.020307252632081,0.0,OB ,SOVEREIGN,IT0005668220,,YL7910596 Govt,IT ,EUR,2.804867,B,11/11/2025
20251111,A98,Etica Transizione Climatica,560705,FRANCE (GOVT OF) FRTR 2.7 02/25/31,0.018749004500469,0.0,OB ,SOVEREIGN,FR001400Z2L7,,YP4842306 Govt,FR ,EUR,2.804867,A,11/11/2025
20251111,A98,Etica Transizione Climatica,554,ORACLE CORP,0.01864639058009,0.0,AZ ,Information Technology,US68389X1054,2661568,ORCL US Equity,US ,USD,2.804867,,11/11/2025
20251111,A98,Etica Transizione Climatica,510744,BUNDESREPUB. DEUTSCHLAND DBR 2.3 02/15/33,0.017423081333183,0.0,OB ,SOVEREIGN,DE000BU3Z005,,ZK3512736 Govt,DE ,EUR,2.804867,A,11/11/2025
20251111,A98,Etica Transizione Climatica,414446,TELEFONICA EUROPE BV TELEFO 2.502 PERP,0.013807156030112,0.0,OB ,INDUSTRIAL,XS2109819859,,ZP7077248 Corp,ES ,EUR,2.804867,C,11/11/2025
20251111,A98,Etica Transizione Climatica,406188,BONOS Y OBLIG DEL ESTADO SPGB 1 07/30/42,0.013488759545344,0.0,OB ,SOVEREIGN,ES0000012J07,,BR3246377 Govt,ES ,EUR,2.804867,A,11/11/2025
20251111,A98,Etica Transizione Climatica,462761,BUNDESREPUB. DEUTSCHLAND DBR 0 08/15/50,0.013241283477486,0.0,OB ,SOVEREIGN,DE0001030724,,BP4742659 Govt,DE ,EUR,2.804867,A,11/11/2025
20251111,A98,Etica Transizione Climatica,300,HOME DEPOT INC,0.012604710946403,0.0,AZ ,Consumer Discretionary,US4370761029,2434209,HD US Equity,US ,USD,2.804867,,11/11/2025
20251111,A98,Etica Transizione Climatica,212675,BUONI POLIENNALI DEL TES BTPS 4.05 10/30/37,0.0121061861183,0.0,OB ,SOVEREIGN,IT0005596470,,YX0762808 Govt,IT ,EUR,2.804867,B,11/11/2025
20251111,A98,Etica Transizione Climatica,571126,AUSTRIAN T-BILL RATB 0 11/27/25,0.012102285530781,0.0,OB ,SOVEREIGN,AT0000A3MUA7,,YL5192205 Govt,AT ,EUR,2.804867,A,11/11/2025
20251111,A98,Etica Transizione Climatica,237514,FRANCE (GOVT OF) FRTR 0 11/25/30,0.011108432353235,0.0,OB ,SOVEREIGN,FR0013516549,,BJ7899484 Govt,FR ,EUR,2.804867,A,11/11/2025
20251111,A98,Etica Transizione Climatica,498660,KONINKLIJKE KPN NV KPN 6 PERP,0.0108457189835,0.0,OB ,INDUSTRIAL,XS2486270858,,BZ0016577 Corp,NL ,EUR,2.804867,C,11/11/2025
20251111,A98,Etica Transizione Climatica,201018,ABBVIE INC,0.010056409008322,0.0,AZ ,Health Care,US00287Y1091,B92SR70,ABBV US Equity,US ,USD,2.804867,,11/11/2025
20251111,A98,Etica Transizione Climatica,164723,EUR,0.010006191788749,0.0,LQ ,CASH,,,EUR,5A ,EUR,2.804867,,11/11/2025
20251111,A98,Etica Transizione Climatica,579153,FORWARD_USD/EUR,0.009947082785176,0.0,FW ,CASH,,,FORWARD_USD/EUR,US ,USD,2.804867,,11/11/2025
20251111,A98,Etica Transizione Climatica,335553,SFIL SA SFILFR 0 1/4 12/01/31,0.009791557589771,0.0,OB ,Quasi & Foreign Government,FR0014006V25,,BS6018318 Govt,FR ,EUR,2.804867,A,11/11/2025
20251111,A98,Etica Transizione Climatica,363,MERCK & CO. INC.,0.009522103966325,0.0,AZ ,Health Care,US58933Y1055,2778844,MRK US Equity,US ,USD,2.804867,,11/11/2025
20251111,A98,Etica Transizione Climatica,48586,T-MOBILE US INC,0.008292422824345,0.0,AZ ,Communication Services,US8725901040,B94Q9V0,TMUS US Equity,US ,USD,2.804867,,11/11/2025
20251111,A98,Etica Transizione Climatica,542,CISCO SYSTEMS INC,0.008153578966101,0.0,AZ ,Information Technology,US17275R1023,2198163,CSCO US Equity,US ,USD,2.804867,,11/11/2025
20251111,A98,Etica Transizione Climatica,211813,NXP SEMICONDUCTORS NV,0.008040587517189,0.0,AZ ,Information Technology,NL0009538784,B505PN7,NXPI US Equity,US ,USD,2.804867,,11/11/2025
20251111,A98,Etica Transizione Climatica,427,PROCTER & GAMBLE CO/THE,0.007999399807703,0.0,AZ ,Consumer Staples,US7427181091,2704407,PG US Equity,US ,USD,2.804867,,11/11/2025
20251111,A98,Etica Transizione Climatica,23568,SALESFORCE INC,0.00785774828035,0.0,AZ ,Information Technology,US79466L3024,2310525,CRM US Equity,US ,USD,2.804867,,11/11/2025
20251111,A98,Etica Transizione Climatica,423,NEW LINDE PLC,0.007529992348733,0.0,AZ ,Materials,IE000S9YS762,BNZHB81,LIN US Equity,US ,USD,2.804867,,11/11/2025
20251111,A98,Etica Transizione Climatica,239100,FORVIA SE EOFP 2 3/8 06/15/29,0.007417681604901,0.0,OB ,INDUSTRIAL,XS2312733871,,BO6324905 Corp,FR ,EUR,2.804867,C,11/11/2025
20251111,A98,Etica Transizione Climatica,500,UNITEDHEALTH GROUP INC,0.007114967082274,0.0,AZ ,Health Care,US91324P1021,2917766,UNH US Equity,US ,USD,2.804867,,11/11/2025
20251111,A98,Etica Transizione Climatica,571736,EVONIK INDUSTRIES AG EVKGR 4 1/4 09/09/55,0.006886085933834,0.0,OB ,INDUSTRIAL,DE000A4DFWV3,,YL7830943 Corp,DE ,EUR,2.804867,B,11/11/2025
20251111,A98,Etica Transizione Climatica,149,VERIZON COMMUNICATIONS INC,0.006760203974191,0.0,AZ ,Communication Services,US92343V1044,2090571,VZ US Equity,US ,USD,2.804867,,11/11/2025
20251111,A98,Etica Transizione Climatica,407318,ORSTED A/S ORSTED 1 3/4 12/09/3019,0.006735703539686,0.0,OB ,UTILITY,XS2010036874,,ZQ8044799 Corp,DK ,EUR,2.804867,C,11/11/2025
20251111,A98,Etica Transizione Climatica,514999,BUNDESREPUB. DEUTSCHLAND DBR 1.8 08/15/53,0.006445149189166,0.0,OB ,SOVEREIGN,DE0001030757,,ZK9574730 Govt,DE ,EUR,2.804867,A,11/11/2025
20251111,A98,Etica Transizione Climatica,125,ANALOG DEVICES INC,0.006331408415618,0.0,AZ ,Information Technology,US0326541051,2032067,ADI US Equity,US ,USD,2.804867,,11/11/2025
20251111,A98,Etica Transizione Climatica,336003,TELEFONICA EUROPE BV TELEFO 5.7522 PERP,0.006301111906663,0.0,OB ,INDUSTRIAL,XS2755535577,,ZD4852251 Corp,ES ,EUR,2.804867,C,11/11/2025
20251111,A98,Etica Transizione Climatica,358,S&P GLOBAL INC,0.006298613238949,0.0,AZ ,Financials,US78409V1044,BYV2325,SPGI US Equity,US ,USD,2.804867,,11/11/2025
20251111,A98,Etica Transizione Climatica,504092,EDP SA EDPPL 5.943 04/23/2083,0.006283493774926,0.0,OB ,UTILITY,PTEDP4OM0025,,ZM4793893 Corp,PT ,EUR,2.804867,C,11/11/2025
20251111,A98,Etica Transizione Climatica,222389,MONCLER SPA,0.006253153826528,0.0,AZ ,Consumer Discretionary,IT0004965148,BGLP232,MONC IM Equity,IT ,EUR,2.804867,,11/11/2025
20251111,A98,Etica Transizione Climatica,4289,CRH PLC,0.006201437888474,0.0,SE ,Materials,IE0001827041,182704,CRH LN Equity,US ,USD,2.804867,,11/11/2025
20251111,A98,Etica Transizione Climatica,214,DANAHER CORP,0.006194314857827,0.0,AZ ,Health Care,US2358511028,2250870,DHR US Equity,US ,USD,2.804867,,11/11/2025
20251111,A98,Etica Transizione Climatica,2839,ASML HOLDING NV,0.006088937503672,0.0,AZ ,Information Technology,NL0010273215,B929F46,ASML NA Equity,NL ,EUR,2.804867,,11/11/2025
20251111,A98,Etica Transizione Climatica,510414,REPUBLIC OF AUSTRIA RAGB 2.9 05/23/29,0.005973187384789,0.0,OB ,SOVEREIGN,AT0000A33SH3,,ZK2454146 Govt,AT ,EUR,2.804867,A,11/11/2025
20251111,A98,Etica Transizione Climatica,705,LAM RESEARCH CORP,0.005968379897955,0.0,AZ ,Information Technology,US5128073062,BSML4N7,LRCX US Equity,US ,USD,2.804867,,11/11/2025
20251111,A98,Etica Transizione Climatica,2566,UNITED PARCEL SERVICE-CL B,0.005936681722957,0.0,AZ ,Industrials,US9113121068,2517382,UPS US Equity,US ,USD,2.804867,,11/11/2025
20251111,A98,Etica Transizione Climatica,91,TELECOM ITALIA-RSP,0.005898001516717,0.0,AZ ,Communication Services,IT0003497176,7634402,TITR IM Equity,IT ,EUR,2.804867,,11/11/2025
20251111,A98,Etica Transizione Climatica,434288,GENERALI ASSGEN 2.429 07/14/31,0.005559093909392,0.0,OB ,FINANCIAL,XS2201857534,,BK4009894 Corp,IT ,EUR,2.804867,B,11/11/2025
20251111,A98,Etica Transizione Climatica,164953,AUD,0.005552056846396,0.0,LQ ,CASH,,,AUD,AU ,AUD,2.804867,,11/11/2025
20251111,A98,Etica Transizione Climatica,2706,TRANE TECHNOLOGIES PLC,0.005532421456563,0.0,AZ ,Industrials,IE00BK9ZQ967,BK9ZQ96,TT US Equity,US ,USD,2.804867,,11/11/2025
20251111,A98,Etica Transizione Climatica,1821,INTUIT INC,0.00551081063323,0.0,AZ ,Information Technology,US4612021034,2459020,INTU US Equity,US ,USD,2.804867,,11/11/2025
20251111,A98,Etica Transizione Climatica,2703,LONZA GROUP AG-REG,0.005361053658645,0.0,AZ ,Health Care,CH0013841017,7333378,LONN SW Equity,CH ,CHF,2.804867,,11/11/2025
20251111,A98,Etica Transizione Climatica,1404,OBAYASHI CORP,0.00530886085562,0.0,AZ ,Industrials,JP3190000004,6656407,1802 JP Equity,JP ,JPY,2.804867,,11/11/2025
20251111,A98,Etica Transizione Climatica,51154,ABN AMRO BANK NV ABNANV 0 1/2 09/23/29,0.005275834813188,0.0,OB ,FINANCIAL,XS2389343380,,BR4722566 Corp,NL ,EUR,2.804867,B,11/11/2025
20251111,A98,Etica Transizione Climatica,549,INTEL CORP,0.005259650644478,0.0,AZ ,Information Technology,US4581401001,2463247,INTC US Equity,US ,USD,2.804867,,11/11/2025
20251111,A98,Etica Transizione Climatica,216,DEERE & CO,0.005139774505127,0.0,AZ ,Industrials,US2441991054,2261203,DE US Equity,US ,USD,2.804867,,11/11/2025
20251111,A98,Etica Transizione Climatica,1706,TELECOM ITALIA SPA,0.005048018992305,0.0,AZ ,Communication Services,IT0003497168,7634394,TIT IM Equity,IT ,EUR,2.804867,,11/11/2025
20251111,A98,Etica Transizione Climatica,221482,SERVICENOW INC,0.004975743716911,0.0,AZ ,Information Technology,US81762P1021,B80NXX8,NOW US Equity,US ,USD,2.804867,,11/11/2025
20251111,A98,Etica Transizione Climatica,237738,BANCO DE SABADELL SA SABSM 5 1/8 11/10/28,0.004836798238513,0.0,OB ,FINANCIAL,XS2553801502,,ZN1277963 Corp,ES ,EUR,2.804867,A,11/11/2025
20251111,A98,Etica Transizione Climatica,164724,GBP,0.004816201044493,0.0,LQ ,CASH,,,GBP,GB ,GBP,2.804867,,11/11/2025
20251111,A98,Etica Transizione Climatica,443246,AIB GROUP PLC AIB 2 7/8 05/30/31,0.004676033840393,0.0,OB ,FINANCIAL,XS2230399441,,ZO6167829 Corp,IE ,EUR,2.804867,B,11/11/2025
20251111,A98,Etica Transizione Climatica,191474,PALO ALTO NETWORKS INC,0.00464995144193,0.0,AZ ,Information Technology,US6974351057,B87ZMX0,PANW US Equity,US ,USD,2.804867,,11/11/2025
20251111,A98,Etica Transizione Climatica,222,DOVER CORP,0.004624870088491,0.0,AZ ,Industrials,US2600031080,2278407,DOV US Equity,US ,USD,2.804867,,11/11/2025
20251111,A98,Etica Transizione Climatica,454474,BUONI POLIENNALI DEL TES BTPS 0.6 08/01/31,0.004607543933026,0.0,OB ,SOVEREIGN,IT0005436693,,BO0961645 Govt,IT ,EUR,2.804867,B,11/11/2025
20251111,A98,Etica Transizione Climatica,212385,TERNA RETE ELETTRICA TRNIM 2 3/8 PERP,0.004603860508122,0.0,OB ,UTILITY,XS2437854487,,BU0543472 Corp,IT ,EUR,2.804867,B,11/11/2025
20251111,A98,Etica Transizione Climatica,480,TEXAS INSTRUMENTS INC,0.004587638367386,0.0,AZ ,Information Technology,US8825081040,2885409,TXN US Equity,US ,USD,2.804867,,11/11/2025
20251111,A98,Etica Transizione Climatica,467508,BANCO DE SABADELL SA SABSM 0 7/8 06/16/28,0.004511648512033,0.0,OB ,FINANCIAL,XS2353366268,,BP9815211 Corp,ES ,EUR,2.804867,B,11/11/2025
20251111,A98,Etica Transizione Climatica,303539,ARISTA NETWORKS INC,0.004422685234975,0.0,AZ ,Information Technology,US0404132054,BL9XPM3,ANET US Equity,US ,USD,2.804867,,11/11/2025
20251111,A98,Etica Transizione Climatica,237,EMERSON ELECTRIC CO,0.004409834022753,0.0,AZ ,Industrials,US2910111044,2313405,EMR US Equity,US ,USD,2.804867,,11/11/2025
20251111,A98,Etica Transizione Climatica,159,BOSTON SCIENTIFIC CORP,0.004399164506415,0.0,AZ ,Health Care,US1011371077,2113434,BSX US Equity,US ,USD,2.804867,,11/11/2025
20251111,A98,Etica Transizione Climatica,405936,CARRIER GLOBAL CORP,0.004292697867261,0.0,AZ ,Industrials,US14448C1045,BK4N0D7,CARR US Equity,US ,USD,2.804867,,11/11/2025
20251111,A98,Etica Transizione Climatica,497,UNION PACIFIC CORP,0.00422623696025,0.0,AZ ,Industrials,US9078181081,2914734,UNP US Equity,US ,USD,2.804867,,11/11/2025
20251111,A98,Etica Transizione Climatica,166783,XYLEM INC,0.00418431129928,0.0,AZ ,Industrials,US98419M1009,B3P2CN8,XYL US Equity,US ,USD,2.804867,,11/11/2025
20251111,A98,Etica Transizione Climatica,446845,CAIXABANK SA CABKSM 0 3/8 11/18/26,0.004050316671723,0.0,OB ,FINANCIAL,XS2258971071,,BM3713112 Corp,ES ,EUR,2.804867,B,11/11/2025
20251111,A98,Etica Transizione Climatica,360,MEDTRONIC PLC,0.004018335967321,0.0,AZ ,Health Care,IE00BTN1Y115,BTN1Y11,MDT US Equity,US ,USD,2.804867,,11/11/2025
20251111,A98,Etica Transizione Climatica,397638,PROSUS NV,0.004001730599799,0.0,AZ ,Consumer Discretionary,NL0013654783,BJDS7L3,PRX NA Equity,NL ,EUR,2.804867,,11/11/2025
20251111,A98,Etica Transizione Climatica,344,LOWE'S COS INC,0.003767285142376,0.0,AZ ,Consumer Discretionary,US5486611073,2536763,LOW US Equity,US ,USD,2.804867,,11/11/2025
20251111,A98,Etica Transizione Climatica,49402,SARTORIUS STEDIM BIOTECH,0.00370735789219,0.0,AZ ,Health Care,FR0013154002,BYZ2QP5,DIM FP Equity,FR ,EUR,2.804867,,11/11/2025
20251111,A98,Etica Transizione Climatica,50917,MSCI INC,0.003672056757917,0.0,AZ ,Financials,US55354G1004,B2972D2,MSCI US Equity,US ,USD,2.804867,,11/11/2025
20251111,A98,Etica Transizione Climatica,3076,WEST JAPAN RAILWAY CO,0.003570509837617,0.0,AZ ,Industrials,JP3659000008,6957995,9021 JP Equity,JP ,JPY,2.804867,,11/11/2025
20251111,A98,Etica Transizione Climatica,1619,LOREAL SA,0.003555668877409,0.0,AZ ,Consumer Staples,FR0000120321,4057808,OR FP Equity,FR ,EUR,2.804867,,11/11/2025
20251111,A98,Etica Transizione Climatica,51532,VALEO SE FRFP 4 5/8 03/23/32,0.003481841789599,0.0,OB ,INDUSTRIAL,FR0014012SJ2,,YK1767762 Corp,FR ,EUR,2.804867,C,11/11/2025
20251111,A98,Etica Transizione Climatica,1324,MITSUI FUDOSAN CO LTD,0.003477007196368,0.0,AZ ,Real Estate,JP3893200000,6597603,8801 JP Equity,JP ,JPY,2.804867,,11/11/2025
20251111,A98,Etica Transizione Climatica,18091,PROLOGIS INC,0.003434184013743,0.0,AZ ,Real Estate,US74340W1036,B44WZD7,PLD UN Equity,US ,USD,2.804867,,11/11/2025
20251111,A98,Etica Transizione Climatica,531,ADOBE INC,0.003369257282687,0.0,AZ ,Information Technology,US00724F1012,2008154,ADBE US Equity,US ,USD,2.804867,,11/11/2025
20251111,A98,Etica Transizione Climatica,667,GILEAD SCIENCES INC,0.003368047529938,0.0,AZ ,Health Care,US3755581036,2369174,GILD US Equity,US ,USD,2.804867,,11/11/2025
20251111,A98,Etica Transizione Climatica,1859,SGS SA,0.003299636046569,0.0,AZ ,Industrials,CH1256740924,BMBQHZ4,SGSN SW Equity,CH ,CHF,2.804867,,11/11/2025
20251111,A98,Etica Transizione Climatica,543,COMCAST CORP-CLASS A,0.003270316279158,0.0,AZ ,Communication Services,US20030N1019,2044545,CMCSA US Equity,US ,USD,2.804867,,11/11/2025
20251111,A98,Etica Transizione Climatica,533,AMGEN INC,0.003269632367449,0.0,AZ ,Health Care,US0311621009,2023607,AMGN US Equity,US ,USD,2.804867,,11/11/2025
20251111,A98,Etica Transizione Climatica,1658,ATLAS COPCO AB-A SHS,0.003259009543322,0.0,AZ ,Industrials,SE0017486889,BLDBN41,ATCOA SS Equity,SE ,SEK,2.804867,,11/11/2025
20251111,A98,Etica Transizione Climatica,49400,TOYOTA BOSHOKU CORP,0.003250274616334,0.0,AZ ,Consumer Discretionary,JP3635400009,6900591,3116 JP Equity,JP ,JPY,2.804867,,11/11/2025
20251111,A98,Etica Transizione Climatica,335356,TAKEDA PHARMACEUTICAL TACHEM 1 07/09/29,0.003244444260943,0.0,OB ,INDUSTRIAL,XS2197348597,,BK2909210 Corp,JP ,EUR,2.804867,B,11/11/2025
20251111,A98,Etica Transizione Climatica,454,SONY GROUP CORP,0.003214197477809,0.0,AZ ,Consumer Discretionary,JP3435000009,6821506,6758 JP Equity,JP ,JPY,2.804867,,11/11/2025
20251111,A98,Etica Transizione Climatica,2088,SAP SE,0.003212860901723,0.0,AZ ,Information Technology,DE0007164600,4846288,SAP GY Equity,DE ,EUR,2.804867,,11/11/2025
20251111,A98,Etica Transizione Climatica,3033,STMICROELECTRONICS NV,0.003212035286997,0.0,SE ,Information Technology,NL0000226223,5962343,STMMI IM Equity,FR ,EUR,2.804867,,11/11/2025
20251111,A98,Etica Transizione Climatica,2170,DSV A/S,0.00317825015009,0.0,AZ ,Industrials,DK0060079531,B1WT5G2,DSV DC Equity,DK ,DKK,2.804867,,11/11/2025
20251111,A98,Etica Transizione Climatica,414185,TELEFONICA EMISIONES SAU TELEFO 0.664 02/03/30,0.003176818643941,0.0,OB ,INDUSTRIAL,XS2112289207,,ZP7076257 Corp,ES ,EUR,2.804867,B,11/11/2025
20251111,A98,Etica Transizione Climatica,500911,ORSTED A/S ORSTED 5 1/4 12/08/3022,0.003085678204113,0.0,OB ,UTILITY,XS2563353361,,ZN6806667 Corp,DK ,EUR,2.804867,C,11/11/2025
20251111,A98,Etica Transizione Climatica,184644,ZOETIS INC,0.003069911623874,0.0,AZ ,Health Care,US98978V1035,B95WG16,ZTS US Equity,US ,USD,2.804867,,11/11/2025
20251111,A98,Etica Transizione Climatica,237579,VONOVIA SE ANNGR 0 5/8 03/24/31,0.00303207295016,0.0,OB ,INDUSTRIAL,DE000A3E5FR9,,BO6329904 Corp,DE ,EUR,2.804867,B,11/11/2025
20251111,A98,Etica Transizione Climatica,164727,USD,0.003026586303888,0.0,LQ ,CASH,,,USD,US ,USD,2.804867,,11/11/2025
20251111,A98,Etica Transizione Climatica,232,ECOLAB INC,0.003019784386005,0.0,AZ ,Materials,US2788651006,2304227,ECL US Equity,US ,USD,2.804867,,11/11/2025
20251111,A98,Etica Transizione Climatica,454000,ORSTED A/S ORSTED 1 1/2 02/18/3021,0.002970751023921,0.0,OB ,UTILITY,XS2293075680,,BO0165460 Corp,DK ,EUR,2.804867,C,11/11/2025
20251111,A98,Etica Transizione Climatica,535701,BUNDESOBLIGATION OBL 2.1 04/12/29,0.002918305877638,0.0,OB ,SOVEREIGN,DE000BU35025,,ZB6879496 Govt,DE ,EUR,2.804867,A,11/11/2025
20251111,A98,Etica Transizione Climatica,233530,ZALANDO SE,0.002915391593877,0.0,AZ ,Consumer Discretionary,DE000ZAL1111,BQV0SV7,ZAL GR Equity,DE ,EUR,2.804867,,11/11/2025
20251111,A98,Etica Transizione Climatica,3092,MTR CORP,0.002913208052452,0.0,AZ ,Industrials,HK0066009694,6290054,66 HK Equity,HK ,HKD,2.804867,,11/11/2025
20251111,A98,Etica Transizione Climatica,406088,CAIXABANK SA CABKSM 1 1/4 06/18/31,0.002881150515832,0.0,OB ,FINANCIAL,XS2310118976,,BO4845729 Corp,ES ,EUR,2.804867,B,11/11/2025
20251111,A98,Etica Transizione Climatica,392,NOVO NORDISK A/S-B,0.0028808995798,0.0,AZ ,Health Care,DK0062498333,BP6KMJ1,NOVOB DC Equity,DK ,DKK,2.804867,,11/11/2025
20251111,A98,Etica Transizione Climatica,3760,ABB LTD,0.002857596694397,0.0,AZ ,Industrials,CH0012221716,7108899,ABBN SW Equity,CH ,CHF,2.804867,,11/11/2025
20251111,A98,Etica Transizione Climatica,51209,TELEFONICA EUROPE BV TELEFO 7 1/8 PERP,0.002813537725347,0.0,OB ,INDUSTRIAL,XS2462605671,,ZN3747385 Corp,ES ,EUR,2.804867,C,11/11/2025
20251111,A98,Etica Transizione Climatica,401613,GENERALI ASSGEN 2.124 10/01/30,0.002761236035347,0.0,OB ,FINANCIAL,XS2056491587,,ZR7444998 Corp,IT ,EUR,2.804867,B,11/11/2025
20251111,A98,Etica Transizione Climatica,407479,CNP ASSURANCES SA CNPFP 2 07/27/50,0.002710014021993,0.0,OB ,FINANCIAL,FR0013463775,,ZQ7071975 Corp,FR ,EUR,2.804867,B,11/11/2025
20251111,A98,Etica Transizione Climatica,17897,SK HYNIX INC,0.002641763631367,0.0,AZ ,Information Technology,KR7000660001,6450267,000660 KS Equity,KR ,KRW,2.804867,,11/11/2025
20251111,A98,Etica Transizione Climatica,1734,NOKIA OYJ,0.002632350225485,0.0,AZ ,Information Technology,FI0009000681,5902941,NOKIA FH Equity,FI ,EUR,2.804867,,11/11/2025
20251111,A98,Etica Transizione Climatica,3218,ROCKWELL AUTOMATION INC,0.002627855188904,0.0,AZ ,Industrials,US7739031091,2754060,ROK US Equity,US ,USD,2.804867,,11/11/2025
20251111,A98,Etica Transizione Climatica,41085,ARKEMA,0.002609207602332,0.0,AZ ,Materials,FR0010313833,B0Z5YZ2,AKE FP Equity,FR ,EUR,2.804867,,11/11/2025
20251111,A98,Etica Transizione Climatica,41306,CHURCH & DWIGHT CO INC,0.002554617105808,0.0,AZ ,Consumer Staples,US1713401024,2195841,CHD US Equity,US ,USD,2.804867,,11/11/2025
20251111,A98,Etica Transizione Climatica,1411,OMRON CORP,0.002531119481125,0.0,AZ ,Information Technology,JP3197800000,6659428,6645 JP Equity,JP ,JPY,2.804867,,11/11/2025
20251111,A98,Etica Transizione Climatica,1609,ESSILORLUXOTTICA,0.002486589795065,0.0,AZ ,Health Care,FR0000121667,7212477,EL FP Equity,FR ,EUR,2.804867,,11/11/2025
20251111,A98,Etica Transizione Climatica,3013,NOVARTIS AG,0.002474821027802,0.0,AZ ,Health Care,CH0012005267,7103065,NOVN SW Equity,CH ,CHF,2.804867,,11/11/2025
20251111,A98,Etica Transizione Climatica,236299,VONOVIA SE,0.002414712003269,0.0,AZ ,Real Estate,DE000A1ML7J1,BBJPFY1,VNA GR Equity,DE ,EUR,2.804867,,11/11/2025
20251111,A98,Etica Transizione Climatica,498384,CAIXABANK SA CABKSM 3 3/4 09/07/29,0.002405705643198,0.0,OB ,FINANCIAL,XS2530034649,,BY7751344 Corp,ES ,EUR,2.804867,A,11/11/2025
20251111,A98,Etica Transizione Climatica,331014,BONOS Y OBLIG DEL ESTADO SPGB 2.7 10/31/48,0.002399359389624,0.0,OB ,SOVEREIGN,ES0000012B47,,AR3918646 Govt,ES ,EUR,2.804867,A,11/11/2025
20251111,A98,Etica Transizione Climatica,237464,INFINEON TECHNOLOGIES AG IFXGR 3 5/8 PERP,0.002372228654125,0.0,OB ,INDUSTRIAL,XS2056730679,,ZR7968624 Corp,DE ,EUR,2.804867,B,11/11/2025
20251111,A98,Etica Transizione Climatica,23481,CBRE GROUP INC,0.002349416602139,0.0,AZ ,Real Estate,US12504L1098,B6WVMH3,CBRE US Equity,US ,USD,2.804867,,11/11/2025
20251111,A98,Etica Transizione Climatica,4266,MCCORMICK & CO-NON VTG SHRS,0.002324544164049,0.0,AZ ,Consumer Staples,US5797802064,2550161,MKC UN Equity,US ,USD,2.804867,,11/11/2025
20251111,A98,Etica Transizione Climatica,57392,EQUINIX INC,0.002282663326679,0.0,AZ ,Real Estate,US29444U7000,BVLZX12,EQIX US Equity,US ,USD,2.804867,,11/11/2025
20251111,A98,Etica Transizione Climatica,1580,YASKAWA ELECTRIC CORP,0.002279136842049,0.0,AZ ,Industrials,JP3932000007,6986041,6506 JP Equity,JP ,JPY,2.804867,,11/11/2025
20251111,A98,Etica Transizione Climatica,1714,SKF AB-B SHARES,0.002273136869818,0.0,AZ ,Industrials,SE0000108227,B1Q3J35,SKFB SS Equity,SE ,SEK,2.804867,,11/11/2025
20251111,A98,Etica Transizione Climatica,3011,DEUTSCHE TELEKOM AG,0.002269348202884,0.0,AZ ,Communication Services,DE0005557508,5842359,DTE GR Equity,DE ,EUR,2.804867,,11/11/2025
20251111,A98,Etica Transizione Climatica,173,CADENCE DESIGN SYS INC,0.002253572913993,0.0,AZ ,Information Technology,US1273871087,2302232,CDNS US Equity,US ,USD,2.804867,,11/11/2025
20251111,A98,Etica Transizione Climatica,23508,LION CORP,0.00223385503997,0.0,AZ ,Consumer Staples,JP3965400009,6518808,4912 JP Equity,JP ,JPY,2.804867,,11/11/2025
20251111,A98,Etica Transizione Climatica,3466,COGNIZANT TECH SOLUTIONS-A,0.002204113393203,0.0,AZ ,Information Technology,US1924461023,2257019,CTSH US Equity,US ,USD,2.804867,,11/11/2025
20251111,A98,Etica Transizione Climatica,395980,A2A SPA AEMSPA 1 07/16/29,0.002180814348835,0.0,OB ,UTILITY,XS2026150313,,AZ5661402 Corp,IT ,EUR,2.804867,B,11/11/2025
20251111,A98,Etica Transizione Climatica,242496,PAYPAL HOLDINGS INC,0.002159264785959,0.0,AZ ,Financials,US70450Y1038,BYW36M8,PYPL US Equity,US ,USD,2.804867,,11/11/2025
20251111,A98,Etica Transizione Climatica,23406,IBIDEN CO LTD,0.002157994891612,0.0,AZ ,Information Technology,JP3148800000,6456102,4062 JP Equity,JP ,JPY,2.804867,,11/11/2025
20251111,A98,Etica Transizione Climatica,899,WESTON (GEORGE) LTD,0.002132206764813,0.0,AZ ,Consumer Staples,CA9611485090,2956662,WN CN Equity,CA ,CAD,2.804867,,11/11/2025
20251111,A98,Etica Transizione Climatica,1826,BEIERSDORF AG,0.002108876496182,0.0,AZ ,Consumer Staples,DE0005200000,5107401,BEI GR Equity,DE ,EUR,2.804867,,11/11/2025
20251111,A98,Etica Transizione Climatica,280,WW GRAINGER INC,0.002092848564133,0.0,AZ ,Industrials,US3848021040,2380863,GWW US Equity,US ,USD,2.804867,,11/11/2025
20251111,A98,Etica Transizione Climatica,1040,TATE & LYLE PLC,0.002083286003857,0.0,AZ ,Consumer Staples,GB00BP92CJ43,BP92CJ4,TATE LN Equity,GB ,GBP,2.804867,,11/11/2025
20251111,A98,Etica Transizione Climatica,178773,SWIRE PROPERTIES LTD,0.002075079144095,0.0,AZ ,Real Estate,HK0000063609,B67C2G0,1972 HK Equity,HK ,HKD,2.804867,,11/11/2025
20251111,A98,Etica Transizione Climatica,1337,MURATA MANUFACTURING CO LTD,0.002073108670488,0.0,AZ ,Information Technology,JP3914400001,6610403,6981 JP Equity,JP ,JPY,2.804867,,11/11/2025
20251111,A98,Etica Transizione Climatica,148,BECTON DICKINSON AND CO,0.002048475276219,0.0,AZ ,Health Care,US0758871091,2087807,BDX US Equity,US ,USD,2.804867,,11/11/2025
20251111,A98,Etica Transizione Climatica,58713,UNITED RENTALS INC,0.002032660400454,0.0,AZ ,Industrials,US9113631090,2134781,URI US Equity,US ,USD,2.804867,,11/11/2025
20251111,A98,Etica Transizione Climatica,238421,BONOS Y OBLIG DEL ESTADO SPGB 2.9 10/31/46,0.002023899682018,0.0,OB ,SOVEREIGN,ES00000128C6,,JK3794373 Govt,ES ,EUR,2.804867,A,11/11/2025
20251111,A98,Etica Transizione Climatica,572909,FORWARD_USD/EUR,0.001989416557035,0.0,FW ,CASH,,,FORWARD_USD/EUR,US ,USD,2.804867,,11/11/2025
20251111,A98,Etica Transizione Climatica,34925,SUMCO CORP,0.001944600712271,0.0,AZ ,Information Technology,JP3322930003,B0M0C89,3436 JP Equity,JP ,JPY,2.804867,,11/11/2025
20251111,A98,Etica Transizione Climatica,1526,TOKYO ELECTRON LTD,0.00194324954487,0.0,AZ ,Information Technology,JP3571400005,6895675,8035 JP Equity,JP ,JPY,2.804867,,11/11/2025
20251111,A98,Etica Transizione Climatica,335600,BONOS Y OBLIG DEL ESTADO SPGB 1.9 10/31/52,0.001927301201818,0.0,OB ,SOVEREIGN,ES0000012K46,,BU3617661 Govt,ES ,EUR,2.804867,A,11/11/2025
20251111,A98,Etica Transizione Climatica,61108,MERCADOLIBRE INC,0.001915117510585,0.0,AZ ,Consumer Discretionary,US58733R1023,B23X1H3,MELI US Equity,US ,USD,2.804867,,11/11/2025
20251111,A98,Etica Transizione Climatica,504076,TELEFONICA EUROPE BV TELEFO 6.135 PERP,0.00190468888361,0.0,OB ,INDUSTRIAL,XS2582389156,,ZM6546588 Corp,ES ,EUR,2.804867,C,11/11/2025
20251111,A98,Etica Transizione Climatica,4264,AUTODESK INC,0.001866432575286,0.0,AZ ,Information Technology,US0527691069,2065159,ADSK US Equity,US ,USD,2.804867,,11/11/2025
20251111,A98,Etica Transizione Climatica,406077,COVIVIO COVFP 0 7/8 01/20/33,0.001841094010973,0.0,OB ,INDUSTRIAL,FR0014001LV5,,BN5635907 Corp,FR ,EUR,2.804867,B,11/11/2025
20251111,A98,Etica Transizione Climatica,4223,COLGATE-PALMOLIVE CO,0.001820746368828,0.0,AZ ,Consumer Staples,US1941621039,2209106,CL US Equity,US ,USD,2.804867,,11/11/2025
20251111,A98,Etica Transizione Climatica,212462,ORSTED A/S ORSTED 3 3/4 03/01/30,0.001808622980679,0.0,OB ,UTILITY,XS2591029876,,ZL2347488 Corp,DK ,EUR,2.804867,B,11/11/2025
20251111,A98,Etica Transizione Climatica,212634,VALMET CORP VALMTF 4 03/13/29,0.001808193038612,0.0,OB ,INDUSTRIAL,FI4000567094,,ZD4396341 Corp,FI ,EUR,2.804867,NR,11/11/2025
20251111,A98,Etica Transizione Climatica,1340,NEC CORP,0.001777027798456,0.0,AZ ,Information Technology,JP3733000008,6640400,6701 JP Equity,JP ,JPY,2.804867,,11/11/2025
20251111,A98,Etica Transizione Climatica,2298,TRACTOR SUPPLY COMPANY,0.001776322812965,0.0,AZ ,Consumer Discretionary,US8923561067,2900335,TSCO US Equity,US ,USD,2.804867,,11/11/2025
20251111,A98,Etica Transizione Climatica,18722,REGENERON PHARMACEUTICALS,0.00177541432187,0.0,AZ ,Health Care,US75886F1075,2730190,REGN US Equity,US ,USD,2.804867,,11/11/2025
20251111,A98,Etica Transizione Climatica,54495,HILTON WORLDWIDE HOLDINGS IN,0.001718976022605,0.0,AZ ,Consumer Discretionary,US43300A2033,BYVMW06,HLT UN Equity,US ,USD,2.804867,,11/11/2025
20251111,A98,Etica Transizione Climatica,1001,PERSIMMON PLC,0.001705516012232,0.0,AZ ,Consumer Discretionary,GB0006825383,682538,PSN LN Equity,GB ,GBP,2.804867,,11/11/2025
20251111,A98,Etica Transizione Climatica,217849,C/COLLATERALE GARANZIA ,0.00169559166806,0.0,CD ,CASH,,,C/COLLATERALE GARANZIA ,5A ,EUR,2.804867,,11/11/2025
20251111,A98,Etica Transizione Climatica,58909,EDWARDS LIFESCIENCES CORP,0.001687240971372,0.0,AZ ,Health Care,US28176E1082,2567116,EW US Equity,US ,USD,2.804867,,11/11/2025
20251111,A98,Etica Transizione Climatica,188,THE CIGNA GROUP,0.001680265203438,0.0,AZ ,Health Care,US1255231003,BHJ0775,CI US Equity,US ,USD,2.804867,,11/11/2025
20251111,A98,Etica Transizione Climatica,2288,SIMON PROPERTY GROUP INC,0.001634106757398,0.0,AZ ,Real Estate,US8288061091,2812452,SPG US Equity,US ,USD,2.804867,,11/11/2025
20251111,A98,Etica Transizione Climatica,44974,LEGRAND SA,0.001628718916829,0.0,AZ ,Industrials,FR0010307819,B11ZRK9,LR FP Equity,FR ,EUR,2.804867,,11/11/2025
20251111,A98,Etica Transizione Climatica,88166,REXEL SA,0.001628387238336,0.0,AZ ,Industrials,FR0010451203,B1VP0K0,RXL FP Equity,FR ,EUR,2.804867,,11/11/2025
20251111,A98,Etica Transizione Climatica,2658,ASSA ABLOY AB-B,0.001588569001721,0.0,AZ ,Industrials,SE0007100581,BYPC1T4,ASSAB SS Equity,SE ,SEK,2.804867,,11/11/2025
20251111,A98,Etica Transizione Climatica,18074,ESTEE LAUDER COMPANIES-CL A,0.001571348226701,0.0,AZ ,Consumer Staples,US5184391044,2320524,EL US Equity,US ,USD,2.804867,,11/11/2025
20251111,A98,Etica Transizione Climatica,1499,TAKEDA PHARMACEUTICAL CO LTD,0.001566337718718,0.0,AZ ,Health Care,JP3463000004,6870445,4502 JP Equity,JP ,JPY,2.804867,,11/11/2025
20251111,A98,Etica Transizione Climatica,739,PAYCHEX INC,0.001524039661986,0.0,AZ ,Industrials,US7043261079,2674458,PAYX US Equity,US ,USD,2.804867,,11/11/2025
20251111,A98,Etica Transizione Climatica,19461,DICK'S SPORTING GOODS INC,0.001477740458768,0.0,AZ ,Consumer Discretionary,US2533931026,2969637,DKS US Equity,US ,USD,2.804867,,11/11/2025
20251111,A98,Etica Transizione Climatica,536433,EDP SA EDPPL 4 3/4 05/29/54,0.0014649949961,0.0,OB ,UTILITY,PTEDPZOM0011,,YX2446822 Corp,PT ,EUR,2.804867,C,11/11/2025
20251111,A98,Etica Transizione Climatica,2985,CANADIAN NATL RAILWAY CO,0.001464430260263,0.0,AZ ,Industrials,CA1363751027,2180632,CNR CN Equity,CA ,CAD,2.804867,,11/11/2025
20251111,A98,Etica Transizione Climatica,1288,KURITA WATER INDUSTRIES LTD,0.001436760199732,0.0,AZ ,Industrials,JP3270000007,6497963,6370 JP Equity,JP ,JPY,2.804867,,11/11/2025
20251111,A98,Etica Transizione Climatica,134921,POLA ORBIS HOLDINGS INC,0.001344820894001,0.0,AZ ,Consumer Staples,JP3855900001,B5N4QN8,4927 JP Equity,JP ,JPY,2.804867,,11/11/2025
20251111,A98,Etica Transizione Climatica,3065,ELEVANCE HEALTH INC,0.001338367056865,0.0,AZ ,Health Care,US0367521038,BSPHGL4,ELV US Equity,US ,USD,2.804867,,11/11/2025
20251111,A98,Etica Transizione Climatica,57681,OWENS CORNING,0.001326715527654,0.0,AZ ,Industrials,US6907421019,B1FW7Q2,OC US Equity,US ,USD,2.804867,,11/11/2025
20251111,A98,Etica Transizione Climatica,152,BEST BUY CO INC,0.001324080543598,0.0,AZ ,Consumer Discretionary,US0865161014,2094670,BBY US Equity,US ,USD,2.804867,,11/11/2025
20251111,A98,Etica Transizione Climatica,335810,CREDITO EMILIANO SPA CRDEM 5 5/8 05/30/29,0.001258172941599,0.0,OB ,FINANCIAL,XS2606341787,,ZK7619628 Corp,IT ,EUR,2.804867,B,11/11/2025
20251111,A98,Etica Transizione Climatica,512180,BANCO DE SABADELL SA SABSM 5 06/07/29,0.001242807386092,0.0,OB ,FINANCIAL,XS2598331242,,ZK8294942 Corp,ES ,EUR,2.804867,A,11/11/2025
20251111,A98,Etica Transizione Climatica,295,HERSHEY CO/THE,0.00123786232564,0.0,AZ ,Consumer Staples,US4278661081,2422806,HSY US Equity,US ,USD,2.804867,,11/11/2025
20251111,A98,Etica Transizione Climatica,944,CRODA INTERNATIONAL PLC,0.001234637737069,0.0,AZ ,Materials,GB00BJFFLV09,BJFFLV0,CRDA LN Equity,GB ,GBP,2.804867,,11/11/2025
20251111,A98,Etica Transizione Climatica,350,PANASONIC HOLDINGS CORP,0.001234443216947,0.0,AZ ,Consumer Discretionary,JP3866800000,6572707,6752 JP Equity,JP ,JPY,2.804867,,11/11/2025
20251111,A98,Etica Transizione Climatica,335766,NOKIA OYJ NOKIA 4 3/8 08/21/31,0.001220813047606,0.0,OB ,INDUSTRIAL,XS2488809612,,ZM9740188 Corp,FI ,EUR,2.804867,C,11/11/2025
20251111,A98,Etica Transizione Climatica,1138,ASICS CORP,0.001192487335228,0.0,AZ ,Consumer Discretionary,JP3118000003,6057378,7936 JP Equity,JP ,JPY,2.804867,,11/11/2025
20251111,A98,Etica Transizione Climatica,68606,EDP RENOVAVEIS SA,0.001163461320422,0.0,AZ ,Utilities,ES0127797019,B39GNW2,EDPR PL Equity,PT ,EUR,2.804867,,11/11/2025
20251111,A98,Etica Transizione Climatica,271454,COVIVIO COVFP 1 7/8 05/20/26,0.001160857110777,0.0,OB ,INDUSTRIAL,FR0013170834,,JK9255643 Corp,FR ,EUR,2.804867,B,11/11/2025
20251111,A98,Etica Transizione Climatica,51536,RENAULT SA RENAUL 3 7/8 09/30/30,0.001159668085771,0.0,OB ,INDUSTRIAL,FR0014010DR1,,YK3273678 Corp,FR ,EUR,2.804867,C,11/11/2025
20251111,A98,Etica Transizione Climatica,454914,BUONI POLIENNALI DEL TES BTPS 1 1/2 04/30/45,0.001158047238552,0.0,OB ,SOVEREIGN,IT0005438004,,BO3833387 Govt,IT ,EUR,2.804867,B,11/11/2025
20251111,A98,Etica Transizione Climatica,128293,TERNA RETE ELETTRICA TRNIM 1 04/10/26,0.001154029389912,0.0,OB ,UTILITY,XS1980270810,,ZS0232844 Corp,IT ,EUR,2.804867,B,11/11/2025
20251111,A98,Etica Transizione Climatica,451544,EDP SA EDPPL 1 7/8 08/02/2081,0.001149263220149,0.0,OB ,UTILITY,PTEDPROM0029,,BN7191719 Corp,PT ,EUR,2.804867,C,11/11/2025
20251111,A98,Etica Transizione Climatica,239013,KLEPIERRE SA LIFP 2 05/12/29,0.001131475702264,0.0,OB ,INDUSTRIAL,FR0013512233,,BJ2958731 Corp,FR ,EUR,2.804867,A,11/11/2025
20251111,A98,Etica Transizione Climatica,3385,YUM! BRANDS INC,0.001091202689508,0.0,AZ ,Consumer Discretionary,US9884981013,2098876,YUM UN Equity,US ,USD,2.804867,,11/11/2025
20251111,A98,Etica Transizione Climatica,387,NORSK HYDRO ASA,0.001082831657255,0.0,AZ ,Materials,NO0005052605,B11HK39,NHY NO Equity,NO ,NOK,2.804867,,11/11/2025
20251111,A98,Etica Transizione Climatica,312,INGERSOLL-RAND INC,0.00106043003073,0.0,AZ ,Industrials,US45687V1061,BL5GZ82,IR UN Equity,US ,USD,2.804867,,11/11/2025
20251111,A98,Etica Transizione Climatica,50381,LULULEMON ATHLETICA INC,0.001043534705498,0.0,AZ ,Consumer Discretionary,US5500211090,B23FN39,LULU US Equity,US ,USD,2.804867,,11/11/2025
20251111,A98,Etica Transizione Climatica,1391,NISSHIN SEIFUN GROUP INC,0.001036218065966,0.0,AZ ,Consumer Staples,JP3676800000,6640961,2002 JP Equity,JP ,JPY,2.804867,,11/11/2025
20251111,A98,Etica Transizione Climatica,2297,AVALONBAY COMMUNITIES INC,0.001024489404636,0.0,AZ ,Real Estate,US0534841012,2131179,AVB US Equity,US ,USD,2.804867,,11/11/2025
20251111,A98,Etica Transizione Climatica,1,LG ELECTRONICS INC,0.001012155543961,0.0,AZ ,Consumer Discretionary,KR7066570003,6520739,066570 KS Equity,KR ,KRW,2.804867,,11/11/2025
20251111,A98,Etica Transizione Climatica,67156,KEURIG DR PEPPER INC,0.001010364987625,0.0,AZ ,Consumer Staples,US49271V1008,BD3W133,KDP US Equity,US ,USD,2.804867,,11/11/2025
20251111,A98,Etica Transizione Climatica,24041,TERNA-RETE ELETTRICA NAZIONA,0.000906223558311,0.0,AZ ,Utilities,IT0003242622,B01BN57,TRN IM Equity,IT ,EUR,2.804867,,11/11/2025
20251111,A98,Etica Transizione Climatica,318,INTL FLAVORS & FRAGRANCES,0.000899172226969,0.0,AZ ,Materials,US4595061015,2464165,IFF US Equity,US ,USD,2.804867,,11/11/2025
20251111,A98,Etica Transizione Climatica,1010,RELX PLC,0.000896134072738,0.0,AZ ,Industrials,GB00B2B0DG97,B2B0DG9,REL LN Equity,GB ,GBP,2.804867,,11/11/2025
20251111,A98,Etica Transizione Climatica,235482,MERLIN PROPERTIES SOCIMI SA,0.000870854634975,0.0,AZ ,Real Estate,ES0105025003,BNGNB77,MRL SM Equity,ES ,EUR,2.804867,,11/11/2025
20251111,A98,Etica Transizione Climatica,238905,BONOS Y OBLIG DEL ESTADO SPGB 1.85 07/30/35,0.000778831299412,0.0,OB ,SOVEREIGN,ES0000012E69,,AX4147556 Govt,ES ,EUR,2.804867,A,11/11/2025
20251111,A98,Etica Transizione Climatica,335227,NEXI SPA,0.000773565091591,0.0,AZ ,Financials,IT0005366767,BJ1F880,NEXI IM Equity,IT ,EUR,2.804867,,11/11/2025
20251111,A98,Etica Transizione Climatica,164954,CAD,0.000749812978209,0.0,LQ ,CASH,,,CAD,CA ,CAD,2.804867,,11/11/2025
20251111,A98,Etica Transizione Climatica,51336,AIB GROUP PLC AIB 4 5/8 05/20/35,0.000736346773735,0.0,OB ,FINANCIAL,XS2823235085,,YX0681750 Corp,IE ,EUR,2.804867,B,11/11/2025
20251111,A98,Etica Transizione Climatica,57810,VENTAS INC,0.000734181549313,0.0,AZ ,Real Estate,US92276F1003,2927925,VTR US Equity,US ,USD,2.804867,,11/11/2025
20251111,A98,Etica Transizione Climatica,126664,LYONDELLBASELL INDU-CL A,0.000729447134406,0.0,AZ ,Materials,NL0009434992,B3SPXZ3,LYB US Equity,US ,USD,2.804867,,11/11/2025
20251111,A98,Etica Transizione Climatica,164959,JPY,0.000694636153006,0.0,LQ ,CASH,,,JPY,JP ,JPY,2.804867,,11/11/2025
20251111,A98,Etica Transizione Climatica,382187,NOKIA OYJ NOKIA 2 03/11/26,0.000657992490775,0.0,OB ,INDUSTRIAL,XS1960685383,,AX4993215 Corp,FI ,EUR,2.804867,C,11/11/2025
20251111,A98,Etica Transizione Climatica,63,HERA SPA,0.000653936958475,0.0,AZ ,Utilities,IT0001250932,7598003,HER IM Equity,IT ,EUR,2.804867,,11/11/2025
20251111,A98,Etica Transizione Climatica,164726,SEK,0.000607308106861,0.0,LQ ,CASH,,,SEK,SE ,SEK,2.804867,,11/11/2025
20251111,A98,Etica Transizione Climatica,253654,FERRARI NV,0.000593777158469,0.0,AZ ,Consumer Discretionary,NL0011585146,BZ1GMK5,RACE US Equity,IT ,EUR,2.804867,,11/11/2025
20251111,A98,Etica Transizione Climatica,405937,EDP SA EDPPL 1 5/8 04/15/27,0.000576373893954,0.0,OB ,UTILITY,PTEDPNOM0015,,BH6216601 Corp,PT ,EUR,2.804867,B,11/11/2025
20251111,A98,Etica Transizione Climatica,237336,OBRIGACOES DO TESOURO PGB 2 1/4 04/18/34,0.000557457642612,0.0,OB ,SOVEREIGN,PTOTEWOE0017,,AS1769569 Govt,PT ,EUR,2.804867,A,11/11/2025
20251111,A98,Etica Transizione Climatica,164725,HKD,0.000547666246669,0.0,LQ ,CASH,,,HKD,HK ,HKD,2.804867,,11/11/2025
20251111,A98,Etica Transizione Climatica,164955,CHF,0.0005406556672,0.0,LQ ,CASH,,,CHF,CH ,CHF,2.804867,,11/11/2025
20251111,A98,Etica Transizione Climatica,1024,SSE PLC,0.000503552626507,0.0,AZ ,Utilities,GB0007908733,790873,SSE LN Equity,GB ,GBP,2.804867,,11/11/2025
20251111,A98,Etica Transizione Climatica,48675,PRYSMIAN SPA,0.000500576032636,0.0,AZ ,Industrials,IT0004176001,B1W4V69,PRY IM Equity,IT ,EUR,2.804867,,11/11/2025
20251111,A98,Etica Transizione Climatica,3476,A2A SPA,0.000484034174827,0.0,AZ ,Utilities,IT0001233417,5499131,A2A IM Equity,IT ,EUR,2.804867,,11/11/2025
20251111,A98,Etica Transizione Climatica,238405,BUONI POLIENNALI DEL TES BTPS 2.7 03/01/47,0.00047131426138,0.0,OB ,SOVEREIGN,IT0005162828,,JV9105265 Govt,IT ,EUR,2.804867,B,11/11/2025
20251111,A98,Etica Transizione Climatica,677,BIOGEN INC,0.000464878152982,0.0,AZ ,Health Care,US09062X1037,2455965,BIIB US Equity,US ,USD,2.804867,,11/11/2025
20251111,A98,Etica Transizione Climatica,503621,A2A SPA AEMSPA 4 3/8 02/03/34,0.000377795644658,0.0,OB ,UTILITY,XS2583205906,,ZM7159977 Corp,IT ,EUR,2.804867,B,11/11/2025
20251111,A98,Etica Transizione Climatica,164722,DKK,0.000371876507165,0.0,LQ ,CASH,,,DKK,DK ,DKK,2.804867,,11/11/2025
20251111,A98,Etica Transizione Climatica,3371,ERG SPA,0.000329331009396,0.0,AZ ,Utilities,IT0001157020,5337093,ERG IM Equity,IT ,EUR,2.804867,,11/11/2025
20251111,A98,Etica Transizione Climatica,128479,BELGIUM KINGDOM BGB 3.3 06/22/54,0.00025301467767,0.0,OB ,SOVEREIGN,BE0000358672,,ZL0747895 Govt,BE ,EUR,2.804867,A,11/11/2025
20251111,A98,Etica Transizione Climatica,314765,PIRELLI & C SPA,0.000154294493235,0.0,AZ ,Consumer Discretionary,IT0005278236,BZ5ZHK3,PIRC IM Equity,IT ,EUR,2.804867,,11/11/2025
20251111,A98,Etica Transizione Climatica,164960,NOK,0.000140890506595,0.0,LQ ,CASH,,,NOK,NO ,NOK,2.804867,,11/11/2025
20251111,A98,Etica Transizione Climatica,227088,ALPHABET INC-CL A,0.0,0.00772506011727,AZ ,Communication Services,US02079K3059,BYVY8G0,GOOGL US Equity,US ,USD,2.804867,,11/11/2025
20251111,A98,Etica Transizione Climatica,51421,FRENCH DISCOUNT T-BILL BTF 0 12/31/25,0.0,0.006820518,OB ,SOVEREIGN,FR0128690742,,YS3714856 Govt,FR ,EUR,2.804867,A,11/11/2025
20251111,A98,Etica Transizione Climatica,553272,GERMAN TREASURY BILL BUBILL 0 01/14/26,0.0,0.004961484,OB ,SOVEREIGN,DE000BU0E246,,YS4477537 Govt,DE ,EUR,2.804867,A,11/11/2025
20251111,A98,Etica Transizione Climatica,28663,ALPHABET INC-CL C,0.0,0.006561735545215,AZ ,Communication Services,US02079K1079,BYY88Y7,GOOG US Equity,US ,USD,2.804867,,11/11/2025
20251111,A98,Etica Transizione Climatica,50594,BROADCOM INC,0.0,0.0071474199592,AZ ,Information Technology,US11135F1012,BDZ78H9,AVGO US Equity,US ,USD,2.804867,,11/11/2025
20251111,A98,Etica Transizione Climatica,3255,AMAZON.COM INC,0.0,0.01081640331898,AZ ,Consumer Discretionary,US0231351067,2000019,AMZN US Equity,US ,USD,2.804867,,11/11/2025
20251111,A98,Etica Transizione Climatica,3458,NVIDIA CORP,0.0,0.031955661336865,AZ ,Information Technology,US67066G1040,2379504,NVDA US Equity,US ,USD,2.804867,,11/11/2025
20251111,A98,Etica Transizione Climatica,534,APPLE INC,0.0,0.018798002107295,AZ ,Information Technology,US0378331005,2046251,AAPL US Equity,US ,USD,2.804867,,11/11/2025
20251111,A98,Etica Transizione Climatica,553,MICROSOFT CORP,0.0,0.012249138590745,AZ ,Information Technology,US5949181045,2588173,MSFT US Equity,US ,USD,2.804867,,11/11/2025
20251111,A98,Etica Transizione Climatica,164736,DEBITI COMPENSO REVISIONE,-0.000005566627446,0.0,CD ,CASH,,,DEBITI COMPENSO REVISIONE,5A ,EUR,2.804867,,11/11/2025
20251111,A98,Etica Transizione Climatica,164733,DEBITI COMMISSIONE GESTIONE,-0.000032182837384,0.0,CD ,CASH,,,DEBITI COMMISSIONE GESTIONE,5A ,EUR,2.804867,,11/11/2025
20251111,A98,Etica Transizione Climatica,164730,DEBITI COMMISSIONE DEPOSITARIA,-0.000115452502174,0.0,CD ,CASH,,,DEBITI COMMISSIONE DEPOSITARIA,5A ,EUR,2.804867,,11/11/2025
20251111,A98,Etica Transizione Climatica,172066,ALLINEAMENTO NAV,-0.000605431271439,0.0,OT ,CASH,,,ALLINEAMENTO NAV,5A ,EUR,2.804867,,11/11/2025
20251111,A98,Etica Transizione Climatica,179420,DEBITI COMMISSIONE AMMINISTRAZIONE,-0.002574591821597,0.0,CD ,CASH,,,DEBITI COMMISSIONE AMMINISTRAZIONE,5A ,EUR,2.804867,,11/11/2025
20251111,A98,Etica Transizione Climatica,573180,FORWARD_USD/EUR,-0.012931207620728,0.0,FW ,CASH,,,FORWARD_USD/EUR,US ,USD,2.804867,,11/11/2025
20251111,A98,Etica Transizione Climatica,578038,FORWARD_USD/EUR,-0.014920624177763,0.0,FW ,CASH,,,FORWARD_USD/EUR,US ,USD,2.804867,,11/11/2025
20251111,A98,Etica Transizione Climatica,572000,FORWARD_USD/EUR,-0.026857123519974,0.0,FW ,CASH,,,FORWARD_USD/EUR,US ,USD,2.804867,,11/11/2025
20251111,A99,Etica Obiettivo Sociale,496185,BUNDESOBLIGATION OBL 1.3 10/15/27,0.095113456559739,0.0,OB ,SOVEREIGN,DE0001030740,,BY5766682 Govt,DE ,EUR,,A,11/11/2025
20251111,A99,Etica Obiettivo Sociale,571126,AUSTRIAN T-BILL RATB 0 11/27/25,0.086262801048353,0.0,OB ,SOVEREIGN,AT0000A3MUA7,,YL5192205 Govt,AT ,EUR,,A,11/11/2025
20251111,A99,Etica Obiettivo Sociale,574251,AUSTRIAN T-BILL RATB 0 03/26/26,0.061231512254924,0.0,OB ,SOVEREIGN,AT0000A3MUC3,,YK2495496 Govt,AT ,EUR,,A,11/11/2025
20251111,A99,Etica Obiettivo Sociale,3458,NVIDIA CORP,0.04742929426857,0.025564529069492,AZ ,Information Technology,US67066G1040,2379504,NVDA US Equity,US ,USD,,,11/11/2025
20251111,A99,Etica Obiettivo Sociale,212675,BUONI POLIENNALI DEL TES BTPS 4.05 10/30/37,0.032358976417599,0.0,OB ,SOVEREIGN,IT0005596470,,YX0762808 Govt,IT ,EUR,,B,11/11/2025
20251111,A99,Etica Obiettivo Sociale,523098,FRANCE (GOVT OF) FRTR 3 1/2 11/25/33,0.026091083617617,0.0,OB ,SOVEREIGN,FR001400L834,,ZH2111115 Govt,FR ,EUR,,A,11/11/2025
20251111,A99,Etica Obiettivo Sociale,5650,BUONI POLIENNALI DEL TES BTPS 3.6 10/01/35,0.025227497618015,0.0,OB ,SOVEREIGN,IT0005648149,,YP9041896 Govt,IT ,EUR,,B,11/11/2025
20251111,A99,Etica Obiettivo Sociale,164723,EUR,0.016192015199102,0.0,LQ ,CASH,,,EUR,5A ,EUR,,,11/11/2025
20251111,A99,Etica Obiettivo Sociale,164722,DKK,0.016100458916215,0.0,LQ ,CASH,,,DKK,DK ,DKK,,,11/11/2025
20251111,A99,Etica Obiettivo Sociale,164727,USD,0.013418900987156,0.0,LQ ,CASH,,,USD,US ,USD,,,11/11/2025
20251111,A99,Etica Obiettivo Sociale,510999,COUNCIL OF EUROPE COE 2 7/8 04/13/30,0.012710481106608,0.0,OB ,Quasi & Foreign Government,XS2610236528,,ZK0252484 Corp,SNA,EUR,,A,11/11/2025
20251111,A99,Etica Obiettivo Sociale,535701,BUNDESOBLIGATION OBL 2.1 04/12/29,0.012480679150472,0.0,OB ,SOVEREIGN,DE000BU35025,,ZB6879496 Govt,DE ,EUR,,A,11/11/2025
20251111,A99,Etica Obiettivo Sociale,51309,NEDER WATERSCHAPSBANK NEDWBK 2 5/8 01/10/34,0.012343790052956,0.0,OB ,Quasi & Foreign Government,XS2744491874,,ZF0683689 Govt,NL ,EUR,,A,11/11/2025
20251111,A99,Etica Obiettivo Sociale,509810,BUONI POLIENNALI DEL TES BTPS 4 10/30/31,0.01185106929054,0.0,OB ,SOVEREIGN,IT0005542359,,ZK0285476 Govt,IT ,EUR,,B,11/11/2025
20251111,A99,Etica Obiettivo Sociale,36611,FRANCE (GOVT OF) FRTR 3.15 07/25/32,0.0112110484518,0.0,OB ,SOVEREIGN,FR0000188799,,EC7356149 Govt,FR ,EUR,,A,11/11/2025
20251111,A99,Etica Obiettivo Sociale,431765,PEARSON FUNDING PLC PSON 3 3/4 06/04/30,0.010994379012044,0.0,OB ,INDUSTRIAL,XS2044910466,,BJ7575753 Corp,GB ,GBP,,B,11/11/2025
20251111,A99,Etica Obiettivo Sociale,444118,EUROPEAN UNION EU 0 10/04/30,0.010935603641818,0.0,OB ,Quasi & Foreign Government,EU000A283859,,BM0350801 Govt,SNA,EUR,,A,11/11/2025
20251111,A99,Etica Obiettivo Sociale,201018,ABBVIE INC,0.010778608365374,0.0,AZ ,Health Care,US00287Y1091,B92SR70,ABBV US Equity,US ,USD,,,11/11/2025
20251111,A99,Etica Obiettivo Sociale,554,ORACLE CORP,0.010681358287481,0.0,AZ ,Information Technology,US68389X1054,2661568,ORCL US Equity,US ,USD,,,11/11/2025
20251111,A99,Etica Obiettivo Sociale,534124,VONOVIA SE ANNGR 4 1/4 04/10/34,0.010394273194426,0.0,OB ,INDUSTRIAL,DE000A3829J7,,ZB1768538 Corp,DE ,EUR,,B,11/11/2025
20251111,A99,Etica Obiettivo Sociale,335900,BPIFRANCE SACA BPIFRA 3 1/2 09/27/27,0.010111916137779,0.0,OB ,Quasi & Foreign Government,FR001400LPZ1,,ZH5233460 Govt,FR ,EUR,,A,11/11/2025
20251111,A99,Etica Obiettivo Sociale,488986,AIB GROUP PLC AIB 2 1/4 04/04/28,0.009965289786295,0.0,OB ,FINANCIAL,XS2464405229,,BV5708540 Corp,IE ,EUR,,A,11/11/2025
20251111,A99,Etica Obiettivo Sociale,510744,BUNDESREPUB. DEUTSCHLAND DBR 2.3 02/15/33,0.009935074158346,0.0,OB ,SOVEREIGN,DE000BU3Z005,,ZK3512736 Govt,DE ,EUR,,A,11/11/2025
20251111,A99,Etica Obiettivo Sociale,335439,FRANCE (GOVT OF) FRTR 0 1/2 06/25/44,0.009514057179551,0.0,OB ,SOVEREIGN,FR0014002JM6,,BO6060129 Govt,FR ,EUR,,A,11/11/2025
20251111,A99,Etica Obiettivo Sociale,577,APPLIED MATERIALS INC,0.008674719724544,0.0,AZ ,Information Technology,US0382221051,2046552,AMAT US Equity,US ,USD,,,11/11/2025
20251111,A99,Etica Obiettivo Sociale,483520,BANCO DO BRASIL (CAYMAN) BANBRA 4 7/8 01/11/29,0.008601444779573,0.0,OB ,FINANCIAL,USP3772WAK82,,BT3700478 Corp,BR ,USD,,C,11/11/2025
20251111,A99,Etica Obiettivo Sociale,237094,BONOS Y OBLIG DEL ESTADO SPGB 3.45 07/30/66,0.007647585941053,0.0,OB ,SOVEREIGN,ES00000128E2,,LW0882867 Govt,ES ,EUR,,A,11/11/2025
20251111,A99,Etica Obiettivo Sociale,427,PROCTER & GAMBLE CO/THE,0.007544854927219,0.0,AZ ,Consumer Staples,US7427181091,2704407,PG US Equity,US ,USD,,,11/11/2025
20251111,A99,Etica Obiettivo Sociale,406204,BANCO COMERC PORTUGUES BCPPL 1 3/4 04/07/28,0.007390861752875,0.0,OB ,FINANCIAL,PTBCPEOM0069,,BR6434368 Corp,PT ,EUR,,B,11/11/2025
20251111,A99,Etica Obiettivo Sociale,300,HOME DEPOT INC,0.007287552591128,0.0,AZ ,Consumer Discretionary,US4370761029,2434209,HD US Equity,US ,USD,,,11/11/2025
20251111,A99,Etica Obiettivo Sociale,239153,BUNDESREPUB. DEUTSCHLAND DBR 0 08/15/31,0.0070365583322,0.0,OB ,SOVEREIGN,DE0001030732,,BR2433760 Govt,DE ,EUR,,A,11/11/2025
20251111,A99,Etica Obiettivo Sociale,443017,PRAEMIA HEALTHCARE SACA PRAEFP 1 3/8 09/17/30,0.006736152652038,0.0,OB ,INDUSTRIAL,FR0013535150,,ZO4361218 Corp,FR ,EUR,,B,11/11/2025
20251111,A99,Etica Obiettivo Sociale,454914,BUONI POLIENNALI DEL TES BTPS 1 1/2 04/30/45,0.006603473255675,0.0,OB ,SOVEREIGN,IT0005438004,,BO3833387 Govt,IT ,EUR,,B,11/11/2025
20251111,A99,Etica Obiettivo Sociale,391641,BONOS Y OBLIG DEL ESTADO SPGB 0.6 10/31/29,0.006331280157728,0.0,OB ,SOVEREIGN,ES0000012F43,,AZ1293424 Govt,ES ,EUR,,A,11/11/2025
20251111,A99,Etica Obiettivo Sociale,544860,NATWEST GROUP PLC NWG 3.575 09/12/32,0.006328960536548,0.0,OB ,FINANCIAL,XS2898838516,,YV6173723 Corp,GB ,EUR,,A,11/11/2025
20251111,A99,Etica Obiettivo Sociale,510424,DSM-FIRMENICH AG,0.006320395364013,0.0,AZ ,Materials,CH1216478797,BPCPSD6,DSFIR NA Equity,NL ,EUR,,,11/11/2025
20251111,A99,Etica Obiettivo Sociale,159,BOSTON SCIENTIFIC CORP,0.006196138083108,0.0,AZ ,Health Care,US1011371077,2113434,BSX US Equity,US ,USD,,,11/11/2025
20251111,A99,Etica Obiettivo Sociale,344,LOWE'S COS INC,0.006107011304035,0.0,AZ ,Consumer Discretionary,US5486611073,2536763,LOW US Equity,US ,USD,,,11/11/2025
20251111,A99,Etica Obiettivo Sociale,221482,SERVICENOW INC,0.005958827356958,0.0,AZ ,Information Technology,US81762P1021,B80NXX8,NOW US Equity,US ,USD,,,11/11/2025
20251111,A99,Etica Obiettivo Sociale,23568,SALESFORCE INC,0.005738843062734,0.0,AZ ,Information Technology,US79466L3024,2310525,CRM US Equity,US ,USD,,,11/11/2025
20251111,A99,Etica Obiettivo Sociale,514999,BUNDESREPUB. DEUTSCHLAND DBR 1.8 08/15/53,0.005512776499543,0.0,OB ,SOVEREIGN,DE0001030757,,ZK9574730 Govt,DE ,EUR,,A,11/11/2025
20251111,A99,Etica Obiettivo Sociale,237713,BUONI POLIENNALI DEL TES BTPS 4 04/30/35,0.005245338076218,0.0,OB ,SOVEREIGN,IT0005508590,,BY8794178 Govt,IT ,EUR,,B,11/11/2025
20251111,A99,Etica Obiettivo Sociale,1821,INTUIT INC,0.005135582466583,0.0,AZ ,Information Technology,US4612021034,2459020,INTU US Equity,US ,USD,,,11/11/2025
20251111,A99,Etica Obiettivo Sociale,542,CISCO SYSTEMS INC,0.005060154759247,0.0,AZ ,Information Technology,US17275R1023,2198163,CSCO US Equity,US ,USD,,,11/11/2025
20251111,A99,Etica Obiettivo Sociale,30976,NABTESCO CORP,0.005043015781424,0.0,AZ ,Industrials,JP3651210001,6687571,6268 JP Equity,JP ,JPY,,,11/11/2025
20251111,A99,Etica Obiettivo Sociale,423,NEW LINDE PLC,0.004900480369054,0.0,AZ ,Materials,IE000S9YS762,BNZHB81,LIN US Equity,US ,USD,,,11/11/2025
20251111,A99,Etica Obiettivo Sociale,533,AMGEN INC,0.004888070290914,0.0,AZ ,Health Care,US0311621009,2023607,AMGN US Equity,US ,USD,,,11/11/2025
20251111,A99,Etica Obiettivo Sociale,366,MICRON TECHNOLOGY INC,0.004841281870524,0.0,AZ ,Information Technology,US5951121038,2588184,MU US Equity,US ,USD,,,11/11/2025
20251111,A99,Etica Obiettivo Sociale,903,ASTRAZENECA PLC,0.004711152343241,0.0,AZ ,Health Care,GB0009895292,989529,AZN LN Equity,GB ,GBP,,,11/11/2025
20251111,A99,Etica Obiettivo Sociale,128380,BONOS Y OBLIG DEL ESTADO SPGB 0 01/31/28,0.00471106687897,0.0,OB ,SOVEREIGN,ES0000012I08,,BO5684341 Govt,ES ,EUR,,A,11/11/2025
20251111,A99,Etica Obiettivo Sociale,549,INTEL CORP,0.004609110346555,0.0,AZ ,Information Technology,US4581401001,2463247,INTC US Equity,US ,USD,,,11/11/2025
20251111,A99,Etica Obiettivo Sociale,1706,TELECOM ITALIA SPA,0.004494572067508,0.0,AZ ,Communication Services,IT0003497168,7634394,TIT IM Equity,IT ,EUR,,,11/11/2025
20251111,A99,Etica Obiettivo Sociale,480,TEXAS INSTRUMENTS INC,0.004377680499538,0.0,AZ ,Information Technology,US8825081040,2885409,TXN US Equity,US ,USD,,,11/11/2025
20251111,A99,Etica Obiettivo Sociale,100,ABBOTT LABORATORIES,0.004257288472874,0.0,AZ ,Health Care,US0028241000,2002305,ABT US Equity,US ,USD,,,11/11/2025
20251111,A99,Etica Obiettivo Sociale,164724,GBP,0.004182927034065,0.0,LQ ,CASH,,,GBP,GB ,GBP,,,11/11/2025
20251111,A99,Etica Obiettivo Sociale,18091,PROLOGIS INC,0.004126401606356,0.0,AZ ,Real Estate,US74340W1036,B44WZD7,PLD UN Equity,US ,USD,,,11/11/2025
20251111,A99,Etica Obiettivo Sociale,483128,FRANCE (GOVT OF) FRTR 0 05/25/32,0.004084378219894,0.0,OB ,SOVEREIGN,FR0014007L00,,BT2718364 Govt,FR ,EUR,,A,11/11/2025
20251111,A99,Etica Obiettivo Sociale,518947,CREDITO EMILIANO SPA CRDEM 4 7/8 03/26/30,0.004042123968907,0.0,OB ,FINANCIAL,XS2684860203,,ZI9662761 Corp,IT ,EUR,,B,11/11/2025
20251111,A99,Etica Obiettivo Sociale,4289,CRH PLC,0.004007418445254,0.0,SE ,Materials,IE0001827041,182704,CRH LN Equity,US ,USD,,,11/11/2025
20251111,A99,Etica Obiettivo Sociale,2839,ASML HOLDING NV,0.003904758959959,0.0,AZ ,Information Technology,NL0010273215,B929F46,ASML NA Equity,NL ,EUR,,,11/11/2025
20251111,A99,Etica Obiettivo Sociale,335736,VONOVIA SE ANNGR 4 3/4 05/23/27,0.003901993641988,0.0,OB ,INDUSTRIAL,DE000A30VQA4,,ZN4077030 Corp,DE ,EUR,,B,11/11/2025
20251111,A99,Etica Obiettivo Sociale,512653,CAIXABANK SA CABKSM 4 5/8 05/16/27,0.003824661178996,0.0,OB ,FINANCIAL,XS2623501181,,ZK5586472 Corp,ES ,EUR,,B,11/11/2025
20251111,A99,Etica Obiettivo Sociale,214,DANAHER CORP,0.003798153072529,0.0,AZ ,Health Care,US2358511028,2250870,DHR US Equity,US ,USD,,,11/11/2025
20251111,A99,Etica Obiettivo Sociale,489310,FRANCE (GOVT OF) FRTR 1 1/4 05/25/38,0.003771734006759,0.0,OB ,SOVEREIGN,FR0014009O62,,BV6882823 Govt,FR ,EUR,,A,11/11/2025
20251111,A99,Etica Obiettivo Sociale,756,QUALCOMM INC,0.003763513034486,0.0,AZ ,Information Technology,US7475251036,2714923,QCOM US Equity,US ,USD,,,11/11/2025
20251111,A99,Etica Obiettivo Sociale,222389,MONCLER SPA,0.003763446932251,0.0,AZ ,Consumer Discretionary,IT0004965148,BGLP232,MONC IM Equity,IT ,EUR,,,11/11/2025
20251111,A99,Etica Obiettivo Sociale,3218,ROCKWELL AUTOMATION INC,0.003731993490607,0.0,AZ ,Industrials,US7739031091,2754060,ROK US Equity,US ,USD,,,11/11/2025
20251111,A99,Etica Obiettivo Sociale,451544,EDP SA EDPPL 1 7/8 08/02/2081,0.003686278861573,0.0,OB ,UTILITY,PTEDPROM0029,,BN7191719 Corp,PT ,EUR,,C,11/11/2025
20251111,A99,Etica Obiettivo Sociale,2703,LONZA GROUP AG-REG,0.003652708668485,0.0,AZ ,Health Care,CH0013841017,7333378,LONN SW Equity,CH ,CHF,,,11/11/2025
20251111,A99,Etica Obiettivo Sociale,363,MERCK & CO. INC.,0.003588556325349,0.0,AZ ,Health Care,US58933Y1055,2778844,MRK US Equity,US ,USD,,,11/11/2025
20251111,A99,Etica Obiettivo Sociale,4264,AUTODESK INC,0.00349925195818,0.0,AZ ,Information Technology,US0527691069,2065159,ADSK US Equity,US ,USD,,,11/11/2025
20251111,A99,Etica Obiettivo Sociale,23359,AISIN CORP,0.003484093704254,0.0,AZ ,Consumer Discretionary,JP3102000001,6010702,7259 JP Equity,JP ,JPY,,,11/11/2025
20251111,A99,Etica Obiettivo Sociale,1288,KURITA WATER INDUSTRIES LTD,0.00338919851851,0.0,AZ ,Industrials,JP3270000007,6497963,6370 JP Equity,JP ,JPY,,,11/11/2025
20251111,A99,Etica Obiettivo Sociale,559,STRYKER CORP,0.003365159873178,0.0,AZ ,Health Care,US8636671013,2853688,SYK UN Equity,US ,USD,,,11/11/2025
20251111,A99,Etica Obiettivo Sociale,331171,BELGIUM KINGDOM BGB 1 1/4 04/22/33,0.003332374274165,0.0,OB ,SOVEREIGN,BE0000346552,,AQ3876663 Govt,BE ,EUR,,A,11/11/2025
20251111,A99,Etica Obiettivo Sociale,23406,IBIDEN CO LTD,0.003206769420255,0.0,AZ ,Information Technology,JP3148800000,6456102,4062 JP Equity,JP ,JPY,,,11/11/2025
20251111,A99,Etica Obiettivo Sociale,504096,NEDER WATERSCHAPSBANK NEDWBK 2 3/4 12/17/29,0.00319574613249,0.0,OB ,Quasi & Foreign Government,XS2579321337,,ZM4811604 Govt,NL ,EUR,,A,11/11/2025
20251111,A99,Etica Obiettivo Sociale,360,MEDTRONIC PLC,0.00310262300463,0.0,AZ ,Health Care,IE00BTN1Y115,BTN1Y11,MDT US Equity,US ,USD,,,11/11/2025
20251111,A99,Etica Obiettivo Sociale,164959,JPY,0.003020855032289,0.0,LQ ,CASH,,,JPY,JP ,JPY,,,11/11/2025
20251111,A99,Etica Obiettivo Sociale,236196,IMCD NV,0.002914564487054,0.0,AZ ,Industrials,NL0010801007,BNCBD46,IMCD NA Equity,NL ,EUR,,,11/11/2025
20251111,A99,Etica Obiettivo Sociale,61108,MERCADOLIBRE INC,0.002813481466087,0.0,AZ ,Consumer Discretionary,US58733R1023,B23X1H3,MELI US Equity,US ,USD,,,11/11/2025
20251111,A99,Etica Obiettivo Sociale,541,CINTAS CORP,0.002793474810488,0.0,AZ ,Industrials,US1729081059,2197137,CTAS US Equity,US ,USD,,,11/11/2025
20251111,A99,Etica Obiettivo Sociale,2985,CANADIAN NATL RAILWAY CO,0.002781293130372,0.0,AZ ,Industrials,CA1363751027,2180632,CNR CN Equity,CA ,CAD,,,11/11/2025
20251111,A99,Etica Obiettivo Sociale,503621,A2A SPA AEMSPA 4 3/8 02/03/34,0.002692855861747,0.0,OB ,UTILITY,XS2583205906,,ZM7159977 Corp,IT ,EUR,,B,11/11/2025
20251111,A99,Etica Obiettivo Sociale,462761,BUNDESREPUB. DEUTSCHLAND DBR 0 08/15/50,0.002676668830114,0.0,OB ,SOVEREIGN,DE0001030724,,BP4742659 Govt,DE ,EUR,,A,11/11/2025
20251111,A99,Etica Obiettivo Sociale,3065,ELEVANCE HEALTH INC,0.002652007393195,0.0,AZ ,Health Care,US0367521038,BSPHGL4,ELV US Equity,US ,USD,,,11/11/2025
20251111,A99,Etica Obiettivo Sociale,212828,PRYSMIAN SPA PRYIM 3 7/8 11/28/31,0.002628439972944,0.0,OB ,INDUSTRIAL,XS2948434266,,YT3439742 Corp,IT ,EUR,,B,11/11/2025
20251111,A99,Etica Obiettivo Sociale,509918,NATWEST GROUP PLC NWG 4.699 03/14/28,0.002614454417077,0.0,OB ,FINANCIAL,XS2596599063,,ZL4435141 Corp,GB ,EUR,,A,11/11/2025
20251111,A99,Etica Obiettivo Sociale,809,WASTE MANAGEMENT INC,0.002607136307617,0.0,AZ ,Industrials,US94106L1098,2937667,WM US Equity,US ,USD,,,11/11/2025
20251111,A99,Etica Obiettivo Sociale,212462,ORSTED A/S ORSTED 3 3/4 03/01/30,0.002578304510243,0.0,OB ,UTILITY,XS2591029876,,ZL2347488 Corp,DK ,EUR,,B,11/11/2025
20251111,A99,Etica Obiettivo Sociale,166783,XYLEM INC,0.002556654301478,0.0,AZ ,Industrials,US98419M1009,B3P2CN8,XYL US Equity,US ,USD,,,11/11/2025
20251111,A99,Etica Obiettivo Sociale,237721,INSTITUT CREDITO OFICIAL ICO 2.65 01/31/28,0.002542146957254,0.0,OB ,Quasi & Foreign Government,XS2538778478,,BZ1970970 Govt,ES ,EUR,,A,11/11/2025
20251111,A99,Etica Obiettivo Sociale,3837,AGILENT TECHNOLOGIES INC,0.002521905490727,0.0,AZ ,Health Care,US00846U1016,2520153,A US Equity,US ,USD,,,11/11/2025
20251111,A99,Etica Obiettivo Sociale,2170,DSV A/S,0.002472661421608,0.0,AZ ,Industrials,DK0060079531,B1WT5G2,DSV DC Equity,DK ,DKK,,,11/11/2025
20251111,A99,Etica Obiettivo Sociale,2706,TRANE TECHNOLOGIES PLC,0.002466309934022,0.0,AZ ,Industrials,IE00BK9ZQ967,BK9ZQ96,TT US Equity,US ,USD,,,11/11/2025
20251111,A99,Etica Obiettivo Sociale,397638,PROSUS NV,0.002425489830236,0.0,AZ ,Consumer Discretionary,NL0013654783,BJDS7L3,PRX NA Equity,NL ,EUR,,,11/11/2025
20251111,A99,Etica Obiettivo Sociale,667,GILEAD SCIENCES INC,0.002400941235753,0.0,AZ ,Health Care,US3755581036,2369174,GILD US Equity,US ,USD,,,11/11/2025
20251111,A99,Etica Obiettivo Sociale,1619,LOREAL SA,0.002397457795919,0.0,AZ ,Consumer Staples,FR0000120321,4057808,OR FP Equity,FR ,EUR,,,11/11/2025
20251111,A99,Etica Obiettivo Sociale,489810,COUNCIL OF EUROPE COE 1 04/13/29,0.002367491531255,0.0,OB ,Quasi & Foreign Government,XS2468525451,,BV7507270 Corp,SNA,EUR,,A,11/11/2025
20251111,A99,Etica Obiettivo Sociale,125,ANALOG DEVICES INC,0.002328442128777,0.0,AZ ,Information Technology,US0326541051,2032067,ADI US Equity,US ,USD,,,11/11/2025
20251111,A99,Etica Obiettivo Sociale,57392,EQUINIX INC,0.002313946623759,0.0,AZ ,Real Estate,US29444U7000,BVLZX12,EQIX US Equity,US ,USD,,,11/11/2025
20251111,A99,Etica Obiettivo Sociale,1826,BEIERSDORF AG,0.002281489809373,0.0,AZ ,Consumer Staples,DE0005200000,5107401,BEI GR Equity,DE ,EUR,,,11/11/2025
20251111,A99,Etica Obiettivo Sociale,531,ADOBE INC,0.002257426622353,0.0,AZ ,Information Technology,US00724F1012,2008154,ADBE US Equity,US ,USD,,,11/11/2025
20251111,A99,Etica Obiettivo Sociale,1735,SUN HUNG KAI PROPERTIES,0.002249765175908,0.0,AZ ,Real Estate,HK0016000132,6859927,16 HK Equity,HK ,HKD,,,11/11/2025
20251111,A99,Etica Obiettivo Sociale,68606,EDP RENOVAVEIS SA,0.002205710255622,0.0,AZ ,Utilities,ES0127797019,B39GNW2,EDPR PL Equity,PT ,EUR,,,11/11/2025
20251111,A99,Etica Obiettivo Sociale,480661,BONOS Y OBLIG DEL ESTADO SPGB 0.7 04/30/32,0.002182162444056,0.0,OB ,SOVEREIGN,ES0000012K20,,BT4353020 Govt,ES ,EUR,,A,11/11/2025
20251111,A99,Etica Obiettivo Sociale,350,PANASONIC HOLDINGS CORP,0.002132942176675,0.0,AZ ,Consumer Discretionary,JP3866800000,6572707,6752 JP Equity,JP ,JPY,,,11/11/2025
20251111,A99,Etica Obiettivo Sociale,1658,ATLAS COPCO AB-A SHS,0.002096403672555,0.0,AZ ,Industrials,SE0017486889,BLDBN41,ATCOA SS Equity,SE ,SEK,,,11/11/2025
20251111,A99,Etica Obiettivo Sociale,2986,NATIONAL GRID PLC,0.002066183851554,0.0,AZ ,Utilities,GB00BDR05C01,BDR05C0,NG/ LN Equity,GB ,GBP,,,11/11/2025
20251111,A99,Etica Obiettivo Sociale,335600,BONOS Y OBLIG DEL ESTADO SPGB 1.9 10/31/52,0.002060615724792,0.0,OB ,SOVEREIGN,ES0000012K46,,BU3617661 Govt,ES ,EUR,,A,11/11/2025
20251111,A99,Etica Obiettivo Sociale,1499,TAKEDA PHARMACEUTICAL CO LTD,0.002042297389355,0.0,AZ ,Health Care,JP3463000004,6870445,4502 JP Equity,JP ,JPY,,,11/11/2025
20251111,A99,Etica Obiettivo Sociale,164955,CHF,0.002014524091028,0.0,LQ ,CASH,,,CHF,CH ,CHF,,,11/11/2025
20251111,A99,Etica Obiettivo Sociale,238730,NUTRIEN LTD,0.00200841814365,0.0,SE ,Materials,CA67077M1086,BDH3SB9,NTR US Equity,CA ,CAD,,,11/11/2025
20251111,A99,Etica Obiettivo Sociale,2088,SAP SE,0.001975456683091,0.0,AZ ,Information Technology,DE0007164600,4846288,SAP GY Equity,DE ,EUR,,,11/11/2025
20251111,A99,Etica Obiettivo Sociale,348394,KNORR-BREMSE AG,0.001937421999262,0.0,AZ ,Industrials,DE000KBX1006,BD2P9X9,KBX GR Equity,DE ,EUR,,,11/11/2025
20251111,A99,Etica Obiettivo Sociale,2955,VOESTALPINE AG,0.001916040392493,0.0,AZ ,Materials,AT0000937503,4943402,VOE AV Equity,AT ,EUR,,,11/11/2025
20251111,A99,Etica Obiettivo Sociale,2566,UNITED PARCEL SERVICE-CL B,0.001880833059144,0.0,AZ ,Industrials,US9113121068,2517382,UPS US Equity,US ,USD,,,11/11/2025
20251111,A99,Etica Obiettivo Sociale,3033,STMICROELECTRONICS NV,0.001831436436917,0.0,SE ,Information Technology,NL0000226223,5962343,STMMI IM Equity,FR ,EUR,,,11/11/2025
20251111,A99,Etica Obiettivo Sociale,31958,FASTENAL CO,0.001821482994107,0.0,AZ ,Industrials,US3119001044,2332262,FAST US Equity,US ,USD,,,11/11/2025
20251111,A99,Etica Obiettivo Sociale,3760,ABB LTD,0.001806899434991,0.0,AZ ,Industrials,CH0012221716,7108899,ABBN SW Equity,CH ,CHF,,,11/11/2025
20251111,A99,Etica Obiettivo Sociale,1545,TOTO LTD,0.001793761985608,0.0,AZ ,Industrials,JP3596200000,6897466,5332 JP Equity,JP ,JPY,,,11/11/2025
20251111,A99,Etica Obiettivo Sociale,237,EMERSON ELECTRIC CO,0.001792217955772,0.0,AZ ,Industrials,US2910111044,2313405,EMR US Equity,US ,USD,,,11/11/2025
20251111,A99,Etica Obiettivo Sociale,292486,FRANCE (GOVT OF) FRTR 1 3/4 06/25/39,0.001774825174962,0.0,OB ,SOVEREIGN,FR0013234333,,AL9974240 Govt,FR ,EUR,,A,11/11/2025
20251111,A99,Etica Obiettivo Sociale,233530,ZALANDO SE,0.001755974815188,0.0,AZ ,Consumer Discretionary,DE000ZAL1111,BQV0SV7,ZAL GR Equity,DE ,EUR,,,11/11/2025
20251111,A99,Etica Obiettivo Sociale,276440,DELL TECHNOLOGIES -C,0.001735460676938,0.0,AZ ,Information Technology,US24703L2025,BHKD3S6,DELL US Equity,US ,USD,,,11/11/2025
20251111,A99,Etica Obiettivo Sociale,1734,NOKIA OYJ,0.00166533224772,0.0,AZ ,Information Technology,FI0009000681,5902941,NOKIA FH Equity,FI ,EUR,,,11/11/2025
20251111,A99,Etica Obiettivo Sociale,3371,ERG SPA,0.001614544642066,0.0,AZ ,Utilities,IT0001157020,5337093,ERG IM Equity,IT ,EUR,,,11/11/2025
20251111,A99,Etica Obiettivo Sociale,236299,VONOVIA SE,0.001574201682963,0.0,AZ ,Real Estate,DE000A1ML7J1,BBJPFY1,VNA GR Equity,DE ,EUR,,,11/11/2025
20251111,A99,Etica Obiettivo Sociale,1575,ASTELLAS PHARMA INC,0.001570262557006,0.0,AZ ,Health Care,JP3942400007,6985383,4503 JP Equity,JP ,JPY,,,11/11/2025
20251111,A99,Etica Obiettivo Sociale,238421,BONOS Y OBLIG DEL ESTADO SPGB 2.9 10/31/46,0.001558005155299,0.0,OB ,SOVEREIGN,ES00000128C6,,JK3794373 Govt,ES ,EUR,,A,11/11/2025
20251111,A99,Etica Obiettivo Sociale,1361,NIDEC CORP,0.001528121765081,0.0,AZ ,Industrials,JP3734800000,6640682,6594 JP Equity,JP ,JPY,,,11/11/2025
20251111,A99,Etica Obiettivo Sociale,3013,NOVARTIS AG,0.0015082883812,0.0,AZ ,Health Care,CH0012005267,7103065,NOVN SW Equity,CH ,CHF,,,11/11/2025
20251111,A99,Etica Obiettivo Sociale,58909,EDWARDS LIFESCIENCES CORP,0.001491668848557,0.0,AZ ,Health Care,US28176E1082,2567116,EW US Equity,US ,USD,,,11/11/2025
20251111,A99,Etica Obiettivo Sociale,3011,DEUTSCHE TELEKOM AG,0.001461221862784,0.0,AZ ,Communication Services,DE0005557508,5842359,DTE GR Equity,DE ,EUR,,,11/11/2025
20251111,A99,Etica Obiettivo Sociale,1340,NEC CORP,0.001424960716739,0.0,AZ ,Information Technology,JP3733000008,6640400,6701 JP Equity,JP ,JPY,,,11/11/2025
20251111,A99,Etica Obiettivo Sociale,1714,SKF AB-B SHARES,0.001418851809559,0.0,AZ ,Industrials,SE0000108227,B1Q3J35,SKFB SS Equity,SE ,SEK,,,11/11/2025
20251111,A99,Etica Obiettivo Sociale,1526,TOKYO ELECTRON LTD,0.001416591261086,0.0,AZ ,Information Technology,JP3571400005,6895675,8035 JP Equity,JP ,JPY,,,11/11/2025
20251111,A99,Etica Obiettivo Sociale,336777,ULTA BEAUTY INC,0.001412333833132,0.0,AZ ,Consumer Discretionary,US90384S3031,B28TS42,ULTA UW Equity,US ,USD,,,11/11/2025
20251111,A99,Etica Obiettivo Sociale,148,BECTON DICKINSON AND CO,0.001350890571738,0.0,AZ ,Health Care,US0758871091,2087807,BDX US Equity,US ,USD,,,11/11/2025
20251111,A99,Etica Obiettivo Sociale,232,ECOLAB INC,0.001337730307217,0.0,AZ ,Materials,US2788651006,2304227,ECL US Equity,US ,USD,,,11/11/2025
20251111,A99,Etica Obiettivo Sociale,49977,TE CONNECTIVITY PLC,0.001309033304141,0.0,AZ ,Information Technology,IE000IVNQZ81,BRC3N84,TEL US Equity,US ,USD,,,11/11/2025
20251111,A99,Etica Obiettivo Sociale,536433,EDP SA EDPPL 4 3/4 05/29/54,0.001305275836008,0.0,OB ,UTILITY,PTEDPZOM0011,,YX2446822 Corp,PT ,EUR,,C,11/11/2025
20251111,A99,Etica Obiettivo Sociale,4266,MCCORMICK & CO-NON VTG SHRS,0.001236937840108,0.0,AZ ,Consumer Staples,US5797802064,2550161,MKC UN Equity,US ,USD,,,11/11/2025
20251111,A99,Etica Obiettivo Sociale,1040,TATE & LYLE PLC,0.001219974353854,0.0,AZ ,Consumer Staples,GB00BP92CJ43,BP92CJ4,TATE LN Equity,GB ,GBP,,,11/11/2025
20251111,A99,Etica Obiettivo Sociale,4223,COLGATE-PALMOLIVE CO,0.001212825323061,0.0,AZ ,Consumer Staples,US1941621039,2209106,CL US Equity,US ,USD,,,11/11/2025
20251111,A99,Etica Obiettivo Sociale,344928,IRELAND GOVERNMENT BOND IRISH 1.35 03/18/31,0.0011790279652,0.0,OB ,SOVEREIGN,IE00BFZRQ242,,AU9204705 Govt,IE ,EUR,,A,11/11/2025
20251111,A99,Etica Obiettivo Sociale,944,CRODA INTERNATIONAL PLC,0.001134179571434,0.0,AZ ,Materials,GB00BJFFLV09,BJFFLV0,CRDA LN Equity,GB ,GBP,,,11/11/2025
20251111,A99,Etica Obiettivo Sociale,23481,CBRE GROUP INC,0.001133399417062,0.0,AZ ,Real Estate,US12504L1098,B6WVMH3,CBRE US Equity,US ,USD,,,11/11/2025
20251111,A99,Etica Obiettivo Sociale,100272,AMERICAN WATER WORKS CO INC,0.001088164769187,0.0,AZ ,Utilities,US0304201033,B2R3PV1,AWK US Equity,US ,USD,,,11/11/2025
20251111,A99,Etica Obiettivo Sociale,1001,PERSIMMON PLC,0.001084555537785,0.0,AZ ,Consumer Discretionary,GB0006825383,682538,PSN LN Equity,GB ,GBP,,,11/11/2025
20251111,A99,Etica Obiettivo Sociale,253654,FERRARI NV,0.001019892998848,0.0,AZ ,Consumer Discretionary,NL0011585146,BZ1GMK5,RACE US Equity,IT ,EUR,,,11/11/2025
20251111,A99,Etica Obiettivo Sociale,88166,REXEL SA,0.001017523184366,0.0,AZ ,Industrials,FR0010451203,B1VP0K0,RXL FP Equity,FR ,EUR,,,11/11/2025
20251111,A99,Etica Obiettivo Sociale,2658,ASSA ABLOY AB-B,0.001005708026348,0.0,AZ ,Industrials,SE0007100581,BYPC1T4,ASSAB SS Equity,SE ,SEK,,,11/11/2025
20251111,A99,Etica Obiettivo Sociale,392,NOVO NORDISK A/S-B,0.000986253003772,0.0,AZ ,Health Care,DK0062498333,BP6KMJ1,NOVOB DC Equity,DK ,DKK,,,11/11/2025
20251111,A99,Etica Obiettivo Sociale,44974,LEGRAND SA,0.000935023524404,0.0,AZ ,Industrials,FR0010307819,B11ZRK9,LR FP Equity,FR ,EUR,,,11/11/2025
20251111,A99,Etica Obiettivo Sociale,32136,BOLIDEN AB,0.000920689205248,0.0,AZ ,Materials,SE0020050417,BPYTZ57,BOL SS Equity,SE ,SEK,,,11/11/2025
20251111,A99,Etica Obiettivo Sociale,5441,REPUBLIC OF AUSTRIA RAGB 1.85 05/23/49,0.000914563649184,0.0,OB ,SOVEREIGN,AT0000A2Y8G4,,BW7906546 Govt,AT ,EUR,,A,11/11/2025
20251111,A99,Etica Obiettivo Sociale,3119,INTERPUMP GROUP SPA,0.000913783988112,0.0,AZ ,Industrials,IT0001078911,5161407,IP IM Equity,IT ,EUR,,,11/11/2025
20251111,A99,Etica Obiettivo Sociale,343334,GODADDY INC - CLASS A,0.000834595852841,0.0,AZ ,Information Technology,US3802371076,BWFRFC6,GDDY US Equity,US ,USD,,,11/11/2025
20251111,A99,Etica Obiettivo Sociale,152,BEST BUY CO INC,0.000788135230478,0.0,AZ ,Consumer Discretionary,US0865161014,2094670,BBY US Equity,US ,USD,,,11/11/2025
20251111,A99,Etica Obiettivo Sociale,295,HERSHEY CO/THE,0.000745781826138,0.0,AZ ,Consumer Staples,US4278661081,2422806,HSY US Equity,US ,USD,,,11/11/2025
20251111,A99,Etica Obiettivo Sociale,24041,TERNA-RETE ELETTRICA NAZIONA,0.000689105201897,0.0,AZ ,Utilities,IT0003242622,B01BN57,TRN IM Equity,IT ,EUR,,,11/11/2025
20251111,A99,Etica Obiettivo Sociale,2831,BREMBO N.V.,0.00066807704477,0.0,AZ ,Consumer Discretionary,NL0015001KT6,BSMM753,BRE IM Equity,IT ,EUR,,,11/11/2025
20251111,A99,Etica Obiettivo Sociale,211813,NXP SEMICONDUCTORS NV,0.000664492848356,0.0,AZ ,Information Technology,NL0009538784,B505PN7,NXPI US Equity,US ,USD,,,11/11/2025
20251111,A99,Etica Obiettivo Sociale,3385,YUM! BRANDS INC,0.000646108657334,0.0,AZ ,Consumer Discretionary,US9884981013,2098876,YUM UN Equity,US ,USD,,,11/11/2025
20251111,A99,Etica Obiettivo Sociale,3466,COGNIZANT TECH SOLUTIONS-A,0.000645530632746,0.0,AZ ,Information Technology,US1924461023,2257019,CTSH US Equity,US ,USD,,,11/11/2025
20251111,A99,Etica Obiettivo Sociale,387,NORSK HYDRO ASA,0.000628818113003,0.0,AZ ,Materials,NO0005052605,B11HK39,NHY NO Equity,NO ,NOK,,,11/11/2025
20251111,A99,Etica Obiettivo Sociale,235482,MERLIN PROPERTIES SOCIMI SA,0.000608616603798,0.0,AZ ,Real Estate,ES0105025003,BNGNB77,MRL SM Equity,ES ,EUR,,,11/11/2025
20251111,A99,Etica Obiettivo Sociale,164960,NOK,0.000597573214048,0.0,LQ ,CASH,,,NOK,NO ,NOK,,,11/11/2025
20251111,A99,Etica Obiettivo Sociale,67156,KEURIG DR PEPPER INC,0.000586463968712,0.0,AZ ,Consumer Staples,US49271V1008,BD3W133,KDP US Equity,US ,USD,,,11/11/2025
20251111,A99,Etica Obiettivo Sociale,1010,RELX PLC,0.000543015191129,0.0,AZ ,Industrials,GB00B2B0DG97,B2B0DG9,REL LN Equity,GB ,GBP,,,11/11/2025
20251111,A99,Etica Obiettivo Sociale,164726,SEK,0.000468168468182,0.0,LQ ,CASH,,,SEK,SE ,SEK,,,11/11/2025
20251111,A99,Etica Obiettivo Sociale,677,BIOGEN INC,0.000447992857241,0.0,AZ ,Health Care,US09062X1037,2455965,BIIB US Equity,US ,USD,,,11/11/2025
20251111,A99,Etica Obiettivo Sociale,335696,BELGIUM KINGDOM BGB 2 3/4 04/22/39,0.000403056656028,0.0,OB ,SOVEREIGN,BE0000356650,,BZ0281957 Govt,BE ,EUR,,A,11/11/2025
20251111,A99,Etica Obiettivo Sociale,50261,DIASORIN SPA,0.000402122591972,0.0,AZ ,Health Care,IT0003492391,B234WN9,DIA IM Equity,IT ,EUR,,,11/11/2025
20251111,A99,Etica Obiettivo Sociale,1970,K+S AG-REG,0.000394300699615,0.0,AZ ,Materials,DE000KSAG888,B54C017,SDF GR Equity,DE ,EUR,,,11/11/2025
20251111,A99,Etica Obiettivo Sociale,1024,SSE PLC,0.000341383270059,0.0,AZ ,Utilities,GB0007908733,790873,SSE LN Equity,GB ,GBP,,,11/11/2025
20251111,A99,Etica Obiettivo Sociale,63,HERA SPA,0.000228696100263,0.0,AZ ,Utilities,IT0001250932,7598003,HER IM Equity,IT ,EUR,,,11/11/2025
20251111,A99,Etica Obiettivo Sociale,247914,INFRASTRUTTURE WIRELESS ITAL,0.000224361840793,0.0,AZ ,Communication Services,IT0005090300,BZ0P4R4,INW IM Equity,IT ,EUR,,,11/11/2025
20251111,A99,Etica Obiettivo Sociale,3245,EDP SA,0.000220451942878,0.0,AZ ,Utilities,PTEDP0AM0009,4103596,EDP PL Equity,PT ,EUR,,,11/11/2025
20251111,A99,Etica Obiettivo Sociale,46079,SYMRISE AG,0.000193020501636,0.0,AZ ,Materials,DE000SYM9999,B1JB4K8,SY1 GY Equity,DE ,EUR,,,11/11/2025
20251111,A99,Etica Obiettivo Sociale,164725,HKD,0.000186462937863,0.0,LQ ,CASH,,,HKD,HK ,HKD,,,11/11/2025
20251111,A99,Etica Obiettivo Sociale,335227,NEXI SPA,0.000171991604558,0.0,AZ ,Financials,IT0005366767,BJ1F880,NEXI IM Equity,IT ,EUR,,,11/11/2025
20251111,A99,Etica Obiettivo Sociale,164954,CAD,0.0000712943444,0.0,LQ ,CASH,,,CAD,CA ,CAD,,,11/11/2025
20251111,A99,Etica Obiettivo Sociale,568369,FRENCH DISCOUNT T-BILL BTF 0 01/14/26,0.0,0.004925858,OB ,SOVEREIGN,FR0128983980,,YN8205323 Govt,FR ,EUR,,A,11/11/2025
20251111,A99,Etica Obiettivo Sociale,51421,FRENCH DISCOUNT T-BILL BTF 0 12/31/25,0.0,0.006820518,OB ,SOVEREIGN,FR0128690742,,YS3714856 Govt,FR ,EUR,,A,11/11/2025
20251111,A99,Etica Obiettivo Sociale,227088,ALPHABET INC-CL A,0.0,0.006180048093816,AZ ,Communication Services,US02079K3059,BYVY8G0,GOOGL US Equity,US ,USD,,,11/11/2025
20251111,A99,Etica Obiettivo Sociale,553272,GERMAN TREASURY BILL BUBILL 0 01/14/26,0.0,0.004961484,OB ,SOVEREIGN,DE000BU0E246,,YS4477537 Govt,DE ,EUR,,A,11/11/2025
20251111,A99,Etica Obiettivo Sociale,28663,ALPHABET INC-CL C,0.0,0.005249388436172,AZ ,Communication Services,US02079K1079,BYY88Y7,GOOG US Equity,US ,USD,,,11/11/2025
20251111,A99,Etica Obiettivo Sociale,50594,BROADCOM INC,0.0,0.00571793596736,AZ ,Information Technology,US11135F1012,BDZ78H9,AVGO US Equity,US ,USD,,,11/11/2025
20251111,A99,Etica Obiettivo Sociale,3255,AMAZON.COM INC,0.0,0.008653122655184,AZ ,Consumer Discretionary,US0231351067,2000019,AMZN US Equity,US ,USD,,,11/11/2025
20251111,A99,Etica Obiettivo Sociale,553,MICROSOFT CORP,0.0,0.009799310872596,AZ ,Information Technology,US5949181045,2588173,MSFT US Equity,US ,USD,,,11/11/2025
20251111,A99,Etica Obiettivo Sociale,534,APPLE INC,0.0,0.015038401685836,AZ ,Information Technology,US0378331005,2046251,AAPL US Equity,US ,USD,,,11/11/2025
20251111,A99,Etica Obiettivo Sociale,164730,DEBITI COMMISSIONE DEPOSITARIA,-0.000024131385782,0.0,CD ,CASH,,,DEBITI COMMISSIONE DEPOSITARIA,5A ,EUR,,,11/11/2025
20251111,A99,Etica Obiettivo Sociale,164736,DEBITI COMPENSO REVISIONE,-0.000030501742103,0.0,CD ,CASH,,,DEBITI COMPENSO REVISIONE,5A ,EUR,,,11/11/2025
20251111,A99,Etica Obiettivo Sociale,164733,DEBITI COMMISSIONE GESTIONE,-0.000151110327585,0.0,CD ,CASH,,,DEBITI COMMISSIONE GESTIONE,5A ,EUR,,,11/11/2025
20251111,A99,Etica Obiettivo Sociale,179420,DEBITI COMMISSIONE AMMINISTRAZIONE,-0.000248873437755,0.0,CD ,CASH,,,DEBITI COMMISSIONE AMMINISTRAZIONE,5A ,EUR,,,11/11/2025
20251111,A99,Etica Obiettivo Sociale,172066,ALLINEAMENTO NAV,-0.001113672462714,0.0,OT ,CASH,,,ALLINEAMENTO NAV,5A ,EUR,,,11/11/2025
20251111,LPC,Etica Conservative Allocation,510744,BUNDESREPUB. DEUTSCHLAND DBR 2.3 02/15/33,0.110594183382057,0.0,OB ,SOVEREIGN,DE000BU3Z005,,ZK3512736 Govt,DE ,EUR,0.669904,A,11/11/2025
20251111,LPC,Etica Conservative Allocation,571126,AUSTRIAN T-BILL RATB 0 11/27/25,0.082812561000435,0.0,OB ,SOVEREIGN,AT0000A3MUA7,,YL5192205 Govt,AT ,EUR,0.669904,A,11/11/2025
20251111,LPC,Etica Conservative Allocation,441759,BUONI POLIENNALI DEL TES BTPS 0.9 04/01/31,0.041521021659248,0.0,OB ,SOVEREIGN,IT0005422891,,ZO6504153 Govt,IT ,EUR,0.669904,B,11/11/2025
20251111,LPC,Etica Conservative Allocation,489310,FRANCE (GOVT OF) FRTR 1 1/4 05/25/38,0.039936194284169,0.0,OB ,SOVEREIGN,FR0014009O62,,BV6882823 Govt,FR ,EUR,0.669904,A,11/11/2025
20251111,LPC,Etica Conservative Allocation,51091,BONOS Y OBLIG DEL ESTADO SPGB 0.8 07/30/27,0.036608538242716,0.0,OB ,SOVEREIGN,ES0000012G26,,BH2918028 Govt,ES ,EUR,0.669904,A,11/11/2025
20251111,LPC,Etica Conservative Allocation,574251,AUSTRIAN T-BILL RATB 0 03/26/26,0.032921158716821,0.0,OB ,SOVEREIGN,AT0000A3MUC3,,YK2495496 Govt,AT ,EUR,0.669904,A,11/11/2025
20251111,LPC,Etica Conservative Allocation,5546,BUONI POLIENNALI DEL TES BTPS 2.95 02/15/27,0.031616719169552,0.0,OB ,SOVEREIGN,IT0005580045,,ZF2286036 Govt,IT ,EUR,0.669904,B,11/11/2025
20251111,LPC,Etica Conservative Allocation,406188,BONOS Y OBLIG DEL ESTADO SPGB 1 07/30/42,0.031423097322427,0.0,OB ,SOVEREIGN,ES0000012J07,,BR3246377 Govt,ES ,EUR,0.669904,A,11/11/2025
20251111,LPC,Etica Conservative Allocation,454914,BUONI POLIENNALI DEL TES BTPS 1 1/2 04/30/45,0.02775207801762,0.0,OB ,SOVEREIGN,IT0005438004,,BO3833387 Govt,IT ,EUR,0.669904,B,11/11/2025
20251111,LPC,Etica Conservative Allocation,335696,BELGIUM KINGDOM BGB 2 3/4 04/22/39,0.027290120865309,0.0,OB ,SOVEREIGN,BE0000356650,,BZ0281957 Govt,BE ,EUR,0.669904,A,11/11/2025
20251111,LPC,Etica Conservative Allocation,212626,BUONI POLIENNALI DEL TES BTPS 3.85 07/01/34,0.026397483368635,0.0,OB ,SOVEREIGN,IT0005584856,,ZD2941395 Govt,IT ,EUR,0.669904,B,11/11/2025
20251111,LPC,Etica Conservative Allocation,237742,BUONI POLIENNALI DEL TES BTPS 3.85 12/15/29,0.0221120406564,0.0,OB ,SOVEREIGN,IT0005519787,,ZN2613331 Govt,IT ,EUR,0.669904,B,11/11/2025
20251111,LPC,Etica Conservative Allocation,5650,BUONI POLIENNALI DEL TES BTPS 3.6 10/01/35,0.021197575443328,0.0,OB ,SOVEREIGN,IT0005648149,,YP9041896 Govt,IT ,EUR,0.669904,B,11/11/2025
20251111,LPC,Etica Conservative Allocation,128380,BONOS Y OBLIG DEL ESTADO SPGB 0 01/31/28,0.019789473925325,0.0,OB ,SOVEREIGN,ES0000012I08,,BO5684341 Govt,ES ,EUR,0.669904,A,11/11/2025
20251111,LPC,Etica Conservative Allocation,36611,FRANCE (GOVT OF) FRTR 3.15 07/25/32,0.018849899669949,0.0,OB ,SOVEREIGN,FR0000188799,,EC7356149 Govt,FR ,EUR,0.669904,A,11/11/2025
20251111,LPC,Etica Conservative Allocation,239153,BUNDESREPUB. DEUTSCHLAND DBR 0 08/15/31,0.018190039905522,0.0,OB ,SOVEREIGN,DE0001030732,,BR2433760 Govt,DE ,EUR,0.669904,A,11/11/2025
20251111,LPC,Etica Conservative Allocation,414309,BUONI POLIENNALI DEL TES BTPS 1.45 03/01/36,0.017288678449302,0.0,OB ,SOVEREIGN,IT0005402117,,BG0130297 Govt,IT ,EUR,0.669904,B,11/11/2025
20251111,LPC,Etica Conservative Allocation,128460,BUONI POLIENNALI DEL TES BTPS 3 1/2 01/15/26,0.016802641527769,0.0,OB ,SOVEREIGN,IT0005514473,,BZ6502398 Govt,IT ,EUR,0.669904,B,11/11/2025
20251111,LPC,Etica Conservative Allocation,350454,FRANCE (GOVT OF) FRTR 0 3/4 11/25/28,0.015927086483661,0.0,OB ,SOVEREIGN,FR0013341682,,AS9078385 Govt,FR ,EUR,0.669904,A,11/11/2025
20251111,LPC,Etica Conservative Allocation,415726,FRANCE (GOVT OF) FRTR 0 3/4 05/25/52,0.015551321007488,0.0,OB ,SOVEREIGN,FR0013480613,,ZP7360719 Govt,FR ,EUR,0.669904,A,11/11/2025
20251111,LPC,Etica Conservative Allocation,164727,USD,0.015037268714579,0.0,LQ ,CASH,,,USD,US ,USD,0.669904,,11/11/2025
20251111,LPC,Etica Conservative Allocation,510414,REPUBLIC OF AUSTRIA RAGB 2.9 05/23/29,0.015025398510857,0.0,OB ,SOVEREIGN,AT0000A33SH3,,ZK2454146 Govt,AT ,EUR,0.669904,A,11/11/2025
20251111,LPC,Etica Conservative Allocation,534121,TERNA RETE ELETTRICA TRNIM 4 3/4 PERP,0.013261951233908,0.0,OB ,UTILITY,XS2798269069,,ZB2049300 Corp,IT ,EUR,0.669904,B,11/11/2025
20251111,LPC,Etica Conservative Allocation,237713,BUONI POLIENNALI DEL TES BTPS 4 04/30/35,0.013223367995889,0.0,OB ,SOVEREIGN,IT0005508590,,BY8794178 Govt,IT ,EUR,0.669904,B,11/11/2025
20251111,LPC,Etica Conservative Allocation,535701,BUNDESOBLIGATION OBL 2.1 04/12/29,0.012582550197882,0.0,OB ,SOVEREIGN,DE000BU35025,,ZB6879496 Govt,DE ,EUR,0.669904,A,11/11/2025
20251111,LPC,Etica Conservative Allocation,405993,SSE PLC SSELN 3 1/8 PERP,0.01256998469616,0.0,OB ,UTILITY,XS2195190520,,BK2936866 Corp,GB ,EUR,0.669904,B,11/11/2025
20251111,LPC,Etica Conservative Allocation,510999,COUNCIL OF EUROPE COE 2 7/8 04/13/30,0.012050708137934,0.0,OB ,Quasi & Foreign Government,XS2610236528,,ZK0252484 Corp,SNA,EUR,0.669904,A,11/11/2025
20251111,LPC,Etica Conservative Allocation,294625,BONOS Y OBLIG DEL ESTADO SPGB 2.35 07/30/33,0.010047075594548,0.0,OB ,SOVEREIGN,ES00000128Q6,,AM6067459 Govt,ES ,EUR,0.669904,A,11/11/2025
20251111,LPC,Etica Conservative Allocation,459171,EUROPEAN UNION EU 0.2 06/04/36,0.009191317897227,0.0,OB ,Quasi & Foreign Government,EU000A3KM903,,BO4675365 Govt,SNA,EUR,0.669904,A,11/11/2025
20251111,LPC,Etica Conservative Allocation,164723,EUR,0.008917423522919,0.0,LQ ,CASH,,,EUR,5A ,EUR,0.669904,,11/11/2025
20251111,LPC,Etica Conservative Allocation,445633,BONOS Y OBLIG DEL ESTADO SPGB 0 01/31/26,0.008250676247541,0.0,OB ,SOVEREIGN,ES0000012G91,,ZO8777807 Govt,ES ,EUR,0.669904,A,11/11/2025
20251111,LPC,Etica Conservative Allocation,3458,NVIDIA CORP,0.008235043644622,0.00571899,AZ ,Information Technology,US67066G1040,2379504,NVDA US Equity,US ,USD,0.669904,,11/11/2025
20251111,LPC,Etica Conservative Allocation,442342,BUNDESREPUB. DEUTSCHLAND DBR 0 08/15/30,0.008221762126841,0.0,OB ,SOVEREIGN,DE0001030708,,ZO2919926 Govt,DE ,EUR,0.669904,A,11/11/2025
20251111,LPC,Etica Conservative Allocation,406149,CAISSE D'AMORT DETTE SOC CADES 0 11/25/26,0.008108053141422,0.0,OB ,Quasi & Foreign Government,FR0014004016,,BP9677991 Govt,FR ,EUR,0.669904,A,11/11/2025
20251111,LPC,Etica Conservative Allocation,406011,ERG SPA ERGIM 0 1/2 09/11/27,0.007993735873843,0.0,OB ,UTILITY,XS2229434852,,ZO3431582 Corp,IT ,EUR,0.669904,NR,11/11/2025
20251111,LPC,Etica Conservative Allocation,406148,AGENCE FRANCAISE DEVELOP AGFRNC 0.01 11/25/28,0.007674267989,0.0,OB ,Quasi & Foreign Government,FR0014003YN1,,BP9619894 Govt,FR ,EUR,0.669904,A,11/11/2025
20251111,LPC,Etica Conservative Allocation,335524,AGENCE FRANCAISE DEVELOP AGFRNC 0 1/8 09/29/31,0.006967211247072,0.0,OB ,Quasi & Foreign Government,FR0014005NA6,,BR5562094 Govt,FR ,EUR,0.669904,A,11/11/2025
20251111,LPC,Etica Conservative Allocation,335490,LANDWIRTSCH. RENTENBANK RENTEN 0 06/30/31,0.005384664515735,0.0,OB ,Quasi & Foreign Government,XS2359292955,,BQ1979823 Corp,DE ,EUR,0.669904,A,11/11/2025
20251111,LPC,Etica Conservative Allocation,15898,BONOS Y OBLIG DEL ESTADO SPGB 5 3/4 07/30/32,0.004970774084969,0.0,OB ,SOVEREIGN,ES0000012411,,EC3301636 Govt,ES ,EUR,0.669904,A,11/11/2025
20251111,LPC,Etica Conservative Allocation,5441,REPUBLIC OF AUSTRIA RAGB 1.85 05/23/49,0.004615182195503,0.0,OB ,SOVEREIGN,AT0000A2Y8G4,,BW7906546 Govt,AT ,EUR,0.669904,A,11/11/2025
20251111,LPC,Etica Conservative Allocation,228114,FRANCE (GOVT OF) FRTR 2 1/2 05/25/30,0.004594544938675,0.005854883535488,OB ,SOVEREIGN,FR0011883966,,EK2432749 Govt,FR ,EUR,0.669904,A,11/11/2025
20251111,LPC,Etica Conservative Allocation,164724,GBP,0.004558804218111,0.0,LQ ,CASH,,,GBP,GB ,GBP,0.669904,,11/11/2025
20251111,LPC,Etica Conservative Allocation,185030,NETHERLANDS GOVERNMENT NETHER 0 1/2 01/15/40,0.004409463074748,0.0,OB ,SOVEREIGN,NL0013552060,,ZS0947771 Govt,NL ,EUR,0.669904,A,11/11/2025
20251111,LPC,Etica Conservative Allocation,237567,BONOS Y OBLIG DEL ESTADO SPGB 0.1 04/30/31,0.00435344849208,0.0,OB ,SOVEREIGN,ES0000012H41,,BN5127343 Govt,ES ,EUR,0.669904,A,11/11/2025
20251111,LPC,Etica Conservative Allocation,451544,EDP SA EDPPL 1 7/8 08/02/2081,0.004136684989366,0.0,OB ,UTILITY,PTEDPROM0029,,BN7191719 Corp,PT ,EUR,0.669904,C,11/11/2025
20251111,LPC,Etica Conservative Allocation,492162,KOMMUNEKREDIT KOMMUN 1 1/2 05/16/29,0.004054549494476,0.0,OB ,Quasi & Foreign Government,XS2489343793,,BW8977538 Govt,DK ,EUR,0.669904,A,11/11/2025
20251111,LPC,Etica Conservative Allocation,239100,FORVIA SE EOFP 2 3/8 06/15/29,0.004051092479443,0.0,OB ,INDUSTRIAL,XS2312733871,,BO6324905 Corp,FR ,EUR,0.669904,C,11/11/2025
20251111,LPC,Etica Conservative Allocation,164722,DKK,0.00380846952639,0.0,LQ ,CASH,,,DKK,DK ,DKK,0.669904,,11/11/2025
20251111,LPC,Etica Conservative Allocation,406118,CAISSE FRANCAISE DE FIN CAFFIL 0.01 04/27/29,0.003797264372306,0.0,OB ,Covered,FR00140033E4,,BP1529455 Govt,FR ,EUR,0.669904,A,11/11/2025
20251111,LPC,Etica Conservative Allocation,237579,VONOVIA SE ANNGR 0 5/8 03/24/31,0.003638267371181,0.0,OB ,INDUSTRIAL,DE000A3E5FR9,,BO6329904 Corp,DE ,EUR,0.669904,B,11/11/2025
20251111,LPC,Etica Conservative Allocation,172066,ALLINEAMENTO NAV,0.00362433447768,0.0,OT ,CASH,,,ALLINEAMENTO NAV,5A ,EUR,0.669904,,11/11/2025
20251111,LPC,Etica Conservative Allocation,481243,CAISSE D'AMORT DETTE SOC CADES 0.45 01/19/32,0.00359147232399,0.0,OB ,Quasi & Foreign Government,FR0014007RB1,,BT4620824 Govt,FR ,EUR,0.669904,A,11/11/2025
20251111,LPC,Etica Conservative Allocation,448147,EUROPEAN UNION EU 0.3 11/04/50,0.003273228047608,0.0,OB ,Quasi & Foreign Government,EU000A284469,,BM3710233 Govt,SNA,EUR,0.669904,A,11/11/2025
20251111,LPC,Etica Conservative Allocation,65876,VISA INC-CLASS A SHARES,0.002894698782598,0.0,AZ ,Financials,US92826C8394,B2PZN04,V US Equity,US ,USD,0.669904,,11/11/2025
20251111,LPC,Etica Conservative Allocation,45465,MASTERCARD INC - A,0.0028533223361,0.0,AZ ,Financials,US57636Q1040,B121557,MA US Equity,US ,USD,0.669904,,11/11/2025
20251111,LPC,Etica Conservative Allocation,239132,REPUBLIKA SLOVENIJA SLOREP 0 1/8 07/01/31,0.002548390654586,0.0,OB ,SOVEREIGN,SI0002104196,,BQ1964585 Govt,SI ,EUR,0.669904,A,11/11/2025
20251111,LPC,Etica Conservative Allocation,164953,AUD,0.002494764035197,0.0,LQ ,CASH,,,AUD,AU ,AUD,0.669904,,11/11/2025
20251111,LPC,Etica Conservative Allocation,554,ORACLE CORP,0.002405143934944,0.0,AZ ,Information Technology,US68389X1054,2661568,ORCL US Equity,US ,USD,0.669904,,11/11/2025
20251111,LPC,Etica Conservative Allocation,164959,JPY,0.002244487003072,0.0,LQ ,CASH,,,JPY,JP ,JPY,0.669904,,11/11/2025
20251111,LPC,Etica Conservative Allocation,164955,CHF,0.002168811812795,0.0,LQ ,CASH,,,CHF,CH ,CHF,0.669904,,11/11/2025
20251111,LPC,Etica Conservative Allocation,164726,SEK,0.001621237703254,0.0,LQ ,CASH,,,SEK,SE ,SEK,0.669904,,11/11/2025
20251111,LPC,Etica Conservative Allocation,201018,ABBVIE INC,0.001504736338079,0.0,AZ ,Health Care,US00287Y1091,B92SR70,ABBV US Equity,US ,USD,0.669904,,11/11/2025
20251111,LPC,Etica Conservative Allocation,300,HOME DEPOT INC,0.001497878246768,0.0,AZ ,Consumer Discretionary,US4370761029,2434209,HD US Equity,US ,USD,0.669904,,11/11/2025
20251111,LPC,Etica Conservative Allocation,577,APPLIED MATERIALS INC,0.00135651811342,0.0,AZ ,Information Technology,US0382221051,2046552,AMAT US Equity,US ,USD,0.669904,,11/11/2025
20251111,LPC,Etica Conservative Allocation,433692,REPUBLIC OF AUSTRIA RAGB 0.85 06/30/2120,0.001321192582723,0.0,OB ,SOVEREIGN,AT0000A2HLC4,,BK2273211 Govt,AT ,EUR,0.669904,A,11/11/2025
20251111,LPC,Etica Conservative Allocation,2839,ASML HOLDING NV,0.001286239148334,0.0,AZ ,Information Technology,NL0010273215,B929F46,ASML NA Equity,NL ,EUR,0.669904,,11/11/2025
20251111,LPC,Etica Conservative Allocation,222389,MONCLER SPA,0.00121722729963,0.0,AZ ,Consumer Discretionary,IT0004965148,BGLP232,MONC IM Equity,IT ,EUR,0.669904,,11/11/2025
20251111,LPC,Etica Conservative Allocation,427,PROCTER & GAMBLE CO/THE,0.001215590158746,0.0,AZ ,Consumer Staples,US7427181091,2704407,PG US Equity,US ,USD,0.669904,,11/11/2025
20251111,LPC,Etica Conservative Allocation,1706,TELECOM ITALIA SPA,0.001193135513936,0.0,AZ ,Communication Services,IT0003497168,7634394,TIT IM Equity,IT ,EUR,0.669904,,11/11/2025
20251111,LPC,Etica Conservative Allocation,480,TEXAS INSTRUMENTS INC,0.001175877372246,0.0,AZ ,Information Technology,US8825081040,2885409,TXN US Equity,US ,USD,0.669904,,11/11/2025
20251111,LPC,Etica Conservative Allocation,214,DANAHER CORP,0.001141303907027,0.0,AZ ,Health Care,US2358511028,2250870,DHR US Equity,US ,USD,0.669904,,11/11/2025
20251111,LPC,Etica Conservative Allocation,237571,OBRIGACOES DO TESOURO PGB 1 04/12/52,0.001139587623164,0.0,OB ,SOVEREIGN,PTOTECOE0037,,BN8909473 Govt,PT ,EUR,0.669904,A,11/11/2025
20251111,LPC,Etica Conservative Allocation,221482,SERVICENOW INC,0.001138011393369,0.0,AZ ,Information Technology,US81762P1021,B80NXX8,NOW US Equity,US ,USD,0.669904,,11/11/2025
20251111,LPC,Etica Conservative Allocation,705,LAM RESEARCH CORP,0.001120631843863,0.0,AZ ,Information Technology,US5128073062,BSML4N7,LRCX US Equity,US ,USD,0.669904,,11/11/2025
20251111,LPC,Etica Conservative Allocation,4289,CRH PLC,0.001115596112867,0.0,SE ,Materials,IE0001827041,182704,CRH LN Equity,US ,USD,0.669904,,11/11/2025
20251111,LPC,Etica Conservative Allocation,756,QUALCOMM INC,0.001106693978027,0.0,AZ ,Information Technology,US7475251036,2714923,QCOM US Equity,US ,USD,0.669904,,11/11/2025
20251111,LPC,Etica Conservative Allocation,23568,SALESFORCE INC,0.001083449975236,0.0,AZ ,Information Technology,US79466L3024,2310525,CRM US Equity,US ,USD,0.669904,,11/11/2025
20251111,LPC,Etica Conservative Allocation,363,MERCK & CO. INC.,0.001056317193099,0.0,AZ ,Health Care,US58933Y1055,2778844,MRK US Equity,US ,USD,0.669904,,11/11/2025
20251111,LPC,Etica Conservative Allocation,360,MEDTRONIC PLC,0.001032997362218,0.0,AZ ,Health Care,IE00BTN1Y115,BTN1Y11,MDT US Equity,US ,USD,0.669904,,11/11/2025
20251111,LPC,Etica Conservative Allocation,423,NEW LINDE PLC,0.001006291786421,0.0,AZ ,Materials,IE000S9YS762,BNZHB81,LIN US Equity,US ,USD,0.669904,,11/11/2025
20251111,LPC,Etica Conservative Allocation,542,CISCO SYSTEMS INC,0.001001993203902,0.0,AZ ,Information Technology,US17275R1023,2198163,CSCO US Equity,US ,USD,0.669904,,11/11/2025
20251111,LPC,Etica Conservative Allocation,1619,LOREAL SA,0.000975497294845,0.0,AZ ,Consumer Staples,FR0000120321,4057808,OR FP Equity,FR ,EUR,0.669904,,11/11/2025
20251111,LPC,Etica Conservative Allocation,2703,LONZA GROUP AG-REG,0.000963355684573,0.0,AZ ,Health Care,CH0013841017,7333378,LONN SW Equity,CH ,CHF,0.669904,,11/11/2025
20251111,LPC,Etica Conservative Allocation,216,DEERE & CO,0.000939406024752,0.0,AZ ,Industrials,US2441991054,2261203,DE US Equity,US ,USD,0.669904,,11/11/2025
20251111,LPC,Etica Conservative Allocation,30976,NABTESCO CORP,0.000914891176328,0.0,AZ ,Industrials,JP3651210001,6687571,6268 JP Equity,JP ,JPY,0.669904,,11/11/2025
20251111,LPC,Etica Conservative Allocation,1821,INTUIT INC,0.000865167424564,0.0,AZ ,Information Technology,US4612021034,2459020,INTU US Equity,US ,USD,0.669904,,11/11/2025
20251111,LPC,Etica Conservative Allocation,358,S&P GLOBAL INC,0.000853774979243,0.0,AZ ,Financials,US78409V1044,BYV2325,SPGI US Equity,US ,USD,0.669904,,11/11/2025
20251111,LPC,Etica Conservative Allocation,100,ABBOTT LABORATORIES,0.00083508314799,0.0,AZ ,Health Care,US0028241000,2002305,ABT US Equity,US ,USD,0.669904,,11/11/2025
20251111,LPC,Etica Conservative Allocation,533,AMGEN INC,0.000822454249012,0.0,AZ ,Health Care,US0311621009,2023607,AMGN US Equity,US ,USD,0.669904,,11/11/2025
20251111,LPC,Etica Conservative Allocation,397638,PROSUS NV,0.00081519754228,0.0,AZ ,Consumer Discretionary,NL0013654783,BJDS7L3,PRX NA Equity,NL ,EUR,0.669904,,11/11/2025
20251111,LPC,Etica Conservative Allocation,2706,TRANE TECHNOLOGIES PLC,0.000813661505515,0.0,AZ ,Industrials,IE00BK9ZQ967,BK9ZQ96,TT US Equity,US ,USD,0.669904,,11/11/2025
20251111,LPC,Etica Conservative Allocation,1526,TOKYO ELECTRON LTD,0.000793467615112,0.0,AZ ,Information Technology,JP3571400005,6895675,8035 JP Equity,JP ,JPY,0.669904,,11/11/2025
20251111,LPC,Etica Conservative Allocation,164960,NOK,0.000771150952563,0.0,LQ ,CASH,,,NOK,NO ,NOK,0.669904,,11/11/2025
20251111,LPC,Etica Conservative Allocation,3033,STMICROELECTRONICS NV,0.000768006780195,0.0,SE ,Information Technology,NL0000226223,5962343,STMMI IM Equity,FR ,EUR,0.669904,,11/11/2025
20251111,LPC,Etica Conservative Allocation,549,INTEL CORP,0.000767540623907,0.0,AZ ,Information Technology,US4581401001,2463247,INTC US Equity,US ,USD,0.669904,,11/11/2025
20251111,LPC,Etica Conservative Allocation,1258,KAO CORP,0.000767010656002,0.0,AZ ,Consumer Staples,JP3205800000,6483809,4452 JP Equity,JP ,JPY,0.669904,,11/11/2025
20251111,LPC,Etica Conservative Allocation,497,UNION PACIFIC CORP,0.000714980984466,0.0,AZ ,Industrials,US9078181081,2914734,UNP US Equity,US ,USD,0.669904,,11/11/2025
20251111,LPC,Etica Conservative Allocation,559,STRYKER CORP,0.00071484880326,0.0,AZ ,Health Care,US8636671013,2853688,SYK UN Equity,US ,USD,0.669904,,11/11/2025
20251111,LPC,Etica Conservative Allocation,49402,SARTORIUS STEDIM BIOTECH,0.000694311821829,0.0,AZ ,Health Care,FR0013154002,BYZ2QP5,DIM FP Equity,FR ,EUR,0.669904,,11/11/2025
20251111,LPC,Etica Conservative Allocation,53583,LOGITECH INTERNATIONAL,0.000690250668247,0.0,SE ,Information Technology,CH0025751329,B1921K0,LOGI US Equity,CH ,CHF,0.669904,,11/11/2025
20251111,LPC,Etica Conservative Allocation,191474,PALO ALTO NETWORKS INC,0.000678612092406,0.0,AZ ,Information Technology,US6974351057,B87ZMX0,PANW US Equity,US ,USD,0.669904,,11/11/2025
20251111,LPC,Etica Conservative Allocation,2170,DSV A/S,0.00067472704231,0.0,AZ ,Industrials,DK0060079531,B1WT5G2,DSV DC Equity,DK ,DKK,0.669904,,11/11/2025
20251111,LPC,Etica Conservative Allocation,149,VERIZON COMMUNICATIONS INC,0.000671962010389,0.0,AZ ,Communication Services,US92343V1044,2090571,VZ US Equity,US ,USD,0.669904,,11/11/2025
20251111,LPC,Etica Conservative Allocation,783,SYNOPSYS INC,0.000664450057191,0.0,AZ ,Information Technology,US8716071076,2867719,SNPS US Equity,US ,USD,0.669904,,11/11/2025
20251111,LPC,Etica Conservative Allocation,3092,MTR CORP,0.000658656874022,0.0,AZ ,Industrials,HK0066009694,6290054,66 HK Equity,HK ,HKD,0.669904,,11/11/2025
20251111,LPC,Etica Conservative Allocation,486,TJX COMPANIES INC,0.000642453695807,0.0,AZ ,Consumer Discretionary,US8725401090,2989301,TJX US Equity,US ,USD,0.669904,,11/11/2025
20251111,LPC,Etica Conservative Allocation,159,BOSTON SCIENTIFIC CORP,0.00064101793444,0.0,AZ ,Health Care,US1011371077,2113434,BSX US Equity,US ,USD,0.669904,,11/11/2025
20251111,LPC,Etica Conservative Allocation,133,AUTOMATIC DATA PROCESSING,0.000638391299141,0.0,AZ ,Industrials,US0530151036,2065308,ADP US Equity,US ,USD,0.669904,,11/11/2025
20251111,LPC,Etica Conservative Allocation,1734,NOKIA OYJ,0.000634962875027,0.0,AZ ,Information Technology,FI0009000681,5902941,NOKIA FH Equity,FI ,EUR,0.669904,,11/11/2025
20251111,LPC,Etica Conservative Allocation,520,WESTERN DIGITAL CORP,0.000631778509628,0.0,AZ ,Information Technology,US9581021055,2954699,WDC US Equity,US ,USD,0.669904,,11/11/2025
20251111,LPC,Etica Conservative Allocation,348394,KNORR-BREMSE AG,0.000623775124112,0.0,AZ ,Industrials,DE000KBX1006,BD2P9X9,KBX GR Equity,DE ,EUR,0.669904,,11/11/2025
20251111,LPC,Etica Conservative Allocation,236196,IMCD NV,0.000622635630963,0.0,AZ ,Industrials,NL0010801007,BNCBD46,IMCD NA Equity,NL ,EUR,0.669904,,11/11/2025
20251111,LPC,Etica Conservative Allocation,125,ANALOG DEVICES INC,0.000608906603145,0.0,AZ ,Information Technology,US0326541051,2032067,ADI US Equity,US ,USD,0.669904,,11/11/2025
20251111,LPC,Etica Conservative Allocation,2489,LENOVO GROUP LTD,0.000598734451395,0.0,AZ ,Information Technology,HK0992009065,6218089,992 HK Equity,CN ,CNY,0.669904,,11/11/2025
20251111,LPC,Etica Conservative Allocation,1404,OBAYASHI CORP,0.000597989844418,0.0,AZ ,Industrials,JP3190000004,6656407,1802 JP Equity,JP ,JPY,0.669904,,11/11/2025
20251111,LPC,Etica Conservative Allocation,233530,ZALANDO SE,0.000597810011681,0.0,AZ ,Consumer Discretionary,DE000ZAL1111,BQV0SV7,ZAL GR Equity,DE ,EUR,0.669904,,11/11/2025
20251111,LPC,Etica Conservative Allocation,3760,ABB LTD,0.000596834605545,0.0,AZ ,Industrials,CH0012221716,7108899,ABBN SW Equity,CH ,CHF,0.669904,,11/11/2025
20251111,LPC,Etica Conservative Allocation,2088,SAP SE,0.000584591062432,0.0,AZ ,Information Technology,DE0007164600,4846288,SAP GY Equity,DE ,EUR,0.669904,,11/11/2025
20251111,LPC,Etica Conservative Allocation,531,ADOBE INC,0.000583492591037,0.0,AZ ,Information Technology,US00724F1012,2008154,ADBE US Equity,US ,USD,0.669904,,11/11/2025
20251111,LPC,Etica Conservative Allocation,40461,VERTEX PHARMACEUTICALS INC,0.000582870220597,0.0,AZ ,Health Care,US92532F1003,2931034,VRTX US Equity,US ,USD,0.669904,,11/11/2025
20251111,LPC,Etica Conservative Allocation,1658,ATLAS COPCO AB-A SHS,0.000579314587611,0.0,AZ ,Industrials,SE0017486889,BLDBN41,ATCOA SS Equity,SE ,SEK,0.669904,,11/11/2025
20251111,LPC,Etica Conservative Allocation,667,GILEAD SCIENCES INC,0.000573757590295,0.0,AZ ,Health Care,US3755581036,2369174,GILD US Equity,US ,USD,0.669904,,11/11/2025
20251111,LPC,Etica Conservative Allocation,302,HONDA MOTOR CO LTD,0.000565708210692,0.0,AZ ,Consumer Discretionary,JP3854600008,6435145,7267 JP Equity,JP ,JPY,0.669904,,11/11/2025
20251111,LPC,Etica Conservative Allocation,670,WELLTOWER INC,0.000563539030098,0.0,AZ ,Real Estate,US95040Q1040,BYVYHH4,WELL US Equity,US ,USD,0.669904,,11/11/2025
20251111,LPC,Etica Conservative Allocation,1714,SKF AB-B SHARES,0.0005584084104,0.0,AZ ,Industrials,SE0000108227,B1Q3J35,SKFB SS Equity,SE ,SEK,0.669904,,11/11/2025
20251111,LPC,Etica Conservative Allocation,4264,AUTODESK INC,0.000550153507669,0.0,AZ ,Information Technology,US0527691069,2065159,ADSK US Equity,US ,USD,0.669904,,11/11/2025
20251111,LPC,Etica Conservative Allocation,18091,PROLOGIS INC,0.000541446122567,0.0,AZ ,Real Estate,US74340W1036,B44WZD7,PLD UN Equity,US ,USD,0.669904,,11/11/2025
20251111,LPC,Etica Conservative Allocation,1545,TOTO LTD,0.00053985497577,0.0,AZ ,Industrials,JP3596200000,6897466,5332 JP Equity,JP ,JPY,0.669904,,11/11/2025
20251111,LPC,Etica Conservative Allocation,344,LOWE'S COS INC,0.000538249740695,0.0,AZ ,Consumer Discretionary,US5486611073,2536763,LOW US Equity,US ,USD,0.669904,,11/11/2025
20251111,LPC,Etica Conservative Allocation,392,NOVO NORDISK A/S-B,0.00052561131141,0.0,AZ ,Health Care,DK0062498333,BP6KMJ1,NOVOB DC Equity,DK ,DKK,0.669904,,11/11/2025
20251111,LPC,Etica Conservative Allocation,454,SONY GROUP CORP,0.000524491293235,0.0,AZ ,Consumer Discretionary,JP3435000009,6821506,6758 JP Equity,JP ,JPY,0.669904,,11/11/2025
20251111,LPC,Etica Conservative Allocation,3013,NOVARTIS AG,0.00051623141817,0.0,AZ ,Health Care,CH0012005267,7103065,NOVN SW Equity,CH ,CHF,0.669904,,11/11/2025
20251111,LPC,Etica Conservative Allocation,424846,OTIS WORLDWIDE CORP,0.000513203266922,0.0,AZ ,Industrials,US68902V1070,BK531S8,OTIS US Equity,US ,USD,0.669904,,11/11/2025
20251111,LPC,Etica Conservative Allocation,2566,UNITED PARCEL SERVICE-CL B,0.000509401503417,0.0,AZ ,Industrials,US9113121068,2517382,UPS US Equity,US ,USD,0.669904,,11/11/2025
20251111,LPC,Etica Conservative Allocation,3014,ANHEUSER-BUSCH INBEV SA/NV,0.000502093001541,0.0,AZ ,Consumer Staples,BE0974293251,BYYHL23,ABI BB Equity,BE ,EUR,0.669904,,11/11/2025
20251111,LPC,Etica Conservative Allocation,1285,KUBOTA CORP,0.000492812969337,0.0,AZ ,Industrials,JP3266400005,6497509,6326 JT Equity,JP ,JPY,0.669904,,11/11/2025
20251111,LPC,Etica Conservative Allocation,1146,BRIDGESTONE CORP,0.000486106119843,0.0,AZ ,Consumer Discretionary,JP3830800003,6132101,5108 JP Equity,JP ,JPY,0.669904,,11/11/2025
20251111,LPC,Etica Conservative Allocation,2955,VOESTALPINE AG,0.000485362755949,0.0,AZ ,Materials,AT0000937503,4943402,VOE AV Equity,AT ,EUR,0.669904,,11/11/2025
20251111,LPC,Etica Conservative Allocation,471,TDK CORP,0.000483002140506,0.0,AZ ,Information Technology,JP3538800008,6869302,6762 JP Equity,JP ,JPY,0.669904,,11/11/2025
20251111,LPC,Etica Conservative Allocation,23406,IBIDEN CO LTD,0.000478018204654,0.0,AZ ,Information Technology,JP3148800000,6456102,4062 JP Equity,JP ,JPY,0.669904,,11/11/2025
20251111,LPC,Etica Conservative Allocation,166783,XYLEM INC,0.000476378577603,0.0,AZ ,Industrials,US98419M1009,B3P2CN8,XYL US Equity,US ,USD,0.669904,,11/11/2025
20251111,LPC,Etica Conservative Allocation,1609,ESSILORLUXOTTICA,0.000470482218509,0.0,AZ ,Health Care,FR0000121667,7212477,EL FP Equity,FR ,EUR,0.669904,,11/11/2025
20251111,LPC,Etica Conservative Allocation,4223,COLGATE-PALMOLIVE CO,0.000468592731688,0.0,AZ ,Consumer Staples,US1941621039,2209106,CL US Equity,US ,USD,0.669904,,11/11/2025
20251111,LPC,Etica Conservative Allocation,17897,SK HYNIX INC,0.000468562897685,0.0,AZ ,Information Technology,KR7000660001,6450267,000660 KS Equity,KR ,KRW,0.669904,,11/11/2025
20251111,LPC,Etica Conservative Allocation,232,ECOLAB INC,0.000449503942459,0.0,AZ ,Materials,US2788651006,2304227,ECL US Equity,US ,USD,0.669904,,11/11/2025
20251111,LPC,Etica Conservative Allocation,1288,KURITA WATER INDUSTRIES LTD,0.000443775399629,0.0,AZ ,Industrials,JP3270000007,6497963,6370 JP Equity,JP ,JPY,0.669904,,11/11/2025
20251111,LPC,Etica Conservative Allocation,405936,CARRIER GLOBAL CORP,0.000433644683994,0.0,AZ ,Industrials,US14448C1045,BK4N0D7,CARR US Equity,US ,USD,0.669904,,11/11/2025
20251111,LPC,Etica Conservative Allocation,1790,CHINA OVERSEAS LAND & INVEST,0.000427805506738,0.0,AZ ,Real Estate,HK0688002218,6192150,688 HK Equity,CN ,CNY,0.669904,,11/11/2025
20251111,LPC,Etica Conservative Allocation,236299,VONOVIA SE,0.000426460490461,0.0,AZ ,Real Estate,DE000A1ML7J1,BBJPFY1,VNA GR Equity,DE ,EUR,0.669904,,11/11/2025
20251111,LPC,Etica Conservative Allocation,3119,INTERPUMP GROUP SPA,0.000425917677361,0.0,AZ ,Industrials,IT0001078911,5161407,IP IM Equity,IT ,EUR,0.669904,,11/11/2025
20251111,LPC,Etica Conservative Allocation,23355,RALPH LAUREN CORP,0.000417480870087,0.0,AZ ,Consumer Discretionary,US7512121010,B4V9661,RL US Equity,US ,USD,0.669904,,11/11/2025
20251111,LPC,Etica Conservative Allocation,3011,DEUTSCHE TELEKOM AG,0.000417263330486,0.0,AZ ,Communication Services,DE0005557508,5842359,DTE GR Equity,DE ,EUR,0.669904,,11/11/2025
20251111,LPC,Etica Conservative Allocation,57392,EQUINIX INC,0.000410771948788,0.0,AZ ,Real Estate,US29444U7000,BVLZX12,EQIX US Equity,US ,USD,0.669904,,11/11/2025
20251111,LPC,Etica Conservative Allocation,2831,BREMBO N.V.,0.000402019812683,0.0,AZ ,Consumer Discretionary,NL0015001KT6,BSMM753,BRE IM Equity,IT ,EUR,0.669904,,11/11/2025
20251111,LPC,Etica Conservative Allocation,1340,NEC CORP,0.000399077848553,0.0,AZ ,Information Technology,JP3733000008,6640400,6701 JP Equity,JP ,JPY,0.669904,,11/11/2025
20251111,LPC,Etica Conservative Allocation,336777,ULTA BEAUTY INC,0.000392363126198,0.0,AZ ,Consumer Discretionary,US90384S3031,B28TS42,ULTA UW Equity,US ,USD,0.669904,,11/11/2025
20251111,LPC,Etica Conservative Allocation,49977,TE CONNECTIVITY PLC,0.00038863263281,0.0,AZ ,Information Technology,IE000IVNQZ81,BRC3N84,TEL US Equity,US ,USD,0.669904,,11/11/2025
20251111,LPC,Etica Conservative Allocation,3371,ERG SPA,0.000384502280916,0.0,AZ ,Utilities,IT0001157020,5337093,ERG IM Equity,IT ,EUR,0.669904,,11/11/2025
20251111,LPC,Etica Conservative Allocation,1575,ASTELLAS PHARMA INC,0.000373978750916,0.0,AZ ,Health Care,JP3942400007,6985383,4503 JP Equity,JP ,JPY,0.669904,,11/11/2025
20251111,LPC,Etica Conservative Allocation,1337,MURATA MANUFACTURING CO LTD,0.000368768573878,0.0,AZ ,Information Technology,JP3914400001,6610403,6981 JP Equity,JP ,JPY,0.669904,,11/11/2025
20251111,LPC,Etica Conservative Allocation,4266,MCCORMICK & CO-NON VTG SHRS,0.000368671199009,0.0,AZ ,Consumer Staples,US5797802064,2550161,MKC UN Equity,US ,USD,0.669904,,11/11/2025
20251111,LPC,Etica Conservative Allocation,188,THE CIGNA GROUP,0.000363937537288,0.0,AZ ,Health Care,US1255231003,BHJ0775,CI US Equity,US ,USD,0.669904,,11/11/2025
20251111,LPC,Etica Conservative Allocation,44974,LEGRAND SA,0.000359350559413,0.0,AZ ,Industrials,FR0010307819,B11ZRK9,LR FP Equity,FR ,EUR,0.669904,,11/11/2025
20251111,LPC,Etica Conservative Allocation,2867,DARDEN RESTAURANTS INC,0.000355654457999,0.0,AZ ,Consumer Discretionary,US2371941053,2289874,DRI UN Equity,US ,USD,0.669904,,11/11/2025
20251111,LPC,Etica Conservative Allocation,3065,ELEVANCE HEALTH INC,0.000349240976197,0.0,AZ ,Health Care,US0367521038,BSPHGL4,ELV US Equity,US ,USD,0.669904,,11/11/2025
20251111,LPC,Etica Conservative Allocation,184644,ZOETIS INC,0.000343410500525,0.0,AZ ,Health Care,US98978V1035,B95WG16,ZTS US Equity,US ,USD,0.669904,,11/11/2025
20251111,LPC,Etica Conservative Allocation,164725,HKD,0.000339764122449,0.0,LQ ,CASH,,,HKD,HK ,HKD,0.669904,,11/11/2025
20251111,LPC,Etica Conservative Allocation,148,BECTON DICKINSON AND CO,0.000337742868783,0.0,AZ ,Health Care,US0758871091,2087807,BDX US Equity,US ,USD,0.669904,,11/11/2025
20251111,LPC,Etica Conservative Allocation,2658,ASSA ABLOY AB-B,0.000331993607896,0.0,AZ ,Industrials,SE0007100581,BYPC1T4,ASSAB SS Equity,SE ,SEK,0.669904,,11/11/2025
20251111,LPC,Etica Conservative Allocation,651,EXPEDITORS INTL WASH INC,0.000329046671432,0.0,AZ ,Industrials,US3021301094,2325507,EXPD US Equity,US ,USD,0.669904,,11/11/2025
20251111,LPC,Etica Conservative Allocation,276440,DELL TECHNOLOGIES -C,0.000322319103882,0.0,AZ ,Information Technology,US24703L2025,BHKD3S6,DELL US Equity,US ,USD,0.669904,,11/11/2025
20251111,LPC,Etica Conservative Allocation,4275,HASBRO INC,0.000319518022541,0.0,AZ ,Consumer Discretionary,US4180561072,2414580,HAS US Equity,US ,USD,0.669904,,11/11/2025
20251111,LPC,Etica Conservative Allocation,100272,AMERICAN WATER WORKS CO INC,0.000315932141192,0.0,AZ ,Utilities,US0304201033,B2R3PV1,AWK US Equity,US ,USD,0.669904,,11/11/2025
20251111,LPC,Etica Conservative Allocation,1001,PERSIMMON PLC,0.000314636848253,0.0,AZ ,Consumer Discretionary,GB0006825383,682538,PSN LN Equity,GB ,GBP,0.669904,,11/11/2025
20251111,LPC,Etica Conservative Allocation,349,MASCO CORP,0.000305413583526,0.0,AZ ,Industrials,US5745991068,2570200,MAS US Equity,US ,USD,0.669904,,11/11/2025
20251111,LPC,Etica Conservative Allocation,366,MICRON TECHNOLOGY INC,0.000301572455712,0.0,AZ ,Information Technology,US5951121038,2588184,MU US Equity,US ,USD,0.669904,,11/11/2025
20251111,LPC,Etica Conservative Allocation,318,INTL FLAVORS & FRAGRANCES,0.000296409101483,0.0,AZ ,Materials,US4595061015,2464165,IFF US Equity,US ,USD,0.669904,,11/11/2025
20251111,LPC,Etica Conservative Allocation,88166,REXEL SA,0.00029431616334,0.0,AZ ,Industrials,FR0010451203,B1VP0K0,RXL FP Equity,FR ,EUR,0.669904,,11/11/2025
20251111,LPC,Etica Conservative Allocation,469,SYSCO CORP,0.00028865640446,0.0,AZ ,Consumer Staples,US8718291078,2868165,SYY US Equity,US ,USD,0.669904,,11/11/2025
20251111,LPC,Etica Conservative Allocation,2298,TRACTOR SUPPLY COMPANY,0.000273874484972,0.0,AZ ,Consumer Discretionary,US8923561067,2900335,TSCO US Equity,US ,USD,0.669904,,11/11/2025
20251111,LPC,Etica Conservative Allocation,19461,DICK'S SPORTING GOODS INC,0.000272654605761,0.0,AZ ,Consumer Discretionary,US2533931026,2969637,DKS US Equity,US ,USD,0.669904,,11/11/2025
20251111,LPC,Etica Conservative Allocation,1457,SHIMIZU CORP,0.000268337791352,0.0,AZ ,Industrials,JP3358800005,6804400,1803 JP Equity,JP ,JPY,0.669904,,11/11/2025
20251111,LPC,Etica Conservative Allocation,18074,ESTEE LAUDER COMPANIES-CL A,0.00026619471551,0.0,AZ ,Consumer Staples,US5184391044,2320524,EL US Equity,US ,USD,0.669904,,11/11/2025
20251111,LPC,Etica Conservative Allocation,164954,CAD,0.000265384225111,0.0,LQ ,CASH,,,CAD,CA ,CAD,0.669904,,11/11/2025
20251111,LPC,Etica Conservative Allocation,1138,ASICS CORP,0.000262338670695,0.0,AZ ,Consumer Discretionary,JP3118000003,6057378,7936 JP Equity,JP ,JPY,0.669904,,11/11/2025
20251111,LPC,Etica Conservative Allocation,387,NORSK HYDRO ASA,0.000261771410287,0.0,AZ ,Materials,NO0005052605,B11HK39,NHY NO Equity,NO ,NOK,0.669904,,11/11/2025
20251111,LPC,Etica Conservative Allocation,152,BEST BUY CO INC,0.000260942687997,0.0,AZ ,Consumer Discretionary,US0865161014,2094670,BBY US Equity,US ,USD,0.669904,,11/11/2025
20251111,LPC,Etica Conservative Allocation,242496,PAYPAL HOLDINGS INC,0.000252904910506,0.0,AZ ,Financials,US70450Y1038,BYW36M8,PYPL US Equity,US ,USD,0.669904,,11/11/2025
20251111,LPC,Etica Conservative Allocation,31928,DIGITAL REALTY TRUST INC,0.00024698617591,0.0,AZ ,Real Estate,US2538681030,B03GQS4,DLR US Equity,US ,USD,0.669904,,11/11/2025
20251111,LPC,Etica Conservative Allocation,295,HERSHEY CO/THE,0.000246894187736,0.0,AZ ,Consumer Staples,US4278661081,2422806,HSY US Equity,US ,USD,0.669904,,11/11/2025
20251111,LPC,Etica Conservative Allocation,2985,CANADIAN NATL RAILWAY CO,0.000240012477839,0.0,AZ ,Industrials,CA1363751027,2180632,CNR CN Equity,CA ,CAD,0.669904,,11/11/2025
20251111,LPC,Etica Conservative Allocation,34107,DAIICHI SANKYO CO LTD,0.000236160576635,0.0,AZ ,Health Care,JP3475350009,B0J7D91,4568 JP Equity,JP ,JPY,0.669904,,11/11/2025
20251111,LPC,Etica Conservative Allocation,23481,CBRE GROUP INC,0.00023249265178,0.0,AZ ,Real Estate,US12504L1098,B6WVMH3,CBRE US Equity,US ,USD,0.669904,,11/11/2025
20251111,LPC,Etica Conservative Allocation,3837,AGILENT TECHNOLOGIES INC,0.000229607040766,0.0,AZ ,Health Care,US00846U1016,2520153,A US Equity,US ,USD,0.669904,,11/11/2025
20251111,LPC,Etica Conservative Allocation,58590,SYSMEX CORP,0.000226970046439,0.0,AZ ,Health Care,JP3351100007,6883807,6869 JP Equity,JP ,JPY,0.669904,,11/11/2025
20251111,LPC,Etica Conservative Allocation,1755,SWIRE PACIFIC LTD - CL A,0.000217668881816,0.0,AZ ,Industrials,HK0019000162,6867748,19 HK Equity,HK ,HKD,0.669904,,11/11/2025
20251111,LPC,Etica Conservative Allocation,335212,LEVI STRAUSS & CO- CLASS A,0.000216122071662,0.0,AZ ,Consumer Discretionary,US52736R1023,BHRWS81,LEVI US Equity,US ,USD,0.669904,,11/11/2025
20251111,LPC,Etica Conservative Allocation,3385,YUM! BRANDS INC,0.000215489342193,0.0,AZ ,Consumer Discretionary,US9884981013,2098876,YUM UN Equity,US ,USD,0.669904,,11/11/2025
20251111,LPC,Etica Conservative Allocation,253654,FERRARI NV,0.000211359404661,0.0,AZ ,Consumer Discretionary,NL0011585146,BZ1GMK5,RACE US Equity,IT ,EUR,0.669904,,11/11/2025
20251111,LPC,Etica Conservative Allocation,211955,TECHNOGYM SPA,0.000211214792621,0.0,AZ ,Consumer Discretionary,IT0005162406,BD9Y5C0,TGYM IM Equity,IT ,EUR,0.669904,,11/11/2025
20251111,LPC,Etica Conservative Allocation,50381,LULULEMON ATHLETICA INC,0.000206324502388,0.0,AZ ,Consumer Discretionary,US5500211090,B23FN39,LULU US Equity,US ,USD,0.669904,,11/11/2025
20251111,LPC,Etica Conservative Allocation,1,LG ELECTRONICS INC,0.000199106745602,0.0,AZ ,Consumer Discretionary,KR7066570003,6520739,066570 KS Equity,KR ,KRW,0.669904,,11/11/2025
20251111,LPC,Etica Conservative Allocation,57810,VENTAS INC,0.00019870771582,0.0,AZ ,Real Estate,US92276F1003,2927925,VTR US Equity,US ,USD,0.669904,,11/11/2025
20251111,LPC,Etica Conservative Allocation,58909,EDWARDS LIFESCIENCES CORP,0.00019781393883,0.0,AZ ,Health Care,US28176E1082,2567116,EW US Equity,US ,USD,0.669904,,11/11/2025
20251111,LPC,Etica Conservative Allocation,1093,LENDLEASE GROUP,0.000195569758869,0.0,AZ ,Real Estate,AU000000LLC3,6512004,LLC AU Equity,AU ,AUD,0.669904,,11/11/2025
20251111,LPC,Etica Conservative Allocation,343334,GODADDY INC - CLASS A,0.000188215262905,0.0,AZ ,Information Technology,US3802371076,BWFRFC6,GDDY US Equity,US ,USD,0.669904,,11/11/2025
20251111,LPC,Etica Conservative Allocation,335227,NEXI SPA,0.000174472561169,0.0,AZ ,Financials,IT0005366767,BJ1F880,NEXI IM Equity,IT ,EUR,0.669904,,11/11/2025
20251111,LPC,Etica Conservative Allocation,173,CADENCE DESIGN SYS INC,0.000170735023641,0.0,AZ ,Information Technology,US1273871087,2302232,CDNS US Equity,US ,USD,0.669904,,11/11/2025
20251111,LPC,Etica Conservative Allocation,235482,MERLIN PROPERTIES SOCIMI SA,0.000160611352146,0.0,AZ ,Real Estate,ES0105025003,BNGNB77,MRL SM Equity,ES ,EUR,0.669904,,11/11/2025
20251111,LPC,Etica Conservative Allocation,1010,RELX PLC,0.000159549758892,0.0,AZ ,Industrials,GB00B2B0DG97,B2B0DG9,REL LN Equity,GB ,GBP,0.669904,,11/11/2025
20251111,LPC,Etica Conservative Allocation,24041,TERNA-RETE ELETTRICA NAZIONA,0.000158178637864,0.0,AZ ,Utilities,IT0003242622,B01BN57,TRN IM Equity,IT ,EUR,0.669904,,11/11/2025
20251111,LPC,Etica Conservative Allocation,222506,ORORA LTD,0.000152981306022,0.0,AZ ,Materials,AU000000ORA8,BH4TCW7,ORA AU Equity,AU ,AUD,0.669904,,11/11/2025
20251111,LPC,Etica Conservative Allocation,3466,COGNIZANT TECH SOLUTIONS-A,0.000148963245998,0.0,AZ ,Information Technology,US1924461023,2257019,CTSH US Equity,US ,USD,0.669904,,11/11/2025
20251111,LPC,Etica Conservative Allocation,67156,KEURIG DR PEPPER INC,0.000148060353063,0.0,AZ ,Consumer Staples,US49271V1008,BD3W133,KDP US Equity,US ,USD,0.669904,,11/11/2025
20251111,LPC,Etica Conservative Allocation,312,INGERSOLL-RAND INC,0.000146464233933,0.0,AZ ,Industrials,US45687V1061,BL5GZ82,IR UN Equity,US ,USD,0.669904,,11/11/2025
20251111,LPC,Etica Conservative Allocation,58318,AZBIL CORP,0.000136089459583,0.0,AZ ,Information Technology,JP3937200008,6985543,6845 JP Equity,JP ,JPY,0.669904,,11/11/2025
20251111,LPC,Etica Conservative Allocation,2297,AVALONBAY COMMUNITIES INC,0.000134212403596,0.0,AZ ,Real Estate,US0534841012,2131179,AVB US Equity,US ,USD,0.669904,,11/11/2025
20251111,LPC,Etica Conservative Allocation,4106,ZIMMER BIOMET HOLDINGS INC,0.0001328313379,0.0,AZ ,Health Care,US98956P1021,2783815,ZBH US Equity,US ,USD,0.669904,,11/11/2025
20251111,LPC,Etica Conservative Allocation,17956,RENESAS ELECTRONICS CORP,0.000130264370607,0.0,AZ ,Information Technology,JP3164720009,6635677,6723 JP Equity,JP ,JPY,0.669904,,11/11/2025
20251111,LPC,Etica Conservative Allocation,1040,TATE & LYLE PLC,0.000129136893931,0.0,AZ ,Consumer Staples,GB00BP92CJ43,BP92CJ4,TATE LN Equity,GB ,GBP,0.669904,,11/11/2025
20251111,LPC,Etica Conservative Allocation,235835,RAI WAY SPA,0.000123846745192,0.0,AZ ,Communication Services,IT0005054967,BSM8WL2,RWAY IM Equity,IT ,EUR,0.669904,,11/11/2025
20251111,LPC,Etica Conservative Allocation,3478,SOL SPA,0.000119443743665,0.0,AZ ,Materials,IT0001206769,5490684,SOL IM Equity,IT ,EUR,0.669904,,11/11/2025
20251111,LPC,Etica Conservative Allocation,50261,DIASORIN SPA,0.000117161442479,0.0,AZ ,Health Care,IT0003492391,B234WN9,DIA IM Equity,IT ,EUR,0.669904,,11/11/2025
20251111,LPC,Etica Conservative Allocation,1088,ORICA LTD,0.000111643809471,0.0,AZ ,Materials,AU000000ORI1,6458001,ORI AU Equity,AU ,AUD,0.669904,,11/11/2025
20251111,LPC,Etica Conservative Allocation,58681,JONES LANG LASALLE INC,0.000110260257608,0.0,AZ ,Real Estate,US48020Q1076,2040640,JLL US Equity,US ,USD,0.669904,,11/11/2025
20251111,LPC,Etica Conservative Allocation,31968,PENTAIR PLC,0.000104438483521,0.0,AZ ,Industrials,IE00BLS09M33,BLS09M3,PNR UN Equity,US ,USD,0.669904,,11/11/2025
20251111,LPC,Etica Conservative Allocation,3245,EDP SA,0.000099448746612,0.0,AZ ,Utilities,PTEDP0AM0009,4103596,EDP PL Equity,PT ,EUR,0.669904,,11/11/2025
20251111,LPC,Etica Conservative Allocation,1024,SSE PLC,0.000095764247311,0.0,AZ ,Utilities,GB0007908733,790873,SSE LN Equity,GB ,GBP,0.669904,,11/11/2025
20251111,LPC,Etica Conservative Allocation,677,BIOGEN INC,0.000074126722678,0.0,AZ ,Health Care,US09062X1037,2455965,BIIB US Equity,US ,USD,0.669904,,11/11/2025
20251111,LPC,Etica Conservative Allocation,3476,A2A SPA,0.00005929010752,0.0,AZ ,Utilities,IT0001233417,5499131,A2A IM Equity,IT ,EUR,0.669904,,11/11/2025
20251111,LPC,Etica Conservative Allocation,63,HERA SPA,0.000055769695231,0.0,AZ ,Utilities,IT0001250932,7598003,HER IM Equity,IT ,EUR,0.669904,,11/11/2025
20251111,LPC,Etica Conservative Allocation,247914,INFRASTRUTTURE WIRELESS ITAL,0.000048667959567,0.0,AZ ,Communication Services,IT0005090300,BZ0P4R4,INW IM Equity,IT ,EUR,0.669904,,11/11/2025
20251111,LPC,Etica Conservative Allocation,3672,AMPLIFON SPA,0.000046215770311,0.0,AZ ,Health Care,IT0004056880,B14NJ71,AMP IM Equity,IT ,EUR,0.669904,,11/11/2025
20251111,LPC,Etica Conservative Allocation,23349,CORBION NV,0.000045049343687,0.0,AZ ,Materials,NL0010583399,BFRSRR7,CRBN NA Equity,NL ,EUR,0.669904,,11/11/2025
20251111,LPC,Etica Conservative Allocation,48675,PRYSMIAN SPA,0.000041916773431,0.0,AZ ,Industrials,IT0004176001,B1W4V69,PRY IM Equity,IT ,EUR,0.669904,,11/11/2025
20251111,LPC,Etica Conservative Allocation,3321,BXP INC,0.000038820252594,0.0,AZ ,Real Estate,US1011211018,2019479,BXP US Equity,US ,USD,0.669904,,11/11/2025
20251111,LPC,Etica Conservative Allocation,314765,PIRELLI & C SPA,0.000012405558321,0.0,AZ ,Consumer Discretionary,IT0005278236,BZ5ZHK3,PIRC IM Equity,IT ,EUR,0.669904,,11/11/2025
20251111,LPC,Etica Conservative Allocation,314764,FRANCE (GOVT OF) FRTR 0 3/4 05/25/28,0.0,0.005322864324514,OB ,SOVEREIGN,FR0013286192,,AP3656380 Govt,FR ,EUR,0.669904,A,11/11/2025
20251111,LPC,Etica Conservative Allocation,534,APPLE INC,0.0,0.004988489,AZ ,Information Technology,US0378331005,2046251,AAPL US Equity,US ,USD,0.669904,,11/11/2025
20251111,LPC,Etica Conservative Allocation,195250,FRANCE (GOVT OF) FRTR 2 3/4 10/25/27,0.0,0.0051321557776,OB ,SOVEREIGN,FR0011317783,,EJ3468919 Govt,FR ,EUR,0.669904,A,11/11/2025
20251111,LPC,Etica Conservative Allocation,254029,FRANCE (GOVT OF) FRTR 1 1/2 05/25/31,0.0,0.005045659840952,OB ,SOVEREIGN,FR0012993103,,UV9949289 Govt,FR ,EUR,0.669904,A,11/11/2025
20251111,LPC,Etica Conservative Allocation,511224,FRANCE (GOVT OF) FRTR 2 3/4 02/25/29,0.0,0.004916042889885,OB ,SOVEREIGN,FR001400HI98,,ZK2178539 Govt,FR ,EUR,0.669904,A,11/11/2025
20251111,LPC,Etica Conservative Allocation,568369,FRENCH DISCOUNT T-BILL BTF 0 01/14/26,0.0,0.0061573225,OB ,SOVEREIGN,FR0128983980,,YN8205323 Govt,FR ,EUR,0.669904,A,11/11/2025
20251111,LPC,Etica Conservative Allocation,51421,FRENCH DISCOUNT T-BILL BTF 0 12/31/25,0.0,0.0085256475,OB ,SOVEREIGN,FR0128690742,,YS3714856 Govt,FR ,EUR,0.669904,A,11/11/2025
20251111,LPC,Etica Conservative Allocation,553272,GERMAN TREASURY BILL BUBILL 0 01/14/26,0.0,0.006201855,OB ,SOVEREIGN,DE000BU0E246,,YS4477537 Govt,DE ,EUR,0.669904,A,11/11/2025
20251111,LPC,Etica Conservative Allocation,164733,DEBITI COMMISSIONE GESTIONE,-0.000194590209122,0.0,CD ,CASH,,,DEBITI COMMISSIONE GESTIONE,5A ,EUR,0.669904,,11/11/2025
20251111,LPC,Etica Conservative Allocation,247714,DEBITI CONTRIBUTI VIGILANZA,-0.004462475610921,0.0,CD ,CASH,,,DEBITI CONTRIBUTI VIGILANZA,5A ,EUR,0.669904,,11/11/2025
20251111,LPD,Etica Dynamic Allocation,3458,NVIDIA CORP,0.051037844166972,0.03431394,AZ ,Information Technology,US67066G1040,2379504,NVDA US Equity,US ,USD,2.251799,,11/11/2025
20251111,LPD,Etica Dynamic Allocation,164727,USD,0.040519782999842,0.0,LQ ,CASH,,,USD,US ,USD,2.251799,,11/11/2025
20251111,LPD,Etica Dynamic Allocation,212626,BUONI POLIENNALI DEL TES BTPS 3.85 07/01/34,0.024054391439377,0.0,OB ,SOVEREIGN,IT0005584856,,ZD2941395 Govt,IT ,EUR,2.251799,B,11/11/2025
20251111,LPD,Etica Dynamic Allocation,335795,FRANCE (GOVT OF) FRTR 3 05/25/33,0.02284480562072,0.0,OB ,SOVEREIGN,FR001400H7V7,,ZL9844081 Govt,FR ,EUR,2.251799,A,11/11/2025
20251111,LPD,Etica Dynamic Allocation,509810,BUONI POLIENNALI DEL TES BTPS 4 10/30/31,0.020161830148622,0.0,OB ,SOVEREIGN,IT0005542359,,ZK0285476 Govt,IT ,EUR,2.251799,B,11/11/2025
20251111,LPD,Etica Dynamic Allocation,510744,BUNDESREPUB. DEUTSCHLAND DBR 2.3 02/15/33,0.019014646870762,0.0,OB ,SOVEREIGN,DE000BU3Z005,,ZK3512736 Govt,DE ,EUR,2.251799,A,11/11/2025
20251111,LPD,Etica Dynamic Allocation,571126,AUSTRIAN T-BILL RATB 0 11/27/25,0.018865489283427,0.0,OB ,SOVEREIGN,AT0000A3MUA7,,YL5192205 Govt,AT ,EUR,2.251799,A,11/11/2025
20251111,LPD,Etica Dynamic Allocation,294625,BONOS Y OBLIG DEL ESTADO SPGB 2.35 07/30/33,0.018310555652667,0.0,OB ,SOVEREIGN,ES00000128Q6,,AM6067459 Govt,ES ,EUR,2.251799,A,11/11/2025
20251111,LPD,Etica Dynamic Allocation,36611,FRANCE (GOVT OF) FRTR 3.15 07/25/32,0.017176745939072,0.0,OB ,SOVEREIGN,FR0000188799,,EC7356149 Govt,FR ,EUR,2.251799,A,11/11/2025
20251111,LPD,Etica Dynamic Allocation,45465,MASTERCARD INC - A,0.017073094113945,0.0,AZ ,Financials,US57636Q1040,B121557,MA US Equity,US ,USD,2.251799,,11/11/2025
20251111,LPD,Etica Dynamic Allocation,65876,VISA INC-CLASS A SHARES,0.016974369729278,0.0,AZ ,Financials,US92826C8394,B2PZN04,V US Equity,US ,USD,2.251799,,11/11/2025
20251111,LPD,Etica Dynamic Allocation,554,ORACLE CORP,0.014357287162698,0.0,AZ ,Information Technology,US68389X1054,2661568,ORCL US Equity,US ,USD,2.251799,,11/11/2025
20251111,LPD,Etica Dynamic Allocation,462761,BUNDESREPUB. DEUTSCHLAND DBR 0 08/15/50,0.014243248066532,0.0,OB ,SOVEREIGN,DE0001030724,,BP4742659 Govt,DE ,EUR,2.251799,A,11/11/2025
20251111,LPD,Etica Dynamic Allocation,164724,GBP,0.01312570683567,0.0,LQ ,CASH,,,GBP,GB ,GBP,2.251799,,11/11/2025
20251111,LPD,Etica Dynamic Allocation,459171,EUROPEAN UNION EU 0.2 06/04/36,0.012563218173786,0.0,OB ,Quasi & Foreign Government,EU000A3KM903,,BO4675365 Govt,SNA,EUR,2.251799,A,11/11/2025
20251111,LPD,Etica Dynamic Allocation,534121,TERNA RETE ELETTRICA TRNIM 4 3/4 PERP,0.012084794666805,0.0,OB ,UTILITY,XS2798269069,,ZB2049300 Corp,IT ,EUR,2.251799,B,11/11/2025
20251111,LPD,Etica Dynamic Allocation,480661,BONOS Y OBLIG DEL ESTADO SPGB 0.7 04/30/32,0.011695587661101,0.0,OB ,SOVEREIGN,ES0000012K20,,BT4353020 Govt,ES ,EUR,2.251799,A,11/11/2025
20251111,LPD,Etica Dynamic Allocation,454914,BUONI POLIENNALI DEL TES BTPS 1 1/2 04/30/45,0.010115499853825,0.0,OB ,SOVEREIGN,IT0005438004,,BO3833387 Govt,IT ,EUR,2.251799,B,11/11/2025
20251111,LPD,Etica Dynamic Allocation,492477,BONOS Y OBLIG DEL ESTADO SPGB 2.55 10/31/32,0.009304730116142,0.0,OB ,SOVEREIGN,ES0000012K61,,BX0275376 Govt,ES ,EUR,2.251799,A,11/11/2025
20251111,LPD,Etica Dynamic Allocation,164954,CAD,0.00908282613886,0.0,LQ ,CASH,,,CAD,CA ,CAD,2.251799,,11/11/2025
20251111,LPD,Etica Dynamic Allocation,221482,SERVICENOW INC,0.008884562548338,0.0,AZ ,Information Technology,US81762P1021,B80NXX8,NOW US Equity,US ,USD,2.251799,,11/11/2025
20251111,LPD,Etica Dynamic Allocation,201018,ABBVIE INC,0.008872296053455,0.0,AZ ,Health Care,US00287Y1091,B92SR70,ABBV US Equity,US ,USD,2.251799,,11/11/2025
20251111,LPD,Etica Dynamic Allocation,450096,BUONI POLIENNALI DEL TES BTPS 0.95 03/01/37,0.008674937526134,0.0,OB ,SOVEREIGN,IT0005433195,,BN3326749 Govt,IT ,EUR,2.251799,B,11/11/2025
20251111,LPD,Etica Dynamic Allocation,300,HOME DEPOT INC,0.008518585875728,0.0,AZ ,Consumer Discretionary,US4370761029,2434209,HD US Equity,US ,USD,2.251799,,11/11/2025
20251111,LPD,Etica Dynamic Allocation,577,APPLIED MATERIALS INC,0.008384703353819,0.0,AZ ,Information Technology,US0382221051,2046552,AMAT US Equity,US ,USD,2.251799,,11/11/2025
20251111,LPD,Etica Dynamic Allocation,405993,SSE PLC SSELN 3 1/8 PERP,0.007636165490029,0.0,OB ,UTILITY,XS2195190520,,BK2936866 Corp,GB ,EUR,2.251799,B,11/11/2025
20251111,LPD,Etica Dynamic Allocation,574251,AUSTRIAN T-BILL RATB 0 03/26/26,0.007499753171103,0.0,OB ,SOVEREIGN,AT0000A3MUC3,,YK2495496 Govt,AT ,EUR,2.251799,A,11/11/2025
20251111,LPD,Etica Dynamic Allocation,222389,MONCLER SPA,0.007253192357276,0.0,AZ ,Consumer Discretionary,IT0004965148,BGLP232,MONC IM Equity,IT ,EUR,2.251799,,11/11/2025
20251111,LPD,Etica Dynamic Allocation,427,PROCTER & GAMBLE CO/THE,0.007241113142888,0.0,AZ ,Consumer Staples,US7427181091,2704407,PG US Equity,US ,USD,2.251799,,11/11/2025
20251111,LPD,Etica Dynamic Allocation,480,TEXAS INSTRUMENTS INC,0.007178036996437,0.0,AZ ,Information Technology,US8825081040,2885409,TXN US Equity,US ,USD,2.251799,,11/11/2025
20251111,LPD,Etica Dynamic Allocation,2839,ASML HOLDING NV,0.00716637123395,0.0,AZ ,Information Technology,NL0010273215,B929F46,ASML NA Equity,NL ,EUR,2.251799,,11/11/2025
20251111,LPD,Etica Dynamic Allocation,335356,TAKEDA PHARMACEUTICAL TACHEM 1 07/09/29,0.007096908671565,0.0,OB ,INDUSTRIAL,XS2197348597,,BK2909210 Corp,JP ,EUR,2.251799,B,11/11/2025
20251111,LPD,Etica Dynamic Allocation,406148,AGENCE FRANCAISE DEVELOP AGFRNC 0.01 11/25/28,0.00699308504679,0.0,OB ,Quasi & Foreign Government,FR0014003YN1,,BP9619894 Govt,FR ,EUR,2.251799,A,11/11/2025
20251111,LPD,Etica Dynamic Allocation,164953,AUD,0.006817573393418,0.0,LQ ,CASH,,,AUD,AU ,AUD,2.251799,,11/11/2025
20251111,LPD,Etica Dynamic Allocation,360,MEDTRONIC PLC,0.006747584104639,0.0,AZ ,Health Care,IE00BTN1Y115,BTN1Y11,MDT US Equity,US ,USD,2.251799,,11/11/2025
20251111,LPD,Etica Dynamic Allocation,406226,BUONI POLIENNALI DEL TES BTPS 0.95 06/01/32,0.006715824579779,0.0,OB ,SOVEREIGN,IT0005466013,,BS1324091 Govt,IT ,EUR,2.251799,B,11/11/2025
20251111,LPD,Etica Dynamic Allocation,756,QUALCOMM INC,0.006639984285837,0.0,AZ ,Information Technology,US7475251036,2714923,QCOM US Equity,US ,USD,2.251799,,11/11/2025
20251111,LPD,Etica Dynamic Allocation,448457,ITALY GOV'T INT BOND ITALY 1 1/4 02/17/26,0.006478850186322,0.0,OB ,Quasi & Foreign Government,US465410CA47,,BM5869821 Govt,IT ,USD,2.251799,B,11/11/2025
20251111,LPD,Etica Dynamic Allocation,23568,SALESFORCE INC,0.006457134710787,0.0,AZ ,Information Technology,US79466L3024,2310525,CRM US Equity,US ,USD,2.251799,,11/11/2025
20251111,LPD,Etica Dynamic Allocation,1706,TELECOM ITALIA SPA,0.006455613811923,0.0,AZ ,Communication Services,IT0003497168,7634394,TIT IM Equity,IT ,EUR,2.251799,,11/11/2025
20251111,LPD,Etica Dynamic Allocation,164723,EUR,0.006431921696478,0.0,LQ ,CASH,,,EUR,5A ,EUR,2.251799,,11/11/2025
20251111,LPD,Etica Dynamic Allocation,335439,FRANCE (GOVT OF) FRTR 0 1/2 06/25/44,0.006412911215843,0.0,OB ,SOVEREIGN,FR0014002JM6,,BO6060129 Govt,FR ,EUR,2.251799,A,11/11/2025
20251111,LPD,Etica Dynamic Allocation,4289,CRH PLC,0.006401467093782,0.0,SE ,Materials,IE0001827041,182704,CRH LN Equity,US ,USD,2.251799,,11/11/2025
20251111,LPD,Etica Dynamic Allocation,363,MERCK & CO. INC.,0.006184054827743,0.0,AZ ,Health Care,US58933Y1055,2778844,MRK US Equity,US ,USD,2.251799,,11/11/2025
20251111,LPD,Etica Dynamic Allocation,214,DANAHER CORP,0.006064321800378,0.0,AZ ,Health Care,US2358511028,2250870,DHR US Equity,US ,USD,2.251799,,11/11/2025
20251111,LPD,Etica Dynamic Allocation,542,CISCO SYSTEMS INC,0.006045773857258,0.0,AZ ,Information Technology,US17275R1023,2198163,CSCO US Equity,US ,USD,2.251799,,11/11/2025
20251111,LPD,Etica Dynamic Allocation,415726,FRANCE (GOVT OF) FRTR 0 3/4 05/25/52,0.006031296999428,0.0,OB ,SOVEREIGN,FR0013480613,,ZP7360719 Govt,FR ,EUR,2.251799,A,11/11/2025
20251111,LPD,Etica Dynamic Allocation,423,NEW LINDE PLC,0.0060158882701,0.0,AZ ,Materials,IE000S9YS762,BNZHB81,LIN US Equity,US ,USD,2.251799,,11/11/2025
20251111,LPD,Etica Dynamic Allocation,705,LAM RESEARCH CORP,0.005987018755146,0.0,AZ ,Information Technology,US5128073062,BSML4N7,LRCX US Equity,US ,USD,2.251799,,11/11/2025
20251111,LPD,Etica Dynamic Allocation,504096,NEDER WATERSCHAPSBANK NEDWBK 2 3/4 12/17/29,0.005873948911062,0.0,OB ,Quasi & Foreign Government,XS2579321337,,ZM4811604 Govt,NL ,EUR,2.251799,A,11/11/2025
20251111,LPD,Etica Dynamic Allocation,237423,BUONI POLIENNALI DEL TES BTPS 3 08/01/29,0.005830494172347,0.0,OB ,SOVEREIGN,IT0005365165,,AX3905822 Govt,IT ,EUR,2.251799,B,11/11/2025
20251111,LPD,Etica Dynamic Allocation,2703,LONZA GROUP AG-REG,0.005807292157877,0.0,AZ ,Health Care,CH0013841017,7333378,LONN SW Equity,CH ,CHF,2.251799,,11/11/2025
20251111,LPD,Etica Dynamic Allocation,514999,BUNDESREPUB. DEUTSCHLAND DBR 1.8 08/15/53,0.005629362849235,0.0,OB ,SOVEREIGN,DE0001030757,,ZK9574730 Govt,DE ,EUR,2.251799,A,11/11/2025
20251111,LPD,Etica Dynamic Allocation,216,DEERE & CO,0.005618621784195,0.0,AZ ,Industrials,US2441991054,2261203,DE US Equity,US ,USD,2.251799,,11/11/2025
20251111,LPD,Etica Dynamic Allocation,172066,ALLINEAMENTO NAV,0.005598103620054,0.0,OT ,CASH,,,ALLINEAMENTO NAV,5A ,EUR,2.251799,,11/11/2025
20251111,LPD,Etica Dynamic Allocation,30976,NABTESCO CORP,0.005297501433364,0.0,AZ ,Industrials,JP3651210001,6687571,6268 JP Equity,JP ,JPY,2.251799,,11/11/2025
20251111,LPD,Etica Dynamic Allocation,1821,INTUIT INC,0.005156388978128,0.0,AZ ,Information Technology,US4612021034,2459020,INTU US Equity,US ,USD,2.251799,,11/11/2025
20251111,LPD,Etica Dynamic Allocation,358,S&P GLOBAL INC,0.005073156768333,0.0,AZ ,Financials,US78409V1044,BYV2325,SPGI US Equity,US ,USD,2.251799,,11/11/2025
20251111,LPD,Etica Dynamic Allocation,335696,BELGIUM KINGDOM BGB 2 3/4 04/22/39,0.004938285737679,0.0,OB ,SOVEREIGN,BE0000356650,,BZ0281957 Govt,BE ,EUR,2.251799,A,11/11/2025
20251111,LPD,Etica Dynamic Allocation,2706,TRANE TECHNOLOGIES PLC,0.004860547340811,0.0,AZ ,Industrials,IE00BK9ZQ967,BK9ZQ96,TT US Equity,US ,USD,2.251799,,11/11/2025
20251111,LPD,Etica Dynamic Allocation,100,ABBOTT LABORATORIES,0.00466501404316,0.0,AZ ,Health Care,US0028241000,2002305,ABT US Equity,US ,USD,2.251799,,11/11/2025
20251111,LPD,Etica Dynamic Allocation,549,INTEL CORP,0.004589968936162,0.0,AZ ,Information Technology,US4581401001,2463247,INTC US Equity,US ,USD,2.251799,,11/11/2025
20251111,LPD,Etica Dynamic Allocation,397638,PROSUS NV,0.004512747070983,0.0,AZ ,Consumer Discretionary,NL0013654783,BJDS7L3,PRX NA Equity,NL ,EUR,2.251799,,11/11/2025
20251111,LPD,Etica Dynamic Allocation,533,AMGEN INC,0.004375474243489,0.0,AZ ,Health Care,US0311621009,2023607,AMGN US Equity,US ,USD,2.251799,,11/11/2025
20251111,LPD,Etica Dynamic Allocation,2170,DSV A/S,0.004318674636714,0.0,AZ ,Industrials,DK0060079531,B1WT5G2,DSV DC Equity,DK ,DKK,2.251799,,11/11/2025
20251111,LPD,Etica Dynamic Allocation,497,UNION PACIFIC CORP,0.004282449831327,0.0,AZ ,Industrials,US9078181081,2914734,UNP US Equity,US ,USD,2.251799,,11/11/2025
20251111,LPD,Etica Dynamic Allocation,164959,JPY,0.004261582404165,0.0,LQ ,CASH,,,JPY,JP ,JPY,2.251799,,11/11/2025
20251111,LPD,Etica Dynamic Allocation,1619,LOREAL SA,0.004121311200832,0.0,AZ ,Consumer Staples,FR0000120321,4057808,OR FP Equity,FR ,EUR,2.251799,,11/11/2025
20251111,LPD,Etica Dynamic Allocation,53583,LOGITECH INTERNATIONAL,0.004117687549791,0.0,SE ,Information Technology,CH0025751329,B1921K0,LOGI US Equity,CH ,CHF,2.251799,,11/11/2025
20251111,LPD,Etica Dynamic Allocation,149,VERIZON COMMUNICATIONS INC,0.004072837646899,0.0,AZ ,Communication Services,US92343V1044,2090571,VZ US Equity,US ,USD,2.251799,,11/11/2025
20251111,LPD,Etica Dynamic Allocation,191474,PALO ALTO NETWORKS INC,0.004072759865081,0.0,AZ ,Information Technology,US6974351057,B87ZMX0,PANW US Equity,US ,USD,2.251799,,11/11/2025
20251111,LPD,Etica Dynamic Allocation,783,SYNOPSYS INC,0.004019305254094,0.0,AZ ,Information Technology,US8716071076,2867719,SNPS US Equity,US ,USD,2.251799,,11/11/2025
20251111,LPD,Etica Dynamic Allocation,348394,KNORR-BREMSE AG,0.003991555268716,0.0,AZ ,Industrials,DE000KBX1006,BD2P9X9,KBX GR Equity,DE ,EUR,2.251799,,11/11/2025
20251111,LPD,Etica Dynamic Allocation,3092,MTR CORP,0.003936503109792,0.0,AZ ,Industrials,HK0066009694,6290054,66 HK Equity,HK ,HKD,2.251799,,11/11/2025
20251111,LPD,Etica Dynamic Allocation,1658,ATLAS COPCO AB-A SHS,0.003832178056593,0.0,AZ ,Industrials,SE0017486889,BLDBN41,ATCOA SS Equity,SE ,SEK,2.251799,,11/11/2025
20251111,LPD,Etica Dynamic Allocation,133,AUTOMATIC DATA PROCESSING,0.003822774008156,0.0,AZ ,Industrials,US0530151036,2065308,ADP US Equity,US ,USD,2.251799,,11/11/2025
20251111,LPD,Etica Dynamic Allocation,520,WESTERN DIGITAL CORP,0.003814017889821,0.0,AZ ,Information Technology,US9581021055,2954699,WDC US Equity,US ,USD,2.251799,,11/11/2025
20251111,LPD,Etica Dynamic Allocation,559,STRYKER CORP,0.003789949325477,0.0,AZ ,Health Care,US8636671013,2853688,SYK UN Equity,US ,USD,2.251799,,11/11/2025
20251111,LPD,Etica Dynamic Allocation,1258,KAO CORP,0.003774218896588,0.0,AZ ,Consumer Staples,JP3205800000,6483809,4452 JP Equity,JP ,JPY,2.251799,,11/11/2025
20251111,LPD,Etica Dynamic Allocation,451544,EDP SA EDPPL 1 7/8 08/02/2081,0.003769504789757,0.0,OB ,UTILITY,PTEDPROM0029,,BN7191719 Corp,PT ,EUR,2.251799,C,11/11/2025
20251111,LPD,Etica Dynamic Allocation,236196,IMCD NV,0.00371942085011,0.0,AZ ,Industrials,NL0010801007,BNCBD46,IMCD NA Equity,NL ,EUR,2.251799,,11/11/2025
20251111,LPD,Etica Dynamic Allocation,164955,CHF,0.003714582518918,0.0,LQ ,CASH,,,CHF,CH ,CHF,2.251799,,11/11/2025
20251111,LPD,Etica Dynamic Allocation,486,TJX COMPANIES INC,0.003707713176061,0.0,AZ ,Consumer Discretionary,US8725401090,2989301,TJX US Equity,US ,USD,2.251799,,11/11/2025
20251111,LPD,Etica Dynamic Allocation,492162,KOMMUNEKREDIT KOMMUN 1 1/2 05/16/29,0.00369465980103,0.0,OB ,Quasi & Foreign Government,XS2489343793,,BW8977538 Govt,DK ,EUR,2.251799,A,11/11/2025
20251111,LPD,Etica Dynamic Allocation,406149,CAISSE D'AMORT DETTE SOC CADES 0 11/25/26,0.003694183292995,0.0,OB ,Quasi & Foreign Government,FR0014004016,,BP9677991 Govt,FR ,EUR,2.251799,A,11/11/2025
20251111,LPD,Etica Dynamic Allocation,406011,ERG SPA ERGIM 0 1/2 09/11/27,0.003642098170632,0.0,OB ,UTILITY,XS2229434852,,ZO3431582 Corp,IT ,EUR,2.251799,NR,11/11/2025
20251111,LPD,Etica Dynamic Allocation,125,ANALOG DEVICES INC,0.003625583882249,0.0,AZ ,Information Technology,US0326541051,2032067,ADI US Equity,US ,USD,2.251799,,11/11/2025
20251111,LPD,Etica Dynamic Allocation,531,ADOBE INC,0.003613394791603,0.0,AZ ,Information Technology,US00724F1012,2008154,ADBE US Equity,US ,USD,2.251799,,11/11/2025
20251111,LPD,Etica Dynamic Allocation,302,HONDA MOTOR CO LTD,0.003608463575326,0.0,AZ ,Consumer Discretionary,JP3854600008,6435145,7267 JP Equity,JP ,JPY,2.251799,,11/11/2025
20251111,LPD,Etica Dynamic Allocation,667,GILEAD SCIENCES INC,0.003532093156756,0.0,AZ ,Health Care,US3755581036,2369174,GILD US Equity,US ,USD,2.251799,,11/11/2025
20251111,LPD,Etica Dynamic Allocation,2088,SAP SE,0.003507635305737,0.0,AZ ,Information Technology,DE0007164600,4846288,SAP GY Equity,DE ,EUR,2.251799,,11/11/2025
20251111,LPD,Etica Dynamic Allocation,3033,STMICROELECTRONICS NV,0.003500743685562,0.0,SE ,Information Technology,NL0000226223,5962343,STMMI IM Equity,FR ,EUR,2.251799,,11/11/2025
20251111,LPD,Etica Dynamic Allocation,406118,CAISSE FRANCAISE DE FIN CAFFIL 0.01 04/27/29,0.003460211806357,0.0,OB ,Covered,FR00140033E4,,BP1529455 Govt,FR ,EUR,2.251799,A,11/11/2025
20251111,LPD,Etica Dynamic Allocation,454,SONY GROUP CORP,0.00344114355573,0.0,AZ ,Consumer Discretionary,JP3435000009,6821506,6758 JP Equity,JP ,JPY,2.251799,,11/11/2025
20251111,LPD,Etica Dynamic Allocation,159,BOSTON SCIENTIFIC CORP,0.00341459843338,0.0,AZ ,Health Care,US1011371077,2113434,BSX US Equity,US ,USD,2.251799,,11/11/2025
20251111,LPD,Etica Dynamic Allocation,670,WELLTOWER INC,0.003381705408424,0.0,AZ ,Real Estate,US95040Q1040,BYVYHH4,WELL US Equity,US ,USD,2.251799,,11/11/2025
20251111,LPD,Etica Dynamic Allocation,428670,HEINEKEN NV HEIANA 1 1/4 05/07/33,0.003300586145511,0.0,OB ,INDUSTRIAL,XS2168629967,,BJ1875167 Corp,NL ,EUR,2.251799,B,11/11/2025
20251111,LPD,Etica Dynamic Allocation,3760,ABB LTD,0.003300336564044,0.0,AZ ,Industrials,CH0012221716,7108899,ABBN SW Equity,CH ,CHF,2.251799,,11/11/2025
20251111,LPD,Etica Dynamic Allocation,49402,SARTORIUS STEDIM BIOTECH,0.003279772334942,0.0,AZ ,Health Care,FR0013154002,BYZ2QP5,DIM FP Equity,FR ,EUR,2.251799,,11/11/2025
20251111,LPD,Etica Dynamic Allocation,4264,AUTODESK INC,0.00327333116967,0.0,AZ ,Information Technology,US0527691069,2065159,ADSK US Equity,US ,USD,2.251799,,11/11/2025
20251111,LPD,Etica Dynamic Allocation,481243,CAISSE D'AMORT DETTE SOC CADES 0.45 01/19/32,0.003272686260221,0.0,OB ,Quasi & Foreign Government,FR0014007RB1,,BT4620824 Govt,FR ,EUR,2.251799,A,11/11/2025
20251111,LPD,Etica Dynamic Allocation,335490,LANDWIRTSCH. RENTENBANK RENTEN 0 06/30/31,0.00327114081855,0.0,OB ,Quasi & Foreign Government,XS2359292955,,BQ1979823 Corp,DE ,EUR,2.251799,A,11/11/2025
20251111,LPD,Etica Dynamic Allocation,344,LOWE'S COS INC,0.003234061923483,0.0,AZ ,Consumer Discretionary,US5486611073,2536763,LOW US Equity,US ,USD,2.251799,,11/11/2025
20251111,LPD,Etica Dynamic Allocation,18091,PROLOGIS INC,0.003231680893633,0.0,AZ ,Real Estate,US74340W1036,B44WZD7,PLD UN Equity,US ,USD,2.251799,,11/11/2025
20251111,LPD,Etica Dynamic Allocation,2489,LENOVO GROUP LTD,0.003182605096977,0.0,AZ ,Information Technology,HK0992009065,6218089,992 HK Equity,CN ,CNY,2.251799,,11/11/2025
20251111,LPD,Etica Dynamic Allocation,335524,AGENCE FRANCAISE DEVELOP AGFRNC 0 1/8 09/29/31,0.003174394206537,0.0,OB ,Quasi & Foreign Government,FR0014005NA6,,BR5562094 Govt,FR ,EUR,2.251799,A,11/11/2025
20251111,LPD,Etica Dynamic Allocation,233530,ZALANDO SE,0.003173782524273,0.0,AZ ,Consumer Discretionary,DE000ZAL1111,BQV0SV7,ZAL GR Equity,DE ,EUR,2.251799,,11/11/2025
20251111,LPD,Etica Dynamic Allocation,1404,OBAYASHI CORP,0.003148375810581,0.0,AZ ,Industrials,JP3190000004,6656407,1802 JP Equity,JP ,JPY,2.251799,,11/11/2025
20251111,LPD,Etica Dynamic Allocation,2955,VOESTALPINE AG,0.003117838139923,0.0,AZ ,Materials,AT0000937503,4943402,VOE AV Equity,AT ,EUR,2.251799,,11/11/2025
20251111,LPD,Etica Dynamic Allocation,40461,VERTEX PHARMACEUTICALS INC,0.003102937635488,0.0,AZ ,Health Care,US92532F1003,2931034,VRTX US Equity,US ,USD,2.251799,,11/11/2025
20251111,LPD,Etica Dynamic Allocation,1734,NOKIA OYJ,0.003071147148933,0.0,AZ ,Information Technology,FI0009000681,5902941,NOKIA FH Equity,FI ,EUR,2.251799,,11/11/2025
20251111,LPD,Etica Dynamic Allocation,2566,UNITED PARCEL SERVICE-CL B,0.003048155069857,0.0,AZ ,Industrials,US9113121068,2517382,UPS US Equity,US ,USD,2.251799,,11/11/2025
20251111,LPD,Etica Dynamic Allocation,424846,OTIS WORLDWIDE CORP,0.003032373667446,0.0,AZ ,Industrials,US68902V1070,BK531S8,OTIS US Equity,US ,USD,2.251799,,11/11/2025
20251111,LPD,Etica Dynamic Allocation,1288,KURITA WATER INDUSTRIES LTD,0.002965490742856,0.0,AZ ,Industrials,JP3270000007,6497963,6370 JP Equity,JP ,JPY,2.251799,,11/11/2025
20251111,LPD,Etica Dynamic Allocation,1146,BRIDGESTONE CORP,0.002953056224141,0.0,AZ ,Consumer Discretionary,JP3830800003,6132101,5108 JP Equity,JP ,JPY,2.251799,,11/11/2025
20251111,LPD,Etica Dynamic Allocation,1526,TOKYO ELECTRON LTD,0.002892150794564,0.0,AZ ,Information Technology,JP3571400005,6895675,8035 JP Equity,JP ,JPY,2.251799,,11/11/2025
20251111,LPD,Etica Dynamic Allocation,1285,KUBOTA CORP,0.002874048397784,0.0,AZ ,Industrials,JP3266400005,6497509,6326 JT Equity,JP ,JPY,2.251799,,11/11/2025
20251111,LPD,Etica Dynamic Allocation,3014,ANHEUSER-BUSCH INBEV SA/NV,0.00286955404347,0.0,AZ ,Consumer Staples,BE0974293251,BYYHL23,ABI BB Equity,BE ,EUR,2.251799,,11/11/2025
20251111,LPD,Etica Dynamic Allocation,392,NOVO NORDISK A/S-B,0.002829335557029,0.0,AZ ,Health Care,DK0062498333,BP6KMJ1,NOVOB DC Equity,DK ,DKK,2.251799,,11/11/2025
20251111,LPD,Etica Dynamic Allocation,1714,SKF AB-B SHARES,0.002820633810451,0.0,AZ ,Industrials,SE0000108227,B1Q3J35,SKFB SS Equity,SE ,SEK,2.251799,,11/11/2025
20251111,LPD,Etica Dynamic Allocation,4223,COLGATE-PALMOLIVE CO,0.002794905397198,0.0,AZ ,Consumer Staples,US1941621039,2209106,CL US Equity,US ,USD,2.251799,,11/11/2025
20251111,LPD,Etica Dynamic Allocation,1545,TOTO LTD,0.002787639216033,0.0,AZ ,Industrials,JP3596200000,6897466,5332 JP Equity,JP ,JPY,2.251799,,11/11/2025
20251111,LPD,Etica Dynamic Allocation,3013,NOVARTIS AG,0.002703795701555,0.0,AZ ,Health Care,CH0012005267,7103065,NOVN SW Equity,CH ,CHF,2.251799,,11/11/2025
20251111,LPD,Etica Dynamic Allocation,232,ECOLAB INC,0.002696568033717,0.0,AZ ,Materials,US2788651006,2304227,ECL US Equity,US ,USD,2.251799,,11/11/2025
20251111,LPD,Etica Dynamic Allocation,1609,ESSILORLUXOTTICA,0.002679508139858,0.0,AZ ,Health Care,FR0000121667,7212477,EL FP Equity,FR ,EUR,2.251799,,11/11/2025
20251111,LPD,Etica Dynamic Allocation,23406,IBIDEN CO LTD,0.00266161530089,0.0,AZ ,Information Technology,JP3148800000,6456102,4062 JP Equity,JP ,JPY,2.251799,,11/11/2025
20251111,LPD,Etica Dynamic Allocation,166783,XYLEM INC,0.00265821706609,0.0,AZ ,Industrials,US98419M1009,B3P2CN8,XYL US Equity,US ,USD,2.251799,,11/11/2025
20251111,LPD,Etica Dynamic Allocation,236299,VONOVIA SE,0.002633784135459,0.0,AZ ,Real Estate,DE000A1ML7J1,BBJPFY1,VNA GR Equity,DE ,EUR,2.251799,,11/11/2025
20251111,LPD,Etica Dynamic Allocation,1790,CHINA OVERSEAS LAND & INVEST,0.002561756283382,0.0,AZ ,Real Estate,HK0688002218,6192150,688 HK Equity,CN ,CNY,2.251799,,11/11/2025
20251111,LPD,Etica Dynamic Allocation,471,TDK CORP,0.002511329499602,0.0,AZ ,Information Technology,JP3538800008,6869302,6762 JP Equity,JP ,JPY,2.251799,,11/11/2025
20251111,LPD,Etica Dynamic Allocation,17897,SK HYNIX INC,0.002479195036169,0.0,AZ ,Information Technology,KR7000660001,6450267,000660 KS Equity,KR ,KRW,2.251799,,11/11/2025
20251111,LPD,Etica Dynamic Allocation,405936,CARRIER GLOBAL CORP,0.002461825525361,0.0,AZ ,Industrials,US14448C1045,BK4N0D7,CARR US Equity,US ,USD,2.251799,,11/11/2025
20251111,LPD,Etica Dynamic Allocation,3119,INTERPUMP GROUP SPA,0.002445933869109,0.0,AZ ,Industrials,IT0001078911,5161407,IP IM Equity,IT ,EUR,2.251799,,11/11/2025
20251111,LPD,Etica Dynamic Allocation,3011,DEUTSCHE TELEKOM AG,0.002410143660195,0.0,AZ ,Communication Services,DE0005557508,5842359,DTE GR Equity,DE ,EUR,2.251799,,11/11/2025
20251111,LPD,Etica Dynamic Allocation,57392,EQUINIX INC,0.002406284398207,0.0,AZ ,Real Estate,US29444U7000,BVLZX12,EQIX US Equity,US ,USD,2.251799,,11/11/2025
20251111,LPD,Etica Dynamic Allocation,3371,ERG SPA,0.002335257892651,0.0,AZ ,Utilities,IT0001157020,5337093,ERG IM Equity,IT ,EUR,2.251799,,11/11/2025
20251111,LPD,Etica Dynamic Allocation,2831,BREMBO N.V.,0.002308437513282,0.0,AZ ,Consumer Discretionary,NL0015001KT6,BSMM753,BRE IM Equity,IT ,EUR,2.251799,,11/11/2025
20251111,LPD,Etica Dynamic Allocation,23355,RALPH LAUREN CORP,0.002293416182721,0.0,AZ ,Consumer Discretionary,US7512121010,B4V9661,RL US Equity,US ,USD,2.251799,,11/11/2025
20251111,LPD,Etica Dynamic Allocation,49977,TE CONNECTIVITY PLC,0.002285791676574,0.0,AZ ,Information Technology,IE000IVNQZ81,BRC3N84,TEL US Equity,US ,USD,2.251799,,11/11/2025
20251111,LPD,Etica Dynamic Allocation,4266,MCCORMICK & CO-NON VTG SHRS,0.002231803165142,0.0,AZ ,Consumer Staples,US5797802064,2550161,MKC UN Equity,US ,USD,2.251799,,11/11/2025
20251111,LPD,Etica Dynamic Allocation,1337,MURATA MANUFACTURING CO LTD,0.002217837175277,0.0,AZ ,Information Technology,JP3914400001,6610403,6981 JP Equity,JP ,JPY,2.251799,,11/11/2025
20251111,LPD,Etica Dynamic Allocation,164960,NOK,0.0022167999585,0.0,LQ ,CASH,,,NOK,NO ,NOK,2.251799,,11/11/2025
20251111,LPD,Etica Dynamic Allocation,1340,NEC CORP,0.002181928783308,0.0,AZ ,Information Technology,JP3733000008,6640400,6701 JP Equity,JP ,JPY,2.251799,,11/11/2025
20251111,LPD,Etica Dynamic Allocation,1575,ASTELLAS PHARMA INC,0.002158295948182,0.0,AZ ,Health Care,JP3942400007,6985383,4503 JP Equity,JP ,JPY,2.251799,,11/11/2025
20251111,LPD,Etica Dynamic Allocation,188,THE CIGNA GROUP,0.002155618516741,0.0,AZ ,Health Care,US1255231003,BHJ0775,CI US Equity,US ,USD,2.251799,,11/11/2025
20251111,LPD,Etica Dynamic Allocation,2867,DARDEN RESTAURANTS INC,0.002100970370176,0.0,AZ ,Consumer Discretionary,US2371941053,2289874,DRI UN Equity,US ,USD,2.251799,,11/11/2025
20251111,LPD,Etica Dynamic Allocation,3065,ELEVANCE HEALTH INC,0.002063437244391,0.0,AZ ,Health Care,US0367521038,BSPHGL4,ELV US Equity,US ,USD,2.251799,,11/11/2025
20251111,LPD,Etica Dynamic Allocation,184644,ZOETIS INC,0.002026213357973,0.0,AZ ,Health Care,US98978V1035,B95WG16,ZTS US Equity,US ,USD,2.251799,,11/11/2025
20251111,LPD,Etica Dynamic Allocation,336777,ULTA BEAUTY INC,0.00200901262616,0.0,AZ ,Consumer Discretionary,US90384S3031,B28TS42,ULTA UW Equity,US ,USD,2.251799,,11/11/2025
20251111,LPD,Etica Dynamic Allocation,651,EXPEDITORS INTL WASH INC,0.00200801845369,0.0,AZ ,Industrials,US3021301094,2325507,EXPD US Equity,US ,USD,2.251799,,11/11/2025
20251111,LPD,Etica Dynamic Allocation,276440,DELL TECHNOLOGIES -C,0.001956555963459,0.0,AZ ,Information Technology,US24703L2025,BHKD3S6,DELL US Equity,US ,USD,2.251799,,11/11/2025
20251111,LPD,Etica Dynamic Allocation,535701,BUNDESOBLIGATION OBL 2.1 04/12/29,0.001910949764534,0.0,OB ,SOVEREIGN,DE000BU35025,,ZB6879496 Govt,DE ,EUR,2.251799,A,11/11/2025
20251111,LPD,Etica Dynamic Allocation,1457,SHIMIZU CORP,0.001907252485071,0.0,AZ ,Industrials,JP3358800005,6804400,1803 JP Equity,JP ,JPY,2.251799,,11/11/2025
20251111,LPD,Etica Dynamic Allocation,100272,AMERICAN WATER WORKS CO INC,0.001883982505905,0.0,AZ ,Utilities,US0304201033,B2R3PV1,AWK US Equity,US ,USD,2.251799,,11/11/2025
20251111,LPD,Etica Dynamic Allocation,2658,ASSA ABLOY AB-B,0.001844786132976,0.0,AZ ,Industrials,SE0007100581,BYPC1T4,ASSAB SS Equity,SE ,SEK,2.251799,,11/11/2025
20251111,LPD,Etica Dynamic Allocation,366,MICRON TECHNOLOGY INC,0.001829411008414,0.0,AZ ,Information Technology,US5951121038,2588184,MU US Equity,US ,USD,2.251799,,11/11/2025
20251111,LPD,Etica Dynamic Allocation,1001,PERSIMMON PLC,0.001818338804272,0.0,AZ ,Consumer Discretionary,GB0006825383,682538,PSN LN Equity,GB ,GBP,2.251799,,11/11/2025
20251111,LPD,Etica Dynamic Allocation,148,BECTON DICKINSON AND CO,0.001809652538542,0.0,AZ ,Health Care,US0758871091,2087807,BDX US Equity,US ,USD,2.251799,,11/11/2025
20251111,LPD,Etica Dynamic Allocation,44974,LEGRAND SA,0.001786112210918,0.0,AZ ,Industrials,FR0010307819,B11ZRK9,LR FP Equity,FR ,EUR,2.251799,,11/11/2025
20251111,LPD,Etica Dynamic Allocation,349,MASCO CORP,0.001762595293357,0.0,AZ ,Industrials,US5745991068,2570200,MAS US Equity,US ,USD,2.251799,,11/11/2025
20251111,LPD,Etica Dynamic Allocation,88166,REXEL SA,0.001761920177377,0.0,AZ ,Industrials,FR0010451203,B1VP0K0,RXL FP Equity,FR ,EUR,2.251799,,11/11/2025
20251111,LPD,Etica Dynamic Allocation,4275,HASBRO INC,0.001757157740095,0.0,AZ ,Consumer Discretionary,US4180561072,2414580,HAS US Equity,US ,USD,2.251799,,11/11/2025
20251111,LPD,Etica Dynamic Allocation,19461,DICK'S SPORTING GOODS INC,0.00175337021862,0.0,AZ ,Consumer Discretionary,US2533931026,2969637,DKS US Equity,US ,USD,2.251799,,11/11/2025
20251111,LPD,Etica Dynamic Allocation,469,SYSCO CORP,0.00172078869852,0.0,AZ ,Consumer Staples,US8718291078,2868165,SYY US Equity,US ,USD,2.251799,,11/11/2025
20251111,LPD,Etica Dynamic Allocation,1088,ORICA LTD,0.001704284982422,0.0,AZ ,Materials,AU000000ORI1,6458001,ORI AU Equity,AU ,AUD,2.251799,,11/11/2025
20251111,LPD,Etica Dynamic Allocation,318,INTL FLAVORS & FRAGRANCES,0.001686525807357,0.0,AZ ,Materials,US4595061015,2464165,IFF US Equity,US ,USD,2.251799,,11/11/2025
20251111,LPD,Etica Dynamic Allocation,18074,ESTEE LAUDER COMPANIES-CL A,0.00168613387761,0.0,AZ ,Consumer Staples,US5184391044,2320524,EL US Equity,US ,USD,2.251799,,11/11/2025
20251111,LPD,Etica Dynamic Allocation,239132,REPUBLIKA SLOVENIJA SLOREP 0 1/8 07/01/31,0.001658707479702,0.0,OB ,SOVEREIGN,SI0002104196,,BQ1964585 Govt,SI ,EUR,2.251799,A,11/11/2025
20251111,LPD,Etica Dynamic Allocation,2298,TRACTOR SUPPLY COMPANY,0.001615794948229,0.0,AZ ,Consumer Discretionary,US8923561067,2900335,TSCO US Equity,US ,USD,2.251799,,11/11/2025
20251111,LPD,Etica Dynamic Allocation,242496,PAYPAL HOLDINGS INC,0.001538572705468,0.0,AZ ,Financials,US70450Y1038,BYW36M8,PYPL US Equity,US ,USD,2.251799,,11/11/2025
20251111,LPD,Etica Dynamic Allocation,152,BEST BUY CO INC,0.001535458412065,0.0,AZ ,Consumer Discretionary,US0865161014,2094670,BBY US Equity,US ,USD,2.251799,,11/11/2025
20251111,LPD,Etica Dynamic Allocation,31928,DIGITAL REALTY TRUST INC,0.00149310130319,0.0,AZ ,Real Estate,US2538681030,B03GQS4,DLR US Equity,US ,USD,2.251799,,11/11/2025
20251111,LPD,Etica Dynamic Allocation,295,HERSHEY CO/THE,0.001490488438211,0.0,AZ ,Consumer Staples,US4278661081,2422806,HSY US Equity,US ,USD,2.251799,,11/11/2025
20251111,LPD,Etica Dynamic Allocation,34107,DAIICHI SANKYO CO LTD,0.001434655818027,0.0,AZ ,Health Care,JP3475350009,B0J7D91,4568 JP Equity,JP ,JPY,2.251799,,11/11/2025
20251111,LPD,Etica Dynamic Allocation,2985,CANADIAN NATL RAILWAY CO,0.001434101905755,0.0,AZ ,Industrials,CA1363751027,2180632,CNR CN Equity,CA ,CAD,2.251799,,11/11/2025
20251111,LPD,Etica Dynamic Allocation,23481,CBRE GROUP INC,0.001397240875297,0.0,AZ ,Real Estate,US12504L1098,B6WVMH3,CBRE US Equity,US ,USD,2.251799,,11/11/2025
20251111,LPD,Etica Dynamic Allocation,1138,ASICS CORP,0.00135463305221,0.0,AZ ,Consumer Discretionary,JP3118000003,6057378,7936 JP Equity,JP ,JPY,2.251799,,11/11/2025
20251111,LPD,Etica Dynamic Allocation,253654,FERRARI NV,0.001348192264519,0.0,AZ ,Consumer Discretionary,NL0011585146,BZ1GMK5,RACE US Equity,IT ,EUR,2.251799,,11/11/2025
20251111,LPD,Etica Dynamic Allocation,164722,DKK,0.001281233068437,0.0,LQ ,CASH,,,DKK,DK ,DKK,2.251799,,11/11/2025
20251111,LPD,Etica Dynamic Allocation,211955,TECHNOGYM SPA,0.001278660604693,0.0,AZ ,Consumer Discretionary,IT0005162406,BD9Y5C0,TGYM IM Equity,IT ,EUR,2.251799,,11/11/2025
20251111,LPD,Etica Dynamic Allocation,335212,LEVI STRAUSS & CO- CLASS A,0.001254005278474,0.0,AZ ,Consumer Discretionary,US52736R1023,BHRWS81,LEVI US Equity,US ,USD,2.251799,,11/11/2025
20251111,LPD,Etica Dynamic Allocation,3385,YUM! BRANDS INC,0.001227262303342,0.0,AZ ,Consumer Discretionary,US9884981013,2098876,YUM UN Equity,US ,USD,2.251799,,11/11/2025
20251111,LPD,Etica Dynamic Allocation,50381,LULULEMON ATHLETICA INC,0.001222068667822,0.0,AZ ,Consumer Discretionary,US5500211090,B23FN39,LULU US Equity,US ,USD,2.251799,,11/11/2025
20251111,LPD,Etica Dynamic Allocation,3837,AGILENT TECHNOLOGIES INC,0.001216434772106,0.0,AZ ,Health Care,US00846U1016,2520153,A US Equity,US ,USD,2.251799,,11/11/2025
20251111,LPD,Etica Dynamic Allocation,387,NORSK HYDRO ASA,0.001206630487126,0.0,AZ ,Materials,NO0005052605,B11HK39,NHY NO Equity,NO ,NOK,2.251799,,11/11/2025
20251111,LPD,Etica Dynamic Allocation,1,LG ELECTRONICS INC,0.001189399548781,0.0,AZ ,Consumer Discretionary,KR7066570003,6520739,066570 KS Equity,KR ,KRW,2.251799,,11/11/2025
20251111,LPD,Etica Dynamic Allocation,57810,VENTAS INC,0.00118811803668,0.0,AZ ,Real Estate,US92276F1003,2927925,VTR US Equity,US ,USD,2.251799,,11/11/2025
20251111,LPD,Etica Dynamic Allocation,1755,SWIRE PACIFIC LTD - CL A,0.001159330834525,0.0,AZ ,Industrials,HK0019000162,6867748,19 HK Equity,HK ,HKD,2.251799,,11/11/2025
20251111,LPD,Etica Dynamic Allocation,343334,GODADDY INC - CLASS A,0.001131959563537,0.0,AZ ,Information Technology,US3802371076,BWFRFC6,GDDY US Equity,US ,USD,2.251799,,11/11/2025
20251111,LPD,Etica Dynamic Allocation,173,CADENCE DESIGN SYS INC,0.001068317799783,0.0,AZ ,Information Technology,US1273871087,2302232,CDNS US Equity,US ,USD,2.251799,,11/11/2025
20251111,LPD,Etica Dynamic Allocation,58909,EDWARDS LIFESCIENCES CORP,0.001053802806207,0.0,AZ ,Health Care,US28176E1082,2567116,EW US Equity,US ,USD,2.251799,,11/11/2025
20251111,LPD,Etica Dynamic Allocation,335227,NEXI SPA,0.001046632153197,0.0,AZ ,Financials,IT0005366767,BJ1F880,NEXI IM Equity,IT ,EUR,2.251799,,11/11/2025
20251111,LPD,Etica Dynamic Allocation,235482,MERLIN PROPERTIES SOCIMI SA,0.000958601258283,0.0,AZ ,Real Estate,ES0105025003,BNGNB77,MRL SM Equity,ES ,EUR,2.251799,,11/11/2025
20251111,LPD,Etica Dynamic Allocation,1010,RELX PLC,0.000954021570517,0.0,AZ ,Industrials,GB00B2B0DG97,B2B0DG9,REL LN Equity,GB ,GBP,2.251799,,11/11/2025
20251111,LPD,Etica Dynamic Allocation,24041,TERNA-RETE ELETTRICA NAZIONA,0.000944756094544,0.0,AZ ,Utilities,IT0003242622,B01BN57,TRN IM Equity,IT ,EUR,2.251799,,11/11/2025
20251111,LPD,Etica Dynamic Allocation,222506,ORORA LTD,0.000921463082898,0.0,AZ ,Materials,AU000000ORA8,BH4TCW7,ORA AU Equity,AU ,AUD,2.251799,,11/11/2025
20251111,LPD,Etica Dynamic Allocation,67156,KEURIG DR PEPPER INC,0.000896553644232,0.0,AZ ,Consumer Staples,US49271V1008,BD3W133,KDP US Equity,US ,USD,2.251799,,11/11/2025
20251111,LPD,Etica Dynamic Allocation,3466,COGNIZANT TECH SOLUTIONS-A,0.000890650532802,0.0,AZ ,Information Technology,US1924461023,2257019,CTSH US Equity,US ,USD,2.251799,,11/11/2025
20251111,LPD,Etica Dynamic Allocation,312,INGERSOLL-RAND INC,0.000883883892152,0.0,AZ ,Industrials,US45687V1061,BL5GZ82,IR UN Equity,US ,USD,2.251799,,11/11/2025
20251111,LPD,Etica Dynamic Allocation,17956,RENESAS ELECTRONICS CORP,0.000870478988611,0.0,AZ ,Information Technology,JP3164720009,6635677,6723 JP Equity,JP ,JPY,2.251799,,11/11/2025
20251111,LPD,Etica Dynamic Allocation,58318,AZBIL CORP,0.000868068129811,0.0,AZ ,Information Technology,JP3937200008,6985543,6845 JP Equity,JP ,JPY,2.251799,,11/11/2025
20251111,LPD,Etica Dynamic Allocation,2297,AVALONBAY COMMUNITIES INC,0.00081532903604,0.0,AZ ,Real Estate,US0534841012,2131179,AVB US Equity,US ,USD,2.251799,,11/11/2025
20251111,LPD,Etica Dynamic Allocation,31968,PENTAIR PLC,0.000757820708519,0.0,AZ ,Industrials,IE00BLS09M33,BLS09M3,PNR UN Equity,US ,USD,2.251799,,11/11/2025
20251111,LPD,Etica Dynamic Allocation,235835,RAI WAY SPA,0.000739650347043,0.0,AZ ,Communication Services,IT0005054967,BSM8WL2,RWAY IM Equity,IT ,EUR,2.251799,,11/11/2025
20251111,LPD,Etica Dynamic Allocation,3478,SOL SPA,0.000703717789848,0.0,AZ ,Materials,IT0001206769,5490684,SOL IM Equity,IT ,EUR,2.251799,,11/11/2025
20251111,LPD,Etica Dynamic Allocation,50261,DIASORIN SPA,0.000699631601292,0.0,AZ ,Health Care,IT0003492391,B234WN9,DIA IM Equity,IT ,EUR,2.251799,,11/11/2025
20251111,LPD,Etica Dynamic Allocation,4106,ZIMMER BIOMET HOLDINGS INC,0.000688781037576,0.0,AZ ,Health Care,US98956P1021,2783815,ZBH US Equity,US ,USD,2.251799,,11/11/2025
20251111,LPD,Etica Dynamic Allocation,1040,TATE & LYLE PLC,0.000688606972437,0.0,AZ ,Consumer Staples,GB00BP92CJ43,BP92CJ4,TATE LN Equity,GB ,GBP,2.251799,,11/11/2025
20251111,LPD,Etica Dynamic Allocation,58590,SYSMEX CORP,0.0006549421706,0.0,AZ ,Health Care,JP3351100007,6883807,6869 JP Equity,JP ,JPY,2.251799,,11/11/2025
20251111,LPD,Etica Dynamic Allocation,3245,EDP SA,0.000569579267585,0.0,AZ ,Utilities,PTEDP0AM0009,4103596,EDP PL Equity,PT ,EUR,2.251799,,11/11/2025
20251111,LPD,Etica Dynamic Allocation,1093,LENDLEASE GROUP,0.000564140203997,0.0,AZ ,Real Estate,AU000000LLC3,6512004,LLC AU Equity,AU ,AUD,2.251799,,11/11/2025
20251111,LPD,Etica Dynamic Allocation,1024,SSE PLC,0.000557472112156,0.0,AZ ,Utilities,GB0007908733,790873,SSE LN Equity,GB ,GBP,2.251799,,11/11/2025
20251111,LPD,Etica Dynamic Allocation,433692,REPUBLIC OF AUSTRIA RAGB 0.85 06/30/2120,0.000481568384498,0.0,OB ,SOVEREIGN,AT0000A2HLC4,,BK2273211 Govt,AT ,EUR,2.251799,A,11/11/2025
20251111,LPD,Etica Dynamic Allocation,164725,HKD,0.000471903427145,0.0,LQ ,CASH,,,HKD,HK ,HKD,2.251799,,11/11/2025
20251111,LPD,Etica Dynamic Allocation,23349,CORBION NV,0.000457030863752,0.0,AZ ,Materials,NL0010583399,BFRSRR7,CRBN NA Equity,NL ,EUR,2.251799,,11/11/2025
20251111,LPD,Etica Dynamic Allocation,677,BIOGEN INC,0.000426067280998,0.0,AZ ,Health Care,US09062X1037,2455965,BIIB US Equity,US ,USD,2.251799,,11/11/2025
20251111,LPD,Etica Dynamic Allocation,58681,JONES LANG LASALLE INC,0.000411941574098,0.0,AZ ,Real Estate,US48020Q1076,2040640,JLL US Equity,US ,USD,2.251799,,11/11/2025
20251111,LPD,Etica Dynamic Allocation,3672,AMPLIFON SPA,0.000397069010704,0.0,AZ ,Health Care,IT0004056880,B14NJ71,AMP IM Equity,IT ,EUR,2.251799,,11/11/2025
20251111,LPD,Etica Dynamic Allocation,247914,INFRASTRUTTURE WIRELESS ITAL,0.000344405433263,0.0,AZ ,Communication Services,IT0005090300,BZ0P4R4,INW IM Equity,IT ,EUR,2.251799,,11/11/2025
20251111,LPD,Etica Dynamic Allocation,448147,EUROPEAN UNION EU 0.3 11/04/50,0.000340878820704,0.0,OB ,Quasi & Foreign Government,EU000A284469,,BM3710233 Govt,SNA,EUR,2.251799,A,11/11/2025
20251111,LPD,Etica Dynamic Allocation,48675,PRYSMIAN SPA,0.00030238625996,0.0,AZ ,Industrials,IT0004176001,B1W4V69,PRY IM Equity,IT ,EUR,2.251799,,11/11/2025
20251111,LPD,Etica Dynamic Allocation,63,HERA SPA,0.000296947196371,0.0,AZ ,Utilities,IT0001250932,7598003,HER IM Equity,IT ,EUR,2.251799,,11/11/2025
20251111,LPD,Etica Dynamic Allocation,3321,BXP INC,0.000294787051784,0.0,AZ ,Real Estate,US1011211018,2019479,BXP US Equity,US ,USD,2.251799,,11/11/2025
20251111,LPD,Etica Dynamic Allocation,3476,A2A SPA,0.000222044437653,0.0,AZ ,Utilities,IT0001233417,5499131,A2A IM Equity,IT ,EUR,2.251799,,11/11/2025
20251111,LPD,Etica Dynamic Allocation,1464,SHISEIDO CO LTD,0.000216763203192,0.0,AZ ,Consumer Staples,JP3351600006,6805265,4911 JP Equity,JP ,JPY,2.251799,,11/11/2025
20251111,LPD,Etica Dynamic Allocation,314765,PIRELLI & C SPA,0.000090435334826,0.0,AZ ,Consumer Discretionary,IT0005278236,BZ5ZHK3,PIRC IM Equity,IT ,EUR,2.251799,,11/11/2025
20251111,LPD,Etica Dynamic Allocation,165991,KRW,0.000000000377582,0.0,LQ ,CASH,,,KRW,KR ,KRW,2.251799,,11/11/2025
20251111,LPD,Etica Dynamic Allocation,184686,TESLA INC,0.0,0.009278292,AZ ,Consumer Discretionary,US88160R1014,B616C79,TSLA US Equity,US ,USD,2.251799,,11/11/2025
20251111,LPD,Etica Dynamic Allocation,28663,ALPHABET INC-CL C,0.0,0.010435542,AZ ,Communication Services,US02079K1079,BYY88Y7,GOOG US Equity,US ,USD,2.251799,,11/11/2025
20251111,LPD,Etica Dynamic Allocation,227088,ALPHABET INC-CL A,0.0,0.012343584,AZ ,Communication Services,US02079K3059,BYVY8G0,GOOGL US Equity,US ,USD,2.251799,,11/11/2025
20251111,LPD,Etica Dynamic Allocation,50594,BROADCOM INC,0.0,0.011449818,AZ ,Information Technology,US11135F1012,BDZ78H9,AVGO US Equity,US ,USD,2.251799,,11/11/2025
20251111,LPD,Etica Dynamic Allocation,3255,AMAZON.COM INC,0.0,0.017328264,AZ ,Consumer Discretionary,US0231351067,2000019,AMZN US Equity,US ,USD,2.251799,,11/11/2025
20251111,LPD,Etica Dynamic Allocation,553,MICROSOFT CORP,0.0,0.02614986,AZ ,Information Technology,US5949181045,2588173,MSFT US Equity,US ,USD,2.251799,,11/11/2025
20251111,LPD,Etica Dynamic Allocation,534,APPLE INC,0.0,0.029930934,AZ ,Information Technology,US0378331005,2046251,AAPL US Equity,US ,USD,2.251799,,11/11/2025
20251111,LPD,Etica Dynamic Allocation,188839,META PLATFORMS INC-CLASS A,0.0,0.009912336,AZ ,Communication Services,US30303M1027,B7TL820,META US Equity,US ,USD,2.251799,,11/11/2025
20251111,LPD,Etica Dynamic Allocation,184,JPMORGAN CHASE & CO,0.0,0.00638604,AZ ,Financials,US46625H1005,2190385,JPM US Equity,US ,USD,2.251799,,11/11/2025
20251111,LPD,Etica Dynamic Allocation,164726,SEK,-0.000271882949231,0.0,LQ ,CASH,,,SEK,SE ,SEK,2.251799,,11/11/2025
20251111,LPD,Etica Dynamic Allocation,164733,DEBITI COMMISSIONE GESTIONE,-0.000329662380373,0.0,CD ,CASH,,,DEBITI COMMISSIONE GESTIONE,5A ,EUR,2.251799,,11/11/2025
20251111,LPD,Etica Dynamic Allocation,247714,DEBITI CONTRIBUTI VIGILANZA,-0.004066103100689,0.0,CD ,CASH,,,DEBITI CONTRIBUTI VIGILANZA,5A ,EUR,2.251799,,11/11/2025
20251111,LPG,Etica Global Equity,3458,NVIDIA CORP,0.074063898545815,0.05147091,AZ ,Information Technology,US67066G1040,2379504,NVDA US Equity,US ,USD,3.445244,,11/11/2025
20251111,LPG,Etica Global Equity,164727,USD,0.060819642682476,0.0,LQ ,CASH,,,USD,US ,USD,3.445244,,11/11/2025
20251111,LPG,Etica Global Equity,65876,VISA INC-CLASS A SHARES,0.026736097281835,0.0,AZ ,Financials,US92826C8394,B2PZN04,V US Equity,US ,USD,3.445244,,11/11/2025
20251111,LPG,Etica Global Equity,45465,MASTERCARD INC - A,0.026442814315092,0.0,AZ ,Financials,US57636Q1040,B121557,MA US Equity,US ,USD,3.445244,,11/11/2025
20251111,LPG,Etica Global Equity,554,ORACLE CORP,0.022232918113954,0.0,AZ ,Information Technology,US68389X1054,2661568,ORCL US Equity,US ,USD,3.445244,,11/11/2025
20251111,LPG,Etica Global Equity,164724,GBP,0.017985541867696,0.0,LQ ,CASH,,,GBP,GB ,GBP,3.445244,,11/11/2025
20251111,LPG,Etica Global Equity,164723,EUR,0.015935791623133,0.0,LQ ,CASH,,,EUR,5A ,EUR,3.445244,,11/11/2025
20251111,LPG,Etica Global Equity,201018,ABBVIE INC,0.01352540642282,0.0,AZ ,Health Care,US00287Y1091,B92SR70,ABBV US Equity,US ,USD,3.445244,,11/11/2025
20251111,LPG,Etica Global Equity,300,HOME DEPOT INC,0.012865853033048,0.0,AZ ,Consumer Discretionary,US4370761029,2434209,HD US Equity,US ,USD,3.445244,,11/11/2025
20251111,LPG,Etica Global Equity,577,APPLIED MATERIALS INC,0.012295014958877,0.0,AZ ,Information Technology,US0382221051,2046552,AMAT US Equity,US ,USD,3.445244,,11/11/2025
20251111,LPG,Etica Global Equity,427,PROCTER & GAMBLE CO/THE,0.011871028698402,0.0,AZ ,Consumer Staples,US7427181091,2704407,PG US Equity,US ,USD,3.445244,,11/11/2025
20251111,LPG,Etica Global Equity,222389,MONCLER SPA,0.010847301576662,0.0,AZ ,Consumer Discretionary,IT0004965148,BGLP232,MONC IM Equity,IT ,EUR,3.445244,,11/11/2025
20251111,LPG,Etica Global Equity,2839,ASML HOLDING NV,0.010807146746956,0.0,AZ ,Information Technology,NL0010273215,B929F46,ASML NA Equity,NL ,EUR,3.445244,,11/11/2025
20251111,LPG,Etica Global Equity,480,TEXAS INSTRUMENTS INC,0.010596553509864,0.0,AZ ,Information Technology,US8825081040,2885409,TXN US Equity,US ,USD,3.445244,,11/11/2025
20251111,LPG,Etica Global Equity,221482,SERVICENOW INC,0.01056403354498,0.0,AZ ,Information Technology,US81762P1021,B80NXX8,NOW US Equity,US ,USD,3.445244,,11/11/2025
20251111,LPG,Etica Global Equity,164953,AUD,0.010318404250758,0.0,LQ ,CASH,,,AUD,AU ,AUD,3.445244,,11/11/2025
20251111,LPG,Etica Global Equity,756,QUALCOMM INC,0.010185978641348,0.0,AZ ,Information Technology,US7475251036,2714923,QCOM US Equity,US ,USD,3.445244,,11/11/2025
20251111,LPG,Etica Global Equity,23568,SALESFORCE INC,0.009992405157764,0.0,AZ ,Information Technology,US79466L3024,2310525,CRM US Equity,US ,USD,3.445244,,11/11/2025
20251111,LPG,Etica Global Equity,363,MERCK & CO. INC.,0.009780308751559,0.0,AZ ,Health Care,US58933Y1055,2778844,MRK US Equity,US ,USD,3.445244,,11/11/2025
20251111,LPG,Etica Global Equity,360,MEDTRONIC PLC,0.009580098212731,0.0,AZ ,Health Care,IE00BTN1Y115,BTN1Y11,MDT US Equity,US ,USD,3.445244,,11/11/2025
20251111,LPG,Etica Global Equity,214,DANAHER CORP,0.009539824678636,0.0,AZ ,Health Care,US2358511028,2250870,DHR US Equity,US ,USD,3.445244,,11/11/2025
20251111,LPG,Etica Global Equity,705,LAM RESEARCH CORP,0.009354066163086,0.0,AZ ,Information Technology,US5128073062,BSML4N7,LRCX US Equity,US ,USD,3.445244,,11/11/2025
20251111,LPG,Etica Global Equity,423,NEW LINDE PLC,0.009326577438097,0.0,AZ ,Materials,IE000S9YS762,BNZHB81,LIN US Equity,US ,USD,3.445244,,11/11/2025
20251111,LPG,Etica Global Equity,542,CISCO SYSTEMS INC,0.009280864598088,0.0,AZ ,Information Technology,US17275R1023,2198163,CSCO US Equity,US ,USD,3.445244,,11/11/2025
20251111,LPG,Etica Global Equity,2703,LONZA GROUP AG-REG,0.008990917948881,0.0,AZ ,Health Care,CH0013841017,7333378,LONN SW Equity,CH ,CHF,3.445244,,11/11/2025
20251111,LPG,Etica Global Equity,1706,TELECOM ITALIA SPA,0.008967483435351,0.0,AZ ,Communication Services,IT0003497168,7634394,TIT IM Equity,IT ,EUR,3.445244,,11/11/2025
20251111,LPG,Etica Global Equity,216,DEERE & CO,0.008695848118979,0.0,AZ ,Industrials,US2441991054,2261203,DE US Equity,US ,USD,3.445244,,11/11/2025
20251111,LPG,Etica Global Equity,1821,INTUIT INC,0.007977948215653,0.0,AZ ,Information Technology,US4612021034,2459020,INTU US Equity,US ,USD,3.445244,,11/11/2025
20251111,LPG,Etica Global Equity,358,S&P GLOBAL INC,0.007852801672762,0.0,AZ ,Financials,US78409V1044,BYV2325,SPGI US Equity,US ,USD,3.445244,,11/11/2025
20251111,LPG,Etica Global Equity,2706,TRANE TECHNOLOGIES PLC,0.007339297818743,0.0,AZ ,Industrials,IE00BK9ZQ967,BK9ZQ96,TT US Equity,US ,USD,3.445244,,11/11/2025
20251111,LPG,Etica Global Equity,4289,CRH PLC,0.007334637175841,0.0,SE ,Materials,IE0001827041,182704,CRH LN Equity,US ,USD,3.445244,,11/11/2025
20251111,LPG,Etica Global Equity,30976,NABTESCO CORP,0.007311562553868,0.0,AZ ,Industrials,JP3651210001,6687571,6268 JP Equity,JP ,JPY,3.445244,,11/11/2025
20251111,LPG,Etica Global Equity,100,ABBOTT LABORATORIES,0.007200935100661,0.0,AZ ,Health Care,US0028241000,2002305,ABT US Equity,US ,USD,3.445244,,11/11/2025
20251111,LPG,Etica Global Equity,397638,PROSUS NV,0.007164376037875,0.0,AZ ,Consumer Discretionary,NL0013654783,BJDS7L3,PRX NA Equity,NL ,EUR,3.445244,,11/11/2025
20251111,LPG,Etica Global Equity,549,INTEL CORP,0.007105865479263,0.0,AZ ,Information Technology,US4581401001,2463247,INTC US Equity,US ,USD,3.445244,,11/11/2025
20251111,LPG,Etica Global Equity,533,AMGEN INC,0.006883843874736,0.0,AZ ,Health Care,US0311621009,2023607,AMGN US Equity,US ,USD,3.445244,,11/11/2025
20251111,LPG,Etica Global Equity,497,UNION PACIFIC CORP,0.006458574221445,0.0,AZ ,Industrials,US9078181081,2914734,UNP US Equity,US ,USD,3.445244,,11/11/2025
20251111,LPG,Etica Global Equity,53583,LOGITECH INTERNATIONAL,0.006375557346273,0.0,SE ,Information Technology,CH0025751329,B1921K0,LOGI US Equity,CH ,CHF,3.445244,,11/11/2025
20251111,LPG,Etica Global Equity,1285,KUBOTA CORP,0.006366160492688,0.0,AZ ,Industrials,JP3266400005,6497509,6326 JT Equity,JP ,JPY,3.445244,,11/11/2025
20251111,LPG,Etica Global Equity,191474,PALO ALTO NETWORKS INC,0.006306528382258,0.0,AZ ,Information Technology,US6974351057,B87ZMX0,PANW US Equity,US ,USD,3.445244,,11/11/2025
20251111,LPG,Etica Global Equity,1619,LOREAL SA,0.006233350117326,0.0,AZ ,Consumer Staples,FR0000120321,4057808,OR FP Equity,FR ,EUR,3.445244,,11/11/2025
20251111,LPG,Etica Global Equity,3092,MTR CORP,0.006090524492036,0.0,AZ ,Industrials,HK0066009694,6290054,66 HK Equity,HK ,HKD,3.445244,,11/11/2025
20251111,LPG,Etica Global Equity,149,VERIZON COMMUNICATIONS INC,0.006023453993015,0.0,AZ ,Communication Services,US92343V1044,2090571,VZ US Equity,US ,USD,3.445244,,11/11/2025
20251111,LPG,Etica Global Equity,164955,CHF,0.006018889699034,0.0,LQ ,CASH,,,CHF,CH ,CHF,3.445244,,11/11/2025
20251111,LPG,Etica Global Equity,348394,KNORR-BREMSE AG,0.005981879433621,0.0,AZ ,Industrials,DE000KBX1006,BD2P9X9,KBX GR Equity,DE ,EUR,3.445244,,11/11/2025
20251111,LPG,Etica Global Equity,486,TJX COMPANIES INC,0.005981312045531,0.0,AZ ,Consumer Discretionary,US8725401090,2989301,TJX US Equity,US ,USD,3.445244,,11/11/2025
20251111,LPG,Etica Global Equity,49402,SARTORIUS STEDIM BIOTECH,0.005979414034761,0.0,AZ ,Health Care,FR0013154002,BYZ2QP5,DIM FP Equity,FR ,EUR,3.445244,,11/11/2025
20251111,LPG,Etica Global Equity,559,STRYKER CORP,0.005965336072,0.0,AZ ,Health Care,US8636671013,2853688,SYK UN Equity,US ,USD,3.445244,,11/11/2025
20251111,LPG,Etica Global Equity,1288,KURITA WATER INDUSTRIES LTD,0.00595750378635,0.0,AZ ,Industrials,JP3270000007,6497963,6370 JP Equity,JP ,JPY,3.445244,,11/11/2025
20251111,LPG,Etica Global Equity,1258,KAO CORP,0.005944947884647,0.0,AZ ,Consumer Staples,JP3205800000,6483809,4452 JP Equity,JP ,JPY,3.445244,,11/11/2025
20251111,LPG,Etica Global Equity,783,SYNOPSYS INC,0.005919193755101,0.0,AZ ,Information Technology,US8716071076,2867719,SNPS US Equity,US ,USD,3.445244,,11/11/2025
20251111,LPG,Etica Global Equity,133,AUTOMATIC DATA PROCESSING,0.005911318647708,0.0,AZ ,Industrials,US0530151036,2065308,ADP US Equity,US ,USD,3.445244,,11/11/2025
20251111,LPG,Etica Global Equity,1658,ATLAS COPCO AB-A SHS,0.005779605264636,0.0,AZ ,Industrials,SE0017486889,BLDBN41,ATCOA SS Equity,SE ,SEK,3.445244,,11/11/2025
20251111,LPG,Etica Global Equity,236196,IMCD NV,0.005753785013282,0.0,AZ ,Industrials,NL0010801007,BNCBD46,IMCD NA Equity,NL ,EUR,3.445244,,11/11/2025
20251111,LPG,Etica Global Equity,520,WESTERN DIGITAL CORP,0.005627062567288,0.0,AZ ,Information Technology,US9581021055,2954699,WDC US Equity,US ,USD,3.445244,,11/11/2025
20251111,LPG,Etica Global Equity,125,ANALOG DEVICES INC,0.005615751015048,0.0,AZ ,Information Technology,US0326541051,2032067,ADI US Equity,US ,USD,3.445244,,11/11/2025
20251111,LPG,Etica Global Equity,2088,SAP SE,0.005433158159796,0.0,AZ ,Information Technology,DE0007164600,4846288,SAP GY Equity,DE ,EUR,3.445244,,11/11/2025
20251111,LPG,Etica Global Equity,159,BOSTON SCIENTIFIC CORP,0.005366431179314,0.0,AZ ,Health Care,US1011371077,2113434,BSX US Equity,US ,USD,3.445244,,11/11/2025
20251111,LPG,Etica Global Equity,454,SONY GROUP CORP,0.005340594869806,0.0,AZ ,Consumer Discretionary,JP3435000009,6821506,6758 JP Equity,JP ,JPY,3.445244,,11/11/2025
20251111,LPG,Etica Global Equity,2170,DSV A/S,0.00533098296291,0.0,AZ ,Industrials,DK0060079531,B1WT5G2,DSV DC Equity,DK ,DKK,3.445244,,11/11/2025
20251111,LPG,Etica Global Equity,531,ADOBE INC,0.005302532637907,0.0,AZ ,Information Technology,US00724F1012,2008154,ADBE US Equity,US ,USD,3.445244,,11/11/2025
20251111,LPG,Etica Global Equity,670,WELLTOWER INC,0.005237903293082,0.0,AZ ,Real Estate,US95040Q1040,BYVYHH4,WELL US Equity,US ,USD,3.445244,,11/11/2025
20251111,LPG,Etica Global Equity,667,GILEAD SCIENCES INC,0.005175279643116,0.0,AZ ,Health Care,US3755581036,2369174,GILD US Equity,US ,USD,3.445244,,11/11/2025
20251111,LPG,Etica Global Equity,3033,STMICROELECTRONICS NV,0.005175017674808,0.0,SE ,Information Technology,NL0000226223,5962343,STMMI IM Equity,FR ,EUR,3.445244,,11/11/2025
20251111,LPG,Etica Global Equity,1545,TOTO LTD,0.005127828114409,0.0,AZ ,Industrials,JP3596200000,6897466,5332 JP Equity,JP ,JPY,3.445244,,11/11/2025
20251111,LPG,Etica Global Equity,233530,ZALANDO SE,0.005081685797511,0.0,AZ ,Consumer Discretionary,DE000ZAL1111,BQV0SV7,ZAL GR Equity,DE ,EUR,3.445244,,11/11/2025
20251111,LPG,Etica Global Equity,4264,AUTODESK INC,0.005057610847035,0.0,AZ ,Information Technology,US0527691069,2065159,ADSK US Equity,US ,USD,3.445244,,11/11/2025
20251111,LPG,Etica Global Equity,2489,LENOVO GROUP LTD,0.005045022829025,0.0,AZ ,Information Technology,HK0992009065,6218089,992 HK Equity,CN ,CNY,3.445244,,11/11/2025
20251111,LPG,Etica Global Equity,18091,PROLOGIS INC,0.005002369224689,0.0,AZ ,Real Estate,US74340W1036,B44WZD7,PLD UN Equity,US ,USD,3.445244,,11/11/2025
20251111,LPG,Etica Global Equity,3760,ABB LTD,0.004973259255929,0.0,AZ ,Industrials,CH0012221716,7108899,ABBN SW Equity,CH ,CHF,3.445244,,11/11/2025
20251111,LPG,Etica Global Equity,1404,OBAYASHI CORP,0.00494793334381,0.0,AZ ,Industrials,JP3190000004,6656407,1802 JP Equity,JP ,JPY,3.445244,,11/11/2025
20251111,LPG,Etica Global Equity,40461,VERTEX PHARMACEUTICALS INC,0.004883696321716,0.0,AZ ,Health Care,US92532F1003,2931034,VRTX US Equity,US ,USD,3.445244,,11/11/2025
20251111,LPG,Etica Global Equity,344,LOWE'S COS INC,0.004856954143432,0.0,AZ ,Consumer Discretionary,US5486611073,2536763,LOW US Equity,US ,USD,3.445244,,11/11/2025
20251111,LPG,Etica Global Equity,1734,NOKIA OYJ,0.004846565777585,0.0,AZ ,Information Technology,FI0009000681,5902941,NOKIA FH Equity,FI ,EUR,3.445244,,11/11/2025
20251111,LPG,Etica Global Equity,1337,MURATA MANUFACTURING CO LTD,0.004819797150578,0.0,AZ ,Information Technology,JP3914400001,6610403,6981 JP Equity,JP ,JPY,3.445244,,11/11/2025
20251111,LPG,Etica Global Equity,424846,OTIS WORLDWIDE CORP,0.004790058709771,0.0,AZ ,Industrials,US68902V1070,BK531S8,OTIS US Equity,US ,USD,3.445244,,11/11/2025
20251111,LPG,Etica Global Equity,2955,VOESTALPINE AG,0.004772350974588,0.0,AZ ,Materials,AT0000937503,4943402,VOE AV Equity,AT ,EUR,3.445244,,11/11/2025
20251111,LPG,Etica Global Equity,392,NOVO NORDISK A/S-B,0.004767705445243,0.0,AZ ,Health Care,DK0062498333,BP6KMJ1,NOVOB DC Equity,DK ,DKK,3.445244,,11/11/2025
20251111,LPG,Etica Global Equity,2566,UNITED PARCEL SERVICE-CL B,0.004719860019476,0.0,AZ ,Industrials,US9113121068,2517382,UPS US Equity,US ,USD,3.445244,,11/11/2025
20251111,LPG,Etica Global Equity,3014,ANHEUSER-BUSCH INBEV SA/NV,0.004624093285297,0.0,AZ ,Consumer Staples,BE0974293251,BYYHL23,ABI BB Equity,BE ,EUR,3.445244,,11/11/2025
20251111,LPG,Etica Global Equity,236299,VONOVIA SE,0.004335920589753,0.0,AZ ,Real Estate,DE000A1ML7J1,BBJPFY1,VNA GR Equity,DE ,EUR,3.445244,,11/11/2025
20251111,LPG,Etica Global Equity,1609,ESSILORLUXOTTICA,0.004309995802969,0.0,AZ ,Health Care,FR0000121667,7212477,EL FP Equity,FR ,EUR,3.445244,,11/11/2025
20251111,LPG,Etica Global Equity,3013,NOVARTIS AG,0.00423727787177,0.0,AZ ,Health Care,CH0012005267,7103065,NOVN SW Equity,CH ,CHF,3.445244,,11/11/2025
20251111,LPG,Etica Global Equity,1526,TOKYO ELECTRON LTD,0.004220593765156,0.0,AZ ,Information Technology,JP3571400005,6895675,8035 JP Equity,JP ,JPY,3.445244,,11/11/2025
20251111,LPG,Etica Global Equity,166783,XYLEM INC,0.004217812241079,0.0,AZ ,Industrials,US98419M1009,B3P2CN8,XYL US Equity,US ,USD,3.445244,,11/11/2025
20251111,LPG,Etica Global Equity,1714,SKF AB-B SHARES,0.004181640778036,0.0,AZ ,Industrials,SE0000108227,B1Q3J35,SKFB SS Equity,SE ,SEK,3.445244,,11/11/2025
20251111,LPG,Etica Global Equity,232,ECOLAB INC,0.004170003969472,0.0,AZ ,Materials,US2788651006,2304227,ECL US Equity,US ,USD,3.445244,,11/11/2025
20251111,LPG,Etica Global Equity,302,HONDA MOTOR CO LTD,0.004056913951197,0.0,AZ ,Consumer Discretionary,JP3854600008,6435145,7267 JP Equity,JP ,JPY,3.445244,,11/11/2025
20251111,LPG,Etica Global Equity,1790,CHINA OVERSEAS LAND & INVEST,0.004054651640748,0.0,AZ ,Real Estate,HK0688002218,6192150,688 HK Equity,CN ,CNY,3.445244,,11/11/2025
20251111,LPG,Etica Global Equity,3011,DEUTSCHE TELEKOM AG,0.004000891461779,0.0,AZ ,Communication Services,DE0005557508,5842359,DTE GR Equity,DE ,EUR,3.445244,,11/11/2025
20251111,LPG,Etica Global Equity,471,TDK CORP,0.003994093824999,0.0,AZ ,Information Technology,JP3538800008,6869302,6762 JP Equity,JP ,JPY,3.445244,,11/11/2025
20251111,LPG,Etica Global Equity,17897,SK HYNIX INC,0.003916581118087,0.0,AZ ,Information Technology,KR7000660001,6450267,000660 KS Equity,KR ,KRW,3.445244,,11/11/2025
20251111,LPG,Etica Global Equity,405936,CARRIER GLOBAL CORP,0.003873782360638,0.0,AZ ,Industrials,US14448C1045,BK4N0D7,CARR US Equity,US ,USD,3.445244,,11/11/2025
20251111,LPG,Etica Global Equity,3119,INTERPUMP GROUP SPA,0.003780476617199,0.0,AZ ,Industrials,IT0001078911,5161407,IP IM Equity,IT ,EUR,3.445244,,11/11/2025
20251111,LPG,Etica Global Equity,23406,IBIDEN CO LTD,0.003766822148877,0.0,AZ ,Information Technology,JP3148800000,6456102,4062 JP Equity,JP ,JPY,3.445244,,11/11/2025
20251111,LPG,Etica Global Equity,57392,EQUINIX INC,0.003745659391768,0.0,AZ ,Real Estate,US29444U7000,BVLZX12,EQIX US Equity,US ,USD,3.445244,,11/11/2025
20251111,LPG,Etica Global Equity,2831,BREMBO N.V.,0.003612035403295,0.0,AZ ,Consumer Discretionary,NL0015001KT6,BSMM753,BRE IM Equity,IT ,EUR,3.445244,,11/11/2025
20251111,LPG,Etica Global Equity,23355,RALPH LAUREN CORP,0.003543983782582,0.0,AZ ,Consumer Discretionary,US7512121010,B4V9661,RL US Equity,US ,USD,3.445244,,11/11/2025
20251111,LPG,Etica Global Equity,4223,COLGATE-PALMOLIVE CO,0.003537014543966,0.0,AZ ,Consumer Staples,US1941621039,2209106,CL US Equity,US ,USD,3.445244,,11/11/2025
20251111,LPG,Etica Global Equity,49977,TE CONNECTIVITY PLC,0.003510221672296,0.0,AZ ,Information Technology,IE000IVNQZ81,BRC3N84,TEL US Equity,US ,USD,3.445244,,11/11/2025
20251111,LPG,Etica Global Equity,184644,ZOETIS INC,0.003467394576929,0.0,AZ ,Health Care,US98978V1035,B95WG16,ZTS US Equity,US ,USD,3.445244,,11/11/2025
20251111,LPG,Etica Global Equity,4266,MCCORMICK & CO-NON VTG SHRS,0.003454550258195,0.0,AZ ,Consumer Staples,US5797802064,2550161,MKC UN Equity,US ,USD,3.445244,,11/11/2025
20251111,LPG,Etica Global Equity,1146,BRIDGESTONE CORP,0.00344757944525,0.0,AZ ,Consumer Discretionary,JP3830800003,6132101,5108 JP Equity,JP ,JPY,3.445244,,11/11/2025
20251111,LPG,Etica Global Equity,1575,ASTELLAS PHARMA INC,0.003347006915056,0.0,AZ ,Health Care,JP3942400007,6985383,4503 JP Equity,JP ,JPY,3.445244,,11/11/2025
20251111,LPG,Etica Global Equity,2867,DARDEN RESTAURANTS INC,0.003322279562736,0.0,AZ ,Consumer Discretionary,US2371941053,2289874,DRI UN Equity,US ,USD,3.445244,,11/11/2025
20251111,LPG,Etica Global Equity,164960,NOK,0.003284081623696,0.0,LQ ,CASH,,,NOK,NO ,NOK,3.445244,,11/11/2025
20251111,LPG,Etica Global Equity,3371,ERG SPA,0.003249143804681,0.0,AZ ,Utilities,IT0001157020,5337093,ERG IM Equity,IT ,EUR,3.445244,,11/11/2025
20251111,LPG,Etica Global Equity,1340,NEC CORP,0.003133605075431,0.0,AZ ,Information Technology,JP3733000008,6640400,6701 JP Equity,JP ,JPY,3.445244,,11/11/2025
20251111,LPG,Etica Global Equity,188,THE CIGNA GROUP,0.003012935293841,0.0,AZ ,Health Care,US1255231003,BHJ0775,CI US Equity,US ,USD,3.445244,,11/11/2025
20251111,LPG,Etica Global Equity,651,EXPEDITORS INTL WASH INC,0.002973922797094,0.0,AZ ,Industrials,US3021301094,2325507,EXPD US Equity,US ,USD,3.445244,,11/11/2025
20251111,LPG,Etica Global Equity,1001,PERSIMMON PLC,0.00296881284076,0.0,AZ ,Consumer Discretionary,GB0006825383,682538,PSN LN Equity,GB ,GBP,3.445244,,11/11/2025
20251111,LPG,Etica Global Equity,336777,ULTA BEAUTY INC,0.00295310229906,0.0,AZ ,Consumer Discretionary,US90384S3031,B28TS42,ULTA UW Equity,US ,USD,3.445244,,11/11/2025
20251111,LPG,Etica Global Equity,1457,SHIMIZU CORP,0.002936233995979,0.0,AZ ,Industrials,JP3358800005,6804400,1803 JP Equity,JP ,JPY,3.445244,,11/11/2025
20251111,LPG,Etica Global Equity,100272,AMERICAN WATER WORKS CO INC,0.002916160989247,0.0,AZ ,Utilities,US0304201033,B2R3PV1,AWK US Equity,US ,USD,3.445244,,11/11/2025
20251111,LPG,Etica Global Equity,172066,ALLINEAMENTO NAV,0.002915999463115,0.0,OT ,CASH,,,ALLINEAMENTO NAV,5A ,EUR,3.445244,,11/11/2025
20251111,LPG,Etica Global Equity,3065,ELEVANCE HEALTH INC,0.002893519937419,0.0,AZ ,Health Care,US0367521038,BSPHGL4,ELV US Equity,US ,USD,3.445244,,11/11/2025
20251111,LPG,Etica Global Equity,276440,DELL TECHNOLOGIES -C,0.002878805630967,0.0,AZ ,Information Technology,US24703L2025,BHKD3S6,DELL US Equity,US ,USD,3.445244,,11/11/2025
20251111,LPG,Etica Global Equity,148,BECTON DICKINSON AND CO,0.002843624105858,0.0,AZ ,Health Care,US0758871091,2087807,BDX US Equity,US ,USD,3.445244,,11/11/2025
20251111,LPG,Etica Global Equity,1088,ORICA LTD,0.0027781776844,0.0,AZ ,Materials,AU000000ORI1,6458001,ORI AU Equity,AU ,AUD,3.445244,,11/11/2025
20251111,LPG,Etica Global Equity,349,MASCO CORP,0.002771487731708,0.0,AZ ,Industrials,US5745991068,2570200,MAS US Equity,US ,USD,3.445244,,11/11/2025
20251111,LPG,Etica Global Equity,2658,ASSA ABLOY AB-B,0.00276988852854,0.0,AZ ,Industrials,SE0007100581,BYPC1T4,ASSAB SS Equity,SE ,SEK,3.445244,,11/11/2025
20251111,LPG,Etica Global Equity,88166,REXEL SA,0.002728099860432,0.0,AZ ,Industrials,FR0010451203,B1VP0K0,RXL FP Equity,FR ,EUR,3.445244,,11/11/2025
20251111,LPG,Etica Global Equity,366,MICRON TECHNOLOGY INC,0.002710629848895,0.0,AZ ,Information Technology,US5951121038,2588184,MU US Equity,US ,USD,3.445244,,11/11/2025
20251111,LPG,Etica Global Equity,4275,HASBRO INC,0.002685665717528,0.0,AZ ,Consumer Discretionary,US4180561072,2414580,HAS US Equity,US ,USD,3.445244,,11/11/2025
20251111,LPG,Etica Global Equity,44974,LEGRAND SA,0.002685131075476,0.0,AZ ,Industrials,FR0010307819,B11ZRK9,LR FP Equity,FR ,EUR,3.445244,,11/11/2025
20251111,LPG,Etica Global Equity,318,INTL FLAVORS & FRAGRANCES,0.002683325005507,0.0,AZ ,Materials,US4595061015,2464165,IFF US Equity,US ,USD,3.445244,,11/11/2025
20251111,LPG,Etica Global Equity,19461,DICK'S SPORTING GOODS INC,0.002669732880605,0.0,AZ ,Consumer Discretionary,US2533931026,2969637,DKS US Equity,US ,USD,3.445244,,11/11/2025
20251111,LPG,Etica Global Equity,469,SYSCO CORP,0.002664939994086,0.0,AZ ,Consumer Staples,US8718291078,2868165,SYY US Equity,US ,USD,3.445244,,11/11/2025
20251111,LPG,Etica Global Equity,18074,ESTEE LAUDER COMPANIES-CL A,0.002481588627231,0.0,AZ ,Consumer Staples,US5184391044,2320524,EL US Equity,US ,USD,3.445244,,11/11/2025
20251111,LPG,Etica Global Equity,2298,TRACTOR SUPPLY COMPANY,0.002477599592984,0.0,AZ ,Consumer Discretionary,US8923561067,2900335,TSCO US Equity,US ,USD,3.445244,,11/11/2025
20251111,LPG,Etica Global Equity,152,BEST BUY CO INC,0.002324585226735,0.0,AZ ,Consumer Discretionary,US0865161014,2094670,BBY US Equity,US ,USD,3.445244,,11/11/2025
20251111,LPG,Etica Global Equity,31928,DIGITAL REALTY TRUST INC,0.002311672582132,0.0,AZ ,Real Estate,US2538681030,B03GQS4,DLR US Equity,US ,USD,3.445244,,11/11/2025
20251111,LPG,Etica Global Equity,242496,PAYPAL HOLDINGS INC,0.002278683152407,0.0,AZ ,Financials,US70450Y1038,BYW36M8,PYPL US Equity,US ,USD,3.445244,,11/11/2025
20251111,LPG,Etica Global Equity,34107,DAIICHI SANKYO CO LTD,0.002273085783885,0.0,AZ ,Health Care,JP3475350009,B0J7D91,4568 JP Equity,JP ,JPY,3.445244,,11/11/2025
20251111,LPG,Etica Global Equity,295,HERSHEY CO/THE,0.002232565709903,0.0,AZ ,Consumer Staples,US4278661081,2422806,HSY US Equity,US ,USD,3.445244,,11/11/2025
20251111,LPG,Etica Global Equity,2985,CANADIAN NATL RAILWAY CO,0.002219838836096,0.0,AZ ,Industrials,CA1363751027,2180632,CNR CN Equity,CA ,CAD,3.445244,,11/11/2025
20251111,LPG,Etica Global Equity,253654,FERRARI NV,0.00213379767535,0.0,AZ ,Consumer Discretionary,NL0011585146,BZ1GMK5,RACE US Equity,IT ,EUR,3.445244,,11/11/2025
20251111,LPG,Etica Global Equity,1138,ASICS CORP,0.002126362435417,0.0,AZ ,Consumer Discretionary,JP3118000003,6057378,7936 JP Equity,JP ,JPY,3.445244,,11/11/2025
20251111,LPG,Etica Global Equity,23481,CBRE GROUP INC,0.002115797429881,0.0,AZ ,Real Estate,US12504L1098,B6WVMH3,CBRE US Equity,US ,USD,3.445244,,11/11/2025
20251111,LPG,Etica Global Equity,335212,LEVI STRAUSS & CO- CLASS A,0.001963184832336,0.0,AZ ,Consumer Discretionary,US52736R1023,BHRWS81,LEVI US Equity,US ,USD,3.445244,,11/11/2025
20251111,LPG,Etica Global Equity,3385,YUM! BRANDS INC,0.001924021200026,0.0,AZ ,Consumer Discretionary,US9884981013,2098876,YUM UN Equity,US ,USD,3.445244,,11/11/2025
20251111,LPG,Etica Global Equity,3837,AGILENT TECHNOLOGIES INC,0.001911103832436,0.0,AZ ,Health Care,US00846U1016,2520153,A US Equity,US ,USD,3.445244,,11/11/2025
20251111,LPG,Etica Global Equity,1,LG ELECTRONICS INC,0.001862644733314,0.0,AZ ,Consumer Discretionary,KR7066570003,6520739,066570 KS Equity,KR ,KRW,3.445244,,11/11/2025
20251111,LPG,Etica Global Equity,50381,LULULEMON ATHLETICA INC,0.001839885606828,0.0,AZ ,Consumer Discretionary,US5500211090,B23FN39,LULU US Equity,US ,USD,3.445244,,11/11/2025
20251111,LPG,Etica Global Equity,57810,VENTAS INC,0.0018388248241,0.0,AZ ,Real Estate,US92276F1003,2927925,VTR US Equity,US ,USD,3.445244,,11/11/2025
20251111,LPG,Etica Global Equity,67156,KEURIG DR PEPPER INC,0.001808120375158,0.0,AZ ,Consumer Staples,US49271V1008,BD3W133,KDP US Equity,US ,USD,3.445244,,11/11/2025
20251111,LPG,Etica Global Equity,1755,SWIRE PACIFIC LTD - CL A,0.001768131479705,0.0,AZ ,Industrials,HK0019000162,6867748,19 HK Equity,HK ,HKD,3.445244,,11/11/2025
20251111,LPG,Etica Global Equity,343334,GODADDY INC - CLASS A,0.00175201413145,0.0,AZ ,Information Technology,US3802371076,BWFRFC6,GDDY US Equity,US ,USD,3.445244,,11/11/2025
20251111,LPG,Etica Global Equity,387,NORSK HYDRO ASA,0.001747975978145,0.0,AZ ,Materials,NO0005052605,B11HK39,NHY NO Equity,NO ,NOK,3.445244,,11/11/2025
20251111,LPG,Etica Global Equity,58909,EDWARDS LIFESCIENCES CORP,0.001655782655416,0.0,AZ ,Health Care,US28176E1082,2567116,EW US Equity,US ,USD,3.445244,,11/11/2025
20251111,LPG,Etica Global Equity,222506,ORORA LTD,0.001642654642637,0.0,AZ ,Materials,AU000000ORA8,BH4TCW7,ORA AU Equity,AU ,AUD,3.445244,,11/11/2025
20251111,LPG,Etica Global Equity,164954,CAD,0.001624277187994,0.0,LQ ,CASH,,,CAD,CA ,CAD,3.445244,,11/11/2025
20251111,LPG,Etica Global Equity,164725,HKD,0.001596500045974,0.0,LQ ,CASH,,,HKD,HK ,HKD,3.445244,,11/11/2025
20251111,LPG,Etica Global Equity,173,CADENCE DESIGN SYS INC,0.001582810312688,0.0,AZ ,Information Technology,US1273871087,2302232,CDNS US Equity,US ,USD,3.445244,,11/11/2025
20251111,LPG,Etica Global Equity,335227,NEXI SPA,0.001548912810127,0.0,AZ ,Financials,IT0005366767,BJ1F880,NEXI IM Equity,IT ,EUR,3.445244,,11/11/2025
20251111,LPG,Etica Global Equity,235482,MERLIN PROPERTIES SOCIMI SA,0.001484260794968,0.0,AZ ,Real Estate,ES0105025003,BNGNB77,MRL SM Equity,ES ,EUR,3.445244,,11/11/2025
20251111,LPG,Etica Global Equity,1010,RELX PLC,0.001477962850141,0.0,AZ ,Industrials,GB00B2B0DG97,B2B0DG9,REL LN Equity,GB ,GBP,3.445244,,11/11/2025
20251111,LPG,Etica Global Equity,24041,TERNA-RETE ELETTRICA NAZIONA,0.001462589529665,0.0,AZ ,Utilities,IT0003242622,B01BN57,TRN IM Equity,IT ,EUR,3.445244,,11/11/2025
20251111,LPG,Etica Global Equity,58318,AZBIL CORP,0.001396060284876,0.0,AZ ,Information Technology,JP3937200008,6985543,6845 JP Equity,JP ,JPY,3.445244,,11/11/2025
20251111,LPG,Etica Global Equity,3466,COGNIZANT TECH SOLUTIONS-A,0.001376206109843,0.0,AZ ,Information Technology,US1924461023,2257019,CTSH US Equity,US ,USD,3.445244,,11/11/2025
20251111,LPG,Etica Global Equity,312,INGERSOLL-RAND INC,0.001367047609634,0.0,AZ ,Industrials,US45687V1061,BL5GZ82,IR UN Equity,US ,USD,3.445244,,11/11/2025
20251111,LPG,Etica Global Equity,17956,RENESAS ELECTRONICS CORP,0.00135280150856,0.0,AZ ,Information Technology,JP3164720009,6635677,6723 JP Equity,JP ,JPY,3.445244,,11/11/2025
20251111,LPG,Etica Global Equity,164959,JPY,0.001340635725527,0.0,LQ ,CASH,,,JPY,JP ,JPY,3.445244,,11/11/2025
20251111,LPG,Etica Global Equity,2297,AVALONBAY COMMUNITIES INC,0.001257821623902,0.0,AZ ,Real Estate,US0534841012,2131179,AVB US Equity,US ,USD,3.445244,,11/11/2025
20251111,LPG,Etica Global Equity,211955,TECHNOGYM SPA,0.00121512992081,0.0,AZ ,Consumer Discretionary,IT0005162406,BD9Y5C0,TGYM IM Equity,IT ,EUR,3.445244,,11/11/2025
20251111,LPG,Etica Global Equity,4106,ZIMMER BIOMET HOLDINGS INC,0.00119921912449,0.0,AZ ,Health Care,US98956P1021,2783815,ZBH US Equity,US ,USD,3.445244,,11/11/2025
20251111,LPG,Etica Global Equity,31968,PENTAIR PLC,0.001172776698404,0.0,AZ ,Industrials,IE00BLS09M33,BLS09M3,PNR UN Equity,US ,USD,3.445244,,11/11/2025
20251111,LPG,Etica Global Equity,235835,RAI WAY SPA,0.001145113537787,0.0,AZ ,Communication Services,IT0005054967,BSM8WL2,RWAY IM Equity,IT ,EUR,3.445244,,11/11/2025
20251111,LPG,Etica Global Equity,3478,SOL SPA,0.001090723312443,0.0,AZ ,Materials,IT0001206769,5490684,SOL IM Equity,IT ,EUR,3.445244,,11/11/2025
20251111,LPG,Etica Global Equity,50261,DIASORIN SPA,0.00108539515414,0.0,AZ ,Health Care,IT0003492391,B234WN9,DIA IM Equity,IT ,EUR,3.445244,,11/11/2025
20251111,LPG,Etica Global Equity,1040,TATE & LYLE PLC,0.00107616927266,0.0,AZ ,Consumer Staples,GB00BP92CJ43,BP92CJ4,TATE LN Equity,GB ,GBP,3.445244,,11/11/2025
20251111,LPG,Etica Global Equity,58590,SYSMEX CORP,0.001034823935535,0.0,AZ ,Health Care,JP3351100007,6883807,6869 JP Equity,JP ,JPY,3.445244,,11/11/2025
20251111,LPG,Etica Global Equity,1093,LENDLEASE GROUP,0.000908032848807,0.0,AZ ,Real Estate,AU000000LLC3,6512004,LLC AU Equity,AU ,AUD,3.445244,,11/11/2025
20251111,LPG,Etica Global Equity,1024,SSE PLC,0.000844266551017,0.0,AZ ,Utilities,GB0007908733,790873,SSE LN Equity,GB ,GBP,3.445244,,11/11/2025
20251111,LPG,Etica Global Equity,164722,DKK,0.000818407256309,0.0,LQ ,CASH,,,DKK,DK ,DKK,3.445244,,11/11/2025
20251111,LPG,Etica Global Equity,677,BIOGEN INC,0.000736593168321,0.0,AZ ,Health Care,US09062X1037,2455965,BIIB US Equity,US ,USD,3.445244,,11/11/2025
20251111,LPG,Etica Global Equity,23349,CORBION NV,0.000707465567078,0.0,AZ ,Materials,NL0010583399,BFRSRR7,CRBN NA Equity,NL ,EUR,3.445244,,11/11/2025
20251111,LPG,Etica Global Equity,58681,JONES LANG LASALLE INC,0.000636765925368,0.0,AZ ,Real Estate,US48020Q1076,2040640,JLL US Equity,US ,USD,3.445244,,11/11/2025
20251111,LPG,Etica Global Equity,3672,AMPLIFON SPA,0.000617536443993,0.0,AZ ,Health Care,IT0004056880,B14NJ71,AMP IM Equity,IT ,EUR,3.445244,,11/11/2025
20251111,LPG,Etica Global Equity,247914,INFRASTRUTTURE WIRELESS ITAL,0.000532959409007,0.0,AZ ,Communication Services,IT0005090300,BZ0P4R4,INW IM Equity,IT ,EUR,3.445244,,11/11/2025
20251111,LPG,Etica Global Equity,63,HERA SPA,0.000459892291686,0.0,AZ ,Utilities,IT0001250932,7598003,HER IM Equity,IT ,EUR,3.445244,,11/11/2025
20251111,LPG,Etica Global Equity,3321,BXP INC,0.000456248350306,0.0,AZ ,Real Estate,US1011211018,2019479,BXP US Equity,US ,USD,3.445244,,11/11/2025
20251111,LPG,Etica Global Equity,3245,EDP SA,0.000433497725195,0.0,AZ ,Utilities,PTEDP0AM0009,4103596,EDP PL Equity,PT ,EUR,3.445244,,11/11/2025
20251111,LPG,Etica Global Equity,48675,PRYSMIAN SPA,0.000427345248347,0.0,AZ ,Industrials,IT0004176001,B1W4V69,PRY IM Equity,IT ,EUR,3.445244,,11/11/2025
20251111,LPG,Etica Global Equity,3476,A2A SPA,0.000344386308475,0.0,AZ ,Utilities,IT0001233417,5499131,A2A IM Equity,IT ,EUR,3.445244,,11/11/2025
20251111,LPG,Etica Global Equity,1464,SHISEIDO CO LTD,0.000180759077096,0.0,AZ ,Consumer Staples,JP3351600006,6805265,4911 JP Equity,JP ,JPY,3.445244,,11/11/2025
20251111,LPG,Etica Global Equity,314765,PIRELLI & C SPA,0.000139862423672,0.0,AZ ,Consumer Discretionary,IT0005278236,BZ5ZHK3,PIRC IM Equity,IT ,EUR,3.445244,,11/11/2025
20251111,LPG,Etica Global Equity,165991,KRW,0.000000000944597,0.0,LQ ,CASH,,,KRW,KR ,KRW,3.445244,,11/11/2025
20251111,LPG,Etica Global Equity,184686,TESLA INC,0.0,0.013917438,AZ ,Consumer Discretionary,US88160R1014,B616C79,TSLA US Equity,US ,USD,3.445244,,11/11/2025
20251111,LPG,Etica Global Equity,28663,ALPHABET INC-CL C,0.0,0.015653313,AZ ,Communication Services,US02079K1079,BYY88Y7,GOOG US Equity,US ,USD,3.445244,,11/11/2025
20251111,LPG,Etica Global Equity,227088,ALPHABET INC-CL A,0.0,0.018515376,AZ ,Communication Services,US02079K3059,BYVY8G0,GOOGL US Equity,US ,USD,3.445244,,11/11/2025
20251111,LPG,Etica Global Equity,50594,BROADCOM INC,0.0,0.017174727,AZ ,Information Technology,US11135F1012,BDZ78H9,AVGO US Equity,US ,USD,3.445244,,11/11/2025
20251111,LPG,Etica Global Equity,3255,AMAZON.COM INC,0.0,0.025992396,AZ ,Consumer Discretionary,US0231351067,2000019,AMZN US Equity,US ,USD,3.445244,,11/11/2025
20251111,LPG,Etica Global Equity,553,MICROSOFT CORP,0.0,0.03922479,AZ ,Information Technology,US5949181045,2588173,MSFT US Equity,US ,USD,3.445244,,11/11/2025
20251111,LPG,Etica Global Equity,534,APPLE INC,0.0,0.044896401,AZ ,Information Technology,US0378331005,2046251,AAPL US Equity,US ,USD,3.445244,,11/11/2025
20251111,LPG,Etica Global Equity,188839,META PLATFORMS INC-CLASS A,0.0,0.014868504,AZ ,Communication Services,US30303M1027,B7TL820,META US Equity,US ,USD,3.445244,,11/11/2025
20251111,LPG,Etica Global Equity,184,JPMORGAN CHASE & CO,0.0,0.00957906,AZ ,Financials,US46625H1005,2190385,JPM US Equity,US ,USD,3.445244,,11/11/2025
20251111,LPG,Etica Global Equity,164726,SEK,-0.000027473296567,0.0,LQ ,CASH,,,SEK,SE ,SEK,3.445244,,11/11/2025
20251111,LPG,Etica Global Equity,164733,DEBITI COMMISSIONE GESTIONE,-0.000357544233501,0.0,CD ,CASH,,,DEBITI COMMISSIONE GESTIONE,5A ,EUR,3.445244,,11/11/2025
20251111,LPG,Etica Global Equity,247714,DEBITI CONTRIBUTI VIGILANZA,-0.003390298752276,0.0,CD ,CASH,,,DEBITI CONTRIBUTI VIGILANZA,5A ,EUR,3.445244,,11/11/2025
