20251107,A80,Etica Rendita Bilanciata,496185,BUNDESOBLIGATION OBL 1.3 10/15/27,0.069221529096801,0.0,OB ,SOVEREIGN,DE0001030740,,BY5766682 Govt,DE ,EUR,1.591419,A,11/7/2025
20251107,A80,Etica Rendita Bilanciata,442342,BUNDESREPUB. DEUTSCHLAND DBR 0 08/15/30,0.062414720167467,0.0,OB ,SOVEREIGN,DE0001030708,,ZO2919926 Govt,DE ,EUR,1.591419,A,11/7/2025
20251107,A80,Etica Rendita Bilanciata,28895,FUT_EUR (Nozionale),0.053111512332703,0.0,NB ,CASH,,,FUT_EUR (Nozionale),5A ,EUR,1.591419,,11/7/2025
20251107,A80,Etica Rendita Bilanciata,510744,BUNDESREPUB. DEUTSCHLAND DBR 2.3 02/15/33,0.048866779888405,0.0,OB ,SOVEREIGN,DE000BU3Z005,,ZK3512736 Govt,DE ,EUR,1.591419,A,11/7/2025
20251107,A80,Etica Rendita Bilanciata,535701,BUNDESOBLIGATION OBL 2.1 04/12/29,0.031420478058398,0.0,OB ,SOVEREIGN,DE000BU35025,,ZB6879496 Govt,DE ,EUR,1.591419,A,11/7/2025
20251107,A80,Etica Rendita Bilanciata,212675,BUONI POLIENNALI DEL TES BTPS 4.05 10/30/37,0.02953329259564,0.0,OB ,SOVEREIGN,IT0005596470,,YX0762808 Govt,IT ,EUR,1.591419,B,11/7/2025
20251107,A80,Etica Rendita Bilanciata,578009,BUONI POLIENNALI DEL TES BTPS 3.45 02/01/36,0.028242356799477,0.0,OB ,SOVEREIGN,IT0005676504,,YJ6499398 Govt,IT ,EUR,1.591419,B,11/7/2025
20251107,A80,Etica Rendita Bilanciata,3458,NVIDIA CORP,0.02509165203382,0.017019123,AZ ,Information Technology,US67066G1040,2379504,NVDA US Equity,US ,USD,1.591419,,11/7/2025
20251107,A80,Etica Rendita Bilanciata,509810,BUONI POLIENNALI DEL TES BTPS 4 10/30/31,0.019264586923791,0.0,OB ,SOVEREIGN,IT0005542359,,ZK0285476 Govt,IT ,EUR,1.591419,B,11/7/2025
20251107,A80,Etica Rendita Bilanciata,335439,FRANCE (GOVT OF) FRTR 0 1/2 06/25/44,0.016665339636337,0.0,OB ,SOVEREIGN,FR0014002JM6,,BO6060129 Govt,FR ,EUR,1.591419,A,11/7/2025
20251107,A80,Etica Rendita Bilanciata,164723,EUR,0.015363452565936,0.0,LQ ,CASH,,,EUR,5A ,EUR,1.591419,,11/7/2025
20251107,A80,Etica Rendita Bilanciata,164727,USD,0.015191369568383,0.0,LQ ,CASH,,,USD,US ,USD,1.591419,,11/7/2025
20251107,A80,Etica Rendita Bilanciata,454914,BUONI POLIENNALI DEL TES BTPS 1 1/2 04/30/45,0.015038555938377,0.0,OB ,SOVEREIGN,IT0005438004,,BO3833387 Govt,IT ,EUR,1.591419,B,11/7/2025
20251107,A80,Etica Rendita Bilanciata,238905,BONOS Y OBLIG DEL ESTADO SPGB 1.85 07/30/35,0.014710020996699,0.0,OB ,SOVEREIGN,ES0000012E69,,AX4147556 Govt,ES ,EUR,1.591419,A,11/7/2025
20251107,A80,Etica Rendita Bilanciata,128629,BUONI POLIENNALI DEL TES BTPS 3.45 07/15/31,0.014173719005858,0.0,OB ,SOVEREIGN,IT0005595803,,ZB9640887 Govt,IT ,EUR,1.591419,B,11/7/2025
20251107,A80,Etica Rendita Bilanciata,462761,BUNDESREPUB. DEUTSCHLAND DBR 0 08/15/50,0.012859262639184,0.0,OB ,SOVEREIGN,DE0001030724,,BP4742659 Govt,DE ,EUR,1.591419,A,11/7/2025
20251107,A80,Etica Rendita Bilanciata,185030,NETHERLANDS GOVERNMENT NETHER 0 1/2 01/15/40,0.012768316313535,0.0,OB ,SOVEREIGN,NL0013552060,,ZS0947771 Govt,NL ,EUR,1.591419,A,11/7/2025
20251107,A80,Etica Rendita Bilanciata,292486,FRANCE (GOVT OF) FRTR 1 3/4 06/25/39,0.012569201931653,0.0,OB ,SOVEREIGN,FR0013234333,,AL9974240 Govt,FR ,EUR,1.591419,A,11/7/2025
20251107,A80,Etica Rendita Bilanciata,510414,REPUBLIC OF AUSTRIA RAGB 2.9 05/23/29,0.011689969229749,0.0,OB ,SOVEREIGN,AT0000A33SH3,,ZK2454146 Govt,AT ,EUR,1.591419,A,11/7/2025
20251107,A80,Etica Rendita Bilanciata,556680,FRANCE (GOVT OF) FRTR 3.2 05/25/35,0.011276019237677,0.0,OB ,SOVEREIGN,FR001400X8V5,,YR1561277 Govt,FR ,EUR,1.591419,A,11/7/2025
20251107,A80,Etica Rendita Bilanciata,51528,BUONI ORDINARI DEL TES BOTS 0 09/14/26,0.011097821114434,0.0,OB ,SOVEREIGN,IT0005669269,,YL9485662 Govt,IT ,EUR,1.591419,B,11/7/2025
20251107,A80,Etica Rendita Bilanciata,535378,FRANCE (GOVT OF) FRTR 2 3/4 02/25/30,0.009844963627465,0.0,OB ,SOVEREIGN,FR001400PM68,,ZB4289912 Govt,FR ,EUR,1.591419,A,11/7/2025
20251107,A80,Etica Rendita Bilanciata,335634,OBRIGACOES DO TESOURO PGB 1.65 07/16/32,0.009593413350481,0.0,OB ,SOVEREIGN,PTOTEYOE0031,,BV7504327 Govt,PT ,EUR,1.591419,A,11/7/2025
20251107,A80,Etica Rendita Bilanciata,504092,EDP SA EDPPL 5.943 04/23/2083,0.009221349944486,0.0,OB ,UTILITY,PTEDP4OM0025,,ZM4793893 Corp,PT ,EUR,1.591419,C,11/7/2025
20251107,A80,Etica Rendita Bilanciata,65876,VISA INC-CLASS A SHARES,0.009141151229044,0.0,AZ ,Financials,US92826C8394,B2PZN04,V US Equity,US ,USD,1.591419,,11/7/2025
20251107,A80,Etica Rendita Bilanciata,128733,BUONI POLIENNALI DEL TES BTPS 2.7 10/15/27,0.009135457216756,0.0,OB ,SOVEREIGN,IT0005622128,,YT1232321 Govt,IT ,EUR,1.591419,B,11/7/2025
20251107,A80,Etica Rendita Bilanciata,45465,MASTERCARD INC - A,0.009013414106739,0.0,AZ ,Financials,US57636Q1040,B121557,MA US Equity,US ,USD,1.591419,,11/7/2025
20251107,A80,Etica Rendita Bilanciata,554,ORACLE CORP,0.007767331003182,0.0,AZ ,Information Technology,US68389X1054,2661568,ORCL US Equity,US ,USD,1.591419,,11/7/2025
20251107,A80,Etica Rendita Bilanciata,237713,BUONI POLIENNALI DEL TES BTPS 4 04/30/35,0.007670419158366,0.0,OB ,SOVEREIGN,IT0005508590,,BY8794178 Govt,IT ,EUR,1.591419,B,11/7/2025
20251107,A80,Etica Rendita Bilanciata,406148,AGENCE FRANCAISE DEVELOP AGFRNC 0.01 11/25/28,0.007312740502515,0.0,OB ,Quasi & Foreign Government,FR0014003YN1,,BP9619894 Govt,FR ,EUR,1.591419,A,11/7/2025
20251107,A80,Etica Rendita Bilanciata,335644,CAISSE D'AMORT DETTE SOC CADES 1 1/2 05/25/32,0.006738861566667,0.0,OB ,Quasi & Foreign Government,FR001400A3H2,,BW1169877 Govt,FR ,EUR,1.591419,A,11/7/2025
20251107,A80,Etica Rendita Bilanciata,498660,KONINKLIJKE KPN NV KPN 6 PERP,0.006490858153131,0.0,OB ,INDUSTRIAL,XS2486270858,,BZ0016577 Corp,NL ,EUR,1.591419,C,11/7/2025
20251107,A80,Etica Rendita Bilanciata,212348,EDP SA EDPPL 1 1/2 03/14/2082,0.006134420110301,0.0,OB ,UTILITY,PTEDPXOM0021,,BR3181418 Corp,PT ,EUR,1.591419,C,11/7/2025
20251107,A80,Etica Rendita Bilanciata,411899,Etica Sustainable Global Equity - Class S,0.005971598491497,0.0,FO ,No Sector,LU2052491334,,MUSGESE LX Equity,DEV,MUL,1.591419,,11/7/2025
20251107,A80,Etica Rendita Bilanciata,237094,BONOS Y OBLIG DEL ESTADO SPGB 3.45 07/30/66,0.005967068555923,0.0,OB ,SOVEREIGN,ES00000128E2,,LW0882867 Govt,ES ,EUR,1.591419,A,11/7/2025
20251107,A80,Etica Rendita Bilanciata,540619,BUNDESSCHATZANWEISUNGEN BKO 2.7 09/17/26,0.005700496264394,0.0,OB ,SOVEREIGN,DE000BU22064,,YW4754282 Govt,DE ,EUR,1.591419,A,11/7/2025
20251107,A80,Etica Rendita Bilanciata,565111,BONOS Y OBLIG DEL ESTADO SPGB 3.2 10/31/35,0.005655567430637,0.0,OB ,SOVEREIGN,ES0000012P33,,YO9201485 Govt,ES ,EUR,1.591419,A,11/7/2025
20251107,A80,Etica Rendita Bilanciata,344928,IRELAND GOVERNMENT BOND IRISH 1.35 03/18/31,0.00539572952132,0.0,OB ,SOVEREIGN,IE00BFZRQ242,,AU9204705 Govt,IE ,EUR,1.591419,A,11/7/2025
20251107,A80,Etica Rendita Bilanciata,335696,BELGIUM KINGDOM BGB 2 3/4 04/22/39,0.005248947559799,0.0,OB ,SOVEREIGN,BE0000356650,,BZ0281957 Govt,BE ,EUR,1.591419,A,11/7/2025
20251107,A80,Etica Rendita Bilanciata,405921,Etica Sustainable Dynamic Allocation - Class S,0.005165452894456,0.0,FO ,No Sector,LU2052490872,,MUSDASE LX Equity,DEV,MUL,1.591419,,11/7/2025
20251107,A80,Etica Rendita Bilanciata,414446,TELEFONICA EUROPE BV TELEFO 2.502 PERP,0.00506560463635,0.0,OB ,INDUSTRIAL,XS2109819859,,ZP7077248 Corp,ES ,EUR,1.591419,C,11/7/2025
20251107,A80,Etica Rendita Bilanciata,480661,BONOS Y OBLIG DEL ESTADO SPGB 0.7 04/30/32,0.004989215597777,0.0,OB ,SOVEREIGN,ES0000012K20,,BT4353020 Govt,ES ,EUR,1.591419,A,11/7/2025
20251107,A80,Etica Rendita Bilanciata,335490,LANDWIRTSCH. RENTENBANK RENTEN 0 06/30/31,0.004883860959323,0.0,OB ,Quasi & Foreign Government,XS2359292955,,BQ1979823 Corp,DE ,EUR,1.591419,A,11/7/2025
20251107,A80,Etica Rendita Bilanciata,335524,AGENCE FRANCAISE DEVELOP AGFRNC 0 1/8 09/29/31,0.004733947128465,0.0,OB ,Quasi & Foreign Government,FR0014005NA6,,BR5562094 Govt,FR ,EUR,1.591419,A,11/7/2025
20251107,A80,Etica Rendita Bilanciata,406188,BONOS Y OBLIG DEL ESTADO SPGB 1 07/30/42,0.004623534014723,0.0,OB ,SOVEREIGN,ES0000012J07,,BR3246377 Govt,ES ,EUR,1.591419,A,11/7/2025
20251107,A80,Etica Rendita Bilanciata,534121,TERNA RETE ELETTRICA TRNIM 4 3/4 PERP,0.004550650065834,0.0,OB ,UTILITY,XS2798269069,,ZB2049300 Corp,IT ,EUR,1.591419,B,11/7/2025
20251107,A80,Etica Rendita Bilanciata,201018,ABBVIE INC,0.00453996396467,0.0,AZ ,Health Care,US00287Y1091,B92SR70,ABBV US Equity,US ,USD,1.591419,,11/7/2025
20251107,A80,Etica Rendita Bilanciata,492477,BONOS Y OBLIG DEL ESTADO SPGB 2.55 10/31/32,0.0044441369619,0.0,OB ,SOVEREIGN,ES0000012K61,,BX0275376 Govt,ES ,EUR,1.591419,A,11/7/2025
20251107,A80,Etica Rendita Bilanciata,300,HOME DEPOT INC,0.004400236473997,0.0,AZ ,Consumer Discretionary,US4370761029,2434209,HD US Equity,US ,USD,1.591419,,11/7/2025
20251107,A80,Etica Rendita Bilanciata,335600,BONOS Y OBLIG DEL ESTADO SPGB 1.9 10/31/52,0.004352238363807,0.0,OB ,SOVEREIGN,ES0000012K46,,BU3617661 Govt,ES ,EUR,1.591419,A,11/7/2025
20251107,A80,Etica Rendita Bilanciata,577,APPLIED MATERIALS INC,0.004266613970409,0.0,AZ ,Information Technology,US0382221051,2046552,AMAT US Equity,US ,USD,1.591419,,11/7/2025
20251107,A80,Etica Rendita Bilanciata,406149,CAISSE D'AMORT DETTE SOC CADES 0 11/25/26,0.004196149659487,0.0,OB ,Quasi & Foreign Government,FR0014004016,,BP9677991 Govt,FR ,EUR,1.591419,A,11/7/2025
20251107,A80,Etica Rendita Bilanciata,389755,Etica Sustainable Conservative Allocation - Class S,0.004174598281597,0.0,FO ,No Sector,LU2052490286,,MUSCASS LX Equity,5A ,EUR,1.591419,,11/7/2025
20251107,A80,Etica Rendita Bilanciata,16441,BUNDESREPUB. DEUTSCHLAND DBR 4 3/4 07/04/34,0.004015555788353,0.0,OB ,SOVEREIGN,DE0001135226,,EC8300625 Govt,DE ,EUR,1.591419,A,11/7/2025
20251107,A80,Etica Rendita Bilanciata,427,PROCTER & GAMBLE CO/THE,0.004001625819006,0.0,AZ ,Consumer Staples,US7427181091,2704407,PG US Equity,US ,USD,1.591419,,11/7/2025
20251107,A80,Etica Rendita Bilanciata,336003,TELEFONICA EUROPE BV TELEFO 5.7522 PERP,0.003693470625368,0.0,OB ,INDUSTRIAL,XS2755535577,,ZD4852251 Corp,ES ,EUR,1.591419,C,11/7/2025
20251107,A80,Etica Rendita Bilanciata,480,TEXAS INSTRUMENTS INC,0.003672112603539,0.0,AZ ,Information Technology,US8825081040,2885409,TXN US Equity,US ,USD,1.591419,,11/7/2025
20251107,A80,Etica Rendita Bilanciata,221482,SERVICENOW INC,0.003649639323849,0.0,AZ ,Information Technology,US81762P1021,B80NXX8,NOW US Equity,US ,USD,1.591419,,11/7/2025
20251107,A80,Etica Rendita Bilanciata,222389,MONCLER SPA,0.003576550773843,0.0,AZ ,Consumer Discretionary,IT0004965148,BGLP232,MONC IM Equity,IT ,EUR,1.591419,,11/7/2025
20251107,A80,Etica Rendita Bilanciata,2839,ASML HOLDING NV,0.003561956646824,0.0,AZ ,Information Technology,NL0010273215,B929F46,ASML NA Equity,NL ,EUR,1.591419,,11/7/2025
20251107,A80,Etica Rendita Bilanciata,510999,COUNCIL OF EUROPE COE 2 7/8 04/13/30,0.003489092229992,0.0,OB ,Quasi & Foreign Government,XS2610236528,,ZK0252484 Corp,SNA,EUR,1.591419,A,11/7/2025
20251107,A80,Etica Rendita Bilanciata,756,QUALCOMM INC,0.003449352002441,0.0,AZ ,Information Technology,US7475251036,2714923,QCOM US Equity,US ,USD,1.591419,,11/7/2025
20251107,A80,Etica Rendita Bilanciata,705,LAM RESEARCH CORP,0.003391605318522,0.0,AZ ,Information Technology,US5128073062,BSML4N7,LRCX US Equity,US ,USD,1.591419,,11/7/2025
20251107,A80,Etica Rendita Bilanciata,23568,SALESFORCE INC,0.003381273368547,0.0,AZ ,Information Technology,US79466L3024,2310525,CRM US Equity,US ,USD,1.591419,,11/7/2025
20251107,A80,Etica Rendita Bilanciata,492162,KOMMUNEKREDIT KOMMUN 1 1/2 05/16/29,0.003254978592668,0.0,OB ,Quasi & Foreign Government,XS2489343793,,BW8977538 Govt,DK ,EUR,1.591419,A,11/7/2025
20251107,A80,Etica Rendita Bilanciata,214,DANAHER CORP,0.003199469853427,0.0,AZ ,Health Care,US2358511028,2250870,DHR US Equity,US ,USD,1.591419,,11/7/2025
20251107,A80,Etica Rendita Bilanciata,363,MERCK & CO. INC.,0.003198837093819,0.0,AZ ,Health Care,US58933Y1055,2778844,MRK US Equity,US ,USD,1.591419,,11/7/2025
20251107,A80,Etica Rendita Bilanciata,360,MEDTRONIC PLC,0.003192663913889,0.0,AZ ,Health Care,IE00BTN1Y115,BTN1Y11,MDT US Equity,US ,USD,1.591419,,11/7/2025
20251107,A80,Etica Rendita Bilanciata,164724,GBP,0.003176903350504,0.0,LQ ,CASH,,,GBP,GB ,GBP,1.591419,,11/7/2025
20251107,A80,Etica Rendita Bilanciata,542,CISCO SYSTEMS INC,0.003171727084494,0.0,AZ ,Information Technology,US17275R1023,2198163,CSCO US Equity,US ,USD,1.591419,,11/7/2025
20251107,A80,Etica Rendita Bilanciata,423,NEW LINDE PLC,0.003167967807106,0.0,AZ ,Materials,IE000S9YS762,BNZHB81,LIN US Equity,US ,USD,1.591419,,11/7/2025
20251107,A80,Etica Rendita Bilanciata,1706,TELECOM ITALIA SPA,0.003037967359739,0.0,AZ ,Communication Services,IT0003497168,7634394,TIT IM Equity,IT ,EUR,1.591419,,11/7/2025
20251107,A80,Etica Rendita Bilanciata,500911,ORSTED A/S ORSTED 5 1/4 12/08/3022,0.003020754221001,0.0,OB ,UTILITY,XS2563353361,,ZN6806667 Corp,DK ,EUR,1.591419,C,11/7/2025
20251107,A80,Etica Rendita Bilanciata,2703,LONZA GROUP AG-REG,0.002956237489109,0.0,AZ ,Health Care,CH0013841017,7333378,LONN SW Equity,CH ,CHF,1.591419,,11/7/2025
20251107,A80,Etica Rendita Bilanciata,216,DEERE & CO,0.002935049068758,0.0,AZ ,Industrials,US2441991054,2261203,DE US Equity,US ,USD,1.591419,,11/7/2025
20251107,A80,Etica Rendita Bilanciata,237464,INFINEON TECHNOLOGIES AG IFXGR 3 5/8 PERP,0.002901073010837,0.0,OB ,INDUSTRIAL,XS2056730679,,ZR7968624 Corp,DE ,EUR,1.591419,B,11/7/2025
20251107,A80,Etica Rendita Bilanciata,405955,NOKIA OYJ NOKIA 3 1/8 05/15/28,0.002890994175995,0.0,OB ,INDUSTRIAL,XS2171872570,,BJ3268486 Corp,FI ,EUR,1.591419,C,11/7/2025
20251107,A80,Etica Rendita Bilanciata,239100,FORVIA SE EOFP 2 3/8 06/15/29,0.002849644597288,0.0,OB ,INDUSTRIAL,XS2312733871,,BO6324905 Corp,FR ,EUR,1.591419,C,11/7/2025
20251107,A80,Etica Rendita Bilanciata,496325,INTEL CORP INTC 4.15 08/05/32,0.002847501083894,0.0,OB ,INDUSTRIAL,US458140CA64,,BY2217838 Corp,US ,USD,1.591419,B,11/7/2025
20251107,A80,Etica Rendita Bilanciata,405993,SSE PLC SSELN 3 1/8 PERP,0.002845446706678,0.0,OB ,UTILITY,XS2195190520,,BK2936866 Corp,GB ,EUR,1.591419,B,11/7/2025
20251107,A80,Etica Rendita Bilanciata,1821,INTUIT INC,0.002728605367247,0.0,AZ ,Information Technology,US4612021034,2459020,INTU US Equity,US ,USD,1.591419,,11/7/2025
20251107,A80,Etica Rendita Bilanciata,358,S&P GLOBAL INC,0.002700650048891,0.0,AZ ,Financials,US78409V1044,BYV2325,SPGI US Equity,US ,USD,1.591419,,11/7/2025
20251107,A80,Etica Rendita Bilanciata,51209,TELEFONICA EUROPE BV TELEFO 7 1/8 PERP,0.002621036527419,0.0,OB ,INDUSTRIAL,XS2462605671,,ZN3747385 Corp,ES ,EUR,1.591419,C,11/7/2025
20251107,A80,Etica Rendita Bilanciata,2706,TRANE TECHNOLOGIES PLC,0.002605805745671,0.0,AZ ,Industrials,IE00BK9ZQ967,BK9ZQ96,TT US Equity,US ,USD,1.591419,,11/7/2025
20251107,A80,Etica Rendita Bilanciata,30976,NABTESCO CORP,0.002534910758543,0.0,AZ ,Industrials,JP3651210001,6687571,6268 JP Equity,JP ,JPY,1.591419,,11/7/2025
20251107,A80,Etica Rendita Bilanciata,504076,TELEFONICA EUROPE BV TELEFO 6.135 PERP,0.00248262478609,0.0,OB ,INDUSTRIAL,XS2582389156,,ZM6546588 Corp,ES ,EUR,1.591419,C,11/7/2025
20251107,A80,Etica Rendita Bilanciata,4289,CRH PLC,0.002479642297471,0.0,SE ,Materials,IE0001827041,182704,CRH LN Equity,US ,USD,1.591419,,11/7/2025
20251107,A80,Etica Rendita Bilanciata,100,ABBOTT LABORATORIES,0.002470410205516,0.0,AZ ,Health Care,US0028241000,2002305,ABT US Equity,US ,USD,1.591419,,11/7/2025
20251107,A80,Etica Rendita Bilanciata,549,INTEL CORP,0.002466255296722,0.0,AZ ,Information Technology,US4581401001,2463247,INTC US Equity,US ,USD,1.591419,,11/7/2025
20251107,A80,Etica Rendita Bilanciata,5574,ERG SPA ERGIM 4 1/8 07/03/30,0.002388178349737,0.0,OB ,UTILITY,XS2853679053,,YX9810210 Corp,IT ,EUR,1.591419,NR,11/7/2025
20251107,A80,Etica Rendita Bilanciata,239132,REPUBLIKA SLOVENIJA SLOREP 0 1/8 07/01/31,0.002377668059665,0.0,OB ,SOVEREIGN,SI0002104196,,BQ1964585 Govt,SI ,EUR,1.591419,A,11/7/2025
20251107,A80,Etica Rendita Bilanciata,397638,PROSUS NV,0.002364127354048,0.0,AZ ,Consumer Discretionary,NL0013654783,BJDS7L3,PRX NA Equity,NL ,EUR,1.591419,,11/7/2025
20251107,A80,Etica Rendita Bilanciata,164954,CAD,0.002334482806327,0.0,LQ ,CASH,,,CAD,CA ,CAD,1.591419,,11/7/2025
20251107,A80,Etica Rendita Bilanciata,335961,REPUBLIC OF AUSTRIA RAGB 2.9 02/20/34,0.002310738362317,0.0,OB ,SOVEREIGN,AT0000A39UW5,,ZF4061056 Govt,AT ,EUR,1.591419,A,11/7/2025
20251107,A80,Etica Rendita Bilanciata,382187,NOKIA OYJ NOKIA 2 03/11/26,0.002254408125091,0.0,OB ,INDUSTRIAL,XS1960685383,,AX4993215 Corp,FI ,EUR,1.591419,C,11/7/2025
20251107,A80,Etica Rendita Bilanciata,533,AMGEN INC,0.002245787262321,0.0,AZ ,Health Care,US0311621009,2023607,AMGN US Equity,US ,USD,1.591419,,11/7/2025
20251107,A80,Etica Rendita Bilanciata,53583,LOGITECH INTERNATIONAL,0.002206256908413,0.0,SE ,Information Technology,CH0025751329,B1921K0,LOGI US Equity,CH ,CHF,1.591419,,11/7/2025
20251107,A80,Etica Rendita Bilanciata,497,UNION PACIFIC CORP,0.002194845084083,0.0,AZ ,Industrials,US9078181081,2914734,UNP US Equity,US ,USD,1.591419,,11/7/2025
20251107,A80,Etica Rendita Bilanciata,1285,KUBOTA CORP,0.002143603715381,0.0,AZ ,Industrials,JP3266400005,6497509,6326 JT Equity,JP ,JPY,1.591419,,11/7/2025
20251107,A80,Etica Rendita Bilanciata,1619,LOREAL SA,0.002130165378064,0.0,AZ ,Consumer Staples,FR0000120321,4057808,OR FP Equity,FR ,EUR,1.591419,,11/7/2025
20251107,A80,Etica Rendita Bilanciata,335356,TAKEDA PHARMACEUTICAL TACHEM 1 07/09/29,0.002117850913037,0.0,OB ,INDUSTRIAL,XS2197348597,,BK2909210 Corp,JP ,EUR,1.591419,B,11/7/2025
20251107,A80,Etica Rendita Bilanciata,191474,PALO ALTO NETWORKS INC,0.002115527083759,0.0,AZ ,Information Technology,US6974351057,B87ZMX0,PANW US Equity,US ,USD,1.591419,,11/7/2025
20251107,A80,Etica Rendita Bilanciata,3092,MTR CORP,0.002095562510473,0.0,AZ ,Industrials,HK0066009694,6290054,66 HK Equity,HK ,HKD,1.591419,,11/7/2025
20251107,A80,Etica Rendita Bilanciata,406118,CAISSE FRANCAISE DE FIN CAFFIL 0.01 04/27/29,0.002067221292868,0.0,OB ,Covered,FR00140033E4,,BP1529455 Govt,FR ,EUR,1.591419,A,11/7/2025
20251107,A80,Etica Rendita Bilanciata,1258,KAO CORP,0.002048984019524,0.0,AZ ,Consumer Staples,JP3205800000,6483809,4452 JP Equity,JP ,JPY,1.591419,,11/7/2025
20251107,A80,Etica Rendita Bilanciata,149,VERIZON COMMUNICATIONS INC,0.002042664349168,0.0,AZ ,Communication Services,US92343V1044,2090571,VZ US Equity,US ,USD,1.591419,,11/7/2025
20251107,A80,Etica Rendita Bilanciata,486,TJX COMPANIES INC,0.002040634302347,0.0,AZ ,Consumer Discretionary,US8725401090,2989301,TJX US Equity,US ,USD,1.591419,,11/7/2025
20251107,A80,Etica Rendita Bilanciata,133,AUTOMATIC DATA PROCESSING,0.002030282492899,0.0,AZ ,Industrials,US0530151036,2065308,ADP US Equity,US ,USD,1.591419,,11/7/2025
20251107,A80,Etica Rendita Bilanciata,783,SYNOPSYS INC,0.002028677578793,0.0,AZ ,Information Technology,US8716071076,2867719,SNPS US Equity,US ,USD,1.591419,,11/7/2025
20251107,A80,Etica Rendita Bilanciata,49402,SARTORIUS STEDIM BIOTECH,0.002014661713557,0.0,AZ ,Health Care,FR0013154002,BYZ2QP5,DIM FP Equity,FR ,EUR,1.591419,,11/7/2025
20251107,A80,Etica Rendita Bilanciata,559,STRYKER CORP,0.002013646362731,0.0,AZ ,Health Care,US8636671013,2853688,SYK UN Equity,US ,USD,1.591419,,11/7/2025
20251107,A80,Etica Rendita Bilanciata,406189,ERG SPA ERGIM 0 7/8 09/15/31,0.001986693671139,0.0,OB ,UTILITY,XS2386650274,,BR3380614 Corp,IT ,EUR,1.591419,NR,11/7/2025
20251107,A80,Etica Rendita Bilanciata,236196,IMCD NV,0.001966534985338,0.0,AZ ,Industrials,NL0010801007,BNCBD46,IMCD NA Equity,NL ,EUR,1.591419,,11/7/2025
20251107,A80,Etica Rendita Bilanciata,348394,KNORR-BREMSE AG,0.00195957798284,0.0,AZ ,Industrials,DE000KBX1006,BD2P9X9,KBX GR Equity,DE ,EUR,1.591419,,11/7/2025
20251107,A80,Etica Rendita Bilanciata,432910,SSE PLC SSELN 3.74 PERP,0.001956249347789,0.0,OB ,UTILITY,XS2195190876,,BK2909863 Corp,GB ,GBP,1.591419,B,11/7/2025
20251107,A80,Etica Rendita Bilanciata,481243,CAISSE D'AMORT DETTE SOC CADES 0.45 01/19/32,0.001952234719807,0.0,OB ,Quasi & Foreign Government,FR0014007RB1,,BT4620824 Govt,FR ,EUR,1.591419,A,11/7/2025
20251107,A80,Etica Rendita Bilanciata,164959,JPY,0.001935337424588,0.0,LQ ,CASH,,,JPY,JP ,JPY,1.591419,,11/7/2025
20251107,A80,Etica Rendita Bilanciata,1658,ATLAS COPCO AB-A SHS,0.001921452424133,0.0,AZ ,Industrials,SE0017486889,BLDBN41,ATCOA SS Equity,SE ,SEK,1.591419,,11/7/2025
20251107,A80,Etica Rendita Bilanciata,125,ANALOG DEVICES INC,0.001896466215501,0.0,AZ ,Information Technology,US0326541051,2032067,ADI US Equity,US ,USD,1.591419,,11/7/2025
20251107,A80,Etica Rendita Bilanciata,1288,KURITA WATER INDUSTRIES LTD,0.001864096934569,0.0,AZ ,Industrials,JP3270000007,6497963,6370 JP Equity,JP ,JPY,1.591419,,11/7/2025
20251107,A80,Etica Rendita Bilanciata,520,WESTERN DIGITAL CORP,0.001860460268821,0.0,AZ ,Information Technology,US9581021055,2954699,WDC US Equity,US ,USD,1.591419,,11/7/2025
20251107,A80,Etica Rendita Bilanciata,2088,SAP SE,0.001858431678437,0.0,AZ ,Information Technology,DE0007164600,4846288,SAP GY Equity,DE ,EUR,1.591419,,11/7/2025
20251107,A80,Etica Rendita Bilanciata,2489,LENOVO GROUP LTD,0.001835410417297,0.0,AZ ,Information Technology,HK0992009065,6218089,992 HK Equity,CN ,CNY,1.591419,,11/7/2025
20251107,A80,Etica Rendita Bilanciata,159,BOSTON SCIENTIFIC CORP,0.001805779575886,0.0,AZ ,Health Care,US1011371077,2113434,BSX US Equity,US ,USD,1.591419,,11/7/2025
20251107,A80,Etica Rendita Bilanciata,164953,AUD,0.001804745855893,0.0,LQ ,CASH,,,AUD,AU ,AUD,1.591419,,11/7/2025
20251107,A80,Etica Rendita Bilanciata,531,ADOBE INC,0.001793680347349,0.0,AZ ,Information Technology,US00724F1012,2008154,ADBE US Equity,US ,USD,1.591419,,11/7/2025
20251107,A80,Etica Rendita Bilanciata,335766,NOKIA OYJ NOKIA 4 3/8 08/21/31,0.001790602964547,0.0,OB ,INDUSTRIAL,XS2488809612,,ZM9740188 Corp,FI ,EUR,1.591419,C,11/7/2025
20251107,A80,Etica Rendita Bilanciata,18091,PROLOGIS INC,0.001790021518927,0.0,AZ ,Real Estate,US74340W1036,B44WZD7,PLD UN Equity,US ,USD,1.591419,,11/7/2025
20251107,A80,Etica Rendita Bilanciata,670,WELLTOWER INC,0.001786998746852,0.0,AZ ,Real Estate,US95040Q1040,BYVYHH4,WELL US Equity,US ,USD,1.591419,,11/7/2025
20251107,A80,Etica Rendita Bilanciata,1545,TOTO LTD,0.0017793358355,0.0,AZ ,Industrials,JP3596200000,6897466,5332 JP Equity,JP ,JPY,1.591419,,11/7/2025
20251107,A80,Etica Rendita Bilanciata,454,SONY GROUP CORP,0.001754916677476,0.0,AZ ,Consumer Discretionary,JP3435000009,6821506,6758 JP Equity,JP ,JPY,1.591419,,11/7/2025
20251107,A80,Etica Rendita Bilanciata,2170,DSV A/S,0.001739650715446,0.0,AZ ,Industrials,DK0060079531,B1WT5G2,DSV DC Equity,DK ,DKK,1.591419,,11/7/2025
20251107,A80,Etica Rendita Bilanciata,3033,STMICROELECTRONICS NV,0.001738810080561,0.0,SE ,Information Technology,NL0000226223,5962343,STMMI IM Equity,FR ,EUR,1.591419,,11/7/2025
20251107,A80,Etica Rendita Bilanciata,667,GILEAD SCIENCES INC,0.0017306600081,0.0,AZ ,Health Care,US3755581036,2369174,GILD US Equity,US ,USD,1.591419,,11/7/2025
20251107,A80,Etica Rendita Bilanciata,1337,MURATA MANUFACTURING CO LTD,0.001718989446114,0.0,AZ ,Information Technology,JP3914400001,6610403,6981 JP Equity,JP ,JPY,1.591419,,11/7/2025
20251107,A80,Etica Rendita Bilanciata,4264,AUTODESK INC,0.001716747324059,0.0,AZ ,Information Technology,US0527691069,2065159,ADSK US Equity,US ,USD,1.591419,,11/7/2025
20251107,A80,Etica Rendita Bilanciata,321288,INMOBILIARIA COLONIAL SO COLSM 1 5/8 11/28/25,0.001716673147404,0.0,OB ,INDUSTRIAL,XS1725677543,,AQ1248246 Corp,ES ,EUR,1.591419,B,11/7/2025
20251107,A80,Etica Rendita Bilanciata,233530,ZALANDO SE,0.001690491610769,0.0,AZ ,Consumer Discretionary,DE000ZAL1111,BQV0SV7,ZAL GR Equity,DE ,EUR,1.591419,,11/7/2025
20251107,A80,Etica Rendita Bilanciata,1404,OBAYASHI CORP,0.001675937010762,0.0,AZ ,Industrials,JP3190000004,6656407,1802 JP Equity,JP ,JPY,1.591419,,11/7/2025
20251107,A80,Etica Rendita Bilanciata,3760,ABB LTD,0.001675288986795,0.0,AZ ,Industrials,CH0012221716,7108899,ABBN SW Equity,CH ,CHF,1.591419,,11/7/2025
20251107,A80,Etica Rendita Bilanciata,424846,OTIS WORLDWIDE CORP,0.001664245934471,0.0,AZ ,Industrials,US68902V1070,BK531S8,OTIS US Equity,US ,USD,1.591419,,11/7/2025
20251107,A80,Etica Rendita Bilanciata,2955,VOESTALPINE AG,0.001650913905736,0.0,AZ ,Materials,AT0000937503,4943402,VOE AV Equity,AT ,EUR,1.591419,,11/7/2025
20251107,A80,Etica Rendita Bilanciata,2566,UNITED PARCEL SERVICE-CL B,0.001643100812061,0.0,AZ ,Industrials,US9113121068,2517382,UPS US Equity,US ,USD,1.591419,,11/7/2025
20251107,A80,Etica Rendita Bilanciata,344,LOWE'S COS INC,0.001617346677473,0.0,AZ ,Consumer Discretionary,US5486611073,2536763,LOW US Equity,US ,USD,1.591419,,11/7/2025
20251107,A80,Etica Rendita Bilanciata,40461,VERTEX PHARMACEUTICALS INC,0.001607305597081,0.0,AZ ,Health Care,US92532F1003,2931034,VRTX US Equity,US ,USD,1.591419,,11/7/2025
20251107,A80,Etica Rendita Bilanciata,3014,ANHEUSER-BUSCH INBEV SA/NV,0.00155154941039,0.0,AZ ,Consumer Staples,BE0974293251,BYYHL23,ABI BB Equity,BE ,EUR,1.591419,,11/7/2025
20251107,A80,Etica Rendita Bilanciata,164963,SGD,0.001544226853595,0.0,LQ ,CASH,,,SGD,SG ,SGD,1.591419,,11/7/2025
20251107,A80,Etica Rendita Bilanciata,392,NOVO NORDISK A/S-B,0.001523493631779,0.0,AZ ,Health Care,DK0062498333,BP6KMJ1,NOVOB DC Equity,DK ,DKK,1.591419,,11/7/2025
20251107,A80,Etica Rendita Bilanciata,166783,XYLEM INC,0.001469209281533,0.0,AZ ,Industrials,US98419M1009,B3P2CN8,XYL US Equity,US ,USD,1.591419,,11/7/2025
20251107,A80,Etica Rendita Bilanciata,302,HONDA MOTOR CO LTD,0.001467703247054,0.0,AZ ,Consumer Discretionary,JP3854600008,6435145,7267 JP Equity,JP ,JPY,1.591419,,11/7/2025
20251107,A80,Etica Rendita Bilanciata,1526,TOKYO ELECTRON LTD,0.001462232611496,0.0,AZ ,Information Technology,JP3571400005,6895675,8035 JP Equity,JP ,JPY,1.591419,,11/7/2025
20251107,A80,Etica Rendita Bilanciata,236299,VONOVIA SE,0.001458064425419,0.0,AZ ,Real Estate,DE000A1ML7J1,BBJPFY1,VNA GR Equity,DE ,EUR,1.591419,,11/7/2025
20251107,A80,Etica Rendita Bilanciata,1609,ESSILORLUXOTTICA,0.001449862993811,0.0,AZ ,Health Care,FR0000121667,7212477,EL FP Equity,FR ,EUR,1.591419,,11/7/2025
20251107,A80,Etica Rendita Bilanciata,536433,EDP SA EDPPL 4 3/4 05/29/54,0.001432052727356,0.0,OB ,UTILITY,PTEDPZOM0011,,YX2446822 Corp,PT ,EUR,1.591419,C,11/7/2025
20251107,A80,Etica Rendita Bilanciata,3013,NOVARTIS AG,0.00142318406714,0.0,AZ ,Health Care,CH0012005267,7103065,NOVN SW Equity,CH ,CHF,1.591419,,11/7/2025
20251107,A80,Etica Rendita Bilanciata,471,TDK CORP,0.001414635540721,0.0,AZ ,Information Technology,JP3538800008,6869302,6762 JP Equity,JP ,JPY,1.591419,,11/7/2025
20251107,A80,Etica Rendita Bilanciata,232,ECOLAB INC,0.001406154157159,0.0,AZ ,Materials,US2788651006,2304227,ECL US Equity,US ,USD,1.591419,,11/7/2025
20251107,A80,Etica Rendita Bilanciata,1790,CHINA OVERSEAS LAND & INVEST,0.001405208500775,0.0,AZ ,Real Estate,HK0688002218,6192150,688 HK Equity,CN ,CNY,1.591419,,11/7/2025
20251107,A80,Etica Rendita Bilanciata,49977,TE CONNECTIVITY PLC,0.001388586347883,0.0,AZ ,Information Technology,IE000IVNQZ81,BRC3N84,TEL US Equity,US ,USD,1.591419,,11/7/2025
20251107,A80,Etica Rendita Bilanciata,212398,TELIA COMPANY AB TELIAS 2 3/4 06/30/2083,0.001364544960159,0.0,OB ,INDUSTRIAL,XS2443749648,,BV4439170 Corp,SE ,EUR,1.591419,B,11/7/2025
20251107,A80,Etica Rendita Bilanciata,3011,DEUTSCHE TELEKOM AG,0.00135629202263,0.0,AZ ,Communication Services,DE0005557508,5842359,DTE GR Equity,DE ,EUR,1.591419,,11/7/2025
20251107,A80,Etica Rendita Bilanciata,405936,CARRIER GLOBAL CORP,0.001348303998499,0.0,AZ ,Industrials,US14448C1045,BK4N0D7,CARR US Equity,US ,USD,1.591419,,11/7/2025
20251107,A80,Etica Rendita Bilanciata,164955,CHF,0.001342986424268,0.0,LQ ,CASH,,,CHF,CH ,CHF,1.591419,,11/7/2025
20251107,A80,Etica Rendita Bilanciata,4223,COLGATE-PALMOLIVE CO,0.001330905474575,0.0,AZ ,Consumer Staples,US1941621039,2209106,CL US Equity,US ,USD,1.591419,,11/7/2025
20251107,A80,Etica Rendita Bilanciata,23406,IBIDEN CO LTD,0.001328455014345,0.0,AZ ,Information Technology,JP3148800000,6456102,4062 JP Equity,JP ,JPY,1.591419,,11/7/2025
20251107,A80,Etica Rendita Bilanciata,407318,ORSTED A/S ORSTED 1 3/4 12/09/3019,0.001317764532581,0.0,OB ,UTILITY,XS2010036874,,ZQ8044799 Corp,DK ,EUR,1.591419,C,11/7/2025
20251107,A80,Etica Rendita Bilanciata,49992,BONOS Y OBLIG DEL ESTADO SPGB 4.9 07/30/40,0.001313936881705,0.0,OB ,SOVEREIGN,ES00000120N0,,EG5611157 Govt,ES ,EUR,1.591419,A,11/7/2025
20251107,A80,Etica Rendita Bilanciata,406011,ERG SPA ERGIM 0 1/2 09/11/27,0.001304670253009,0.0,OB ,UTILITY,XS2229434852,,ZO3431582 Corp,IT ,EUR,1.591419,NR,11/7/2025
20251107,A80,Etica Rendita Bilanciata,57392,EQUINIX INC,0.001295288757755,0.0,AZ ,Real Estate,US29444U7000,BVLZX12,EQIX US Equity,US ,USD,1.591419,,11/7/2025
20251107,A80,Etica Rendita Bilanciata,2831,BREMBO N.V.,0.001271843899368,0.0,AZ ,Consumer Discretionary,NL0015001KT6,BSMM753,BRE IM Equity,IT ,EUR,1.591419,,11/7/2025
20251107,A80,Etica Rendita Bilanciata,3119,INTERPUMP GROUP SPA,0.001260940495605,0.0,AZ ,Industrials,IT0001078911,5161407,IP IM Equity,IT ,EUR,1.591419,,11/7/2025
20251107,A80,Etica Rendita Bilanciata,451544,EDP SA EDPPL 1 7/8 08/02/2081,0.00123738081582,0.0,OB ,UTILITY,PTEDPROM0029,,BN7191719 Corp,PT ,EUR,1.591419,C,11/7/2025
20251107,A80,Etica Rendita Bilanciata,17897,SK HYNIX INC,0.001225277409908,0.0,AZ ,Information Technology,KR7000660001,6450267,000660 KS Equity,KR ,KRW,1.591419,,11/7/2025
20251107,A80,Etica Rendita Bilanciata,476847,MICRON TECHNOLOGY INC MU 2.703 04/15/32,0.001216556854617,0.0,OB ,INDUSTRIAL,US595112BS19,,BS0168275 Corp,US ,USD,1.591419,B,11/7/2025
20251107,A80,Etica Rendita Bilanciata,212828,PRYSMIAN SPA PRYIM 3 7/8 11/28/31,0.001202972094615,0.0,OB ,INDUSTRIAL,XS2948434266,,YT3439742 Corp,IT ,EUR,1.591419,B,11/7/2025
20251107,A80,Etica Rendita Bilanciata,184644,ZOETIS INC,0.00119625828316,0.0,AZ ,Health Care,US98978V1035,B95WG16,ZTS US Equity,US ,USD,1.591419,,11/7/2025
20251107,A80,Etica Rendita Bilanciata,2867,DARDEN RESTAURANTS INC,0.00118910898587,0.0,AZ ,Consumer Discretionary,US2371941053,2289874,DRI UN Equity,US ,USD,1.591419,,11/7/2025
20251107,A80,Etica Rendita Bilanciata,23355,RALPH LAUREN CORP,0.001188012469751,0.0,AZ ,Consumer Discretionary,US7512121010,B4V9661,RL US Equity,US ,USD,1.591419,,11/7/2025
20251107,A80,Etica Rendita Bilanciata,128611,BRITISH TELECOMMUNICATIO BRITEL 5 1/8 10/03/54,0.001182462114047,0.0,OB ,INDUSTRIAL,XS2794589403,,ZB0014470 Corp,GB ,EUR,1.591419,C,11/7/2025
20251107,A80,Etica Rendita Bilanciata,1146,BRIDGESTONE CORP,0.001180109607646,0.0,AZ ,Consumer Discretionary,JP3830800003,6132101,5108 JP Equity,JP ,JPY,1.591419,,11/7/2025
20251107,A80,Etica Rendita Bilanciata,212462,ORSTED A/S ORSTED 3 3/4 03/01/30,0.001179417472843,0.0,OB ,UTILITY,XS2591029876,,ZL2347488 Corp,DK ,EUR,1.591419,B,11/7/2025
20251107,A80,Etica Rendita Bilanciata,1040,TATE & LYLE PLC,0.001178950950232,0.0,AZ ,Consumer Staples,GB00BP92CJ43,BP92CJ4,TATE LN Equity,GB ,GBP,1.591419,,11/7/2025
20251107,A80,Etica Rendita Bilanciata,1575,ASTELLAS PHARMA INC,0.001131724096609,0.0,AZ ,Health Care,JP3942400007,6985383,4503 JP Equity,JP ,JPY,1.591419,,11/7/2025
20251107,A80,Etica Rendita Bilanciata,3371,ERG SPA,0.001114927148743,0.0,AZ ,Utilities,IT0001157020,5337093,ERG IM Equity,IT ,EUR,1.591419,,11/7/2025
20251107,A80,Etica Rendita Bilanciata,239013,KLEPIERRE SA LIFP 2 05/12/29,0.001106901099198,0.0,OB ,INDUSTRIAL,FR0013512233,,BJ2958731 Corp,FR ,EUR,1.591419,A,11/7/2025
20251107,A80,Etica Rendita Bilanciata,237336,OBRIGACOES DO TESOURO PGB 2 1/4 04/18/34,0.001089520368639,0.0,OB ,SOVEREIGN,PTOTEWOE0017,,AS1769569 Govt,PT ,EUR,1.591419,A,11/7/2025
20251107,A80,Etica Rendita Bilanciata,4266,MCCORMICK & CO-NON VTG SHRS,0.00107431795918,0.0,AZ ,Consumer Staples,US5797802064,2550161,MKC UN Equity,US ,USD,1.591419,,11/7/2025
20251107,A80,Etica Rendita Bilanciata,276440,DELL TECHNOLOGIES -C,0.001049946163571,0.0,AZ ,Information Technology,US24703L2025,BHKD3S6,DELL US Equity,US ,USD,1.591419,,11/7/2025
20251107,A80,Etica Rendita Bilanciata,1340,NEC CORP,0.001040588671296,0.0,AZ ,Information Technology,JP3733000008,6640400,6701 JP Equity,JP ,JPY,1.591419,,11/7/2025
20251107,A80,Etica Rendita Bilanciata,188,THE CIGNA GROUP,0.001026692019348,0.0,AZ ,Health Care,US1255231003,BHJ0775,CI US Equity,US ,USD,1.591419,,11/7/2025
20251107,A80,Etica Rendita Bilanciata,100272,AMERICAN WATER WORKS CO INC,0.001011992633736,0.0,AZ ,Utilities,US0304201033,B2R3PV1,AWK US Equity,US ,USD,1.591419,,11/7/2025
20251107,A80,Etica Rendita Bilanciata,651,EXPEDITORS INTL WASH INC,0.001009741614999,0.0,AZ ,Industrials,US3021301094,2325507,EXPD US Equity,US ,USD,1.591419,,11/7/2025
20251107,A80,Etica Rendita Bilanciata,3065,ELEVANCE HEALTH INC,0.00100560124799,0.0,AZ ,Health Care,US0367521038,BSPHGL4,ELV US Equity,US ,USD,1.591419,,11/7/2025
20251107,A80,Etica Rendita Bilanciata,305243,NOKIA OYJ NOKIA 4 3/8 06/12/27,0.000989840616864,0.0,OB ,INDUSTRIAL,US654902AE56,,AN8615410 Corp,FI ,USD,1.591419,C,11/7/2025
20251107,A80,Etica Rendita Bilanciata,1001,PERSIMMON PLC,0.000976209646049,0.0,AZ ,Consumer Discretionary,GB0006825383,682538,PSN LN Equity,GB ,GBP,1.591419,,11/7/2025
20251107,A80,Etica Rendita Bilanciata,1457,SHIMIZU CORP,0.000969620704275,0.0,AZ ,Industrials,JP3358800005,6804400,1803 JP Equity,JP ,JPY,1.591419,,11/7/2025
20251107,A80,Etica Rendita Bilanciata,454000,ORSTED A/S ORSTED 1 1/2 02/18/3021,0.000969136760875,0.0,OB ,UTILITY,XS2293075680,,BO0165460 Corp,DK ,EUR,1.591419,C,11/7/2025
20251107,A80,Etica Rendita Bilanciata,349,MASCO CORP,0.000956514603857,0.0,AZ ,Industrials,US5745991068,2570200,MAS US Equity,US ,USD,1.591419,,11/7/2025
20251107,A80,Etica Rendita Bilanciata,2658,ASSA ABLOY AB-B,0.0009373985686,0.0,AZ ,Industrials,SE0007100581,BYPC1T4,ASSAB SS Equity,SE ,SEK,1.591419,,11/7/2025
20251107,A80,Etica Rendita Bilanciata,148,BECTON DICKINSON AND CO,0.000922042872011,0.0,AZ ,Health Care,US0758871091,2087807,BDX US Equity,US ,USD,1.591419,,11/7/2025
20251107,A80,Etica Rendita Bilanciata,366,MICRON TECHNOLOGY INC,0.000921846445003,0.0,AZ ,Information Technology,US5951121038,2588184,MU US Equity,US ,USD,1.591419,,11/7/2025
20251107,A80,Etica Rendita Bilanciata,469,SYSCO CORP,0.000915093987171,0.0,AZ ,Consumer Staples,US8718291078,2868165,SYY US Equity,US ,USD,1.591419,,11/7/2025
20251107,A80,Etica Rendita Bilanciata,88166,REXEL SA,0.00091440028303,0.0,AZ ,Industrials,FR0010451203,B1VP0K0,RXL FP Equity,FR ,EUR,1.591419,,11/7/2025
20251107,A80,Etica Rendita Bilanciata,4275,HASBRO INC,0.000904078121664,0.0,AZ ,Consumer Discretionary,US4180561072,2414580,HAS US Equity,US ,USD,1.591419,,11/7/2025
20251107,A80,Etica Rendita Bilanciata,1088,ORICA LTD,0.000891478420866,0.0,AZ ,Materials,AU000000ORI1,6458001,ORI AU Equity,AU ,AUD,1.591419,,11/7/2025
20251107,A80,Etica Rendita Bilanciata,19461,DICK'S SPORTING GOODS INC,0.000889575208222,0.0,AZ ,Consumer Discretionary,US2533931026,2969637,DKS US Equity,US ,USD,1.591419,,11/7/2025
20251107,A80,Etica Rendita Bilanciata,318,INTL FLAVORS & FRAGRANCES,0.000878105690938,0.0,AZ ,Materials,US4595061015,2464165,IFF US Equity,US ,USD,1.591419,,11/7/2025
20251107,A80,Etica Rendita Bilanciata,476807,SOCIETE FONCIERE LYONNAI FLYFP 0 1/2 04/21/28,0.000861939255929,0.0,OB ,INDUSTRIAL,FR00140060E7,,BR9645093 Corp,FR ,EUR,1.591419,B,11/7/2025
20251107,A80,Etica Rendita Bilanciata,2298,TRACTOR SUPPLY COMPANY,0.000829029478955,0.0,AZ ,Consumer Discretionary,US8923561067,2900335,TSCO US Equity,US ,USD,1.591419,,11/7/2025
20251107,A80,Etica Rendita Bilanciata,1734,NOKIA OYJ,0.00082675070889,0.0,AZ ,Information Technology,FI0009000681,5902941,NOKIA FH Equity,FI ,EUR,1.591419,,11/7/2025
20251107,A80,Etica Rendita Bilanciata,152,BEST BUY CO INC,0.000815404085501,0.0,AZ ,Consumer Discretionary,US0865161014,2094670,BBY US Equity,US ,USD,1.591419,,11/7/2025
20251107,A80,Etica Rendita Bilanciata,31928,DIGITAL REALTY TRUST INC,0.000802934267236,0.0,AZ ,Real Estate,US2538681030,B03GQS4,DLR US Equity,US ,USD,1.591419,,11/7/2025
20251107,A80,Etica Rendita Bilanciata,18074,ESTEE LAUDER COMPANIES-CL A,0.000797263264388,0.0,AZ ,Consumer Staples,US5184391044,2320524,EL US Equity,US ,USD,1.591419,,11/7/2025
20251107,A80,Etica Rendita Bilanciata,34107,DAIICHI SANKYO CO LTD,0.000776470994793,0.0,AZ ,Health Care,JP3475350009,B0J7D91,4568 JP Equity,JP ,JPY,1.591419,,11/7/2025
20251107,A80,Etica Rendita Bilanciata,242496,PAYPAL HOLDINGS INC,0.000771796465548,0.0,AZ ,Financials,US70450Y1038,BYW36M8,PYPL US Equity,US ,USD,1.591419,,11/7/2025
20251107,A80,Etica Rendita Bilanciata,2985,CANADIAN NATL RAILWAY CO,0.000755412558587,0.0,AZ ,Industrials,CA1363751027,2180632,CNR CN Equity,CA ,CAD,1.591419,,11/7/2025
20251107,A80,Etica Rendita Bilanciata,1138,ASICS CORP,0.000723977090612,0.0,AZ ,Consumer Discretionary,JP3118000003,6057378,7936 JP Equity,JP ,JPY,1.591419,,11/7/2025
20251107,A80,Etica Rendita Bilanciata,23481,CBRE GROUP INC,0.000719072049226,0.0,AZ ,Real Estate,US12504L1098,B6WVMH3,CBRE US Equity,US ,USD,1.591419,,11/7/2025
20251107,A80,Etica Rendita Bilanciata,253654,FERRARI NV,0.000712325213917,0.0,AZ ,Consumer Discretionary,NL0011585146,BZ1GMK5,RACE US Equity,IT ,EUR,1.591419,,11/7/2025
20251107,A80,Etica Rendita Bilanciata,1733,ROCHE HOLDING AG-GENUSSCHEIN,0.00069837221255,0.0,AZ ,Health Care,CH0012032048,7110388,ROG SW Equity,CH ,CHF,1.591419,,11/7/2025
20251107,A80,Etica Rendita Bilanciata,336777,ULTA BEAUTY INC,0.000670259497429,0.0,AZ ,Consumer Discretionary,US90384S3031,B28TS42,ULTA UW Equity,US ,USD,1.591419,,11/7/2025
20251107,A80,Etica Rendita Bilanciata,170146,EUR C/MARGINI,0.000666367503667,0.0,OT ,CASH,,,EUR C/MARGINI,5A ,EUR,1.591419,,11/7/2025
20251107,A80,Etica Rendita Bilanciata,3385,YUM! BRANDS INC,0.000656622633126,0.0,AZ ,Consumer Discretionary,US9884981013,2098876,YUM UN Equity,US ,USD,1.591419,,11/7/2025
20251107,A80,Etica Rendita Bilanciata,3837,AGILENT TECHNOLOGIES INC,0.000647574153795,0.0,AZ ,Health Care,US00846U1016,2520153,A US Equity,US ,USD,1.591419,,11/7/2025
20251107,A80,Etica Rendita Bilanciata,335212,LEVI STRAUSS & CO- CLASS A,0.000641058733843,0.0,AZ ,Consumer Discretionary,US52736R1023,BHRWS81,LEVI US Equity,US ,USD,1.591419,,11/7/2025
20251107,A80,Etica Rendita Bilanciata,57810,VENTAS INC,0.000632966670462,0.0,AZ ,Real Estate,US92276F1003,2927925,VTR US Equity,US ,USD,1.591419,,11/7/2025
20251107,A80,Etica Rendita Bilanciata,1,LG ELECTRONICS INC,0.000621674861025,0.0,AZ ,Consumer Discretionary,KR7066570003,6520739,066570 KS Equity,KR ,KRW,1.591419,,11/7/2025
20251107,A80,Etica Rendita Bilanciata,50381,LULULEMON ATHLETICA INC,0.000621324627537,0.0,AZ ,Consumer Discretionary,US5500211090,B23FN39,LULU US Equity,US ,USD,1.591419,,11/7/2025
20251107,A80,Etica Rendita Bilanciata,1755,SWIRE PACIFIC LTD - CL A,0.000615592815639,0.0,AZ ,Industrials,HK0019000162,6867748,19 HK Equity,HK ,HKD,1.591419,,11/7/2025
20251107,A80,Etica Rendita Bilanciata,503621,A2A SPA AEMSPA 4 3/8 02/03/34,0.000615531916267,0.0,OB ,UTILITY,XS2583205906,,ZM7159977 Corp,IT ,EUR,1.591419,B,11/7/2025
20251107,A80,Etica Rendita Bilanciata,67156,KEURIG DR PEPPER INC,0.00060558527845,0.0,AZ ,Consumer Staples,US49271V1008,BD3W133,KDP US Equity,US ,USD,1.591419,,11/7/2025
20251107,A80,Etica Rendita Bilanciata,343334,GODADDY INC - CLASS A,0.000605582952667,0.0,AZ ,Information Technology,US3802371076,BWFRFC6,GDDY US Equity,US ,USD,1.591419,,11/7/2025
20251107,A80,Etica Rendita Bilanciata,164725,HKD,0.000597352618131,0.0,LQ ,CASH,,,HKD,HK ,HKD,1.591419,,11/7/2025
20251107,A80,Etica Rendita Bilanciata,387,NORSK HYDRO ASA,0.000579836834125,0.0,AZ ,Materials,NO0005052605,B11HK39,NHY NO Equity,NO ,NOK,1.591419,,11/7/2025
20251107,A80,Etica Rendita Bilanciata,494559,SSE PLC SSELN 2 7/8 08/01/29,0.000570651720718,0.0,OB ,UTILITY,XS2510903862,,BY0600829 Corp,GB ,EUR,1.591419,B,11/7/2025
20251107,A80,Etica Rendita Bilanciata,172066,ALLINEAMENTO NAV,0.000567775868098,0.0,OT ,CASH,,,ALLINEAMENTO NAV,5A ,EUR,1.591419,,11/7/2025
20251107,A80,Etica Rendita Bilanciata,58909,EDWARDS LIFESCIENCES CORP,0.000559330161587,0.0,AZ ,Health Care,US28176E1082,2567116,EW US Equity,US ,USD,1.591419,,11/7/2025
20251107,A80,Etica Rendita Bilanciata,173,CADENCE DESIGN SYS INC,0.00055552380404,0.0,AZ ,Information Technology,US1273871087,2302232,CDNS US Equity,US ,USD,1.591419,,11/7/2025
20251107,A80,Etica Rendita Bilanciata,335227,NEXI SPA,0.000527611907817,0.0,AZ ,Financials,IT0005366767,BJ1F880,NEXI IM Equity,IT ,EUR,1.591419,,11/7/2025
20251107,A80,Etica Rendita Bilanciata,235482,MERLIN PROPERTIES SOCIMI SA,0.0005088971152,0.0,AZ ,Real Estate,ES0105025003,BNGNB77,MRL SM Equity,ES ,EUR,1.591419,,11/7/2025
20251107,A80,Etica Rendita Bilanciata,1010,RELX PLC,0.000503361425474,0.0,AZ ,Industrials,GB00B2B0DG97,B2B0DG9,REL LN Equity,GB ,GBP,1.591419,,11/7/2025
20251107,A80,Etica Rendita Bilanciata,24041,TERNA-RETE ELETTRICA NAZIONA,0.000500045458034,0.0,AZ ,Utilities,IT0003242622,B01BN57,TRN IM Equity,IT ,EUR,1.591419,,11/7/2025
20251107,A80,Etica Rendita Bilanciata,222506,ORORA LTD,0.000496570648683,0.0,AZ ,Materials,AU000000ORA8,BH4TCW7,ORA AU Equity,AU ,AUD,1.591419,,11/7/2025
20251107,A80,Etica Rendita Bilanciata,1714,SKF AB-B SHARES,0.000495533327115,0.0,AZ ,Industrials,SE0000108227,B1Q3J35,SKFB SS Equity,SE ,SEK,1.591419,,11/7/2025
20251107,A80,Etica Rendita Bilanciata,58318,AZBIL CORP,0.000487233614261,0.0,AZ ,Information Technology,JP3937200008,6985543,6845 JP Equity,JP ,JPY,1.591419,,11/7/2025
20251107,A80,Etica Rendita Bilanciata,18075,BE SEMICONDUCTOR INDUSTRIES,0.000482545559348,0.0,AZ ,Information Technology,NL0012866412,BG0SCK9,BESI NA Equity,NL ,EUR,1.591419,,11/7/2025
20251107,A80,Etica Rendita Bilanciata,3466,COGNIZANT TECH SOLUTIONS-A,0.000475344022274,0.0,AZ ,Information Technology,US1924461023,2257019,CTSH US Equity,US ,USD,1.591419,,11/7/2025
20251107,A80,Etica Rendita Bilanciata,312,INGERSOLL-RAND INC,0.00047242255722,0.0,AZ ,Industrials,US45687V1061,BL5GZ82,IR UN Equity,US ,USD,1.591419,,11/7/2025
20251107,A80,Etica Rendita Bilanciata,17956,RENESAS ELECTRONICS CORP,0.000458231603466,0.0,AZ ,Information Technology,JP3164720009,6635677,6723 JP Equity,JP ,JPY,1.591419,,11/7/2025
20251107,A80,Etica Rendita Bilanciata,44974,LEGRAND SA,0.000444354686798,0.0,AZ ,Industrials,FR0010307819,B11ZRK9,LR FP Equity,FR ,EUR,1.591419,,11/7/2025
20251107,A80,Etica Rendita Bilanciata,2297,AVALONBAY COMMUNITIES INC,0.000430846327622,0.0,AZ ,Real Estate,US0534841012,2131179,AVB US Equity,US ,USD,1.591419,,11/7/2025
20251107,A80,Etica Rendita Bilanciata,211955,TECHNOGYM SPA,0.00042810504297,0.0,AZ ,Consumer Discretionary,IT0005162406,BD9Y5C0,TGYM IM Equity,IT ,EUR,1.591419,,11/7/2025
20251107,A80,Etica Rendita Bilanciata,4106,ZIMMER BIOMET HOLDINGS INC,0.000413261639488,0.0,AZ ,Health Care,US98956P1021,2783815,ZBH US Equity,US ,USD,1.591419,,11/7/2025
20251107,A80,Etica Rendita Bilanciata,31968,PENTAIR PLC,0.000401001751317,0.0,AZ ,Industrials,IE00BLS09M33,BLS09M3,PNR UN Equity,US ,USD,1.591419,,11/7/2025
20251107,A80,Etica Rendita Bilanciata,235835,RAI WAY SPA,0.000399568809633,0.0,AZ ,Communication Services,IT0005054967,BSM8WL2,RWAY IM Equity,IT ,EUR,1.591419,,11/7/2025
20251107,A80,Etica Rendita Bilanciata,1122,AJINOMOTO CO INC,0.000394556341934,0.0,AZ ,Consumer Staples,JP3119600009,6010906,2802 JP Equity,JP ,JPY,1.591419,,11/7/2025
20251107,A80,Etica Rendita Bilanciata,235231,ORANGE SA ORAFP 5 PERP,0.000389805355412,0.0,OB ,INDUSTRIAL,XS1115498260,,EK5085239 Corp,FR ,EUR,1.591419,B,11/7/2025
20251107,A80,Etica Rendita Bilanciata,164722,DKK,0.000389723004648,0.0,LQ ,CASH,,,DKK,DK ,DKK,1.591419,,11/7/2025
20251107,A80,Etica Rendita Bilanciata,50261,DIASORIN SPA,0.000367465864666,0.0,AZ ,Health Care,IT0003492391,B234WN9,DIA IM Equity,IT ,EUR,1.591419,,11/7/2025
20251107,A80,Etica Rendita Bilanciata,58590,SYSMEX CORP,0.000357700886267,0.0,AZ ,Health Care,JP3351100007,6883807,6869 JP Equity,JP ,JPY,1.591419,,11/7/2025
20251107,A80,Etica Rendita Bilanciata,411893,BONOS Y OBLIG DEL ESTADO SPGB 0 1/2 04/30/30,0.00032538716444,0.0,OB ,SOVEREIGN,ES0000012F76,,ZP4820285 Govt,ES ,EUR,1.591419,A,11/7/2025
20251107,A80,Etica Rendita Bilanciata,1093,LENDLEASE GROUP,0.000297729670434,0.0,AZ ,Real Estate,AU000000LLC3,6512004,LLC AU Equity,AU ,AUD,1.591419,,11/7/2025
20251107,A80,Etica Rendita Bilanciata,485685,AMGEN INC AMGN 3 02/22/29,0.000283814942866,0.0,OB ,INDUSTRIAL,US031162DD92,,BU6349577 Corp,US ,USD,1.591419,B,11/7/2025
20251107,A80,Etica Rendita Bilanciata,677,BIOGEN INC,0.000247265948556,0.0,AZ ,Health Care,US09062X1037,2455965,BIIB US Equity,US ,USD,1.591419,,11/7/2025
20251107,A80,Etica Rendita Bilanciata,1024,SSE PLC,0.000243196777588,0.0,AZ ,Utilities,GB0007908733,790873,SSE LN Equity,GB ,GBP,1.591419,,11/7/2025
20251107,A80,Etica Rendita Bilanciata,23349,CORBION NV,0.000237631315589,0.0,AZ ,Materials,NL0010583399,BFRSRR7,CRBN NA Equity,NL ,EUR,1.591419,,11/7/2025
20251107,A80,Etica Rendita Bilanciata,58681,JONES LANG LASALLE INC,0.000212732380251,0.0,AZ ,Real Estate,US48020Q1076,2040640,JLL US Equity,US ,USD,1.591419,,11/7/2025
20251107,A80,Etica Rendita Bilanciata,247914,INFRASTRUTTURE WIRELESS ITAL,0.00020801484661,0.0,AZ ,Communication Services,IT0005090300,BZ0P4R4,INW IM Equity,IT ,EUR,1.591419,,11/7/2025
20251107,A80,Etica Rendita Bilanciata,3672,AMPLIFON SPA,0.000204522424537,0.0,AZ ,Health Care,IT0004056880,B14NJ71,AMP IM Equity,IT ,EUR,1.591419,,11/7/2025
20251107,A80,Etica Rendita Bilanciata,63,HERA SPA,0.000168741356184,0.0,AZ ,Utilities,IT0001250932,7598003,HER IM Equity,IT ,EUR,1.591419,,11/7/2025
20251107,A80,Etica Rendita Bilanciata,3245,EDP SA,0.000162128592075,0.0,AZ ,Utilities,PTEDP0AM0009,4103596,EDP PL Equity,PT ,EUR,1.591419,,11/7/2025
20251107,A80,Etica Rendita Bilanciata,164960,NOK,0.000159069352634,0.0,LQ ,CASH,,,NOK,NO ,NOK,1.591419,,11/7/2025
20251107,A80,Etica Rendita Bilanciata,3321,BXP INC,0.00015691209906,0.0,AZ ,Real Estate,US1011211018,2019479,BXP US Equity,US ,USD,1.591419,,11/7/2025
20251107,A80,Etica Rendita Bilanciata,48675,PRYSMIAN SPA,0.00015072086609,0.0,AZ ,Industrials,IT0004176001,B1W4V69,PRY IM Equity,IT ,EUR,1.591419,,11/7/2025
20251107,A80,Etica Rendita Bilanciata,3476,A2A SPA,0.000111284954757,0.0,AZ ,Utilities,IT0001233417,5499131,A2A IM Equity,IT ,EUR,1.591419,,11/7/2025
20251107,A80,Etica Rendita Bilanciata,164726,SEK,0.000110766497197,0.0,LQ ,CASH,,,SEK,SE ,SEK,1.591419,,11/7/2025
20251107,A80,Etica Rendita Bilanciata,447577,STORA ENSO OYJ STERV 0 5/8 12/02/30,0.000101639167066,0.0,OB ,INDUSTRIAL,XS2265360359,,BM7557275 Corp,FI ,EUR,1.591419,B,11/7/2025
20251107,A80,Etica Rendita Bilanciata,314765,PIRELLI & C SPA,0.000050802066778,0.0,AZ ,Consumer Discretionary,IT0005278236,BZ5ZHK3,PIRC IM Equity,IT ,EUR,1.591419,,11/7/2025
20251107,A80,Etica Rendita Bilanciata,50594,BROADCOM INC,0.0,0.005788221,AZ ,Information Technology,US11135F1012,BDZ78H9,AVGO US Equity,US ,USD,1.591419,,11/7/2025
20251107,A80,Etica Rendita Bilanciata,3255,AMAZON.COM INC,0.0,0.00865725,AZ ,Consumer Discretionary,US0231351067,2000019,AMZN US Equity,US ,USD,1.591419,,11/7/2025
20251107,A80,Etica Rendita Bilanciata,553,MICROSOFT CORP,0.0,0.013004784,AZ ,Information Technology,US5949181045,2588173,MSFT US Equity,US ,USD,1.591419,,11/7/2025
20251107,A80,Etica Rendita Bilanciata,534,APPLE INC,0.0,0.014865111,AZ ,Information Technology,US0378331005,2046251,AAPL US Equity,US ,USD,1.591419,,11/7/2025
20251107,A80,Etica Rendita Bilanciata,568369,FRENCH DISCOUNT T-BILL BTF 0 01/14/26,0.0,0.006157455,OB ,SOVEREIGN,FR0128983980,,YN8205323 Govt,FR ,EUR,1.591419,A,11/7/2025
20251107,A80,Etica Rendita Bilanciata,51421,FRENCH DISCOUNT T-BILL BTF 0 12/31/25,0.0,0.0085255125,OB ,SOVEREIGN,FR0128690742,,YS3714856 Govt,FR ,EUR,1.591419,A,11/7/2025
20251107,A80,Etica Rendita Bilanciata,28663,ALPHABET INC-CL C,0.0,0.005094375,AZ ,Communication Services,US02079K1079,BYY88Y7,GOOG US Equity,US ,USD,1.591419,,11/7/2025
20251107,A80,Etica Rendita Bilanciata,227088,ALPHABET INC-CL A,0.0,0.00601596,AZ ,Communication Services,US02079K3059,BYVY8G0,GOOGL US Equity,US ,USD,1.591419,,11/7/2025
20251107,A80,Etica Rendita Bilanciata,553272,GERMAN TREASURY BILL BUBILL 0 01/14/26,0.0,0.0062019725,OB ,SOVEREIGN,DE000BU0E246,,YS4477537 Govt,DE ,EUR,1.591419,A,11/7/2025
20251107,A80,Etica Rendita Bilanciata,164736,DEBITI COMPENSO REVISIONE,-0.000005448664816,0.0,CD ,CASH,,,DEBITI COMPENSO REVISIONE,5A ,EUR,1.591419,,11/7/2025
20251107,A80,Etica Rendita Bilanciata,164733,DEBITI COMMISSIONE GESTIONE,-0.000010120394091,0.0,CD ,CASH,,,DEBITI COMMISSIONE GESTIONE,5A ,EUR,1.591419,,11/7/2025
20251107,A80,Etica Rendita Bilanciata,164730,DEBITI COMMISSIONE DEPOSITARIA,-0.000107097293075,0.0,CD ,CASH,,,DEBITI COMMISSIONE DEPOSITARIA,5A ,EUR,1.591419,,11/7/2025
20251107,A80,Etica Rendita Bilanciata,179420,DEBITI COMMISSIONE AMMINISTRAZIONE,-0.002280128163257,0.0,CD ,CASH,,,DEBITI COMMISSIONE AMMINISTRAZIONE,5A ,EUR,1.591419,,11/7/2025
20251107,A80,Etica Rendita Bilanciata,571448,Euro-BTP Future   Dec25,-0.006831703788907,0.0,FU ,SOVEREIGN,,,IKZ5 Comdty,IT ,EUR,1.591419,,11/7/2025
20251107,A80,Etica Rendita Bilanciata,571447,EURO-BOBL FUTURE  Dec25,-0.046279808543796,0.0,FU ,SOVEREIGN,,,OEZ5 Comdty,DE ,EUR,1.591419,,11/7/2025
20251107,A81,Etica Obbligazionario Breve Termine,462754,BUONI POLIENNALI DEL TES BTPS 0 1/2 07/15/28,0.098222479772712,0.0,OB ,SOVEREIGN,IT0005445306,,BP4786771 Govt,IT ,EUR,0.260183,B,11/7/2025
20251107,A81,Etica Obbligazionario Breve Termine,535701,BUNDESOBLIGATION OBL 2.1 04/12/29,0.09349364437478,0.0,OB ,SOVEREIGN,DE000BU35025,,ZB6879496 Govt,DE ,EUR,0.260183,A,11/7/2025
20251107,A81,Etica Obbligazionario Breve Termine,512182,BUONI POLIENNALI DEL TES BTPS 3.8 08/01/28,0.08981835497909,0.0,OB ,SOVEREIGN,IT0005548315,,ZK7965575 Govt,IT ,EUR,0.260183,B,11/7/2025
20251107,A81,Etica Obbligazionario Breve Termine,567423,BUONI POLIENNALI DEL TES BTPS 2.1 08/26/27,0.085792416407538,0.0,OB ,SOVEREIGN,IT0005657330,,YN6216934 Govt,IT ,EUR,0.260183,B,11/7/2025
20251107,A81,Etica Obbligazionario Breve Termine,51437,FRENCH DISCOUNT T-BILL BTF 0 02/25/26,0.085034875672366,0.0,OB ,SOVEREIGN,FR0128838507,,YR7593696 Govt,FR ,EUR,0.260183,A,11/7/2025
20251107,A81,Etica Obbligazionario Breve Termine,546717,BUNDESSCHATZANWEISUNGEN BKO 2 12/10/26,0.069877669739224,0.0,OB ,SOVEREIGN,DE000BU22072,,YU5618308 Govt,DE ,EUR,0.260183,A,11/7/2025
20251107,A81,Etica Obbligazionario Breve Termine,549395,CCTS EU CCTS 3.203 04/15/33,0.052679758593274,0.0,OB ,SOVEREIGN,IT0005620460,,YU7984120 Govt,IT ,EUR,0.260183,B,11/7/2025
20251107,A81,Etica Obbligazionario Breve Termine,5546,BUONI POLIENNALI DEL TES BTPS 2.95 02/15/27,0.052203136400011,0.0,OB ,SOVEREIGN,IT0005580045,,ZF2286036 Govt,IT ,EUR,0.260183,B,11/7/2025
20251107,A81,Etica Obbligazionario Breve Termine,503634,BONOS Y OBLIG DEL ESTADO SPGB 2.8 05/31/26,0.052159010855474,0.0,OB ,SOVEREIGN,ES0000012L29,,ZM2692899 Govt,ES ,EUR,0.260183,A,11/7/2025
20251107,A81,Etica Obbligazionario Breve Termine,555854,TREASURY CERTIFICATES BGTB 0 02/12/26,0.051063012136578,0.0,OB ,SOVEREIGN,BE0312809818,,YT9222597 Govt,BE ,EUR,0.260183,A,11/7/2025
20251107,A81,Etica Obbligazionario Breve Termine,350454,FRANCE (GOVT OF) FRTR 0 3/4 11/25/28,0.049291783622693,0.0,OB ,SOVEREIGN,FR0013341682,,AS9078385 Govt,FR ,EUR,0.260183,A,11/7/2025
20251107,A81,Etica Obbligazionario Breve Termine,128733,BUONI POLIENNALI DEL TES BTPS 2.7 10/15/27,0.044990610202787,0.0,OB ,SOVEREIGN,IT0005622128,,YT1232321 Govt,IT ,EUR,0.260183,B,11/7/2025
20251107,A81,Etica Obbligazionario Breve Termine,571126,AUSTRIAN T-BILL RATB 0 11/27/25,0.042734714873221,0.0,OB ,SOVEREIGN,AT0000A3MUA7,,YL5192205 Govt,AT ,EUR,0.260183,A,11/7/2025
20251107,A81,Etica Obbligazionario Breve Termine,237565,BUONI POLIENNALI DEL TES BTPS 0 1/4 03/15/28,0.036008643253981,0.0,OB ,SOVEREIGN,IT0005433690,,BN4718670 Govt,IT ,EUR,0.260183,B,11/7/2025
20251107,A81,Etica Obbligazionario Breve Termine,552630,BUONI POLIENNALI DEL TES BTPS 2.55 02/25/27,0.034576739436788,0.0,OB ,SOVEREIGN,IT0005633794,,YS9432586 Govt,IT ,EUR,0.260183,B,11/7/2025
20251107,A81,Etica Obbligazionario Breve Termine,574251,AUSTRIAN T-BILL RATB 0 03/26/26,0.033974943052849,0.0,OB ,SOVEREIGN,AT0000A3MUC3,,YK2495496 Govt,AT ,EUR,0.260183,A,11/7/2025
20251107,A81,Etica Obbligazionario Breve Termine,164723,EUR,0.015248266602498,0.0,LQ ,CASH,,,EUR,5A ,EUR,0.260183,,11/7/2025
20251107,A81,Etica Obbligazionario Breve Termine,242517,FRANCE (GOVT OF) FRTR 1 11/25/25,0.004315501967969,0.0,OB ,SOVEREIGN,FR0012938116,,UV7155053 Govt,FR ,EUR,0.260183,A,11/7/2025
20251107,A81,Etica Obbligazionario Breve Termine,406011,ERG SPA ERGIM 0 1/2 09/11/27,0.001977010569158,0.0,OB ,UTILITY,XS2229434852,,ZO3431582 Corp,IT ,EUR,0.260183,NR,11/7/2025
20251107,A81,Etica Obbligazionario Breve Termine,540611,BUNDESOBLIGATION OBL 2 1/2 10/11/29,0.001735854169847,0.0,OB ,SOVEREIGN,DE000BU25034,,YW3193078 Govt,DE ,EUR,0.260183,A,11/7/2025
20251107,A81,Etica Obbligazionario Breve Termine,496185,BUNDESOBLIGATION OBL 1.3 10/15/27,0.001691833944794,0.0,OB ,SOVEREIGN,DE0001030740,,BY5766682 Govt,DE ,EUR,0.260183,A,11/7/2025
20251107,A81,Etica Obbligazionario Breve Termine,443609,ORANGE SA ORAFP 1 3/4 PERP,0.001638427522825,0.0,OB ,INDUSTRIAL,FR00140005L7,,ZO8379513 Corp,FR ,EUR,0.260183,B,11/7/2025
20251107,A81,Etica Obbligazionario Breve Termine,235231,ORANGE SA ORAFP 5 PERP,0.000985640290099,0.0,OB ,INDUSTRIAL,XS1115498260,,EK5085239 Corp,FR ,EUR,0.260183,B,11/7/2025
20251107,A81,Etica Obbligazionario Breve Termine,15530,BUNDESREPUB. DEUTSCHLAND DBR 4 3/4 07/04/28,0.000929318934148,0.0,OB ,SOVEREIGN,DE0001135085,,EC0518513 Govt,DE ,EUR,0.260183,A,11/7/2025
20251107,A81,Etica Obbligazionario Breve Termine,172066,ALLINEAMENTO NAV,0.000140794117109,0.0,OT ,CASH,,,ALLINEAMENTO NAV,5A ,EUR,0.260183,,11/7/2025
20251107,A81,Etica Obbligazionario Breve Termine,164724,GBP,0.000066474352615,0.0,LQ ,CASH,,,GBP,GB ,GBP,0.260183,,11/7/2025
20251107,A81,Etica Obbligazionario Breve Termine,164955,CHF,0.00006017496095,0.0,LQ ,CASH,,,CHF,CH ,CHF,0.260183,,11/7/2025
20251107,A81,Etica Obbligazionario Breve Termine,164727,USD,0.000050291901065,0.0,LQ ,CASH,,,USD,US ,USD,0.260183,,11/7/2025
20251107,A81,Etica Obbligazionario Breve Termine,491786,FRANCE (GOVT OF) FRTR 0 3/4 02/25/28,0.0,0.02077082137601,OB ,SOVEREIGN,FR001400AIN5,,BW5677461 Govt,FR ,EUR,0.260183,A,11/7/2025
20251107,A81,Etica Obbligazionario Breve Termine,238514,FRANCE (GOVT OF) FRTR 0 1/4 11/25/26,0.0,0.015402862494672,OB ,SOVEREIGN,FR0013200813,,QZ3583536 Govt,FR ,EUR,0.260183,A,11/7/2025
20251107,A81,Etica Obbligazionario Breve Termine,556715,FRANCE (GOVT OF) FRTR 2.4 09/24/28,0.0,0.016752964660568,OB ,SOVEREIGN,FR001400XLW2,,YR5532134 Govt,FR ,EUR,0.260183,A,11/7/2025
20251107,A81,Etica Obbligazionario Breve Termine,461447,FRANCE (GOVT OF) FRTR 0 02/25/27,0.0,0.018500078960178,OB ,SOVEREIGN,FR0014003513,,BP1321176 Govt,FR ,EUR,0.260183,A,11/7/2025
20251107,A81,Etica Obbligazionario Breve Termine,195250,FRANCE (GOVT OF) FRTR 2 3/4 10/25/27,0.0,0.025941724346488,OB ,SOVEREIGN,FR0011317783,,EJ3468919 Govt,FR ,EUR,0.260183,A,11/7/2025
20251107,A81,Etica Obbligazionario Breve Termine,514985,BUNDESOBLIGATION OBL 2.4 10/19/28,0.0,0.012358792030718,OB ,SOVEREIGN,DE000BU25018,,ZK8854448 Govt,DE ,EUR,0.260183,A,11/7/2025
20251107,A81,Etica Obbligazionario Breve Termine,528469,FRANCE (GOVT OF) FRTR 2 1/2 09/24/27,0.0,0.01852618777511,OB ,SOVEREIGN,FR001400NBC6,,ZF3221552 Govt,FR ,EUR,0.260183,A,11/7/2025
20251107,A81,Etica Obbligazionario Breve Termine,314764,FRANCE (GOVT OF) FRTR 0 3/4 05/25/28,0.0,0.026901572966071,OB ,SOVEREIGN,FR0013286192,,AP3656380 Govt,FR ,EUR,0.260183,A,11/7/2025
20251107,A81,Etica Obbligazionario Breve Termine,300380,FRANCE (GOVT OF) FRTR 1 05/25/27,0.0,0.018076992097914,OB ,SOVEREIGN,FR0013250560,,AN0904697 Govt,FR ,EUR,0.260183,A,11/7/2025
20251107,A81,Etica Obbligazionario Breve Termine,212460,FRANCE (GOVT OF) FRTR 2 1/2 09/24/26,0.0,0.013454935353606,OB ,SOVEREIGN,FR001400FYQ4,,ZL0049946 Govt,FR ,EUR,0.260183,A,11/7/2025
20251107,A81,Etica Obbligazionario Breve Termine,164736,DEBITI COMPENSO REVISIONE,-0.000011008726021,0.0,CD ,CASH,,,DEBITI COMPENSO REVISIONE,5A ,EUR,0.260183,,11/7/2025
20251107,A81,Etica Obbligazionario Breve Termine,164730,DEBITI COMMISSIONE DEPOSITARIA,-0.000052096566496,0.0,CD ,CASH,,,DEBITI COMMISSIONE DEPOSITARIA,5A ,EUR,0.260183,,11/7/2025
20251107,A81,Etica Obbligazionario Breve Termine,164733,DEBITI COMMISSIONE GESTIONE,-0.000098428242838,0.0,CD ,CASH,,,DEBITI COMMISSIONE GESTIONE,5A ,EUR,0.260183,,11/7/2025
20251107,A81,Etica Obbligazionario Breve Termine,179420,DEBITI COMMISSIONE AMMINISTRAZIONE,-0.000599849171085,0.0,CD ,CASH,,,DEBITI COMMISSIONE AMMINISTRAZIONE,5A ,EUR,0.260183,,11/7/2025
20251107,A82,Etica Obbligazionario Misto,535701,BUNDESOBLIGATION OBL 2.1 04/12/29,0.065744198399625,0.0,OB ,SOVEREIGN,DE000BU35025,,ZB6879496 Govt,DE ,EUR,0.79817,A,11/7/2025
20251107,A82,Etica Obbligazionario Misto,510744,BUNDESREPUB. DEUTSCHLAND DBR 2.3 02/15/33,0.062277806394461,0.0,OB ,SOVEREIGN,DE000BU3Z005,,ZK3512736 Govt,DE ,EUR,0.79817,A,11/7/2025
20251107,A82,Etica Obbligazionario Misto,28895,FUT_EUR (Nozionale),0.059356686216274,0.0,NB ,CASH,,,FUT_EUR (Nozionale),5A ,EUR,0.79817,,11/7/2025
20251107,A82,Etica Obbligazionario Misto,212675,BUONI POLIENNALI DEL TES BTPS 4.05 10/30/37,0.039305270568713,0.0,OB ,SOVEREIGN,IT0005596470,,YX0762808 Govt,IT ,EUR,0.79817,B,11/7/2025
20251107,A82,Etica Obbligazionario Misto,510414,REPUBLIC OF AUSTRIA RAGB 2.9 05/23/29,0.037928444659407,0.0,OB ,SOVEREIGN,AT0000A33SH3,,ZK2454146 Govt,AT ,EUR,0.79817,A,11/7/2025
20251107,A82,Etica Obbligazionario Misto,292486,FRANCE (GOVT OF) FRTR 1 3/4 06/25/39,0.035143067999618,0.0,OB ,SOVEREIGN,FR0013234333,,AL9974240 Govt,FR ,EUR,0.79817,A,11/7/2025
20251107,A82,Etica Obbligazionario Misto,496185,BUNDESOBLIGATION OBL 1.3 10/15/27,0.033214146467062,0.0,OB ,SOVEREIGN,DE0001030740,,BY5766682 Govt,DE ,EUR,0.79817,A,11/7/2025
20251107,A82,Etica Obbligazionario Misto,571738,BUONI POLIENNALI DEL TES BTPS 3 1/4 11/15/32,0.031953190471084,0.0,OB ,SOVEREIGN,IT0005668220,,YL7910596 Govt,IT ,EUR,0.79817,B,11/7/2025
20251107,A82,Etica Obbligazionario Misto,578009,BUONI POLIENNALI DEL TES BTPS 3.45 02/01/36,0.030954156335487,0.0,OB ,SOVEREIGN,IT0005676504,,YJ6499398 Govt,IT ,EUR,0.79817,B,11/7/2025
20251107,A82,Etica Obbligazionario Misto,556680,FRANCE (GOVT OF) FRTR 3.2 05/25/35,0.030455441788309,0.0,OB ,SOVEREIGN,FR001400X8V5,,YR1561277 Govt,FR ,EUR,0.79817,A,11/7/2025
20251107,A82,Etica Obbligazionario Misto,509810,BUONI POLIENNALI DEL TES BTPS 4 10/30/31,0.030172784675282,0.0,OB ,SOVEREIGN,IT0005542359,,ZK0285476 Govt,IT ,EUR,0.79817,B,11/7/2025
20251107,A82,Etica Obbligazionario Misto,442342,BUNDESREPUB. DEUTSCHLAND DBR 0 08/15/30,0.029333532933922,0.0,OB ,SOVEREIGN,DE0001030708,,ZO2919926 Govt,DE ,EUR,0.79817,A,11/7/2025
20251107,A82,Etica Obbligazionario Misto,406188,BONOS Y OBLIG DEL ESTADO SPGB 1 07/30/42,0.023735272051263,0.0,OB ,SOVEREIGN,ES0000012J07,,BR3246377 Govt,ES ,EUR,0.79817,A,11/7/2025
20251107,A82,Etica Obbligazionario Misto,5650,BUONI POLIENNALI DEL TES BTPS 3.6 10/01/35,0.022537746301187,0.0,OB ,SOVEREIGN,IT0005648149,,YP9041896 Govt,IT ,EUR,0.79817,B,11/7/2025
20251107,A82,Etica Obbligazionario Misto,571126,AUSTRIAN T-BILL RATB 0 11/27/25,0.022078144782336,0.0,OB ,SOVEREIGN,AT0000A3MUA7,,YL5192205 Govt,AT ,EUR,0.79817,A,11/7/2025
20251107,A82,Etica Obbligazionario Misto,405974,BUONI POLIENNALI DEL TES BTPS 1.65 12/01/30,0.019071023231021,0.0,OB ,SOVEREIGN,IT0005413171,,BJ8379114 Govt,IT ,EUR,0.79817,B,11/7/2025
20251107,A82,Etica Obbligazionario Misto,406149,CAISSE D'AMORT DETTE SOC CADES 0 11/25/26,0.017635490400063,0.0,OB ,Quasi & Foreign Government,FR0014004016,,BP9677991 Govt,FR ,EUR,0.79817,A,11/7/2025
20251107,A82,Etica Obbligazionario Misto,51091,BONOS Y OBLIG DEL ESTADO SPGB 0.8 07/30/27,0.017348417392916,0.0,OB ,SOVEREIGN,ES0000012G26,,BH2918028 Govt,ES ,EUR,0.79817,A,11/7/2025
20251107,A82,Etica Obbligazionario Misto,344928,IRELAND GOVERNMENT BOND IRISH 1.35 03/18/31,0.016896632697407,0.0,OB ,SOVEREIGN,IE00BFZRQ242,,AU9204705 Govt,IE ,EUR,0.79817,A,11/7/2025
20251107,A82,Etica Obbligazionario Misto,239153,BUNDESREPUB. DEUTSCHLAND DBR 0 08/15/31,0.015516639034494,0.0,OB ,SOVEREIGN,DE0001030732,,BR2433760 Govt,DE ,EUR,0.79817,A,11/7/2025
20251107,A82,Etica Obbligazionario Misto,128479,BELGIUM KINGDOM BGB 3.3 06/22/54,0.015399909144116,0.0,OB ,SOVEREIGN,BE0000358672,,ZL0747895 Govt,BE ,EUR,0.79817,A,11/7/2025
20251107,A82,Etica Obbligazionario Misto,185030,NETHERLANDS GOVERNMENT NETHER 0 1/2 01/15/40,0.013744417286447,0.0,OB ,SOVEREIGN,NL0013552060,,ZS0947771 Govt,NL ,EUR,0.79817,A,11/7/2025
20251107,A82,Etica Obbligazionario Misto,406148,AGENCE FRANCAISE DEVELOP AGFRNC 0.01 11/25/28,0.01308555375701,0.0,OB ,Quasi & Foreign Government,FR0014003YN1,,BP9619894 Govt,FR ,EUR,0.79817,A,11/7/2025
20251107,A82,Etica Obbligazionario Misto,238905,BONOS Y OBLIG DEL ESTADO SPGB 1.85 07/30/35,0.011911505391016,0.0,OB ,SOVEREIGN,ES0000012E69,,AX4147556 Govt,ES ,EUR,0.79817,A,11/7/2025
20251107,A82,Etica Obbligazionario Misto,560705,FRANCE (GOVT OF) FRTR 2.7 02/25/31,0.011655945996103,0.0,OB ,SOVEREIGN,FR001400Z2L7,,YP4842306 Govt,FR ,EUR,0.79817,A,11/7/2025
20251107,A82,Etica Obbligazionario Misto,237713,BUONI POLIENNALI DEL TES BTPS 4 04/30/35,0.010477013316488,0.0,OB ,SOVEREIGN,IT0005508590,,BY8794178 Govt,IT ,EUR,0.79817,B,11/7/2025
20251107,A82,Etica Obbligazionario Misto,462761,BUNDESREPUB. DEUTSCHLAND DBR 0 08/15/50,0.01022821327437,0.0,OB ,SOVEREIGN,DE0001030724,,BP4742659 Govt,DE ,EUR,0.79817,A,11/7/2025
20251107,A82,Etica Obbligazionario Misto,504096,NEDER WATERSCHAPSBANK NEDWBK 2 3/4 12/17/29,0.009158259740443,0.0,OB ,Quasi & Foreign Government,XS2579321337,,ZM4811604 Govt,NL ,EUR,0.79817,A,11/7/2025
20251107,A82,Etica Obbligazionario Misto,481243,CAISSE D'AMORT DETTE SOC CADES 0.45 01/19/32,0.008176657658561,0.0,OB ,Quasi & Foreign Government,FR0014007RB1,,BT4620824 Govt,FR ,EUR,0.79817,A,11/7/2025
20251107,A82,Etica Obbligazionario Misto,3458,NVIDIA CORP,0.008069084301702,0.005673041,AZ ,Information Technology,US67066G1040,2379504,NVDA US Equity,US ,USD,0.79817,,11/7/2025
20251107,A82,Etica Obbligazionario Misto,504092,EDP SA EDPPL 5.943 04/23/2083,0.007700398981038,0.0,OB ,UTILITY,PTEDP4OM0025,,ZM4793893 Corp,PT ,EUR,0.79817,C,11/7/2025
20251107,A82,Etica Obbligazionario Misto,498660,KONINKLIJKE KPN NV KPN 6 PERP,0.007329089729821,0.0,OB ,INDUSTRIAL,XS2486270858,,BZ0016577 Corp,NL ,EUR,0.79817,C,11/7/2025
20251107,A82,Etica Obbligazionario Misto,335490,LANDWIRTSCH. RENTENBANK RENTEN 0 06/30/31,0.006882176354939,0.0,OB ,Quasi & Foreign Government,XS2359292955,,BQ1979823 Corp,DE ,EUR,0.79817,A,11/7/2025
20251107,A82,Etica Obbligazionario Misto,335961,REPUBLIC OF AUSTRIA RAGB 2.9 02/20/34,0.006783784492289,0.0,OB ,SOVEREIGN,AT0000A39UW5,,ZF4061056 Govt,AT ,EUR,0.79817,A,11/7/2025
20251107,A82,Etica Obbligazionario Misto,335524,AGENCE FRANCAISE DEVELOP AGFRNC 0 1/8 09/29/31,0.006670922704367,0.0,OB ,Quasi & Foreign Government,FR0014005NA6,,BR5562094 Govt,FR ,EUR,0.79817,A,11/7/2025
20251107,A82,Etica Obbligazionario Misto,454914,BUONI POLIENNALI DEL TES BTPS 1 1/2 04/30/45,0.006475284077188,0.0,OB ,SOVEREIGN,IT0005438004,,BO3833387 Govt,IT ,EUR,0.79817,B,11/7/2025
20251107,A82,Etica Obbligazionario Misto,427990,BONOS Y OBLIG DEL ESTADO SPGB 1 1/4 10/31/30,0.005821044860088,0.0,OB ,SOVEREIGN,ES0000012G34,,BJ0516218 Govt,ES ,EUR,0.79817,A,11/7/2025
20251107,A82,Etica Obbligazionario Misto,433678,BONOS Y OBLIG DEL ESTADO SPGB 1.2 10/31/40,0.005770083291475,0.0,OB ,SOVEREIGN,ES0000012G42,,BJ9478998 Govt,ES ,EUR,0.79817,A,11/7/2025
20251107,A82,Etica Obbligazionario Misto,459171,EUROPEAN UNION EU 0.2 06/04/36,0.005736963895544,0.0,OB ,Quasi & Foreign Government,EU000A3KM903,,BO4675365 Govt,SNA,EUR,0.79817,A,11/7/2025
20251107,A82,Etica Obbligazionario Misto,335696,BELGIUM KINGDOM BGB 2 3/4 04/22/39,0.005670760706252,0.0,OB ,SOVEREIGN,BE0000356650,,BZ0281957 Govt,BE ,EUR,0.79817,A,11/7/2025
20251107,A82,Etica Obbligazionario Misto,212348,EDP SA EDPPL 1 1/2 03/14/2082,0.005500996590847,0.0,OB ,UTILITY,PTEDPXOM0021,,BR3181418 Corp,PT ,EUR,0.79817,C,11/7/2025
20251107,A82,Etica Obbligazionario Misto,335439,FRANCE (GOVT OF) FRTR 0 1/2 06/25/44,0.005470960211228,0.0,OB ,SOVEREIGN,FR0014002JM6,,BO6060129 Govt,FR ,EUR,0.79817,A,11/7/2025
20251107,A82,Etica Obbligazionario Misto,510999,COUNCIL OF EUROPE COE 2 7/8 04/13/30,0.005463015676486,0.0,OB ,Quasi & Foreign Government,XS2610236528,,ZK0252484 Corp,SNA,EUR,0.79817,A,11/7/2025
20251107,A82,Etica Obbligazionario Misto,237094,BONOS Y OBLIG DEL ESTADO SPGB 3.45 07/30/66,0.005450016505009,0.0,OB ,SOVEREIGN,ES00000128E2,,LW0882867 Govt,ES ,EUR,0.79817,A,11/7/2025
20251107,A82,Etica Obbligazionario Misto,335644,CAISSE D'AMORT DETTE SOC CADES 1 1/2 05/25/32,0.005275656803273,0.0,OB ,Quasi & Foreign Government,FR001400A3H2,,BW1169877 Govt,FR ,EUR,0.79817,A,11/7/2025
20251107,A82,Etica Obbligazionario Misto,492477,BONOS Y OBLIG DEL ESTADO SPGB 2.55 10/31/32,0.005218776466652,0.0,OB ,SOVEREIGN,ES0000012K61,,BX0275376 Govt,ES ,EUR,0.79817,A,11/7/2025
20251107,A82,Etica Obbligazionario Misto,49992,BONOS Y OBLIG DEL ESTADO SPGB 4.9 07/30/40,0.005143212965978,0.0,OB ,SOVEREIGN,ES00000120N0,,EG5611157 Govt,ES ,EUR,0.79817,A,11/7/2025
20251107,A82,Etica Obbligazionario Misto,492162,KOMMUNEKREDIT KOMMUN 1 1/2 05/16/29,0.005096454294784,0.0,OB ,Quasi & Foreign Government,XS2489343793,,BW8977538 Govt,DK ,EUR,0.79817,A,11/7/2025
20251107,A82,Etica Obbligazionario Misto,411899,Etica Sustainable Global Equity - Class S,0.00467498907588,0.0,FO ,No Sector,LU2052491334,,MUSGESE LX Equity,DEV,MUL,0.79817,,11/7/2025
20251107,A82,Etica Obbligazionario Misto,406118,CAISSE FRANCAISE DE FIN CAFFIL 0.01 04/27/29,0.004450508805747,0.0,OB ,Covered,FR00140033E4,,BP1529455 Govt,FR ,EUR,0.79817,A,11/7/2025
20251107,A82,Etica Obbligazionario Misto,567423,BUONI POLIENNALI DEL TES BTPS 2.1 08/26/27,0.004432315495214,0.0,OB ,SOVEREIGN,IT0005657330,,YN6216934 Govt,IT ,EUR,0.79817,B,11/7/2025
20251107,A82,Etica Obbligazionario Misto,414446,TELEFONICA EUROPE BV TELEFO 2.502 PERP,0.004406347884666,0.0,OB ,INDUSTRIAL,XS2109819859,,ZP7077248 Corp,ES ,EUR,0.79817,C,11/7/2025
20251107,A82,Etica Obbligazionario Misto,164723,EUR,0.004241596059445,0.0,LQ ,CASH,,,EUR,5A ,EUR,0.79817,,11/7/2025
20251107,A82,Etica Obbligazionario Misto,405921,Etica Sustainable Dynamic Allocation - Class S,0.004043881364082,0.0,FO ,No Sector,LU2052490872,,MUSDASE LX Equity,DEV,MUL,0.79817,,11/7/2025
20251107,A82,Etica Obbligazionario Misto,336003,TELEFONICA EUROPE BV TELEFO 5.7522 PERP,0.003855346236085,0.0,OB ,INDUSTRIAL,XS2755535577,,ZD4852251 Corp,ES ,EUR,0.79817,C,11/7/2025
20251107,A82,Etica Obbligazionario Misto,237464,INFINEON TECHNOLOGIES AG IFXGR 3 5/8 PERP,0.003633863767667,0.0,OB ,INDUSTRIAL,XS2056730679,,ZR7968624 Corp,DE ,EUR,0.79817,B,11/7/2025
20251107,A82,Etica Obbligazionario Misto,534121,TERNA RETE ELETTRICA TRNIM 4 3/4 PERP,0.003562570286038,0.0,OB ,UTILITY,XS2798269069,,ZB2049300 Corp,IT ,EUR,0.79817,B,11/7/2025
20251107,A82,Etica Obbligazionario Misto,239132,REPUBLIKA SLOVENIJA SLOREP 0 1/8 07/01/31,0.003404822718275,0.0,OB ,SOVEREIGN,SI0002104196,,BQ1964585 Govt,SI ,EUR,0.79817,A,11/7/2025
20251107,A82,Etica Obbligazionario Misto,389755,Etica Sustainable Conservative Allocation - Class S,0.003268170388616,0.0,FO ,No Sector,LU2052490286,,MUSCASS LX Equity,5A ,EUR,0.79817,,11/7/2025
20251107,A82,Etica Obbligazionario Misto,128682,BUONI POLIENNALI DEL TES BTPS 3.85 02/01/35,0.003208683639889,0.0,OB ,SOVEREIGN,IT0005607970,,YW6730231 Govt,IT ,EUR,0.79817,B,11/7/2025
20251107,A82,Etica Obbligazionario Misto,164727,USD,0.003152548102296,0.0,LQ ,CASH,,,USD,US ,USD,0.79817,,11/7/2025
20251107,A82,Etica Obbligazionario Misto,65876,VISA INC-CLASS A SHARES,0.003132437901008,0.0,AZ ,Financials,US92826C8394,B2PZN04,V US Equity,US ,USD,0.79817,,11/7/2025
20251107,A82,Etica Obbligazionario Misto,405993,SSE PLC SSELN 3 1/8 PERP,0.003118663313002,0.0,OB ,UTILITY,XS2195190520,,BK2936866 Corp,GB ,EUR,0.79817,B,11/7/2025
20251107,A82,Etica Obbligazionario Misto,432910,SSE PLC SSELN 3.74 PERP,0.003062980320477,0.0,OB ,UTILITY,XS2195190876,,BK2909863 Corp,GB ,GBP,0.79817,B,11/7/2025
20251107,A82,Etica Obbligazionario Misto,45465,MASTERCARD INC - A,0.00295152168743,0.0,AZ ,Financials,US57636Q1040,B121557,MA US Equity,US ,USD,0.79817,,11/7/2025
20251107,A82,Etica Obbligazionario Misto,504076,TELEFONICA EUROPE BV TELEFO 6.135 PERP,0.002915361056058,0.0,OB ,INDUSTRIAL,XS2582389156,,ZM6546588 Corp,ES ,EUR,0.79817,C,11/7/2025
20251107,A82,Etica Obbligazionario Misto,335766,NOKIA OYJ NOKIA 4 3/8 08/21/31,0.002803620952353,0.0,OB ,INDUSTRIAL,XS2488809612,,ZM9740188 Corp,FI ,EUR,0.79817,C,11/7/2025
20251107,A82,Etica Obbligazionario Misto,51209,TELEFONICA EUROPE BV TELEFO 7 1/8 PERP,0.002564915652765,0.0,OB ,INDUSTRIAL,XS2462605671,,ZN3747385 Corp,ES ,EUR,0.79817,C,11/7/2025
20251107,A82,Etica Obbligazionario Misto,554,ORACLE CORP,0.002543600665137,0.0,AZ ,Information Technology,US68389X1054,2661568,ORCL US Equity,US ,USD,0.79817,,11/7/2025
20251107,A82,Etica Obbligazionario Misto,335356,TAKEDA PHARMACEUTICAL TACHEM 1 07/09/29,0.002487004919261,0.0,OB ,INDUSTRIAL,XS2197348597,,BK2909210 Corp,JP ,EUR,0.79817,B,11/7/2025
20251107,A82,Etica Obbligazionario Misto,500911,ORSTED A/S ORSTED 5 1/4 12/08/3022,0.002364859761457,0.0,OB ,UTILITY,XS2563353361,,ZN6806667 Corp,DK ,EUR,0.79817,C,11/7/2025
20251107,A82,Etica Obbligazionario Misto,406189,ERG SPA ERGIM 0 7/8 09/15/31,0.002332986181442,0.0,OB ,UTILITY,XS2386650274,,BR3380614 Corp,IT ,EUR,0.79817,NR,11/7/2025
20251107,A82,Etica Obbligazionario Misto,496325,INTEL CORP INTC 4.15 08/05/32,0.002229224968781,0.0,OB ,INDUSTRIAL,US458140CA64,,BY2217838 Corp,US ,USD,0.79817,B,11/7/2025
20251107,A82,Etica Obbligazionario Misto,239100,FORVIA SE EOFP 2 3/8 06/15/29,0.002145099103281,0.0,OB ,INDUSTRIAL,XS2312733871,,BO6324905 Corp,FR ,EUR,0.79817,C,11/7/2025
20251107,A82,Etica Obbligazionario Misto,443609,ORANGE SA ORAFP 1 3/4 PERP,0.002116162478889,0.0,OB ,INDUSTRIAL,FR00140005L7,,ZO8379513 Corp,FR ,EUR,0.79817,B,11/7/2025
20251107,A82,Etica Obbligazionario Misto,406011,ERG SPA ERGIM 0 1/2 09/11/27,0.00204277603819,0.0,OB ,UTILITY,XS2229434852,,ZO3431582 Corp,IT ,EUR,0.79817,NR,11/7/2025
20251107,A82,Etica Obbligazionario Misto,405955,NOKIA OYJ NOKIA 3 1/8 05/15/28,0.001810619551875,0.0,OB ,INDUSTRIAL,XS2171872570,,BJ3268486 Corp,FI ,EUR,0.79817,C,11/7/2025
20251107,A82,Etica Obbligazionario Misto,239013,KLEPIERRE SA LIFP 2 05/12/29,0.001733120722771,0.0,OB ,INDUSTRIAL,FR0013512233,,BJ2958731 Corp,FR ,EUR,0.79817,A,11/7/2025
20251107,A82,Etica Obbligazionario Misto,237336,OBRIGACOES DO TESOURO PGB 2 1/4 04/18/34,0.001705906995789,0.0,OB ,SOVEREIGN,PTOTEWOE0017,,AS1769569 Govt,PT ,EUR,0.79817,A,11/7/2025
20251107,A82,Etica Obbligazionario Misto,454000,ORSTED A/S ORSTED 1 1/2 02/18/3021,0.001517417422813,0.0,OB ,UTILITY,XS2293075680,,BO0165460 Corp,DK ,EUR,0.79817,C,11/7/2025
20251107,A82,Etica Obbligazionario Misto,201018,ABBVIE INC,0.001486720574879,0.0,AZ ,Health Care,US00287Y1091,B92SR70,ABBV US Equity,US ,USD,0.79817,,11/7/2025
20251107,A82,Etica Obbligazionario Misto,335546,FORVIA SE EOFP 2 3/4 02/15/27,0.001472185852578,0.0,OB ,INDUSTRIAL,XS2405483301,,BS2687603 Corp,FR ,EUR,0.79817,C,11/7/2025
20251107,A82,Etica Obbligazionario Misto,335600,BONOS Y OBLIG DEL ESTADO SPGB 1.9 10/31/52,0.001468637757821,0.0,OB ,SOVEREIGN,ES0000012K46,,BU3617661 Govt,ES ,EUR,0.79817,A,11/7/2025
20251107,A82,Etica Obbligazionario Misto,300,HOME DEPOT INC,0.00144906159507,0.0,AZ ,Consumer Discretionary,US4370761029,2434209,HD US Equity,US ,USD,0.79817,,11/7/2025
20251107,A82,Etica Obbligazionario Misto,237571,OBRIGACOES DO TESOURO PGB 1 04/12/52,0.00144735587139,0.0,OB ,SOVEREIGN,PTOTECOE0037,,BN8909473 Govt,PT ,EUR,0.79817,A,11/7/2025
20251107,A82,Etica Obbligazionario Misto,212828,PRYSMIAN SPA PRYIM 3 7/8 11/28/31,0.001412657278785,0.0,OB ,INDUSTRIAL,XS2948434266,,YT3439742 Corp,IT ,EUR,0.79817,B,11/7/2025
20251107,A82,Etica Obbligazionario Misto,577,APPLIED MATERIALS INC,0.001382923962941,0.0,AZ ,Information Technology,US0382221051,2046552,AMAT US Equity,US ,USD,0.79817,,11/7/2025
20251107,A82,Etica Obbligazionario Misto,427,PROCTER & GAMBLE CO/THE,0.001330438873071,0.0,AZ ,Consumer Staples,US7427181091,2704407,PG US Equity,US ,USD,0.79817,,11/7/2025
20251107,A82,Etica Obbligazionario Misto,407318,ORSTED A/S ORSTED 1 3/4 12/09/3019,0.001289548942442,0.0,OB ,UTILITY,XS2010036874,,ZQ8044799 Corp,DK ,EUR,0.79817,C,11/7/2025
20251107,A82,Etica Obbligazionario Misto,212398,TELIA COMPANY AB TELIAS 2 3/4 06/30/2083,0.001246305874684,0.0,OB ,INDUSTRIAL,XS2443749648,,BV4439170 Corp,SE ,EUR,0.79817,B,11/7/2025
20251107,A82,Etica Obbligazionario Misto,2839,ASML HOLDING NV,0.00124534251053,0.0,AZ ,Information Technology,NL0010273215,B929F46,ASML NA Equity,NL ,EUR,0.79817,,11/7/2025
20251107,A82,Etica Obbligazionario Misto,170146,EUR C/MARGINI,0.001233973111175,0.0,OT ,CASH,,,EUR C/MARGINI,5A ,EUR,0.79817,,11/7/2025
20251107,A82,Etica Obbligazionario Misto,480,TEXAS INSTRUMENTS INC,0.001201803335109,0.0,AZ ,Information Technology,US8825081040,2885409,TXN US Equity,US ,USD,0.79817,,11/7/2025
20251107,A82,Etica Obbligazionario Misto,212462,ORSTED A/S ORSTED 3 3/4 03/01/30,0.001200330689817,0.0,OB ,UTILITY,XS2591029876,,ZL2347488 Corp,DK ,EUR,0.79817,B,11/7/2025
20251107,A82,Etica Obbligazionario Misto,222389,MONCLER SPA,0.001190402761409,0.0,AZ ,Consumer Discretionary,IT0004965148,BGLP232,MONC IM Equity,IT ,EUR,0.79817,,11/7/2025
20251107,A82,Etica Obbligazionario Misto,705,LAM RESEARCH CORP,0.001143900679733,0.0,AZ ,Information Technology,US5128073062,BSML4N7,LRCX US Equity,US ,USD,0.79817,,11/7/2025
20251107,A82,Etica Obbligazionario Misto,536433,EDP SA EDPPL 4 3/4 05/29/54,0.001121112021516,0.0,OB ,UTILITY,PTEDPZOM0011,,YX2446822 Corp,PT ,EUR,0.79817,C,11/7/2025
20251107,A82,Etica Obbligazionario Misto,221482,SERVICENOW INC,0.001112338233291,0.0,AZ ,Information Technology,US81762P1021,B80NXX8,NOW US Equity,US ,USD,0.79817,,11/7/2025
20251107,A82,Etica Obbligazionario Misto,23568,SALESFORCE INC,0.001107202085411,0.0,AZ ,Information Technology,US79466L3024,2310525,CRM US Equity,US ,USD,0.79817,,11/7/2025
20251107,A82,Etica Obbligazionario Misto,476847,MICRON TECHNOLOGY INC MU 2.703 04/15/32,0.001088464722015,0.0,OB ,INDUSTRIAL,US595112BS19,,BS0168275 Corp,US ,USD,0.79817,B,11/7/2025
20251107,A82,Etica Obbligazionario Misto,1706,TELECOM ITALIA SPA,0.0010722780246,0.0,AZ ,Communication Services,IT0003497168,7634394,TIT IM Equity,IT ,EUR,0.79817,,11/7/2025
20251107,A82,Etica Obbligazionario Misto,363,MERCK & CO. INC.,0.0010494276806,0.0,AZ ,Health Care,US58933Y1055,2778844,MRK US Equity,US ,USD,0.79817,,11/7/2025
20251107,A82,Etica Obbligazionario Misto,214,DANAHER CORP,0.001047729522909,0.0,AZ ,Health Care,US2358511028,2250870,DHR US Equity,US ,USD,0.79817,,11/7/2025
20251107,A82,Etica Obbligazionario Misto,756,QUALCOMM INC,0.001045470492173,0.0,AZ ,Information Technology,US7475251036,2714923,QCOM US Equity,US ,USD,0.79817,,11/7/2025
20251107,A82,Etica Obbligazionario Misto,360,MEDTRONIC PLC,0.001045459655839,0.0,AZ ,Health Care,IE00BTN1Y115,BTN1Y11,MDT US Equity,US ,USD,0.79817,,11/7/2025
20251107,A82,Etica Obbligazionario Misto,423,NEW LINDE PLC,0.001037259088422,0.0,AZ ,Materials,IE000S9YS762,BNZHB81,LIN US Equity,US ,USD,0.79817,,11/7/2025
20251107,A82,Etica Obbligazionario Misto,451544,EDP SA EDPPL 1 7/8 08/02/2081,0.000968709099399,0.0,OB ,UTILITY,PTEDPROM0029,,BN7191719 Corp,PT ,EUR,0.79817,C,11/7/2025
20251107,A82,Etica Obbligazionario Misto,2703,LONZA GROUP AG-REG,0.000968213155966,0.0,AZ ,Health Care,CH0013841017,7333378,LONN SW Equity,CH ,CHF,0.79817,,11/7/2025
20251107,A82,Etica Obbligazionario Misto,216,DEERE & CO,0.000960973937461,0.0,AZ ,Industrials,US2441991054,2261203,DE US Equity,US ,USD,0.79817,,11/7/2025
20251107,A82,Etica Obbligazionario Misto,542,CISCO SYSTEMS INC,0.000946599117364,0.0,AZ ,Information Technology,US17275R1023,2198163,CSCO US Equity,US ,USD,0.79817,,11/7/2025
20251107,A82,Etica Obbligazionario Misto,5574,ERG SPA ERGIM 4 1/8 07/03/30,0.000934817345154,0.0,OB ,UTILITY,XS2853679053,,YX9810210 Corp,IT ,EUR,0.79817,NR,11/7/2025
20251107,A82,Etica Obbligazionario Misto,128611,BRITISH TELECOMMUNICATIO BRITEL 5 1/8 10/03/54,0.000925714860718,0.0,OB ,INDUSTRIAL,XS2794589403,,ZB0014470 Corp,GB ,EUR,0.79817,C,11/7/2025
20251107,A82,Etica Obbligazionario Misto,1821,INTUIT INC,0.000893405113876,0.0,AZ ,Information Technology,US4612021034,2459020,INTU US Equity,US ,USD,0.79817,,11/7/2025
20251107,A82,Etica Obbligazionario Misto,51536,RENAULT SA RENAUL 3 7/8 09/30/30,0.000888273712416,0.0,OB ,INDUSTRIAL,FR0014010DR1,,YK3273678 Corp,FR ,EUR,0.79817,C,11/7/2025
20251107,A82,Etica Obbligazionario Misto,358,S&P GLOBAL INC,0.000884448212836,0.0,AZ ,Financials,US78409V1044,BYV2325,SPGI US Equity,US ,USD,0.79817,,11/7/2025
20251107,A82,Etica Obbligazionario Misto,2706,TRANE TECHNOLOGIES PLC,0.000853432435533,0.0,AZ ,Industrials,IE00BK9ZQ967,BK9ZQ96,TT US Equity,US ,USD,0.79817,,11/7/2025
20251107,A82,Etica Obbligazionario Misto,476807,SOCIETE FONCIERE LYONNAI FLYFP 0 1/2 04/21/28,0.000843483665303,0.0,OB ,INDUSTRIAL,FR00140060E7,,BR9645093 Corp,FR ,EUR,0.79817,B,11/7/2025
20251107,A82,Etica Obbligazionario Misto,4289,CRH PLC,0.000835108479128,0.0,SE ,Materials,IE0001827041,182704,CRH LN Equity,US ,USD,0.79817,,11/7/2025
20251107,A82,Etica Obbligazionario Misto,30976,NABTESCO CORP,0.000834926285544,0.0,AZ ,Industrials,JP3651210001,6687571,6268 JP Equity,JP ,JPY,0.79817,,11/7/2025
20251107,A82,Etica Obbligazionario Misto,397638,PROSUS NV,0.000820125684176,0.0,AZ ,Consumer Discretionary,NL0013654783,BJDS7L3,PRX NA Equity,NL ,EUR,0.79817,,11/7/2025
20251107,A82,Etica Obbligazionario Misto,100,ABBOTT LABORATORIES,0.000812705597904,0.0,AZ ,Health Care,US0028241000,2002305,ABT US Equity,US ,USD,0.79817,,11/7/2025
20251107,A82,Etica Obbligazionario Misto,549,INTEL CORP,0.000807584016318,0.0,AZ ,Information Technology,US4581401001,2463247,INTC US Equity,US ,USD,0.79817,,11/7/2025
20251107,A82,Etica Obbligazionario Misto,533,AMGEN INC,0.000735297604848,0.0,AZ ,Health Care,US0311621009,2023607,AMGN US Equity,US ,USD,0.79817,,11/7/2025
20251107,A82,Etica Obbligazionario Misto,53583,LOGITECH INTERNATIONAL,0.000722423121911,0.0,SE ,Information Technology,CH0025751329,B1921K0,LOGI US Equity,CH ,CHF,0.79817,,11/7/2025
20251107,A82,Etica Obbligazionario Misto,497,UNION PACIFIC CORP,0.000718670215156,0.0,AZ ,Industrials,US9078181081,2914734,UNP US Equity,US ,USD,0.79817,,11/7/2025
20251107,A82,Etica Obbligazionario Misto,164953,AUD,0.000715689542972,0.0,LQ ,CASH,,,AUD,AU ,AUD,0.79817,,11/7/2025
20251107,A82,Etica Obbligazionario Misto,1285,KUBOTA CORP,0.000708168880326,0.0,AZ ,Industrials,JP3266400005,6497509,6326 JT Equity,JP ,JPY,0.79817,,11/7/2025
20251107,A82,Etica Obbligazionario Misto,235231,ORANGE SA ORAFP 5 PERP,0.00069430044225,0.0,OB ,INDUSTRIAL,XS1115498260,,EK5085239 Corp,FR ,EUR,0.79817,B,11/7/2025
20251107,A82,Etica Obbligazionario Misto,191474,PALO ALTO NETWORKS INC,0.000692724577792,0.0,AZ ,Information Technology,US6974351057,B87ZMX0,PANW US Equity,US ,USD,0.79817,,11/7/2025
20251107,A82,Etica Obbligazionario Misto,18091,PROLOGIS INC,0.000687057343526,0.0,AZ ,Real Estate,US74340W1036,B44WZD7,PLD UN Equity,US ,USD,0.79817,,11/7/2025
20251107,A82,Etica Obbligazionario Misto,783,SYNOPSYS INC,0.000686834491596,0.0,AZ ,Information Technology,US8716071076,2867719,SNPS US Equity,US ,USD,0.79817,,11/7/2025
20251107,A82,Etica Obbligazionario Misto,3092,MTR CORP,0.000686414243396,0.0,AZ ,Industrials,HK0066009694,6290054,66 HK Equity,HK ,HKD,0.79817,,11/7/2025
20251107,A82,Etica Obbligazionario Misto,149,VERIZON COMMUNICATIONS INC,0.000679660538576,0.0,AZ ,Communication Services,US92343V1044,2090571,VZ US Equity,US ,USD,0.79817,,11/7/2025
20251107,A82,Etica Obbligazionario Misto,503621,A2A SPA AEMSPA 4 3/8 02/03/34,0.00067463460133,0.0,OB ,UTILITY,XS2583205906,,ZM7159977 Corp,IT ,EUR,0.79817,B,11/7/2025
20251107,A82,Etica Obbligazionario Misto,1258,KAO CORP,0.000670268593233,0.0,AZ ,Consumer Staples,JP3205800000,6483809,4452 JP Equity,JP ,JPY,0.79817,,11/7/2025
20251107,A82,Etica Obbligazionario Misto,494559,SSE PLC SSELN 2 7/8 08/01/29,0.000670119704138,0.0,OB ,UTILITY,XS2510903862,,BY0600829 Corp,GB ,EUR,0.79817,B,11/7/2025
20251107,A82,Etica Obbligazionario Misto,486,TJX COMPANIES INC,0.000668242163591,0.0,AZ ,Consumer Discretionary,US8725401090,2989301,TJX US Equity,US ,USD,0.79817,,11/7/2025
20251107,A82,Etica Obbligazionario Misto,133,AUTOMATIC DATA PROCESSING,0.0006647772947,0.0,AZ ,Industrials,US0530151036,2065308,ADP US Equity,US ,USD,0.79817,,11/7/2025
20251107,A82,Etica Obbligazionario Misto,559,STRYKER CORP,0.000659335917546,0.0,AZ ,Health Care,US8636671013,2853688,SYK UN Equity,US ,USD,0.79817,,11/7/2025
20251107,A82,Etica Obbligazionario Misto,236196,IMCD NV,0.000644430682809,0.0,AZ ,Industrials,NL0010801007,BNCBD46,IMCD NA Equity,NL ,EUR,0.79817,,11/7/2025
20251107,A82,Etica Obbligazionario Misto,1288,KURITA WATER INDUSTRIES LTD,0.000642569502827,0.0,AZ ,Industrials,JP3270000007,6497963,6370 JP Equity,JP ,JPY,0.79817,,11/7/2025
20251107,A82,Etica Obbligazionario Misto,1619,LOREAL SA,0.000640991817582,0.0,AZ ,Consumer Staples,FR0000120321,4057808,OR FP Equity,FR ,EUR,0.79817,,11/7/2025
20251107,A82,Etica Obbligazionario Misto,49402,SARTORIUS STEDIM BIOTECH,0.000631953820819,0.0,AZ ,Health Care,FR0013154002,BYZ2QP5,DIM FP Equity,FR ,EUR,0.79817,,11/7/2025
20251107,A82,Etica Obbligazionario Misto,348394,KNORR-BREMSE AG,0.00063077512653,0.0,AZ ,Industrials,DE000KBX1006,BD2P9X9,KBX GR Equity,DE ,EUR,0.79817,,11/7/2025
20251107,A82,Etica Obbligazionario Misto,164954,CAD,0.000621609657013,0.0,LQ ,CASH,,,CAD,CA ,CAD,0.79817,,11/7/2025
20251107,A82,Etica Obbligazionario Misto,125,ANALOG DEVICES INC,0.000620989953109,0.0,AZ ,Information Technology,US0326541051,2032067,ADI US Equity,US ,USD,0.79817,,11/7/2025
20251107,A82,Etica Obbligazionario Misto,520,WESTERN DIGITAL CORP,0.000619609708328,0.0,AZ ,Information Technology,US9581021055,2954699,WDC US Equity,US ,USD,0.79817,,11/7/2025
20251107,A82,Etica Obbligazionario Misto,233530,ZALANDO SE,0.00061340999115,0.0,AZ ,Consumer Discretionary,DE000ZAL1111,BQV0SV7,ZAL GR Equity,DE ,EUR,0.79817,,11/7/2025
20251107,A82,Etica Obbligazionario Misto,2088,SAP SE,0.000608611643414,0.0,AZ ,Information Technology,DE0007164600,4846288,SAP GY Equity,DE ,EUR,0.79817,,11/7/2025
20251107,A82,Etica Obbligazionario Misto,2955,VOESTALPINE AG,0.000605878863399,0.0,AZ ,Materials,AT0000937503,4943402,VOE AV Equity,AT ,EUR,0.79817,,11/7/2025
20251107,A82,Etica Obbligazionario Misto,3760,ABB LTD,0.000594961310849,0.0,AZ ,Industrials,CH0012221716,7108899,ABBN SW Equity,CH ,CHF,0.79817,,11/7/2025
20251107,A82,Etica Obbligazionario Misto,159,BOSTON SCIENTIFIC CORP,0.000591278813742,0.0,AZ ,Health Care,US1011371077,2113434,BSX US Equity,US ,USD,0.79817,,11/7/2025
20251107,A82,Etica Obbligazionario Misto,531,ADOBE INC,0.000589252914426,0.0,AZ ,Information Technology,US00724F1012,2008154,ADBE US Equity,US ,USD,0.79817,,11/7/2025
20251107,A82,Etica Obbligazionario Misto,1545,TOTO LTD,0.000586825796785,0.0,AZ ,Industrials,JP3596200000,6897466,5332 JP Equity,JP ,JPY,0.79817,,11/7/2025
20251107,A82,Etica Obbligazionario Misto,670,WELLTOWER INC,0.000585224538538,0.0,AZ ,Real Estate,US95040Q1040,BYVYHH4,WELL US Equity,US ,USD,0.79817,,11/7/2025
20251107,A82,Etica Obbligazionario Misto,2489,LENOVO GROUP LTD,0.000576502536672,0.0,AZ ,Information Technology,HK0992009065,6218089,992 HK Equity,CN ,CNY,0.79817,,11/7/2025
20251107,A82,Etica Obbligazionario Misto,454,SONY GROUP CORP,0.000575455195356,0.0,AZ ,Consumer Discretionary,JP3435000009,6821506,6758 JP Equity,JP ,JPY,0.79817,,11/7/2025
20251107,A82,Etica Obbligazionario Misto,164959,JPY,0.000571837442246,0.0,LQ ,CASH,,,JPY,JP ,JPY,0.79817,,11/7/2025
20251107,A82,Etica Obbligazionario Misto,1658,ATLAS COPCO AB-A SHS,0.000570199785941,0.0,AZ ,Industrials,SE0017486889,BLDBN41,ATCOA SS Equity,SE ,SEK,0.79817,,11/7/2025
20251107,A82,Etica Obbligazionario Misto,1337,MURATA MANUFACTURING CO LTD,0.000569104785973,0.0,AZ ,Information Technology,JP3914400001,6610403,6981 JP Equity,JP ,JPY,0.79817,,11/7/2025
20251107,A82,Etica Obbligazionario Misto,667,GILEAD SCIENCES INC,0.000568489943394,0.0,AZ ,Health Care,US3755581036,2369174,GILD US Equity,US ,USD,0.79817,,11/7/2025
20251107,A82,Etica Obbligazionario Misto,2170,DSV A/S,0.000549867563568,0.0,AZ ,Industrials,DK0060079531,B1WT5G2,DSV DC Equity,DK ,DKK,0.79817,,11/7/2025
20251107,A82,Etica Obbligazionario Misto,1404,OBAYASHI CORP,0.00054831600573,0.0,AZ ,Industrials,JP3190000004,6656407,1802 JP Equity,JP ,JPY,0.79817,,11/7/2025
20251107,A82,Etica Obbligazionario Misto,424846,OTIS WORLDWIDE CORP,0.000545998462331,0.0,AZ ,Industrials,US68902V1070,BK531S8,OTIS US Equity,US ,USD,0.79817,,11/7/2025
20251107,A82,Etica Obbligazionario Misto,2566,UNITED PARCEL SERVICE-CL B,0.00053805528876,0.0,AZ ,Industrials,US9113121068,2517382,UPS US Equity,US ,USD,0.79817,,11/7/2025
20251107,A82,Etica Obbligazionario Misto,344,LOWE'S COS INC,0.000536846047678,0.0,AZ ,Consumer Discretionary,US5486611073,2536763,LOW US Equity,US ,USD,0.79817,,11/7/2025
20251107,A82,Etica Obbligazionario Misto,4264,AUTODESK INC,0.000534918426656,0.0,AZ ,Information Technology,US0527691069,2065159,ADSK US Equity,US ,USD,0.79817,,11/7/2025
20251107,A82,Etica Obbligazionario Misto,3013,NOVARTIS AG,0.000528971401098,0.0,AZ ,Health Care,CH0012005267,7103065,NOVN SW Equity,CH ,CHF,0.79817,,11/7/2025
20251107,A82,Etica Obbligazionario Misto,40461,VERTEX PHARMACEUTICALS INC,0.000526277255349,0.0,AZ ,Health Care,US92532F1003,2931034,VRTX US Equity,US ,USD,0.79817,,11/7/2025
20251107,A82,Etica Obbligazionario Misto,3033,STMICROELECTRONICS NV,0.000523297042782,0.0,SE ,Information Technology,NL0000226223,5962343,STMMI IM Equity,FR ,EUR,0.79817,,11/7/2025
20251107,A82,Etica Obbligazionario Misto,1609,ESSILORLUXOTTICA,0.00051246486392,0.0,AZ ,Health Care,FR0000121667,7212477,EL FP Equity,FR ,EUR,0.79817,,11/7/2025
20251107,A82,Etica Obbligazionario Misto,3014,ANHEUSER-BUSCH INBEV SA/NV,0.000507401008347,0.0,AZ ,Consumer Staples,BE0974293251,BYYHL23,ABI BB Equity,BE ,EUR,0.79817,,11/7/2025
20251107,A82,Etica Obbligazionario Misto,392,NOVO NORDISK A/S-B,0.000504656207603,0.0,AZ ,Health Care,DK0062498333,BP6KMJ1,NOVOB DC Equity,DK ,DKK,0.79817,,11/7/2025
20251107,A82,Etica Obbligazionario Misto,1526,TOKYO ELECTRON LTD,0.000490602411663,0.0,AZ ,Information Technology,JP3571400005,6895675,8035 JP Equity,JP ,JPY,0.79817,,11/7/2025
20251107,A82,Etica Obbligazionario Misto,166783,XYLEM INC,0.000488321133741,0.0,AZ ,Industrials,US98419M1009,B3P2CN8,XYL US Equity,US ,USD,0.79817,,11/7/2025
20251107,A82,Etica Obbligazionario Misto,302,HONDA MOTOR CO LTD,0.00048363227186,0.0,AZ ,Consumer Discretionary,JP3854600008,6435145,7267 JP Equity,JP ,JPY,0.79817,,11/7/2025
20251107,A82,Etica Obbligazionario Misto,49977,TE CONNECTIVITY PLC,0.000467823555643,0.0,AZ ,Information Technology,IE000IVNQZ81,BRC3N84,TEL US Equity,US ,USD,0.79817,,11/7/2025
20251107,A82,Etica Obbligazionario Misto,471,TDK CORP,0.000463623769471,0.0,AZ ,Information Technology,JP3538800008,6869302,6762 JP Equity,JP ,JPY,0.79817,,11/7/2025
20251107,A82,Etica Obbligazionario Misto,232,ECOLAB INC,0.000460442395317,0.0,AZ ,Materials,US2788651006,2304227,ECL US Equity,US ,USD,0.79817,,11/7/2025
20251107,A82,Etica Obbligazionario Misto,164963,SGD,0.000458507579535,0.0,LQ ,CASH,,,SGD,SG ,SGD,0.79817,,11/7/2025
20251107,A82,Etica Obbligazionario Misto,405936,CARRIER GLOBAL CORP,0.000456317694504,0.0,AZ ,Industrials,US14448C1045,BK4N0D7,CARR US Equity,US ,USD,0.79817,,11/7/2025
20251107,A82,Etica Obbligazionario Misto,2831,BREMBO N.V.,0.000448811050148,0.0,AZ ,Consumer Discretionary,NL0015001KT6,BSMM753,BRE IM Equity,IT ,EUR,0.79817,,11/7/2025
20251107,A82,Etica Obbligazionario Misto,1790,CHINA OVERSEAS LAND & INVEST,0.00044131405773,0.0,AZ ,Real Estate,HK0688002218,6192150,688 HK Equity,CN ,CNY,0.79817,,11/7/2025
20251107,A82,Etica Obbligazionario Misto,4223,COLGATE-PALMOLIVE CO,0.000440937791255,0.0,AZ ,Consumer Staples,US1941621039,2209106,CL US Equity,US ,USD,0.79817,,11/7/2025
20251107,A82,Etica Obbligazionario Misto,3011,DEUTSCHE TELEKOM AG,0.000439542334949,0.0,AZ ,Communication Services,DE0005557508,5842359,DTE GR Equity,DE ,EUR,0.79817,,11/7/2025
20251107,A82,Etica Obbligazionario Misto,236299,VONOVIA SE,0.000431392086654,0.0,AZ ,Real Estate,DE000A1ML7J1,BBJPFY1,VNA GR Equity,DE ,EUR,0.79817,,11/7/2025
20251107,A82,Etica Obbligazionario Misto,57392,EQUINIX INC,0.000423882790667,0.0,AZ ,Real Estate,US29444U7000,BVLZX12,EQIX US Equity,US ,USD,0.79817,,11/7/2025
20251107,A82,Etica Obbligazionario Misto,1040,TATE & LYLE PLC,0.000413041304579,0.0,AZ ,Consumer Staples,GB00BP92CJ43,BP92CJ4,TATE LN Equity,GB ,GBP,0.79817,,11/7/2025
20251107,A82,Etica Obbligazionario Misto,23406,IBIDEN CO LTD,0.000412206641768,0.0,AZ ,Information Technology,JP3148800000,6456102,4062 JP Equity,JP ,JPY,0.79817,,11/7/2025
20251107,A82,Etica Obbligazionario Misto,17897,SK HYNIX INC,0.000408191020226,0.0,AZ ,Information Technology,KR7000660001,6450267,000660 KS Equity,KR ,KRW,0.79817,,11/7/2025
20251107,A82,Etica Obbligazionario Misto,23355,RALPH LAUREN CORP,0.000394984190667,0.0,AZ ,Consumer Discretionary,US7512121010,B4V9661,RL US Equity,US ,USD,0.79817,,11/7/2025
20251107,A82,Etica Obbligazionario Misto,184644,ZOETIS INC,0.0003917222246,0.0,AZ ,Health Care,US98978V1035,B95WG16,ZTS US Equity,US ,USD,0.79817,,11/7/2025
20251107,A82,Etica Obbligazionario Misto,2867,DARDEN RESTAURANTS INC,0.000390126375681,0.0,AZ ,Consumer Discretionary,US2371941053,2289874,DRI UN Equity,US ,USD,0.79817,,11/7/2025
20251107,A82,Etica Obbligazionario Misto,1146,BRIDGESTONE CORP,0.000390079777681,0.0,AZ ,Consumer Discretionary,JP3830800003,6132101,5108 JP Equity,JP ,JPY,0.79817,,11/7/2025
20251107,A82,Etica Obbligazionario Misto,1575,ASTELLAS PHARMA INC,0.000370474623761,0.0,AZ ,Health Care,JP3942400007,6985383,4503 JP Equity,JP ,JPY,0.79817,,11/7/2025
20251107,A82,Etica Obbligazionario Misto,3371,ERG SPA,0.000366000526335,0.0,AZ ,Utilities,IT0001157020,5337093,ERG IM Equity,IT ,EUR,0.79817,,11/7/2025
20251107,A82,Etica Obbligazionario Misto,4266,MCCORMICK & CO-NON VTG SHRS,0.000355980604,0.0,AZ ,Consumer Staples,US5797802064,2550161,MKC UN Equity,US ,USD,0.79817,,11/7/2025
20251107,A82,Etica Obbligazionario Misto,276440,DELL TECHNOLOGIES -C,0.000349873057524,0.0,AZ ,Information Technology,US24703L2025,BHKD3S6,DELL US Equity,US ,USD,0.79817,,11/7/2025
20251107,A82,Etica Obbligazionario Misto,1340,NEC CORP,0.000341714050007,0.0,AZ ,Information Technology,JP3733000008,6640400,6701 JP Equity,JP ,JPY,0.79817,,11/7/2025
20251107,A82,Etica Obbligazionario Misto,188,THE CIGNA GROUP,0.000336216272655,0.0,AZ ,Health Care,US1255231003,BHJ0775,CI US Equity,US ,USD,0.79817,,11/7/2025
20251107,A82,Etica Obbligazionario Misto,651,EXPEDITORS INTL WASH INC,0.000335740852848,0.0,AZ ,Industrials,US3021301094,2325507,EXPD US Equity,US ,USD,0.79817,,11/7/2025
20251107,A82,Etica Obbligazionario Misto,2658,ASSA ABLOY AB-B,0.000331718496162,0.0,AZ ,Industrials,SE0007100581,BYPC1T4,ASSAB SS Equity,SE ,SEK,0.79817,,11/7/2025
20251107,A82,Etica Obbligazionario Misto,100272,AMERICAN WATER WORKS CO INC,0.000331332056261,0.0,AZ ,Utilities,US0304201033,B2R3PV1,AWK US Equity,US ,USD,0.79817,,11/7/2025
20251107,A82,Etica Obbligazionario Misto,3065,ELEVANCE HEALTH INC,0.000329317497089,0.0,AZ ,Health Care,US0367521038,BSPHGL4,ELV US Equity,US ,USD,0.79817,,11/7/2025
20251107,A82,Etica Obbligazionario Misto,1734,NOKIA OYJ,0.000328890151356,0.0,AZ ,Information Technology,FI0009000681,5902941,NOKIA FH Equity,FI ,EUR,0.79817,,11/7/2025
20251107,A82,Etica Obbligazionario Misto,3119,INTERPUMP GROUP SPA,0.000325658042658,0.0,AZ ,Industrials,IT0001078911,5161407,IP IM Equity,IT ,EUR,0.79817,,11/7/2025
20251107,A82,Etica Obbligazionario Misto,4275,HASBRO INC,0.000319563533369,0.0,AZ ,Consumer Discretionary,US4180561072,2414580,HAS US Equity,US ,USD,0.79817,,11/7/2025
20251107,A82,Etica Obbligazionario Misto,1457,SHIMIZU CORP,0.000317377130813,0.0,AZ ,Industrials,JP3358800005,6804400,1803 JP Equity,JP ,JPY,0.79817,,11/7/2025
20251107,A82,Etica Obbligazionario Misto,1088,ORICA LTD,0.000314852928112,0.0,AZ ,Materials,AU000000ORI1,6458001,ORI AU Equity,AU ,AUD,0.79817,,11/7/2025
20251107,A82,Etica Obbligazionario Misto,349,MASCO CORP,0.00031381814669,0.0,AZ ,Industrials,US5745991068,2570200,MAS US Equity,US ,USD,0.79817,,11/7/2025
20251107,A82,Etica Obbligazionario Misto,1001,PERSIMMON PLC,0.00031289308977,0.0,AZ ,Consumer Discretionary,GB0006825383,682538,PSN LN Equity,GB ,GBP,0.79817,,11/7/2025
20251107,A82,Etica Obbligazionario Misto,318,INTL FLAVORS & FRAGRANCES,0.00031041238266,0.0,AZ ,Materials,US4595061015,2464165,IFF US Equity,US ,USD,0.79817,,11/7/2025
20251107,A82,Etica Obbligazionario Misto,366,MICRON TECHNOLOGY INC,0.000306516906531,0.0,AZ ,Information Technology,US5951121038,2588184,MU US Equity,US ,USD,0.79817,,11/7/2025
20251107,A82,Etica Obbligazionario Misto,148,BECTON DICKINSON AND CO,0.000301909865152,0.0,AZ ,Health Care,US0758871091,2087807,BDX US Equity,US ,USD,0.79817,,11/7/2025
20251107,A82,Etica Obbligazionario Misto,152,BEST BUY CO INC,0.00030176605835,0.0,AZ ,Consumer Discretionary,US0865161014,2094670,BBY US Equity,US ,USD,0.79817,,11/7/2025
20251107,A82,Etica Obbligazionario Misto,164955,CHF,0.000300346755041,0.0,LQ ,CASH,,,CHF,CH ,CHF,0.79817,,11/7/2025
20251107,A82,Etica Obbligazionario Misto,469,SYSCO CORP,0.000299638778333,0.0,AZ ,Consumer Staples,US8718291078,2868165,SYY US Equity,US ,USD,0.79817,,11/7/2025
20251107,A82,Etica Obbligazionario Misto,88166,REXEL SA,0.000299439119338,0.0,AZ ,Industrials,FR0010451203,B1VP0K0,RXL FP Equity,FR ,EUR,0.79817,,11/7/2025
20251107,A82,Etica Obbligazionario Misto,19461,DICK'S SPORTING GOODS INC,0.000294498617651,0.0,AZ ,Consumer Discretionary,US2533931026,2969637,DKS US Equity,US ,USD,0.79817,,11/7/2025
20251107,A82,Etica Obbligazionario Misto,18074,ESTEE LAUDER COMPANIES-CL A,0.000263828029706,0.0,AZ ,Consumer Staples,US5184391044,2320524,EL US Equity,US ,USD,0.79817,,11/7/2025
20251107,A82,Etica Obbligazionario Misto,31928,DIGITAL REALTY TRUST INC,0.000262984386704,0.0,AZ ,Real Estate,US2538681030,B03GQS4,DLR US Equity,US ,USD,0.79817,,11/7/2025
20251107,A82,Etica Obbligazionario Misto,387,NORSK HYDRO ASA,0.000258165294373,0.0,AZ ,Materials,NO0005052605,B11HK39,NHY NO Equity,NO ,NOK,0.79817,,11/7/2025
20251107,A82,Etica Obbligazionario Misto,242496,PAYPAL HOLDINGS INC,0.000256797194063,0.0,AZ ,Financials,US70450Y1038,BYW36M8,PYPL US Equity,US ,USD,0.79817,,11/7/2025
20251107,A82,Etica Obbligazionario Misto,34107,DAIICHI SANKYO CO LTD,0.000253561673599,0.0,AZ ,Health Care,JP3475350009,B0J7D91,4568 JP Equity,JP ,JPY,0.79817,,11/7/2025
20251107,A82,Etica Obbligazionario Misto,411893,BONOS Y OBLIG DEL ESTADO SPGB 0 1/2 04/30/30,0.00025310834188,0.0,OB ,SOVEREIGN,ES0000012F76,,ZP4820285 Govt,ES ,EUR,0.79817,A,11/7/2025
20251107,A82,Etica Obbligazionario Misto,2985,CANADIAN NATL RAILWAY CO,0.000247346806767,0.0,AZ ,Industrials,CA1363751027,2180632,CNR CN Equity,CA ,CAD,0.79817,,11/7/2025
20251107,A82,Etica Obbligazionario Misto,2298,TRACTOR SUPPLY COMPANY,0.000239384152545,0.0,AZ ,Consumer Discretionary,US8923561067,2900335,TSCO US Equity,US ,USD,0.79817,,11/7/2025
20251107,A82,Etica Obbligazionario Misto,447577,STORA ENSO OYJ STERV 0 5/8 12/02/30,0.00023871096524,0.0,OB ,INDUSTRIAL,XS2265360359,,BM7557275 Corp,FI ,EUR,0.79817,B,11/7/2025
20251107,A82,Etica Obbligazionario Misto,23481,CBRE GROUP INC,0.00023548138443,0.0,AZ ,Real Estate,US12504L1098,B6WVMH3,CBRE US Equity,US ,USD,0.79817,,11/7/2025
20251107,A82,Etica Obbligazionario Misto,253654,FERRARI NV,0.000234487977294,0.0,AZ ,Consumer Discretionary,NL0011585146,BZ1GMK5,RACE US Equity,IT ,EUR,0.79817,,11/7/2025
20251107,A82,Etica Obbligazionario Misto,172066,ALLINEAMENTO NAV,0.000234478740779,0.0,OT ,CASH,,,ALLINEAMENTO NAV,5A ,EUR,0.79817,,11/7/2025
20251107,A82,Etica Obbligazionario Misto,335212,LEVI STRAUSS & CO- CLASS A,0.000227168228749,0.0,AZ ,Consumer Discretionary,US52736R1023,BHRWS81,LEVI US Equity,US ,USD,0.79817,,11/7/2025
20251107,A82,Etica Obbligazionario Misto,1138,ASICS CORP,0.000224119047252,0.0,AZ ,Consumer Discretionary,JP3118000003,6057378,7936 JP Equity,JP ,JPY,0.79817,,11/7/2025
20251107,A82,Etica Obbligazionario Misto,485685,AMGEN INC AMGN 3 02/22/29,0.000222190383255,0.0,OB ,INDUSTRIAL,US031162DD92,,BU6349577 Corp,US ,USD,0.79817,B,11/7/2025
20251107,A82,Etica Obbligazionario Misto,336777,ULTA BEAUTY INC,0.000221436948748,0.0,AZ ,Consumer Discretionary,US90384S3031,B28TS42,ULTA UW Equity,US ,USD,0.79817,,11/7/2025
20251107,A82,Etica Obbligazionario Misto,3385,YUM! BRANDS INC,0.000218306371011,0.0,AZ ,Consumer Discretionary,US9884981013,2098876,YUM UN Equity,US ,USD,0.79817,,11/7/2025
20251107,A82,Etica Obbligazionario Misto,1733,ROCHE HOLDING AG-GENUSSCHEIN,0.000214415906464,0.0,AZ ,Health Care,CH0012032048,7110388,ROG SW Equity,CH ,CHF,0.79817,,11/7/2025
20251107,A82,Etica Obbligazionario Misto,3837,AGILENT TECHNOLOGIES INC,0.00021202059072,0.0,AZ ,Health Care,US00846U1016,2520153,A US Equity,US ,USD,0.79817,,11/7/2025
20251107,A82,Etica Obbligazionario Misto,57810,VENTAS INC,0.000207274877866,0.0,AZ ,Real Estate,US92276F1003,2927925,VTR US Equity,US ,USD,0.79817,,11/7/2025
20251107,A82,Etica Obbligazionario Misto,1,LG ELECTRONICS INC,0.000203551404217,0.0,AZ ,Consumer Discretionary,KR7066570003,6520739,066570 KS Equity,KR ,KRW,0.79817,,11/7/2025
20251107,A82,Etica Obbligazionario Misto,50381,LULULEMON ATHLETICA INC,0.000201341543564,0.0,AZ ,Consumer Discretionary,US5500211090,B23FN39,LULU US Equity,US ,USD,0.79817,,11/7/2025
20251107,A82,Etica Obbligazionario Misto,24041,TERNA-RETE ELETTRICA NAZIONA,0.000200286512518,0.0,AZ ,Utilities,IT0003242622,B01BN57,TRN IM Equity,IT ,EUR,0.79817,,11/7/2025
20251107,A82,Etica Obbligazionario Misto,343334,GODADDY INC - CLASS A,0.000198328618705,0.0,AZ ,Information Technology,US3802371076,BWFRFC6,GDDY US Equity,US ,USD,0.79817,,11/7/2025
20251107,A82,Etica Obbligazionario Misto,1714,SKF AB-B SHARES,0.000198063225771,0.0,AZ ,Industrials,SE0000108227,B1Q3J35,SKFB SS Equity,SE ,SEK,0.79817,,11/7/2025
20251107,A82,Etica Obbligazionario Misto,67156,KEURIG DR PEPPER INC,0.00019394792941,0.0,AZ ,Consumer Staples,US49271V1008,BD3W133,KDP US Equity,US ,USD,0.79817,,11/7/2025
20251107,A82,Etica Obbligazionario Misto,1755,SWIRE PACIFIC LTD - CL A,0.000193869458802,0.0,AZ ,Industrials,HK0019000162,6867748,19 HK Equity,HK ,HKD,0.79817,,11/7/2025
20251107,A82,Etica Obbligazionario Misto,18075,BE SEMICONDUCTOR INDUSTRIES,0.000187818224135,0.0,AZ ,Information Technology,NL0012866412,BG0SCK9,BESI NA Equity,NL ,EUR,0.79817,,11/7/2025
20251107,A82,Etica Obbligazionario Misto,173,CADENCE DESIGN SYS INC,0.000184684950573,0.0,AZ ,Information Technology,US1273871087,2302232,CDNS US Equity,US ,USD,0.79817,,11/7/2025
20251107,A82,Etica Obbligazionario Misto,58909,EDWARDS LIFESCIENCES CORP,0.000183151830411,0.0,AZ ,Health Care,US28176E1082,2567116,EW US Equity,US ,USD,0.79817,,11/7/2025
20251107,A82,Etica Obbligazionario Misto,44974,LEGRAND SA,0.000177092331493,0.0,AZ ,Industrials,FR0010307819,B11ZRK9,LR FP Equity,FR ,EUR,0.79817,,11/7/2025
20251107,A82,Etica Obbligazionario Misto,335227,NEXI SPA,0.000171697384402,0.0,AZ ,Financials,IT0005366767,BJ1F880,NEXI IM Equity,IT ,EUR,0.79817,,11/7/2025
20251107,A82,Etica Obbligazionario Misto,164960,NOK,0.000169622606683,0.0,LQ ,CASH,,,NOK,NO ,NOK,0.79817,,11/7/2025
20251107,A82,Etica Obbligazionario Misto,235482,MERLIN PROPERTIES SOCIMI SA,0.000166646327369,0.0,AZ ,Real Estate,ES0105025003,BNGNB77,MRL SM Equity,ES ,EUR,0.79817,,11/7/2025
20251107,A82,Etica Obbligazionario Misto,1010,RELX PLC,0.00016484409315,0.0,AZ ,Industrials,GB00B2B0DG97,B2B0DG9,REL LN Equity,GB ,GBP,0.79817,,11/7/2025
20251107,A82,Etica Obbligazionario Misto,164726,SEK,0.000163055912577,0.0,LQ ,CASH,,,SEK,SE ,SEK,0.79817,,11/7/2025
20251107,A82,Etica Obbligazionario Misto,164724,GBP,0.000159647417367,0.0,LQ ,CASH,,,GBP,GB ,GBP,0.79817,,11/7/2025
20251107,A82,Etica Obbligazionario Misto,222506,ORORA LTD,0.000157306141868,0.0,AZ ,Materials,AU000000ORA8,BH4TCW7,ORA AU Equity,AU ,AUD,0.79817,,11/7/2025
20251107,A82,Etica Obbligazionario Misto,3466,COGNIZANT TECH SOLUTIONS-A,0.000155628348704,0.0,AZ ,Information Technology,US1924461023,2257019,CTSH US Equity,US ,USD,0.79817,,11/7/2025
20251107,A82,Etica Obbligazionario Misto,312,INGERSOLL-RAND INC,0.000154709036985,0.0,AZ ,Industrials,US45687V1061,BL5GZ82,IR UN Equity,US ,USD,0.79817,,11/7/2025
20251107,A82,Etica Obbligazionario Misto,58318,AZBIL CORP,0.000151136953804,0.0,AZ ,Information Technology,JP3937200008,6985543,6845 JP Equity,JP ,JPY,0.79817,,11/7/2025
20251107,A82,Etica Obbligazionario Misto,2297,AVALONBAY COMMUNITIES INC,0.000141149964729,0.0,AZ ,Real Estate,US0534841012,2131179,AVB US Equity,US ,USD,0.79817,,11/7/2025
20251107,A82,Etica Obbligazionario Misto,4106,ZIMMER BIOMET HOLDINGS INC,0.000135305592655,0.0,AZ ,Health Care,US98956P1021,2783815,ZBH US Equity,US ,USD,0.79817,,11/7/2025
20251107,A82,Etica Obbligazionario Misto,1122,AJINOMOTO CO INC,0.000131863854828,0.0,AZ ,Consumer Staples,JP3119600009,6010906,2802 JP Equity,JP ,JPY,0.79817,,11/7/2025
20251107,A82,Etica Obbligazionario Misto,31968,PENTAIR PLC,0.000131262968668,0.0,AZ ,Industrials,IE00BLS09M33,BLS09M3,PNR UN Equity,US ,USD,0.79817,,11/7/2025
20251107,A82,Etica Obbligazionario Misto,235835,RAI WAY SPA,0.000130844081639,0.0,AZ ,Communication Services,IT0005054967,BSM8WL2,RWAY IM Equity,IT ,EUR,0.79817,,11/7/2025
20251107,A82,Etica Obbligazionario Misto,211955,TECHNOGYM SPA,0.000129320754835,0.0,AZ ,Consumer Discretionary,IT0005162406,BD9Y5C0,TGYM IM Equity,IT ,EUR,0.79817,,11/7/2025
20251107,A82,Etica Obbligazionario Misto,50261,DIASORIN SPA,0.000120337019286,0.0,AZ ,Health Care,IT0003492391,B234WN9,DIA IM Equity,IT ,EUR,0.79817,,11/7/2025
20251107,A82,Etica Obbligazionario Misto,58590,SYSMEX CORP,0.000116748663928,0.0,AZ ,Health Care,JP3351100007,6883807,6869 JP Equity,JP ,JPY,0.79817,,11/7/2025
20251107,A82,Etica Obbligazionario Misto,17956,RENESAS ELECTRONICS CORP,0.000101580873502,0.0,AZ ,Information Technology,JP3164720009,6635677,6723 JP Equity,JP ,JPY,0.79817,,11/7/2025
20251107,A82,Etica Obbligazionario Misto,164725,HKD,0.000100527981438,0.0,LQ ,CASH,,,HKD,HK ,HKD,0.79817,,11/7/2025
20251107,A82,Etica Obbligazionario Misto,164722,DKK,0.000098732022747,0.0,LQ ,CASH,,,DKK,DK ,DKK,0.79817,,11/7/2025
20251107,A82,Etica Obbligazionario Misto,1093,LENDLEASE GROUP,0.000097495310766,0.0,AZ ,Real Estate,AU000000LLC3,6512004,LLC AU Equity,AU ,AUD,0.79817,,11/7/2025
20251107,A82,Etica Obbligazionario Misto,1024,SSE PLC,0.000088871940744,0.0,AZ ,Utilities,GB0007908733,790873,SSE LN Equity,GB ,GBP,0.79817,,11/7/2025
20251107,A82,Etica Obbligazionario Misto,677,BIOGEN INC,0.000080993670267,0.0,AZ ,Health Care,US09062X1037,2455965,BIIB US Equity,US ,USD,0.79817,,11/7/2025
20251107,A82,Etica Obbligazionario Misto,23349,CORBION NV,0.000077819305259,0.0,AZ ,Materials,NL0010583399,BFRSRR7,CRBN NA Equity,NL ,EUR,0.79817,,11/7/2025
20251107,A82,Etica Obbligazionario Misto,58681,JONES LANG LASALLE INC,0.000069544978298,0.0,AZ ,Real Estate,US48020Q1076,2040640,JLL US Equity,US ,USD,0.79817,,11/7/2025
20251107,A82,Etica Obbligazionario Misto,247914,INFRASTRUTTURE WIRELESS ITAL,0.000068113123934,0.0,AZ ,Communication Services,IT0005090300,BZ0P4R4,INW IM Equity,IT ,EUR,0.79817,,11/7/2025
20251107,A82,Etica Obbligazionario Misto,3672,AMPLIFON SPA,0.00006768060752,0.0,AZ ,Health Care,IT0004056880,B14NJ71,AMP IM Equity,IT ,EUR,0.79817,,11/7/2025
20251107,A82,Etica Obbligazionario Misto,63,HERA SPA,0.000063267647872,0.0,AZ ,Utilities,IT0001250932,7598003,HER IM Equity,IT ,EUR,0.79817,,11/7/2025
20251107,A82,Etica Obbligazionario Misto,3321,BXP INC,0.000051391336169,0.0,AZ ,Real Estate,US1011211018,2019479,BXP US Equity,US ,USD,0.79817,,11/7/2025
20251107,A82,Etica Obbligazionario Misto,3245,EDP SA,0.000049384281113,0.0,AZ ,Utilities,PTEDP0AM0009,4103596,EDP PL Equity,PT ,EUR,0.79817,,11/7/2025
20251107,A82,Etica Obbligazionario Misto,48675,PRYSMIAN SPA,0.000048718155985,0.0,AZ ,Industrials,IT0004176001,B1W4V69,PRY IM Equity,IT ,EUR,0.79817,,11/7/2025
20251107,A82,Etica Obbligazionario Misto,3476,A2A SPA,0.000038164336534,0.0,AZ ,Utilities,IT0001233417,5499131,A2A IM Equity,IT ,EUR,0.79817,,11/7/2025
20251107,A82,Etica Obbligazionario Misto,1464,SHISEIDO CO LTD,0.00002050957231,0.0,AZ ,Consumer Staples,JP3351600006,6805265,4911 JP Equity,JP ,JPY,0.79817,,11/7/2025
20251107,A82,Etica Obbligazionario Misto,314765,PIRELLI & C SPA,0.000015939167637,0.0,AZ ,Consumer Discretionary,IT0005278236,BZ5ZHK3,PIRC IM Equity,IT ,EUR,0.79817,,11/7/2025
20251107,A82,Etica Obbligazionario Misto,314764,FRANCE (GOVT OF) FRTR 0 3/4 05/25/28,0.0,0.005332262687022,OB ,SOVEREIGN,FR0013286192,,AP3656380 Govt,FR ,EUR,0.79817,A,11/7/2025
20251107,A82,Etica Obbligazionario Misto,534,APPLE INC,0.0,0.004955037,AZ ,Information Technology,US0378331005,2046251,AAPL US Equity,US ,USD,0.79817,,11/7/2025
20251107,A82,Etica Obbligazionario Misto,195250,FRANCE (GOVT OF) FRTR 2 3/4 10/25/27,0.0,0.005142007456004,OB ,SOVEREIGN,FR0011317783,,EJ3468919 Govt,FR ,EUR,0.79817,A,11/7/2025
20251107,A82,Etica Obbligazionario Misto,254029,FRANCE (GOVT OF) FRTR 1 1/2 05/25/31,0.0,0.005048525200577,OB ,SOVEREIGN,FR0012993103,,UV9949289 Govt,FR ,EUR,0.79817,A,11/7/2025
20251107,A82,Etica Obbligazionario Misto,511224,FRANCE (GOVT OF) FRTR 2 3/4 02/25/29,0.0,0.004923258208784,OB ,SOVEREIGN,FR001400HI98,,ZK2178539 Govt,FR ,EUR,0.79817,A,11/7/2025
20251107,A82,Etica Obbligazionario Misto,568369,FRENCH DISCOUNT T-BILL BTF 0 01/14/26,0.0,0.006157455,OB ,SOVEREIGN,FR0128983980,,YN8205323 Govt,FR ,EUR,0.79817,A,11/7/2025
20251107,A82,Etica Obbligazionario Misto,51421,FRENCH DISCOUNT T-BILL BTF 0 12/31/25,0.0,0.0085255125,OB ,SOVEREIGN,FR0128690742,,YS3714856 Govt,FR ,EUR,0.79817,A,11/7/2025
20251107,A82,Etica Obbligazionario Misto,228114,FRANCE (GOVT OF) FRTR 2 1/2 05/25/30,0.0,0.005860207951432,OB ,SOVEREIGN,FR0011883966,,EK2432749 Govt,FR ,EUR,0.79817,A,11/7/2025
20251107,A82,Etica Obbligazionario Misto,553272,GERMAN TREASURY BILL BUBILL 0 01/14/26,0.0,0.0062019725,OB ,SOVEREIGN,DE000BU0E246,,YS4477537 Govt,DE ,EUR,0.79817,A,11/7/2025
20251107,A82,Etica Obbligazionario Misto,164736,DEBITI COMPENSO REVISIONE,-0.00000426559966,0.0,CD ,CASH,,,DEBITI COMPENSO REVISIONE,5A ,EUR,0.79817,,11/7/2025
20251107,A82,Etica Obbligazionario Misto,164733,DEBITI COMMISSIONE GESTIONE,-0.000012800979718,0.0,CD ,CASH,,,DEBITI COMMISSIONE GESTIONE,5A ,EUR,0.79817,,11/7/2025
20251107,A82,Etica Obbligazionario Misto,164730,DEBITI COMMISSIONE DEPOSITARIA,-0.00009086562274,0.0,CD ,CASH,,,DEBITI COMMISSIONE DEPOSITARIA,5A ,EUR,0.79817,,11/7/2025
20251107,A82,Etica Obbligazionario Misto,179420,DEBITI COMMISSIONE AMMINISTRAZIONE,-0.001860777738088,0.0,CD ,CASH,,,DEBITI COMMISSIONE AMMINISTRAZIONE,5A ,EUR,0.79817,,11/7/2025
20251107,A82,Etica Obbligazionario Misto,571448,Euro-BTP Future   Dec25,-0.028346203337355,0.0,FU ,SOVEREIGN,,,IKZ5 Comdty,IT ,EUR,0.79817,,11/7/2025
20251107,A82,Etica Obbligazionario Misto,571447,EURO-BOBL FUTURE  Dec25,-0.031010482878919,0.0,FU ,SOVEREIGN,,,OEZ5 Comdty,DE ,EUR,0.79817,,11/7/2025
20251107,A83,Etica Bilanciato,3458,NVIDIA CORP,0.048666622666454,0.038019596707368,AZ ,Information Technology,US67066G1040,2379504,NVDA US Equity,US ,USD,2.396892,,11/7/2025
20251107,A83,Etica Bilanciato,509810,BUONI POLIENNALI DEL TES BTPS 4 10/30/31,0.025539379965142,0.0,OB ,SOVEREIGN,IT0005542359,,ZK0285476 Govt,IT ,EUR,2.396892,B,11/7/2025
20251107,A83,Etica Bilanciato,5650,BUONI POLIENNALI DEL TES BTPS 3.6 10/01/35,0.023629432236624,0.0,OB ,SOVEREIGN,IT0005648149,,YP9041896 Govt,IT ,EUR,2.396892,B,11/7/2025
20251107,A83,Etica Bilanciato,335439,FRANCE (GOVT OF) FRTR 0 1/2 06/25/44,0.021061772803166,0.0,OB ,SOVEREIGN,FR0014002JM6,,BO6060129 Govt,FR ,EUR,2.396892,A,11/7/2025
20251107,A83,Etica Bilanciato,65876,VISA INC-CLASS A SHARES,0.01773107473893,0.00643130181795,AZ ,Financials,US92826C8394,B2PZN04,V US Equity,US ,USD,2.396892,,11/7/2025
20251107,A83,Etica Bilanciato,45465,MASTERCARD INC - A,0.017648439442083,0.00499241530953,AZ ,Financials,US57636Q1040,B121557,MA US Equity,US ,USD,2.396892,,11/7/2025
20251107,A83,Etica Bilanciato,237713,BUONI POLIENNALI DEL TES BTPS 4 04/30/35,0.017233706794732,0.0,OB ,SOVEREIGN,IT0005508590,,BY8794178 Govt,IT ,EUR,2.396892,B,11/7/2025
20251107,A83,Etica Bilanciato,238905,BONOS Y OBLIG DEL ESTADO SPGB 1.85 07/30/35,0.016370661753109,0.0,OB ,SOVEREIGN,ES0000012E69,,AX4147556 Govt,ES ,EUR,2.396892,A,11/7/2025
20251107,A83,Etica Bilanciato,164954,CAD,0.015147635011773,0.0,LQ ,CASH,,,CAD,CA ,CAD,2.396892,,11/7/2025
20251107,A83,Etica Bilanciato,554,ORACLE CORP,0.014989169813915,0.0,AZ ,Information Technology,US68389X1054,2661568,ORCL US Equity,US ,USD,2.396892,,11/7/2025
20251107,A83,Etica Bilanciato,36611,FRANCE (GOVT OF) FRTR 3.15 07/25/32,0.01417569465623,0.0,OB ,SOVEREIGN,FR0000188799,,EC7356149 Govt,FR ,EUR,2.396892,A,11/7/2025
20251107,A83,Etica Bilanciato,462761,BUNDESREPUB. DEUTSCHLAND DBR 0 08/15/50,0.011747037542475,0.0,OB ,SOVEREIGN,DE0001030724,,BP4742659 Govt,DE ,EUR,2.396892,A,11/7/2025
20251107,A83,Etica Bilanciato,331171,BELGIUM KINGDOM BGB 1 1/4 04/22/33,0.011705259339322,0.0,OB ,SOVEREIGN,BE0000346552,,AQ3876663 Govt,BE ,EUR,2.396892,A,11/7/2025
20251107,A83,Etica Bilanciato,406188,BONOS Y OBLIG DEL ESTADO SPGB 1 07/30/42,0.010694942343608,0.0,OB ,SOVEREIGN,ES0000012J07,,BR3246377 Govt,ES ,EUR,2.396892,A,11/7/2025
20251107,A83,Etica Bilanciato,335725,BUONI POLIENNALI DEL TES BTPS 4.4 05/01/33,0.010661339340924,0.0,OB ,SOVEREIGN,IT0005518128,,BZ9605404 Govt,IT ,EUR,2.396892,B,11/7/2025
20251107,A83,Etica Bilanciato,335961,REPUBLIC OF AUSTRIA RAGB 2.9 02/20/34,0.010655248267224,0.0,OB ,SOVEREIGN,AT0000A39UW5,,ZF4061056 Govt,AT ,EUR,2.396892,A,11/7/2025
20251107,A83,Etica Bilanciato,128682,BUONI POLIENNALI DEL TES BTPS 3.85 02/01/35,0.010107109557624,0.0,OB ,SOVEREIGN,IT0005607970,,YW6730231 Govt,IT ,EUR,2.396892,B,11/7/2025
20251107,A83,Etica Bilanciato,510744,BUNDESREPUB. DEUTSCHLAND DBR 2.3 02/15/33,0.00995661390264,0.0,OB ,SOVEREIGN,DE000BU3Z005,,ZK3512736 Govt,DE ,EUR,2.396892,A,11/7/2025
20251107,A83,Etica Bilanciato,406148,AGENCE FRANCAISE DEVELOP AGFRNC 0.01 11/25/28,0.009634405411446,0.0,OB ,Quasi & Foreign Government,FR0014003YN1,,BP9619894 Govt,FR ,EUR,2.396892,A,11/7/2025
20251107,A83,Etica Bilanciato,560705,FRANCE (GOVT OF) FRTR 2.7 02/25/31,0.009506036505164,0.0,OB ,SOVEREIGN,FR001400Z2L7,,YP4842306 Govt,FR ,EUR,2.396892,A,11/7/2025
20251107,A83,Etica Bilanciato,201018,ABBVIE INC,0.009264232454593,0.0,AZ ,Health Care,US00287Y1091,B92SR70,ABBV US Equity,US ,USD,2.396892,,11/7/2025
20251107,A83,Etica Bilanciato,164727,USD,0.009141806164122,0.0,LQ ,CASH,,,USD,US ,USD,2.396892,,11/7/2025
20251107,A83,Etica Bilanciato,164724,GBP,0.008653380178628,0.0,LQ ,CASH,,,GBP,GB ,GBP,2.396892,,11/7/2025
20251107,A83,Etica Bilanciato,300,HOME DEPOT INC,0.008623593073669,0.0,AZ ,Consumer Discretionary,US4370761029,2434209,HD US Equity,US ,USD,2.396892,,11/7/2025
20251107,A83,Etica Bilanciato,577,APPLIED MATERIALS INC,0.008317146462106,0.0,AZ ,Information Technology,US0382221051,2046552,AMAT US Equity,US ,USD,2.396892,,11/7/2025
20251107,A83,Etica Bilanciato,510414,REPUBLIC OF AUSTRIA RAGB 2.9 05/23/29,0.00808569632367,0.0,OB ,SOVEREIGN,AT0000A33SH3,,ZK2454146 Govt,AT ,EUR,2.396892,A,11/7/2025
20251107,A83,Etica Bilanciato,427,PROCTER & GAMBLE CO/THE,0.007929904679754,0.0,AZ ,Consumer Staples,US7427181091,2704407,PG US Equity,US ,USD,2.396892,,11/7/2025
20251107,A83,Etica Bilanciato,480,TEXAS INSTRUMENTS INC,0.007172193201778,0.0,AZ ,Information Technology,US8825081040,2885409,TXN US Equity,US ,USD,2.396892,,11/7/2025
20251107,A83,Etica Bilanciato,2839,ASML HOLDING NV,0.007145240702268,0.0,AZ ,Information Technology,NL0010273215,B929F46,ASML NA Equity,NL ,EUR,2.396892,,11/7/2025
20251107,A83,Etica Bilanciato,221482,SERVICENOW INC,0.007116634601784,0.0,AZ ,Information Technology,US81762P1021,B80NXX8,NOW US Equity,US ,USD,2.396892,,11/7/2025
20251107,A83,Etica Bilanciato,222389,MONCLER SPA,0.007083544808588,0.0,AZ ,Consumer Discretionary,IT0004965148,BGLP232,MONC IM Equity,IT ,EUR,2.396892,,11/7/2025
20251107,A83,Etica Bilanciato,442342,BUNDESREPUB. DEUTSCHLAND DBR 0 08/15/30,0.007042560904077,0.0,OB ,SOVEREIGN,DE0001030708,,ZO2919926 Govt,DE ,EUR,2.396892,A,11/7/2025
20251107,A83,Etica Bilanciato,292486,FRANCE (GOVT OF) FRTR 1 3/4 06/25/39,0.007037872397163,0.0,OB ,SOVEREIGN,FR0013234333,,AL9974240 Govt,FR ,EUR,2.396892,A,11/7/2025
20251107,A83,Etica Bilanciato,756,QUALCOMM INC,0.006724755176367,0.0,AZ ,Information Technology,US7475251036,2714923,QCOM US Equity,US ,USD,2.396892,,11/7/2025
20251107,A83,Etica Bilanciato,454914,BUONI POLIENNALI DEL TES BTPS 1 1/2 04/30/45,0.006587832376012,0.0,OB ,SOVEREIGN,IT0005438004,,BO3833387 Govt,IT ,EUR,2.396892,B,11/7/2025
20251107,A83,Etica Bilanciato,705,LAM RESEARCH CORP,0.006536779204305,0.0,AZ ,Information Technology,US5128073062,BSML4N7,LRCX US Equity,US ,USD,2.396892,,11/7/2025
20251107,A83,Etica Bilanciato,214,DANAHER CORP,0.006528759005826,0.0,AZ ,Health Care,US2358511028,2250870,DHR US Equity,US ,USD,2.396892,,11/7/2025
20251107,A83,Etica Bilanciato,360,MEDTRONIC PLC,0.006514777657727,0.0,AZ ,Health Care,IE00BTN1Y115,BTN1Y11,MDT US Equity,US ,USD,2.396892,,11/7/2025
20251107,A83,Etica Bilanciato,23568,SALESFORCE INC,0.006468553573955,0.0,AZ ,Information Technology,US79466L3024,2310525,CRM US Equity,US ,USD,2.396892,,11/7/2025
20251107,A83,Etica Bilanciato,423,NEW LINDE PLC,0.006464407941035,0.0,AZ ,Materials,IE000S9YS762,BNZHB81,LIN US Equity,US ,USD,2.396892,,11/7/2025
20251107,A83,Etica Bilanciato,363,MERCK & CO. INC.,0.006146035333884,0.0,AZ ,Health Care,US58933Y1055,2778844,MRK US Equity,US ,USD,2.396892,,11/7/2025
20251107,A83,Etica Bilanciato,2703,LONZA GROUP AG-REG,0.006031885976789,0.0,AZ ,Health Care,CH0013841017,7333378,LONN SW Equity,CH ,CHF,2.396892,,11/7/2025
20251107,A83,Etica Bilanciato,216,DEERE & CO,0.005989327489885,0.0,AZ ,Industrials,US2441991054,2261203,DE US Equity,US ,USD,2.396892,,11/7/2025
20251107,A83,Etica Bilanciato,1706,TELECOM ITALIA SPA,0.005964644824864,0.0,AZ ,Communication Services,IT0003497168,7634394,TIT IM Equity,IT ,EUR,2.396892,,11/7/2025
20251107,A83,Etica Bilanciato,237094,BONOS Y OBLIG DEL ESTADO SPGB 3.45 07/30/66,0.005732348550389,0.0,OB ,SOVEREIGN,ES00000128E2,,LW0882867 Govt,ES ,EUR,2.396892,A,11/7/2025
20251107,A83,Etica Bilanciato,164953,AUD,0.005622759004774,0.0,LQ ,CASH,,,AUD,AU ,AUD,2.396892,,11/7/2025
20251107,A83,Etica Bilanciato,358,S&P GLOBAL INC,0.00551093922767,0.0,AZ ,Financials,US78409V1044,BYV2325,SPGI US Equity,US ,USD,2.396892,,11/7/2025
20251107,A83,Etica Bilanciato,556680,FRANCE (GOVT OF) FRTR 3.2 05/25/35,0.005459563307389,0.0,OB ,SOVEREIGN,FR001400X8V5,,YR1561277 Govt,FR ,EUR,2.396892,A,11/7/2025
20251107,A83,Etica Bilanciato,164723,EUR,0.005408496058318,0.0,LQ ,CASH,,,EUR,5A ,EUR,2.396892,,11/7/2025
20251107,A83,Etica Bilanciato,504096,NEDER WATERSCHAPSBANK NEDWBK 2 3/4 12/17/29,0.005394308188407,0.0,OB ,Quasi & Foreign Government,XS2579321337,,ZM4811604 Govt,NL ,EUR,2.396892,A,11/7/2025
20251107,A83,Etica Bilanciato,2706,TRANE TECHNOLOGIES PLC,0.00531781907731,0.0,AZ ,Industrials,IE00BK9ZQ967,BK9ZQ96,TT US Equity,US ,USD,2.396892,,11/7/2025
20251107,A83,Etica Bilanciato,1821,INTUIT INC,0.005100848107152,0.0,AZ ,Information Technology,US4612021034,2459020,INTU US Equity,US ,USD,2.396892,,11/7/2025
20251107,A83,Etica Bilanciato,212406,BUONI POLIENNALI DEL TES BTPS 2 1/2 12/01/32,0.00509929970116,0.0,OB ,SOVEREIGN,IT0005494239,,BW1525672 Govt,IT ,EUR,2.396892,B,11/7/2025
20251107,A83,Etica Bilanciato,549,INTEL CORP,0.005032579849043,0.0,AZ ,Information Technology,US4581401001,2463247,INTC US Equity,US ,USD,2.396892,,11/7/2025
20251107,A83,Etica Bilanciato,100,ABBOTT LABORATORIES,0.004985568422013,0.0,AZ ,Health Care,US0028241000,2002305,ABT US Equity,US ,USD,2.396892,,11/7/2025
20251107,A83,Etica Bilanciato,542,CISCO SYSTEMS INC,0.00492127299509,0.0,AZ ,Information Technology,US17275R1023,2198163,CSCO US Equity,US ,USD,2.396892,,11/7/2025
20251107,A83,Etica Bilanciato,4289,CRH PLC,0.004891796654203,0.0,SE ,Materials,IE0001827041,182704,CRH LN Equity,US ,USD,2.396892,,11/7/2025
20251107,A83,Etica Bilanciato,30976,NABTESCO CORP,0.004876115120715,0.0,AZ ,Industrials,JP3651210001,6687571,6268 JP Equity,JP ,JPY,2.396892,,11/7/2025
20251107,A83,Etica Bilanciato,28895,FUT_EUR (Nozionale),0.004788344792734,0.0,NB ,CASH,,,FUT_EUR (Nozionale),5A ,EUR,2.396892,,11/7/2025
20251107,A83,Etica Bilanciato,497,UNION PACIFIC CORP,0.004707551688776,0.0,AZ ,Industrials,US9078181081,2914734,UNP US Equity,US ,USD,2.396892,,11/7/2025
20251107,A83,Etica Bilanciato,459171,EUROPEAN UNION EU 0.2 06/04/36,0.004679208794403,0.0,OB ,Quasi & Foreign Government,EU000A3KM903,,BO4675365 Govt,SNA,EUR,2.396892,A,11/7/2025
20251107,A83,Etica Bilanciato,294625,BONOS Y OBLIG DEL ESTADO SPGB 2.35 07/30/33,0.004662761210712,0.0,OB ,SOVEREIGN,ES00000128Q6,,AM6067459 Govt,ES ,EUR,2.396892,A,11/7/2025
20251107,A83,Etica Bilanciato,212348,EDP SA EDPPL 1 1/2 03/14/2082,0.004628775677508,0.0,OB ,UTILITY,PTEDPXOM0021,,BR3181418 Corp,PT ,EUR,2.396892,C,11/7/2025
20251107,A83,Etica Bilanciato,533,AMGEN INC,0.004582597897021,0.0,AZ ,Health Care,US0311621009,2023607,AMGN US Equity,US ,USD,2.396892,,11/7/2025
20251107,A83,Etica Bilanciato,397638,PROSUS NV,0.004557696569503,0.0,AZ ,Consumer Discretionary,NL0013654783,BJDS7L3,PRX NA Equity,NL ,EUR,2.396892,,11/7/2025
20251107,A83,Etica Bilanciato,53583,LOGITECH INTERNATIONAL,0.004501940907227,0.0,SE ,Information Technology,CH0025751329,B1921K0,LOGI US Equity,CH ,CHF,2.396892,,11/7/2025
20251107,A83,Etica Bilanciato,498660,KONINKLIJKE KPN NV KPN 6 PERP,0.004489584776303,0.0,OB ,INDUSTRIAL,XS2486270858,,BZ0016577 Corp,NL ,EUR,2.396892,C,11/7/2025
20251107,A83,Etica Bilanciato,191474,PALO ALTO NETWORKS INC,0.004316742981261,0.0,AZ ,Information Technology,US6974351057,B87ZMX0,PANW US Equity,US ,USD,2.396892,,11/7/2025
20251107,A83,Etica Bilanciato,3092,MTR CORP,0.004278142623444,0.0,AZ ,Industrials,HK0066009694,6290054,66 HK Equity,HK ,HKD,2.396892,,11/7/2025
20251107,A83,Etica Bilanciato,504092,EDP SA EDPPL 5.943 04/23/2083,0.004252137529536,0.0,OB ,UTILITY,PTEDP4OM0025,,ZM4793893 Corp,PT ,EUR,2.396892,C,11/7/2025
20251107,A83,Etica Bilanciato,1258,KAO CORP,0.00417792792591,0.0,AZ ,Consumer Staples,JP3205800000,6483809,4452 JP Equity,JP ,JPY,2.396892,,11/7/2025
20251107,A83,Etica Bilanciato,49402,SARTORIUS STEDIM BIOTECH,0.00417436063632,0.0,AZ ,Health Care,FR0013154002,BYZ2QP5,DIM FP Equity,FR ,EUR,2.396892,,11/7/2025
20251107,A83,Etica Bilanciato,1285,KUBOTA CORP,0.00414325742271,0.0,AZ ,Industrials,JP3266400005,6497509,6326 JT Equity,JP ,JPY,2.396892,,11/7/2025
20251107,A83,Etica Bilanciato,133,AUTOMATIC DATA PROCESSING,0.004143111172218,0.0,AZ ,Industrials,US0530151036,2065308,ADP US Equity,US ,USD,2.396892,,11/7/2025
20251107,A83,Etica Bilanciato,559,STRYKER CORP,0.004109042101517,0.0,AZ ,Health Care,US8636671013,2853688,SYK UN Equity,US ,USD,2.396892,,11/7/2025
20251107,A83,Etica Bilanciato,348394,KNORR-BREMSE AG,0.004104866273066,0.0,AZ ,Industrials,DE000KBX1006,BD2P9X9,KBX GR Equity,DE ,EUR,2.396892,,11/7/2025
20251107,A83,Etica Bilanciato,486,TJX COMPANIES INC,0.004091282360625,0.0,AZ ,Consumer Discretionary,US8725401090,2989301,TJX US Equity,US ,USD,2.396892,,11/7/2025
20251107,A83,Etica Bilanciato,335820,BONOS Y OBLIG DEL ESTADO SPGB 3.55 10/31/33,0.004069840139399,0.0,OB ,SOVEREIGN,ES0000012L78,,ZK9078195 Govt,ES ,EUR,2.396892,A,11/7/2025
20251107,A83,Etica Bilanciato,783,SYNOPSYS INC,0.004015971130327,0.0,AZ ,Information Technology,US8716071076,2867719,SNPS US Equity,US ,USD,2.396892,,11/7/2025
20251107,A83,Etica Bilanciato,236196,IMCD NV,0.004013661583509,0.0,AZ ,Industrials,NL0010801007,BNCBD46,IMCD NA Equity,NL ,EUR,2.396892,,11/7/2025
20251107,A83,Etica Bilanciato,149,VERIZON COMMUNICATIONS INC,0.004013263064977,0.0,AZ ,Communication Services,US92343V1044,2090571,VZ US Equity,US ,USD,2.396892,,11/7/2025
20251107,A83,Etica Bilanciato,1619,LOREAL SA,0.003947490056199,0.0,AZ ,Consumer Staples,FR0000120321,4057808,OR FP Equity,FR ,EUR,2.396892,,11/7/2025
20251107,A83,Etica Bilanciato,335524,AGENCE FRANCAISE DEVELOP AGFRNC 0 1/8 09/29/31,0.00392924136116,0.0,OB ,Quasi & Foreign Government,FR0014005NA6,,BR5562094 Govt,FR ,EUR,2.396892,A,11/7/2025
20251107,A83,Etica Bilanciato,2088,SAP SE,0.003792371944421,0.0,AZ ,Information Technology,DE0007164600,4846288,SAP GY Equity,DE ,EUR,2.396892,,11/7/2025
20251107,A83,Etica Bilanciato,1288,KURITA WATER INDUSTRIES LTD,0.003737700036187,0.0,AZ ,Industrials,JP3270000007,6497963,6370 JP Equity,JP ,JPY,2.396892,,11/7/2025
20251107,A83,Etica Bilanciato,159,BOSTON SCIENTIFIC CORP,0.003684833388583,0.0,AZ ,Health Care,US1011371077,2113434,BSX US Equity,US ,USD,2.396892,,11/7/2025
20251107,A83,Etica Bilanciato,670,WELLTOWER INC,0.003646682657837,0.0,AZ ,Real Estate,US95040Q1040,BYVYHH4,WELL US Equity,US ,USD,2.396892,,11/7/2025
20251107,A83,Etica Bilanciato,1658,ATLAS COPCO AB-A SHS,0.003619592185576,0.0,AZ ,Industrials,SE0017486889,BLDBN41,ATCOA SS Equity,SE ,SEK,2.396892,,11/7/2025
20251107,A83,Etica Bilanciato,2489,LENOVO GROUP LTD,0.003589880017594,0.0,AZ ,Information Technology,HK0992009065,6218089,992 HK Equity,CN ,CNY,2.396892,,11/7/2025
20251107,A83,Etica Bilanciato,454,SONY GROUP CORP,0.003580851975596,0.0,AZ ,Consumer Discretionary,JP3435000009,6821506,6758 JP Equity,JP ,JPY,2.396892,,11/7/2025
20251107,A83,Etica Bilanciato,125,ANALOG DEVICES INC,0.003561703974353,0.0,AZ ,Information Technology,US0326541051,2032067,ADI US Equity,US ,USD,2.396892,,11/7/2025
20251107,A83,Etica Bilanciato,2170,DSV A/S,0.003551221377196,0.0,AZ ,Industrials,DK0060079531,B1WT5G2,DSV DC Equity,DK ,DKK,2.396892,,11/7/2025
20251107,A83,Etica Bilanciato,128479,BELGIUM KINGDOM BGB 3.3 06/22/54,0.003514897491679,0.0,OB ,SOVEREIGN,BE0000358672,,ZL0747895 Govt,BE ,EUR,2.396892,A,11/7/2025
20251107,A83,Etica Bilanciato,531,ADOBE INC,0.003511791095217,0.0,AZ ,Information Technology,US00724F1012,2008154,ADBE US Equity,US ,USD,2.396892,,11/7/2025
20251107,A83,Etica Bilanciato,18091,PROLOGIS INC,0.003500347941784,0.0,AZ ,Real Estate,US74340W1036,B44WZD7,PLD UN Equity,US ,USD,2.396892,,11/7/2025
20251107,A83,Etica Bilanciato,40461,VERTEX PHARMACEUTICALS INC,0.00350024389215,0.0,AZ ,Health Care,US92532F1003,2931034,VRTX US Equity,US ,USD,2.396892,,11/7/2025
20251107,A83,Etica Bilanciato,1545,TOTO LTD,0.003425865485095,0.0,AZ ,Industrials,JP3596200000,6897466,5332 JP Equity,JP ,JPY,2.396892,,11/7/2025
20251107,A83,Etica Bilanciato,1404,OBAYASHI CORP,0.003419954965051,0.0,AZ ,Industrials,JP3190000004,6656407,1802 JP Equity,JP ,JPY,2.396892,,11/7/2025
20251107,A83,Etica Bilanciato,4264,AUTODESK INC,0.003417539624546,0.0,AZ ,Information Technology,US0527691069,2065159,ADSK US Equity,US ,USD,2.396892,,11/7/2025
20251107,A83,Etica Bilanciato,2955,VOESTALPINE AG,0.003388536421596,0.0,AZ ,Materials,AT0000937503,4943402,VOE AV Equity,AT ,EUR,2.396892,,11/7/2025
20251107,A83,Etica Bilanciato,667,GILEAD SCIENCES INC,0.003388234669327,0.0,AZ ,Health Care,US3755581036,2369174,GILD US Equity,US ,USD,2.396892,,11/7/2025
20251107,A83,Etica Bilanciato,414446,TELEFONICA EUROPE BV TELEFO 2.502 PERP,0.003373998871821,0.0,OB ,INDUSTRIAL,XS2109819859,,ZP7077248 Corp,ES ,EUR,2.396892,C,11/7/2025
20251107,A83,Etica Bilanciato,2566,UNITED PARCEL SERVICE-CL B,0.003352800823109,0.0,AZ ,Industrials,US9113121068,2517382,UPS US Equity,US ,USD,2.396892,,11/7/2025
20251107,A83,Etica Bilanciato,3760,ABB LTD,0.003341488775547,0.0,AZ ,Industrials,CH0012221716,7108899,ABBN SW Equity,CH ,CHF,2.396892,,11/7/2025
20251107,A83,Etica Bilanciato,3033,STMICROELECTRONICS NV,0.003321190418293,0.0,SE ,Information Technology,NL0000226223,5962343,STMMI IM Equity,FR ,EUR,2.396892,,11/7/2025
20251107,A83,Etica Bilanciato,1337,MURATA MANUFACTURING CO LTD,0.003296694507424,0.0,AZ ,Information Technology,JP3914400001,6610403,6981 JP Equity,JP ,JPY,2.396892,,11/7/2025
20251107,A83,Etica Bilanciato,344,LOWE'S COS INC,0.003242204808393,0.0,AZ ,Consumer Discretionary,US5486611073,2536763,LOW US Equity,US ,USD,2.396892,,11/7/2025
20251107,A83,Etica Bilanciato,233530,ZALANDO SE,0.003238809445908,0.0,AZ ,Consumer Discretionary,DE000ZAL1111,BQV0SV7,ZAL GR Equity,DE ,EUR,2.396892,,11/7/2025
20251107,A83,Etica Bilanciato,424846,OTIS WORLDWIDE CORP,0.003197562642447,0.0,AZ ,Industrials,US68902V1070,BK531S8,OTIS US Equity,US ,USD,2.396892,,11/7/2025
20251107,A83,Etica Bilanciato,3014,ANHEUSER-BUSCH INBEV SA/NV,0.003189464773774,0.0,AZ ,Consumer Staples,BE0974293251,BYYHL23,ABI BB Equity,BE ,EUR,2.396892,,11/7/2025
20251107,A83,Etica Bilanciato,520,WESTERN DIGITAL CORP,0.003141894391027,0.0,AZ ,Information Technology,US9581021055,2954699,WDC US Equity,US ,USD,2.396892,,11/7/2025
20251107,A83,Etica Bilanciato,392,NOVO NORDISK A/S-B,0.003106176951508,0.0,AZ ,Health Care,DK0062498333,BP6KMJ1,NOVOB DC Equity,DK ,DKK,2.396892,,11/7/2025
20251107,A83,Etica Bilanciato,1609,ESSILORLUXOTTICA,0.002903993112805,0.0,AZ ,Health Care,FR0000121667,7212477,EL FP Equity,FR ,EUR,2.396892,,11/7/2025
20251107,A83,Etica Bilanciato,471,TDK CORP,0.002887463917883,0.0,AZ ,Information Technology,JP3538800008,6869302,6762 JP Equity,JP ,JPY,2.396892,,11/7/2025
20251107,A83,Etica Bilanciato,1526,TOKYO ELECTRON LTD,0.002880065820223,0.0,AZ ,Information Technology,JP3571400005,6895675,8035 JP Equity,JP ,JPY,2.396892,,11/7/2025
20251107,A83,Etica Bilanciato,232,ECOLAB INC,0.002869314753561,0.0,AZ ,Materials,US2788651006,2304227,ECL US Equity,US ,USD,2.396892,,11/7/2025
20251107,A83,Etica Bilanciato,166783,XYLEM INC,0.002828958733876,0.0,AZ ,Industrials,US98419M1009,B3P2CN8,XYL US Equity,US ,USD,2.396892,,11/7/2025
20251107,A83,Etica Bilanciato,302,HONDA MOTOR CO LTD,0.0028239736652,0.0,AZ ,Consumer Discretionary,JP3854600008,6435145,7267 JP Equity,JP ,JPY,2.396892,,11/7/2025
20251107,A83,Etica Bilanciato,3013,NOVARTIS AG,0.002777278213575,0.0,AZ ,Health Care,CH0012005267,7103065,NOVN SW Equity,CH ,CHF,2.396892,,11/7/2025
20251107,A83,Etica Bilanciato,411899,Etica Sustainable Global Equity - Class S,0.002753616141877,0.0,FO ,No Sector,LU2052491334,,MUSGESE LX Equity,DEV,MUL,2.396892,,11/7/2025
20251107,A83,Etica Bilanciato,1790,CHINA OVERSEAS LAND & INVEST,0.002750389457871,0.0,AZ ,Real Estate,HK0688002218,6192150,688 HK Equity,CN ,CNY,2.396892,,11/7/2025
20251107,A83,Etica Bilanciato,239153,BUNDESREPUB. DEUTSCHLAND DBR 0 08/15/31,0.002741837490065,0.0,OB ,SOVEREIGN,DE0001030732,,BR2433760 Govt,DE ,EUR,2.396892,A,11/7/2025
20251107,A83,Etica Bilanciato,236299,VONOVIA SE,0.002734583222047,0.0,AZ ,Real Estate,DE000A1ML7J1,BBJPFY1,VNA GR Equity,DE ,EUR,2.396892,,11/7/2025
20251107,A83,Etica Bilanciato,3011,DEUTSCHE TELEKOM AG,0.00273211645543,0.0,AZ ,Communication Services,DE0005557508,5842359,DTE GR Equity,DE ,EUR,2.396892,,11/7/2025
20251107,A83,Etica Bilanciato,4223,COLGATE-PALMOLIVE CO,0.002675639739499,0.0,AZ ,Consumer Staples,US1941621039,2209106,CL US Equity,US ,USD,2.396892,,11/7/2025
20251107,A83,Etica Bilanciato,57392,EQUINIX INC,0.002642508937648,0.0,AZ ,Real Estate,US29444U7000,BVLZX12,EQIX US Equity,US ,USD,2.396892,,11/7/2025
20251107,A83,Etica Bilanciato,405936,CARRIER GLOBAL CORP,0.00261216934298,0.0,AZ ,Industrials,US14448C1045,BK4N0D7,CARR US Equity,US ,USD,2.396892,,11/7/2025
20251107,A83,Etica Bilanciato,565111,BONOS Y OBLIG DEL ESTADO SPGB 3.2 10/31/35,0.00260788828831,0.0,OB ,SOVEREIGN,ES0000012P33,,YO9201485 Govt,ES ,EUR,2.396892,A,11/7/2025
20251107,A83,Etica Bilanciato,2831,BREMBO N.V.,0.002548048154682,0.0,AZ ,Consumer Discretionary,NL0015001KT6,BSMM753,BRE IM Equity,IT ,EUR,2.396892,,11/7/2025
20251107,A83,Etica Bilanciato,164959,JPY,0.002510055950472,0.0,LQ ,CASH,,,JPY,JP ,JPY,2.396892,,11/7/2025
20251107,A83,Etica Bilanciato,23406,IBIDEN CO LTD,0.002493371816035,0.0,AZ ,Information Technology,JP3148800000,6456102,4062 JP Equity,JP ,JPY,2.396892,,11/7/2025
20251107,A83,Etica Bilanciato,344928,IRELAND GOVERNMENT BOND IRISH 1.35 03/18/31,0.002488072151578,0.0,OB ,SOVEREIGN,IE00BFZRQ242,,AU9204705 Govt,IE ,EUR,2.396892,A,11/7/2025
20251107,A83,Etica Bilanciato,184644,ZOETIS INC,0.002441145188736,0.0,AZ ,Health Care,US98978V1035,B95WG16,ZTS US Equity,US ,USD,2.396892,,11/7/2025
20251107,A83,Etica Bilanciato,514999,BUNDESREPUB. DEUTSCHLAND DBR 1.8 08/15/53,0.002417440088405,0.0,OB ,SOVEREIGN,DE0001030757,,ZK9574730 Govt,DE ,EUR,2.396892,A,11/7/2025
20251107,A83,Etica Bilanciato,49977,TE CONNECTIVITY PLC,0.002415530835408,0.0,AZ ,Information Technology,IE000IVNQZ81,BRC3N84,TEL US Equity,US ,USD,2.396892,,11/7/2025
20251107,A83,Etica Bilanciato,17897,SK HYNIX INC,0.002406792967254,0.0,AZ ,Information Technology,KR7000660001,6450267,000660 KS Equity,KR ,KRW,2.396892,,11/7/2025
20251107,A83,Etica Bilanciato,405921,Etica Sustainable Dynamic Allocation - Class S,0.002381887277008,0.0,FO ,No Sector,LU2052490872,,MUSDASE LX Equity,DEV,MUL,2.396892,,11/7/2025
20251107,A83,Etica Bilanciato,1040,TATE & LYLE PLC,0.002364976785412,0.0,AZ ,Consumer Staples,GB00BP92CJ43,BP92CJ4,TATE LN Equity,GB ,GBP,2.396892,,11/7/2025
20251107,A83,Etica Bilanciato,164963,SGD,0.002349673253114,0.0,LQ ,CASH,,,SGD,SG ,SGD,2.396892,,11/7/2025
20251107,A83,Etica Bilanciato,1146,BRIDGESTONE CORP,0.00230970224727,0.0,AZ ,Consumer Discretionary,JP3830800003,6132101,5108 JP Equity,JP ,JPY,2.396892,,11/7/2025
20251107,A83,Etica Bilanciato,1575,ASTELLAS PHARMA INC,0.00230873813521,0.0,AZ ,Health Care,JP3942400007,6985383,4503 JP Equity,JP ,JPY,2.396892,,11/7/2025
20251107,A83,Etica Bilanciato,3371,ERG SPA,0.002302431356092,0.0,AZ ,Utilities,IT0001157020,5337093,ERG IM Equity,IT ,EUR,2.396892,,11/7/2025
20251107,A83,Etica Bilanciato,504076,TELEFONICA EUROPE BV TELEFO 6.135 PERP,0.002289569772809,0.0,OB ,INDUSTRIAL,XS2582389156,,ZM6546588 Corp,ES ,EUR,2.396892,C,11/7/2025
20251107,A83,Etica Bilanciato,23355,RALPH LAUREN CORP,0.002287795139817,0.0,AZ ,Consumer Discretionary,US7512121010,B4V9661,RL US Equity,US ,USD,2.396892,,11/7/2025
20251107,A83,Etica Bilanciato,2867,DARDEN RESTAURANTS INC,0.002284508439593,0.0,AZ ,Consumer Discretionary,US2371941053,2289874,DRI UN Equity,US ,USD,2.396892,,11/7/2025
20251107,A83,Etica Bilanciato,4266,MCCORMICK & CO-NON VTG SHRS,0.002159808191381,0.0,AZ ,Consumer Staples,US5797802064,2550161,MKC UN Equity,US ,USD,2.396892,,11/7/2025
20251107,A83,Etica Bilanciato,164955,CHF,0.00212033994633,0.0,LQ ,CASH,,,CHF,CH ,CHF,2.396892,,11/7/2025
20251107,A83,Etica Bilanciato,405993,SSE PLC SSELN 3 1/8 PERP,0.002099342208523,0.0,OB ,UTILITY,XS2195190520,,BK2936866 Corp,GB ,EUR,2.396892,B,11/7/2025
20251107,A83,Etica Bilanciato,534121,TERNA RETE ELETTRICA TRNIM 4 3/4 PERP,0.00209839015385,0.0,OB ,UTILITY,XS2798269069,,ZB2049300 Corp,IT ,EUR,2.396892,B,11/7/2025
20251107,A83,Etica Bilanciato,188,THE CIGNA GROUP,0.002095193977745,0.0,AZ ,Health Care,US1255231003,BHJ0775,CI US Equity,US ,USD,2.396892,,11/7/2025
20251107,A83,Etica Bilanciato,100272,AMERICAN WATER WORKS CO INC,0.002064990075545,0.0,AZ ,Utilities,US0304201033,B2R3PV1,AWK US Equity,US ,USD,2.396892,,11/7/2025
20251107,A83,Etica Bilanciato,276440,DELL TECHNOLOGIES -C,0.002061513752594,0.0,AZ ,Information Technology,US24703L2025,BHKD3S6,DELL US Equity,US ,USD,2.396892,,11/7/2025
20251107,A83,Etica Bilanciato,3065,ELEVANCE HEALTH INC,0.002052494264261,0.0,AZ ,Health Care,US0367521038,BSPHGL4,ELV US Equity,US ,USD,2.396892,,11/7/2025
20251107,A83,Etica Bilanciato,1340,NEC CORP,0.002035273138752,0.0,AZ ,Information Technology,JP3733000008,6640400,6701 JP Equity,JP ,JPY,2.396892,,11/7/2025
20251107,A83,Etica Bilanciato,1001,PERSIMMON PLC,0.002006534776637,0.0,AZ ,Consumer Discretionary,GB0006825383,682538,PSN LN Equity,GB ,GBP,2.396892,,11/7/2025
20251107,A83,Etica Bilanciato,239132,REPUBLIKA SLOVENIJA SLOREP 0 1/8 07/01/31,0.002005475231081,0.0,OB ,SOVEREIGN,SI0002104196,,BQ1964585 Govt,SI ,EUR,2.396892,A,11/7/2025
20251107,A83,Etica Bilanciato,651,EXPEDITORS INTL WASH INC,0.001983729534359,0.0,AZ ,Industrials,US3021301094,2325507,EXPD US Equity,US ,USD,2.396892,,11/7/2025
20251107,A83,Etica Bilanciato,1457,SHIMIZU CORP,0.00197666438928,0.0,AZ ,Industrials,JP3358800005,6804400,1803 JP Equity,JP ,JPY,2.396892,,11/7/2025
20251107,A83,Etica Bilanciato,389755,Etica Sustainable Conservative Allocation - Class S,0.001924985618231,0.0,FO ,No Sector,LU2052490286,,MUSCASS LX Equity,5A ,EUR,2.396892,,11/7/2025
20251107,A83,Etica Bilanciato,3119,INTERPUMP GROUP SPA,0.001883309444742,0.0,AZ ,Industrials,IT0001078911,5161407,IP IM Equity,IT ,EUR,2.396892,,11/7/2025
20251107,A83,Etica Bilanciato,148,BECTON DICKINSON AND CO,0.001881312895424,0.0,AZ ,Health Care,US0758871091,2087807,BDX US Equity,US ,USD,2.396892,,11/7/2025
20251107,A83,Etica Bilanciato,2658,ASSA ABLOY AB-B,0.001868064835377,0.0,AZ ,Industrials,SE0007100581,BYPC1T4,ASSAB SS Equity,SE ,SEK,2.396892,,11/7/2025
20251107,A83,Etica Bilanciato,469,SYSCO CORP,0.001867266580079,0.0,AZ ,Consumer Staples,US8718291078,2868165,SYY US Equity,US ,USD,2.396892,,11/7/2025
20251107,A83,Etica Bilanciato,88166,REXEL SA,0.00186590937427,0.0,AZ ,Industrials,FR0010451203,B1VP0K0,RXL FP Equity,FR ,EUR,2.396892,,11/7/2025
20251107,A83,Etica Bilanciato,349,MASCO CORP,0.001837657649576,0.0,AZ ,Industrials,US5745991068,2570200,MAS US Equity,US ,USD,2.396892,,11/7/2025
20251107,A83,Etica Bilanciato,51209,TELEFONICA EUROPE BV TELEFO 7 1/8 PERP,0.001812913708452,0.0,OB ,INDUSTRIAL,XS2462605671,,ZN3747385 Corp,ES ,EUR,2.396892,C,11/7/2025
20251107,A83,Etica Bilanciato,366,MICRON TECHNOLOGY INC,0.00181119480704,0.0,AZ ,Information Technology,US5951121038,2588184,MU US Equity,US ,USD,2.396892,,11/7/2025
20251107,A83,Etica Bilanciato,4275,HASBRO INC,0.001808383374057,0.0,AZ ,Consumer Discretionary,US4180561072,2414580,HAS US Equity,US ,USD,2.396892,,11/7/2025
20251107,A83,Etica Bilanciato,432910,SSE PLC SSELN 3.74 PERP,0.001804126579934,0.0,OB ,UTILITY,XS2195190876,,BK2909863 Corp,GB ,GBP,2.396892,B,11/7/2025
20251107,A83,Etica Bilanciato,19461,DICK'S SPORTING GOODS INC,0.001788144023035,0.0,AZ ,Consumer Discretionary,US2533931026,2969637,DKS US Equity,US ,USD,2.396892,,11/7/2025
20251107,A83,Etica Bilanciato,318,INTL FLAVORS & FRAGRANCES,0.001756380657031,0.0,AZ ,Materials,US4595061015,2464165,IFF US Equity,US ,USD,2.396892,,11/7/2025
20251107,A83,Etica Bilanciato,336003,TELEFONICA EUROPE BV TELEFO 5.7522 PERP,0.001703128625951,0.0,OB ,INDUSTRIAL,XS2755535577,,ZD4852251 Corp,ES ,EUR,2.396892,C,11/7/2025
20251107,A83,Etica Bilanciato,500911,ORSTED A/S ORSTED 5 1/4 12/08/3022,0.001671511760333,0.0,OB ,UTILITY,XS2563353361,,ZN6806667 Corp,DK ,EUR,2.396892,C,11/7/2025
20251107,A83,Etica Bilanciato,1088,ORICA LTD,0.001646653117841,0.0,AZ ,Materials,AU000000ORI1,6458001,ORI AU Equity,AU ,AUD,2.396892,,11/7/2025
20251107,A83,Etica Bilanciato,31928,DIGITAL REALTY TRUST INC,0.001638414537994,0.0,AZ ,Real Estate,US2538681030,B03GQS4,DLR US Equity,US ,USD,2.396892,,11/7/2025
20251107,A83,Etica Bilanciato,2298,TRACTOR SUPPLY COMPANY,0.001620251624293,0.0,AZ ,Consumer Discretionary,US8923561067,2900335,TSCO US Equity,US ,USD,2.396892,,11/7/2025
20251107,A83,Etica Bilanciato,152,BEST BUY CO INC,0.00160523507969,0.0,AZ ,Consumer Discretionary,US0865161014,2094670,BBY US Equity,US ,USD,2.396892,,11/7/2025
20251107,A83,Etica Bilanciato,18074,ESTEE LAUDER COMPANIES-CL A,0.001600115573223,0.0,AZ ,Consumer Staples,US5184391044,2320524,EL US Equity,US ,USD,2.396892,,11/7/2025
20251107,A83,Etica Bilanciato,1734,NOKIA OYJ,0.001594344525294,0.0,AZ ,Information Technology,FI0009000681,5902941,NOKIA FH Equity,FI ,EUR,2.396892,,11/7/2025
20251107,A83,Etica Bilanciato,34107,DAIICHI SANKYO CO LTD,0.001581531796297,0.0,AZ ,Health Care,JP3475350009,B0J7D91,4568 JP Equity,JP ,JPY,2.396892,,11/7/2025
20251107,A83,Etica Bilanciato,2985,CANADIAN NATL RAILWAY CO,0.001541542782464,0.0,AZ ,Industrials,CA1363751027,2180632,CNR CN Equity,CA ,CAD,2.396892,,11/7/2025
20251107,A83,Etica Bilanciato,406149,CAISSE D'AMORT DETTE SOC CADES 0 11/25/26,0.00152757107611,0.0,OB ,Quasi & Foreign Government,FR0014004016,,BP9677991 Govt,FR ,EUR,2.396892,A,11/7/2025
20251107,A83,Etica Bilanciato,242496,PAYPAL HOLDINGS INC,0.001515808329015,0.0,AZ ,Financials,US70450Y1038,BYW36M8,PYPL US Equity,US ,USD,2.396892,,11/7/2025
20251107,A83,Etica Bilanciato,492162,KOMMUNEKREDIT KOMMUN 1 1/2 05/16/29,0.001500931719872,0.0,OB ,Quasi & Foreign Government,XS2489343793,,BW8977538 Govt,DK ,EUR,2.396892,A,11/7/2025
20251107,A83,Etica Bilanciato,23481,CBRE GROUP INC,0.001467345980702,0.0,AZ ,Real Estate,US12504L1098,B6WVMH3,CBRE US Equity,US ,USD,2.396892,,11/7/2025
20251107,A83,Etica Bilanciato,1138,ASICS CORP,0.001418272073975,0.0,AZ ,Consumer Discretionary,JP3118000003,6057378,7936 JP Equity,JP ,JPY,2.396892,,11/7/2025
20251107,A83,Etica Bilanciato,253654,FERRARI NV,0.001392125529623,0.0,AZ ,Consumer Discretionary,NL0011585146,BZ1GMK5,RACE US Equity,IT ,EUR,2.396892,,11/7/2025
20251107,A83,Etica Bilanciato,406189,ERG SPA ERGIM 0 7/8 09/15/31,0.001374152603078,0.0,OB ,UTILITY,XS2386650274,,BR3380614 Corp,IT ,EUR,2.396892,NR,11/7/2025
20251107,A83,Etica Bilanciato,237464,INFINEON TECHNOLOGIES AG IFXGR 3 5/8 PERP,0.001337739213842,0.0,OB ,INDUSTRIAL,XS2056730679,,ZR7968624 Corp,DE ,EUR,2.396892,B,11/7/2025
20251107,A83,Etica Bilanciato,3837,AGILENT TECHNOLOGIES INC,0.001321428848014,0.0,AZ ,Health Care,US00846U1016,2520153,A US Equity,US ,USD,2.396892,,11/7/2025
20251107,A83,Etica Bilanciato,239100,FORVIA SE EOFP 2 3/8 06/15/29,0.001314024607125,0.0,OB ,INDUSTRIAL,XS2312733871,,BO6324905 Corp,FR ,EUR,2.396892,C,11/7/2025
20251107,A83,Etica Bilanciato,406011,ERG SPA ERGIM 0 1/2 09/11/27,0.001303483867953,0.0,OB ,UTILITY,XS2229434852,,ZO3431582 Corp,IT ,EUR,2.396892,NR,11/7/2025
20251107,A83,Etica Bilanciato,335212,LEVI STRAUSS & CO- CLASS A,0.001302537638936,0.0,AZ ,Consumer Discretionary,US52736R1023,BHRWS81,LEVI US Equity,US ,USD,2.396892,,11/7/2025
20251107,A83,Etica Bilanciato,57810,VENTAS INC,0.00129166550902,0.0,AZ ,Real Estate,US92276F1003,2927925,VTR US Equity,US ,USD,2.396892,,11/7/2025
20251107,A83,Etica Bilanciato,1733,ROCHE HOLDING AG-GENUSSCHEIN,0.001288880096255,0.0,AZ ,Health Care,CH0012032048,7110388,ROG SW Equity,CH ,CHF,2.396892,,11/7/2025
20251107,A83,Etica Bilanciato,336777,ULTA BEAUTY INC,0.00128844838867,0.0,AZ ,Consumer Discretionary,US90384S3031,B28TS42,ULTA UW Equity,US ,USD,2.396892,,11/7/2025
20251107,A83,Etica Bilanciato,1,LG ELECTRONICS INC,0.001268519983935,0.0,AZ ,Consumer Discretionary,KR7066570003,6520739,066570 KS Equity,KR ,KRW,2.396892,,11/7/2025
20251107,A83,Etica Bilanciato,3385,YUM! BRANDS INC,0.001264114107188,0.0,AZ ,Consumer Discretionary,US9884981013,2098876,YUM UN Equity,US ,USD,2.396892,,11/7/2025
20251107,A83,Etica Bilanciato,343334,GODADDY INC - CLASS A,0.001235760071706,0.0,AZ ,Information Technology,US3802371076,BWFRFC6,GDDY US Equity,US ,USD,2.396892,,11/7/2025
20251107,A83,Etica Bilanciato,335356,TAKEDA PHARMACEUTICAL TACHEM 1 07/09/29,0.001220726003283,0.0,OB ,INDUSTRIAL,XS2197348597,,BK2909210 Corp,JP ,EUR,2.396892,B,11/7/2025
20251107,A83,Etica Bilanciato,50381,LULULEMON ATHLETICA INC,0.001216037267298,0.0,AZ ,Consumer Discretionary,US5500211090,B23FN39,LULU US Equity,US ,USD,2.396892,,11/7/2025
20251107,A83,Etica Bilanciato,1755,SWIRE PACIFIC LTD - CL A,0.001206412889599,0.0,AZ ,Industrials,HK0019000162,6867748,19 HK Equity,HK ,HKD,2.396892,,11/7/2025
20251107,A83,Etica Bilanciato,387,NORSK HYDRO ASA,0.001193596052968,0.0,AZ ,Materials,NO0005052605,B11HK39,NHY NO Equity,NO ,NOK,2.396892,,11/7/2025
20251107,A83,Etica Bilanciato,67156,KEURIG DR PEPPER INC,0.001174718655742,0.0,AZ ,Consumer Staples,US49271V1008,BD3W133,KDP US Equity,US ,USD,2.396892,,11/7/2025
20251107,A83,Etica Bilanciato,58909,EDWARDS LIFESCIENCES CORP,0.001141349303992,0.0,AZ ,Health Care,US28176E1082,2567116,EW US Equity,US ,USD,2.396892,,11/7/2025
20251107,A83,Etica Bilanciato,335227,NEXI SPA,0.001117602247492,0.0,AZ ,Financials,IT0005366767,BJ1F880,NEXI IM Equity,IT ,EUR,2.396892,,11/7/2025
20251107,A83,Etica Bilanciato,454000,ORSTED A/S ORSTED 1 1/2 02/18/3021,0.00111721787921,0.0,OB ,UTILITY,XS2293075680,,BO0165460 Corp,DK ,EUR,2.396892,C,11/7/2025
20251107,A83,Etica Bilanciato,335766,NOKIA OYJ NOKIA 4 3/8 08/21/31,0.001100907513381,0.0,OB ,INDUSTRIAL,XS2488809612,,ZM9740188 Corp,FI ,EUR,2.396892,C,11/7/2025
20251107,A83,Etica Bilanciato,406118,CAISSE FRANCAISE DE FIN CAFFIL 0.01 04/27/29,0.001096219719706,0.0,OB ,Covered,FR00140033E4,,BP1529455 Govt,FR ,EUR,2.396892,A,11/7/2025
20251107,A83,Etica Bilanciato,173,CADENCE DESIGN SYS INC,0.00109132221807,0.0,AZ ,Information Technology,US1273871087,2302232,CDNS US Equity,US ,USD,2.396892,,11/7/2025
20251107,A83,Etica Bilanciato,405955,NOKIA OYJ NOKIA 3 1/8 05/15/28,0.00106647334227,0.0,OB ,INDUSTRIAL,XS2171872570,,BJ3268486 Corp,FI ,EUR,2.396892,C,11/7/2025
20251107,A83,Etica Bilanciato,321288,INMOBILIARIA COLONIAL SO COLSM 1 5/8 11/28/25,0.001055453613476,0.0,OB ,INDUSTRIAL,XS1725677543,,AQ1248246 Corp,ES ,EUR,2.396892,B,11/7/2025
20251107,A83,Etica Bilanciato,235482,MERLIN PROPERTIES SOCIMI SA,0.001038448656731,0.0,AZ ,Real Estate,ES0105025003,BNGNB77,MRL SM Equity,ES ,EUR,2.396892,,11/7/2025
20251107,A83,Etica Bilanciato,1010,RELX PLC,0.00102717619655,0.0,AZ ,Industrials,GB00B2B0DG97,B2B0DG9,REL LN Equity,GB ,GBP,2.396892,,11/7/2025
20251107,A83,Etica Bilanciato,24041,TERNA-RETE ELETTRICA NAZIONA,0.001020381650282,0.0,AZ ,Utilities,IT0003242622,B01BN57,TRN IM Equity,IT ,EUR,2.396892,,11/7/2025
20251107,A83,Etica Bilanciato,407318,ORSTED A/S ORSTED 1 3/4 12/09/3019,0.001012743269083,0.0,OB ,UTILITY,XS2010036874,,ZQ8044799 Corp,DK ,EUR,2.396892,C,11/7/2025
20251107,A83,Etica Bilanciato,443609,ORANGE SA ORAFP 1 3/4 PERP,0.000997152988571,0.0,OB ,INDUSTRIAL,FR00140005L7,,ZO8379513 Corp,FR ,EUR,2.396892,B,11/7/2025
20251107,A83,Etica Bilanciato,1714,SKF AB-B SHARES,0.000992402445459,0.0,AZ ,Industrials,SE0000108227,B1Q3J35,SKFB SS Equity,SE ,SEK,2.396892,,11/7/2025
20251107,A83,Etica Bilanciato,3466,COGNIZANT TECH SOLUTIONS-A,0.000969941484293,0.0,AZ ,Information Technology,US1924461023,2257019,CTSH US Equity,US ,USD,2.396892,,11/7/2025
20251107,A83,Etica Bilanciato,312,INGERSOLL-RAND INC,0.000963995822899,0.0,AZ ,Industrials,US45687V1061,BL5GZ82,IR UN Equity,US ,USD,2.396892,,11/7/2025
20251107,A83,Etica Bilanciato,58318,AZBIL CORP,0.000952526883524,0.0,AZ ,Information Technology,JP3937200008,6985543,6845 JP Equity,JP ,JPY,2.396892,,11/7/2025
20251107,A83,Etica Bilanciato,18075,BE SEMICONDUCTOR INDUSTRIES,0.000940886907291,0.0,AZ ,Information Technology,NL0012866412,BG0SCK9,BESI NA Equity,NL ,EUR,2.396892,,11/7/2025
20251107,A83,Etica Bilanciato,17956,RENESAS ELECTRONICS CORP,0.000912575338179,0.0,AZ ,Information Technology,JP3164720009,6635677,6723 JP Equity,JP ,JPY,2.396892,,11/7/2025
20251107,A83,Etica Bilanciato,481243,CAISSE D'AMORT DETTE SOC CADES 0.45 01/19/32,0.000900212069657,0.0,OB ,Quasi & Foreign Government,FR0014007RB1,,BT4620824 Govt,FR ,EUR,2.396892,A,11/7/2025
20251107,A83,Etica Bilanciato,222506,ORORA LTD,0.000893668016141,0.0,AZ ,Materials,AU000000ORA8,BH4TCW7,ORA AU Equity,AU ,AUD,2.396892,,11/7/2025
20251107,A83,Etica Bilanciato,44974,LEGRAND SA,0.00089281361798,0.0,AZ ,Industrials,FR0010307819,B11ZRK9,LR FP Equity,FR ,EUR,2.396892,,11/7/2025
20251107,A83,Etica Bilanciato,382187,NOKIA OYJ NOKIA 2 03/11/26,0.000890817532007,0.0,OB ,INDUSTRIAL,XS1960685383,,AX4993215 Corp,FI ,EUR,2.396892,C,11/7/2025
20251107,A83,Etica Bilanciato,2297,AVALONBAY COMMUNITIES INC,0.000879340038967,0.0,AZ ,Real Estate,US0534841012,2131179,AVB US Equity,US ,USD,2.396892,,11/7/2025
20251107,A83,Etica Bilanciato,4106,ZIMMER BIOMET HOLDINGS INC,0.000843340458656,0.0,AZ ,Health Care,US98956P1021,2783815,ZBH US Equity,US ,USD,2.396892,,11/7/2025
20251107,A83,Etica Bilanciato,335772,BONOS Y OBLIG DEL ESTADO SPGB 3.9 07/30/39,0.000820710569114,0.0,OB ,SOVEREIGN,ES0000012L60,,ZL1845482 Govt,ES ,EUR,2.396892,A,11/7/2025
20251107,A83,Etica Bilanciato,31968,PENTAIR PLC,0.000818208541405,0.0,AZ ,Industrials,IE00BLS09M33,BLS09M3,PNR UN Equity,US ,USD,2.396892,,11/7/2025
20251107,A83,Etica Bilanciato,212462,ORSTED A/S ORSTED 3 3/4 03/01/30,0.000815777301392,0.0,OB ,UTILITY,XS2591029876,,ZL2347488 Corp,DK ,EUR,2.396892,B,11/7/2025
20251107,A83,Etica Bilanciato,235835,RAI WAY SPA,0.000815354532725,0.0,AZ ,Communication Services,IT0005054967,BSM8WL2,RWAY IM Equity,IT ,EUR,2.396892,,11/7/2025
20251107,A83,Etica Bilanciato,212398,TELIA COMPANY AB TELIAS 2 3/4 06/30/2083,0.000786521616949,0.0,OB ,INDUSTRIAL,XS2443749648,,BV4439170 Corp,SE ,EUR,2.396892,B,11/7/2025
20251107,A83,Etica Bilanciato,451544,EDP SA EDPPL 1 7/8 08/02/2081,0.00077806298457,0.0,OB ,UTILITY,PTEDPROM0029,,BN7191719 Corp,PT ,EUR,2.396892,C,11/7/2025
20251107,A83,Etica Bilanciato,1122,AJINOMOTO CO INC,0.000774563619305,0.0,AZ ,Consumer Staples,JP3119600009,6010906,2802 JP Equity,JP ,JPY,2.396892,,11/7/2025
20251107,A83,Etica Bilanciato,3478,SOL SPA,0.000762523859452,0.0,AZ ,Materials,IT0001206769,5490684,SOL IM Equity,IT ,EUR,2.396892,,11/7/2025
20251107,A83,Etica Bilanciato,50261,DIASORIN SPA,0.000749802091887,0.0,AZ ,Health Care,IT0003492391,B234WN9,DIA IM Equity,IT ,EUR,2.396892,,11/7/2025
20251107,A83,Etica Bilanciato,58590,SYSMEX CORP,0.000729979158059,0.0,AZ ,Health Care,JP3351100007,6883807,6869 JP Equity,JP ,JPY,2.396892,,11/7/2025
20251107,A83,Etica Bilanciato,211955,TECHNOGYM SPA,0.000724210083252,0.0,AZ ,Consumer Discretionary,IT0005162406,BD9Y5C0,TGYM IM Equity,IT ,EUR,2.396892,,11/7/2025
20251107,A83,Etica Bilanciato,212828,PRYSMIAN SPA PRYIM 3 7/8 11/28/31,0.000721126911317,0.0,OB ,INDUSTRIAL,XS2948434266,,YT3439742 Corp,IT ,EUR,2.396892,B,11/7/2025
20251107,A83,Etica Bilanciato,536433,EDP SA EDPPL 4 3/4 05/29/54,0.000660346389945,0.0,OB ,UTILITY,PTEDPZOM0011,,YX2446822 Corp,PT ,EUR,2.396892,C,11/7/2025
20251107,A83,Etica Bilanciato,1093,LENDLEASE GROUP,0.000607543595477,0.0,AZ ,Real Estate,AU000000LLC3,6512004,LLC AU Equity,AU ,AUD,2.396892,,11/7/2025
20251107,A83,Etica Bilanciato,476807,SOCIETE FONCIERE LYONNAI FLYFP 0 1/2 04/21/28,0.000596184552216,0.0,OB ,INDUSTRIAL,FR00140060E7,,BR9645093 Corp,FR ,EUR,2.396892,B,11/7/2025
20251107,A83,Etica Bilanciato,1024,SSE PLC,0.000558093457643,0.0,AZ ,Utilities,GB0007908733,790873,SSE LN Equity,GB ,GBP,2.396892,,11/7/2025
20251107,A83,Etica Bilanciato,5574,ERG SPA ERGIM 4 1/8 07/03/30,0.000550616929695,0.0,OB ,UTILITY,XS2853679053,,YX9810210 Corp,IT ,EUR,2.396892,NR,11/7/2025
20251107,A83,Etica Bilanciato,128611,BRITISH TELECOMMUNICATIO BRITEL 5 1/8 10/03/54,0.000545255473728,0.0,OB ,INDUSTRIAL,XS2794589403,,ZB0014470 Corp,GB ,EUR,2.396892,C,11/7/2025
20251107,A83,Etica Bilanciato,239013,KLEPIERRE SA LIFP 2 05/12/29,0.000510412871621,0.0,OB ,INDUSTRIAL,FR0013512233,,BJ2958731 Corp,FR ,EUR,2.396892,A,11/7/2025
20251107,A83,Etica Bilanciato,677,BIOGEN INC,0.000504621389648,0.0,AZ ,Health Care,US09062X1037,2455965,BIIB US Equity,US ,USD,2.396892,,11/7/2025
20251107,A83,Etica Bilanciato,237336,OBRIGACOES DO TESOURO PGB 2 1/4 04/18/34,0.000502398290551,0.0,OB ,SOVEREIGN,PTOTEWOE0017,,AS1769569 Govt,PT ,EUR,2.396892,A,11/7/2025
20251107,A83,Etica Bilanciato,23349,CORBION NV,0.000484896591294,0.0,AZ ,Materials,NL0010583399,BFRSRR7,CRBN NA Equity,NL ,EUR,2.396892,,11/7/2025
20251107,A83,Etica Bilanciato,503621,A2A SPA AEMSPA 4 3/8 02/03/34,0.000454133306475,0.0,OB ,UTILITY,XS2583205906,,ZM7159977 Corp,IT ,EUR,2.396892,B,11/7/2025
20251107,A83,Etica Bilanciato,58681,JONES LANG LASALLE INC,0.000434016002664,0.0,AZ ,Real Estate,US48020Q1076,2040640,JLL US Equity,US ,USD,2.396892,,11/7/2025
20251107,A83,Etica Bilanciato,247914,INFRASTRUTTURE WIRELESS ITAL,0.000424466249575,0.0,AZ ,Communication Services,IT0005090300,BZ0P4R4,INW IM Equity,IT ,EUR,2.396892,,11/7/2025
20251107,A83,Etica Bilanciato,51536,RENAULT SA RENAUL 3 7/8 09/30/30,0.00041856180508,0.0,OB ,INDUSTRIAL,FR0014010DR1,,YK3273678 Corp,FR ,EUR,2.396892,C,11/7/2025
20251107,A83,Etica Bilanciato,3672,AMPLIFON SPA,0.000415228687036,0.0,AZ ,Health Care,IT0004056880,B14NJ71,AMP IM Equity,IT ,EUR,2.396892,,11/7/2025
20251107,A83,Etica Bilanciato,235231,ORANGE SA ORAFP 5 PERP,0.000358961335461,0.0,OB ,INDUSTRIAL,XS1115498260,,EK5085239 Corp,FR ,EUR,2.396892,B,11/7/2025
20251107,A83,Etica Bilanciato,63,HERA SPA,0.000329869789759,0.0,AZ ,Utilities,IT0001250932,7598003,HER IM Equity,IT ,EUR,2.396892,,11/7/2025
20251107,A83,Etica Bilanciato,3245,EDP SA,0.000326834899437,0.0,AZ ,Utilities,PTEDP0AM0009,4103596,EDP PL Equity,PT ,EUR,2.396892,,11/7/2025
20251107,A83,Etica Bilanciato,3321,BXP INC,0.000320211239049,0.0,AZ ,Real Estate,US1011211018,2019479,BXP US Equity,US ,USD,2.396892,,11/7/2025
20251107,A83,Etica Bilanciato,48675,PRYSMIAN SPA,0.000279024196708,0.0,AZ ,Industrials,IT0004176001,B1W4V69,PRY IM Equity,IT ,EUR,2.396892,,11/7/2025
20251107,A83,Etica Bilanciato,494559,SSE PLC SSELN 2 7/8 08/01/29,0.000263138218652,0.0,OB ,UTILITY,XS2510903862,,BY0600829 Corp,GB ,EUR,2.396892,B,11/7/2025
20251107,A83,Etica Bilanciato,3476,A2A SPA,0.000236815316783,0.0,AZ ,Utilities,IT0001233417,5499131,A2A IM Equity,IT ,EUR,2.396892,,11/7/2025
20251107,A83,Etica Bilanciato,164725,HKD,0.000231927691167,0.0,LQ ,CASH,,,HKD,HK ,HKD,2.396892,,11/7/2025
20251107,A83,Etica Bilanciato,185030,NETHERLANDS GOVERNMENT NETHER 0 1/2 01/15/40,0.000183990948128,0.0,OB ,SOVEREIGN,NL0013552060,,ZS0947771 Govt,NL ,EUR,2.396892,A,11/7/2025
20251107,A83,Etica Bilanciato,164722,DKK,0.000165253075079,0.0,LQ ,CASH,,,DKK,DK ,DKK,2.396892,,11/7/2025
20251107,A83,Etica Bilanciato,170146,EUR C/MARGINI,0.000147911766151,0.0,OT ,CASH,,,EUR C/MARGINI,5A ,EUR,2.396892,,11/7/2025
20251107,A83,Etica Bilanciato,447577,STORA ENSO OYJ STERV 0 5/8 12/02/30,0.000140603187827,0.0,OB ,INDUSTRIAL,XS2265360359,,BM7557275 Corp,FI ,EUR,2.396892,B,11/7/2025
20251107,A83,Etica Bilanciato,1464,SHISEIDO CO LTD,0.000129863741238,0.0,AZ ,Consumer Staples,JP3351600006,6805265,4911 JP Equity,JP ,JPY,2.396892,,11/7/2025
20251107,A83,Etica Bilanciato,164960,NOK,0.000108809798095,0.0,LQ ,CASH,,,NOK,NO ,NOK,2.396892,,11/7/2025
20251107,A83,Etica Bilanciato,314765,PIRELLI & C SPA,0.000099340005894,0.0,AZ ,Consumer Discretionary,IT0005278236,BZ5ZHK3,PIRC IM Equity,IT ,EUR,2.396892,,11/7/2025
20251107,A83,Etica Bilanciato,164726,SEK,0.00006524521693,0.0,LQ ,CASH,,,SEK,SE ,SEK,2.396892,,11/7/2025
20251107,A83,Etica Bilanciato,172066,ALLINEAMENTO NAV,0.00002205590374,0.0,OT ,CASH,,,ALLINEAMENTO NAV,5A ,EUR,2.396892,,11/7/2025
20251107,A83,Etica Bilanciato,184686,TESLA INC,0.0,0.005178454777854,AZ ,Consumer Discretionary,US88160R1014,B616C79,TSLA US Equity,US ,USD,2.396892,,11/7/2025
20251107,A83,Etica Bilanciato,227088,ALPHABET INC-CL A,0.0,0.009031474152078,AZ ,Communication Services,US02079K3059,BYVY8G0,GOOGL US Equity,US ,USD,2.396892,,11/7/2025
20251107,A83,Etica Bilanciato,28663,ALPHABET INC-CL C,0.0,0.007684009284186,AZ ,Communication Services,US02079K1079,BYY88Y7,GOOG US Equity,US ,USD,2.396892,,11/7/2025
20251107,A83,Etica Bilanciato,50594,BROADCOM INC,0.0,0.008667400200162,AZ ,Information Technology,US11135F1012,BDZ78H9,AVGO US Equity,US ,USD,2.396892,,11/7/2025
20251107,A83,Etica Bilanciato,3255,AMAZON.COM INC,0.0,0.012962858673438,AZ ,Consumer Discretionary,US0231351067,2000019,AMZN US Equity,US ,USD,2.396892,,11/7/2025
20251107,A83,Etica Bilanciato,553,MICROSOFT CORP,0.0,0.014612772609288,AZ ,Information Technology,US5949181045,2588173,MSFT US Equity,US ,USD,2.396892,,11/7/2025
20251107,A83,Etica Bilanciato,534,APPLE INC,0.0,0.022395089327586,AZ ,Information Technology,US0378331005,2046251,AAPL US Equity,US ,USD,2.396892,,11/7/2025
20251107,A83,Etica Bilanciato,164736,DEBITI COMPENSO REVISIONE,-0.00000251248161,0.0,CD ,CASH,,,DEBITI COMPENSO REVISIONE,5A ,EUR,2.396892,,11/7/2025
20251107,A83,Etica Bilanciato,164733,DEBITI COMMISSIONE GESTIONE,-0.000020280146225,0.0,CD ,CASH,,,DEBITI COMMISSIONE GESTIONE,5A ,EUR,2.396892,,11/7/2025
20251107,A83,Etica Bilanciato,164730,DEBITI COMMISSIONE DEPOSITARIA,-0.000106035797158,0.0,CD ,CASH,,,DEBITI COMMISSIONE DEPOSITARIA,5A ,EUR,2.396892,,11/7/2025
20251107,A83,Etica Bilanciato,179420,DEBITI COMMISSIONE AMMINISTRAZIONE,-0.002289432263403,0.0,CD ,CASH,,,DEBITI COMMISSIONE AMMINISTRAZIONE,5A ,EUR,2.396892,,11/7/2025
20251107,A83,Etica Bilanciato,571448,Euro-BTP Future   Dec25,-0.004788344792734,0.0,FU ,SOVEREIGN,,,IKZ5 Comdty,IT ,EUR,2.396892,,11/7/2025
20251107,A88,Etica Azionario,3458,NVIDIA CORP,0.073231297925465,0.057029395061052,AZ ,Information Technology,US67066G1040,2379504,NVDA US Equity,US ,USD,3.481121,,11/7/2025
20251107,A88,Etica Azionario,571126,AUSTRIAN T-BILL RATB 0 11/27/25,0.028560130822876,0.0,OB ,SOVEREIGN,AT0000A3MUA7,,YL5192205 Govt,AT ,EUR,3.481121,A,11/7/2025
20251107,A88,Etica Azionario,65876,VISA INC-CLASS A SHARES,0.026698937185325,0.009646952726925,AZ ,Financials,US92826C8394,B2PZN04,V US Equity,US ,USD,3.481121,,11/7/2025
20251107,A88,Etica Azionario,45465,MASTERCARD INC - A,0.026326715830421,0.007488622964295,AZ ,Financials,US57636Q1040,B121557,MA US Equity,US ,USD,3.481121,,11/7/2025
20251107,A88,Etica Azionario,554,ORACLE CORP,0.02268684779594,0.0,AZ ,Information Technology,US68389X1054,2661568,ORCL US Equity,US ,USD,3.481121,,11/7/2025
20251107,A88,Etica Azionario,164727,USD,0.021828709600617,0.0,LQ ,CASH,,,USD,US ,USD,3.481121,,11/7/2025
20251107,A88,Etica Azionario,164724,GBP,0.019030497610598,0.0,LQ ,CASH,,,GBP,GB ,GBP,3.481121,,11/7/2025
20251107,A88,Etica Azionario,574251,AUSTRIAN T-BILL RATB 0 03/26/26,0.015025942420565,0.0,OB ,SOVEREIGN,AT0000A3MUC3,,YK2495496 Govt,AT ,EUR,3.481121,A,11/7/2025
20251107,A88,Etica Azionario,201018,ABBVIE INC,0.013260275367409,0.0,AZ ,Health Care,US00287Y1091,B92SR70,ABBV US Equity,US ,USD,3.481121,,11/7/2025
20251107,A88,Etica Azionario,300,HOME DEPOT INC,0.012852505274981,0.0,AZ ,Consumer Discretionary,US4370761029,2434209,HD US Equity,US ,USD,3.481121,,11/7/2025
20251107,A88,Etica Azionario,577,APPLIED MATERIALS INC,0.012461431767066,0.0,AZ ,Information Technology,US0382221051,2046552,AMAT US Equity,US ,USD,3.481121,,11/7/2025
20251107,A88,Etica Azionario,427,PROCTER & GAMBLE CO/THE,0.011830746285137,0.0,AZ ,Consumer Staples,US7427181091,2704407,PG US Equity,US ,USD,3.481121,,11/7/2025
20251107,A88,Etica Azionario,480,TEXAS INSTRUMENTS INC,0.010725183016506,0.0,AZ ,Information Technology,US8825081040,2885409,TXN US Equity,US ,USD,3.481121,,11/7/2025
20251107,A88,Etica Azionario,2839,ASML HOLDING NV,0.010660805740385,0.0,AZ ,Information Technology,NL0010273215,B929F46,ASML NA Equity,NL ,EUR,3.481121,,11/7/2025
20251107,A88,Etica Azionario,221482,SERVICENOW INC,0.010659123597265,0.0,AZ ,Information Technology,US81762P1021,B80NXX8,NOW US Equity,US ,USD,3.481121,,11/7/2025
20251107,A88,Etica Azionario,222389,MONCLER SPA,0.010462364573184,0.0,AZ ,Consumer Discretionary,IT0004965148,BGLP232,MONC IM Equity,IT ,EUR,3.481121,,11/7/2025
20251107,A88,Etica Azionario,756,QUALCOMM INC,0.010074553153773,0.0,AZ ,Information Technology,US7475251036,2714923,QCOM US Equity,US ,USD,3.481121,,11/7/2025
20251107,A88,Etica Azionario,705,LAM RESEARCH CORP,0.009905843322279,0.0,AZ ,Information Technology,US5128073062,BSML4N7,LRCX US Equity,US ,USD,3.481121,,11/7/2025
20251107,A88,Etica Azionario,23568,SALESFORCE INC,0.009876225248163,0.0,AZ ,Information Technology,US79466L3024,2310525,CRM US Equity,US ,USD,3.481121,,11/7/2025
20251107,A88,Etica Azionario,214,DANAHER CORP,0.009344732622939,0.0,AZ ,Health Care,US2358511028,2250870,DHR US Equity,US ,USD,3.481121,,11/7/2025
20251107,A88,Etica Azionario,363,MERCK & CO. INC.,0.009343095727286,0.0,AZ ,Health Care,US58933Y1055,2778844,MRK US Equity,US ,USD,3.481121,,11/7/2025
20251107,A88,Etica Azionario,360,MEDTRONIC PLC,0.009324881595513,0.0,AZ ,Health Care,IE00BTN1Y115,BTN1Y11,MDT US Equity,US ,USD,3.481121,,11/7/2025
20251107,A88,Etica Azionario,542,CISCO SYSTEMS INC,0.009263758017527,0.0,AZ ,Information Technology,US17275R1023,2198163,CSCO US Equity,US ,USD,3.481121,,11/7/2025
20251107,A88,Etica Azionario,423,NEW LINDE PLC,0.009252761773192,0.0,AZ ,Materials,IE000S9YS762,BNZHB81,LIN US Equity,US ,USD,3.481121,,11/7/2025
20251107,A88,Etica Azionario,411899,Etica Sustainable Global Equity - Class S,0.008893430246436,0.0,FO ,No Sector,LU2052491334,,MUSGESE LX Equity,DEV,MUL,3.481121,,11/7/2025
20251107,A88,Etica Azionario,1706,TELECOM ITALIA SPA,0.008873174345814,0.0,AZ ,Communication Services,IT0003497168,7634394,TIT IM Equity,IT ,EUR,3.481121,,11/7/2025
20251107,A88,Etica Azionario,164953,AUD,0.008762546726026,0.0,LQ ,CASH,,,AUD,AU ,AUD,3.481121,,11/7/2025
20251107,A88,Etica Azionario,2703,LONZA GROUP AG-REG,0.008634019016438,0.0,AZ ,Health Care,CH0013841017,7333378,LONN SW Equity,CH ,CHF,3.481121,,11/7/2025
20251107,A88,Etica Azionario,216,DEERE & CO,0.008572369064624,0.0,AZ ,Industrials,US2441991054,2261203,DE US Equity,US ,USD,3.481121,,11/7/2025
20251107,A88,Etica Azionario,1821,INTUIT INC,0.007968996810343,0.0,AZ ,Information Technology,US4612021034,2459020,INTU US Equity,US ,USD,3.481121,,11/7/2025
20251107,A88,Etica Azionario,358,S&P GLOBAL INC,0.007888315817445,0.0,AZ ,Financials,US78409V1044,BYV2325,SPGI US Equity,US ,USD,3.481121,,11/7/2025
20251107,A88,Etica Azionario,405921,Etica Sustainable Dynamic Allocation - Class S,0.007692847245755,0.0,FO ,No Sector,LU2052490872,,MUSDASE LX Equity,DEV,MUL,3.481121,,11/7/2025
20251107,A88,Etica Azionario,2706,TRANE TECHNOLOGIES PLC,0.007611358187903,0.0,AZ ,Industrials,IE00BK9ZQ967,BK9ZQ96,TT US Equity,US ,USD,3.481121,,11/7/2025
20251107,A88,Etica Azionario,30976,NABTESCO CORP,0.007401219465843,0.0,AZ ,Industrials,JP3651210001,6687571,6268 JP Equity,JP ,JPY,3.481121,,11/7/2025
20251107,A88,Etica Azionario,4289,CRH PLC,0.007335061363069,0.0,SE ,Materials,IE0001827041,182704,CRH LN Equity,US ,USD,3.481121,,11/7/2025
20251107,A88,Etica Azionario,100,ABBOTT LABORATORIES,0.007215485657255,0.0,AZ ,Health Care,US0028241000,2002305,ABT US Equity,US ,USD,3.481121,,11/7/2025
20251107,A88,Etica Azionario,549,INTEL CORP,0.007203344522524,0.0,AZ ,Information Technology,US4581401001,2463247,INTC US Equity,US ,USD,3.481121,,11/7/2025
20251107,A88,Etica Azionario,397638,PROSUS NV,0.006905144880052,0.0,AZ ,Consumer Discretionary,NL0013654783,BJDS7L3,PRX NA Equity,NL ,EUR,3.481121,,11/7/2025
20251107,A88,Etica Azionario,533,AMGEN INC,0.00655946381306,0.0,AZ ,Health Care,US0311621009,2023607,AMGN US Equity,US ,USD,3.481121,,11/7/2025
20251107,A88,Etica Azionario,53583,LOGITECH INTERNATIONAL,0.006443817154518,0.0,SE ,Information Technology,CH0025751329,B1921K0,LOGI US Equity,CH ,CHF,3.481121,,11/7/2025
20251107,A88,Etica Azionario,497,UNION PACIFIC CORP,0.00641073977616,0.0,AZ ,Industrials,US9078181081,2914734,UNP US Equity,US ,USD,3.481121,,11/7/2025
20251107,A88,Etica Azionario,1285,KUBOTA CORP,0.006261346258338,0.0,AZ ,Industrials,JP3266400005,6497509,6326 JT Equity,JP ,JPY,3.481121,,11/7/2025
20251107,A88,Etica Azionario,1619,LOREAL SA,0.00622149070511,0.0,AZ ,Consumer Staples,FR0000120321,4057808,OR FP Equity,FR ,EUR,3.481121,,11/7/2025
20251107,A88,Etica Azionario,389755,Etica Sustainable Conservative Allocation - Class S,0.006217179315894,0.0,FO ,No Sector,LU2052490286,,MUSCASS LX Equity,5A ,EUR,3.481121,,11/7/2025
20251107,A88,Etica Azionario,191474,PALO ALTO NETWORKS INC,0.006178823015896,0.0,AZ ,Information Technology,US6974351057,B87ZMX0,PANW US Equity,US ,USD,3.481121,,11/7/2025
20251107,A88,Etica Azionario,3092,MTR CORP,0.006120641078167,0.0,AZ ,Industrials,HK0066009694,6290054,66 HK Equity,HK ,HKD,3.481121,,11/7/2025
20251107,A88,Etica Azionario,1258,KAO CORP,0.005979260582487,0.0,AZ ,Consumer Staples,JP3205800000,6483809,4452 JP Equity,JP ,JPY,3.481121,,11/7/2025
20251107,A88,Etica Azionario,149,VERIZON COMMUNICATIONS INC,0.005966177725382,0.0,AZ ,Communication Services,US92343V1044,2090571,VZ US Equity,US ,USD,3.481121,,11/7/2025
20251107,A88,Etica Azionario,486,TJX COMPANIES INC,0.005960326762085,0.0,AZ ,Consumer Discretionary,US8725401090,2989301,TJX US Equity,US ,USD,3.481121,,11/7/2025
20251107,A88,Etica Azionario,133,AUTOMATIC DATA PROCESSING,0.005930303007683,0.0,AZ ,Industrials,US0530151036,2065308,ADP US Equity,US ,USD,3.481121,,11/7/2025
20251107,A88,Etica Azionario,783,SYNOPSYS INC,0.005925399988077,0.0,AZ ,Information Technology,US8716071076,2867719,SNPS US Equity,US ,USD,3.481121,,11/7/2025
20251107,A88,Etica Azionario,49402,SARTORIUS STEDIM BIOTECH,0.0058842162342,0.0,AZ ,Health Care,FR0013154002,BYZ2QP5,DIM FP Equity,FR ,EUR,3.481121,,11/7/2025
20251107,A88,Etica Azionario,559,STRYKER CORP,0.005881422173661,0.0,AZ ,Health Care,US8636671013,2853688,SYK UN Equity,US ,USD,3.481121,,11/7/2025
20251107,A88,Etica Azionario,236196,IMCD NV,0.005743758376585,0.0,AZ ,Industrials,NL0010801007,BNCBD46,IMCD NA Equity,NL ,EUR,3.481121,,11/7/2025
20251107,A88,Etica Azionario,348394,KNORR-BREMSE AG,0.005723419749267,0.0,AZ ,Industrials,DE000KBX1006,BD2P9X9,KBX GR Equity,DE ,EUR,3.481121,,11/7/2025
20251107,A88,Etica Azionario,1658,ATLAS COPCO AB-A SHS,0.005612092853494,0.0,AZ ,Industrials,SE0017486889,BLDBN41,ATCOA SS Equity,SE ,SEK,3.481121,,11/7/2025
20251107,A88,Etica Azionario,125,ANALOG DEVICES INC,0.005539232341397,0.0,AZ ,Information Technology,US0326541051,2032067,ADI US Equity,US ,USD,3.481121,,11/7/2025
20251107,A88,Etica Azionario,1288,KURITA WATER INDUSTRIES LTD,0.005449130728256,0.0,AZ ,Industrials,JP3270000007,6497963,6370 JP Equity,JP ,JPY,3.481121,,11/7/2025
20251107,A88,Etica Azionario,520,WESTERN DIGITAL CORP,0.005433807490974,0.0,AZ ,Information Technology,US9581021055,2954699,WDC US Equity,US ,USD,3.481121,,11/7/2025
20251107,A88,Etica Azionario,2088,SAP SE,0.005428150010623,0.0,AZ ,Information Technology,DE0007164600,4846288,SAP GY Equity,DE ,EUR,3.481121,,11/7/2025
20251107,A88,Etica Azionario,159,BOSTON SCIENTIFIC CORP,0.005274176779885,0.0,AZ ,Health Care,US1011371077,2113434,BSX US Equity,US ,USD,3.481121,,11/7/2025
20251107,A88,Etica Azionario,531,ADOBE INC,0.005239067031912,0.0,AZ ,Information Technology,US00724F1012,2008154,ADBE US Equity,US ,USD,3.481121,,11/7/2025
20251107,A88,Etica Azionario,670,WELLTOWER INC,0.005219618422783,0.0,AZ ,Real Estate,US95040Q1040,BYVYHH4,WELL US Equity,US ,USD,3.481121,,11/7/2025
20251107,A88,Etica Azionario,1545,TOTO LTD,0.005197403177352,0.0,AZ ,Industrials,JP3596200000,6897466,5332 JP Equity,JP ,JPY,3.481121,,11/7/2025
20251107,A88,Etica Azionario,454,SONY GROUP CORP,0.005126164596119,0.0,AZ ,Consumer Discretionary,JP3435000009,6821506,6758 JP Equity,JP ,JPY,3.481121,,11/7/2025
20251107,A88,Etica Azionario,2170,DSV A/S,0.005080927099607,0.0,AZ ,Industrials,DK0060079531,B1WT5G2,DSV DC Equity,DK ,DKK,3.481121,,11/7/2025
20251107,A88,Etica Azionario,3033,STMICROELECTRONICS NV,0.005078653342908,0.0,SE ,Information Technology,NL0000226223,5962343,STMMI IM Equity,FR ,EUR,3.481121,,11/7/2025
20251107,A88,Etica Azionario,667,GILEAD SCIENCES INC,0.005054939752225,0.0,AZ ,Health Care,US3755581036,2369174,GILD US Equity,US ,USD,3.481121,,11/7/2025
20251107,A88,Etica Azionario,1337,MURATA MANUFACTURING CO LTD,0.005021439357968,0.0,AZ ,Information Technology,JP3914400001,6610403,6981 JP Equity,JP ,JPY,3.481121,,11/7/2025
20251107,A88,Etica Azionario,4264,AUTODESK INC,0.005014595338028,0.0,AZ ,Information Technology,US0527691069,2065159,ADSK US Equity,US ,USD,3.481121,,11/7/2025
20251107,A88,Etica Azionario,18091,PROLOGIS INC,0.005010206669975,0.0,AZ ,Real Estate,US74340W1036,B44WZD7,PLD UN Equity,US ,USD,3.481121,,11/7/2025
20251107,A88,Etica Azionario,2489,LENOVO GROUP LTD,0.004989178115461,0.0,AZ ,Information Technology,HK0992009065,6218089,992 HK Equity,CN ,CNY,3.481121,,11/7/2025
20251107,A88,Etica Azionario,233530,ZALANDO SE,0.004937544348847,0.0,AZ ,Consumer Discretionary,DE000ZAL1111,BQV0SV7,ZAL GR Equity,DE ,EUR,3.481121,,11/7/2025
20251107,A88,Etica Azionario,1404,OBAYASHI CORP,0.00489611241488,0.0,AZ ,Industrials,JP3190000004,6656407,1802 JP Equity,JP ,JPY,3.481121,,11/7/2025
20251107,A88,Etica Azionario,3760,ABB LTD,0.004893141988423,0.0,AZ ,Industrials,CH0012221716,7108899,ABBN SW Equity,CH ,CHF,3.481121,,11/7/2025
20251107,A88,Etica Azionario,344,LOWE'S COS INC,0.004883780857419,0.0,AZ ,Consumer Discretionary,US5486611073,2536763,LOW US Equity,US ,USD,3.481121,,11/7/2025
20251107,A88,Etica Azionario,424846,OTIS WORLDWIDE CORP,0.004860951063608,0.0,AZ ,Industrials,US68902V1070,BK531S8,OTIS US Equity,US ,USD,3.481121,,11/7/2025
20251107,A88,Etica Azionario,2955,VOESTALPINE AG,0.004821885499887,0.0,AZ ,Materials,AT0000937503,4943402,VOE AV Equity,AT ,EUR,3.481121,,11/7/2025
20251107,A88,Etica Azionario,2566,UNITED PARCEL SERVICE-CL B,0.004799034519972,0.0,AZ ,Industrials,US9113121068,2517382,UPS US Equity,US ,USD,3.481121,,11/7/2025
20251107,A88,Etica Azionario,40461,VERTEX PHARMACEUTICALS INC,0.004694682913919,0.0,AZ ,Health Care,US92532F1003,2931034,VRTX US Equity,US ,USD,3.481121,,11/7/2025
20251107,A88,Etica Azionario,3014,ANHEUSER-BUSCH INBEV SA/NV,0.00453404919208,0.0,AZ ,Consumer Staples,BE0974293251,BYYHL23,ABI BB Equity,BE ,EUR,3.481121,,11/7/2025
20251107,A88,Etica Azionario,392,NOVO NORDISK A/S-B,0.004449773472011,0.0,AZ ,Health Care,DK0062498333,BP6KMJ1,NOVOB DC Equity,DK ,DKK,3.481121,,11/7/2025
20251107,A88,Etica Azionario,1526,TOKYO ELECTRON LTD,0.004293151507327,0.0,AZ ,Information Technology,JP3571400005,6895675,8035 JP Equity,JP ,JPY,3.481121,,11/7/2025
20251107,A88,Etica Azionario,166783,XYLEM INC,0.004291301607245,0.0,AZ ,Industrials,US98419M1009,B3P2CN8,XYL US Equity,US ,USD,3.481121,,11/7/2025
20251107,A88,Etica Azionario,302,HONDA MOTOR CO LTD,0.0042859763452,0.0,AZ ,Consumer Discretionary,JP3854600008,6435145,7267 JP Equity,JP ,JPY,3.481121,,11/7/2025
20251107,A88,Etica Azionario,236299,VONOVIA SE,0.004258624545389,0.0,AZ ,Real Estate,DE000A1ML7J1,BBJPFY1,VNA GR Equity,DE ,EUR,3.481121,,11/7/2025
20251107,A88,Etica Azionario,1609,ESSILORLUXOTTICA,0.00423452131533,0.0,AZ ,Health Care,FR0000121667,7212477,EL FP Equity,FR ,EUR,3.481121,,11/7/2025
20251107,A88,Etica Azionario,3013,NOVARTIS AG,0.004156953889614,0.0,AZ ,Health Care,CH0012005267,7103065,NOVN SW Equity,CH ,CHF,3.481121,,11/7/2025
20251107,A88,Etica Azionario,471,TDK CORP,0.004133205442744,0.0,AZ ,Information Technology,JP3538800008,6869302,6762 JP Equity,JP ,JPY,3.481121,,11/7/2025
20251107,A88,Etica Azionario,232,ECOLAB INC,0.004106847657995,0.0,AZ ,Materials,US2788651006,2304227,ECL US Equity,US ,USD,3.481121,,11/7/2025
20251107,A88,Etica Azionario,49977,TE CONNECTIVITY PLC,0.004055712891414,0.0,AZ ,Information Technology,IE000IVNQZ81,BRC3N84,TEL US Equity,US ,USD,3.481121,,11/7/2025
20251107,A88,Etica Azionario,4223,COLGATE-PALMOLIVE CO,0.004039491716375,0.0,AZ ,Consumer Staples,US1941621039,2209106,CL US Equity,US ,USD,3.481121,,11/7/2025
20251107,A88,Etica Azionario,3011,DEUTSCHE TELEKOM AG,0.003961416379009,0.0,AZ ,Communication Services,DE0005557508,5842359,DTE GR Equity,DE ,EUR,3.481121,,11/7/2025
20251107,A88,Etica Azionario,405936,CARRIER GLOBAL CORP,0.003937991423788,0.0,AZ ,Industrials,US14448C1045,BK4N0D7,CARR US Equity,US ,USD,3.481121,,11/7/2025
20251107,A88,Etica Azionario,1790,CHINA OVERSEAS LAND & INVEST,0.003821562157248,0.0,AZ ,Real Estate,HK0688002218,6192150,688 HK Equity,CN ,CNY,3.481121,,11/7/2025
20251107,A88,Etica Azionario,57392,EQUINIX INC,0.003782631259809,0.0,AZ ,Real Estate,US29444U7000,BVLZX12,EQIX US Equity,US ,USD,3.481121,,11/7/2025
20251107,A88,Etica Azionario,23406,IBIDEN CO LTD,0.003753964340927,0.0,AZ ,Information Technology,JP3148800000,6456102,4062 JP Equity,JP ,JPY,3.481121,,11/7/2025
20251107,A88,Etica Azionario,2831,BREMBO N.V.,0.003714766078205,0.0,AZ ,Consumer Discretionary,NL0015001KT6,BSMM753,BRE IM Equity,IT ,EUR,3.481121,,11/7/2025
20251107,A88,Etica Azionario,3119,INTERPUMP GROUP SPA,0.003678919810419,0.0,AZ ,Industrials,IT0001078911,5161407,IP IM Equity,IT ,EUR,3.481121,,11/7/2025
20251107,A88,Etica Azionario,17897,SK HYNIX INC,0.003579041902684,0.0,AZ ,Information Technology,KR7000660001,6450267,000660 KS Equity,KR ,KRW,3.481121,,11/7/2025
20251107,A88,Etica Azionario,164959,JPY,0.003543051586198,0.0,LQ ,CASH,,,JPY,JP ,JPY,3.481121,,11/7/2025
20251107,A88,Etica Azionario,184644,ZOETIS INC,0.003494147245687,0.0,AZ ,Health Care,US98978V1035,B95WG16,ZTS US Equity,US ,USD,3.481121,,11/7/2025
20251107,A88,Etica Azionario,2867,DARDEN RESTAURANTS INC,0.003473042622968,0.0,AZ ,Consumer Discretionary,US2371941053,2289874,DRI UN Equity,US ,USD,3.481121,,11/7/2025
20251107,A88,Etica Azionario,23355,RALPH LAUREN CORP,0.003470191124543,0.0,AZ ,Consumer Discretionary,US7512121010,B4V9661,RL US Equity,US ,USD,3.481121,,11/7/2025
20251107,A88,Etica Azionario,1146,BRIDGESTONE CORP,0.003443443448202,0.0,AZ ,Consumer Discretionary,JP3830800003,6132101,5108 JP Equity,JP ,JPY,3.481121,,11/7/2025
20251107,A88,Etica Azionario,1040,TATE & LYLE PLC,0.00344343951364,0.0,AZ ,Consumer Staples,GB00BP92CJ43,BP92CJ4,TATE LN Equity,GB ,GBP,3.481121,,11/7/2025
20251107,A88,Etica Azionario,1575,ASTELLAS PHARMA INC,0.003304438637927,0.0,AZ ,Health Care,JP3942400007,6985383,4503 JP Equity,JP ,JPY,3.481121,,11/7/2025
20251107,A88,Etica Azionario,3371,ERG SPA,0.003278032427795,0.0,AZ ,Utilities,IT0001157020,5337093,ERG IM Equity,IT ,EUR,3.481121,,11/7/2025
20251107,A88,Etica Azionario,4266,MCCORMICK & CO-NON VTG SHRS,0.003260693719338,0.0,AZ ,Consumer Staples,US5797802064,2550161,MKC UN Equity,US ,USD,3.481121,,11/7/2025
20251107,A88,Etica Azionario,276440,DELL TECHNOLOGIES -C,0.003066604917967,0.0,AZ ,Information Technology,US24703L2025,BHKD3S6,DELL US Equity,US ,USD,3.481121,,11/7/2025
20251107,A88,Etica Azionario,1340,NEC CORP,0.003037067031577,0.0,AZ ,Information Technology,JP3733000008,6640400,6701 JP Equity,JP ,JPY,3.481121,,11/7/2025
20251107,A88,Etica Azionario,188,THE CIGNA GROUP,0.00299888669395,0.0,AZ ,Health Care,US1255231003,BHJ0775,CI US Equity,US ,USD,3.481121,,11/7/2025
20251107,A88,Etica Azionario,100272,AMERICAN WATER WORKS CO INC,0.002955752254662,0.0,AZ ,Utilities,US0304201033,B2R3PV1,AWK US Equity,US ,USD,3.481121,,11/7/2025
20251107,A88,Etica Azionario,651,EXPEDITORS INTL WASH INC,0.002949093512256,0.0,AZ ,Industrials,US3021301094,2325507,EXPD US Equity,US ,USD,3.481121,,11/7/2025
20251107,A88,Etica Azionario,3065,ELEVANCE HEALTH INC,0.002937552146073,0.0,AZ ,Health Care,US0367521038,BSPHGL4,ELV US Equity,US ,USD,3.481121,,11/7/2025
20251107,A88,Etica Azionario,1001,PERSIMMON PLC,0.002851270723979,0.0,AZ ,Consumer Discretionary,GB0006825383,682538,PSN LN Equity,GB ,GBP,3.481121,,11/7/2025
20251107,A88,Etica Azionario,1457,SHIMIZU CORP,0.002829995317712,0.0,AZ ,Industrials,JP3358800005,6804400,1803 JP Equity,JP ,JPY,3.481121,,11/7/2025
20251107,A88,Etica Azionario,349,MASCO CORP,0.002793666309387,0.0,AZ ,Industrials,US5745991068,2570200,MAS US Equity,US ,USD,3.481121,,11/7/2025
20251107,A88,Etica Azionario,2658,ASSA ABLOY AB-B,0.002737886152964,0.0,AZ ,Industrials,SE0007100581,BYPC1T4,ASSAB SS Equity,SE ,SEK,3.481121,,11/7/2025
20251107,A88,Etica Azionario,19461,DICK'S SPORTING GOODS INC,0.002700598103465,0.0,AZ ,Consumer Discretionary,US2533931026,2969637,DKS US Equity,US ,USD,3.481121,,11/7/2025
20251107,A88,Etica Azionario,148,BECTON DICKINSON AND CO,0.002692894179871,0.0,AZ ,Health Care,US0758871091,2087807,BDX US Equity,US ,USD,3.481121,,11/7/2025
20251107,A88,Etica Azionario,366,MICRON TECHNOLOGY INC,0.002692560734116,0.0,AZ ,Information Technology,US5951121038,2588184,MU US Equity,US ,USD,3.481121,,11/7/2025
20251107,A88,Etica Azionario,469,SYSCO CORP,0.002672705688056,0.0,AZ ,Consumer Staples,US8718291078,2868165,SYY US Equity,US ,USD,3.481121,,11/7/2025
20251107,A88,Etica Azionario,88166,REXEL SA,0.002670750429137,0.0,AZ ,Industrials,FR0010451203,B1VP0K0,RXL FP Equity,FR ,EUR,3.481121,,11/7/2025
20251107,A88,Etica Azionario,4275,HASBRO INC,0.002640694542476,0.0,AZ ,Consumer Discretionary,US4180561072,2414580,HAS US Equity,US ,USD,3.481121,,11/7/2025
20251107,A88,Etica Azionario,1088,ORICA LTD,0.002603799327084,0.0,AZ ,Materials,AU000000ORI1,6458001,ORI AU Equity,AU ,AUD,3.481121,,11/7/2025
20251107,A88,Etica Azionario,318,INTL FLAVORS & FRAGRANCES,0.002564794194206,0.0,AZ ,Materials,US4595061015,2464165,IFF US Equity,US ,USD,3.481121,,11/7/2025
20251107,A88,Etica Azionario,164723,EUR,0.00244937738809,0.0,LQ ,CASH,,,EUR,5A ,EUR,3.481121,,11/7/2025
20251107,A88,Etica Azionario,2298,TRACTOR SUPPLY COMPANY,0.002421391535232,0.0,AZ ,Consumer Discretionary,US8923561067,2900335,TSCO US Equity,US ,USD,3.481121,,11/7/2025
20251107,A88,Etica Azionario,1734,NOKIA OYJ,0.002414738307939,0.0,AZ ,Information Technology,FI0009000681,5902941,NOKIA FH Equity,FI ,EUR,3.481121,,11/7/2025
20251107,A88,Etica Azionario,18074,ESTEE LAUDER COMPANIES-CL A,0.002413463425654,0.0,AZ ,Consumer Staples,US5184391044,2320524,EL US Equity,US ,USD,3.481121,,11/7/2025
20251107,A88,Etica Azionario,152,BEST BUY CO INC,0.002381669992527,0.0,AZ ,Consumer Discretionary,US0865161014,2094670,BBY US Equity,US ,USD,3.481121,,11/7/2025
20251107,A88,Etica Azionario,31928,DIGITAL REALTY TRUST INC,0.002345200315189,0.0,AZ ,Real Estate,US2538681030,B03GQS4,DLR US Equity,US ,USD,3.481121,,11/7/2025
20251107,A88,Etica Azionario,164955,CHF,0.002334744249279,0.0,LQ ,CASH,,,CHF,CH ,CHF,3.481121,,11/7/2025
20251107,A88,Etica Azionario,34107,DAIICHI SANKYO CO LTD,0.002264861259303,0.0,AZ ,Health Care,JP3475350009,B0J7D91,4568 JP Equity,JP ,JPY,3.481121,,11/7/2025
20251107,A88,Etica Azionario,242496,PAYPAL HOLDINGS INC,0.002254312764805,0.0,AZ ,Financials,US70450Y1038,BYW36M8,PYPL US Equity,US ,USD,3.481121,,11/7/2025
20251107,A88,Etica Azionario,2985,CANADIAN NATL RAILWAY CO,0.002206439548669,0.0,AZ ,Industrials,CA1363751027,2180632,CNR CN Equity,CA ,CAD,3.481121,,11/7/2025
20251107,A88,Etica Azionario,164954,CAD,0.002160446935653,0.0,LQ ,CASH,,,CAD,CA ,CAD,3.481121,,11/7/2025
20251107,A88,Etica Azionario,1138,ASICS CORP,0.002114138094795,0.0,AZ ,Consumer Discretionary,JP3118000003,6057378,7936 JP Equity,JP ,JPY,3.481121,,11/7/2025
20251107,A88,Etica Azionario,23481,CBRE GROUP INC,0.002100340694258,0.0,AZ ,Real Estate,US12504L1098,B6WVMH3,CBRE US Equity,US ,USD,3.481121,,11/7/2025
20251107,A88,Etica Azionario,253654,FERRARI NV,0.002051471327635,0.0,AZ ,Consumer Discretionary,NL0011585146,BZ1GMK5,RACE US Equity,IT ,EUR,3.481121,,11/7/2025
20251107,A88,Etica Azionario,1733,ROCHE HOLDING AG-GENUSSCHEIN,0.002047213340859,0.0,AZ ,Health Care,CH0012032048,7110388,ROG SW Equity,CH ,CHF,3.481121,,11/7/2025
20251107,A88,Etica Azionario,336777,ULTA BEAUTY INC,0.001957302957538,0.0,AZ ,Consumer Discretionary,US90384S3031,B28TS42,ULTA UW Equity,US ,USD,3.481121,,11/7/2025
20251107,A88,Etica Azionario,3385,YUM! BRANDS INC,0.001917672330127,0.0,AZ ,Consumer Discretionary,US9884981013,2098876,YUM UN Equity,US ,USD,3.481121,,11/7/2025
20251107,A88,Etica Azionario,3837,AGILENT TECHNOLOGIES INC,0.001891329291579,0.0,AZ ,Health Care,US00846U1016,2520153,A US Equity,US ,USD,3.481121,,11/7/2025
20251107,A88,Etica Azionario,335212,LEVI STRAUSS & CO- CLASS A,0.001872393066723,0.0,AZ ,Consumer Discretionary,US52736R1023,BHRWS81,LEVI US Equity,US ,USD,3.481121,,11/7/2025
20251107,A88,Etica Azionario,57810,VENTAS INC,0.00184875983191,0.0,AZ ,Real Estate,US92276F1003,2927925,VTR US Equity,US ,USD,3.481121,,11/7/2025
20251107,A88,Etica Azionario,1,LG ELECTRONICS INC,0.001815703421071,0.0,AZ ,Consumer Discretionary,KR7066570003,6520739,066570 KS Equity,KR ,KRW,3.481121,,11/7/2025
20251107,A88,Etica Azionario,50381,LULULEMON ATHLETICA INC,0.001814943058483,0.0,AZ ,Consumer Discretionary,US5500211090,B23FN39,LULU US Equity,US ,USD,3.481121,,11/7/2025
20251107,A88,Etica Azionario,164963,SGD,0.001805682141119,0.0,LQ ,CASH,,,SGD,SG ,SGD,3.481121,,11/7/2025
20251107,A88,Etica Azionario,343334,GODADDY INC - CLASS A,0.001768865616974,0.0,AZ ,Information Technology,US3802371076,BWFRFC6,GDDY US Equity,US ,USD,3.481121,,11/7/2025
20251107,A88,Etica Azionario,67156,KEURIG DR PEPPER INC,0.001768783310637,0.0,AZ ,Consumer Staples,US49271V1008,BD3W133,KDP US Equity,US ,USD,3.481121,,11/7/2025
20251107,A88,Etica Azionario,387,NORSK HYDRO ASA,0.001693570552365,0.0,AZ ,Materials,NO0005052605,B11HK39,NHY NO Equity,NO ,NOK,3.481121,,11/7/2025
20251107,A88,Etica Azionario,1755,SWIRE PACIFIC LTD - CL A,0.001673755793533,0.0,AZ ,Industrials,HK0019000162,6867748,19 HK Equity,HK ,HKD,3.481121,,11/7/2025
20251107,A88,Etica Azionario,58909,EDWARDS LIFESCIENCES CORP,0.00163366130812,0.0,AZ ,Health Care,US28176E1082,2567116,EW US Equity,US ,USD,3.481121,,11/7/2025
20251107,A88,Etica Azionario,173,CADENCE DESIGN SYS INC,0.001622558729715,0.0,AZ ,Information Technology,US1273871087,2302232,CDNS US Equity,US ,USD,3.481121,,11/7/2025
20251107,A88,Etica Azionario,335227,NEXI SPA,0.00151101731622,0.0,AZ ,Financials,IT0005366767,BJ1F880,NEXI IM Equity,IT ,EUR,3.481121,,11/7/2025
20251107,A88,Etica Azionario,1714,SKF AB-B SHARES,0.001489540171151,0.0,AZ ,Industrials,SE0000108227,B1Q3J35,SKFB SS Equity,SE ,SEK,3.481121,,11/7/2025
20251107,A88,Etica Azionario,235482,MERLIN PROPERTIES SOCIMI SA,0.001486358371259,0.0,AZ ,Real Estate,ES0105025003,BNGNB77,MRL SM Equity,ES ,EUR,3.481121,,11/7/2025
20251107,A88,Etica Azionario,1010,RELX PLC,0.001470254022458,0.0,AZ ,Industrials,GB00B2B0DG97,B2B0DG9,REL LN Equity,GB ,GBP,3.481121,,11/7/2025
20251107,A88,Etica Azionario,24041,TERNA-RETE ELETTRICA NAZIONA,0.001460504059166,0.0,AZ ,Utilities,IT0003242622,B01BN57,TRN IM Equity,IT ,EUR,3.481121,,11/7/2025
20251107,A88,Etica Azionario,222506,ORORA LTD,0.0014503620016,0.0,AZ ,Materials,AU000000ORA8,BH4TCW7,ORA AU Equity,AU ,AUD,3.481121,,11/7/2025
20251107,A88,Etica Azionario,18075,BE SEMICONDUCTOR INDUSTRIES,0.001409554200203,0.0,AZ ,Information Technology,NL0012866412,BG0SCK9,BESI NA Equity,NL ,EUR,3.481121,,11/7/2025
20251107,A88,Etica Azionario,3466,COGNIZANT TECH SOLUTIONS-A,0.001388305545597,0.0,AZ ,Information Technology,US1924461023,2257019,CTSH US Equity,US ,USD,3.481121,,11/7/2025
20251107,A88,Etica Azionario,312,INGERSOLL-RAND INC,0.001379787218033,0.0,AZ ,Industrials,US45687V1061,BL5GZ82,IR UN Equity,US ,USD,3.481121,,11/7/2025
20251107,A88,Etica Azionario,44974,LEGRAND SA,0.00134515936988,0.0,AZ ,Industrials,FR0010307819,B11ZRK9,LR FP Equity,FR ,EUR,3.481121,,11/7/2025
20251107,A88,Etica Azionario,17956,RENESAS ELECTRONICS CORP,0.001338763957309,0.0,AZ ,Information Technology,JP3164720009,6635677,6723 JP Equity,JP ,JPY,3.481121,,11/7/2025
20251107,A88,Etica Azionario,58318,AZBIL CORP,0.001332149335808,0.0,AZ ,Information Technology,JP3937200008,6985543,6845 JP Equity,JP ,JPY,3.481121,,11/7/2025
20251107,A88,Etica Azionario,2297,AVALONBAY COMMUNITIES INC,0.0012585700935,0.0,AZ ,Real Estate,US0534841012,2131179,AVB US Equity,US ,USD,3.481121,,11/7/2025
20251107,A88,Etica Azionario,4106,ZIMMER BIOMET HOLDINGS INC,0.001207017187187,0.0,AZ ,Health Care,US98956P1021,2783815,ZBH US Equity,US ,USD,3.481121,,11/7/2025
20251107,A88,Etica Azionario,211955,TECHNOGYM SPA,0.001190539643462,0.0,AZ ,Consumer Discretionary,IT0005162406,BD9Y5C0,TGYM IM Equity,IT ,EUR,3.481121,,11/7/2025
20251107,A88,Etica Azionario,31968,PENTAIR PLC,0.001171174769892,0.0,AZ ,Industrials,IE00BLS09M33,BLS09M3,PNR UN Equity,US ,USD,3.481121,,11/7/2025
20251107,A88,Etica Azionario,235835,RAI WAY SPA,0.001167050221949,0.0,AZ ,Communication Services,IT0005054967,BSM8WL2,RWAY IM Equity,IT ,EUR,3.481121,,11/7/2025
20251107,A88,Etica Azionario,1122,AJINOMOTO CO INC,0.001151161954606,0.0,AZ ,Consumer Staples,JP3119600009,6010906,2802 JP Equity,JP ,JPY,3.481121,,11/7/2025
20251107,A88,Etica Azionario,50261,DIASORIN SPA,0.001073216054254,0.0,AZ ,Health Care,IT0003492391,B234WN9,DIA IM Equity,IT ,EUR,3.481121,,11/7/2025
20251107,A88,Etica Azionario,3478,SOL SPA,0.001066460276123,0.0,AZ ,Materials,IT0001206769,5490684,SOL IM Equity,IT ,EUR,3.481121,,11/7/2025
20251107,A88,Etica Azionario,58590,SYSMEX CORP,0.001045248747645,0.0,AZ ,Health Care,JP3351100007,6883807,6869 JP Equity,JP ,JPY,3.481121,,11/7/2025
20251107,A88,Etica Azionario,164726,SEK,0.000889875989703,0.0,LQ ,CASH,,,SEK,SE ,SEK,3.481121,,11/7/2025
20251107,A88,Etica Azionario,1093,LENDLEASE GROUP,0.000869600752557,0.0,AZ ,Real Estate,AU000000LLC3,6512004,LLC AU Equity,AU ,AUD,3.481121,,11/7/2025
20251107,A88,Etica Azionario,1024,SSE PLC,0.000803200875969,0.0,AZ ,Utilities,GB0007908733,790873,SSE LN Equity,GB ,GBP,3.481121,,11/7/2025
20251107,A88,Etica Azionario,677,BIOGEN INC,0.000722267482575,0.0,AZ ,Health Care,US09062X1037,2455965,BIIB US Equity,US ,USD,3.481121,,11/7/2025
20251107,A88,Etica Azionario,23349,CORBION NV,0.000694060941121,0.0,AZ ,Materials,NL0010583399,BFRSRR7,CRBN NA Equity,NL ,EUR,3.481121,,11/7/2025
20251107,A88,Etica Azionario,58681,JONES LANG LASALLE INC,0.000621454208298,0.0,AZ ,Real Estate,US48020Q1076,2040640,JLL US Equity,US ,USD,3.481121,,11/7/2025
20251107,A88,Etica Azionario,247914,INFRASTRUTTURE WIRELESS ITAL,0.000607550103774,0.0,AZ ,Communication Services,IT0005090300,BZ0P4R4,INW IM Equity,IT ,EUR,3.481121,,11/7/2025
20251107,A88,Etica Azionario,3672,AMPLIFON SPA,0.000597372231601,0.0,AZ ,Health Care,IT0004056880,B14NJ71,AMP IM Equity,IT ,EUR,3.481121,,11/7/2025
20251107,A88,Etica Azionario,3245,EDP SA,0.000465991375781,0.0,AZ ,Utilities,PTEDP0AM0009,4103596,EDP PL Equity,PT ,EUR,3.481121,,11/7/2025
20251107,A88,Etica Azionario,63,HERA SPA,0.00046134741516,0.0,AZ ,Utilities,IT0001250932,7598003,HER IM Equity,IT ,EUR,3.481121,,11/7/2025
20251107,A88,Etica Azionario,3321,BXP INC,0.000458334078433,0.0,AZ ,Real Estate,US1011211018,2019479,BXP US Equity,US ,USD,3.481121,,11/7/2025
20251107,A88,Etica Azionario,48675,PRYSMIAN SPA,0.000418362018441,0.0,AZ ,Industrials,IT0004176001,B1W4V69,PRY IM Equity,IT ,EUR,3.481121,,11/7/2025
20251107,A88,Etica Azionario,164960,NOK,0.000373958682784,0.0,LQ ,CASH,,,NOK,NO ,NOK,3.481121,,11/7/2025
20251107,A88,Etica Azionario,3476,A2A SPA,0.000340486536667,0.0,AZ ,Utilities,IT0001233417,5499131,A2A IM Equity,IT ,EUR,3.481121,,11/7/2025
20251107,A88,Etica Azionario,164725,HKD,0.000259299633029,0.0,LQ ,CASH,,,HKD,HK ,HKD,3.481121,,11/7/2025
20251107,A88,Etica Azionario,1464,SHISEIDO CO LTD,0.000185327102627,0.0,AZ ,Consumer Staples,JP3351600006,6805265,4911 JP Equity,JP ,JPY,3.481121,,11/7/2025
20251107,A88,Etica Azionario,314765,PIRELLI & C SPA,0.000142194277519,0.0,AZ ,Consumer Discretionary,IT0005278236,BZ5ZHK3,PIRC IM Equity,IT ,EUR,3.481121,,11/7/2025
20251107,A88,Etica Azionario,164722,DKK,0.000067776653951,0.0,LQ ,CASH,,,DKK,DK ,DKK,3.481121,,11/7/2025
20251107,A88,Etica Azionario,222888,UMWELTBANK AG,0.000039014313524,0.0,AZ ,Financials,DE0005570808,7154676,UBK GR Equity,DE ,EUR,3.481121,,11/7/2025
20251107,A88,Etica Azionario,172066,ALLINEAMENTO NAV,0.000035146924543,0.0,OT ,CASH,,,ALLINEAMENTO NAV,5A ,EUR,3.481121,,11/7/2025
20251107,A88,Etica Azionario,184686,TESLA INC,0.0,0.007767682166781,AZ ,Consumer Discretionary,US88160R1014,B616C79,TSLA US Equity,US ,USD,3.481121,,11/7/2025
20251107,A88,Etica Azionario,227088,ALPHABET INC-CL A,0.0,0.013547211228117,AZ ,Communication Services,US02079K3059,BYVY8G0,GOOGL US Equity,US ,USD,3.481121,,11/7/2025
20251107,A88,Etica Azionario,28663,ALPHABET INC-CL C,0.0,0.011526013926279,AZ ,Communication Services,US02079K1079,BYY88Y7,GOOG US Equity,US ,USD,3.481121,,11/7/2025
20251107,A88,Etica Azionario,50594,BROADCOM INC,0.0,0.013001100300243,AZ ,Information Technology,US11135F1012,BDZ78H9,AVGO US Equity,US ,USD,3.481121,,11/7/2025
20251107,A88,Etica Azionario,3255,AMAZON.COM INC,0.0,0.019444288010157,AZ ,Consumer Discretionary,US0231351067,2000019,AMZN US Equity,US ,USD,3.481121,,11/7/2025
20251107,A88,Etica Azionario,553,MICROSOFT CORP,0.0,0.021919158913932,AZ ,Information Technology,US5949181045,2588173,MSFT US Equity,US ,USD,3.481121,,11/7/2025
20251107,A88,Etica Azionario,534,APPLE INC,0.0,0.033592633991379,AZ ,Information Technology,US0378331005,2046251,AAPL US Equity,US ,USD,3.481121,,11/7/2025
20251107,A88,Etica Azionario,164736,DEBITI COMPENSO REVISIONE,-0.00000676220122,0.0,CD ,CASH,,,DEBITI COMPENSO REVISIONE,5A ,EUR,3.481121,,11/7/2025
20251107,A88,Etica Azionario,164730,DEBITI COMMISSIONE DEPOSITARIA,-0.000100752809806,0.0,CD ,CASH,,,DEBITI COMMISSIONE DEPOSITARIA,5A ,EUR,3.481121,,11/7/2025
20251107,A88,Etica Azionario,164733,DEBITI COMMISSIONE GESTIONE,-0.000162904704167,0.0,CD ,CASH,,,DEBITI COMMISSIONE GESTIONE,5A ,EUR,3.481121,,11/7/2025
20251107,A88,Etica Azionario,179420,DEBITI COMMISSIONE AMMINISTRAZIONE,-0.002004524566426,0.0,CD ,CASH,,,DEBITI COMMISSIONE AMMINISTRAZIONE,5A ,EUR,3.481121,,11/7/2025
20251107,A98,Etica Transizione Climatica,25261,FWD_USD (Nozionale),0.052422606058105,0.0,FW ,CASH,,,FWD_USD (Nozionale),US ,EUR,2.726288,,11/7/2025
20251107,A98,Etica Transizione Climatica,509810,BUONI POLIENNALI DEL TES BTPS 4 10/30/31,0.043975165787028,0.0,OB ,SOVEREIGN,IT0005542359,,ZK0285476 Govt,IT ,EUR,2.726288,B,11/7/2025
20251107,A98,Etica Transizione Climatica,496185,BUNDESOBLIGATION OBL 1.3 10/15/27,0.0400899313283,0.0,OB ,SOVEREIGN,DE0001030740,,BY5766682 Govt,DE ,EUR,2.726288,A,11/7/2025
20251107,A98,Etica Transizione Climatica,102,ADVANCED MICRO DEVICES,0.026158737767639,0.0,AZ ,Information Technology,US0079031078,2007849,AMD US Equity,US ,USD,2.726288,,11/7/2025
20251107,A98,Etica Transizione Climatica,567423,BUONI POLIENNALI DEL TES BTPS 2.1 08/26/27,0.023233702611762,0.0,OB ,SOVEREIGN,IT0005657330,,YN6216934 Govt,IT ,EUR,2.726288,B,11/7/2025
20251107,A98,Etica Transizione Climatica,292486,FRANCE (GOVT OF) FRTR 1 3/4 06/25/39,0.023027004475302,0.0,OB ,SOVEREIGN,FR0013234333,,AL9974240 Govt,FR ,EUR,2.726288,A,11/7/2025
20251107,A98,Etica Transizione Climatica,65876,VISA INC-CLASS A SHARES,0.022468225090895,0.005359418181625,AZ ,Financials,US92826C8394,B2PZN04,V US Equity,US ,USD,2.726288,,11/7/2025
20251107,A98,Etica Transizione Climatica,45465,MASTERCARD INC - A,0.021484945171909,0.0,AZ ,Financials,US57636Q1040,B121557,MA US Equity,US ,USD,2.726288,,11/7/2025
20251107,A98,Etica Transizione Climatica,571738,BUONI POLIENNALI DEL TES BTPS 3 1/4 11/15/32,0.020344805684447,0.0,OB ,SOVEREIGN,IT0005668220,,YL7910596 Govt,IT ,EUR,2.726288,B,11/7/2025
20251107,A98,Etica Transizione Climatica,554,ORACLE CORP,0.019007165604424,0.0,AZ ,Information Technology,US68389X1054,2661568,ORCL US Equity,US ,USD,2.726288,,11/7/2025
20251107,A98,Etica Transizione Climatica,560705,FRANCE (GOVT OF) FRTR 2.7 02/25/31,0.018799743555985,0.0,OB ,SOVEREIGN,FR001400Z2L7,,YP4842306 Govt,FR ,EUR,2.726288,A,11/7/2025
20251107,A98,Etica Transizione Climatica,510744,BUNDESREPUB. DEUTSCHLAND DBR 2.3 02/15/33,0.017488569780402,0.0,OB ,SOVEREIGN,DE000BU3Z005,,ZK3512736 Govt,DE ,EUR,2.726288,A,11/7/2025
20251107,A98,Etica Transizione Climatica,414446,TELEFONICA EUROPE BV TELEFO 2.502 PERP,0.013858549958381,0.0,OB ,INDUSTRIAL,XS2109819859,,ZP7077248 Corp,ES ,EUR,2.726288,C,11/7/2025
20251107,A98,Etica Transizione Climatica,406188,BONOS Y OBLIG DEL ESTADO SPGB 1 07/30/42,0.013495426324959,0.0,OB ,SOVEREIGN,ES0000012J07,,BR3246377 Govt,ES ,EUR,2.726288,A,11/7/2025
20251107,A98,Etica Transizione Climatica,462761,BUNDESREPUB. DEUTSCHLAND DBR 0 08/15/50,0.013257764428281,0.0,OB ,SOVEREIGN,DE0001030724,,BP4742659 Govt,DE ,EUR,2.726288,A,11/7/2025
20251107,A98,Etica Transizione Climatica,300,HOME DEPOT INC,0.012575514916421,0.0,AZ ,Consumer Discretionary,US4370761029,2434209,HD US Equity,US ,USD,2.726288,,11/7/2025
20251107,A98,Etica Transizione Climatica,571126,AUSTRIAN T-BILL RATB 0 11/27/25,0.012151772648888,0.0,OB ,SOVEREIGN,AT0000A3MUA7,,YL5192205 Govt,AT ,EUR,2.726288,A,11/7/2025
20251107,A98,Etica Transizione Climatica,212675,BUONI POLIENNALI DEL TES BTPS 4.05 10/30/37,0.012119637445774,0.0,OB ,SOVEREIGN,IT0005596470,,YX0762808 Govt,IT ,EUR,2.726288,B,11/7/2025
20251107,A98,Etica Transizione Climatica,237514,FRANCE (GOVT OF) FRTR 0 11/25/30,0.011140319421137,0.0,OB ,SOVEREIGN,FR0013516549,,BJ7899484 Govt,FR ,EUR,2.726288,A,11/7/2025
20251107,A98,Etica Transizione Climatica,498660,KONINKLIJKE KPN NV KPN 6 PERP,0.010885176355554,0.0,OB ,INDUSTRIAL,XS2486270858,,BZ0016577 Corp,NL ,EUR,2.726288,C,11/7/2025
20251107,A98,Etica Transizione Climatica,164727,USD,0.009883920072858,0.0,LQ ,CASH,,,USD,US ,USD,2.726288,,11/7/2025
20251107,A98,Etica Transizione Climatica,201018,ABBVIE INC,0.009847684489498,0.0,AZ ,Health Care,US00287Y1091,B92SR70,ABBV US Equity,US ,USD,2.726288,,11/7/2025
20251107,A98,Etica Transizione Climatica,335553,SFIL SA SFILFR 0 1/4 12/01/31,0.009814540688357,0.0,OB ,Quasi & Foreign Government,FR0014006V25,,BS6018318 Govt,FR ,EUR,2.726288,A,11/7/2025
20251107,A98,Etica Transizione Climatica,221482,SERVICENOW INC,0.009451684714028,0.0,AZ ,Information Technology,US81762P1021,B80NXX8,NOW US Equity,US ,USD,2.726288,,11/7/2025
20251107,A98,Etica Transizione Climatica,164724,GBP,0.009180045703151,0.0,LQ ,CASH,,,GBP,GB ,GBP,2.726288,,11/7/2025
20251107,A98,Etica Transizione Climatica,363,MERCK & CO. INC.,0.009088260884972,0.0,AZ ,Health Care,US58933Y1055,2778844,MRK US Equity,US ,USD,2.726288,,11/7/2025
20251107,A98,Etica Transizione Climatica,211813,NXP SEMICONDUCTORS NV,0.008157414129113,0.0,AZ ,Information Technology,NL0009538784,B505PN7,NXPI US Equity,US ,USD,2.726288,,11/7/2025
20251107,A98,Etica Transizione Climatica,48586,T-MOBILE US INC,0.008146992740998,0.0,AZ ,Communication Services,US8725901040,B94Q9V0,TMUS US Equity,US ,USD,2.726288,,11/7/2025
20251107,A98,Etica Transizione Climatica,542,CISCO SYSTEMS INC,0.00813008915651,0.0,AZ ,Information Technology,US17275R1023,2198163,CSCO US Equity,US ,USD,2.726288,,11/7/2025
20251107,A98,Etica Transizione Climatica,427,PROCTER & GAMBLE CO/THE,0.007963659084331,0.0,AZ ,Consumer Staples,US7427181091,2704407,PG US Equity,US ,USD,2.726288,,11/7/2025
20251107,A98,Etica Transizione Climatica,23568,SALESFORCE INC,0.007756284352293,0.0,AZ ,Information Technology,US79466L3024,2310525,CRM US Equity,US ,USD,2.726288,,11/7/2025
20251107,A98,Etica Transizione Climatica,423,NEW LINDE PLC,0.00746688643624,0.0,AZ ,Materials,IE000S9YS762,BNZHB81,LIN US Equity,US ,USD,2.726288,,11/7/2025
20251107,A98,Etica Transizione Climatica,239100,FORVIA SE EOFP 2 3/8 06/15/29,0.007421284081902,0.0,OB ,INDUSTRIAL,XS2312733871,,BO6324905 Corp,FR ,EUR,2.726288,C,11/7/2025
20251107,A98,Etica Transizione Climatica,500,UNITEDHEALTH GROUP INC,0.00708752721935,0.0,AZ ,Health Care,US91324P1021,2917766,UNH US Equity,US ,USD,2.726288,,11/7/2025
20251107,A98,Etica Transizione Climatica,571736,EVONIK INDUSTRIES AG EVKGR 4 1/4 09/09/55,0.006913070629181,0.0,OB ,INDUSTRIAL,DE000A4DFWV3,,YL7830943 Corp,DE ,EUR,2.726288,B,11/7/2025
20251107,A98,Etica Transizione Climatica,407318,ORSTED A/S ORSTED 1 3/4 12/09/3019,0.0067596714707,0.0,OB ,UTILITY,XS2010036874,,ZQ8044799 Corp,DK ,EUR,2.726288,C,11/7/2025
20251107,A98,Etica Transizione Climatica,149,VERIZON COMMUNICATIONS INC,0.006689465444927,0.0,AZ ,Communication Services,US92343V1044,2090571,VZ US Equity,US ,USD,2.726288,,11/7/2025
20251107,A98,Etica Transizione Climatica,514999,BUNDESREPUB. DEUTSCHLAND DBR 1.8 08/15/53,0.00645419281222,0.0,OB ,SOVEREIGN,DE0001030757,,ZK9574730 Govt,DE ,EUR,2.726288,A,11/7/2025
20251107,A98,Etica Transizione Climatica,358,S&P GLOBAL INC,0.006320345613066,0.0,AZ ,Financials,US78409V1044,BYV2325,SPGI US Equity,US ,USD,2.726288,,11/7/2025
20251107,A98,Etica Transizione Climatica,336003,TELEFONICA EUROPE BV TELEFO 5.7522 PERP,0.00631540444875,0.0,OB ,INDUSTRIAL,XS2755535577,,ZD4852251 Corp,ES ,EUR,2.726288,C,11/7/2025
20251107,A98,Etica Transizione Climatica,504092,EDP SA EDPPL 5.943 04/23/2083,0.006306973604293,0.0,OB ,UTILITY,PTEDP4OM0025,,ZM4793893 Corp,PT ,EUR,2.726288,C,11/7/2025
20251107,A98,Etica Transizione Climatica,125,ANALOG DEVICES INC,0.006235474306027,0.0,AZ ,Information Technology,US0326541051,2032067,ADI US Equity,US ,USD,2.726288,,11/7/2025
20251107,A98,Etica Transizione Climatica,4289,CRH PLC,0.006196202584999,0.0,SE ,Materials,IE0001827041,182704,CRH LN Equity,US ,USD,2.726288,,11/7/2025
20251107,A98,Etica Transizione Climatica,214,DANAHER CORP,0.006063139876718,0.0,AZ ,Health Care,US2358511028,2250870,DHR US Equity,US ,USD,2.726288,,11/7/2025
20251107,A98,Etica Transizione Climatica,2566,UNITED PARCEL SERVICE-CL B,0.00603071007254,0.0,AZ ,Industrials,US9113121068,2517382,UPS US Equity,US ,USD,2.726288,,11/7/2025
20251107,A98,Etica Transizione Climatica,222389,MONCLER SPA,0.006024253161775,0.0,AZ ,Consumer Discretionary,IT0004965148,BGLP232,MONC IM Equity,IT ,EUR,2.726288,,11/7/2025
20251107,A98,Etica Transizione Climatica,705,LAM RESEARCH CORP,0.006011190059024,0.0,AZ ,Information Technology,US5128073062,BSML4N7,LRCX US Equity,US ,USD,2.726288,,11/7/2025
20251107,A98,Etica Transizione Climatica,2839,ASML HOLDING NV,0.006003451227069,0.0,AZ ,Information Technology,NL0010273215,B929F46,ASML NA Equity,NL ,EUR,2.726288,,11/7/2025
20251107,A98,Etica Transizione Climatica,510414,REPUBLIC OF AUSTRIA RAGB 2.9 05/23/29,0.005996545615508,0.0,OB ,SOVEREIGN,AT0000A33SH3,,ZK2454146 Govt,AT ,EUR,2.726288,A,11/7/2025
20251107,A98,Etica Transizione Climatica,91,TELECOM ITALIA-RSP,0.005807955066139,0.0,AZ ,Communication Services,IT0003497176,7634402,TITR IM Equity,IT ,EUR,2.726288,,11/7/2025
20251107,A98,Etica Transizione Climatica,2706,TRANE TECHNOLOGIES PLC,0.005735927677455,0.0,AZ ,Industrials,IE00BK9ZQ967,BK9ZQ96,TT US Equity,US ,USD,2.726288,,11/7/2025
20251107,A98,Etica Transizione Climatica,434288,GENERALI ASSGEN 2.429 07/14/31,0.005575630123599,0.0,OB ,FINANCIAL,XS2201857534,,BK4009894 Corp,IT ,EUR,2.726288,B,11/7/2025
20251107,A98,Etica Transizione Climatica,164953,AUD,0.005543834440277,0.0,LQ ,CASH,,,AUD,AU ,AUD,2.726288,,11/7/2025
20251107,A98,Etica Transizione Climatica,1821,INTUIT INC,0.005498067086641,0.0,AZ ,Information Technology,US4612021034,2459020,INTU US Equity,US ,USD,2.726288,,11/7/2025
20251107,A98,Etica Transizione Climatica,549,INTEL CORP,0.005326650074279,0.0,AZ ,Information Technology,US4581401001,2463247,INTC US Equity,US ,USD,2.726288,,11/7/2025
20251107,A98,Etica Transizione Climatica,51154,ABN AMRO BANK NV ABNANV 0 1/2 09/23/29,0.005291018646651,0.0,OB ,FINANCIAL,XS2389343380,,BR4722566 Corp,NL ,EUR,2.726288,B,11/7/2025
20251107,A98,Etica Transizione Climatica,1404,OBAYASHI CORP,0.005262666103128,0.0,AZ ,Industrials,JP3190000004,6656407,1802 JP Equity,JP ,JPY,2.726288,,11/7/2025
20251107,A98,Etica Transizione Climatica,2703,LONZA GROUP AG-REG,0.005143190371816,0.0,AZ ,Health Care,CH0013841017,7333378,LONN SW Equity,CH ,CHF,2.726288,,11/7/2025
20251107,A98,Etica Transizione Climatica,237738,BANCO DE SABADELL SA SABSM 5 1/8 11/10/28,0.005092513174194,0.0,OB ,FINANCIAL,XS2553801502,,ZN1277963 Corp,ES ,EUR,2.726288,A,11/7/2025
20251107,A98,Etica Transizione Climatica,216,DEERE & CO,0.005061193793866,0.0,AZ ,Industrials,US2441991054,2261203,DE US Equity,US ,USD,2.726288,,11/7/2025
20251107,A98,Etica Transizione Climatica,1706,TELECOM ITALIA SPA,0.004989419099088,0.0,AZ ,Communication Services,IT0003497168,7634394,TIT IM Equity,IT ,EUR,2.726288,,11/7/2025
20251107,A98,Etica Transizione Climatica,443246,AIB GROUP PLC AIB 2 7/8 05/30/31,0.00469346965105,0.0,OB ,FINANCIAL,XS2230399441,,ZO6167829 Corp,IE ,EUR,2.726288,B,11/7/2025
20251107,A98,Etica Transizione Climatica,480,TEXAS INSTRUMENTS INC,0.00463931037171,0.0,AZ ,Information Technology,US8825081040,2885409,TXN US Equity,US ,USD,2.726288,,11/7/2025
20251107,A98,Etica Transizione Climatica,454474,BUONI POLIENNALI DEL TES BTPS 0.6 08/01/31,0.004621399521235,0.0,OB ,SOVEREIGN,IT0005436693,,BO0961645 Govt,IT ,EUR,2.726288,B,11/7/2025
20251107,A98,Etica Transizione Climatica,212385,TERNA RETE ELETTRICA TRNIM 2 3/8 PERP,0.004617124284589,0.0,OB ,UTILITY,XS2437854487,,BU0543472 Corp,IT ,EUR,2.726288,B,11/7/2025
20251107,A98,Etica Transizione Climatica,222,DOVER CORP,0.004561009175728,0.0,AZ ,Industrials,US2600031080,2278407,DOV US Equity,US ,USD,2.726288,,11/7/2025
20251107,A98,Etica Transizione Climatica,191474,PALO ALTO NETWORKS INC,0.004550028434779,0.0,AZ ,Information Technology,US6974351057,B87ZMX0,PANW US Equity,US ,USD,2.726288,,11/7/2025
20251107,A98,Etica Transizione Climatica,467508,BANCO DE SABADELL SA SABSM 0 7/8 06/16/28,0.004528252813094,0.0,OB ,FINANCIAL,XS2353366268,,BP9815211 Corp,ES ,EUR,2.726288,B,11/7/2025
20251107,A98,Etica Transizione Climatica,303539,ARISTA NETWORKS INC,0.004440422580415,0.0,AZ ,Information Technology,US0404132054,BL9XPM3,ANET US Equity,US ,USD,2.726288,,11/7/2025
20251107,A98,Etica Transizione Climatica,237,EMERSON ELECTRIC CO,0.004435356598097,0.0,AZ ,Industrials,US2910111044,2313405,EMR US Equity,US ,USD,2.726288,,11/7/2025
20251107,A98,Etica Transizione Climatica,405936,CARRIER GLOBAL CORP,0.004359813421275,0.0,AZ ,Industrials,US14448C1045,BK4N0D7,CARR US Equity,US ,USD,2.726288,,11/7/2025
20251107,A98,Etica Transizione Climatica,159,BOSTON SCIENTIFIC CORP,0.004318904691765,0.0,AZ ,Health Care,US1011371077,2113434,BSX US Equity,US ,USD,2.726288,,11/7/2025
20251107,A98,Etica Transizione Climatica,166783,XYLEM INC,0.0042528319766,0.0,AZ ,Industrials,US98419M1009,B3P2CN8,XYL US Equity,US ,USD,2.726288,,11/7/2025
20251107,A98,Etica Transizione Climatica,497,UNION PACIFIC CORP,0.004189213401578,0.0,AZ ,Industrials,US9078181081,2914734,UNP US Equity,US ,USD,2.726288,,11/7/2025
20251107,A98,Etica Transizione Climatica,446845,CAIXABANK SA CABKSM 0 3/8 11/18/26,0.004066186704672,0.0,OB ,FINANCIAL,XS2258971071,,BM3713112 Corp,ES ,EUR,2.726288,B,11/7/2025
20251107,A98,Etica Transizione Climatica,360,MEDTRONIC PLC,0.003907232218464,0.0,AZ ,Health Care,IE00BTN1Y115,BTN1Y11,MDT US Equity,US ,USD,2.726288,,11/7/2025
20251107,A98,Etica Transizione Climatica,397638,PROSUS NV,0.003853128595258,0.0,AZ ,Consumer Discretionary,NL0013654783,BJDS7L3,PRX NA Equity,NL ,EUR,2.726288,,11/7/2025
20251107,A98,Etica Transizione Climatica,344,LOWE'S COS INC,0.003755149428903,0.0,AZ ,Consumer Discretionary,US5486611073,2536763,LOW US Equity,US ,USD,2.726288,,11/7/2025
20251107,A98,Etica Transizione Climatica,3076,WEST JAPAN RAILWAY CO,0.003709150995168,0.0,AZ ,Industrials,JP3659000008,6957995,9021 JP Equity,JP ,JPY,2.726288,,11/7/2025
20251107,A98,Etica Transizione Climatica,50917,MSCI INC,0.003684714500629,0.0,AZ ,Financials,US55354G1004,B2972D2,MSCI US Equity,US ,USD,2.726288,,11/7/2025
20251107,A98,Etica Transizione Climatica,49402,SARTORIUS STEDIM BIOTECH,0.003642672077098,0.0,AZ ,Health Care,FR0013154002,BYZ2QP5,DIM FP Equity,FR ,EUR,2.726288,,11/7/2025
20251107,A98,Etica Transizione Climatica,1619,LOREAL SA,0.003548043097268,0.0,AZ ,Consumer Staples,FR0000120321,4057808,OR FP Equity,FR ,EUR,2.726288,,11/7/2025
20251107,A98,Etica Transizione Climatica,51532,VALEO SE FRFP 4 5/8 03/23/32,0.003481810861546,0.0,OB ,INDUSTRIAL,FR0014012SJ2,,YK1767762 Corp,FR ,EUR,2.726288,C,11/7/2025
20251107,A98,Etica Transizione Climatica,18091,PROLOGIS INC,0.003437065831747,0.0,AZ ,Real Estate,US74340W1036,B44WZD7,PLD UN Equity,US ,USD,2.726288,,11/7/2025
20251107,A98,Etica Transizione Climatica,1324,MITSUI FUDOSAN CO LTD,0.003406341190203,0.0,AZ ,Real Estate,JP3893200000,6597603,8801 JP Equity,JP ,JPY,2.726288,,11/7/2025
20251107,A98,Etica Transizione Climatica,531,ADOBE INC,0.003326020261498,0.0,AZ ,Information Technology,US00724F1012,2008154,ADBE US Equity,US ,USD,2.726288,,11/7/2025
20251107,A98,Etica Transizione Climatica,667,GILEAD SCIENCES INC,0.003285735019683,0.0,AZ ,Health Care,US3755581036,2369174,GILD US Equity,US ,USD,2.726288,,11/7/2025
20251107,A98,Etica Transizione Climatica,49400,TOYOTA BOSHOKU CORP,0.003283773317601,0.0,AZ ,Consumer Discretionary,JP3635400009,6900591,3116 JP Equity,JP ,JPY,2.726288,,11/7/2025
20251107,A98,Etica Transizione Climatica,543,COMCAST CORP-CLASS A,0.003278273414348,0.0,AZ ,Communication Services,US20030N1019,2044545,CMCSA US Equity,US ,USD,2.726288,,11/7/2025
20251107,A98,Etica Transizione Climatica,335356,TAKEDA PHARMACEUTICAL TACHEM 1 07/09/29,0.003259150476364,0.0,OB ,INDUSTRIAL,XS2197348597,,BK2909210 Corp,JP ,EUR,2.726288,B,11/7/2025
20251107,A98,Etica Transizione Climatica,1859,SGS SA,0.003256058867889,0.0,AZ ,Industrials,CH1256740924,BMBQHZ4,SGSN SW Equity,CH ,CHF,2.726288,,11/7/2025
20251107,A98,Etica Transizione Climatica,2088,SAP SE,0.003205511214117,0.0,AZ ,Information Technology,DE0007164600,4846288,SAP GY Equity,DE ,EUR,2.726288,,11/7/2025
20251107,A98,Etica Transizione Climatica,414185,TELEFONICA EMISIONES SAU TELEFO 0.664 02/03/30,0.003190118522818,0.0,OB ,INDUSTRIAL,XS2112289207,,ZP7076257 Corp,ES ,EUR,2.726288,B,11/7/2025
20251107,A98,Etica Transizione Climatica,1658,ATLAS COPCO AB-A SHS,0.003161608369926,0.0,AZ ,Industrials,SE0017486889,BLDBN41,ATCOA SS Equity,SE ,SEK,2.726288,,11/7/2025
20251107,A98,Etica Transizione Climatica,3033,STMICROELECTRONICS NV,0.003148918134316,0.0,SE ,Information Technology,NL0000226223,5962343,STMMI IM Equity,FR ,EUR,2.726288,,11/7/2025
20251107,A98,Etica Transizione Climatica,533,AMGEN INC,0.003112190460385,0.0,AZ ,Health Care,US0311621009,2023607,AMGN US Equity,US ,USD,2.726288,,11/7/2025
20251107,A98,Etica Transizione Climatica,500911,ORSTED A/S ORSTED 5 1/4 12/08/3022,0.003099082658983,0.0,OB ,UTILITY,XS2563353361,,ZN6806667 Corp,DK ,EUR,2.726288,C,11/7/2025
20251107,A98,Etica Transizione Climatica,184644,ZOETIS INC,0.003091718535859,0.0,AZ ,Health Care,US98978V1035,B95WG16,ZTS US Equity,US ,USD,2.726288,,11/7/2025
20251107,A98,Etica Transizione Climatica,454,SONY GROUP CORP,0.003063778114135,0.0,AZ ,Consumer Discretionary,JP3435000009,6821506,6758 JP Equity,JP ,JPY,2.726288,,11/7/2025
20251107,A98,Etica Transizione Climatica,237579,VONOVIA SE ANNGR 0 5/8 03/24/31,0.003042870067911,0.0,OB ,INDUSTRIAL,DE000A3E5FR9,,BO6329904 Corp,DE ,EUR,2.726288,B,11/7/2025
20251107,A98,Etica Transizione Climatica,2170,DSV A/S,0.003027409963771,0.0,AZ ,Industrials,DK0060079531,B1WT5G2,DSV DC Equity,DK ,DKK,2.726288,,11/7/2025
20251107,A98,Etica Transizione Climatica,454000,ORSTED A/S ORSTED 1 1/2 02/18/3021,0.002982799713322,0.0,OB ,UTILITY,XS2293075680,,BO0165460 Corp,DK ,EUR,2.726288,C,11/7/2025
20251107,A98,Etica Transizione Climatica,232,ECOLAB INC,0.002969563758025,0.0,AZ ,Materials,US2788651006,2304227,ECL US Equity,US ,USD,2.726288,,11/7/2025
20251107,A98,Etica Transizione Climatica,535701,BUNDESOBLIGATION OBL 2.1 04/12/29,0.002930473993752,0.0,OB ,SOVEREIGN,DE000BU35025,,ZB6879496 Govt,DE ,EUR,2.726288,A,11/7/2025
20251107,A98,Etica Transizione Climatica,3092,MTR CORP,0.002924730801959,0.0,AZ ,Industrials,HK0066009694,6290054,66 HK Equity,HK ,HKD,2.726288,,11/7/2025
20251107,A98,Etica Transizione Climatica,406088,CAIXABANK SA CABKSM 1 1/4 06/18/31,0.002892650861159,0.0,OB ,FINANCIAL,XS2310118976,,BO4845729 Corp,ES ,EUR,2.726288,B,11/7/2025
20251107,A98,Etica Transizione Climatica,233530,ZALANDO SE,0.002829637264259,0.0,AZ ,Consumer Discretionary,DE000ZAL1111,BQV0SV7,ZAL GR Equity,DE ,EUR,2.726288,,11/7/2025
20251107,A98,Etica Transizione Climatica,51209,TELEFONICA EUROPE BV TELEFO 7 1/8 PERP,0.002823450271265,0.0,OB ,INDUSTRIAL,XS2462605671,,ZN3747385 Corp,ES ,EUR,2.726288,C,11/7/2025
20251107,A98,Etica Transizione Climatica,1411,OMRON CORP,0.002817169004539,0.0,AZ ,Information Technology,JP3197800000,6659428,6645 JP Equity,JP ,JPY,2.726288,,11/7/2025
20251107,A98,Etica Transizione Climatica,3760,ABB LTD,0.00280919312726,0.0,AZ ,Industrials,CH0012221716,7108899,ABBN SW Equity,CH ,CHF,2.726288,,11/7/2025
20251107,A98,Etica Transizione Climatica,401613,GENERALI ASSGEN 2.124 10/01/30,0.002768192174203,0.0,OB ,FINANCIAL,XS2056491587,,ZR7444998 Corp,IT ,EUR,2.726288,B,11/7/2025
20251107,A98,Etica Transizione Climatica,407479,CNP ASSURANCES SA CNPFP 2 07/27/50,0.00271795321796,0.0,OB ,FINANCIAL,FR0013463775,,ZQ7071975 Corp,FR ,EUR,2.726288,B,11/7/2025
20251107,A98,Etica Transizione Climatica,392,NOVO NORDISK A/S-B,0.002686188171574,0.0,AZ ,Health Care,DK0062498333,BP6KMJ1,NOVOB DC Equity,DK ,DKK,2.726288,,11/7/2025
20251107,A98,Etica Transizione Climatica,41306,CHURCH & DWIGHT CO INC,0.002610773322392,0.0,AZ ,Consumer Staples,US1713401024,2195841,CHD US Equity,US ,USD,2.726288,,11/7/2025
20251107,A98,Etica Transizione Climatica,41085,ARKEMA,0.002557873389048,0.0,AZ ,Materials,FR0010313833,B0Z5YZ2,AKE FP Equity,FR ,EUR,2.726288,,11/7/2025
20251107,A98,Etica Transizione Climatica,3218,ROCKWELL AUTOMATION INC,0.00251852432858,0.0,AZ ,Industrials,US7739031091,2754060,ROK US Equity,US ,USD,2.726288,,11/7/2025
20251107,A98,Etica Transizione Climatica,17897,SK HYNIX INC,0.002501352181528,0.0,AZ ,Information Technology,KR7000660001,6450267,000660 KS Equity,KR ,KRW,2.726288,,11/7/2025
20251107,A98,Etica Transizione Climatica,1609,ESSILORLUXOTTICA,0.002441588844938,0.0,AZ ,Health Care,FR0000121667,7212477,EL FP Equity,FR ,EUR,2.726288,,11/7/2025
20251107,A98,Etica Transizione Climatica,3013,NOVARTIS AG,0.002425066490489,0.0,AZ ,Health Care,CH0012005267,7103065,NOVN SW Equity,CH ,CHF,2.726288,,11/7/2025
20251107,A98,Etica Transizione Climatica,498384,CAIXABANK SA CABKSM 3 3/4 09/07/29,0.002412376903525,0.0,OB ,FINANCIAL,XS2530034649,,BY7751344 Corp,ES ,EUR,2.726288,A,11/7/2025
20251107,A98,Etica Transizione Climatica,331014,BONOS Y OBLIG DEL ESTADO SPGB 2.7 10/31/48,0.002398767235531,0.0,OB ,SOVEREIGN,ES0000012B47,,AR3918646 Govt,ES ,EUR,2.726288,A,11/7/2025
20251107,A98,Etica Transizione Climatica,237464,INFINEON TECHNOLOGIES AG IFXGR 3 5/8 PERP,0.002381038480807,0.0,OB ,INDUSTRIAL,XS2056730679,,ZR7968624 Corp,DE ,EUR,2.726288,B,11/7/2025
20251107,A98,Etica Transizione Climatica,236299,VONOVIA SE,0.002369226233741,0.0,AZ ,Real Estate,DE000A1ML7J1,BBJPFY1,VNA GR Equity,DE ,EUR,2.726288,,11/7/2025
20251107,A98,Etica Transizione Climatica,23481,CBRE GROUP INC,0.002329409580668,0.0,AZ ,Real Estate,US12504L1098,B6WVMH3,CBRE US Equity,US ,USD,2.726288,,11/7/2025
20251107,A98,Etica Transizione Climatica,4266,MCCORMICK & CO-NON VTG SHRS,0.002314873692675,0.0,AZ ,Consumer Staples,US5797802064,2550161,MKC UN Equity,US ,USD,2.726288,,11/7/2025
20251107,A98,Etica Transizione Climatica,173,CADENCE DESIGN SYS INC,0.002313871013541,0.0,AZ ,Information Technology,US1273871087,2302232,CDNS US Equity,US ,USD,2.726288,,11/7/2025
20251107,A98,Etica Transizione Climatica,57392,EQUINIX INC,0.002306961266863,0.0,AZ ,Real Estate,US29444U7000,BVLZX12,EQIX US Equity,US ,USD,2.726288,,11/7/2025
20251107,A98,Etica Transizione Climatica,1580,YASKAWA ELECTRIC CORP,0.002279231840381,0.0,AZ ,Industrials,JP3932000007,6986041,6506 JP Equity,JP ,JPY,2.726288,,11/7/2025
20251107,A98,Etica Transizione Climatica,23508,LION CORP,0.002258342477475,0.0,AZ ,Consumer Staples,JP3965400009,6518808,4912 JP Equity,JP ,JPY,2.726288,,11/7/2025
20251107,A98,Etica Transizione Climatica,3011,DEUTSCHE TELEKOM AG,0.00224434042505,0.0,AZ ,Communication Services,DE0005557508,5842359,DTE GR Equity,DE ,EUR,2.726288,,11/7/2025
20251107,A98,Etica Transizione Climatica,3466,COGNIZANT TECH SOLUTIONS-A,0.002219677472014,0.0,AZ ,Information Technology,US1924461023,2257019,CTSH US Equity,US ,USD,2.726288,,11/7/2025
20251107,A98,Etica Transizione Climatica,395980,A2A SPA AEMSPA 1 07/16/29,0.002190276299745,0.0,OB ,UTILITY,XS2026150313,,AZ5661402 Corp,IT ,EUR,2.726288,B,11/7/2025
20251107,A98,Etica Transizione Climatica,899,WESTON (GEORGE) LTD,0.002155781809368,0.0,AZ ,Consumer Staples,CA9611485090,2956662,WN CN Equity,CA ,CAD,2.726288,,11/7/2025
20251107,A98,Etica Transizione Climatica,1337,MURATA MANUFACTURING CO LTD,0.002146022457047,0.0,AZ ,Information Technology,JP3914400001,6610403,6981 JP Equity,JP ,JPY,2.726288,,11/7/2025
20251107,A98,Etica Transizione Climatica,242496,PAYPAL HOLDINGS INC,0.002134399035433,0.0,AZ ,Financials,US70450Y1038,BYW36M8,PYPL US Equity,US ,USD,2.726288,,11/7/2025
20251107,A98,Etica Transizione Climatica,280,WW GRAINGER INC,0.002126609470103,0.0,AZ ,Industrials,US3848021040,2380863,GWW US Equity,US ,USD,2.726288,,11/7/2025
20251107,A98,Etica Transizione Climatica,1826,BEIERSDORF AG,0.002111394287701,0.0,AZ ,Consumer Staples,DE0005200000,5107401,BEI GR Equity,DE ,EUR,2.726288,,11/7/2025
20251107,A98,Etica Transizione Climatica,23406,IBIDEN CO LTD,0.002092474595956,0.0,AZ ,Information Technology,JP3148800000,6456102,4062 JP Equity,JP ,JPY,2.726288,,11/7/2025
20251107,A98,Etica Transizione Climatica,178773,SWIRE PROPERTIES LTD,0.002067031078672,0.0,AZ ,Real Estate,HK0000063609,B67C2G0,1972 HK Equity,HK ,HKD,2.726288,,11/7/2025
20251107,A98,Etica Transizione Climatica,1040,TATE & LYLE PLC,0.002041350562396,0.0,AZ ,Consumer Staples,GB00BP92CJ43,BP92CJ4,TATE LN Equity,GB ,GBP,2.726288,,11/7/2025
20251107,A98,Etica Transizione Climatica,58713,UNITED RENTALS INC,0.002028887352848,0.0,AZ ,Industrials,US9113631090,2134781,URI US Equity,US ,USD,2.726288,,11/7/2025
20251107,A98,Etica Transizione Climatica,238421,BONOS Y OBLIG DEL ESTADO SPGB 2.9 10/31/46,0.002023743127619,0.0,OB ,SOVEREIGN,ES00000128C6,,JK3794373 Govt,ES ,EUR,2.726288,A,11/7/2025
20251107,A98,Etica Transizione Climatica,572909,FORWARD_USD/EUR,0.002001548699921,0.0,FW ,CASH,,,FORWARD_USD/EUR,US ,USD,2.726288,,11/7/2025
20251107,A98,Etica Transizione Climatica,148,BECTON DICKINSON AND CO,0.001939067155658,0.0,AZ ,Health Care,US0758871091,2087807,BDX US Equity,US ,USD,2.726288,,11/7/2025
20251107,A98,Etica Transizione Climatica,61108,MERCADOLIBRE INC,0.001935083473756,0.0,AZ ,Consumer Discretionary,US58733R1023,B23X1H3,MELI US Equity,US ,USD,2.726288,,11/7/2025
20251107,A98,Etica Transizione Climatica,34925,SUMCO CORP,0.001929794612078,0.0,AZ ,Information Technology,JP3322930003,B0M0C89,3436 JP Equity,JP ,JPY,2.726288,,11/7/2025
20251107,A98,Etica Transizione Climatica,335600,BONOS Y OBLIG DEL ESTADO SPGB 1.9 10/31/52,0.001924608757682,0.0,OB ,SOVEREIGN,ES0000012K46,,BU3617661 Govt,ES ,EUR,2.726288,A,11/7/2025
20251107,A98,Etica Transizione Climatica,504076,TELEFONICA EUROPE BV TELEFO 6.135 PERP,0.001910249614112,0.0,OB ,INDUSTRIAL,XS2582389156,,ZM6546588 Corp,ES ,EUR,2.726288,C,11/7/2025
20251107,A98,Etica Transizione Climatica,1526,TOKYO ELECTRON LTD,0.001885900895261,0.0,AZ ,Information Technology,JP3571400005,6895675,8035 JP Equity,JP ,JPY,2.726288,,11/7/2025
20251107,A98,Etica Transizione Climatica,4264,AUTODESK INC,0.001848701319861,0.0,AZ ,Information Technology,US0527691069,2065159,ADSK US Equity,US ,USD,2.726288,,11/7/2025
20251107,A98,Etica Transizione Climatica,406077,COVIVIO COVFP 0 7/8 01/20/33,0.001847287955215,0.0,OB ,INDUSTRIAL,FR0014001LV5,,BN5635907 Corp,FR ,EUR,2.726288,B,11/7/2025
20251107,A98,Etica Transizione Climatica,4223,COLGATE-PALMOLIVE CO,0.001815483816331,0.0,AZ ,Consumer Staples,US1941621039,2209106,CL US Equity,US ,USD,2.726288,,11/7/2025
20251107,A98,Etica Transizione Climatica,212462,ORSTED A/S ORSTED 3 3/4 03/01/30,0.00181499982225,0.0,OB ,UTILITY,XS2591029876,,ZL2347488 Corp,DK ,EUR,2.726288,B,11/7/2025
20251107,A98,Etica Transizione Climatica,212634,VALMET CORP VALMTF 4 03/13/29,0.001814294605172,0.0,OB ,INDUSTRIAL,FI4000567094,,ZD4396341 Corp,FI ,EUR,2.726288,NR,11/7/2025
20251107,A98,Etica Transizione Climatica,18722,REGENERON PHARMACEUTICALS,0.001741171607247,0.0,AZ ,Health Care,US75886F1075,2730190,REGN US Equity,US ,USD,2.726288,,11/7/2025
20251107,A98,Etica Transizione Climatica,2298,TRACTOR SUPPLY COMPANY,0.001733802746692,0.0,AZ ,Consumer Discretionary,US8923561067,2900335,TSCO US Equity,US ,USD,2.726288,,11/7/2025
20251107,A98,Etica Transizione Climatica,54495,HILTON WORLDWIDE HOLDINGS IN,0.001727625877206,0.0,AZ ,Consumer Discretionary,US43300A2033,BYVMW06,HLT UN Equity,US ,USD,2.726288,,11/7/2025
20251107,A98,Etica Transizione Climatica,1340,NEC CORP,0.001719577814905,0.0,AZ ,Information Technology,JP3733000008,6640400,6701 JP Equity,JP ,JPY,2.726288,,11/7/2025
20251107,A98,Etica Transizione Climatica,217849,C/COLLATERALE GARANZIA ,0.001702695461987,0.0,CD ,CASH,,,C/COLLATERALE GARANZIA ,5A ,EUR,2.726288,,11/7/2025
20251107,A98,Etica Transizione Climatica,188,THE CIGNA GROUP,0.001668939084301,0.0,AZ ,Health Care,US1255231003,BHJ0775,CI US Equity,US ,USD,2.726288,,11/7/2025
20251107,A98,Etica Transizione Climatica,58909,EDWARDS LIFESCIENCES CORP,0.001662248186113,0.0,AZ ,Health Care,US28176E1082,2567116,EW US Equity,US ,USD,2.726288,,11/7/2025
20251107,A98,Etica Transizione Climatica,1001,PERSIMMON PLC,0.001636486612266,0.0,AZ ,Consumer Discretionary,GB0006825383,682538,PSN LN Equity,GB ,GBP,2.726288,,11/7/2025
20251107,A98,Etica Transizione Climatica,2288,SIMON PROPERTY GROUP INC,0.001631630478477,0.0,AZ ,Real Estate,US8288061091,2812452,SPG US Equity,US ,USD,2.726288,,11/7/2025
20251107,A98,Etica Transizione Climatica,88166,REXEL SA,0.00159265147049,0.0,AZ ,Industrials,FR0010451203,B1VP0K0,RXL FP Equity,FR ,EUR,2.726288,,11/7/2025
20251107,A98,Etica Transizione Climatica,2658,ASSA ABLOY AB-B,0.001568665078283,0.0,AZ ,Industrials,SE0007100581,BYPC1T4,ASSAB SS Equity,SE ,SEK,2.726288,,11/7/2025
20251107,A98,Etica Transizione Climatica,1499,TAKEDA PHARMACEUTICAL CO LTD,0.001567655113466,0.0,AZ ,Health Care,JP3463000004,6870445,4502 JP Equity,JP ,JPY,2.726288,,11/7/2025
20251107,A98,Etica Transizione Climatica,739,PAYCHEX INC,0.001537728862349,0.0,AZ ,Industrials,US7043261079,2674458,PAYX US Equity,US ,USD,2.726288,,11/7/2025
20251107,A98,Etica Transizione Climatica,18074,ESTEE LAUDER COMPANIES-CL A,0.001527154138979,0.0,AZ ,Consumer Staples,US5184391044,2320524,EL US Equity,US ,USD,2.726288,,11/7/2025
20251107,A98,Etica Transizione Climatica,19461,DICK'S SPORTING GOODS INC,0.001494390930814,0.0,AZ ,Consumer Discretionary,US2533931026,2969637,DKS US Equity,US ,USD,2.726288,,11/7/2025
20251107,A98,Etica Transizione Climatica,536433,EDP SA EDPPL 4 3/4 05/29/54,0.001469185987805,0.0,OB ,UTILITY,PTEDPZOM0011,,YX2446822 Corp,PT ,EUR,2.726288,C,11/7/2025
20251107,A98,Etica Transizione Climatica,2985,CANADIAN NATL RAILWAY CO,0.001454464633419,0.0,AZ ,Industrials,CA1363751027,2180632,CNR CN Equity,CA ,CAD,2.726288,,11/7/2025
20251107,A98,Etica Transizione Climatica,134921,POLA ORBIS HOLDINGS INC,0.001372321218255,0.0,AZ ,Consumer Staples,JP3855900001,B5N4QN8,4927 JP Equity,JP ,JPY,2.726288,,11/7/2025
20251107,A98,Etica Transizione Climatica,3065,ELEVANCE HEALTH INC,0.001357335274261,0.0,AZ ,Health Care,US0367521038,BSPHGL4,ELV US Equity,US ,USD,2.726288,,11/7/2025
20251107,A98,Etica Transizione Climatica,152,BEST BUY CO INC,0.001355306750069,0.0,AZ ,Consumer Discretionary,US0865161014,2094670,BBY US Equity,US ,USD,2.726288,,11/7/2025
20251107,A98,Etica Transizione Climatica,57681,OWENS CORNING,0.00135022633538,0.0,AZ ,Industrials,US6907421019,B1FW7Q2,OC US Equity,US ,USD,2.726288,,11/7/2025
20251107,A98,Etica Transizione Climatica,1734,NOKIA OYJ,0.001308329915089,0.0,AZ ,Information Technology,FI0009000681,5902941,NOKIA FH Equity,FI ,EUR,2.726288,,11/7/2025
20251107,A98,Etica Transizione Climatica,1288,KURITA WATER INDUSTRIES LTD,0.001306143179214,0.0,AZ ,Industrials,JP3270000007,6497963,6370 JP Equity,JP ,JPY,2.726288,,11/7/2025
20251107,A98,Etica Transizione Climatica,335810,CREDITO EMILIANO SPA CRDEM 5 5/8 05/30/29,0.00126240579764,0.0,OB ,FINANCIAL,XS2606341787,,ZK7619628 Corp,IT ,EUR,2.726288,B,11/7/2025
20251107,A98,Etica Transizione Climatica,350,PANASONIC HOLDINGS CORP,0.001259027024364,0.0,AZ ,Consumer Discretionary,JP3866800000,6572707,6752 JP Equity,JP ,JPY,2.726288,,11/7/2025
20251107,A98,Etica Transizione Climatica,512180,BANCO DE SABADELL SA SABSM 5 06/07/29,0.0012471246966,0.0,OB ,FINANCIAL,XS2598331242,,ZK8294942 Corp,ES ,EUR,2.726288,A,11/7/2025
20251107,A98,Etica Transizione Climatica,944,CRODA INTERNATIONAL PLC,0.001245793675233,0.0,AZ ,Materials,GB00BJFFLV09,BJFFLV0,CRDA LN Equity,GB ,GBP,2.726288,,11/7/2025
20251107,A98,Etica Transizione Climatica,335766,NOKIA OYJ NOKIA 4 3/8 08/21/31,0.001224688985058,0.0,OB ,INDUSTRIAL,XS2488809612,,ZM9740188 Corp,FI ,EUR,2.726288,C,11/7/2025
20251107,A98,Etica Transizione Climatica,1138,ASICS CORP,0.001189370737565,0.0,AZ ,Consumer Discretionary,JP3118000003,6057378,7936 JP Equity,JP ,JPY,2.726288,,11/7/2025
20251107,A98,Etica Transizione Climatica,68606,EDP RENOVAVEIS SA,0.001187588432403,0.0,AZ ,Utilities,ES0127797019,B39GNW2,EDPR PL Equity,PT ,EUR,2.726288,,11/7/2025
20251107,A98,Etica Transizione Climatica,271454,COVIVIO COVFP 1 7/8 05/20/26,0.001165471009083,0.0,OB ,INDUSTRIAL,FR0013170834,,JK9255643 Corp,FR ,EUR,2.726288,B,11/7/2025
20251107,A98,Etica Transizione Climatica,51536,RENAULT SA RENAUL 3 7/8 09/30/30,0.001164057887679,0.0,OB ,INDUSTRIAL,FR0014010DR1,,YK3273678 Corp,FR ,EUR,2.726288,C,11/7/2025
20251107,A98,Etica Transizione Climatica,128293,TERNA RETE ELETTRICA TRNIM 1 04/10/26,0.001158702586129,0.0,OB ,UTILITY,XS1980270810,,ZS0232844 Corp,IT ,EUR,2.726288,B,11/7/2025
20251107,A98,Etica Transizione Climatica,454914,BUONI POLIENNALI DEL TES BTPS 1 1/2 04/30/45,0.001157138029075,0.0,OB ,SOVEREIGN,IT0005438004,,BO3833387 Govt,IT ,EUR,2.726288,B,11/7/2025
20251107,A98,Etica Transizione Climatica,451544,EDP SA EDPPL 1 7/8 08/02/2081,0.001154060204326,0.0,OB ,UTILITY,PTEDPROM0029,,BN7191719 Corp,PT ,EUR,2.726288,C,11/7/2025
20251107,A98,Etica Transizione Climatica,239013,KLEPIERRE SA LIFP 2 05/12/29,0.001135603147679,0.0,OB ,INDUSTRIAL,FR0013512233,,BJ2958731 Corp,FR ,EUR,2.726288,A,11/7/2025
20251107,A98,Etica Transizione Climatica,3385,YUM! BRANDS INC,0.001085986520836,0.0,AZ ,Consumer Discretionary,US9884981013,2098876,YUM UN Equity,US ,USD,2.726288,,11/7/2025
20251107,A98,Etica Transizione Climatica,312,INGERSOLL-RAND INC,0.001069242329493,0.0,AZ ,Industrials,US45687V1061,BL5GZ82,IR UN Equity,US ,USD,2.726288,,11/7/2025
20251107,A98,Etica Transizione Climatica,387,NORSK HYDRO ASA,0.001048142284086,0.0,AZ ,Materials,NO0005052605,B11HK39,NHY NO Equity,NO ,NOK,2.726288,,11/7/2025
20251107,A98,Etica Transizione Climatica,1391,NISSHIN SEIFUN GROUP INC,0.001043605863222,0.0,AZ ,Consumer Staples,JP3676800000,6640961,2002 JP Equity,JP ,JPY,2.726288,,11/7/2025
20251107,A98,Etica Transizione Climatica,50381,LULULEMON ATHLETICA INC,0.001027145894608,0.0,AZ ,Consumer Discretionary,US5500211090,B23FN39,LULU US Equity,US ,USD,2.726288,,11/7/2025
20251107,A98,Etica Transizione Climatica,2297,AVALONBAY COMMUNITIES INC,0.001022322447939,0.0,AZ ,Real Estate,US0534841012,2131179,AVB US Equity,US ,USD,2.726288,,11/7/2025
20251107,A98,Etica Transizione Climatica,1,LG ELECTRONICS INC,0.000996835065976,0.0,AZ ,Consumer Discretionary,KR7066570003,6520739,066570 KS Equity,KR ,KRW,2.726288,,11/7/2025
20251107,A98,Etica Transizione Climatica,67156,KEURIG DR PEPPER INC,0.000987243875103,0.0,AZ ,Consumer Staples,US49271V1008,BD3W133,KDP US Equity,US ,USD,2.726288,,11/7/2025
20251107,A98,Etica Transizione Climatica,24041,TERNA-RETE ELETTRICA NAZIONA,0.00090398429094,0.0,AZ ,Utilities,IT0003242622,B01BN57,TRN IM Equity,IT ,EUR,2.726288,,11/7/2025
20251107,A98,Etica Transizione Climatica,1010,RELX PLC,0.000890787242814,0.0,AZ ,Industrials,GB00B2B0DG97,B2B0DG9,REL LN Equity,GB ,GBP,2.726288,,11/7/2025
20251107,A98,Etica Transizione Climatica,235482,MERLIN PROPERTIES SOCIMI SA,0.000871220468878,0.0,AZ ,Real Estate,ES0105025003,BNGNB77,MRL SM Equity,ES ,EUR,2.726288,,11/7/2025
20251107,A98,Etica Transizione Climatica,318,INTL FLAVORS & FRAGRANCES,0.000858806498503,0.0,AZ ,Materials,US4595061015,2464165,IFF US Equity,US ,USD,2.726288,,11/7/2025
20251107,A98,Etica Transizione Climatica,44974,LEGRAND SA,0.000804063878014,0.0,AZ ,Industrials,FR0010307819,B11ZRK9,LR FP Equity,FR ,EUR,2.726288,,11/7/2025
20251107,A98,Etica Transizione Climatica,1714,SKF AB-B SHARES,0.000793493139182,0.0,AZ ,Industrials,SE0000108227,B1Q3J35,SKFB SS Equity,SE ,SEK,2.726288,,11/7/2025
20251107,A98,Etica Transizione Climatica,238905,BONOS Y OBLIG DEL ESTADO SPGB 1.85 07/30/35,0.000780484754346,0.0,OB ,SOVEREIGN,ES0000012E69,,AX4147556 Govt,ES ,EUR,2.726288,A,11/7/2025
20251107,A98,Etica Transizione Climatica,164959,JPY,0.0007745293511,0.0,LQ ,CASH,,,JPY,JP ,JPY,2.726288,,11/7/2025
20251107,A98,Etica Transizione Climatica,335227,NEXI SPA,0.000753803481708,0.0,AZ ,Financials,IT0005366767,BJ1F880,NEXI IM Equity,IT ,EUR,2.726288,,11/7/2025
20251107,A98,Etica Transizione Climatica,164954,CAD,0.000750967069059,0.0,LQ ,CASH,,,CAD,CA ,CAD,2.726288,,11/7/2025
20251107,A98,Etica Transizione Climatica,51336,AIB GROUP PLC AIB 4 5/8 05/20/35,0.000738738958897,0.0,OB ,FINANCIAL,XS2823235085,,YX0681750 Corp,IE ,EUR,2.726288,B,11/7/2025
20251107,A98,Etica Transizione Climatica,57810,VENTAS INC,0.000737689090775,0.0,AZ ,Real Estate,US92276F1003,2927925,VTR US Equity,US ,USD,2.726288,,11/7/2025
20251107,A98,Etica Transizione Climatica,126664,LYONDELLBASELL INDU-CL A,0.000720497183189,0.0,AZ ,Materials,NL0009434992,B3SPXZ3,LYB US Equity,US ,USD,2.726288,,11/7/2025
20251107,A98,Etica Transizione Climatica,382187,NOKIA OYJ NOKIA 2 03/11/26,0.000660651572817,0.0,OB ,INDUSTRIAL,XS1960685383,,AX4993215 Corp,FI ,EUR,2.726288,C,11/7/2025
20251107,A98,Etica Transizione Climatica,1122,AJINOMOTO CO INC,0.000658075128175,0.0,AZ ,Consumer Staples,JP3119600009,6010906,2802 JP Equity,JP ,JPY,2.726288,,11/7/2025
20251107,A98,Etica Transizione Climatica,63,HERA SPA,0.000655357382976,0.0,AZ ,Utilities,IT0001250932,7598003,HER IM Equity,IT ,EUR,2.726288,,11/7/2025
20251107,A98,Etica Transizione Climatica,164723,EUR,0.000630613337621,0.0,LQ ,CASH,,,EUR,5A ,EUR,2.726288,,11/7/2025
20251107,A98,Etica Transizione Climatica,164726,SEK,0.000585266955167,0.0,LQ ,CASH,,,SEK,SE ,SEK,2.726288,,11/7/2025
20251107,A98,Etica Transizione Climatica,253654,FERRARI NV,0.000584388549636,0.0,AZ ,Consumer Discretionary,NL0011585146,BZ1GMK5,RACE US Equity,IT ,EUR,2.726288,,11/7/2025
20251107,A98,Etica Transizione Climatica,405937,EDP SA EDPPL 1 5/8 04/15/27,0.000578644975605,0.0,OB ,UTILITY,PTEDPNOM0015,,BH6216601 Corp,PT ,EUR,2.726288,B,11/7/2025
20251107,A98,Etica Transizione Climatica,237336,OBRIGACOES DO TESOURO PGB 2 1/4 04/18/34,0.00055888586658,0.0,OB ,SOVEREIGN,PTOTEWOE0017,,AS1769569 Govt,PT ,EUR,2.726288,A,11/7/2025
20251107,A98,Etica Transizione Climatica,164725,HKD,0.000550565569916,0.0,LQ ,CASH,,,HKD,HK ,HKD,2.726288,,11/7/2025
20251107,A98,Etica Transizione Climatica,164955,CHF,0.000540589650948,0.0,LQ ,CASH,,,CHF,CH ,CHF,2.726288,,11/7/2025
20251107,A98,Etica Transizione Climatica,48675,PRYSMIAN SPA,0.000488362247563,0.0,AZ ,Industrials,IT0004176001,B1W4V69,PRY IM Equity,IT ,EUR,2.726288,,11/7/2025
20251107,A98,Etica Transizione Climatica,1024,SSE PLC,0.000478570451365,0.0,AZ ,Utilities,GB0007908733,790873,SSE LN Equity,GB ,GBP,2.726288,,11/7/2025
20251107,A98,Etica Transizione Climatica,3476,A2A SPA,0.000477990932594,0.0,AZ ,Utilities,IT0001233417,5499131,A2A IM Equity,IT ,EUR,2.726288,,11/7/2025
20251107,A98,Etica Transizione Climatica,238405,BUONI POLIENNALI DEL TES BTPS 2.7 03/01/47,0.000471257015284,0.0,OB ,SOVEREIGN,IT0005162828,,JV9105265 Govt,IT ,EUR,2.726288,B,11/7/2025
20251107,A98,Etica Transizione Climatica,677,BIOGEN INC,0.000455841493966,0.0,AZ ,Health Care,US09062X1037,2455965,BIIB US Equity,US ,USD,2.726288,,11/7/2025
20251107,A98,Etica Transizione Climatica,3371,ERG SPA,0.000422866572415,0.0,AZ ,Utilities,IT0001157020,5337093,ERG IM Equity,IT ,EUR,2.726288,,11/7/2025
20251107,A98,Etica Transizione Climatica,503621,A2A SPA AEMSPA 4 3/8 02/03/34,0.000378895631989,0.0,OB ,UTILITY,XS2583205906,,ZM7159977 Corp,IT ,EUR,2.726288,B,11/7/2025
20251107,A98,Etica Transizione Climatica,164722,DKK,0.000373474527629,0.0,LQ ,CASH,,,DKK,DK ,DKK,2.726288,,11/7/2025
20251107,A98,Etica Transizione Climatica,128479,BELGIUM KINGDOM BGB 3.3 06/22/54,0.000252264386705,0.0,OB ,SOVEREIGN,BE0000358672,,ZL0747895 Govt,BE ,EUR,2.726288,A,11/7/2025
20251107,A98,Etica Transizione Climatica,314765,PIRELLI & C SPA,0.000156716020824,0.0,AZ ,Consumer Discretionary,IT0005278236,BZ5ZHK3,PIRC IM Equity,IT ,EUR,2.726288,,11/7/2025
20251107,A98,Etica Transizione Climatica,164960,NOK,0.000140125095237,0.0,LQ ,CASH,,,NOK,NO ,NOK,2.726288,,11/7/2025
20251107,A98,Etica Transizione Climatica,227088,ALPHABET INC-CL A,0.0,0.007526228460065,AZ ,Communication Services,US02079K3059,BYVY8G0,GOOGL US Equity,US ,USD,2.726288,,11/7/2025
20251107,A98,Etica Transizione Climatica,553272,GERMAN TREASURY BILL BUBILL 0 01/14/26,0.0,0.004961578,OB ,SOVEREIGN,DE000BU0E246,,YS4477537 Govt,DE ,EUR,2.726288,A,11/7/2025
20251107,A98,Etica Transizione Climatica,28663,ALPHABET INC-CL C,0.0,0.006403341070155,AZ ,Communication Services,US02079K1079,BYY88Y7,GOOG US Equity,US ,USD,2.726288,,11/7/2025
20251107,A98,Etica Transizione Climatica,51421,FRENCH DISCOUNT T-BILL BTF 0 12/31/25,0.0,0.00682041,OB ,SOVEREIGN,FR0128690742,,YS3714856 Govt,FR ,EUR,2.726288,A,11/7/2025
20251107,A98,Etica Transizione Climatica,50594,BROADCOM INC,0.0,0.007222833500135,AZ ,Information Technology,US11135F1012,BDZ78H9,AVGO US Equity,US ,USD,2.726288,,11/7/2025
20251107,A98,Etica Transizione Climatica,3458,NVIDIA CORP,0.0,0.03168299725614,AZ ,Information Technology,US67066G1040,2379504,NVDA US Equity,US ,USD,2.726288,,11/7/2025
20251107,A98,Etica Transizione Climatica,553,MICROSOFT CORP,0.0,0.01217731050774,AZ ,Information Technology,US5949181045,2588173,MSFT US Equity,US ,USD,2.726288,,11/7/2025
20251107,A98,Etica Transizione Climatica,3255,AMAZON.COM INC,0.0,0.010802382227865,AZ ,Consumer Discretionary,US0231351067,2000019,AMZN US Equity,US ,USD,2.726288,,11/7/2025
20251107,A98,Etica Transizione Climatica,534,APPLE INC,0.0,0.018662574439655,AZ ,Information Technology,US0378331005,2046251,AAPL US Equity,US ,USD,2.726288,,11/7/2025
20251107,A98,Etica Transizione Climatica,164736,DEBITI COMPENSO REVISIONE,-0.000005589949202,0.0,CD ,CASH,,,DEBITI COMPENSO REVISIONE,5A ,EUR,2.726288,,11/7/2025
20251107,A98,Etica Transizione Climatica,164733,DEBITI COMMISSIONE GESTIONE,-0.000032317669519,0.0,CD ,CASH,,,DEBITI COMMISSIONE GESTIONE,5A ,EUR,2.726288,,11/7/2025
20251107,A98,Etica Transizione Climatica,164730,DEBITI COMMISSIONE DEPOSITARIA,-0.000115936198101,0.0,CD ,CASH,,,DEBITI COMMISSIONE DEPOSITARIA,5A ,EUR,2.726288,,11/7/2025
20251107,A98,Etica Transizione Climatica,172066,ALLINEAMENTO NAV,-0.000394283632188,0.0,OT ,CASH,,,ALLINEAMENTO NAV,5A ,EUR,2.726288,,11/7/2025
20251107,A98,Etica Transizione Climatica,179420,DEBITI COMMISSIONE AMMINISTRAZIONE,-0.002585378245056,0.0,CD ,CASH,,,DEBITI COMMISSIONE AMMINISTRAZIONE,5A ,EUR,2.726288,,11/7/2025
20251107,A98,Etica Transizione Climatica,573180,FORWARD_USD/EUR,-0.013010066549485,0.0,FW ,CASH,,,FORWARD_USD/EUR,US ,USD,2.726288,,11/7/2025
20251107,A98,Etica Transizione Climatica,578038,FORWARD_USD/EUR,-0.015011615249406,0.0,FW ,CASH,,,FORWARD_USD/EUR,US ,USD,2.726288,,11/7/2025
20251107,A98,Etica Transizione Climatica,572000,FORWARD_USD/EUR,-0.027020907448931,0.0,FW ,CASH,,,FORWARD_USD/EUR,US ,USD,2.726288,,11/7/2025
20251107,A99,Etica Obiettivo Sociale,496185,BUNDESOBLIGATION OBL 1.3 10/15/27,0.09542973515776,0.0,OB ,SOVEREIGN,DE0001030740,,BY5766682 Govt,DE ,EUR,,A,11/7/2025
20251107,A99,Etica Obiettivo Sociale,571126,AUSTRIAN T-BILL RATB 0 11/27/25,0.086530701457543,0.0,OB ,SOVEREIGN,AT0000A3MUA7,,YL5192205 Govt,AT ,EUR,,A,11/7/2025
20251107,A99,Etica Obiettivo Sociale,574251,AUSTRIAN T-BILL RATB 0 03/26/26,0.061422873298188,0.0,OB ,SOVEREIGN,AT0000A3MUC3,,YK2495496 Govt,AT ,EUR,,A,11/7/2025
20251107,A99,Etica Obiettivo Sociale,3458,NVIDIA CORP,0.046435331444597,0.025346397804912,AZ ,Information Technology,US67066G1040,2379504,NVDA US Equity,US ,USD,,,11/7/2025
20251107,A99,Etica Obiettivo Sociale,212675,BUONI POLIENNALI DEL TES BTPS 4.05 10/30/37,0.03236320202698,0.0,OB ,SOVEREIGN,IT0005596470,,YX0762808 Govt,IT ,EUR,,B,11/7/2025
20251107,A99,Etica Obiettivo Sociale,523098,FRANCE (GOVT OF) FRTR 3 1/2 11/25/33,0.026101649172952,0.0,OB ,SOVEREIGN,FR001400L834,,ZH2111115 Govt,FR ,EUR,,A,11/7/2025
20251107,A99,Etica Obiettivo Sociale,5650,BUONI POLIENNALI DEL TES BTPS 3.6 10/01/35,0.025237718300944,0.0,OB ,SOVEREIGN,IT0005648149,,YP9041896 Govt,IT ,EUR,,B,11/7/2025
20251107,A99,Etica Obiettivo Sociale,164723,EUR,0.020327503919804,0.0,LQ ,CASH,,,EUR,5A ,EUR,,,11/7/2025
20251107,A99,Etica Obiettivo Sociale,164722,DKK,0.01615380801854,0.0,LQ ,CASH,,,DKK,DK ,DKK,,,11/7/2025
20251107,A99,Etica Obiettivo Sociale,510999,COUNCIL OF EUROPE COE 2 7/8 04/13/30,0.012744735058334,0.0,OB ,Quasi & Foreign Government,XS2610236528,,ZK0252484 Corp,SNA,EUR,,A,11/7/2025
20251107,A99,Etica Obiettivo Sociale,535701,BUNDESOBLIGATION OBL 2.1 04/12/29,0.012520443491409,0.0,OB ,SOVEREIGN,DE000BU35025,,ZB6879496 Govt,DE ,EUR,,A,11/7/2025
20251107,A99,Etica Obiettivo Sociale,51309,NEDER WATERSCHAPSBANK NEDWBK 2 5/8 01/10/34,0.012369907870858,0.0,OB ,Quasi & Foreign Government,XS2744491874,,ZF0683689 Govt,NL ,EUR,,A,11/7/2025
20251107,A99,Etica Obiettivo Sociale,509810,BUONI POLIENNALI DEL TES BTPS 4 10/30/31,0.011874678044515,0.0,OB ,SOVEREIGN,IT0005542359,,ZK0285476 Govt,IT ,EUR,,B,11/7/2025
20251107,A99,Etica Obiettivo Sociale,36611,FRANCE (GOVT OF) FRTR 3.15 07/25/32,0.01122922833221,0.0,OB ,SOVEREIGN,FR0000188799,,EC7356149 Govt,FR ,EUR,,A,11/7/2025
20251107,A99,Etica Obiettivo Sociale,164727,USD,0.011202956542055,0.0,LQ ,CASH,,,USD,US ,USD,,,11/7/2025
20251107,A99,Etica Obiettivo Sociale,431765,PEARSON FUNDING PLC PSON 3 3/4 06/04/30,0.010995332346737,0.0,OB ,INDUSTRIAL,XS2044910466,,BJ7575753 Corp,GB ,GBP,,B,11/7/2025
20251107,A99,Etica Obiettivo Sociale,444118,EUROPEAN UNION EU 0 10/04/30,0.01096707558568,0.0,OB ,Quasi & Foreign Government,EU000A283859,,BM0350801 Govt,SNA,EUR,,A,11/7/2025
20251107,A99,Etica Obiettivo Sociale,554,ORACLE CORP,0.010877359824953,0.0,AZ ,Information Technology,US68389X1054,2661568,ORCL US Equity,US ,USD,,,11/7/2025
20251107,A99,Etica Obiettivo Sociale,201018,ABBVIE INC,0.010544556515348,0.0,AZ ,Health Care,US00287Y1091,B92SR70,ABBV US Equity,US ,USD,,,11/7/2025
20251107,A99,Etica Obiettivo Sociale,534124,VONOVIA SE ANNGR 4 1/4 04/10/34,0.010419523391193,0.0,OB ,INDUSTRIAL,DE000A3829J7,,ZB1768538 Corp,DE ,EUR,,B,11/7/2025
20251107,A99,Etica Obiettivo Sociale,335900,BPIFRANCE SACA BPIFRA 3 1/2 09/27/27,0.010141429759539,0.0,OB ,Quasi & Foreign Government,FR001400LPZ1,,ZH5233460 Govt,FR ,EUR,,A,11/7/2025
20251107,A99,Etica Obiettivo Sociale,488986,AIB GROUP PLC AIB 2 1/4 04/04/28,0.009993907474272,0.0,OB ,FINANCIAL,XS2464405229,,BV5708540 Corp,IE ,EUR,,A,11/7/2025
20251107,A99,Etica Obiettivo Sociale,510744,BUNDESREPUB. DEUTSCHLAND DBR 2.3 02/15/33,0.009962649873696,0.0,OB ,SOVEREIGN,DE000BU3Z005,,ZK3512736 Govt,DE ,EUR,,A,11/7/2025
20251107,A99,Etica Obiettivo Sociale,221482,SERVICENOW INC,0.009673621210053,0.0,AZ ,Information Technology,US81762P1021,B80NXX8,NOW US Equity,US ,USD,,,11/7/2025
20251107,A99,Etica Obiettivo Sociale,335439,FRANCE (GOVT OF) FRTR 0 1/2 06/25/44,0.009469303938648,0.0,OB ,SOVEREIGN,FR0014002JM6,,BO6060129 Govt,FR ,EUR,,A,11/7/2025
20251107,A99,Etica Obiettivo Sociale,577,APPLIED MATERIALS INC,0.008772454317875,0.0,AZ ,Information Technology,US0382221051,2046552,AMAT US Equity,US ,USD,,,11/7/2025
20251107,A99,Etica Obiettivo Sociale,483520,BANCO DO BRASIL (CAYMAN) BANBRA 4 7/8 01/11/29,0.00863232519555,0.0,OB ,FINANCIAL,USP3772WAK82,,BT3700478 Corp,BR ,USD,,C,11/7/2025
20251107,A99,Etica Obiettivo Sociale,237094,BONOS Y OBLIG DEL ESTADO SPGB 3.45 07/30/66,0.007628645517881,0.0,OB ,SOVEREIGN,ES00000128E2,,LW0882867 Govt,ES ,EUR,,A,11/7/2025
20251107,A99,Etica Obiettivo Sociale,427,PROCTER & GAMBLE CO/THE,0.007503788324205,0.0,AZ ,Consumer Staples,US7427181091,2704407,PG US Equity,US ,USD,,,11/7/2025
20251107,A99,Etica Obiettivo Sociale,406204,BANCO COMERC PORTUGUES BCPPL 1 3/4 04/07/28,0.0074122426143,0.0,OB ,FINANCIAL,PTBCPEOM0069,,BR6434368 Corp,PT ,EUR,,B,11/7/2025
20251107,A99,Etica Obiettivo Sociale,300,HOME DEPOT INC,0.00726355141822,0.0,AZ ,Consumer Discretionary,US4370761029,2434209,HD US Equity,US ,USD,,,11/7/2025
20251107,A99,Etica Obiettivo Sociale,239153,BUNDESREPUB. DEUTSCHLAND DBR 0 08/15/31,0.007058796052701,0.0,OB ,SOVEREIGN,DE0001030732,,BR2433760 Govt,DE ,EUR,,A,11/7/2025
20251107,A99,Etica Obiettivo Sociale,443017,PRAEMIA HEALTHCARE SACA PRAEFP 1 3/8 09/17/30,0.00675232490883,0.0,OB ,INDUSTRIAL,FR0013535150,,ZO4361218 Corp,FR ,EUR,,B,11/7/2025
20251107,A99,Etica Obiettivo Sociale,454914,BUONI POLIENNALI DEL TES BTPS 1 1/2 04/30/45,0.006591826080427,0.0,OB ,SOVEREIGN,IT0005438004,,BO3833387 Govt,IT ,EUR,,B,11/7/2025
20251107,A99,Etica Obiettivo Sociale,391641,BONOS Y OBLIG DEL ESTADO SPGB 0.6 10/31/29,0.006349361835177,0.0,OB ,SOVEREIGN,ES0000012F43,,AZ1293424 Govt,ES ,EUR,,A,11/7/2025
20251107,A99,Etica Obiettivo Sociale,544860,NATWEST GROUP PLC NWG 3.575 09/12/32,0.006331548317319,0.0,OB ,FINANCIAL,XS2898838516,,YV6173723 Corp,GB ,EUR,,A,11/7/2025
20251107,A99,Etica Obiettivo Sociale,510424,DSM-FIRMENICH AG,0.006144808257712,0.0,AZ ,Materials,CH1216478797,BPCPSD6,DSFIR NA Equity,NL ,EUR,,,11/7/2025
20251107,A99,Etica Obiettivo Sociale,344,LOWE'S COS INC,0.006081376411743,0.0,AZ ,Consumer Discretionary,US5486611073,2536763,LOW US Equity,US ,USD,,,11/7/2025
20251107,A99,Etica Obiettivo Sociale,159,BOSTON SCIENTIFIC CORP,0.006077135645873,0.0,AZ ,Health Care,US1011371077,2113434,BSX US Equity,US ,USD,,,11/7/2025
20251107,A99,Etica Obiettivo Sociale,23568,SALESFORCE INC,0.005659191510348,0.0,AZ ,Information Technology,US79466L3024,2310525,CRM US Equity,US ,USD,,,11/7/2025
20251107,A99,Etica Obiettivo Sociale,514999,BUNDESREPUB. DEUTSCHLAND DBR 1.8 08/15/53,0.005515104818262,0.0,OB ,SOVEREIGN,DE0001030757,,ZK9574730 Govt,DE ,EUR,,A,11/7/2025
20251107,A99,Etica Obiettivo Sociale,237713,BUONI POLIENNALI DEL TES BTPS 4 04/30/35,0.005249277945523,0.0,OB ,SOVEREIGN,IT0005508590,,BY8794178 Govt,IT ,EUR,,B,11/7/2025
20251107,A99,Etica Obiettivo Sociale,1821,INTUIT INC,0.005118688288509,0.0,AZ ,Information Technology,US4612021034,2459020,INTU US Equity,US ,USD,,,11/7/2025
20251107,A99,Etica Obiettivo Sociale,30976,NABTESCO CORP,0.005078864655124,0.0,AZ ,Industrials,JP3651210001,6687571,6268 JP Equity,JP ,JPY,,,11/7/2025
20251107,A99,Etica Obiettivo Sociale,542,CISCO SYSTEMS INC,0.005040635036018,0.0,AZ ,Information Technology,US17275R1023,2198163,CSCO US Equity,US ,USD,,,11/7/2025
20251107,A99,Etica Obiettivo Sociale,423,NEW LINDE PLC,0.004854651898125,0.0,AZ ,Materials,IE000S9YS762,BNZHB81,LIN US Equity,US ,USD,,,11/7/2025
20251107,A99,Etica Obiettivo Sociale,366,MICRON TECHNOLOGY INC,0.004801655006087,0.0,AZ ,Information Technology,US5951121038,2588184,MU US Equity,US ,USD,,,11/7/2025
20251107,A99,Etica Obiettivo Sociale,128380,BONOS Y OBLIG DEL ESTADO SPGB 0 01/31/28,0.004725873755943,0.0,OB ,SOVEREIGN,ES0000012I08,,BO5684341 Govt,ES ,EUR,,A,11/7/2025
20251107,A99,Etica Obiettivo Sociale,549,INTEL CORP,0.004663251165439,0.0,AZ ,Information Technology,US4581401001,2463247,INTC US Equity,US ,USD,,,11/7/2025
20251107,A99,Etica Obiettivo Sociale,533,AMGEN INC,0.004648139083611,0.0,AZ ,Health Care,US0311621009,2023607,AMGN US Equity,US ,USD,,,11/7/2025
20251107,A99,Etica Obiettivo Sociale,903,ASTRAZENECA PLC,0.004528117874892,0.0,AZ ,Health Care,GB0009895292,989529,AZN LN Equity,GB ,GBP,,,11/7/2025
20251107,A99,Etica Obiettivo Sociale,1706,TELECOM ITALIA SPA,0.004438045799269,0.0,AZ ,Communication Services,IT0003497168,7634394,TIT IM Equity,IT ,EUR,,,11/7/2025
20251107,A99,Etica Obiettivo Sociale,480,TEXAS INSTRUMENTS INC,0.004422651758535,0.0,AZ ,Information Technology,US8825081040,2885409,TXN US Equity,US ,USD,,,11/7/2025
20251107,A99,Etica Obiettivo Sociale,100,ABBOTT LABORATORIES,0.004257492009612,0.0,AZ ,Health Care,US0028241000,2002305,ABT US Equity,US ,USD,,,11/7/2025
20251107,A99,Etica Obiettivo Sociale,164724,GBP,0.004196814428305,0.0,LQ ,CASH,,,GBP,GB ,GBP,,,11/7/2025
20251107,A99,Etica Obiettivo Sociale,18091,PROLOGIS INC,0.004125819427497,0.0,AZ ,Real Estate,US74340W1036,B44WZD7,PLD UN Equity,US ,USD,,,11/7/2025
20251107,A99,Etica Obiettivo Sociale,483128,FRANCE (GOVT OF) FRTR 0 05/25/32,0.004089307295681,0.0,OB ,SOVEREIGN,FR0014007L00,,BT2718364 Govt,FR ,EUR,,A,11/7/2025
20251107,A99,Etica Obiettivo Sociale,518947,CREDITO EMILIANO SPA CRDEM 4 7/8 03/26/30,0.004051504264688,0.0,OB ,FINANCIAL,XS2684860203,,ZI9662761 Corp,IT ,EUR,,B,11/7/2025
20251107,A99,Etica Obiettivo Sociale,4289,CRH PLC,0.004000113635254,0.0,SE ,Materials,IE0001827041,182704,CRH LN Equity,US ,USD,,,11/7/2025
20251107,A99,Etica Obiettivo Sociale,335736,VONOVIA SE ANNGR 4 3/4 05/23/27,0.003914909711904,0.0,OB ,INDUSTRIAL,DE000A30VQA4,,ZN4077030 Corp,DE ,EUR,,B,11/7/2025
20251107,A99,Etica Obiettivo Sociale,2839,ASML HOLDING NV,0.003846166918171,0.0,AZ ,Information Technology,NL0010273215,B929F46,ASML NA Equity,NL ,EUR,,,11/7/2025
20251107,A99,Etica Obiettivo Sociale,512653,CAIXABANK SA CABKSM 4 5/8 05/16/27,0.003835153323696,0.0,OB ,FINANCIAL,XS2623501181,,ZK5586472 Corp,ES ,EUR,,B,11/7/2025
20251107,A99,Etica Obiettivo Sociale,489310,FRANCE (GOVT OF) FRTR 1 1/4 05/25/38,0.00376518408914,0.0,OB ,SOVEREIGN,FR0014009O62,,BV6882823 Govt,FR ,EUR,,A,11/7/2025
20251107,A99,Etica Obiettivo Sociale,756,QUALCOMM INC,0.003715571446296,0.0,AZ ,Information Technology,US7475251036,2714923,QCOM US Equity,US ,USD,,,11/7/2025
20251107,A99,Etica Obiettivo Sociale,214,DANAHER CORP,0.003714079625108,0.0,AZ ,Health Care,US2358511028,2250870,DHR US Equity,US ,USD,,,11/7/2025
20251107,A99,Etica Obiettivo Sociale,451544,EDP SA EDPPL 1 7/8 08/02/2081,0.003698039639903,0.0,OB ,UTILITY,PTEDPROM0029,,BN7191719 Corp,PT ,EUR,,C,11/7/2025
20251107,A99,Etica Obiettivo Sociale,222389,MONCLER SPA,0.003622132442341,0.0,AZ ,Consumer Discretionary,IT0004965148,BGLP232,MONC IM Equity,IT ,EUR,,,11/7/2025
20251107,A99,Etica Obiettivo Sociale,3218,ROCKWELL AUTOMATION INC,0.003573222284213,0.0,AZ ,Industrials,US7739031091,2754060,ROK US Equity,US ,USD,,,11/7/2025
20251107,A99,Etica Obiettivo Sociale,2703,LONZA GROUP AG-REG,0.003500837160427,0.0,AZ ,Health Care,CH0013841017,7333378,LONN SW Equity,CH ,CHF,,,11/7/2025
20251107,A99,Etica Obiettivo Sociale,23359,AISIN CORP,0.003478401075389,0.0,AZ ,Consumer Discretionary,JP3102000001,6010702,7259 JP Equity,JP ,JPY,,,11/7/2025
20251107,A99,Etica Obiettivo Sociale,4264,AUTODESK INC,0.003462614098505,0.0,AZ ,Information Technology,US0527691069,2065159,ADSK US Equity,US ,USD,,,11/7/2025
20251107,A99,Etica Obiettivo Sociale,363,MERCK & CO. INC.,0.003421700982835,0.0,AZ ,Health Care,US58933Y1055,2778844,MRK US Equity,US ,USD,,,11/7/2025
20251107,A99,Etica Obiettivo Sociale,331171,BELGIUM KINGDOM BGB 1 1/4 04/22/33,0.003338021295432,0.0,OB ,SOVEREIGN,BE0000346552,,AQ3876663 Govt,BE ,EUR,,A,11/7/2025
20251107,A99,Etica Obiettivo Sociale,559,STRYKER CORP,0.00331103563828,0.0,AZ ,Health Care,US8636671013,2853688,SYK UN Equity,US ,USD,,,11/7/2025
20251107,A99,Etica Obiettivo Sociale,504096,NEDER WATERSCHAPSBANK NEDWBK 2 3/4 12/17/29,0.003204812229047,0.0,OB ,Quasi & Foreign Government,XS2579321337,,ZM4811604 Govt,NL ,EUR,,A,11/7/2025
20251107,A99,Etica Obiettivo Sociale,23406,IBIDEN CO LTD,0.003106361062214,0.0,AZ ,Information Technology,JP3148800000,6456102,4062 JP Equity,JP ,JPY,,,11/7/2025
20251107,A99,Etica Obiettivo Sociale,1288,KURITA WATER INDUSTRIES LTD,0.003078066071538,0.0,AZ ,Industrials,JP3270000007,6497963,6370 JP Equity,JP ,JPY,,,11/7/2025
20251107,A99,Etica Obiettivo Sociale,360,MEDTRONIC PLC,0.003013883242437,0.0,AZ ,Health Care,IE00BTN1Y115,BTN1Y11,MDT US Equity,US ,USD,,,11/7/2025
20251107,A99,Etica Obiettivo Sociale,236196,IMCD NV,0.002902893502861,0.0,AZ ,Industrials,NL0010801007,BNCBD46,IMCD NA Equity,NL ,EUR,,,11/7/2025
20251107,A99,Etica Obiettivo Sociale,61108,MERCADOLIBRE INC,0.002840028915157,0.0,AZ ,Consumer Discretionary,US58733R1023,B23X1H3,MELI US Equity,US ,USD,,,11/7/2025
20251107,A99,Etica Obiettivo Sociale,541,CINTAS CORP,0.002797328410143,0.0,AZ ,Industrials,US1729081059,2197137,CTAS US Equity,US ,USD,,,11/7/2025
20251107,A99,Etica Obiettivo Sociale,2985,CANADIAN NATL RAILWAY CO,0.002759660605602,0.0,AZ ,Industrials,CA1363751027,2180632,CNR CN Equity,CA ,CAD,,,11/7/2025
20251107,A99,Etica Obiettivo Sociale,503621,A2A SPA AEMSPA 4 3/8 02/03/34,0.002698051161865,0.0,OB ,UTILITY,XS2583205906,,ZM7159977 Corp,IT ,EUR,,B,11/7/2025
20251107,A99,Etica Obiettivo Sociale,3065,ELEVANCE HEALTH INC,0.002686959128625,0.0,AZ ,Health Care,US0367521038,BSPHGL4,ELV US Equity,US ,USD,,,11/7/2025
20251107,A99,Etica Obiettivo Sociale,462761,BUNDESREPUB. DEUTSCHLAND DBR 0 08/15/50,0.002677375495113,0.0,OB ,SOVEREIGN,DE0001030724,,BP4742659 Govt,DE ,EUR,,A,11/7/2025
20251107,A99,Etica Obiettivo Sociale,164959,JPY,0.002655278280388,0.0,LQ ,CASH,,,JPY,JP ,JPY,,,11/7/2025
20251107,A99,Etica Obiettivo Sociale,212828,PRYSMIAN SPA PRYIM 3 7/8 11/28/31,0.002636484154242,0.0,OB ,INDUSTRIAL,XS2948434266,,YT3439742 Corp,IT ,EUR,,B,11/7/2025
20251107,A99,Etica Obiettivo Sociale,509918,NATWEST GROUP PLC NWG 4.699 03/14/28,0.002621364278026,0.0,OB ,FINANCIAL,XS2596599063,,ZL4435141 Corp,GB ,EUR,,A,11/7/2025
20251107,A99,Etica Obiettivo Sociale,809,WASTE MANAGEMENT INC,0.002603062930433,0.0,AZ ,Industrials,US94106L1098,2937667,WM US Equity,US ,USD,,,11/7/2025
20251107,A99,Etica Obiettivo Sociale,166783,XYLEM INC,0.002595976099327,0.0,AZ ,Industrials,US98419M1009,B3P2CN8,XYL US Equity,US ,USD,,,11/7/2025
20251107,A99,Etica Obiettivo Sociale,212462,ORSTED A/S ORSTED 3 3/4 03/01/30,0.002584860806642,0.0,OB ,UTILITY,XS2591029876,,ZL2347488 Corp,DK ,EUR,,B,11/7/2025
20251107,A99,Etica Obiettivo Sociale,2706,TRANE TECHNOLOGIES PLC,0.002554526902946,0.0,AZ ,Industrials,IE00BK9ZQ967,BK9ZQ96,TT US Equity,US ,USD,,,11/7/2025
20251107,A99,Etica Obiettivo Sociale,237721,INSTITUT CREDITO OFICIAL ICO 2.65 01/31/28,0.002549652688371,0.0,OB ,Quasi & Foreign Government,XS2538778478,,BZ1970970 Govt,ES ,EUR,,A,11/7/2025
20251107,A99,Etica Obiettivo Sociale,3837,AGILENT TECHNOLOGIES INC,0.002489335628456,0.0,AZ ,Health Care,US00846U1016,2520153,A US Equity,US ,USD,,,11/7/2025
20251107,A99,Etica Obiettivo Sociale,1619,LOREAL SA,0.002389972889347,0.0,AZ ,Consumer Staples,FR0000120321,4057808,OR FP Equity,FR ,EUR,,,11/7/2025
20251107,A99,Etica Obiettivo Sociale,489810,COUNCIL OF EUROPE COE 1 04/13/29,0.002374464283476,0.0,OB ,Quasi & Foreign Government,XS2468525451,,BV7507270 Corp,SNA,EUR,,A,11/7/2025
20251107,A99,Etica Obiettivo Sociale,2170,DSV A/S,0.00235300163094,0.0,AZ ,Industrials,DK0060079531,B1WT5G2,DSV DC Equity,DK ,DKK,,,11/7/2025
20251107,A99,Etica Obiettivo Sociale,667,GILEAD SCIENCES INC,0.002339969908482,0.0,AZ ,Health Care,US3755581036,2369174,GILD US Equity,US ,USD,,,11/7/2025
20251107,A99,Etica Obiettivo Sociale,57392,EQUINIX INC,0.002336287121842,0.0,AZ ,Real Estate,US29444U7000,BVLZX12,EQIX US Equity,US ,USD,,,11/7/2025
20251107,A99,Etica Obiettivo Sociale,397638,PROSUS NV,0.002333133240126,0.0,AZ ,Consumer Discretionary,NL0013654783,BJDS7L3,PRX NA Equity,NL ,EUR,,,11/7/2025
20251107,A99,Etica Obiettivo Sociale,125,ANALOG DEVICES INC,0.002290915368588,0.0,AZ ,Information Technology,US0326541051,2032067,ADI US Equity,US ,USD,,,11/7/2025
20251107,A99,Etica Obiettivo Sociale,1826,BEIERSDORF AG,0.002281976442342,0.0,AZ ,Consumer Staples,DE0005200000,5107401,BEI GR Equity,DE ,EUR,,,11/7/2025
20251107,A99,Etica Obiettivo Sociale,68606,EDP RENOVAVEIS SA,0.002249245702366,0.0,AZ ,Utilities,ES0127797019,B39GNW2,EDPR PL Equity,PT ,EUR,,,11/7/2025
20251107,A99,Etica Obiettivo Sociale,1735,SUN HUNG KAI PROPERTIES,0.002242256239253,0.0,AZ ,Real Estate,HK0016000132,6859927,16 HK Equity,HK ,HKD,,,11/7/2025
20251107,A99,Etica Obiettivo Sociale,531,ADOBE INC,0.002226274897542,0.0,AZ ,Information Technology,US00724F1012,2008154,ADBE US Equity,US ,USD,,,11/7/2025
20251107,A99,Etica Obiettivo Sociale,480661,BONOS Y OBLIG DEL ESTADO SPGB 0.7 04/30/32,0.002186914844684,0.0,OB ,SOVEREIGN,ES0000012K20,,BT4353020 Govt,ES ,EUR,,A,11/7/2025
20251107,A99,Etica Obiettivo Sociale,350,PANASONIC HOLDINGS CORP,0.002173288892903,0.0,AZ ,Consumer Discretionary,JP3866800000,6572707,6752 JP Equity,JP ,JPY,,,11/7/2025
20251107,A99,Etica Obiettivo Sociale,2986,NATIONAL GRID PLC,0.002086412392787,0.0,AZ ,Utilities,GB00BDR05C01,BDR05C0,NG/ LN Equity,GB ,GBP,,,11/7/2025
20251107,A99,Etica Obiettivo Sociale,335600,BONOS Y OBLIG DEL ESTADO SPGB 1.9 10/31/52,0.002055721679314,0.0,OB ,SOVEREIGN,ES0000012K46,,BU3617661 Govt,ES ,EUR,,A,11/7/2025
20251107,A99,Etica Obiettivo Sociale,1499,TAKEDA PHARMACEUTICAL CO LTD,0.002042013082272,0.0,AZ ,Health Care,JP3463000004,6870445,4502 JP Equity,JP ,JPY,,,11/7/2025
20251107,A99,Etica Obiettivo Sociale,3371,ERG SPA,0.002041959016436,0.0,AZ ,Utilities,IT0001157020,5337093,ERG IM Equity,IT ,EUR,,,11/7/2025
20251107,A99,Etica Obiettivo Sociale,1658,ATLAS COPCO AB-A SHS,0.002031757028114,0.0,AZ ,Industrials,SE0017486889,BLDBN41,ATCOA SS Equity,SE ,SEK,,,11/7/2025
20251107,A99,Etica Obiettivo Sociale,2088,SAP SE,0.001969007252988,0.0,AZ ,Information Technology,DE0007164600,4846288,SAP GY Equity,DE ,EUR,,,11/7/2025
20251107,A99,Etica Obiettivo Sociale,238730,NUTRIEN LTD,0.001935326463674,0.0,SE ,Materials,CA67077M1086,BDH3SB9,NTR US Equity,CA ,CAD,,,11/7/2025
20251107,A99,Etica Obiettivo Sociale,2955,VOESTALPINE AG,0.001931740426425,0.0,AZ ,Materials,AT0000937503,4943402,VOE AV Equity,AT ,EUR,,,11/7/2025
20251107,A99,Etica Obiettivo Sociale,2566,UNITED PARCEL SERVICE-CL B,0.001908751434696,0.0,AZ ,Industrials,US9113121068,2517382,UPS US Equity,US ,USD,,,11/7/2025
20251107,A99,Etica Obiettivo Sociale,348394,KNORR-BREMSE AG,0.001850033956482,0.0,AZ ,Industrials,DE000KBX1006,BD2P9X9,KBX GR Equity,DE ,EUR,,,11/7/2025
20251107,A99,Etica Obiettivo Sociale,276440,DELL TECHNOLOGIES -C,0.00184414659514,0.0,AZ ,Information Technology,US24703L2025,BHKD3S6,DELL US Equity,US ,USD,,,11/7/2025
20251107,A99,Etica Obiettivo Sociale,31958,FASTENAL CO,0.001812603447764,0.0,AZ ,Industrials,US3119001044,2332262,FAST US Equity,US ,USD,,,11/7/2025
20251107,A99,Etica Obiettivo Sociale,1545,TOTO LTD,0.001804403998649,0.0,AZ ,Industrials,JP3596200000,6897466,5332 JP Equity,JP ,JPY,,,11/7/2025
20251107,A99,Etica Obiettivo Sociale,237,EMERSON ELECTRIC CO,0.001800825137187,0.0,AZ ,Industrials,US2910111044,2313405,EMR US Equity,US ,USD,,,11/7/2025
20251107,A99,Etica Obiettivo Sociale,3033,STMICROELECTRONICS NV,0.001793689807663,0.0,SE ,Information Technology,NL0000226223,5962343,STMMI IM Equity,FR ,EUR,,,11/7/2025
20251107,A99,Etica Obiettivo Sociale,3760,ABB LTD,0.001774553347032,0.0,AZ ,Industrials,CH0012221716,7108899,ABBN SW Equity,CH ,CHF,,,11/7/2025
20251107,A99,Etica Obiettivo Sociale,292486,FRANCE (GOVT OF) FRTR 1 3/4 06/25/39,0.001770890850545,0.0,OB ,SOVEREIGN,FR0013234333,,AL9974240 Govt,FR ,EUR,,A,11/7/2025
20251107,A99,Etica Obiettivo Sociale,233530,ZALANDO SE,0.001702654692056,0.0,AZ ,Consumer Discretionary,DE000ZAL1111,BQV0SV7,ZAL GR Equity,DE ,EUR,,,11/7/2025
20251107,A99,Etica Obiettivo Sociale,238421,BONOS Y OBLIG DEL ESTADO SPGB 2.9 10/31/46,0.001556358847612,0.0,OB ,SOVEREIGN,ES00000128C6,,JK3794373 Govt,ES ,EUR,,A,11/7/2025
20251107,A99,Etica Obiettivo Sociale,1575,ASTELLAS PHARMA INC,0.00155326645496,0.0,AZ ,Health Care,JP3942400007,6985383,4503 JP Equity,JP ,JPY,,,11/7/2025
20251107,A99,Etica Obiettivo Sociale,236299,VONOVIA SE,0.001543035763494,0.0,AZ ,Real Estate,DE000A1ML7J1,BBJPFY1,VNA GR Equity,DE ,EUR,,,11/7/2025
20251107,A99,Etica Obiettivo Sociale,3013,NOVARTIS AG,0.001476517834616,0.0,AZ ,Health Care,CH0012005267,7103065,NOVN SW Equity,CH ,CHF,,,11/7/2025
20251107,A99,Etica Obiettivo Sociale,58909,EDWARDS LIFESCIENCES CORP,0.001468133670869,0.0,AZ ,Health Care,US28176E1082,2567116,EW US Equity,US ,USD,,,11/7/2025
20251107,A99,Etica Obiettivo Sociale,3011,DEUTSCHE TELEKOM AG,0.001443704078217,0.0,AZ ,Communication Services,DE0005557508,5842359,DTE GR Equity,DE ,EUR,,,11/7/2025
20251107,A99,Etica Obiettivo Sociale,1361,NIDEC CORP,0.001424530996333,0.0,AZ ,Industrials,JP3734800000,6640682,6594 JP Equity,JP ,JPY,,,11/7/2025
20251107,A99,Etica Obiettivo Sociale,1340,NEC CORP,0.001377542340516,0.0,AZ ,Information Technology,JP3733000008,6640400,6701 JP Equity,JP ,JPY,,,11/7/2025
20251107,A99,Etica Obiettivo Sociale,1526,TOKYO ELECTRON LTD,0.001373438780624,0.0,AZ ,Information Technology,JP3571400005,6895675,8035 JP Equity,JP ,JPY,,,11/7/2025
20251107,A99,Etica Obiettivo Sociale,232,ECOLAB INC,0.001314194624454,0.0,AZ ,Materials,US2788651006,2304227,ECL US Equity,US ,USD,,,11/7/2025
20251107,A99,Etica Obiettivo Sociale,536433,EDP SA EDPPL 4 3/4 05/29/54,0.001307727880243,0.0,OB ,UTILITY,PTEDPZOM0011,,YX2446822 Corp,PT ,EUR,,C,11/7/2025
20251107,A99,Etica Obiettivo Sociale,49977,TE CONNECTIVITY PLC,0.001290493497813,0.0,AZ ,Information Technology,IE000IVNQZ81,BRC3N84,TEL US Equity,US ,USD,,,11/7/2025
20251107,A99,Etica Obiettivo Sociale,148,BECTON DICKINSON AND CO,0.001277487756649,0.0,AZ ,Health Care,US0758871091,2087807,BDX US Equity,US ,USD,,,11/7/2025
20251107,A99,Etica Obiettivo Sociale,4266,MCCORMICK & CO-NON VTG SHRS,0.001230585581427,0.0,AZ ,Consumer Staples,US5797802064,2550161,MKC UN Equity,US ,USD,,,11/7/2025
20251107,A99,Etica Obiettivo Sociale,164955,CHF,0.001220647241385,0.0,LQ ,CASH,,,CHF,CH ,CHF,,,11/7/2025
20251107,A99,Etica Obiettivo Sociale,4223,COLGATE-PALMOLIVE CO,0.001208135392258,0.0,AZ ,Consumer Staples,US1941621039,2209106,CL US Equity,US ,USD,,,11/7/2025
20251107,A99,Etica Obiettivo Sociale,1040,TATE & LYLE PLC,0.001194246039639,0.0,AZ ,Consumer Staples,GB00BP92CJ43,BP92CJ4,TATE LN Equity,GB ,GBP,,,11/7/2025
20251107,A99,Etica Obiettivo Sociale,344928,IRELAND GOVERNMENT BOND IRISH 1.35 03/18/31,0.001182550745484,0.0,OB ,SOVEREIGN,IE00BFZRQ242,,AU9204705 Govt,IE ,EUR,,A,11/7/2025
20251107,A99,Etica Obiettivo Sociale,944,CRODA INTERNATIONAL PLC,0.001143306866128,0.0,AZ ,Materials,GB00BJFFLV09,BJFFLV0,CRDA LN Equity,GB ,GBP,,,11/7/2025
20251107,A99,Etica Obiettivo Sociale,23481,CBRE GROUP INC,0.001122647159314,0.0,AZ ,Real Estate,US12504L1098,B6WVMH3,CBRE US Equity,US ,USD,,,11/7/2025
20251107,A99,Etica Obiettivo Sociale,100272,AMERICAN WATER WORKS CO INC,0.001100710904895,0.0,AZ ,Utilities,US0304201033,B2R3PV1,AWK US Equity,US ,USD,,,11/7/2025
20251107,A99,Etica Obiettivo Sociale,1001,PERSIMMON PLC,0.001039639768837,0.0,AZ ,Consumer Discretionary,GB0006825383,682538,PSN LN Equity,GB ,GBP,,,11/7/2025
20251107,A99,Etica Obiettivo Sociale,253654,FERRARI NV,0.001002783694169,0.0,AZ ,Consumer Discretionary,NL0011585146,BZ1GMK5,RACE US Equity,IT ,EUR,,,11/7/2025
20251107,A99,Etica Obiettivo Sociale,88166,REXEL SA,0.000994218403683,0.0,AZ ,Industrials,FR0010451203,B1VP0K0,RXL FP Equity,FR ,EUR,,,11/7/2025
20251107,A99,Etica Obiettivo Sociale,2658,ASSA ABLOY AB-B,0.000992134332699,0.0,AZ ,Industrials,SE0007100581,BYPC1T4,ASSAB SS Equity,SE ,SEK,,,11/7/2025
20251107,A99,Etica Obiettivo Sociale,392,NOVO NORDISK A/S-B,0.000918694492075,0.0,AZ ,Health Care,DK0062498333,BP6KMJ1,NOVOB DC Equity,DK ,DKK,,,11/7/2025
20251107,A99,Etica Obiettivo Sociale,5441,REPUBLIC OF AUSTRIA RAGB 1.85 05/23/49,0.000913335417055,0.0,OB ,SOVEREIGN,AT0000A2Y8G4,,BW7906546 Govt,AT ,EUR,,A,11/7/2025
20251107,A99,Etica Obiettivo Sociale,32136,BOLIDEN AB,0.000896744999568,0.0,AZ ,Materials,SE0020050417,BPYTZ57,BOL SS Equity,SE ,SEK,,,11/7/2025
20251107,A99,Etica Obiettivo Sociale,3119,INTERPUMP GROUP SPA,0.000887372061983,0.0,AZ ,Industrials,IT0001078911,5161407,IP IM Equity,IT ,EUR,,,11/7/2025
20251107,A99,Etica Obiettivo Sociale,164726,SEK,0.000880108063192,0.0,LQ ,CASH,,,SEK,SE ,SEK,,,11/7/2025
20251107,A99,Etica Obiettivo Sociale,343334,GODADDY INC - CLASS A,0.00084115665898,0.0,AZ ,Information Technology,US3802371076,BWFRFC6,GDDY US Equity,US ,USD,,,11/7/2025
20251107,A99,Etica Obiettivo Sociale,1734,NOKIA OYJ,0.000821102068888,0.0,AZ ,Information Technology,FI0009000681,5902941,NOKIA FH Equity,FI ,EUR,,,11/7/2025
20251107,A99,Etica Obiettivo Sociale,152,BEST BUY CO INC,0.000805931962169,0.0,AZ ,Consumer Discretionary,US0865161014,2094670,BBY US Equity,US ,USD,,,11/7/2025
20251107,A99,Etica Obiettivo Sociale,1733,ROCHE HOLDING AG-GENUSSCHEIN,0.00077705362957,0.0,AZ ,Health Care,CH0012032048,7110388,ROG SW Equity,CH ,CHF,,,11/7/2025
20251107,A99,Etica Obiettivo Sociale,336777,ULTA BEAUTY INC,0.000774889387735,0.0,AZ ,Consumer Discretionary,US90384S3031,B28TS42,ULTA UW Equity,US ,USD,,,11/7/2025
20251107,A99,Etica Obiettivo Sociale,24041,TERNA-RETE ELETTRICA NAZIONA,0.000686729164228,0.0,AZ ,Utilities,IT0003242622,B01BN57,TRN IM Equity,IT ,EUR,,,11/7/2025
20251107,A99,Etica Obiettivo Sociale,211813,NXP SEMICONDUCTORS NV,0.000673487364445,0.0,AZ ,Information Technology,NL0009538784,B505PN7,NXPI US Equity,US ,USD,,,11/7/2025
20251107,A99,Etica Obiettivo Sociale,2831,BREMBO N.V.,0.000665470402994,0.0,AZ ,Consumer Discretionary,NL0015001KT6,BSMM753,BRE IM Equity,IT ,EUR,,,11/7/2025
20251107,A99,Etica Obiettivo Sociale,3466,COGNIZANT TECH SOLUTIONS-A,0.000649452192589,0.0,AZ ,Information Technology,US1924461023,2257019,CTSH US Equity,US ,USD,,,11/7/2025
20251107,A99,Etica Obiettivo Sociale,3385,YUM! BRANDS INC,0.000642390229293,0.0,AZ ,Consumer Discretionary,US9884981013,2098876,YUM UN Equity,US ,USD,,,11/7/2025
20251107,A99,Etica Obiettivo Sociale,235482,MERLIN PROPERTIES SOCIMI SA,0.000608275923522,0.0,AZ ,Real Estate,ES0105025003,BNGNB77,MRL SM Equity,ES ,EUR,,,11/7/2025
20251107,A99,Etica Obiettivo Sociale,387,NORSK HYDRO ASA,0.000608077228479,0.0,AZ ,Materials,NO0005052605,B11HK39,NHY NO Equity,NO ,NOK,,,11/7/2025
20251107,A99,Etica Obiettivo Sociale,164960,NOK,0.000593744709207,0.0,LQ ,CASH,,,NOK,NO ,NOK,,,11/7/2025
20251107,A99,Etica Obiettivo Sociale,67156,KEURIG DR PEPPER INC,0.000572482112639,0.0,AZ ,Consumer Staples,US49271V1008,BD3W133,KDP US Equity,US ,USD,,,11/7/2025
20251107,A99,Etica Obiettivo Sociale,1010,RELX PLC,0.000539246593226,0.0,AZ ,Industrials,GB00B2B0DG97,B2B0DG9,REL LN Equity,GB ,GBP,,,11/7/2025
20251107,A99,Etica Obiettivo Sociale,1714,SKF AB-B SHARES,0.000495599503048,0.0,AZ ,Industrials,SE0000108227,B1Q3J35,SKFB SS Equity,SE ,SEK,,,11/7/2025
20251107,A99,Etica Obiettivo Sociale,44974,LEGRAND SA,0.000445003282625,0.0,AZ ,Industrials,FR0010307819,B11ZRK9,LR FP Equity,FR ,EUR,,,11/7/2025
20251107,A99,Etica Obiettivo Sociale,677,BIOGEN INC,0.00043885425253,0.0,AZ ,Health Care,US09062X1037,2455965,BIIB US Equity,US ,USD,,,11/7/2025
20251107,A99,Etica Obiettivo Sociale,1122,AJINOMOTO CO INC,0.000404550283309,0.0,AZ ,Consumer Staples,JP3119600009,6010906,2802 JP Equity,JP ,JPY,,,11/7/2025
20251107,A99,Etica Obiettivo Sociale,335696,BELGIUM KINGDOM BGB 2 3/4 04/22/39,0.000402633482374,0.0,OB ,SOVEREIGN,BE0000356650,,BZ0281957 Govt,BE ,EUR,,A,11/7/2025
20251107,A99,Etica Obiettivo Sociale,50261,DIASORIN SPA,0.000397108498231,0.0,AZ ,Health Care,IT0003492391,B234WN9,DIA IM Equity,IT ,EUR,,,11/7/2025
20251107,A99,Etica Obiettivo Sociale,1970,K+S AG-REG,0.000387361058843,0.0,AZ ,Materials,DE000KSAG888,B54C017,SDF GR Equity,DE ,EUR,,,11/7/2025
20251107,A99,Etica Obiettivo Sociale,1024,SSE PLC,0.000324128897681,0.0,AZ ,Utilities,GB0007908733,790873,SSE LN Equity,GB ,GBP,,,11/7/2025
20251107,A99,Etica Obiettivo Sociale,247914,INFRASTRUTTURE WIRELESS ITAL,0.000255209059984,0.0,AZ ,Communication Services,IT0005090300,BZ0P4R4,INW IM Equity,IT ,EUR,,,11/7/2025
20251107,A99,Etica Obiettivo Sociale,3245,EDP SA,0.000231381614764,0.0,AZ ,Utilities,PTEDP0AM0009,4103596,EDP PL Equity,PT ,EUR,,,11/7/2025
20251107,A99,Etica Obiettivo Sociale,63,HERA SPA,0.000228968447383,0.0,AZ ,Utilities,IT0001250932,7598003,HER IM Equity,IT ,EUR,,,11/7/2025
20251107,A99,Etica Obiettivo Sociale,46079,SYMRISE AG,0.00019326519987,0.0,AZ ,Materials,DE000SYM9999,B1JB4K8,SY1 GY Equity,DE ,EUR,,,11/7/2025
20251107,A99,Etica Obiettivo Sociale,335227,NEXI SPA,0.000167433730798,0.0,AZ ,Financials,IT0005366767,BJ1F880,NEXI IM Equity,IT ,EUR,,,11/7/2025
20251107,A99,Etica Obiettivo Sociale,164725,HKD,0.000129460955347,0.0,LQ ,CASH,,,HKD,HK ,HKD,,,11/7/2025
20251107,A99,Etica Obiettivo Sociale,164954,CAD,0.000071334118562,0.0,LQ ,CASH,,,CAD,CA ,CAD,,,11/7/2025
20251107,A99,Etica Obiettivo Sociale,568369,FRENCH DISCOUNT T-BILL BTF 0 01/14/26,0.0,0.004925964,OB ,SOVEREIGN,FR0128983980,,YN8205323 Govt,FR ,EUR,,A,11/7/2025
20251107,A99,Etica Obiettivo Sociale,227088,ALPHABET INC-CL A,0.0,0.006020982768052,AZ ,Communication Services,US02079K3059,BYVY8G0,GOOGL US Equity,US ,USD,,,11/7/2025
20251107,A99,Etica Obiettivo Sociale,553272,GERMAN TREASURY BILL BUBILL 0 01/14/26,0.0,0.004961578,OB ,SOVEREIGN,DE000BU0E246,,YS4477537 Govt,DE ,EUR,,A,11/7/2025
20251107,A99,Etica Obiettivo Sociale,28663,ALPHABET INC-CL C,0.0,0.005122672856124,AZ ,Communication Services,US02079K1079,BYY88Y7,GOOG US Equity,US ,USD,,,11/7/2025
20251107,A99,Etica Obiettivo Sociale,51421,FRENCH DISCOUNT T-BILL BTF 0 12/31/25,0.0,0.00682041,OB ,SOVEREIGN,FR0128690742,,YS3714856 Govt,FR ,EUR,,A,11/7/2025
20251107,A99,Etica Obiettivo Sociale,50594,BROADCOM INC,0.0,0.005778266800108,AZ ,Information Technology,US11135F1012,BDZ78H9,AVGO US Equity,US ,USD,,,11/7/2025
20251107,A99,Etica Obiettivo Sociale,3255,AMAZON.COM INC,0.0,0.008641905782292,AZ ,Consumer Discretionary,US0231351067,2000019,AMZN US Equity,US ,USD,,,11/7/2025
20251107,A99,Etica Obiettivo Sociale,553,MICROSOFT CORP,0.0,0.009741848406192,AZ ,Information Technology,US5949181045,2588173,MSFT US Equity,US ,USD,,,11/7/2025
20251107,A99,Etica Obiettivo Sociale,534,APPLE INC,0.0,0.014930059551724,AZ ,Information Technology,US0378331005,2046251,AAPL US Equity,US ,USD,,,11/7/2025
20251107,A99,Etica Obiettivo Sociale,164730,DEBITI COMMISSIONE DEPOSITARIA,-0.000024208751648,0.0,CD ,CASH,,,DEBITI COMMISSIONE DEPOSITARIA,5A ,EUR,,,11/7/2025
20251107,A99,Etica Obiettivo Sociale,164736,DEBITI COMPENSO REVISIONE,-0.000030599531502,0.0,CD ,CASH,,,DEBITI COMPENSO REVISIONE,5A ,EUR,,,11/7/2025
20251107,A99,Etica Obiettivo Sociale,164733,DEBITI COMMISSIONE GESTIONE,-0.000151594791325,0.0,CD ,CASH,,,DEBITI COMMISSIONE GESTIONE,5A ,EUR,,,11/7/2025
20251107,A99,Etica Obiettivo Sociale,179420,DEBITI COMMISSIONE AMMINISTRAZIONE,-0.000249671332634,0.0,CD ,CASH,,,DEBITI COMMISSIONE AMMINISTRAZIONE,5A ,EUR,,,11/7/2025
20251107,A99,Etica Obiettivo Sociale,172066,ALLINEAMENTO NAV,-0.000951841303926,0.0,OT ,CASH,,,ALLINEAMENTO NAV,5A ,EUR,,,11/7/2025
20251107,LPC,Etica Conservative Allocation,510744,BUNDESREPUB. DEUTSCHLAND DBR 2.3 02/15/33,0.110840047405987,0.0,OB ,SOVEREIGN,DE000BU3Z005,,ZK3512736 Govt,DE ,EUR,0.673079,A,11/7/2025
20251107,LPC,Etica Conservative Allocation,571126,AUSTRIAN T-BILL RATB 0 11/27/25,0.083025621910668,0.0,OB ,SOVEREIGN,AT0000A3MUA7,,YL5192205 Govt,AT ,EUR,0.673079,A,11/7/2025
20251107,LPC,Etica Conservative Allocation,441759,BUONI POLIENNALI DEL TES BTPS 0.9 04/01/31,0.041582249085807,0.0,OB ,SOVEREIGN,IT0005422891,,ZO6504153 Govt,IT ,EUR,0.673079,B,11/7/2025
20251107,LPC,Etica Conservative Allocation,489310,FRANCE (GOVT OF) FRTR 1 1/4 05/25/38,0.039841563218953,0.0,OB ,SOVEREIGN,FR0014009O62,,BV6882823 Govt,FR ,EUR,0.673079,A,11/7/2025
20251107,LPC,Etica Conservative Allocation,51091,BONOS Y OBLIG DEL ESTADO SPGB 0.8 07/30/27,0.036701624155595,0.0,OB ,SOVEREIGN,ES0000012G26,,BH2918028 Govt,ES ,EUR,0.673079,A,11/7/2025
20251107,LPC,Etica Conservative Allocation,574251,AUSTRIAN T-BILL RATB 0 03/26/26,0.033005505742601,0.0,OB ,SOVEREIGN,AT0000A3MUC3,,YK2495496 Govt,AT ,EUR,0.673079,A,11/7/2025
20251107,LPC,Etica Conservative Allocation,5546,BUONI POLIENNALI DEL TES BTPS 2.95 02/15/27,0.031693736563635,0.0,OB ,SOVEREIGN,IT0005580045,,ZF2286036 Govt,IT ,EUR,0.673079,B,11/7/2025
20251107,LPC,Etica Conservative Allocation,406188,BONOS Y OBLIG DEL ESTADO SPGB 1 07/30/42,0.031394003665199,0.0,OB ,SOVEREIGN,ES0000012J07,,BR3246377 Govt,ES ,EUR,0.673079,A,11/7/2025
20251107,LPC,Etica Conservative Allocation,454914,BUONI POLIENNALI DEL TES BTPS 1 1/2 04/30/45,0.02768268823466,0.0,OB ,SOVEREIGN,IT0005438004,,BO3833387 Govt,IT ,EUR,0.673079,B,11/7/2025
20251107,LPC,Etica Conservative Allocation,335696,BELGIUM KINGDOM BGB 2 3/4 04/22/39,0.027244697292844,0.0,OB ,SOVEREIGN,BE0000356650,,BZ0281957 Govt,BE ,EUR,0.673079,A,11/7/2025
20251107,LPC,Etica Conservative Allocation,212626,BUONI POLIENNALI DEL TES BTPS 3.85 07/01/34,0.026399283941195,0.0,OB ,SOVEREIGN,IT0005584856,,ZD2941395 Govt,IT ,EUR,0.673079,B,11/7/2025
20251107,LPC,Etica Conservative Allocation,237742,BUONI POLIENNALI DEL TES BTPS 3.85 12/15/29,0.022153683950994,0.0,OB ,SOVEREIGN,IT0005519787,,ZN2613331 Govt,IT ,EUR,0.673079,B,11/7/2025
20251107,LPC,Etica Conservative Allocation,5650,BUONI POLIENNALI DEL TES BTPS 3.6 10/01/35,0.021192218532065,0.0,OB ,SOVEREIGN,IT0005648149,,YP9041896 Govt,IT ,EUR,0.673079,B,11/7/2025
20251107,LPC,Etica Conservative Allocation,128380,BONOS Y OBLIG DEL ESTADO SPGB 0 01/31/28,0.019839881318181,0.0,OB ,SOVEREIGN,ES0000012I08,,BO5684341 Govt,ES ,EUR,0.673079,A,11/7/2025
20251107,LPC,Etica Conservative Allocation,36611,FRANCE (GOVT OF) FRTR 3.15 07/25/32,0.018859670778207,0.0,OB ,SOVEREIGN,FR0000188799,,EC7356149 Govt,FR ,EUR,0.673079,A,11/7/2025
20251107,LPC,Etica Conservative Allocation,239153,BUNDESREPUB. DEUTSCHLAND DBR 0 08/15/31,0.018237833648655,0.0,OB ,SOVEREIGN,DE0001030732,,BR2433760 Govt,DE ,EUR,0.673079,A,11/7/2025
20251107,LPC,Etica Conservative Allocation,414309,BUONI POLIENNALI DEL TES BTPS 1.45 03/01/36,0.017280670409088,0.0,OB ,SOVEREIGN,IT0005402117,,BG0130297 Govt,IT ,EUR,0.673079,B,11/7/2025
20251107,LPC,Etica Conservative Allocation,128460,BUONI POLIENNALI DEL TES BTPS 3 1/2 01/15/26,0.016842232422849,0.0,OB ,SOVEREIGN,IT0005514473,,BZ6502398 Govt,IT ,EUR,0.673079,B,11/7/2025
20251107,LPC,Etica Conservative Allocation,350454,FRANCE (GOVT OF) FRTR 0 3/4 11/25/28,0.015962313141456,0.0,OB ,SOVEREIGN,FR0013341682,,AS9078385 Govt,FR ,EUR,0.673079,A,11/7/2025
20251107,LPC,Etica Conservative Allocation,164727,USD,0.015543174511634,0.0,LQ ,CASH,,,USD,US ,USD,0.673079,,11/7/2025
20251107,LPC,Etica Conservative Allocation,415726,FRANCE (GOVT OF) FRTR 0 3/4 05/25/52,0.015429629798525,0.0,OB ,SOVEREIGN,FR0013480613,,ZP7360719 Govt,FR ,EUR,0.673079,A,11/7/2025
20251107,LPC,Etica Conservative Allocation,510414,REPUBLIC OF AUSTRIA RAGB 2.9 05/23/29,0.015060796961215,0.0,OB ,SOVEREIGN,AT0000A33SH3,,ZK2454146 Govt,AT ,EUR,0.673079,A,11/7/2025
20251107,LPC,Etica Conservative Allocation,534121,TERNA RETE ELETTRICA TRNIM 4 3/4 PERP,0.013277328610772,0.0,OB ,UTILITY,XS2798269069,,ZB2049300 Corp,IT ,EUR,0.673079,B,11/7/2025
20251107,LPC,Etica Conservative Allocation,237713,BUONI POLIENNALI DEL TES BTPS 4 04/30/35,0.013222919232983,0.0,OB ,SOVEREIGN,IT0005508590,,BY8794178 Govt,IT ,EUR,0.673079,B,11/7/2025
20251107,LPC,Etica Conservative Allocation,535701,BUNDESOBLIGATION OBL 2.1 04/12/29,0.012615809641239,0.0,OB ,SOVEREIGN,DE000BU35025,,ZB6879496 Govt,DE ,EUR,0.673079,A,11/7/2025
20251107,LPC,Etica Conservative Allocation,405993,SSE PLC SSELN 3 1/8 PERP,0.012595453747679,0.0,OB ,UTILITY,XS2195190520,,BK2936866 Corp,GB ,EUR,0.673079,B,11/7/2025
20251107,LPC,Etica Conservative Allocation,510999,COUNCIL OF EUROPE COE 2 7/8 04/13/30,0.012077238274561,0.0,OB ,Quasi & Foreign Government,XS2610236528,,ZK0252484 Corp,SNA,EUR,0.673079,A,11/7/2025
20251107,LPC,Etica Conservative Allocation,294625,BONOS Y OBLIG DEL ESTADO SPGB 2.35 07/30/33,0.010058794069253,0.0,OB ,SOVEREIGN,ES00000128Q6,,AM6067459 Govt,ES ,EUR,0.673079,A,11/7/2025
20251107,LPC,Etica Conservative Allocation,164723,EUR,0.009444864972725,0.0,LQ ,CASH,,,EUR,5A ,EUR,0.673079,,11/7/2025
20251107,LPC,Etica Conservative Allocation,459171,EUROPEAN UNION EU 0.2 06/04/36,0.009195921472476,0.0,OB ,Quasi & Foreign Government,EU000A3KM903,,BO4675365 Govt,SNA,EUR,0.673079,A,11/7/2025
20251107,LPC,Etica Conservative Allocation,445633,BONOS Y OBLIG DEL ESTADO SPGB 0 01/31/26,0.00827206678159,0.0,OB ,SOVEREIGN,ES0000012G91,,ZO8777807 Govt,ES ,EUR,0.673079,A,11/7/2025
20251107,LPC,Etica Conservative Allocation,442342,BUNDESREPUB. DEUTSCHLAND DBR 0 08/15/30,0.00824437994116,0.0,OB ,SOVEREIGN,DE0001030708,,ZO2919926 Govt,DE ,EUR,0.673079,A,11/7/2025
20251107,LPC,Etica Conservative Allocation,406149,CAISSE D'AMORT DETTE SOC CADES 0 11/25/26,0.00812956098526,0.0,OB ,Quasi & Foreign Government,FR0014004016,,BP9677991 Govt,FR ,EUR,0.673079,A,11/7/2025
20251107,LPC,Etica Conservative Allocation,3458,NVIDIA CORP,0.008058538256807,0.005673041,AZ ,Information Technology,US67066G1040,2379504,NVDA US Equity,US ,USD,0.673079,,11/7/2025
20251107,LPC,Etica Conservative Allocation,406011,ERG SPA ERGIM 0 1/2 09/11/27,0.00801190687031,0.0,OB ,UTILITY,XS2229434852,,ZO3431582 Corp,IT ,EUR,0.673079,NR,11/7/2025
20251107,LPC,Etica Conservative Allocation,406148,AGENCE FRANCAISE DEVELOP AGFRNC 0.01 11/25/28,0.007699675839614,0.0,OB ,Quasi & Foreign Government,FR0014003YN1,,BP9619894 Govt,FR ,EUR,0.673079,A,11/7/2025
20251107,LPC,Etica Conservative Allocation,335524,AGENCE FRANCAISE DEVELOP AGFRNC 0 1/8 09/29/31,0.006974005580012,0.0,OB ,Quasi & Foreign Government,FR0014005NA6,,BR5562094 Govt,FR ,EUR,0.673079,A,11/7/2025
20251107,LPC,Etica Conservative Allocation,335490,LANDWIRTSCH. RENTENBANK RENTEN 0 06/30/31,0.005396441071045,0.0,OB ,Quasi & Foreign Government,XS2359292955,,BQ1979823 Corp,DE ,EUR,0.673079,A,11/7/2025
20251107,LPC,Etica Conservative Allocation,15898,BONOS Y OBLIG DEL ESTADO SPGB 5 3/4 07/30/32,0.004977164090115,0.0,OB ,SOVEREIGN,ES0000012411,,EC3301636 Govt,ES ,EUR,0.673079,A,11/7/2025
20251107,LPC,Etica Conservative Allocation,5441,REPUBLIC OF AUSTRIA RAGB 1.85 05/23/49,0.004602698742364,0.0,OB ,SOVEREIGN,AT0000A2Y8G4,,BW7906546 Govt,AT ,EUR,0.673079,A,11/7/2025
20251107,LPC,Etica Conservative Allocation,228114,FRANCE (GOVT OF) FRTR 2 1/2 05/25/30,0.004601689984133,0.005860207951432,OB ,SOVEREIGN,FR0011883966,,EK2432749 Govt,FR ,EUR,0.673079,A,11/7/2025
20251107,LPC,Etica Conservative Allocation,164724,GBP,0.004571889238479,0.0,LQ ,CASH,,,GBP,GB ,GBP,0.673079,,11/7/2025
20251107,LPC,Etica Conservative Allocation,185030,NETHERLANDS GOVERNMENT NETHER 0 1/2 01/15/40,0.004407198239489,0.0,OB ,SOVEREIGN,NL0013552060,,ZS0947771 Govt,NL ,EUR,0.673079,A,11/7/2025
20251107,LPC,Etica Conservative Allocation,237567,BONOS Y OBLIG DEL ESTADO SPGB 0.1 04/30/31,0.004361491271059,0.0,OB ,SOVEREIGN,ES0000012H41,,BN5127343 Govt,ES ,EUR,0.673079,A,11/7/2025
20251107,LPC,Etica Conservative Allocation,451544,EDP SA EDPPL 1 7/8 08/02/2081,0.004147096909309,0.0,OB ,UTILITY,PTEDPROM0029,,BN7191719 Corp,PT ,EUR,0.673079,C,11/7/2025
20251107,LPC,Etica Conservative Allocation,492162,KOMMUNEKREDIT KOMMUN 1 1/2 05/16/29,0.004064164767877,0.0,OB ,Quasi & Foreign Government,XS2489343793,,BW8977538 Govt,DK ,EUR,0.673079,A,11/7/2025
20251107,LPC,Etica Conservative Allocation,239100,FORVIA SE EOFP 2 3/8 06/15/29,0.004047322909376,0.0,OB ,INDUSTRIAL,XS2312733871,,BO6324905 Corp,FR ,EUR,0.673079,C,11/7/2025
20251107,LPC,Etica Conservative Allocation,164722,DKK,0.003819078064443,0.0,LQ ,CASH,,,DKK,DK ,DKK,0.673079,,11/7/2025
20251107,LPC,Etica Conservative Allocation,406118,CAISSE FRANCAISE DE FIN CAFFIL 0.01 04/27/29,0.003805956728992,0.0,OB ,Covered,FR00140033E4,,BP1529455 Govt,FR ,EUR,0.673079,A,11/7/2025
20251107,LPC,Etica Conservative Allocation,237579,VONOVIA SE ANNGR 0 5/8 03/24/31,0.003643595263529,0.0,OB ,INDUSTRIAL,DE000A3E5FR9,,BO6329904 Corp,DE ,EUR,0.673079,B,11/7/2025
20251107,LPC,Etica Conservative Allocation,172066,ALLINEAMENTO NAV,0.003634022862517,0.0,OT ,CASH,,,ALLINEAMENTO NAV,5A ,EUR,0.673079,,11/7/2025
20251107,LPC,Etica Conservative Allocation,481243,CAISSE D'AMORT DETTE SOC CADES 0.45 01/19/32,0.00359534230233,0.0,OB ,Quasi & Foreign Government,FR0014007RB1,,BT4620824 Govt,FR ,EUR,0.673079,A,11/7/2025
20251107,LPC,Etica Conservative Allocation,448147,EUROPEAN UNION EU 0.3 11/04/50,0.003263198683276,0.0,OB ,Quasi & Foreign Government,EU000A284469,,BM3710233 Govt,SNA,EUR,0.673079,A,11/7/2025
20251107,LPC,Etica Conservative Allocation,65876,VISA INC-CLASS A SHARES,0.002883198875722,0.0,AZ ,Financials,US92826C8394,B2PZN04,V US Equity,US ,USD,0.673079,,11/7/2025
20251107,LPC,Etica Conservative Allocation,45465,MASTERCARD INC - A,0.002833760166584,0.0,AZ ,Financials,US57636Q1040,B121557,MA US Equity,US ,USD,0.673079,,11/7/2025
20251107,LPC,Etica Conservative Allocation,239132,REPUBLIKA SLOVENIJA SLOREP 0 1/8 07/01/31,0.002553476193331,0.0,OB ,SOVEREIGN,SI0002104196,,BQ1964585 Govt,SI ,EUR,0.673079,A,11/7/2025
20251107,LPC,Etica Conservative Allocation,164953,AUD,0.002487466511346,0.0,LQ ,CASH,,,AUD,AU ,AUD,0.673079,,11/7/2025
20251107,LPC,Etica Conservative Allocation,554,ORACLE CORP,0.002448085470772,0.0,AZ ,Information Technology,US68389X1054,2661568,ORCL US Equity,US ,USD,0.673079,,11/7/2025
20251107,LPC,Etica Conservative Allocation,164726,SEK,0.00219367232385,0.0,LQ ,CASH,,,SEK,SE ,SEK,0.673079,,11/7/2025
20251107,LPC,Etica Conservative Allocation,164959,JPY,0.002100183535833,0.0,LQ ,CASH,,,JPY,JP ,JPY,0.673079,,11/7/2025
20251107,LPC,Etica Conservative Allocation,164955,CHF,0.001957459618386,0.0,LQ ,CASH,,,CHF,CH ,CHF,0.673079,,11/7/2025
20251107,LPC,Etica Conservative Allocation,300,HOME DEPOT INC,0.001492218078373,0.0,AZ ,Consumer Discretionary,US4370761029,2434209,HD US Equity,US ,USD,0.673079,,11/7/2025
20251107,LPC,Etica Conservative Allocation,201018,ABBVIE INC,0.001471344926165,0.0,AZ ,Health Care,US00287Y1091,B92SR70,ABBV US Equity,US ,USD,0.673079,,11/7/2025
20251107,LPC,Etica Conservative Allocation,577,APPLIED MATERIALS INC,0.001371133437592,0.0,AZ ,Information Technology,US0382221051,2046552,AMAT US Equity,US ,USD,0.673079,,11/7/2025
20251107,LPC,Etica Conservative Allocation,433692,REPUBLIC OF AUSTRIA RAGB 0.85 06/30/2120,0.001316568259005,0.0,OB ,SOVEREIGN,AT0000A2HLC4,,BK2273211 Govt,AT ,EUR,0.673079,A,11/7/2025
20251107,LPC,Etica Conservative Allocation,2839,ASML HOLDING NV,0.001266265790245,0.0,AZ ,Information Technology,NL0010273215,B929F46,ASML NA Equity,NL ,EUR,0.673079,,11/7/2025
20251107,LPC,Etica Conservative Allocation,427,PROCTER & GAMBLE CO/THE,0.001208385170682,0.0,AZ ,Consumer Staples,US7427181091,2704407,PG US Equity,US ,USD,0.673079,,11/7/2025
20251107,LPC,Etica Conservative Allocation,480,TEXAS INSTRUMENTS INC,0.001187378237522,0.0,AZ ,Information Technology,US8825081040,2885409,TXN US Equity,US ,USD,0.673079,,11/7/2025
20251107,LPC,Etica Conservative Allocation,1706,TELECOM ITALIA SPA,0.001177504206165,0.0,AZ ,Communication Services,IT0003497168,7634394,TIT IM Equity,IT ,EUR,0.673079,,11/7/2025
20251107,LPC,Etica Conservative Allocation,222389,MONCLER SPA,0.001170899083278,0.0,AZ ,Consumer Discretionary,IT0004965148,BGLP232,MONC IM Equity,IT ,EUR,0.673079,,11/7/2025
20251107,LPC,Etica Conservative Allocation,221482,SERVICENOW INC,0.001144867055055,0.0,AZ ,Information Technology,US81762P1021,B80NXX8,NOW US Equity,US ,USD,0.673079,,11/7/2025
20251107,LPC,Etica Conservative Allocation,237571,OBRIGACOES DO TESOURO PGB 1 04/12/52,0.001136153428039,0.0,OB ,SOVEREIGN,PTOTECOE0037,,BN8909473 Govt,PT ,EUR,0.673079,A,11/7/2025
20251107,LPC,Etica Conservative Allocation,705,LAM RESEARCH CORP,0.001127015607384,0.0,AZ ,Information Technology,US5128073062,BSML4N7,LRCX US Equity,US ,USD,0.673079,,11/7/2025
20251107,LPC,Etica Conservative Allocation,214,DANAHER CORP,0.001115497150541,0.0,AZ ,Health Care,US2358511028,2250870,DHR US Equity,US ,USD,0.673079,,11/7/2025
20251107,LPC,Etica Conservative Allocation,4289,CRH PLC,0.001113063334345,0.0,SE ,Materials,IE0001827041,182704,CRH LN Equity,US ,USD,0.673079,,11/7/2025
20251107,LPC,Etica Conservative Allocation,756,QUALCOMM INC,0.001092064295092,0.0,AZ ,Information Technology,US7475251036,2714923,QCOM US Equity,US ,USD,0.673079,,11/7/2025
20251107,LPC,Etica Conservative Allocation,23568,SALESFORCE INC,0.00106789190519,0.0,AZ ,Information Technology,US79466L3024,2310525,CRM US Equity,US ,USD,0.673079,,11/7/2025
20251107,LPC,Etica Conservative Allocation,363,MERCK & CO. INC.,0.001006711632466,0.0,AZ ,Health Care,US58933Y1055,2778844,MRK US Equity,US ,USD,0.673079,,11/7/2025
20251107,LPC,Etica Conservative Allocation,360,MEDTRONIC PLC,0.001002963688476,0.0,AZ ,Health Care,IE00BTN1Y115,BTN1Y11,MDT US Equity,US ,USD,0.673079,,11/7/2025
20251107,LPC,Etica Conservative Allocation,542,CISCO SYSTEMS INC,0.000997641948694,0.0,AZ ,Information Technology,US17275R1023,2198163,CSCO US Equity,US ,USD,0.673079,,11/7/2025
20251107,LPC,Etica Conservative Allocation,423,NEW LINDE PLC,0.000996395542312,0.0,AZ ,Materials,IE000S9YS762,BNZHB81,LIN US Equity,US ,USD,0.673079,,11/7/2025
20251107,LPC,Etica Conservative Allocation,1619,LOREAL SA,0.000971935232536,0.0,AZ ,Consumer Staples,FR0000120321,4057808,OR FP Equity,FR ,EUR,0.673079,,11/7/2025
20251107,LPC,Etica Conservative Allocation,216,DEERE & CO,0.000923687672431,0.0,AZ ,Industrials,US2441991054,2261203,DE US Equity,US ,USD,0.673079,,11/7/2025
20251107,LPC,Etica Conservative Allocation,2703,LONZA GROUP AG-REG,0.000922823912808,0.0,AZ ,Health Care,CH0013841017,7333378,LONN SW Equity,CH ,CHF,0.673079,,11/7/2025
20251107,LPC,Etica Conservative Allocation,30976,NABTESCO CORP,0.000920916495575,0.0,AZ ,Industrials,JP3651210001,6687571,6268 JP Equity,JP ,JPY,0.673079,,11/7/2025
20251107,LPC,Etica Conservative Allocation,1821,INTUIT INC,0.000861901646205,0.0,AZ ,Information Technology,US4612021034,2459020,INTU US Equity,US ,USD,0.673079,,11/7/2025
20251107,LPC,Etica Conservative Allocation,358,S&P GLOBAL INC,0.00085546478818,0.0,AZ ,Financials,US78409V1044,BYV2325,SPGI US Equity,US ,USD,0.673079,,11/7/2025
20251107,LPC,Etica Conservative Allocation,2706,TRANE TECHNOLOGIES PLC,0.000842355085856,0.0,AZ ,Industrials,IE00BK9ZQ967,BK9ZQ96,TT US Equity,US ,USD,0.673079,,11/7/2025
20251107,LPC,Etica Conservative Allocation,100,ABBOTT LABORATORIES,0.000834716692079,0.0,AZ ,Health Care,US0028241000,2002305,ABT US Equity,US ,USD,0.673079,,11/7/2025
20251107,LPC,Etica Conservative Allocation,397638,PROSUS NV,0.000783740332934,0.0,AZ ,Consumer Discretionary,NL0013654783,BJDS7L3,PRX NA Equity,NL ,EUR,0.673079,,11/7/2025
20251107,LPC,Etica Conservative Allocation,533,AMGEN INC,0.000781703289438,0.0,AZ ,Health Care,US0311621009,2023607,AMGN US Equity,US ,USD,0.673079,,11/7/2025
20251107,LPC,Etica Conservative Allocation,549,INTEL CORP,0.000776178385415,0.0,AZ ,Information Technology,US4581401001,2463247,INTC US Equity,US ,USD,0.673079,,11/7/2025
20251107,LPC,Etica Conservative Allocation,1526,TOKYO ELECTRON LTD,0.000768897294801,0.0,AZ ,Information Technology,JP3571400005,6895675,8035 JP Equity,JP ,JPY,0.673079,,11/7/2025
20251107,LPC,Etica Conservative Allocation,164960,NOK,0.000765800390411,0.0,LQ ,CASH,,,NOK,NO ,NOK,0.673079,,11/7/2025
20251107,LPC,Etica Conservative Allocation,1258,KAO CORP,0.00076491211813,0.0,AZ ,Consumer Staples,JP3205800000,6483809,4452 JP Equity,JP ,JPY,0.673079,,11/7/2025
20251107,LPC,Etica Conservative Allocation,3033,STMICROELECTRONICS NV,0.000751778318615,0.0,SE ,Information Technology,NL0000226223,5962343,STMMI IM Equity,FR ,EUR,0.673079,,11/7/2025
20251107,LPC,Etica Conservative Allocation,497,UNION PACIFIC CORP,0.000707678798948,0.0,AZ ,Industrials,US9078181081,2914734,UNP US Equity,US ,USD,0.673079,,11/7/2025
20251107,LPC,Etica Conservative Allocation,559,STRYKER CORP,0.000703008929704,0.0,AZ ,Health Care,US8636671013,2853688,SYK UN Equity,US ,USD,0.673079,,11/7/2025
20251107,LPC,Etica Conservative Allocation,53583,LOGITECH INTERNATIONAL,0.000695927264111,0.0,SE ,Information Technology,CH0025751329,B1921K0,LOGI US Equity,CH ,CHF,0.673079,,11/7/2025
20251107,LPC,Etica Conservative Allocation,49402,SARTORIUS STEDIM BIOTECH,0.000681167319737,0.0,AZ ,Health Care,FR0013154002,BYZ2QP5,DIM FP Equity,FR ,EUR,0.673079,,11/7/2025
20251107,LPC,Etica Conservative Allocation,149,VERIZON COMMUNICATIONS INC,0.000663955694009,0.0,AZ ,Communication Services,US92343V1044,2090571,VZ US Equity,US ,USD,0.673079,,11/7/2025
20251107,LPC,Etica Conservative Allocation,783,SYNOPSYS INC,0.000663860551655,0.0,AZ ,Information Technology,US8716071076,2867719,SNPS US Equity,US ,USD,0.673079,,11/7/2025
20251107,LPC,Etica Conservative Allocation,191474,PALO ALTO NETWORKS INC,0.000663055788601,0.0,AZ ,Information Technology,US6974351057,B87ZMX0,PANW US Equity,US ,USD,0.673079,,11/7/2025
20251107,LPC,Etica Conservative Allocation,3092,MTR CORP,0.000660294167528,0.0,AZ ,Industrials,HK0066009694,6290054,66 HK Equity,HK ,HKD,0.673079,,11/7/2025
20251107,LPC,Etica Conservative Allocation,2170,DSV A/S,0.000641737253845,0.0,AZ ,Industrials,DK0060079531,B1WT5G2,DSV DC Equity,DK ,DKK,0.673079,,11/7/2025
20251107,LPC,Etica Conservative Allocation,133,AUTOMATIC DATA PROCESSING,0.000638729259777,0.0,AZ ,Industrials,US0530151036,2065308,ADP US Equity,US ,USD,0.673079,,11/7/2025
20251107,LPC,Etica Conservative Allocation,486,TJX COMPANIES INC,0.000638579691011,0.0,AZ ,Consumer Discretionary,US8725401090,2989301,TJX US Equity,US ,USD,0.673079,,11/7/2025
20251107,LPC,Etica Conservative Allocation,159,BOSTON SCIENTIFIC CORP,0.00062840029009,0.0,AZ ,Health Care,US1011371077,2113434,BSX US Equity,US ,USD,0.673079,,11/7/2025
20251107,LPC,Etica Conservative Allocation,236196,IMCD NV,0.000619812965588,0.0,AZ ,Industrials,NL0010801007,BNCBD46,IMCD NA Equity,NL ,EUR,0.673079,,11/7/2025
20251107,LPC,Etica Conservative Allocation,2489,LENOVO GROUP LTD,0.000615979019557,0.0,AZ ,Information Technology,HK0992009065,6218089,992 HK Equity,CN ,CNY,0.673079,,11/7/2025
20251107,LPC,Etica Conservative Allocation,520,WESTERN DIGITAL CORP,0.000608432859852,0.0,AZ ,Information Technology,US9581021055,2954699,WDC US Equity,US ,USD,0.673079,,11/7/2025
20251107,LPC,Etica Conservative Allocation,125,ANALOG DEVICES INC,0.000598801046802,0.0,AZ ,Information Technology,US0326541051,2032067,ADI US Equity,US ,USD,0.673079,,11/7/2025
20251107,LPC,Etica Conservative Allocation,348394,KNORR-BREMSE AG,0.000595323157528,0.0,AZ ,Industrials,DE000KBX1006,BD2P9X9,KBX GR Equity,DE ,EUR,0.673079,,11/7/2025
20251107,LPC,Etica Conservative Allocation,302,HONDA MOTOR CO LTD,0.000594488896189,0.0,AZ ,Consumer Discretionary,JP3854600008,6435145,7267 JP Equity,JP ,JPY,0.673079,,11/7/2025
20251107,LPC,Etica Conservative Allocation,1404,OBAYASHI CORP,0.000591898448259,0.0,AZ ,Industrials,JP3190000004,6656407,1802 JP Equity,JP ,JPY,0.673079,,11/7/2025
20251107,LPC,Etica Conservative Allocation,3760,ABB LTD,0.000585847145275,0.0,AZ ,Industrials,CH0012221716,7108899,ABBN SW Equity,CH ,CHF,0.673079,,11/7/2025
20251107,LPC,Etica Conservative Allocation,2088,SAP SE,0.00058237299522,0.0,AZ ,Information Technology,DE0007164600,4846288,SAP GY Equity,DE ,EUR,0.673079,,11/7/2025
20251107,LPC,Etica Conservative Allocation,233530,ZALANDO SE,0.000579349628806,0.0,AZ ,Consumer Discretionary,DE000ZAL1111,BQV0SV7,ZAL GR Equity,DE ,EUR,0.673079,,11/7/2025
20251107,LPC,Etica Conservative Allocation,531,ADOBE INC,0.000575160456957,0.0,AZ ,Information Technology,US00724F1012,2008154,ADBE US Equity,US ,USD,0.673079,,11/7/2025
20251107,LPC,Etica Conservative Allocation,1658,ATLAS COPCO AB-A SHS,0.000561143370786,0.0,AZ ,Industrials,SE0017486889,BLDBN41,ATCOA SS Equity,SE ,SEK,0.673079,,11/7/2025
20251107,LPC,Etica Conservative Allocation,670,WELLTOWER INC,0.000560080186142,0.0,AZ ,Real Estate,US95040Q1040,BYVYHH4,WELL US Equity,US ,USD,0.673079,,11/7/2025
20251107,LPC,Etica Conservative Allocation,667,GILEAD SCIENCES INC,0.000558914796175,0.0,AZ ,Health Care,US3755581036,2369174,GILD US Equity,US ,USD,0.673079,,11/7/2025
20251107,LPC,Etica Conservative Allocation,40461,VERTEX PHARMACEUTICALS INC,0.000558621059738,0.0,AZ ,Health Care,US92532F1003,2931034,VRTX US Equity,US ,USD,0.673079,,11/7/2025
20251107,LPC,Etica Conservative Allocation,4264,AUTODESK INC,0.000544128261798,0.0,AZ ,Information Technology,US0527691069,2065159,ADSK US Equity,US ,USD,0.673079,,11/7/2025
20251107,LPC,Etica Conservative Allocation,1545,TOTO LTD,0.000542775910873,0.0,AZ ,Industrials,JP3596200000,6897466,5332 JP Equity,JP ,JPY,0.673079,,11/7/2025
20251107,LPC,Etica Conservative Allocation,18091,PROLOGIS INC,0.00054110614179,0.0,AZ ,Real Estate,US74340W1036,B44WZD7,PLD UN Equity,US ,USD,0.673079,,11/7/2025
20251107,LPC,Etica Conservative Allocation,344,LOWE'S COS INC,0.000535729560128,0.0,AZ ,Consumer Discretionary,US5486611073,2536763,LOW US Equity,US ,USD,0.673079,,11/7/2025
20251107,LPC,Etica Conservative Allocation,424846,OTIS WORLDWIDE CORP,0.00051957197873,0.0,AZ ,Industrials,US68902V1070,BK531S8,OTIS US Equity,US ,USD,0.673079,,11/7/2025
20251107,LPC,Etica Conservative Allocation,2566,UNITED PARCEL SERVICE-CL B,0.000516711060615,0.0,AZ ,Industrials,US9113121068,2517382,UPS US Equity,US ,USD,0.673079,,11/7/2025
20251107,LPC,Etica Conservative Allocation,3013,NOVARTIS AG,0.000505095799542,0.0,AZ ,Health Care,CH0012005267,7103065,NOVN SW Equity,CH ,CHF,0.673079,,11/7/2025
20251107,LPC,Etica Conservative Allocation,454,SONY GROUP CORP,0.000499196973606,0.0,AZ ,Consumer Discretionary,JP3435000009,6821506,6758 JP Equity,JP ,JPY,0.673079,,11/7/2025
20251107,LPC,Etica Conservative Allocation,471,TDK CORP,0.000496747369596,0.0,AZ ,Information Technology,JP3538800008,6869302,6762 JP Equity,JP ,JPY,0.673079,,11/7/2025
20251107,LPC,Etica Conservative Allocation,3014,ANHEUSER-BUSCH INBEV SA/NV,0.000490993542269,0.0,AZ ,Consumer Staples,BE0974293251,BYYHL23,ABI BB Equity,BE ,EUR,0.673079,,11/7/2025
20251107,LPC,Etica Conservative Allocation,392,NOVO NORDISK A/S-B,0.000489349116782,0.0,AZ ,Health Care,DK0062498333,BP6KMJ1,NOVOB DC Equity,DK ,DKK,0.673079,,11/7/2025
20251107,LPC,Etica Conservative Allocation,2955,VOESTALPINE AG,0.000489079893004,0.0,AZ ,Materials,AT0000937503,4943402,VOE AV Equity,AT ,EUR,0.673079,,11/7/2025
20251107,LPC,Etica Conservative Allocation,1285,KUBOTA CORP,0.000484663044255,0.0,AZ ,Industrials,JP3266400005,6497509,6326 JT Equity,JP ,JPY,0.673079,,11/7/2025
20251107,LPC,Etica Conservative Allocation,166783,XYLEM INC,0.000483469817879,0.0,AZ ,Industrials,US98419M1009,B3P2CN8,XYL US Equity,US ,USD,0.673079,,11/7/2025
20251107,LPC,Etica Conservative Allocation,1146,BRIDGESTONE CORP,0.000482647189667,0.0,AZ ,Consumer Discretionary,JP3830800003,6132101,5108 JP Equity,JP ,JPY,0.673079,,11/7/2025
20251107,LPC,Etica Conservative Allocation,4223,COLGATE-PALMOLIVE CO,0.000466553174995,0.0,AZ ,Consumer Staples,US1941621039,2209106,CL US Equity,US ,USD,0.673079,,11/7/2025
20251107,LPC,Etica Conservative Allocation,23406,IBIDEN CO LTD,0.000462810632099,0.0,AZ ,Information Technology,JP3148800000,6456102,4062 JP Equity,JP ,JPY,0.673079,,11/7/2025
20251107,LPC,Etica Conservative Allocation,1609,ESSILORLUXOTTICA,0.000461270073811,0.0,AZ ,Health Care,FR0000121667,7212477,EL FP Equity,FR ,EUR,0.673079,,11/7/2025
20251107,LPC,Etica Conservative Allocation,17897,SK HYNIX INC,0.000443038472194,0.0,AZ ,Information Technology,KR7000660001,6450267,000660 KS Equity,KR ,KRW,0.673079,,11/7/2025
20251107,LPC,Etica Conservative Allocation,232,ECOLAB INC,0.000441380751706,0.0,AZ ,Materials,US2788651006,2304227,ECL US Equity,US ,USD,0.673079,,11/7/2025
20251107,LPC,Etica Conservative Allocation,405936,CARRIER GLOBAL CORP,0.000439779119506,0.0,AZ ,Industrials,US14448C1045,BK4N0D7,CARR US Equity,US ,USD,0.673079,,11/7/2025
20251107,LPC,Etica Conservative Allocation,1790,CHINA OVERSEAS LAND & INVEST,0.000419746460667,0.0,AZ ,Real Estate,HK0688002218,6192150,688 HK Equity,CN ,CNY,0.673079,,11/7/2025
20251107,LPC,Etica Conservative Allocation,236299,VONOVIA SE,0.000417795419211,0.0,AZ ,Real Estate,DE000A1ML7J1,BBJPFY1,VNA GR Equity,DE ,EUR,0.673079,,11/7/2025
20251107,LPC,Etica Conservative Allocation,57392,EQUINIX INC,0.000414535651053,0.0,AZ ,Real Estate,US29444U7000,BVLZX12,EQIX US Equity,US ,USD,0.673079,,11/7/2025
20251107,LPC,Etica Conservative Allocation,3119,INTERPUMP GROUP SPA,0.000413387295307,0.0,AZ ,Industrials,IT0001078911,5161407,IP IM Equity,IT ,EUR,0.673079,,11/7/2025
20251107,LPC,Etica Conservative Allocation,3011,DEUTSCHE TELEKOM AG,0.000412042007352,0.0,AZ ,Communication Services,DE0005557508,5842359,DTE GR Equity,DE ,EUR,0.673079,,11/7/2025
20251107,LPC,Etica Conservative Allocation,23355,RALPH LAUREN CORP,0.000407976645203,0.0,AZ ,Consumer Discretionary,US7512121010,B4V9661,RL US Equity,US ,USD,0.673079,,11/7/2025
20251107,LPC,Etica Conservative Allocation,1288,KURITA WATER INDUSTRIES LTD,0.00040282732497,0.0,AZ ,Industrials,JP3270000007,6497963,6370 JP Equity,JP ,JPY,0.673079,,11/7/2025
20251107,LPC,Etica Conservative Allocation,2831,BREMBO N.V.,0.000400238538915,0.0,AZ ,Consumer Discretionary,NL0015001KT6,BSMM753,BRE IM Equity,IT ,EUR,0.673079,,11/7/2025
20251107,LPC,Etica Conservative Allocation,3371,ERG SPA,0.000386909469067,0.0,AZ ,Utilities,IT0001157020,5337093,ERG IM Equity,IT ,EUR,0.673079,,11/7/2025
20251107,LPC,Etica Conservative Allocation,1340,NEC CORP,0.000385597418616,0.0,AZ ,Information Technology,JP3733000008,6640400,6701 JP Equity,JP ,JPY,0.673079,,11/7/2025
20251107,LPC,Etica Conservative Allocation,49977,TE CONNECTIVITY PLC,0.000382941742085,0.0,AZ ,Information Technology,IE000IVNQZ81,BRC3N84,TEL US Equity,US ,USD,0.673079,,11/7/2025
20251107,LPC,Etica Conservative Allocation,1337,MURATA MANUFACTURING CO LTD,0.000381166859397,0.0,AZ ,Information Technology,JP3914400001,6610403,6981 JP Equity,JP ,JPY,0.673079,,11/7/2025
20251107,LPC,Etica Conservative Allocation,2867,DARDEN RESTAURANTS INC,0.000370770999235,0.0,AZ ,Consumer Discretionary,US2371941053,2289874,DRI UN Equity,US ,USD,0.673079,,11/7/2025
20251107,LPC,Etica Conservative Allocation,1575,ASTELLAS PHARMA INC,0.00036973897475,0.0,AZ ,Health Care,JP3942400007,6985383,4503 JP Equity,JP ,JPY,0.673079,,11/7/2025
20251107,LPC,Etica Conservative Allocation,4266,MCCORMICK & CO-NON VTG SHRS,0.000366599277074,0.0,AZ ,Consumer Staples,US5797802064,2550161,MKC UN Equity,US ,USD,0.673079,,11/7/2025
20251107,LPC,Etica Conservative Allocation,188,THE CIGNA GROUP,0.000360954302571,0.0,AZ ,Health Care,US1255231003,BHJ0775,CI US Equity,US ,USD,0.673079,,11/7/2025
20251107,LPC,Etica Conservative Allocation,3065,ELEVANCE HEALTH INC,0.000353671134613,0.0,AZ ,Health Care,US0367521038,BSPHGL4,ELV US Equity,US ,USD,0.673079,,11/7/2025
20251107,LPC,Etica Conservative Allocation,184644,ZOETIS INC,0.000345343062638,0.0,AZ ,Health Care,US98978V1035,B95WG16,ZTS US Equity,US ,USD,0.673079,,11/7/2025
20251107,LPC,Etica Conservative Allocation,276440,DELL TECHNOLOGIES -C,0.000342337976851,0.0,AZ ,Information Technology,US24703L2025,BHKD3S6,DELL US Equity,US ,USD,0.673079,,11/7/2025
20251107,LPC,Etica Conservative Allocation,164725,HKD,0.000341062487653,0.0,LQ ,CASH,,,HKD,HK ,HKD,0.673079,,11/7/2025
20251107,LPC,Etica Conservative Allocation,2658,ASSA ABLOY AB-B,0.000327333736826,0.0,AZ ,Industrials,SE0007100581,BYPC1T4,ASSAB SS Equity,SE ,SEK,0.673079,,11/7/2025
20251107,LPC,Etica Conservative Allocation,651,EXPEDITORS INTL WASH INC,0.000325639455084,0.0,AZ ,Industrials,US3021301094,2325507,EXPD US Equity,US ,USD,0.673079,,11/7/2025
20251107,LPC,Etica Conservative Allocation,100272,AMERICAN WATER WORKS CO INC,0.000319419056301,0.0,AZ ,Utilities,US0304201033,B2R3PV1,AWK US Equity,US ,USD,0.673079,,11/7/2025
20251107,LPC,Etica Conservative Allocation,148,BECTON DICKINSON AND CO,0.000319235419094,0.0,AZ ,Health Care,US0758871091,2087807,BDX US Equity,US ,USD,0.673079,,11/7/2025
20251107,LPC,Etica Conservative Allocation,1734,NOKIA OYJ,0.000314126814803,0.0,AZ ,Information Technology,FI0009000681,5902941,NOKIA FH Equity,FI ,EUR,0.673079,,11/7/2025
20251107,LPC,Etica Conservative Allocation,4275,HASBRO INC,0.000313382710193,0.0,AZ ,Consumer Discretionary,US4180561072,2414580,HAS US Equity,US ,USD,0.673079,,11/7/2025
20251107,LPC,Etica Conservative Allocation,349,MASCO CORP,0.000307122841874,0.0,AZ ,Industrials,US5745991068,2570200,MAS US Equity,US ,USD,0.673079,,11/7/2025
20251107,LPC,Etica Conservative Allocation,1001,PERSIMMON PLC,0.00030147121987,0.0,AZ ,Consumer Discretionary,GB0006825383,682538,PSN LN Equity,GB ,GBP,0.673079,,11/7/2025
20251107,LPC,Etica Conservative Allocation,366,MICRON TECHNOLOGY INC,0.000298958464604,0.0,AZ ,Information Technology,US5951121038,2588184,MU US Equity,US ,USD,0.673079,,11/7/2025
20251107,LPC,Etica Conservative Allocation,469,SYSCO CORP,0.000288800252592,0.0,AZ ,Consumer Staples,US8718291078,2868165,SYY US Equity,US ,USD,0.673079,,11/7/2025
20251107,LPC,Etica Conservative Allocation,88166,REXEL SA,0.000287422558071,0.0,AZ ,Industrials,FR0010451203,B1VP0K0,RXL FP Equity,FR ,EUR,0.673079,,11/7/2025
20251107,LPC,Etica Conservative Allocation,318,INTL FLAVORS & FRAGRANCES,0.000282687875695,0.0,AZ ,Materials,US4595061015,2464165,IFF US Equity,US ,USD,0.673079,,11/7/2025
20251107,LPC,Etica Conservative Allocation,19461,DICK'S SPORTING GOODS INC,0.000275322444916,0.0,AZ ,Consumer Discretionary,US2533931026,2969637,DKS US Equity,US ,USD,0.673079,,11/7/2025
20251107,LPC,Etica Conservative Allocation,2298,TRACTOR SUPPLY COMPANY,0.000266926651527,0.0,AZ ,Consumer Discretionary,US8923561067,2900335,TSCO US Equity,US ,USD,0.673079,,11/7/2025
20251107,LPC,Etica Conservative Allocation,152,BEST BUY CO INC,0.00026670520666,0.0,AZ ,Consumer Discretionary,US0865161014,2094670,BBY US Equity,US ,USD,0.673079,,11/7/2025
20251107,LPC,Etica Conservative Allocation,164954,CAD,0.000265408113085,0.0,LQ ,CASH,,,CAD,CA ,CAD,0.673079,,11/7/2025
20251107,LPC,Etica Conservative Allocation,1138,ASICS CORP,0.000261260903584,0.0,AZ ,Consumer Discretionary,JP3118000003,6057378,7936 JP Equity,JP ,JPY,0.673079,,11/7/2025
20251107,LPC,Etica Conservative Allocation,18074,ESTEE LAUDER COMPANIES-CL A,0.000258328524836,0.0,AZ ,Consumer Staples,US5184391044,2320524,EL US Equity,US ,USD,0.673079,,11/7/2025
20251107,LPC,Etica Conservative Allocation,1457,SHIMIZU CORP,0.000256396594944,0.0,AZ ,Industrials,JP3358800005,6804400,1803 JP Equity,JP ,JPY,0.673079,,11/7/2025
20251107,LPC,Etica Conservative Allocation,387,NORSK HYDRO ASA,0.000253001799429,0.0,AZ ,Materials,NO0005052605,B11HK39,NHY NO Equity,NO ,NOK,0.673079,,11/7/2025
20251107,LPC,Etica Conservative Allocation,31928,DIGITAL REALTY TRUST INC,0.000250071082556,0.0,AZ ,Real Estate,US2538681030,B03GQS4,DLR US Equity,US ,USD,0.673079,,11/7/2025
20251107,LPC,Etica Conservative Allocation,242496,PAYPAL HOLDINGS INC,0.000249626115478,0.0,AZ ,Financials,US70450Y1038,BYW36M8,PYPL US Equity,US ,USD,0.673079,,11/7/2025
20251107,LPC,Etica Conservative Allocation,2985,CANADIAN NATL RAILWAY CO,0.000238034120657,0.0,AZ ,Industrials,CA1363751027,2180632,CNR CN Equity,CA ,CAD,0.673079,,11/7/2025
20251107,LPC,Etica Conservative Allocation,34107,DAIICHI SANKYO CO LTD,0.000236857928502,0.0,AZ ,Health Care,JP3475350009,B0J7D91,4568 JP Equity,JP ,JPY,0.673079,,11/7/2025
20251107,LPC,Etica Conservative Allocation,58590,SYSMEX CORP,0.000230317618747,0.0,AZ ,Health Care,JP3351100007,6883807,6869 JP Equity,JP ,JPY,0.673079,,11/7/2025
20251107,LPC,Etica Conservative Allocation,23481,CBRE GROUP INC,0.000230174697482,0.0,AZ ,Real Estate,US12504L1098,B6WVMH3,CBRE US Equity,US ,USD,0.673079,,11/7/2025
20251107,LPC,Etica Conservative Allocation,3837,AGILENT TECHNOLOGIES INC,0.000226531451628,0.0,AZ ,Health Care,US00846U1016,2520153,A US Equity,US ,USD,0.673079,,11/7/2025
20251107,LPC,Etica Conservative Allocation,3385,YUM! BRANDS INC,0.000214144665004,0.0,AZ ,Consumer Discretionary,US9884981013,2098876,YUM UN Equity,US ,USD,0.673079,,11/7/2025
20251107,LPC,Etica Conservative Allocation,1755,SWIRE PACIFIC LTD - CL A,0.000212449136856,0.0,AZ ,Industrials,HK0019000162,6867748,19 HK Equity,HK ,HKD,0.673079,,11/7/2025
20251107,LPC,Etica Conservative Allocation,253654,FERRARI NV,0.000207712792605,0.0,AZ ,Consumer Discretionary,NL0011585146,BZ1GMK5,RACE US Equity,IT ,EUR,0.673079,,11/7/2025
20251107,LPC,Etica Conservative Allocation,211955,TECHNOGYM SPA,0.000206379553245,0.0,AZ ,Consumer Discretionary,IT0005162406,BD9Y5C0,TGYM IM Equity,IT ,EUR,0.673079,,11/7/2025
20251107,LPC,Etica Conservative Allocation,335212,LEVI STRAUSS & CO- CLASS A,0.000205640434261,0.0,AZ ,Consumer Discretionary,US52736R1023,BHRWS81,LEVI US Equity,US ,USD,0.673079,,11/7/2025
20251107,LPC,Etica Conservative Allocation,336777,ULTA BEAUTY INC,0.000204483353669,0.0,AZ ,Consumer Discretionary,US90384S3031,B28TS42,ULTA UW Equity,US ,USD,0.673079,,11/7/2025
20251107,LPC,Etica Conservative Allocation,1733,ROCHE HOLDING AG-GENUSSCHEIN,0.000203555196384,0.0,AZ ,Health Care,CH0012032048,7110388,ROG SW Equity,CH ,CHF,0.673079,,11/7/2025
20251107,LPC,Etica Conservative Allocation,50381,LULULEMON ATHLETICA INC,0.000202786163646,0.0,AZ ,Consumer Discretionary,US5500211090,B23FN39,LULU US Equity,US ,USD,0.673079,,11/7/2025
20251107,LPC,Etica Conservative Allocation,57810,VENTAS INC,0.000199364362659,0.0,AZ ,Real Estate,US92276F1003,2927925,VTR US Equity,US ,USD,0.673079,,11/7/2025
20251107,LPC,Etica Conservative Allocation,1,LG ELECTRONICS INC,0.00019581916744,0.0,AZ ,Consumer Discretionary,KR7066570003,6520739,066570 KS Equity,KR ,KRW,0.673079,,11/7/2025
20251107,LPC,Etica Conservative Allocation,58909,EDWARDS LIFESCIENCES CORP,0.000194598104655,0.0,AZ ,Health Care,US28176E1082,2567116,EW US Equity,US ,USD,0.673079,,11/7/2025
20251107,LPC,Etica Conservative Allocation,1093,LENDLEASE GROUP,0.000194284841184,0.0,AZ ,Real Estate,AU000000LLC3,6512004,LLC AU Equity,AU ,AUD,0.673079,,11/7/2025
20251107,LPC,Etica Conservative Allocation,343334,GODADDY INC - CLASS A,0.000189602507876,0.0,AZ ,Information Technology,US3802371076,BWFRFC6,GDDY US Equity,US ,USD,0.673079,,11/7/2025
20251107,LPC,Etica Conservative Allocation,44974,LEGRAND SA,0.000178030455558,0.0,AZ ,Industrials,FR0010307819,B11ZRK9,LR FP Equity,FR ,EUR,0.673079,,11/7/2025
20251107,LPC,Etica Conservative Allocation,173,CADENCE DESIGN SYS INC,0.000175046143211,0.0,AZ ,Information Technology,US1273871087,2302232,CDNS US Equity,US ,USD,0.673079,,11/7/2025
20251107,LPC,Etica Conservative Allocation,1122,AJINOMOTO CO INC,0.000169860677193,0.0,AZ ,Consumer Staples,JP3119600009,6010906,2802 JP Equity,JP ,JPY,0.673079,,11/7/2025
20251107,LPC,Etica Conservative Allocation,335227,NEXI SPA,0.000169758887339,0.0,AZ ,Financials,IT0005366767,BJ1F880,NEXI IM Equity,IT ,EUR,0.673079,,11/7/2025
20251107,LPC,Etica Conservative Allocation,235482,MERLIN PROPERTIES SOCIMI SA,0.000160436183071,0.0,AZ ,Real Estate,ES0105025003,BNGNB77,MRL SM Equity,ES ,EUR,0.673079,,11/7/2025
20251107,LPC,Etica Conservative Allocation,1010,RELX PLC,0.000158371718634,0.0,AZ ,Industrials,GB00B2B0DG97,B2B0DG9,REL LN Equity,GB ,GBP,0.673079,,11/7/2025
20251107,LPC,Etica Conservative Allocation,24041,TERNA-RETE ELETTRICA NAZIONA,0.00015754950589,0.0,AZ ,Utilities,IT0003242622,B01BN57,TRN IM Equity,IT ,EUR,0.673079,,11/7/2025
20251107,LPC,Etica Conservative Allocation,3466,COGNIZANT TECH SOLUTIONS-A,0.00014979519632,0.0,AZ ,Information Technology,US1924461023,2257019,CTSH US Equity,US ,USD,0.673079,,11/7/2025
20251107,LPC,Etica Conservative Allocation,312,INGERSOLL-RAND INC,0.000147465247323,0.0,AZ ,Industrials,US45687V1061,BL5GZ82,IR UN Equity,US ,USD,0.673079,,11/7/2025
20251107,LPC,Etica Conservative Allocation,67156,KEURIG DR PEPPER INC,0.000144460161537,0.0,AZ ,Consumer Staples,US49271V1008,BD3W133,KDP US Equity,US ,USD,0.673079,,11/7/2025
20251107,LPC,Etica Conservative Allocation,222506,ORORA LTD,0.000140110203264,0.0,AZ ,Materials,AU000000ORA8,BH4TCW7,ORA AU Equity,AU ,AUD,0.673079,,11/7/2025
20251107,LPC,Etica Conservative Allocation,58318,AZBIL CORP,0.00013535391651,0.0,AZ ,Information Technology,JP3937200008,6985543,6845 JP Equity,JP ,JPY,0.673079,,11/7/2025
20251107,LPC,Etica Conservative Allocation,2297,AVALONBAY COMMUNITIES INC,0.000133731926339,0.0,AZ ,Real Estate,US0534841012,2131179,AVB US Equity,US ,USD,0.673079,,11/7/2025
20251107,LPC,Etica Conservative Allocation,4106,ZIMMER BIOMET HOLDINGS INC,0.00013344566834,0.0,AZ ,Health Care,US98956P1021,2783815,ZBH US Equity,US ,USD,0.673079,,11/7/2025
20251107,LPC,Etica Conservative Allocation,17956,RENESAS ELECTRONICS CORP,0.000129083246003,0.0,AZ ,Information Technology,JP3164720009,6635677,6723 JP Equity,JP ,JPY,0.673079,,11/7/2025
20251107,LPC,Etica Conservative Allocation,1040,TATE & LYLE PLC,0.000126356939777,0.0,AZ ,Consumer Staples,GB00BP92CJ43,BP92CJ4,TATE LN Equity,GB ,GBP,0.673079,,11/7/2025
20251107,LPC,Etica Conservative Allocation,235835,RAI WAY SPA,0.000125899508635,0.0,AZ ,Communication Services,IT0005054967,BSM8WL2,RWAY IM Equity,IT ,EUR,0.673079,,11/7/2025
20251107,LPC,Etica Conservative Allocation,3478,SOL SPA,0.000116509913891,0.0,AZ ,Materials,IT0001206769,5490684,SOL IM Equity,IT ,EUR,0.673079,,11/7/2025
20251107,LPC,Etica Conservative Allocation,50261,DIASORIN SPA,0.000115639091299,0.0,AZ ,Health Care,IT0003492391,B234WN9,DIA IM Equity,IT ,EUR,0.673079,,11/7/2025
20251107,LPC,Etica Conservative Allocation,1088,ORICA LTD,0.00010853540586,0.0,AZ ,Materials,AU000000ORI1,6458001,ORI AU Equity,AU ,AUD,0.673079,,11/7/2025
20251107,LPC,Etica Conservative Allocation,58681,JONES LANG LASALLE INC,0.000107546174662,0.0,AZ ,Real Estate,US48020Q1076,2040640,JLL US Equity,US ,USD,0.673079,,11/7/2025
20251107,LPC,Etica Conservative Allocation,3245,EDP SA,0.000104323798696,0.0,AZ ,Utilities,PTEDP0AM0009,4103596,EDP PL Equity,PT ,EUR,0.673079,,11/7/2025
20251107,LPC,Etica Conservative Allocation,31968,PENTAIR PLC,0.000104068285387,0.0,AZ ,Industrials,IE00BLS09M33,BLS09M3,PNR UN Equity,US ,USD,0.673079,,11/7/2025
20251107,LPC,Etica Conservative Allocation,1024,SSE PLC,0.000090882967742,0.0,AZ ,Utilities,GB0007908733,790873,SSE LN Equity,GB ,GBP,0.673079,,11/7/2025
20251107,LPC,Etica Conservative Allocation,677,BIOGEN INC,0.000072579490024,0.0,AZ ,Health Care,US09062X1037,2455965,BIIB US Equity,US ,USD,0.673079,,11/7/2025
20251107,LPC,Etica Conservative Allocation,3476,A2A SPA,0.000058461444936,0.0,AZ ,Utilities,IT0001233417,5499131,A2A IM Equity,IT ,EUR,0.673079,,11/7/2025
20251107,LPC,Etica Conservative Allocation,63,HERA SPA,0.000055806183874,0.0,AZ ,Utilities,IT0001250932,7598003,HER IM Equity,IT ,EUR,0.673079,,11/7/2025
20251107,LPC,Etica Conservative Allocation,247914,INFRASTRUTTURE WIRELESS ITAL,0.000055330056636,0.0,AZ ,Communication Services,IT0005090300,BZ0P4R4,INW IM Equity,IT ,EUR,0.673079,,11/7/2025
20251107,LPC,Etica Conservative Allocation,3672,AMPLIFON SPA,0.000044595589407,0.0,AZ ,Health Care,IT0004056880,B14NJ71,AMP IM Equity,IT ,EUR,0.673079,,11/7/2025
20251107,LPC,Etica Conservative Allocation,23349,CORBION NV,0.000044097857791,0.0,AZ ,Materials,NL0010583399,BFRSRR7,CRBN NA Equity,NL ,EUR,0.673079,,11/7/2025
20251107,LPC,Etica Conservative Allocation,48675,PRYSMIAN SPA,0.000040832273071,0.0,AZ ,Industrials,IT0004176001,B1W4V69,PRY IM Equity,IT ,EUR,0.673079,,11/7/2025
20251107,LPC,Etica Conservative Allocation,3321,BXP INC,0.000038967233655,0.0,AZ ,Real Estate,US1011211018,2019479,BXP US Equity,US ,USD,0.673079,,11/7/2025
20251107,LPC,Etica Conservative Allocation,314765,PIRELLI & C SPA,0.000012581226019,0.0,AZ ,Consumer Discretionary,IT0005278236,BZ5ZHK3,PIRC IM Equity,IT ,EUR,0.673079,,11/7/2025
20251107,LPC,Etica Conservative Allocation,314764,FRANCE (GOVT OF) FRTR 0 3/4 05/25/28,0.0,0.005332262687022,OB ,SOVEREIGN,FR0013286192,,AP3656380 Govt,FR ,EUR,0.673079,A,11/7/2025
20251107,LPC,Etica Conservative Allocation,534,APPLE INC,0.0,0.004955037,AZ ,Information Technology,US0378331005,2046251,AAPL US Equity,US ,USD,0.673079,,11/7/2025
20251107,LPC,Etica Conservative Allocation,195250,FRANCE (GOVT OF) FRTR 2 3/4 10/25/27,0.0,0.005142007456004,OB ,SOVEREIGN,FR0011317783,,EJ3468919 Govt,FR ,EUR,0.673079,A,11/7/2025
20251107,LPC,Etica Conservative Allocation,254029,FRANCE (GOVT OF) FRTR 1 1/2 05/25/31,0.0,0.005048525200577,OB ,SOVEREIGN,FR0012993103,,UV9949289 Govt,FR ,EUR,0.673079,A,11/7/2025
20251107,LPC,Etica Conservative Allocation,511224,FRANCE (GOVT OF) FRTR 2 3/4 02/25/29,0.0,0.004923258208784,OB ,SOVEREIGN,FR001400HI98,,ZK2178539 Govt,FR ,EUR,0.673079,A,11/7/2025
20251107,LPC,Etica Conservative Allocation,568369,FRENCH DISCOUNT T-BILL BTF 0 01/14/26,0.0,0.006157455,OB ,SOVEREIGN,FR0128983980,,YN8205323 Govt,FR ,EUR,0.673079,A,11/7/2025
20251107,LPC,Etica Conservative Allocation,51421,FRENCH DISCOUNT T-BILL BTF 0 12/31/25,0.0,0.0085255125,OB ,SOVEREIGN,FR0128690742,,YS3714856 Govt,FR ,EUR,0.673079,A,11/7/2025
20251107,LPC,Etica Conservative Allocation,553272,GERMAN TREASURY BILL BUBILL 0 01/14/26,0.0,0.0062019725,OB ,SOVEREIGN,DE000BU0E246,,YS4477537 Govt,DE ,EUR,0.673079,A,11/7/2025
20251107,LPC,Etica Conservative Allocation,164733,DEBITI COMMISSIONE GESTIONE,-0.000175974300496,0.0,CD ,CASH,,,DEBITI COMMISSIONE GESTIONE,5A ,EUR,0.673079,,11/7/2025
20251107,LPC,Etica Conservative Allocation,247714,DEBITI CONTRIBUTI VIGILANZA,-0.004471303412523,0.0,CD ,CASH,,,DEBITI CONTRIBUTI VIGILANZA,5A ,EUR,0.673079,,11/7/2025
20251107,LPD,Etica Dynamic Allocation,3458,NVIDIA CORP,0.050229537141668,0.034038246,AZ ,Information Technology,US67066G1040,2379504,NVDA US Equity,US ,USD,2.244655,,11/7/2025
20251107,LPD,Etica Dynamic Allocation,164727,USD,0.043225743203127,0.0,LQ ,CASH,,,USD,US ,USD,2.244655,,11/7/2025
20251107,LPD,Etica Dynamic Allocation,212626,BUONI POLIENNALI DEL TES BTPS 3.85 07/01/34,0.024193600418634,0.0,OB ,SOVEREIGN,IT0005584856,,ZD2941395 Govt,IT ,EUR,2.244655,B,11/7/2025
20251107,LPD,Etica Dynamic Allocation,335795,FRANCE (GOVT OF) FRTR 3 05/25/33,0.02297909345859,0.0,OB ,SOVEREIGN,FR001400H7V7,,ZL9844081 Govt,FR ,EUR,2.244655,A,11/7/2025
20251107,LPD,Etica Dynamic Allocation,509810,BUONI POLIENNALI DEL TES BTPS 4 10/30/31,0.020304451552715,0.0,OB ,SOVEREIGN,IT0005542359,,ZK0285476 Govt,IT ,EUR,2.244655,B,11/7/2025
20251107,LPD,Etica Dynamic Allocation,510744,BUNDESREPUB. DEUTSCHLAND DBR 2.3 02/15/33,0.019165898943567,0.0,OB ,SOVEREIGN,DE000BU3Z005,,ZK3512736 Govt,DE ,EUR,2.244655,A,11/7/2025
20251107,LPD,Etica Dynamic Allocation,571126,AUSTRIAN T-BILL RATB 0 11/27/25,0.019022189441668,0.0,OB ,SOVEREIGN,AT0000A3MUA7,,YL5192205 Govt,AT ,EUR,2.244655,A,11/7/2025
20251107,LPD,Etica Dynamic Allocation,294625,BONOS Y OBLIG DEL ESTADO SPGB 2.35 07/30/33,0.018436745856206,0.0,OB ,SOVEREIGN,ES00000128Q6,,AM6067459 Govt,ES ,EUR,2.244655,A,11/7/2025
20251107,LPD,Etica Dynamic Allocation,36611,FRANCE (GOVT OF) FRTR 3.15 07/25/32,0.017283928603946,0.0,OB ,SOVEREIGN,FR0000188799,,EC7356149 Govt,FR ,EUR,2.244655,A,11/7/2025
20251107,LPD,Etica Dynamic Allocation,45465,MASTERCARD INC - A,0.017053008842021,0.0,AZ ,Financials,US57636Q1040,B121557,MA US Equity,US ,USD,2.244655,,11/7/2025
20251107,LPD,Etica Dynamic Allocation,65876,VISA INC-CLASS A SHARES,0.017003620980124,0.0,AZ ,Financials,US92826C8394,B2PZN04,V US Equity,US ,USD,2.244655,,11/7/2025
20251107,LPD,Etica Dynamic Allocation,554,ORACLE CORP,0.014697191837813,0.0,AZ ,Information Technology,US68389X1054,2661568,ORCL US Equity,US ,USD,2.244655,,11/7/2025
20251107,LPD,Etica Dynamic Allocation,462761,BUNDESREPUB. DEUTSCHLAND DBR 0 08/15/50,0.014321528059914,0.0,OB ,SOVEREIGN,DE0001030724,,BP4742659 Govt,DE ,EUR,2.244655,A,11/7/2025
20251107,LPD,Etica Dynamic Allocation,164724,GBP,0.013238658351755,0.0,LQ ,CASH,,,GBP,GB ,GBP,2.244655,,11/7/2025
20251107,LPD,Etica Dynamic Allocation,459171,EUROPEAN UNION EU 0.2 06/04/36,0.012641391149953,0.0,OB ,Quasi & Foreign Government,EU000A3KM903,,BO4675365 Govt,SNA,EUR,2.244655,A,11/7/2025
20251107,LPD,Etica Dynamic Allocation,534121,TERNA RETE ELETTRICA TRNIM 4 3/4 PERP,0.012167996061993,0.0,OB ,UTILITY,XS2798269069,,ZB2049300 Corp,IT ,EUR,2.244655,B,11/7/2025
20251107,LPD,Etica Dynamic Allocation,480661,BONOS Y OBLIG DEL ESTADO SPGB 0.7 04/30/32,0.011780764155035,0.0,OB ,SOVEREIGN,ES0000012K20,,BT4353020 Govt,ES ,EUR,2.244655,A,11/7/2025
20251107,LPD,Etica Dynamic Allocation,454914,BUONI POLIENNALI DEL TES BTPS 1 1/2 04/30/45,0.010147909906998,0.0,OB ,SOVEREIGN,IT0005438004,,BO3833387 Govt,IT ,EUR,2.244655,B,11/7/2025
20251107,LPD,Etica Dynamic Allocation,492477,BONOS Y OBLIG DEL ESTADO SPGB 2.55 10/31/32,0.009369444347431,0.0,OB ,SOVEREIGN,ES0000012K61,,BX0275376 Govt,ES ,EUR,2.244655,A,11/7/2025
20251107,LPD,Etica Dynamic Allocation,164954,CAD,0.009135590479702,0.0,LQ ,CASH,,,CAD,CA ,CAD,2.244655,,11/7/2025
20251107,LPD,Etica Dynamic Allocation,221482,SERVICENOW INC,0.008989198551722,0.0,AZ ,Information Technology,US81762P1021,B80NXX8,NOW US Equity,US ,USD,2.244655,,11/7/2025
20251107,LPD,Etica Dynamic Allocation,164723,EUR,0.008960062721176,0.0,LQ ,CASH,,,EUR,5A ,EUR,2.244655,,11/7/2025
20251107,LPD,Etica Dynamic Allocation,201018,ABBVIE INC,0.008725023559992,0.0,AZ ,Health Care,US00287Y1091,B92SR70,ABBV US Equity,US ,USD,2.244655,,11/7/2025
20251107,LPD,Etica Dynamic Allocation,450096,BUONI POLIENNALI DEL TES BTPS 0.95 03/01/37,0.008716513663196,0.0,OB ,SOVEREIGN,IT0005433195,,BN3326749 Govt,IT ,EUR,2.244655,B,11/7/2025
20251107,LPD,Etica Dynamic Allocation,300,HOME DEPOT INC,0.008534926553546,0.0,AZ ,Consumer Discretionary,US4370761029,2434209,HD US Equity,US ,USD,2.244655,,11/7/2025
20251107,LPD,Etica Dynamic Allocation,577,APPLIED MATERIALS INC,0.008523507300087,0.0,AZ ,Information Technology,US0382221051,2046552,AMAT US Equity,US ,USD,2.244655,,11/7/2025
20251107,LPD,Etica Dynamic Allocation,405993,SSE PLC SSELN 3 1/8 PERP,0.007695394964538,0.0,OB ,UTILITY,XS2195190520,,BK2936866 Corp,GB ,EUR,2.244655,B,11/7/2025
20251107,LPD,Etica Dynamic Allocation,574251,AUSTRIAN T-BILL RATB 0 03/26/26,0.007561966636388,0.0,OB ,SOVEREIGN,AT0000A3MUC3,,YK2495496 Govt,AT ,EUR,2.244655,A,11/7/2025
20251107,LPD,Etica Dynamic Allocation,480,TEXAS INSTRUMENTS INC,0.007289694868131,0.0,AZ ,Information Technology,US8825081040,2885409,TXN US Equity,US ,USD,2.244655,,11/7/2025
20251107,LPD,Etica Dynamic Allocation,427,PROCTER & GAMBLE CO/THE,0.007239357019993,0.0,AZ ,Consumer Staples,US7427181091,2704407,PG US Equity,US ,USD,2.244655,,11/7/2025
20251107,LPD,Etica Dynamic Allocation,335356,TAKEDA PHARMACEUTICAL TACHEM 1 07/09/29,0.007151245510494,0.0,OB ,INDUSTRIAL,XS2197348597,,BK2909210 Corp,JP ,EUR,2.244655,B,11/7/2025
20251107,LPD,Etica Dynamic Allocation,2839,ASML HOLDING NV,0.007095433913974,0.0,AZ ,Information Technology,NL0010273215,B929F46,ASML NA Equity,NL ,EUR,2.244655,,11/7/2025
20251107,LPD,Etica Dynamic Allocation,406148,AGENCE FRANCAISE DEVELOP AGFRNC 0.01 11/25/28,0.007056361113111,0.0,OB ,Quasi & Foreign Government,FR0014003YN1,,BP9619894 Govt,FR ,EUR,2.244655,A,11/7/2025
20251107,LPD,Etica Dynamic Allocation,222389,MONCLER SPA,0.00701703244421,0.0,AZ ,Consumer Discretionary,IT0004965148,BGLP232,MONC IM Equity,IT ,EUR,2.244655,,11/7/2025
20251107,LPD,Etica Dynamic Allocation,164953,AUD,0.006836504597776,0.0,LQ ,CASH,,,AUD,AU ,AUD,2.244655,,11/7/2025
20251107,LPD,Etica Dynamic Allocation,406226,BUONI POLIENNALI DEL TES BTPS 0.95 06/01/32,0.006761823494974,0.0,OB ,SOVEREIGN,IT0005466013,,BS1324091 Govt,IT ,EUR,2.244655,B,11/7/2025
20251107,LPD,Etica Dynamic Allocation,756,QUALCOMM INC,0.006589678372829,0.0,AZ ,Information Technology,US7475251036,2714923,QCOM US Equity,US ,USD,2.244655,,11/7/2025
20251107,LPD,Etica Dynamic Allocation,360,MEDTRONIC PLC,0.006588866220263,0.0,AZ ,Health Care,IE00BTN1Y115,BTN1Y11,MDT US Equity,US ,USD,2.244655,,11/7/2025
20251107,LPD,Etica Dynamic Allocation,448457,ITALY GOV'T INT BOND ITALY 1 1/4 02/17/26,0.006550145999464,0.0,OB ,Quasi & Foreign Government,US465410CA47,,BM5869821 Govt,IT ,USD,2.244655,B,11/7/2025
20251107,LPD,Etica Dynamic Allocation,4289,CRH PLC,0.006423459337205,0.0,SE ,Materials,IE0001827041,182704,CRH LN Equity,US ,USD,2.244655,,11/7/2025
20251107,LPD,Etica Dynamic Allocation,335439,FRANCE (GOVT OF) FRTR 0 1/2 06/25/44,0.006416106938676,0.0,OB ,SOVEREIGN,FR0014002JM6,,BO6060129 Govt,FR ,EUR,2.244655,A,11/7/2025
20251107,LPD,Etica Dynamic Allocation,1706,TELECOM ITALIA SPA,0.006407472534665,0.0,AZ ,Communication Services,IT0003497168,7634394,TIT IM Equity,IT ,EUR,2.244655,,11/7/2025
20251107,LPD,Etica Dynamic Allocation,23568,SALESFORCE INC,0.006400808543,0.0,AZ ,Information Technology,US79466L3024,2310525,CRM US Equity,US ,USD,2.244655,,11/7/2025
20251107,LPD,Etica Dynamic Allocation,705,LAM RESEARCH CORP,0.00605555574752,0.0,AZ ,Information Technology,US5128073062,BSML4N7,LRCX US Equity,US ,USD,2.244655,,11/7/2025
20251107,LPD,Etica Dynamic Allocation,542,CISCO SYSTEMS INC,0.006053942865067,0.0,AZ ,Information Technology,US17275R1023,2198163,CSCO US Equity,US ,USD,2.244655,,11/7/2025
20251107,LPD,Etica Dynamic Allocation,415726,FRANCE (GOVT OF) FRTR 0 3/4 05/25/52,0.006018321998179,0.0,OB ,SOVEREIGN,FR0013480613,,ZP7360719 Govt,FR ,EUR,2.244655,A,11/7/2025
20251107,LPD,Etica Dynamic Allocation,423,NEW LINDE PLC,0.00599079105421,0.0,AZ ,Materials,IE000S9YS762,BNZHB81,LIN US Equity,US ,USD,2.244655,,11/7/2025
20251107,LPD,Etica Dynamic Allocation,214,DANAHER CORP,0.005961093608551,0.0,AZ ,Health Care,US2358511028,2250870,DHR US Equity,US ,USD,2.244655,,11/7/2025
20251107,LPD,Etica Dynamic Allocation,363,MERCK & CO. INC.,0.005927350249542,0.0,AZ ,Health Care,US58933Y1055,2778844,MRK US Equity,US ,USD,2.244655,,11/7/2025
20251107,LPD,Etica Dynamic Allocation,504096,NEDER WATERSCHAPSBANK NEDWBK 2 3/4 12/17/29,0.005921210939657,0.0,OB ,Quasi & Foreign Government,XS2579321337,,ZM4811604 Govt,NL ,EUR,2.244655,A,11/7/2025
20251107,LPD,Etica Dynamic Allocation,237423,BUONI POLIENNALI DEL TES BTPS 3 08/01/29,0.005875136416549,0.0,OB ,SOVEREIGN,IT0005365165,,AX3905822 Govt,IT ,EUR,2.244655,B,11/7/2025
20251107,LPD,Etica Dynamic Allocation,514999,BUNDESREPUB. DEUTSCHLAND DBR 1.8 08/15/53,0.00566041363448,0.0,OB ,SOVEREIGN,DE0001030757,,ZK9574730 Govt,DE ,EUR,2.244655,A,11/7/2025
20251107,LPD,Etica Dynamic Allocation,172066,ALLINEAMENTO NAV,0.005645167402378,0.0,OT ,CASH,,,ALLINEAMENTO NAV,5A ,EUR,2.244655,,11/7/2025
20251107,LPD,Etica Dynamic Allocation,2703,LONZA GROUP AG-REG,0.005594770156302,0.0,AZ ,Health Care,CH0013841017,7333378,LONN SW Equity,CH ,CHF,2.244655,,11/7/2025
20251107,LPD,Etica Dynamic Allocation,216,DEERE & CO,0.005556202618663,0.0,AZ ,Industrials,US2441991054,2261203,DE US Equity,US ,USD,2.244655,,11/7/2025
20251107,LPD,Etica Dynamic Allocation,30976,NABTESCO CORP,0.005362884035627,0.0,AZ ,Industrials,JP3651210001,6687571,6268 JP Equity,JP ,JPY,2.244655,,11/7/2025
20251107,LPD,Etica Dynamic Allocation,1821,INTUIT INC,0.00516630008906,0.0,AZ ,Information Technology,US4612021034,2459020,INTU US Equity,US ,USD,2.244655,,11/7/2025
20251107,LPD,Etica Dynamic Allocation,358,S&P GLOBAL INC,0.005112267384613,0.0,AZ ,Financials,US78409V1044,BYV2325,SPGI US Equity,US ,USD,2.244655,,11/7/2025
20251107,LPD,Etica Dynamic Allocation,2706,TRANE TECHNOLOGIES PLC,0.005060727870511,0.0,AZ ,Industrials,IE00BK9ZQ967,BK9ZQ96,TT US Equity,US ,USD,2.244655,,11/7/2025
20251107,LPD,Etica Dynamic Allocation,335696,BELGIUM KINGDOM BGB 2 3/4 04/22/39,0.004958259574945,0.0,OB ,SOVEREIGN,BE0000356650,,BZ0281957 Govt,BE ,EUR,2.244655,A,11/7/2025
20251107,LPD,Etica Dynamic Allocation,100,ABBOTT LABORATORIES,0.00468963088018,0.0,AZ ,Health Care,US0028241000,2002305,ABT US Equity,US ,USD,2.244655,,11/7/2025
20251107,LPD,Etica Dynamic Allocation,549,INTEL CORP,0.004668167283211,0.0,AZ ,Information Technology,US4581401001,2463247,INTC US Equity,US ,USD,2.244655,,11/7/2025
20251107,LPD,Etica Dynamic Allocation,397638,PROSUS NV,0.004363418169675,0.0,AZ ,Consumer Discretionary,NL0013654783,BJDS7L3,PRX NA Equity,NL ,EUR,2.244655,,11/7/2025
20251107,LPD,Etica Dynamic Allocation,497,UNION PACIFIC CORP,0.004262950746935,0.0,AZ ,Industrials,US9078181081,2914734,UNP US Equity,US ,USD,2.244655,,11/7/2025
20251107,LPD,Etica Dynamic Allocation,533,AMGEN INC,0.004182460068951,0.0,AZ ,Health Care,US0311621009,2023607,AMGN US Equity,US ,USD,2.244655,,11/7/2025
20251107,LPD,Etica Dynamic Allocation,53583,LOGITECH INTERNATIONAL,0.00417529386011,0.0,SE ,Information Technology,CH0025751329,B1921K0,LOGI US Equity,CH ,CHF,2.244655,,11/7/2025
20251107,LPD,Etica Dynamic Allocation,2170,DSV A/S,0.004131006986463,0.0,AZ ,Industrials,DK0060079531,B1WT5G2,DSV DC Equity,DK ,DKK,2.244655,,11/7/2025
20251107,LPD,Etica Dynamic Allocation,1619,LOREAL SA,0.004129744399538,0.0,AZ ,Consumer Staples,FR0000120321,4057808,OR FP Equity,FR ,EUR,2.244655,,11/7/2025
20251107,LPD,Etica Dynamic Allocation,149,VERIZON COMMUNICATIONS INC,0.00404732519237,0.0,AZ ,Communication Services,US92343V1044,2090571,VZ US Equity,US ,USD,2.244655,,11/7/2025
20251107,LPD,Etica Dynamic Allocation,783,SYNOPSYS INC,0.00403870411482,0.0,AZ ,Information Technology,US8716071076,2867719,SNPS US Equity,US ,USD,2.244655,,11/7/2025
20251107,LPD,Etica Dynamic Allocation,191474,PALO ALTO NETWORKS INC,0.004002154964783,0.0,AZ ,Information Technology,US6974351057,B87ZMX0,PANW US Equity,US ,USD,2.244655,,11/7/2025
20251107,LPD,Etica Dynamic Allocation,3092,MTR CORP,0.003968853663501,0.0,AZ ,Industrials,HK0066009694,6290054,66 HK Equity,HK ,HKD,2.244655,,11/7/2025
20251107,LPD,Etica Dynamic Allocation,133,AUTOMATIC DATA PROCESSING,0.003846670583313,0.0,AZ ,Industrials,US0530151036,2065308,ADP US Equity,US ,USD,2.244655,,11/7/2025
20251107,LPD,Etica Dynamic Allocation,348394,KNORR-BREMSE AG,0.003831275475611,0.0,AZ ,Industrials,DE000KBX1006,BD2P9X9,KBX GR Equity,DE ,EUR,2.244655,,11/7/2025
20251107,LPD,Etica Dynamic Allocation,302,HONDA MOTOR CO LTD,0.003813731380995,0.0,AZ ,Consumer Discretionary,JP3854600008,6435145,7267 JP Equity,JP ,JPY,2.244655,,11/7/2025
20251107,LPD,Etica Dynamic Allocation,451544,EDP SA EDPPL 1 7/8 08/02/2081,0.003800603294569,0.0,OB ,UTILITY,PTEDPROM0029,,BN7191719 Corp,PT ,EUR,2.244655,C,11/7/2025
20251107,LPD,Etica Dynamic Allocation,1258,KAO CORP,0.003785416460404,0.0,AZ ,Consumer Staples,JP3205800000,6483809,4452 JP Equity,JP ,JPY,2.244655,,11/7/2025
20251107,LPD,Etica Dynamic Allocation,559,STRYKER CORP,0.003748491504186,0.0,AZ ,Health Care,US8636671013,2853688,SYK UN Equity,US ,USD,2.244655,,11/7/2025
20251107,LPD,Etica Dynamic Allocation,1658,ATLAS COPCO AB-A SHS,0.003733200342875,0.0,AZ ,Industrials,SE0017486889,BLDBN41,ATCOA SS Equity,SE ,SEK,2.244655,,11/7/2025
20251107,LPD,Etica Dynamic Allocation,406149,CAISSE D'AMORT DETTE SOC CADES 0 11/25/26,0.00372516448731,0.0,OB ,Quasi & Foreign Government,FR0014004016,,BP9677991 Govt,FR ,EUR,2.244655,A,11/7/2025
20251107,LPD,Etica Dynamic Allocation,492162,KOMMUNEKREDIT KOMMUN 1 1/2 05/16/29,0.003724600206905,0.0,OB ,Quasi & Foreign Government,XS2489343793,,BW8977538 Govt,DK ,EUR,2.244655,A,11/7/2025
20251107,LPD,Etica Dynamic Allocation,236196,IMCD NV,0.003723732844717,0.0,AZ ,Industrials,NL0010801007,BNCBD46,IMCD NA Equity,NL ,EUR,2.244655,,11/7/2025
20251107,LPD,Etica Dynamic Allocation,486,TJX COMPANIES INC,0.003706429387899,0.0,AZ ,Consumer Discretionary,US8725401090,2989301,TJX US Equity,US ,USD,2.244655,,11/7/2025
20251107,LPD,Etica Dynamic Allocation,520,WESTERN DIGITAL CORP,0.003694084897339,0.0,AZ ,Information Technology,US9581021055,2954699,WDC US Equity,US ,USD,2.244655,,11/7/2025
20251107,LPD,Etica Dynamic Allocation,406011,ERG SPA ERGIM 0 1/2 09/11/27,0.003671252482517,0.0,OB ,UTILITY,XS2229434852,,ZO3431582 Corp,IT ,EUR,2.244655,NR,11/7/2025
20251107,LPD,Etica Dynamic Allocation,125,ANALOG DEVICES INC,0.003585803599787,0.0,AZ ,Information Technology,US0326541051,2032067,ADI US Equity,US ,USD,2.244655,,11/7/2025
20251107,LPD,Etica Dynamic Allocation,531,ADOBE INC,0.003582164333856,0.0,AZ ,Information Technology,US00724F1012,2008154,ADBE US Equity,US ,USD,2.244655,,11/7/2025
20251107,LPD,Etica Dynamic Allocation,164959,JPY,0.003564130587013,0.0,LQ ,CASH,,,JPY,JP ,JPY,2.244655,,11/7/2025
20251107,LPD,Etica Dynamic Allocation,2088,SAP SE,0.003514309424778,0.0,AZ ,Information Technology,DE0007164600,4846288,SAP GY Equity,DE ,EUR,2.244655,,11/7/2025
20251107,LPD,Etica Dynamic Allocation,406118,CAISSE FRANCAISE DE FIN CAFFIL 0.01 04/27/29,0.003487965678044,0.0,OB ,Covered,FR00140033E4,,BP1529455 Govt,FR ,EUR,2.244655,A,11/7/2025
20251107,LPD,Etica Dynamic Allocation,667,GILEAD SCIENCES INC,0.003460396658474,0.0,AZ ,Health Care,US3755581036,2369174,GILD US Equity,US ,USD,2.244655,,11/7/2025
20251107,LPD,Etica Dynamic Allocation,3033,STMICROELECTRONICS NV,0.003446367322575,0.0,SE ,Information Technology,NL0000226223,5962343,STMMI IM Equity,FR ,EUR,2.244655,,11/7/2025
20251107,LPD,Etica Dynamic Allocation,670,WELLTOWER INC,0.003380168702136,0.0,AZ ,Real Estate,US95040Q1040,BYVYHH4,WELL US Equity,US ,USD,2.244655,,11/7/2025
20251107,LPD,Etica Dynamic Allocation,159,BOSTON SCIENTIFIC CORP,0.003366529641146,0.0,AZ ,Health Care,US1011371077,2113434,BSX US Equity,US ,USD,2.244655,,11/7/2025
20251107,LPD,Etica Dynamic Allocation,428670,HEINEKEN NV HEIANA 1 1/4 05/07/33,0.003323814909059,0.0,OB ,INDUSTRIAL,XS2168629967,,BJ1875167 Corp,NL ,EUR,2.244655,B,11/7/2025
20251107,LPD,Etica Dynamic Allocation,335490,LANDWIRTSCH. RENTENBANK RENTEN 0 06/30/31,0.003297042431059,0.0,OB ,Quasi & Foreign Government,XS2359292955,,BQ1979823 Corp,DE ,EUR,2.244655,A,11/7/2025
20251107,LPD,Etica Dynamic Allocation,481243,CAISSE D'AMORT DETTE SOC CADES 0.45 01/19/32,0.003294948273011,0.0,OB ,Quasi & Foreign Government,FR0014007RB1,,BT4620824 Govt,FR ,EUR,2.244655,A,11/7/2025
20251107,LPD,Etica Dynamic Allocation,454,SONY GROUP CORP,0.003293919470275,0.0,AZ ,Consumer Discretionary,JP3435000009,6821506,6758 JP Equity,JP ,JPY,2.244655,,11/7/2025
20251107,LPD,Etica Dynamic Allocation,2489,LENOVO GROUP LTD,0.00329299461393,0.0,AZ ,Information Technology,HK0992009065,6218089,992 HK Equity,CN ,CNY,2.244655,,11/7/2025
20251107,LPD,Etica Dynamic Allocation,3760,ABB LTD,0.003258104798579,0.0,AZ ,Industrials,CH0012221716,7108899,ABBN SW Equity,CH ,CHF,2.244655,,11/7/2025
20251107,LPD,Etica Dynamic Allocation,4264,AUTODESK INC,0.003255995410291,0.0,AZ ,Information Technology,US0527691069,2065159,ADSK US Equity,US ,USD,2.244655,,11/7/2025
20251107,LPD,Etica Dynamic Allocation,18091,PROLOGIS INC,0.003248120614518,0.0,AZ ,Real Estate,US74340W1036,B44WZD7,PLD UN Equity,US ,USD,2.244655,,11/7/2025
20251107,LPD,Etica Dynamic Allocation,344,LOWE'S COS INC,0.003237326181669,0.0,AZ ,Consumer Discretionary,US5486611073,2536763,LOW US Equity,US ,USD,2.244655,,11/7/2025
20251107,LPD,Etica Dynamic Allocation,49402,SARTORIUS STEDIM BIOTECH,0.003236081490277,0.0,AZ ,Health Care,FR0013154002,BYZ2QP5,DIM FP Equity,FR ,EUR,2.244655,,11/7/2025
20251107,LPD,Etica Dynamic Allocation,335524,AGENCE FRANCAISE DEVELOP AGFRNC 0 1/8 09/29/31,0.003195660813143,0.0,OB ,Quasi & Foreign Government,FR0014005NA6,,BR5562094 Govt,FR ,EUR,2.244655,A,11/7/2025
20251107,LPD,Etica Dynamic Allocation,2955,VOESTALPINE AG,0.003159682416363,0.0,AZ ,Materials,AT0000937503,4943402,VOE AV Equity,AT ,EUR,2.244655,,11/7/2025
20251107,LPD,Etica Dynamic Allocation,1404,OBAYASHI CORP,0.003134125692299,0.0,AZ ,Industrials,JP3190000004,6656407,1802 JP Equity,JP ,JPY,2.244655,,11/7/2025
20251107,LPD,Etica Dynamic Allocation,2566,UNITED PARCEL SERVICE-CL B,0.003109576067878,0.0,AZ ,Industrials,US9113121068,2517382,UPS US Equity,US ,USD,2.244655,,11/7/2025
20251107,LPD,Etica Dynamic Allocation,233530,ZALANDO SE,0.003093365380805,0.0,AZ ,Consumer Discretionary,DE000ZAL1111,BQV0SV7,ZAL GR Equity,DE ,EUR,2.244655,,11/7/2025
20251107,LPD,Etica Dynamic Allocation,424846,OTIS WORLDWIDE CORP,0.003087560374696,0.0,AZ ,Industrials,US68902V1070,BK531S8,OTIS US Equity,US ,USD,2.244655,,11/7/2025
20251107,LPD,Etica Dynamic Allocation,40461,VERTEX PHARMACEUTICALS INC,0.002990852536786,0.0,AZ ,Health Care,US92532F1003,2931034,VRTX US Equity,US ,USD,2.244655,,11/7/2025
20251107,LPD,Etica Dynamic Allocation,1146,BRIDGESTONE CORP,0.002948810219811,0.0,AZ ,Consumer Discretionary,JP3830800003,6132101,5108 JP Equity,JP ,JPY,2.244655,,11/7/2025
20251107,LPD,Etica Dynamic Allocation,1285,KUBOTA CORP,0.002842682097489,0.0,AZ ,Industrials,JP3266400005,6497509,6326 JT Equity,JP ,JPY,2.244655,,11/7/2025
20251107,LPD,Etica Dynamic Allocation,3014,ANHEUSER-BUSCH INBEV SA/NV,0.002822165821469,0.0,AZ ,Consumer Staples,BE0974293251,BYYHL23,ABI BB Equity,BE ,EUR,2.244655,,11/7/2025
20251107,LPD,Etica Dynamic Allocation,1545,TOTO LTD,0.002818749678559,0.0,AZ ,Industrials,JP3596200000,6897466,5332 JP Equity,JP ,JPY,2.244655,,11/7/2025
20251107,LPD,Etica Dynamic Allocation,1526,TOKYO ELECTRON LTD,0.002818620983028,0.0,AZ ,Information Technology,JP3571400005,6895675,8035 JP Equity,JP ,JPY,2.244655,,11/7/2025
20251107,LPD,Etica Dynamic Allocation,4223,COLGATE-PALMOLIVE CO,0.002798655280196,0.0,AZ ,Consumer Staples,US1941621039,2209106,CL US Equity,US ,USD,2.244655,,11/7/2025
20251107,LPD,Etica Dynamic Allocation,166783,XYLEM INC,0.002713214393342,0.0,AZ ,Industrials,US98419M1009,B3P2CN8,XYL US Equity,US ,USD,2.244655,,11/7/2025
20251107,LPD,Etica Dynamic Allocation,1288,KURITA WATER INDUSTRIES LTD,0.002707250992733,0.0,AZ ,Industrials,JP3270000007,6497963,6370 JP Equity,JP ,JPY,2.244655,,11/7/2025
20251107,LPD,Etica Dynamic Allocation,164726,SEK,0.002672664259165,0.0,LQ ,CASH,,,SEK,SE ,SEK,2.244655,,11/7/2025
20251107,LPD,Etica Dynamic Allocation,232,ECOLAB INC,0.002662977445547,0.0,AZ ,Materials,US2788651006,2304227,ECL US Equity,US ,USD,2.244655,,11/7/2025
20251107,LPD,Etica Dynamic Allocation,3013,NOVARTIS AG,0.002660601908808,0.0,AZ ,Health Care,CH0012005267,7103065,NOVN SW Equity,CH ,CHF,2.244655,,11/7/2025
20251107,LPD,Etica Dynamic Allocation,392,NOVO NORDISK A/S-B,0.00264920169315,0.0,AZ ,Health Care,DK0062498333,BP6KMJ1,NOVOB DC Equity,DK ,DKK,2.244655,,11/7/2025
20251107,LPD,Etica Dynamic Allocation,1609,ESSILORLUXOTTICA,0.002642065944789,0.0,AZ ,Health Care,FR0000121667,7212477,EL FP Equity,FR ,EUR,2.244655,,11/7/2025
20251107,LPD,Etica Dynamic Allocation,471,TDK CORP,0.002597567370802,0.0,AZ ,Information Technology,JP3538800008,6869302,6762 JP Equity,JP ,JPY,2.244655,,11/7/2025
20251107,LPD,Etica Dynamic Allocation,236299,VONOVIA SE,0.002595025062931,0.0,AZ ,Real Estate,DE000A1ML7J1,BBJPFY1,VNA GR Equity,DE ,EUR,2.244655,,11/7/2025
20251107,LPD,Etica Dynamic Allocation,23406,IBIDEN CO LTD,0.002591674410054,0.0,AZ ,Information Technology,JP3148800000,6456102,4062 JP Equity,JP ,JPY,2.244655,,11/7/2025
20251107,LPD,Etica Dynamic Allocation,1790,CHINA OVERSEAS LAND & INVEST,0.00252787264869,0.0,AZ ,Real Estate,HK0688002218,6192150,688 HK Equity,CN ,CNY,2.244655,,11/7/2025
20251107,LPD,Etica Dynamic Allocation,405936,CARRIER GLOBAL CORP,0.002510927864032,0.0,AZ ,Industrials,US14448C1045,BK4N0D7,CARR US Equity,US ,USD,2.244655,,11/7/2025
20251107,LPD,Etica Dynamic Allocation,57392,EQUINIX INC,0.002442220061495,0.0,AZ ,Real Estate,US29444U7000,BVLZX12,EQIX US Equity,US ,USD,2.244655,,11/7/2025
20251107,LPD,Etica Dynamic Allocation,164955,CHF,0.002430054145503,0.0,LQ ,CASH,,,CHF,CH ,CHF,2.244655,,11/7/2025
20251107,LPD,Etica Dynamic Allocation,3011,DEUTSCHE TELEKOM AG,0.002393595234641,0.0,AZ ,Communication Services,DE0005557508,5842359,DTE GR Equity,DE ,EUR,2.244655,,11/7/2025
20251107,LPD,Etica Dynamic Allocation,3119,INTERPUMP GROUP SPA,0.002387551113757,0.0,AZ ,Industrials,IT0001078911,5161407,IP IM Equity,IT ,EUR,2.244655,,11/7/2025
20251107,LPD,Etica Dynamic Allocation,3371,ERG SPA,0.0023633159938,0.0,AZ ,Utilities,IT0001157020,5337093,ERG IM Equity,IT ,EUR,2.244655,,11/7/2025
20251107,LPD,Etica Dynamic Allocation,17897,SK HYNIX INC,0.002357549063291,0.0,AZ ,Information Technology,KR7000660001,6450267,000660 KS Equity,KR ,KRW,2.244655,,11/7/2025
20251107,LPD,Etica Dynamic Allocation,2831,BREMBO N.V.,0.002311351936748,0.0,AZ ,Consumer Discretionary,NL0015001KT6,BSMM753,BRE IM Equity,IT ,EUR,2.244655,,11/7/2025
20251107,LPD,Etica Dynamic Allocation,1337,MURATA MANUFACTURING CO LTD,0.00230551152033,0.0,AZ ,Information Technology,JP3914400001,6610403,6981 JP Equity,JP ,JPY,2.244655,,11/7/2025
20251107,LPD,Etica Dynamic Allocation,49977,TE CONNECTIVITY PLC,0.002265200881682,0.0,AZ ,Information Technology,IE000IVNQZ81,BRC3N84,TEL US Equity,US ,USD,2.244655,,11/7/2025
20251107,LPD,Etica Dynamic Allocation,23355,RALPH LAUREN CORP,0.002254020742997,0.0,AZ ,Consumer Discretionary,US7512121010,B4V9661,RL US Equity,US ,USD,2.244655,,11/7/2025
20251107,LPD,Etica Dynamic Allocation,4266,MCCORMICK & CO-NON VTG SHRS,0.002231951743973,0.0,AZ ,Consumer Staples,US5797802064,2550161,MKC UN Equity,US ,USD,2.244655,,11/7/2025
20251107,LPD,Etica Dynamic Allocation,164960,NOK,0.002214007855549,0.0,LQ ,CASH,,,NOK,NO ,NOK,2.244655,,11/7/2025
20251107,LPD,Etica Dynamic Allocation,2867,DARDEN RESTAURANTS INC,0.002202795352603,0.0,AZ ,Consumer Discretionary,US2371941053,2289874,DRI UN Equity,US ,USD,2.244655,,11/7/2025
20251107,LPD,Etica Dynamic Allocation,188,THE CIGNA GROUP,0.002150175633704,0.0,AZ ,Health Care,US1255231003,BHJ0775,CI US Equity,US ,USD,2.244655,,11/7/2025
20251107,LPD,Etica Dynamic Allocation,1575,ASTELLAS PHARMA INC,0.002146029581524,0.0,AZ ,Health Care,JP3942400007,6985383,4503 JP Equity,JP ,JPY,2.244655,,11/7/2025
20251107,LPD,Etica Dynamic Allocation,1340,NEC CORP,0.002120281717944,0.0,AZ ,Information Technology,JP3733000008,6640400,6701 JP Equity,JP ,JPY,2.244655,,11/7/2025
20251107,LPD,Etica Dynamic Allocation,3065,ELEVANCE HEALTH INC,0.002101563752553,0.0,AZ ,Health Care,US0367521038,BSPHGL4,ELV US Equity,US ,USD,2.244655,,11/7/2025
20251107,LPD,Etica Dynamic Allocation,276440,DELL TECHNOLOGIES -C,0.00208995983243,0.0,AZ ,Information Technology,US24703L2025,BHKD3S6,DELL US Equity,US ,USD,2.244655,,11/7/2025
20251107,LPD,Etica Dynamic Allocation,184644,ZOETIS INC,0.002049267676262,0.0,AZ ,Health Care,US98978V1035,B95WG16,ZTS US Equity,US ,USD,2.244655,,11/7/2025
20251107,LPD,Etica Dynamic Allocation,651,EXPEDITORS INTL WASH INC,0.001998590193764,0.0,AZ ,Industrials,US3021301094,2325507,EXPD US Equity,US ,USD,2.244655,,11/7/2025
20251107,LPD,Etica Dynamic Allocation,535701,BUNDESOBLIGATION OBL 2.1 04/12/29,0.001926957804324,0.0,OB ,SOVEREIGN,DE000BU35025,,ZB6879496 Govt,DE ,EUR,2.244655,A,11/7/2025
20251107,LPD,Etica Dynamic Allocation,100272,AMERICAN WATER WORKS CO INC,0.001915669150176,0.0,AZ ,Utilities,US0304201033,B2R3PV1,AWK US Equity,US ,USD,2.244655,,11/7/2025
20251107,LPD,Etica Dynamic Allocation,1457,SHIMIZU CORP,0.001832801793186,0.0,AZ ,Industrials,JP3358800005,6804400,1803 JP Equity,JP ,JPY,2.244655,,11/7/2025
20251107,LPD,Etica Dynamic Allocation,2658,ASSA ABLOY AB-B,0.001829293507321,0.0,AZ ,Industrials,SE0007100581,BYPC1T4,ASSAB SS Equity,SE ,SEK,2.244655,,11/7/2025
20251107,LPD,Etica Dynamic Allocation,366,MICRON TECHNOLOGY INC,0.001823924466841,0.0,AZ ,Information Technology,US5951121038,2588184,MU US Equity,US ,USD,2.244655,,11/7/2025
20251107,LPD,Etica Dynamic Allocation,349,MASCO CORP,0.001782596448139,0.0,AZ ,Industrials,US5745991068,2570200,MAS US Equity,US ,USD,2.244655,,11/7/2025
20251107,LPD,Etica Dynamic Allocation,19461,DICK'S SPORTING GOODS INC,0.001780652307958,0.0,AZ ,Consumer Discretionary,US2533931026,2969637,DKS US Equity,US ,USD,2.244655,,11/7/2025
20251107,LPD,Etica Dynamic Allocation,1001,PERSIMMON PLC,0.0017522159262,0.0,AZ ,Consumer Discretionary,GB0006825383,682538,PSN LN Equity,GB ,GBP,2.244655,,11/7/2025
20251107,LPD,Etica Dynamic Allocation,4275,HASBRO INC,0.001733273314764,0.0,AZ ,Consumer Discretionary,US4180561072,2414580,HAS US Equity,US ,USD,2.244655,,11/7/2025
20251107,LPD,Etica Dynamic Allocation,469,SYSCO CORP,0.001731491376643,0.0,AZ ,Consumer Staples,US8718291078,2868165,SYY US Equity,US ,USD,2.244655,,11/7/2025
20251107,LPD,Etica Dynamic Allocation,88166,REXEL SA,0.001730491511364,0.0,AZ ,Industrials,FR0010451203,B1VP0K0,RXL FP Equity,FR ,EUR,2.244655,,11/7/2025
20251107,LPD,Etica Dynamic Allocation,148,BECTON DICKINSON AND CO,0.001720270497064,0.0,AZ ,Health Care,US0758871091,2087807,BDX US Equity,US ,USD,2.244655,,11/7/2025
20251107,LPD,Etica Dynamic Allocation,239132,REPUBLIKA SLOVENIJA SLOREP 0 1/8 07/01/31,0.001671522305263,0.0,OB ,SOVEREIGN,SI0002104196,,BQ1964585 Govt,SI ,EUR,2.244655,A,11/7/2025
20251107,LPD,Etica Dynamic Allocation,1088,ORICA LTD,0.001666310897771,0.0,AZ ,Materials,AU000000ORI1,6458001,ORI AU Equity,AU ,AUD,2.244655,,11/7/2025
20251107,LPD,Etica Dynamic Allocation,18074,ESTEE LAUDER COMPANIES-CL A,0.001645667068488,0.0,AZ ,Consumer Staples,US5184391044,2320524,EL US Equity,US ,USD,2.244655,,11/7/2025
20251107,LPD,Etica Dynamic Allocation,318,INTL FLAVORS & FRAGRANCES,0.001617651041363,0.0,AZ ,Materials,US4595061015,2464165,IFF US Equity,US ,USD,2.244655,,11/7/2025
20251107,LPD,Etica Dynamic Allocation,2298,TRACTOR SUPPLY COMPANY,0.001583810970329,0.0,AZ ,Consumer Discretionary,US8923561067,2900335,TSCO US Equity,US ,USD,2.244655,,11/7/2025
20251107,LPD,Etica Dynamic Allocation,152,BEST BUY CO INC,0.001578340267995,0.0,AZ ,Consumer Discretionary,US0865161014,2094670,BBY US Equity,US ,USD,2.244655,,11/7/2025
20251107,LPD,Etica Dynamic Allocation,1734,NOKIA OYJ,0.001528088851471,0.0,AZ ,Information Technology,FI0009000681,5902941,NOKIA FH Equity,FI ,EUR,2.244655,,11/7/2025
20251107,LPD,Etica Dynamic Allocation,242496,PAYPAL HOLDINGS INC,0.001527309824677,0.0,AZ ,Financials,US70450Y1038,BYW36M8,PYPL US Equity,US ,USD,2.244655,,11/7/2025
20251107,LPD,Etica Dynamic Allocation,31928,DIGITAL REALTY TRUST INC,0.001520395676314,0.0,AZ ,Real Estate,US2538681030,B03GQS4,DLR US Equity,US ,USD,2.244655,,11/7/2025
20251107,LPD,Etica Dynamic Allocation,34107,DAIICHI SANKYO CO LTD,0.001447121086208,0.0,AZ ,Health Care,JP3475350009,B0J7D91,4568 JP Equity,JP ,JPY,2.244655,,11/7/2025
20251107,LPD,Etica Dynamic Allocation,2985,CANADIAN NATL RAILWAY CO,0.001430415416323,0.0,AZ ,Industrials,CA1363751027,2180632,CNR CN Equity,CA ,CAD,2.244655,,11/7/2025
20251107,LPD,Etica Dynamic Allocation,23481,CBRE GROUP INC,0.001391222296562,0.0,AZ ,Real Estate,US12504L1098,B6WVMH3,CBRE US Equity,US ,USD,2.244655,,11/7/2025
20251107,LPD,Etica Dynamic Allocation,1138,ASICS CORP,0.001356783677081,0.0,AZ ,Consumer Discretionary,JP3118000003,6057378,7936 JP Equity,JP ,JPY,2.244655,,11/7/2025
20251107,LPD,Etica Dynamic Allocation,253654,FERRARI NV,0.001332506673963,0.0,AZ ,Consumer Discretionary,NL0011585146,BZ1GMK5,RACE US Equity,IT ,EUR,2.244655,,11/7/2025
20251107,LPD,Etica Dynamic Allocation,164722,DKK,0.001292149202326,0.0,LQ ,CASH,,,DKK,DK ,DKK,2.244655,,11/7/2025
20251107,LPD,Etica Dynamic Allocation,1733,ROCHE HOLDING AG-GENUSSCHEIN,0.001272915312544,0.0,AZ ,Health Care,CH0012032048,7110388,ROG SW Equity,CH ,CHF,2.244655,,11/7/2025
20251107,LPD,Etica Dynamic Allocation,211955,TECHNOGYM SPA,0.001256533666023,0.0,AZ ,Consumer Discretionary,IT0005162406,BD9Y5C0,TGYM IM Equity,IT ,EUR,2.244655,,11/7/2025
20251107,LPD,Etica Dynamic Allocation,336777,ULTA BEAUTY INC,0.001243645075126,0.0,AZ ,Consumer Discretionary,US90384S3031,B28TS42,ULTA UW Equity,US ,USD,2.244655,,11/7/2025
20251107,LPD,Etica Dynamic Allocation,3385,YUM! BRANDS INC,0.00122657997157,0.0,AZ ,Consumer Discretionary,US9884981013,2098876,YUM UN Equity,US ,USD,2.244655,,11/7/2025
20251107,LPD,Etica Dynamic Allocation,50381,LULULEMON ATHLETICA INC,0.001207981563566,0.0,AZ ,Consumer Discretionary,US5500211090,B23FN39,LULU US Equity,US ,USD,2.244655,,11/7/2025
20251107,LPD,Etica Dynamic Allocation,3837,AGILENT TECHNOLOGIES INC,0.001207003401379,0.0,AZ ,Health Care,US00846U1016,2520153,A US Equity,US ,USD,2.244655,,11/7/2025
20251107,LPD,Etica Dynamic Allocation,335212,LEVI STRAUSS & CO- CLASS A,0.001200011198034,0.0,AZ ,Consumer Discretionary,US52736R1023,BHRWS81,LEVI US Equity,US ,USD,2.244655,,11/7/2025
20251107,LPD,Etica Dynamic Allocation,57810,VENTAS INC,0.001198861314888,0.0,AZ ,Real Estate,US92276F1003,2927925,VTR US Equity,US ,USD,2.244655,,11/7/2025
20251107,LPD,Etica Dynamic Allocation,1,LG ELECTRONICS INC,0.001176448493188,0.0,AZ ,Consumer Discretionary,KR7066570003,6520739,066570 KS Equity,KR ,KRW,2.244655,,11/7/2025
20251107,LPD,Etica Dynamic Allocation,387,NORSK HYDRO ASA,0.001172875859558,0.0,AZ ,Materials,NO0005052605,B11HK39,NHY NO Equity,NO ,NOK,2.244655,,11/7/2025
20251107,LPD,Etica Dynamic Allocation,343334,GODADDY INC - CLASS A,0.00114682339117,0.0,AZ ,Information Technology,US3802371076,BWFRFC6,GDDY US Equity,US ,USD,2.244655,,11/7/2025
20251107,LPD,Etica Dynamic Allocation,1755,SWIRE PACIFIC LTD - CL A,0.001138000132179,0.0,AZ ,Industrials,HK0019000162,6867748,19 HK Equity,HK ,HKD,2.244655,,11/7/2025
20251107,LPD,Etica Dynamic Allocation,173,CADENCE DESIGN SYS INC,0.001101557974581,0.0,AZ ,Information Technology,US1273871087,2302232,CDNS US Equity,US ,USD,2.244655,,11/7/2025
20251107,LPD,Etica Dynamic Allocation,58909,EDWARDS LIFESCIENCES CORP,0.001042599429648,0.0,AZ ,Health Care,US28176E1082,2567116,EW US Equity,US ,USD,2.244655,,11/7/2025
20251107,LPD,Etica Dynamic Allocation,335227,NEXI SPA,0.001024178073189,0.0,AZ ,Financials,IT0005366767,BJ1F880,NEXI IM Equity,IT ,EUR,2.244655,,11/7/2025
20251107,LPD,Etica Dynamic Allocation,235482,MERLIN PROPERTIES SOCIMI SA,0.00096303170423,0.0,AZ ,Real Estate,ES0105025003,BNGNB77,MRL SM Equity,ES ,EUR,2.244655,,11/7/2025
20251107,LPD,Etica Dynamic Allocation,1010,RELX PLC,0.000952391477565,0.0,AZ ,Industrials,GB00B2B0DG97,B2B0DG9,REL LN Equity,GB ,GBP,2.244655,,11/7/2025
20251107,LPD,Etica Dynamic Allocation,24041,TERNA-RETE ELETTRICA NAZIONA,0.000946379720943,0.0,AZ ,Utilities,IT0003242622,B01BN57,TRN IM Equity,IT ,EUR,2.244655,,11/7/2025
20251107,LPD,Etica Dynamic Allocation,3466,COGNIZANT TECH SOLUTIONS-A,0.000900746494049,0.0,AZ ,Information Technology,US1924461023,2257019,CTSH US Equity,US ,USD,2.244655,,11/7/2025
20251107,LPD,Etica Dynamic Allocation,312,INGERSOLL-RAND INC,0.000895011927801,0.0,AZ ,Industrials,US45687V1061,BL5GZ82,IR UN Equity,US ,USD,2.244655,,11/7/2025
20251107,LPD,Etica Dynamic Allocation,44974,LEGRAND SA,0.000889941019276,0.0,AZ ,Industrials,FR0010307819,B11ZRK9,LR FP Equity,FR ,EUR,2.244655,,11/7/2025
20251107,LPD,Etica Dynamic Allocation,67156,KEURIG DR PEPPER INC,0.000879755415286,0.0,AZ ,Consumer Staples,US49271V1008,BD3W133,KDP US Equity,US ,USD,2.244655,,11/7/2025
20251107,LPD,Etica Dynamic Allocation,58318,AZBIL CORP,0.000868315601002,0.0,AZ ,Information Technology,JP3937200008,6985543,6845 JP Equity,JP ,JPY,2.244655,,11/7/2025
20251107,LPD,Etica Dynamic Allocation,17956,RENESAS ELECTRONICS CORP,0.000867520963212,0.0,AZ ,Information Technology,JP3164720009,6635677,6723 JP Equity,JP ,JPY,2.244655,,11/7/2025
20251107,LPD,Etica Dynamic Allocation,222506,ORORA LTD,0.000848762256929,0.0,AZ ,Materials,AU000000ORA8,BH4TCW7,ORA AU Equity,AU ,AUD,2.244655,,11/7/2025
20251107,LPD,Etica Dynamic Allocation,2297,AVALONBAY COMMUNITIES INC,0.000817057465591,0.0,AZ ,Real Estate,US0534841012,2131179,AVB US Equity,US ,USD,2.244655,,11/7/2025
20251107,LPD,Etica Dynamic Allocation,1122,AJINOMOTO CO INC,0.000778343336888,0.0,AZ ,Consumer Staples,JP3119600009,6010906,2802 JP Equity,JP ,JPY,2.244655,,11/7/2025
20251107,LPD,Etica Dynamic Allocation,31968,PENTAIR PLC,0.000759452889026,0.0,AZ ,Industrials,IE00BLS09M33,BLS09M3,PNR UN Equity,US ,USD,2.244655,,11/7/2025
20251107,LPD,Etica Dynamic Allocation,235835,RAI WAY SPA,0.000756209990099,0.0,AZ ,Communication Services,IT0005054967,BSM8WL2,RWAY IM Equity,IT ,EUR,2.244655,,11/7/2025
20251107,LPD,Etica Dynamic Allocation,4106,ZIMMER BIOMET HOLDINGS INC,0.000695922987452,0.0,AZ ,Health Care,US98956P1021,2783815,ZBH US Equity,US ,USD,2.244655,,11/7/2025
20251107,LPD,Etica Dynamic Allocation,50261,DIASORIN SPA,0.000694489821835,0.0,AZ ,Health Care,IT0003492391,B234WN9,DIA IM Equity,IT ,EUR,2.244655,,11/7/2025
20251107,LPD,Etica Dynamic Allocation,3478,SOL SPA,0.000690358238384,0.0,AZ ,Materials,IT0001206769,5490684,SOL IM Equity,IT ,EUR,2.244655,,11/7/2025
20251107,LPD,Etica Dynamic Allocation,1040,TATE & LYLE PLC,0.000677635657107,0.0,AZ ,Consumer Staples,GB00BP92CJ43,BP92CJ4,TATE LN Equity,GB ,GBP,2.244655,,11/7/2025
20251107,LPD,Etica Dynamic Allocation,58590,SYSMEX CORP,0.000668401943139,0.0,AZ ,Health Care,JP3351100007,6883807,6869 JP Equity,JP ,JPY,2.244655,,11/7/2025
20251107,LPD,Etica Dynamic Allocation,3245,EDP SA,0.000600917509658,0.0,AZ ,Utilities,PTEDP0AM0009,4103596,EDP PL Equity,PT ,EUR,2.244655,,11/7/2025
20251107,LPD,Etica Dynamic Allocation,1093,LENDLEASE GROUP,0.000563638450352,0.0,AZ ,Real Estate,AU000000LLC3,6512004,LLC AU Equity,AU ,AUD,2.244655,,11/7/2025
20251107,LPD,Etica Dynamic Allocation,1024,SSE PLC,0.000532084057638,0.0,AZ ,Utilities,GB0007908733,790873,SSE LN Equity,GB ,GBP,2.244655,,11/7/2025
20251107,LPD,Etica Dynamic Allocation,433692,REPUBLIC OF AUSTRIA RAGB 0.85 06/30/2120,0.000482627278904,0.0,OB ,SOVEREIGN,AT0000A2HLC4,,BK2273211 Govt,AT ,EUR,2.244655,A,11/7/2025
20251107,LPD,Etica Dynamic Allocation,164725,HKD,0.000476416006134,0.0,LQ ,CASH,,,HKD,HK ,HKD,2.244655,,11/7/2025
20251107,LPD,Etica Dynamic Allocation,23349,CORBION NV,0.000449936329504,0.0,AZ ,Materials,NL0010583399,BFRSRR7,CRBN NA Equity,NL ,EUR,2.244655,,11/7/2025
20251107,LPD,Etica Dynamic Allocation,677,BIOGEN INC,0.000419558092101,0.0,AZ ,Health Care,US09062X1037,2455965,BIIB US Equity,US ,USD,2.244655,,11/7/2025
20251107,LPD,Etica Dynamic Allocation,58681,JONES LANG LASALLE INC,0.00040409901739,0.0,AZ ,Real Estate,US48020Q1076,2040640,JLL US Equity,US ,USD,2.244655,,11/7/2025
20251107,LPD,Etica Dynamic Allocation,247914,INFRASTRUTTURE WIRELESS ITAL,0.000393788525428,0.0,AZ ,Communication Services,IT0005090300,BZ0P4R4,INW IM Equity,IT ,EUR,2.244655,,11/7/2025
20251107,LPD,Etica Dynamic Allocation,3672,AMPLIFON SPA,0.00038534183413,0.0,AZ ,Health Care,IT0004056880,B14NJ71,AMP IM Equity,IT ,EUR,2.244655,,11/7/2025
20251107,LPD,Etica Dynamic Allocation,448147,EUROPEAN UNION EU 0.3 11/04/50,0.000341777635388,0.0,OB ,Quasi & Foreign Government,EU000A284469,,BM3710233 Govt,SNA,EUR,2.244655,A,11/7/2025
20251107,LPD,Etica Dynamic Allocation,63,HERA SPA,0.000298842064816,0.0,AZ ,Utilities,IT0001250932,7598003,HER IM Equity,IT ,EUR,2.244655,,11/7/2025
20251107,LPD,Etica Dynamic Allocation,3321,BXP INC,0.000297596992667,0.0,AZ ,Real Estate,US1011211018,2019479,BXP US Equity,US ,USD,2.244655,,11/7/2025
20251107,LPD,Etica Dynamic Allocation,48675,PRYSMIAN SPA,0.000296247212616,0.0,AZ ,Industrials,IT0004176001,B1W4V69,PRY IM Equity,IT ,EUR,2.244655,,11/7/2025
20251107,LPD,Etica Dynamic Allocation,1464,SHISEIDO CO LTD,0.000220935197107,0.0,AZ ,Consumer Staples,JP3351600006,6805265,4911 JP Equity,JP ,JPY,2.244655,,11/7/2025
20251107,LPD,Etica Dynamic Allocation,3476,A2A SPA,0.000220193103646,0.0,AZ ,Utilities,IT0001233417,5499131,A2A IM Equity,IT ,EUR,2.244655,,11/7/2025
20251107,LPD,Etica Dynamic Allocation,314765,PIRELLI & C SPA,0.000092240427658,0.0,AZ ,Consumer Discretionary,IT0005278236,BZ5ZHK3,PIRC IM Equity,IT ,EUR,2.244655,,11/7/2025
20251107,LPD,Etica Dynamic Allocation,165991,KRW,0.000000000380756,0.0,LQ ,CASH,,,KRW,KR ,KRW,2.244655,,11/7/2025
20251107,LPD,Etica Dynamic Allocation,184686,TESLA INC,0.0,0.009231732,AZ ,Consumer Discretionary,US88160R1014,B616C79,TSLA US Equity,US ,USD,2.244655,,11/7/2025
20251107,LPD,Etica Dynamic Allocation,28663,ALPHABET INC-CL C,0.0,0.01018875,AZ ,Communication Services,US02079K1079,BYY88Y7,GOOG US Equity,US ,USD,2.244655,,11/7/2025
20251107,LPD,Etica Dynamic Allocation,227088,ALPHABET INC-CL A,0.0,0.01203192,AZ ,Communication Services,US02079K3059,BYVY8G0,GOOGL US Equity,US ,USD,2.244655,,11/7/2025
20251107,LPD,Etica Dynamic Allocation,50594,BROADCOM INC,0.0,0.011576442,AZ ,Information Technology,US11135F1012,BDZ78H9,AVGO US Equity,US ,USD,2.244655,,11/7/2025
20251107,LPD,Etica Dynamic Allocation,3255,AMAZON.COM INC,0.0,0.0173145,AZ ,Consumer Discretionary,US0231351067,2000019,AMZN US Equity,US ,USD,2.244655,,11/7/2025
20251107,LPD,Etica Dynamic Allocation,553,MICROSOFT CORP,0.0,0.026009568,AZ ,Information Technology,US5949181045,2588173,MSFT US Equity,US ,USD,2.244655,,11/7/2025
20251107,LPD,Etica Dynamic Allocation,534,APPLE INC,0.0,0.029730222,AZ ,Information Technology,US0378331005,2046251,AAPL US Equity,US ,USD,2.244655,,11/7/2025
20251107,LPD,Etica Dynamic Allocation,188839,META PLATFORMS INC-CLASS A,0.0,0.010008066,AZ ,Communication Services,US30303M1027,B7TL820,META US Equity,US ,USD,2.244655,,11/7/2025
20251107,LPD,Etica Dynamic Allocation,184,JPMORGAN CHASE & CO,0.0,0.006474354,AZ ,Financials,US46625H1005,2190385,JPM US Equity,US ,USD,2.244655,,11/7/2025
20251107,LPD,Etica Dynamic Allocation,164733,DEBITI COMMISSIONE GESTIONE,-0.000299838503291,0.0,CD ,CASH,,,DEBITI COMMISSIONE GESTIONE,5A ,EUR,2.244655,,11/7/2025
20251107,LPD,Etica Dynamic Allocation,247714,DEBITI CONTRIBUTI VIGILANZA,-0.004097445248071,0.0,CD ,CASH,,,DEBITI CONTRIBUTI VIGILANZA,5A ,EUR,2.244655,,11/7/2025
20251107,LPG,Etica Global Equity,3458,NVIDIA CORP,0.073166097120759,0.051057369,AZ ,Information Technology,US67066G1040,2379504,NVDA US Equity,US ,USD,3.455563,,11/7/2025
20251107,LPG,Etica Global Equity,164727,USD,0.064963918051867,0.0,LQ ,CASH,,,USD,US ,USD,3.455563,,11/7/2025
20251107,LPG,Etica Global Equity,65876,VISA INC-CLASS A SHARES,0.02688327856283,0.0,AZ ,Financials,US92826C8394,B2PZN04,V US Equity,US ,USD,3.455563,,11/7/2025
20251107,LPG,Etica Global Equity,45465,MASTERCARD INC - A,0.026511416141098,0.0,AZ ,Financials,US57636Q1040,B121557,MA US Equity,US ,USD,3.455563,,11/7/2025
20251107,LPG,Etica Global Equity,554,ORACLE CORP,0.022845197024256,0.0,AZ ,Information Technology,US68389X1054,2661568,ORCL US Equity,US ,USD,3.455563,,11/7/2025
20251107,LPG,Etica Global Equity,164724,GBP,0.018208797681248,0.0,LQ ,CASH,,,GBP,GB ,GBP,3.455563,,11/7/2025
20251107,LPG,Etica Global Equity,201018,ABBVIE INC,0.013351110225677,0.0,AZ ,Health Care,US00287Y1091,B92SR70,ABBV US Equity,US ,USD,3.455563,,11/7/2025
20251107,LPG,Etica Global Equity,300,HOME DEPOT INC,0.012939197237452,0.0,AZ ,Consumer Discretionary,US4370761029,2434209,HD US Equity,US ,USD,3.455563,,11/7/2025
20251107,LPG,Etica Global Equity,577,APPLIED MATERIALS INC,0.012545736372331,0.0,AZ ,Information Technology,US0382221051,2046552,AMAT US Equity,US ,USD,3.455563,,11/7/2025
20251107,LPG,Etica Global Equity,427,PROCTER & GAMBLE CO/THE,0.011912954377213,0.0,AZ ,Consumer Staples,US7427181091,2704407,PG US Equity,US ,USD,3.455563,,11/7/2025
20251107,LPG,Etica Global Equity,480,TEXAS INSTRUMENTS INC,0.010802014244926,0.0,AZ ,Information Technology,US8825081040,2885409,TXN US Equity,US ,USD,3.455563,,11/7/2025
20251107,LPG,Etica Global Equity,2839,ASML HOLDING NV,0.010740566023313,0.0,AZ ,Information Technology,NL0010273215,B929F46,ASML NA Equity,NL ,EUR,3.455563,,11/7/2025
20251107,LPG,Etica Global Equity,221482,SERVICENOW INC,0.01072880046824,0.0,AZ ,Information Technology,US81762P1021,B80NXX8,NOW US Equity,US ,USD,3.455563,,11/7/2025
20251107,LPG,Etica Global Equity,222389,MONCLER SPA,0.010533736897014,0.0,AZ ,Consumer Discretionary,IT0004965148,BGLP232,MONC IM Equity,IT ,EUR,3.455563,,11/7/2025
20251107,LPG,Etica Global Equity,164953,AUD,0.010386118318633,0.0,LQ ,CASH,,,AUD,AU ,AUD,3.455563,,11/7/2025
20251107,LPG,Etica Global Equity,756,QUALCOMM INC,0.010146969930289,0.0,AZ ,Information Technology,US7475251036,2714923,QCOM US Equity,US ,USD,3.455563,,11/7/2025
20251107,LPG,Etica Global Equity,23568,SALESFORCE INC,0.009942635359185,0.0,AZ ,Information Technology,US79466L3024,2310525,CRM US Equity,US ,USD,3.455563,,11/7/2025
20251107,LPG,Etica Global Equity,705,LAM RESEARCH CORP,0.009496865644464,0.0,AZ ,Information Technology,US5128073062,BSML4N7,LRCX US Equity,US ,USD,3.455563,,11/7/2025
20251107,LPG,Etica Global Equity,164959,JPY,0.009475345285401,0.0,LQ ,CASH,,,JPY,JP ,JPY,3.455563,,11/7/2025
20251107,LPG,Etica Global Equity,214,DANAHER CORP,0.009412837666642,0.0,AZ ,Health Care,US2358511028,2250870,DHR US Equity,US ,USD,3.455563,,11/7/2025
20251107,LPG,Etica Global Equity,363,MERCK & CO. INC.,0.009409711106471,0.0,AZ ,Health Care,US58933Y1055,2778844,MRK US Equity,US ,USD,3.455563,,11/7/2025
20251107,LPG,Etica Global Equity,360,MEDTRONIC PLC,0.009390069233203,0.0,AZ ,Health Care,IE00BTN1Y115,BTN1Y11,MDT US Equity,US ,USD,3.455563,,11/7/2025
20251107,LPG,Etica Global Equity,542,CISCO SYSTEMS INC,0.009328489383726,0.0,AZ ,Information Technology,US17275R1023,2198163,CSCO US Equity,US ,USD,3.455563,,11/7/2025
20251107,LPG,Etica Global Equity,423,NEW LINDE PLC,0.009322731541112,0.0,AZ ,Materials,IE000S9YS762,BNZHB81,LIN US Equity,US ,USD,3.455563,,11/7/2025
20251107,LPG,Etica Global Equity,164726,SEK,0.009261788477284,0.0,LQ ,CASH,,,SEK,SE ,SEK,3.455563,,11/7/2025
20251107,LPG,Etica Global Equity,1706,TELECOM ITALIA SPA,0.008934211660937,0.0,AZ ,Communication Services,IT0003497168,7634394,TIT IM Equity,IT ,EUR,3.455563,,11/7/2025
20251107,LPG,Etica Global Equity,2703,LONZA GROUP AG-REG,0.008694589348539,0.0,AZ ,Health Care,CH0013841017,7333378,LONN SW Equity,CH ,CHF,3.455563,,11/7/2025
20251107,LPG,Etica Global Equity,216,DEERE & CO,0.008631707243724,0.0,AZ ,Industrials,US2441991054,2261203,DE US Equity,US ,USD,3.455563,,11/7/2025
20251107,LPG,Etica Global Equity,1821,INTUIT INC,0.008023458706533,0.0,AZ ,Information Technology,US4612021034,2459020,INTU US Equity,US ,USD,3.455563,,11/7/2025
20251107,LPG,Etica Global Equity,358,S&P GLOBAL INC,0.007943216065627,0.0,AZ ,Financials,US78409V1044,BYV2325,SPGI US Equity,US ,USD,3.455563,,11/7/2025
20251107,LPG,Etica Global Equity,2706,TRANE TECHNOLOGIES PLC,0.007670413651324,0.0,AZ ,Industrials,IE00BK9ZQ967,BK9ZQ96,TT US Equity,US ,USD,3.455563,,11/7/2025
20251107,LPG,Etica Global Equity,30976,NABTESCO CORP,0.007429745965087,0.0,AZ ,Industrials,JP3651210001,6687571,6268 JP Equity,JP ,JPY,3.455563,,11/7/2025
20251107,LPG,Etica Global Equity,4289,CRH PLC,0.007387619949071,0.0,SE ,Materials,IE0001827041,182704,CRH LN Equity,US ,USD,3.455563,,11/7/2025
20251107,LPG,Etica Global Equity,100,ABBOTT LABORATORIES,0.007266262563853,0.0,AZ ,Health Care,US0028241000,2002305,ABT US Equity,US ,USD,3.455563,,11/7/2025
20251107,LPG,Etica Global Equity,549,INTEL CORP,0.007254209530975,0.0,AZ ,Information Technology,US4581401001,2463247,INTC US Equity,US ,USD,3.455563,,11/7/2025
20251107,LPG,Etica Global Equity,397638,PROSUS NV,0.00695345547752,0.0,AZ ,Consumer Discretionary,NL0013654783,BJDS7L3,PRX NA Equity,NL ,EUR,3.455563,,11/7/2025
20251107,LPG,Etica Global Equity,164960,NOK,0.006812391201881,0.0,LQ ,CASH,,,NOK,NO ,NOK,3.455563,,11/7/2025
20251107,LPG,Etica Global Equity,533,AMGEN INC,0.006605019628548,0.0,AZ ,Health Care,US0311621009,2023607,AMGN US Equity,US ,USD,3.455563,,11/7/2025
20251107,LPG,Etica Global Equity,53583,LOGITECH INTERNATIONAL,0.006489157148927,0.0,SE ,Information Technology,CH0025751329,B1921K0,LOGI US Equity,CH ,CHF,3.455563,,11/7/2025
20251107,LPG,Etica Global Equity,497,UNION PACIFIC CORP,0.006453438190925,0.0,AZ ,Industrials,US9078181081,2914734,UNP US Equity,US ,USD,3.455563,,11/7/2025
20251107,LPG,Etica Global Equity,164722,DKK,0.0063776042867,0.0,LQ ,CASH,,,DKK,DK ,DKK,3.455563,,11/7/2025
20251107,LPG,Etica Global Equity,1285,KUBOTA CORP,0.006320453890153,0.0,AZ ,Industrials,JP3266400005,6497509,6326 JT Equity,JP ,JPY,3.455563,,11/7/2025
20251107,LPG,Etica Global Equity,1619,LOREAL SA,0.006269685373409,0.0,AZ ,Consumer Staples,FR0000120321,4057808,OR FP Equity,FR ,EUR,3.455563,,11/7/2025
20251107,LPG,Etica Global Equity,191474,PALO ALTO NETWORKS INC,0.006220594554191,0.0,AZ ,Information Technology,US6974351057,B87ZMX0,PANW US Equity,US ,USD,3.455563,,11/7/2025
20251107,LPG,Etica Global Equity,3092,MTR CORP,0.006163759363354,0.0,AZ ,Industrials,HK0066009694,6290054,66 HK Equity,HK ,HKD,3.455563,,11/7/2025
20251107,LPG,Etica Global Equity,149,VERIZON COMMUNICATIONS INC,0.006008320241296,0.0,AZ ,Communication Services,US92343V1044,2090571,VZ US Equity,US ,USD,3.455563,,11/7/2025
20251107,LPG,Etica Global Equity,486,TJX COMPANIES INC,0.006001814063994,0.0,AZ ,Consumer Discretionary,US8725401090,2989301,TJX US Equity,US ,USD,3.455563,,11/7/2025
20251107,LPG,Etica Global Equity,1258,KAO CORP,0.005985095412937,0.0,AZ ,Consumer Staples,JP3205800000,6483809,4452 JP Equity,JP ,JPY,3.455563,,11/7/2025
20251107,LPG,Etica Global Equity,133,AUTOMATIC DATA PROCESSING,0.005970726940748,0.0,AZ ,Industrials,US0530151036,2065308,ADP US Equity,US ,USD,3.455563,,11/7/2025
20251107,LPG,Etica Global Equity,783,SYNOPSYS INC,0.005970216046156,0.0,AZ ,Information Technology,US8716071076,2867719,SNPS US Equity,US ,USD,3.455563,,11/7/2025
20251107,LPG,Etica Global Equity,559,STRYKER CORP,0.005922355772179,0.0,AZ ,Health Care,US8636671013,2853688,SYK UN Equity,US ,USD,3.455563,,11/7/2025
20251107,LPG,Etica Global Equity,49402,SARTORIUS STEDIM BIOTECH,0.005922033236105,0.0,AZ ,Health Care,FR0013154002,BYZ2QP5,DIM FP Equity,FR ,EUR,3.455563,,11/7/2025
20251107,LPG,Etica Global Equity,236196,IMCD NV,0.005782202374111,0.0,AZ ,Industrials,NL0010801007,BNCBD46,IMCD NA Equity,NL ,EUR,3.455563,,11/7/2025
20251107,LPG,Etica Global Equity,348394,KNORR-BREMSE AG,0.005763354729992,0.0,AZ ,Industrials,DE000KBX1006,BD2P9X9,KBX GR Equity,DE ,EUR,3.455563,,11/7/2025
20251107,LPG,Etica Global Equity,1658,ATLAS COPCO AB-A SHS,0.005651584825208,0.0,AZ ,Industrials,SE0017486889,BLDBN41,ATCOA SS Equity,SE ,SEK,3.455563,,11/7/2025
20251107,LPG,Etica Global Equity,125,ANALOG DEVICES INC,0.00557510298043,0.0,AZ ,Information Technology,US0326541051,2032067,ADI US Equity,US ,USD,3.455563,,11/7/2025
20251107,LPG,Etica Global Equity,520,WESTERN DIGITAL CORP,0.005470693399865,0.0,AZ ,Information Technology,US9581021055,2954699,WDC US Equity,US ,USD,3.455563,,11/7/2025
20251107,LPG,Etica Global Equity,2088,SAP SE,0.005464046352065,0.0,AZ ,Information Technology,DE0007164600,4846288,SAP GY Equity,DE ,EUR,3.455563,,11/7/2025
20251107,LPG,Etica Global Equity,1288,KURITA WATER INDUSTRIES LTD,0.005459246556329,0.0,AZ ,Industrials,JP3270000007,6497963,6370 JP Equity,JP ,JPY,3.455563,,11/7/2025
20251107,LPG,Etica Global Equity,159,BOSTON SCIENTIFIC CORP,0.005310859883145,0.0,AZ ,Health Care,US1011371077,2113434,BSX US Equity,US ,USD,3.455563,,11/7/2025
20251107,LPG,Etica Global Equity,531,ADOBE INC,0.005276548355286,0.0,AZ ,Information Technology,US00724F1012,2008154,ADBE US Equity,US ,USD,3.455563,,11/7/2025
20251107,LPG,Etica Global Equity,670,WELLTOWER INC,0.00525528870226,0.0,AZ ,Real Estate,US95040Q1040,BYVYHH4,WELL US Equity,US ,USD,3.455563,,11/7/2025
20251107,LPG,Etica Global Equity,2489,LENOVO GROUP LTD,0.005239717094022,0.0,AZ ,Information Technology,HK0992009065,6218089,992 HK Equity,CN ,CNY,3.455563,,11/7/2025
20251107,LPG,Etica Global Equity,1545,TOTO LTD,0.005204630140996,0.0,AZ ,Industrials,JP3596200000,6897466,5332 JP Equity,JP ,JPY,3.455563,,11/7/2025
20251107,LPG,Etica Global Equity,454,SONY GROUP CORP,0.005131404890695,0.0,AZ ,Consumer Discretionary,JP3435000009,6821506,6758 JP Equity,JP ,JPY,3.455563,,11/7/2025
20251107,LPG,Etica Global Equity,2170,DSV A/S,0.005118576432649,0.0,AZ ,Industrials,DK0060079531,B1WT5G2,DSV DC Equity,DK ,DKK,3.455563,,11/7/2025
20251107,LPG,Etica Global Equity,3033,STMICROELECTRONICS NV,0.005113868425836,0.0,SE ,Information Technology,NL0000226223,5962343,STMMI IM Equity,FR ,EUR,3.455563,,11/7/2025
20251107,LPG,Etica Global Equity,667,GILEAD SCIENCES INC,0.005089369707467,0.0,AZ ,Health Care,US3755581036,2369174,GILD US Equity,US ,USD,3.455563,,11/7/2025
20251107,LPG,Etica Global Equity,4264,AUTODESK INC,0.005049817924529,0.0,AZ ,Information Technology,US0527691069,2065159,ADSK US Equity,US ,USD,3.455563,,11/7/2025
20251107,LPG,Etica Global Equity,18091,PROLOGIS INC,0.005046797814012,0.0,AZ ,Real Estate,US74340W1036,B44WZD7,PLD UN Equity,US ,USD,3.455563,,11/7/2025
20251107,LPG,Etica Global Equity,1337,MURATA MANUFACTURING CO LTD,0.005029245413576,0.0,AZ ,Information Technology,JP3914400001,6610403,6981 JP Equity,JP ,JPY,3.455563,,11/7/2025
20251107,LPG,Etica Global Equity,233530,ZALANDO SE,0.004971624598802,0.0,AZ ,Consumer Discretionary,DE000ZAL1111,BQV0SV7,ZAL GR Equity,DE ,EUR,3.455563,,11/7/2025
20251107,LPG,Etica Global Equity,1404,OBAYASHI CORP,0.004944133497819,0.0,AZ ,Industrials,JP3190000004,6656407,1802 JP Equity,JP ,JPY,3.455563,,11/7/2025
20251107,LPG,Etica Global Equity,3760,ABB LTD,0.004928154894949,0.0,AZ ,Industrials,CH0012221716,7108899,ABBN SW Equity,CH ,CHF,3.455563,,11/7/2025
20251107,LPG,Etica Global Equity,424846,OTIS WORLDWIDE CORP,0.004895646318251,0.0,AZ ,Industrials,US68902V1070,BK531S8,OTIS US Equity,US ,USD,3.455563,,11/7/2025
20251107,LPG,Etica Global Equity,344,LOWE'S COS INC,0.00488021111855,0.0,AZ ,Consumer Discretionary,US5486611073,2536763,LOW US Equity,US ,USD,3.455563,,11/7/2025
20251107,LPG,Etica Global Equity,2955,VOESTALPINE AG,0.004854658739842,0.0,AZ ,Materials,AT0000937503,4943402,VOE AV Equity,AT ,EUR,3.455563,,11/7/2025
20251107,LPG,Etica Global Equity,2566,UNITED PARCEL SERVICE-CL B,0.004833143161453,0.0,AZ ,Industrials,US9113121068,2517382,UPS US Equity,US ,USD,3.455563,,11/7/2025
20251107,LPG,Etica Global Equity,40461,VERTEX PHARMACEUTICALS INC,0.004725057243317,0.0,AZ ,Health Care,US92532F1003,2931034,VRTX US Equity,US ,USD,3.455563,,11/7/2025
20251107,LPG,Etica Global Equity,3014,ANHEUSER-BUSCH INBEV SA/NV,0.004564898959541,0.0,AZ ,Consumer Staples,BE0974293251,BYYHL23,ABI BB Equity,BE ,EUR,3.455563,,11/7/2025
20251107,LPG,Etica Global Equity,392,NOVO NORDISK A/S-B,0.004481015995468,0.0,AZ ,Health Care,DK0062498333,BP6KMJ1,NOVOB DC Equity,DK ,DKK,3.455563,,11/7/2025
20251107,LPG,Etica Global Equity,166783,XYLEM INC,0.004321329404767,0.0,AZ ,Industrials,US98419M1009,B3P2CN8,XYL US Equity,US ,USD,3.455563,,11/7/2025
20251107,LPG,Etica Global Equity,302,HONDA MOTOR CO LTD,0.004303878992022,0.0,AZ ,Consumer Discretionary,JP3854600008,6435145,7267 JP Equity,JP ,JPY,3.455563,,11/7/2025
20251107,LPG,Etica Global Equity,236299,VONOVIA SE,0.004288240773073,0.0,AZ ,Real Estate,DE000A1ML7J1,BBJPFY1,VNA GR Equity,DE ,EUR,3.455563,,11/7/2025
20251107,LPG,Etica Global Equity,1609,ESSILORLUXOTTICA,0.00426581367969,0.0,AZ ,Health Care,FR0000121667,7212477,EL FP Equity,FR ,EUR,3.455563,,11/7/2025
20251107,LPG,Etica Global Equity,3013,NOVARTIS AG,0.004185326905747,0.0,AZ ,Health Care,CH0012005267,7103065,NOVN SW Equity,CH ,CHF,3.455563,,11/7/2025
20251107,LPG,Etica Global Equity,471,TDK CORP,0.004146845356148,0.0,AZ ,Information Technology,JP3538800008,6869302,6762 JP Equity,JP ,JPY,3.455563,,11/7/2025
20251107,LPG,Etica Global Equity,232,ECOLAB INC,0.004133605441509,0.0,AZ ,Materials,US2788651006,2304227,ECL US Equity,US ,USD,3.455563,,11/7/2025
20251107,LPG,Etica Global Equity,1526,TOKYO ELECTRON LTD,0.004128817756811,0.0,AZ ,Information Technology,JP3571400005,6895675,8035 JP Equity,JP ,JPY,3.455563,,11/7/2025
20251107,LPG,Etica Global Equity,1790,CHINA OVERSEAS LAND & INVEST,0.004016126456976,0.0,AZ ,Real Estate,HK0688002218,6192150,688 HK Equity,CN ,CNY,3.455563,,11/7/2025
20251107,LPG,Etica Global Equity,3011,DEUTSCHE TELEKOM AG,0.003988421181841,0.0,AZ ,Communication Services,DE0005557508,5842359,DTE GR Equity,DE ,EUR,3.455563,,11/7/2025
20251107,LPG,Etica Global Equity,164955,CHF,0.003974870204743,0.0,LQ ,CASH,,,CHF,CH ,CHF,3.455563,,11/7/2025
20251107,LPG,Etica Global Equity,405936,CARRIER GLOBAL CORP,0.003965963173439,0.0,AZ ,Industrials,US14448C1045,BK4N0D7,CARR US Equity,US ,USD,3.455563,,11/7/2025
20251107,LPG,Etica Global Equity,57392,EQUINIX INC,0.003815949159151,0.0,AZ ,Real Estate,US29444U7000,BVLZX12,EQIX US Equity,US ,USD,3.455563,,11/7/2025
20251107,LPG,Etica Global Equity,17897,SK HYNIX INC,0.003738467834995,0.0,AZ ,Information Technology,KR7000660001,6450267,000660 KS Equity,KR ,KRW,3.455563,,11/7/2025
20251107,LPG,Etica Global Equity,3119,INTERPUMP GROUP SPA,0.003704170649156,0.0,AZ ,Industrials,IT0001078911,5161407,IP IM Equity,IT ,EUR,3.455563,,11/7/2025
20251107,LPG,Etica Global Equity,23406,IBIDEN CO LTD,0.003681686187696,0.0,AZ ,Information Technology,JP3148800000,6456102,4062 JP Equity,JP ,JPY,3.455563,,11/7/2025
20251107,LPG,Etica Global Equity,2831,BREMBO N.V.,0.003630249014149,0.0,AZ ,Consumer Discretionary,NL0015001KT6,BSMM753,BRE IM Equity,IT ,EUR,3.455563,,11/7/2025
20251107,LPG,Etica Global Equity,4223,COLGATE-PALMOLIVE CO,0.003555131254746,0.0,AZ ,Consumer Staples,US1941621039,2209106,CL US Equity,US ,USD,3.455563,,11/7/2025
20251107,LPG,Etica Global Equity,184644,ZOETIS INC,0.003520085415508,0.0,AZ ,Health Care,US98978V1035,B95WG16,ZTS US Equity,US ,USD,3.455563,,11/7/2025
20251107,LPG,Etica Global Equity,2867,DARDEN RESTAURANTS INC,0.003496446262152,0.0,AZ ,Consumer Discretionary,US2371941053,2289874,DRI UN Equity,US ,USD,3.455563,,11/7/2025
20251107,LPG,Etica Global Equity,23355,RALPH LAUREN CORP,0.003496256310076,0.0,AZ ,Consumer Discretionary,US7512121010,B4V9661,RL US Equity,US ,USD,3.455563,,11/7/2025
20251107,LPG,Etica Global Equity,49977,TE CONNECTIVITY PLC,0.003491733474665,0.0,AZ ,Information Technology,IE000IVNQZ81,BRC3N84,TEL US Equity,US ,USD,3.455563,,11/7/2025
20251107,LPG,Etica Global Equity,4266,MCCORMICK & CO-NON VTG SHRS,0.00346782246037,0.0,AZ ,Consumer Staples,US5797802064,2550161,MKC UN Equity,US ,USD,3.455563,,11/7/2025
20251107,LPG,Etica Global Equity,1146,BRIDGESTONE CORP,0.003455618995646,0.0,AZ ,Consumer Discretionary,JP3830800003,6132101,5108 JP Equity,JP ,JPY,3.455563,,11/7/2025
20251107,LPG,Etica Global Equity,1575,ASTELLAS PHARMA INC,0.003340548195482,0.0,AZ ,Health Care,JP3942400007,6985383,4503 JP Equity,JP ,JPY,3.455563,,11/7/2025
20251107,LPG,Etica Global Equity,3371,ERG SPA,0.003300595792143,0.0,AZ ,Utilities,IT0001157020,5337093,ERG IM Equity,IT ,EUR,3.455563,,11/7/2025
20251107,LPG,Etica Global Equity,276440,DELL TECHNOLOGIES -C,0.003086700193663,0.0,AZ ,Information Technology,US24703L2025,BHKD3S6,DELL US Equity,US ,USD,3.455563,,11/7/2025
20251107,LPG,Etica Global Equity,1340,NEC CORP,0.00305656601791,0.0,AZ ,Information Technology,JP3733000008,6640400,6701 JP Equity,JP ,JPY,3.455563,,11/7/2025
20251107,LPG,Etica Global Equity,188,THE CIGNA GROUP,0.00301667353234,0.0,AZ ,Health Care,US1255231003,BHJ0775,CI US Equity,US ,USD,3.455563,,11/7/2025
20251107,LPG,Etica Global Equity,100272,AMERICAN WATER WORKS CO INC,0.002976401780042,0.0,AZ ,Utilities,US0304201033,B2R3PV1,AWK US Equity,US ,USD,3.455563,,11/7/2025
20251107,LPG,Etica Global Equity,651,EXPEDITORS INTL WASH INC,0.002971133478348,0.0,AZ ,Industrials,US3021301094,2325507,EXPD US Equity,US ,USD,3.455563,,11/7/2025
20251107,LPG,Etica Global Equity,3065,ELEVANCE HEALTH INC,0.002958109331419,0.0,AZ ,Health Care,US0367521038,BSPHGL4,ELV US Equity,US ,USD,3.455563,,11/7/2025
20251107,LPG,Etica Global Equity,172066,ALLINEAMENTO NAV,0.002951615583867,0.0,OT ,CASH,,,ALLINEAMENTO NAV,5A ,EUR,3.455563,,11/7/2025
20251107,LPG,Etica Global Equity,1001,PERSIMMON PLC,0.002871654365248,0.0,AZ ,Consumer Discretionary,GB0006825383,682538,PSN LN Equity,GB ,GBP,3.455563,,11/7/2025
20251107,LPG,Etica Global Equity,1457,SHIMIZU CORP,0.002832268312309,0.0,AZ ,Industrials,JP3358800005,6804400,1803 JP Equity,JP ,JPY,3.455563,,11/7/2025
20251107,LPG,Etica Global Equity,349,MASCO CORP,0.002813518831343,0.0,AZ ,Industrials,US5745991068,2570200,MAS US Equity,US ,USD,3.455563,,11/7/2025
20251107,LPG,Etica Global Equity,2658,ASSA ABLOY AB-B,0.0027569956591,0.0,AZ ,Industrials,SE0007100581,BYPC1T4,ASSAB SS Equity,SE ,SEK,3.455563,,11/7/2025
20251107,LPG,Etica Global Equity,1088,ORICA LTD,0.002726529704638,0.0,AZ ,Materials,AU000000ORI1,6458001,ORI AU Equity,AU ,AUD,3.455563,,11/7/2025
20251107,LPG,Etica Global Equity,19461,DICK'S SPORTING GOODS INC,0.002721508723096,0.0,AZ ,Consumer Discretionary,US2533931026,2969637,DKS US Equity,US ,USD,3.455563,,11/7/2025
20251107,LPG,Etica Global Equity,148,BECTON DICKINSON AND CO,0.002713377435671,0.0,AZ ,Health Care,US0758871091,2087807,BDX US Equity,US ,USD,3.455563,,11/7/2025
20251107,LPG,Etica Global Equity,366,MICRON TECHNOLOGY INC,0.00271270304206,0.0,AZ ,Information Technology,US5951121038,2588184,MU US Equity,US ,USD,3.455563,,11/7/2025
20251107,LPG,Etica Global Equity,469,SYSCO CORP,0.002691637803072,0.0,AZ ,Consumer Staples,US8718291078,2868165,SYY US Equity,US ,USD,3.455563,,11/7/2025
20251107,LPG,Etica Global Equity,88166,REXEL SA,0.002689552154778,0.0,AZ ,Industrials,FR0010451203,B1VP0K0,RXL FP Equity,FR ,EUR,3.455563,,11/7/2025
20251107,LPG,Etica Global Equity,4275,HASBRO INC,0.002659161416239,0.0,AZ ,Consumer Discretionary,US4180561072,2414580,HAS US Equity,US ,USD,3.455563,,11/7/2025
20251107,LPG,Etica Global Equity,318,INTL FLAVORS & FRAGRANCES,0.002583459139878,0.0,AZ ,Materials,US4595061015,2464165,IFF US Equity,US ,USD,3.455563,,11/7/2025
20251107,LPG,Etica Global Equity,2298,TRACTOR SUPPLY COMPANY,0.002437725102811,0.0,AZ ,Consumer Discretionary,US8923561067,2900335,TSCO US Equity,US ,USD,3.455563,,11/7/2025
20251107,LPG,Etica Global Equity,1734,NOKIA OYJ,0.002431344179143,0.0,AZ ,Information Technology,FI0009000681,5902941,NOKIA FH Equity,FI ,EUR,3.455563,,11/7/2025
20251107,LPG,Etica Global Equity,18074,ESTEE LAUDER COMPANIES-CL A,0.002431174305895,0.0,AZ ,Consumer Staples,US5184391044,2320524,EL US Equity,US ,USD,3.455563,,11/7/2025
20251107,LPG,Etica Global Equity,152,BEST BUY CO INC,0.002398526770967,0.0,AZ ,Consumer Discretionary,US0865161014,2094670,BBY US Equity,US ,USD,3.455563,,11/7/2025
20251107,LPG,Etica Global Equity,31928,DIGITAL REALTY TRUST INC,0.00236281737431,0.0,AZ ,Real Estate,US2538681030,B03GQS4,DLR US Equity,US ,USD,3.455563,,11/7/2025
20251107,LPG,Etica Global Equity,34107,DAIICHI SANKYO CO LTD,0.00230149217535,0.0,AZ ,Health Care,JP3475350009,B0J7D91,4568 JP Equity,JP ,JPY,3.455563,,11/7/2025
20251107,LPG,Etica Global Equity,242496,PAYPAL HOLDINGS INC,0.002270541779353,0.0,AZ ,Financials,US70450Y1038,BYW36M8,PYPL US Equity,US ,USD,3.455563,,11/7/2025
20251107,LPG,Etica Global Equity,2985,CANADIAN NATL RAILWAY CO,0.00222249123459,0.0,AZ ,Industrials,CA1363751027,2180632,CNR CN Equity,CA ,CAD,3.455563,,11/7/2025
20251107,LPG,Etica Global Equity,1138,ASICS CORP,0.002137778026965,0.0,AZ ,Consumer Discretionary,JP3118000003,6057378,7936 JP Equity,JP ,JPY,3.455563,,11/7/2025
20251107,LPG,Etica Global Equity,253654,FERRARI NV,0.002116933973782,0.0,AZ ,Consumer Discretionary,NL0011585146,BZ1GMK5,RACE US Equity,IT ,EUR,3.455563,,11/7/2025
20251107,LPG,Etica Global Equity,23481,CBRE GROUP INC,0.002114636701029,0.0,AZ ,Real Estate,US12504L1098,B6WVMH3,CBRE US Equity,US ,USD,3.455563,,11/7/2025
20251107,LPG,Etica Global Equity,1733,ROCHE HOLDING AG-GENUSSCHEIN,0.002048318248431,0.0,AZ ,Health Care,CH0012032048,7110388,ROG SW Equity,CH ,CHF,3.455563,,11/7/2025
20251107,LPG,Etica Global Equity,336777,ULTA BEAUTY INC,0.001967903184584,0.0,AZ ,Consumer Discretionary,US90384S3031,B28TS42,ULTA UW Equity,US ,USD,3.455563,,11/7/2025
20251107,LPG,Etica Global Equity,3385,YUM! BRANDS INC,0.001930210764748,0.0,AZ ,Consumer Discretionary,US9884981013,2098876,YUM UN Equity,US ,USD,3.455563,,11/7/2025
20251107,LPG,Etica Global Equity,3837,AGILENT TECHNOLOGIES INC,0.001903445369934,0.0,AZ ,Health Care,US00846U1016,2520153,A US Equity,US ,USD,3.455563,,11/7/2025
20251107,LPG,Etica Global Equity,335212,LEVI STRAUSS & CO- CLASS A,0.001885747318326,0.0,AZ ,Consumer Discretionary,US52736R1023,BHRWS81,LEVI US Equity,US ,USD,3.455563,,11/7/2025
20251107,LPG,Etica Global Equity,57810,VENTAS INC,0.001862456516679,0.0,AZ ,Real Estate,US92276F1003,2927925,VTR US Equity,US ,USD,3.455563,,11/7/2025
20251107,LPG,Etica Global Equity,1,LG ELECTRONICS INC,0.001849318589732,0.0,AZ ,Consumer Discretionary,KR7066570003,6520739,066570 KS Equity,KR ,KRW,3.455563,,11/7/2025
20251107,LPG,Etica Global Equity,50381,LULULEMON ATHLETICA INC,0.001825542390416,0.0,AZ ,Consumer Discretionary,US5500211090,B23FN39,LULU US Equity,US ,USD,3.455563,,11/7/2025
20251107,LPG,Etica Global Equity,343334,GODADDY INC - CLASS A,0.001781720829027,0.0,AZ ,Information Technology,US3802371076,BWFRFC6,GDDY US Equity,US ,USD,3.455563,,11/7/2025
20251107,LPG,Etica Global Equity,67156,KEURIG DR PEPPER INC,0.001780940304474,0.0,AZ ,Consumer Staples,US49271V1008,BD3W133,KDP US Equity,US ,USD,3.455563,,11/7/2025
20251107,LPG,Etica Global Equity,1755,SWIRE PACIFIC LTD - CL A,0.001742151516955,0.0,AZ ,Industrials,HK0019000162,6867748,19 HK Equity,HK ,HKD,3.455563,,11/7/2025
20251107,LPG,Etica Global Equity,387,NORSK HYDRO ASA,0.001705492041209,0.0,AZ ,Materials,NO0005052605,B11HK39,NHY NO Equity,NO ,NOK,3.455563,,11/7/2025
20251107,LPG,Etica Global Equity,58909,EDWARDS LIFESCIENCES CORP,0.00164436412469,0.0,AZ ,Health Care,US28176E1082,2567116,EW US Equity,US ,USD,3.455563,,11/7/2025
20251107,LPG,Etica Global Equity,164954,CAD,0.001639880809509,0.0,LQ ,CASH,,,CAD,CA ,CAD,3.455563,,11/7/2025
20251107,LPG,Etica Global Equity,173,CADENCE DESIGN SYS INC,0.001638220003694,0.0,AZ ,Information Technology,US1273871087,2302232,CDNS US Equity,US ,USD,3.455563,,11/7/2025
20251107,LPG,Etica Global Equity,164725,HKD,0.001617851468123,0.0,LQ ,CASH,,,HKD,HK ,HKD,3.455563,,11/7/2025
20251107,LPG,Etica Global Equity,335227,NEXI SPA,0.001521405214003,0.0,AZ ,Financials,IT0005366767,BJ1F880,NEXI IM Equity,IT ,EUR,3.455563,,11/7/2025
20251107,LPG,Etica Global Equity,222506,ORORA LTD,0.001518765645059,0.0,AZ ,Materials,AU000000ORA8,BH4TCW7,ORA AU Equity,AU ,AUD,3.455563,,11/7/2025
20251107,LPG,Etica Global Equity,235482,MERLIN PROPERTIES SOCIMI SA,0.001496750008269,0.0,AZ ,Real Estate,ES0105025003,BNGNB77,MRL SM Equity,ES ,EUR,3.455563,,11/7/2025
20251107,LPG,Etica Global Equity,1010,RELX PLC,0.001481007251936,0.0,AZ ,Industrials,GB00B2B0DG97,B2B0DG9,REL LN Equity,GB ,GBP,3.455563,,11/7/2025
20251107,LPG,Etica Global Equity,24041,TERNA-RETE ELETTRICA NAZIONA,0.001470634147566,0.0,AZ ,Utilities,IT0003242622,B01BN57,TRN IM Equity,IT ,EUR,3.455563,,11/7/2025
20251107,LPG,Etica Global Equity,58318,AZBIL CORP,0.001401729988274,0.0,AZ ,Information Technology,JP3937200008,6985543,6845 JP Equity,JP ,JPY,3.455563,,11/7/2025
20251107,LPG,Etica Global Equity,3466,COGNIZANT TECH SOLUTIONS-A,0.001397060864268,0.0,AZ ,Information Technology,US1924461023,2257019,CTSH US Equity,US ,USD,3.455563,,11/7/2025
20251107,LPG,Etica Global Equity,312,INGERSOLL-RAND INC,0.001389484453628,0.0,AZ ,Industrials,US45687V1061,BL5GZ82,IR UN Equity,US ,USD,3.455563,,11/7/2025
20251107,LPG,Etica Global Equity,17956,RENESAS ELECTRONICS CORP,0.001353293802551,0.0,AZ ,Information Technology,JP3164720009,6635677,6723 JP Equity,JP ,JPY,3.455563,,11/7/2025
20251107,LPG,Etica Global Equity,44974,LEGRAND SA,0.001340864052637,0.0,AZ ,Industrials,FR0010307819,B11ZRK9,LR FP Equity,FR ,EUR,3.455563,,11/7/2025
20251107,LPG,Etica Global Equity,2297,AVALONBAY COMMUNITIES INC,0.001265247190969,0.0,AZ ,Real Estate,US0534841012,2131179,AVB US Equity,US ,USD,3.455563,,11/7/2025
20251107,LPG,Etica Global Equity,4106,ZIMMER BIOMET HOLDINGS INC,0.001216227444424,0.0,AZ ,Health Care,US98956P1021,2783815,ZBH US Equity,US ,USD,3.455563,,11/7/2025
20251107,LPG,Etica Global Equity,211955,TECHNOGYM SPA,0.001198610345546,0.0,AZ ,Consumer Discretionary,IT0005162406,BD9Y5C0,TGYM IM Equity,IT ,EUR,3.455563,,11/7/2025
20251107,LPG,Etica Global Equity,31968,PENTAIR PLC,0.001179740072907,0.0,AZ ,Industrials,IE00BLS09M33,BLS09M3,PNR UN Equity,US ,USD,3.455563,,11/7/2025
20251107,LPG,Etica Global Equity,235835,RAI WAY SPA,0.001175170705612,0.0,AZ ,Communication Services,IT0005054967,BSM8WL2,RWAY IM Equity,IT ,EUR,3.455563,,11/7/2025
20251107,LPG,Etica Global Equity,1122,AJINOMOTO CO INC,0.001172720770033,0.0,AZ ,Consumer Staples,JP3119600009,6010906,2802 JP Equity,JP ,JPY,3.455563,,11/7/2025
20251107,LPG,Etica Global Equity,50261,DIASORIN SPA,0.001081485768241,0.0,AZ ,Health Care,IT0003492391,B234WN9,DIA IM Equity,IT ,EUR,3.455563,,11/7/2025
20251107,LPG,Etica Global Equity,3478,SOL SPA,0.00107405628362,0.0,AZ ,Materials,IT0001206769,5490684,SOL IM Equity,IT ,EUR,3.455563,,11/7/2025
20251107,LPG,Etica Global Equity,1040,TATE & LYLE PLC,0.0010630215341,0.0,AZ ,Consumer Staples,GB00BP92CJ43,BP92CJ4,TATE LN Equity,GB ,GBP,3.455563,,11/7/2025
20251107,LPG,Etica Global Equity,58590,SYSMEX CORP,0.00106007759564,0.0,AZ ,Health Care,JP3351100007,6883807,6869 JP Equity,JP ,JPY,3.455563,,11/7/2025
20251107,LPG,Etica Global Equity,1093,LENDLEASE GROUP,0.000910650010578,0.0,AZ ,Real Estate,AU000000LLC3,6512004,LLC AU Equity,AU ,AUD,3.455563,,11/7/2025
20251107,LPG,Etica Global Equity,1024,SSE PLC,0.000808859920129,0.0,AZ ,Utilities,GB0007908733,790873,SSE LN Equity,GB ,GBP,3.455563,,11/7/2025
20251107,LPG,Etica Global Equity,677,BIOGEN INC,0.000728078656727,0.0,AZ ,Health Care,US09062X1037,2455965,BIIB US Equity,US ,USD,3.455563,,11/7/2025
20251107,LPG,Etica Global Equity,23349,CORBION NV,0.000699112877466,0.0,AZ ,Materials,NL0010583399,BFRSRR7,CRBN NA Equity,NL ,EUR,3.455563,,11/7/2025
20251107,LPG,Etica Global Equity,58681,JONES LANG LASALLE INC,0.000627001205273,0.0,AZ ,Real Estate,US48020Q1076,2040640,JLL US Equity,US ,USD,3.455563,,11/7/2025
20251107,LPG,Etica Global Equity,247914,INFRASTRUTTURE WIRELESS ITAL,0.000611678829456,0.0,AZ ,Communication Services,IT0005090300,BZ0P4R4,INW IM Equity,IT ,EUR,3.455563,,11/7/2025
20251107,LPG,Etica Global Equity,3672,AMPLIFON SPA,0.000601560375603,0.0,AZ ,Health Care,IT0004056880,B14NJ71,AMP IM Equity,IT ,EUR,3.455563,,11/7/2025
20251107,LPG,Etica Global Equity,63,HERA SPA,0.000464574014071,0.0,AZ ,Utilities,IT0001250932,7598003,HER IM Equity,IT ,EUR,3.455563,,11/7/2025
20251107,LPG,Etica Global Equity,3321,BXP INC,0.000462335702952,0.0,AZ ,Real Estate,US1011211018,2019479,BXP US Equity,US ,USD,3.455563,,11/7/2025
20251107,LPG,Etica Global Equity,3245,EDP SA,0.000459075283936,0.0,AZ ,Utilities,PTEDP0AM0009,4103596,EDP PL Equity,PT ,EUR,3.455563,,11/7/2025
20251107,LPG,Etica Global Equity,48675,PRYSMIAN SPA,0.00042024984459,0.0,AZ ,Industrials,IT0004176001,B1W4V69,PRY IM Equity,IT ,EUR,3.455563,,11/7/2025
20251107,LPG,Etica Global Equity,3476,A2A SPA,0.000342804216126,0.0,AZ ,Utilities,IT0001233417,5499131,A2A IM Equity,IT ,EUR,3.455563,,11/7/2025
20251107,LPG,Etica Global Equity,1464,SHISEIDO CO LTD,0.000184933643758,0.0,AZ ,Consumer Staples,JP3351600006,6805265,4911 JP Equity,JP ,JPY,3.455563,,11/7/2025
20251107,LPG,Etica Global Equity,314765,PIRELLI & C SPA,0.000143192631278,0.0,AZ ,Consumer Discretionary,IT0005278236,BZ5ZHK3,PIRC IM Equity,IT ,EUR,3.455563,,11/7/2025
20251107,LPG,Etica Global Equity,165991,KRW,0.000000000956135,0.0,LQ ,CASH,,,KRW,KR ,KRW,3.455563,,11/7/2025
20251107,LPG,Etica Global Equity,184686,TESLA INC,0.0,0.013847598,AZ ,Consumer Discretionary,US88160R1014,B616C79,TSLA US Equity,US ,USD,3.455563,,11/7/2025
20251107,LPG,Etica Global Equity,28663,ALPHABET INC-CL C,0.0,0.015283125,AZ ,Communication Services,US02079K1079,BYY88Y7,GOOG US Equity,US ,USD,3.455563,,11/7/2025
20251107,LPG,Etica Global Equity,227088,ALPHABET INC-CL A,0.0,0.01804788,AZ ,Communication Services,US02079K3059,BYVY8G0,GOOGL US Equity,US ,USD,3.455563,,11/7/2025
20251107,LPG,Etica Global Equity,50594,BROADCOM INC,0.0,0.017364663,AZ ,Information Technology,US11135F1012,BDZ78H9,AVGO US Equity,US ,USD,3.455563,,11/7/2025
20251107,LPG,Etica Global Equity,3255,AMAZON.COM INC,0.0,0.02597175,AZ ,Consumer Discretionary,US0231351067,2000019,AMZN US Equity,US ,USD,3.455563,,11/7/2025
20251107,LPG,Etica Global Equity,553,MICROSOFT CORP,0.0,0.039014352,AZ ,Information Technology,US5949181045,2588173,MSFT US Equity,US ,USD,3.455563,,11/7/2025
20251107,LPG,Etica Global Equity,534,APPLE INC,0.0,0.044595333,AZ ,Information Technology,US0378331005,2046251,AAPL US Equity,US ,USD,3.455563,,11/7/2025
20251107,LPG,Etica Global Equity,188839,META PLATFORMS INC-CLASS A,0.0,0.015012099,AZ ,Communication Services,US30303M1027,B7TL820,META US Equity,US ,USD,3.455563,,11/7/2025
20251107,LPG,Etica Global Equity,184,JPMORGAN CHASE & CO,0.0,0.009711531,AZ ,Financials,US46625H1005,2190385,JPM US Equity,US ,USD,3.455563,,11/7/2025
20251107,LPG,Etica Global Equity,164733,DEBITI COMMISSIONE GESTIONE,-0.000331270683052,0.0,CD ,CASH,,,DEBITI COMMISSIONE GESTIONE,5A ,EUR,3.455563,,11/7/2025
20251107,LPG,Etica Global Equity,164723,EUR,-0.0033122918681,0.0,LQ ,CASH,,,EUR,5A ,EUR,3.455563,,11/7/2025
20251107,LPG,Etica Global Equity,247714,DEBITI CONTRIBUTI VIGILANZA,-0.003429329118444,0.0,CD ,CASH,,,DEBITI CONTRIBUTI VIGILANZA,5A ,EUR,3.455563,,11/7/2025
