20251118,A80,Etica Rendita Bilanciata,496185,BUNDESOBLIGATION OBL 1.3 10/15/27,0.070209098469593,0.0,OB ,SOVEREIGN,DE0001030740,,BY5766682 Govt,DE ,EUR,1.587451,A,11/18/2025
20251118,A80,Etica Rendita Bilanciata,510744,BUNDESREPUB. DEUTSCHLAND DBR 2.3 02/15/33,0.049469578538829,0.0,OB ,SOVEREIGN,DE000BU3Z005,,ZK3512736 Govt,DE ,EUR,1.587451,A,11/18/2025
20251118,A80,Etica Rendita Bilanciata,164723,EUR,0.045055939150827,0.0,LQ ,CASH,,,EUR,5A ,EUR,1.587451,,11/18/2025
20251118,A80,Etica Rendita Bilanciata,442342,BUNDESREPUB. DEUTSCHLAND DBR 0 08/15/30,0.043636046115208,0.0,OB ,SOVEREIGN,DE0001030708,,ZO2919926 Govt,DE ,EUR,1.587451,A,11/18/2025
20251118,A80,Etica Rendita Bilanciata,535701,BUNDESOBLIGATION OBL 2.1 04/12/29,0.031858483066561,0.0,OB ,SOVEREIGN,DE000BU35025,,ZB6879496 Govt,DE ,EUR,1.587451,A,11/18/2025
20251118,A80,Etica Rendita Bilanciata,212675,BUONI POLIENNALI DEL TES BTPS 4.05 10/30/37,0.029914448285281,0.0,OB ,SOVEREIGN,IT0005596470,,YX0762808 Govt,IT ,EUR,1.587451,B,11/18/2025
20251118,A80,Etica Rendita Bilanciata,578009,BUONI POLIENNALI DEL TES BTPS 3.45 02/01/36,0.028654964320069,0.0,OB ,SOVEREIGN,IT0005676504,,YJ6499398 Govt,IT ,EUR,1.587451,B,11/18/2025
20251118,A80,Etica Rendita Bilanciata,3458,NVIDIA CORP,0.024515315368721,0.01666416,AZ ,Information Technology,US67066G1040,2379504,NVDA US Equity,US ,USD,1.587451,,11/18/2025
20251118,A80,Etica Rendita Bilanciata,509810,BUONI POLIENNALI DEL TES BTPS 4 10/30/31,0.019525389641431,0.0,OB ,SOVEREIGN,IT0005542359,,ZK0285476 Govt,IT ,EUR,1.587451,B,11/18/2025
20251118,A80,Etica Rendita Bilanciata,561338,BUONI POLIENNALI DEL TES BTPS 3 1/4 07/15/32,0.017617522054617,0.0,OB ,SOVEREIGN,IT0005647265,,YP6540759 Govt,IT ,EUR,1.587451,B,11/18/2025
20251118,A80,Etica Rendita Bilanciata,164727,USD,0.016956291498623,0.0,LQ ,CASH,,,USD,US ,USD,1.587451,,11/18/2025
20251118,A80,Etica Rendita Bilanciata,335439,FRANCE (GOVT OF) FRTR 0 1/2 06/25/44,0.01693499930585,0.0,OB ,SOVEREIGN,FR0014002JM6,,BO6060129 Govt,FR ,EUR,1.587451,A,11/18/2025
20251118,A80,Etica Rendita Bilanciata,454914,BUONI POLIENNALI DEL TES BTPS 1 1/2 04/30/45,0.015217653719539,0.0,OB ,SOVEREIGN,IT0005438004,,BO3833387 Govt,IT ,EUR,1.587451,B,11/18/2025
20251118,A80,Etica Rendita Bilanciata,238905,BONOS Y OBLIG DEL ESTADO SPGB 1.85 07/30/35,0.014903676064046,0.0,OB ,SOVEREIGN,ES0000012E69,,AX4147556 Govt,ES ,EUR,1.587451,A,11/18/2025
20251118,A80,Etica Rendita Bilanciata,128629,BUONI POLIENNALI DEL TES BTPS 3.45 07/15/31,0.014372167486833,0.0,OB ,SOVEREIGN,IT0005595803,,ZB9640887 Govt,IT ,EUR,1.587451,B,11/18/2025
20251118,A80,Etica Rendita Bilanciata,462761,BUNDESREPUB. DEUTSCHLAND DBR 0 08/15/50,0.012902686458597,0.0,OB ,SOVEREIGN,DE0001030724,,BP4742659 Govt,DE ,EUR,1.587451,A,11/18/2025
20251118,A80,Etica Rendita Bilanciata,185030,NETHERLANDS GOVERNMENT NETHER 0 1/2 01/15/40,0.012887669213547,0.0,OB ,SOVEREIGN,NL0013552060,,ZS0947771 Govt,NL ,EUR,1.587451,A,11/18/2025
20251118,A80,Etica Rendita Bilanciata,292486,FRANCE (GOVT OF) FRTR 1 3/4 06/25/39,0.012773224388893,0.0,OB ,SOVEREIGN,FR0013234333,,AL9974240 Govt,FR ,EUR,1.587451,A,11/18/2025
20251118,A80,Etica Rendita Bilanciata,556680,FRANCE (GOVT OF) FRTR 3.2 05/25/35,0.011453886423357,0.0,OB ,SOVEREIGN,FR001400X8V5,,YR1561277 Govt,FR ,EUR,1.587451,A,11/18/2025
20251118,A80,Etica Rendita Bilanciata,535378,FRANCE (GOVT OF) FRTR 2 3/4 02/25/30,0.009988357515698,0.0,OB ,SOVEREIGN,FR001400PM68,,ZB4289912 Govt,FR ,EUR,1.587451,A,11/18/2025
20251118,A80,Etica Rendita Bilanciata,504092,EDP SA EDPPL 5.943 04/23/2083,0.009337381182515,0.0,OB ,UTILITY,PTEDP4OM0025,,ZM4793893 Corp,PT ,EUR,1.587451,C,11/18/2025
20251118,A80,Etica Rendita Bilanciata,128733,BUONI POLIENNALI DEL TES BTPS 2.7 10/15/27,0.009267046835963,0.0,OB ,SOVEREIGN,IT0005622128,,YT1232321 Govt,IT ,EUR,1.587451,B,11/18/2025
20251118,A80,Etica Rendita Bilanciata,65876,VISA INC-CLASS A SHARES,0.008856358826923,0.0,AZ ,Financials,US92826C8394,B2PZN04,V US Equity,US ,USD,1.587451,,11/18/2025
20251118,A80,Etica Rendita Bilanciata,45465,MASTERCARD INC - A,0.008732389881855,0.0,AZ ,Financials,US57636Q1040,B121557,MA US Equity,US ,USD,1.587451,,11/18/2025
20251118,A80,Etica Rendita Bilanciata,237713,BUONI POLIENNALI DEL TES BTPS 4 04/30/35,0.007764542294521,0.0,OB ,SOVEREIGN,IT0005508590,,BY8794178 Govt,IT ,EUR,1.587451,B,11/18/2025
20251118,A80,Etica Rendita Bilanciata,406148,AGENCE FRANCAISE DEVELOP AGFRNC 0.01 11/25/28,0.007416292132947,0.0,OB ,Quasi & Foreign Government,FR0014003YN1,,BP9619894 Govt,FR ,EUR,1.587451,A,11/18/2025
20251118,A80,Etica Rendita Bilanciata,554,ORACLE CORP,0.00725540326035,0.0,AZ ,Information Technology,US68389X1054,2661568,ORCL US Equity,US ,USD,1.587451,,11/18/2025
20251118,A80,Etica Rendita Bilanciata,28895,FUT_EUR (Nozionale),0.006915180262472,0.0,NB ,CASH,,,FUT_EUR (Nozionale),5A ,EUR,1.587451,,11/18/2025
20251118,A80,Etica Rendita Bilanciata,335644,CAISSE D'AMORT DETTE SOC CADES 1 1/2 05/25/32,0.006837021798317,0.0,OB ,Quasi & Foreign Government,FR001400A3H2,,BW1169877 Govt,FR ,EUR,1.587451,A,11/18/2025
20251118,A80,Etica Rendita Bilanciata,498660,KONINKLIJKE KPN NV KPN 6 PERP,0.006584424121176,0.0,OB ,INDUSTRIAL,XS2486270858,,BZ0016577 Corp,NL ,EUR,1.587451,C,11/18/2025
20251118,A80,Etica Rendita Bilanciata,212348,EDP SA EDPPL 1 1/2 03/14/2082,0.006218286101596,0.0,OB ,UTILITY,PTEDPXOM0021,,BR3181418 Corp,PT ,EUR,1.587451,C,11/18/2025
20251118,A80,Etica Rendita Bilanciata,237094,BONOS Y OBLIG DEL ESTADO SPGB 3.45 07/30/66,0.006028656764054,0.0,OB ,SOVEREIGN,ES00000128E2,,LW0882867 Govt,ES ,EUR,1.587451,A,11/18/2025
20251118,A80,Etica Rendita Bilanciata,411899,Etica Sustainable Global Equity - Class S,0.006004457733227,0.0,FO ,No Sector,LU2052491334,,MUSGESE LX Equity,DEV,MUL,1.587451,,11/18/2025
20251118,A80,Etica Rendita Bilanciata,540619,BUNDESSCHATZANWEISUNGEN BKO 2.7 09/17/26,0.005784828321145,0.0,OB ,SOVEREIGN,DE000BU22064,,YW4754282 Govt,DE ,EUR,1.587451,A,11/18/2025
20251118,A80,Etica Rendita Bilanciata,565111,BONOS Y OBLIG DEL ESTADO SPGB 3.2 10/31/35,0.005731125040389,0.0,OB ,SOVEREIGN,ES0000012P33,,YO9201485 Govt,ES ,EUR,1.587451,A,11/18/2025
20251118,A80,Etica Rendita Bilanciata,51528,BUONI ORDINARI DEL TES BOTS 0 09/14/26,0.005631382429544,0.0,OB ,SOVEREIGN,IT0005669269,,YL9485662 Govt,IT ,EUR,1.587451,B,11/18/2025
20251118,A80,Etica Rendita Bilanciata,344928,IRELAND GOVERNMENT BOND IRISH 1.35 03/18/31,0.005468590771457,0.0,OB ,SOVEREIGN,IE00BFZRQ242,,AU9204705 Govt,IE ,EUR,1.587451,A,11/18/2025
20251118,A80,Etica Rendita Bilanciata,335696,BELGIUM KINGDOM BGB 2 3/4 04/22/39,0.005322569570783,0.0,OB ,SOVEREIGN,BE0000356650,,BZ0281957 Govt,BE ,EUR,1.587451,A,11/18/2025
20251118,A80,Etica Rendita Bilanciata,405921,Etica Sustainable Dynamic Allocation - Class S,0.005204699888004,0.0,FO ,No Sector,LU2052490872,,MUSDASE LX Equity,DEV,MUL,1.587451,,11/18/2025
20251118,A80,Etica Rendita Bilanciata,414446,TELEFONICA EUROPE BV TELEFO 2.502 PERP,0.005140520017528,0.0,OB ,INDUSTRIAL,XS2109819859,,ZP7077248 Corp,ES ,EUR,1.587451,C,11/18/2025
20251118,A80,Etica Rendita Bilanciata,480661,BONOS Y OBLIG DEL ESTADO SPGB 0.7 04/30/32,0.005057793377047,0.0,OB ,SOVEREIGN,ES0000012K20,,BT4353020 Govt,ES ,EUR,1.587451,A,11/18/2025
20251118,A80,Etica Rendita Bilanciata,335490,LANDWIRTSCH. RENTENBANK RENTEN 0 06/30/31,0.004944617301291,0.0,OB ,Quasi & Foreign Government,XS2359292955,,BQ1979823 Corp,DE ,EUR,1.587451,A,11/18/2025
20251118,A80,Etica Rendita Bilanciata,201018,ABBVIE INC,0.004910622765299,0.0,AZ ,Health Care,US00287Y1091,B92SR70,ABBV US Equity,US ,USD,1.587451,,11/18/2025
20251118,A80,Etica Rendita Bilanciata,335524,AGENCE FRANCAISE DEVELOP AGFRNC 0 1/8 09/29/31,0.004801922888705,0.0,OB ,Quasi & Foreign Government,FR0014005NA6,,BR5562094 Govt,FR ,EUR,1.587451,A,11/18/2025
20251118,A80,Etica Rendita Bilanciata,406188,BONOS Y OBLIG DEL ESTADO SPGB 1 07/30/42,0.004678098466094,0.0,OB ,SOVEREIGN,ES0000012J07,,BR3246377 Govt,ES ,EUR,1.587451,A,11/18/2025
20251118,A80,Etica Rendita Bilanciata,534121,TERNA RETE ELETTRICA TRNIM 4 3/4 PERP,0.004608040016682,0.0,OB ,UTILITY,XS2798269069,,ZB2049300 Corp,IT ,EUR,1.587451,B,11/18/2025
20251118,A80,Etica Rendita Bilanciata,492477,BONOS Y OBLIG DEL ESTADO SPGB 2.55 10/31/32,0.004505552761858,0.0,OB ,SOVEREIGN,ES0000012K61,,BX0275376 Govt,ES ,EUR,1.587451,A,11/18/2025
20251118,A80,Etica Rendita Bilanciata,335600,BONOS Y OBLIG DEL ESTADO SPGB 1.9 10/31/52,0.004394594216515,0.0,OB ,SOVEREIGN,ES0000012K46,,BU3617661 Govt,ES ,EUR,1.587451,A,11/18/2025
20251118,A80,Etica Rendita Bilanciata,406149,CAISSE D'AMORT DETTE SOC CADES 0 11/25/26,0.004257568144435,0.0,OB ,Quasi & Foreign Government,FR0014004016,,BP9677991 Govt,FR ,EUR,1.587451,A,11/18/2025
20251118,A80,Etica Rendita Bilanciata,577,APPLIED MATERIALS INC,0.004231636768184,0.0,AZ ,Information Technology,US0382221051,2046552,AMAT US Equity,US ,USD,1.587451,,11/18/2025
20251118,A80,Etica Rendita Bilanciata,389755,Etica Sustainable Conservative Allocation - Class S,0.004225331012519,0.0,FO ,No Sector,LU2052490286,,MUSCASS LX Equity,5A ,EUR,1.587451,,11/18/2025
20251118,A80,Etica Rendita Bilanciata,16441,BUNDESREPUB. DEUTSCHLAND DBR 4 3/4 07/04/34,0.004064101488843,0.0,OB ,SOVEREIGN,DE0001135226,,EC8300625 Govt,DE ,EUR,1.587451,A,11/18/2025
20251118,A80,Etica Rendita Bilanciata,427,PROCTER & GAMBLE CO/THE,0.004056364446622,0.0,AZ ,Consumer Staples,US7427181091,2704407,PG US Equity,US ,USD,1.587451,,11/18/2025
20251118,A80,Etica Rendita Bilanciata,300,HOME DEPOT INC,0.004043929342251,0.0,AZ ,Consumer Discretionary,US4370761029,2434209,HD US Equity,US ,USD,1.587451,,11/18/2025
20251118,A80,Etica Rendita Bilanciata,336003,TELEFONICA EUROPE BV TELEFO 5.7522 PERP,0.003734705878915,0.0,OB ,INDUSTRIAL,XS2755535577,,ZD4852251 Corp,ES ,EUR,1.587451,C,11/18/2025
20251118,A80,Etica Rendita Bilanciata,480,TEXAS INSTRUMENTS INC,0.003647208256521,0.0,AZ ,Information Technology,US8825081040,2885409,TXN US Equity,US ,USD,1.587451,,11/18/2025
20251118,A80,Etica Rendita Bilanciata,222389,MONCLER SPA,0.00363461251565,0.0,AZ ,Consumer Discretionary,IT0004965148,BGLP232,MONC IM Equity,IT ,EUR,1.587451,,11/18/2025
20251118,A80,Etica Rendita Bilanciata,2839,ASML HOLDING NV,0.003591666291407,0.0,AZ ,Information Technology,NL0010273215,B929F46,ASML NA Equity,NL ,EUR,1.587451,,11/18/2025
20251118,A80,Etica Rendita Bilanciata,221482,SERVICENOW INC,0.003510884170296,0.0,AZ ,Information Technology,US81762P1021,B80NXX8,NOW US Equity,US ,USD,1.587451,,11/18/2025
20251118,A80,Etica Rendita Bilanciata,542,CISCO SYSTEMS INC,0.003499879046866,0.0,AZ ,Information Technology,US17275R1023,2198163,CSCO US Equity,US ,USD,1.587451,,11/18/2025
20251118,A80,Etica Rendita Bilanciata,756,QUALCOMM INC,0.003377020138261,0.0,AZ ,Information Technology,US7475251036,2714923,QCOM US Equity,US ,USD,1.587451,,11/18/2025
20251118,A80,Etica Rendita Bilanciata,23568,SALESFORCE INC,0.00333613850419,0.0,AZ ,Information Technology,US79466L3024,2310525,CRM US Equity,US ,USD,1.587451,,11/18/2025
20251118,A80,Etica Rendita Bilanciata,164724,GBP,0.003234898593043,0.0,LQ ,CASH,,,GBP,GB ,GBP,1.587451,,11/18/2025
20251118,A80,Etica Rendita Bilanciata,214,DANAHER CORP,0.003227778465529,0.0,AZ ,Health Care,US2358511028,2250870,DHR US Equity,US ,USD,1.587451,,11/18/2025
20251118,A80,Etica Rendita Bilanciata,423,NEW LINDE PLC,0.003166870867973,0.0,AZ ,Materials,IE000S9YS762,BNZHB81,LIN US Equity,US ,USD,1.587451,,11/18/2025
20251118,A80,Etica Rendita Bilanciata,705,LAM RESEARCH CORP,0.003090213575155,0.0,AZ ,Information Technology,US5128073062,BSML4N7,LRCX US Equity,US ,USD,1.587451,,11/18/2025
20251118,A80,Etica Rendita Bilanciata,500911,ORSTED A/S ORSTED 5 1/4 12/08/3022,0.003063137643803,0.0,OB ,UTILITY,XS2563353361,,ZN6806667 Corp,DK ,EUR,1.587451,C,11/18/2025
20251118,A80,Etica Rendita Bilanciata,216,DEERE & CO,0.003013535151983,0.0,AZ ,Industrials,US2441991054,2261203,DE US Equity,US ,USD,1.587451,,11/18/2025
20251118,A80,Etica Rendita Bilanciata,2703,LONZA GROUP AG-REG,0.003013040438292,0.0,AZ ,Health Care,CH0013841017,7333378,LONN SW Equity,CH ,CHF,1.587451,,11/18/2025
20251118,A80,Etica Rendita Bilanciata,363,MERCK & CO. INC.,0.002978983771044,0.0,AZ ,Health Care,US58933Y1055,2778844,MRK US Equity,US ,USD,1.587451,,11/18/2025
20251118,A80,Etica Rendita Bilanciata,1706,TELECOM ITALIA SPA,0.002957935430569,0.0,AZ ,Communication Services,IT0003497168,7634394,TIT IM Equity,IT ,EUR,1.587451,,11/18/2025
20251118,A80,Etica Rendita Bilanciata,360,MEDTRONIC PLC,0.002954617919222,0.0,AZ ,Health Care,IE00BTN1Y115,BTN1Y11,MDT US Equity,US ,USD,1.587451,,11/18/2025
20251118,A80,Etica Rendita Bilanciata,237464,INFINEON TECHNOLOGIES AG IFXGR 3 5/8 PERP,0.002941991691088,0.0,OB ,INDUSTRIAL,XS2056730679,,ZR7968624 Corp,DE ,EUR,1.587451,B,11/18/2025
20251118,A80,Etica Rendita Bilanciata,405955,NOKIA OYJ NOKIA 3 1/8 05/15/28,0.002932080742041,0.0,OB ,INDUSTRIAL,XS2171872570,,BJ3268486 Corp,FI ,EUR,1.587451,C,11/18/2025
20251118,A80,Etica Rendita Bilanciata,239100,FORVIA SE EOFP 2 3/8 06/15/29,0.002900637241015,0.0,OB ,INDUSTRIAL,XS2312733871,,BO6324905 Corp,FR ,EUR,1.587451,C,11/18/2025
20251118,A80,Etica Rendita Bilanciata,405993,SSE PLC SSELN 3 1/8 PERP,0.002886564620125,0.0,OB ,UTILITY,XS2195190520,,BK2936866 Corp,GB ,EUR,1.587451,B,11/18/2025
20251118,A80,Etica Rendita Bilanciata,496325,INTEL CORP INTC 4.15 08/05/32,0.002883847508596,0.0,OB ,INDUSTRIAL,US458140CA64,,BY2217838 Corp,US ,USD,1.587451,B,11/18/2025
20251118,A80,Etica Rendita Bilanciata,1821,INTUIT INC,0.002769493069173,0.0,AZ ,Information Technology,US4612021034,2459020,INTU US Equity,US ,USD,1.587451,,11/18/2025
20251118,A80,Etica Rendita Bilanciata,358,S&P GLOBAL INC,0.002703548487757,0.0,AZ ,Financials,US78409V1044,BYV2325,SPGI US Equity,US ,USD,1.587451,,11/18/2025
20251118,A80,Etica Rendita Bilanciata,51209,TELEFONICA EUROPE BV TELEFO 7 1/8 PERP,0.002647453457108,0.0,OB ,INDUSTRIAL,XS2462605671,,ZN3747385 Corp,ES ,EUR,1.587451,C,11/18/2025
20251118,A80,Etica Rendita Bilanciata,100,ABBOTT LABORATORIES,0.002576165450164,0.0,AZ ,Health Care,US0028241000,2002305,ABT US Equity,US ,USD,1.587451,,11/18/2025
20251118,A80,Etica Rendita Bilanciata,504076,TELEFONICA EUROPE BV TELEFO 6.135 PERP,0.002507190008687,0.0,OB ,INDUSTRIAL,XS2582389156,,ZM6546588 Corp,ES ,EUR,1.587451,C,11/18/2025
20251118,A80,Etica Rendita Bilanciata,2706,TRANE TECHNOLOGIES PLC,0.002474345204446,0.0,AZ ,Industrials,IE00BK9ZQ967,BK9ZQ96,TT US Equity,US ,USD,1.587451,,11/18/2025
20251118,A80,Etica Rendita Bilanciata,30976,NABTESCO CORP,0.0024493793422,0.0,AZ ,Industrials,JP3651210001,6687571,6268 JP Equity,JP ,JPY,1.587451,,11/18/2025
20251118,A80,Etica Rendita Bilanciata,533,AMGEN INC,0.002445479618028,0.0,AZ ,Health Care,US0311621009,2023607,AMGN US Equity,US ,USD,1.587451,,11/18/2025
20251118,A80,Etica Rendita Bilanciata,4289,CRH PLC,0.002424580713248,0.0,SE ,Materials,IE0001827041,182704,CRH LN Equity,US ,USD,1.587451,,11/18/2025
20251118,A80,Etica Rendita Bilanciata,5574,ERG SPA ERGIM 4 1/8 07/03/30,0.002421059560264,0.0,OB ,UTILITY,XS2853679053,,YX9810210 Corp,IT ,EUR,1.587451,NR,11/18/2025
20251118,A80,Etica Rendita Bilanciata,239132,REPUBLIKA SLOVENIJA SLOREP 0 1/8 07/01/31,0.002411676205799,0.0,OB ,SOVEREIGN,SI0002104196,,BQ1964585 Govt,SI ,EUR,1.587451,A,11/18/2025
20251118,A80,Etica Rendita Bilanciata,164954,CAD,0.002376409668324,0.0,LQ ,CASH,,,CAD,CA ,CAD,1.587451,,11/18/2025
20251118,A80,Etica Rendita Bilanciata,335961,REPUBLIC OF AUSTRIA RAGB 2.9 02/20/34,0.002341865090327,0.0,OB ,SOVEREIGN,AT0000A39UW5,,ZF4061056 Govt,AT ,EUR,1.587451,A,11/18/2025
20251118,A80,Etica Rendita Bilanciata,382187,NOKIA OYJ NOKIA 2 03/11/26,0.002288573044049,0.0,OB ,INDUSTRIAL,XS1960685383,,AX4993215 Corp,FI ,EUR,1.587451,C,11/18/2025
20251118,A80,Etica Rendita Bilanciata,549,INTEL CORP,0.002250691507908,0.0,AZ ,Information Technology,US4581401001,2463247,INTC US Equity,US ,USD,1.587451,,11/18/2025
20251118,A80,Etica Rendita Bilanciata,497,UNION PACIFIC CORP,0.002218087658416,0.0,AZ ,Industrials,US9078181081,2914734,UNP US Equity,US ,USD,1.587451,,11/18/2025
20251118,A80,Etica Rendita Bilanciata,335356,TAKEDA PHARMACEUTICAL TACHEM 1 07/09/29,0.002146538013027,0.0,OB ,INDUSTRIAL,XS2197348597,,BK2909210 Corp,JP ,EUR,1.587451,B,11/18/2025
20251118,A80,Etica Rendita Bilanciata,149,VERIZON COMMUNICATIONS INC,0.00214546339997,0.0,AZ ,Communication Services,US92343V1044,2090571,VZ US Equity,US ,USD,1.587451,,11/18/2025
20251118,A80,Etica Rendita Bilanciata,1619,LOREAL SA,0.002144376154511,0.0,AZ ,Consumer Staples,FR0000120321,4057808,OR FP Equity,FR ,EUR,1.587451,,11/18/2025
20251118,A80,Etica Rendita Bilanciata,3092,MTR CORP,0.002110997468119,0.0,AZ ,Industrials,HK0066009694,6290054,66 HK Equity,HK ,HKD,1.587451,,11/18/2025
20251118,A80,Etica Rendita Bilanciata,164955,CHF,0.002098708501045,0.0,LQ ,CASH,,,CHF,CH ,CHF,1.587451,,11/18/2025
20251118,A80,Etica Rendita Bilanciata,486,TJX COMPANIES INC,0.002082281867128,0.0,AZ ,Consumer Discretionary,US8725401090,2989301,TJX US Equity,US ,USD,1.587451,,11/18/2025
20251118,A80,Etica Rendita Bilanciata,1285,KUBOTA CORP,0.002077678381922,0.0,AZ ,Industrials,JP3266400005,6497509,6326 JT Equity,JP ,JPY,1.587451,,11/18/2025
20251118,A80,Etica Rendita Bilanciata,53583,LOGITECH INTERNATIONAL,0.002075435334746,0.0,SE ,Information Technology,CH0025751329,B1921K0,LOGI US Equity,CH ,CHF,1.587451,,11/18/2025
20251118,A80,Etica Rendita Bilanciata,559,STRYKER CORP,0.002061059868359,0.0,AZ ,Health Care,US8636671013,2853688,SYK UN Equity,US ,USD,1.587451,,11/18/2025
20251118,A80,Etica Rendita Bilanciata,1258,KAO CORP,0.002059372062744,0.0,AZ ,Consumer Staples,JP3205800000,6483809,4452 JP Equity,JP ,JPY,1.587451,,11/18/2025
20251118,A80,Etica Rendita Bilanciata,348394,KNORR-BREMSE AG,0.002032490015271,0.0,AZ ,Industrials,DE000KBX1006,BD2P9X9,KBX GR Equity,DE ,EUR,1.587451,,11/18/2025
20251118,A80,Etica Rendita Bilanciata,191474,PALO ALTO NETWORKS INC,0.002030328362905,0.0,AZ ,Information Technology,US6974351057,B87ZMX0,PANW US Equity,US ,USD,1.587451,,11/18/2025
20251118,A80,Etica Rendita Bilanciata,49402,SARTORIUS STEDIM BIOTECH,0.002023064674966,0.0,AZ ,Health Care,FR0013154002,BYZ2QP5,DIM FP Equity,FR ,EUR,1.587451,,11/18/2025
20251118,A80,Etica Rendita Bilanciata,133,AUTOMATIC DATA PROCESSING,0.002021721643426,0.0,AZ ,Industrials,US0530151036,2065308,ADP US Equity,US ,USD,1.587451,,11/18/2025
20251118,A80,Etica Rendita Bilanciata,406189,ERG SPA ERGIM 0 7/8 09/15/31,0.002010428311133,0.0,OB ,UTILITY,XS2386650274,,BR3380614 Corp,IT ,EUR,1.587451,NR,11/18/2025
20251118,A80,Etica Rendita Bilanciata,783,SYNOPSYS INC,0.002006060844535,0.0,AZ ,Information Technology,US8716071076,2867719,SNPS US Equity,US ,USD,1.587451,,11/18/2025
20251118,A80,Etica Rendita Bilanciata,1288,KURITA WATER INDUSTRIES LTD,0.00200279902799,0.0,AZ ,Industrials,JP3270000007,6497963,6370 JP Equity,JP ,JPY,1.587451,,11/18/2025
20251118,A80,Etica Rendita Bilanciata,432910,SSE PLC SSELN 3.74 PERP,0.001985167334007,0.0,OB ,UTILITY,XS2195190876,,BK2909863 Corp,GB ,GBP,1.587451,B,11/18/2025
20251118,A80,Etica Rendita Bilanciata,481243,CAISSE D'AMORT DETTE SOC CADES 0.45 01/19/32,0.001980448107146,0.0,OB ,Quasi & Foreign Government,FR0014007RB1,,BT4620824 Govt,FR ,EUR,1.587451,A,11/18/2025
20251118,A80,Etica Rendita Bilanciata,1734,NOKIA OYJ,0.001940035624191,0.0,AZ ,Information Technology,FI0009000681,5902941,NOKIA FH Equity,FI ,EUR,1.587451,,11/18/2025
20251118,A80,Etica Rendita Bilanciata,164959,JPY,0.001937621243632,0.0,LQ ,CASH,,,JPY,JP ,JPY,1.587451,,11/18/2025
20251118,A80,Etica Rendita Bilanciata,125,ANALOG DEVICES INC,0.001936159366737,0.0,AZ ,Information Technology,US0326541051,2032067,ADI US Equity,US ,USD,1.587451,,11/18/2025
20251118,A80,Etica Rendita Bilanciata,1658,ATLAS COPCO AB-A SHS,0.001894024948923,0.0,AZ ,Industrials,SE0017486889,BLDBN41,ATCOA SS Equity,SE ,SEK,1.587451,,11/18/2025
20251118,A80,Etica Rendita Bilanciata,397638,PROSUS NV,0.001889400264647,0.0,AZ ,Consumer Discretionary,NL0013654783,BJDS7L3,PRX NA Equity,NL ,EUR,1.587451,,11/18/2025
20251118,A80,Etica Rendita Bilanciata,670,WELLTOWER INC,0.001887866762152,0.0,AZ ,Real Estate,US95040Q1040,BYVYHH4,WELL US Equity,US ,USD,1.587451,,11/18/2025
20251118,A80,Etica Rendita Bilanciata,667,GILEAD SCIENCES INC,0.00187732247513,0.0,AZ ,Health Care,US3755581036,2369174,GILD US Equity,US ,USD,1.587451,,11/18/2025
20251118,A80,Etica Rendita Bilanciata,164953,AUD,0.001833293643799,0.0,LQ ,CASH,,,AUD,AU ,AUD,1.587451,,11/18/2025
20251118,A80,Etica Rendita Bilanciata,454,SONY GROUP CORP,0.001816194010978,0.0,AZ ,Consumer Discretionary,JP3435000009,6821506,6758 JP Equity,JP ,JPY,1.587451,,11/18/2025
20251118,A80,Etica Rendita Bilanciata,159,BOSTON SCIENTIFIC CORP,0.001815716556606,0.0,AZ ,Health Care,US1011371077,2113434,BSX US Equity,US ,USD,1.587451,,11/18/2025
20251118,A80,Etica Rendita Bilanciata,335766,NOKIA OYJ NOKIA 4 3/8 08/21/31,0.001815454379881,0.0,OB ,INDUSTRIAL,XS2488809612,,ZM9740188 Corp,FI ,EUR,1.587451,C,11/18/2025
20251118,A80,Etica Rendita Bilanciata,531,ADOBE INC,0.001804301882255,0.0,AZ ,Information Technology,US00724F1012,2008154,ADBE US Equity,US ,USD,1.587451,,11/18/2025
20251118,A80,Etica Rendita Bilanciata,236196,IMCD NV,0.001796038745763,0.0,AZ ,Industrials,NL0010801007,BNCBD46,IMCD NA Equity,NL ,EUR,1.587451,,11/18/2025
20251118,A80,Etica Rendita Bilanciata,2088,SAP SE,0.001795148442073,0.0,AZ ,Information Technology,DE0007164600,4846288,SAP GY Equity,DE ,EUR,1.587451,,11/18/2025
20251118,A80,Etica Rendita Bilanciata,18091,PROLOGIS INC,0.001788381632397,0.0,AZ ,Real Estate,US74340W1036,B44WZD7,PLD UN Equity,US ,USD,1.587451,,11/18/2025
20251118,A80,Etica Rendita Bilanciata,520,WESTERN DIGITAL CORP,0.001768957946985,0.0,AZ ,Information Technology,US9581021055,2954699,WDC US Equity,US ,USD,1.587451,,11/18/2025
20251118,A80,Etica Rendita Bilanciata,1545,TOTO LTD,0.001757612905453,0.0,AZ ,Industrials,JP3596200000,6897466,5332 JP Equity,JP ,JPY,1.587451,,11/18/2025
20251118,A80,Etica Rendita Bilanciata,2955,VOESTALPINE AG,0.001757538187606,0.0,AZ ,Materials,AT0000937503,4943402,VOE AV Equity,AT ,EUR,1.587451,,11/18/2025
20251118,A80,Etica Rendita Bilanciata,321288,INMOBILIARIA COLONIAL SO COLSM 1 5/8 11/28/25,0.001742901655412,0.0,OB ,INDUSTRIAL,XS1725677543,,AQ1248246 Corp,ES ,EUR,1.587451,B,11/18/2025
20251118,A80,Etica Rendita Bilanciata,40461,VERTEX PHARMACEUTICALS INC,0.001732827836576,0.0,AZ ,Health Care,US92532F1003,2931034,VRTX US Equity,US ,USD,1.587451,,11/18/2025
20251118,A80,Etica Rendita Bilanciata,2170,DSV A/S,0.001725454637285,0.0,AZ ,Industrials,DK0060079531,B1WT5G2,DSV DC Equity,DK ,DKK,1.587451,,11/18/2025
20251118,A80,Etica Rendita Bilanciata,233530,ZALANDO SE,0.001719458197932,0.0,AZ ,Consumer Discretionary,DE000ZAL1111,BQV0SV7,ZAL GR Equity,DE ,EUR,1.587451,,11/18/2025
20251118,A80,Etica Rendita Bilanciata,4264,AUTODESK INC,0.001711128177285,0.0,AZ ,Information Technology,US0527691069,2065159,ADSK US Equity,US ,USD,1.587451,,11/18/2025
20251118,A80,Etica Rendita Bilanciata,1404,OBAYASHI CORP,0.001690378101202,0.0,AZ ,Industrials,JP3190000004,6656407,1802 JP Equity,JP ,JPY,1.587451,,11/18/2025
20251118,A80,Etica Rendita Bilanciata,3033,STMICROELECTRONICS NV,0.00168663947164,0.0,SE ,Information Technology,NL0000226223,5962343,STMMI IM Equity,FR ,EUR,1.587451,,11/18/2025
20251118,A80,Etica Rendita Bilanciata,3760,ABB LTD,0.001649751978345,0.0,AZ ,Industrials,CH0012221716,7108899,ABBN SW Equity,CH ,CHF,1.587451,,11/18/2025
20251118,A80,Etica Rendita Bilanciata,424846,OTIS WORLDWIDE CORP,0.001625366141447,0.0,AZ ,Industrials,US68902V1070,BK531S8,OTIS US Equity,US ,USD,1.587451,,11/18/2025
20251118,A80,Etica Rendita Bilanciata,392,NOVO NORDISK A/S-B,0.001617394832892,0.0,AZ ,Health Care,DK0062498333,BP6KMJ1,NOVOB DC Equity,DK ,DKK,1.587451,,11/18/2025
20251118,A80,Etica Rendita Bilanciata,2489,LENOVO GROUP LTD,0.001616457927896,0.0,AZ ,Information Technology,HK0992009065,6218089,992 HK Equity,CN ,CNY,1.587451,,11/18/2025
20251118,A80,Etica Rendita Bilanciata,2566,UNITED PARCEL SERVICE-CL B,0.001611307859421,0.0,AZ ,Industrials,US9113121068,2517382,UPS US Equity,US ,USD,1.587451,,11/18/2025
20251118,A80,Etica Rendita Bilanciata,1337,MURATA MANUFACTURING CO LTD,0.001580565015728,0.0,AZ ,Information Technology,JP3914400001,6610403,6981 JP Equity,JP ,JPY,1.587451,,11/18/2025
20251118,A80,Etica Rendita Bilanciata,164963,SGD,0.001565007337545,0.0,LQ ,CASH,,,SGD,SG ,SGD,1.587451,,11/18/2025
20251118,A80,Etica Rendita Bilanciata,344,LOWE'S COS INC,0.00154380705322,0.0,AZ ,Consumer Discretionary,US5486611073,2536763,LOW US Equity,US ,USD,1.587451,,11/18/2025
20251118,A80,Etica Rendita Bilanciata,3014,ANHEUSER-BUSCH INBEV SA/NV,0.001520713283052,0.0,AZ ,Consumer Staples,BE0974293251,BYYHL23,ABI BB Equity,BE ,EUR,1.587451,,11/18/2025
20251118,A80,Etica Rendita Bilanciata,236299,VONOVIA SE,0.001516711136791,0.0,AZ ,Real Estate,DE000A1ML7J1,BBJPFY1,VNA GR Equity,DE ,EUR,1.587451,,11/18/2025
20251118,A80,Etica Rendita Bilanciata,1340,NEC CORP,0.00150173827121,0.0,AZ ,Information Technology,JP3733000008,6640400,6701 JP Equity,JP ,JPY,1.587451,,11/18/2025
20251118,A80,Etica Rendita Bilanciata,23355,RALPH LAUREN CORP,0.001500483414518,0.0,AZ ,Consumer Discretionary,US7512121010,B4V9661,RL US Equity,US ,USD,1.587451,,11/18/2025
20251118,A80,Etica Rendita Bilanciata,1609,ESSILORLUXOTTICA,0.001485045383383,0.0,AZ ,Health Care,FR0000121667,7212477,EL FP Equity,FR ,EUR,1.587451,,11/18/2025
20251118,A80,Etica Rendita Bilanciata,1790,CHINA OVERSEAS LAND & INVEST,0.001471353956366,0.0,AZ ,Real Estate,HK0688002218,6192150,688 HK Equity,CN ,CNY,1.587451,,11/18/2025
20251118,A80,Etica Rendita Bilanciata,3013,NOVARTIS AG,0.001453819175691,0.0,AZ ,Health Care,CH0012005267,7103065,NOVN SW Equity,CH ,CHF,1.587451,,11/18/2025
20251118,A80,Etica Rendita Bilanciata,536433,EDP SA EDPPL 4 3/4 05/29/54,0.001448963260064,0.0,OB ,UTILITY,PTEDPZOM0011,,YX2446822 Corp,PT ,EUR,1.587451,C,11/18/2025
20251118,A80,Etica Rendita Bilanciata,232,ECOLAB INC,0.001422732336712,0.0,AZ ,Materials,US2788651006,2304227,ECL US Equity,US ,USD,1.587451,,11/18/2025
20251118,A80,Etica Rendita Bilanciata,1526,TOKYO ELECTRON LTD,0.00140297723115,0.0,AZ ,Information Technology,JP3571400005,6895675,8035 JP Equity,JP ,JPY,1.587451,,11/18/2025
20251118,A80,Etica Rendita Bilanciata,3011,DEUTSCHE TELEKOM AG,0.001388721892827,0.0,AZ ,Communication Services,DE0005557508,5842359,DTE GR Equity,DE ,EUR,1.587451,,11/18/2025
20251118,A80,Etica Rendita Bilanciata,1714,SKF AB-B SHARES,0.001386453042569,0.0,AZ ,Industrials,SE0000108227,B1Q3J35,SKFB SS Equity,SE ,SEK,1.587451,,11/18/2025
20251118,A80,Etica Rendita Bilanciata,212398,TELIA COMPANY AB TELIAS 2 3/4 06/30/2083,0.001380823320791,0.0,OB ,INDUSTRIAL,XS2443749648,,BV4439170 Corp,SE ,EUR,1.587451,B,11/18/2025
20251118,A80,Etica Rendita Bilanciata,302,HONDA MOTOR CO LTD,0.001380719707615,0.0,AZ ,Consumer Discretionary,JP3854600008,6435145,7267 JP Equity,JP ,JPY,1.587451,,11/18/2025
20251118,A80,Etica Rendita Bilanciata,166783,XYLEM INC,0.001379466202348,0.0,AZ ,Industrials,US98419M1009,B3P2CN8,XYL US Equity,US ,USD,1.587451,,11/18/2025
20251118,A80,Etica Rendita Bilanciata,471,TDK CORP,0.001369691541219,0.0,AZ ,Information Technology,JP3538800008,6869302,6762 JP Equity,JP ,JPY,1.587451,,11/18/2025
20251118,A80,Etica Rendita Bilanciata,4223,COLGATE-PALMOLIVE CO,0.001358782357613,0.0,AZ ,Consumer Staples,US1941621039,2209106,CL US Equity,US ,USD,1.587451,,11/18/2025
20251118,A80,Etica Rendita Bilanciata,49977,TE CONNECTIVITY PLC,0.001344316150958,0.0,AZ ,Information Technology,IE000IVNQZ81,BRC3N84,TEL US Equity,US ,USD,1.587451,,11/18/2025
20251118,A80,Etica Rendita Bilanciata,407318,ORSTED A/S ORSTED 1 3/4 12/09/3019,0.001337270546594,0.0,OB ,UTILITY,XS2010036874,,ZQ8044799 Corp,DK ,EUR,1.587451,C,11/18/2025
20251118,A80,Etica Rendita Bilanciata,49992,BONOS Y OBLIG DEL ESTADO SPGB 4.9 07/30/40,0.001330961893379,0.0,OB ,SOVEREIGN,ES00000120N0,,EG5611157 Govt,ES ,EUR,1.587451,A,11/18/2025
20251118,A80,Etica Rendita Bilanciata,406011,ERG SPA ERGIM 0 1/2 09/11/27,0.001324239623511,0.0,OB ,UTILITY,XS2229434852,,ZO3431582 Corp,IT ,EUR,1.587451,NR,11/18/2025
20251118,A80,Etica Rendita Bilanciata,3119,INTERPUMP GROUP SPA,0.001269428688467,0.0,AZ ,Industrials,IT0001078911,5161407,IP IM Equity,IT ,EUR,1.587451,,11/18/2025
20251118,A80,Etica Rendita Bilanciata,23406,IBIDEN CO LTD,0.001257623932898,0.0,AZ ,Information Technology,JP3148800000,6456102,4062 JP Equity,JP ,JPY,1.587451,,11/18/2025
20251118,A80,Etica Rendita Bilanciata,451544,EDP SA EDPPL 1 7/8 08/02/2081,0.001255266403871,0.0,OB ,UTILITY,PTEDPROM0029,,BN7191719 Corp,PT ,EUR,1.587451,C,11/18/2025
20251118,A80,Etica Rendita Bilanciata,57392,EQUINIX INC,0.001240359105377,0.0,AZ ,Real Estate,US29444U7000,BVLZX12,EQIX US Equity,US ,USD,1.587451,,11/18/2025
20251118,A80,Etica Rendita Bilanciata,405936,CARRIER GLOBAL CORP,0.00123595384465,0.0,AZ ,Industrials,US14448C1045,BK4N0D7,CARR US Equity,US ,USD,1.587451,,11/18/2025
20251118,A80,Etica Rendita Bilanciata,476847,MICRON TECHNOLOGY INC MU 2.703 04/15/32,0.00123208435578,0.0,OB ,INDUSTRIAL,US595112BS19,,BS0168275 Corp,US ,USD,1.587451,B,11/18/2025
20251118,A80,Etica Rendita Bilanciata,1575,ASTELLAS PHARMA INC,0.001222744705072,0.0,AZ ,Health Care,JP3942400007,6985383,4503 JP Equity,JP ,JPY,1.587451,,11/18/2025
20251118,A80,Etica Rendita Bilanciata,1146,BRIDGESTONE CORP,0.001221709466625,0.0,AZ ,Consumer Discretionary,JP3830800003,6132101,5108 JP Equity,JP ,JPY,1.587451,,11/18/2025
20251118,A80,Etica Rendita Bilanciata,212828,PRYSMIAN SPA PRYIM 3 7/8 11/28/31,0.001214930471206,0.0,OB ,INDUSTRIAL,XS2948434266,,YT3439742 Corp,IT ,EUR,1.587451,B,11/18/2025
20251118,A80,Etica Rendita Bilanciata,17897,SK HYNIX INC,0.001213876873974,0.0,AZ ,Information Technology,KR7000660001,6450267,000660 KS Equity,KR ,KRW,1.587451,,11/18/2025
20251118,A80,Etica Rendita Bilanciata,212462,ORSTED A/S ORSTED 3 3/4 03/01/30,0.00119636490721,0.0,OB ,UTILITY,XS2591029876,,ZL2347488 Corp,DK ,EUR,1.587451,B,11/18/2025
20251118,A80,Etica Rendita Bilanciata,128611,BRITISH TELECOMMUNICATIO BRITEL 5 1/8 10/03/54,0.001195530103625,0.0,OB ,INDUSTRIAL,XS2794589403,,ZB0014470 Corp,GB ,EUR,1.587451,C,11/18/2025
20251118,A80,Etica Rendita Bilanciata,184644,ZOETIS INC,0.001191362430534,0.0,AZ ,Health Care,US98978V1035,B95WG16,ZTS US Equity,US ,USD,1.587451,,11/18/2025
20251118,A80,Etica Rendita Bilanciata,2831,BREMBO N.V.,0.001179026644552,0.0,AZ ,Consumer Discretionary,NL0015001KT6,BSMM753,BRE IM Equity,IT ,EUR,1.587451,,11/18/2025
20251118,A80,Etica Rendita Bilanciata,1040,TATE & LYLE PLC,0.001173690617511,0.0,AZ ,Consumer Staples,GB00BP92CJ43,BP92CJ4,TATE LN Equity,GB ,GBP,1.587451,,11/18/2025
20251118,A80,Etica Rendita Bilanciata,2867,DARDEN RESTAURANTS INC,0.001157774353216,0.0,AZ ,Consumer Discretionary,US2371941053,2289874,DRI UN Equity,US ,USD,1.587451,,11/18/2025
20251118,A80,Etica Rendita Bilanciata,239013,KLEPIERRE SA LIFP 2 05/12/29,0.001122669964005,0.0,OB ,INDUSTRIAL,FR0013512233,,BJ2958731 Corp,FR ,EUR,1.587451,A,11/18/2025
20251118,A80,Etica Rendita Bilanciata,237336,OBRIGACOES DO TESOURO PGB 2 1/4 04/18/34,0.00110489620991,0.0,OB ,SOVEREIGN,PTOTEWOE0017,,AS1769569 Govt,PT ,EUR,1.587451,A,11/18/2025
20251118,A80,Etica Rendita Bilanciata,4266,MCCORMICK & CO-NON VTG SHRS,0.0010899441311,0.0,AZ ,Consumer Staples,US5797802064,2550161,MKC UN Equity,US ,USD,1.587451,,11/18/2025
20251118,A80,Etica Rendita Bilanciata,1457,SHIMIZU CORP,0.001077682100933,0.0,AZ ,Industrials,JP3358800005,6804400,1803 JP Equity,JP ,JPY,1.587451,,11/18/2025
20251118,A80,Etica Rendita Bilanciata,188,THE CIGNA GROUP,0.001072249618695,0.0,AZ ,Health Care,US1255231003,BHJ0775,CI US Equity,US ,USD,1.587451,,11/18/2025
20251118,A80,Etica Rendita Bilanciata,651,EXPEDITORS INTL WASH INC,0.001041953673395,0.0,AZ ,Industrials,US3021301094,2325507,EXPD US Equity,US ,USD,1.587451,,11/18/2025
20251118,A80,Etica Rendita Bilanciata,3065,ELEVANCE HEALTH INC,0.001040938420025,0.0,AZ ,Health Care,US0367521038,BSPHGL4,ELV US Equity,US ,USD,1.587451,,11/18/2025
20251118,A80,Etica Rendita Bilanciata,100272,AMERICAN WATER WORKS CO INC,0.001018474929941,0.0,AZ ,Utilities,US0304201033,B2R3PV1,AWK US Equity,US ,USD,1.587451,,11/18/2025
20251118,A80,Etica Rendita Bilanciata,1001,PERSIMMON PLC,0.001011464978038,0.0,AZ ,Consumer Discretionary,GB0006825383,682538,PSN LN Equity,GB ,GBP,1.587451,,11/18/2025
20251118,A80,Etica Rendita Bilanciata,148,BECTON DICKINSON AND CO,0.001010740441687,0.0,AZ ,Health Care,US0758871091,2087807,BDX US Equity,US ,USD,1.587451,,11/18/2025
20251118,A80,Etica Rendita Bilanciata,305243,NOKIA OYJ NOKIA 4 3/8 06/12/27,0.001005168189889,0.0,OB ,INDUSTRIAL,US654902AE56,,AN8615410 Corp,FI ,USD,1.587451,C,11/18/2025
20251118,A80,Etica Rendita Bilanciata,454000,ORSTED A/S ORSTED 1 1/2 02/18/3021,0.000983173232473,0.0,OB ,UTILITY,XS2293075680,,BO0165460 Corp,DK ,EUR,1.587451,C,11/18/2025
20251118,A80,Etica Rendita Bilanciata,88166,REXEL SA,0.000971735927457,0.0,AZ ,Industrials,FR0010451203,B1VP0K0,RXL FP Equity,FR ,EUR,1.587451,,11/18/2025
20251118,A80,Etica Rendita Bilanciata,1088,ORICA LTD,0.000967472142751,0.0,AZ ,Materials,AU000000ORI1,6458001,ORI AU Equity,AU ,AUD,1.587451,,11/18/2025
20251118,A80,Etica Rendita Bilanciata,336777,ULTA BEAUTY INC,0.000952662547806,0.0,AZ ,Consumer Discretionary,US90384S3031,B28TS42,ULTA UW Equity,US ,USD,1.587451,,11/18/2025
20251118,A80,Etica Rendita Bilanciata,318,INTL FLAVORS & FRAGRANCES,0.000947479850399,0.0,AZ ,Materials,US4595061015,2464165,IFF US Equity,US ,USD,1.587451,,11/18/2025
20251118,A80,Etica Rendita Bilanciata,469,SYSCO CORP,0.000936431676022,0.0,AZ ,Consumer Staples,US8718291078,2868165,SYY US Equity,US ,USD,1.587451,,11/18/2025
20251118,A80,Etica Rendita Bilanciata,349,MASCO CORP,0.00092417646025,0.0,AZ ,Industrials,US5745991068,2570200,MAS US Equity,US ,USD,1.587451,,11/18/2025
20251118,A80,Etica Rendita Bilanciata,2658,ASSA ABLOY AB-B,0.000922788659847,0.0,AZ ,Industrials,SE0007100581,BYPC1T4,ASSAB SS Equity,SE ,SEK,1.587451,,11/18/2025
20251118,A80,Etica Rendita Bilanciata,4275,HASBRO INC,0.000910039749681,0.0,AZ ,Consumer Discretionary,US4180561072,2414580,HAS US Equity,US ,USD,1.587451,,11/18/2025
20251118,A80,Etica Rendita Bilanciata,366,MICRON TECHNOLOGY INC,0.000897397350241,0.0,AZ ,Information Technology,US5951121038,2588184,MU US Equity,US ,USD,1.587451,,11/18/2025
20251118,A80,Etica Rendita Bilanciata,276440,DELL TECHNOLOGIES -C,0.000890055371191,0.0,AZ ,Information Technology,US24703L2025,BHKD3S6,DELL US Equity,US ,USD,1.587451,,11/18/2025
20251118,A80,Etica Rendita Bilanciata,3371,ERG SPA,0.000879633812013,0.0,AZ ,Utilities,IT0001157020,5337093,ERG IM Equity,IT ,EUR,1.587451,,11/18/2025
20251118,A80,Etica Rendita Bilanciata,44974,LEGRAND SA,0.000877900458747,0.0,AZ ,Industrials,FR0010307819,B11ZRK9,LR FP Equity,FR ,EUR,1.587451,,11/18/2025
20251118,A80,Etica Rendita Bilanciata,476807,SOCIETE FONCIERE LYONNAI FLYFP 0 1/2 04/21/28,0.000875193288219,0.0,OB ,INDUSTRIAL,FR00140060E7,,BR9645093 Corp,FR ,EUR,1.587451,B,11/18/2025
20251118,A80,Etica Rendita Bilanciata,19461,DICK'S SPORTING GOODS INC,0.000864933671155,0.0,AZ ,Consumer Discretionary,US2533931026,2969637,DKS US Equity,US ,USD,1.587451,,11/18/2025
20251118,A80,Etica Rendita Bilanciata,2298,TRACTOR SUPPLY COMPANY,0.00082885458282,0.0,AZ ,Consumer Discretionary,US8923561067,2900335,TSCO US Equity,US ,USD,1.587451,,11/18/2025
20251118,A80,Etica Rendita Bilanciata,18074,ESTEE LAUDER COMPANIES-CL A,0.000810969003915,0.0,AZ ,Consumer Staples,US5184391044,2320524,EL US Equity,US ,USD,1.587451,,11/18/2025
20251118,A80,Etica Rendita Bilanciata,34107,DAIICHI SANKYO CO LTD,0.000793530185969,0.0,AZ ,Health Care,JP3475350009,B0J7D91,4568 JP Equity,JP ,JPY,1.587451,,11/18/2025
20251118,A80,Etica Rendita Bilanciata,152,BEST BUY CO INC,0.000778080942576,0.0,AZ ,Consumer Discretionary,US0865161014,2094670,BBY US Equity,US ,USD,1.587451,,11/18/2025
20251118,A80,Etica Rendita Bilanciata,31928,DIGITAL REALTY TRUST INC,0.000764663614613,0.0,AZ ,Real Estate,US2538681030,B03GQS4,DLR US Equity,US ,USD,1.587451,,11/18/2025
20251118,A80,Etica Rendita Bilanciata,2985,CANADIAN NATL RAILWAY CO,0.000757673636335,0.0,AZ ,Industrials,CA1363751027,2180632,CNR CN Equity,CA ,CAD,1.587451,,11/18/2025
20251118,A80,Etica Rendita Bilanciata,242496,PAYPAL HOLDINGS INC,0.000717089304622,0.0,AZ ,Financials,US70450Y1038,BYW36M8,PYPL US Equity,US ,USD,1.587451,,11/18/2025
20251118,A80,Etica Rendita Bilanciata,23481,CBRE GROUP INC,0.000716587730724,0.0,AZ ,Real Estate,US12504L1098,B6WVMH3,CBRE US Equity,US ,USD,1.587451,,11/18/2025
20251118,A80,Etica Rendita Bilanciata,1138,ASICS CORP,0.000696295891272,0.0,AZ ,Consumer Discretionary,JP3118000003,6057378,7936 JP Equity,JP ,JPY,1.587451,,11/18/2025
20251118,A80,Etica Rendita Bilanciata,253654,FERRARI NV,0.000695061798444,0.0,AZ ,Consumer Discretionary,NL0011585146,BZ1GMK5,RACE US Equity,IT ,EUR,1.587451,,11/18/2025
20251118,A80,Etica Rendita Bilanciata,57810,VENTAS INC,0.000673546643218,0.0,AZ ,Real Estate,US92276F1003,2927925,VTR US Equity,US ,USD,1.587451,,11/18/2025
20251118,A80,Etica Rendita Bilanciata,3385,YUM! BRANDS INC,0.000664220380793,0.0,AZ ,Consumer Discretionary,US9884981013,2098876,YUM UN Equity,US ,USD,1.587451,,11/18/2025
20251118,A80,Etica Rendita Bilanciata,335212,LEVI STRAUSS & CO- CLASS A,0.000652994012825,0.0,AZ ,Consumer Discretionary,US52736R1023,BHRWS81,LEVI US Equity,US ,USD,1.587451,,11/18/2025
20251118,A80,Etica Rendita Bilanciata,67156,KEURIG DR PEPPER INC,0.00064834925185,0.0,AZ ,Consumer Staples,US49271V1008,BD3W133,KDP US Equity,US ,USD,1.587451,,11/18/2025
20251118,A80,Etica Rendita Bilanciata,1755,SWIRE PACIFIC LTD - CL A,0.000636538025468,0.0,AZ ,Industrials,HK0019000162,6867748,19 HK Equity,HK ,HKD,1.587451,,11/18/2025
20251118,A80,Etica Rendita Bilanciata,503621,A2A SPA AEMSPA 4 3/8 02/03/34,0.000622458154977,0.0,OB ,UTILITY,XS2583205906,,ZM7159977 Corp,IT ,EUR,1.587451,B,11/18/2025
20251118,A80,Etica Rendita Bilanciata,1,LG ELECTRONICS INC,0.000621727479943,0.0,AZ ,Consumer Discretionary,KR7066570003,6520739,066570 KS Equity,KR ,KRW,1.587451,,11/18/2025
20251118,A80,Etica Rendita Bilanciata,50381,LULULEMON ATHLETICA INC,0.000621592612168,0.0,AZ ,Consumer Discretionary,US5500211090,B23FN39,LULU US Equity,US ,USD,1.587451,,11/18/2025
20251118,A80,Etica Rendita Bilanciata,164725,HKD,0.000604979000388,0.0,LQ ,CASH,,,HKD,HK ,HKD,1.587451,,11/18/2025
20251118,A80,Etica Rendita Bilanciata,387,NORSK HYDRO ASA,0.000591290642712,0.0,AZ ,Materials,NO0005052605,B11HK39,NHY NO Equity,NO ,NOK,1.587451,,11/18/2025
20251118,A80,Etica Rendita Bilanciata,343334,GODADDY INC - CLASS A,0.000582443380783,0.0,AZ ,Information Technology,US3802371076,BWFRFC6,GDDY US Equity,US ,USD,1.587451,,11/18/2025
20251118,A80,Etica Rendita Bilanciata,494559,SSE PLC SSELN 2 7/8 08/01/29,0.000578499620725,0.0,OB ,UTILITY,XS2510903862,,BY0600829 Corp,GB ,EUR,1.587451,B,11/18/2025
20251118,A80,Etica Rendita Bilanciata,58909,EDWARDS LIFESCIENCES CORP,0.000571361867403,0.0,AZ ,Health Care,US28176E1082,2567116,EW US Equity,US ,USD,1.587451,,11/18/2025
20251118,A80,Etica Rendita Bilanciata,222506,ORORA LTD,0.000549152880691,0.0,AZ ,Materials,AU000000ORA8,BH4TCW7,ORA AU Equity,AU ,AUD,1.587451,,11/18/2025
20251118,A80,Etica Rendita Bilanciata,173,CADENCE DESIGN SYS INC,0.000525251094958,0.0,AZ ,Information Technology,US1273871087,2302232,CDNS US Equity,US ,USD,1.587451,,11/18/2025
20251118,A80,Etica Rendita Bilanciata,335227,NEXI SPA,0.000519010482628,0.0,AZ ,Financials,IT0005366767,BJ1F880,NEXI IM Equity,IT ,EUR,1.587451,,11/18/2025
20251118,A80,Etica Rendita Bilanciata,235482,MERLIN PROPERTIES SOCIMI SA,0.000491716364626,0.0,AZ ,Real Estate,ES0105025003,BNGNB77,MRL SM Equity,ES ,EUR,1.587451,,11/18/2025
20251118,A80,Etica Rendita Bilanciata,1010,RELX PLC,0.000487986656768,0.0,AZ ,Industrials,GB00B2B0DG97,B2B0DG9,REL LN Equity,GB ,GBP,1.587451,,11/18/2025
20251118,A80,Etica Rendita Bilanciata,3466,COGNIZANT TECH SOLUTIONS-A,0.000472269395739,0.0,AZ ,Information Technology,US1924461023,2257019,CTSH US Equity,US ,USD,1.587451,,11/18/2025
20251118,A80,Etica Rendita Bilanciata,17956,RENESAS ELECTRONICS CORP,0.000467207467753,0.0,AZ ,Information Technology,JP3164720009,6635677,6723 JP Equity,JP ,JPY,1.587451,,11/18/2025
20251118,A80,Etica Rendita Bilanciata,18075,BE SEMICONDUCTOR INDUSTRIES,0.000463951446308,0.0,AZ ,Information Technology,NL0012866412,BG0SCK9,BESI NA Equity,NL ,EUR,1.587451,,11/18/2025
20251118,A80,Etica Rendita Bilanciata,312,INGERSOLL-RAND INC,0.000454508056443,0.0,AZ ,Industrials,US45687V1061,BL5GZ82,IR UN Equity,US ,USD,1.587451,,11/18/2025
20251118,A80,Etica Rendita Bilanciata,2297,AVALONBAY COMMUNITIES INC,0.000436784064617,0.0,AZ ,Real Estate,US0534841012,2131179,AVB US Equity,US ,USD,1.587451,,11/18/2025
20251118,A80,Etica Rendita Bilanciata,211955,TECHNOGYM SPA,0.000424846479865,0.0,AZ ,Consumer Discretionary,IT0005162406,BD9Y5C0,TGYM IM Equity,IT ,EUR,1.587451,,11/18/2025
20251118,A80,Etica Rendita Bilanciata,4106,ZIMMER BIOMET HOLDINGS INC,0.000421631424965,0.0,AZ ,Health Care,US98956P1021,2783815,ZBH US Equity,US ,USD,1.587451,,11/18/2025
20251118,A80,Etica Rendita Bilanciata,235231,ORANGE SA ORAFP 5 PERP,0.000395722496135,0.0,OB ,INDUSTRIAL,XS1115498260,,EK5085239 Corp,FR ,EUR,1.587451,B,11/18/2025
20251118,A80,Etica Rendita Bilanciata,164722,DKK,0.00039521791016,0.0,LQ ,CASH,,,DKK,DK ,DKK,1.587451,,11/18/2025
20251118,A80,Etica Rendita Bilanciata,31968,PENTAIR PLC,0.000386621062965,0.0,AZ ,Industrials,IE00BLS09M33,BLS09M3,PNR UN Equity,US ,USD,1.587451,,11/18/2025
20251118,A80,Etica Rendita Bilanciata,235835,RAI WAY SPA,0.000376914751945,0.0,AZ ,Communication Services,IT0005054967,BSM8WL2,RWAY IM Equity,IT ,EUR,1.587451,,11/18/2025
20251118,A80,Etica Rendita Bilanciata,50261,DIASORIN SPA,0.000367343537755,0.0,AZ ,Health Care,IT0003492391,B234WN9,DIA IM Equity,IT ,EUR,1.587451,,11/18/2025
20251118,A80,Etica Rendita Bilanciata,58590,SYSMEX CORP,0.000330517454194,0.0,AZ ,Health Care,JP3351100007,6883807,6869 JP Equity,JP ,JPY,1.587451,,11/18/2025
20251118,A80,Etica Rendita Bilanciata,411893,BONOS Y OBLIG DEL ESTADO SPGB 0 1/2 04/30/30,0.000329968477296,0.0,OB ,SOVEREIGN,ES0000012F76,,ZP4820285 Govt,ES ,EUR,1.587451,A,11/18/2025
20251118,A80,Etica Rendita Bilanciata,1024,SSE PLC,0.000293465716779,0.0,AZ ,Utilities,GB0007908733,790873,SSE LN Equity,GB ,GBP,1.587451,,11/18/2025
20251118,A80,Etica Rendita Bilanciata,1093,LENDLEASE GROUP,0.00028967572156,0.0,AZ ,Real Estate,AU000000LLC3,6512004,LLC AU Equity,AU ,AUD,1.587451,,11/18/2025
20251118,A80,Etica Rendita Bilanciata,485685,AMGEN INC AMGN 3 02/22/29,0.00028806233602,0.0,OB ,INDUSTRIAL,US031162DD92,,BU6349577 Corp,US ,USD,1.587451,B,11/18/2025
20251118,A80,Etica Rendita Bilanciata,295,HERSHEY CO/THE,0.000267692365796,0.0,AZ ,Consumer Staples,US4278661081,2422806,HSY US Equity,US ,USD,1.587451,,11/18/2025
20251118,A80,Etica Rendita Bilanciata,58318,AZBIL CORP,0.000255013844331,0.0,AZ ,Information Technology,JP3937200008,6985543,6845 JP Equity,JP ,JPY,1.587451,,11/18/2025
20251118,A80,Etica Rendita Bilanciata,24041,TERNA-RETE ELETTRICA NAZIONA,0.000252295461545,0.0,AZ ,Utilities,IT0003242622,B01BN57,TRN IM Equity,IT ,EUR,1.587451,,11/18/2025
20251118,A80,Etica Rendita Bilanciata,23349,CORBION NV,0.000251272683708,0.0,AZ ,Materials,NL0010583399,BFRSRR7,CRBN NA Equity,NL ,EUR,1.587451,,11/18/2025
20251118,A80,Etica Rendita Bilanciata,58681,JONES LANG LASALLE INC,0.00021398651962,0.0,AZ ,Real Estate,US48020Q1076,2040640,JLL US Equity,US ,USD,1.587451,,11/18/2025
20251118,A80,Etica Rendita Bilanciata,170146,EUR C/MARGINI,0.000213583210457,0.0,OT ,CASH,,,EUR C/MARGINI,5A ,EUR,1.587451,,11/18/2025
20251118,A80,Etica Rendita Bilanciata,3672,AMPLIFON SPA,0.000195709737126,0.0,AZ ,Health Care,IT0004056880,B14NJ71,AMP IM Equity,IT ,EUR,1.587451,,11/18/2025
20251118,A80,Etica Rendita Bilanciata,63,HERA SPA,0.000176770400651,0.0,AZ ,Utilities,IT0001250932,7598003,HER IM Equity,IT ,EUR,1.587451,,11/18/2025
20251118,A80,Etica Rendita Bilanciata,247914,INFRASTRUTTURE WIRELESS ITAL,0.000174370817066,0.0,AZ ,Communication Services,IT0005090300,BZ0P4R4,INW IM Equity,IT ,EUR,1.587451,,11/18/2025
20251118,A80,Etica Rendita Bilanciata,164960,NOK,0.000161840872338,0.0,LQ ,CASH,,,NOK,NO ,NOK,1.587451,,11/18/2025
20251118,A80,Etica Rendita Bilanciata,3245,EDP SA,0.000160238389832,0.0,AZ ,Utilities,PTEDP0AM0009,4103596,EDP PL Equity,PT ,EUR,1.587451,,11/18/2025
20251118,A80,Etica Rendita Bilanciata,3321,BXP INC,0.000151948133189,0.0,AZ ,Real Estate,US1011211018,2019479,BXP US Equity,US ,USD,1.587451,,11/18/2025
20251118,A80,Etica Rendita Bilanciata,48675,PRYSMIAN SPA,0.00015128554485,0.0,AZ ,Industrials,IT0004176001,B1W4V69,PRY IM Equity,IT ,EUR,1.587451,,11/18/2025
20251118,A80,Etica Rendita Bilanciata,2858,RYOHIN KEIKAKU CO LTD,0.00013096088177,0.0,AZ ,Consumer Discretionary,JP3976300008,6758455,7453 JP Equity,JP ,JPY,1.587451,,11/18/2025
20251118,A80,Etica Rendita Bilanciata,164726,SEK,0.000123516205765,0.0,LQ ,CASH,,,SEK,SE ,SEK,1.587451,,11/18/2025
20251118,A80,Etica Rendita Bilanciata,447577,STORA ENSO OYJ STERV 0 5/8 12/02/30,0.00010397053694,0.0,OB ,INDUSTRIAL,XS2265360359,,BM7557275 Corp,FI ,EUR,1.587451,B,11/18/2025
20251118,A80,Etica Rendita Bilanciata,3476,A2A SPA,0.000100899615103,0.0,AZ ,Utilities,IT0001233417,5499131,A2A IM Equity,IT ,EUR,1.587451,,11/18/2025
20251118,A80,Etica Rendita Bilanciata,314765,PIRELLI & C SPA,0.000049465516735,0.0,AZ ,Consumer Discretionary,IT0005278236,BZ5ZHK3,PIRC IM Equity,IT ,EUR,1.587451,,11/18/2025
20251118,A80,Etica Rendita Bilanciata,50594,BROADCOM INC,0.0,0.005729427,AZ ,Information Technology,US11135F1012,BDZ78H9,AVGO US Equity,US ,USD,1.587451,,11/18/2025
20251118,A80,Etica Rendita Bilanciata,3255,AMAZON.COM INC,0.0,0.00800751,AZ ,Consumer Discretionary,US0231351067,2000019,AMZN US Equity,US ,USD,1.587451,,11/18/2025
20251118,A80,Etica Rendita Bilanciata,553,MICROSOFT CORP,0.0,0.013129716,AZ ,Information Technology,US5949181045,2588173,MSFT US Equity,US ,USD,1.587451,,11/18/2025
20251118,A80,Etica Rendita Bilanciata,534,APPLE INC,0.0,0.015042072,AZ ,Information Technology,US0378331005,2046251,AAPL US Equity,US ,USD,1.587451,,11/18/2025
20251118,A80,Etica Rendita Bilanciata,568369,FRENCH DISCOUNT T-BILL BTF 0 01/14/26,0.0,0.0061574875,OB ,SOVEREIGN,FR0128983980,,YN8205323 Govt,FR ,EUR,1.587451,A,11/18/2025
20251118,A80,Etica Rendita Bilanciata,28663,ALPHABET INC-CL C,0.0,0.005272197,AZ ,Communication Services,US02079K1079,BYY88Y7,GOOG US Equity,US ,USD,1.587451,,11/18/2025
20251118,A80,Etica Rendita Bilanciata,227088,ALPHABET INC-CL A,0.0,0.006230469,AZ ,Communication Services,US02079K3059,BYVY8G0,GOOGL US Equity,US ,USD,1.587451,,11/18/2025
20251118,A80,Etica Rendita Bilanciata,51421,FRENCH DISCOUNT T-BILL BTF 0 12/31/25,0.0,0.008525765,OB ,SOVEREIGN,FR0128690742,,YS3714856 Govt,FR ,EUR,1.587451,A,11/18/2025
20251118,A80,Etica Rendita Bilanciata,553272,GERMAN TREASURY BILL BUBILL 0 01/14/26,0.0,0.0062019025,OB ,SOVEREIGN,DE000BU0E246,,YS4477537 Govt,DE ,EUR,1.587451,A,11/18/2025
20251118,A80,Etica Rendita Bilanciata,164736,DEBITI COMPENSO REVISIONE,-0.000005527116446,0.0,CD ,CASH,,,DEBITI COMPENSO REVISIONE,5A ,EUR,1.587451,,11/18/2025
20251118,A80,Etica Rendita Bilanciata,164733,DEBITI COMMISSIONE GESTIONE,-0.000010266110782,0.0,CD ,CASH,,,DEBITI COMMISSIONE GESTIONE,5A ,EUR,1.587451,,11/18/2025
20251118,A80,Etica Rendita Bilanciata,164730,DEBITI COMMISSIONE DEPOSITARIA,-0.000108639314366,0.0,CD ,CASH,,,DEBITI COMMISSIONE DEPOSITARIA,5A ,EUR,1.587451,,11/18/2025
20251118,A80,Etica Rendita Bilanciata,172066,ALLINEAMENTO NAV,-0.000176758764641,0.0,OT ,CASH,,,ALLINEAMENTO NAV,5A ,EUR,1.587451,,11/18/2025
20251118,A80,Etica Rendita Bilanciata,179420,DEBITI COMMISSIONE AMMINISTRAZIONE,-0.002312958182329,0.0,CD ,CASH,,,DEBITI COMMISSIONE AMMINISTRAZIONE,5A ,EUR,1.587451,,11/18/2025
20251118,A80,Etica Rendita Bilanciata,571448,Euro-BTP Future   Dec25,-0.006915180262472,0.0,FU ,SOVEREIGN,,,IKZ5 Comdty,IT ,EUR,1.587451,,11/18/2025
20251118,A81,Etica Obbligazionario Breve Termine,462754,BUONI POLIENNALI DEL TES BTPS 0 1/2 07/15/28,0.097665998396672,0.0,OB ,SOVEREIGN,IT0005445306,,BP4786771 Govt,IT ,EUR,0.250658,B,11/18/2025
20251118,A81,Etica Obbligazionario Breve Termine,535701,BUNDESOBLIGATION OBL 2.1 04/12/29,0.092969623631423,0.0,OB ,SOVEREIGN,DE000BU35025,,ZB6879496 Govt,DE ,EUR,0.250658,A,11/18/2025
20251118,A81,Etica Obbligazionario Breve Termine,512182,BUONI POLIENNALI DEL TES BTPS 3.8 08/01/28,0.089337924327213,0.0,OB ,SOVEREIGN,IT0005548315,,ZK7965575 Govt,IT ,EUR,0.250658,B,11/18/2025
20251118,A81,Etica Obbligazionario Breve Termine,567423,BUONI POLIENNALI DEL TES BTPS 2.1 08/26/27,0.085352472025948,0.0,OB ,SOVEREIGN,IT0005657330,,YN6216934 Govt,IT ,EUR,0.250658,B,11/18/2025
20251118,A81,Etica Obbligazionario Breve Termine,51437,FRENCH DISCOUNT T-BILL BTF 0 02/25/26,0.084632220469983,0.0,OB ,SOVEREIGN,FR0128838507,,YR7593696 Govt,FR ,EUR,0.250658,A,11/18/2025
20251118,A81,Etica Obbligazionario Breve Termine,546717,BUNDESSCHATZANWEISUNGEN BKO 2 12/10/26,0.069544833973642,0.0,OB ,SOVEREIGN,DE000BU22072,,YU5618308 Govt,DE ,EUR,0.250658,A,11/18/2025
20251118,A81,Etica Obbligazionario Breve Termine,549395,CCTS EU CCTS 3.203 04/15/33,0.052508757398774,0.0,OB ,SOVEREIGN,IT0005620460,,YU7984120 Govt,IT ,EUR,0.250658,B,11/18/2025
20251118,A81,Etica Obbligazionario Breve Termine,5546,BUONI POLIENNALI DEL TES BTPS 2.95 02/15/27,0.051955539953395,0.0,OB ,SOVEREIGN,IT0005580045,,ZF2286036 Govt,IT ,EUR,0.250658,B,11/18/2025
20251118,A81,Etica Obbligazionario Breve Termine,503634,BONOS Y OBLIG DEL ESTADO SPGB 2.8 05/31/26,0.051912256770965,0.0,OB ,SOVEREIGN,ES0000012L29,,ZM2692899 Govt,ES ,EUR,0.250658,A,11/18/2025
20251118,A81,Etica Obbligazionario Breve Termine,555854,TREASURY CERTIFICATES BGTB 0 02/12/26,0.050828861138301,0.0,OB ,SOVEREIGN,BE0312809818,,YT9222597 Govt,BE ,EUR,0.250658,A,11/18/2025
20251118,A81,Etica Obbligazionario Breve Termine,350454,FRANCE (GOVT OF) FRTR 0 3/4 11/25/28,0.049033882520741,0.0,OB ,SOVEREIGN,FR0013341682,,AS9078385 Govt,FR ,EUR,0.250658,A,11/18/2025
20251118,A81,Etica Obbligazionario Breve Termine,128733,BUONI POLIENNALI DEL TES BTPS 2.7 10/15/27,0.044758923501793,0.0,OB ,SOVEREIGN,IT0005622128,,YT1232321 Govt,IT ,EUR,0.250658,B,11/18/2025
20251118,A81,Etica Obbligazionario Breve Termine,571126,AUSTRIAN T-BILL RATB 0 11/27/25,0.0425343946275,0.0,OB ,SOVEREIGN,AT0000A3MUA7,,YL5192205 Govt,AT ,EUR,0.250658,A,11/18/2025
20251118,A81,Etica Obbligazionario Breve Termine,237565,BUONI POLIENNALI DEL TES BTPS 0 1/4 03/15/28,0.035808620623118,0.0,OB ,SOVEREIGN,IT0005433690,,BN4718670 Govt,IT ,EUR,0.250658,B,11/18/2025
20251118,A81,Etica Obbligazionario Breve Termine,552630,BUONI POLIENNALI DEL TES BTPS 2.55 02/25/27,0.03441012853388,0.0,OB ,SOVEREIGN,IT0005633794,,YS9432586 Govt,IT ,EUR,0.250658,B,11/18/2025
20251118,A81,Etica Obbligazionario Breve Termine,574251,AUSTRIAN T-BILL RATB 0 03/26/26,0.033819868950452,0.0,OB ,SOVEREIGN,AT0000A3MUC3,,YK2495496 Govt,AT ,EUR,0.250658,A,11/18/2025
20251118,A81,Etica Obbligazionario Breve Termine,164723,EUR,0.020297974307119,0.0,LQ ,CASH,,,EUR,5A ,EUR,0.250658,,11/18/2025
20251118,A81,Etica Obbligazionario Breve Termine,242517,FRANCE (GOVT OF) FRTR 1 11/25/25,0.004295684581624,0.0,OB ,SOVEREIGN,FR0012938116,,UV7155053 Govt,FR ,EUR,0.250658,A,11/18/2025
20251118,A81,Etica Obbligazionario Breve Termine,406011,ERG SPA ERGIM 0 1/2 09/11/27,0.001967983661548,0.0,OB ,UTILITY,XS2229434852,,ZO3431582 Corp,IT ,EUR,0.250658,NR,11/18/2025
20251118,A81,Etica Obbligazionario Breve Termine,540611,BUNDESOBLIGATION OBL 2 1/2 10/11/29,0.001725719371159,0.0,OB ,SOVEREIGN,DE000BU25034,,YW3193078 Govt,DE ,EUR,0.250658,A,11/18/2025
20251118,A81,Etica Obbligazionario Breve Termine,496185,BUNDESOBLIGATION OBL 1.3 10/15/27,0.001682893454109,0.0,OB ,SOVEREIGN,DE0001030740,,BY5766682 Govt,DE ,EUR,0.250658,A,11/18/2025
20251118,A81,Etica Obbligazionario Breve Termine,443609,ORANGE SA ORAFP 1 3/4 PERP,0.001626572132149,0.0,OB ,INDUSTRIAL,FR00140005L7,,ZO8379513 Corp,FR ,EUR,0.250658,B,11/18/2025
20251118,A81,Etica Obbligazionario Breve Termine,235231,ORANGE SA ORAFP 5 PERP,0.000981314140811,0.0,OB ,INDUSTRIAL,XS1115498260,,EK5085239 Corp,FR ,EUR,0.250658,B,11/18/2025
20251118,A81,Etica Obbligazionario Breve Termine,15530,BUNDESREPUB. DEUTSCHLAND DBR 4 3/4 07/04/28,0.0009245375959,0.0,OB ,SOVEREIGN,DE0001135085,,EC0518513 Govt,DE ,EUR,0.250658,A,11/18/2025
20251118,A81,Etica Obbligazionario Breve Termine,164724,GBP,0.000066034117905,0.0,LQ ,CASH,,,GBP,GB ,GBP,0.250658,,11/18/2025
20251118,A81,Etica Obbligazionario Breve Termine,164955,CHF,0.000060285332487,0.0,LQ ,CASH,,,CHF,CH ,CHF,0.250658,,11/18/2025
20251118,A81,Etica Obbligazionario Breve Termine,164727,USD,0.000049993746752,0.0,LQ ,CASH,,,USD,US ,USD,0.250658,,11/18/2025
20251118,A81,Etica Obbligazionario Breve Termine,172066,ALLINEAMENTO NAV,0.00000415810918,0.0,OT ,CASH,,,ALLINEAMENTO NAV,5A ,EUR,0.250658,,11/18/2025
20251118,A81,Etica Obbligazionario Breve Termine,491786,FRANCE (GOVT OF) FRTR 0 3/4 02/25/28,0.0,0.020768116661062,OB ,SOVEREIGN,FR001400AIN5,,BW5677461 Govt,FR ,EUR,0.250658,A,11/18/2025
20251118,A81,Etica Obbligazionario Breve Termine,238514,FRANCE (GOVT OF) FRTR 0 1/4 11/25/26,0.0,0.015405232766903,OB ,SOVEREIGN,FR0013200813,,QZ3583536 Govt,FR ,EUR,0.250658,A,11/18/2025
20251118,A81,Etica Obbligazionario Breve Termine,461447,FRANCE (GOVT OF) FRTR 0 02/25/27,0.0,0.018497794098881,OB ,SOVEREIGN,FR0014003513,,BP1321176 Govt,FR ,EUR,0.250658,A,11/18/2025
20251118,A81,Etica Obbligazionario Breve Termine,556715,FRANCE (GOVT OF) FRTR 2.4 09/24/28,0.0,0.016745017671551,OB ,SOVEREIGN,FR001400XLW2,,YR5532134 Govt,FR ,EUR,0.250658,A,11/18/2025
20251118,A81,Etica Obbligazionario Breve Termine,195250,FRANCE (GOVT OF) FRTR 2 3/4 10/25/27,0.0,0.025940598475058,OB ,SOVEREIGN,FR0011317783,,EJ3468919 Govt,FR ,EUR,0.250658,A,11/18/2025
20251118,A81,Etica Obbligazionario Breve Termine,514985,BUNDESOBLIGATION OBL 2.4 10/19/28,0.0,0.012353296618792,OB ,SOVEREIGN,DE000BU25018,,ZK8854448 Govt,DE ,EUR,0.250658,A,11/18/2025
20251118,A81,Etica Obbligazionario Breve Termine,528469,FRANCE (GOVT OF) FRTR 2 1/2 09/24/27,0.0,0.018522466980447,OB ,SOVEREIGN,FR001400NBC6,,ZF3221552 Govt,FR ,EUR,0.250658,A,11/18/2025
20251118,A81,Etica Obbligazionario Breve Termine,314764,FRANCE (GOVT OF) FRTR 0 3/4 05/25/28,0.0,0.026895716235376,OB ,SOVEREIGN,FR0013286192,,AP3656380 Govt,FR ,EUR,0.250658,A,11/18/2025
20251118,A81,Etica Obbligazionario Breve Termine,300380,FRANCE (GOVT OF) FRTR 1 05/25/27,0.0,0.018078846622065,OB ,SOVEREIGN,FR0013250560,,AN0904697 Govt,FR ,EUR,0.250658,A,11/18/2025
20251118,A81,Etica Obbligazionario Breve Termine,212460,FRANCE (GOVT OF) FRTR 2 1/2 09/24/26,0.0,0.01345776592317,OB ,SOVEREIGN,FR001400FYQ4,,ZL0049946 Govt,FR ,EUR,0.250658,A,11/18/2025
20251118,A81,Etica Obbligazionario Breve Termine,164736,DEBITI COMPENSO REVISIONE,-0.000010951970486,0.0,CD ,CASH,,,DEBITI COMPENSO REVISIONE,5A ,EUR,0.250658,,11/18/2025
20251118,A81,Etica Obbligazionario Breve Termine,164730,DEBITI COMMISSIONE DEPOSITARIA,-0.000051827982418,0.0,CD ,CASH,,,DEBITI COMMISSIONE DEPOSITARIA,5A ,EUR,0.250658,,11/18/2025
20251118,A81,Etica Obbligazionario Breve Termine,164733,DEBITI COMMISSIONE GESTIONE,-0.000097920795598,0.0,CD ,CASH,,,DEBITI COMMISSIONE GESTIONE,5A ,EUR,0.250658,,11/18/2025
20251118,A81,Etica Obbligazionario Breve Termine,179420,DEBITI COMMISSIONE AMMINISTRAZIONE,-0.000596756646042,0.0,CD ,CASH,,,DEBITI COMMISSIONE AMMINISTRAZIONE,5A ,EUR,0.250658,,11/18/2025
20251118,A82,Etica Obbligazionario Misto,535701,BUNDESOBLIGATION OBL 2.1 04/12/29,0.0664190542099,0.0,OB ,SOVEREIGN,DE000BU35025,,ZB6879496 Govt,DE ,EUR,0.828808,A,11/18/2025
20251118,A82,Etica Obbligazionario Misto,510744,BUNDESREPUB. DEUTSCHLAND DBR 2.3 02/15/33,0.062817513759118,0.0,OB ,SOVEREIGN,DE000BU3Z005,,ZK3512736 Govt,DE ,EUR,0.828808,A,11/18/2025
20251118,A82,Etica Obbligazionario Misto,571738,BUONI POLIENNALI DEL TES BTPS 3 1/4 11/15/32,0.045356564727892,0.0,OB ,SOVEREIGN,IT0005668220,,YL7910596 Govt,IT ,EUR,0.828808,B,11/18/2025
20251118,A82,Etica Obbligazionario Misto,164723,EUR,0.044727883377433,0.0,LQ ,CASH,,,EUR,5A ,EUR,0.828808,,11/18/2025
20251118,A82,Etica Obbligazionario Misto,212675,BUONI POLIENNALI DEL TES BTPS 4.05 10/30/37,0.039668234098561,0.0,OB ,SOVEREIGN,IT0005596470,,YX0762808 Govt,IT ,EUR,0.828808,B,11/18/2025
20251118,A82,Etica Obbligazionario Misto,510414,REPUBLIC OF AUSTRIA RAGB 2.9 05/23/29,0.038336719519055,0.0,OB ,SOVEREIGN,AT0000A33SH3,,ZK2454146 Govt,AT ,EUR,0.828808,A,11/18/2025
20251118,A82,Etica Obbligazionario Misto,292486,FRANCE (GOVT OF) FRTR 1 3/4 06/25/39,0.035584056808151,0.0,OB ,SOVEREIGN,FR0013234333,,AL9974240 Govt,FR ,EUR,0.828808,A,11/18/2025
20251118,A82,Etica Obbligazionario Misto,496185,BUNDESOBLIGATION OBL 1.3 10/15/27,0.033565896591908,0.0,OB ,SOVEREIGN,DE0001030740,,BY5766682 Govt,DE ,EUR,0.828808,A,11/18/2025
20251118,A82,Etica Obbligazionario Misto,578009,BUONI POLIENNALI DEL TES BTPS 3.45 02/01/36,0.031292542907357,0.0,OB ,SOVEREIGN,IT0005676504,,YJ6499398 Govt,IT ,EUR,0.828808,B,11/18/2025
20251118,A82,Etica Obbligazionario Misto,556680,FRANCE (GOVT OF) FRTR 3.2 05/25/35,0.030823710434094,0.0,OB ,SOVEREIGN,FR001400X8V5,,YR1561277 Govt,FR ,EUR,0.828808,A,11/18/2025
20251118,A82,Etica Obbligazionario Misto,509810,BUONI POLIENNALI DEL TES BTPS 4 10/30/31,0.030470413618649,0.0,OB ,SOVEREIGN,IT0005542359,,ZK0285476 Govt,IT ,EUR,0.828808,B,11/18/2025
20251118,A82,Etica Obbligazionario Misto,442342,BUNDESREPUB. DEUTSCHLAND DBR 0 08/15/30,0.029611867131654,0.0,OB ,SOVEREIGN,DE0001030708,,ZO2919926 Govt,DE ,EUR,0.828808,A,11/18/2025
20251118,A82,Etica Obbligazionario Misto,406188,BONOS Y OBLIG DEL ESTADO SPGB 1 07/30/42,0.023928334123318,0.0,OB ,SOVEREIGN,ES0000012J07,,BR3246377 Govt,ES ,EUR,0.828808,A,11/18/2025
20251118,A82,Etica Obbligazionario Misto,571126,AUSTRIAN T-BILL RATB 0 11/27/25,0.022325350764815,0.0,OB ,SOVEREIGN,AT0000A3MUA7,,YL5192205 Govt,AT ,EUR,0.828808,A,11/18/2025
20251118,A82,Etica Obbligazionario Misto,405974,BUONI POLIENNALI DEL TES BTPS 1.65 12/01/30,0.019264957073459,0.0,OB ,SOVEREIGN,IT0005413171,,BJ8379114 Govt,IT ,EUR,0.828808,B,11/18/2025
20251118,A82,Etica Obbligazionario Misto,51091,BONOS Y OBLIG DEL ESTADO SPGB 0.8 07/30/27,0.017537116708397,0.0,OB ,SOVEREIGN,ES0000012G26,,BH2918028 Govt,ES ,EUR,0.828808,A,11/18/2025
20251118,A82,Etica Obbligazionario Misto,344928,IRELAND GOVERNMENT BOND IRISH 1.35 03/18/31,0.017062723976118,0.0,OB ,SOVEREIGN,IE00BFZRQ242,,AU9204705 Govt,IE ,EUR,0.828808,A,11/18/2025
20251118,A82,Etica Obbligazionario Misto,239153,BUNDESREPUB. DEUTSCHLAND DBR 0 08/15/31,0.015652804101183,0.0,OB ,SOVEREIGN,DE0001030732,,BR2433760 Govt,DE ,EUR,0.828808,A,11/18/2025
20251118,A82,Etica Obbligazionario Misto,128479,BELGIUM KINGDOM BGB 3.3 06/22/54,0.015511854948204,0.0,OB ,SOVEREIGN,BE0000358672,,ZL0747895 Govt,BE ,EUR,0.828808,A,11/18/2025
20251118,A82,Etica Obbligazionario Misto,185030,NETHERLANDS GOVERNMENT NETHER 0 1/2 01/15/40,0.013822609134059,0.0,OB ,SOVEREIGN,NL0013552060,,ZS0947771 Govt,NL ,EUR,0.828808,A,11/18/2025
20251118,A82,Etica Obbligazionario Misto,406148,AGENCE FRANCAISE DEVELOP AGFRNC 0.01 11/25/28,0.013222747957283,0.0,OB ,Quasi & Foreign Government,FR0014003YN1,,BP9619894 Govt,FR ,EUR,0.828808,A,11/18/2025
20251118,A82,Etica Obbligazionario Misto,238905,BONOS Y OBLIG DEL ESTADO SPGB 1.85 07/30/35,0.012024574276698,0.0,OB ,SOVEREIGN,ES0000012E69,,AX4147556 Govt,ES ,EUR,0.828808,A,11/18/2025
20251118,A82,Etica Obbligazionario Misto,237713,BUONI POLIENNALI DEL TES BTPS 4 04/30/35,0.010567133793166,0.0,OB ,SOVEREIGN,IT0005508590,,BY8794178 Govt,IT ,EUR,0.828808,B,11/18/2025
20251118,A82,Etica Obbligazionario Misto,462761,BUNDESREPUB. DEUTSCHLAND DBR 0 08/15/50,0.010225552915863,0.0,OB ,SOVEREIGN,DE0001030724,,BP4742659 Govt,DE ,EUR,0.828808,A,11/18/2025
20251118,A82,Etica Obbligazionario Misto,406149,CAISSE D'AMORT DETTE SOC CADES 0 11/25/26,0.009089171523458,0.0,OB ,Quasi & Foreign Government,FR0014004016,,BP9677991 Govt,FR ,EUR,0.828808,A,11/18/2025
20251118,A82,Etica Obbligazionario Misto,481243,CAISSE D'AMORT DETTE SOC CADES 0.45 01/19/32,0.008264759091198,0.0,OB ,Quasi & Foreign Government,FR0014007RB1,,BT4620824 Govt,FR ,EUR,0.828808,A,11/18/2025
20251118,A82,Etica Obbligazionario Misto,3458,NVIDIA CORP,0.007855167113296,0.00555472,AZ ,Information Technology,US67066G1040,2379504,NVDA US Equity,US ,USD,0.828808,,11/18/2025
20251118,A82,Etica Obbligazionario Misto,561338,BUONI POLIENNALI DEL TES BTPS 3 1/4 07/15/32,0.007787273703088,0.0,OB ,SOVEREIGN,IT0005647265,,YP6540759 Govt,IT ,EUR,0.828808,B,11/18/2025
20251118,A82,Etica Obbligazionario Misto,504092,EDP SA EDPPL 5.943 04/23/2083,0.007769029325137,0.0,OB ,UTILITY,PTEDP4OM0025,,ZM4793893 Corp,PT ,EUR,0.828808,C,11/18/2025
20251118,A82,Etica Obbligazionario Misto,498660,KONINKLIJKE KPN NV KPN 6 PERP,0.007407790061021,0.0,OB ,INDUSTRIAL,XS2486270858,,BZ0016577 Corp,NL ,EUR,0.828808,C,11/18/2025
20251118,A82,Etica Obbligazionario Misto,335490,LANDWIRTSCH. RENTENBANK RENTEN 0 06/30/31,0.00694253595989,0.0,OB ,Quasi & Foreign Government,XS2359292955,,BQ1979823 Corp,DE ,EUR,0.828808,A,11/18/2025
20251118,A82,Etica Obbligazionario Misto,335524,AGENCE FRANCAISE DEVELOP AGFRNC 0 1/8 09/29/31,0.006742184552029,0.0,OB ,Quasi & Foreign Government,FR0014005NA6,,BR5562094 Govt,FR ,EUR,0.828808,A,11/18/2025
20251118,A82,Etica Obbligazionario Misto,454914,BUONI POLIENNALI DEL TES BTPS 1 1/2 04/30/45,0.006528649229681,0.0,OB ,SOVEREIGN,IT0005438004,,BO3833387 Govt,IT ,EUR,0.828808,B,11/18/2025
20251118,A82,Etica Obbligazionario Misto,427990,BONOS Y OBLIG DEL ESTADO SPGB 1 1/4 10/31/30,0.005881683202094,0.0,OB ,SOVEREIGN,ES0000012G34,,BJ0516218 Govt,ES ,EUR,0.828808,A,11/18/2025
20251118,A82,Etica Obbligazionario Misto,433678,BONOS Y OBLIG DEL ESTADO SPGB 1.2 10/31/40,0.005820140936759,0.0,OB ,SOVEREIGN,ES0000012G42,,BJ9478998 Govt,ES ,EUR,0.828808,A,11/18/2025
20251118,A82,Etica Obbligazionario Misto,459171,EUROPEAN UNION EU 0.2 06/04/36,0.005814758874968,0.0,OB ,Quasi & Foreign Government,EU000A3KM903,,BO4675365 Govt,SNA,EUR,0.828808,A,11/18/2025
20251118,A82,Etica Obbligazionario Misto,335696,BELGIUM KINGDOM BGB 2 3/4 04/22/39,0.005729455907791,0.0,OB ,SOVEREIGN,BE0000356650,,BZ0281957 Govt,BE ,EUR,0.828808,A,11/18/2025
20251118,A82,Etica Obbligazionario Misto,212348,EDP SA EDPPL 1 1/2 03/14/2082,0.005555990679411,0.0,OB ,UTILITY,PTEDPXOM0021,,BR3181418 Corp,PT ,EUR,0.828808,C,11/18/2025
20251118,A82,Etica Obbligazionario Misto,335439,FRANCE (GOVT OF) FRTR 0 1/2 06/25/44,0.005539333567299,0.0,OB ,SOVEREIGN,FR0014002JM6,,BO6060129 Govt,FR ,EUR,0.828808,A,11/18/2025
20251118,A82,Etica Obbligazionario Misto,510999,COUNCIL OF EUROPE COE 2 7/8 04/13/30,0.005515778944245,0.0,OB ,Quasi & Foreign Government,XS2610236528,,ZK0252484 Corp,SNA,EUR,0.828808,A,11/18/2025
20251118,A82,Etica Obbligazionario Misto,237094,BONOS Y OBLIG DEL ESTADO SPGB 3.45 07/30/66,0.0054863094187,0.0,OB ,SOVEREIGN,ES00000128E2,,LW0882867 Govt,ES ,EUR,0.828808,A,11/18/2025
20251118,A82,Etica Obbligazionario Misto,335644,CAISSE D'AMORT DETTE SOC CADES 1 1/2 05/25/32,0.00533310228534,0.0,OB ,Quasi & Foreign Government,FR001400A3H2,,BW1169877 Govt,FR ,EUR,0.828808,A,11/18/2025
20251118,A82,Etica Obbligazionario Misto,492477,BONOS Y OBLIG DEL ESTADO SPGB 2.55 10/31/32,0.005271719421071,0.0,OB ,SOVEREIGN,ES0000012K61,,BX0275376 Govt,ES ,EUR,0.828808,A,11/18/2025
20251118,A82,Etica Obbligazionario Misto,49992,BONOS Y OBLIG DEL ESTADO SPGB 4.9 07/30/40,0.005190970662861,0.0,OB ,SOVEREIGN,ES00000120N0,,EG5611157 Govt,ES ,EUR,0.828808,A,11/18/2025
20251118,A82,Etica Obbligazionario Misto,411899,Etica Sustainable Global Equity - Class S,0.004683674881241,0.0,FO ,No Sector,LU2052491334,,MUSGESE LX Equity,DEV,MUL,0.828808,,11/18/2025
20251118,A82,Etica Obbligazionario Misto,406118,CAISSE FRANCAISE DE FIN CAFFIL 0.01 04/27/29,0.004497600638156,0.0,OB ,Covered,FR00140033E4,,BP1529455 Govt,FR ,EUR,0.828808,A,11/18/2025
20251118,A82,Etica Obbligazionario Misto,567423,BUONI POLIENNALI DEL TES BTPS 2.1 08/26/27,0.004479960024237,0.0,OB ,SOVEREIGN,IT0005657330,,YN6216934 Govt,IT ,EUR,0.828808,B,11/18/2025
20251118,A82,Etica Obbligazionario Misto,414446,TELEFONICA EUROPE BV TELEFO 2.502 PERP,0.004455305557949,0.0,OB ,INDUSTRIAL,XS2109819859,,ZP7077248 Corp,ES ,EUR,0.828808,C,11/18/2025
20251118,A82,Etica Obbligazionario Misto,405921,Etica Sustainable Dynamic Allocation - Class S,0.004059837409621,0.0,FO ,No Sector,LU2052490872,,MUSDASE LX Equity,DEV,MUL,0.828808,,11/18/2025
20251118,A82,Etica Obbligazionario Misto,164727,USD,0.003906455277246,0.0,LQ ,CASH,,,USD,US ,USD,0.828808,,11/18/2025
20251118,A82,Etica Obbligazionario Misto,336003,TELEFONICA EUROPE BV TELEFO 5.7522 PERP,0.003884258194177,0.0,OB ,INDUSTRIAL,XS2755535577,,ZD4852251 Corp,ES ,EUR,0.828808,C,11/18/2025
20251118,A82,Etica Obbligazionario Misto,237464,INFINEON TECHNOLOGIES AG IFXGR 3 5/8 PERP,0.003671760734197,0.0,OB ,INDUSTRIAL,XS2056730679,,ZR7968624 Corp,DE ,EUR,0.828808,B,11/18/2025
20251118,A82,Etica Obbligazionario Misto,534121,TERNA RETE ELETTRICA TRNIM 4 3/4 PERP,0.003594423049807,0.0,OB ,UTILITY,XS2798269069,,ZB2049300 Corp,IT ,EUR,0.828808,B,11/18/2025
20251118,A82,Etica Obbligazionario Misto,239132,REPUBLIKA SLOVENIJA SLOREP 0 1/8 07/01/31,0.003441004370337,0.0,OB ,SOVEREIGN,SI0002104196,,BQ1964585 Govt,SI ,EUR,0.828808,A,11/18/2025
20251118,A82,Etica Obbligazionario Misto,389755,Etica Sustainable Conservative Allocation - Class S,0.003295897416144,0.0,FO ,No Sector,LU2052490286,,MUSCASS LX Equity,5A ,EUR,0.828808,,11/18/2025
20251118,A82,Etica Obbligazionario Misto,405993,SSE PLC SSELN 3 1/8 PERP,0.003152261725835,0.0,OB ,UTILITY,XS2195190520,,BK2936866 Corp,GB ,EUR,0.828808,B,11/18/2025
20251118,A82,Etica Obbligazionario Misto,432910,SSE PLC SSELN 3.74 PERP,0.003096991865195,0.0,OB ,UTILITY,XS2195190876,,BK2909863 Corp,GB ,GBP,0.828808,B,11/18/2025
20251118,A82,Etica Obbligazionario Misto,65876,VISA INC-CLASS A SHARES,0.003023846402931,0.0,AZ ,Financials,US92826C8394,B2PZN04,V US Equity,US ,USD,0.828808,,11/18/2025
20251118,A82,Etica Obbligazionario Misto,504076,TELEFONICA EUROPE BV TELEFO 6.135 PERP,0.002933536234028,0.0,OB ,INDUSTRIAL,XS2582389156,,ZM6546588 Corp,ES ,EUR,0.828808,C,11/18/2025
20251118,A82,Etica Obbligazionario Misto,45465,MASTERCARD INC - A,0.0028491329721,0.0,AZ ,Financials,US57636Q1040,B121557,MA US Equity,US ,USD,0.828808,,11/18/2025
20251118,A82,Etica Obbligazionario Misto,335766,NOKIA OYJ NOKIA 4 3/8 08/21/31,0.002832228472536,0.0,OB ,INDUSTRIAL,XS2488809612,,ZM9740188 Corp,FI ,EUR,0.828808,C,11/18/2025
20251118,A82,Etica Obbligazionario Misto,51209,TELEFONICA EUROPE BV TELEFO 7 1/8 PERP,0.002581376157317,0.0,OB ,INDUSTRIAL,XS2462605671,,ZN3747385 Corp,ES ,EUR,0.828808,C,11/18/2025
20251118,A82,Etica Obbligazionario Misto,335356,TAKEDA PHARMACEUTICAL TACHEM 1 07/09/29,0.002511555569194,0.0,OB ,INDUSTRIAL,XS2197348597,,BK2909210 Corp,JP ,EUR,0.828808,B,11/18/2025
20251118,A82,Etica Obbligazionario Misto,500911,ORSTED A/S ORSTED 5 1/4 12/08/3022,0.002389348293799,0.0,OB ,UTILITY,XS2563353361,,ZN6806667 Corp,DK ,EUR,0.828808,C,11/18/2025
20251118,A82,Etica Obbligazionario Misto,554,ORACLE CORP,0.002367345363248,0.0,AZ ,Information Technology,US68389X1054,2661568,ORCL US Equity,US ,USD,0.828808,,11/18/2025
20251118,A82,Etica Obbligazionario Misto,406189,ERG SPA ERGIM 0 7/8 09/15/31,0.00235230049514,0.0,OB ,UTILITY,XS2386650274,,BR3380614 Corp,IT ,EUR,0.828808,NR,11/18/2025
20251118,A82,Etica Obbligazionario Misto,496325,INTEL CORP INTC 4.15 08/05/32,0.002249496080655,0.0,OB ,INDUSTRIAL,US458140CA64,,BY2217838 Corp,US ,USD,0.828808,B,11/18/2025
20251118,A82,Etica Obbligazionario Misto,239100,FORVIA SE EOFP 2 3/8 06/15/29,0.002175569836361,0.0,OB ,INDUSTRIAL,XS2312733871,,BO6324905 Corp,FR ,EUR,0.828808,C,11/18/2025
20251118,A82,Etica Obbligazionario Misto,443609,ORANGE SA ORAFP 1 3/4 PERP,0.002134378163868,0.0,OB ,INDUSTRIAL,FR00140005L7,,ZO8379513 Corp,FR ,EUR,0.828808,B,11/18/2025
20251118,A82,Etica Obbligazionario Misto,406011,ERG SPA ERGIM 0 1/2 09/11/27,0.002065901081148,0.0,OB ,UTILITY,XS2229434852,,ZO3431582 Corp,IT ,EUR,0.828808,NR,11/18/2025
20251118,A82,Etica Obbligazionario Misto,405955,NOKIA OYJ NOKIA 3 1/8 05/15/28,0.00182969567185,0.0,OB ,INDUSTRIAL,XS2171872570,,BJ3268486 Corp,FI ,EUR,0.828808,C,11/18/2025
20251118,A82,Etica Obbligazionario Misto,239013,KLEPIERRE SA LIFP 2 05/12/29,0.001751439128713,0.0,OB ,INDUSTRIAL,FR0013512233,,BJ2958731 Corp,FR ,EUR,0.828808,A,11/18/2025
20251118,A82,Etica Obbligazionario Misto,237336,OBRIGACOES DO TESOURO PGB 2 1/4 04/18/34,0.00172371090102,0.0,OB ,SOVEREIGN,PTOTEWOE0017,,AS1769569 Govt,PT ,EUR,0.828808,A,11/18/2025
20251118,A82,Etica Obbligazionario Misto,201018,ABBVIE INC,0.00160227282086,0.0,AZ ,Health Care,US00287Y1091,B92SR70,ABBV US Equity,US ,USD,0.828808,,11/18/2025
20251118,A82,Etica Obbligazionario Misto,454000,ORSTED A/S ORSTED 1 1/2 02/18/3021,0.001533815034575,0.0,OB ,UTILITY,XS2293075680,,BO0165460 Corp,DK ,EUR,0.828808,C,11/18/2025
20251118,A82,Etica Obbligazionario Misto,335546,FORVIA SE EOFP 2 3/4 02/15/27,0.001488414005437,0.0,OB ,INDUSTRIAL,XS2405483301,,BS2687603 Corp,FR ,EUR,0.828808,C,11/18/2025
20251118,A82,Etica Obbligazionario Misto,335600,BONOS Y OBLIG DEL ESTADO SPGB 1.9 10/31/52,0.001477555302518,0.0,OB ,SOVEREIGN,ES0000012K46,,BU3617661 Govt,ES ,EUR,0.828808,A,11/18/2025
20251118,A82,Etica Obbligazionario Misto,237571,OBRIGACOES DO TESOURO PGB 1 04/12/52,0.00146145682222,0.0,OB ,SOVEREIGN,PTOTECOE0037,,BN8909473 Govt,PT ,EUR,0.828808,A,11/18/2025
20251118,A82,Etica Obbligazionario Misto,212828,PRYSMIAN SPA PRYIM 3 7/8 11/28/31,0.001421528691058,0.0,OB ,INDUSTRIAL,XS2948434266,,YT3439742 Corp,IT ,EUR,0.828808,B,11/18/2025
20251118,A82,Etica Obbligazionario Misto,577,APPLIED MATERIALS INC,0.001366615314201,0.0,AZ ,Information Technology,US0382221051,2046552,AMAT US Equity,US ,USD,0.828808,,11/18/2025
20251118,A82,Etica Obbligazionario Misto,427,PROCTER & GAMBLE CO/THE,0.001343749645369,0.0,AZ ,Consumer Staples,US7427181091,2704407,PG US Equity,US ,USD,0.828808,,11/18/2025
20251118,A82,Etica Obbligazionario Misto,300,HOME DEPOT INC,0.001326897380185,0.0,AZ ,Consumer Discretionary,US4370761029,2434209,HD US Equity,US ,USD,0.828808,,11/18/2025
20251118,A82,Etica Obbligazionario Misto,407318,ORSTED A/S ORSTED 1 3/4 12/09/3019,0.001303893866907,0.0,OB ,UTILITY,XS2010036874,,ZQ8044799 Corp,DK ,EUR,0.828808,C,11/18/2025
20251118,A82,Etica Obbligazionario Misto,212398,TELIA COMPANY AB TELIAS 2 3/4 06/30/2083,0.001256602296281,0.0,OB ,INDUSTRIAL,XS2443749648,,BV4439170 Corp,SE ,EUR,0.828808,B,11/18/2025
20251118,A82,Etica Obbligazionario Misto,2839,ASML HOLDING NV,0.00125117803247,0.0,AZ ,Information Technology,NL0010273215,B929F46,ASML NA Equity,NL ,EUR,0.828808,,11/18/2025
20251118,A82,Etica Obbligazionario Misto,212462,ORSTED A/S ORSTED 3 3/4 03/01/30,0.001213165260155,0.0,OB ,UTILITY,XS2591029876,,ZL2347488 Corp,DK ,EUR,0.828808,B,11/18/2025
20251118,A82,Etica Obbligazionario Misto,222389,MONCLER SPA,0.001205342851395,0.0,AZ ,Consumer Discretionary,IT0004965148,BGLP232,MONC IM Equity,IT ,EUR,0.828808,,11/18/2025
20251118,A82,Etica Obbligazionario Misto,480,TEXAS INSTRUMENTS INC,0.001189326032541,0.0,AZ ,Information Technology,US8825081040,2885409,TXN US Equity,US ,USD,0.828808,,11/18/2025
20251118,A82,Etica Obbligazionario Misto,536433,EDP SA EDPPL 4 3/4 05/29/54,0.00113023908678,0.0,OB ,UTILITY,PTEDPZOM0011,,YX2446822 Corp,PT ,EUR,0.828808,C,11/18/2025
20251118,A82,Etica Obbligazionario Misto,476847,MICRON TECHNOLOGY INC MU 2.703 04/15/32,0.001098361589398,0.0,OB ,INDUSTRIAL,US595112BS19,,BS0168275 Corp,US ,USD,0.828808,B,11/18/2025
20251118,A82,Etica Obbligazionario Misto,23568,SALESFORCE INC,0.001088462902022,0.0,AZ ,Information Technology,US79466L3024,2310525,CRM US Equity,US ,USD,0.828808,,11/18/2025
20251118,A82,Etica Obbligazionario Misto,221482,SERVICENOW INC,0.001066169783452,0.0,AZ ,Information Technology,US81762P1021,B80NXX8,NOW US Equity,US ,USD,0.828808,,11/18/2025
20251118,A82,Etica Obbligazionario Misto,542,CISCO SYSTEMS INC,0.001040749641741,0.0,AZ ,Information Technology,US17275R1023,2198163,CSCO US Equity,US ,USD,0.828808,,11/18/2025
20251118,A82,Etica Obbligazionario Misto,1706,TELECOM ITALIA SPA,0.00104024572783,0.0,AZ ,Communication Services,IT0003497168,7634394,TIT IM Equity,IT ,EUR,0.828808,,11/18/2025
20251118,A82,Etica Obbligazionario Misto,705,LAM RESEARCH CORP,0.001038471197228,0.0,AZ ,Information Technology,US5128073062,BSML4N7,LRCX US Equity,US ,USD,0.828808,,11/18/2025
20251118,A82,Etica Obbligazionario Misto,423,NEW LINDE PLC,0.001033141459151,0.0,AZ ,Materials,IE000S9YS762,BNZHB81,LIN US Equity,US ,USD,0.828808,,11/18/2025
20251118,A82,Etica Obbligazionario Misto,756,QUALCOMM INC,0.001019837227813,0.0,AZ ,Information Technology,US7475251036,2714923,QCOM US Equity,US ,USD,0.828808,,11/18/2025
20251118,A82,Etica Obbligazionario Misto,363,MERCK & CO. INC.,0.000989679587798,0.0,AZ ,Health Care,US58933Y1055,2778844,MRK US Equity,US ,USD,0.828808,,11/18/2025
20251118,A82,Etica Obbligazionario Misto,2703,LONZA GROUP AG-REG,0.000983240063463,0.0,AZ ,Health Care,CH0013841017,7333378,LONN SW Equity,CH ,CHF,0.828808,,11/18/2025
20251118,A82,Etica Obbligazionario Misto,216,DEERE & CO,0.000983094929253,0.0,AZ ,Industrials,US2441991054,2261203,DE US Equity,US ,USD,0.828808,,11/18/2025
20251118,A82,Etica Obbligazionario Misto,360,MEDTRONIC PLC,0.000981586564394,0.0,AZ ,Health Care,IE00BTN1Y115,BTN1Y11,MDT US Equity,US ,USD,0.828808,,11/18/2025
20251118,A82,Etica Obbligazionario Misto,451544,EDP SA EDPPL 1 7/8 08/02/2081,0.000979149156558,0.0,OB ,UTILITY,PTEDPROM0029,,BN7191719 Corp,PT ,EUR,0.828808,C,11/18/2025
20251118,A82,Etica Obbligazionario Misto,5574,ERG SPA ERGIM 4 1/8 07/03/30,0.000944253115952,0.0,OB ,UTILITY,XS2853679053,,YX9810210 Corp,IT ,EUR,0.828808,NR,11/18/2025
20251118,A82,Etica Obbligazionario Misto,128611,BRITISH TELECOMMUNICATIO BRITEL 5 1/8 10/03/54,0.000932552874032,0.0,OB ,INDUSTRIAL,XS2794589403,,ZB0014470 Corp,GB ,EUR,0.828808,C,11/18/2025
20251118,A82,Etica Obbligazionario Misto,1821,INTUIT INC,0.000903505779626,0.0,AZ ,Information Technology,US4612021034,2459020,INTU US Equity,US ,USD,0.828808,,11/18/2025
20251118,A82,Etica Obbligazionario Misto,51536,RENAULT SA RENAUL 3 7/8 09/30/30,0.000897750635543,0.0,OB ,INDUSTRIAL,FR0014010DR1,,YK3273678 Corp,FR ,EUR,0.828808,C,11/18/2025
20251118,A82,Etica Obbligazionario Misto,358,S&P GLOBAL INC,0.000882188122681,0.0,AZ ,Financials,US78409V1044,BYV2325,SPGI US Equity,US ,USD,0.828808,,11/18/2025
20251118,A82,Etica Obbligazionario Misto,476807,SOCIETE FONCIERE LYONNAI FLYFP 0 1/2 04/21/28,0.000853349501249,0.0,OB ,INDUSTRIAL,FR00140060E7,,BR9645093 Corp,FR ,EUR,0.828808,B,11/18/2025
20251118,A82,Etica Obbligazionario Misto,100,ABBOTT LABORATORIES,0.000844424604928,0.0,AZ ,Health Care,US0028241000,2002305,ABT US Equity,US ,USD,0.828808,,11/18/2025
20251118,A82,Etica Obbligazionario Misto,4289,CRH PLC,0.000813604704093,0.0,SE ,Materials,IE0001827041,182704,CRH LN Equity,US ,USD,0.828808,,11/18/2025
20251118,A82,Etica Obbligazionario Misto,2706,TRANE TECHNOLOGIES PLC,0.000807440153966,0.0,AZ ,Industrials,IE00BK9ZQ967,BK9ZQ96,TT US Equity,US ,USD,0.828808,,11/18/2025
20251118,A82,Etica Obbligazionario Misto,30976,NABTESCO CORP,0.000803830460861,0.0,AZ ,Industrials,JP3651210001,6687571,6268 JP Equity,JP ,JPY,0.828808,,11/18/2025
20251118,A82,Etica Obbligazionario Misto,533,AMGEN INC,0.00079777704391,0.0,AZ ,Health Care,US0311621009,2023607,AMGN US Equity,US ,USD,0.828808,,11/18/2025
20251118,A82,Etica Obbligazionario Misto,1734,NOKIA OYJ,0.000774388959816,0.0,AZ ,Information Technology,FI0009000681,5902941,NOKIA FH Equity,FI ,EUR,0.828808,,11/18/2025
20251118,A82,Etica Obbligazionario Misto,549,INTEL CORP,0.000734325494531,0.0,AZ ,Information Technology,US4581401001,2463247,INTC US Equity,US ,USD,0.828808,,11/18/2025
20251118,A82,Etica Obbligazionario Misto,164953,AUD,0.000724375233858,0.0,LQ ,CASH,,,AUD,AU ,AUD,0.828808,,11/18/2025
20251118,A82,Etica Obbligazionario Misto,497,UNION PACIFIC CORP,0.000723648097706,0.0,AZ ,Industrials,US9078181081,2914734,UNP US Equity,US ,USD,0.828808,,11/18/2025
20251118,A82,Etica Obbligazionario Misto,149,VERIZON COMMUNICATIONS INC,0.000711277554784,0.0,AZ ,Communication Services,US92343V1044,2090571,VZ US Equity,US ,USD,0.828808,,11/18/2025
20251118,A82,Etica Obbligazionario Misto,235231,ORANGE SA ORAFP 5 PERP,0.000702284888666,0.0,OB ,INDUSTRIAL,XS1115498260,,EK5085239 Corp,FR ,EUR,0.828808,B,11/18/2025
20251118,A82,Etica Obbligazionario Misto,3092,MTR CORP,0.000688963683611,0.0,AZ ,Industrials,HK0066009694,6290054,66 HK Equity,HK ,HKD,0.828808,,11/18/2025
20251118,A82,Etica Obbligazionario Misto,1288,KURITA WATER INDUSTRIES LTD,0.000687878821916,0.0,AZ ,Industrials,JP3270000007,6497963,6370 JP Equity,JP ,JPY,0.828808,,11/18/2025
20251118,A82,Etica Obbligazionario Misto,18091,PROLOGIS INC,0.000683939811908,0.0,AZ ,Real Estate,US74340W1036,B44WZD7,PLD UN Equity,US ,USD,0.828808,,11/18/2025
20251118,A82,Etica Obbligazionario Misto,1285,KUBOTA CORP,0.000683901576378,0.0,AZ ,Industrials,JP3266400005,6497509,6326 JT Equity,JP ,JPY,0.828808,,11/18/2025
20251118,A82,Etica Obbligazionario Misto,503621,A2A SPA AEMSPA 4 3/8 02/03/34,0.000679753021371,0.0,OB ,UTILITY,XS2583205906,,ZM7159977 Corp,IT ,EUR,0.828808,B,11/18/2025
20251118,A82,Etica Obbligazionario Misto,486,TJX COMPANIES INC,0.000679408785465,0.0,AZ ,Consumer Discretionary,US8725401090,2989301,TJX US Equity,US ,USD,0.828808,,11/18/2025
20251118,A82,Etica Obbligazionario Misto,53583,LOGITECH INTERNATIONAL,0.000677123220925,0.0,SE ,Information Technology,CH0025751329,B1921K0,LOGI US Equity,CH ,CHF,0.828808,,11/18/2025
20251118,A82,Etica Obbligazionario Misto,494559,SSE PLC SSELN 2 7/8 08/01/29,0.000676873144478,0.0,OB ,UTILITY,XS2510903862,,BY0600829 Corp,GB ,EUR,0.828808,B,11/18/2025
20251118,A82,Etica Obbligazionario Misto,783,SYNOPSYS INC,0.000676715485452,0.0,AZ ,Information Technology,US8716071076,2867719,SNPS US Equity,US ,USD,0.828808,,11/18/2025
20251118,A82,Etica Obbligazionario Misto,559,STRYKER CORP,0.000672414524337,0.0,AZ ,Health Care,US8636671013,2853688,SYK UN Equity,US ,USD,0.828808,,11/18/2025
20251118,A82,Etica Obbligazionario Misto,1258,KAO CORP,0.000671224916943,0.0,AZ ,Consumer Staples,JP3205800000,6483809,4452 JP Equity,JP ,JPY,0.828808,,11/18/2025
20251118,A82,Etica Obbligazionario Misto,191474,PALO ALTO NETWORKS INC,0.000662416647922,0.0,AZ ,Information Technology,US6974351057,B87ZMX0,PANW US Equity,US ,USD,0.828808,,11/18/2025
20251118,A82,Etica Obbligazionario Misto,133,AUTOMATIC DATA PROCESSING,0.000659574738553,0.0,AZ ,Industrials,US0530151036,2065308,ADP US Equity,US ,USD,0.828808,,11/18/2025
20251118,A82,Etica Obbligazionario Misto,397638,PROSUS NV,0.000657697382963,0.0,AZ ,Consumer Discretionary,NL0013654783,BJDS7L3,PRX NA Equity,NL ,EUR,0.828808,,11/18/2025
20251118,A82,Etica Obbligazionario Misto,348394,KNORR-BREMSE AG,0.00065187357573,0.0,AZ ,Industrials,DE000KBX1006,BD2P9X9,KBX GR Equity,DE ,EUR,0.828808,,11/18/2025
20251118,A82,Etica Obbligazionario Misto,214,DANAHER CORP,0.000649097193841,0.0,AZ ,Health Care,US2358511028,2250870,DHR US Equity,US ,USD,0.828808,,11/18/2025
20251118,A82,Etica Obbligazionario Misto,1619,LOREAL SA,0.000642929097101,0.0,AZ ,Consumer Staples,FR0000120321,4057808,OR FP Equity,FR ,EUR,0.828808,,11/18/2025
20251118,A82,Etica Obbligazionario Misto,2955,VOESTALPINE AG,0.000642671579019,0.0,AZ ,Materials,AT0000937503,4943402,VOE AV Equity,AT ,EUR,0.828808,,11/18/2025
20251118,A82,Etica Obbligazionario Misto,49402,SARTORIUS STEDIM BIOTECH,0.000632289435528,0.0,AZ ,Health Care,FR0013154002,BYZ2QP5,DIM FP Equity,FR ,EUR,0.828808,,11/18/2025
20251118,A82,Etica Obbligazionario Misto,125,ANALOG DEVICES INC,0.000631689289577,0.0,AZ ,Information Technology,US0326541051,2032067,ADI US Equity,US ,USD,0.828808,,11/18/2025
20251118,A82,Etica Obbligazionario Misto,164954,CAD,0.000630480019472,0.0,LQ ,CASH,,,CAD,CA ,CAD,0.828808,,11/18/2025
20251118,A82,Etica Obbligazionario Misto,233530,ZALANDO SE,0.000621659243502,0.0,AZ ,Consumer Discretionary,DE000ZAL1111,BQV0SV7,ZAL GR Equity,DE ,EUR,0.828808,,11/18/2025
20251118,A82,Etica Obbligazionario Misto,670,WELLTOWER INC,0.000616016813831,0.0,AZ ,Real Estate,US95040Q1040,BYVYHH4,WELL US Equity,US ,USD,0.828808,,11/18/2025
20251118,A82,Etica Obbligazionario Misto,667,GILEAD SCIENCES INC,0.000614430628949,0.0,AZ ,Health Care,US3755581036,2369174,GILD US Equity,US ,USD,0.828808,,11/18/2025
20251118,A82,Etica Obbligazionario Misto,454,SONY GROUP CORP,0.000593389965192,0.0,AZ ,Consumer Discretionary,JP3435000009,6821506,6758 JP Equity,JP ,JPY,0.828808,,11/18/2025
20251118,A82,Etica Obbligazionario Misto,159,BOSTON SCIENTIFIC CORP,0.000592377536599,0.0,AZ ,Health Care,US1011371077,2113434,BSX US Equity,US ,USD,0.828808,,11/18/2025
20251118,A82,Etica Obbligazionario Misto,531,ADOBE INC,0.000590593741921,0.0,AZ ,Information Technology,US00724F1012,2008154,ADBE US Equity,US ,USD,0.828808,,11/18/2025
20251118,A82,Etica Obbligazionario Misto,520,WESTERN DIGITAL CORP,0.000587000227448,0.0,AZ ,Information Technology,US9581021055,2954699,WDC US Equity,US ,USD,0.828808,,11/18/2025
20251118,A82,Etica Obbligazionario Misto,236196,IMCD NV,0.000586425953014,0.0,AZ ,Industrials,NL0010801007,BNCBD46,IMCD NA Equity,NL ,EUR,0.828808,,11/18/2025
20251118,A82,Etica Obbligazionario Misto,2088,SAP SE,0.00058575630416,0.0,AZ ,Information Technology,DE0007164600,4846288,SAP GY Equity,DE ,EUR,0.828808,,11/18/2025
20251118,A82,Etica Obbligazionario Misto,3760,ABB LTD,0.000583768422875,0.0,AZ ,Industrials,CH0012221716,7108899,ABBN SW Equity,CH ,CHF,0.828808,,11/18/2025
20251118,A82,Etica Obbligazionario Misto,1545,TOTO LTD,0.000577560464701,0.0,AZ ,Industrials,JP3596200000,6897466,5332 JP Equity,JP ,JPY,0.828808,,11/18/2025
20251118,A82,Etica Obbligazionario Misto,40461,VERTEX PHARMACEUTICALS INC,0.000565320208454,0.0,AZ ,Health Care,US92532F1003,2931034,VRTX US Equity,US ,USD,0.828808,,11/18/2025
20251118,A82,Etica Obbligazionario Misto,1658,ATLAS COPCO AB-A SHS,0.000560023247517,0.0,AZ ,Industrials,SE0017486889,BLDBN41,ATCOA SS Equity,SE ,SEK,0.828808,,11/18/2025
20251118,A82,Etica Obbligazionario Misto,1714,SKF AB-B SHARES,0.000557825303089,0.0,AZ ,Industrials,SE0000108227,B1Q3J35,SKFB SS Equity,SE ,SEK,0.828808,,11/18/2025
20251118,A82,Etica Obbligazionario Misto,1404,OBAYASHI CORP,0.000551036075524,0.0,AZ ,Industrials,JP3190000004,6656407,1802 JP Equity,JP ,JPY,0.828808,,11/18/2025
20251118,A82,Etica Obbligazionario Misto,2170,DSV A/S,0.000543403629453,0.0,AZ ,Industrials,DK0060079531,B1WT5G2,DSV DC Equity,DK ,DKK,0.828808,,11/18/2025
20251118,A82,Etica Obbligazionario Misto,3013,NOVARTIS AG,0.000538399268589,0.0,AZ ,Health Care,CH0012005267,7103065,NOVN SW Equity,CH ,CHF,0.828808,,11/18/2025
20251118,A82,Etica Obbligazionario Misto,392,NOVO NORDISK A/S-B,0.000533818937967,0.0,AZ ,Health Care,DK0062498333,BP6KMJ1,NOVOB DC Equity,DK ,DKK,0.828808,,11/18/2025
20251118,A82,Etica Obbligazionario Misto,424846,OTIS WORLDWIDE CORP,0.000531310097585,0.0,AZ ,Industrials,US68902V1070,BK531S8,OTIS US Equity,US ,USD,0.828808,,11/18/2025
20251118,A82,Etica Obbligazionario Misto,4264,AUTODESK INC,0.000531234984422,0.0,AZ ,Information Technology,US0527691069,2065159,ADSK US Equity,US ,USD,0.828808,,11/18/2025
20251118,A82,Etica Obbligazionario Misto,164955,CHF,0.00052803894079,0.0,LQ ,CASH,,,CHF,CH ,CHF,0.828808,,11/18/2025
20251118,A82,Etica Obbligazionario Misto,2566,UNITED PARCEL SERVICE-CL B,0.000525731703494,0.0,AZ ,Industrials,US9113121068,2517382,UPS US Equity,US ,USD,0.828808,,11/18/2025
20251118,A82,Etica Obbligazionario Misto,1609,ESSILORLUXOTTICA,0.000522997729095,0.0,AZ ,Health Care,FR0000121667,7212477,EL FP Equity,FR ,EUR,0.828808,,11/18/2025
20251118,A82,Etica Obbligazionario Misto,1337,MURATA MANUFACTURING CO LTD,0.000521379964166,0.0,AZ ,Information Technology,JP3914400001,6610403,6981 JP Equity,JP ,JPY,0.828808,,11/18/2025
20251118,A82,Etica Obbligazionario Misto,344,LOWE'S COS INC,0.000510578596676,0.0,AZ ,Consumer Discretionary,US5486611073,2536763,LOW US Equity,US ,USD,0.828808,,11/18/2025
20251118,A82,Etica Obbligazionario Misto,2489,LENOVO GROUP LTD,0.000505889178657,0.0,AZ ,Information Technology,HK0992009065,6218089,992 HK Equity,CN ,CNY,0.828808,,11/18/2025
20251118,A82,Etica Obbligazionario Misto,3033,STMICROELECTRONICS NV,0.000505756345924,0.0,SE ,Information Technology,NL0000226223,5962343,STMMI IM Equity,FR ,EUR,0.828808,,11/18/2025
20251118,A82,Etica Obbligazionario Misto,23355,RALPH LAUREN CORP,0.000497235057783,0.0,AZ ,Consumer Discretionary,US7512121010,B4V9661,RL US Equity,US ,USD,0.828808,,11/18/2025
20251118,A82,Etica Obbligazionario Misto,3014,ANHEUSER-BUSCH INBEV SA/NV,0.000495514083724,0.0,AZ ,Consumer Staples,BE0974293251,BYYHL23,ABI BB Equity,BE ,EUR,0.828808,,11/18/2025
20251118,A82,Etica Obbligazionario Misto,1340,NEC CORP,0.000482507437372,0.0,AZ ,Information Technology,JP3733000008,6640400,6701 JP Equity,JP ,JPY,0.828808,,11/18/2025
20251118,A82,Etica Obbligazionario Misto,1526,TOKYO ELECTRON LTD,0.000469015056853,0.0,AZ ,Information Technology,JP3571400005,6895675,8035 JP Equity,JP ,JPY,0.828808,,11/18/2025
20251118,A82,Etica Obbligazionario Misto,232,ECOLAB INC,0.00046418223773,0.0,AZ ,Materials,US2788651006,2304227,ECL US Equity,US ,USD,0.828808,,11/18/2025
20251118,A82,Etica Obbligazionario Misto,164963,SGD,0.000462993336085,0.0,LQ ,CASH,,,SGD,SG ,SGD,0.828808,,11/18/2025
20251118,A82,Etica Obbligazionario Misto,1790,CHINA OVERSEAS LAND & INVEST,0.000460412500344,0.0,AZ ,Real Estate,HK0688002218,6192150,688 HK Equity,CN ,CNY,0.828808,,11/18/2025
20251118,A82,Etica Obbligazionario Misto,166783,XYLEM INC,0.000456831323082,0.0,AZ ,Industrials,US98419M1009,B3P2CN8,XYL US Equity,US ,USD,0.828808,,11/18/2025
20251118,A82,Etica Obbligazionario Misto,302,HONDA MOTOR CO LTD,0.000453320631412,0.0,AZ ,Consumer Discretionary,JP3854600008,6435145,7267 JP Equity,JP ,JPY,0.828808,,11/18/2025
20251118,A82,Etica Obbligazionario Misto,49977,TE CONNECTIVITY PLC,0.000451266981441,0.0,AZ ,Information Technology,IE000IVNQZ81,BRC3N84,TEL US Equity,US ,USD,0.828808,,11/18/2025
20251118,A82,Etica Obbligazionario Misto,4223,COLGATE-PALMOLIVE CO,0.000448541842309,0.0,AZ ,Consumer Staples,US1941621039,2209106,CL US Equity,US ,USD,0.828808,,11/18/2025
20251118,A82,Etica Obbligazionario Misto,3011,DEUTSCHE TELEKOM AG,0.000448420783975,0.0,AZ ,Communication Services,DE0005557508,5842359,DTE GR Equity,DE ,EUR,0.828808,,11/18/2025
20251118,A82,Etica Obbligazionario Misto,471,TDK CORP,0.000447266991123,0.0,AZ ,Information Technology,JP3538800008,6869302,6762 JP Equity,JP ,JPY,0.828808,,11/18/2025
20251118,A82,Etica Obbligazionario Misto,236299,VONOVIA SE,0.000447117104272,0.0,AZ ,Real Estate,DE000A1ML7J1,BBJPFY1,VNA GR Equity,DE ,EUR,0.828808,,11/18/2025
20251118,A82,Etica Obbligazionario Misto,405936,CARRIER GLOBAL CORP,0.000416777908024,0.0,AZ ,Industrials,US14448C1045,BK4N0D7,CARR US Equity,US ,USD,0.828808,,11/18/2025
20251118,A82,Etica Obbligazionario Misto,2831,BREMBO N.V.,0.000414549410905,0.0,AZ ,Consumer Discretionary,NL0015001KT6,BSMM753,BRE IM Equity,IT ,EUR,0.828808,,11/18/2025
20251118,A82,Etica Obbligazionario Misto,1040,TATE & LYLE PLC,0.000409707890519,0.0,AZ ,Consumer Staples,GB00BP92CJ43,BP92CJ4,TATE LN Equity,GB ,GBP,0.828808,,11/18/2025
20251118,A82,Etica Obbligazionario Misto,57392,EQUINIX INC,0.000404435782677,0.0,AZ ,Real Estate,US29444U7000,BVLZX12,EQIX US Equity,US ,USD,0.828808,,11/18/2025
20251118,A82,Etica Obbligazionario Misto,17897,SK HYNIX INC,0.000402927221281,0.0,AZ ,Information Technology,KR7000660001,6450267,000660 KS Equity,KR ,KRW,0.828808,,11/18/2025
20251118,A82,Etica Obbligazionario Misto,1146,BRIDGESTONE CORP,0.00040236665089,0.0,AZ ,Consumer Discretionary,JP3830800003,6132101,5108 JP Equity,JP ,JPY,0.828808,,11/18/2025
20251118,A82,Etica Obbligazionario Misto,1575,ASTELLAS PHARMA INC,0.000398819733735,0.0,AZ ,Health Care,JP3942400007,6985383,4503 JP Equity,JP ,JPY,0.828808,,11/18/2025
20251118,A82,Etica Obbligazionario Misto,2858,RYOHIN KEIKAKU CO LTD,0.000389643796146,0.0,AZ ,Consumer Discretionary,JP3976300008,6758455,7453 JP Equity,JP ,JPY,0.828808,,11/18/2025
20251118,A82,Etica Obbligazionario Misto,23406,IBIDEN CO LTD,0.000388813977942,0.0,AZ ,Information Technology,JP3148800000,6456102,4062 JP Equity,JP ,JPY,0.828808,,11/18/2025
20251118,A82,Etica Obbligazionario Misto,184644,ZOETIS INC,0.000388704979881,0.0,AZ ,Health Care,US98978V1035,B95WG16,ZTS US Equity,US ,USD,0.828808,,11/18/2025
20251118,A82,Etica Obbligazionario Misto,2867,DARDEN RESTAURANTS INC,0.000378469185561,0.0,AZ ,Consumer Discretionary,US2371941053,2289874,DRI UN Equity,US ,USD,0.828808,,11/18/2025
20251118,A82,Etica Obbligazionario Misto,4266,MCCORMICK & CO-NON VTG SHRS,0.000359849313264,0.0,AZ ,Consumer Staples,US5797802064,2550161,MKC UN Equity,US ,USD,0.828808,,11/18/2025
20251118,A82,Etica Obbligazionario Misto,1457,SHIMIZU CORP,0.000351469282179,0.0,AZ ,Industrials,JP3358800005,6804400,1803 JP Equity,JP ,JPY,0.828808,,11/18/2025
20251118,A82,Etica Obbligazionario Misto,44974,LEGRAND SA,0.000351195397862,0.0,AZ ,Industrials,FR0010307819,B11ZRK9,LR FP Equity,FR ,EUR,0.828808,,11/18/2025
20251118,A82,Etica Obbligazionario Misto,188,THE CIGNA GROUP,0.000349862496566,0.0,AZ ,Health Care,US1255231003,BHJ0775,CI US Equity,US ,USD,0.828808,,11/18/2025
20251118,A82,Etica Obbligazionario Misto,651,EXPEDITORS INTL WASH INC,0.000345195626789,0.0,AZ ,Industrials,US3021301094,2325507,EXPD US Equity,US ,USD,0.828808,,11/18/2025
20251118,A82,Etica Obbligazionario Misto,1088,ORICA LTD,0.000340453902923,0.0,AZ ,Materials,AU000000ORI1,6458001,ORI AU Equity,AU ,AUD,0.828808,,11/18/2025
20251118,A82,Etica Obbligazionario Misto,3065,ELEVANCE HEALTH INC,0.000339654199666,0.0,AZ ,Health Care,US0367521038,BSPHGL4,ELV US Equity,US ,USD,0.828808,,11/18/2025
20251118,A82,Etica Obbligazionario Misto,318,INTL FLAVORS & FRAGRANCES,0.000333722251991,0.0,AZ ,Materials,US4595061015,2464165,IFF US Equity,US ,USD,0.828808,,11/18/2025
20251118,A82,Etica Obbligazionario Misto,100272,AMERICAN WATER WORKS CO INC,0.000332245717319,0.0,AZ ,Utilities,US0304201033,B2R3PV1,AWK US Equity,US ,USD,0.828808,,11/18/2025
20251118,A82,Etica Obbligazionario Misto,148,BECTON DICKINSON AND CO,0.000329753019834,0.0,AZ ,Health Care,US0758871091,2087807,BDX US Equity,US ,USD,0.828808,,11/18/2025
20251118,A82,Etica Obbligazionario Misto,3119,INTERPUMP GROUP SPA,0.000326661891638,0.0,AZ ,Industrials,IT0001078911,5161407,IP IM Equity,IT ,EUR,0.828808,,11/18/2025
20251118,A82,Etica Obbligazionario Misto,2658,ASSA ABLOY AB-B,0.00032536482275,0.0,AZ ,Industrials,SE0007100581,BYPC1T4,ASSAB SS Equity,SE ,SEK,0.828808,,11/18/2025
20251118,A82,Etica Obbligazionario Misto,1001,PERSIMMON PLC,0.000323017965226,0.0,AZ ,Consumer Discretionary,GB0006825383,682538,PSN LN Equity,GB ,GBP,0.828808,,11/18/2025
20251118,A82,Etica Obbligazionario Misto,4275,HASBRO INC,0.00032050481888,0.0,AZ ,Consumer Discretionary,US4180561072,2414580,HAS US Equity,US ,USD,0.828808,,11/18/2025
20251118,A82,Etica Obbligazionario Misto,88166,REXEL SA,0.000317061414596,0.0,AZ ,Industrials,FR0010451203,B1VP0K0,RXL FP Equity,FR ,EUR,0.828808,,11/18/2025
20251118,A82,Etica Obbligazionario Misto,336777,ULTA BEAUTY INC,0.000316965575632,0.0,AZ ,Consumer Discretionary,US90384S3031,B28TS42,ULTA UW Equity,US ,USD,0.828808,,11/18/2025
20251118,A82,Etica Obbligazionario Misto,469,SYSCO CORP,0.000305514168397,0.0,AZ ,Consumer Staples,US8718291078,2868165,SYY US Equity,US ,USD,0.828808,,11/18/2025
20251118,A82,Etica Obbligazionario Misto,349,MASCO CORP,0.000302109437386,0.0,AZ ,Industrials,US5745991068,2570200,MAS US Equity,US ,USD,0.828808,,11/18/2025
20251118,A82,Etica Obbligazionario Misto,366,MICRON TECHNOLOGY INC,0.000297305929191,0.0,AZ ,Information Technology,US5951121038,2588184,MU US Equity,US ,USD,0.828808,,11/18/2025
20251118,A82,Etica Obbligazionario Misto,276440,DELL TECHNOLOGIES -C,0.000295517658813,0.0,AZ ,Information Technology,US24703L2025,BHKD3S6,DELL US Equity,US ,USD,0.828808,,11/18/2025
20251118,A82,Etica Obbligazionario Misto,3371,ERG SPA,0.000289161395024,0.0,AZ ,Utilities,IT0001157020,5337093,ERG IM Equity,IT ,EUR,0.828808,,11/18/2025
20251118,A82,Etica Obbligazionario Misto,152,BEST BUY CO INC,0.000286909697515,0.0,AZ ,Consumer Discretionary,US0865161014,2094670,BBY US Equity,US ,USD,0.828808,,11/18/2025
20251118,A82,Etica Obbligazionario Misto,19461,DICK'S SPORTING GOODS INC,0.000285303001236,0.0,AZ ,Consumer Discretionary,US2533931026,2969637,DKS US Equity,US ,USD,0.828808,,11/18/2025
20251118,A82,Etica Obbligazionario Misto,18074,ESTEE LAUDER COMPANIES-CL A,0.000267390754251,0.0,AZ ,Consumer Staples,US5184391044,2320524,EL US Equity,US ,USD,0.828808,,11/18/2025
20251118,A82,Etica Obbligazionario Misto,295,HERSHEY CO/THE,0.000266513481109,0.0,AZ ,Consumer Staples,US4278661081,2422806,HSY US Equity,US ,USD,0.828808,,11/18/2025
20251118,A82,Etica Obbligazionario Misto,387,NORSK HYDRO ASA,0.000262310699545,0.0,AZ ,Materials,NO0005052605,B11HK39,NHY NO Equity,NO ,NOK,0.828808,,11/18/2025
20251118,A82,Etica Obbligazionario Misto,34107,DAIICHI SANKYO CO LTD,0.000258193188573,0.0,AZ ,Health Care,JP3475350009,B0J7D91,4568 JP Equity,JP ,JPY,0.828808,,11/18/2025
20251118,A82,Etica Obbligazionario Misto,411893,BONOS Y OBLIG DEL ESTADO SPGB 0 1/2 04/30/30,0.000255741647885,0.0,OB ,SOVEREIGN,ES0000012F76,,ZP4820285 Govt,ES ,EUR,0.828808,A,11/18/2025
20251118,A82,Etica Obbligazionario Misto,31928,DIGITAL REALTY TRUST INC,0.000249541819228,0.0,AZ ,Real Estate,US2538681030,B03GQS4,DLR US Equity,US ,USD,0.828808,,11/18/2025
20251118,A82,Etica Obbligazionario Misto,2985,CANADIAN NATL RAILWAY CO,0.000247187913145,0.0,AZ ,Industrials,CA1363751027,2180632,CNR CN Equity,CA ,CAD,0.828808,,11/18/2025
20251118,A82,Etica Obbligazionario Misto,447577,STORA ENSO OYJ STERV 0 5/8 12/02/30,0.00024330132512,0.0,OB ,INDUSTRIAL,XS2265360359,,BM7557275 Corp,FI ,EUR,0.828808,B,11/18/2025
20251118,A82,Etica Obbligazionario Misto,2298,TRACTOR SUPPLY COMPANY,0.00023846613861,0.0,AZ ,Consumer Discretionary,US8923561067,2900335,TSCO US Equity,US ,USD,0.828808,,11/18/2025
20251118,A82,Etica Obbligazionario Misto,242496,PAYPAL HOLDINGS INC,0.000237729827718,0.0,AZ ,Financials,US70450Y1038,BYW36M8,PYPL US Equity,US ,USD,0.828808,,11/18/2025
20251118,A82,Etica Obbligazionario Misto,23481,CBRE GROUP INC,0.000233817216306,0.0,AZ ,Real Estate,US12504L1098,B6WVMH3,CBRE US Equity,US ,USD,0.828808,,11/18/2025
20251118,A82,Etica Obbligazionario Misto,335212,LEVI STRAUSS & CO- CLASS A,0.000230558923802,0.0,AZ ,Consumer Discretionary,US52736R1023,BHRWS81,LEVI US Equity,US ,USD,0.828808,,11/18/2025
20251118,A82,Etica Obbligazionario Misto,253654,FERRARI NV,0.000227975738541,0.0,AZ ,Consumer Discretionary,NL0011585146,BZ1GMK5,RACE US Equity,IT ,EUR,0.828808,,11/18/2025
20251118,A82,Etica Obbligazionario Misto,485685,AMGEN INC AMGN 3 02/22/29,0.000224698113867,0.0,OB ,INDUSTRIAL,US031162DD92,,BU6349577 Corp,US ,USD,0.828808,B,11/18/2025
20251118,A82,Etica Obbligazionario Misto,3385,YUM! BRANDS INC,0.000220031923039,0.0,AZ ,Consumer Discretionary,US9884981013,2098876,YUM UN Equity,US ,USD,0.828808,,11/18/2025
20251118,A82,Etica Obbligazionario Misto,57810,VENTAS INC,0.000219763943788,0.0,AZ ,Real Estate,US92276F1003,2927925,VTR US Equity,US ,USD,0.828808,,11/18/2025
20251118,A82,Etica Obbligazionario Misto,1138,ASICS CORP,0.000214768570061,0.0,AZ ,Consumer Discretionary,JP3118000003,6057378,7936 JP Equity,JP ,JPY,0.828808,,11/18/2025
20251118,A82,Etica Obbligazionario Misto,67156,KEURIG DR PEPPER INC,0.000206891094991,0.0,AZ ,Consumer Staples,US49271V1008,BD3W133,KDP US Equity,US ,USD,0.828808,,11/18/2025
20251118,A82,Etica Obbligazionario Misto,1,LG ELECTRONICS INC,0.00020283074971,0.0,AZ ,Consumer Discretionary,KR7066570003,6520739,066570 KS Equity,KR ,KRW,0.828808,,11/18/2025
20251118,A82,Etica Obbligazionario Misto,50381,LULULEMON ATHLETICA INC,0.000200698261292,0.0,AZ ,Consumer Discretionary,US5500211090,B23FN39,LULU US Equity,US ,USD,0.828808,,11/18/2025
20251118,A82,Etica Obbligazionario Misto,1755,SWIRE PACIFIC LTD - CL A,0.000199739130169,0.0,AZ ,Industrials,HK0019000162,6867748,19 HK Equity,HK ,HKD,0.828808,,11/18/2025
20251118,A82,Etica Obbligazionario Misto,343334,GODADDY INC - CLASS A,0.000190058983861,0.0,AZ ,Information Technology,US3802371076,BWFRFC6,GDDY US Equity,US ,USD,0.828808,,11/18/2025
20251118,A82,Etica Obbligazionario Misto,58909,EDWARDS LIFESCIENCES CORP,0.00018641344048,0.0,AZ ,Health Care,US28176E1082,2567116,EW US Equity,US ,USD,0.828808,,11/18/2025
20251118,A82,Etica Obbligazionario Misto,164959,JPY,0.000182313894847,0.0,LQ ,CASH,,,JPY,JP ,JPY,0.828808,,11/18/2025
20251118,A82,Etica Obbligazionario Misto,164726,SEK,0.000180058882996,0.0,LQ ,CASH,,,SEK,SE ,SEK,0.828808,,11/18/2025
20251118,A82,Etica Obbligazionario Misto,18075,BE SEMICONDUCTOR INDUSTRIES,0.000179926398671,0.0,AZ ,Information Technology,NL0012866412,BG0SCK9,BESI NA Equity,NL ,EUR,0.828808,,11/18/2025
20251118,A82,Etica Obbligazionario Misto,173,CADENCE DESIGN SYS INC,0.000173987777646,0.0,AZ ,Information Technology,US1273871087,2302232,CDNS US Equity,US ,USD,0.828808,,11/18/2025
20251118,A82,Etica Obbligazionario Misto,222506,ORORA LTD,0.000173332833391,0.0,AZ ,Materials,AU000000ORA8,BH4TCW7,ORA AU Equity,AU ,AUD,0.828808,,11/18/2025
20251118,A82,Etica Obbligazionario Misto,164960,NOK,0.000171952450356,0.0,LQ ,CASH,,,NOK,NO ,NOK,0.828808,,11/18/2025
20251118,A82,Etica Obbligazionario Misto,335227,NEXI SPA,0.000168286073971,0.0,AZ ,Financials,IT0005366767,BJ1F880,NEXI IM Equity,IT ,EUR,0.828808,,11/18/2025
20251118,A82,Etica Obbligazionario Misto,164724,GBP,0.000166384088624,0.0,LQ ,CASH,,,GBP,GB ,GBP,0.828808,,11/18/2025
20251118,A82,Etica Obbligazionario Misto,235482,MERLIN PROPERTIES SOCIMI SA,0.000160436569798,0.0,AZ ,Real Estate,ES0105025003,BNGNB77,MRL SM Equity,ES ,EUR,0.828808,,11/18/2025
20251118,A82,Etica Obbligazionario Misto,1010,RELX PLC,0.000159229801083,0.0,AZ ,Industrials,GB00B2B0DG97,B2B0DG9,REL LN Equity,GB ,GBP,0.828808,,11/18/2025
20251118,A82,Etica Obbligazionario Misto,3466,COGNIZANT TECH SOLUTIONS-A,0.000154061250779,0.0,AZ ,Information Technology,US1924461023,2257019,CTSH US Equity,US ,USD,0.828808,,11/18/2025
20251118,A82,Etica Obbligazionario Misto,312,INGERSOLL-RAND INC,0.000148302881691,0.0,AZ ,Industrials,US45687V1061,BL5GZ82,IR UN Equity,US ,USD,0.828808,,11/18/2025
20251118,A82,Etica Obbligazionario Misto,2297,AVALONBAY COMMUNITIES INC,0.000142576548259,0.0,AZ ,Real Estate,US0534841012,2131179,AVB US Equity,US ,USD,0.828808,,11/18/2025
20251118,A82,Etica Obbligazionario Misto,4106,ZIMMER BIOMET HOLDINGS INC,0.000137545556528,0.0,AZ ,Health Care,US98956P1021,2783815,ZBH US Equity,US ,USD,0.828808,,11/18/2025
20251118,A82,Etica Obbligazionario Misto,211955,TECHNOGYM SPA,0.000127871234885,0.0,AZ ,Consumer Discretionary,IT0005162406,BD9Y5C0,TGYM IM Equity,IT ,EUR,0.828808,,11/18/2025
20251118,A82,Etica Obbligazionario Misto,31968,PENTAIR PLC,0.000126096900821,0.0,AZ ,Industrials,IE00BLS09M33,BLS09M3,PNR UN Equity,US ,USD,0.828808,,11/18/2025
20251118,A82,Etica Obbligazionario Misto,235835,RAI WAY SPA,0.000122978328805,0.0,AZ ,Communication Services,IT0005054967,BSM8WL2,RWAY IM Equity,IT ,EUR,0.828808,,11/18/2025
20251118,A82,Etica Obbligazionario Misto,50261,DIASORIN SPA,0.000119860918148,0.0,AZ ,Health Care,IT0003492391,B234WN9,DIA IM Equity,IT ,EUR,0.828808,,11/18/2025
20251118,A82,Etica Obbligazionario Misto,58590,SYSMEX CORP,0.000107485345646,0.0,AZ ,Health Care,JP3351100007,6883807,6869 JP Equity,JP ,JPY,0.828808,,11/18/2025
20251118,A82,Etica Obbligazionario Misto,1024,SSE PLC,0.000106853110437,0.0,AZ ,Utilities,GB0007908733,790873,SSE LN Equity,GB ,GBP,0.828808,,11/18/2025
20251118,A82,Etica Obbligazionario Misto,17956,RENESAS ELECTRONICS CORP,0.000103195229843,0.0,AZ ,Information Technology,JP3164720009,6635677,6723 JP Equity,JP ,JPY,0.828808,,11/18/2025
20251118,A82,Etica Obbligazionario Misto,24041,TERNA-RETE ELETTRICA NAZIONA,0.000103042243056,0.0,AZ ,Utilities,IT0003242622,B01BN57,TRN IM Equity,IT ,EUR,0.828808,,11/18/2025
20251118,A82,Etica Obbligazionario Misto,164725,HKD,0.000101442380931,0.0,LQ ,CASH,,,HKD,HK ,HKD,0.828808,,11/18/2025
20251118,A82,Etica Obbligazionario Misto,164722,DKK,0.00009976117897,0.0,LQ ,CASH,,,DKK,DK ,DKK,0.828808,,11/18/2025
20251118,A82,Etica Obbligazionario Misto,1093,LENDLEASE GROUP,0.000094514111827,0.0,AZ ,Real Estate,AU000000LLC3,6512004,LLC AU Equity,AU ,AUD,0.828808,,11/18/2025
20251118,A82,Etica Obbligazionario Misto,23349,CORBION NV,0.000081988304066,0.0,AZ ,Materials,NL0010583399,BFRSRR7,CRBN NA Equity,NL ,EUR,0.828808,,11/18/2025
20251118,A82,Etica Obbligazionario Misto,58318,AZBIL CORP,0.000078146830393,0.0,AZ ,Information Technology,JP3937200008,6985543,6845 JP Equity,JP ,JPY,0.828808,,11/18/2025
20251118,A82,Etica Obbligazionario Misto,58681,JONES LANG LASALLE INC,0.000069701405832,0.0,AZ ,Real Estate,US48020Q1076,2040640,JLL US Equity,US ,USD,0.828808,,11/18/2025
20251118,A82,Etica Obbligazionario Misto,63,HERA SPA,0.000066037807776,0.0,AZ ,Utilities,IT0001250932,7598003,HER IM Equity,IT ,EUR,0.828808,,11/18/2025
20251118,A82,Etica Obbligazionario Misto,3672,AMPLIFON SPA,0.000064529559054,0.0,AZ ,Health Care,IT0004056880,B14NJ71,AMP IM Equity,IT ,EUR,0.828808,,11/18/2025
20251118,A82,Etica Obbligazionario Misto,247914,INFRASTRUTTURE WIRELESS ITAL,0.000056889644547,0.0,AZ ,Communication Services,IT0005090300,BZ0P4R4,INW IM Equity,IT ,EUR,0.828808,,11/18/2025
20251118,A82,Etica Obbligazionario Misto,3321,BXP INC,0.000049585166415,0.0,AZ ,Real Estate,US1011211018,2019479,BXP US Equity,US ,USD,0.828808,,11/18/2025
20251118,A82,Etica Obbligazionario Misto,48675,PRYSMIAN SPA,0.00004872342869,0.0,AZ ,Industrials,IT0004176001,B1W4V69,PRY IM Equity,IT ,EUR,0.828808,,11/18/2025
20251118,A82,Etica Obbligazionario Misto,3245,EDP SA,0.000048631609817,0.0,AZ ,Utilities,PTEDP0AM0009,4103596,EDP PL Equity,PT ,EUR,0.828808,,11/18/2025
20251118,A82,Etica Obbligazionario Misto,3476,A2A SPA,0.000034477334752,0.0,AZ ,Utilities,IT0001233417,5499131,A2A IM Equity,IT ,EUR,0.828808,,11/18/2025
20251118,A82,Etica Obbligazionario Misto,1464,SHISEIDO CO LTD,0.000018701006662,0.0,AZ ,Consumer Staples,JP3351600006,6805265,4911 JP Equity,JP ,JPY,0.828808,,11/18/2025
20251118,A82,Etica Obbligazionario Misto,314765,PIRELLI & C SPA,0.000015463573962,0.0,AZ ,Consumer Discretionary,IT0005278236,BZ5ZHK3,PIRC IM Equity,IT ,EUR,0.828808,,11/18/2025
20251118,A82,Etica Obbligazionario Misto,314764,FRANCE (GOVT OF) FRTR 0 3/4 05/25/28,0.0,0.005338246534842,OB ,SOVEREIGN,FR0013286192,,AP3656380 Govt,FR ,EUR,0.828808,A,11/18/2025
20251118,A82,Etica Obbligazionario Misto,534,APPLE INC,0.0,0.005014024,AZ ,Information Technology,US0378331005,2046251,AAPL US Equity,US ,USD,0.828808,,11/18/2025
20251118,A82,Etica Obbligazionario Misto,195250,FRANCE (GOVT OF) FRTR 2 3/4 10/25/27,0.0,0.005148675302391,OB ,SOVEREIGN,FR0011317783,,EJ3468919 Govt,FR ,EUR,0.828808,A,11/18/2025
20251118,A82,Etica Obbligazionario Misto,254029,FRANCE (GOVT OF) FRTR 1 1/2 05/25/31,0.0,0.005054341325123,OB ,SOVEREIGN,FR0012993103,,UV9949289 Govt,FR ,EUR,0.828808,A,11/18/2025
20251118,A82,Etica Obbligazionario Misto,511224,FRANCE (GOVT OF) FRTR 2 3/4 02/25/29,0.0,0.004929385568476,OB ,SOVEREIGN,FR001400HI98,,ZK2178539 Govt,FR ,EUR,0.828808,A,11/18/2025
20251118,A82,Etica Obbligazionario Misto,568369,FRENCH DISCOUNT T-BILL BTF 0 01/14/26,0.0,0.0061574875,OB ,SOVEREIGN,FR0128983980,,YN8205323 Govt,FR ,EUR,0.828808,A,11/18/2025
20251118,A82,Etica Obbligazionario Misto,51421,FRENCH DISCOUNT T-BILL BTF 0 12/31/25,0.0,0.008525765,OB ,SOVEREIGN,FR0128690742,,YS3714856 Govt,FR ,EUR,0.828808,A,11/18/2025
20251118,A82,Etica Obbligazionario Misto,553272,GERMAN TREASURY BILL BUBILL 0 01/14/26,0.0,0.0062019025,OB ,SOVEREIGN,DE000BU0E246,,YS4477537 Govt,DE ,EUR,0.828808,A,11/18/2025
20251118,A82,Etica Obbligazionario Misto,228114,FRANCE (GOVT OF) FRTR 2 1/2 05/25/30,0.0,0.005867545929575,OB ,SOVEREIGN,FR0011883966,,EK2432749 Govt,FR ,EUR,0.828808,A,11/18/2025
20251118,A82,Etica Obbligazionario Misto,164736,DEBITI COMPENSO REVISIONE,-0.000004311332948,0.0,CD ,CASH,,,DEBITI COMPENSO REVISIONE,5A ,EUR,0.828808,,11/18/2025
20251118,A82,Etica Obbligazionario Misto,164733,DEBITI COMMISSIONE GESTIONE,-0.000012938224407,0.0,CD ,CASH,,,DEBITI COMMISSIONE GESTIONE,5A ,EUR,0.828808,,11/18/2025
20251118,A82,Etica Obbligazionario Misto,164730,DEBITI COMMISSIONE DEPOSITARIA,-0.000091839831309,0.0,CD ,CASH,,,DEBITI COMMISSIONE DEPOSITARIA,5A ,EUR,0.828808,,11/18/2025
20251118,A82,Etica Obbligazionario Misto,172066,ALLINEAMENTO NAV,-0.000865990480144,0.0,OT ,CASH,,,ALLINEAMENTO NAV,5A ,EUR,0.828808,,11/18/2025
20251118,A82,Etica Obbligazionario Misto,179420,DEBITI COMMISSIONE AMMINISTRAZIONE,-0.001880727919073,0.0,CD ,CASH,,,DEBITI COMMISSIONE AMMINISTRAZIONE,5A ,EUR,0.828808,,11/18/2025
20251118,A83,Etica Bilanciato,3458,NVIDIA CORP,0.047614194545457,0.037262621265048,AZ ,Information Technology,US67066G1040,2379504,NVDA US Equity,US ,USD,2.343077,,11/18/2025
20251118,A83,Etica Bilanciato,509810,BUONI POLIENNALI DEL TES BTPS 4 10/30/31,0.025920738040047,0.0,OB ,SOVEREIGN,IT0005542359,,ZK0285476 Govt,IT ,EUR,2.343077,B,11/18/2025
20251118,A83,Etica Bilanciato,335439,FRANCE (GOVT OF) FRTR 0 1/2 06/25/44,0.021432011982141,0.0,OB ,SOVEREIGN,FR0014002JM6,,BO6060129 Govt,FR ,EUR,2.343077,A,11/18/2025
20251118,A83,Etica Bilanciato,5650,BUONI POLIENNALI DEL TES BTPS 3.6 10/01/35,0.019669172046368,0.0,OB ,SOVEREIGN,IT0005648149,,YP9041896 Govt,IT ,EUR,2.343077,B,11/18/2025
20251118,A83,Etica Bilanciato,237713,BUONI POLIENNALI DEL TES BTPS 4 04/30/35,0.017469177902226,0.0,OB ,SOVEREIGN,IT0005508590,,BY8794178 Govt,IT ,EUR,2.343077,B,11/18/2025
20251118,A83,Etica Bilanciato,65876,VISA INC-CLASS A SHARES,0.017202294400745,0.006250444017186,AZ ,Financials,US92826C8394,B2PZN04,V US Equity,US ,USD,2.343077,,11/18/2025
20251118,A83,Etica Bilanciato,45465,MASTERCARD INC - A,0.017121708844967,0.004851903648726,AZ ,Financials,US57636Q1040,B121557,MA US Equity,US ,USD,2.343077,,11/18/2025
20251118,A83,Etica Bilanciato,238905,BONOS Y OBLIG DEL ESTADO SPGB 1.85 07/30/35,0.016608994859085,0.0,OB ,SOVEREIGN,ES0000012E69,,AX4147556 Govt,ES ,EUR,2.343077,A,11/18/2025
20251118,A83,Etica Bilanciato,164954,CAD,0.015440894937511,0.0,LQ ,CASH,,,CAD,CA ,CAD,2.343077,,11/18/2025
20251118,A83,Etica Bilanciato,36611,FRANCE (GOVT OF) FRTR 3.15 07/25/32,0.014428865497922,0.0,OB ,SOVEREIGN,FR0000188799,,EC7356149 Govt,FR ,EUR,2.343077,A,11/18/2025
20251118,A83,Etica Bilanciato,554,ORACLE CORP,0.014020526679174,0.0,AZ ,Information Technology,US68389X1054,2661568,ORCL US Equity,US ,USD,2.343077,,11/18/2025
20251118,A83,Etica Bilanciato,331171,BELGIUM KINGDOM BGB 1 1/4 04/22/33,0.01187898003649,0.0,OB ,SOVEREIGN,BE0000346552,,AQ3876663 Govt,BE ,EUR,2.343077,A,11/18/2025
20251118,A83,Etica Bilanciato,462761,BUNDESREPUB. DEUTSCHLAND DBR 0 08/15/50,0.011802919346451,0.0,OB ,SOVEREIGN,DE0001030724,,BP4742659 Govt,DE ,EUR,2.343077,A,11/18/2025
20251118,A83,Etica Bilanciato,406188,BONOS Y OBLIG DEL ESTADO SPGB 1 07/30/42,0.010836043886913,0.0,OB ,SOVEREIGN,ES0000012J07,,BR3246377 Govt,ES ,EUR,2.343077,A,11/18/2025
20251118,A83,Etica Bilanciato,335725,BUONI POLIENNALI DEL TES BTPS 4.4 05/01/33,0.010822036570448,0.0,OB ,SOVEREIGN,IT0005518128,,BZ9605404 Govt,IT ,EUR,2.343077,B,11/18/2025
20251118,A83,Etica Bilanciato,335961,REPUBLIC OF AUSTRIA RAGB 2.9 02/20/34,0.010813634296966,0.0,OB ,SOVEREIGN,AT0000A39UW5,,ZF4061056 Govt,AT ,EUR,2.343077,A,11/18/2025
20251118,A83,Etica Bilanciato,164727,USD,0.010483588111144,0.0,LQ ,CASH,,,USD,US ,USD,2.343077,,11/18/2025
20251118,A83,Etica Bilanciato,128682,BUONI POLIENNALI DEL TES BTPS 3.85 02/01/35,0.01025533076665,0.0,OB ,SOVEREIGN,IT0005607970,,YW6730231 Govt,IT ,EUR,2.343077,B,11/18/2025
20251118,A83,Etica Bilanciato,510744,BUNDESREPUB. DEUTSCHLAND DBR 2.3 02/15/33,0.010093299504945,0.0,OB ,SOVEREIGN,DE000BU3Z005,,ZK3512736 Govt,DE ,EUR,2.343077,A,11/18/2025
20251118,A83,Etica Bilanciato,201018,ABBVIE INC,0.010034381684069,0.0,AZ ,Health Care,US00287Y1091,B92SR70,ABBV US Equity,US ,USD,2.343077,,11/18/2025
20251118,A83,Etica Bilanciato,406148,AGENCE FRANCAISE DEVELOP AGFRNC 0.01 11/25/28,0.009784273601317,0.0,OB ,Quasi & Foreign Government,FR0014003YN1,,BP9619894 Govt,FR ,EUR,2.343077,A,11/18/2025
20251118,A83,Etica Bilanciato,560705,FRANCE (GOVT OF) FRTR 2.7 02/25/31,0.009660972581907,0.0,OB ,SOVEREIGN,FR001400Z2L7,,YP4842306 Govt,FR ,EUR,2.343077,A,11/18/2025
20251118,A83,Etica Bilanciato,164724,GBP,0.008811004970687,0.0,LQ ,CASH,,,GBP,GB ,GBP,2.343077,,11/18/2025
20251118,A83,Etica Bilanciato,577,APPLIED MATERIALS INC,0.008260310757479,0.0,AZ ,Information Technology,US0382221051,2046552,AMAT US Equity,US ,USD,2.343077,,11/18/2025
20251118,A83,Etica Bilanciato,510414,REPUBLIC OF AUSTRIA RAGB 2.9 05/23/29,0.008213748436903,0.0,OB ,SOVEREIGN,AT0000A33SH3,,ZK2454146 Govt,AT ,EUR,2.343077,A,11/18/2025
20251118,A83,Etica Bilanciato,427,PROCTER & GAMBLE CO/THE,0.008049436209305,0.0,AZ ,Consumer Staples,US7427181091,2704407,PG US Equity,US ,USD,2.343077,,11/18/2025
20251118,A83,Etica Bilanciato,300,HOME DEPOT INC,0.007936203626836,0.0,AZ ,Consumer Discretionary,US4370761029,2434209,HD US Equity,US ,USD,2.343077,,11/18/2025
20251118,A83,Etica Bilanciato,2839,ASML HOLDING NV,0.007214748862734,0.0,AZ ,Information Technology,NL0010273215,B929F46,ASML NA Equity,NL ,EUR,2.343077,,11/18/2025
20251118,A83,Etica Bilanciato,222389,MONCLER SPA,0.007208441426374,0.0,AZ ,Consumer Discretionary,IT0004965148,BGLP232,MONC IM Equity,IT ,EUR,2.343077,,11/18/2025
20251118,A83,Etica Bilanciato,292486,FRANCE (GOVT OF) FRTR 1 3/4 06/25/39,0.007161949128842,0.0,OB ,SOVEREIGN,FR0013234333,,AL9974240 Govt,FR ,EUR,2.343077,A,11/18/2025
20251118,A83,Etica Bilanciato,442342,BUNDESREPUB. DEUTSCHLAND DBR 0 08/15/30,0.007145063426858,0.0,OB ,SOVEREIGN,DE0001030708,,ZO2919926 Govt,DE ,EUR,2.343077,A,11/18/2025
20251118,A83,Etica Bilanciato,480,TEXAS INSTRUMENTS INC,0.007133350387062,0.0,AZ ,Information Technology,US8825081040,2885409,TXN US Equity,US ,USD,2.343077,,11/18/2025
20251118,A83,Etica Bilanciato,221482,SERVICENOW INC,0.006855485695272,0.0,AZ ,Information Technology,US81762P1021,B80NXX8,NOW US Equity,US ,USD,2.343077,,11/18/2025
20251118,A83,Etica Bilanciato,454914,BUONI POLIENNALI DEL TES BTPS 1 1/2 04/30/45,0.006675458606411,0.0,OB ,SOVEREIGN,IT0005438004,,BO3833387 Govt,IT ,EUR,2.343077,B,11/18/2025
20251118,A83,Etica Bilanciato,756,QUALCOMM INC,0.006592795702086,0.0,AZ ,Information Technology,US7475251036,2714923,QCOM US Equity,US ,USD,2.343077,,11/18/2025
20251118,A83,Etica Bilanciato,423,NEW LINDE PLC,0.006471058950204,0.0,AZ ,Materials,IE000S9YS762,BNZHB81,LIN US Equity,US ,USD,2.343077,,11/18/2025
20251118,A83,Etica Bilanciato,23568,SALESFORCE INC,0.006390987575422,0.0,AZ ,Information Technology,US79466L3024,2310525,CRM US Equity,US ,USD,2.343077,,11/18/2025
20251118,A83,Etica Bilanciato,216,DEERE & CO,0.006157947203801,0.0,AZ ,Industrials,US2441991054,2261203,DE US Equity,US ,USD,2.343077,,11/18/2025
20251118,A83,Etica Bilanciato,2703,LONZA GROUP AG-REG,0.00615624322335,0.0,AZ ,Health Care,CH0013841017,7333378,LONN SW Equity,CH ,CHF,2.343077,,11/18/2025
20251118,A83,Etica Bilanciato,214,DANAHER CORP,0.00599314918836,0.0,AZ ,Health Care,US2358511028,2250870,DHR US Equity,US ,USD,2.343077,,11/18/2025
20251118,A83,Etica Bilanciato,363,MERCK & CO. INC.,0.00598615587414,0.0,AZ ,Health Care,US58933Y1055,2778844,MRK US Equity,US ,USD,2.343077,,11/18/2025
20251118,A83,Etica Bilanciato,705,LAM RESEARCH CORP,0.005964087546717,0.0,AZ ,Information Technology,US5128073062,BSML4N7,LRCX US Equity,US ,USD,2.343077,,11/18/2025
20251118,A83,Etica Bilanciato,360,MEDTRONIC PLC,0.005937172758406,0.0,AZ ,Health Care,IE00BTN1Y115,BTN1Y11,MDT US Equity,US ,USD,2.343077,,11/18/2025
20251118,A83,Etica Bilanciato,1706,TELECOM ITALIA SPA,0.005815501603219,0.0,AZ ,Communication Services,IT0003497168,7634394,TIT IM Equity,IT ,EUR,2.343077,,11/18/2025
20251118,A83,Etica Bilanciato,237094,BONOS Y OBLIG DEL ESTADO SPGB 3.45 07/30/66,0.005799480948397,0.0,OB ,SOVEREIGN,ES00000128E2,,LW0882867 Govt,ES ,EUR,2.343077,A,11/18/2025
20251118,A83,Etica Bilanciato,164953,AUD,0.005719557800781,0.0,LQ ,CASH,,,AUD,AU ,AUD,2.343077,,11/18/2025
20251118,A83,Etica Bilanciato,556680,FRANCE (GOVT OF) FRTR 3.2 05/25/35,0.005553310750961,0.0,OB ,SOVEREIGN,FR001400X8V5,,YR1561277 Govt,FR ,EUR,2.343077,A,11/18/2025
20251118,A83,Etica Bilanciato,358,S&P GLOBAL INC,0.005524442758123,0.0,AZ ,Financials,US78409V1044,BYV2325,SPGI US Equity,US ,USD,2.343077,,11/18/2025
20251118,A83,Etica Bilanciato,504096,NEDER WATERSCHAPSBANK NEDWBK 2 3/4 12/17/29,0.005475690304356,0.0,OB ,Quasi & Foreign Government,XS2579321337,,ZM4811604 Govt,NL ,EUR,2.343077,A,11/18/2025
20251118,A83,Etica Bilanciato,542,CISCO SYSTEMS INC,0.005437905899347,0.0,AZ ,Information Technology,US17275R1023,2198163,CSCO US Equity,US ,USD,2.343077,,11/18/2025
20251118,A83,Etica Bilanciato,100,ABBOTT LABORATORIES,0.005206146265651,0.0,AZ ,Health Care,US0028241000,2002305,ABT US Equity,US ,USD,2.343077,,11/18/2025
20251118,A83,Etica Bilanciato,1821,INTUIT INC,0.005184405366426,0.0,AZ ,Information Technology,US4612021034,2459020,INTU US Equity,US ,USD,2.343077,,11/18/2025
20251118,A83,Etica Bilanciato,212406,BUONI POLIENNALI DEL TES BTPS 2 1/2 12/01/32,0.005174555534015,0.0,OB ,SOVEREIGN,IT0005494239,,BW1525672 Govt,IT ,EUR,2.343077,B,11/18/2025
20251118,A83,Etica Bilanciato,2706,TRANE TECHNOLOGIES PLC,0.005056486073149,0.0,AZ ,Industrials,IE00BK9ZQ967,BK9ZQ96,TT US Equity,US ,USD,2.343077,,11/18/2025
20251118,A83,Etica Bilanciato,533,AMGEN INC,0.004996940646743,0.0,AZ ,Health Care,US0311621009,2023607,AMGN US Equity,US ,USD,2.343077,,11/18/2025
20251118,A83,Etica Bilanciato,4289,CRH PLC,0.004789751814196,0.0,SE ,Materials,IE0001827041,182704,CRH LN Equity,US ,USD,2.343077,,11/18/2025
20251118,A83,Etica Bilanciato,459171,EUROPEAN UNION EU 0.2 06/04/36,0.004766461354344,0.0,OB ,Quasi & Foreign Government,EU000A3KM903,,BO4675365 Govt,SNA,EUR,2.343077,A,11/18/2025
20251118,A83,Etica Bilanciato,497,UNION PACIFIC CORP,0.004763947172211,0.0,AZ ,Industrials,US9078181081,2914734,UNP US Equity,US ,USD,2.343077,,11/18/2025
20251118,A83,Etica Bilanciato,294625,BONOS Y OBLIG DEL ESTADO SPGB 2.35 07/30/33,0.004732970682443,0.0,OB ,SOVEREIGN,ES00000128Q6,,AM6067459 Govt,ES ,EUR,2.343077,A,11/18/2025
20251118,A83,Etica Bilanciato,30976,NABTESCO CORP,0.004718069465578,0.0,AZ ,Industrials,JP3651210001,6687571,6268 JP Equity,JP ,JPY,2.343077,,11/18/2025
20251118,A83,Etica Bilanciato,212348,EDP SA EDPPL 1 1/2 03/14/2082,0.004698511829976,0.0,OB ,UTILITY,PTEDPXOM0021,,BR3181418 Corp,PT ,EUR,2.343077,C,11/18/2025
20251118,A83,Etica Bilanciato,549,INTEL CORP,0.004599023426246,0.0,AZ ,Information Technology,US4581401001,2463247,INTC US Equity,US ,USD,2.343077,,11/18/2025
20251118,A83,Etica Bilanciato,498660,KONINKLIJKE KPN NV KPN 6 PERP,0.004560567215678,0.0,OB ,INDUSTRIAL,XS2486270858,,BZ0016577 Corp,NL ,EUR,2.343077,C,11/18/2025
20251118,A83,Etica Bilanciato,164723,EUR,0.0043742192792,0.0,LQ ,CASH,,,EUR,5A ,EUR,2.343077,,11/18/2025
20251118,A83,Etica Bilanciato,3092,MTR CORP,0.004315581836071,0.0,AZ ,Industrials,HK0066009694,6290054,66 HK Equity,HK ,HKD,2.343077,,11/18/2025
20251118,A83,Etica Bilanciato,504092,EDP SA EDPPL 5.943 04/23/2083,0.004311564556755,0.0,OB ,UTILITY,PTEDP4OM0025,,ZM4793893 Corp,PT ,EUR,2.343077,C,11/18/2025
20251118,A83,Etica Bilanciato,348394,KNORR-BREMSE AG,0.004263457011999,0.0,AZ ,Industrials,DE000KBX1006,BD2P9X9,KBX GR Equity,DE ,EUR,2.343077,,11/18/2025
20251118,A83,Etica Bilanciato,53583,LOGITECH INTERNATIONAL,0.004240820784519,0.0,SE ,Information Technology,CH0025751329,B1921K0,LOGI US Equity,CH ,CHF,2.343077,,11/18/2025
20251118,A83,Etica Bilanciato,149,VERIZON COMMUNICATIONS INC,0.004221032878288,0.0,AZ ,Communication Services,US92343V1044,2090571,VZ US Equity,US ,USD,2.343077,,11/18/2025
20251118,A83,Etica Bilanciato,559,STRYKER CORP,0.004211579481757,0.0,AZ ,Health Care,US8636671013,2853688,SYK UN Equity,US ,USD,2.343077,,11/18/2025
20251118,A83,Etica Bilanciato,1258,KAO CORP,0.004204885715554,0.0,AZ ,Consumer Staples,JP3205800000,6483809,4452 JP Equity,JP ,JPY,2.343077,,11/18/2025
20251118,A83,Etica Bilanciato,49402,SARTORIUS STEDIM BIOTECH,0.004197537701114,0.0,AZ ,Health Care,FR0013154002,BYZ2QP5,DIM FP Equity,FR ,EUR,2.343077,,11/18/2025
20251118,A83,Etica Bilanciato,486,TJX COMPANIES INC,0.0041805246821,0.0,AZ ,Consumer Discretionary,US8725401090,2989301,TJX US Equity,US ,USD,2.343077,,11/18/2025
20251118,A83,Etica Bilanciato,191474,PALO ALTO NETWORKS INC,0.004148593571096,0.0,AZ ,Information Technology,US6974351057,B87ZMX0,PANW US Equity,US ,USD,2.343077,,11/18/2025
20251118,A83,Etica Bilanciato,335820,BONOS Y OBLIG DEL ESTADO SPGB 3.55 10/31/33,0.00413149982013,0.0,OB ,SOVEREIGN,ES0000012L78,,ZK9078195 Govt,ES ,EUR,2.343077,A,11/18/2025
20251118,A83,Etica Bilanciato,133,AUTOMATIC DATA PROCESSING,0.004131316652834,0.0,AZ ,Industrials,US0530151036,2065308,ADP US Equity,US ,USD,2.343077,,11/18/2025
20251118,A83,Etica Bilanciato,1285,KUBOTA CORP,0.004021358061492,0.0,AZ ,Industrials,JP3266400005,6497509,6326 JT Equity,JP ,JPY,2.343077,,11/18/2025
20251118,A83,Etica Bilanciato,1288,KURITA WATER INDUSTRIES LTD,0.004021335718213,0.0,AZ ,Industrials,JP3270000007,6497963,6370 JP Equity,JP ,JPY,2.343077,,11/18/2025
20251118,A83,Etica Bilanciato,335524,AGENCE FRANCAISE DEVELOP AGFRNC 0 1/8 09/29/31,0.003991144871029,0.0,OB ,Quasi & Foreign Government,FR0014005NA6,,BR5562094 Govt,FR ,EUR,2.343077,A,11/18/2025
20251118,A83,Etica Bilanciato,1619,LOREAL SA,0.003979290981316,0.0,AZ ,Consumer Staples,FR0000120321,4057808,OR FP Equity,FR ,EUR,2.343077,,11/18/2025
20251118,A83,Etica Bilanciato,783,SYNOPSYS INC,0.003976661819874,0.0,AZ ,Information Technology,US8716071076,2867719,SNPS US Equity,US ,USD,2.343077,,11/18/2025
20251118,A83,Etica Bilanciato,670,WELLTOWER INC,0.003857820957951,0.0,AZ ,Real Estate,US95040Q1040,BYVYHH4,WELL US Equity,US ,USD,2.343077,,11/18/2025
20251118,A83,Etica Bilanciato,397638,PROSUS NV,0.003814993963014,0.0,AZ ,Consumer Discretionary,NL0013654783,BJDS7L3,PRX NA Equity,NL ,EUR,2.343077,,11/18/2025
20251118,A83,Etica Bilanciato,40461,VERTEX PHARMACEUTICALS INC,0.00377878576134,0.0,AZ ,Health Care,US92532F1003,2931034,VRTX US Equity,US ,USD,2.343077,,11/18/2025
20251118,A83,Etica Bilanciato,1734,NOKIA OYJ,0.003755749174025,0.0,AZ ,Information Technology,FI0009000681,5902941,NOKIA FH Equity,FI ,EUR,2.343077,,11/18/2025
20251118,A83,Etica Bilanciato,454,SONY GROUP CORP,0.003710984257893,0.0,AZ ,Consumer Discretionary,JP3435000009,6821506,6758 JP Equity,JP ,JPY,2.343077,,11/18/2025
20251118,A83,Etica Bilanciato,159,BOSTON SCIENTIFIC CORP,0.003710207319933,0.0,AZ ,Health Care,US1011371077,2113434,BSX US Equity,US ,USD,2.343077,,11/18/2025
20251118,A83,Etica Bilanciato,667,GILEAD SCIENCES INC,0.003680421919978,0.0,AZ ,Health Care,US3755581036,2369174,GILD US Equity,US ,USD,2.343077,,11/18/2025
20251118,A83,Etica Bilanciato,236196,IMCD NV,0.003670724423781,0.0,AZ ,Industrials,NL0010801007,BNCBD46,IMCD NA Equity,NL ,EUR,2.343077,,11/18/2025
20251118,A83,Etica Bilanciato,2088,SAP SE,0.003668273405702,0.0,AZ ,Information Technology,DE0007164600,4846288,SAP GY Equity,DE ,EUR,2.343077,,11/18/2025
20251118,A83,Etica Bilanciato,125,ANALOG DEVICES INC,0.003641252681161,0.0,AZ ,Information Technology,US0326541051,2032067,ADI US Equity,US ,USD,2.343077,,11/18/2025
20251118,A83,Etica Bilanciato,2955,VOESTALPINE AG,0.003612347384301,0.0,AZ ,Materials,AT0000937503,4943402,VOE AV Equity,AT ,EUR,2.343077,,11/18/2025
20251118,A83,Etica Bilanciato,1658,ATLAS COPCO AB-A SHS,0.003572832900834,0.0,AZ ,Industrials,SE0017486889,BLDBN41,ATCOA SS Equity,SE ,SEK,2.343077,,11/18/2025
20251118,A83,Etica Bilanciato,128479,BELGIUM KINGDOM BGB 3.3 06/22/54,0.003558215911635,0.0,OB ,SOVEREIGN,BE0000358672,,ZL0747895 Govt,BE ,EUR,2.343077,A,11/18/2025
20251118,A83,Etica Bilanciato,531,ADOBE INC,0.003537446085704,0.0,AZ ,Information Technology,US00724F1012,2008154,ADBE US Equity,US ,USD,2.343077,,11/18/2025
20251118,A83,Etica Bilanciato,2170,DSV A/S,0.003527087529875,0.0,AZ ,Industrials,DK0060079531,B1WT5G2,DSV DC Equity,DK ,DKK,2.343077,,11/18/2025
20251118,A83,Etica Bilanciato,18091,PROLOGIS INC,0.003501951853605,0.0,AZ ,Real Estate,US74340W1036,B44WZD7,PLD UN Equity,US ,USD,2.343077,,11/18/2025
20251118,A83,Etica Bilanciato,1404,OBAYASHI CORP,0.003454168807302,0.0,AZ ,Industrials,JP3190000004,6656407,1802 JP Equity,JP ,JPY,2.343077,,11/18/2025
20251118,A83,Etica Bilanciato,414446,TELEFONICA EUROPE BV TELEFO 2.502 PERP,0.00342860695876,0.0,OB ,INDUSTRIAL,XS2109819859,,ZP7077248 Corp,ES ,EUR,2.343077,C,11/18/2025
20251118,A83,Etica Bilanciato,4264,AUTODESK INC,0.003411039339891,0.0,AZ ,Information Technology,US0527691069,2065159,ADSK US Equity,US ,USD,2.343077,,11/18/2025
20251118,A83,Etica Bilanciato,1545,TOTO LTD,0.003388696060567,0.0,AZ ,Industrials,JP3596200000,6897466,5332 JP Equity,JP ,JPY,2.343077,,11/18/2025
20251118,A83,Etica Bilanciato,392,NOVO NORDISK A/S-B,0.003302163760349,0.0,AZ ,Health Care,DK0062498333,BP6KMJ1,NOVOB DC Equity,DK ,DKK,2.343077,,11/18/2025
20251118,A83,Etica Bilanciato,233530,ZALANDO SE,0.003298838123195,0.0,AZ ,Consumer Discretionary,DE000ZAL1111,BQV0SV7,ZAL GR Equity,DE ,EUR,2.343077,,11/18/2025
20251118,A83,Etica Bilanciato,3760,ABB LTD,0.003295079793232,0.0,AZ ,Industrials,CH0012221716,7108899,ABBN SW Equity,CH ,CHF,2.343077,,11/18/2025
20251118,A83,Etica Bilanciato,2566,UNITED PARCEL SERVICE-CL B,0.003292449140475,0.0,AZ ,Industrials,US9113121068,2517382,UPS US Equity,US ,USD,2.343077,,11/18/2025
20251118,A83,Etica Bilanciato,3033,STMICROELECTRONICS NV,0.003225974209082,0.0,SE ,Information Technology,NL0000226223,5962343,STMMI IM Equity,FR ,EUR,2.343077,,11/18/2025
20251118,A83,Etica Bilanciato,2489,LENOVO GROUP LTD,0.003165979907517,0.0,AZ ,Information Technology,HK0992009065,6218089,992 HK Equity,CN ,CNY,2.343077,,11/18/2025
20251118,A83,Etica Bilanciato,3014,ANHEUSER-BUSCH INBEV SA/NV,0.003130376280608,0.0,AZ ,Consumer Staples,BE0974293251,BYYHL23,ABI BB Equity,BE ,EUR,2.343077,,11/18/2025
20251118,A83,Etica Bilanciato,424846,OTIS WORLDWIDE CORP,0.003127157626776,0.0,AZ ,Industrials,US68902V1070,BK531S8,OTIS US Equity,US ,USD,2.343077,,11/18/2025
20251118,A83,Etica Bilanciato,344,LOWE'S COS INC,0.003099041198394,0.0,AZ ,Consumer Discretionary,US5486611073,2536763,LOW US Equity,US ,USD,2.343077,,11/18/2025
20251118,A83,Etica Bilanciato,1337,MURATA MANUFACTURING CO LTD,0.003035392562271,0.0,AZ ,Information Technology,JP3914400001,6610403,6981 JP Equity,JP ,JPY,2.343077,,11/18/2025
20251118,A83,Etica Bilanciato,23355,RALPH LAUREN CORP,0.003023793851317,0.0,AZ ,Consumer Discretionary,US7512121010,B4V9661,RL US Equity,US ,USD,2.343077,,11/18/2025
20251118,A83,Etica Bilanciato,520,WESTERN DIGITAL CORP,0.002991477198435,0.0,AZ ,Information Technology,US9581021055,2954699,WDC US Equity,US ,USD,2.343077,,11/18/2025
20251118,A83,Etica Bilanciato,1609,ESSILORLUXOTTICA,0.002978553110593,0.0,AZ ,Health Care,FR0000121667,7212477,EL FP Equity,FR ,EUR,2.343077,,11/18/2025
20251118,A83,Etica Bilanciato,1340,NEC CORP,0.002928925868524,0.0,AZ ,Information Technology,JP3733000008,6640400,6701 JP Equity,JP ,JPY,2.343077,,11/18/2025
20251118,A83,Etica Bilanciato,232,ECOLAB INC,0.002907136760699,0.0,AZ ,Materials,US2788651006,2304227,ECL US Equity,US ,USD,2.343077,,11/18/2025
20251118,A83,Etica Bilanciato,1790,CHINA OVERSEAS LAND & INVEST,0.002883816284171,0.0,AZ ,Real Estate,HK0688002218,6192150,688 HK Equity,CN ,CNY,2.343077,,11/18/2025
20251118,A83,Etica Bilanciato,236299,VONOVIA SE,0.002848487461088,0.0,AZ ,Real Estate,DE000A1ML7J1,BBJPFY1,VNA GR Equity,DE ,EUR,2.343077,,11/18/2025
20251118,A83,Etica Bilanciato,3013,NOVARTIS AG,0.002840963889289,0.0,AZ ,Health Care,CH0012005267,7103065,NOVN SW Equity,CH ,CHF,2.343077,,11/18/2025
20251118,A83,Etica Bilanciato,3011,DEUTSCHE TELEKOM AG,0.002801291395208,0.0,AZ ,Communication Services,DE0005557508,5842359,DTE GR Equity,DE ,EUR,2.343077,,11/18/2025
20251118,A83,Etica Bilanciato,471,TDK CORP,0.002799572903525,0.0,AZ ,Information Technology,JP3538800008,6869302,6762 JP Equity,JP ,JPY,2.343077,,11/18/2025
20251118,A83,Etica Bilanciato,1714,SKF AB-B SHARES,0.002785644441649,0.0,AZ ,Industrials,SE0000108227,B1Q3J35,SKFB SS Equity,SE ,SEK,2.343077,,11/18/2025
20251118,A83,Etica Bilanciato,239153,BUNDESREPUB. DEUTSCHLAND DBR 0 08/15/31,0.002779778942132,0.0,OB ,SOVEREIGN,DE0001030732,,BR2433760 Govt,DE ,EUR,2.343077,A,11/18/2025
20251118,A83,Etica Bilanciato,411899,Etica Sustainable Global Equity - Class S,0.002772576875575,0.0,FO ,No Sector,LU2052491334,,MUSGESE LX Equity,DEV,MUL,2.343077,,11/18/2025
20251118,A83,Etica Bilanciato,1526,TOKYO ELECTRON LTD,0.002767155581609,0.0,AZ ,Information Technology,JP3571400005,6895675,8035 JP Equity,JP ,JPY,2.343077,,11/18/2025
20251118,A83,Etica Bilanciato,4223,COLGATE-PALMOLIVE CO,0.002735440885758,0.0,AZ ,Consumer Staples,US1941621039,2209106,CL US Equity,US ,USD,2.343077,,11/18/2025
20251118,A83,Etica Bilanciato,302,HONDA MOTOR CO LTD,0.002660265105924,0.0,AZ ,Consumer Discretionary,JP3854600008,6435145,7267 JP Equity,JP ,JPY,2.343077,,11/18/2025
20251118,A83,Etica Bilanciato,166783,XYLEM INC,0.002659812476035,0.0,AZ ,Industrials,US98419M1009,B3P2CN8,XYL US Equity,US ,USD,2.343077,,11/18/2025
20251118,A83,Etica Bilanciato,565111,BONOS Y OBLIG DEL ESTADO SPGB 3.2 10/31/35,0.002646364661726,0.0,OB ,SOVEREIGN,ES0000012P33,,YO9201485 Govt,ES ,EUR,2.343077,A,11/18/2025
20251118,A83,Etica Bilanciato,57392,EQUINIX INC,0.002533928245658,0.0,AZ ,Real Estate,US29444U7000,BVLZX12,EQIX US Equity,US ,USD,2.343077,,11/18/2025
20251118,A83,Etica Bilanciato,344928,IRELAND GOVERNMENT BOND IRISH 1.35 03/18/31,0.002525138653413,0.0,OB ,SOVEREIGN,IE00BFZRQ242,,AU9204705 Govt,IE ,EUR,2.343077,A,11/18/2025
20251118,A83,Etica Bilanciato,1575,ASTELLAS PHARMA INC,0.002497853188776,0.0,AZ ,Health Care,JP3942400007,6985383,4503 JP Equity,JP ,JPY,2.343077,,11/18/2025
20251118,A83,Etica Bilanciato,184644,ZOETIS INC,0.002434498764724,0.0,AZ ,Health Care,US98978V1035,B95WG16,ZTS US Equity,US ,USD,2.343077,,11/18/2025
20251118,A83,Etica Bilanciato,514999,BUNDESREPUB. DEUTSCHLAND DBR 1.8 08/15/53,0.002433020935279,0.0,OB ,SOVEREIGN,DE0001030757,,ZK9574730 Govt,DE ,EUR,2.343077,A,11/18/2025
20251118,A83,Etica Bilanciato,405921,Etica Sustainable Dynamic Allocation - Class S,0.002403286224157,0.0,FO ,No Sector,LU2052490872,,MUSDASE LX Equity,DEV,MUL,2.343077,,11/18/2025
20251118,A83,Etica Bilanciato,405936,CARRIER GLOBAL CORP,0.002397798936869,0.0,AZ ,Industrials,US14448C1045,BK4N0D7,CARR US Equity,US ,USD,2.343077,,11/18/2025
20251118,A83,Etica Bilanciato,1146,BRIDGESTONE CORP,0.002394410447673,0.0,AZ ,Consumer Discretionary,JP3830800003,6132101,5108 JP Equity,JP ,JPY,2.343077,,11/18/2025
20251118,A83,Etica Bilanciato,17897,SK HYNIX INC,0.002387679070723,0.0,AZ ,Information Technology,KR7000660001,6450267,000660 KS Equity,KR ,KRW,2.343077,,11/18/2025
20251118,A83,Etica Bilanciato,164963,SGD,0.002384568241063,0.0,LQ ,CASH,,,SGD,SG ,SGD,2.343077,,11/18/2025
20251118,A83,Etica Bilanciato,2831,BREMBO N.V.,0.002365344733999,0.0,AZ ,Consumer Discretionary,NL0015001KT6,BSMM753,BRE IM Equity,IT ,EUR,2.343077,,11/18/2025
20251118,A83,Etica Bilanciato,23406,IBIDEN CO LTD,0.002363676254243,0.0,AZ ,Information Technology,JP3148800000,6456102,4062 JP Equity,JP ,JPY,2.343077,,11/18/2025
20251118,A83,Etica Bilanciato,1040,TATE & LYLE PLC,0.00235766329966,0.0,AZ ,Consumer Staples,GB00BP92CJ43,BP92CJ4,TATE LN Equity,GB ,GBP,2.343077,,11/18/2025
20251118,A83,Etica Bilanciato,49977,TE CONNECTIVITY PLC,0.002341736994293,0.0,AZ ,Information Technology,IE000IVNQZ81,BRC3N84,TEL US Equity,US ,USD,2.343077,,11/18/2025
20251118,A83,Etica Bilanciato,504076,TELEFONICA EUROPE BV TELEFO 6.135 PERP,0.002315405436965,0.0,OB ,INDUSTRIAL,XS2582389156,,ZM6546588 Corp,ES ,EUR,2.343077,C,11/18/2025
20251118,A83,Etica Bilanciato,2867,DARDEN RESTAURANTS INC,0.002227368304986,0.0,AZ ,Consumer Discretionary,US2371941053,2289874,DRI UN Equity,US ,USD,2.343077,,11/18/2025
20251118,A83,Etica Bilanciato,1457,SHIMIZU CORP,0.002199979997805,0.0,AZ ,Industrials,JP3358800005,6804400,1803 JP Equity,JP ,JPY,2.343077,,11/18/2025
20251118,A83,Etica Bilanciato,4266,MCCORMICK & CO-NON VTG SHRS,0.002194237277913,0.0,AZ ,Consumer Staples,US5797802064,2550161,MKC UN Equity,US ,USD,2.343077,,11/18/2025
20251118,A83,Etica Bilanciato,188,THE CIGNA GROUP,0.002191174461184,0.0,AZ ,Health Care,US1255231003,BHJ0775,CI US Equity,US ,USD,2.343077,,11/18/2025
20251118,A83,Etica Bilanciato,405993,SSE PLC SSELN 3 1/8 PERP,0.002132608183382,0.0,OB ,UTILITY,XS2195190520,,BK2936866 Corp,GB ,EUR,2.343077,B,11/18/2025
20251118,A83,Etica Bilanciato,534121,TERNA RETE ELETTRICA TRNIM 4 3/4 PERP,0.002127776688526,0.0,OB ,UTILITY,XS2798269069,,ZB2049300 Corp,IT ,EUR,2.343077,B,11/18/2025
20251118,A83,Etica Bilanciato,3065,ELEVANCE HEALTH INC,0.002127542234811,0.0,AZ ,Health Care,US0367521038,BSPHGL4,ELV US Equity,US ,USD,2.343077,,11/18/2025
20251118,A83,Etica Bilanciato,1001,PERSIMMON PLC,0.002081859652433,0.0,AZ ,Consumer Discretionary,GB0006825383,682538,PSN LN Equity,GB ,GBP,2.343077,,11/18/2025
20251118,A83,Etica Bilanciato,100272,AMERICAN WATER WORKS CO INC,0.002081076114612,0.0,AZ ,Utilities,US0304201033,B2R3PV1,AWK US Equity,US ,USD,2.343077,,11/18/2025
20251118,A83,Etica Bilanciato,148,BECTON DICKINSON AND CO,0.002065126038111,0.0,AZ ,Health Care,US0758871091,2087807,BDX US Equity,US ,USD,2.343077,,11/18/2025
20251118,A83,Etica Bilanciato,651,EXPEDITORS INTL WASH INC,0.002049828935354,0.0,AZ ,Industrials,US3021301094,2325507,EXPD US Equity,US ,USD,2.343077,,11/18/2025
20251118,A83,Etica Bilanciato,239132,REPUBLIKA SLOVENIJA SLOREP 0 1/8 07/01/31,0.002036958027162,0.0,OB ,SOVEREIGN,SI0002104196,,BQ1964585 Govt,SI ,EUR,2.343077,A,11/18/2025
20251118,A83,Etica Bilanciato,88166,REXEL SA,0.001985635186676,0.0,AZ ,Industrials,FR0010451203,B1VP0K0,RXL FP Equity,FR ,EUR,2.343077,,11/18/2025
20251118,A83,Etica Bilanciato,389755,Etica Sustainable Conservative Allocation - Class S,0.001951059625614,0.0,FO ,No Sector,LU2052490286,,MUSCASS LX Equity,5A ,EUR,2.343077,,11/18/2025
20251118,A83,Etica Bilanciato,336777,ULTA BEAUTY INC,0.001915476914126,0.0,AZ ,Consumer Discretionary,US90384S3031,B28TS42,ULTA UW Equity,US ,USD,2.343077,,11/18/2025
20251118,A83,Etica Bilanciato,469,SYSCO CORP,0.001913435066273,0.0,AZ ,Consumer Staples,US8718291078,2868165,SYY US Equity,US ,USD,2.343077,,11/18/2025
20251118,A83,Etica Bilanciato,3119,INTERPUMP GROUP SPA,0.00189859532119,0.0,AZ ,Industrials,IT0001078911,5161407,IP IM Equity,IT ,EUR,2.343077,,11/18/2025
20251118,A83,Etica Bilanciato,318,INTL FLAVORS & FRAGRANCES,0.0018977493068,0.0,AZ ,Materials,US4595061015,2464165,IFF US Equity,US ,USD,2.343077,,11/18/2025
20251118,A83,Etica Bilanciato,2658,ASSA ABLOY AB-B,0.001841479600812,0.0,AZ ,Industrials,SE0007100581,BYPC1T4,ASSAB SS Equity,SE ,SEK,2.343077,,11/18/2025
20251118,A83,Etica Bilanciato,51209,TELEFONICA EUROPE BV TELEFO 7 1/8 PERP,0.001833704694884,0.0,OB ,INDUSTRIAL,XS2462605671,,ZN3747385 Corp,ES ,EUR,2.343077,C,11/18/2025
20251118,A83,Etica Bilanciato,432910,SSE PLC SSELN 3.74 PERP,0.001833314277147,0.0,OB ,UTILITY,XS2195190876,,BK2909863 Corp,GB ,GBP,2.343077,B,11/18/2025
20251118,A83,Etica Bilanciato,4275,HASBRO INC,0.001822812158477,0.0,AZ ,Consumer Discretionary,US4180561072,2414580,HAS US Equity,US ,USD,2.343077,,11/18/2025
20251118,A83,Etica Bilanciato,3371,ERG SPA,0.001822577530247,0.0,AZ ,Utilities,IT0001157020,5337093,ERG IM Equity,IT ,EUR,2.343077,,11/18/2025
20251118,A83,Etica Bilanciato,164955,CHF,0.001797220864402,0.0,LQ ,CASH,,,CHF,CH ,CHF,2.343077,,11/18/2025
20251118,A83,Etica Bilanciato,44974,LEGRAND SA,0.001795109141579,0.0,AZ ,Industrials,FR0010307819,B11ZRK9,LR FP Equity,FR ,EUR,2.343077,,11/18/2025
20251118,A83,Etica Bilanciato,1088,ORICA LTD,0.00178947962411,0.0,AZ ,Materials,AU000000ORI1,6458001,ORI AU Equity,AU ,AUD,2.343077,,11/18/2025
20251118,A83,Etica Bilanciato,349,MASCO CORP,0.001777971967969,0.0,AZ ,Industrials,US5745991068,2570200,MAS US Equity,US ,USD,2.343077,,11/18/2025
20251118,A83,Etica Bilanciato,366,MICRON TECHNOLOGY INC,0.00176558392845,0.0,AZ ,Information Technology,US5951121038,2588184,MU US Equity,US ,USD,2.343077,,11/18/2025
20251118,A83,Etica Bilanciato,276440,DELL TECHNOLOGIES -C,0.001749980619644,0.0,AZ ,Information Technology,US24703L2025,BHKD3S6,DELL US Equity,US ,USD,2.343077,,11/18/2025
20251118,A83,Etica Bilanciato,19461,DICK'S SPORTING GOODS INC,0.001741003454908,0.0,AZ ,Consumer Discretionary,US2533931026,2969637,DKS US Equity,US ,USD,2.343077,,11/18/2025
20251118,A83,Etica Bilanciato,336003,TELEFONICA EUROPE BV TELEFO 5.7522 PERP,0.00172451195712,0.0,OB ,INDUSTRIAL,XS2755535577,,ZD4852251 Corp,ES ,EUR,2.343077,C,11/18/2025
20251118,A83,Etica Bilanciato,500911,ORSTED A/S ORSTED 5 1/4 12/08/3022,0.001697295902079,0.0,OB ,UTILITY,XS2563353361,,ZN6806667 Corp,DK ,EUR,2.343077,C,11/18/2025
20251118,A83,Etica Bilanciato,18074,ESTEE LAUDER COMPANIES-CL A,0.001629862087039,0.0,AZ ,Consumer Staples,US5184391044,2320524,EL US Equity,US ,USD,2.343077,,11/18/2025
20251118,A83,Etica Bilanciato,2298,TRACTOR SUPPLY COMPANY,0.001622138144942,0.0,AZ ,Consumer Discretionary,US8923561067,2900335,TSCO US Equity,US ,USD,2.343077,,11/18/2025
20251118,A83,Etica Bilanciato,34107,DAIICHI SANKYO CO LTD,0.001618501669143,0.0,AZ ,Health Care,JP3475350009,B0J7D91,4568 JP Equity,JP ,JPY,2.343077,,11/18/2025
20251118,A83,Etica Bilanciato,295,HERSHEY CO/THE,0.00161408371269,0.0,AZ ,Consumer Staples,US4278661081,2422806,HSY US Equity,US ,USD,2.343077,,11/18/2025
20251118,A83,Etica Bilanciato,31928,DIGITAL REALTY TRUST INC,0.001562468362982,0.0,AZ ,Real Estate,US2538681030,B03GQS4,DLR US Equity,US ,USD,2.343077,,11/18/2025
20251118,A83,Etica Bilanciato,406149,CAISSE D'AMORT DETTE SOC CADES 0 11/25/26,0.001552062016334,0.0,OB ,Quasi & Foreign Government,FR0014004016,,BP9677991 Govt,FR ,EUR,2.343077,A,11/18/2025
20251118,A83,Etica Bilanciato,2985,CANADIAN NATL RAILWAY CO,0.001548283786309,0.0,AZ ,Industrials,CA1363751027,2180632,CNR CN Equity,CA ,CAD,2.343077,,11/18/2025
20251118,A83,Etica Bilanciato,152,BEST BUY CO INC,0.001533866437616,0.0,AZ ,Consumer Discretionary,US0865161014,2094670,BBY US Equity,US ,USD,2.343077,,11/18/2025
20251118,A83,Etica Bilanciato,492162,KOMMUNEKREDIT KOMMUN 1 1/2 05/16/29,0.00152332978602,0.0,OB ,Quasi & Foreign Government,XS2489343793,,BW8977538 Govt,DK ,EUR,2.343077,A,11/18/2025
20251118,A83,Etica Bilanciato,23481,CBRE GROUP INC,0.001464287948044,0.0,AZ ,Real Estate,US12504L1098,B6WVMH3,CBRE US Equity,US ,USD,2.343077,,11/18/2025
20251118,A83,Etica Bilanciato,242496,PAYPAL HOLDINGS INC,0.00141030080503,0.0,AZ ,Financials,US70450Y1038,BYW36M8,PYPL US Equity,US ,USD,2.343077,,11/18/2025
20251118,A83,Etica Bilanciato,406189,ERG SPA ERGIM 0 7/8 09/15/31,0.001392482211641,0.0,OB ,UTILITY,XS2386650274,,BR3380614 Corp,IT ,EUR,2.343077,NR,11/18/2025
20251118,A83,Etica Bilanciato,57810,VENTAS INC,0.001376365895853,0.0,AZ ,Real Estate,US92276F1003,2927925,VTR US Equity,US ,USD,2.343077,,11/18/2025
20251118,A83,Etica Bilanciato,1138,ASICS CORP,0.001365920949537,0.0,AZ ,Consumer Discretionary,JP3118000003,6057378,7936 JP Equity,JP ,JPY,2.343077,,11/18/2025
20251118,A83,Etica Bilanciato,253654,FERRARI NV,0.001360255545324,0.0,AZ ,Consumer Discretionary,NL0011585146,BZ1GMK5,RACE US Equity,IT ,EUR,2.343077,,11/18/2025
20251118,A83,Etica Bilanciato,237464,INFINEON TECHNOLOGIES AG IFXGR 3 5/8 PERP,0.001358473736225,0.0,OB ,INDUSTRIAL,XS2056730679,,ZR7968624 Corp,DE ,EUR,2.343077,B,11/18/2025
20251118,A83,Etica Bilanciato,239100,FORVIA SE EOFP 2 3/8 06/15/29,0.001339378191369,0.0,OB ,INDUSTRIAL,XS2312733871,,BO6324905 Corp,FR ,EUR,2.343077,C,11/18/2025
20251118,A83,Etica Bilanciato,335212,LEVI STRAUSS & CO- CLASS A,0.001328613532557,0.0,AZ ,Consumer Discretionary,US52736R1023,BHRWS81,LEVI US Equity,US ,USD,2.343077,,11/18/2025
20251118,A83,Etica Bilanciato,406011,ERG SPA ERGIM 0 1/2 09/11/27,0.001324855414128,0.0,OB ,UTILITY,XS2229434852,,ZO3431582 Corp,IT ,EUR,2.343077,NR,11/18/2025
20251118,A83,Etica Bilanciato,164959,JPY,0.001311354557667,0.0,LQ ,CASH,,,JPY,JP ,JPY,2.343077,,11/18/2025
20251118,A83,Etica Bilanciato,3385,YUM! BRANDS INC,0.001280500144174,0.0,AZ ,Consumer Discretionary,US9884981013,2098876,YUM UN Equity,US ,USD,2.343077,,11/18/2025
20251118,A83,Etica Bilanciato,1,LG ELECTRONICS INC,0.001270372467136,0.0,AZ ,Consumer Discretionary,KR7066570003,6520739,066570 KS Equity,KR ,KRW,2.343077,,11/18/2025
20251118,A83,Etica Bilanciato,67156,KEURIG DR PEPPER INC,0.001259402572743,0.0,AZ ,Consumer Staples,US49271V1008,BD3W133,KDP US Equity,US ,USD,2.343077,,11/18/2025
20251118,A83,Etica Bilanciato,1755,SWIRE PACIFIC LTD - CL A,0.001249176426625,0.0,AZ ,Industrials,HK0019000162,6867748,19 HK Equity,HK ,HKD,2.343077,,11/18/2025
20251118,A83,Etica Bilanciato,335356,TAKEDA PHARMACEUTICAL TACHEM 1 07/09/29,0.001238963184081,0.0,OB ,INDUSTRIAL,XS2197348597,,BK2909210 Corp,JP ,EUR,2.343077,B,11/18/2025
20251118,A83,Etica Bilanciato,387,NORSK HYDRO ASA,0.001218848103492,0.0,AZ ,Materials,NO0005052605,B11HK39,NHY NO Equity,NO ,NOK,2.343077,,11/18/2025
20251118,A83,Etica Bilanciato,50381,LULULEMON ATHLETICA INC,0.001218235263036,0.0,AZ ,Consumer Discretionary,US5500211090,B23FN39,LULU US Equity,US ,USD,2.343077,,11/18/2025
20251118,A83,Etica Bilanciato,343334,GODADDY INC - CLASS A,0.001190176112775,0.0,AZ ,Information Technology,US3802371076,BWFRFC6,GDDY US Equity,US ,USD,2.343077,,11/18/2025
20251118,A83,Etica Bilanciato,3837,AGILENT TECHNOLOGIES INC,0.001182092129223,0.0,AZ ,Health Care,US00846U1016,2520153,A US Equity,US ,USD,2.343077,,11/18/2025
20251118,A83,Etica Bilanciato,58909,EDWARDS LIFESCIENCES CORP,0.001167504590846,0.0,AZ ,Health Care,US28176E1082,2567116,EW US Equity,US ,USD,2.343077,,11/18/2025
20251118,A83,Etica Bilanciato,454000,ORSTED A/S ORSTED 1 1/2 02/18/3021,0.001134958180303,0.0,OB ,UTILITY,XS2293075680,,BO0165460 Corp,DK ,EUR,2.343077,C,11/18/2025
20251118,A83,Etica Bilanciato,335766,NOKIA OYJ NOKIA 4 3/8 08/21/31,0.001117722215025,0.0,OB ,INDUSTRIAL,XS2488809612,,ZM9740188 Corp,FI ,EUR,2.343077,C,11/18/2025
20251118,A83,Etica Bilanciato,406118,CAISSE FRANCAISE DE FIN CAFFIL 0.01 04/27/29,0.001113378660371,0.0,OB ,Covered,FR00140033E4,,BP1529455 Govt,FR ,EUR,2.343077,A,11/18/2025
20251118,A83,Etica Bilanciato,335227,NEXI SPA,0.001100894764218,0.0,AZ ,Financials,IT0005366767,BJ1F880,NEXI IM Equity,IT ,EUR,2.343077,,11/18/2025
20251118,A83,Etica Bilanciato,405955,NOKIA OYJ NOKIA 3 1/8 05/15/28,0.001083117858892,0.0,OB ,INDUSTRIAL,XS2171872570,,BJ3268486 Corp,FI ,EUR,2.343077,C,11/18/2025
20251118,A83,Etica Bilanciato,321288,INMOBILIARIA COLONIAL SO COLSM 1 5/8 11/28/25,0.001073053620902,0.0,OB ,INDUSTRIAL,XS1725677543,,AQ1248246 Corp,ES ,EUR,2.343077,B,11/18/2025
20251118,A83,Etica Bilanciato,173,CADENCE DESIGN SYS INC,0.001033271134427,0.0,AZ ,Information Technology,US1273871087,2302232,CDNS US Equity,US ,USD,2.343077,,11/18/2025
20251118,A83,Etica Bilanciato,407318,ORSTED A/S ORSTED 1 3/4 12/09/3019,0.001029147998207,0.0,OB ,UTILITY,XS2010036874,,ZQ8044799 Corp,DK ,EUR,2.343077,C,11/18/2025
20251118,A83,Etica Bilanciato,443609,ORANGE SA ORAFP 1 3/4 PERP,0.00101078365766,0.0,OB ,INDUSTRIAL,FR00140005L7,,ZO8379513 Corp,FR ,EUR,2.343077,B,11/18/2025
20251118,A83,Etica Bilanciato,235482,MERLIN PROPERTIES SOCIMI SA,0.001004770110781,0.0,AZ ,Real Estate,ES0105025003,BNGNB77,MRL SM Equity,ES ,EUR,2.343077,,11/18/2025
20251118,A83,Etica Bilanciato,1010,RELX PLC,0.000997171766999,0.0,AZ ,Industrials,GB00B2B0DG97,B2B0DG9,REL LN Equity,GB ,GBP,2.343077,,11/18/2025
20251118,A83,Etica Bilanciato,222506,ORORA LTD,0.000989658671421,0.0,AZ ,Materials,AU000000ORA8,BH4TCW7,ORA AU Equity,AU ,AUD,2.343077,,11/18/2025
20251118,A83,Etica Bilanciato,3466,COGNIZANT TECH SOLUTIONS-A,0.000964993325148,0.0,AZ ,Information Technology,US1924461023,2257019,CTSH US Equity,US ,USD,2.343077,,11/18/2025
20251118,A83,Etica Bilanciato,17956,RENESAS ELECTRONICS CORP,0.000931730834979,0.0,AZ ,Information Technology,JP3164720009,6635677,6723 JP Equity,JP ,JPY,2.343077,,11/18/2025
20251118,A83,Etica Bilanciato,312,INGERSOLL-RAND INC,0.000928716411941,0.0,AZ ,Industrials,US45687V1061,BL5GZ82,IR UN Equity,US ,USD,2.343077,,11/18/2025
20251118,A83,Etica Bilanciato,481243,CAISSE D'AMORT DETTE SOC CADES 0.45 01/19/32,0.000914478021017,0.0,OB ,Quasi & Foreign Government,FR0014007RB1,,BT4620824 Govt,FR ,EUR,2.343077,A,11/18/2025
20251118,A83,Etica Bilanciato,18075,BE SEMICONDUCTOR INDUSTRIES,0.000905875763286,0.0,AZ ,Information Technology,NL0012866412,BG0SCK9,BESI NA Equity,NL ,EUR,2.343077,,11/18/2025
20251118,A83,Etica Bilanciato,382187,NOKIA OYJ NOKIA 2 03/11/26,0.00090556159827,0.0,OB ,INDUSTRIAL,XS1960685383,,AX4993215 Corp,FI ,EUR,2.343077,C,11/18/2025
20251118,A83,Etica Bilanciato,2297,AVALONBAY COMMUNITIES INC,0.000892685010389,0.0,AZ ,Real Estate,US0534841012,2131179,AVB US Equity,US ,USD,2.343077,,11/18/2025
20251118,A83,Etica Bilanciato,4106,ZIMMER BIOMET HOLDINGS INC,0.000861604229068,0.0,AZ ,Health Care,US98956P1021,2783815,ZBH US Equity,US ,USD,2.343077,,11/18/2025
20251118,A83,Etica Bilanciato,335772,BONOS Y OBLIG DEL ESTADO SPGB 3.9 07/30/39,0.00083251080444,0.0,OB ,SOVEREIGN,ES0000012L60,,ZL1845482 Govt,ES ,EUR,2.343077,A,11/18/2025
20251118,A83,Etica Bilanciato,212462,ORSTED A/S ORSTED 3 3/4 03/01/30,0.000828637775451,0.0,OB ,UTILITY,XS2591029876,,ZL2347488 Corp,DK ,EUR,2.343077,B,11/18/2025
20251118,A83,Etica Bilanciato,212398,TELIA COMPANY AB TELIAS 2 3/4 06/30/2083,0.000796999279437,0.0,OB ,INDUSTRIAL,XS2443749648,,BV4439170 Corp,SE ,EUR,2.343077,B,11/18/2025
20251118,A83,Etica Bilanciato,451544,EDP SA EDPPL 1 7/8 08/02/2081,0.000790395182499,0.0,OB ,UTILITY,PTEDPROM0029,,BN7191719 Corp,PT ,EUR,2.343077,C,11/18/2025
20251118,A83,Etica Bilanciato,31968,PENTAIR PLC,0.000789951199063,0.0,AZ ,Industrials,IE00BLS09M33,BLS09M3,PNR UN Equity,US ,USD,2.343077,,11/18/2025
20251118,A83,Etica Bilanciato,2858,RYOHIN KEIKAKU CO LTD,0.000789586213002,0.0,AZ ,Consumer Discretionary,JP3976300008,6758455,7453 JP Equity,JP ,JPY,2.343077,,11/18/2025
20251118,A83,Etica Bilanciato,235835,RAI WAY SPA,0.000770184990932,0.0,AZ ,Communication Services,IT0005054967,BSM8WL2,RWAY IM Equity,IT ,EUR,2.343077,,11/18/2025
20251118,A83,Etica Bilanciato,3478,SOL SPA,0.000756143955947,0.0,AZ ,Materials,IT0001206769,5490684,SOL IM Equity,IT ,EUR,2.343077,,11/18/2025
20251118,A83,Etica Bilanciato,50261,DIASORIN SPA,0.00075058357308,0.0,AZ ,Health Care,IT0003492391,B234WN9,DIA IM Equity,IT ,EUR,2.343077,,11/18/2025
20251118,A83,Etica Bilanciato,212828,PRYSMIAN SPA PRYIM 3 7/8 11/28/31,0.000729297255144,0.0,OB ,INDUSTRIAL,XS2948434266,,YT3439742 Corp,IT ,EUR,2.343077,B,11/18/2025
20251118,A83,Etica Bilanciato,211955,TECHNOGYM SPA,0.000719686329239,0.0,AZ ,Consumer Discretionary,IT0005162406,BD9Y5C0,TGYM IM Equity,IT ,EUR,2.343077,,11/18/2025
20251118,A83,Etica Bilanciato,58590,SYSMEX CORP,0.000675432357632,0.0,AZ ,Health Care,JP3351100007,6883807,6869 JP Equity,JP ,JPY,2.343077,,11/18/2025
20251118,A83,Etica Bilanciato,1024,SSE PLC,0.000674378151474,0.0,AZ ,Utilities,GB0007908733,790873,SSE LN Equity,GB ,GBP,2.343077,,11/18/2025
20251118,A83,Etica Bilanciato,536433,EDP SA EDPPL 4 3/4 05/29/54,0.00066906325382,0.0,OB ,UTILITY,PTEDPZOM0011,,YX2446822 Corp,PT ,EUR,2.343077,C,11/18/2025
20251118,A83,Etica Bilanciato,476807,SOCIETE FONCIERE LYONNAI FLYFP 0 1/2 04/21/28,0.000606184797146,0.0,OB ,INDUSTRIAL,FR00140060E7,,BR9645093 Corp,FR ,EUR,2.343077,B,11/18/2025
20251118,A83,Etica Bilanciato,1093,LENDLEASE GROUP,0.000591921931738,0.0,AZ ,Real Estate,AU000000LLC3,6512004,LLC AU Equity,AU ,AUD,2.343077,,11/18/2025
20251118,A83,Etica Bilanciato,5574,ERG SPA ERGIM 4 1/8 07/03/30,0.000558965859152,0.0,OB ,UTILITY,XS2853679053,,YX9810210 Corp,IT ,EUR,2.343077,NR,11/18/2025
20251118,A83,Etica Bilanciato,128611,BRITISH TELECOMMUNICATIO BRITEL 5 1/8 10/03/54,0.000552039712267,0.0,OB ,INDUSTRIAL,XS2794589403,,ZB0014470 Corp,GB ,EUR,2.343077,C,11/18/2025
20251118,A83,Etica Bilanciato,58318,AZBIL CORP,0.000524423302679,0.0,AZ ,Information Technology,JP3937200008,6985543,6845 JP Equity,JP ,JPY,2.343077,,11/18/2025
20251118,A83,Etica Bilanciato,24041,TERNA-RETE ELETTRICA NAZIONA,0.000523364167779,0.0,AZ ,Utilities,IT0003242622,B01BN57,TRN IM Equity,IT ,EUR,2.343077,,11/18/2025
20251118,A83,Etica Bilanciato,239013,KLEPIERRE SA LIFP 2 05/12/29,0.000518396318103,0.0,OB ,INDUSTRIAL,FR0013512233,,BJ2958731 Corp,FR ,EUR,2.343077,A,11/18/2025
20251118,A83,Etica Bilanciato,23349,CORBION NV,0.000513437686021,0.0,AZ ,Materials,NL0010583399,BFRSRR7,CRBN NA Equity,NL ,EUR,2.343077,,11/18/2025
20251118,A83,Etica Bilanciato,237336,OBRIGACOES DO TESOURO PGB 2 1/4 04/18/34,0.000510189232337,0.0,OB ,SOVEREIGN,PTOTEWOE0017,,AS1769569 Govt,PT ,EUR,2.343077,A,11/18/2025
20251118,A83,Etica Bilanciato,503621,A2A SPA AEMSPA 4 3/8 02/03/34,0.000459875160505,0.0,OB ,UTILITY,XS2583205906,,ZM7159977 Corp,IT ,EUR,2.343077,B,11/18/2025
20251118,A83,Etica Bilanciato,58681,JONES LANG LASALLE INC,0.000437175245424,0.0,AZ ,Real Estate,US48020Q1076,2040640,JLL US Equity,US ,USD,2.343077,,11/18/2025
20251118,A83,Etica Bilanciato,51536,RENAULT SA RENAUL 3 7/8 09/30/30,0.000425150372775,0.0,OB ,INDUSTRIAL,FR0014010DR1,,YK3273678 Corp,FR ,EUR,2.343077,C,11/18/2025
20251118,A83,Etica Bilanciato,3672,AMPLIFON SPA,0.000397883433228,0.0,AZ ,Health Care,IT0004056880,B14NJ71,AMP IM Equity,IT ,EUR,2.343077,,11/18/2025
20251118,A83,Etica Bilanciato,235231,ORANGE SA ORAFP 5 PERP,0.000364911553764,0.0,OB ,INDUSTRIAL,XS1115498260,,EK5085239 Corp,FR ,EUR,2.343077,B,11/18/2025
20251118,A83,Etica Bilanciato,247914,INFRASTRUTTURE WIRELESS ITAL,0.000356303129818,0.0,AZ ,Communication Services,IT0005090300,BZ0P4R4,INW IM Equity,IT ,EUR,2.343077,,11/18/2025
20251118,A83,Etica Bilanciato,63,HERA SPA,0.000346041001765,0.0,AZ ,Utilities,IT0001250932,7598003,HER IM Equity,IT ,EUR,2.343077,,11/18/2025
20251118,A83,Etica Bilanciato,3245,EDP SA,0.000323468795052,0.0,AZ ,Utilities,PTEDP0AM0009,4103596,EDP PL Equity,PT ,EUR,2.343077,,11/18/2025
20251118,A83,Etica Bilanciato,3321,BXP INC,0.000310507805103,0.0,AZ ,Real Estate,US1011211018,2019479,BXP US Equity,US ,USD,2.343077,,11/18/2025
20251118,A83,Etica Bilanciato,48675,PRYSMIAN SPA,0.000280454830496,0.0,AZ ,Industrials,IT0004176001,B1W4V69,PRY IM Equity,IT ,EUR,2.343077,,11/18/2025
20251118,A83,Etica Bilanciato,494559,SSE PLC SSELN 2 7/8 08/01/29,0.000267123983916,0.0,OB ,UTILITY,XS2510903862,,BY0600829 Corp,GB ,EUR,2.343077,B,11/18/2025
20251118,A83,Etica Bilanciato,164725,HKD,0.000235211815782,0.0,LQ ,CASH,,,HKD,HK ,HKD,2.343077,,11/18/2025
20251118,A83,Etica Bilanciato,3476,A2A SPA,0.000215010593257,0.0,AZ ,Utilities,IT0001233417,5499131,A2A IM Equity,IT ,EUR,2.343077,,11/18/2025
20251118,A83,Etica Bilanciato,185030,NETHERLANDS GOVERNMENT NETHER 0 1/2 01/15/40,0.000185966281537,0.0,OB ,SOVEREIGN,NL0013552060,,ZS0947771 Govt,NL ,EUR,2.343077,A,11/18/2025
20251118,A83,Etica Bilanciato,164722,DKK,0.000167813591339,0.0,LQ ,CASH,,,DKK,DK ,DKK,2.343077,,11/18/2025
20251118,A83,Etica Bilanciato,447577,STORA ENSO OYJ STERV 0 5/8 12/02/30,0.000144026142918,0.0,OB ,INDUSTRIAL,XS2265360359,,BM7557275 Corp,FI ,EUR,2.343077,B,11/18/2025
20251118,A83,Etica Bilanciato,1464,SHISEIDO CO LTD,0.00011900639786,0.0,AZ ,Consumer Staples,JP3351600006,6805265,4911 JP Equity,JP ,JPY,2.343077,,11/18/2025
20251118,A83,Etica Bilanciato,164960,NOK,0.000110857912301,0.0,LQ ,CASH,,,NOK,NO ,NOK,2.343077,,11/18/2025
20251118,A83,Etica Bilanciato,314765,PIRELLI & C SPA,0.000096859533148,0.0,AZ ,Consumer Discretionary,IT0005278236,BZ5ZHK3,PIRC IM Equity,IT ,EUR,2.343077,,11/18/2025
20251118,A83,Etica Bilanciato,164726,SEK,0.000068487524092,0.0,LQ ,CASH,,,SEK,SE ,SEK,2.343077,,11/18/2025
20251118,A83,Etica Bilanciato,184686,TESLA INC,0.0,0.004918814613342,AZ ,Consumer Discretionary,US88160R1014,B616C79,TSLA US Equity,US ,USD,2.343077,,11/18/2025
20251118,A83,Etica Bilanciato,227088,ALPHABET INC-CL A,0.0,0.009362548134372,AZ ,Communication Services,US02079K3059,BYVY8G0,GOOGL US Equity,US ,USD,2.343077,,11/18/2025
20251118,A83,Etica Bilanciato,28663,ALPHABET INC-CL C,0.0,0.007959905811414,AZ ,Communication Services,US02079K1079,BYY88Y7,GOOG US Equity,US ,USD,2.343077,,11/18/2025
20251118,A83,Etica Bilanciato,50594,BROADCOM INC,0.0,0.008587651067166,AZ ,Information Technology,US11135F1012,BDZ78H9,AVGO US Equity,US ,USD,2.343077,,11/18/2025
20251118,A83,Etica Bilanciato,3255,AMAZON.COM INC,0.0,0.012001568988558,AZ ,Consumer Discretionary,US0231351067,2000019,AMZN US Equity,US ,USD,2.343077,,11/18/2025
20251118,A83,Etica Bilanciato,553,MICROSOFT CORP,0.0,0.014767414275168,AZ ,Information Technology,US5949181045,2588173,MSFT US Equity,US ,USD,2.343077,,11/18/2025
20251118,A83,Etica Bilanciato,534,APPLE INC,0.0,0.02268360165066,AZ ,Information Technology,US0378331005,2046251,AAPL US Equity,US ,USD,2.343077,,11/18/2025
20251118,A83,Etica Bilanciato,164736,DEBITI COMPENSO REVISIONE,-0.000002552163064,0.0,CD ,CASH,,,DEBITI COMPENSO REVISIONE,5A ,EUR,2.343077,,11/18/2025
20251118,A83,Etica Bilanciato,164733,DEBITI COMMISSIONE GESTIONE,-0.000020600445365,0.0,CD ,CASH,,,DEBITI COMMISSIONE GESTIONE,5A ,EUR,2.343077,,11/18/2025
20251118,A83,Etica Bilanciato,164730,DEBITI COMMISSIONE DEPOSITARIA,-0.000107710497835,0.0,CD ,CASH,,,DEBITI COMMISSIONE DEPOSITARIA,5A ,EUR,2.343077,,11/18/2025
20251118,A83,Etica Bilanciato,172066,ALLINEAMENTO NAV,-0.00030881550133,0.0,OT ,CASH,,,ALLINEAMENTO NAV,5A ,EUR,2.343077,,11/18/2025
20251118,A83,Etica Bilanciato,179420,DEBITI COMMISSIONE AMMINISTRAZIONE,-0.002325590936824,0.0,CD ,CASH,,,DEBITI COMMISSIONE AMMINISTRAZIONE,5A ,EUR,2.343077,,11/18/2025
20251118,A88,Etica Azionario,3458,NVIDIA CORP,0.071953947103108,0.055893931897572,AZ ,Information Technology,US67066G1040,2379504,NVDA US Equity,US ,USD,3.398256,,11/18/2025
20251118,A88,Etica Azionario,571126,AUSTRIAN T-BILL RATB 0 11/27/25,0.029148930273037,0.0,OB ,SOVEREIGN,AT0000A3MUA7,,YL5192205 Govt,AT ,EUR,3.398256,A,11/18/2025
20251118,A88,Etica Azionario,65876,VISA INC-CLASS A SHARES,0.026013449566525,0.009375666025779,AZ ,Financials,US92826C8394,B2PZN04,V US Equity,US ,USD,3.398256,,11/18/2025
20251118,A88,Etica Azionario,45465,MASTERCARD INC - A,0.025650163719532,0.007277855473089,AZ ,Financials,US57636Q1040,B121557,MA US Equity,US ,USD,3.398256,,11/18/2025
20251118,A88,Etica Azionario,164727,USD,0.022926709990058,0.0,LQ ,CASH,,,USD,US ,USD,3.398256,,11/18/2025
20251118,A88,Etica Azionario,554,ORACLE CORP,0.021311477661596,0.0,AZ ,Information Technology,US68389X1054,2661568,ORCL US Equity,US ,USD,3.398256,,11/18/2025
20251118,A88,Etica Azionario,164724,GBP,0.019433473478278,0.0,LQ ,CASH,,,GBP,GB ,GBP,3.398256,,11/18/2025
20251118,A88,Etica Azionario,574251,AUSTRIAN T-BILL RATB 0 03/26/26,0.015337616932305,0.0,OB ,SOVEREIGN,AT0000A3MUC3,,YK2495496 Govt,AT ,EUR,3.398256,A,11/18/2025
20251118,A88,Etica Azionario,201018,ABBVIE INC,0.014424021915415,0.0,AZ ,Health Care,US00287Y1091,B92SR70,ABBV US Equity,US ,USD,3.398256,,11/18/2025
20251118,A88,Etica Azionario,577,APPLIED MATERIALS INC,0.012429184579903,0.0,AZ ,Information Technology,US0382221051,2046552,AMAT US Equity,US ,USD,3.398256,,11/18/2025
20251118,A88,Etica Azionario,427,PROCTER & GAMBLE CO/THE,0.012060416170545,0.0,AZ ,Consumer Staples,US7427181091,2704407,PG US Equity,US ,USD,3.398256,,11/18/2025
20251118,A88,Etica Azionario,300,HOME DEPOT INC,0.011878592832345,0.0,AZ ,Consumer Discretionary,US4370761029,2434209,HD US Equity,US ,USD,3.398256,,11/18/2025
20251118,A88,Etica Azionario,2839,ASML HOLDING NV,0.010810531387624,0.0,AZ ,Information Technology,NL0010273215,B929F46,ASML NA Equity,NL ,EUR,3.398256,,11/18/2025
20251118,A88,Etica Azionario,480,TEXAS INSTRUMENTS INC,0.010712700082201,0.0,AZ ,Information Technology,US8825081040,2885409,TXN US Equity,US ,USD,3.398256,,11/18/2025
20251118,A88,Etica Azionario,222389,MONCLER SPA,0.01069235169473,0.0,AZ ,Consumer Discretionary,IT0004965148,BGLP232,MONC IM Equity,IT ,EUR,3.398256,,11/18/2025
20251118,A88,Etica Azionario,221482,SERVICENOW INC,0.010311876810243,0.0,AZ ,Information Technology,US81762P1021,B80NXX8,NOW US Equity,US ,USD,3.398256,,11/18/2025
20251118,A88,Etica Azionario,542,CISCO SYSTEMS INC,0.010280023083107,0.0,AZ ,Information Technology,US17275R1023,2198163,CSCO US Equity,US ,USD,3.398256,,11/18/2025
20251118,A88,Etica Azionario,756,QUALCOMM INC,0.009919084514089,0.0,AZ ,Information Technology,US7475251036,2714923,QCOM US Equity,US ,USD,3.398256,,11/18/2025
20251118,A88,Etica Azionario,23568,SALESFORCE INC,0.009799511744548,0.0,AZ ,Information Technology,US79466L3024,2310525,CRM US Equity,US ,USD,3.398256,,11/18/2025
20251118,A88,Etica Azionario,423,NEW LINDE PLC,0.009301878007696,0.0,AZ ,Materials,IE000S9YS762,BNZHB81,LIN US Equity,US ,USD,3.398256,,11/18/2025
20251118,A88,Etica Azionario,705,LAM RESEARCH CORP,0.00907662318295,0.0,AZ ,Information Technology,US5128073062,BSML4N7,LRCX US Equity,US ,USD,3.398256,,11/18/2025
20251118,A88,Etica Azionario,363,MERCK & CO. INC.,0.009022281409648,0.0,AZ ,Health Care,US58933Y1055,2778844,MRK US Equity,US ,USD,3.398256,,11/18/2025
20251118,A88,Etica Azionario,411899,Etica Sustainable Global Equity - Class S,0.008992949577493,0.0,FO ,No Sector,LU2052491334,,MUSGESE LX Equity,DEV,MUL,3.398256,,11/18/2025
20251118,A88,Etica Azionario,360,MEDTRONIC PLC,0.008948555536136,0.0,AZ ,Health Care,IE00BTN1Y115,BTN1Y11,MDT US Equity,US ,USD,3.398256,,11/18/2025
20251118,A88,Etica Azionario,216,DEERE & CO,0.008851388821671,0.0,AZ ,Industrials,US2441991054,2261203,DE US Equity,US ,USD,3.398256,,11/18/2025
20251118,A88,Etica Azionario,2703,LONZA GROUP AG-REG,0.008849695036698,0.0,AZ ,Health Care,CH0013841017,7333378,LONN SW Equity,CH ,CHF,3.398256,,11/18/2025
20251118,A88,Etica Azionario,1706,TELECOM ITALIA SPA,0.008688289109431,0.0,AZ ,Communication Services,IT0003497168,7634394,TIT IM Equity,IT ,EUR,3.398256,,11/18/2025
20251118,A88,Etica Azionario,214,DANAHER CORP,0.008479030797797,0.0,AZ ,Health Care,US2358511028,2250870,DHR US Equity,US ,USD,3.398256,,11/18/2025
20251118,A88,Etica Azionario,1821,INTUIT INC,0.008134162979848,0.0,AZ ,Information Technology,US4612021034,2459020,INTU US Equity,US ,USD,3.398256,,11/18/2025
20251118,A88,Etica Azionario,358,S&P GLOBAL INC,0.007941449955582,0.0,AZ ,Financials,US78409V1044,BYV2325,SPGI US Equity,US ,USD,3.398256,,11/18/2025
20251118,A88,Etica Azionario,405921,Etica Sustainable Dynamic Allocation - Class S,0.00779514249885,0.0,FO ,No Sector,LU2052490872,,MUSDASE LX Equity,DEV,MUL,3.398256,,11/18/2025
20251118,A88,Etica Azionario,164953,AUD,0.007607002844956,0.0,LQ ,CASH,,,AUD,AU ,AUD,3.398256,,11/18/2025
20251118,A88,Etica Azionario,100,ABBOTT LABORATORIES,0.007566933353311,0.0,AZ ,Health Care,US0028241000,2002305,ABT US Equity,US ,USD,3.398256,,11/18/2025
20251118,A88,Etica Azionario,2706,TRANE TECHNOLOGIES PLC,0.007268253672132,0.0,AZ ,Industrials,IE00BK9ZQ967,BK9ZQ96,TT US Equity,US ,USD,3.398256,,11/18/2025
20251118,A88,Etica Azionario,4289,CRH PLC,0.007212752376719,0.0,SE ,Materials,IE0001827041,182704,CRH LN Equity,US ,USD,3.398256,,11/18/2025
20251118,A88,Etica Azionario,30976,NABTESCO CORP,0.007191944393167,0.0,AZ ,Industrials,JP3651210001,6687571,6268 JP Equity,JP ,JPY,3.398256,,11/18/2025
20251118,A88,Etica Azionario,533,AMGEN INC,0.007183125222264,0.0,AZ ,Health Care,US0311621009,2023607,AMGN US Equity,US ,USD,3.398256,,11/18/2025
20251118,A88,Etica Azionario,549,INTEL CORP,0.006610918324895,0.0,AZ ,Information Technology,US4581401001,2463247,INTC US Equity,US ,USD,3.398256,,11/18/2025
20251118,A88,Etica Azionario,497,UNION PACIFIC CORP,0.00651527341995,0.0,AZ ,Industrials,US9078181081,2914734,UNP US Equity,US ,USD,3.398256,,11/18/2025
20251118,A88,Etica Azionario,389755,Etica Sustainable Conservative Allocation - Class S,0.006328329789645,0.0,FO ,No Sector,LU2052490286,,MUSCASS LX Equity,5A ,EUR,3.398256,,11/18/2025
20251118,A88,Etica Azionario,149,VERIZON COMMUNICATIONS INC,0.006301877422815,0.0,AZ ,Communication Services,US92343V1044,2090571,VZ US Equity,US ,USD,3.398256,,11/18/2025
20251118,A88,Etica Azionario,1619,LOREAL SA,0.006298422167338,0.0,AZ ,Consumer Staples,FR0000120321,4057808,OR FP Equity,FR ,EUR,3.398256,,11/18/2025
20251118,A88,Etica Azionario,3092,MTR CORP,0.006200599301165,0.0,AZ ,Industrials,HK0066009694,6290054,66 HK Equity,HK ,HKD,3.398256,,11/18/2025
20251118,A88,Etica Azionario,486,TJX COMPANIES INC,0.006116374451429,0.0,AZ ,Consumer Discretionary,US8725401090,2989301,TJX US Equity,US ,USD,3.398256,,11/18/2025
20251118,A88,Etica Azionario,1285,KUBOTA CORP,0.006103110128437,0.0,AZ ,Industrials,JP3266400005,6497509,6326 JT Equity,JP ,JPY,3.398256,,11/18/2025
20251118,A88,Etica Azionario,53583,LOGITECH INTERNATIONAL,0.00609601455433,0.0,SE ,Information Technology,CH0025751329,B1921K0,LOGI US Equity,CH ,CHF,3.398256,,11/18/2025
20251118,A88,Etica Azionario,559,STRYKER CORP,0.006053958253907,0.0,AZ ,Health Care,US8636671013,2853688,SYK UN Equity,US ,USD,3.398256,,11/18/2025
20251118,A88,Etica Azionario,1258,KAO CORP,0.006043567701465,0.0,AZ ,Consumer Staples,JP3205800000,6483809,4452 JP Equity,JP ,JPY,3.398256,,11/18/2025
20251118,A88,Etica Azionario,348394,KNORR-BREMSE AG,0.005969955997972,0.0,AZ ,Industrials,DE000KBX1006,BD2P9X9,KBX GR Equity,DE ,EUR,3.398256,,11/18/2025
20251118,A88,Etica Azionario,191474,PALO ALTO NETWORKS INC,0.00596352592393,0.0,AZ ,Information Technology,US6974351057,B87ZMX0,PANW US Equity,US ,USD,3.398256,,11/18/2025
20251118,A88,Etica Azionario,49402,SARTORIUS STEDIM BIOTECH,0.00594218160201,0.0,AZ ,Health Care,FR0013154002,BYZ2QP5,DIM FP Equity,FR ,EUR,3.398256,,11/18/2025
20251118,A88,Etica Azionario,133,AUTOMATIC DATA PROCESSING,0.005938700702876,0.0,AZ ,Industrials,US0530151036,2065308,ADP US Equity,US ,USD,3.398256,,11/18/2025
20251118,A88,Etica Azionario,783,SYNOPSYS INC,0.005892483920684,0.0,AZ ,Information Technology,US8716071076,2867719,SNPS US Equity,US ,USD,3.398256,,11/18/2025
20251118,A88,Etica Azionario,1288,KURITA WATER INDUSTRIES LTD,0.005887701335808,0.0,AZ ,Industrials,JP3270000007,6497963,6370 JP Equity,JP ,JPY,3.398256,,11/18/2025
20251118,A88,Etica Azionario,397638,PROSUS NV,0.005771250762959,0.0,AZ ,Consumer Discretionary,NL0013654783,BJDS7L3,PRX NA Equity,NL ,EUR,3.398256,,11/18/2025
20251118,A88,Etica Azionario,1734,NOKIA OYJ,0.005715793499163,0.0,AZ ,Information Technology,FI0009000681,5902941,NOKIA FH Equity,FI ,EUR,3.398256,,11/18/2025
20251118,A88,Etica Azionario,125,ANALOG DEVICES INC,0.00568715723619,0.0,AZ ,Information Technology,US0326541051,2032067,ADI US Equity,US ,USD,3.398256,,11/18/2025
20251118,A88,Etica Azionario,1658,ATLAS COPCO AB-A SHS,0.005563275526119,0.0,AZ ,Industrials,SE0017486889,BLDBN41,ATCOA SS Equity,SE ,SEK,3.398256,,11/18/2025
20251118,A88,Etica Azionario,670,WELLTOWER INC,0.005545433595976,0.0,AZ ,Real Estate,US95040Q1040,BYVYHH4,WELL US Equity,US ,USD,3.398256,,11/18/2025
20251118,A88,Etica Azionario,667,GILEAD SCIENCES INC,0.005514330190231,0.0,AZ ,Health Care,US3755581036,2369174,GILD US Equity,US ,USD,3.398256,,11/18/2025
20251118,A88,Etica Azionario,454,SONY GROUP CORP,0.005335166142124,0.0,AZ ,Consumer Discretionary,JP3435000009,6821506,6758 JP Equity,JP ,JPY,3.398256,,11/18/2025
20251118,A88,Etica Azionario,159,BOSTON SCIENTIFIC CORP,0.005333197429705,0.0,AZ ,Health Care,US1011371077,2113434,BSX US Equity,US ,USD,3.398256,,11/18/2025
20251118,A88,Etica Azionario,531,ADOBE INC,0.005299901139669,0.0,AZ ,Information Technology,US00724F1012,2008154,ADBE US Equity,US ,USD,3.398256,,11/18/2025
20251118,A88,Etica Azionario,236196,IMCD NV,0.005275454106805,0.0,AZ ,Industrials,NL0010801007,BNCBD46,IMCD NA Equity,NL ,EUR,3.398256,,11/18/2025
20251118,A88,Etica Azionario,2088,SAP SE,0.005272969639556,0.0,AZ ,Information Technology,DE0007164600,4846288,SAP GY Equity,DE ,EUR,3.398256,,11/18/2025
20251118,A88,Etica Azionario,520,WESTERN DIGITAL CORP,0.005195783175999,0.0,AZ ,Information Technology,US9581021055,2954699,WDC US Equity,US ,USD,3.398256,,11/18/2025
20251118,A88,Etica Azionario,1545,TOTO LTD,0.00516299109686,0.0,AZ ,Industrials,JP3596200000,6897466,5332 JP Equity,JP ,JPY,3.398256,,11/18/2025
20251118,A88,Etica Azionario,2955,VOESTALPINE AG,0.005162343521625,0.0,AZ ,Materials,AT0000937503,4943402,VOE AV Equity,AT ,EUR,3.398256,,11/18/2025
20251118,A88,Etica Azionario,40461,VERTEX PHARMACEUTICALS INC,0.005089942627557,0.0,AZ ,Health Care,US92532F1003,2931034,VRTX US Equity,US ,USD,3.398256,,11/18/2025
20251118,A88,Etica Azionario,2170,DSV A/S,0.005067970902269,0.0,AZ ,Industrials,DK0060079531,B1WT5G2,DSV DC Equity,DK ,DKK,3.398256,,11/18/2025
20251118,A88,Etica Azionario,233530,ZALANDO SE,0.005050556972478,0.0,AZ ,Consumer Discretionary,DE000ZAL1111,BQV0SV7,ZAL GR Equity,DE ,EUR,3.398256,,11/18/2025
20251118,A88,Etica Azionario,18091,PROLOGIS INC,0.005033930929032,0.0,AZ ,Real Estate,US74340W1036,B44WZD7,PLD UN Equity,US ,USD,3.398256,,11/18/2025
20251118,A88,Etica Azionario,4264,AUTODESK INC,0.005026454079204,0.0,AZ ,Information Technology,US0527691069,2065159,ADSK US Equity,US ,USD,3.398256,,11/18/2025
20251118,A88,Etica Azionario,1404,OBAYASHI CORP,0.00496623435094,0.0,AZ ,Industrials,JP3190000004,6656407,1802 JP Equity,JP ,JPY,3.398256,,11/18/2025
20251118,A88,Etica Azionario,3033,STMICROELECTRONICS NV,0.004954140768087,0.0,SE ,Information Technology,NL0000226223,5962343,STMMI IM Equity,FR ,EUR,3.398256,,11/18/2025
20251118,A88,Etica Azionario,3760,ABB LTD,0.004845810263452,0.0,AZ ,Industrials,CH0012221716,7108899,ABBN SW Equity,CH ,CHF,3.398256,,11/18/2025
20251118,A88,Etica Azionario,424846,OTIS WORLDWIDE CORP,0.004774244066124,0.0,AZ ,Industrials,US68902V1070,BK531S8,OTIS US Equity,US ,USD,3.398256,,11/18/2025
20251118,A88,Etica Azionario,392,NOVO NORDISK A/S-B,0.004750758713273,0.0,AZ ,Health Care,DK0062498333,BP6KMJ1,NOVOB DC Equity,DK ,DKK,3.398256,,11/18/2025
20251118,A88,Etica Azionario,2566,UNITED PARCEL SERVICE-CL B,0.00473279672965,0.0,AZ ,Industrials,US9113121068,2517382,UPS US Equity,US ,USD,3.398256,,11/18/2025
20251118,A88,Etica Azionario,344,LOWE'S COS INC,0.004688087725866,0.0,AZ ,Consumer Discretionary,US5486611073,2536763,LOW US Equity,US ,USD,3.398256,,11/18/2025
20251118,A88,Etica Azionario,1337,MURATA MANUFACTURING CO LTD,0.004643196249024,0.0,AZ ,Information Technology,JP3914400001,6610403,6981 JP Equity,JP ,JPY,3.398256,,11/18/2025
20251118,A88,Etica Azionario,23355,RALPH LAUREN CORP,0.004574306854949,0.0,AZ ,Consumer Discretionary,US7512121010,B4V9661,RL US Equity,US ,USD,3.398256,,11/18/2025
20251118,A88,Etica Azionario,3014,ANHEUSER-BUSCH INBEV SA/NV,0.004469074755868,0.0,AZ ,Consumer Staples,BE0974293251,BYYHL23,ABI BB Equity,BE ,EUR,3.398256,,11/18/2025
20251118,A88,Etica Azionario,236299,VONOVIA SE,0.004454974037994,0.0,AZ ,Real Estate,DE000A1ML7J1,BBJPFY1,VNA GR Equity,DE ,EUR,3.398256,,11/18/2025
20251118,A88,Etica Azionario,1340,NEC CORP,0.004434081421798,0.0,AZ ,Information Technology,JP3733000008,6640400,6701 JP Equity,JP ,JPY,3.398256,,11/18/2025
20251118,A88,Etica Azionario,2489,LENOVO GROUP LTD,0.004418856379662,0.0,AZ ,Information Technology,HK0992009065,6218089,992 HK Equity,CN ,CNY,3.398256,,11/18/2025
20251118,A88,Etica Azionario,1609,ESSILORLUXOTTICA,0.004361810032485,0.0,AZ ,Health Care,FR0000121667,7212477,EL FP Equity,FR ,EUR,3.398256,,11/18/2025
20251118,A88,Etica Azionario,3013,NOVARTIS AG,0.004270455405664,0.0,AZ ,Health Care,CH0012005267,7103065,NOVN SW Equity,CH ,CHF,3.398256,,11/18/2025
20251118,A88,Etica Azionario,1714,SKF AB-B SHARES,0.004256806050455,0.0,AZ ,Industrials,SE0000108227,B1Q3J35,SKFB SS Equity,SE ,SEK,3.398256,,11/18/2025
20251118,A88,Etica Azionario,232,ECOLAB INC,0.004178770498835,0.0,AZ ,Materials,US2788651006,2304227,ECL US Equity,US ,USD,3.398256,,11/18/2025
20251118,A88,Etica Azionario,4223,COLGATE-PALMOLIVE CO,0.004147430107964,0.0,AZ ,Consumer Staples,US1941621039,2209106,CL US Equity,US ,USD,3.398256,,11/18/2025
20251118,A88,Etica Azionario,1526,TOKYO ELECTRON LTD,0.004142476336671,0.0,AZ ,Information Technology,JP3571400005,6895675,8035 JP Equity,JP ,JPY,3.398256,,11/18/2025
20251118,A88,Etica Azionario,3011,DEUTSCHE TELEKOM AG,0.004079080071176,0.0,AZ ,Communication Services,DE0005557508,5842359,DTE GR Equity,DE ,EUR,3.398256,,11/18/2025
20251118,A88,Etica Azionario,302,HONDA MOTOR CO LTD,0.004054774464367,0.0,AZ ,Consumer Discretionary,JP3854600008,6435145,7267 JP Equity,JP ,JPY,3.398256,,11/18/2025
20251118,A88,Etica Azionario,166783,XYLEM INC,0.004051968911089,0.0,AZ ,Industrials,US98419M1009,B3P2CN8,XYL US Equity,US ,USD,3.398256,,11/18/2025
20251118,A88,Etica Azionario,471,TDK CORP,0.004024527179394,0.0,AZ ,Information Technology,JP3538800008,6869302,6762 JP Equity,JP ,JPY,3.398256,,11/18/2025
20251118,A88,Etica Azionario,1790,CHINA OVERSEAS LAND & INVEST,0.004024083466943,0.0,AZ ,Real Estate,HK0688002218,6192150,688 HK Equity,CN ,CNY,3.398256,,11/18/2025
20251118,A88,Etica Azionario,49977,TE CONNECTIVITY PLC,0.003948620462959,0.0,AZ ,Information Technology,IE000IVNQZ81,BRC3N84,TEL US Equity,US ,USD,3.398256,,11/18/2025
20251118,A88,Etica Azionario,3119,INTERPUMP GROUP SPA,0.003724634836271,0.0,AZ ,Industrials,IT0001078911,5161407,IP IM Equity,IT ,EUR,3.398256,,11/18/2025
20251118,A88,Etica Azionario,57392,EQUINIX INC,0.003642709270561,0.0,AZ ,Real Estate,US29444U7000,BVLZX12,EQIX US Equity,US ,USD,3.398256,,11/18/2025
20251118,A88,Etica Azionario,405936,CARRIER GLOBAL CORP,0.003630269421154,0.0,AZ ,Industrials,US14448C1045,BK4N0D7,CARR US Equity,US ,USD,3.398256,,11/18/2025
20251118,A88,Etica Azionario,1575,ASTELLAS PHARMA INC,0.003590397908831,0.0,AZ ,Health Care,JP3942400007,6985383,4503 JP Equity,JP ,JPY,3.398256,,11/18/2025
20251118,A88,Etica Azionario,1146,BRIDGESTONE CORP,0.003584992191671,0.0,AZ ,Consumer Discretionary,JP3830800003,6132101,5108 JP Equity,JP ,JPY,3.398256,,11/18/2025
20251118,A88,Etica Azionario,23406,IBIDEN CO LTD,0.003573911113015,0.0,AZ ,Information Technology,JP3148800000,6456102,4062 JP Equity,JP ,JPY,3.398256,,11/18/2025
20251118,A88,Etica Azionario,17897,SK HYNIX INC,0.003565797357086,0.0,AZ ,Information Technology,KR7000660001,6450267,000660 KS Equity,KR ,KRW,3.398256,,11/18/2025
20251118,A88,Etica Azionario,184644,ZOETIS INC,0.003499530700171,0.0,AZ ,Health Care,US98978V1035,B95WG16,ZTS US Equity,US ,USD,3.398256,,11/18/2025
20251118,A88,Etica Azionario,2831,BREMBO N.V.,0.003463147136844,0.0,AZ ,Consumer Discretionary,NL0015001KT6,BSMM753,BRE IM Equity,IT ,EUR,3.398256,,11/18/2025
20251118,A88,Etica Azionario,1040,TATE & LYLE PLC,0.003447466203664,0.0,AZ ,Consumer Staples,GB00BP92CJ43,BP92CJ4,TATE LN Equity,GB ,GBP,3.398256,,11/18/2025
20251118,A88,Etica Azionario,2867,DARDEN RESTAURANTS INC,0.00340065080075,0.0,AZ ,Consumer Discretionary,US2371941053,2289874,DRI UN Equity,US ,USD,3.398256,,11/18/2025
20251118,A88,Etica Azionario,4266,MCCORMICK & CO-NON VTG SHRS,0.003326833536332,0.0,AZ ,Consumer Staples,US5797802064,2550161,MKC UN Equity,US ,USD,3.398256,,11/18/2025
20251118,A88,Etica Azionario,1457,SHIMIZU CORP,0.003163181910847,0.0,AZ ,Industrials,JP3358800005,6804400,1803 JP Equity,JP ,JPY,3.398256,,11/18/2025
20251118,A88,Etica Azionario,188,THE CIGNA GROUP,0.003149672763832,0.0,AZ ,Health Care,US1255231003,BHJ0775,CI US Equity,US ,USD,3.398256,,11/18/2025
20251118,A88,Etica Azionario,651,EXPEDITORS INTL WASH INC,0.003060387091256,0.0,AZ ,Industrials,US3021301094,2325507,EXPD US Equity,US ,USD,3.398256,,11/18/2025
20251118,A88,Etica Azionario,3065,ELEVANCE HEALTH INC,0.003057978868859,0.0,AZ ,Health Care,US0367521038,BSPHGL4,ELV US Equity,US ,USD,3.398256,,11/18/2025
20251118,A88,Etica Azionario,100272,AMERICAN WATER WORKS CO INC,0.002991511539609,0.0,AZ ,Utilities,US0304201033,B2R3PV1,AWK US Equity,US ,USD,3.398256,,11/18/2025
20251118,A88,Etica Azionario,1001,PERSIMMON PLC,0.002970953594576,0.0,AZ ,Consumer Discretionary,GB0006825383,682538,PSN LN Equity,GB ,GBP,3.398256,,11/18/2025
20251118,A88,Etica Azionario,148,BECTON DICKINSON AND CO,0.002968639593321,0.0,AZ ,Health Care,US0758871091,2087807,BDX US Equity,US ,USD,3.398256,,11/18/2025
20251118,A88,Etica Azionario,336777,ULTA BEAUTY INC,0.002891196144302,0.0,AZ ,Consumer Discretionary,US90384S3031,B28TS42,ULTA UW Equity,US ,USD,3.398256,,11/18/2025
20251118,A88,Etica Azionario,88166,REXEL SA,0.002854268849686,0.0,AZ ,Industrials,FR0010451203,B1VP0K0,RXL FP Equity,FR ,EUR,3.398256,,11/18/2025
20251118,A88,Etica Azionario,1088,ORICA LTD,0.002841743029704,0.0,AZ ,Materials,AU000000ORI1,6458001,ORI AU Equity,AU ,AUD,3.398256,,11/18/2025
20251118,A88,Etica Azionario,318,INTL FLAVORS & FRAGRANCES,0.002783077976007,0.0,AZ ,Materials,US4595061015,2464165,IFF US Equity,US ,USD,3.398256,,11/18/2025
20251118,A88,Etica Azionario,469,SYSCO CORP,0.002750497152571,0.0,AZ ,Consumer Staples,US8718291078,2868165,SYY US Equity,US ,USD,3.398256,,11/18/2025
20251118,A88,Etica Azionario,349,MASCO CORP,0.002714485276467,0.0,AZ ,Industrials,US5745991068,2570200,MAS US Equity,US ,USD,3.398256,,11/18/2025
20251118,A88,Etica Azionario,2658,ASSA ABLOY AB-B,0.002710460045691,0.0,AZ ,Industrials,SE0007100581,BYPC1T4,ASSAB SS Equity,SE ,SEK,3.398256,,11/18/2025
20251118,A88,Etica Azionario,44974,LEGRAND SA,0.002694870623487,0.0,AZ ,Industrials,FR0010307819,B11ZRK9,LR FP Equity,FR ,EUR,3.398256,,11/18/2025
20251118,A88,Etica Azionario,4275,HASBRO INC,0.002673143276245,0.0,AZ ,Consumer Discretionary,US4180561072,2414580,HAS US Equity,US ,USD,3.398256,,11/18/2025
20251118,A88,Etica Azionario,19461,DICK'S SPORTING GOODS INC,0.002640643380416,0.0,AZ ,Consumer Discretionary,US2533931026,2969637,DKS US Equity,US ,USD,3.398256,,11/18/2025
20251118,A88,Etica Azionario,366,MICRON TECHNOLOGY INC,0.002635975497302,0.0,AZ ,Information Technology,US5951121038,2588184,MU US Equity,US ,USD,3.398256,,11/18/2025
20251118,A88,Etica Azionario,276440,DELL TECHNOLOGIES -C,0.002614312422155,0.0,AZ ,Information Technology,US24703L2025,BHKD3S6,DELL US Equity,US ,USD,3.398256,,11/18/2025
20251118,A88,Etica Azionario,3371,ERG SPA,0.002592124844173,0.0,AZ ,Utilities,IT0001157020,5337093,ERG IM Equity,IT ,EUR,3.398256,,11/18/2025
20251118,A88,Etica Azionario,18074,ESTEE LAUDER COMPANIES-CL A,0.002468839645011,0.0,AZ ,Consumer Staples,US5184391044,2320524,EL US Equity,US ,USD,3.398256,,11/18/2025
20251118,A88,Etica Azionario,295,HERSHEY CO/THE,0.002438064272238,0.0,AZ ,Consumer Staples,US4278661081,2422806,HSY US Equity,US ,USD,3.398256,,11/18/2025
20251118,A88,Etica Azionario,2298,TRACTOR SUPPLY COMPANY,0.002434574384959,0.0,AZ ,Consumer Discretionary,US8923561067,2900335,TSCO US Equity,US ,USD,3.398256,,11/18/2025
20251118,A88,Etica Azionario,34107,DAIICHI SANKYO CO LTD,0.002327713287588,0.0,AZ ,Health Care,JP3475350009,B0J7D91,4568 JP Equity,JP ,JPY,3.398256,,11/18/2025
20251118,A88,Etica Azionario,152,BEST BUY CO INC,0.002285510106474,0.0,AZ ,Consumer Discretionary,US0865161014,2094670,BBY US Equity,US ,USD,3.398256,,11/18/2025
20251118,A88,Etica Azionario,31928,DIGITAL REALTY TRUST INC,0.00224605319805,0.0,AZ ,Real Estate,US2538681030,B03GQS4,DLR US Equity,US ,USD,3.398256,,11/18/2025
20251118,A88,Etica Azionario,2985,CANADIAN NATL RAILWAY CO,0.002225561892218,0.0,AZ ,Industrials,CA1363751027,2180632,CNR CN Equity,CA ,CAD,3.398256,,11/18/2025
20251118,A88,Etica Azionario,164954,CAD,0.002211688176454,0.0,LQ ,CASH,,,CAD,CA ,CAD,3.398256,,11/18/2025
20251118,A88,Etica Azionario,242496,PAYPAL HOLDINGS INC,0.002106368202822,0.0,AZ ,Financials,US70450Y1038,BYW36M8,PYPL US Equity,US ,USD,3.398256,,11/18/2025
20251118,A88,Etica Azionario,23481,CBRE GROUP INC,0.002104923735944,0.0,AZ ,Real Estate,US12504L1098,B6WVMH3,CBRE US Equity,US ,USD,3.398256,,11/18/2025
20251118,A88,Etica Azionario,1138,ASICS CORP,0.002044805604588,0.0,AZ ,Consumer Discretionary,JP3118000003,6057378,7936 JP Equity,JP ,JPY,3.398256,,11/18/2025
20251118,A88,Etica Azionario,253654,FERRARI NV,0.002013076202017,0.0,AZ ,Consumer Discretionary,NL0011585146,BZ1GMK5,RACE US Equity,IT ,EUR,3.398256,,11/18/2025
20251118,A88,Etica Azionario,57810,VENTAS INC,0.001978413165109,0.0,AZ ,Real Estate,US92276F1003,2927925,VTR US Equity,US ,USD,3.398256,,11/18/2025
20251118,A88,Etica Azionario,3385,YUM! BRANDS INC,0.00195083443282,0.0,AZ ,Consumer Discretionary,US9884981013,2098876,YUM UN Equity,US ,USD,3.398256,,11/18/2025
20251118,A88,Etica Azionario,164955,CHF,0.001945288267325,0.0,LQ ,CASH,,,CHF,CH ,CHF,3.398256,,11/18/2025
20251118,A88,Etica Azionario,335212,LEVI STRAUSS & CO- CLASS A,0.001918041804787,0.0,AZ ,Consumer Discretionary,US52736R1023,BHRWS81,LEVI US Equity,US ,USD,3.398256,,11/18/2025
20251118,A88,Etica Azionario,67156,KEURIG DR PEPPER INC,0.001904399242145,0.0,AZ ,Consumer Staples,US49271V1008,BD3W133,KDP US Equity,US ,USD,3.398256,,11/18/2025
20251118,A88,Etica Azionario,164963,SGD,0.001840332279243,0.0,LQ ,CASH,,,SGD,SG ,SGD,3.398256,,11/18/2025
20251118,A88,Etica Azionario,1,LG ELECTRONICS INC,0.001826128472153,0.0,AZ ,Consumer Discretionary,KR7066570003,6520739,066570 KS Equity,KR ,KRW,3.398256,,11/18/2025
20251118,A88,Etica Azionario,50381,LULULEMON ATHLETICA INC,0.001825996514526,0.0,AZ ,Consumer Discretionary,US5500211090,B23FN39,LULU US Equity,US ,USD,3.398256,,11/18/2025
20251118,A88,Etica Azionario,1755,SWIRE PACIFIC LTD - CL A,0.001740494130399,0.0,AZ ,Industrials,HK0019000162,6867748,19 HK Equity,HK ,HKD,3.398256,,11/18/2025
20251118,A88,Etica Azionario,387,NORSK HYDRO ASA,0.00173679341624,0.0,AZ ,Materials,NO0005052605,B11HK39,NHY NO Equity,NO ,NOK,3.398256,,11/18/2025
20251118,A88,Etica Azionario,343334,GODADDY INC - CLASS A,0.00171089977238,0.0,AZ ,Information Technology,US3802371076,BWFRFC6,GDDY US Equity,US ,USD,3.398256,,11/18/2025
20251118,A88,Etica Azionario,58909,EDWARDS LIFESCIENCES CORP,0.001678242446798,0.0,AZ ,Health Care,US28176E1082,2567116,EW US Equity,US ,USD,3.398256,,11/18/2025
20251118,A88,Etica Azionario,222506,ORORA LTD,0.001613014555243,0.0,AZ ,Materials,AU000000ORA8,BH4TCW7,ORA AU Equity,AU ,AUD,3.398256,,11/18/2025
20251118,A88,Etica Azionario,173,CADENCE DESIGN SYS INC,0.001542816888694,0.0,AZ ,Information Technology,US1273871087,2302232,CDNS US Equity,US ,USD,3.398256,,11/18/2025
20251118,A88,Etica Azionario,335227,NEXI SPA,0.001494791568309,0.0,AZ ,Financials,IT0005366767,BJ1F880,NEXI IM Equity,IT ,EUR,3.398256,,11/18/2025
20251118,A88,Etica Azionario,235482,MERLIN PROPERTIES SOCIMI SA,0.001444301523717,0.0,AZ ,Real Estate,ES0105025003,BNGNB77,MRL SM Equity,ES ,EUR,3.398256,,11/18/2025
20251118,A88,Etica Azionario,164959,JPY,0.001443512608194,0.0,LQ ,CASH,,,JPY,JP ,JPY,3.398256,,11/18/2025
20251118,A88,Etica Azionario,1010,RELX PLC,0.001433408784426,0.0,AZ ,Industrials,GB00B2B0DG97,B2B0DG9,REL LN Equity,GB ,GBP,3.398256,,11/18/2025
20251118,A88,Etica Azionario,3466,COGNIZANT TECH SOLUTIONS-A,0.001387127833057,0.0,AZ ,Information Technology,US1924461023,2257019,CTSH US Equity,US ,USD,3.398256,,11/18/2025
20251118,A88,Etica Azionario,17956,RENESAS ELECTRONICS CORP,0.001372708773627,0.0,AZ ,Information Technology,JP3164720009,6635677,6723 JP Equity,JP ,JPY,3.398256,,11/18/2025
20251118,A88,Etica Azionario,18075,BE SEMICONDUCTOR INDUSTRIES,0.001362905212208,0.0,AZ ,Information Technology,NL0012866412,BG0SCK9,BESI NA Equity,NL ,EUR,3.398256,,11/18/2025
20251118,A88,Etica Azionario,312,INGERSOLL-RAND INC,0.001334973798162,0.0,AZ ,Industrials,US45687V1061,BL5GZ82,IR UN Equity,US ,USD,3.398256,,11/18/2025
20251118,A88,Etica Azionario,2297,AVALONBAY COMMUNITIES INC,0.001283132358587,0.0,AZ ,Real Estate,US0534841012,2131179,AVB US Equity,US ,USD,3.398256,,11/18/2025
20251118,A88,Etica Azionario,2858,RYOHIN KEIKAKU CO LTD,0.001277723159379,0.0,AZ ,Consumer Discretionary,JP3976300008,6758455,7453 JP Equity,JP ,JPY,3.398256,,11/18/2025
20251118,A88,Etica Azionario,4106,ZIMMER BIOMET HOLDINGS INC,0.001238428672216,0.0,AZ ,Health Care,US98956P1021,2783815,ZBH US Equity,US ,USD,3.398256,,11/18/2025
20251118,A88,Etica Azionario,211955,TECHNOGYM SPA,0.001188160758297,0.0,AZ ,Consumer Discretionary,IT0005162406,BD9Y5C0,TGYM IM Equity,IT ,EUR,3.398256,,11/18/2025
20251118,A88,Etica Azionario,31968,PENTAIR PLC,0.001135561381422,0.0,AZ ,Industrials,IE00BLS09M33,BLS09M3,PNR UN Equity,US ,USD,3.398256,,11/18/2025
20251118,A88,Etica Azionario,235835,RAI WAY SPA,0.001107109975767,0.0,AZ ,Communication Services,IT0005054967,BSM8WL2,RWAY IM Equity,IT ,EUR,3.398256,,11/18/2025
20251118,A88,Etica Azionario,50261,DIASORIN SPA,0.001078927408261,0.0,AZ ,Health Care,IT0003492391,B234WN9,DIA IM Equity,IT ,EUR,3.398256,,11/18/2025
20251118,A88,Etica Azionario,3478,SOL SPA,0.001062058376158,0.0,AZ ,Materials,IT0001206769,5490684,SOL IM Equity,IT ,EUR,3.398256,,11/18/2025
20251118,A88,Etica Azionario,164723,EUR,0.000987948568218,0.0,LQ ,CASH,,,EUR,5A ,EUR,3.398256,,11/18/2025
20251118,A88,Etica Azionario,1024,SSE PLC,0.000974705446269,0.0,AZ ,Utilities,GB0007908733,790873,SSE LN Equity,GB ,GBP,3.398256,,11/18/2025
20251118,A88,Etica Azionario,58590,SYSMEX CORP,0.000971278373085,0.0,AZ ,Health Care,JP3351100007,6883807,6869 JP Equity,JP ,JPY,3.398256,,11/18/2025
20251118,A88,Etica Azionario,164726,SEK,0.000926336295048,0.0,LQ ,CASH,,,SEK,SE ,SEK,3.398256,,11/18/2025
20251118,A88,Etica Azionario,1093,LENDLEASE GROUP,0.000850862827765,0.0,AZ ,Real Estate,AU000000LLC3,6512004,LLC AU Equity,AU ,AUD,3.398256,,11/18/2025
20251118,A88,Etica Azionario,58318,AZBIL CORP,0.000781607492704,0.0,AZ ,Information Technology,JP3937200008,6985543,6845 JP Equity,JP ,JPY,3.398256,,11/18/2025
20251118,A88,Etica Azionario,23349,CORBION NV,0.000738055249406,0.0,AZ ,Materials,NL0010583399,BFRSRR7,CRBN NA Equity,NL ,EUR,3.398256,,11/18/2025
20251118,A88,Etica Azionario,24041,TERNA-RETE ELETTRICA NAZIONA,0.000725954496621,0.0,AZ ,Utilities,IT0003242622,B01BN57,TRN IM Equity,IT ,EUR,3.398256,,11/18/2025
20251118,A88,Etica Azionario,58681,JONES LANG LASALLE INC,0.000628653886247,0.0,AZ ,Real Estate,US48020Q1076,2040640,JLL US Equity,US ,USD,3.398256,,11/18/2025
20251118,A88,Etica Azionario,3672,AMPLIFON SPA,0.000574865432732,0.0,AZ ,Health Care,IT0004056880,B14NJ71,AMP IM Equity,IT ,EUR,3.398256,,11/18/2025
20251118,A88,Etica Azionario,247914,INFRASTRUTTURE WIRELESS ITAL,0.000512166571784,0.0,AZ ,Communication Services,IT0005090300,BZ0P4R4,INW IM Equity,IT ,EUR,3.398256,,11/18/2025
20251118,A88,Etica Azionario,63,HERA SPA,0.000486033009645,0.0,AZ ,Utilities,IT0001250932,7598003,HER IM Equity,IT ,EUR,3.398256,,11/18/2025
20251118,A88,Etica Azionario,3245,EDP SA,0.000463163687757,0.0,AZ ,Utilities,PTEDP0AM0009,4103596,EDP PL Equity,PT ,EUR,3.398256,,11/18/2025
20251118,A88,Etica Azionario,3321,BXP INC,0.000446345085321,0.0,AZ ,Real Estate,US1011211018,2019479,BXP US Equity,US ,USD,3.398256,,11/18/2025
20251118,A88,Etica Azionario,48675,PRYSMIAN SPA,0.000422304748848,0.0,AZ ,Industrials,IT0004176001,B1W4V69,PRY IM Equity,IT ,EUR,3.398256,,11/18/2025
20251118,A88,Etica Azionario,164960,NOK,0.000382626430175,0.0,LQ ,CASH,,,NOK,NO ,NOK,3.398256,,11/18/2025
20251118,A88,Etica Azionario,3476,A2A SPA,0.000310457872783,0.0,AZ ,Utilities,IT0001233417,5499131,A2A IM Equity,IT ,EUR,3.398256,,11/18/2025
20251118,A88,Etica Azionario,164725,HKD,0.000264095564983,0.0,LQ ,CASH,,,HKD,HK ,HKD,3.398256,,11/18/2025
20251118,A88,Etica Azionario,1464,SHISEIDO CO LTD,0.000170558757309,0.0,AZ ,Consumer Staples,JP3351600006,6805265,4911 JP Equity,JP ,JPY,3.398256,,11/18/2025
20251118,A88,Etica Azionario,314765,PIRELLI & C SPA,0.000139236462799,0.0,AZ ,Consumer Discretionary,IT0005278236,BZ5ZHK3,PIRC IM Equity,IT ,EUR,3.398256,,11/18/2025
20251118,A88,Etica Azionario,164722,DKK,0.000069121061787,0.0,LQ ,CASH,,,DKK,DK ,DKK,3.398256,,11/18/2025
20251118,A88,Etica Azionario,222888,UMWELTBANK AG,0.000039799915919,0.0,AZ ,Financials,DE0005570808,7154676,UBK GR Equity,DE ,EUR,3.398256,,11/18/2025
20251118,A88,Etica Azionario,227088,ALPHABET INC-CL A,0.0,0.014043822201558,AZ ,Communication Services,US02079K3059,BYVY8G0,GOOGL US Equity,US ,USD,3.398256,,11/18/2025
20251118,A88,Etica Azionario,28663,ALPHABET INC-CL C,0.0,0.011939858717121,AZ ,Communication Services,US02079K1079,BYY88Y7,GOOG US Equity,US ,USD,3.398256,,11/18/2025
20251118,A88,Etica Azionario,184686,TESLA INC,0.0,0.007378221920013,AZ ,Consumer Discretionary,US88160R1014,B616C79,TSLA US Equity,US ,USD,3.398256,,11/18/2025
20251118,A88,Etica Azionario,50594,BROADCOM INC,0.0,0.012881476600749,AZ ,Information Technology,US11135F1012,BDZ78H9,AVGO US Equity,US ,USD,3.398256,,11/18/2025
20251118,A88,Etica Azionario,3255,AMAZON.COM INC,0.0,0.018002353482837,AZ ,Consumer Discretionary,US0231351067,2000019,AMZN US Equity,US ,USD,3.398256,,11/18/2025
20251118,A88,Etica Azionario,553,MICROSOFT CORP,0.0,0.022151121412752,AZ ,Information Technology,US5949181045,2588173,MSFT US Equity,US ,USD,3.398256,,11/18/2025
20251118,A88,Etica Azionario,534,APPLE INC,0.0,0.03402540247599,AZ ,Information Technology,US0378331005,2046251,AAPL US Equity,US ,USD,3.398256,,11/18/2025
20251118,A88,Etica Azionario,164736,DEBITI COMPENSO REVISIONE,-0.000006898366668,0.0,CD ,CASH,,,DEBITI COMPENSO REVISIONE,5A ,EUR,3.398256,,11/18/2025
20251118,A88,Etica Azionario,164730,DEBITI COMMISSIONE DEPOSITARIA,-0.000102781594668,0.0,CD ,CASH,,,DEBITI COMMISSIONE DEPOSITARIA,5A ,EUR,3.398256,,11/18/2025
20251118,A88,Etica Azionario,164733,DEBITI COMMISSIONE GESTIONE,-0.000166184995789,0.0,CD ,CASH,,,DEBITI COMMISSIONE GESTIONE,5A ,EUR,3.398256,,11/18/2025
20251118,A88,Etica Azionario,172066,ALLINEAMENTO NAV,-0.00033837992132,0.0,OT ,CASH,,,ALLINEAMENTO NAV,5A ,EUR,3.398256,,11/18/2025
20251118,A88,Etica Azionario,179420,DEBITI COMMISSIONE AMMINISTRAZIONE,-0.002044888196032,0.0,CD ,CASH,,,DEBITI COMMISSIONE AMMINISTRAZIONE,5A ,EUR,3.398256,,11/18/2025
20251118,A98,Etica Transizione Climatica,509810,BUONI POLIENNALI DEL TES BTPS 4 10/30/31,0.044701083478915,0.0,OB ,SOVEREIGN,IT0005542359,,ZK0285476 Govt,IT ,EUR,2.731368,B,11/18/2025
20251118,A98,Etica Transizione Climatica,25261,FWD_USD (Nozionale),0.043094807619459,0.0,FW ,CASH,,,FWD_USD (Nozionale),US ,EUR,2.731368,,11/18/2025
20251118,A98,Etica Transizione Climatica,496185,BUNDESOBLIGATION OBL 1.3 10/15/27,0.040781019290015,0.0,OB ,SOVEREIGN,DE0001030740,,BY5766682 Govt,DE ,EUR,2.731368,A,11/18/2025
20251118,A98,Etica Transizione Climatica,102,ADVANCED MICRO DEVICES,0.026222378872189,0.0,AZ ,Information Technology,US0079031078,2007849,AMD US Equity,US ,USD,2.731368,,11/18/2025
20251118,A98,Etica Transizione Climatica,567423,BUONI POLIENNALI DEL TES BTPS 2.1 08/26/27,0.023637933509356,0.0,OB ,SOVEREIGN,IT0005657330,,YN6216934 Govt,IT ,EUR,2.731368,B,11/18/2025
20251118,A98,Etica Transizione Climatica,292486,FRANCE (GOVT OF) FRTR 1 3/4 06/25/39,0.023469338003414,0.0,OB ,SOVEREIGN,FR0013234333,,AL9974240 Govt,FR ,EUR,2.731368,A,11/18/2025
20251118,A98,Etica Transizione Climatica,65876,VISA INC-CLASS A SHARES,0.021832005506119,0.005208703347655,AZ ,Financials,US92826C8394,B2PZN04,V US Equity,US ,USD,2.731368,,11/18/2025
20251118,A98,Etica Transizione Climatica,45465,MASTERCARD INC - A,0.020876063015099,0.0,AZ ,Financials,US57636Q1040,B121557,MA US Equity,US ,USD,2.731368,,11/18/2025
20251118,A98,Etica Transizione Climatica,571738,BUONI POLIENNALI DEL TES BTPS 3 1/4 11/15/32,0.020380306316136,0.0,OB ,SOVEREIGN,IT0005668220,,YL7910596 Govt,IT ,EUR,2.731368,B,11/18/2025
20251118,A98,Etica Transizione Climatica,560705,FRANCE (GOVT OF) FRTR 2.7 02/25/31,0.019135809893442,0.0,OB ,SOVEREIGN,FR001400Z2L7,,YP4842306 Govt,FR ,EUR,2.731368,A,11/18/2025
20251118,A98,Etica Transizione Climatica,554,ORACLE CORP,0.017806462846117,0.0,AZ ,Information Technology,US68389X1054,2661568,ORCL US Equity,US ,USD,2.731368,,11/18/2025
20251118,A98,Etica Transizione Climatica,510744,BUNDESREPUB. DEUTSCHLAND DBR 2.3 02/15/33,0.017756171823351,0.0,OB ,SOVEREIGN,DE000BU3Z005,,ZK3512736 Govt,DE ,EUR,2.731368,A,11/18/2025
20251118,A98,Etica Transizione Climatica,414446,TELEFONICA EUROPE BV TELEFO 2.502 PERP,0.014104708410093,0.0,OB ,INDUSTRIAL,XS2109819859,,ZP7077248 Corp,ES ,EUR,2.731368,C,11/18/2025
20251118,A98,Etica Transizione Climatica,406188,BONOS Y OBLIG DEL ESTADO SPGB 1 07/30/42,0.013694698250282,0.0,OB ,SOVEREIGN,ES0000012J07,,BR3246377 Govt,ES ,EUR,2.731368,A,11/18/2025
20251118,A98,Etica Transizione Climatica,462761,BUNDESREPUB. DEUTSCHLAND DBR 0 08/15/50,0.013341508328792,0.0,OB ,SOVEREIGN,DE0001030724,,BP4742659 Govt,DE ,EUR,2.731368,A,11/18/2025
20251118,A98,Etica Transizione Climatica,571126,AUSTRIAN T-BILL RATB 0 11/27/25,0.012368668727516,0.0,OB ,SOVEREIGN,AT0000A3MUA7,,YL5192205 Govt,AT ,EUR,2.731368,A,11/18/2025
20251118,A98,Etica Transizione Climatica,212675,BUONI POLIENNALI DEL TES BTPS 4.05 10/30/37,0.012312020043033,0.0,OB ,SOVEREIGN,IT0005596470,,YX0762808 Govt,IT ,EUR,2.731368,B,11/18/2025
20251118,A98,Etica Transizione Climatica,300,HOME DEPOT INC,0.011591079241089,0.0,AZ ,Consumer Discretionary,US4370761029,2434209,HD US Equity,US ,USD,2.731368,,11/18/2025
20251118,A98,Etica Transizione Climatica,164723,EUR,0.011372324329692,0.0,LQ ,CASH,,,EUR,5A ,EUR,2.731368,,11/18/2025
20251118,A98,Etica Transizione Climatica,237514,FRANCE (GOVT OF) FRTR 0 11/25/30,0.011335126972682,0.0,OB ,SOVEREIGN,FR0013516549,,BJ7899484 Govt,FR ,EUR,2.731368,A,11/18/2025
20251118,A98,Etica Transizione Climatica,498660,KONINKLIJKE KPN NV KPN 6 PERP,0.011074438213359,0.0,OB ,INDUSTRIAL,XS2486270858,,BZ0016577 Corp,NL ,EUR,2.731368,C,11/18/2025
20251118,A98,Etica Transizione Climatica,201018,ABBVIE INC,0.010682892292435,0.0,AZ ,Health Care,US00287Y1091,B92SR70,ABBV US Equity,US ,USD,2.731368,,11/18/2025
20251118,A98,Etica Transizione Climatica,363,MERCK & CO. INC.,0.010325814422217,0.0,AZ ,Health Care,US58933Y1055,2778844,MRK US Equity,US ,USD,2.731368,,11/18/2025
20251118,A98,Etica Transizione Climatica,579153,FORWARD_USD/EUR,0.010173670451645,0.0,FW ,CASH,,,FORWARD_USD/EUR,US ,USD,2.731368,,11/18/2025
20251118,A98,Etica Transizione Climatica,335553,SFIL SA SFILFR 0 1/4 12/01/31,0.009985792748448,0.0,OB ,Quasi & Foreign Government,FR0014006V25,,BS6018318 Govt,FR ,EUR,2.731368,A,11/18/2025
20251118,A98,Etica Transizione Climatica,542,CISCO SYSTEMS INC,0.008997525569115,0.0,AZ ,Information Technology,US17275R1023,2198163,CSCO US Equity,US ,USD,2.731368,,11/18/2025
20251118,A98,Etica Transizione Climatica,48586,T-MOBILE US INC,0.008525329476495,0.0,AZ ,Communication Services,US8725901040,B94Q9V0,TMUS US Equity,US ,USD,2.731368,,11/18/2025
20251118,A98,Etica Transizione Climatica,427,PROCTER & GAMBLE CO/THE,0.008096246213689,0.0,AZ ,Consumer Staples,US7427181091,2704407,PG US Equity,US ,USD,2.731368,,11/18/2025
20251118,A98,Etica Transizione Climatica,23568,SALESFORCE INC,0.007675171114183,0.0,AZ ,Information Technology,US79466L3024,2310525,CRM US Equity,US ,USD,2.731368,,11/18/2025
20251118,A98,Etica Transizione Climatica,211813,NXP SEMICONDUCTORS NV,0.007645254660885,0.0,AZ ,Information Technology,NL0009538784,B505PN7,NXPI US Equity,US ,USD,2.731368,,11/18/2025
20251118,A98,Etica Transizione Climatica,239100,FORVIA SE EOFP 2 3/8 06/15/29,0.007576215707303,0.0,OB ,INDUSTRIAL,XS2312733871,,BO6324905 Corp,FR ,EUR,2.731368,C,11/18/2025
20251118,A98,Etica Transizione Climatica,423,NEW LINDE PLC,0.007486170223189,0.0,AZ ,Materials,IE000S9YS762,BNZHB81,LIN US Equity,US ,USD,2.731368,,11/18/2025
20251118,A98,Etica Transizione Climatica,149,VERIZON COMMUNICATIONS INC,0.007046704689005,0.0,AZ ,Communication Services,US92343V1044,2090571,VZ US Equity,US ,USD,2.731368,,11/18/2025
20251118,A98,Etica Transizione Climatica,571736,EVONIK INDUSTRIES AG EVKGR 4 1/4 09/09/55,0.007006553784862,0.0,OB ,INDUSTRIAL,DE000A4DFWV3,,YL7830943 Corp,DE ,EUR,2.731368,B,11/18/2025
20251118,A98,Etica Transizione Climatica,407318,ORSTED A/S ORSTED 1 3/4 12/09/3019,0.006879828445233,0.0,OB ,UTILITY,XS2010036874,,ZQ8044799 Corp,DK ,EUR,2.731368,C,11/18/2025
20251118,A98,Etica Transizione Climatica,214,DANAHER CORP,0.006620788278457,0.0,AZ ,Health Care,US2358511028,2250870,DHR US Equity,US ,USD,2.731368,,11/18/2025
20251118,A98,Etica Transizione Climatica,514999,BUNDESREPUB. DEUTSCHLAND DBR 1.8 08/15/53,0.006505873474268,0.0,OB ,SOVEREIGN,DE0001030757,,ZK9574730 Govt,DE ,EUR,2.731368,A,11/18/2025
20251118,A98,Etica Transizione Climatica,504092,EDP SA EDPPL 5.943 04/23/2083,0.006405044538747,0.0,OB ,UTILITY,PTEDP4OM0025,,ZM4793893 Corp,PT ,EUR,2.731368,C,11/18/2025
20251118,A98,Etica Transizione Climatica,336003,TELEFONICA EUROPE BV TELEFO 5.7522 PERP,0.00640462167586,0.0,OB ,INDUSTRIAL,XS2755535577,,ZD4852251 Corp,ES ,EUR,2.731368,C,11/18/2025
20251118,A98,Etica Transizione Climatica,125,ANALOG DEVICES INC,0.006384634510734,0.0,AZ ,Information Technology,US0326541051,2032067,ADI US Equity,US ,USD,2.731368,,11/18/2025
20251118,A98,Etica Transizione Climatica,358,S&P GLOBAL INC,0.006345666359412,0.0,AZ ,Financials,US78409V1044,BYV2325,SPGI US Equity,US ,USD,2.731368,,11/18/2025
20251118,A98,Etica Transizione Climatica,222389,MONCLER SPA,0.006139987590721,0.0,AZ ,Consumer Discretionary,IT0004965148,BGLP232,MONC IM Equity,IT ,EUR,2.731368,,11/18/2025
20251118,A98,Etica Transizione Climatica,510414,REPUBLIC OF AUSTRIA RAGB 2.9 05/23/29,0.006100966823113,0.0,OB ,SOVEREIGN,AT0000A33SH3,,ZK2454146 Govt,AT ,EUR,2.731368,A,11/18/2025
20251118,A98,Etica Transizione Climatica,4289,CRH PLC,0.006076363884032,0.0,SE ,Materials,IE0001827041,182704,CRH LN Equity,US ,USD,2.731368,,11/18/2025
20251118,A98,Etica Transizione Climatica,2839,ASML HOLDING NV,0.006071260846741,0.0,AZ ,Information Technology,NL0010273215,B929F46,ASML NA Equity,NL ,EUR,2.731368,,11/18/2025
20251118,A98,Etica Transizione Climatica,2566,UNITED PARCEL SERVICE-CL B,0.005931346849222,0.0,AZ ,Industrials,US9113121068,2517382,UPS US Equity,US ,USD,2.731368,,11/18/2025
20251118,A98,Etica Transizione Climatica,91,TELECOM ITALIA-RSP,0.00574020258405,0.0,AZ ,Communication Services,IT0003497176,7634402,TITR IM Equity,IT ,EUR,2.731368,,11/18/2025
20251118,A98,Etica Transizione Climatica,434288,GENERALI ASSGEN 2.429 07/14/31,0.005662417283664,0.0,OB ,FINANCIAL,XS2201857534,,BK4009894 Corp,IT ,EUR,2.731368,B,11/18/2025
20251118,A98,Etica Transizione Climatica,164953,AUD,0.005648027289329,0.0,LQ ,CASH,,,AUD,AU ,AUD,2.731368,,11/18/2025
20251118,A98,Etica Transizione Climatica,1821,INTUIT INC,0.005596804610677,0.0,AZ ,Information Technology,US4612021034,2459020,INTU US Equity,US ,USD,2.731368,,11/18/2025
20251118,A98,Etica Transizione Climatica,705,LAM RESEARCH CORP,0.005493058246482,0.0,AZ ,Information Technology,US5128073062,BSML4N7,LRCX US Equity,US ,USD,2.731368,,11/18/2025
20251118,A98,Etica Transizione Climatica,2706,TRANE TECHNOLOGIES PLC,0.005462512896,0.0,AZ ,Industrials,IE00BK9ZQ967,BK9ZQ96,TT US Equity,US ,USD,2.731368,,11/18/2025
20251118,A98,Etica Transizione Climatica,51154,ABN AMRO BANK NV ABNANV 0 1/2 09/23/29,0.00537179352277,0.0,OB ,FINANCIAL,XS2389343380,,BR4722566 Corp,NL ,EUR,2.731368,B,11/18/2025
20251118,A98,Etica Transizione Climatica,1404,OBAYASHI CORP,0.005323564716654,0.0,AZ ,Industrials,JP3190000004,6656407,1802 JP Equity,JP ,JPY,2.731368,,11/18/2025
20251118,A98,Etica Transizione Climatica,2703,LONZA GROUP AG-REG,0.005257373075981,0.0,AZ ,Health Care,CH0013841017,7333378,LONN SW Equity,CH ,CHF,2.731368,,11/18/2025
20251118,A98,Etica Transizione Climatica,216,DEERE & CO,0.005211760118253,0.0,AZ ,Industrials,US2441991054,2261203,DE US Equity,US ,USD,2.731368,,11/18/2025
20251118,A98,Etica Transizione Climatica,500,UNITEDHEALTH GROUP INC,0.004947135531149,0.0,AZ ,Health Care,US91324P1021,2917766,UNH US Equity,US ,USD,2.731368,,11/18/2025
20251118,A98,Etica Transizione Climatica,164724,GBP,0.004941397115386,0.0,LQ ,CASH,,,GBP,GB ,GBP,2.731368,,11/18/2025
20251118,A98,Etica Transizione Climatica,237738,BANCO DE SABADELL SA SABSM 5 1/8 11/10/28,0.004940077819475,0.0,OB ,FINANCIAL,XS2553801502,,ZN1277963 Corp,ES ,EUR,2.731368,A,11/18/2025
20251118,A98,Etica Transizione Climatica,549,INTEL CORP,0.004875314819956,0.0,AZ ,Information Technology,US4581401001,2463247,INTC US Equity,US ,USD,2.731368,,11/18/2025
20251118,A98,Etica Transizione Climatica,1706,TELECOM ITALIA SPA,0.004872211437198,0.0,AZ ,Communication Services,IT0003497168,7634394,TIT IM Equity,IT ,EUR,2.731368,,11/18/2025
20251118,A98,Etica Transizione Climatica,221482,SERVICENOW INC,0.004836605295648,0.0,AZ ,Information Technology,US81762P1021,B80NXX8,NOW US Equity,US ,USD,2.731368,,11/18/2025
20251118,A98,Etica Transizione Climatica,443246,AIB GROUP PLC AIB 2 7/8 05/30/31,0.004780023710185,0.0,OB ,FINANCIAL,XS2230399441,,ZO6167829 Corp,IE ,EUR,2.731368,B,11/18/2025
20251118,A98,Etica Transizione Climatica,454474,BUONI POLIENNALI DEL TES BTPS 0.6 08/01/31,0.004697110932155,0.0,OB ,SOVEREIGN,IT0005436693,,BO0961645 Govt,IT ,EUR,2.731368,B,11/18/2025
20251118,A98,Etica Transizione Climatica,212385,TERNA RETE ELETTRICA TRNIM 2 3/8 PERP,0.004692591682274,0.0,OB ,UTILITY,XS2437854487,,BU0543472 Corp,IT ,EUR,2.731368,B,11/18/2025
20251118,A98,Etica Transizione Climatica,222,DOVER CORP,0.004622488500979,0.0,AZ ,Industrials,US2600031080,2278407,DOV US Equity,US ,USD,2.731368,,11/18/2025
20251118,A98,Etica Transizione Climatica,480,TEXAS INSTRUMENTS INC,0.00462134674526,0.0,AZ ,Information Technology,US8825081040,2885409,TXN US Equity,US ,USD,2.731368,,11/18/2025
20251118,A98,Etica Transizione Climatica,467508,BANCO DE SABADELL SA SABSM 0 7/8 06/16/28,0.004608765926255,0.0,OB ,FINANCIAL,XS2353366268,,BP9815211 Corp,ES ,EUR,2.731368,B,11/18/2025
20251118,A98,Etica Transizione Climatica,237,EMERSON ELECTRIC CO,0.004413486268511,0.0,AZ ,Industrials,US2910111044,2313405,EMR US Equity,US ,USD,2.731368,,11/18/2025
20251118,A98,Etica Transizione Climatica,191474,PALO ALTO NETWORKS INC,0.004379578955393,0.0,AZ ,Information Technology,US6974351057,B87ZMX0,PANW US Equity,US ,USD,2.731368,,11/18/2025
20251118,A98,Etica Transizione Climatica,159,BOSTON SCIENTIFIC CORP,0.004355394448353,0.0,AZ ,Health Care,US1011371077,2113434,BSX US Equity,US ,USD,2.731368,,11/18/2025
20251118,A98,Etica Transizione Climatica,360,MEDTRONIC PLC,0.004342505084622,0.0,AZ ,Health Care,IE00BTN1Y115,BTN1Y11,MDT US Equity,US ,USD,2.731368,,11/18/2025
20251118,A98,Etica Transizione Climatica,497,UNION PACIFIC CORP,0.004245979324579,0.0,AZ ,Industrials,US9078181081,2914734,UNP US Equity,US ,USD,2.731368,,11/18/2025
20251118,A98,Etica Transizione Climatica,303539,ARISTA NETWORKS INC,0.004138572222093,0.0,AZ ,Information Technology,US0404132054,BL9XPM3,ANET US Equity,US ,USD,2.731368,,11/18/2025
20251118,A98,Etica Transizione Climatica,164727,USD,0.00406566759185,0.0,LQ ,CASH,,,USD,US ,USD,2.731368,,11/18/2025
20251118,A98,Etica Transizione Climatica,405936,CARRIER GLOBAL CORP,0.004008232361657,0.0,AZ ,Industrials,US14448C1045,BK4N0D7,CARR US Equity,US ,USD,2.731368,,11/18/2025
20251118,A98,Etica Transizione Climatica,166783,XYLEM INC,0.004004757129651,0.0,AZ ,Industrials,US98419M1009,B3P2CN8,XYL US Equity,US ,USD,2.731368,,11/18/2025
20251118,A98,Etica Transizione Climatica,49402,SARTORIUS STEDIM BIOTECH,0.003668582301452,0.0,AZ ,Health Care,FR0013154002,BYZ2QP5,DIM FP Equity,FR ,EUR,2.731368,,11/18/2025
20251118,A98,Etica Transizione Climatica,3076,WEST JAPAN RAILWAY CO,0.003649172890244,0.0,AZ ,Industrials,JP3659000008,6957995,9021 JP Equity,JP ,JPY,2.731368,,11/18/2025
20251118,A98,Etica Transizione Climatica,344,LOWE'S COS INC,0.003594907163745,0.0,AZ ,Consumer Discretionary,US5486611073,2536763,LOW US Equity,US ,USD,2.731368,,11/18/2025
20251118,A98,Etica Transizione Climatica,1619,LOREAL SA,0.003582177404711,0.0,AZ ,Consumer Staples,FR0000120321,4057808,OR FP Equity,FR ,EUR,2.731368,,11/18/2025
20251118,A98,Etica Transizione Climatica,50917,MSCI INC,0.003578583612246,0.0,AZ ,Financials,US55354G1004,B2972D2,MSCI US Equity,US ,USD,2.731368,,11/18/2025
20251118,A98,Etica Transizione Climatica,51532,VALEO SE FRFP 4 5/8 03/23/32,0.003526502150969,0.0,OB ,INDUSTRIAL,FR0014012SJ2,,YK1767762 Corp,FR ,EUR,2.731368,C,11/18/2025
20251118,A98,Etica Transizione Climatica,1324,MITSUI FUDOSAN CO LTD,0.003500655652789,0.0,AZ ,Real Estate,JP3893200000,6597603,8801 JP Equity,JP ,JPY,2.731368,,11/18/2025
20251118,A98,Etica Transizione Climatica,18091,PROLOGIS INC,0.003443977896776,0.0,AZ ,Real Estate,US74340W1036,B44WZD7,PLD UN Equity,US ,USD,2.731368,,11/18/2025
20251118,A98,Etica Transizione Climatica,533,AMGEN INC,0.003398851236082,0.0,AZ ,Health Care,US0311621009,2023607,AMGN US Equity,US ,USD,2.731368,,11/18/2025
20251118,A98,Etica Transizione Climatica,531,ADOBE INC,0.003355518195623,0.0,AZ ,Information Technology,US00724F1012,2008154,ADBE US Equity,US ,USD,2.731368,,11/18/2025
20251118,A98,Etica Transizione Climatica,543,COMCAST CORP-CLASS A,0.003333845235348,0.0,AZ ,Communication Services,US20030N1019,2044545,CMCSA US Equity,US ,USD,2.731368,,11/18/2025
20251118,A98,Etica Transizione Climatica,335356,TAKEDA PHARMACEUTICAL TACHEM 1 07/09/29,0.003312975071143,0.0,OB ,INDUSTRIAL,XS2197348597,,BK2909210 Corp,JP ,EUR,2.731368,B,11/18/2025
20251118,A98,Etica Transizione Climatica,49400,TOYOTA BOSHOKU CORP,0.003308077832466,0.0,AZ ,Consumer Discretionary,JP3635400009,6900591,3116 JP Equity,JP ,JPY,2.731368,,11/18/2025
20251118,A98,Etica Transizione Climatica,1859,SGS SA,0.003285025335643,0.0,AZ ,Industrials,CH1256740924,BMBQHZ4,SGSN SW Equity,CH ,CHF,2.731368,,11/18/2025
20251118,A98,Etica Transizione Climatica,414185,TELEFONICA EMISIONES SAU TELEFO 0.664 02/03/30,0.003240194174607,0.0,OB ,INDUSTRIAL,XS2112289207,,ZP7076257 Corp,ES ,EUR,2.731368,B,11/18/2025
20251118,A98,Etica Transizione Climatica,454,SONY GROUP CORP,0.003180047479331,0.0,AZ ,Consumer Discretionary,JP3435000009,6821506,6758 JP Equity,JP ,JPY,2.731368,,11/18/2025
20251118,A98,Etica Transizione Climatica,500911,ORSTED A/S ORSTED 5 1/4 12/08/3022,0.003151772324184,0.0,OB ,UTILITY,XS2563353361,,ZN6806667 Corp,DK ,EUR,2.731368,C,11/18/2025
20251118,A98,Etica Transizione Climatica,397638,PROSUS NV,0.003146139895178,0.0,AZ ,Consumer Discretionary,NL0013654783,BJDS7L3,PRX NA Equity,NL ,EUR,2.731368,,11/18/2025
20251118,A98,Etica Transizione Climatica,1658,ATLAS COPCO AB-A SHS,0.003125609268046,0.0,AZ ,Industrials,SE0017486889,BLDBN41,ATCOA SS Equity,SE ,SEK,2.731368,,11/18/2025
20251118,A98,Etica Transizione Climatica,2088,SAP SE,0.00310542913726,0.0,AZ ,Information Technology,DE0007164600,4846288,SAP GY Equity,DE ,EUR,2.731368,,11/18/2025
20251118,A98,Etica Transizione Climatica,1734,NOKIA OYJ,0.003099463699606,0.0,AZ ,Information Technology,FI0009000681,5902941,NOKIA FH Equity,FI ,EUR,2.731368,,11/18/2025
20251118,A98,Etica Transizione Climatica,237579,VONOVIA SE ANNGR 0 5/8 03/24/31,0.00309526040669,0.0,OB ,INDUSTRIAL,DE000A3E5FR9,,BO6329904 Corp,DE ,EUR,2.731368,B,11/18/2025
20251118,A98,Etica Transizione Climatica,184644,ZOETIS INC,0.003088086444252,0.0,AZ ,Health Care,US98978V1035,B95WG16,ZTS US Equity,US ,USD,2.731368,,11/18/2025
20251118,A98,Etica Transizione Climatica,3033,STMICROELECTRONICS NV,0.003063388206649,0.0,SE ,Information Technology,NL0000226223,5962343,STMMI IM Equity,FR ,EUR,2.731368,,11/18/2025
20251118,A98,Etica Transizione Climatica,454000,ORSTED A/S ORSTED 1 1/2 02/18/3021,0.003034866727152,0.0,OB ,UTILITY,XS2293075680,,BO0165460 Corp,DK ,EUR,2.731368,C,11/18/2025
20251118,A98,Etica Transizione Climatica,232,ECOLAB INC,0.003013377045957,0.0,AZ ,Materials,US2788651006,2304227,ECL US Equity,US ,USD,2.731368,,11/18/2025
20251118,A98,Etica Transizione Climatica,2170,DSV A/S,0.003011502845619,0.0,AZ ,Industrials,DK0060079531,B1WT5G2,DSV DC Equity,DK ,DKK,2.731368,,11/18/2025
20251118,A98,Etica Transizione Climatica,1526,TOKYO ELECTRON LTD,0.003010882209134,0.0,AZ ,Information Technology,JP3571400005,6895675,8035 JP Equity,JP ,JPY,2.731368,,11/18/2025
20251118,A98,Etica Transizione Climatica,535701,BUNDESOBLIGATION OBL 2.1 04/12/29,0.002980030670758,0.0,OB ,SOVEREIGN,DE000BU35025,,ZB6879496 Govt,DE ,EUR,2.731368,A,11/18/2025
20251118,A98,Etica Transizione Climatica,23406,IBIDEN CO LTD,0.002956963325889,0.0,AZ ,Information Technology,JP3148800000,6456102,4062 JP Equity,JP ,JPY,2.731368,,11/18/2025
20251118,A98,Etica Transizione Climatica,3092,MTR CORP,0.002954905162991,0.0,AZ ,Industrials,HK0066009694,6290054,66 HK Equity,HK ,HKD,2.731368,,11/18/2025
20251118,A98,Etica Transizione Climatica,406088,CAIXABANK SA CABKSM 1 1/4 06/18/31,0.002945008705495,0.0,OB ,FINANCIAL,XS2310118976,,BO4845729 Corp,ES ,EUR,2.731368,B,11/18/2025
20251118,A98,Etica Transizione Climatica,233530,ZALANDO SE,0.002886555582915,0.0,AZ ,Consumer Discretionary,DE000ZAL1111,BQV0SV7,ZAL GR Equity,DE ,EUR,2.731368,,11/18/2025
20251118,A98,Etica Transizione Climatica,51209,TELEFONICA EUROPE BV TELEFO 7 1/8 PERP,0.002860262924558,0.0,OB ,INDUSTRIAL,XS2462605671,,ZN3747385 Corp,ES ,EUR,2.731368,C,11/18/2025
20251118,A98,Etica Transizione Climatica,392,NOVO NORDISK A/S-B,0.002860107762491,0.0,AZ ,Health Care,DK0062498333,BP6KMJ1,NOVOB DC Equity,DK ,DKK,2.731368,,11/18/2025
20251118,A98,Etica Transizione Climatica,401613,GENERALI ASSGEN 2.124 10/01/30,0.002816836718511,0.0,OB ,FINANCIAL,XS2056491587,,ZR7444998 Corp,IT ,EUR,2.731368,B,11/18/2025
20251118,A98,Etica Transizione Climatica,3760,ABB LTD,0.002774476660995,0.0,AZ ,Industrials,CH0012221716,7108899,ABBN SW Equity,CH ,CHF,2.731368,,11/18/2025
20251118,A98,Etica Transizione Climatica,407479,CNP ASSURANCES SA CNPFP 2 07/27/50,0.002761873534571,0.0,OB ,FINANCIAL,FR0013463775,,ZQ7071975 Corp,FR ,EUR,2.731368,B,11/18/2025
20251118,A98,Etica Transizione Climatica,667,GILEAD SCIENCES INC,0.002576129833224,0.0,AZ ,Health Care,US3755581036,2369174,GILD US Equity,US ,USD,2.731368,,11/18/2025
20251118,A98,Etica Transizione Climatica,41306,CHURCH & DWIGHT CO INC,0.002532753839493,0.0,AZ ,Consumer Staples,US1713401024,2195841,CHD US Equity,US ,USD,2.731368,,11/18/2025
20251118,A98,Etica Transizione Climatica,3218,ROCKWELL AUTOMATION INC,0.002509005558579,0.0,AZ ,Industrials,US7739031091,2754060,ROK US Equity,US ,USD,2.731368,,11/18/2025
20251118,A98,Etica Transizione Climatica,1609,ESSILORLUXOTTICA,0.002508163533033,0.0,AZ ,Health Care,FR0000121667,7212477,EL FP Equity,FR ,EUR,2.731368,,11/18/2025
20251118,A98,Etica Transizione Climatica,41085,ARKEMA,0.002495374417172,0.0,AZ ,Materials,FR0010313833,B0Z5YZ2,AKE FP Equity,FR ,EUR,2.731368,,11/18/2025
20251118,A98,Etica Transizione Climatica,17897,SK HYNIX INC,0.002485338871207,0.0,AZ ,Information Technology,KR7000660001,6450267,000660 KS Equity,KR ,KRW,2.731368,,11/18/2025
20251118,A98,Etica Transizione Climatica,3013,NOVARTIS AG,0.002484525893621,0.0,AZ ,Health Care,CH0012005267,7103065,NOVN SW Equity,CH ,CHF,2.731368,,11/18/2025
20251118,A98,Etica Transizione Climatica,236299,VONOVIA SE,0.002471742646273,0.0,AZ ,Real Estate,DE000A1ML7J1,BBJPFY1,VNA GR Equity,DE ,EUR,2.731368,,11/18/2025
20251118,A98,Etica Transizione Climatica,498384,CAIXABANK SA CABKSM 3 3/4 09/07/29,0.002454139652901,0.0,OB ,FINANCIAL,XS2530034649,,BY7751344 Corp,ES ,EUR,2.731368,A,11/18/2025
20251118,A98,Etica Transizione Climatica,1340,NEC CORP,0.002435517612294,0.0,AZ ,Information Technology,JP3733000008,6640400,6701 JP Equity,JP ,JPY,2.731368,,11/18/2025
20251118,A98,Etica Transizione Climatica,331014,BONOS Y OBLIG DEL ESTADO SPGB 2.7 10/31/48,0.002432550183418,0.0,OB ,SOVEREIGN,ES0000012B47,,AR3918646 Govt,ES ,EUR,2.731368,A,11/18/2025
20251118,A98,Etica Transizione Climatica,237464,INFINEON TECHNOLOGIES AG IFXGR 3 5/8 PERP,0.002421696722303,0.0,OB ,INDUSTRIAL,XS2056730679,,ZR7968624 Corp,DE ,EUR,2.731368,B,11/18/2025
20251118,A98,Etica Transizione Climatica,899,WESTON (GEORGE) LTD,0.002368695589633,0.0,AZ ,Consumer Staples,CA9611485090,2956662,WN CN Equity,CA ,CAD,2.731368,,11/18/2025
20251118,A98,Etica Transizione Climatica,4266,MCCORMICK & CO-NON VTG SHRS,0.002355424866835,0.0,AZ ,Consumer Staples,US5797802064,2550161,MKC UN Equity,US ,USD,2.731368,,11/18/2025
20251118,A98,Etica Transizione Climatica,23481,CBRE GROUP INC,0.002328162925762,0.0,AZ ,Real Estate,US12504L1098,B6WVMH3,CBRE US Equity,US ,USD,2.731368,,11/18/2025
20251118,A98,Etica Transizione Climatica,3011,DEUTSCHE TELEKOM AG,0.002304736941692,0.0,AZ ,Communication Services,DE0005557508,5842359,DTE GR Equity,DE ,EUR,2.731368,,11/18/2025
20251118,A98,Etica Transizione Climatica,23508,LION CORP,0.002303830162173,0.0,AZ ,Consumer Staples,JP3965400009,6518808,4912 JP Equity,JP ,JPY,2.731368,,11/18/2025
20251118,A98,Etica Transizione Climatica,1714,SKF AB-B SHARES,0.002243860877464,0.0,AZ ,Industrials,SE0000108227,B1Q3J35,SKFB SS Equity,SE ,SEK,2.731368,,11/18/2025
20251118,A98,Etica Transizione Climatica,395980,A2A SPA AEMSPA 1 07/16/29,0.002220265036476,0.0,OB ,UTILITY,XS2026150313,,AZ5661402 Corp,IT ,EUR,2.731368,B,11/18/2025
20251118,A98,Etica Transizione Climatica,57392,EQUINIX INC,0.002215601760561,0.0,AZ ,Real Estate,US29444U7000,BVLZX12,EQIX US Equity,US ,USD,2.731368,,11/18/2025
20251118,A98,Etica Transizione Climatica,3466,COGNIZANT TECH SOLUTIONS-A,0.002211781394005,0.0,AZ ,Information Technology,US1924461023,2257019,CTSH US Equity,US ,USD,2.731368,,11/18/2025
20251118,A98,Etica Transizione Climatica,173,CADENCE DESIGN SYS INC,0.002194188806048,0.0,AZ ,Information Technology,US1273871087,2302232,CDNS US Equity,US ,USD,2.731368,,11/18/2025
20251118,A98,Etica Transizione Climatica,178773,SWIRE PROPERTIES LTD,0.002136286734474,0.0,AZ ,Real Estate,HK0000063609,B67C2G0,1972 HK Equity,HK ,HKD,2.731368,,11/18/2025
20251118,A98,Etica Transizione Climatica,148,BECTON DICKINSON AND CO,0.002131826864988,0.0,AZ ,Health Care,US0758871091,2087807,BDX US Equity,US ,USD,2.731368,,11/18/2025
20251118,A98,Etica Transizione Climatica,1580,YASKAWA ELECTRIC CORP,0.002107983085222,0.0,AZ ,Industrials,JP3932000007,6986041,6506 JP Equity,JP ,JPY,2.731368,,11/18/2025
20251118,A98,Etica Transizione Climatica,280,WW GRAINGER INC,0.002078430515077,0.0,AZ ,Industrials,US3848021040,2380863,GWW US Equity,US ,USD,2.731368,,11/18/2025
20251118,A98,Etica Transizione Climatica,238421,BONOS Y OBLIG DEL ESTADO SPGB 2.9 10/31/46,0.002053602745959,0.0,OB ,SOVEREIGN,ES00000128C6,,JK3794373 Govt,ES ,EUR,2.731368,A,11/18/2025
20251118,A98,Etica Transizione Climatica,1826,BEIERSDORF AG,0.002043398026556,0.0,AZ ,Consumer Staples,DE0005200000,5107401,BEI GR Equity,DE ,EUR,2.731368,,11/18/2025
20251118,A98,Etica Transizione Climatica,1040,TATE & LYLE PLC,0.002038196461883,0.0,AZ ,Consumer Staples,GB00BP92CJ43,BP92CJ4,TATE LN Equity,GB ,GBP,2.731368,,11/18/2025
20251118,A98,Etica Transizione Climatica,572909,FORWARD_USD/EUR,0.002034734090329,0.0,FW ,CASH,,,FORWARD_USD/EUR,US ,USD,2.731368,,11/18/2025
20251118,A98,Etica Transizione Climatica,23355,RALPH LAUREN CORP,0.002003765437016,0.0,AZ ,Consumer Discretionary,US7512121010,B4V9661,RL US Equity,US ,USD,2.731368,,11/18/2025
20251118,A98,Etica Transizione Climatica,242496,PAYPAL HOLDINGS INC,0.001988916861999,0.0,AZ ,Financials,US70450Y1038,BYW36M8,PYPL US Equity,US ,USD,2.731368,,11/18/2025
20251118,A98,Etica Transizione Climatica,1337,MURATA MANUFACTURING CO LTD,0.001978991698283,0.0,AZ ,Information Technology,JP3914400001,6610403,6981 JP Equity,JP ,JPY,2.731368,,11/18/2025
20251118,A98,Etica Transizione Climatica,18722,REGENERON PHARMACEUTICALS,0.001952581339712,0.0,AZ ,Health Care,US75886F1075,2730190,REGN US Equity,US ,USD,2.731368,,11/18/2025
20251118,A98,Etica Transizione Climatica,335600,BONOS Y OBLIG DEL ESTADO SPGB 1.9 10/31/52,0.00194903268059,0.0,OB ,SOVEREIGN,ES0000012K46,,BU3617661 Govt,ES ,EUR,2.731368,A,11/18/2025
20251118,A98,Etica Transizione Climatica,58713,UNITED RENTALS INC,0.001946421545867,0.0,AZ ,Industrials,US9113631090,2134781,URI US Equity,US ,USD,2.731368,,11/18/2025
20251118,A98,Etica Transizione Climatica,504076,TELEFONICA EUROPE BV TELEFO 6.135 PERP,0.001934803375095,0.0,OB ,INDUSTRIAL,XS2582389156,,ZM6546588 Corp,ES ,EUR,2.731368,C,11/18/2025
20251118,A98,Etica Transizione Climatica,61108,MERCADOLIBRE INC,0.001920716516557,0.0,AZ ,Consumer Discretionary,US58733R1023,B23X1H3,MELI US Equity,US ,USD,2.731368,,11/18/2025
20251118,A98,Etica Transizione Climatica,406077,COVIVIO COVFP 0 7/8 01/20/33,0.001874694624823,0.0,OB ,INDUSTRIAL,FR0014001LV5,,BN5635907 Corp,FR ,EUR,2.731368,B,11/18/2025
20251118,A98,Etica Transizione Climatica,4223,COLGATE-PALMOLIVE CO,0.001858941096832,0.0,AZ ,Consumer Staples,US1941621039,2209106,CL US Equity,US ,USD,2.731368,,11/18/2025
20251118,A98,Etica Transizione Climatica,4264,AUTODESK INC,0.001848048948311,0.0,AZ ,Information Technology,US0527691069,2065159,ADSK US Equity,US ,USD,2.731368,,11/18/2025
20251118,A98,Etica Transizione Climatica,212634,VALMET CORP VALMTF 4 03/13/29,0.001847657560923,0.0,OB ,INDUSTRIAL,FI4000567094,,ZD4396341 Corp,FI ,EUR,2.731368,NR,11/18/2025
20251118,A98,Etica Transizione Climatica,212462,ORSTED A/S ORSTED 3 3/4 03/01/30,0.001846474218894,0.0,OB ,UTILITY,XS2591029876,,ZL2347488 Corp,DK ,EUR,2.731368,B,11/18/2025
20251118,A98,Etica Transizione Climatica,188,THE CIGNA GROUP,0.001748101939511,0.0,AZ ,Health Care,US1255231003,BHJ0775,CI US Equity,US ,USD,2.731368,,11/18/2025
20251118,A98,Etica Transizione Climatica,2298,TRACTOR SUPPLY COMPANY,0.00173851566474,0.0,AZ ,Consumer Discretionary,US8923561067,2900335,TSCO US Equity,US ,USD,2.731368,,11/18/2025
20251118,A98,Etica Transizione Climatica,217849,C/COLLATERALE GARANZIA ,0.001732271885169,0.0,CD ,CASH,,,C/COLLATERALE GARANZIA ,5A ,EUR,2.731368,,11/18/2025
20251118,A98,Etica Transizione Climatica,54495,HILTON WORLDWIDE HOLDINGS IN,0.00172169945276,0.0,AZ ,Consumer Discretionary,US43300A2033,BYVMW06,HLT UN Equity,US ,USD,2.731368,,11/18/2025
20251118,A98,Etica Transizione Climatica,58909,EDWARDS LIFESCIENCES CORP,0.001702979568252,0.0,AZ ,Health Care,US28176E1082,2567116,EW US Equity,US ,USD,2.731368,,11/18/2025
20251118,A98,Etica Transizione Climatica,1001,PERSIMMON PLC,0.001700555318562,0.0,AZ ,Consumer Discretionary,GB0006825383,682538,PSN LN Equity,GB ,GBP,2.731368,,11/18/2025
20251118,A98,Etica Transizione Climatica,88166,REXEL SA,0.001697474313928,0.0,AZ ,Industrials,FR0010451203,B1VP0K0,RXL FP Equity,FR ,EUR,2.731368,,11/18/2025
20251118,A98,Etica Transizione Climatica,34925,SUMCO CORP,0.001657037302104,0.0,AZ ,Information Technology,JP3322930003,B0M0C89,3436 JP Equity,JP ,JPY,2.731368,,11/18/2025
20251118,A98,Etica Transizione Climatica,2288,SIMON PROPERTY GROUP INC,0.001643595532188,0.0,AZ ,Real Estate,US8288061091,2812452,SPG US Equity,US ,USD,2.731368,,11/18/2025
20251118,A98,Etica Transizione Climatica,1499,TAKEDA PHARMACEUTICAL CO LTD,0.001634209764942,0.0,AZ ,Health Care,JP3463000004,6870445,4502 JP Equity,JP ,JPY,2.731368,,11/18/2025
20251118,A98,Etica Transizione Climatica,44974,LEGRAND SA,0.001609500473794,0.0,AZ ,Industrials,FR0010307819,B11ZRK9,LR FP Equity,FR ,EUR,2.731368,,11/18/2025
20251118,A98,Etica Transizione Climatica,18074,ESTEE LAUDER COMPANIES-CL A,0.001557958656453,0.0,AZ ,Consumer Staples,US5184391044,2320524,EL US Equity,US ,USD,2.731368,,11/18/2025
20251118,A98,Etica Transizione Climatica,2658,ASSA ABLOY AB-B,0.001548740825306,0.0,AZ ,Industrials,SE0007100581,BYPC1T4,ASSAB SS Equity,SE ,SEK,2.731368,,11/18/2025
20251118,A98,Etica Transizione Climatica,739,PAYCHEX INC,0.001535299491405,0.0,AZ ,Industrials,US7043261079,2674458,PAYX US Equity,US ,USD,2.731368,,11/18/2025
20251118,A98,Etica Transizione Climatica,536433,EDP SA EDPPL 4 3/4 05/29/54,0.001490890333012,0.0,OB ,UTILITY,PTEDPZOM0011,,YX2446822 Corp,PT ,EUR,2.731368,C,11/18/2025
20251118,A98,Etica Transizione Climatica,2985,CANADIAN NATL RAILWAY CO,0.001463092212545,0.0,AZ ,Industrials,CA1363751027,2180632,CNR CN Equity,CA ,CAD,2.731368,,11/18/2025
20251118,A98,Etica Transizione Climatica,19461,DICK'S SPORTING GOODS INC,0.001457252853646,0.0,AZ ,Consumer Discretionary,US2533931026,2969637,DKS US Equity,US ,USD,2.731368,,11/18/2025
20251118,A98,Etica Transizione Climatica,3065,ELEVANCE HEALTH INC,0.001409149030358,0.0,AZ ,Health Care,US0367521038,BSPHGL4,ELV US Equity,US ,USD,2.731368,,11/18/2025
20251118,A98,Etica Transizione Climatica,1288,KURITA WATER INDUSTRIES LTD,0.001407441080984,0.0,AZ ,Industrials,JP3270000007,6497963,6370 JP Equity,JP ,JPY,2.731368,,11/18/2025
20251118,A98,Etica Transizione Climatica,134921,POLA ORBIS HOLDINGS INC,0.001349529782411,0.0,AZ ,Consumer Staples,JP3855900001,B5N4QN8,4927 JP Equity,JP ,JPY,2.731368,,11/18/2025
20251118,A98,Etica Transizione Climatica,295,HERSHEY CO/THE,0.001340900605533,0.0,AZ ,Consumer Staples,US4278661081,2422806,HSY US Equity,US ,USD,2.731368,,11/18/2025
20251118,A98,Etica Transizione Climatica,57681,OWENS CORNING,0.001304772625916,0.0,AZ ,Industrials,US6907421019,B1FW7Q2,OC US Equity,US ,USD,2.731368,,11/18/2025
20251118,A98,Etica Transizione Climatica,152,BEST BUY CO INC,0.001297059962275,0.0,AZ ,Consumer Discretionary,US0865161014,2094670,BBY US Equity,US ,USD,2.731368,,11/18/2025
20251118,A98,Etica Transizione Climatica,335810,CREDITO EMILIANO SPA CRDEM 5 5/8 05/30/29,0.00128470568201,0.0,OB ,FINANCIAL,XS2606341787,,ZK7619628 Corp,IT ,EUR,2.731368,B,11/18/2025
20251118,A98,Etica Transizione Climatica,350,PANASONIC HOLDINGS CORP,0.001280323269824,0.0,AZ ,Consumer Discretionary,JP3866800000,6572707,6752 JP Equity,JP ,JPY,2.731368,,11/18/2025
20251118,A98,Etica Transizione Climatica,512180,BANCO DE SABADELL SA SABSM 5 06/07/29,0.001268501162336,0.0,OB ,FINANCIAL,XS2598331242,,ZK8294942 Corp,ES ,EUR,2.731368,A,11/18/2025
20251118,A98,Etica Transizione Climatica,335766,NOKIA OYJ NOKIA 4 3/8 08/21/31,0.001245324142267,0.0,OB ,INDUSTRIAL,XS2488809612,,ZM9740188 Corp,FI ,EUR,2.731368,C,11/18/2025
20251118,A98,Etica Transizione Climatica,944,CRODA INTERNATIONAL PLC,0.00123406204175,0.0,AZ ,Materials,GB00BJFFLV09,BJFFLV0,CRDA LN Equity,GB ,GBP,2.731368,,11/18/2025
20251118,A98,Etica Transizione Climatica,271454,COVIVIO COVFP 1 7/8 05/20/26,0.001186687929155,0.0,OB ,INDUSTRIAL,FR0013170834,,JK9255643 Corp,FR ,EUR,2.731368,B,11/18/2025
20251118,A98,Etica Transizione Climatica,51536,RENAULT SA RENAUL 3 7/8 09/30/30,0.00118421647211,0.0,OB ,INDUSTRIAL,FR0014010DR1,,YK3273678 Corp,FR ,EUR,2.731368,C,11/18/2025
20251118,A98,Etica Transizione Climatica,128293,TERNA RETE ELETTRICA TRNIM 1 04/10/26,0.001179738655344,0.0,OB ,UTILITY,XS1980270810,,ZS0232844 Corp,IT ,EUR,2.731368,B,11/18/2025
20251118,A98,Etica Transizione Climatica,454914,BUONI POLIENNALI DEL TES BTPS 1 1/2 04/30/45,0.001174349274689,0.0,OB ,SOVEREIGN,IT0005438004,,BO3833387 Govt,IT ,EUR,2.731368,B,11/18/2025
20251118,A98,Etica Transizione Climatica,68606,EDP RENOVAVEIS SA,0.001174197494676,0.0,AZ ,Utilities,ES0127797019,B39GNW2,EDPR PL Equity,PT ,EUR,2.731368,,11/18/2025
20251118,A98,Etica Transizione Climatica,451544,EDP SA EDPPL 1 7/8 08/02/2081,0.001174171534166,0.0,OB ,UTILITY,PTEDPROM0029,,BN7191719 Corp,PT ,EUR,2.731368,C,11/18/2025
20251118,A98,Etica Transizione Climatica,239013,KLEPIERRE SA LIFP 2 05/12/29,0.00115515544295,0.0,OB ,INDUSTRIAL,FR0013512233,,BJ2958731 Corp,FR ,EUR,2.731368,A,11/18/2025
20251118,A98,Etica Transizione Climatica,1138,ASICS CORP,0.001147246690845,0.0,AZ ,Consumer Discretionary,JP3118000003,6057378,7936 JP Equity,JP ,JPY,2.731368,,11/18/2025
20251118,A98,Etica Transizione Climatica,3385,YUM! BRANDS INC,0.001101771006827,0.0,AZ ,Consumer Discretionary,US9884981013,2098876,YUM UN Equity,US ,USD,2.731368,,11/18/2025
20251118,A98,Etica Transizione Climatica,387,NORSK HYDRO ASA,0.001071978322587,0.0,AZ ,Materials,NO0005052605,B11HK39,NHY NO Equity,NO ,NOK,2.731368,,11/18/2025
20251118,A98,Etica Transizione Climatica,67156,KEURIG DR PEPPER INC,0.001060055766898,0.0,AZ ,Consumer Staples,US49271V1008,BD3W133,KDP US Equity,US ,USD,2.731368,,11/18/2025
20251118,A98,Etica Transizione Climatica,2297,AVALONBAY COMMUNITIES INC,0.001039448177402,0.0,AZ ,Real Estate,US0534841012,2131179,AVB US Equity,US ,USD,2.731368,,11/18/2025
20251118,A98,Etica Transizione Climatica,312,INGERSOLL-RAND INC,0.001031710048186,0.0,AZ ,Industrials,US45687V1061,BL5GZ82,IR UN Equity,US ,USD,2.731368,,11/18/2025
20251118,A98,Etica Transizione Climatica,50381,LULULEMON ATHLETICA INC,0.001030599591202,0.0,AZ ,Consumer Discretionary,US5500211090,B23FN39,LULU US Equity,US ,USD,2.731368,,11/18/2025
20251118,A98,Etica Transizione Climatica,1,LG ELECTRONICS INC,0.000999840252114,0.0,AZ ,Consumer Discretionary,KR7066570003,6520739,066570 KS Equity,KR ,KRW,2.731368,,11/18/2025
20251118,A98,Etica Transizione Climatica,318,INTL FLAVORS & FRAGRANCES,0.000929370901538,0.0,AZ ,Materials,US4595061015,2464165,IFF US Equity,US ,USD,2.731368,,11/18/2025
20251118,A98,Etica Transizione Climatica,1010,RELX PLC,0.000866109027557,0.0,AZ ,Industrials,GB00B2B0DG97,B2B0DG9,REL LN Equity,GB ,GBP,2.731368,,11/18/2025
20251118,A98,Etica Transizione Climatica,235482,MERLIN PROPERTIES SOCIMI SA,0.000844273775797,0.0,AZ ,Real Estate,ES0105025003,BNGNB77,MRL SM Equity,ES ,EUR,2.731368,,11/18/2025
20251118,A98,Etica Transizione Climatica,238905,BONOS Y OBLIG DEL ESTADO SPGB 1.85 07/30/35,0.000793076515583,0.0,OB ,SOVEREIGN,ES0000012E69,,AX4147556 Govt,ES ,EUR,2.731368,A,11/18/2025
20251118,A98,Etica Transizione Climatica,57810,VENTAS INC,0.000787282773177,0.0,AZ ,Real Estate,US92276F1003,2927925,VTR US Equity,US ,USD,2.731368,,11/18/2025
20251118,A98,Etica Transizione Climatica,164954,CAD,0.000766694026557,0.0,LQ ,CASH,,,CAD,CA ,CAD,2.731368,,11/18/2025
20251118,A98,Etica Transizione Climatica,51336,AIB GROUP PLC AIB 4 5/8 05/20/35,0.000749558746593,0.0,OB ,FINANCIAL,XS2823235085,,YX0681750 Corp,IE ,EUR,2.731368,B,11/18/2025
20251118,A98,Etica Transizione Climatica,126664,LYONDELLBASELL INDU-CL A,0.000744701385522,0.0,AZ ,Materials,NL0009434992,B3SPXZ3,LYB US Equity,US ,USD,2.731368,,11/18/2025
20251118,A98,Etica Transizione Climatica,335227,NEXI SPA,0.000743687075521,0.0,AZ ,Financials,IT0005366767,BJ1F880,NEXI IM Equity,IT ,EUR,2.731368,,11/18/2025
20251118,A98,Etica Transizione Climatica,164959,JPY,0.000693115825371,0.0,LQ ,CASH,,,JPY,JP ,JPY,2.731368,,11/18/2025
20251118,A98,Etica Transizione Climatica,63,HERA SPA,0.000688552031355,0.0,AZ ,Utilities,IT0001250932,7598003,HER IM Equity,IT ,EUR,2.731368,,11/18/2025
20251118,A98,Etica Transizione Climatica,382187,NOKIA OYJ NOKIA 2 03/11/26,0.000672628493252,0.0,OB ,INDUSTRIAL,XS1960685383,,AX4993215 Corp,FI ,EUR,2.731368,C,11/18/2025
20251118,A98,Etica Transizione Climatica,2858,RYOHIN KEIKAKU CO LTD,0.000656426731073,0.0,AZ ,Consumer Discretionary,JP3976300008,6758455,7453 JP Equity,JP ,JPY,2.731368,,11/18/2025
20251118,A98,Etica Transizione Climatica,164726,SEK,0.000609158593451,0.0,LQ ,CASH,,,SEK,SE ,SEK,2.731368,,11/18/2025
20251118,A98,Etica Transizione Climatica,405937,EDP SA EDPPL 1 5/8 04/15/27,0.000588896409541,0.0,OB ,UTILITY,PTEDPNOM0015,,BH6216601 Corp,PT ,EUR,2.731368,B,11/18/2025
20251118,A98,Etica Transizione Climatica,1024,SSE PLC,0.000579183242908,0.0,AZ ,Utilities,GB0007908733,790873,SSE LN Equity,GB ,GBP,2.731368,,11/18/2025
20251118,A98,Etica Transizione Climatica,253654,FERRARI NV,0.000571896388195,0.0,AZ ,Consumer Discretionary,NL0011585146,BZ1GMK5,RACE US Equity,IT ,EUR,2.731368,,11/18/2025
20251118,A98,Etica Transizione Climatica,237336,OBRIGACOES DO TESOURO PGB 2 1/4 04/18/34,0.000568433694538,0.0,OB ,SOVEREIGN,PTOTEWOE0017,,AS1769569 Govt,PT ,EUR,2.731368,A,11/18/2025
20251118,A98,Etica Transizione Climatica,164725,HKD,0.000559228283899,0.0,LQ ,CASH,,,HKD,HK ,HKD,2.731368,,11/18/2025
20251118,A98,Etica Transizione Climatica,164955,CHF,0.000553844182549,0.0,LQ ,CASH,,,CHF,CH ,CHF,2.731368,,11/18/2025
20251118,A98,Etica Transizione Climatica,677,BIOGEN INC,0.00050309112634,0.0,AZ ,Health Care,US09062X1037,2455965,BIIB US Equity,US ,USD,2.731368,,11/18/2025
20251118,A98,Etica Transizione Climatica,48675,PRYSMIAN SPA,0.000491628094068,0.0,AZ ,Industrials,IT0004176001,B1W4V69,PRY IM Equity,IT ,EUR,2.731368,,11/18/2025
20251118,A98,Etica Transizione Climatica,238405,BUONI POLIENNALI DEL TES BTPS 2.7 03/01/47,0.0004782765437,0.0,OB ,SOVEREIGN,IT0005162828,,JV9105265 Govt,IT ,EUR,2.731368,B,11/18/2025
20251118,A98,Etica Transizione Climatica,24041,TERNA-RETE ELETTRICA NAZIONA,0.000468689809346,0.0,AZ ,Utilities,IT0003242622,B01BN57,TRN IM Equity,IT ,EUR,2.731368,,11/18/2025
20251118,A98,Etica Transizione Climatica,3476,A2A SPA,0.000434653589275,0.0,AZ ,Utilities,IT0001233417,5499131,A2A IM Equity,IT ,EUR,2.731368,,11/18/2025
20251118,A98,Etica Transizione Climatica,503621,A2A SPA AEMSPA 4 3/8 02/03/34,0.000384281727154,0.0,OB ,UTILITY,XS2583205906,,ZM7159977 Corp,IT ,EUR,2.731368,B,11/18/2025
20251118,A98,Etica Transizione Climatica,164722,DKK,0.000379849986464,0.0,LQ ,CASH,,,DKK,DK ,DKK,2.731368,,11/18/2025
20251118,A98,Etica Transizione Climatica,3371,ERG SPA,0.000330135503847,0.0,AZ ,Utilities,IT0001157020,5337093,ERG IM Equity,IT ,EUR,2.731368,,11/18/2025
20251118,A98,Etica Transizione Climatica,128479,BELGIUM KINGDOM BGB 3.3 06/22/54,0.000255769719946,0.0,OB ,SOVEREIGN,BE0000358672,,ZL0747895 Govt,BE ,EUR,2.731368,A,11/18/2025
20251118,A98,Etica Transizione Climatica,314765,PIRELLI & C SPA,0.000153040069722,0.0,AZ ,Consumer Discretionary,IT0005278236,BZ5ZHK3,PIRC IM Equity,IT ,EUR,2.731368,,11/18/2025
20251118,A98,Etica Transizione Climatica,164960,NOK,0.000142984231428,0.0,LQ ,CASH,,,NOK,NO ,NOK,2.731368,,11/18/2025
20251118,A98,Etica Transizione Climatica,51421,FRENCH DISCOUNT T-BILL BTF 0 12/31/25,0.0,0.006820612,OB ,SOVEREIGN,FR0128690742,,YS3714856 Govt,FR ,EUR,2.731368,A,11/18/2025
20251118,A98,Etica Transizione Climatica,227088,ALPHABET INC-CL A,0.0,0.00780212344531,AZ ,Communication Services,US02079K3059,BYVY8G0,GOOGL US Equity,US ,USD,2.731368,,11/18/2025
20251118,A98,Etica Transizione Climatica,553272,GERMAN TREASURY BILL BUBILL 0 01/14/26,0.0,0.004961522,OB ,SOVEREIGN,DE000BU0E246,,YS4477537 Govt,DE ,EUR,2.731368,A,11/18/2025
20251118,A98,Etica Transizione Climatica,28663,ALPHABET INC-CL C,0.0,0.006633254842845,AZ ,Communication Services,US02079K1079,BYY88Y7,GOOG US Equity,US ,USD,2.731368,,11/18/2025
20251118,A98,Etica Transizione Climatica,50594,BROADCOM INC,0.0,0.007156375889305,AZ ,Information Technology,US11135F1012,BDZ78H9,AVGO US Equity,US ,USD,2.731368,,11/18/2025
20251118,A98,Etica Transizione Climatica,3255,AMAZON.COM INC,0.0,0.010001307490465,AZ ,Consumer Discretionary,US0231351067,2000019,AMZN US Equity,US ,USD,2.731368,,11/18/2025
20251118,A98,Etica Transizione Climatica,3458,NVIDIA CORP,0.0,0.03105218438754,AZ ,Information Technology,US67066G1040,2379504,NVDA US Equity,US ,USD,2.731368,,11/18/2025
20251118,A98,Etica Transizione Climatica,534,APPLE INC,0.0,0.01890300137555,AZ ,Information Technology,US0378331005,2046251,AAPL US Equity,US ,USD,2.731368,,11/18/2025
20251118,A98,Etica Transizione Climatica,553,MICROSOFT CORP,0.0,0.01230617856264,AZ ,Information Technology,US5949181045,2588173,MSFT US Equity,US ,USD,2.731368,,11/18/2025
20251118,A98,Etica Transizione Climatica,164736,DEBITI COMPENSO REVISIONE,-0.000005687048599,0.0,CD ,CASH,,,DEBITI COMPENSO REVISIONE,5A ,EUR,2.731368,,11/18/2025
20251118,A98,Etica Transizione Climatica,164733,DEBITI COMMISSIONE GESTIONE,-0.000032879038884,0.0,CD ,CASH,,,DEBITI COMMISSIONE GESTIONE,5A ,EUR,2.731368,,11/18/2025
20251118,A98,Etica Transizione Climatica,164730,DEBITI COMMISSIONE DEPOSITARIA,-0.00011795005092,0.0,CD ,CASH,,,DEBITI COMMISSIONE DEPOSITARIA,5A ,EUR,2.731368,,11/18/2025
20251118,A98,Etica Transizione Climatica,172066,ALLINEAMENTO NAV,-0.000983958347457,0.0,OT ,CASH,,,ALLINEAMENTO NAV,5A ,EUR,2.731368,,11/18/2025
20251118,A98,Etica Transizione Climatica,179420,DEBITI COMMISSIONE AMMINISTRAZIONE,-0.002630287180781,0.0,CD ,CASH,,,DEBITI COMMISSIONE AMMINISTRAZIONE,5A ,EUR,2.731368,,11/18/2025
20251118,A98,Etica Transizione Climatica,573180,FORWARD_USD/EUR,-0.013225771587139,0.0,FW ,CASH,,,FORWARD_USD/EUR,US ,USD,2.731368,,11/18/2025
20251118,A98,Etica Transizione Climatica,578038,FORWARD_USD/EUR,-0.015260505677468,0.0,FW ,CASH,,,FORWARD_USD/EUR,US ,USD,2.731368,,11/18/2025
20251118,A98,Etica Transizione Climatica,572000,FORWARD_USD/EUR,-0.027468910219442,0.0,FW ,CASH,,,FORWARD_USD/EUR,US ,USD,2.731368,,11/18/2025
20251118,A99,Etica Obiettivo Sociale,496185,BUNDESOBLIGATION OBL 1.3 10/15/27,0.095035471142826,0.0,OB ,SOVEREIGN,DE0001030740,,BY5766682 Govt,DE ,EUR,,A,11/18/2025
20251118,A99,Etica Obiettivo Sociale,571126,AUSTRIAN T-BILL RATB 0 11/27/25,0.086224919205218,0.0,OB ,SOVEREIGN,AT0000A3MUA7,,YL5192205 Govt,AT ,EUR,,A,11/18/2025
20251118,A99,Etica Obiettivo Sociale,574251,AUSTRIAN T-BILL RATB 0 03/26/26,0.061213390894803,0.0,OB ,SOVEREIGN,AT0000A3MUC3,,YK2495496 Govt,AT ,EUR,,A,11/18/2025
20251118,A99,Etica Obiettivo Sociale,3458,NVIDIA CORP,0.044545781698495,0.024841747510032,AZ ,Information Technology,US67066G1040,2379504,NVDA US Equity,US ,USD,,,11/18/2025
20251118,A99,Etica Obiettivo Sociale,212675,BUONI POLIENNALI DEL TES BTPS 4.05 10/30/37,0.032186252928189,0.0,OB ,SOVEREIGN,IT0005596470,,YX0762808 Govt,IT ,EUR,,B,11/18/2025
20251118,A99,Etica Obiettivo Sociale,164723,EUR,0.029110983282407,0.0,LQ ,CASH,,,EUR,5A ,EUR,,,11/18/2025
20251118,A99,Etica Obiettivo Sociale,523098,FRANCE (GOVT OF) FRTR 3 1/2 11/25/33,0.026024163238078,0.0,OB ,SOVEREIGN,FR001400L834,,ZH2111115 Govt,FR ,EUR,,A,11/18/2025
20251118,A99,Etica Obiettivo Sociale,5650,BUONI POLIENNALI DEL TES BTPS 3.6 10/01/35,0.025113244742349,0.0,OB ,SOVEREIGN,IT0005648149,,YP9041896 Govt,IT ,EUR,,B,11/18/2025
20251118,A99,Etica Obiettivo Sociale,164722,DKK,0.016084416100225,0.0,LQ ,CASH,,,DKK,DK ,DKK,,,11/18/2025
20251118,A99,Etica Obiettivo Sociale,164727,USD,0.013360606398807,0.0,LQ ,CASH,,,USD,US ,USD,,,11/18/2025
20251118,A99,Etica Obiettivo Sociale,510999,COUNCIL OF EUROPE COE 2 7/8 04/13/30,0.012680374379255,0.0,OB ,Quasi & Foreign Government,XS2610236528,,ZK0252484 Corp,SNA,EUR,,A,11/18/2025
20251118,A99,Etica Obiettivo Sociale,535701,BUNDESOBLIGATION OBL 2.1 04/12/29,0.012464699699785,0.0,OB ,SOVEREIGN,DE000BU35025,,ZB6879496 Govt,DE ,EUR,,A,11/18/2025
20251118,A99,Etica Obiettivo Sociale,51309,NEDER WATERSCHAPSBANK NEDWBK 2 5/8 01/10/34,0.012291701632097,0.0,OB ,Quasi & Foreign Government,XS2744491874,,ZF0683689 Govt,NL ,EUR,,A,11/18/2025
20251118,A99,Etica Obiettivo Sociale,509810,BUONI POLIENNALI DEL TES BTPS 4 10/30/31,0.011817120408257,0.0,OB ,SOVEREIGN,IT0005542359,,ZK0285476 Govt,IT ,EUR,,B,11/18/2025
20251118,A99,Etica Obiettivo Sociale,36611,FRANCE (GOVT OF) FRTR 3.15 07/25/32,0.01120703031383,0.0,OB ,SOVEREIGN,FR0000188799,,EC7356149 Govt,FR ,EUR,,A,11/18/2025
20251118,A99,Etica Obiettivo Sociale,201018,ABBVIE INC,0.011198562888603,0.0,AZ ,Health Care,US00287Y1091,B92SR70,ABBV US Equity,US ,USD,,,11/18/2025
20251118,A99,Etica Obiettivo Sociale,444118,EUROPEAN UNION EU 0 10/04/30,0.010935011490468,0.0,OB ,Quasi & Foreign Government,EU000A283859,,BM0350801 Govt,SNA,EUR,,A,11/18/2025
20251118,A99,Etica Obiettivo Sociale,431765,PEARSON FUNDING PLC PSON 3 3/4 06/04/30,0.010913700417364,0.0,OB ,INDUSTRIAL,XS2044910466,,BJ7575753 Corp,GB ,GBP,,B,11/18/2025
20251118,A99,Etica Obiettivo Sociale,534124,VONOVIA SE ANNGR 4 1/4 04/10/34,0.010369154219904,0.0,OB ,INDUSTRIAL,DE000A3829J7,,ZB1768538 Corp,DE ,EUR,,B,11/18/2025
20251118,A99,Etica Obiettivo Sociale,335900,BPIFRANCE SACA BPIFRA 3 1/2 09/27/27,0.010103647975901,0.0,OB ,Quasi & Foreign Government,FR001400LPZ1,,ZH5233460 Govt,FR ,EUR,,A,11/18/2025
20251118,A99,Etica Obiettivo Sociale,554,ORACLE CORP,0.009976151706025,0.0,AZ ,Information Technology,US68389X1054,2661568,ORCL US Equity,US ,USD,,,11/18/2025
20251118,A99,Etica Obiettivo Sociale,488986,AIB GROUP PLC AIB 2 1/4 04/04/28,0.009950340938539,0.0,OB ,FINANCIAL,XS2464405229,,BV5708540 Corp,IE ,EUR,,A,11/18/2025
20251118,A99,Etica Obiettivo Sociale,510744,BUNDESREPUB. DEUTSCHLAND DBR 2.3 02/15/33,0.009902598288979,0.0,OB ,SOVEREIGN,DE000BU3Z005,,ZK3512736 Govt,DE ,EUR,,A,11/18/2025
20251118,A99,Etica Obiettivo Sociale,335439,FRANCE (GOVT OF) FRTR 0 1/2 06/25/44,0.009447978082057,0.0,OB ,SOVEREIGN,FR0014002JM6,,BO6060129 Govt,FR ,EUR,,A,11/18/2025
20251118,A99,Etica Obiettivo Sociale,483520,BANCO DO BRASIL (CAYMAN) BANBRA 4 7/8 01/11/29,0.008579176755331,0.0,OB ,FINANCIAL,USP3772WAK82,,BT3700478 Corp,BR ,USD,,C,11/18/2025
20251118,A99,Etica Obiettivo Sociale,577,APPLIED MATERIALS INC,0.008542715626754,0.0,AZ ,Information Technology,US0382221051,2046552,AMAT US Equity,US ,USD,,,11/18/2025
20251118,A99,Etica Obiettivo Sociale,237094,BONOS Y OBLIG DEL ESTADO SPGB 3.45 07/30/66,0.007567575687781,0.0,OB ,SOVEREIGN,ES00000128E2,,LW0882867 Govt,ES ,EUR,,A,11/18/2025
20251118,A99,Etica Obiettivo Sociale,427,PROCTER & GAMBLE CO/THE,0.007468456721558,0.0,AZ ,Consumer Staples,US7427181091,2704407,PG US Equity,US ,USD,,,11/18/2025
20251118,A99,Etica Obiettivo Sociale,406204,BANCO COMERC PORTUGUES BCPPL 1 3/4 04/07/28,0.007387584831811,0.0,OB ,FINANCIAL,PTBCPEOM0069,,BR6434368 Corp,PT ,EUR,,B,11/18/2025
20251118,A99,Etica Obiettivo Sociale,239153,BUNDESREPUB. DEUTSCHLAND DBR 0 08/15/31,0.007017008210159,0.0,OB ,SOVEREIGN,DE0001030732,,BR2433760 Govt,DE ,EUR,,A,11/18/2025
20251118,A99,Etica Obiettivo Sociale,443017,PRAEMIA HEALTHCARE SACA PRAEFP 1 3/8 09/17/30,0.006706109222717,0.0,OB ,INDUSTRIAL,FR0013535150,,ZO4361218 Corp,FR ,EUR,,B,11/18/2025
20251118,A99,Etica Obiettivo Sociale,300,HOME DEPOT INC,0.006554300728005,0.0,AZ ,Consumer Discretionary,US4370761029,2434209,HD US Equity,US ,USD,,,11/18/2025
20251118,A99,Etica Obiettivo Sociale,454914,BUONI POLIENNALI DEL TES BTPS 1 1/2 04/30/45,0.006549333640128,0.0,OB ,SOVEREIGN,IT0005438004,,BO3833387 Govt,IT ,EUR,,B,11/18/2025
20251118,A99,Etica Obiettivo Sociale,391641,BONOS Y OBLIG DEL ESTADO SPGB 0.6 10/31/29,0.006322599738084,0.0,OB ,SOVEREIGN,ES0000012F43,,AZ1293424 Govt,ES ,EUR,,A,11/18/2025
20251118,A99,Etica Obiettivo Sociale,544860,NATWEST GROUP PLC NWG 3.575 09/12/32,0.006282408826683,0.0,OB ,FINANCIAL,XS2898838516,,YV6173723 Corp,GB ,EUR,,A,11/18/2025
20251118,A99,Etica Obiettivo Sociale,510424,DSM-FIRMENICH AG,0.006101056454577,0.0,AZ ,Materials,CH1216478797,BPCPSD6,DSFIR NA Equity,NL ,EUR,,,11/18/2025
20251118,A99,Etica Obiettivo Sociale,159,BOSTON SCIENTIFIC CORP,0.005999734836446,0.0,AZ ,Health Care,US1011371077,2113434,BSX US Equity,US ,USD,,,11/18/2025
20251118,A99,Etica Obiettivo Sociale,344,LOWE'S COS INC,0.005699563472345,0.0,AZ ,Consumer Discretionary,US5486611073,2536763,LOW US Equity,US ,USD,,,11/18/2025
20251118,A99,Etica Obiettivo Sociale,221482,SERVICENOW INC,0.005664963661647,0.0,AZ ,Information Technology,US81762P1021,B80NXX8,NOW US Equity,US ,USD,,,11/18/2025
20251118,A99,Etica Obiettivo Sociale,23568,SALESFORCE INC,0.005482365481944,0.0,AZ ,Information Technology,US79466L3024,2310525,CRM US Equity,US ,USD,,,11/18/2025
20251118,A99,Etica Obiettivo Sociale,542,CISCO SYSTEMS INC,0.005461252924769,0.0,AZ ,Information Technology,US17275R1023,2198163,CSCO US Equity,US ,USD,,,11/18/2025
20251118,A99,Etica Obiettivo Sociale,514999,BUNDESREPUB. DEUTSCHLAND DBR 1.8 08/15/53,0.005442478197637,0.0,OB ,SOVEREIGN,DE0001030757,,ZK9574730 Govt,DE ,EUR,,A,11/18/2025
20251118,A99,Etica Obiettivo Sociale,237713,BUONI POLIENNALI DEL TES BTPS 4 04/30/35,0.005217303957982,0.0,OB ,SOVEREIGN,IT0005508590,,BY8794178 Govt,IT ,EUR,,B,11/18/2025
20251118,A99,Etica Obiettivo Sociale,1821,INTUIT INC,0.005101149466252,0.0,AZ ,Information Technology,US4612021034,2459020,INTU US Equity,US ,USD,,,11/18/2025
20251118,A99,Etica Obiettivo Sociale,533,AMGEN INC,0.00496963334124,0.0,AZ ,Health Care,US0311621009,2023607,AMGN US Equity,US ,USD,,,11/18/2025
20251118,A99,Etica Obiettivo Sociale,30976,NABTESCO CORP,0.004818477324394,0.0,AZ ,Industrials,JP3651210001,6687571,6268 JP Equity,JP ,JPY,,,11/18/2025
20251118,A99,Etica Obiettivo Sociale,423,NEW LINDE PLC,0.004764940622093,0.0,AZ ,Materials,IE000S9YS762,BNZHB81,LIN US Equity,US ,USD,,,11/18/2025
20251118,A99,Etica Obiettivo Sociale,903,ASTRAZENECA PLC,0.00473584121829,0.0,AZ ,Health Care,GB0009895292,989529,AZN LN Equity,GB ,GBP,,,11/18/2025
20251118,A99,Etica Obiettivo Sociale,128380,BONOS Y OBLIG DEL ESTADO SPGB 0 01/31/28,0.004706762146659,0.0,OB ,SOVEREIGN,ES0000012I08,,BO5684341 Govt,ES ,EUR,,A,11/18/2025
20251118,A99,Etica Obiettivo Sociale,366,MICRON TECHNOLOGY INC,0.004589516741511,0.0,AZ ,Information Technology,US5951121038,2588184,MU US Equity,US ,USD,,,11/18/2025
20251118,A99,Etica Obiettivo Sociale,100,ABBOTT LABORATORIES,0.004359215344338,0.0,AZ ,Health Care,US0028241000,2002305,ABT US Equity,US ,USD,,,11/18/2025
20251118,A99,Etica Obiettivo Sociale,480,TEXAS INSTRUMENTS INC,0.004312976782566,0.0,AZ ,Information Technology,US8825081040,2885409,TXN US Equity,US ,USD,,,11/18/2025
20251118,A99,Etica Obiettivo Sociale,1706,TELECOM ITALIA SPA,0.004242747367492,0.0,AZ ,Communication Services,IT0003497168,7634394,TIT IM Equity,IT ,EUR,,,11/18/2025
20251118,A99,Etica Obiettivo Sociale,164724,GBP,0.004190108854269,0.0,LQ ,CASH,,,GBP,GB ,GBP,,,11/18/2025
20251118,A99,Etica Obiettivo Sociale,549,INTEL CORP,0.004178462956129,0.0,AZ ,Information Technology,US4581401001,2463247,INTC US Equity,US ,USD,,,11/18/2025
20251118,A99,Etica Obiettivo Sociale,483128,FRANCE (GOVT OF) FRTR 0 05/25/32,0.004074419291526,0.0,OB ,SOVEREIGN,FR0014007L00,,BT2718364 Govt,FR ,EUR,,A,11/18/2025
20251118,A99,Etica Obiettivo Sociale,18091,PROLOGIS INC,0.004047268079426,0.0,AZ ,Real Estate,US74340W1036,B44WZD7,PLD UN Equity,US ,USD,,,11/18/2025
20251118,A99,Etica Obiettivo Sociale,518947,CREDITO EMILIANO SPA CRDEM 4 7/8 03/26/30,0.004033548299796,0.0,OB ,FINANCIAL,XS2684860203,,ZI9662761 Corp,IT ,EUR,,B,11/18/2025
20251118,A99,Etica Obiettivo Sociale,214,DANAHER CORP,0.003970475932303,0.0,AZ ,Health Care,US2358511028,2250870,DHR US Equity,US ,USD,,,11/18/2025
20251118,A99,Etica Obiettivo Sociale,335736,VONOVIA SE ANNGR 4 3/4 05/23/27,0.003898876991448,0.0,OB ,INDUSTRIAL,DE000A30VQA4,,ZN4077030 Corp,DE ,EUR,,B,11/18/2025
20251118,A99,Etica Obiettivo Sociale,4289,CRH PLC,0.003840340669797,0.0,SE ,Materials,IE0001827041,182704,CRH LN Equity,US ,USD,,,11/18/2025
20251118,A99,Etica Obiettivo Sociale,512653,CAIXABANK SA CABKSM 4 5/8 05/16/27,0.003821703338853,0.0,OB ,FINANCIAL,XS2623501181,,ZK5586472 Corp,ES ,EUR,,B,11/18/2025
20251118,A99,Etica Obiettivo Sociale,2839,ASML HOLDING NV,0.003807897794428,0.0,AZ ,Information Technology,NL0010273215,B929F46,ASML NA Equity,NL ,EUR,,,11/18/2025
20251118,A99,Etica Obiettivo Sociale,363,MERCK & CO. INC.,0.003805965375561,0.0,AZ ,Health Care,US58933Y1055,2778844,MRK US Equity,US ,USD,,,11/18/2025
20251118,A99,Etica Obiettivo Sociale,489310,FRANCE (GOVT OF) FRTR 1 1/4 05/25/38,0.003757886320983,0.0,OB ,SOVEREIGN,FR0014009O62,,BV6882823 Govt,FR ,EUR,,A,11/18/2025
20251118,A99,Etica Obiettivo Sociale,451544,EDP SA EDPPL 1 7/8 08/02/2081,0.003683442478052,0.0,OB ,UTILITY,PTEDPROM0029,,BN7191719 Corp,PT ,EUR,,C,11/18/2025
20251118,A99,Etica Obiettivo Sociale,222389,MONCLER SPA,0.003614163992476,0.0,AZ ,Consumer Discretionary,IT0004965148,BGLP232,MONC IM Equity,IT ,EUR,,,11/18/2025
20251118,A99,Etica Obiettivo Sociale,756,QUALCOMM INC,0.003571671848941,0.0,AZ ,Information Technology,US7475251036,2714923,QCOM US Equity,US ,USD,,,11/18/2025
20251118,A99,Etica Obiettivo Sociale,2703,LONZA GROUP AG-REG,0.003503380890771,0.0,AZ ,Health Care,CH0013841017,7333378,LONN SW Equity,CH ,CHF,,,11/18/2025
20251118,A99,Etica Obiettivo Sociale,3218,ROCKWELL AUTOMATION INC,0.003484935544817,0.0,AZ ,Industrials,US7739031091,2754060,ROK US Equity,US ,USD,,,11/18/2025
20251118,A99,Etica Obiettivo Sociale,4264,AUTODESK INC,0.003388676144479,0.0,AZ ,Information Technology,US0527691069,2065159,ADSK US Equity,US ,USD,,,11/18/2025
20251118,A99,Etica Obiettivo Sociale,559,STRYKER CORP,0.003327523010747,0.0,AZ ,Health Care,US8636671013,2853688,SYK UN Equity,US ,USD,,,11/18/2025
20251118,A99,Etica Obiettivo Sociale,331171,BELGIUM KINGDOM BGB 1 1/4 04/22/33,0.003321543996858,0.0,OB ,SOVEREIGN,BE0000346552,,AQ3876663 Govt,BE ,EUR,,A,11/18/2025
20251118,A99,Etica Obiettivo Sociale,23359,AISIN CORP,0.00328915410836,0.0,AZ ,Consumer Discretionary,JP3102000001,6010702,7259 JP Equity,JP ,JPY,,,11/18/2025
20251118,A99,Etica Obiettivo Sociale,360,MEDTRONIC PLC,0.003279267004665,0.0,AZ ,Health Care,IE00BTN1Y115,BTN1Y11,MDT US Equity,US ,USD,,,11/18/2025
20251118,A99,Etica Obiettivo Sociale,1288,KURITA WATER INDUSTRIES LTD,0.003247107177768,0.0,AZ ,Industrials,JP3270000007,6497963,6370 JP Equity,JP ,JPY,,,11/18/2025
20251118,A99,Etica Obiettivo Sociale,504096,NEDER WATERSCHAPSBANK NEDWBK 2 3/4 12/17/29,0.003189763676842,0.0,OB ,Quasi & Foreign Government,XS2579321337,,ZM4811604 Govt,NL ,EUR,,A,11/18/2025
20251118,A99,Etica Obiettivo Sociale,23406,IBIDEN CO LTD,0.002887391632437,0.0,AZ ,Information Technology,JP3148800000,6456102,4062 JP Equity,JP ,JPY,,,11/18/2025
20251118,A99,Etica Obiettivo Sociale,541,CINTAS CORP,0.002766518105322,0.0,AZ ,Industrials,US1729081059,2197137,CTAS US Equity,US ,USD,,,11/18/2025
20251118,A99,Etica Obiettivo Sociale,61108,MERCADOLIBRE INC,0.002759723586519,0.0,AZ ,Consumer Discretionary,US58733R1023,B23X1H3,MELI US Equity,US ,USD,,,11/18/2025
20251118,A99,Etica Obiettivo Sociale,3065,ELEVANCE HEALTH INC,0.002730927070459,0.0,AZ ,Health Care,US0367521038,BSPHGL4,ELV US Equity,US ,USD,,,11/18/2025
20251118,A99,Etica Obiettivo Sociale,2985,CANADIAN NATL RAILWAY CO,0.002717712144808,0.0,AZ ,Industrials,CA1363751027,2180632,CNR CN Equity,CA ,CAD,,,11/18/2025
20251118,A99,Etica Obiettivo Sociale,809,WASTE MANAGEMENT INC,0.002710975295437,0.0,AZ ,Industrials,US94106L1098,2937667,WM US Equity,US ,USD,,,11/18/2025
20251118,A99,Etica Obiettivo Sociale,503621,A2A SPA AEMSPA 4 3/8 02/03/34,0.002678918977777,0.0,OB ,UTILITY,XS2583205906,,ZM7159977 Corp,IT ,EUR,,B,11/18/2025
20251118,A99,Etica Obiettivo Sociale,462761,BUNDESREPUB. DEUTSCHLAND DBR 0 08/15/50,0.00263768644307,0.0,OB ,SOVEREIGN,DE0001030724,,BP4742659 Govt,DE ,EUR,,A,11/18/2025
20251118,A99,Etica Obiettivo Sociale,212828,PRYSMIAN SPA PRYIM 3 7/8 11/28/31,0.002614392798411,0.0,OB ,INDUSTRIAL,XS2948434266,,YT3439742 Corp,IT ,EUR,,B,11/18/2025
20251118,A99,Etica Obiettivo Sociale,509918,NATWEST GROUP PLC NWG 4.699 03/14/28,0.00261226802488,0.0,OB ,FINANCIAL,XS2596599063,,ZL4435141 Corp,GB ,EUR,,A,11/18/2025
20251118,A99,Etica Obiettivo Sociale,236196,IMCD NV,0.002603124462534,0.0,AZ ,Industrials,NL0010801007,BNCBD46,IMCD NA Equity,NL ,EUR,,,11/18/2025
20251118,A99,Etica Obiettivo Sociale,1526,TOKYO ELECTRON LTD,0.00258775555896,0.0,AZ ,Information Technology,JP3571400005,6895675,8035 JP Equity,JP ,JPY,,,11/18/2025
20251118,A99,Etica Obiettivo Sociale,212462,ORSTED A/S ORSTED 3 3/4 03/01/30,0.002574441806633,0.0,OB ,UTILITY,XS2591029876,,ZL2347488 Corp,DK ,EUR,,B,11/18/2025
20251118,A99,Etica Obiettivo Sociale,237721,INSTITUT CREDITO OFICIAL ICO 2.65 01/31/28,0.002539568066134,0.0,OB ,Quasi & Foreign Government,XS2538778478,,BZ1970970 Govt,ES ,EUR,,A,11/18/2025
20251118,A99,Etica Obiettivo Sociale,667,GILEAD SCIENCES INC,0.002492224789713,0.0,AZ ,Health Care,US3755581036,2369174,GILD US Equity,US ,USD,,,11/18/2025
20251118,A99,Etica Obiettivo Sociale,3837,AGILENT TECHNOLOGIES INC,0.002428484664418,0.0,AZ ,Health Care,US00846U1016,2520153,A US Equity,US ,USD,,,11/18/2025
20251118,A99,Etica Obiettivo Sociale,166783,XYLEM INC,0.002393193929566,0.0,AZ ,Industrials,US98419M1009,B3P2CN8,XYL US Equity,US ,USD,,,11/18/2025
20251118,A99,Etica Obiettivo Sociale,2706,TRANE TECHNOLOGIES PLC,0.002381653265817,0.0,AZ ,Industrials,IE00BK9ZQ967,BK9ZQ96,TT US Equity,US ,USD,,,11/18/2025
20251118,A99,Etica Obiettivo Sociale,489810,COUNCIL OF EUROPE COE 1 04/13/29,0.002363017290352,0.0,OB ,Quasi & Foreign Government,XS2468525451,,BV7507270 Corp,SNA,EUR,,A,11/18/2025
20251118,A99,Etica Obiettivo Sociale,1619,LOREAL SA,0.00236227485803,0.0,AZ ,Consumer Staples,FR0000120321,4057808,OR FP Equity,FR ,EUR,,,11/18/2025
20251118,A99,Etica Obiettivo Sociale,125,ANALOG DEVICES INC,0.00229643854747,0.0,AZ ,Information Technology,US0326541051,2032067,ADI US Equity,US ,USD,,,11/18/2025
20251118,A99,Etica Obiettivo Sociale,2170,DSV A/S,0.002291466530582,0.0,AZ ,Industrials,DK0060079531,B1WT5G2,DSV DC Equity,DK ,DKK,,,11/18/2025
20251118,A99,Etica Obiettivo Sociale,1735,SUN HUNG KAI PROPERTIES,0.002283294229906,0.0,AZ ,Real Estate,HK0016000132,6859927,16 HK Equity,HK ,HKD,,,11/18/2025
20251118,A99,Etica Obiettivo Sociale,531,ADOBE INC,0.002198835498662,0.0,AZ ,Information Technology,US00724F1012,2008154,ADBE US Equity,US ,USD,,,11/18/2025
20251118,A99,Etica Obiettivo Sociale,57392,EQUINIX INC,0.002196629766121,0.0,AZ ,Real Estate,US29444U7000,BVLZX12,EQIX US Equity,US ,USD,,,11/18/2025
20251118,A99,Etica Obiettivo Sociale,68606,EDP RENOVAVEIS SA,0.002177164977412,0.0,AZ ,Utilities,ES0127797019,B39GNW2,EDPR PL Equity,PT ,EUR,,,11/18/2025
20251118,A99,Etica Obiettivo Sociale,480661,BONOS Y OBLIG DEL ESTADO SPGB 0.7 04/30/32,0.002176759689461,0.0,OB ,SOVEREIGN,ES0000012K20,,BT4353020 Govt,ES ,EUR,,A,11/18/2025
20251118,A99,Etica Obiettivo Sociale,350,PANASONIC HOLDINGS CORP,0.00216362153316,0.0,AZ ,Consumer Discretionary,JP3866800000,6572707,6752 JP Equity,JP ,JPY,,,11/18/2025
20251118,A99,Etica Obiettivo Sociale,1826,BEIERSDORF AG,0.002162091321613,0.0,AZ ,Consumer Staples,DE0005200000,5107401,BEI GR Equity,DE ,EUR,,,11/18/2025
20251118,A99,Etica Obiettivo Sociale,1499,TAKEDA PHARMACEUTICAL CO LTD,0.002083987194917,0.0,AZ ,Health Care,JP3463000004,6870445,4502 JP Equity,JP ,JPY,,,11/18/2025
20251118,A99,Etica Obiettivo Sociale,2986,NATIONAL GRID PLC,0.002077656003173,0.0,AZ ,Utilities,GB00BDR05C01,BDR05C0,NG/ LN Equity,GB ,GBP,,,11/18/2025
20251118,A99,Etica Obiettivo Sociale,335600,BONOS Y OBLIG DEL ESTADO SPGB 1.9 10/31/52,0.002038075303366,0.0,OB ,SOVEREIGN,ES0000012K46,,BU3617661 Govt,ES ,EUR,,A,11/18/2025
20251118,A99,Etica Obiettivo Sociale,2955,VOESTALPINE AG,0.0020191980528,0.0,AZ ,Materials,AT0000937503,4943402,VOE AV Equity,AT ,EUR,,,11/18/2025
20251118,A99,Etica Obiettivo Sociale,164955,CHF,0.002018333627449,0.0,LQ ,CASH,,,CHF,CH ,CHF,,,11/18/2025
20251118,A99,Etica Obiettivo Sociale,1658,ATLAS COPCO AB-A SHS,0.001966426086597,0.0,AZ ,Industrials,SE0017486889,BLDBN41,ATCOA SS Equity,SE ,SEK,,,11/18/2025
20251118,A99,Etica Obiettivo Sociale,238730,NUTRIEN LTD,0.001940982283999,0.0,SE ,Materials,CA67077M1086,BDH3SB9,NTR US Equity,CA ,CAD,,,11/18/2025
20251118,A99,Etica Obiettivo Sociale,1340,NEC CORP,0.001923554039519,0.0,AZ ,Information Technology,JP3733000008,6640400,6701 JP Equity,JP ,JPY,,,11/18/2025
20251118,A99,Etica Obiettivo Sociale,1734,NOKIA OYJ,0.00190847619406,0.0,AZ ,Information Technology,FI0009000681,5902941,NOKIA FH Equity,FI ,EUR,,,11/18/2025
20251118,A99,Etica Obiettivo Sociale,348394,KNORR-BREMSE AG,0.001884062801267,0.0,AZ ,Industrials,DE000KBX1006,BD2P9X9,KBX GR Equity,DE ,EUR,,,11/18/2025
20251118,A99,Etica Obiettivo Sociale,397638,PROSUS NV,0.001879285973225,0.0,AZ ,Consumer Discretionary,NL0013654783,BJDS7L3,PRX NA Equity,NL ,EUR,,,11/18/2025
20251118,A99,Etica Obiettivo Sociale,2088,SAP SE,0.001867458194569,0.0,AZ ,Information Technology,DE0007164600,4846288,SAP GY Equity,DE ,EUR,,,11/18/2025
20251118,A99,Etica Obiettivo Sociale,2566,UNITED PARCEL SERVICE-CL B,0.001837864534162,0.0,AZ ,Industrials,US9113121068,2517382,UPS US Equity,US ,USD,,,11/18/2025
20251118,A99,Etica Obiettivo Sociale,292486,FRANCE (GOVT OF) FRTR 1 3/4 06/25/39,0.001766991390216,0.0,OB ,SOVEREIGN,FR0013234333,,AL9974240 Govt,FR ,EUR,,A,11/18/2025
20251118,A99,Etica Obiettivo Sociale,31958,FASTENAL CO,0.0017646434557,0.0,AZ ,Industrials,US3119001044,2332262,FAST US Equity,US ,USD,,,11/18/2025
20251118,A99,Etica Obiettivo Sociale,237,EMERSON ELECTRIC CO,0.001754300664913,0.0,AZ ,Industrials,US2910111044,2313405,EMR US Equity,US ,USD,,,11/18/2025
20251118,A99,Etica Obiettivo Sociale,1545,TOTO LTD,0.001750043724335,0.0,AZ ,Industrials,JP3596200000,6897466,5332 JP Equity,JP ,JPY,,,11/18/2025
20251118,A99,Etica Obiettivo Sociale,3760,ABB LTD,0.001715804470811,0.0,AZ ,Industrials,CH0012221716,7108899,ABBN SW Equity,CH ,CHF,,,11/18/2025
20251118,A99,Etica Obiettivo Sociale,3033,STMICROELECTRONICS NV,0.001708312250463,0.0,SE ,Information Technology,NL0000226223,5962343,STMMI IM Equity,FR ,EUR,,,11/18/2025
20251118,A99,Etica Obiettivo Sociale,233530,ZALANDO SE,0.001700415235066,0.0,AZ ,Consumer Discretionary,DE000ZAL1111,BQV0SV7,ZAL GR Equity,DE ,EUR,,,11/18/2025
20251118,A99,Etica Obiettivo Sociale,1575,ASTELLAS PHARMA INC,0.001647748749704,0.0,AZ ,Health Care,JP3942400007,6985383,4503 JP Equity,JP ,JPY,,,11/18/2025
20251118,A99,Etica Obiettivo Sociale,3371,ERG SPA,0.001582935948333,0.0,AZ ,Utilities,IT0001157020,5337093,ERG IM Equity,IT ,EUR,,,11/18/2025
20251118,A99,Etica Obiettivo Sociale,236299,VONOVIA SE,0.001575984563746,0.0,AZ ,Real Estate,DE000A1ML7J1,BBJPFY1,VNA GR Equity,DE ,EUR,,,11/18/2025
20251118,A99,Etica Obiettivo Sociale,238421,BONOS Y OBLIG DEL ESTADO SPGB 2.9 10/31/46,0.001546144329551,0.0,OB ,SOVEREIGN,ES00000128C6,,JK3794373 Govt,ES ,EUR,,A,11/18/2025
20251118,A99,Etica Obiettivo Sociale,276440,DELL TECHNOLOGIES -C,0.001534953625601,0.0,AZ ,Information Technology,US24703L2025,BHKD3S6,DELL US Equity,US ,USD,,,11/18/2025
20251118,A99,Etica Obiettivo Sociale,3013,NOVARTIS AG,0.001480941150488,0.0,AZ ,Health Care,CH0012005267,7103065,NOVN SW Equity,CH ,CHF,,,11/18/2025
20251118,A99,Etica Obiettivo Sociale,58909,EDWARDS LIFESCIENCES CORP,0.001472510569621,0.0,AZ ,Health Care,US28176E1082,2567116,EW US Equity,US ,USD,,,11/18/2025
20251118,A99,Etica Obiettivo Sociale,3011,DEUTSCHE TELEKOM AG,0.001451409842073,0.0,AZ ,Communication Services,DE0005557508,5842359,DTE GR Equity,DE ,EUR,,,11/18/2025
20251118,A99,Etica Obiettivo Sociale,1361,NIDEC CORP,0.001413503897069,0.0,AZ ,Industrials,JP3734800000,6640682,6594 JP Equity,JP ,JPY,,,11/18/2025
20251118,A99,Etica Obiettivo Sociale,148,BECTON DICKINSON AND CO,0.001374975787618,0.0,AZ ,Health Care,US0758871091,2087807,BDX US Equity,US ,USD,,,11/18/2025
20251118,A99,Etica Obiettivo Sociale,336777,ULTA BEAUTY INC,0.001370999431006,0.0,AZ ,Consumer Discretionary,US90384S3031,B28TS42,ULTA UW Equity,US ,USD,,,11/18/2025
20251118,A99,Etica Obiettivo Sociale,1714,SKF AB-B SHARES,0.001369812278643,0.0,AZ ,Industrials,SE0000108227,B1Q3J35,SKFB SS Equity,SE ,SEK,,,11/18/2025
20251118,A99,Etica Obiettivo Sociale,232,ECOLAB INC,0.001305568778073,0.0,AZ ,Materials,US2788651006,2304227,ECL US Equity,US ,USD,,,11/18/2025
20251118,A99,Etica Obiettivo Sociale,536433,EDP SA EDPPL 4 3/4 05/29/54,0.001299168703397,0.0,OB ,UTILITY,PTEDPZOM0011,,YX2446822 Corp,PT ,EUR,,C,11/18/2025
20251118,A99,Etica Obiettivo Sociale,49977,TE CONNECTIVITY PLC,0.001226688085652,0.0,AZ ,Information Technology,IE000IVNQZ81,BRC3N84,TEL US Equity,US ,USD,,,11/18/2025
20251118,A99,Etica Obiettivo Sociale,4266,MCCORMICK & CO-NON VTG SHRS,0.001225837831209,0.0,AZ ,Consumer Staples,US5797802064,2550161,MKC UN Equity,US ,USD,,,11/18/2025
20251118,A99,Etica Obiettivo Sociale,4223,COLGATE-PALMOLIVE CO,0.001211066816702,0.0,AZ ,Consumer Staples,US1941621039,2209106,CL US Equity,US ,USD,,,11/18/2025
20251118,A99,Etica Obiettivo Sociale,344928,IRELAND GOVERNMENT BOND IRISH 1.35 03/18/31,0.001176778765966,0.0,OB ,SOVEREIGN,IE00BFZRQ242,,AU9204705 Govt,IE ,EUR,,A,11/18/2025
20251118,A99,Etica Obiettivo Sociale,1040,TATE & LYLE PLC,0.001167351169346,0.0,AZ ,Consumer Staples,GB00BP92CJ43,BP92CJ4,TATE LN Equity,GB ,GBP,,,11/18/2025
20251118,A99,Etica Obiettivo Sociale,944,CRODA INTERNATIONAL PLC,0.001108748182817,0.0,AZ ,Materials,GB00BJFFLV09,BJFFLV0,CRDA LN Equity,GB ,GBP,,,11/18/2025
20251118,A99,Etica Obiettivo Sociale,23481,CBRE GROUP INC,0.001098474644638,0.0,AZ ,Real Estate,US12504L1098,B6WVMH3,CBRE US Equity,US ,USD,,,11/18/2025
20251118,A99,Etica Obiettivo Sociale,100272,AMERICAN WATER WORKS CO INC,0.001087667294539,0.0,AZ ,Utilities,US0304201033,B2R3PV1,AWK US Equity,US ,USD,,,11/18/2025
20251118,A99,Etica Obiettivo Sociale,1001,PERSIMMON PLC,0.001057646288855,0.0,AZ ,Consumer Discretionary,GB0006825383,682538,PSN LN Equity,GB ,GBP,,,11/18/2025
20251118,A99,Etica Obiettivo Sociale,88166,REXEL SA,0.00103739347447,0.0,AZ ,Industrials,FR0010451203,B1VP0K0,RXL FP Equity,FR ,EUR,,,11/18/2025
20251118,A99,Etica Obiettivo Sociale,253654,FERRARI NV,0.000960731822921,0.0,AZ ,Consumer Discretionary,NL0011585146,BZ1GMK5,RACE US Equity,IT ,EUR,,,11/18/2025
20251118,A99,Etica Obiettivo Sociale,2658,ASSA ABLOY AB-B,0.000958955037585,0.0,AZ ,Industrials,SE0007100581,BYPC1T4,ASSAB SS Equity,SE ,SEK,,,11/18/2025
20251118,A99,Etica Obiettivo Sociale,392,NOVO NORDISK A/S-B,0.0009576269155,0.0,AZ ,Health Care,DK0062498333,BP6KMJ1,NOVOB DC Equity,DK ,DKK,,,11/18/2025
20251118,A99,Etica Obiettivo Sociale,5441,REPUBLIC OF AUSTRIA RAGB 1.85 05/23/49,0.000907335597441,0.0,OB ,SOVEREIGN,AT0000A2Y8G4,,BW7906546 Govt,AT ,EUR,,A,11/18/2025
20251118,A99,Etica Obiettivo Sociale,44974,LEGRAND SA,0.000903693551018,0.0,AZ ,Industrials,FR0010307819,B11ZRK9,LR FP Equity,FR ,EUR,,,11/18/2025
20251118,A99,Etica Obiettivo Sociale,32136,BOLIDEN AB,0.00088504094014,0.0,AZ ,Materials,SE0020050417,BPYTZ57,BOL SS Equity,SE ,SEK,,,11/18/2025
20251118,A99,Etica Obiettivo Sociale,3119,INTERPUMP GROUP SPA,0.000877140720885,0.0,AZ ,Industrials,IT0001078911,5161407,IP IM Equity,IT ,EUR,,,11/18/2025
20251118,A99,Etica Obiettivo Sociale,343334,GODADDY INC - CLASS A,0.000794340601931,0.0,AZ ,Information Technology,US3802371076,BWFRFC6,GDDY US Equity,US ,USD,,,11/18/2025
20251118,A99,Etica Obiettivo Sociale,295,HERSHEY CO/THE,0.000790113974772,0.0,AZ ,Consumer Staples,US4278661081,2422806,HSY US Equity,US ,USD,,,11/18/2025
20251118,A99,Etica Obiettivo Sociale,152,BEST BUY CO INC,0.000755092363935,0.0,AZ ,Consumer Discretionary,US0865161014,2094670,BBY US Equity,US ,USD,,,11/18/2025
20251118,A99,Etica Obiettivo Sociale,3385,YUM! BRANDS INC,0.000638035863143,0.0,AZ ,Consumer Discretionary,US9884981013,2098876,YUM UN Equity,US ,USD,,,11/18/2025
20251118,A99,Etica Obiettivo Sociale,3466,COGNIZANT TECH SOLUTIONS-A,0.000633546889359,0.0,AZ ,Information Technology,US1924461023,2257019,CTSH US Equity,US ,USD,,,11/18/2025
20251118,A99,Etica Obiettivo Sociale,211813,NXP SEMICONDUCTORS NV,0.000617942625498,0.0,AZ ,Information Technology,NL0009538784,B505PN7,NXPI US Equity,US ,USD,,,11/18/2025
20251118,A99,Etica Obiettivo Sociale,387,NORSK HYDRO ASA,0.000608840836522,0.0,AZ ,Materials,NO0005052605,B11HK39,NHY NO Equity,NO ,NOK,,,11/18/2025
20251118,A99,Etica Obiettivo Sociale,2831,BREMBO N.V.,0.000605715104029,0.0,AZ ,Consumer Discretionary,NL0015001KT6,BSMM753,BRE IM Equity,IT ,EUR,,,11/18/2025
20251118,A99,Etica Obiettivo Sociale,67156,KEURIG DR PEPPER INC,0.00060179062526,0.0,AZ ,Consumer Staples,US49271V1008,BD3W133,KDP US Equity,US ,USD,,,11/18/2025
20251118,A99,Etica Obiettivo Sociale,164960,NOK,0.000593131831171,0.0,LQ ,CASH,,,NOK,NO ,NOK,,,11/18/2025
20251118,A99,Etica Obiettivo Sociale,235482,MERLIN PROPERTIES SOCIMI SA,0.000577078780834,0.0,AZ ,Real Estate,ES0105025003,BNGNB77,MRL SM Equity,ES ,EUR,,,11/18/2025
20251118,A99,Etica Obiettivo Sociale,2858,RYOHIN KEIKAKU CO LTD,0.000523366975408,0.0,AZ ,Consumer Discretionary,JP3976300008,6758455,7453 JP Equity,JP ,JPY,,,11/18/2025
20251118,A99,Etica Obiettivo Sociale,1010,RELX PLC,0.000513292815735,0.0,AZ ,Industrials,GB00B2B0DG97,B2B0DG9,REL LN Equity,GB ,GBP,,,11/18/2025
20251118,A99,Etica Obiettivo Sociale,164959,JPY,0.000510211937244,0.0,LQ ,CASH,,,JPY,JP ,JPY,,,11/18/2025
20251118,A99,Etica Obiettivo Sociale,677,BIOGEN INC,0.000474168049471,0.0,AZ ,Health Care,US09062X1037,2455965,BIIB US Equity,US ,USD,,,11/18/2025
20251118,A99,Etica Obiettivo Sociale,164726,SEK,0.000460535513341,0.0,LQ ,CASH,,,SEK,SE ,SEK,,,11/18/2025
20251118,A99,Etica Obiettivo Sociale,1970,K+S AG-REG,0.000401442090191,0.0,AZ ,Materials,DE000KSAG888,B54C017,SDF GR Equity,DE ,EUR,,,11/18/2025
20251118,A99,Etica Obiettivo Sociale,335696,BELGIUM KINGDOM BGB 2 3/4 04/22/39,0.00040087488422,0.0,OB ,SOVEREIGN,BE0000356650,,BZ0281957 Govt,BE ,EUR,,A,11/18/2025
20251118,A99,Etica Obiettivo Sociale,50261,DIASORIN SPA,0.000389775366978,0.0,AZ ,Health Care,IT0003492391,B234WN9,DIA IM Equity,IT ,EUR,,,11/18/2025
20251118,A99,Etica Obiettivo Sociale,1024,SSE PLC,0.000384031713377,0.0,AZ ,Utilities,GB0007908733,790873,SSE LN Equity,GB ,GBP,,,11/18/2025
20251118,A99,Etica Obiettivo Sociale,24041,TERNA-RETE ELETTRICA NAZIONA,0.000343901921716,0.0,AZ ,Utilities,IT0003242622,B01BN57,TRN IM Equity,IT ,EUR,,,11/18/2025
20251118,A99,Etica Obiettivo Sociale,63,HERA SPA,0.000235512224656,0.0,AZ ,Utilities,IT0001250932,7598003,HER IM Equity,IT ,EUR,,,11/18/2025
20251118,A99,Etica Obiettivo Sociale,3245,EDP SA,0.000224535809471,0.0,AZ ,Utilities,PTEDP0AM0009,4103596,EDP PL Equity,PT ,EUR,,,11/18/2025
20251118,A99,Etica Obiettivo Sociale,247914,INFRASTRUTTURE WIRELESS ITAL,0.000210051293743,0.0,AZ ,Communication Services,IT0005090300,BZ0P4R4,INW IM Equity,IT ,EUR,,,11/18/2025
20251118,A99,Etica Obiettivo Sociale,46079,SYMRISE AG,0.000186263392479,0.0,AZ ,Materials,DE000SYM9999,B1JB4K8,SY1 GY Equity,DE ,EUR,,,11/18/2025
20251118,A99,Etica Obiettivo Sociale,164725,HKD,0.000186217059774,0.0,LQ ,CASH,,,HKD,HK ,HKD,,,11/18/2025
20251118,A99,Etica Obiettivo Sociale,335227,NEXI SPA,0.000161716546706,0.0,AZ ,Financials,IT0005366767,BJ1F880,NEXI IM Equity,IT ,EUR,,,11/18/2025
20251118,A99,Etica Obiettivo Sociale,164954,CAD,0.000071298024717,0.0,LQ ,CASH,,,CAD,CA ,CAD,,,11/18/2025
20251118,A99,Etica Obiettivo Sociale,568369,FRENCH DISCOUNT T-BILL BTF 0 01/14/26,0.0,0.00492599,OB ,SOVEREIGN,FR0128983980,,YN8205323 Govt,FR ,EUR,,A,11/18/2025
20251118,A99,Etica Obiettivo Sociale,227088,ALPHABET INC-CL A,0.0,0.006241698756248,AZ ,Communication Services,US02079K3059,BYVY8G0,GOOGL US Equity,US ,USD,,,11/18/2025
20251118,A99,Etica Obiettivo Sociale,51421,FRENCH DISCOUNT T-BILL BTF 0 12/31/25,0.0,0.006820612,OB ,SOVEREIGN,FR0128690742,,YS3714856 Govt,FR ,EUR,,A,11/18/2025
20251118,A99,Etica Obiettivo Sociale,553272,GERMAN TREASURY BILL BUBILL 0 01/14/26,0.0,0.004961522,OB ,SOVEREIGN,DE000BU0E246,,YS4477537 Govt,DE ,EUR,,A,11/18/2025
20251118,A99,Etica Obiettivo Sociale,28663,ALPHABET INC-CL C,0.0,0.005306603874276,AZ ,Communication Services,US02079K1079,BYY88Y7,GOOG US Equity,US ,USD,,,11/18/2025
20251118,A99,Etica Obiettivo Sociale,50594,BROADCOM INC,0.0,0.005725100711444,AZ ,Information Technology,US11135F1012,BDZ78H9,AVGO US Equity,US ,USD,,,11/18/2025
20251118,A99,Etica Obiettivo Sociale,3255,AMAZON.COM INC,0.0,0.008001045992372,AZ ,Consumer Discretionary,US0231351067,2000019,AMZN US Equity,US ,USD,,,11/18/2025
20251118,A99,Etica Obiettivo Sociale,553,MICROSOFT CORP,0.0,0.009844942850112,AZ ,Information Technology,US5949181045,2588173,MSFT US Equity,US ,USD,,,11/18/2025
20251118,A99,Etica Obiettivo Sociale,534,APPLE INC,0.0,0.01512240110044,AZ ,Information Technology,US0378331005,2046251,AAPL US Equity,US ,USD,,,11/18/2025
20251118,A99,Etica Obiettivo Sociale,164730,DEBITI COMMISSIONE DEPOSITARIA,-0.000024111860529,0.0,CD ,CASH,,,DEBITI COMMISSIONE DEPOSITARIA,5A ,EUR,,,11/18/2025
20251118,A99,Etica Obiettivo Sociale,164736,DEBITI COMPENSO REVISIONE,-0.000030477062451,0.0,CD ,CASH,,,DEBITI COMPENSO REVISIONE,5A ,EUR,,,11/18/2025
20251118,A99,Etica Obiettivo Sociale,164733,DEBITI COMMISSIONE GESTIONE,-0.000150988060787,0.0,CD ,CASH,,,DEBITI COMMISSIONE GESTIONE,5A ,EUR,,,11/18/2025
20251118,A99,Etica Obiettivo Sociale,179420,DEBITI COMMISSIONE AMMINISTRAZIONE,-0.000248672068606,0.0,CD ,CASH,,,DEBITI COMMISSIONE AMMINISTRAZIONE,5A ,EUR,,,11/18/2025
20251118,A99,Etica Obiettivo Sociale,172066,ALLINEAMENTO NAV,-0.001239972387137,0.0,OT ,CASH,,,ALLINEAMENTO NAV,5A ,EUR,,,11/18/2025
20251118,LPC,Etica Conservative Allocation,510744,BUNDESREPUB. DEUTSCHLAND DBR 2.3 02/15/33,0.110875272067567,0.0,OB ,SOVEREIGN,DE000BU3Z005,,ZK3512736 Govt,DE ,EUR,0.653871,A,11/18/2025
20251118,LPC,Etica Conservative Allocation,571126,AUSTRIAN T-BILL RATB 0 11/27/25,0.083257037078391,0.0,OB ,SOVEREIGN,AT0000A3MUA7,,YL5192205 Govt,AT ,EUR,0.653871,A,11/18/2025
20251118,LPC,Etica Conservative Allocation,441759,BUONI POLIENNALI DEL TES BTPS 0.9 04/01/31,0.041649277412597,0.0,OB ,SOVEREIGN,IT0005422891,,ZO6504153 Govt,IT ,EUR,0.653871,B,11/18/2025
20251118,LPC,Etica Conservative Allocation,489310,FRANCE (GOVT OF) FRTR 1 1/4 05/25/38,0.040015385128215,0.0,OB ,SOVEREIGN,FR0014009O62,,BV6882823 Govt,FR ,EUR,0.653871,A,11/18/2025
20251118,LPC,Etica Conservative Allocation,51091,BONOS Y OBLIG DEL ESTADO SPGB 0.8 07/30/27,0.036791149676681,0.0,OB ,SOVEREIGN,ES0000012G26,,BH2918028 Govt,ES ,EUR,0.653871,A,11/18/2025
20251118,LPC,Etica Conservative Allocation,574251,AUSTRIAN T-BILL RATB 0 03/26/26,0.033101593390056,0.0,OB ,SOVEREIGN,AT0000A3MUC3,,YK2495496 Govt,AT ,EUR,0.653871,A,11/18/2025
20251118,LPC,Etica Conservative Allocation,5546,BUONI POLIENNALI DEL TES BTPS 2.95 02/15/27,0.031781249252785,0.0,OB ,SOVEREIGN,IT0005580045,,ZF2286036 Govt,IT ,EUR,0.653871,B,11/18/2025
20251118,LPC,Etica Conservative Allocation,406188,BONOS Y OBLIG DEL ESTADO SPGB 1 07/30/42,0.03138837854744,0.0,OB ,SOVEREIGN,ES0000012J07,,BR3246377 Govt,ES ,EUR,0.653871,A,11/18/2025
20251118,LPC,Etica Conservative Allocation,454914,BUONI POLIENNALI DEL TES BTPS 1 1/2 04/30/45,0.027674438736286,0.0,OB ,SOVEREIGN,IT0005438004,,BO3833387 Govt,IT ,EUR,0.653871,B,11/18/2025
20251118,LPC,Etica Conservative Allocation,335696,BELGIUM KINGDOM BGB 2 3/4 04/22/39,0.027296284014576,0.0,OB ,SOVEREIGN,BE0000356650,,BZ0281957 Govt,BE ,EUR,0.653871,A,11/18/2025
20251118,LPC,Etica Conservative Allocation,212626,BUONI POLIENNALI DEL TES BTPS 3.85 07/01/34,0.026429971573215,0.0,OB ,SOVEREIGN,IT0005584856,,ZD2941395 Govt,IT ,EUR,0.653871,B,11/18/2025
20251118,LPC,Etica Conservative Allocation,237742,BUONI POLIENNALI DEL TES BTPS 3.85 12/15/29,0.022195154736444,0.0,OB ,SOVEREIGN,IT0005519787,,ZN2613331 Govt,IT ,EUR,0.653871,B,11/18/2025
20251118,LPC,Etica Conservative Allocation,5650,BUONI POLIENNALI DEL TES BTPS 3.6 10/01/35,0.021222308617977,0.0,OB ,SOVEREIGN,IT0005648149,,YP9041896 Govt,IT ,EUR,0.653871,B,11/18/2025
20251118,LPC,Etica Conservative Allocation,128380,BONOS Y OBLIG DEL ESTADO SPGB 0 01/31/28,0.019885608992074,0.0,OB ,SOVEREIGN,ES0000012I08,,BO5684341 Govt,ES ,EUR,0.653871,A,11/18/2025
20251118,LPC,Etica Conservative Allocation,36611,FRANCE (GOVT OF) FRTR 3.15 07/25/32,0.018941708028243,0.0,OB ,SOVEREIGN,FR0000188799,,EC7356149 Govt,FR ,EUR,0.653871,A,11/18/2025
20251118,LPC,Etica Conservative Allocation,239153,BUNDESREPUB. DEUTSCHLAND DBR 0 08/15/31,0.018244854690081,0.0,OB ,SOVEREIGN,DE0001030732,,BR2433760 Govt,DE ,EUR,0.653871,A,11/18/2025
20251118,LPC,Etica Conservative Allocation,414309,BUONI POLIENNALI DEL TES BTPS 1.45 03/01/36,0.0172950557559,0.0,OB ,SOVEREIGN,IT0005402117,,BG0130297 Govt,IT ,EUR,0.653871,B,11/18/2025
20251118,LPC,Etica Conservative Allocation,128460,BUONI POLIENNALI DEL TES BTPS 3 1/2 01/15/26,0.016894667147658,0.0,OB ,SOVEREIGN,IT0005514473,,BZ6502398 Govt,IT ,EUR,0.653871,B,11/18/2025
20251118,LPC,Etica Conservative Allocation,350454,FRANCE (GOVT OF) FRTR 0 3/4 11/25/28,0.01599903975729,0.0,OB ,SOVEREIGN,FR0013341682,,AS9078385 Govt,FR ,EUR,0.653871,A,11/18/2025
20251118,LPC,Etica Conservative Allocation,164727,USD,0.015859209178731,0.0,LQ ,CASH,,,USD,US ,USD,0.653871,,11/18/2025
20251118,LPC,Etica Conservative Allocation,415726,FRANCE (GOVT OF) FRTR 0 3/4 05/25/52,0.015486552233238,0.0,OB ,SOVEREIGN,FR0013480613,,ZP7360719 Govt,FR ,EUR,0.653871,A,11/18/2025
20251118,LPC,Etica Conservative Allocation,510414,REPUBLIC OF AUSTRIA RAGB 2.9 05/23/29,0.015094863370712,0.0,OB ,SOVEREIGN,AT0000A33SH3,,ZK2454146 Govt,AT ,EUR,0.653871,A,11/18/2025
20251118,LPC,Etica Conservative Allocation,534121,TERNA RETE ELETTRICA TRNIM 4 3/4 PERP,0.013273747278115,0.0,OB ,UTILITY,XS2798269069,,ZB2049300 Corp,IT ,EUR,0.653871,B,11/18/2025
20251118,LPC,Etica Conservative Allocation,237713,BUONI POLIENNALI DEL TES BTPS 4 04/30/35,0.013224883199678,0.0,OB ,SOVEREIGN,IT0005508590,,BY8794178 Govt,IT ,EUR,0.653871,B,11/18/2025
20251118,LPC,Etica Conservative Allocation,535701,BUNDESOBLIGATION OBL 2.1 04/12/29,0.012639190965475,0.0,OB ,SOVEREIGN,DE000BU35025,,ZB6879496 Govt,DE ,EUR,0.653871,A,11/18/2025
20251118,LPC,Etica Conservative Allocation,405993,SSE PLC SSELN 3 1/8 PERP,0.01262739460834,0.0,OB ,UTILITY,XS2195190520,,BK2936866 Corp,GB ,EUR,0.653871,B,11/18/2025
20251118,LPC,Etica Conservative Allocation,510999,COUNCIL OF EUROPE COE 2 7/8 04/13/30,0.012093072975453,0.0,OB ,Quasi & Foreign Government,XS2610236528,,ZK0252484 Corp,SNA,EUR,0.653871,A,11/18/2025
20251118,LPC,Etica Conservative Allocation,294625,BONOS Y OBLIG DEL ESTADO SPGB 2.35 07/30/33,0.010073737522206,0.0,OB ,SOVEREIGN,ES00000128Q6,,AM6067459 Govt,ES ,EUR,0.653871,A,11/18/2025
20251118,LPC,Etica Conservative Allocation,459171,EUROPEAN UNION EU 0.2 06/04/36,0.009245797076887,0.0,OB ,Quasi & Foreign Government,EU000A3KM903,,BO4675365 Govt,SNA,EUR,0.653871,A,11/18/2025
20251118,LPC,Etica Conservative Allocation,164723,EUR,0.009040751095609,0.0,LQ ,CASH,,,EUR,5A ,EUR,0.653871,,11/18/2025
20251118,LPC,Etica Conservative Allocation,445633,BONOS Y OBLIG DEL ESTADO SPGB 0 01/31/26,0.008295886954534,0.0,OB ,SOVEREIGN,ES0000012G91,,ZO8777807 Govt,ES ,EUR,0.653871,A,11/18/2025
20251118,LPC,Etica Conservative Allocation,442342,BUNDESREPUB. DEUTSCHLAND DBR 0 08/15/30,0.008253385588021,0.0,OB ,SOVEREIGN,DE0001030708,,ZO2919926 Govt,DE ,EUR,0.653871,A,11/18/2025
20251118,LPC,Etica Conservative Allocation,406149,CAISSE D'AMORT DETTE SOC CADES 0 11/25/26,0.008149968094783,0.0,OB ,Quasi & Foreign Government,FR0014004016,,BP9677991 Govt,FR ,EUR,0.653871,A,11/18/2025
20251118,LPC,Etica Conservative Allocation,406011,ERG SPA ERGIM 0 1/2 09/11/27,0.008034294916493,0.0,OB ,UTILITY,XS2229434852,,ZO3431582 Corp,IT ,EUR,0.653871,NR,11/18/2025
20251118,LPC,Etica Conservative Allocation,3458,NVIDIA CORP,0.0077793933248,0.00555472,AZ ,Information Technology,US67066G1040,2379504,NVDA US Equity,US ,USD,0.653871,,11/18/2025
20251118,LPC,Etica Conservative Allocation,406148,AGENCE FRANCAISE DEVELOP AGFRNC 0.01 11/25/28,0.007707698191895,0.0,OB ,Quasi & Foreign Government,FR0014003YN1,,BP9619894 Govt,FR ,EUR,0.653871,A,11/18/2025
20251118,LPC,Etica Conservative Allocation,335524,AGENCE FRANCAISE DEVELOP AGFRNC 0 1/8 09/29/31,0.00698604239549,0.0,OB ,Quasi & Foreign Government,FR0014005NA6,,BR5562094 Govt,FR ,EUR,0.653871,A,11/18/2025
20251118,LPC,Etica Conservative Allocation,335490,LANDWIRTSCH. RENTENBANK RENTEN 0 06/30/31,0.0053966241307,0.0,OB ,Quasi & Foreign Government,XS2359292955,,BQ1979823 Corp,DE ,EUR,0.653871,A,11/18/2025
20251118,LPC,Etica Conservative Allocation,15898,BONOS Y OBLIG DEL ESTADO SPGB 5 3/4 07/30/32,0.004986586721144,0.0,OB ,SOVEREIGN,ES0000012411,,EC3301636 Govt,ES ,EUR,0.653871,A,11/18/2025
20251118,LPC,Etica Conservative Allocation,228114,FRANCE (GOVT OF) FRTR 2 1/2 05/25/30,0.004613187271864,0.005867545929575,OB ,SOVEREIGN,FR0011883966,,EK2432749 Govt,FR ,EUR,0.653871,A,11/18/2025
20251118,LPC,Etica Conservative Allocation,5441,REPUBLIC OF AUSTRIA RAGB 1.85 05/23/49,0.004601582474876,0.0,OB ,SOVEREIGN,AT0000A2Y8G4,,BW7906546 Govt,AT ,EUR,0.653871,A,11/18/2025
20251118,LPC,Etica Conservative Allocation,164724,GBP,0.004575283765312,0.0,LQ ,CASH,,,GBP,GB ,GBP,0.653871,,11/18/2025
20251118,LPC,Etica Conservative Allocation,185030,NETHERLANDS GOVERNMENT NETHER 0 1/2 01/15/40,0.004394715422897,0.0,OB ,SOVEREIGN,NL0013552060,,ZS0947771 Govt,NL ,EUR,0.653871,A,11/18/2025
20251118,LPC,Etica Conservative Allocation,237567,BONOS Y OBLIG DEL ESTADO SPGB 0.1 04/30/31,0.004368437951524,0.0,OB ,SOVEREIGN,ES0000012H41,,BN5127343 Govt,ES ,EUR,0.653871,A,11/18/2025
20251118,LPC,Etica Conservative Allocation,451544,EDP SA EDPPL 1 7/8 08/02/2081,0.004158012461599,0.0,OB ,UTILITY,PTEDPROM0029,,BN7191719 Corp,PT ,EUR,0.653871,C,11/18/2025
20251118,LPC,Etica Conservative Allocation,239100,FORVIA SE EOFP 2 3/8 06/15/29,0.004071710034619,0.0,OB ,INDUSTRIAL,XS2312733871,,BO6324905 Corp,FR ,EUR,0.653871,C,11/18/2025
20251118,LPC,Etica Conservative Allocation,492162,KOMMUNEKREDIT KOMMUN 1 1/2 05/16/29,0.004069961007191,0.0,OB ,Quasi & Foreign Government,XS2489343793,,BW8977538 Govt,DK ,EUR,0.653871,A,11/18/2025
20251118,LPC,Etica Conservative Allocation,164722,DKK,0.0038267770664,0.0,LQ ,CASH,,,DKK,DK ,DKK,0.653871,,11/18/2025
20251118,LPC,Etica Conservative Allocation,406118,CAISSE FRANCAISE DE FIN CAFFIL 0.01 04/27/29,0.003814321492498,0.0,OB ,Covered,FR00140033E4,,BP1529455 Govt,FR ,EUR,0.653871,A,11/18/2025
20251118,LPC,Etica Conservative Allocation,237579,VONOVIA SE ANNGR 0 5/8 03/24/31,0.003651105167914,0.0,OB ,INDUSTRIAL,DE000A3E5FR9,,BO6329904 Corp,DE ,EUR,0.653871,B,11/18/2025
20251118,LPC,Etica Conservative Allocation,172066,ALLINEAMENTO NAV,0.00364247496686,0.0,OT ,CASH,,,ALLINEAMENTO NAV,5A ,EUR,0.653871,,11/18/2025
20251118,LPC,Etica Conservative Allocation,481243,CAISSE D'AMORT DETTE SOC CADES 0.45 01/19/32,0.0036013124392,0.0,OB ,Quasi & Foreign Government,FR0014007RB1,,BT4620824 Govt,FR ,EUR,0.653871,A,11/18/2025
20251118,LPC,Etica Conservative Allocation,448147,EUROPEAN UNION EU 0.3 11/04/50,0.003261973216915,0.0,OB ,Quasi & Foreign Government,EU000A284469,,BM3710233 Govt,SNA,EUR,0.653871,A,11/18/2025
20251118,LPC,Etica Conservative Allocation,65876,VISA INC-CLASS A SHARES,0.002760006925716,0.0,AZ ,Financials,US92826C8394,B2PZN04,V US Equity,US ,USD,0.653871,,11/18/2025
20251118,LPC,Etica Conservative Allocation,45465,MASTERCARD INC - A,0.002712614945364,0.0,AZ ,Financials,US57636Q1040,B121557,MA US Equity,US ,USD,0.653871,,11/18/2025
20251118,LPC,Etica Conservative Allocation,239132,REPUBLIKA SLOVENIJA SLOREP 0 1/8 07/01/31,0.002559291869499,0.0,OB ,SOVEREIGN,SI0002104196,,BQ1964585 Govt,SI ,EUR,0.653871,A,11/18/2025
20251118,LPC,Etica Conservative Allocation,164953,AUD,0.002496593400538,0.0,LQ ,CASH,,,AUD,AU ,AUD,0.653871,,11/18/2025
20251118,LPC,Etica Conservative Allocation,554,ORACLE CORP,0.00225942278262,0.0,AZ ,Information Technology,US68389X1054,2661568,ORCL US Equity,US ,USD,0.653871,,11/18/2025
20251118,LPC,Etica Conservative Allocation,164955,CHF,0.002185393947402,0.0,LQ ,CASH,,,CHF,CH ,CHF,0.653871,,11/18/2025
20251118,LPC,Etica Conservative Allocation,164959,JPY,0.002012164857225,0.0,LQ ,CASH,,,JPY,JP ,JPY,0.653871,,11/18/2025
20251118,LPC,Etica Conservative Allocation,164726,SEK,0.001624069413195,0.0,LQ ,CASH,,,SEK,SE ,SEK,0.653871,,11/18/2025
20251118,LPC,Etica Conservative Allocation,201018,ABBVIE INC,0.001572461027436,0.0,AZ ,Health Care,US00287Y1091,B92SR70,ABBV US Equity,US ,USD,0.653871,,11/18/2025
20251118,LPC,Etica Conservative Allocation,300,HOME DEPOT INC,0.001355005280118,0.0,AZ ,Consumer Discretionary,US4370761029,2434209,HD US Equity,US ,USD,0.653871,,11/18/2025
20251118,LPC,Etica Conservative Allocation,577,APPLIED MATERIALS INC,0.001343649511321,0.0,AZ ,Information Technology,US0382221051,2046552,AMAT US Equity,US ,USD,0.653871,,11/18/2025
20251118,LPC,Etica Conservative Allocation,433692,REPUBLIC OF AUSTRIA RAGB 0.85 06/30/2120,0.001314367460687,0.0,OB ,SOVEREIGN,AT0000A2HLC4,,BK2273211 Govt,AT ,EUR,0.653871,A,11/18/2025
20251118,LPC,Etica Conservative Allocation,2839,ASML HOLDING NV,0.001261631785106,0.0,AZ ,Information Technology,NL0010273215,B929F46,ASML NA Equity,NL ,EUR,0.653871,,11/18/2025
20251118,LPC,Etica Conservative Allocation,427,PROCTER & GAMBLE CO/THE,0.00121028325485,0.0,AZ ,Consumer Staples,US7427181091,2704407,PG US Equity,US ,USD,0.653871,,11/18/2025
20251118,LPC,Etica Conservative Allocation,222389,MONCLER SPA,0.001175746209664,0.0,AZ ,Consumer Discretionary,IT0004965148,BGLP232,MONC IM Equity,IT ,EUR,0.653871,,11/18/2025
20251118,LPC,Etica Conservative Allocation,480,TEXAS INSTRUMENTS INC,0.001165238719169,0.0,AZ ,Information Technology,US8825081040,2885409,TXN US Equity,US ,USD,0.653871,,11/18/2025
20251118,LPC,Etica Conservative Allocation,237571,OBRIGACOES DO TESOURO PGB 1 04/12/52,0.001137195562964,0.0,OB ,SOVEREIGN,PTOTECOE0037,,BN8909473 Govt,PT ,EUR,0.653871,A,11/18/2025
20251118,LPC,Etica Conservative Allocation,1706,TELECOM ITALIA SPA,0.001132839651796,0.0,AZ ,Communication Services,IT0003497168,7634394,TIT IM Equity,IT ,EUR,0.653871,,11/18/2025
20251118,LPC,Etica Conservative Allocation,221482,SERVICENOW INC,0.001088185315806,0.0,AZ ,Information Technology,US81762P1021,B80NXX8,NOW US Equity,US ,USD,0.653871,,11/18/2025
20251118,LPC,Etica Conservative Allocation,542,CISCO SYSTEMS INC,0.001087710163354,0.0,AZ ,Information Technology,US17275R1023,2198163,CSCO US Equity,US ,USD,0.653871,,11/18/2025
20251118,LPC,Etica Conservative Allocation,4289,CRH PLC,0.001075282074169,0.0,SE ,Materials,IE0001827041,182704,CRH LN Equity,US ,USD,0.653871,,11/18/2025
20251118,LPC,Etica Conservative Allocation,756,QUALCOMM INC,0.001056393410812,0.0,AZ ,Information Technology,US7475251036,2714923,QCOM US Equity,US ,USD,0.653871,,11/18/2025
20251118,LPC,Etica Conservative Allocation,23568,SALESFORCE INC,0.001041051941653,0.0,AZ ,Information Technology,US79466L3024,2310525,CRM US Equity,US ,USD,0.653871,,11/18/2025
20251118,LPC,Etica Conservative Allocation,705,LAM RESEARCH CORP,0.001014598734667,0.0,AZ ,Information Technology,US5128073062,BSML4N7,LRCX US Equity,US ,USD,0.653871,,11/18/2025
20251118,LPC,Etica Conservative Allocation,423,NEW LINDE PLC,0.000984153164357,0.0,AZ ,Materials,IE000S9YS762,BNZHB81,LIN US Equity,US ,USD,0.653871,,11/18/2025
20251118,LPC,Etica Conservative Allocation,360,MEDTRONIC PLC,0.0009821855085,0.0,AZ ,Health Care,IE00BTN1Y115,BTN1Y11,MDT US Equity,US ,USD,0.653871,,11/18/2025
20251118,LPC,Etica Conservative Allocation,214,DANAHER CORP,0.000972995618669,0.0,AZ ,Health Care,US2358511028,2250870,DHR US Equity,US ,USD,0.653871,,11/18/2025
20251118,LPC,Etica Conservative Allocation,363,MERCK & CO. INC.,0.000967342095724,0.0,AZ ,Health Care,US58933Y1055,2778844,MRK US Equity,US ,USD,0.653871,,11/18/2025
20251118,LPC,Etica Conservative Allocation,1619,LOREAL SA,0.000966774911115,0.0,AZ ,Consumer Staples,FR0000120321,4057808,OR FP Equity,FR ,EUR,0.653871,,11/18/2025
20251118,LPC,Etica Conservative Allocation,216,DEERE & CO,0.000937059767974,0.0,AZ ,Industrials,US2441991054,2261203,DE US Equity,US ,USD,0.653871,,11/18/2025
20251118,LPC,Etica Conservative Allocation,2703,LONZA GROUP AG-REG,0.000929279510963,0.0,AZ ,Health Care,CH0013841017,7333378,LONN SW Equity,CH ,CHF,0.653871,,11/18/2025
20251118,LPC,Etica Conservative Allocation,30976,NABTESCO CORP,0.000879241501974,0.0,AZ ,Industrials,JP3651210001,6687571,6268 JP Equity,JP ,JPY,0.653871,,11/18/2025
20251118,LPC,Etica Conservative Allocation,1821,INTUIT INC,0.000864367272999,0.0,AZ ,Information Technology,US4612021034,2459020,INTU US Equity,US ,USD,0.653871,,11/18/2025
20251118,LPC,Etica Conservative Allocation,100,ABBOTT LABORATORIES,0.000860052588907,0.0,AZ ,Health Care,US0028241000,2002305,ABT US Equity,US ,USD,0.653871,,11/18/2025
20251118,LPC,Etica Conservative Allocation,358,S&P GLOBAL INC,0.000846153650942,0.0,AZ ,Financials,US78409V1044,BYV2325,SPGI US Equity,US ,USD,0.653871,,11/18/2025
20251118,LPC,Etica Conservative Allocation,533,AMGEN INC,0.000841043575805,0.0,AZ ,Health Care,US0311621009,2023607,AMGN US Equity,US ,USD,0.653871,,11/18/2025
20251118,LPC,Etica Conservative Allocation,2706,TRANE TECHNOLOGIES PLC,0.000790304706539,0.0,AZ ,Industrials,IE00BK9ZQ967,BK9ZQ96,TT US Equity,US ,USD,0.653871,,11/18/2025
20251118,LPC,Etica Conservative Allocation,397638,PROSUS NV,0.000783164510279,0.0,AZ ,Consumer Discretionary,NL0013654783,BJDS7L3,PRX NA Equity,NL ,EUR,0.653871,,11/18/2025
20251118,LPC,Etica Conservative Allocation,164960,NOK,0.000769869403212,0.0,LQ ,CASH,,,NOK,NO ,NOK,0.653871,,11/18/2025
20251118,LPC,Etica Conservative Allocation,1258,KAO CORP,0.000759630513358,0.0,AZ ,Consumer Staples,JP3205800000,6483809,4452 JP Equity,JP ,JPY,0.653871,,11/18/2025
20251118,LPC,Etica Conservative Allocation,1526,TOKYO ELECTRON LTD,0.000728948824346,0.0,AZ ,Information Technology,JP3571400005,6895675,8035 JP Equity,JP ,JPY,0.653871,,11/18/2025
20251118,LPC,Etica Conservative Allocation,3033,STMICROELECTRONICS NV,0.000720543498247,0.0,SE ,Information Technology,NL0000226223,5962343,STMMI IM Equity,FR ,EUR,0.653871,,11/18/2025
20251118,LPC,Etica Conservative Allocation,559,STRYKER CORP,0.000710967156641,0.0,AZ ,Health Care,US8636671013,2853688,SYK UN Equity,US ,USD,0.653871,,11/18/2025
20251118,LPC,Etica Conservative Allocation,497,UNION PACIFIC CORP,0.000706629985053,0.0,AZ ,Industrials,US9078181081,2914734,UNP US Equity,US ,USD,0.653871,,11/18/2025
20251118,LPC,Etica Conservative Allocation,549,INTEL CORP,0.000699875407698,0.0,AZ ,Information Technology,US4581401001,2463247,INTC US Equity,US ,USD,0.653871,,11/18/2025
20251118,LPC,Etica Conservative Allocation,149,VERIZON COMMUNICATIONS INC,0.000689040182778,0.0,AZ ,Communication Services,US92343V1044,2090571,VZ US Equity,US ,USD,0.653871,,11/18/2025
20251118,LPC,Etica Conservative Allocation,49402,SARTORIUS STEDIM BIOTECH,0.000675867924066,0.0,AZ ,Health Care,FR0013154002,BYZ2QP5,DIM FP Equity,FR ,EUR,0.653871,,11/18/2025
20251118,LPC,Etica Conservative Allocation,3092,MTR CORP,0.00065721038219,0.0,AZ ,Industrials,HK0066009694,6290054,66 HK Equity,HK ,HKD,0.653871,,11/18/2025
20251118,LPC,Etica Conservative Allocation,783,SYNOPSYS INC,0.000648618493165,0.0,AZ ,Information Technology,US8716071076,2867719,SNPS US Equity,US ,USD,0.653871,,11/18/2025
20251118,LPC,Etica Conservative Allocation,53583,LOGITECH INTERNATIONAL,0.00064684198102,0.0,SE ,Information Technology,CH0025751329,B1921K0,LOGI US Equity,CH ,CHF,0.653871,,11/18/2025
20251118,LPC,Etica Conservative Allocation,486,TJX COMPANIES INC,0.000643829073056,0.0,AZ ,Consumer Discretionary,US8725401090,2989301,TJX US Equity,US ,USD,0.653871,,11/18/2025
20251118,LPC,Etica Conservative Allocation,2170,DSV A/S,0.000628916115618,0.0,AZ ,Industrials,DK0060079531,B1WT5G2,DSV DC Equity,DK ,DKK,0.653871,,11/18/2025
20251118,LPC,Etica Conservative Allocation,191474,PALO ALTO NETWORKS INC,0.000628751623752,0.0,AZ ,Information Technology,US6974351057,B87ZMX0,PANW US Equity,US ,USD,0.653871,,11/18/2025
20251118,LPC,Etica Conservative Allocation,133,AUTOMATIC DATA PROCESSING,0.000628438880991,0.0,AZ ,Industrials,US0530151036,2065308,ADP US Equity,US ,USD,0.653871,,11/18/2025
20251118,LPC,Etica Conservative Allocation,159,BOSTON SCIENTIFIC CORP,0.000624311176259,0.0,AZ ,Health Care,US1011371077,2113434,BSX US Equity,US ,USD,0.653871,,11/18/2025
20251118,LPC,Etica Conservative Allocation,348394,KNORR-BREMSE AG,0.000610125314509,0.0,AZ ,Industrials,DE000KBX1006,BD2P9X9,KBX GR Equity,DE ,EUR,0.653871,,11/18/2025
20251118,LPC,Etica Conservative Allocation,1734,NOKIA OYJ,0.000609213321635,0.0,AZ ,Information Technology,FI0009000681,5902941,NOKIA FH Equity,FI ,EUR,0.653871,,11/18/2025
20251118,LPC,Etica Conservative Allocation,125,ANALOG DEVICES INC,0.000604032036096,0.0,AZ ,Information Technology,US0326541051,2032067,ADI US Equity,US ,USD,0.653871,,11/18/2025
20251118,LPC,Etica Conservative Allocation,667,GILEAD SCIENCES INC,0.000599037313482,0.0,AZ ,Health Care,US3755581036,2369174,GILD US Equity,US ,USD,0.653871,,11/18/2025
20251118,LPC,Etica Conservative Allocation,40461,VERTEX PHARMACEUTICALS INC,0.000595052862426,0.0,AZ ,Health Care,US92532F1003,2931034,VRTX US Equity,US ,USD,0.653871,,11/18/2025
20251118,LPC,Etica Conservative Allocation,1404,OBAYASHI CORP,0.00058988573568,0.0,AZ ,Industrials,JP3190000004,6656407,1802 JP Equity,JP ,JPY,0.653871,,11/18/2025
20251118,LPC,Etica Conservative Allocation,670,WELLTOWER INC,0.000584626576776,0.0,AZ ,Real Estate,US95040Q1040,BYVYHH4,WELL US Equity,US ,USD,0.653871,,11/18/2025
20251118,LPC,Etica Conservative Allocation,233530,ZALANDO SE,0.000582263724008,0.0,AZ ,Consumer Discretionary,DE000ZAL1111,BQV0SV7,ZAL GR Equity,DE ,EUR,0.653871,,11/18/2025
20251118,LPC,Etica Conservative Allocation,531,ADOBE INC,0.000571655456218,0.0,AZ ,Information Technology,US00724F1012,2008154,ADBE US Equity,US ,USD,0.653871,,11/18/2025
20251118,LPC,Etica Conservative Allocation,520,WESTERN DIGITAL CORP,0.000571598404609,0.0,AZ ,Information Technology,US9581021055,2954699,WDC US Equity,US ,USD,0.653871,,11/18/2025
20251118,LPC,Etica Conservative Allocation,3760,ABB LTD,0.000570000126688,0.0,AZ ,Industrials,CH0012221716,7108899,ABBN SW Equity,CH ,CHF,0.653871,,11/18/2025
20251118,LPC,Etica Conservative Allocation,236196,IMCD NV,0.000559338971641,0.0,AZ ,Industrials,NL0010801007,BNCBD46,IMCD NA Equity,NL ,EUR,0.653871,,11/18/2025
20251118,LPC,Etica Conservative Allocation,2088,SAP SE,0.00055584716331,0.0,AZ ,Information Technology,DE0007164600,4846288,SAP GY Equity,DE ,EUR,0.653871,,11/18/2025
20251118,LPC,Etica Conservative Allocation,302,HONDA MOTOR CO LTD,0.000552593139423,0.0,AZ ,Consumer Discretionary,JP3854600008,6435145,7267 JP Equity,JP ,JPY,0.653871,,11/18/2025
20251118,LPC,Etica Conservative Allocation,1658,ATLAS COPCO AB-A SHS,0.0005465210992,0.0,AZ ,Industrials,SE0017486889,BLDBN41,ATCOA SS Equity,SE ,SEK,0.653871,,11/18/2025
20251118,LPC,Etica Conservative Allocation,1714,SKF AB-B SHARES,0.000542207664414,0.0,AZ ,Industrials,SE0000108227,B1Q3J35,SKFB SS Equity,SE ,SEK,0.653871,,11/18/2025
20251118,LPC,Etica Conservative Allocation,2489,LENOVO GROUP LTD,0.000536015274446,0.0,AZ ,Information Technology,HK0992009065,6218089,992 HK Equity,CN ,CNY,0.653871,,11/18/2025
20251118,LPC,Etica Conservative Allocation,4264,AUTODESK INC,0.000535869105726,0.0,AZ ,Information Technology,US0527691069,2065159,ADSK US Equity,US ,USD,0.653871,,11/18/2025
20251118,LPC,Etica Conservative Allocation,18091,PROLOGIS INC,0.00053415297667,0.0,AZ ,Real Estate,US74340W1036,B44WZD7,PLD UN Equity,US ,USD,0.653871,,11/18/2025
20251118,LPC,Etica Conservative Allocation,1545,TOTO LTD,0.000529761668519,0.0,AZ ,Industrials,JP3596200000,6897466,5332 JP Equity,JP ,JPY,0.653871,,11/18/2025
20251118,LPC,Etica Conservative Allocation,1340,NEC CORP,0.000520174916035,0.0,AZ ,Information Technology,JP3733000008,6640400,6701 JP Equity,JP ,JPY,0.653871,,11/18/2025
20251118,LPC,Etica Conservative Allocation,2955,VOESTALPINE AG,0.000514470588008,0.0,AZ ,Materials,AT0000937503,4943402,VOE AV Equity,AT ,EUR,0.653871,,11/18/2025
20251118,LPC,Etica Conservative Allocation,392,NOVO NORDISK A/S-B,0.000513319977821,0.0,AZ ,Health Care,DK0062498333,BP6KMJ1,NOVOB DC Equity,DK ,DKK,0.653871,,11/18/2025
20251118,LPC,Etica Conservative Allocation,454,SONY GROUP CORP,0.000510472811028,0.0,AZ ,Consumer Discretionary,JP3435000009,6821506,6758 JP Equity,JP ,JPY,0.653871,,11/18/2025
20251118,LPC,Etica Conservative Allocation,3013,NOVARTIS AG,0.000509782778064,0.0,AZ ,Health Care,CH0012005267,7103065,NOVN SW Equity,CH ,CHF,0.653871,,11/18/2025
20251118,LPC,Etica Conservative Allocation,344,LOWE'S COS INC,0.000505261958597,0.0,AZ ,Consumer Discretionary,US5486611073,2536763,LOW US Equity,US ,USD,0.653871,,11/18/2025
20251118,LPC,Etica Conservative Allocation,424846,OTIS WORLDWIDE CORP,0.000501372454744,0.0,AZ ,Industrials,US68902V1070,BK531S8,OTIS US Equity,US ,USD,0.653871,,11/18/2025
20251118,LPC,Etica Conservative Allocation,2566,UNITED PARCEL SERVICE-CL B,0.000500660350719,0.0,AZ ,Industrials,US9113121068,2517382,UPS US Equity,US ,USD,0.653871,,11/18/2025
20251118,LPC,Etica Conservative Allocation,23355,RALPH LAUREN CORP,0.000495713934577,0.0,AZ ,Consumer Discretionary,US7512121010,B4V9661,RL US Equity,US ,USD,0.653871,,11/18/2025
20251118,LPC,Etica Conservative Allocation,1146,BRIDGESTONE CORP,0.000493707550256,0.0,AZ ,Consumer Discretionary,JP3830800003,6132101,5108 JP Equity,JP ,JPY,0.653871,,11/18/2025
20251118,LPC,Etica Conservative Allocation,3014,ANHEUSER-BUSCH INBEV SA/NV,0.000475508086992,0.0,AZ ,Consumer Staples,BE0974293251,BYYHL23,ABI BB Equity,BE ,EUR,0.653871,,11/18/2025
20251118,LPC,Etica Conservative Allocation,471,TDK CORP,0.000475234905565,0.0,AZ ,Information Technology,JP3538800008,6869302,6762 JP Equity,JP ,JPY,0.653871,,11/18/2025
20251118,LPC,Etica Conservative Allocation,4223,COLGATE-PALMOLIVE CO,0.000470636212733,0.0,AZ ,Consumer Staples,US1941621039,2209106,CL US Equity,US ,USD,0.653871,,11/18/2025
20251118,LPC,Etica Conservative Allocation,1609,ESSILORLUXOTTICA,0.000466840406778,0.0,AZ ,Health Care,FR0000121667,7212477,EL FP Equity,FR ,EUR,0.653871,,11/18/2025
20251118,LPC,Etica Conservative Allocation,1285,KUBOTA CORP,0.000464160646897,0.0,AZ ,Industrials,JP3266400005,6497509,6326 JT Equity,JP ,JPY,0.653871,,11/18/2025
20251118,LPC,Etica Conservative Allocation,166783,XYLEM INC,0.000448516012984,0.0,AZ ,Industrials,US98419M1009,B3P2CN8,XYL US Equity,US ,USD,0.653871,,11/18/2025
20251118,LPC,Etica Conservative Allocation,232,ECOLAB INC,0.000441250053323,0.0,AZ ,Materials,US2788651006,2304227,ECL US Equity,US ,USD,0.653871,,11/18/2025
20251118,LPC,Etica Conservative Allocation,1790,CHINA OVERSEAS LAND & INVEST,0.000434253527174,0.0,AZ ,Real Estate,HK0688002218,6192150,688 HK Equity,CN ,CNY,0.653871,,11/18/2025
20251118,LPC,Etica Conservative Allocation,17897,SK HYNIX INC,0.000433688424741,0.0,AZ ,Information Technology,KR7000660001,6450267,000660 KS Equity,KR ,KRW,0.653871,,11/18/2025
20251118,LPC,Etica Conservative Allocation,23406,IBIDEN CO LTD,0.000432914271886,0.0,AZ ,Information Technology,JP3148800000,6456102,4062 JP Equity,JP ,JPY,0.653871,,11/18/2025
20251118,LPC,Etica Conservative Allocation,236299,VONOVIA SE,0.000429427877212,0.0,AZ ,Real Estate,DE000A1ML7J1,BBJPFY1,VNA GR Equity,DE ,EUR,0.653871,,11/18/2025
20251118,LPC,Etica Conservative Allocation,1288,KURITA WATER INDUSTRIES LTD,0.000427643869235,0.0,AZ ,Industrials,JP3270000007,6497963,6370 JP Equity,JP ,JPY,0.653871,,11/18/2025
20251118,LPC,Etica Conservative Allocation,3011,DEUTSCHE TELEKOM AG,0.000416873191756,0.0,AZ ,Communication Services,DE0005557508,5842359,DTE GR Equity,DE ,EUR,0.653871,,11/18/2025
20251118,LPC,Etica Conservative Allocation,3119,INTERPUMP GROUP SPA,0.0004112171702,0.0,AZ ,Industrials,IT0001078911,5161407,IP IM Equity,IT ,EUR,0.653871,,11/18/2025
20251118,LPC,Etica Conservative Allocation,405936,CARRIER GLOBAL CORP,0.000398318092915,0.0,AZ ,Industrials,US14448C1045,BK4N0D7,CARR US Equity,US ,USD,0.653871,,11/18/2025
20251118,LPC,Etica Conservative Allocation,1575,ASTELLAS PHARMA INC,0.000394715929282,0.0,AZ ,Health Care,JP3942400007,6985383,4503 JP Equity,JP ,JPY,0.653871,,11/18/2025
20251118,LPC,Etica Conservative Allocation,57392,EQUINIX INC,0.00039221482006,0.0,AZ ,Real Estate,US29444U7000,BVLZX12,EQIX US Equity,US ,USD,0.653871,,11/18/2025
20251118,LPC,Etica Conservative Allocation,336777,ULTA BEAUTY INC,0.00038309614063,0.0,AZ ,Consumer Discretionary,US90384S3031,B28TS42,ULTA UW Equity,US ,USD,0.653871,,11/18/2025
20251118,LPC,Etica Conservative Allocation,3371,ERG SPA,0.000379168324748,0.0,AZ ,Utilities,IT0001157020,5337093,ERG IM Equity,IT ,EUR,0.653871,,11/18/2025
20251118,LPC,Etica Conservative Allocation,188,THE CIGNA GROUP,0.000372468300392,0.0,AZ ,Health Care,US1255231003,BHJ0775,CI US Equity,US ,USD,0.653871,,11/18/2025
20251118,LPC,Etica Conservative Allocation,4266,MCCORMICK & CO-NON VTG SHRS,0.000367488985877,0.0,AZ ,Consumer Staples,US5797802064,2550161,MKC UN Equity,US ,USD,0.653871,,11/18/2025
20251118,LPC,Etica Conservative Allocation,2831,BREMBO N.V.,0.000366614055727,0.0,AZ ,Consumer Discretionary,NL0015001KT6,BSMM753,BRE IM Equity,IT ,EUR,0.653871,,11/18/2025
20251118,LPC,Etica Conservative Allocation,49977,TE CONNECTIVITY PLC,0.000366304644446,0.0,AZ ,Information Technology,IE000IVNQZ81,BRC3N84,TEL US Equity,US ,USD,0.653871,,11/18/2025
20251118,LPC,Etica Conservative Allocation,3065,ELEVANCE HEALTH INC,0.000361726356935,0.0,AZ ,Health Care,US0367521038,BSPHGL4,ELV US Equity,US ,USD,0.653871,,11/18/2025
20251118,LPC,Etica Conservative Allocation,2867,DARDEN RESTAURANTS INC,0.000356688741506,0.0,AZ ,Consumer Discretionary,US2371941053,2289874,DRI UN Equity,US ,USD,0.653871,,11/18/2025
20251118,LPC,Etica Conservative Allocation,44974,LEGRAND SA,0.000349330749688,0.0,AZ ,Industrials,FR0010307819,B11ZRK9,LR FP Equity,FR ,EUR,0.653871,,11/18/2025
20251118,LPC,Etica Conservative Allocation,1337,MURATA MANUFACTURING CO LTD,0.00034629701997,0.0,AZ ,Information Technology,JP3914400001,6610403,6981 JP Equity,JP ,JPY,0.653871,,11/18/2025
20251118,LPC,Etica Conservative Allocation,148,BECTON DICKINSON AND CO,0.000345764815909,0.0,AZ ,Health Care,US0758871091,2087807,BDX US Equity,US ,USD,0.653871,,11/18/2025
20251118,LPC,Etica Conservative Allocation,164725,HKD,0.000341290220738,0.0,LQ ,CASH,,,HKD,HK ,HKD,0.653871,,11/18/2025
20251118,LPC,Etica Conservative Allocation,184644,ZOETIS INC,0.000339821454133,0.0,AZ ,Health Care,US98978V1035,B95WG16,ZTS US Equity,US ,USD,0.653871,,11/18/2025
20251118,LPC,Etica Conservative Allocation,651,EXPEDITORS INTL WASH INC,0.00033201412884,0.0,AZ ,Industrials,US3021301094,2325507,EXPD US Equity,US ,USD,0.653871,,11/18/2025
20251118,LPC,Etica Conservative Allocation,2658,ASSA ABLOY AB-B,0.0003183800436,0.0,AZ ,Industrials,SE0007100581,BYPC1T4,ASSAB SS Equity,SE ,SEK,0.653871,,11/18/2025
20251118,LPC,Etica Conservative Allocation,100272,AMERICAN WATER WORKS CO INC,0.000317625463195,0.0,AZ ,Utilities,US0304201033,B2R3PV1,AWK US Equity,US ,USD,0.653871,,11/18/2025
20251118,LPC,Etica Conservative Allocation,4275,HASBRO INC,0.000311681268548,0.0,AZ ,Consumer Discretionary,US4180561072,2414580,HAS US Equity,US ,USD,0.653871,,11/18/2025
20251118,LPC,Etica Conservative Allocation,1001,PERSIMMON PLC,0.000308608810366,0.0,AZ ,Consumer Discretionary,GB0006825383,682538,PSN LN Equity,GB ,GBP,0.653871,,11/18/2025
20251118,LPC,Etica Conservative Allocation,88166,REXEL SA,0.000301809674455,0.0,AZ ,Industrials,FR0010451203,B1VP0K0,RXL FP Equity,FR ,EUR,0.653871,,11/18/2025
20251118,LPC,Etica Conservative Allocation,318,INTL FLAVORS & FRAGRANCES,0.000301377831254,0.0,AZ ,Materials,US4595061015,2464165,IFF US Equity,US ,USD,0.653871,,11/18/2025
20251118,LPC,Etica Conservative Allocation,349,MASCO CORP,0.000293195297934,0.0,AZ ,Industrials,US5745991068,2570200,MAS US Equity,US ,USD,0.653871,,11/18/2025
20251118,LPC,Etica Conservative Allocation,469,SYSCO CORP,0.000292004293543,0.0,AZ ,Consumer Staples,US8718291078,2868165,SYY US Equity,US ,USD,0.653871,,11/18/2025
20251118,LPC,Etica Conservative Allocation,366,MICRON TECHNOLOGY INC,0.000287553018737,0.0,AZ ,Information Technology,US5951121038,2588184,MU US Equity,US ,USD,0.653871,,11/18/2025
20251118,LPC,Etica Conservative Allocation,276440,DELL TECHNOLOGIES -C,0.000286738888112,0.0,AZ ,Information Technology,US24703L2025,BHKD3S6,DELL US Equity,US ,USD,0.653871,,11/18/2025
20251118,LPC,Etica Conservative Allocation,1457,SHIMIZU CORP,0.000281576342153,0.0,AZ ,Industrials,JP3358800005,6804400,1803 JP Equity,JP ,JPY,0.653871,,11/18/2025
20251118,LPC,Etica Conservative Allocation,164954,CAD,0.000266945311278,0.0,LQ ,CASH,,,CAD,CA ,CAD,0.653871,,11/18/2025
20251118,LPC,Etica Conservative Allocation,19461,DICK'S SPORTING GOODS INC,0.000264498338618,0.0,AZ ,Consumer Discretionary,US2533931026,2969637,DKS US Equity,US ,USD,0.653871,,11/18/2025
20251118,LPC,Etica Conservative Allocation,2298,TRACTOR SUPPLY COMPANY,0.000263682542254,0.0,AZ ,Consumer Discretionary,US8923561067,2900335,TSCO US Equity,US ,USD,0.653871,,11/18/2025
20251118,LPC,Etica Conservative Allocation,295,HERSHEY CO/THE,0.000263092453714,0.0,AZ ,Consumer Staples,US4278661081,2422806,HSY US Equity,US ,USD,0.653871,,11/18/2025
20251118,LPC,Etica Conservative Allocation,18074,ESTEE LAUDER COMPANIES-CL A,0.000259631045146,0.0,AZ ,Consumer Staples,US5184391044,2320524,EL US Equity,US ,USD,0.653871,,11/18/2025
20251118,LPC,Etica Conservative Allocation,387,NORSK HYDRO ASA,0.000254928659974,0.0,AZ ,Materials,NO0005052605,B11HK39,NHY NO Equity,NO ,NOK,0.653871,,11/18/2025
20251118,LPC,Etica Conservative Allocation,152,BEST BUY CO INC,0.000251457673398,0.0,AZ ,Consumer Discretionary,US0865161014,2094670,BBY US Equity,US ,USD,0.653871,,11/18/2025
20251118,LPC,Etica Conservative Allocation,1138,ASICS CORP,0.000248277774959,0.0,AZ ,Consumer Discretionary,JP3118000003,6057378,7936 JP Equity,JP ,JPY,0.653871,,11/18/2025
20251118,LPC,Etica Conservative Allocation,34107,DAIICHI SANKYO CO LTD,0.00023917783511,0.0,AZ ,Health Care,JP3475350009,B0J7D91,4568 JP Equity,JP ,JPY,0.653871,,11/18/2025
20251118,LPC,Etica Conservative Allocation,2985,CANADIAN NATL RAILWAY CO,0.00023589257859,0.0,AZ ,Industrials,CA1363751027,2180632,CNR CN Equity,CA ,CAD,0.653871,,11/18/2025
20251118,LPC,Etica Conservative Allocation,31928,DIGITAL REALTY TRUST INC,0.000235307070836,0.0,AZ ,Real Estate,US2538681030,B03GQS4,DLR US Equity,US ,USD,0.653871,,11/18/2025
20251118,LPC,Etica Conservative Allocation,242496,PAYPAL HOLDINGS INC,0.000229161738036,0.0,AZ ,Financials,US70450Y1038,BYW36M8,PYPL US Equity,US ,USD,0.653871,,11/18/2025
20251118,LPC,Etica Conservative Allocation,23481,CBRE GROUP INC,0.000226639807058,0.0,AZ ,Real Estate,US12504L1098,B6WVMH3,CBRE US Equity,US ,USD,0.653871,,11/18/2025
20251118,LPC,Etica Conservative Allocation,1755,SWIRE PACIFIC LTD - CL A,0.000217053054574,0.0,AZ ,Industrials,HK0019000162,6867748,19 HK Equity,HK ,HKD,0.653871,,11/18/2025
20251118,LPC,Etica Conservative Allocation,3385,YUM! BRANDS INC,0.00021403514939,0.0,AZ ,Consumer Discretionary,US9884981013,2098876,YUM UN Equity,US ,USD,0.653871,,11/18/2025
20251118,LPC,Etica Conservative Allocation,58590,SYSMEX CORP,0.000210278904769,0.0,AZ ,Health Care,JP3351100007,6883807,6869 JP Equity,JP ,JPY,0.653871,,11/18/2025
20251118,LPC,Etica Conservative Allocation,57810,VENTAS INC,0.000209611775736,0.0,AZ ,Real Estate,US92276F1003,2927925,VTR US Equity,US ,USD,0.653871,,11/18/2025
20251118,LPC,Etica Conservative Allocation,335212,LEVI STRAUSS & CO- CLASS A,0.000206966996403,0.0,AZ ,Consumer Discretionary,US52736R1023,BHRWS81,LEVI US Equity,US ,USD,0.653871,,11/18/2025
20251118,LPC,Etica Conservative Allocation,211955,TECHNOGYM SPA,0.000202371218617,0.0,AZ ,Consumer Discretionary,IT0005162406,BD9Y5C0,TGYM IM Equity,IT ,EUR,0.653871,,11/18/2025
20251118,LPC,Etica Conservative Allocation,50381,LULULEMON ATHLETICA INC,0.000200450619926,0.0,AZ ,Consumer Discretionary,US5500211090,B23FN39,LULU US Equity,US ,USD,0.653871,,11/18/2025
20251118,LPC,Etica Conservative Allocation,253654,FERRARI NV,0.000200257810474,0.0,AZ ,Consumer Discretionary,NL0011585146,BZ1GMK5,RACE US Equity,IT ,EUR,0.653871,,11/18/2025
20251118,LPC,Etica Conservative Allocation,58909,EDWARDS LIFESCIENCES CORP,0.000196409950131,0.0,AZ ,Health Care,US28176E1082,2567116,EW US Equity,US ,USD,0.653871,,11/18/2025
20251118,LPC,Etica Conservative Allocation,1,LG ELECTRONICS INC,0.000193502816684,0.0,AZ ,Consumer Discretionary,KR7066570003,6520739,066570 KS Equity,KR ,KRW,0.653871,,11/18/2025
20251118,LPC,Etica Conservative Allocation,1093,LENDLEASE GROUP,0.000186768644649,0.0,AZ ,Real Estate,AU000000LLC3,6512004,LLC AU Equity,AU ,AUD,0.653871,,11/18/2025
20251118,LPC,Etica Conservative Allocation,343334,GODADDY INC - CLASS A,0.00018017939203,0.0,AZ ,Information Technology,US3802371076,BWFRFC6,GDDY US Equity,US ,USD,0.653871,,11/18/2025
20251118,LPC,Etica Conservative Allocation,335227,NEXI SPA,0.000165003664042,0.0,AZ ,Financials,IT0005366767,BJ1F880,NEXI IM Equity,IT ,EUR,0.653871,,11/18/2025
20251118,LPC,Etica Conservative Allocation,173,CADENCE DESIGN SYS INC,0.000163530316651,0.0,AZ ,Information Technology,US1273871087,2302232,CDNS US Equity,US ,USD,0.653871,,11/18/2025
20251118,LPC,Etica Conservative Allocation,235482,MERLIN PROPERTIES SOCIMI SA,0.000153174824969,0.0,AZ ,Real Estate,ES0105025003,BNGNB77,MRL SM Equity,ES ,EUR,0.653871,,11/18/2025
20251118,LPC,Etica Conservative Allocation,222506,ORORA LTD,0.000153093203689,0.0,AZ ,Materials,AU000000ORA8,BH4TCW7,ORA AU Equity,AU ,AUD,0.653871,,11/18/2025
20251118,LPC,Etica Conservative Allocation,67156,KEURIG DR PEPPER INC,0.000152813775735,0.0,AZ ,Consumer Staples,US49271V1008,BD3W133,KDP US Equity,US ,USD,0.653871,,11/18/2025
20251118,LPC,Etica Conservative Allocation,1010,RELX PLC,0.0001516910667,0.0,AZ ,Industrials,GB00B2B0DG97,B2B0DG9,REL LN Equity,GB ,GBP,0.653871,,11/18/2025
20251118,LPC,Etica Conservative Allocation,3466,COGNIZANT TECH SOLUTIONS-A,0.000147048648183,0.0,AZ ,Information Technology,US1924461023,2257019,CTSH US Equity,US ,USD,0.653871,,11/18/2025
20251118,LPC,Etica Conservative Allocation,312,INGERSOLL-RAND INC,0.000140178301869,0.0,AZ ,Industrials,US45687V1061,BL5GZ82,IR UN Equity,US ,USD,0.653871,,11/18/2025
20251118,LPC,Etica Conservative Allocation,2858,RYOHIN KEIKAKU CO LTD,0.000136087243427,0.0,AZ ,Consumer Discretionary,JP3976300008,6758455,7453 JP Equity,JP ,JPY,0.653871,,11/18/2025
20251118,LPC,Etica Conservative Allocation,4106,ZIMMER BIOMET HOLDINGS INC,0.000134521863879,0.0,AZ ,Health Care,US98956P1021,2783815,ZBH US Equity,US ,USD,0.653871,,11/18/2025
20251118,LPC,Etica Conservative Allocation,2297,AVALONBAY COMMUNITIES INC,0.00013395551214,0.0,AZ ,Real Estate,US0534841012,2131179,AVB US Equity,US ,USD,0.653871,,11/18/2025
20251118,LPC,Etica Conservative Allocation,17956,RENESAS ELECTRONICS CORP,0.000130043937226,0.0,AZ ,Information Technology,JP3164720009,6635677,6723 JP Equity,JP ,JPY,0.653871,,11/18/2025
20251118,LPC,Etica Conservative Allocation,1040,TATE & LYLE PLC,0.000124282974025,0.0,AZ ,Consumer Staples,GB00BP92CJ43,BP92CJ4,TATE LN Equity,GB ,GBP,0.653871,,11/18/2025
20251118,LPC,Etica Conservative Allocation,235835,RAI WAY SPA,0.000117348080271,0.0,AZ ,Communication Services,IT0005054967,BSM8WL2,RWAY IM Equity,IT ,EUR,0.653871,,11/18/2025
20251118,LPC,Etica Conservative Allocation,1088,ORICA LTD,0.000116378619353,0.0,AZ ,Materials,AU000000ORI1,6458001,ORI AU Equity,AU ,AUD,0.653871,,11/18/2025
20251118,LPC,Etica Conservative Allocation,50261,DIASORIN SPA,0.000114224817006,0.0,AZ ,Health Care,IT0003492391,B234WN9,DIA IM Equity,IT ,EUR,0.653871,,11/18/2025
20251118,LPC,Etica Conservative Allocation,3478,SOL SPA,0.000114003273531,0.0,AZ ,Materials,IT0001206769,5490684,SOL IM Equity,IT ,EUR,0.653871,,11/18/2025
20251118,LPC,Etica Conservative Allocation,1024,SSE PLC,0.000108352249197,0.0,AZ ,Utilities,GB0007908733,790873,SSE LN Equity,GB ,GBP,0.653871,,11/18/2025
20251118,LPC,Etica Conservative Allocation,58681,JONES LANG LASALLE INC,0.000106888063378,0.0,AZ ,Real Estate,US48020Q1076,2040640,JLL US Equity,US ,USD,0.653871,,11/18/2025
20251118,LPC,Etica Conservative Allocation,3245,EDP SA,0.000101880431276,0.0,AZ ,Utilities,PTEDP0AM0009,4103596,EDP PL Equity,PT ,EUR,0.653871,,11/18/2025
20251118,LPC,Etica Conservative Allocation,31968,PENTAIR PLC,0.000099137789694,0.0,AZ ,Industrials,IE00BLS09M33,BLS09M3,PNR UN Equity,US ,USD,0.653871,,11/18/2025
20251118,LPC,Etica Conservative Allocation,24041,TERNA-RETE ELETTRICA NAZIONA,0.000080073807158,0.0,AZ ,Utilities,IT0003242622,B01BN57,TRN IM Equity,IT ,EUR,0.653871,,11/18/2025
20251118,LPC,Etica Conservative Allocation,58318,AZBIL CORP,0.000066248994641,0.0,AZ ,Information Technology,JP3937200008,6985543,6845 JP Equity,JP ,JPY,0.653871,,11/18/2025
20251118,LPC,Etica Conservative Allocation,63,HERA SPA,0.000057765795178,0.0,AZ ,Utilities,IT0001250932,7598003,HER IM Equity,IT ,EUR,0.653871,,11/18/2025
20251118,LPC,Etica Conservative Allocation,3476,A2A SPA,0.000052375042782,0.0,AZ ,Utilities,IT0001233417,5499131,A2A IM Equity,IT ,EUR,0.653871,,11/18/2025
20251118,LPC,Etica Conservative Allocation,23349,CORBION NV,0.000046074379688,0.0,AZ ,Materials,NL0010583399,BFRSRR7,CRBN NA Equity,NL ,EUR,0.653871,,11/18/2025
20251118,LPC,Etica Conservative Allocation,247914,INFRASTRUTTURE WIRELESS ITAL,0.000045829099413,0.0,AZ ,Communication Services,IT0005090300,BZ0P4R4,INW IM Equity,IT ,EUR,0.653871,,11/18/2025
20251118,LPC,Etica Conservative Allocation,3672,AMPLIFON SPA,0.000042166136256,0.0,AZ ,Health Care,IT0004056880,B14NJ71,AMP IM Equity,IT ,EUR,0.653871,,11/18/2025
20251118,LPC,Etica Conservative Allocation,48675,PRYSMIAN SPA,0.000040497480802,0.0,AZ ,Industrials,IT0004176001,B1W4V69,PRY IM Equity,IT ,EUR,0.653871,,11/18/2025
20251118,LPC,Etica Conservative Allocation,3321,BXP INC,0.00003728385112,0.0,AZ ,Real Estate,US1011211018,2019479,BXP US Equity,US ,USD,0.653871,,11/18/2025
20251118,LPC,Etica Conservative Allocation,314765,PIRELLI & C SPA,0.000012104519111,0.0,AZ ,Consumer Discretionary,IT0005278236,BZ5ZHK3,PIRC IM Equity,IT ,EUR,0.653871,,11/18/2025
20251118,LPC,Etica Conservative Allocation,314764,FRANCE (GOVT OF) FRTR 0 3/4 05/25/28,0.0,0.005338246534842,OB ,SOVEREIGN,FR0013286192,,AP3656380 Govt,FR ,EUR,0.653871,A,11/18/2025
20251118,LPC,Etica Conservative Allocation,534,APPLE INC,0.0,0.005014024,AZ ,Information Technology,US0378331005,2046251,AAPL US Equity,US ,USD,0.653871,,11/18/2025
20251118,LPC,Etica Conservative Allocation,195250,FRANCE (GOVT OF) FRTR 2 3/4 10/25/27,0.0,0.005148675302391,OB ,SOVEREIGN,FR0011317783,,EJ3468919 Govt,FR ,EUR,0.653871,A,11/18/2025
20251118,LPC,Etica Conservative Allocation,254029,FRANCE (GOVT OF) FRTR 1 1/2 05/25/31,0.0,0.005054341325123,OB ,SOVEREIGN,FR0012993103,,UV9949289 Govt,FR ,EUR,0.653871,A,11/18/2025
20251118,LPC,Etica Conservative Allocation,511224,FRANCE (GOVT OF) FRTR 2 3/4 02/25/29,0.0,0.004929385568476,OB ,SOVEREIGN,FR001400HI98,,ZK2178539 Govt,FR ,EUR,0.653871,A,11/18/2025
20251118,LPC,Etica Conservative Allocation,568369,FRENCH DISCOUNT T-BILL BTF 0 01/14/26,0.0,0.0061574875,OB ,SOVEREIGN,FR0128983980,,YN8205323 Govt,FR ,EUR,0.653871,A,11/18/2025
20251118,LPC,Etica Conservative Allocation,51421,FRENCH DISCOUNT T-BILL BTF 0 12/31/25,0.0,0.008525765,OB ,SOVEREIGN,FR0128690742,,YS3714856 Govt,FR ,EUR,0.653871,A,11/18/2025
20251118,LPC,Etica Conservative Allocation,553272,GERMAN TREASURY BILL BUBILL 0 01/14/26,0.0,0.0062019025,OB ,SOVEREIGN,DE000BU0E246,,YS4477537 Govt,DE ,EUR,0.653871,A,11/18/2025
20251118,LPC,Etica Conservative Allocation,164733,DEBITI COMMISSIONE GESTIONE,-0.000229136335495,0.0,CD ,CASH,,,DEBITI COMMISSIONE GESTIONE,5A ,EUR,0.653871,,11/18/2025
20251118,LPC,Etica Conservative Allocation,247714,DEBITI CONTRIBUTI VIGILANZA,-0.004490250632524,0.0,CD ,CASH,,,DEBITI CONTRIBUTI VIGILANZA,5A ,EUR,0.653871,,11/18/2025
20251118,LPD,Etica Dynamic Allocation,3458,NVIDIA CORP,0.04890542867971,0.03332832,AZ ,Information Technology,US67066G1040,2379504,NVDA US Equity,US ,USD,2.195603,,11/18/2025
20251118,LPD,Etica Dynamic Allocation,164727,USD,0.045118575329946,0.0,LQ ,CASH,,,USD,US ,USD,2.195603,,11/18/2025
20251118,LPD,Etica Dynamic Allocation,212626,BUONI POLIENNALI DEL TES BTPS 3.85 07/01/34,0.024429438568163,0.0,OB ,SOVEREIGN,IT0005584856,,ZD2941395 Govt,IT ,EUR,2.195603,B,11/18/2025
20251118,LPD,Etica Dynamic Allocation,335795,FRANCE (GOVT OF) FRTR 3 05/25/33,0.023247702581449,0.0,OB ,SOVEREIGN,FR001400H7V7,,ZL9844081 Govt,FR ,EUR,2.195603,A,11/18/2025
20251118,LPD,Etica Dynamic Allocation,509810,BUONI POLIENNALI DEL TES BTPS 4 10/30/31,0.020513413730997,0.0,OB ,SOVEREIGN,IT0005542359,,ZK0285476 Govt,IT ,EUR,2.195603,B,11/18/2025
20251118,LPD,Etica Dynamic Allocation,510744,BUNDESREPUB. DEUTSCHLAND DBR 2.3 02/15/33,0.019336399873721,0.0,OB ,SOVEREIGN,DE000BU3Z005,,ZK3512736 Govt,DE ,EUR,2.195603,A,11/18/2025
20251118,LPD,Etica Dynamic Allocation,571126,AUSTRIAN T-BILL RATB 0 11/27/25,0.019238789824646,0.0,OB ,SOVEREIGN,AT0000A3MUA7,,YL5192205 Govt,AT ,EUR,2.195603,A,11/18/2025
20251118,LPD,Etica Dynamic Allocation,294625,BONOS Y OBLIG DEL ESTADO SPGB 2.35 07/30/33,0.018622476104861,0.0,OB ,SOVEREIGN,ES00000128Q6,,AM6067459 Govt,ES ,EUR,2.195603,A,11/18/2025
20251118,LPD,Etica Dynamic Allocation,36611,FRANCE (GOVT OF) FRTR 3.15 07/25/32,0.017507975419883,0.0,OB ,SOVEREIGN,FR0000188799,,EC7356149 Govt,FR ,EUR,2.195603,A,11/18/2025
20251118,LPD,Etica Dynamic Allocation,45465,MASTERCARD INC - A,0.016463966412175,0.0,AZ ,Financials,US57636Q1040,B121557,MA US Equity,US ,USD,2.195603,,11/18/2025
20251118,LPD,Etica Dynamic Allocation,65876,VISA INC-CLASS A SHARES,0.01641668199184,0.0,AZ ,Financials,US92826C8394,B2PZN04,V US Equity,US ,USD,2.195603,,11/18/2025
20251118,LPD,Etica Dynamic Allocation,462761,BUNDESREPUB. DEUTSCHLAND DBR 0 08/15/50,0.014316937945189,0.0,OB ,SOVEREIGN,DE0001030724,,BP4742659 Govt,DE ,EUR,2.195603,A,11/18/2025
20251118,LPD,Etica Dynamic Allocation,554,ORACLE CORP,0.013680871959815,0.0,AZ ,Information Technology,US68389X1054,2661568,ORCL US Equity,US ,USD,2.195603,,11/18/2025
20251118,LPD,Etica Dynamic Allocation,164724,GBP,0.013362100893832,0.0,LQ ,CASH,,,GBP,GB ,GBP,2.195603,,11/18/2025
20251118,LPD,Etica Dynamic Allocation,459171,EUROPEAN UNION EU 0.2 06/04/36,0.012818948617357,0.0,OB ,Quasi & Foreign Government,EU000A3KM903,,BO4675365 Govt,SNA,EUR,2.195603,A,11/18/2025
20251118,LPD,Etica Dynamic Allocation,534121,TERNA RETE ELETTRICA TRNIM 4 3/4 PERP,0.012269033010563,0.0,OB ,UTILITY,XS2798269069,,ZB2049300 Corp,IT ,EUR,2.195603,B,11/18/2025
20251118,LPD,Etica Dynamic Allocation,480661,BONOS Y OBLIG DEL ESTADO SPGB 0.7 04/30/32,0.011900412454912,0.0,OB ,SOVEREIGN,ES0000012K20,,BT4353020 Govt,ES ,EUR,2.195603,A,11/18/2025
20251118,LPD,Etica Dynamic Allocation,454914,BUONI POLIENNALI DEL TES BTPS 1 1/2 04/30/45,0.010231883738057,0.0,OB ,SOVEREIGN,IT0005438004,,BO3833387 Govt,IT ,EUR,2.195603,B,11/18/2025
20251118,LPD,Etica Dynamic Allocation,492477,BONOS Y OBLIG DEL ESTADO SPGB 2.55 10/31/32,0.009465116615592,0.0,OB ,SOVEREIGN,ES0000012K61,,BX0275376 Govt,ES ,EUR,2.195603,A,11/18/2025
20251118,LPD,Etica Dynamic Allocation,201018,ABBVIE INC,0.009404602688509,0.0,AZ ,Health Care,US00287Y1091,B92SR70,ABBV US Equity,US ,USD,2.195603,,11/18/2025
20251118,LPD,Etica Dynamic Allocation,164954,CAD,0.009267294111417,0.0,LQ ,CASH,,,CAD,CA ,CAD,2.195603,,11/18/2025
20251118,LPD,Etica Dynamic Allocation,450096,BUONI POLIENNALI DEL TES BTPS 0.95 03/01/37,0.00879702883431,0.0,OB ,SOVEREIGN,IT0005433195,,BN3326749 Govt,IT ,EUR,2.195603,B,11/18/2025
20251118,LPD,Etica Dynamic Allocation,221482,SERVICENOW INC,0.008617418938261,0.0,AZ ,Information Technology,US81762P1021,B80NXX8,NOW US Equity,US ,USD,2.195603,,11/18/2025
20251118,LPD,Etica Dynamic Allocation,577,APPLIED MATERIALS INC,0.008424284691059,0.0,AZ ,Information Technology,US0382221051,2046552,AMAT US Equity,US ,USD,2.195603,,11/18/2025
20251118,LPD,Etica Dynamic Allocation,300,HOME DEPOT INC,0.00781658381512,0.0,AZ ,Consumer Discretionary,US4370761029,2434209,HD US Equity,US ,USD,2.195603,,11/18/2025
20251118,LPD,Etica Dynamic Allocation,405993,SSE PLC SSELN 3 1/8 PERP,0.007781069306257,0.0,OB ,UTILITY,XS2195190520,,BK2936866 Corp,GB ,EUR,2.195603,B,11/18/2025
20251118,LPD,Etica Dynamic Allocation,574251,AUSTRIAN T-BILL RATB 0 03/26/26,0.007649018274486,0.0,OB ,SOVEREIGN,AT0000A3MUC3,,YK2495496 Govt,AT ,EUR,2.195603,A,11/18/2025
20251118,LPD,Etica Dynamic Allocation,427,PROCTER & GAMBLE CO/THE,0.007312908740902,0.0,AZ ,Consumer Staples,US7427181091,2704407,PG US Equity,US ,USD,2.195603,,11/18/2025
20251118,LPD,Etica Dynamic Allocation,335356,TAKEDA PHARMACEUTICAL TACHEM 1 07/09/29,0.007229126355499,0.0,OB ,INDUSTRIAL,XS2197348597,,BK2909210 Corp,JP ,EUR,2.195603,B,11/18/2025
20251118,LPD,Etica Dynamic Allocation,480,TEXAS INSTRUMENTS INC,0.007215120476476,0.0,AZ ,Information Technology,US8825081040,2885409,TXN US Equity,US ,USD,2.195603,,11/18/2025
20251118,LPD,Etica Dynamic Allocation,2839,ASML HOLDING NV,0.007130092123272,0.0,AZ ,Information Technology,NL0010273215,B929F46,ASML NA Equity,NL ,EUR,2.195603,,11/18/2025
20251118,LPD,Etica Dynamic Allocation,406148,AGENCE FRANCAISE DEVELOP AGFRNC 0.01 11/25/28,0.007124288384466,0.0,OB ,Quasi & Foreign Government,FR0014003YN1,,BP9619894 Govt,FR ,EUR,2.195603,A,11/18/2025
20251118,LPD,Etica Dynamic Allocation,222389,MONCLER SPA,0.007106504570944,0.0,AZ ,Consumer Discretionary,IT0004965148,BGLP232,MONC IM Equity,IT ,EUR,2.195603,,11/18/2025
20251118,LPD,Etica Dynamic Allocation,164953,AUD,0.006920431192866,0.0,LQ ,CASH,,,AUD,AU ,AUD,2.195603,,11/18/2025
20251118,LPD,Etica Dynamic Allocation,406226,BUONI POLIENNALI DEL TES BTPS 0.95 06/01/32,0.006829016340507,0.0,OB ,SOVEREIGN,IT0005466013,,BS1324091 Govt,IT ,EUR,2.195603,B,11/18/2025
20251118,LPD,Etica Dynamic Allocation,542,CISCO SYSTEMS INC,0.00665710203737,0.0,AZ ,Information Technology,US17275R1023,2198163,CSCO US Equity,US ,USD,2.195603,,11/18/2025
20251118,LPD,Etica Dynamic Allocation,448457,ITALY GOV'T INT BOND ITALY 1 1/4 02/17/26,0.006622638729641,0.0,OB ,Quasi & Foreign Government,US465410CA47,,BM5869821 Govt,IT ,USD,2.195603,B,11/18/2025
20251118,LPD,Etica Dynamic Allocation,335439,FRANCE (GOVT OF) FRTR 0 1/2 06/25/44,0.006496857183057,0.0,OB ,SOVEREIGN,FR0014002JM6,,BO6060129 Govt,FR ,EUR,2.195603,A,11/18/2025
20251118,LPD,Etica Dynamic Allocation,756,QUALCOMM INC,0.006429097627955,0.0,AZ ,Information Technology,US7475251036,2714923,QCOM US Equity,US ,USD,2.195603,,11/18/2025
20251118,LPD,Etica Dynamic Allocation,23568,SALESFORCE INC,0.006293443027892,0.0,AZ ,Information Technology,US79466L3024,2310525,CRM US Equity,US ,USD,2.195603,,11/18/2025
20251118,LPD,Etica Dynamic Allocation,4289,CRH PLC,0.00625863830112,0.0,SE ,Materials,IE0001827041,182704,CRH LN Equity,US ,USD,2.195603,,11/18/2025
20251118,LPD,Etica Dynamic Allocation,1706,TELECOM ITALIA SPA,0.006217290415046,0.0,AZ ,Communication Services,IT0003497168,7634394,TIT IM Equity,IT ,EUR,2.195603,,11/18/2025
20251118,LPD,Etica Dynamic Allocation,415726,FRANCE (GOVT OF) FRTR 0 3/4 05/25/52,0.006092325656747,0.0,OB ,SOVEREIGN,FR0013480613,,ZP7360719 Govt,FR ,EUR,2.195603,A,11/18/2025
20251118,LPD,Etica Dynamic Allocation,164723,EUR,0.005987339108769,0.0,LQ ,CASH,,,EUR,5A ,EUR,2.195603,,11/18/2025
20251118,LPD,Etica Dynamic Allocation,504096,NEDER WATERSCHAPSBANK NEDWBK 2 3/4 12/17/29,0.005982695501861,0.0,OB ,Quasi & Foreign Government,XS2579321337,,ZM4811604 Govt,NL ,EUR,2.195603,A,11/18/2025
20251118,LPD,Etica Dynamic Allocation,423,NEW LINDE PLC,0.005967925952736,0.0,AZ ,Materials,IE000S9YS762,BNZHB81,LIN US Equity,US ,USD,2.195603,,11/18/2025
20251118,LPD,Etica Dynamic Allocation,237423,BUONI POLIENNALI DEL TES BTPS 3 08/01/29,0.005937491928586,0.0,OB ,SOVEREIGN,IT0005365165,,AX3905822 Govt,IT ,EUR,2.195603,B,11/18/2025
20251118,LPD,Etica Dynamic Allocation,360,MEDTRONIC PLC,0.005936149347279,0.0,AZ ,Health Care,IE00BTN1Y115,BTN1Y11,MDT US Equity,US ,USD,2.195603,,11/18/2025
20251118,LPD,Etica Dynamic Allocation,214,DANAHER CORP,0.005868243524717,0.0,AZ ,Health Care,US2358511028,2250870,DHR US Equity,US ,USD,2.195603,,11/18/2025
20251118,LPD,Etica Dynamic Allocation,363,MERCK & CO. INC.,0.005858263849958,0.0,AZ ,Health Care,US58933Y1055,2778844,MRK US Equity,US ,USD,2.195603,,11/18/2025
20251118,LPD,Etica Dynamic Allocation,172066,ALLINEAMENTO NAV,0.005706820062616,0.0,OT ,CASH,,,ALLINEAMENTO NAV,5A ,EUR,2.195603,,11/18/2025
20251118,LPD,Etica Dynamic Allocation,216,DEERE & CO,0.005684976172365,0.0,AZ ,Industrials,US2441991054,2261203,DE US Equity,US ,USD,2.195603,,11/18/2025
20251118,LPD,Etica Dynamic Allocation,2703,LONZA GROUP AG-REG,0.005682222879907,0.0,AZ ,Health Care,CH0013841017,7333378,LONN SW Equity,CH ,CHF,2.195603,,11/18/2025
20251118,LPD,Etica Dynamic Allocation,514999,BUNDESREPUB. DEUTSCHLAND DBR 1.8 08/15/53,0.005668671969664,0.0,OB ,SOVEREIGN,DE0001030757,,ZK9574730 Govt,DE ,EUR,2.195603,A,11/18/2025
20251118,LPD,Etica Dynamic Allocation,705,LAM RESEARCH CORP,0.005498280002844,0.0,AZ ,Information Technology,US5128073062,BSML4N7,LRCX US Equity,US ,USD,2.195603,,11/18/2025
20251118,LPD,Etica Dynamic Allocation,1821,INTUIT INC,0.005225511977273,0.0,AZ ,Information Technology,US4612021034,2459020,INTU US Equity,US ,USD,2.195603,,11/18/2025
20251118,LPD,Etica Dynamic Allocation,30976,NABTESCO CORP,0.00516410235446,0.0,AZ ,Industrials,JP3651210001,6687571,6268 JP Equity,JP ,JPY,2.195603,,11/18/2025
20251118,LPD,Etica Dynamic Allocation,358,S&P GLOBAL INC,0.005099987168572,0.0,AZ ,Financials,US78409V1044,BYV2325,SPGI US Equity,US ,USD,2.195603,,11/18/2025
20251118,LPD,Etica Dynamic Allocation,335696,BELGIUM KINGDOM BGB 2 3/4 04/22/39,0.005010248233361,0.0,OB ,SOVEREIGN,BE0000356650,,BZ0281957 Govt,BE ,EUR,2.195603,A,11/18/2025
20251118,LPD,Etica Dynamic Allocation,100,ABBOTT LABORATORIES,0.004873410791453,0.0,AZ ,Health Care,US0028241000,2002305,ABT US Equity,US ,USD,2.195603,,11/18/2025
20251118,LPD,Etica Dynamic Allocation,2706,TRANE TECHNOLOGIES PLC,0.004788736174551,0.0,AZ ,Industrials,IE00BK9ZQ967,BK9ZQ96,TT US Equity,US ,USD,2.195603,,11/18/2025
20251118,LPD,Etica Dynamic Allocation,533,AMGEN INC,0.004538547610584,0.0,AZ ,Health Care,US0311621009,2023607,AMGN US Equity,US ,USD,2.195603,,11/18/2025
20251118,LPD,Etica Dynamic Allocation,397638,PROSUS NV,0.004397603517309,0.0,AZ ,Consumer Discretionary,NL0013654783,BJDS7L3,PRX NA Equity,NL ,EUR,2.195603,,11/18/2025
20251118,LPD,Etica Dynamic Allocation,497,UNION PACIFIC CORP,0.004293137758467,0.0,AZ ,Industrials,US9078181081,2914734,UNP US Equity,US ,USD,2.195603,,11/18/2025
20251118,LPD,Etica Dynamic Allocation,549,INTEL CORP,0.004245355258942,0.0,AZ ,Information Technology,US4581401001,2463247,INTC US Equity,US ,USD,2.195603,,11/18/2025
20251118,LPD,Etica Dynamic Allocation,149,VERIZON COMMUNICATIONS INC,0.004236252804023,0.0,AZ ,Communication Services,US92343V1044,2090571,VZ US Equity,US ,USD,2.195603,,11/18/2025
20251118,LPD,Etica Dynamic Allocation,1619,LOREAL SA,0.004143045020549,0.0,AZ ,Consumer Staples,FR0000120321,4057808,OR FP Equity,FR ,EUR,2.195603,,11/18/2025
20251118,LPD,Etica Dynamic Allocation,2170,DSV A/S,0.004083193146174,0.0,AZ ,Industrials,DK0060079531,B1WT5G2,DSV DC Equity,DK ,DKK,2.195603,,11/18/2025
20251118,LPD,Etica Dynamic Allocation,3092,MTR CORP,0.00398419625064,0.0,AZ ,Industrials,HK0066009694,6290054,66 HK Equity,HK ,HKD,2.195603,,11/18/2025
20251118,LPD,Etica Dynamic Allocation,783,SYNOPSYS INC,0.003979814000587,0.0,AZ ,Information Technology,US8716071076,2867719,SNPS US Equity,US ,USD,2.195603,,11/18/2025
20251118,LPD,Etica Dynamic Allocation,348394,KNORR-BREMSE AG,0.003960208772286,0.0,AZ ,Industrials,DE000KBX1006,BD2P9X9,KBX GR Equity,DE ,EUR,2.195603,,11/18/2025
20251118,LPD,Etica Dynamic Allocation,53583,LOGITECH INTERNATIONAL,0.003914081404534,0.0,SE ,Information Technology,CH0025751329,B1921K0,LOGI US Equity,CH ,CHF,2.195603,,11/18/2025
20251118,LPD,Etica Dynamic Allocation,451544,EDP SA EDPPL 1 7/8 08/02/2081,0.003843284875086,0.0,OB ,UTILITY,PTEDPROM0029,,BN7191719 Corp,PT ,EUR,2.195603,C,11/18/2025
20251118,LPD,Etica Dynamic Allocation,191474,PALO ALTO NETWORKS INC,0.003827641185437,0.0,AZ ,Information Technology,US6974351057,B87ZMX0,PANW US Equity,US ,USD,2.195603,,11/18/2025
20251118,LPD,Etica Dynamic Allocation,559,STRYKER CORP,0.00382343407142,0.0,AZ ,Health Care,US8636671013,2853688,SYK UN Equity,US ,USD,2.195603,,11/18/2025
20251118,LPD,Etica Dynamic Allocation,133,AUTOMATIC DATA PROCESSING,0.003817152653887,0.0,AZ ,Industrials,US0530151036,2065308,ADP US Equity,US ,USD,2.195603,,11/18/2025
20251118,LPD,Etica Dynamic Allocation,164955,CHF,0.003796669435918,0.0,LQ ,CASH,,,CHF,CH ,CHF,2.195603,,11/18/2025
20251118,LPD,Etica Dynamic Allocation,1258,KAO CORP,0.003791516587305,0.0,AZ ,Consumer Staples,JP3205800000,6483809,4452 JP Equity,JP ,JPY,2.195603,,11/18/2025
20251118,LPD,Etica Dynamic Allocation,486,TJX COMPANIES INC,0.003768944439073,0.0,AZ ,Consumer Discretionary,US8725401090,2989301,TJX US Equity,US ,USD,2.195603,,11/18/2025
20251118,LPD,Etica Dynamic Allocation,406149,CAISSE D'AMORT DETTE SOC CADES 0 11/25/26,0.003766541033774,0.0,OB ,Quasi & Foreign Government,FR0014004016,,BP9677991 Govt,FR ,EUR,2.195603,A,11/18/2025
20251118,LPD,Etica Dynamic Allocation,492162,KOMMUNEKREDIT KOMMUN 1 1/2 05/16/29,0.003761898196695,0.0,OB ,Quasi & Foreign Government,XS2489343793,,BW8977538 Govt,DK ,EUR,2.195603,A,11/18/2025
20251118,LPD,Etica Dynamic Allocation,667,GILEAD SCIENCES INC,0.00374061204736,0.0,AZ ,Health Care,US3755581036,2369174,GILD US Equity,US ,USD,2.195603,,11/18/2025
20251118,LPD,Etica Dynamic Allocation,406011,ERG SPA ERGIM 0 1/2 09/11/27,0.003713082202099,0.0,OB ,UTILITY,XS2229434852,,ZO3431582 Corp,IT ,EUR,2.195603,NR,11/18/2025
20251118,LPD,Etica Dynamic Allocation,1658,ATLAS COPCO AB-A SHS,0.003667102256548,0.0,AZ ,Industrials,SE0017486889,BLDBN41,ATCOA SS Equity,SE ,SEK,2.195603,,11/18/2025
20251118,LPD,Etica Dynamic Allocation,125,ANALOG DEVICES INC,0.003648145608954,0.0,AZ ,Information Technology,US0326541051,2032067,ADI US Equity,US ,USD,2.195603,,11/18/2025
20251118,LPD,Etica Dynamic Allocation,531,ADOBE INC,0.003590867272028,0.0,AZ ,Information Technology,US00724F1012,2008154,ADBE US Equity,US ,USD,2.195603,,11/18/2025
20251118,LPD,Etica Dynamic Allocation,302,HONDA MOTOR CO LTD,0.003575365230865,0.0,AZ ,Consumer Discretionary,JP3854600008,6435145,7267 JP Equity,JP ,JPY,2.195603,,11/18/2025
20251118,LPD,Etica Dynamic Allocation,670,WELLTOWER INC,0.003558566798119,0.0,AZ ,Real Estate,US95040Q1040,BYVYHH4,WELL US Equity,US ,USD,2.195603,,11/18/2025
20251118,LPD,Etica Dynamic Allocation,406118,CAISSE FRANCAISE DE FIN CAFFIL 0.01 04/27/29,0.003525608505559,0.0,OB ,Covered,FR00140033E4,,BP1529455 Govt,FR ,EUR,2.195603,A,11/18/2025
20251118,LPD,Etica Dynamic Allocation,520,WESTERN DIGITAL CORP,0.003500206081997,0.0,AZ ,Information Technology,US9581021055,2954699,WDC US Equity,US ,USD,2.195603,,11/18/2025
20251118,LPD,Etica Dynamic Allocation,454,SONY GROUP CORP,0.003397204922317,0.0,AZ ,Consumer Discretionary,JP3435000009,6821506,6758 JP Equity,JP ,JPY,2.195603,,11/18/2025
20251118,LPD,Etica Dynamic Allocation,236196,IMCD NV,0.003389232575975,0.0,AZ ,Industrials,NL0010801007,BNCBD46,IMCD NA Equity,NL ,EUR,2.195603,,11/18/2025
20251118,LPD,Etica Dynamic Allocation,2088,SAP SE,0.003383004661539,0.0,AZ ,Information Technology,DE0007164600,4846288,SAP GY Equity,DE ,EUR,2.195603,,11/18/2025
20251118,LPD,Etica Dynamic Allocation,159,BOSTON SCIENTIFIC CORP,0.003373303664781,0.0,AZ ,Health Care,US1011371077,2113434,BSX US Equity,US ,USD,2.195603,,11/18/2025
20251118,LPD,Etica Dynamic Allocation,2955,VOESTALPINE AG,0.00335222075023,0.0,AZ ,Materials,AT0000937503,4943402,VOE AV Equity,AT ,EUR,2.195603,,11/18/2025
20251118,LPD,Etica Dynamic Allocation,428670,HEINEKEN NV HEIANA 1 1/4 05/07/33,0.003349940902442,0.0,OB ,INDUSTRIAL,XS2168629967,,BJ1875167 Corp,NL ,EUR,2.195603,B,11/18/2025
20251118,LPD,Etica Dynamic Allocation,3033,STMICROELECTRONICS NV,0.003331505428899,0.0,SE ,Information Technology,NL0000226223,5962343,STMMI IM Equity,FR ,EUR,2.195603,,11/18/2025
20251118,LPD,Etica Dynamic Allocation,481243,CAISSE D'AMORT DETTE SOC CADES 0.45 01/19/32,0.003328722498035,0.0,OB ,Quasi & Foreign Government,FR0014007RB1,,BT4620824 Govt,FR ,EUR,2.195603,A,11/18/2025
20251118,LPD,Etica Dynamic Allocation,335490,LANDWIRTSCH. RENTENBANK RENTEN 0 06/30/31,0.003325429170722,0.0,OB ,Quasi & Foreign Government,XS2359292955,,BQ1979823 Corp,DE ,EUR,2.195603,A,11/18/2025
20251118,LPD,Etica Dynamic Allocation,49402,SARTORIUS STEDIM BIOTECH,0.003238440448654,0.0,AZ ,Health Care,FR0013154002,BYZ2QP5,DIM FP Equity,FR ,EUR,2.195603,,11/18/2025
20251118,LPD,Etica Dynamic Allocation,4264,AUTODESK INC,0.003234071285689,0.0,AZ ,Information Technology,US0527691069,2065159,ADSK US Equity,US ,USD,2.195603,,11/18/2025
20251118,LPD,Etica Dynamic Allocation,18091,PROLOGIS INC,0.003233878828507,0.0,AZ ,Real Estate,US74340W1036,B44WZD7,PLD UN Equity,US ,USD,2.195603,,11/18/2025
20251118,LPD,Etica Dynamic Allocation,335524,AGENCE FRANCAISE DEVELOP AGFRNC 0 1/8 09/29/31,0.00322862782673,0.0,OB ,Quasi & Foreign Government,FR0014005NA6,,BR5562094 Govt,FR ,EUR,2.195603,A,11/18/2025
20251118,LPD,Etica Dynamic Allocation,40461,VERTEX PHARMACEUTICALS INC,0.003213228557703,0.0,AZ ,Health Care,US92532F1003,2931034,VRTX US Equity,US ,USD,2.195603,,11/18/2025
20251118,LPD,Etica Dynamic Allocation,3760,ABB LTD,0.003197159922594,0.0,AZ ,Industrials,CH0012221716,7108899,ABBN SW Equity,CH ,CHF,2.195603,,11/18/2025
20251118,LPD,Etica Dynamic Allocation,1404,OBAYASHI CORP,0.003150254642908,0.0,AZ ,Industrials,JP3190000004,6656407,1802 JP Equity,JP ,JPY,2.195603,,11/18/2025
20251118,LPD,Etica Dynamic Allocation,233530,ZALANDO SE,0.003135585556433,0.0,AZ ,Consumer Discretionary,DE000ZAL1111,BQV0SV7,ZAL GR Equity,DE ,EUR,2.195603,,11/18/2025
20251118,LPD,Etica Dynamic Allocation,344,LOWE'S COS INC,0.003079399221563,0.0,AZ ,Consumer Discretionary,US5486611073,2536763,LOW US Equity,US ,USD,2.195603,,11/18/2025
20251118,LPD,Etica Dynamic Allocation,1146,BRIDGESTONE CORP,0.003042253830533,0.0,AZ ,Consumer Discretionary,JP3830800003,6132101,5108 JP Equity,JP ,JPY,2.195603,,11/18/2025
20251118,LPD,Etica Dynamic Allocation,2566,UNITED PARCEL SERVICE-CL B,0.00303882116422,0.0,AZ ,Industrials,US9113121068,2517382,UPS US Equity,US ,USD,2.195603,,11/18/2025
20251118,LPD,Etica Dynamic Allocation,23355,RALPH LAUREN CORP,0.003010977998665,0.0,AZ ,Consumer Discretionary,US7512121010,B4V9661,RL US Equity,US ,USD,2.195603,,11/18/2025
20251118,LPD,Etica Dynamic Allocation,1340,NEC CORP,0.003005012210912,0.0,AZ ,Information Technology,JP3733000008,6640400,6701 JP Equity,JP ,JPY,2.195603,,11/18/2025
20251118,LPD,Etica Dynamic Allocation,424846,OTIS WORLDWIDE CORP,0.003004961017301,0.0,AZ ,Industrials,US68902V1070,BK531S8,OTIS US Equity,US ,USD,2.195603,,11/18/2025
20251118,LPD,Etica Dynamic Allocation,1734,NOKIA OYJ,0.002988865823101,0.0,AZ ,Information Technology,FI0009000681,5902941,NOKIA FH Equity,FI ,EUR,2.195603,,11/18/2025
20251118,LPD,Etica Dynamic Allocation,164959,JPY,0.00291408119591,0.0,LQ ,CASH,,,JPY,JP ,JPY,2.195603,,11/18/2025
20251118,LPD,Etica Dynamic Allocation,1288,KURITA WATER INDUSTRIES LTD,0.002898681157054,0.0,AZ ,Industrials,JP3270000007,6497963,6370 JP Equity,JP ,JPY,2.195603,,11/18/2025
20251118,LPD,Etica Dynamic Allocation,2489,LENOVO GROUP LTD,0.002890086019269,0.0,AZ ,Information Technology,HK0992009065,6218089,992 HK Equity,CN ,CNY,2.195603,,11/18/2025
20251118,LPD,Etica Dynamic Allocation,4223,COLGATE-PALMOLIVE CO,0.002847355905708,0.0,AZ ,Consumer Staples,US1941621039,2209106,CL US Equity,US ,USD,2.195603,,11/18/2025
20251118,LPD,Etica Dynamic Allocation,392,NOVO NORDISK A/S-B,0.002802805532112,0.0,AZ ,Health Care,DK0062498333,BP6KMJ1,NOVOB DC Equity,DK ,DKK,2.195603,,11/18/2025
20251118,LPD,Etica Dynamic Allocation,1714,SKF AB-B SHARES,0.002778084022062,0.0,AZ ,Industrials,SE0000108227,B1Q3J35,SKFB SS Equity,SE ,SEK,2.195603,,11/18/2025
20251118,LPD,Etica Dynamic Allocation,1545,TOTO LTD,0.002774756437371,0.0,AZ ,Industrials,JP3596200000,6897466,5332 JP Equity,JP ,JPY,2.195603,,11/18/2025
20251118,LPD,Etica Dynamic Allocation,3014,ANHEUSER-BUSCH INBEV SA/NV,0.002756595792685,0.0,AZ ,Consumer Staples,BE0974293251,BYYHL23,ABI BB Equity,BE ,EUR,2.195603,,11/18/2025
20251118,LPD,Etica Dynamic Allocation,1285,KUBOTA CORP,0.002745776619695,0.0,AZ ,Industrials,JP3266400005,6497509,6326 JT Equity,JP ,JPY,2.195603,,11/18/2025
20251118,LPD,Etica Dynamic Allocation,3013,NOVARTIS AG,0.002708317523457,0.0,AZ ,Health Care,CH0012005267,7103065,NOVN SW Equity,CH ,CHF,2.195603,,11/18/2025
20251118,LPD,Etica Dynamic Allocation,1609,ESSILORLUXOTTICA,0.002696902503029,0.0,AZ ,Health Care,FR0000121667,7212477,EL FP Equity,FR ,EUR,2.195603,,11/18/2025
20251118,LPD,Etica Dynamic Allocation,1526,TOKYO ELECTRON LTD,0.002695093790425,0.0,AZ ,Information Technology,JP3571400005,6895675,8035 JP Equity,JP ,JPY,2.195603,,11/18/2025
20251118,LPD,Etica Dynamic Allocation,236299,VONOVIA SE,0.002690150335226,0.0,AZ ,Real Estate,DE000A1ML7J1,BBJPFY1,VNA GR Equity,DE ,EUR,2.195603,,11/18/2025
20251118,LPD,Etica Dynamic Allocation,232,ECOLAB INC,0.002685019426732,0.0,AZ ,Materials,US2788651006,2304227,ECL US Equity,US ,USD,2.195603,,11/18/2025
20251118,LPD,Etica Dynamic Allocation,1790,CHINA OVERSEAS LAND & INVEST,0.002637667646382,0.0,AZ ,Real Estate,HK0688002218,6192150,688 HK Equity,CN ,CNY,2.195603,,11/18/2025
20251118,LPD,Etica Dynamic Allocation,166783,XYLEM INC,0.002538640342613,0.0,AZ ,Industrials,US98419M1009,B3P2CN8,XYL US Equity,US ,USD,2.195603,,11/18/2025
20251118,LPD,Etica Dynamic Allocation,471,TDK CORP,0.002506386828257,0.0,AZ ,Information Technology,JP3538800008,6869302,6762 JP Equity,JP ,JPY,2.195603,,11/18/2025
20251118,LPD,Etica Dynamic Allocation,23406,IBIDEN CO LTD,0.002445048414602,0.0,AZ ,Information Technology,JP3148800000,6456102,4062 JP Equity,JP ,JPY,2.195603,,11/18/2025
20251118,LPD,Etica Dynamic Allocation,3011,DEUTSCHE TELEKOM AG,0.002442427147772,0.0,AZ ,Communication Services,DE0005557508,5842359,DTE GR Equity,DE ,EUR,2.195603,,11/18/2025
20251118,LPD,Etica Dynamic Allocation,3119,INTERPUMP GROUP SPA,0.002395384453658,0.0,AZ ,Industrials,IT0001078911,5161407,IP IM Equity,IT ,EUR,2.195603,,11/18/2025
20251118,LPD,Etica Dynamic Allocation,3371,ERG SPA,0.002335892859129,0.0,AZ ,Utilities,IT0001157020,5337093,ERG IM Equity,IT ,EUR,2.195603,,11/18/2025
20251118,LPD,Etica Dynamic Allocation,57392,EQUINIX INC,0.002330533311502,0.0,AZ ,Real Estate,US29444U7000,BVLZX12,EQIX US Equity,US ,USD,2.195603,,11/18/2025
20251118,LPD,Etica Dynamic Allocation,17897,SK HYNIX INC,0.002327583327803,0.0,AZ ,Information Technology,KR7000660001,6450267,000660 KS Equity,KR ,KRW,2.195603,,11/18/2025
20251118,LPD,Etica Dynamic Allocation,1575,ASTELLAS PHARMA INC,0.002310649020286,0.0,AZ ,Health Care,JP3942400007,6985383,4503 JP Equity,JP ,JPY,2.195603,,11/18/2025
20251118,LPD,Etica Dynamic Allocation,405936,CARRIER GLOBAL CORP,0.002293708939053,0.0,AZ ,Industrials,US14448C1045,BK4N0D7,CARR US Equity,US ,USD,2.195603,,11/18/2025
20251118,LPD,Etica Dynamic Allocation,4266,MCCORMICK & CO-NON VTG SHRS,0.002256554694993,0.0,AZ ,Consumer Staples,US5797802064,2550161,MKC UN Equity,US ,USD,2.195603,,11/18/2025
20251118,LPD,Etica Dynamic Allocation,164960,NOK,0.002244859456907,0.0,LQ ,CASH,,,NOK,NO ,NOK,2.195603,,11/18/2025
20251118,LPD,Etica Dynamic Allocation,188,THE CIGNA GROUP,0.002237789734753,0.0,AZ ,Health Care,US1255231003,BHJ0775,CI US Equity,US ,USD,2.195603,,11/18/2025
20251118,LPD,Etica Dynamic Allocation,49977,TE CONNECTIVITY PLC,0.00218536978695,0.0,AZ ,Information Technology,IE000IVNQZ81,BRC3N84,TEL US Equity,US ,USD,2.195603,,11/18/2025
20251118,LPD,Etica Dynamic Allocation,3065,ELEVANCE HEALTH INC,0.002167861187199,0.0,AZ ,Health Care,US0367521038,BSPHGL4,ELV US Equity,US ,USD,2.195603,,11/18/2025
20251118,LPD,Etica Dynamic Allocation,2867,DARDEN RESTAURANTS INC,0.002137302835709,0.0,AZ ,Consumer Discretionary,US2371941053,2289874,DRI UN Equity,US ,USD,2.195603,,11/18/2025
20251118,LPD,Etica Dynamic Allocation,2831,BREMBO N.V.,0.002135328609928,0.0,AZ ,Consumer Discretionary,NL0015001KT6,BSMM753,BRE IM Equity,IT ,EUR,2.195603,,11/18/2025
20251118,LPD,Etica Dynamic Allocation,1337,MURATA MANUFACTURING CO LTD,0.002112562079942,0.0,AZ ,Information Technology,JP3914400001,6610403,6981 JP Equity,JP ,JPY,2.195603,,11/18/2025
20251118,LPD,Etica Dynamic Allocation,651,EXPEDITORS INTL WASH INC,0.002055188284253,0.0,AZ ,Industrials,US3021301094,2325507,EXPD US Equity,US ,USD,2.195603,,11/18/2025
20251118,LPD,Etica Dynamic Allocation,184644,ZOETIS INC,0.002033795513638,0.0,AZ ,Health Care,US98978V1035,B95WG16,ZTS US Equity,US ,USD,2.195603,,11/18/2025
20251118,LPD,Etica Dynamic Allocation,1457,SHIMIZU CORP,0.002030052606346,0.0,AZ ,Industrials,JP3358800005,6804400,1803 JP Equity,JP ,JPY,2.195603,,11/18/2025
20251118,LPD,Etica Dynamic Allocation,336777,ULTA BEAUTY INC,0.001989698954079,0.0,AZ ,Consumer Discretionary,US90384S3031,B28TS42,ULTA UW Equity,US ,USD,2.195603,,11/18/2025
20251118,LPD,Etica Dynamic Allocation,535701,BUNDESOBLIGATION OBL 2.1 04/12/29,0.001947084699742,0.0,OB ,SOVEREIGN,DE000BU35025,,ZB6879496 Govt,DE ,EUR,2.195603,A,11/18/2025
20251118,LPD,Etica Dynamic Allocation,100272,AMERICAN WATER WORKS CO INC,0.001921246938032,0.0,AZ ,Utilities,US0304201033,B2R3PV1,AWK US Equity,US ,USD,2.195603,,11/18/2025
20251118,LPD,Etica Dynamic Allocation,148,BECTON DICKINSON AND CO,0.001879208130672,0.0,AZ ,Health Care,US0758871091,2087807,BDX US Equity,US ,USD,2.195603,,11/18/2025
20251118,LPD,Etica Dynamic Allocation,88166,REXEL SA,0.001832695078725,0.0,AZ ,Industrials,FR0010451203,B1VP0K0,RXL FP Equity,FR ,EUR,2.195603,,11/18/2025
20251118,LPD,Etica Dynamic Allocation,1001,PERSIMMON PLC,0.001809083661706,0.0,AZ ,Consumer Discretionary,GB0006825383,682538,PSN LN Equity,GB ,GBP,2.195603,,11/18/2025
20251118,LPD,Etica Dynamic Allocation,1088,ORICA LTD,0.001802049351674,0.0,AZ ,Materials,AU000000ORI1,6458001,ORI AU Equity,AU ,AUD,2.195603,,11/18/2025
20251118,LPD,Etica Dynamic Allocation,2658,ASSA ABLOY AB-B,0.001794514652966,0.0,AZ ,Industrials,SE0007100581,BYPC1T4,ASSAB SS Equity,SE ,SEK,2.195603,,11/18/2025
20251118,LPD,Etica Dynamic Allocation,366,MICRON TECHNOLOGY INC,0.001769386288432,0.0,AZ ,Information Technology,US5951121038,2588184,MU US Equity,US ,USD,2.195603,,11/18/2025
20251118,LPD,Etica Dynamic Allocation,469,SYSCO CORP,0.001765714205384,0.0,AZ ,Consumer Staples,US8718291078,2868165,SYY US Equity,US ,USD,2.195603,,11/18/2025
20251118,LPD,Etica Dynamic Allocation,276440,DELL TECHNOLOGIES -C,0.00176554022409,0.0,AZ ,Information Technology,US24703L2025,BHKD3S6,DELL US Equity,US ,USD,2.195603,,11/18/2025
20251118,LPD,Etica Dynamic Allocation,44974,LEGRAND SA,0.001761214171535,0.0,AZ ,Industrials,FR0010307819,B11ZRK9,LR FP Equity,FR ,EUR,2.195603,,11/18/2025
20251118,LPD,Etica Dynamic Allocation,318,INTL FLAVORS & FRAGRANCES,0.001739392991231,0.0,AZ ,Materials,US4595061015,2464165,IFF US Equity,US ,USD,2.195603,,11/18/2025
20251118,LPD,Etica Dynamic Allocation,4275,HASBRO INC,0.001738645872447,0.0,AZ ,Consumer Discretionary,US4180561072,2414580,HAS US Equity,US ,USD,2.195603,,11/18/2025
20251118,LPD,Etica Dynamic Allocation,19461,DICK'S SPORTING GOODS INC,0.001725317057793,0.0,AZ ,Consumer Discretionary,US2533931026,2969637,DKS US Equity,US ,USD,2.195603,,11/18/2025
20251118,LPD,Etica Dynamic Allocation,349,MASCO CORP,0.001716350477645,0.0,AZ ,Industrials,US5745991068,2570200,MAS US Equity,US ,USD,2.195603,,11/18/2025
20251118,LPD,Etica Dynamic Allocation,239132,REPUBLIKA SLOVENIJA SLOREP 0 1/8 07/01/31,0.001689695927651,0.0,OB ,SOVEREIGN,SI0002104196,,BQ1964585 Govt,SI ,EUR,2.195603,A,11/18/2025
20251118,LPD,Etica Dynamic Allocation,18074,ESTEE LAUDER COMPANIES-CL A,0.001668146111975,0.0,AZ ,Consumer Staples,US5184391044,2320524,EL US Equity,US ,USD,2.195603,,11/18/2025
20251118,LPD,Etica Dynamic Allocation,295,HERSHEY CO/THE,0.001611058692575,0.0,AZ ,Consumer Staples,US4278661081,2422806,HSY US Equity,US ,USD,2.195603,,11/18/2025
20251118,LPD,Etica Dynamic Allocation,2298,TRACTOR SUPPLY COMPANY,0.001577979921818,0.0,AZ ,Consumer Discretionary,US8923561067,2900335,TSCO US Equity,US ,USD,2.195603,,11/18/2025
20251118,LPD,Etica Dynamic Allocation,152,BEST BUY CO INC,0.00150086694763,0.0,AZ ,Consumer Discretionary,US0865161014,2094670,BBY US Equity,US ,USD,2.195603,,11/18/2025
20251118,LPD,Etica Dynamic Allocation,34107,DAIICHI SANKYO CO LTD,0.001473825943613,0.0,AZ ,Health Care,JP3475350009,B0J7D91,4568 JP Equity,JP ,JPY,2.195603,,11/18/2025
20251118,LPD,Etica Dynamic Allocation,31928,DIGITAL REALTY TRUST INC,0.001442901923476,0.0,AZ ,Real Estate,US2538681030,B03GQS4,DLR US Equity,US ,USD,2.195603,,11/18/2025
20251118,LPD,Etica Dynamic Allocation,2985,CANADIAN NATL RAILWAY CO,0.001429702824963,0.0,AZ ,Industrials,CA1363751027,2180632,CNR CN Equity,CA ,CAD,2.195603,,11/18/2025
20251118,LPD,Etica Dynamic Allocation,242496,PAYPAL HOLDINGS INC,0.001414123416012,0.0,AZ ,Financials,US70450Y1038,BYW36M8,PYPL US Equity,US ,USD,2.195603,,11/18/2025
20251118,LPD,Etica Dynamic Allocation,23481,CBRE GROUP INC,0.001381602771086,0.0,AZ ,Real Estate,US12504L1098,B6WVMH3,CBRE US Equity,US ,USD,2.195603,,11/18/2025
20251118,LPD,Etica Dynamic Allocation,164722,DKK,0.001305857397639,0.0,LQ ,CASH,,,DKK,DK ,DKK,2.195603,,11/18/2025
20251118,LPD,Etica Dynamic Allocation,1138,ASICS CORP,0.001300417017994,0.0,AZ ,Consumer Discretionary,JP3118000003,6057378,7936 JP Equity,JP ,JPY,2.195603,,11/18/2025
20251118,LPD,Etica Dynamic Allocation,253654,FERRARI NV,0.001295699122614,0.0,AZ ,Consumer Discretionary,NL0011585146,BZ1GMK5,RACE US Equity,IT ,EUR,2.195603,,11/18/2025
20251118,LPD,Etica Dynamic Allocation,57810,VENTAS INC,0.001271292087602,0.0,AZ ,Real Estate,US92276F1003,2927925,VTR US Equity,US ,USD,2.195603,,11/18/2025
20251118,LPD,Etica Dynamic Allocation,211955,TECHNOGYM SPA,0.001242695259719,0.0,AZ ,Consumer Discretionary,IT0005162406,BD9Y5C0,TGYM IM Equity,IT ,EUR,2.195603,,11/18/2025
20251118,LPD,Etica Dynamic Allocation,3385,YUM! BRANDS INC,0.001236465035797,0.0,AZ ,Consumer Discretionary,US9884981013,2098876,YUM UN Equity,US ,USD,2.195603,,11/18/2025
20251118,LPD,Etica Dynamic Allocation,335212,LEVI STRAUSS & CO- CLASS A,0.001218109239527,0.0,AZ ,Consumer Discretionary,US52736R1023,BHRWS81,LEVI US Equity,US ,USD,2.195603,,11/18/2025
20251118,LPD,Etica Dynamic Allocation,50381,LULULEMON ATHLETICA INC,0.001204306980203,0.0,AZ ,Consumer Discretionary,US5500211090,B23FN39,LULU US Equity,US ,USD,2.195603,,11/18/2025
20251118,LPD,Etica Dynamic Allocation,387,NORSK HYDRO ASA,0.001191943530778,0.0,AZ ,Materials,NO0005052605,B11HK39,NHY NO Equity,NO ,NOK,2.195603,,11/18/2025
20251118,LPD,Etica Dynamic Allocation,1755,SWIRE PACIFIC LTD - CL A,0.001172631607224,0.0,AZ ,Industrials,HK0019000162,6867748,19 HK Equity,HK ,HKD,2.195603,,11/18/2025
20251118,LPD,Etica Dynamic Allocation,1,LG ELECTRONICS INC,0.001172503045825,0.0,AZ ,Consumer Discretionary,KR7066570003,6520739,066570 KS Equity,KR ,KRW,2.195603,,11/18/2025
20251118,LPD,Etica Dynamic Allocation,343334,GODADDY INC - CLASS A,0.001099173394937,0.0,AZ ,Information Technology,US3802371076,BWFRFC6,GDDY US Equity,US ,USD,2.195603,,11/18/2025
20251118,LPD,Etica Dynamic Allocation,58909,EDWARDS LIFESCIENCES CORP,0.001061329384334,0.0,AZ ,Health Care,US28176E1082,2567116,EW US Equity,US ,USD,2.195603,,11/18/2025
20251118,LPD,Etica Dynamic Allocation,173,CADENCE DESIGN SYS INC,0.001037913888727,0.0,AZ ,Information Technology,US1273871087,2302232,CDNS US Equity,US ,USD,2.195603,,11/18/2025
20251118,LPD,Etica Dynamic Allocation,335227,NEXI SPA,0.00100402833746,0.0,AZ ,Financials,IT0005366767,BJ1F880,NEXI IM Equity,IT ,EUR,2.195603,,11/18/2025
20251118,LPD,Etica Dynamic Allocation,67156,KEURIG DR PEPPER INC,0.000938610216444,0.0,AZ ,Consumer Staples,US49271V1008,BD3W133,KDP US Equity,US ,USD,2.195603,,11/18/2025
20251118,LPD,Etica Dynamic Allocation,222506,ORORA LTD,0.000935365388341,0.0,AZ ,Materials,AU000000ORA8,BH4TCW7,ORA AU Equity,AU ,AUD,2.195603,,11/18/2025
20251118,LPD,Etica Dynamic Allocation,235482,MERLIN PROPERTIES SOCIMI SA,0.000927329531129,0.0,AZ ,Real Estate,ES0105025003,BNGNB77,MRL SM Equity,ES ,EUR,2.195603,,11/18/2025
20251118,LPD,Etica Dynamic Allocation,1010,RELX PLC,0.000920040022872,0.0,AZ ,Industrials,GB00B2B0DG97,B2B0DG9,REL LN Equity,GB ,GBP,2.195603,,11/18/2025
20251118,LPD,Etica Dynamic Allocation,3466,COGNIZANT TECH SOLUTIONS-A,0.000891813482609,0.0,AZ ,Information Technology,US1924461023,2257019,CTSH US Equity,US ,USD,2.195603,,11/18/2025
20251118,LPD,Etica Dynamic Allocation,17956,RENESAS ELECTRONICS CORP,0.00088147044869,0.0,AZ ,Information Technology,JP3164720009,6635677,6723 JP Equity,JP ,JPY,2.195603,,11/18/2025
20251118,LPD,Etica Dynamic Allocation,312,INGERSOLL-RAND INC,0.000858083051832,0.0,AZ ,Industrials,US45687V1061,BL5GZ82,IR UN Equity,US ,USD,2.195603,,11/18/2025
20251118,LPD,Etica Dynamic Allocation,2297,AVALONBAY COMMUNITIES INC,0.000825442313623,0.0,AZ ,Real Estate,US0534841012,2131179,AVB US Equity,US ,USD,2.195603,,11/18/2025
20251118,LPD,Etica Dynamic Allocation,2858,RYOHIN KEIKAKU CO LTD,0.000817613925255,0.0,AZ ,Consumer Discretionary,JP3976300008,6758455,7453 JP Equity,JP ,JPY,2.195603,,11/18/2025
20251118,LPD,Etica Dynamic Allocation,164726,SEK,0.000773689807331,0.0,LQ ,CASH,,,SEK,SE ,SEK,2.195603,,11/18/2025
20251118,LPD,Etica Dynamic Allocation,31968,PENTAIR PLC,0.000729675619446,0.0,AZ ,Industrials,IE00BLS09M33,BLS09M3,PNR UN Equity,US ,USD,2.195603,,11/18/2025
20251118,LPD,Etica Dynamic Allocation,235835,RAI WAY SPA,0.000710890643659,0.0,AZ ,Communication Services,IT0005054967,BSM8WL2,RWAY IM Equity,IT ,EUR,2.195603,,11/18/2025
20251118,LPD,Etica Dynamic Allocation,4106,ZIMMER BIOMET HOLDINGS INC,0.00070755266628,0.0,AZ ,Health Care,US98956P1021,2783815,ZBH US Equity,US ,USD,2.195603,,11/18/2025
20251118,LPD,Etica Dynamic Allocation,50261,DIASORIN SPA,0.00069187895331,0.0,AZ ,Health Care,IT0003492391,B234WN9,DIA IM Equity,IT ,EUR,2.195603,,11/18/2025
20251118,LPD,Etica Dynamic Allocation,3478,SOL SPA,0.000681298427226,0.0,AZ ,Materials,IT0001206769,5490684,SOL IM Equity,IT ,EUR,2.195603,,11/18/2025
20251118,LPD,Etica Dynamic Allocation,1040,TATE & LYLE PLC,0.000672229074942,0.0,AZ ,Consumer Staples,GB00BP92CJ43,BP92CJ4,TATE LN Equity,GB ,GBP,2.195603,,11/18/2025
20251118,LPD,Etica Dynamic Allocation,1024,SSE PLC,0.000639798499978,0.0,AZ ,Utilities,GB0007908733,790873,SSE LN Equity,GB ,GBP,2.195603,,11/18/2025
20251118,LPD,Etica Dynamic Allocation,58590,SYSMEX CORP,0.000615481919841,0.0,AZ ,Health Care,JP3351100007,6883807,6869 JP Equity,JP ,JPY,2.195603,,11/18/2025
20251118,LPD,Etica Dynamic Allocation,3245,EDP SA,0.000591875891624,0.0,AZ ,Utilities,PTEDP0AM0009,4103596,EDP PL Equity,PT ,EUR,2.195603,,11/18/2025
20251118,LPD,Etica Dynamic Allocation,1093,LENDLEASE GROUP,0.000546479091337,0.0,AZ ,Real Estate,AU000000LLC3,6512004,LLC AU Equity,AU ,AUD,2.195603,,11/18/2025
20251118,LPD,Etica Dynamic Allocation,433692,REPUBLIC OF AUSTRIA RAGB 0.85 06/30/2120,0.000485952077165,0.0,OB ,SOVEREIGN,AT0000A2HLC4,,BK2273211 Govt,AT ,EUR,2.195603,A,11/18/2025
20251118,LPD,Etica Dynamic Allocation,164725,HKD,0.0004808219385,0.0,LQ ,CASH,,,HKD,HK ,HKD,2.195603,,11/18/2025
20251118,LPD,Etica Dynamic Allocation,24041,TERNA-RETE ELETTRICA NAZIONA,0.000476894272312,0.0,AZ ,Utilities,IT0003242622,B01BN57,TRN IM Equity,IT ,EUR,2.195603,,11/18/2025
20251118,LPD,Etica Dynamic Allocation,23349,CORBION NV,0.000474134436311,0.0,AZ ,Materials,NL0010583399,BFRSRR7,CRBN NA Equity,NL ,EUR,2.195603,,11/18/2025
20251118,LPD,Etica Dynamic Allocation,58318,AZBIL CORP,0.000428642177262,0.0,AZ ,Information Technology,JP3937200008,6985543,6845 JP Equity,JP ,JPY,2.195603,,11/18/2025
20251118,LPD,Etica Dynamic Allocation,58681,JONES LANG LASALLE INC,0.000405070021508,0.0,AZ ,Real Estate,US48020Q1076,2040640,JLL US Equity,US ,USD,2.195603,,11/18/2025
20251118,LPD,Etica Dynamic Allocation,3672,AMPLIFON SPA,0.000367473895756,0.0,AZ ,Health Care,IT0004056880,B14NJ71,AMP IM Equity,IT ,EUR,2.195603,,11/18/2025
20251118,LPD,Etica Dynamic Allocation,448147,EUROPEAN UNION EU 0.3 11/04/50,0.000344579189287,0.0,OB ,Quasi & Foreign Government,EU000A284469,,BM3710233 Govt,SNA,EUR,2.195603,A,11/18/2025
20251118,LPD,Etica Dynamic Allocation,247914,INFRASTRUTTURE WIRELESS ITAL,0.000328966292786,0.0,AZ ,Communication Services,IT0005090300,BZ0P4R4,INW IM Equity,IT ,EUR,2.195603,,11/18/2025
20251118,LPD,Etica Dynamic Allocation,63,HERA SPA,0.000311988489946,0.0,AZ ,Utilities,IT0001250932,7598003,HER IM Equity,IT ,EUR,2.195603,,11/18/2025
20251118,LPD,Etica Dynamic Allocation,48675,PRYSMIAN SPA,0.000296337871838,0.0,AZ ,Industrials,IT0004176001,B1W4V69,PRY IM Equity,IT ,EUR,2.195603,,11/18/2025
20251118,LPD,Etica Dynamic Allocation,3321,BXP INC,0.000287181913822,0.0,AZ ,Real Estate,US1011211018,2019479,BXP US Equity,US ,USD,2.195603,,11/18/2025
20251118,LPD,Etica Dynamic Allocation,1464,SHISEIDO CO LTD,0.000201489968251,0.0,AZ ,Consumer Staples,JP3351600006,6805265,4911 JP Equity,JP ,JPY,2.195603,,11/18/2025
20251118,LPD,Etica Dynamic Allocation,3476,A2A SPA,0.000198959926126,0.0,AZ ,Utilities,IT0001233417,5499131,A2A IM Equity,IT ,EUR,2.195603,,11/18/2025
20251118,LPD,Etica Dynamic Allocation,314765,PIRELLI & C SPA,0.000089505677105,0.0,AZ ,Consumer Discretionary,IT0005278236,BZ5ZHK3,PIRC IM Equity,IT ,EUR,2.195603,,11/18/2025
20251118,LPD,Etica Dynamic Allocation,165991,KRW,0.000000000384914,0.0,LQ ,CASH,,,KRW,KR ,KRW,2.195603,,11/18/2025
20251118,LPD,Etica Dynamic Allocation,184686,TESLA INC,0.0,0.008760402,AZ ,Consumer Discretionary,US88160R1014,B616C79,TSLA US Equity,US ,USD,2.195603,,11/18/2025
20251118,LPD,Etica Dynamic Allocation,28663,ALPHABET INC-CL C,0.0,0.010544394,AZ ,Communication Services,US02079K1079,BYY88Y7,GOOG US Equity,US ,USD,2.195603,,11/18/2025
20251118,LPD,Etica Dynamic Allocation,227088,ALPHABET INC-CL A,0.0,0.012460938,AZ ,Communication Services,US02079K3059,BYVY8G0,GOOGL US Equity,US ,USD,2.195603,,11/18/2025
20251118,LPD,Etica Dynamic Allocation,50594,BROADCOM INC,0.0,0.011458854,AZ ,Information Technology,US11135F1012,BDZ78H9,AVGO US Equity,US ,USD,2.195603,,11/18/2025
20251118,LPD,Etica Dynamic Allocation,3255,AMAZON.COM INC,0.0,0.01601502,AZ ,Consumer Discretionary,US0231351067,2000019,AMZN US Equity,US ,USD,2.195603,,11/18/2025
20251118,LPD,Etica Dynamic Allocation,553,MICROSOFT CORP,0.0,0.026259432,AZ ,Information Technology,US5949181045,2588173,MSFT US Equity,US ,USD,2.195603,,11/18/2025
20251118,LPD,Etica Dynamic Allocation,534,APPLE INC,0.0,0.030084144,AZ ,Information Technology,US0378331005,2046251,AAPL US Equity,US ,USD,2.195603,,11/18/2025
20251118,LPD,Etica Dynamic Allocation,188839,META PLATFORMS INC-CLASS A,0.0,0.00977343,AZ ,Communication Services,US30303M1027,B7TL820,META US Equity,US ,USD,2.195603,,11/18/2025
20251118,LPD,Etica Dynamic Allocation,184,JPMORGAN CHASE & CO,0.0,0.006266886,AZ ,Financials,US46625H1005,2190385,JPM US Equity,US ,USD,2.195603,,11/18/2025
20251118,LPD,Etica Dynamic Allocation,164733,DEBITI COMMISSIONE GESTIONE,-0.000393817434942,0.0,CD ,CASH,,,DEBITI COMMISSIONE GESTIONE,5A ,EUR,2.195603,,11/18/2025
20251118,LPD,Etica Dynamic Allocation,247714,DEBITI CONTRIBUTI VIGILANZA,-0.004150095496985,0.0,CD ,CASH,,,DEBITI CONTRIBUTI VIGILANZA,5A ,EUR,2.195603,,11/18/2025
20251118,LPG,Etica Global Equity,164727,USD,0.092654523482794,0.0,LQ ,CASH,,,USD,US ,USD,3.344918,,11/18/2025
20251118,LPG,Etica Global Equity,3458,NVIDIA CORP,0.071168191357872,0.04999248,AZ ,Information Technology,US67066G1040,2379504,NVDA US Equity,US ,USD,3.344918,,11/18/2025
20251118,LPG,Etica Global Equity,65876,VISA INC-CLASS A SHARES,0.025726420850297,0.0,AZ ,Financials,US92826C8394,B2PZN04,V US Equity,US ,USD,3.344918,,11/18/2025
20251118,LPG,Etica Global Equity,45465,MASTERCARD INC - A,0.025371137911303,0.0,AZ ,Financials,US57636Q1040,B121557,MA US Equity,US ,USD,3.344918,,11/18/2025
20251118,LPG,Etica Global Equity,554,ORACLE CORP,0.021075019710327,0.0,AZ ,Information Technology,US68389X1054,2661568,ORCL US Equity,US ,USD,3.344918,,11/18/2025
20251118,LPG,Etica Global Equity,164724,GBP,0.01919753801479,0.0,LQ ,CASH,,,GBP,GB ,GBP,3.344918,,11/18/2025
20251118,LPG,Etica Global Equity,201018,ABBVIE INC,0.014267714666069,0.0,AZ ,Health Care,US00287Y1091,B92SR70,ABBV US Equity,US ,USD,3.344918,,11/18/2025
20251118,LPG,Etica Global Equity,577,APPLIED MATERIALS INC,0.012289996248702,0.0,AZ ,Information Technology,US0382221051,2046552,AMAT US Equity,US ,USD,3.344918,,11/18/2025
20251118,LPG,Etica Global Equity,427,PROCTER & GAMBLE CO/THE,0.011927330981184,0.0,AZ ,Consumer Staples,US7427181091,2704407,PG US Equity,US ,USD,3.344918,,11/18/2025
20251118,LPG,Etica Global Equity,300,HOME DEPOT INC,0.011744423305556,0.0,AZ ,Consumer Discretionary,US4370761029,2434209,HD US Equity,US ,USD,3.344918,,11/18/2025
20251118,LPG,Etica Global Equity,2839,ASML HOLDING NV,0.010677156484443,0.0,AZ ,Information Technology,NL0010273215,B929F46,ASML NA Equity,NL ,EUR,3.344918,,11/18/2025
20251118,LPG,Etica Global Equity,480,TEXAS INSTRUMENTS INC,0.010597281113351,0.0,AZ ,Information Technology,US8825081040,2885409,TXN US Equity,US ,USD,3.344918,,11/18/2025
20251118,LPG,Etica Global Equity,222389,MONCLER SPA,0.01057387713484,0.0,AZ ,Consumer Discretionary,IT0004965148,BGLP232,MONC IM Equity,IT ,EUR,3.344918,,11/18/2025
20251118,LPG,Etica Global Equity,221482,SERVICENOW INC,0.010200001549577,0.0,AZ ,Information Technology,US81762P1021,B80NXX8,NOW US Equity,US ,USD,3.344918,,11/18/2025
20251118,LPG,Etica Global Equity,542,CISCO SYSTEMS INC,0.01016728725447,0.0,AZ ,Information Technology,US17275R1023,2198163,CSCO US Equity,US ,USD,3.344918,,11/18/2025
20251118,LPG,Etica Global Equity,756,QUALCOMM INC,0.00980884248414,0.0,AZ ,Information Technology,US7475251036,2714923,QCOM US Equity,US ,USD,3.344918,,11/18/2025
20251118,LPG,Etica Global Equity,23568,SALESFORCE INC,0.009689482746562,0.0,AZ ,Information Technology,US79466L3024,2310525,CRM US Equity,US ,USD,3.344918,,11/18/2025
20251118,LPG,Etica Global Equity,164953,AUD,0.009607489698248,0.0,LQ ,CASH,,,AUD,AU ,AUD,3.344918,,11/18/2025
20251118,LPG,Etica Global Equity,423,NEW LINDE PLC,0.009204803129931,0.0,AZ ,Materials,IE000S9YS762,BNZHB81,LIN US Equity,US ,USD,3.344918,,11/18/2025
20251118,LPG,Etica Global Equity,705,LAM RESEARCH CORP,0.008977945273151,0.0,AZ ,Information Technology,US5128073062,BSML4N7,LRCX US Equity,US ,USD,3.344918,,11/18/2025
20251118,LPG,Etica Global Equity,360,MEDTRONIC PLC,0.008943099825636,0.0,AZ ,Health Care,IE00BTN1Y115,BTN1Y11,MDT US Equity,US ,USD,3.344918,,11/18/2025
20251118,LPG,Etica Global Equity,214,DANAHER CORP,0.008860090610132,0.0,AZ ,Health Care,US2358511028,2250870,DHR US Equity,US ,USD,3.344918,,11/18/2025
20251118,LPG,Etica Global Equity,363,MERCK & CO. INC.,0.008802786520194,0.0,AZ ,Health Care,US58933Y1055,2778844,MRK US Equity,US ,USD,3.344918,,11/18/2025
20251118,LPG,Etica Global Equity,2703,LONZA GROUP AG-REG,0.00875806825347,0.0,AZ ,Health Care,CH0013841017,7333378,LONN SW Equity,CH ,CHF,3.344918,,11/18/2025
20251118,LPG,Etica Global Equity,216,DEERE & CO,0.008750202891376,0.0,AZ ,Industrials,US2441991054,2261203,DE US Equity,US ,USD,3.344918,,11/18/2025
20251118,LPG,Etica Global Equity,1706,TELECOM ITALIA SPA,0.008592383592441,0.0,AZ ,Communication Services,IT0003497168,7634394,TIT IM Equity,IT ,EUR,3.344918,,11/18/2025
20251118,LPG,Etica Global Equity,1821,INTUIT INC,0.008043917285116,0.0,AZ ,Information Technology,US4612021034,2459020,INTU US Equity,US ,USD,3.344918,,11/18/2025
20251118,LPG,Etica Global Equity,358,S&P GLOBAL INC,0.007854255777435,0.0,AZ ,Financials,US78409V1044,BYV2325,SPGI US Equity,US ,USD,3.344918,,11/18/2025
20251118,LPG,Etica Global Equity,100,ABBOTT LABORATORIES,0.00748492132967,0.0,AZ ,Health Care,US0028241000,2002305,ABT US Equity,US ,USD,3.344918,,11/18/2025
20251118,LPG,Etica Global Equity,164723,EUR,0.007383429688004,0.0,LQ ,CASH,,,EUR,5A ,EUR,3.344918,,11/18/2025
20251118,LPG,Etica Global Equity,2706,TRANE TECHNOLOGIES PLC,0.007188617549821,0.0,AZ ,Industrials,IE00BK9ZQ967,BK9ZQ96,TT US Equity,US ,USD,3.344918,,11/18/2025
20251118,LPG,Etica Global Equity,4289,CRH PLC,0.007134087620499,0.0,SE ,Materials,IE0001827041,182704,CRH LN Equity,US ,USD,3.344918,,11/18/2025
20251118,LPG,Etica Global Equity,533,AMGEN INC,0.007101310441193,0.0,AZ ,Health Care,US0311621009,2023607,AMGN US Equity,US ,USD,3.344918,,11/18/2025
20251118,LPG,Etica Global Equity,30976,NABTESCO CORP,0.007097879797183,0.0,AZ ,Industrials,JP3651210001,6687571,6268 JP Equity,JP ,JPY,3.344918,,11/18/2025
20251118,LPG,Etica Global Equity,397638,PROSUS NV,0.00694467523099,0.0,AZ ,Consumer Discretionary,NL0013654783,BJDS7L3,PRX NA Equity,NL ,EUR,3.344918,,11/18/2025
20251118,LPG,Etica Global Equity,549,INTEL CORP,0.006538125776176,0.0,AZ ,Information Technology,US4581401001,2463247,INTC US Equity,US ,USD,3.344918,,11/18/2025
20251118,LPG,Etica Global Equity,497,UNION PACIFIC CORP,0.006442639575494,0.0,AZ ,Industrials,US9078181081,2914734,UNP US Equity,US ,USD,3.344918,,11/18/2025
20251118,LPG,Etica Global Equity,1619,LOREAL SA,0.006234786912967,0.0,AZ ,Consumer Staples,FR0000120321,4057808,OR FP Equity,FR ,EUR,3.344918,,11/18/2025
20251118,LPG,Etica Global Equity,149,VERIZON COMMUNICATIONS INC,0.006233002314689,0.0,AZ ,Communication Services,US92343V1044,2090571,VZ US Equity,US ,USD,3.344918,,11/18/2025
20251118,LPG,Etica Global Equity,3092,MTR CORP,0.006132908637134,0.0,AZ ,Industrials,HK0066009694,6290054,66 HK Equity,HK ,HKD,3.344918,,11/18/2025
20251118,LPG,Etica Global Equity,486,TJX COMPANIES INC,0.006049777799444,0.0,AZ ,Consumer Discretionary,US8725401090,2989301,TJX US Equity,US ,USD,3.344918,,11/18/2025
20251118,LPG,Etica Global Equity,1285,KUBOTA CORP,0.006046316749887,0.0,AZ ,Industrials,JP3266400005,6497509,6326 JT Equity,JP ,JPY,3.344918,,11/18/2025
20251118,LPG,Etica Global Equity,53583,LOGITECH INTERNATIONAL,0.006030229106043,0.0,SE ,Information Technology,CH0025751329,B1921K0,LOGI US Equity,CH ,CHF,3.344918,,11/18/2025
20251118,LPG,Etica Global Equity,559,STRYKER CORP,0.005984719949588,0.0,AZ ,Health Care,US8636671013,2853688,SYK UN Equity,US ,USD,3.344918,,11/18/2025
20251118,LPG,Etica Global Equity,1258,KAO CORP,0.005924518694777,0.0,AZ ,Consumer Staples,JP3205800000,6483809,4452 JP Equity,JP ,JPY,3.344918,,11/18/2025
20251118,LPG,Etica Global Equity,348394,KNORR-BREMSE AG,0.005904992114501,0.0,AZ ,Industrials,DE000KBX1006,BD2P9X9,KBX GR Equity,DE ,EUR,3.344918,,11/18/2025
20251118,LPG,Etica Global Equity,191474,PALO ALTO NETWORKS INC,0.005900349394836,0.0,AZ ,Information Technology,US6974351057,B87ZMX0,PANW US Equity,US ,USD,3.344918,,11/18/2025
20251118,LPG,Etica Global Equity,49402,SARTORIUS STEDIM BIOTECH,0.005878414902574,0.0,AZ ,Health Care,FR0013154002,BYZ2QP5,DIM FP Equity,FR ,EUR,3.344918,,11/18/2025
20251118,LPG,Etica Global Equity,133,AUTOMATIC DATA PROCESSING,0.005877122321324,0.0,AZ ,Industrials,US0530151036,2065308,ADP US Equity,US ,USD,3.344918,,11/18/2025
20251118,LPG,Etica Global Equity,783,SYNOPSYS INC,0.005828166627051,0.0,AZ ,Information Technology,US8716071076,2867719,SNPS US Equity,US ,USD,3.344918,,11/18/2025
20251118,LPG,Etica Global Equity,1288,KURITA WATER INDUSTRIES LTD,0.005795352822881,0.0,AZ ,Industrials,JP3270000007,6497963,6370 JP Equity,JP ,JPY,3.344918,,11/18/2025
20251118,LPG,Etica Global Equity,125,ANALOG DEVICES INC,0.005622684560611,0.0,AZ ,Information Technology,US0326541051,2032067,ADI US Equity,US ,USD,3.344918,,11/18/2025
20251118,LPG,Etica Global Equity,1658,ATLAS COPCO AB-A SHS,0.005502337679319,0.0,AZ ,Industrials,SE0017486889,BLDBN41,ATCOA SS Equity,SE ,SEK,3.344918,,11/18/2025
20251118,LPG,Etica Global Equity,670,WELLTOWER INC,0.005483617191547,0.0,AZ ,Real Estate,US95040Q1040,BYVYHH4,WELL US Equity,US ,USD,3.344918,,11/18/2025
20251118,LPG,Etica Global Equity,667,GILEAD SCIENCES INC,0.005452079383785,0.0,AZ ,Health Care,US3755581036,2369174,GILD US Equity,US ,USD,3.344918,,11/18/2025
20251118,LPG,Etica Global Equity,159,BOSTON SCIENTIFIC CORP,0.005274648161733,0.0,AZ ,Health Care,US1011371077,2113434,BSX US Equity,US ,USD,3.344918,,11/18/2025
20251118,LPG,Etica Global Equity,454,SONY GROUP CORP,0.005251906194897,0.0,AZ ,Consumer Discretionary,JP3435000009,6821506,6758 JP Equity,JP ,JPY,3.344918,,11/18/2025
20251118,LPG,Etica Global Equity,531,ADOBE INC,0.005246388279212,0.0,AZ ,Information Technology,US00724F1012,2008154,ADBE US Equity,US ,USD,3.344918,,11/18/2025
20251118,LPG,Etica Global Equity,236196,IMCD NV,0.00521838235211,0.0,AZ ,Industrials,NL0010801007,BNCBD46,IMCD NA Equity,NL ,EUR,3.344918,,11/18/2025
20251118,LPG,Etica Global Equity,2088,SAP SE,0.00521497451226,0.0,AZ ,Information Technology,DE0007164600,4846288,SAP GY Equity,DE ,EUR,3.344918,,11/18/2025
20251118,LPG,Etica Global Equity,520,WESTERN DIGITAL CORP,0.005139304435583,0.0,AZ ,Information Technology,US9581021055,2954699,WDC US Equity,US ,USD,3.344918,,11/18/2025
20251118,LPG,Etica Global Equity,1545,TOTO LTD,0.005128023632252,0.0,AZ ,Industrials,JP3596200000,6897466,5332 JP Equity,JP ,JPY,3.344918,,11/18/2025
20251118,LPG,Etica Global Equity,2955,VOESTALPINE AG,0.005105877683235,0.0,AZ ,Materials,AT0000937503,4943402,VOE AV Equity,AT ,EUR,3.344918,,11/18/2025
20251118,LPG,Etica Global Equity,40461,VERTEX PHARMACEUTICALS INC,0.005028120334882,0.0,AZ ,Health Care,US92532F1003,2931034,VRTX US Equity,US ,USD,3.344918,,11/18/2025
20251118,LPG,Etica Global Equity,2170,DSV A/S,0.005010668933166,0.0,AZ ,Industrials,DK0060079531,B1WT5G2,DSV DC Equity,DK ,DKK,3.344918,,11/18/2025
20251118,LPG,Etica Global Equity,233530,ZALANDO SE,0.00499517868921,0.0,AZ ,Consumer Discretionary,DE000ZAL1111,BQV0SV7,ZAL GR Equity,DE ,EUR,3.344918,,11/18/2025
20251118,LPG,Etica Global Equity,18091,PROLOGIS INC,0.004978483970985,0.0,AZ ,Real Estate,US74340W1036,B44WZD7,PLD UN Equity,US ,USD,3.344918,,11/18/2025
20251118,LPG,Etica Global Equity,4264,AUTODESK INC,0.004969197149584,0.0,AZ ,Information Technology,US0527691069,2065159,ADSK US Equity,US ,USD,3.344918,,11/18/2025
20251118,LPG,Etica Global Equity,2489,LENOVO GROUP LTD,0.004931540225556,0.0,AZ ,Information Technology,HK0992009065,6218089,992 HK Equity,CN ,CNY,3.344918,,11/18/2025
20251118,LPG,Etica Global Equity,3033,STMICROELECTRONICS NV,0.004899204617711,0.0,SE ,Information Technology,NL0000226223,5962343,STMMI IM Equity,FR ,EUR,3.344918,,11/18/2025
20251118,LPG,Etica Global Equity,1404,OBAYASHI CORP,0.004894303105382,0.0,AZ ,Industrials,JP3190000004,6656407,1802 JP Equity,JP ,JPY,3.344918,,11/18/2025
20251118,LPG,Etica Global Equity,3760,ABB LTD,0.004793985532438,0.0,AZ ,Industrials,CH0012221716,7108899,ABBN SW Equity,CH ,CHF,3.344918,,11/18/2025
20251118,LPG,Etica Global Equity,424846,OTIS WORLDWIDE CORP,0.004722406729375,0.0,AZ ,Industrials,US68902V1070,BK531S8,OTIS US Equity,US ,USD,3.344918,,11/18/2025
20251118,LPG,Etica Global Equity,392,NOVO NORDISK A/S-B,0.004699039721245,0.0,AZ ,Health Care,DK0062498333,BP6KMJ1,NOVOB DC Equity,DK ,DKK,3.344918,,11/18/2025
20251118,LPG,Etica Global Equity,1734,NOKIA OYJ,0.004695258722414,0.0,AZ ,Information Technology,FI0009000681,5902941,NOKIA FH Equity,FI ,EUR,3.344918,,11/18/2025
20251118,LPG,Etica Global Equity,2566,UNITED PARCEL SERVICE-CL B,0.004680169969881,0.0,AZ ,Industrials,US9113121068,2517382,UPS US Equity,US ,USD,3.344918,,11/18/2025
20251118,LPG,Etica Global Equity,344,LOWE'S COS INC,0.004637595294197,0.0,AZ ,Consumer Discretionary,US5486611073,2536763,LOW US Equity,US ,USD,3.344918,,11/18/2025
20251118,LPG,Etica Global Equity,1337,MURATA MANUFACTURING CO LTD,0.004597180794396,0.0,AZ ,Information Technology,JP3914400001,6610403,6981 JP Equity,JP ,JPY,3.344918,,11/18/2025
20251118,LPG,Etica Global Equity,23355,RALPH LAUREN CORP,0.004573212931201,0.0,AZ ,Consumer Discretionary,US7512121010,B4V9661,RL US Equity,US ,USD,3.344918,,11/18/2025
20251118,LPG,Etica Global Equity,1790,CHINA OVERSEAS LAND & INVEST,0.004493940142762,0.0,AZ ,Real Estate,HK0688002218,6192150,688 HK Equity,CN ,CNY,3.344918,,11/18/2025
20251118,LPG,Etica Global Equity,1340,NEC CORP,0.004423806639718,0.0,AZ ,Information Technology,JP3733000008,6640400,6701 JP Equity,JP ,JPY,3.344918,,11/18/2025
20251118,LPG,Etica Global Equity,3014,ANHEUSER-BUSCH INBEV SA/NV,0.004419833878632,0.0,AZ ,Consumer Staples,BE0974293251,BYYHL23,ABI BB Equity,BE ,EUR,3.344918,,11/18/2025
20251118,LPG,Etica Global Equity,236299,VONOVIA SE,0.004405621358671,0.0,AZ ,Real Estate,DE000A1ML7J1,BBJPFY1,VNA GR Equity,DE ,EUR,3.344918,,11/18/2025
20251118,LPG,Etica Global Equity,1609,ESSILORLUXOTTICA,0.00431452634086,0.0,AZ ,Health Care,FR0000121667,7212477,EL FP Equity,FR ,EUR,3.344918,,11/18/2025
20251118,LPG,Etica Global Equity,1526,TOKYO ELECTRON LTD,0.004233679028828,0.0,AZ ,Information Technology,JP3571400005,6895675,8035 JP Equity,JP ,JPY,3.344918,,11/18/2025
20251118,LPG,Etica Global Equity,3013,NOVARTIS AG,0.004225873441274,0.0,AZ ,Health Care,CH0012005267,7103065,NOVN SW Equity,CH ,CHF,3.344918,,11/18/2025
20251118,LPG,Etica Global Equity,1714,SKF AB-B SHARES,0.004210298199994,0.0,AZ ,Industrials,SE0000108227,B1Q3J35,SKFB SS Equity,SE ,SEK,3.344918,,11/18/2025
20251118,LPG,Etica Global Equity,232,ECOLAB INC,0.004133954018527,0.0,AZ ,Materials,US2788651006,2304227,ECL US Equity,US ,USD,3.344918,,11/18/2025
20251118,LPG,Etica Global Equity,4223,COLGATE-PALMOLIVE CO,0.004101309863487,0.0,AZ ,Consumer Staples,US1941621039,2209106,CL US Equity,US ,USD,3.344918,,11/18/2025
20251118,LPG,Etica Global Equity,3011,DEUTSCHE TELEKOM AG,0.004034349248342,0.0,AZ ,Communication Services,DE0005557508,5842359,DTE GR Equity,DE ,EUR,3.344918,,11/18/2025
20251118,LPG,Etica Global Equity,302,HONDA MOTOR CO LTD,0.004011774166495,0.0,AZ ,Consumer Discretionary,JP3854600008,6435145,7267 JP Equity,JP ,JPY,3.344918,,11/18/2025
20251118,LPG,Etica Global Equity,166783,XYLEM INC,0.004005679236459,0.0,AZ ,Industrials,US98419M1009,B3P2CN8,XYL US Equity,US ,USD,3.344918,,11/18/2025
20251118,LPG,Etica Global Equity,471,TDK CORP,0.003966235641046,0.0,AZ ,Information Technology,JP3538800008,6869302,6762 JP Equity,JP ,JPY,3.344918,,11/18/2025
20251118,LPG,Etica Global Equity,17897,SK HYNIX INC,0.00395815813116,0.0,AZ ,Information Technology,KR7000660001,6450267,000660 KS Equity,KR ,KRW,3.344918,,11/18/2025
20251118,LPG,Etica Global Equity,184644,ZOETIS INC,0.003746422887635,0.0,AZ ,Health Care,US98978V1035,B95WG16,ZTS US Equity,US ,USD,3.344918,,11/18/2025
20251118,LPG,Etica Global Equity,3119,INTERPUMP GROUP SPA,0.003683381132834,0.0,AZ ,Industrials,IT0001078911,5161407,IP IM Equity,IT ,EUR,3.344918,,11/18/2025
20251118,LPG,Etica Global Equity,49977,TE CONNECTIVITY PLC,0.003612553484981,0.0,AZ ,Information Technology,IE000IVNQZ81,BRC3N84,TEL US Equity,US ,USD,3.344918,,11/18/2025
20251118,LPG,Etica Global Equity,57392,EQUINIX INC,0.003602885903211,0.0,AZ ,Real Estate,US29444U7000,BVLZX12,EQIX US Equity,US ,USD,3.344918,,11/18/2025
20251118,LPG,Etica Global Equity,405936,CARRIER GLOBAL CORP,0.003590350180045,0.0,AZ ,Industrials,US14448C1045,BK4N0D7,CARR US Equity,US ,USD,3.344918,,11/18/2025
20251118,LPG,Etica Global Equity,1575,ASTELLAS PHARMA INC,0.003566081371042,0.0,AZ ,Health Care,JP3942400007,6985383,4503 JP Equity,JP ,JPY,3.344918,,11/18/2025
20251118,LPG,Etica Global Equity,1146,BRIDGESTONE CORP,0.003550134698368,0.0,AZ ,Consumer Discretionary,JP3830800003,6132101,5108 JP Equity,JP ,JPY,3.344918,,11/18/2025
20251118,LPG,Etica Global Equity,23406,IBIDEN CO LTD,0.003491609549317,0.0,AZ ,Information Technology,JP3148800000,6456102,4062 JP Equity,JP ,JPY,3.344918,,11/18/2025
20251118,LPG,Etica Global Equity,2831,BREMBO N.V.,0.003424977866904,0.0,AZ ,Consumer Discretionary,NL0015001KT6,BSMM753,BRE IM Equity,IT ,EUR,3.344918,,11/18/2025
20251118,LPG,Etica Global Equity,2867,DARDEN RESTAURANTS INC,0.003362557352704,0.0,AZ ,Consumer Discretionary,US2371941053,2289874,DRI UN Equity,US ,USD,3.344918,,11/18/2025
20251118,LPG,Etica Global Equity,4266,MCCORMICK & CO-NON VTG SHRS,0.00328988705962,0.0,AZ ,Consumer Staples,US5797802064,2550161,MKC UN Equity,US ,USD,3.344918,,11/18/2025
20251118,LPG,Etica Global Equity,172066,ALLINEAMENTO NAV,0.003199868674574,0.0,OT ,CASH,,,ALLINEAMENTO NAV,5A ,EUR,3.344918,,11/18/2025
20251118,LPG,Etica Global Equity,1457,SHIMIZU CORP,0.003130570978546,0.0,AZ ,Industrials,JP3358800005,6804400,1803 JP Equity,JP ,JPY,3.344918,,11/18/2025
20251118,LPG,Etica Global Equity,188,THE CIGNA GROUP,0.003114778406712,0.0,AZ ,Health Care,US1255231003,BHJ0775,CI US Equity,US ,USD,3.344918,,11/18/2025
20251118,LPG,Etica Global Equity,651,EXPEDITORS INTL WASH INC,0.00302603083531,0.0,AZ ,Industrials,US3021301094,2325507,EXPD US Equity,US ,USD,3.344918,,11/18/2025
20251118,LPG,Etica Global Equity,3065,ELEVANCE HEALTH INC,0.003020619684556,0.0,AZ ,Health Care,US0367521038,BSPHGL4,ELV US Equity,US ,USD,3.344918,,11/18/2025
20251118,LPG,Etica Global Equity,100272,AMERICAN WATER WORKS CO INC,0.002957016118177,0.0,AZ ,Utilities,US0304201033,B2R3PV1,AWK US Equity,US ,USD,3.344918,,11/18/2025
20251118,LPG,Etica Global Equity,1001,PERSIMMON PLC,0.002938843275762,0.0,AZ ,Consumer Discretionary,GB0006825383,682538,PSN LN Equity,GB ,GBP,3.344918,,11/18/2025
20251118,LPG,Etica Global Equity,148,BECTON DICKINSON AND CO,0.002937673698768,0.0,AZ ,Health Care,US0758871091,2087807,BDX US Equity,US ,USD,3.344918,,11/18/2025
20251118,LPG,Etica Global Equity,336777,ULTA BEAUTY INC,0.002860705512559,0.0,AZ ,Consumer Discretionary,US90384S3031,B28TS42,ULTA UW Equity,US ,USD,3.344918,,11/18/2025
20251118,LPG,Etica Global Equity,88166,REXEL SA,0.002823215819037,0.0,AZ ,Industrials,FR0010451203,B1VP0K0,RXL FP Equity,FR ,EUR,3.344918,,11/18/2025
20251118,LPG,Etica Global Equity,1088,ORICA LTD,0.002811268512303,0.0,AZ ,Materials,AU000000ORI1,6458001,ORI AU Equity,AU ,AUD,3.344918,,11/18/2025
20251118,LPG,Etica Global Equity,318,INTL FLAVORS & FRAGRANCES,0.002752565767218,0.0,AZ ,Materials,US4595061015,2464165,IFF US Equity,US ,USD,3.344918,,11/18/2025
20251118,LPG,Etica Global Equity,469,SYSCO CORP,0.002719389169595,0.0,AZ ,Consumer Staples,US8718291078,2868165,SYY US Equity,US ,USD,3.344918,,11/18/2025
20251118,LPG,Etica Global Equity,349,MASCO CORP,0.002684729265018,0.0,AZ ,Industrials,US5745991068,2570200,MAS US Equity,US ,USD,3.344918,,11/18/2025
20251118,LPG,Etica Global Equity,2658,ASSA ABLOY AB-B,0.002680424461542,0.0,AZ ,Industrials,SE0007100581,BYPC1T4,ASSAB SS Equity,SE ,SEK,3.344918,,11/18/2025
20251118,LPG,Etica Global Equity,44974,LEGRAND SA,0.00266565773139,0.0,AZ ,Industrials,FR0010307819,B11ZRK9,LR FP Equity,FR ,EUR,3.344918,,11/18/2025
20251118,LPG,Etica Global Equity,4275,HASBRO INC,0.00264274093266,0.0,AZ ,Consumer Discretionary,US4180561072,2414580,HAS US Equity,US ,USD,3.344918,,11/18/2025
20251118,LPG,Etica Global Equity,19461,DICK'S SPORTING GOODS INC,0.002614652772375,0.0,AZ ,Consumer Discretionary,US2533931026,2969637,DKS US Equity,US ,USD,3.344918,,11/18/2025
20251118,LPG,Etica Global Equity,366,MICRON TECHNOLOGY INC,0.002603971096521,0.0,AZ ,Information Technology,US5951121038,2588184,MU US Equity,US ,USD,3.344918,,11/18/2025
20251118,LPG,Etica Global Equity,276440,DELL TECHNOLOGIES -C,0.002584047171032,0.0,AZ ,Information Technology,US24703L2025,BHKD3S6,DELL US Equity,US ,USD,3.344918,,11/18/2025
20251118,LPG,Etica Global Equity,3371,ERG SPA,0.002563777727969,0.0,AZ ,Utilities,IT0001157020,5337093,ERG IM Equity,IT ,EUR,3.344918,,11/18/2025
20251118,LPG,Etica Global Equity,18074,ESTEE LAUDER COMPANIES-CL A,0.002440512259714,0.0,AZ ,Consumer Staples,US5184391044,2320524,EL US Equity,US ,USD,3.344918,,11/18/2025
20251118,LPG,Etica Global Equity,295,HERSHEY CO/THE,0.002412091711521,0.0,AZ ,Consumer Staples,US4278661081,2422806,HSY US Equity,US ,USD,3.344918,,11/18/2025
20251118,LPG,Etica Global Equity,2298,TRACTOR SUPPLY COMPANY,0.002408159030473,0.0,AZ ,Consumer Discretionary,US8923561067,2900335,TSCO US Equity,US ,USD,3.344918,,11/18/2025
20251118,LPG,Etica Global Equity,34107,DAIICHI SANKYO CO LTD,0.002315209274315,0.0,AZ ,Health Care,JP3475350009,B0J7D91,4568 JP Equity,JP ,JPY,3.344918,,11/18/2025
20251118,LPG,Etica Global Equity,152,BEST BUY CO INC,0.002259473834171,0.0,AZ ,Consumer Discretionary,US0865161014,2094670,BBY US Equity,US ,USD,3.344918,,11/18/2025
20251118,LPG,Etica Global Equity,31928,DIGITAL REALTY TRUST INC,0.002223774612727,0.0,AZ ,Real Estate,US2538681030,B03GQS4,DLR US Equity,US ,USD,3.344918,,11/18/2025
20251118,LPG,Etica Global Equity,2985,CANADIAN NATL RAILWAY CO,0.002200462196373,0.0,AZ ,Industrials,CA1363751027,2180632,CNR CN Equity,CA ,CAD,3.344918,,11/18/2025
20251118,LPG,Etica Global Equity,164955,CHF,0.002158022963579,0.0,LQ ,CASH,,,CHF,CH ,CHF,3.344918,,11/18/2025
20251118,LPG,Etica Global Equity,242496,PAYPAL HOLDINGS INC,0.002082443066989,0.0,AZ ,Financials,US70450Y1038,BYW36M8,PYPL US Equity,US ,USD,3.344918,,11/18/2025
20251118,LPG,Etica Global Equity,23481,CBRE GROUP INC,0.002081912006475,0.0,AZ ,Real Estate,US12504L1098,B6WVMH3,CBRE US Equity,US ,USD,3.344918,,11/18/2025
20251118,LPG,Etica Global Equity,253654,FERRARI NV,0.001993854088154,0.0,AZ ,Consumer Discretionary,NL0011585146,BZ1GMK5,RACE US Equity,IT ,EUR,3.344918,,11/18/2025
20251118,LPG,Etica Global Equity,1138,ASICS CORP,0.001991304859481,0.0,AZ ,Consumer Discretionary,JP3118000003,6057378,7936 JP Equity,JP ,JPY,3.344918,,11/18/2025
20251118,LPG,Etica Global Equity,1,LG ELECTRONICS INC,0.001976549876926,0.0,AZ ,Consumer Discretionary,KR7066570003,6520739,066570 KS Equity,KR ,KRW,3.344918,,11/18/2025
20251118,LPG,Etica Global Equity,164954,CAD,0.001973550438851,0.0,LQ ,CASH,,,CAD,CA ,CAD,3.344918,,11/18/2025
20251118,LPG,Etica Global Equity,57810,VENTAS INC,0.001955955992858,0.0,AZ ,Real Estate,US92276F1003,2927925,VTR US Equity,US ,USD,3.344918,,11/18/2025
20251118,LPG,Etica Global Equity,3385,YUM! BRANDS INC,0.001931243884805,0.0,AZ ,Consumer Discretionary,US9884981013,2098876,YUM UN Equity,US ,USD,3.344918,,11/18/2025
20251118,LPG,Etica Global Equity,1755,SWIRE PACIFIC LTD - CL A,0.001925130987855,0.0,AZ ,Industrials,HK0019000162,6867748,19 HK Equity,HK ,HKD,3.344918,,11/18/2025
20251118,LPG,Etica Global Equity,335212,LEVI STRAUSS & CO- CLASS A,0.001896821696321,0.0,AZ ,Consumer Discretionary,US52736R1023,BHRWS81,LEVI US Equity,US ,USD,3.344918,,11/18/2025
20251118,LPG,Etica Global Equity,67156,KEURIG DR PEPPER INC,0.001883857185844,0.0,AZ ,Consumer Staples,US49271V1008,BD3W133,KDP US Equity,US ,USD,3.344918,,11/18/2025
20251118,LPG,Etica Global Equity,50381,LULULEMON ATHLETICA INC,0.001805000746083,0.0,AZ ,Consumer Discretionary,US5500211090,B23FN39,LULU US Equity,US ,USD,3.344918,,11/18/2025
20251118,LPG,Etica Global Equity,387,NORSK HYDRO ASA,0.001717891619025,0.0,AZ ,Materials,NO0005052605,B11HK39,NHY NO Equity,NO ,NOK,3.344918,,11/18/2025
20251118,LPG,Etica Global Equity,343334,GODADDY INC - CLASS A,0.001693037157731,0.0,AZ ,Information Technology,US3802371076,BWFRFC6,GDDY US Equity,US ,USD,3.344918,,11/18/2025
20251118,LPG,Etica Global Equity,58909,EDWARDS LIFESCIENCES CORP,0.001659704040646,0.0,AZ ,Health Care,US28176E1082,2567116,EW US Equity,US ,USD,3.344918,,11/18/2025
20251118,LPG,Etica Global Equity,222506,ORORA LTD,0.001595816458819,0.0,AZ ,Materials,AU000000ORA8,BH4TCW7,ORA AU Equity,AU ,AUD,3.344918,,11/18/2025
20251118,LPG,Etica Global Equity,173,CADENCE DESIGN SYS INC,0.001528680666263,0.0,AZ ,Information Technology,US1273871087,2302232,CDNS US Equity,US ,USD,3.344918,,11/18/2025
20251118,LPG,Etica Global Equity,335227,NEXI SPA,0.001478351194109,0.0,AZ ,Financials,IT0005366767,BJ1F880,NEXI IM Equity,IT ,EUR,3.344918,,11/18/2025
20251118,LPG,Etica Global Equity,164959,JPY,0.001443075577213,0.0,LQ ,CASH,,,JPY,JP ,JPY,3.344918,,11/18/2025
20251118,LPG,Etica Global Equity,235482,MERLIN PROPERTIES SOCIMI SA,0.001428557619715,0.0,AZ ,Real Estate,ES0105025003,BNGNB77,MRL SM Equity,ES ,EUR,3.344918,,11/18/2025
20251118,LPG,Etica Global Equity,1010,RELX PLC,0.001418006895022,0.0,AZ ,Industrials,GB00B2B0DG97,B2B0DG9,REL LN Equity,GB ,GBP,3.344918,,11/18/2025
20251118,LPG,Etica Global Equity,3466,COGNIZANT TECH SOLUTIONS-A,0.001372039236744,0.0,AZ ,Information Technology,US1924461023,2257019,CTSH US Equity,US ,USD,3.344918,,11/18/2025
20251118,LPG,Etica Global Equity,17956,RENESAS ELECTRONICS CORP,0.001366704445374,0.0,AZ ,Information Technology,JP3164720009,6635677,6723 JP Equity,JP ,JPY,3.344918,,11/18/2025
20251118,LPG,Etica Global Equity,312,INGERSOLL-RAND INC,0.001321066756381,0.0,AZ ,Industrials,US45687V1061,BL5GZ82,IR UN Equity,US ,USD,3.344918,,11/18/2025
20251118,LPG,Etica Global Equity,2297,AVALONBAY COMMUNITIES INC,0.001270211060959,0.0,AZ ,Real Estate,US0534841012,2131179,AVB US Equity,US ,USD,3.344918,,11/18/2025
20251118,LPG,Etica Global Equity,2858,RYOHIN KEIKAKU CO LTD,0.001242034102657,0.0,AZ ,Consumer Discretionary,JP3976300008,6758455,7453 JP Equity,JP ,JPY,3.344918,,11/18/2025
20251118,LPG,Etica Global Equity,4106,ZIMMER BIOMET HOLDINGS INC,0.001225089229707,0.0,AZ ,Health Care,US98956P1021,2783815,ZBH US Equity,US ,USD,3.344918,,11/18/2025
20251118,LPG,Etica Global Equity,211955,TECHNOGYM SPA,0.001174826787962,0.0,AZ ,Consumer Discretionary,IT0005162406,BD9Y5C0,TGYM IM Equity,IT ,EUR,3.344918,,11/18/2025
20251118,LPG,Etica Global Equity,1040,TATE & LYLE PLC,0.001130884208196,0.0,AZ ,Consumer Staples,GB00BP92CJ43,BP92CJ4,TATE LN Equity,GB ,GBP,3.344918,,11/18/2025
20251118,LPG,Etica Global Equity,31968,PENTAIR PLC,0.001124148688574,0.0,AZ ,Industrials,IE00BLS09M33,BLS09M3,PNR UN Equity,US ,USD,3.344918,,11/18/2025
20251118,LPG,Etica Global Equity,235835,RAI WAY SPA,0.001094876094039,0.0,AZ ,Communication Services,IT0005054967,BSM8WL2,RWAY IM Equity,IT ,EUR,3.344918,,11/18/2025
20251118,LPG,Etica Global Equity,50261,DIASORIN SPA,0.001066697062631,0.0,AZ ,Health Care,IT0003492391,B234WN9,DIA IM Equity,IT ,EUR,3.344918,,11/18/2025
20251118,LPG,Etica Global Equity,3478,SOL SPA,0.001050262864658,0.0,AZ ,Materials,IT0001206769,5490684,SOL IM Equity,IT ,EUR,3.344918,,11/18/2025
20251118,LPG,Etica Global Equity,1024,SSE PLC,0.000964462903695,0.0,AZ ,Utilities,GB0007908733,790873,SSE LN Equity,GB ,GBP,3.344918,,11/18/2025
20251118,LPG,Etica Global Equity,58590,SYSMEX CORP,0.000959580740349,0.0,AZ ,Health Care,JP3351100007,6883807,6869 JP Equity,JP ,JPY,3.344918,,11/18/2025
20251118,LPG,Etica Global Equity,1093,LENDLEASE GROUP,0.000841787233942,0.0,AZ ,Real Estate,AU000000LLC3,6512004,LLC AU Equity,AU ,AUD,3.344918,,11/18/2025
20251118,LPG,Etica Global Equity,58318,AZBIL CORP,0.000797023358898,0.0,AZ ,Information Technology,JP3937200008,6985543,6845 JP Equity,JP ,JPY,3.344918,,11/18/2025
20251118,LPG,Etica Global Equity,164960,NOK,0.000784682853163,0.0,LQ ,CASH,,,NOK,NO ,NOK,3.344918,,11/18/2025
20251118,LPG,Etica Global Equity,24041,TERNA-RETE ELETTRICA NAZIONA,0.000735199899069,0.0,AZ ,Utilities,IT0003242622,B01BN57,TRN IM Equity,IT ,EUR,3.344918,,11/18/2025
20251118,LPG,Etica Global Equity,23349,CORBION NV,0.000730156033498,0.0,AZ ,Materials,NL0010583399,BFRSRR7,CRBN NA Equity,NL ,EUR,3.344918,,11/18/2025
20251118,LPG,Etica Global Equity,58681,JONES LANG LASALLE INC,0.000620797993185,0.0,AZ ,Real Estate,US48020Q1076,2040640,JLL US Equity,US ,USD,3.344918,,11/18/2025
20251118,LPG,Etica Global Equity,164726,SEK,0.000596623164963,0.0,LQ ,CASH,,,SEK,SE ,SEK,3.344918,,11/18/2025
20251118,LPG,Etica Global Equity,3672,AMPLIFON SPA,0.000568398870752,0.0,AZ ,Health Care,IT0004056880,B14NJ71,AMP IM Equity,IT ,EUR,3.344918,,11/18/2025
20251118,LPG,Etica Global Equity,247914,INFRASTRUTTURE WIRELESS ITAL,0.000506452406666,0.0,AZ ,Communication Services,IT0005090300,BZ0P4R4,INW IM Equity,IT ,EUR,3.344918,,11/18/2025
20251118,LPG,Etica Global Equity,63,HERA SPA,0.000480703400369,0.0,AZ ,Utilities,IT0001250932,7598003,HER IM Equity,IT ,EUR,3.344918,,11/18/2025
20251118,LPG,Etica Global Equity,3245,EDP SA,0.000458036756364,0.0,AZ ,Utilities,PTEDP0AM0009,4103596,EDP PL Equity,PT ,EUR,3.344918,,11/18/2025
20251118,LPG,Etica Global Equity,3321,BXP INC,0.0004413334002,0.0,AZ ,Real Estate,US1011211018,2019479,BXP US Equity,US ,USD,3.344918,,11/18/2025
20251118,LPG,Etica Global Equity,48675,PRYSMIAN SPA,0.000417211090649,0.0,AZ ,Industrials,IT0004176001,B1W4V69,PRY IM Equity,IT ,EUR,3.344918,,11/18/2025
20251118,LPG,Etica Global Equity,164722,DKK,0.000365977398999,0.0,LQ ,CASH,,,DKK,DK ,DKK,3.344918,,11/18/2025
20251118,LPG,Etica Global Equity,164725,HKD,0.000350324070747,0.0,LQ ,CASH,,,HKD,HK ,HKD,3.344918,,11/18/2025
20251118,LPG,Etica Global Equity,3476,A2A SPA,0.000307069761991,0.0,AZ ,Utilities,IT0001233417,5499131,A2A IM Equity,IT ,EUR,3.344918,,11/18/2025
20251118,LPG,Etica Global Equity,1464,SHISEIDO CO LTD,0.000180867048826,0.0,AZ ,Consumer Staples,JP3351600006,6805265,4911 JP Equity,JP ,JPY,3.344918,,11/18/2025
20251118,LPG,Etica Global Equity,314765,PIRELLI & C SPA,0.000137733671222,0.0,AZ ,Consumer Discretionary,IT0005278236,BZ5ZHK3,PIRC IM Equity,IT ,EUR,3.344918,,11/18/2025
20251118,LPG,Etica Global Equity,165991,KRW,0.000000001036553,0.0,LQ ,CASH,,,KRW,KR ,KRW,3.344918,,11/18/2025
20251118,LPG,Etica Global Equity,184686,TESLA INC,0.0,0.013140603,AZ ,Consumer Discretionary,US88160R1014,B616C79,TSLA US Equity,US ,USD,3.344918,,11/18/2025
20251118,LPG,Etica Global Equity,28663,ALPHABET INC-CL C,0.0,0.015816591,AZ ,Communication Services,US02079K1079,BYY88Y7,GOOG US Equity,US ,USD,3.344918,,11/18/2025
20251118,LPG,Etica Global Equity,227088,ALPHABET INC-CL A,0.0,0.018691407,AZ ,Communication Services,US02079K3059,BYVY8G0,GOOGL US Equity,US ,USD,3.344918,,11/18/2025
20251118,LPG,Etica Global Equity,50594,BROADCOM INC,0.0,0.017188281,AZ ,Information Technology,US11135F1012,BDZ78H9,AVGO US Equity,US ,USD,3.344918,,11/18/2025
20251118,LPG,Etica Global Equity,3255,AMAZON.COM INC,0.0,0.02402253,AZ ,Consumer Discretionary,US0231351067,2000019,AMZN US Equity,US ,USD,3.344918,,11/18/2025
20251118,LPG,Etica Global Equity,553,MICROSOFT CORP,0.0,0.039389148,AZ ,Information Technology,US5949181045,2588173,MSFT US Equity,US ,USD,3.344918,,11/18/2025
20251118,LPG,Etica Global Equity,534,APPLE INC,0.0,0.045126216,AZ ,Information Technology,US0378331005,2046251,AAPL US Equity,US ,USD,3.344918,,11/18/2025
20251118,LPG,Etica Global Equity,188839,META PLATFORMS INC-CLASS A,0.0,0.014660145,AZ ,Communication Services,US30303M1027,B7TL820,META US Equity,US ,USD,3.344918,,11/18/2025
20251118,LPG,Etica Global Equity,184,JPMORGAN CHASE & CO,0.0,0.009400329,AZ ,Financials,US46625H1005,2190385,JPM US Equity,US ,USD,3.344918,,11/18/2025
20251118,LPG,Etica Global Equity,164733,DEBITI COMMISSIONE GESTIONE,-0.000442674699429,0.0,CD ,CASH,,,DEBITI COMMISSIONE GESTIONE,5A ,EUR,3.344918,,11/18/2025
20251118,LPG,Etica Global Equity,247714,DEBITI CONTRIBUTI VIGILANZA,-0.003724853607451,0.0,CD ,CASH,,,DEBITI CONTRIBUTI VIGILANZA,5A ,EUR,3.344918,,11/18/2025
