20251105,A80,Etica Rendita Bilanciata,496185,BUNDESOBLIGATION OBL 1.3 10/15/27,0.068606243933101,0.0,OB ,SOVEREIGN,DE0001030740,,BY5766682 Govt,DE ,EUR,1.608088,A,11/5/2025
20251105,A80,Etica Rendita Bilanciata,442342,BUNDESREPUB. DEUTSCHLAND DBR 0 08/15/30,0.061825789934309,0.0,OB ,SOVEREIGN,DE0001030708,,ZO2919926 Govt,DE ,EUR,1.608088,A,11/5/2025
20251105,A80,Etica Rendita Bilanciata,28895,FUT_EUR (Nozionale),0.052641326120682,0.0,NB ,CASH,,,FUT_EUR (Nozionale),5A ,EUR,1.608088,,11/5/2025
20251105,A80,Etica Rendita Bilanciata,510744,BUNDESREPUB. DEUTSCHLAND DBR 2.3 02/15/33,0.048413314543432,0.0,OB ,SOVEREIGN,DE000BU3Z005,,ZK3512736 Govt,DE ,EUR,1.608088,A,11/5/2025
20251105,A80,Etica Rendita Bilanciata,535701,BUNDESOBLIGATION OBL 2.1 04/12/29,0.031138929221246,0.0,OB ,SOVEREIGN,DE000BU35025,,ZB6879496 Govt,DE ,EUR,1.608088,A,11/5/2025
20251105,A80,Etica Rendita Bilanciata,212675,BUONI POLIENNALI DEL TES BTPS 4.05 10/30/37,0.029320126110546,0.0,OB ,SOVEREIGN,IT0005596470,,YX0762808 Govt,IT ,EUR,1.608088,B,11/5/2025
20251105,A80,Etica Rendita Bilanciata,164723,EUR,0.02919278409125,0.0,LQ ,CASH,,,EUR,5A ,EUR,1.608088,,11/5/2025
20251105,A80,Etica Rendita Bilanciata,578009,BUONI POLIENNALI DEL TES BTPS 3.45 02/01/36,0.028015197148358,0.0,OB ,SOVEREIGN,IT0005676504,,YJ6499398 Govt,IT ,EUR,1.608088,B,11/5/2025
20251105,A80,Etica Rendita Bilanciata,3458,NVIDIA CORP,0.026024653804906,0.017529408,AZ ,Information Technology,US67066G1040,2379504,NVDA US Equity,US ,USD,1.608088,,11/5/2025
20251105,A80,Etica Rendita Bilanciata,509810,BUONI POLIENNALI DEL TES BTPS 4 10/30/31,0.01910400564382,0.0,OB ,SOVEREIGN,IT0005542359,,ZK0285476 Govt,IT ,EUR,1.608088,B,11/5/2025
20251105,A80,Etica Rendita Bilanciata,335439,FRANCE (GOVT OF) FRTR 0 1/2 06/25/44,0.0165458174896,0.0,OB ,SOVEREIGN,FR0014002JM6,,BO6060129 Govt,FR ,EUR,1.608088,A,11/5/2025
20251105,A80,Etica Rendita Bilanciata,454914,BUONI POLIENNALI DEL TES BTPS 1 1/2 04/30/45,0.014972148787854,0.0,OB ,SOVEREIGN,IT0005438004,,BO3833387 Govt,IT ,EUR,1.608088,B,11/5/2025
20251105,A80,Etica Rendita Bilanciata,164727,USD,0.014460164889207,0.0,LQ ,CASH,,,USD,US ,USD,1.608088,,11/5/2025
20251105,A80,Etica Rendita Bilanciata,128629,BUONI POLIENNALI DEL TES BTPS 3.45 07/15/31,0.014054172970678,0.0,OB ,SOVEREIGN,IT0005595803,,ZB9640887 Govt,IT ,EUR,1.608088,B,11/5/2025
20251105,A80,Etica Rendita Bilanciata,462761,BUNDESREPUB. DEUTSCHLAND DBR 0 08/15/50,0.012761565493365,0.0,OB ,SOVEREIGN,DE0001030724,,BP4742659 Govt,DE ,EUR,1.608088,A,11/5/2025
20251105,A80,Etica Rendita Bilanciata,185030,NETHERLANDS GOVERNMENT NETHER 0 1/2 01/15/40,0.012658190443001,0.0,OB ,SOVEREIGN,NL0013552060,,ZS0947771 Govt,NL ,EUR,1.608088,A,11/5/2025
20251105,A80,Etica Rendita Bilanciata,292486,FRANCE (GOVT OF) FRTR 1 3/4 06/25/39,0.012469373244055,0.0,OB ,SOVEREIGN,FR0013234333,,AL9974240 Govt,FR ,EUR,1.608088,A,11/5/2025
20251105,A80,Etica Rendita Bilanciata,510414,REPUBLIC OF AUSTRIA RAGB 2.9 05/23/29,0.01158531221495,0.0,OB ,SOVEREIGN,AT0000A33SH3,,ZK2454146 Govt,AT ,EUR,1.608088,A,11/5/2025
20251105,A80,Etica Rendita Bilanciata,556680,FRANCE (GOVT OF) FRTR 3.2 05/25/35,0.011183742328035,0.0,OB ,SOVEREIGN,FR001400X8V5,,YR1561277 Govt,FR ,EUR,1.608088,A,11/5/2025
20251105,A80,Etica Rendita Bilanciata,51528,BUONI ORDINARI DEL TES BOTS 0 09/14/26,0.011001623643975,0.0,OB ,SOVEREIGN,IT0005669269,,YL9485662 Govt,IT ,EUR,1.608088,B,11/5/2025
20251105,A80,Etica Rendita Bilanciata,535378,FRANCE (GOVT OF) FRTR 2 3/4 02/25/30,0.009759806133815,0.0,OB ,SOVEREIGN,FR001400PM68,,ZB4289912 Govt,FR ,EUR,1.608088,A,11/5/2025
20251105,A80,Etica Rendita Bilanciata,335634,OBRIGACOES DO TESOURO PGB 1.65 07/16/32,0.009508754028143,0.0,OB ,SOVEREIGN,PTOTEYOE0031,,BV7504327 Govt,PT ,EUR,1.608088,A,11/5/2025
20251105,A80,Etica Rendita Bilanciata,65876,VISA INC-CLASS A SHARES,0.009247485091165,0.0,AZ ,Financials,US92826C8394,B2PZN04,V US Equity,US ,USD,1.608088,,11/5/2025
20251105,A80,Etica Rendita Bilanciata,504092,EDP SA EDPPL 5.943 04/23/2083,0.009146355682269,0.0,OB ,UTILITY,PTEDP4OM0025,,ZM4793893 Corp,PT ,EUR,1.608088,C,11/5/2025
20251105,A80,Etica Rendita Bilanciata,128733,BUONI POLIENNALI DEL TES BTPS 2.7 10/15/27,0.009056252077886,0.0,OB ,SOVEREIGN,IT0005622128,,YT1232321 Govt,IT ,EUR,1.608088,B,11/5/2025
20251105,A80,Etica Rendita Bilanciata,45465,MASTERCARD INC - A,0.009032339135285,0.0,AZ ,Financials,US57636Q1040,B121557,MA US Equity,US ,USD,1.608088,,11/5/2025
20251105,A80,Etica Rendita Bilanciata,554,ORACLE CORP,0.00812339891397,0.0,AZ ,Information Technology,US68389X1054,2661568,ORCL US Equity,US ,USD,1.608088,,11/5/2025
20251105,A80,Etica Rendita Bilanciata,237713,BUONI POLIENNALI DEL TES BTPS 4 04/30/35,0.007610860321864,0.0,OB ,SOVEREIGN,IT0005508590,,BY8794178 Govt,IT ,EUR,1.608088,B,11/5/2025
20251105,A80,Etica Rendita Bilanciata,406148,AGENCE FRANCAISE DEVELOP AGFRNC 0.01 11/25/28,0.007248541929585,0.0,OB ,Quasi & Foreign Government,FR0014003YN1,,BP9619894 Govt,FR ,EUR,1.608088,A,11/5/2025
20251105,A80,Etica Rendita Bilanciata,335644,CAISSE D'AMORT DETTE SOC CADES 1 1/2 05/25/32,0.006681054529556,0.0,OB ,Quasi & Foreign Government,FR001400A3H2,,BW1169877 Govt,FR ,EUR,1.608088,A,11/5/2025
20251105,A80,Etica Rendita Bilanciata,498660,KONINKLIJKE KPN NV KPN 6 PERP,0.006434353950354,0.0,OB ,INDUSTRIAL,XS2486270858,,BZ0016577 Corp,NL ,EUR,1.608088,C,11/5/2025
20251105,A80,Etica Rendita Bilanciata,212348,EDP SA EDPPL 1 1/2 03/14/2082,0.006084010125846,0.0,OB ,UTILITY,PTEDPXOM0021,,BR3181418 Corp,PT ,EUR,1.608088,C,11/5/2025
20251105,A80,Etica Rendita Bilanciata,411899,Etica Sustainable Global Equity - Class S,0.005994687485156,0.0,FO ,No Sector,LU2052491334,,MUSGESE LX Equity,DEV,MUL,1.608088,,11/5/2025
20251105,A80,Etica Rendita Bilanciata,237094,BONOS Y OBLIG DEL ESTADO SPGB 3.45 07/30/66,0.005932326233397,0.0,OB ,SOVEREIGN,ES00000128E2,,LW0882867 Govt,ES ,EUR,1.608088,A,11/5/2025
20251105,A80,Etica Rendita Bilanciata,540619,BUNDESSCHATZANWEISUNGEN BKO 2.7 09/17/26,0.005652080273675,0.0,OB ,SOVEREIGN,DE000BU22064,,YW4754282 Govt,DE ,EUR,1.608088,A,11/5/2025
20251105,A80,Etica Rendita Bilanciata,565111,BONOS Y OBLIG DEL ESTADO SPGB 3.2 10/31/35,0.005608832890459,0.0,OB ,SOVEREIGN,ES0000012P33,,YO9201485 Govt,ES ,EUR,1.608088,A,11/5/2025
20251105,A80,Etica Rendita Bilanciata,344928,IRELAND GOVERNMENT BOND IRISH 1.35 03/18/31,0.005346943255206,0.0,OB ,SOVEREIGN,IE00BFZRQ242,,AU9204705 Govt,IE ,EUR,1.608088,A,11/5/2025
20251105,A80,Etica Rendita Bilanciata,335696,BELGIUM KINGDOM BGB 2 3/4 04/22/39,0.005206233234376,0.0,OB ,SOVEREIGN,BE0000356650,,BZ0281957 Govt,BE ,EUR,1.608088,A,11/5/2025
20251105,A80,Etica Rendita Bilanciata,405921,Etica Sustainable Dynamic Allocation - Class S,0.005165674886924,0.0,FO ,No Sector,LU2052490872,,MUSDASE LX Equity,DEV,MUL,1.608088,,11/5/2025
20251105,A80,Etica Rendita Bilanciata,414446,TELEFONICA EUROPE BV TELEFO 2.502 PERP,0.005025655173924,0.0,OB ,INDUSTRIAL,XS2109819859,,ZP7077248 Corp,ES ,EUR,1.608088,C,11/5/2025
20251105,A80,Etica Rendita Bilanciata,480661,BONOS Y OBLIG DEL ESTADO SPGB 0.7 04/30/32,0.004946021292434,0.0,OB ,SOVEREIGN,ES0000012K20,,BT4353020 Govt,ES ,EUR,1.608088,A,11/5/2025
20251105,A80,Etica Rendita Bilanciata,335490,LANDWIRTSCH. RENTENBANK RENTEN 0 06/30/31,0.004841267428776,0.0,OB ,Quasi & Foreign Government,XS2359292955,,BQ1979823 Corp,DE ,EUR,1.608088,A,11/5/2025
20251105,A80,Etica Rendita Bilanciata,335524,AGENCE FRANCAISE DEVELOP AGFRNC 0 1/8 09/29/31,0.004692413537598,0.0,OB ,Quasi & Foreign Government,FR0014005NA6,,BR5562094 Govt,FR ,EUR,1.608088,A,11/5/2025
20251105,A80,Etica Rendita Bilanciata,406188,BONOS Y OBLIG DEL ESTADO SPGB 1 07/30/42,0.00458923009823,0.0,OB ,SOVEREIGN,ES0000012J07,,BR3246377 Govt,ES ,EUR,1.608088,A,11/5/2025
20251105,A80,Etica Rendita Bilanciata,238905,BONOS Y OBLIG DEL ESTADO SPGB 1.85 07/30/35,0.004528958398185,0.0,OB ,SOVEREIGN,ES0000012E69,,AX4147556 Govt,ES ,EUR,1.608088,A,11/5/2025
20251105,A80,Etica Rendita Bilanciata,534121,TERNA RETE ELETTRICA TRNIM 4 3/4 PERP,0.004524549845166,0.0,OB ,UTILITY,XS2798269069,,ZB2049300 Corp,IT ,EUR,1.608088,B,11/5/2025
20251105,A80,Etica Rendita Bilanciata,201018,ABBVIE INC,0.004488985026249,0.0,AZ ,Health Care,US00287Y1091,B92SR70,ABBV US Equity,US ,USD,1.608088,,11/5/2025
20251105,A80,Etica Rendita Bilanciata,577,APPLIED MATERIALS INC,0.004465807473127,0.0,AZ ,Information Technology,US0382221051,2046552,AMAT US Equity,US ,USD,1.608088,,11/5/2025
20251105,A80,Etica Rendita Bilanciata,300,HOME DEPOT INC,0.004431155526791,0.0,AZ ,Consumer Discretionary,US4370761029,2434209,HD US Equity,US ,USD,1.608088,,11/5/2025
20251105,A80,Etica Rendita Bilanciata,492477,BONOS Y OBLIG DEL ESTADO SPGB 2.55 10/31/32,0.004406333372325,0.0,OB ,SOVEREIGN,ES0000012K61,,BX0275376 Govt,ES ,EUR,1.608088,A,11/5/2025
20251105,A80,Etica Rendita Bilanciata,335600,BONOS Y OBLIG DEL ESTADO SPGB 1.9 10/31/52,0.004326424926024,0.0,OB ,SOVEREIGN,ES0000012K46,,BU3617661 Govt,ES ,EUR,1.608088,A,11/5/2025
20251105,A80,Etica Rendita Bilanciata,406149,CAISSE D'AMORT DETTE SOC CADES 0 11/25/26,0.004159346775984,0.0,OB ,Quasi & Foreign Government,FR0014004016,,BP9677991 Govt,FR ,EUR,1.608088,A,11/5/2025
20251105,A80,Etica Rendita Bilanciata,389755,Etica Sustainable Conservative Allocation - Class S,0.004146836008644,0.0,FO ,No Sector,LU2052490286,,MUSCASS LX Equity,5A ,EUR,1.608088,,11/5/2025
20251105,A80,Etica Rendita Bilanciata,16441,BUNDESREPUB. DEUTSCHLAND DBR 4 3/4 07/04/34,0.003978951852029,0.0,OB ,SOVEREIGN,DE0001135226,,EC8300625 Govt,DE ,EUR,1.608088,A,11/5/2025
20251105,A80,Etica Rendita Bilanciata,427,PROCTER & GAMBLE CO/THE,0.003967928476798,0.0,AZ ,Consumer Staples,US7427181091,2704407,PG US Equity,US ,USD,1.608088,,11/5/2025
20251105,A80,Etica Rendita Bilanciata,480,TEXAS INSTRUMENTS INC,0.00373996209292,0.0,AZ ,Information Technology,US8825081040,2885409,TXN US Equity,US ,USD,1.608088,,11/5/2025
20251105,A80,Etica Rendita Bilanciata,221482,SERVICENOW INC,0.003723626236773,0.0,AZ ,Information Technology,US81762P1021,B80NXX8,NOW US Equity,US ,USD,1.608088,,11/5/2025
20251105,A80,Etica Rendita Bilanciata,2839,ASML HOLDING NV,0.003677072556338,0.0,AZ ,Information Technology,NL0010273215,B929F46,ASML NA Equity,NL ,EUR,1.608088,,11/5/2025
20251105,A80,Etica Rendita Bilanciata,336003,TELEFONICA EUROPE BV TELEFO 5.7522 PERP,0.003670821409916,0.0,OB ,INDUSTRIAL,XS2755535577,,ZD4852251 Corp,ES ,EUR,1.608088,C,11/5/2025
20251105,A80,Etica Rendita Bilanciata,756,QUALCOMM INC,0.003626395287707,0.0,AZ ,Information Technology,US7475251036,2714923,QCOM US Equity,US ,USD,1.608088,,11/5/2025
20251105,A80,Etica Rendita Bilanciata,23568,SALESFORCE INC,0.003560532690908,0.0,AZ ,Information Technology,US79466L3024,2310525,CRM US Equity,US ,USD,1.608088,,11/5/2025
20251105,A80,Etica Rendita Bilanciata,705,LAM RESEARCH CORP,0.003511774599625,0.0,AZ ,Information Technology,US5128073062,BSML4N7,LRCX US Equity,US ,USD,1.608088,,11/5/2025
20251105,A80,Etica Rendita Bilanciata,510999,COUNCIL OF EUROPE COE 2 7/8 04/13/30,0.003458858440018,0.0,OB ,Quasi & Foreign Government,XS2610236528,,ZK0252484 Corp,SNA,EUR,1.608088,A,11/5/2025
20251105,A80,Etica Rendita Bilanciata,222389,MONCLER SPA,0.003451362594566,0.0,AZ ,Consumer Discretionary,IT0004965148,BGLP232,MONC IM Equity,IT ,EUR,1.608088,,11/5/2025
20251105,A80,Etica Rendita Bilanciata,214,DANAHER CORP,0.003233006225329,0.0,AZ ,Health Care,US2358511028,2250870,DHR US Equity,US ,USD,1.608088,,11/5/2025
20251105,A80,Etica Rendita Bilanciata,492162,KOMMUNEKREDIT KOMMUN 1 1/2 05/16/29,0.003226488361685,0.0,OB ,Quasi & Foreign Government,XS2489343793,,BW8977538 Govt,DK ,EUR,1.608088,A,11/5/2025
20251105,A80,Etica Rendita Bilanciata,542,CISCO SYSTEMS INC,0.003216641240191,0.0,AZ ,Information Technology,US17275R1023,2198163,CSCO US Equity,US ,USD,1.608088,,11/5/2025
20251105,A80,Etica Rendita Bilanciata,164724,GBP,0.00315942131133,0.0,LQ ,CASH,,,GBP,GB ,GBP,1.608088,,11/5/2025
20251105,A80,Etica Rendita Bilanciata,423,NEW LINDE PLC,0.00314976011385,0.0,AZ ,Materials,IE000S9YS762,BNZHB81,LIN US Equity,US ,USD,1.608088,,11/5/2025
20251105,A80,Etica Rendita Bilanciata,360,MEDTRONIC PLC,0.003129309927644,0.0,AZ ,Health Care,IE00BTN1Y115,BTN1Y11,MDT US Equity,US ,USD,1.608088,,11/5/2025
20251105,A80,Etica Rendita Bilanciata,363,MERCK & CO. INC.,0.003127741417674,0.0,AZ ,Health Care,US58933Y1055,2778844,MRK US Equity,US ,USD,1.608088,,11/5/2025
20251105,A80,Etica Rendita Bilanciata,1706,TELECOM ITALIA SPA,0.003014159857652,0.0,AZ ,Communication Services,IT0003497168,7634394,TIT IM Equity,IT ,EUR,1.608088,,11/5/2025
20251105,A80,Etica Rendita Bilanciata,500911,ORSTED A/S ORSTED 5 1/4 12/08/3022,0.002992168208225,0.0,OB ,UTILITY,XS2563353361,,ZN6806667 Corp,DK ,EUR,1.608088,C,11/5/2025
20251105,A80,Etica Rendita Bilanciata,2703,LONZA GROUP AG-REG,0.00297580008853,0.0,AZ ,Health Care,CH0013841017,7333378,LONN SW Equity,CH ,CHF,1.608088,,11/5/2025
20251105,A80,Etica Rendita Bilanciata,216,DEERE & CO,0.002971094838489,0.0,AZ ,Industrials,US2441991054,2261203,DE US Equity,US ,USD,1.608088,,11/5/2025
20251105,A80,Etica Rendita Bilanciata,237464,INFINEON TECHNOLOGIES AG IFXGR 3 5/8 PERP,0.002876573747599,0.0,OB ,INDUSTRIAL,XS2056730679,,ZR7968624 Corp,DE ,EUR,1.608088,B,11/5/2025
20251105,A80,Etica Rendita Bilanciata,405955,NOKIA OYJ NOKIA 3 1/8 05/15/28,0.002866236918731,0.0,OB ,INDUSTRIAL,XS2171872570,,BJ3268486 Corp,FI ,EUR,1.608088,C,11/5/2025
20251105,A80,Etica Rendita Bilanciata,496325,INTEL CORP INTC 4.15 08/05/32,0.002839926845996,0.0,OB ,INDUSTRIAL,US458140CA64,,BY2217838 Corp,US ,USD,1.608088,B,11/5/2025
20251105,A80,Etica Rendita Bilanciata,239100,FORVIA SE EOFP 2 3/8 06/15/29,0.002825046308725,0.0,OB ,INDUSTRIAL,XS2312733871,,BO6324905 Corp,FR ,EUR,1.608088,C,11/5/2025
20251105,A80,Etica Rendita Bilanciata,405993,SSE PLC SSELN 3 1/8 PERP,0.002822473509056,0.0,OB ,UTILITY,XS2195190520,,BK2936866 Corp,GB ,EUR,1.608088,B,11/5/2025
20251105,A80,Etica Rendita Bilanciata,1821,INTUIT INC,0.002754953895829,0.0,AZ ,Information Technology,US4612021034,2459020,INTU US Equity,US ,USD,1.608088,,11/5/2025
20251105,A80,Etica Rendita Bilanciata,358,S&P GLOBAL INC,0.002703464497044,0.0,AZ ,Financials,US78409V1044,BYV2325,SPGI US Equity,US ,USD,1.608088,,11/5/2025
20251105,A80,Etica Rendita Bilanciata,30976,NABTESCO CORP,0.00261928286581,0.0,AZ ,Industrials,JP3651210001,6687571,6268 JP Equity,JP ,JPY,1.608088,,11/5/2025
20251105,A80,Etica Rendita Bilanciata,2706,TRANE TECHNOLOGIES PLC,0.002614905244152,0.0,AZ ,Industrials,IE00BK9ZQ967,BK9ZQ96,TT US Equity,US ,USD,1.608088,,11/5/2025
20251105,A80,Etica Rendita Bilanciata,51209,TELEFONICA EUROPE BV TELEFO 7 1/8 PERP,0.002602256220453,0.0,OB ,INDUSTRIAL,XS2462605671,,ZN3747385 Corp,ES ,EUR,1.608088,C,11/5/2025
20251105,A80,Etica Rendita Bilanciata,4289,CRH PLC,0.002569529507877,0.0,SE ,Materials,IE0001827041,182704,CRH LN Equity,US ,USD,1.608088,,11/5/2025
20251105,A80,Etica Rendita Bilanciata,549,INTEL CORP,0.002481613040693,0.0,AZ ,Information Technology,US4581401001,2463247,INTC US Equity,US ,USD,1.608088,,11/5/2025
20251105,A80,Etica Rendita Bilanciata,504076,TELEFONICA EUROPE BV TELEFO 6.135 PERP,0.002473419185355,0.0,OB ,INDUSTRIAL,XS2582389156,,ZM6546588 Corp,ES ,EUR,1.608088,C,11/5/2025
20251105,A80,Etica Rendita Bilanciata,100,ABBOTT LABORATORIES,0.002434031427045,0.0,AZ ,Health Care,US0028241000,2002305,ABT US Equity,US ,USD,1.608088,,11/5/2025
20251105,A80,Etica Rendita Bilanciata,397638,PROSUS NV,0.002377164550064,0.0,AZ ,Consumer Discretionary,NL0013654783,BJDS7L3,PRX NA Equity,NL ,EUR,1.608088,,11/5/2025
20251105,A80,Etica Rendita Bilanciata,5574,ERG SPA ERGIM 4 1/8 07/03/30,0.00237103877473,0.0,OB ,UTILITY,XS2853679053,,YX9810210 Corp,IT ,EUR,1.608088,NR,11/5/2025
20251105,A80,Etica Rendita Bilanciata,239132,REPUBLIKA SLOVENIJA SLOREP 0 1/8 07/01/31,0.002355820970312,0.0,OB ,SOVEREIGN,SI0002104196,,BQ1964585 Govt,SI ,EUR,1.608088,A,11/5/2025
20251105,A80,Etica Rendita Bilanciata,164954,CAD,0.002322099595607,0.0,LQ ,CASH,,,CAD,CA ,CAD,1.608088,,11/5/2025
20251105,A80,Etica Rendita Bilanciata,344,LOWE'S COS INC,0.002311570304935,0.0,AZ ,Consumer Discretionary,US5486611073,2536763,LOW US Equity,US ,USD,1.608088,,11/5/2025
20251105,A80,Etica Rendita Bilanciata,335961,REPUBLIC OF AUSTRIA RAGB 2.9 02/20/34,0.002291201426901,0.0,OB ,SOVEREIGN,AT0000A39UW5,,ZF4061056 Govt,AT ,EUR,1.608088,A,11/5/2025
20251105,A80,Etica Rendita Bilanciata,533,AMGEN INC,0.00224266851996,0.0,AZ ,Health Care,US0311621009,2023607,AMGN US Equity,US ,USD,1.608088,,11/5/2025
20251105,A80,Etica Rendita Bilanciata,382187,NOKIA OYJ NOKIA 2 03/11/26,0.002235412098694,0.0,OB ,INDUSTRIAL,XS1960685383,,AX4993215 Corp,FI ,EUR,1.608088,C,11/5/2025
20251105,A80,Etica Rendita Bilanciata,53583,LOGITECH INTERNATIONAL,0.002177141455106,0.0,SE ,Information Technology,CH0025751329,B1921K0,LOGI US Equity,CH ,CHF,1.608088,,11/5/2025
20251105,A80,Etica Rendita Bilanciata,1619,LOREAL SA,0.002160143625284,0.0,AZ ,Consumer Staples,FR0000120321,4057808,OR FP Equity,FR ,EUR,1.608088,,11/5/2025
20251105,A80,Etica Rendita Bilanciata,497,UNION PACIFIC CORP,0.002153509581521,0.0,AZ ,Industrials,US9078181081,2914734,UNP US Equity,US ,USD,1.608088,,11/5/2025
20251105,A80,Etica Rendita Bilanciata,191474,PALO ALTO NETWORKS INC,0.002123751037014,0.0,AZ ,Information Technology,US6974351057,B87ZMX0,PANW US Equity,US ,USD,1.608088,,11/5/2025
20251105,A80,Etica Rendita Bilanciata,783,SYNOPSYS INC,0.002108839445238,0.0,AZ ,Information Technology,US8716071076,2867719,SNPS US Equity,US ,USD,1.608088,,11/5/2025
20251105,A80,Etica Rendita Bilanciata,335356,TAKEDA PHARMACEUTICAL TACHEM 1 07/09/29,0.002098698526187,0.0,OB ,INDUSTRIAL,XS2197348597,,BK2909210 Corp,JP ,EUR,1.608088,B,11/5/2025
20251105,A80,Etica Rendita Bilanciata,236196,IMCD NV,0.002088735034262,0.0,AZ ,Industrials,NL0010801007,BNCBD46,IMCD NA Equity,NL ,EUR,1.608088,,11/5/2025
20251105,A80,Etica Rendita Bilanciata,133,AUTOMATIC DATA PROCESSING,0.00207282019391,0.0,AZ ,Industrials,US0530151036,2065308,ADP US Equity,US ,USD,1.608088,,11/5/2025
20251105,A80,Etica Rendita Bilanciata,49402,SARTORIUS STEDIM BIOTECH,0.002054887605583,0.0,AZ ,Health Care,FR0013154002,BYZ2QP5,DIM FP Equity,FR ,EUR,1.608088,,11/5/2025
20251105,A80,Etica Rendita Bilanciata,3092,MTR CORP,0.002049338185737,0.0,AZ ,Industrials,HK0066009694,6290054,66 HK Equity,HK ,HKD,1.608088,,11/5/2025
20251105,A80,Etica Rendita Bilanciata,406118,CAISSE FRANCAISE DE FIN CAFFIL 0.01 04/27/29,0.002048237374071,0.0,OB ,Covered,FR00140033E4,,BP1529455 Govt,FR ,EUR,1.608088,A,11/5/2025
20251105,A80,Etica Rendita Bilanciata,1285,KUBOTA CORP,0.002045280714305,0.0,AZ ,Industrials,JP3266400005,6497509,6326 JT Equity,JP ,JPY,1.608088,,11/5/2025
20251105,A80,Etica Rendita Bilanciata,1258,KAO CORP,0.00203723157475,0.0,AZ ,Consumer Staples,JP3205800000,6483809,4452 JP Equity,JP ,JPY,1.608088,,11/5/2025
20251105,A80,Etica Rendita Bilanciata,486,TJX COMPANIES INC,0.002027129490622,0.0,AZ ,Consumer Discretionary,US8725401090,2989301,TJX US Equity,US ,USD,1.608088,,11/5/2025
20251105,A80,Etica Rendita Bilanciata,149,VERIZON COMMUNICATIONS INC,0.002024651981489,0.0,AZ ,Communication Services,US92343V1044,2090571,VZ US Equity,US ,USD,1.608088,,11/5/2025
20251105,A80,Etica Rendita Bilanciata,559,STRYKER CORP,0.00202225998979,0.0,AZ ,Health Care,US8636671013,2853688,SYK UN Equity,US ,USD,1.608088,,11/5/2025
20251105,A80,Etica Rendita Bilanciata,406189,ERG SPA ERGIM 0 7/8 09/15/31,0.001972761717634,0.0,OB ,UTILITY,XS2386650274,,BR3380614 Corp,IT ,EUR,1.608088,NR,11/5/2025
20251105,A80,Etica Rendita Bilanciata,125,ANALOG DEVICES INC,0.00195824392698,0.0,AZ ,Information Technology,US0326541051,2032067,ADI US Equity,US ,USD,1.608088,,11/5/2025
20251105,A80,Etica Rendita Bilanciata,1658,ATLAS COPCO AB-A SHS,0.001954747989058,0.0,AZ ,Industrials,SE0017486889,BLDBN41,ATCOA SS Equity,SE ,SEK,1.608088,,11/5/2025
20251105,A80,Etica Rendita Bilanciata,2088,SAP SE,0.001947838787158,0.0,AZ ,Information Technology,DE0007164600,4846288,SAP GY Equity,DE ,EUR,1.608088,,11/5/2025
20251105,A80,Etica Rendita Bilanciata,348394,KNORR-BREMSE AG,0.001945454228837,0.0,AZ ,Industrials,DE000KBX1006,BD2P9X9,KBX GR Equity,DE ,EUR,1.608088,,11/5/2025
20251105,A80,Etica Rendita Bilanciata,432910,SSE PLC SSELN 3.74 PERP,0.001938979767613,0.0,OB ,UTILITY,XS2195190876,,BK2909863 Corp,GB ,GBP,1.608088,B,11/5/2025
20251105,A80,Etica Rendita Bilanciata,481243,CAISSE D'AMORT DETTE SOC CADES 0.45 01/19/32,0.001935309895358,0.0,OB ,Quasi & Foreign Government,FR0014007RB1,,BT4620824 Govt,FR ,EUR,1.608088,A,11/5/2025
20251105,A80,Etica Rendita Bilanciata,2489,LENOVO GROUP LTD,0.00184190300517,0.0,AZ ,Information Technology,HK0992009065,6218089,992 HK Equity,CN ,CNY,1.608088,,11/5/2025
20251105,A80,Etica Rendita Bilanciata,531,ADOBE INC,0.001840148750303,0.0,AZ ,Information Technology,US00724F1012,2008154,ADBE US Equity,US ,USD,1.608088,,11/5/2025
20251105,A80,Etica Rendita Bilanciata,520,WESTERN DIGITAL CORP,0.001827266560336,0.0,AZ ,Information Technology,US9581021055,2954699,WDC US Equity,US ,USD,1.608088,,11/5/2025
20251105,A80,Etica Rendita Bilanciata,1288,KURITA WATER INDUSTRIES LTD,0.00181064620955,0.0,AZ ,Industrials,JP3270000007,6497963,6370 JP Equity,JP ,JPY,1.608088,,11/5/2025
20251105,A80,Etica Rendita Bilanciata,164953,AUD,0.001807328280886,0.0,LQ ,CASH,,,AUD,AU ,AUD,1.608088,,11/5/2025
20251105,A80,Etica Rendita Bilanciata,159,BOSTON SCIENTIFIC CORP,0.001784974623701,0.0,AZ ,Health Care,US1011371077,2113434,BSX US Equity,US ,USD,1.608088,,11/5/2025
20251105,A80,Etica Rendita Bilanciata,667,GILEAD SCIENCES INC,0.001784541282381,0.0,AZ ,Health Care,US3755581036,2369174,GILD US Equity,US ,USD,1.608088,,11/5/2025
20251105,A80,Etica Rendita Bilanciata,335766,NOKIA OYJ NOKIA 4 3/8 08/21/31,0.001775731486577,0.0,OB ,INDUSTRIAL,XS2488809612,,ZM9740188 Corp,FI ,EUR,1.608088,C,11/5/2025
20251105,A80,Etica Rendita Bilanciata,3033,STMICROELECTRONICS NV,0.001769900695454,0.0,SE ,Information Technology,NL0000226223,5962343,STMMI IM Equity,FR ,EUR,1.608088,,11/5/2025
20251105,A80,Etica Rendita Bilanciata,18091,PROLOGIS INC,0.001764075949548,0.0,AZ ,Real Estate,US74340W1036,B44WZD7,PLD UN Equity,US ,USD,1.608088,,11/5/2025
20251105,A80,Etica Rendita Bilanciata,1337,MURATA MANUFACTURING CO LTD,0.001750315915677,0.0,AZ ,Information Technology,JP3914400001,6610403,6981 JP Equity,JP ,JPY,1.608088,,11/5/2025
20251105,A80,Etica Rendita Bilanciata,670,WELLTOWER INC,0.001749793687274,0.0,AZ ,Real Estate,US95040Q1040,BYVYHH4,WELL US Equity,US ,USD,1.608088,,11/5/2025
20251105,A80,Etica Rendita Bilanciata,1545,TOTO LTD,0.001748684221992,0.0,AZ ,Industrials,JP3596200000,6897466,5332 JP Equity,JP ,JPY,1.608088,,11/5/2025
20251105,A80,Etica Rendita Bilanciata,2170,DSV A/S,0.00174710333052,0.0,AZ ,Industrials,DK0060079531,B1WT5G2,DSV DC Equity,DK ,DKK,1.608088,,11/5/2025
20251105,A80,Etica Rendita Bilanciata,4264,AUTODESK INC,0.001738014693475,0.0,AZ ,Information Technology,US0527691069,2065159,ADSK US Equity,US ,USD,1.608088,,11/5/2025
20251105,A80,Etica Rendita Bilanciata,454,SONY GROUP CORP,0.001735248984208,0.0,AZ ,Consumer Discretionary,JP3435000009,6821506,6758 JP Equity,JP ,JPY,1.608088,,11/5/2025
20251105,A80,Etica Rendita Bilanciata,3760,ABB LTD,0.001712826590665,0.0,AZ ,Industrials,CH0012221716,7108899,ABBN SW Equity,CH ,CHF,1.608088,,11/5/2025
20251105,A80,Etica Rendita Bilanciata,233530,ZALANDO SE,0.001707114767178,0.0,AZ ,Consumer Discretionary,DE000ZAL1111,BQV0SV7,ZAL GR Equity,DE ,EUR,1.608088,,11/5/2025
20251105,A80,Etica Rendita Bilanciata,1404,OBAYASHI CORP,0.001703023364165,0.0,AZ ,Industrials,JP3190000004,6656407,1802 JP Equity,JP ,JPY,1.608088,,11/5/2025
20251105,A80,Etica Rendita Bilanciata,321288,INMOBILIARIA COLONIAL SO COLSM 1 5/8 11/28/25,0.001702360080693,0.0,OB ,INDUSTRIAL,XS1725677543,,AQ1248246 Corp,ES ,EUR,1.608088,B,11/5/2025
20251105,A80,Etica Rendita Bilanciata,424846,OTIS WORLDWIDE CORP,0.001667722598098,0.0,AZ ,Industrials,US68902V1070,BK531S8,OTIS US Equity,US ,USD,1.608088,,11/5/2025
20251105,A80,Etica Rendita Bilanciata,40461,VERTEX PHARMACEUTICALS INC,0.001636327725239,0.0,AZ ,Health Care,US92532F1003,2931034,VRTX US Equity,US ,USD,1.608088,,11/5/2025
20251105,A80,Etica Rendita Bilanciata,2566,UNITED PARCEL SERVICE-CL B,0.001590521547108,0.0,AZ ,Industrials,US9113121068,2517382,UPS US Equity,US ,USD,1.608088,,11/5/2025
20251105,A80,Etica Rendita Bilanciata,392,NOVO NORDISK A/S-B,0.001562100193455,0.0,AZ ,Health Care,DK0062498333,BP6KMJ1,NOVOB DC Equity,DK ,DKK,1.608088,,11/5/2025
20251105,A80,Etica Rendita Bilanciata,3014,ANHEUSER-BUSCH INBEV SA/NV,0.001537879706025,0.0,AZ ,Consumer Staples,BE0974293251,BYYHL23,ABI BB Equity,BE ,EUR,1.608088,,11/5/2025
20251105,A80,Etica Rendita Bilanciata,2955,VOESTALPINE AG,0.001536747280112,0.0,AZ ,Materials,AT0000937503,4943402,VOE AV Equity,AT ,EUR,1.608088,,11/5/2025
20251105,A80,Etica Rendita Bilanciata,164963,SGD,0.001536654721119,0.0,LQ ,CASH,,,SGD,SG ,SGD,1.608088,,11/5/2025
20251105,A80,Etica Rendita Bilanciata,1526,TOKYO ELECTRON LTD,0.00147617005031,0.0,AZ ,Information Technology,JP3571400005,6895675,8035 JP Equity,JP ,JPY,1.608088,,11/5/2025
20251105,A80,Etica Rendita Bilanciata,1609,ESSILORLUXOTTICA,0.001474443256402,0.0,AZ ,Health Care,FR0000121667,7212477,EL FP Equity,FR ,EUR,1.608088,,11/5/2025
20251105,A80,Etica Rendita Bilanciata,166783,XYLEM INC,0.001462613270077,0.0,AZ ,Industrials,US98419M1009,B3P2CN8,XYL US Equity,US ,USD,1.608088,,11/5/2025
20251105,A80,Etica Rendita Bilanciata,236299,VONOVIA SE,0.001453800406885,0.0,AZ ,Real Estate,DE000A1ML7J1,BBJPFY1,VNA GR Equity,DE ,EUR,1.608088,,11/5/2025
20251105,A80,Etica Rendita Bilanciata,302,HONDA MOTOR CO LTD,0.001434331225095,0.0,AZ ,Consumer Discretionary,JP3854600008,6435145,7267 JP Equity,JP ,JPY,1.608088,,11/5/2025
20251105,A80,Etica Rendita Bilanciata,49977,TE CONNECTIVITY PLC,0.001425809998855,0.0,AZ ,Information Technology,IE000IVNQZ81,BRC3N84,TEL US Equity,US ,USD,1.608088,,11/5/2025
20251105,A80,Etica Rendita Bilanciata,536433,EDP SA EDPPL 4 3/4 05/29/54,0.001422267546345,0.0,OB ,UTILITY,PTEDPZOM0011,,YX2446822 Corp,PT ,EUR,1.608088,C,11/5/2025
20251105,A80,Etica Rendita Bilanciata,232,ECOLAB INC,0.001421061010548,0.0,AZ ,Materials,US2788651006,2304227,ECL US Equity,US ,USD,1.608088,,11/5/2025
20251105,A80,Etica Rendita Bilanciata,471,TDK CORP,0.001414986630755,0.0,AZ ,Information Technology,JP3538800008,6869302,6762 JP Equity,JP ,JPY,1.608088,,11/5/2025
20251105,A80,Etica Rendita Bilanciata,3013,NOVARTIS AG,0.001405503733599,0.0,AZ ,Health Care,CH0012005267,7103065,NOVN SW Equity,CH ,CHF,1.608088,,11/5/2025
20251105,A80,Etica Rendita Bilanciata,1790,CHINA OVERSEAS LAND & INVEST,0.001395389615011,0.0,AZ ,Real Estate,HK0688002218,6192150,688 HK Equity,CN ,CNY,1.608088,,11/5/2025
20251105,A80,Etica Rendita Bilanciata,23406,IBIDEN CO LTD,0.001388130047994,0.0,AZ ,Information Technology,JP3148800000,6456102,4062 JP Equity,JP ,JPY,1.608088,,11/5/2025
20251105,A80,Etica Rendita Bilanciata,1733,ROCHE HOLDING AG-GENUSSCHEIN,0.001384951797431,0.0,AZ ,Health Care,CH0012032048,7110388,ROG SW Equity,CH ,CHF,1.608088,,11/5/2025
20251105,A80,Etica Rendita Bilanciata,212398,TELIA COMPANY AB TELIAS 2 3/4 06/30/2083,0.001353193439095,0.0,OB ,INDUSTRIAL,XS2443749648,,BV4439170 Corp,SE ,EUR,1.608088,B,11/5/2025
20251105,A80,Etica Rendita Bilanciata,3011,DEUTSCHE TELEKOM AG,0.001342314287074,0.0,AZ ,Communication Services,DE0005557508,5842359,DTE GR Equity,DE ,EUR,1.608088,,11/5/2025
20251105,A80,Etica Rendita Bilanciata,405936,CARRIER GLOBAL CORP,0.001332394365492,0.0,AZ ,Industrials,US14448C1045,BK4N0D7,CARR US Equity,US ,USD,1.608088,,11/5/2025
20251105,A80,Etica Rendita Bilanciata,3119,INTERPUMP GROUP SPA,0.001317027591249,0.0,AZ ,Industrials,IT0001078911,5161407,IP IM Equity,IT ,EUR,1.608088,,11/5/2025
20251105,A80,Etica Rendita Bilanciata,407318,ORSTED A/S ORSTED 1 3/4 12/09/3019,0.001306693673042,0.0,OB ,UTILITY,XS2010036874,,ZQ8044799 Corp,DK ,EUR,1.608088,C,11/5/2025
20251105,A80,Etica Rendita Bilanciata,49992,BONOS Y OBLIG DEL ESTADO SPGB 4.9 07/30/40,0.001303758742473,0.0,OB ,SOVEREIGN,ES00000120N0,,EG5611157 Govt,ES ,EUR,1.608088,A,11/5/2025
20251105,A80,Etica Rendita Bilanciata,4223,COLGATE-PALMOLIVE CO,0.001299218448497,0.0,AZ ,Consumer Staples,US1941621039,2209106,CL US Equity,US ,USD,1.608088,,11/5/2025
20251105,A80,Etica Rendita Bilanciata,406011,ERG SPA ERGIM 0 1/2 09/11/27,0.001293761688397,0.0,OB ,UTILITY,XS2229434852,,ZO3431582 Corp,IT ,EUR,1.608088,NR,11/5/2025
20251105,A80,Etica Rendita Bilanciata,57392,EQUINIX INC,0.001290735788504,0.0,AZ ,Real Estate,US29444U7000,BVLZX12,EQIX US Equity,US ,USD,1.608088,,11/5/2025
20251105,A80,Etica Rendita Bilanciata,17897,SK HYNIX INC,0.001229259690876,0.0,AZ ,Information Technology,KR7000660001,6450267,000660 KS Equity,KR ,KRW,1.608088,,11/5/2025
20251105,A80,Etica Rendita Bilanciata,451544,EDP SA EDPPL 1 7/8 08/02/2081,0.00122611351355,0.0,OB ,UTILITY,PTEDPROM0029,,BN7191719 Corp,PT ,EUR,1.608088,C,11/5/2025
20251105,A80,Etica Rendita Bilanciata,476847,MICRON TECHNOLOGY INC MU 2.703 04/15/32,0.001212991216511,0.0,OB ,INDUSTRIAL,US595112BS19,,BS0168275 Corp,US ,USD,1.608088,B,11/5/2025
20251105,A80,Etica Rendita Bilanciata,2867,DARDEN RESTAURANTS INC,0.001202338827305,0.0,AZ ,Consumer Discretionary,US2371941053,2289874,DRI UN Equity,US ,USD,1.608088,,11/5/2025
20251105,A80,Etica Rendita Bilanciata,184644,ZOETIS INC,0.001198353249178,0.0,AZ ,Health Care,US98978V1035,B95WG16,ZTS US Equity,US ,USD,1.608088,,11/5/2025
20251105,A80,Etica Rendita Bilanciata,212828,PRYSMIAN SPA PRYIM 3 7/8 11/28/31,0.001194230668518,0.0,OB ,INDUSTRIAL,XS2948434266,,YT3439742 Corp,IT ,EUR,1.608088,B,11/5/2025
20251105,A80,Etica Rendita Bilanciata,1146,BRIDGESTONE CORP,0.001179027551739,0.0,AZ ,Consumer Discretionary,JP3830800003,6132101,5108 JP Equity,JP ,JPY,1.608088,,11/5/2025
20251105,A80,Etica Rendita Bilanciata,128611,BRITISH TELECOMMUNICATIO BRITEL 5 1/8 10/03/54,0.001173862025576,0.0,OB ,INDUSTRIAL,XS2794589403,,ZB0014470 Corp,GB ,EUR,1.608088,C,11/5/2025
20251105,A80,Etica Rendita Bilanciata,2831,BREMBO N.V.,0.001171757528735,0.0,AZ ,Consumer Discretionary,NL0015001KT6,BSMM753,BRE IM Equity,IT ,EUR,1.608088,,11/5/2025
20251105,A80,Etica Rendita Bilanciata,212462,ORSTED A/S ORSTED 3 3/4 03/01/30,0.001169684814063,0.0,OB ,UTILITY,XS2591029876,,ZL2347488 Corp,DK ,EUR,1.608088,B,11/5/2025
20251105,A80,Etica Rendita Bilanciata,23355,RALPH LAUREN CORP,0.00115916582265,0.0,AZ ,Consumer Discretionary,US7512121010,B4V9661,RL US Equity,US ,USD,1.608088,,11/5/2025
20251105,A80,Etica Rendita Bilanciata,1040,TATE & LYLE PLC,0.001147347758837,0.0,AZ ,Consumer Staples,GB00BP92CJ43,BP92CJ4,TATE LN Equity,GB ,GBP,1.608088,,11/5/2025
20251105,A80,Etica Rendita Bilanciata,3371,ERG SPA,0.00112127508402,0.0,AZ ,Utilities,IT0001157020,5337093,ERG IM Equity,IT ,EUR,1.608088,,11/5/2025
20251105,A80,Etica Rendita Bilanciata,239013,KLEPIERRE SA LIFP 2 05/12/29,0.00109786588713,0.0,OB ,INDUSTRIAL,FR0013512233,,BJ2958731 Corp,FR ,EUR,1.608088,A,11/5/2025
20251105,A80,Etica Rendita Bilanciata,276440,DELL TECHNOLOGIES -C,0.001090456241998,0.0,AZ ,Information Technology,US24703L2025,BHKD3S6,DELL US Equity,US ,USD,1.608088,,11/5/2025
20251105,A80,Etica Rendita Bilanciata,1575,ASTELLAS PHARMA INC,0.00108775197005,0.0,AZ ,Health Care,JP3942400007,6985383,4503 JP Equity,JP ,JPY,1.608088,,11/5/2025
20251105,A80,Etica Rendita Bilanciata,237336,OBRIGACOES DO TESOURO PGB 2 1/4 04/18/34,0.001080023294177,0.0,OB ,SOVEREIGN,PTOTEWOE0017,,AS1769569 Govt,PT ,EUR,1.608088,A,11/5/2025
20251105,A80,Etica Rendita Bilanciata,4266,MCCORMICK & CO-NON VTG SHRS,0.001066040471662,0.0,AZ ,Consumer Staples,US5797802064,2550161,MKC UN Equity,US ,USD,1.608088,,11/5/2025
20251105,A80,Etica Rendita Bilanciata,1340,NEC CORP,0.00106344784592,0.0,AZ ,Information Technology,JP3733000008,6640400,6701 JP Equity,JP ,JPY,1.608088,,11/5/2025
20251105,A80,Etica Rendita Bilanciata,651,EXPEDITORS INTL WASH INC,0.001013010214177,0.0,AZ ,Industrials,US3021301094,2325507,EXPD US Equity,US ,USD,1.608088,,11/5/2025
20251105,A80,Etica Rendita Bilanciata,100272,AMERICAN WATER WORKS CO INC,0.001012666655527,0.0,AZ ,Utilities,US0304201033,B2R3PV1,AWK US Equity,US ,USD,1.608088,,11/5/2025
20251105,A80,Etica Rendita Bilanciata,188,THE CIGNA GROUP,0.001006960116007,0.0,AZ ,Health Care,US1255231003,BHJ0775,CI US Equity,US ,USD,1.608088,,11/5/2025
20251105,A80,Etica Rendita Bilanciata,3065,ELEVANCE HEALTH INC,0.001006221222541,0.0,AZ ,Health Care,US0367521038,BSPHGL4,ELV US Equity,US ,USD,1.608088,,11/5/2025
20251105,A80,Etica Rendita Bilanciata,305243,NOKIA OYJ NOKIA 4 3/8 06/12/27,0.000989035912621,0.0,OB ,INDUSTRIAL,US654902AE56,,AN8615410 Corp,FI ,USD,1.608088,C,11/5/2025
20251105,A80,Etica Rendita Bilanciata,164959,JPY,0.000985752732761,0.0,LQ ,CASH,,,JPY,JP ,JPY,1.608088,,11/5/2025
20251105,A80,Etica Rendita Bilanciata,349,MASCO CORP,0.000978105241915,0.0,AZ ,Industrials,US5745991068,2570200,MAS US Equity,US ,USD,1.608088,,11/5/2025
20251105,A80,Etica Rendita Bilanciata,1001,PERSIMMON PLC,0.000972472711527,0.0,AZ ,Consumer Discretionary,GB0006825383,682538,PSN LN Equity,GB ,GBP,1.608088,,11/5/2025
20251105,A80,Etica Rendita Bilanciata,1457,SHIMIZU CORP,0.000961702765236,0.0,AZ ,Industrials,JP3358800005,6804400,1803 JP Equity,JP ,JPY,1.608088,,11/5/2025
20251105,A80,Etica Rendita Bilanciata,454000,ORSTED A/S ORSTED 1 1/2 02/18/3021,0.000960982354461,0.0,OB ,UTILITY,XS2293075680,,BO0165460 Corp,DK ,EUR,1.608088,C,11/5/2025
20251105,A80,Etica Rendita Bilanciata,2658,ASSA ABLOY AB-B,0.000937525176458,0.0,AZ ,Industrials,SE0007100581,BYPC1T4,ASSAB SS Equity,SE ,SEK,1.608088,,11/5/2025
20251105,A80,Etica Rendita Bilanciata,336,KYOCERA CORP,0.000926792632149,0.0,AZ ,Information Technology,JP3249600002,6499260,6971 JP Equity,JP ,JPY,1.608088,,11/5/2025
20251105,A80,Etica Rendita Bilanciata,366,MICRON TECHNOLOGY INC,0.000919917999935,0.0,AZ ,Information Technology,US5951121038,2588184,MU US Equity,US ,USD,1.608088,,11/5/2025
20251105,A80,Etica Rendita Bilanciata,88166,REXEL SA,0.000916306038623,0.0,AZ ,Industrials,FR0010451203,B1VP0K0,RXL FP Equity,FR ,EUR,1.608088,,11/5/2025
20251105,A80,Etica Rendita Bilanciata,148,BECTON DICKINSON AND CO,0.000914225834599,0.0,AZ ,Health Care,US0758871091,2087807,BDX US Equity,US ,USD,1.608088,,11/5/2025
20251105,A80,Etica Rendita Bilanciata,4275,HASBRO INC,0.000907323293632,0.0,AZ ,Consumer Discretionary,US4180561072,2414580,HAS US Equity,US ,USD,1.608088,,11/5/2025
20251105,A80,Etica Rendita Bilanciata,318,INTL FLAVORS & FRAGRANCES,0.000906135072604,0.0,AZ ,Materials,US4595061015,2464165,IFF US Equity,US ,USD,1.608088,,11/5/2025
20251105,A80,Etica Rendita Bilanciata,1088,ORICA LTD,0.000895308614726,0.0,AZ ,Materials,AU000000ORI1,6458001,ORI AU Equity,AU ,AUD,1.608088,,11/5/2025
20251105,A80,Etica Rendita Bilanciata,469,SYSCO CORP,0.000890458425004,0.0,AZ ,Consumer Staples,US8718291078,2868165,SYY US Equity,US ,USD,1.608088,,11/5/2025
20251105,A80,Etica Rendita Bilanciata,19461,DICK'S SPORTING GOODS INC,0.00088875649485,0.0,AZ ,Consumer Discretionary,US2533931026,2969637,DKS US Equity,US ,USD,1.608088,,11/5/2025
20251105,A80,Etica Rendita Bilanciata,476807,SOCIETE FONCIERE LYONNAI FLYFP 0 1/2 04/21/28,0.000854258444071,0.0,OB ,INDUSTRIAL,FR00140060E7,,BR9645093 Corp,FR ,EUR,1.608088,B,11/5/2025
20251105,A80,Etica Rendita Bilanciata,152,BEST BUY CO INC,0.000834218683335,0.0,AZ ,Consumer Discretionary,US0865161014,2094670,BBY US Equity,US ,USD,1.608088,,11/5/2025
20251105,A80,Etica Rendita Bilanciata,1734,NOKIA OYJ,0.000830974461542,0.0,AZ ,Information Technology,FI0009000681,5902941,NOKIA FH Equity,FI ,EUR,1.608088,,11/5/2025
20251105,A80,Etica Rendita Bilanciata,18074,ESTEE LAUDER COMPANIES-CL A,0.000827338431308,0.0,AZ ,Consumer Staples,US5184391044,2320524,EL US Equity,US ,USD,1.608088,,11/5/2025
20251105,A80,Etica Rendita Bilanciata,2298,TRACTOR SUPPLY COMPANY,0.000823413350133,0.0,AZ ,Consumer Discretionary,US8923561067,2900335,TSCO US Equity,US ,USD,1.608088,,11/5/2025
20251105,A80,Etica Rendita Bilanciata,242496,PAYPAL HOLDINGS INC,0.000792982163262,0.0,AZ ,Financials,US70450Y1038,BYW36M8,PYPL US Equity,US ,USD,1.608088,,11/5/2025
20251105,A80,Etica Rendita Bilanciata,31928,DIGITAL REALTY TRUST INC,0.000786749443558,0.0,AZ ,Real Estate,US2538681030,B03GQS4,DLR US Equity,US ,USD,1.608088,,11/5/2025
20251105,A80,Etica Rendita Bilanciata,34107,DAIICHI SANKYO CO LTD,0.000770711291969,0.0,AZ ,Health Care,JP3475350009,B0J7D91,4568 JP Equity,JP ,JPY,1.608088,,11/5/2025
20251105,A80,Etica Rendita Bilanciata,2985,CANADIAN NATL RAILWAY CO,0.000764811036822,0.0,AZ ,Industrials,CA1363751027,2180632,CNR CN Equity,CA ,CAD,1.608088,,11/5/2025
20251105,A80,Etica Rendita Bilanciata,1138,ASICS CORP,0.000734637107528,0.0,AZ ,Consumer Discretionary,JP3118000003,6057378,7936 JP Equity,JP ,JPY,1.608088,,11/5/2025
20251105,A80,Etica Rendita Bilanciata,23481,CBRE GROUP INC,0.000706687403961,0.0,AZ ,Real Estate,US12504L1098,B6WVMH3,CBRE US Equity,US ,USD,1.608088,,11/5/2025
20251105,A80,Etica Rendita Bilanciata,253654,FERRARI NV,0.000700736839173,0.0,AZ ,Consumer Discretionary,NL0011585146,BZ1GMK5,RACE US Equity,IT ,EUR,1.608088,,11/5/2025
20251105,A80,Etica Rendita Bilanciata,336777,ULTA BEAUTY INC,0.000675255151509,0.0,AZ ,Consumer Discretionary,US90384S3031,B28TS42,ULTA UW Equity,US ,USD,1.608088,,11/5/2025
20251105,A80,Etica Rendita Bilanciata,170146,EUR C/MARGINI,0.000660529315824,0.0,OT ,CASH,,,EUR C/MARGINI,5A ,EUR,1.608088,,11/5/2025
20251105,A80,Etica Rendita Bilanciata,3385,YUM! BRANDS INC,0.000657596277184,0.0,AZ ,Consumer Discretionary,US9884981013,2098876,YUM UN Equity,US ,USD,1.608088,,11/5/2025
20251105,A80,Etica Rendita Bilanciata,3837,AGILENT TECHNOLOGIES INC,0.000647494607266,0.0,AZ ,Health Care,US00846U1016,2520153,A US Equity,US ,USD,1.608088,,11/5/2025
20251105,A80,Etica Rendita Bilanciata,335212,LEVI STRAUSS & CO- CLASS A,0.000638315963653,0.0,AZ ,Consumer Discretionary,US52736R1023,BHRWS81,LEVI US Equity,US ,USD,1.608088,,11/5/2025
20251105,A80,Etica Rendita Bilanciata,50381,LULULEMON ATHLETICA INC,0.000626579924481,0.0,AZ ,Consumer Discretionary,US5500211090,B23FN39,LULU US Equity,US ,USD,1.608088,,11/5/2025
20251105,A80,Etica Rendita Bilanciata,164955,CHF,0.000624023458095,0.0,LQ ,CASH,,,CHF,CH ,CHF,1.608088,,11/5/2025
20251105,A80,Etica Rendita Bilanciata,57810,VENTAS INC,0.000623692795908,0.0,AZ ,Real Estate,US92276F1003,2927925,VTR US Equity,US ,USD,1.608088,,11/5/2025
20251105,A80,Etica Rendita Bilanciata,67156,KEURIG DR PEPPER INC,0.000623110316839,0.0,AZ ,Consumer Staples,US49271V1008,BD3W133,KDP US Equity,US ,USD,1.608088,,11/5/2025
20251105,A80,Etica Rendita Bilanciata,1,LG ELECTRONICS INC,0.000616281885758,0.0,AZ ,Consumer Discretionary,KR7066570003,6520739,066570 KS Equity,KR ,KRW,1.608088,,11/5/2025
20251105,A80,Etica Rendita Bilanciata,503621,A2A SPA AEMSPA 4 3/8 02/03/34,0.000611430240706,0.0,OB ,UTILITY,XS2583205906,,ZM7159977 Corp,IT ,EUR,1.608088,B,11/5/2025
20251105,A80,Etica Rendita Bilanciata,343334,GODADDY INC - CLASS A,0.000610290963547,0.0,AZ ,Information Technology,US3802371076,BWFRFC6,GDDY US Equity,US ,USD,1.608088,,11/5/2025
20251105,A80,Etica Rendita Bilanciata,164726,SEK,0.000603415167069,0.0,LQ ,CASH,,,SEK,SE ,SEK,1.608088,,11/5/2025
20251105,A80,Etica Rendita Bilanciata,1755,SWIRE PACIFIC LTD - CL A,0.000598944482651,0.0,AZ ,Industrials,HK0019000162,6867748,19 HK Equity,HK ,HKD,1.608088,,11/5/2025
20251105,A80,Etica Rendita Bilanciata,164725,HKD,0.000595755451451,0.0,LQ ,CASH,,,HKD,HK ,HKD,1.608088,,11/5/2025
20251105,A80,Etica Rendita Bilanciata,494559,SSE PLC SSELN 2 7/8 08/01/29,0.000566907954763,0.0,OB ,UTILITY,XS2510903862,,BY0600829 Corp,GB ,EUR,1.608088,B,11/5/2025
20251105,A80,Etica Rendita Bilanciata,387,NORSK HYDRO ASA,0.000561020517716,0.0,AZ ,Materials,NO0005052605,B11HK39,NHY NO Equity,NO ,NOK,1.608088,,11/5/2025
20251105,A80,Etica Rendita Bilanciata,173,CADENCE DESIGN SYS INC,0.000559749902615,0.0,AZ ,Information Technology,US1273871087,2302232,CDNS US Equity,US ,USD,1.608088,,11/5/2025
20251105,A80,Etica Rendita Bilanciata,58909,EDWARDS LIFESCIENCES CORP,0.000555459276111,0.0,AZ ,Health Care,US28176E1082,2567116,EW US Equity,US ,USD,1.608088,,11/5/2025
20251105,A80,Etica Rendita Bilanciata,335227,NEXI SPA,0.000537942128546,0.0,AZ ,Financials,IT0005366767,BJ1F880,NEXI IM Equity,IT ,EUR,1.608088,,11/5/2025
20251105,A80,Etica Rendita Bilanciata,1010,RELX PLC,0.000533775037175,0.0,AZ ,Industrials,GB00B2B0DG97,B2B0DG9,REL LN Equity,GB ,GBP,1.608088,,11/5/2025
20251105,A80,Etica Rendita Bilanciata,235482,MERLIN PROPERTIES SOCIMI SA,0.000510682945512,0.0,AZ ,Real Estate,ES0105025003,BNGNB77,MRL SM Equity,ES ,EUR,1.608088,,11/5/2025
20251105,A80,Etica Rendita Bilanciata,18075,BE SEMICONDUCTOR INDUSTRIES,0.000504684959354,0.0,AZ ,Information Technology,NL0012866412,BG0SCK9,BESI NA Equity,NL ,EUR,1.608088,,11/5/2025
20251105,A80,Etica Rendita Bilanciata,58318,AZBIL CORP,0.000499552648301,0.0,AZ ,Information Technology,JP3937200008,6985543,6845 JP Equity,JP ,JPY,1.608088,,11/5/2025
20251105,A80,Etica Rendita Bilanciata,24041,TERNA-RETE ELETTRICA NAZIONA,0.000496925508847,0.0,AZ ,Utilities,IT0003242622,B01BN57,TRN IM Equity,IT ,EUR,1.608088,,11/5/2025
20251105,A80,Etica Rendita Bilanciata,222506,ORORA LTD,0.000491113301169,0.0,AZ ,Materials,AU000000ORA8,BH4TCW7,ORA AU Equity,AU ,AUD,1.608088,,11/5/2025
20251105,A80,Etica Rendita Bilanciata,3466,COGNIZANT TECH SOLUTIONS-A,0.000484666278514,0.0,AZ ,Information Technology,US1924461023,2257019,CTSH US Equity,US ,USD,1.608088,,11/5/2025
20251105,A80,Etica Rendita Bilanciata,1122,AJINOMOTO CO INC,0.000478936576857,0.0,AZ ,Consumer Staples,JP3119600009,6010906,2802 JP Equity,JP ,JPY,1.608088,,11/5/2025
20251105,A80,Etica Rendita Bilanciata,312,INGERSOLL-RAND INC,0.000477752374778,0.0,AZ ,Industrials,US45687V1061,BL5GZ82,IR UN Equity,US ,USD,1.608088,,11/5/2025
20251105,A80,Etica Rendita Bilanciata,17956,RENESAS ELECTRONICS CORP,0.000458537260034,0.0,AZ ,Information Technology,JP3164720009,6635677,6723 JP Equity,JP ,JPY,1.608088,,11/5/2025
20251105,A80,Etica Rendita Bilanciata,50261,DIASORIN SPA,0.000456898591959,0.0,AZ ,Health Care,IT0003492391,B234WN9,DIA IM Equity,IT ,EUR,1.608088,,11/5/2025
20251105,A80,Etica Rendita Bilanciata,2297,AVALONBAY COMMUNITIES INC,0.000431579475859,0.0,AZ ,Real Estate,US0534841012,2131179,AVB US Equity,US ,USD,1.608088,,11/5/2025
20251105,A80,Etica Rendita Bilanciata,211955,TECHNOGYM SPA,0.000426114532326,0.0,AZ ,Consumer Discretionary,IT0005162406,BD9Y5C0,TGYM IM Equity,IT ,EUR,1.608088,,11/5/2025
20251105,A80,Etica Rendita Bilanciata,4106,ZIMMER BIOMET HOLDINGS INC,0.000408691723733,0.0,AZ ,Health Care,US98956P1021,2783815,ZBH US Equity,US ,USD,1.608088,,11/5/2025
20251105,A80,Etica Rendita Bilanciata,31968,PENTAIR PLC,0.000403073522749,0.0,AZ ,Industrials,IE00BLS09M33,BLS09M3,PNR UN Equity,US ,USD,1.608088,,11/5/2025
20251105,A80,Etica Rendita Bilanciata,235835,RAI WAY SPA,0.000396871219443,0.0,AZ ,Communication Services,IT0005054967,BSM8WL2,RWAY IM Equity,IT ,EUR,1.608088,,11/5/2025
20251105,A80,Etica Rendita Bilanciata,164722,DKK,0.000386475348954,0.0,LQ ,CASH,,,DKK,DK ,DKK,1.608088,,11/5/2025
20251105,A80,Etica Rendita Bilanciata,235231,ORANGE SA ORAFP 5 PERP,0.000386466068426,0.0,OB ,INDUSTRIAL,XS1115498260,,EK5085239 Corp,FR ,EUR,1.608088,B,11/5/2025
20251105,A80,Etica Rendita Bilanciata,58590,SYSMEX CORP,0.000370006867458,0.0,AZ ,Health Care,JP3351100007,6883807,6869 JP Equity,JP ,JPY,1.608088,,11/5/2025
20251105,A80,Etica Rendita Bilanciata,3245,EDP SA,0.000363037728348,0.0,AZ ,Utilities,PTEDP0AM0009,4103596,EDP PL Equity,PT ,EUR,1.608088,,11/5/2025
20251105,A80,Etica Rendita Bilanciata,411893,BONOS Y OBLIG DEL ESTADO SPGB 0 1/2 04/30/30,0.000322513637124,0.0,OB ,SOVEREIGN,ES0000012F76,,ZP4820285 Govt,ES ,EUR,1.608088,A,11/5/2025
20251105,A80,Etica Rendita Bilanciata,1093,LENDLEASE GROUP,0.000301068038735,0.0,AZ ,Real Estate,AU000000LLC3,6512004,LLC AU Equity,AU ,AUD,1.608088,,11/5/2025
20251105,A80,Etica Rendita Bilanciata,485685,AMGEN INC AMGN 3 02/22/29,0.000283275453161,0.0,OB ,INDUSTRIAL,US031162DD92,,BU6349577 Corp,US ,USD,1.608088,B,11/5/2025
20251105,A80,Etica Rendita Bilanciata,677,BIOGEN INC,0.000243878862118,0.0,AZ ,Health Care,US09062X1037,2455965,BIIB US Equity,US ,USD,1.608088,,11/5/2025
20251105,A80,Etica Rendita Bilanciata,1024,SSE PLC,0.000243447255998,0.0,AZ ,Utilities,GB0007908733,790873,SSE LN Equity,GB ,GBP,1.608088,,11/5/2025
20251105,A80,Etica Rendita Bilanciata,23349,CORBION NV,0.000235091444812,0.0,AZ ,Materials,NL0010583399,BFRSRR7,CRBN NA Equity,NL ,EUR,1.608088,,11/5/2025
20251105,A80,Etica Rendita Bilanciata,3672,AMPLIFON SPA,0.000212978376078,0.0,AZ ,Health Care,IT0004056880,B14NJ71,AMP IM Equity,IT ,EUR,1.608088,,11/5/2025
20251105,A80,Etica Rendita Bilanciata,247914,INFRASTRUTTURE WIRELESS ITAL,0.000205821152349,0.0,AZ ,Communication Services,IT0005090300,BZ0P4R4,INW IM Equity,IT ,EUR,1.608088,,11/5/2025
20251105,A80,Etica Rendita Bilanciata,58681,JONES LANG LASALLE INC,0.000204186357691,0.0,AZ ,Real Estate,US48020Q1076,2040640,JLL US Equity,US ,USD,1.608088,,11/5/2025
20251105,A80,Etica Rendita Bilanciata,63,HERA SPA,0.00016815818407,0.0,AZ ,Utilities,IT0001250932,7598003,HER IM Equity,IT ,EUR,1.608088,,11/5/2025
20251105,A80,Etica Rendita Bilanciata,48675,PRYSMIAN SPA,0.00015970299623,0.0,AZ ,Industrials,IT0004176001,B1W4V69,PRY IM Equity,IT ,EUR,1.608088,,11/5/2025
20251105,A80,Etica Rendita Bilanciata,164960,NOK,0.000157971332564,0.0,LQ ,CASH,,,NOK,NO ,NOK,1.608088,,11/5/2025
20251105,A80,Etica Rendita Bilanciata,3321,BXP INC,0.000150379077092,0.0,AZ ,Real Estate,US1011211018,2019479,BXP US Equity,US ,USD,1.608088,,11/5/2025
20251105,A80,Etica Rendita Bilanciata,3476,A2A SPA,0.000112166844854,0.0,AZ ,Utilities,IT0001233417,5499131,A2A IM Equity,IT ,EUR,1.608088,,11/5/2025
20251105,A80,Etica Rendita Bilanciata,447577,STORA ENSO OYJ STERV 0 5/8 12/02/30,0.000100767916101,0.0,OB ,INDUSTRIAL,XS2265360359,,BM7557275 Corp,FI ,EUR,1.608088,B,11/5/2025
20251105,A80,Etica Rendita Bilanciata,314765,PIRELLI & C SPA,0.000050666420825,0.0,AZ ,Consumer Discretionary,IT0005278236,BZ5ZHK3,PIRC IM Equity,IT ,EUR,1.608088,,11/5/2025
20251105,A80,Etica Rendita Bilanciata,50594,BROADCOM INC,0.0,0.005903196,AZ ,Information Technology,US11135F1012,BDZ78H9,AVGO US Equity,US ,USD,1.608088,,11/5/2025
20251105,A80,Etica Rendita Bilanciata,3255,AMAZON.COM INC,0.0,0.008797929,AZ ,Consumer Discretionary,US0231351067,2000019,AMZN US Equity,US ,USD,1.608088,,11/5/2025
20251105,A80,Etica Rendita Bilanciata,553,MICROSOFT CORP,0.0,0.01317897,AZ ,Information Technology,US5949181045,2588173,MSFT US Equity,US ,USD,1.608088,,11/5/2025
20251105,A80,Etica Rendita Bilanciata,534,APPLE INC,0.0,0.014848872,AZ ,Information Technology,US0378331005,2046251,AAPL US Equity,US ,USD,1.608088,,11/5/2025
20251105,A80,Etica Rendita Bilanciata,568369,FRENCH DISCOUNT T-BILL BTF 0 01/14/26,0.0,0.0061574825,OB ,SOVEREIGN,FR0128983980,,YN8205323 Govt,FR ,EUR,1.608088,A,11/5/2025
20251105,A80,Etica Rendita Bilanciata,227088,ALPHABET INC-CL A,0.0,0.006089622,AZ ,Communication Services,US02079K3059,BYVY8G0,GOOGL US Equity,US ,USD,1.608088,,11/5/2025
20251105,A80,Etica Rendita Bilanciata,51421,FRENCH DISCOUNT T-BILL BTF 0 12/31/25,0.0,0.0085255275,OB ,SOVEREIGN,FR0128690742,,YS3714856 Govt,FR ,EUR,1.608088,A,11/5/2025
20251105,A80,Etica Rendita Bilanciata,28663,ALPHABET INC-CL C,0.0,0.005148663,AZ ,Communication Services,US02079K1079,BYY88Y7,GOOG US Equity,US ,USD,1.608088,,11/5/2025
20251105,A80,Etica Rendita Bilanciata,553272,GERMAN TREASURY BILL BUBILL 0 01/14/26,0.0,0.0062021275,OB ,SOVEREIGN,DE000BU0E246,,YS4477537 Govt,DE ,EUR,1.608088,A,11/5/2025
20251105,A80,Etica Rendita Bilanciata,164736,DEBITI COMPENSO REVISIONE,-0.000005402644211,0.0,CD ,CASH,,,DEBITI COMPENSO REVISIONE,5A ,EUR,1.608088,,11/5/2025
20251105,A80,Etica Rendita Bilanciata,164733,DEBITI COMMISSIONE GESTIONE,-0.000010034915047,0.0,CD ,CASH,,,DEBITI COMMISSIONE GESTIONE,5A ,EUR,1.608088,,11/5/2025
20251105,A80,Etica Rendita Bilanciata,164730,DEBITI COMMISSIONE DEPOSITARIA,-0.000106192726109,0.0,CD ,CASH,,,DEBITI COMMISSIONE DEPOSITARIA,5A ,EUR,1.608088,,11/5/2025
20251105,A80,Etica Rendita Bilanciata,172066,ALLINEAMENTO NAV,-0.00023058601159,0.0,OT ,CASH,,,ALLINEAMENTO NAV,5A ,EUR,1.608088,,11/5/2025
20251105,A80,Etica Rendita Bilanciata,179420,DEBITI COMMISSIONE AMMINISTRAZIONE,-0.002260869706243,0.0,CD ,CASH,,,DEBITI COMMISSIONE AMMINISTRAZIONE,5A ,EUR,1.608088,,11/5/2025
20251105,A80,Etica Rendita Bilanciata,571448,Euro-BTP Future   Dec25,-0.006779599160298,0.0,FU ,SOVEREIGN,,,IKZ5 Comdty,IT ,EUR,1.608088,,11/5/2025
20251105,A80,Etica Rendita Bilanciata,571447,EURO-BOBL FUTURE  Dec25,-0.045861726960384,0.0,FU ,SOVEREIGN,,,OEZ5 Comdty,DE ,EUR,1.608088,,11/5/2025
20251105,A81,Etica Obbligazionario Breve Termine,462754,BUONI POLIENNALI DEL TES BTPS 0 1/2 07/15/28,0.098206183289917,0.0,OB ,SOVEREIGN,IT0005445306,,BP4786771 Govt,IT ,EUR,0.262564,B,11/5/2025
20251105,A81,Etica Obbligazionario Breve Termine,535701,BUNDESOBLIGATION OBL 2.1 04/12/29,0.093470383120195,0.0,OB ,SOVEREIGN,DE000BU35025,,ZB6879496 Govt,DE ,EUR,0.262564,A,11/5/2025
20251105,A81,Etica Obbligazionario Breve Termine,512182,BUONI POLIENNALI DEL TES BTPS 3.8 08/01/28,0.089816394948591,0.0,OB ,SOVEREIGN,IT0005548315,,ZK7965575 Govt,IT ,EUR,0.262564,B,11/5/2025
20251105,A81,Etica Obbligazionario Breve Termine,567423,BUONI POLIENNALI DEL TES BTPS 2.1 08/26/27,0.085795562800357,0.0,OB ,SOVEREIGN,IT0005657330,,YN6216934 Govt,IT ,EUR,0.262564,B,11/5/2025
20251105,A81,Etica Obbligazionario Breve Termine,51437,FRENCH DISCOUNT T-BILL BTF 0 02/25/26,0.085036459502744,0.0,OB ,SOVEREIGN,FR0128838507,,YR7593696 Govt,FR ,EUR,0.262564,A,11/5/2025
20251105,A81,Etica Obbligazionario Breve Termine,546717,BUNDESSCHATZANWEISUNGEN BKO 2 12/10/26,0.069883571849312,0.0,OB ,SOVEREIGN,DE000BU22072,,YU5618308 Govt,DE ,EUR,0.262564,A,11/5/2025
20251105,A81,Etica Obbligazionario Breve Termine,549395,CCTS EU CCTS 3.203 04/15/33,0.052725308753689,0.0,OB ,SOVEREIGN,IT0005620460,,YU7984120 Govt,IT ,EUR,0.262564,B,11/5/2025
20251105,A81,Etica Obbligazionario Breve Termine,5546,BUONI POLIENNALI DEL TES BTPS 2.95 02/15/27,0.052216197347948,0.0,OB ,SOVEREIGN,IT0005580045,,ZF2286036 Govt,IT ,EUR,0.262564,B,11/5/2025
20251105,A81,Etica Obbligazionario Breve Termine,503634,BONOS Y OBLIG DEL ESTADO SPGB 2.8 05/31/26,0.052166766917495,0.0,OB ,SOVEREIGN,ES0000012L29,,ZM2692899 Govt,ES ,EUR,0.262564,A,11/5/2025
20251105,A81,Etica Obbligazionario Breve Termine,555854,TREASURY CERTIFICATES BGTB 0 02/12/26,0.051065513980557,0.0,OB ,SOVEREIGN,BE0312809818,,YT9222597 Govt,BE ,EUR,0.262564,A,11/5/2025
20251105,A81,Etica Obbligazionario Breve Termine,350454,FRANCE (GOVT OF) FRTR 0 3/4 11/25/28,0.049293750639675,0.0,OB ,SOVEREIGN,FR0013341682,,AS9078385 Govt,FR ,EUR,0.262564,A,11/5/2025
20251105,A81,Etica Obbligazionario Breve Termine,128733,BUONI POLIENNALI DEL TES BTPS 2.7 10/15/27,0.044992605730826,0.0,OB ,SOVEREIGN,IT0005622128,,YT1232321 Govt,IT ,EUR,0.262564,B,11/5/2025
20251105,A81,Etica Obbligazionario Breve Termine,571126,AUSTRIAN T-BILL RATB 0 11/27/25,0.04273727679845,0.0,OB ,SOVEREIGN,AT0000A3MUA7,,YL5192205 Govt,AT ,EUR,0.262564,A,11/5/2025
20251105,A81,Etica Obbligazionario Breve Termine,237565,BUONI POLIENNALI DEL TES BTPS 0 1/4 03/15/28,0.036003169252903,0.0,OB ,SOVEREIGN,IT0005433690,,BN4718670 Govt,IT ,EUR,0.262564,B,11/5/2025
20251105,A81,Etica Obbligazionario Breve Termine,552630,BUONI POLIENNALI DEL TES BTPS 2.55 02/25/27,0.034584418607804,0.0,OB ,SOVEREIGN,IT0005633794,,YS9432586 Govt,IT ,EUR,0.262564,B,11/5/2025
20251105,A81,Etica Obbligazionario Breve Termine,574251,AUSTRIAN T-BILL RATB 0 03/26/26,0.033976935089881,0.0,OB ,SOVEREIGN,AT0000A3MUC3,,YK2495496 Govt,AT ,EUR,0.262564,A,11/5/2025
20251105,A81,Etica Obbligazionario Breve Termine,164723,EUR,0.015150489122493,0.0,LQ ,CASH,,,EUR,5A ,EUR,0.262564,,11/5/2025
20251105,A81,Etica Obbligazionario Breve Termine,242517,FRANCE (GOVT OF) FRTR 1 11/25/25,0.004315962928192,0.0,OB ,SOVEREIGN,FR0012938116,,UV7155053 Govt,FR ,EUR,0.262564,A,11/5/2025
20251105,A81,Etica Obbligazionario Breve Termine,406011,ERG SPA ERGIM 0 1/2 09/11/27,0.001977714352215,0.0,OB ,UTILITY,XS2229434852,,ZO3431582 Corp,IT ,EUR,0.262564,NR,11/5/2025
20251105,A81,Etica Obbligazionario Breve Termine,540611,BUNDESOBLIGATION OBL 2 1/2 10/11/29,0.001735267296299,0.0,OB ,SOVEREIGN,DE000BU25034,,YW3193078 Govt,DE ,EUR,0.262564,A,11/5/2025
20251105,A81,Etica Obbligazionario Breve Termine,496185,BUNDESOBLIGATION OBL 1.3 10/15/27,0.00169153595662,0.0,OB ,SOVEREIGN,DE0001030740,,BY5766682 Govt,DE ,EUR,0.262564,A,11/5/2025
20251105,A81,Etica Obbligazionario Breve Termine,443609,ORANGE SA ORAFP 1 3/4 PERP,0.001639476174402,0.0,OB ,INDUSTRIAL,FR00140005L7,,ZO8379513 Corp,FR ,EUR,0.262564,B,11/5/2025
20251105,A81,Etica Obbligazionario Breve Termine,235231,ORANGE SA ORAFP 5 PERP,0.000985786906595,0.0,OB ,INDUSTRIAL,XS1115498260,,EK5085239 Corp,FR ,EUR,0.262564,B,11/5/2025
20251105,A81,Etica Obbligazionario Breve Termine,15530,BUNDESREPUB. DEUTSCHLAND DBR 4 3/4 07/04/28,0.000929236078068,0.0,OB ,SOVEREIGN,DE0001135085,,EC0518513 Govt,DE ,EUR,0.262564,A,11/5/2025
20251105,A81,Etica Obbligazionario Breve Termine,172066,ALLINEAMENTO NAV,0.000188560079066,0.0,OT ,CASH,,,ALLINEAMENTO NAV,5A ,EUR,0.262564,,11/5/2025
20251105,A81,Etica Obbligazionario Breve Termine,164724,GBP,0.000066292261423,0.0,LQ ,CASH,,,GBP,GB ,GBP,0.262564,,11/5/2025
20251105,A81,Etica Obbligazionario Breve Termine,164955,CHF,0.000060197653825,0.0,LQ ,CASH,,,CHF,CH ,CHF,0.262564,,11/5/2025
20251105,A81,Etica Obbligazionario Breve Termine,164727,USD,0.000050570981046,0.0,LQ ,CASH,,,USD,US ,USD,0.262564,,11/5/2025
20251105,A81,Etica Obbligazionario Breve Termine,461447,FRANCE (GOVT OF) FRTR 0 02/25/27,0.0,0.01849955621626,OB ,SOVEREIGN,FR0014003513,,BP1321176 Govt,FR ,EUR,0.262564,A,11/5/2025
20251105,A81,Etica Obbligazionario Breve Termine,556715,FRANCE (GOVT OF) FRTR 2.4 09/24/28,0.0,0.016753807553686,OB ,SOVEREIGN,FR001400XLW2,,YR5532134 Govt,FR ,EUR,0.262564,A,11/5/2025
20251105,A81,Etica Obbligazionario Breve Termine,238514,FRANCE (GOVT OF) FRTR 0 1/4 11/25/26,0.0,0.015402376534968,OB ,SOVEREIGN,FR0013200813,,QZ3583536 Govt,FR ,EUR,0.262564,A,11/5/2025
20251105,A81,Etica Obbligazionario Breve Termine,528469,FRANCE (GOVT OF) FRTR 2 1/2 09/24/27,0.0,0.018526639804784,OB ,SOVEREIGN,FR001400NBC6,,ZF3221552 Govt,FR ,EUR,0.262564,A,11/5/2025
20251105,A81,Etica Obbligazionario Breve Termine,195250,FRANCE (GOVT OF) FRTR 2 3/4 10/25/27,0.0,0.025942293951835,OB ,SOVEREIGN,FR0011317783,,EJ3468919 Govt,FR ,EUR,0.262564,A,11/5/2025
20251105,A81,Etica Obbligazionario Breve Termine,491786,FRANCE (GOVT OF) FRTR 0 3/4 02/25/28,0.0,0.020772404270548,OB ,SOVEREIGN,FR001400AIN5,,BW5677461 Govt,FR ,EUR,0.262564,A,11/5/2025
20251105,A81,Etica Obbligazionario Breve Termine,514985,BUNDESOBLIGATION OBL 2.4 10/19/28,0.0,0.012355508703141,OB ,SOVEREIGN,DE000BU25018,,ZK8854448 Govt,DE ,EUR,0.262564,A,11/5/2025
20251105,A81,Etica Obbligazionario Breve Termine,314764,FRANCE (GOVT OF) FRTR 0 3/4 05/25/28,0.0,0.026901663690658,OB ,SOVEREIGN,FR0013286192,,AP3656380 Govt,FR ,EUR,0.262564,A,11/5/2025
20251105,A81,Etica Obbligazionario Breve Termine,300380,FRANCE (GOVT OF) FRTR 1 05/25/27,0.0,0.018075585181415,OB ,SOVEREIGN,FR0013250560,,AN0904697 Govt,FR ,EUR,0.262564,A,11/5/2025
20251105,A81,Etica Obbligazionario Breve Termine,212460,FRANCE (GOVT OF) FRTR 2 1/2 09/24/26,0.0,0.013456023578646,OB ,SOVEREIGN,FR001400FYQ4,,ZL0049946 Govt,FR ,EUR,0.262564,A,11/5/2025
20251105,A81,Etica Obbligazionario Breve Termine,164736,DEBITI COMPENSO REVISIONE,-0.000011011700413,0.0,CD ,CASH,,,DEBITI COMPENSO REVISIONE,5A ,EUR,0.262564,,11/5/2025
20251105,A81,Etica Obbligazionario Breve Termine,164730,DEBITI COMMISSIONE DEPOSITARIA,-0.000052110642204,0.0,CD ,CASH,,,DEBITI COMMISSIONE DEPOSITARIA,5A ,EUR,0.262564,,11/5/2025
20251105,A81,Etica Obbligazionario Breve Termine,164733,DEBITI COMMISSIONE GESTIONE,-0.000098454836667,0.0,CD ,CASH,,,DEBITI COMMISSIONE GESTIONE,5A ,EUR,0.262564,,11/5/2025
20251105,A81,Etica Obbligazionario Breve Termine,179420,DEBITI COMMISSIONE AMMINISTRAZIONE,-0.000600011241303,0.0,CD ,CASH,,,DEBITI COMMISSIONE AMMINISTRAZIONE,5A ,EUR,0.262564,,11/5/2025
20251105,A82,Etica Obbligazionario Misto,535701,BUNDESOBLIGATION OBL 2.1 04/12/29,0.065430274751419,0.0,OB ,SOVEREIGN,DE000BU35025,,ZB6879496 Govt,DE ,EUR,0.76404,A,11/5/2025
20251105,A82,Etica Obbligazionario Misto,510744,BUNDESREPUB. DEUTSCHLAND DBR 2.3 02/15/33,0.061960487456196,0.0,OB ,SOVEREIGN,DE000BU3Z005,,ZK3512736 Govt,DE ,EUR,0.76404,A,11/5/2025
20251105,A82,Etica Obbligazionario Misto,28895,FUT_EUR (Nozionale),0.059108953699127,0.0,NB ,CASH,,,FUT_EUR (Nozionale),5A ,EUR,0.76404,,11/5/2025
20251105,A82,Etica Obbligazionario Misto,212675,BUONI POLIENNALI DEL TES BTPS 4.05 10/30/37,0.039186383072073,0.0,OB ,SOVEREIGN,IT0005596470,,YX0762808 Govt,IT ,EUR,0.76404,B,11/5/2025
20251105,A82,Etica Obbligazionario Misto,510414,REPUBLIC OF AUSTRIA RAGB 2.9 05/23/29,0.037747642360036,0.0,OB ,SOVEREIGN,AT0000A33SH3,,ZK2454146 Govt,AT ,EUR,0.76404,A,11/5/2025
20251105,A82,Etica Obbligazionario Misto,292486,FRANCE (GOVT OF) FRTR 1 3/4 06/25/39,0.035011201747368,0.0,OB ,SOVEREIGN,FR0013234333,,AL9974240 Govt,FR ,EUR,0.76404,A,11/5/2025
20251105,A82,Etica Obbligazionario Misto,496185,BUNDESOBLIGATION OBL 1.3 10/15/27,0.033057954282751,0.0,OB ,SOVEREIGN,DE0001030740,,BY5766682 Govt,DE ,EUR,0.76404,A,11/5/2025
20251105,A82,Etica Obbligazionario Misto,571738,BUONI POLIENNALI DEL TES BTPS 3 1/4 11/15/32,0.031815728714395,0.0,OB ,SOVEREIGN,IT0005668220,,YL7910596 Govt,IT ,EUR,0.76404,B,11/5/2025
20251105,A82,Etica Obbligazionario Misto,578009,BUONI POLIENNALI DEL TES BTPS 3.45 02/01/36,0.030834871522785,0.0,OB ,SOVEREIGN,IT0005676504,,YJ6499398 Govt,IT ,EUR,0.76404,B,11/5/2025
20251105,A82,Etica Obbligazionario Misto,556680,FRANCE (GOVT OF) FRTR 3.2 05/25/35,0.030333789736574,0.0,OB ,SOVEREIGN,FR001400X8V5,,YR1561277 Govt,FR ,EUR,0.76404,A,11/5/2025
20251105,A82,Etica Obbligazionario Misto,509810,BUONI POLIENNALI DEL TES BTPS 4 10/30/31,0.030047652886201,0.0,OB ,SOVEREIGN,IT0005542359,,ZK0285476 Govt,IT ,EUR,0.76404,B,11/5/2025
20251105,A82,Etica Obbligazionario Misto,442342,BUNDESREPUB. DEUTSCHLAND DBR 0 08/15/30,0.029179472901627,0.0,OB ,SOVEREIGN,DE0001030708,,ZO2919926 Govt,DE ,EUR,0.76404,A,11/5/2025
20251105,A82,Etica Obbligazionario Misto,406188,BONOS Y OBLIG DEL ESTADO SPGB 1 07/30/42,0.023658674771156,0.0,OB ,SOVEREIGN,ES0000012J07,,BR3246377 Govt,ES ,EUR,0.76404,A,11/5/2025
20251105,A82,Etica Obbligazionario Misto,5650,BUONI POLIENNALI DEL TES BTPS 3.6 10/01/35,0.022453923959894,0.0,OB ,SOVEREIGN,IT0005648149,,YP9041896 Govt,IT ,EUR,0.76404,B,11/5/2025
20251105,A82,Etica Obbligazionario Misto,571126,AUSTRIAN T-BILL RATB 0 11/27/25,0.021979509051661,0.0,OB ,SOVEREIGN,AT0000A3MUA7,,YL5192205 Govt,AT ,EUR,0.76404,A,11/5/2025
20251105,A82,Etica Obbligazionario Misto,164723,EUR,0.019006523217314,0.0,LQ ,CASH,,,EUR,5A ,EUR,0.76404,,11/5/2025
20251105,A82,Etica Obbligazionario Misto,405974,BUONI POLIENNALI DEL TES BTPS 1.65 12/01/30,0.018987235710759,0.0,OB ,SOVEREIGN,IT0005413171,,BJ8379114 Govt,IT ,EUR,0.76404,B,11/5/2025
20251105,A82,Etica Obbligazionario Misto,406149,CAISSE D'AMORT DETTE SOC CADES 0 11/25/26,0.017554647993893,0.0,OB ,Quasi & Foreign Government,FR0014004016,,BP9677991 Govt,FR ,EUR,0.76404,A,11/5/2025
20251105,A82,Etica Obbligazionario Misto,51091,BONOS Y OBLIG DEL ESTADO SPGB 0.8 07/30/27,0.017267962445695,0.0,OB ,SOVEREIGN,ES0000012G26,,BH2918028 Govt,ES ,EUR,0.76404,A,11/5/2025
20251105,A82,Etica Obbligazionario Misto,344928,IRELAND GOVERNMENT BOND IRISH 1.35 03/18/31,0.016814578724452,0.0,OB ,SOVEREIGN,IE00BFZRQ242,,AU9204705 Govt,IE ,EUR,0.76404,A,11/5/2025
20251105,A82,Etica Obbligazionario Misto,239153,BUNDESREPUB. DEUTSCHLAND DBR 0 08/15/31,0.015435602764924,0.0,OB ,SOVEREIGN,DE0001030732,,BR2433760 Govt,DE ,EUR,0.76404,A,11/5/2025
20251105,A82,Etica Obbligazionario Misto,128479,BELGIUM KINGDOM BGB 3.3 06/22/54,0.015363713184591,0.0,OB ,SOVEREIGN,BE0000358672,,ZL0747895 Govt,BE ,EUR,0.76404,A,11/5/2025
20251105,A82,Etica Obbligazionario Misto,185030,NETHERLANDS GOVERNMENT NETHER 0 1/2 01/15/40,0.013683422847543,0.0,OB ,SOVEREIGN,NL0013552060,,ZS0947771 Govt,NL ,EUR,0.76404,A,11/5/2025
20251105,A82,Etica Obbligazionario Misto,406148,AGENCE FRANCAISE DEVELOP AGFRNC 0.01 11/25/28,0.013025458598097,0.0,OB ,Quasi & Foreign Government,FR0014003YN1,,BP9619894 Govt,FR ,EUR,0.76404,A,11/5/2025
20251105,A82,Etica Obbligazionario Misto,560705,FRANCE (GOVT OF) FRTR 2.7 02/25/31,0.0116037335562,0.0,OB ,SOVEREIGN,FR001400Z2L7,,YP4842306 Govt,FR ,EUR,0.76404,A,11/5/2025
20251105,A82,Etica Obbligazionario Misto,237713,BUONI POLIENNALI DEL TES BTPS 4 04/30/35,0.010439569116138,0.0,OB ,SOVEREIGN,IT0005508590,,BY8794178 Govt,IT ,EUR,0.76404,B,11/5/2025
20251105,A82,Etica Obbligazionario Misto,462761,BUNDESREPUB. DEUTSCHLAND DBR 0 08/15/50,0.010193376981575,0.0,OB ,SOVEREIGN,DE0001030724,,BP4742659 Govt,DE ,EUR,0.76404,A,11/5/2025
20251105,A82,Etica Obbligazionario Misto,504096,NEDER WATERSCHAPSBANK NEDWBK 2 3/4 12/17/29,0.009116614848938,0.0,OB ,Quasi & Foreign Government,XS2579321337,,ZM4811604 Govt,NL ,EUR,0.76404,A,11/5/2025
20251105,A82,Etica Obbligazionario Misto,3458,NVIDIA CORP,0.008404470966662,0.005843136,AZ ,Information Technology,US67066G1040,2379504,NVDA US Equity,US ,USD,0.76404,,11/5/2025
20251105,A82,Etica Obbligazionario Misto,481243,CAISSE D'AMORT DETTE SOC CADES 0.45 01/19/32,0.008140005946538,0.0,OB ,Quasi & Foreign Government,FR0014007RB1,,BT4620824 Govt,FR ,EUR,0.76404,A,11/5/2025
20251105,A82,Etica Obbligazionario Misto,504092,EDP SA EDPPL 5.943 04/23/2083,0.007670033031648,0.0,OB ,UTILITY,PTEDP4OM0025,,ZM4793893 Corp,PT ,EUR,0.76404,C,11/5/2025
20251105,A82,Etica Obbligazionario Misto,498660,KONINKLIJKE KPN NV KPN 6 PERP,0.007295974237365,0.0,OB ,INDUSTRIAL,XS2486270858,,BZ0016577 Corp,NL ,EUR,0.76404,C,11/5/2025
20251105,A82,Etica Obbligazionario Misto,335490,LANDWIRTSCH. RENTENBANK RENTEN 0 06/30/31,0.006850969009744,0.0,OB ,Quasi & Foreign Government,XS2359292955,,BQ1979823 Corp,DE ,EUR,0.76404,A,11/5/2025
20251105,A82,Etica Obbligazionario Misto,335961,REPUBLIC OF AUSTRIA RAGB 2.9 02/20/34,0.006754838398871,0.0,OB ,SOVEREIGN,AT0000A39UW5,,ZF4061056 Govt,AT ,EUR,0.76404,A,11/5/2025
20251105,A82,Etica Obbligazionario Misto,335524,AGENCE FRANCAISE DEVELOP AGFRNC 0 1/8 09/29/31,0.006640323057642,0.0,OB ,Quasi & Foreign Government,FR0014005NA6,,BR5562094 Govt,FR ,EUR,0.76404,A,11/5/2025
20251105,A82,Etica Obbligazionario Misto,454914,BUONI POLIENNALI DEL TES BTPS 1 1/2 04/30/45,0.006473918807228,0.0,OB ,SOVEREIGN,IT0005438004,,BO3833387 Govt,IT ,EUR,0.76404,B,11/5/2025
20251105,A82,Etica Obbligazionario Misto,427990,BONOS Y OBLIG DEL ESTADO SPGB 1 1/4 10/31/30,0.00579478785975,0.0,OB ,SOVEREIGN,ES0000012G34,,BJ0516218 Govt,ES ,EUR,0.76404,A,11/5/2025
20251105,A82,Etica Obbligazionario Misto,433678,BONOS Y OBLIG DEL ESTADO SPGB 1.2 10/31/40,0.005750061224445,0.0,OB ,SOVEREIGN,ES0000012G42,,BJ9478998 Govt,ES ,EUR,0.76404,A,11/5/2025
20251105,A82,Etica Obbligazionario Misto,459171,EUROPEAN UNION EU 0.2 06/04/36,0.005715471918746,0.0,OB ,Quasi & Foreign Government,EU000A3KM903,,BO4675365 Govt,SNA,EUR,0.76404,A,11/5/2025
20251105,A82,Etica Obbligazionario Misto,335696,BELGIUM KINGDOM BGB 2 3/4 04/22/39,0.005648369908236,0.0,OB ,SOVEREIGN,BE0000356650,,BZ0281957 Govt,BE ,EUR,0.76404,A,11/5/2025
20251105,A82,Etica Obbligazionario Misto,212348,EDP SA EDPPL 1 1/2 03/14/2082,0.00547883488365,0.0,OB ,UTILITY,PTEDPXOM0021,,BR3181418 Corp,PT ,EUR,0.76404,C,11/5/2025
20251105,A82,Etica Obbligazionario Misto,335439,FRANCE (GOVT OF) FRTR 0 1/2 06/25/44,0.005454664455798,0.0,OB ,SOVEREIGN,FR0014002JM6,,BO6060129 Govt,FR ,EUR,0.76404,A,11/5/2025
20251105,A82,Etica Obbligazionario Misto,237094,BONOS Y OBLIG DEL ESTADO SPGB 3.45 07/30/66,0.005441169317997,0.0,OB ,SOVEREIGN,ES00000128E2,,LW0882867 Govt,ES ,EUR,0.76404,A,11/5/2025
20251105,A82,Etica Obbligazionario Misto,510999,COUNCIL OF EUROPE COE 2 7/8 04/13/30,0.005438551033789,0.0,OB ,Quasi & Foreign Government,XS2610236528,,ZK0252484 Corp,SNA,EUR,0.76404,A,11/5/2025
20251105,A82,Etica Obbligazionario Misto,335644,CAISSE D'AMORT DETTE SOC CADES 1 1/2 05/25/32,0.005252492498411,0.0,OB ,Quasi & Foreign Government,FR001400A3H2,,BW1169877 Govt,FR ,EUR,0.76404,A,11/5/2025
20251105,A82,Etica Obbligazionario Misto,492477,BONOS Y OBLIG DEL ESTADO SPGB 2.55 10/31/32,0.005196238007318,0.0,OB ,SOVEREIGN,ES0000012K61,,BX0275376 Govt,ES ,EUR,0.76404,A,11/5/2025
20251105,A82,Etica Obbligazionario Misto,49992,BONOS Y OBLIG DEL ESTADO SPGB 4.9 07/30/40,0.005124926767025,0.0,OB ,SOVEREIGN,ES00000120N0,,EG5611157 Govt,ES ,EUR,0.76404,A,11/5/2025
20251105,A82,Etica Obbligazionario Misto,492162,KOMMUNEKREDIT KOMMUN 1 1/2 05/16/29,0.005073182935714,0.0,OB ,Quasi & Foreign Government,XS2489343793,,BW8977538 Govt,DK ,EUR,0.76404,A,11/5/2025
20251105,A82,Etica Obbligazionario Misto,411899,Etica Sustainable Global Equity - Class S,0.004712886402411,0.0,FO ,No Sector,LU2052491334,,MUSGESE LX Equity,DEV,MUL,0.76404,,11/5/2025
20251105,A82,Etica Obbligazionario Misto,406118,CAISSE FRANCAISE DE FIN CAFFIL 0.01 04/27/29,0.004428262968438,0.0,OB ,Covered,FR00140033E4,,BP1529455 Govt,FR ,EUR,0.76404,A,11/5/2025
20251105,A82,Etica Obbligazionario Misto,567423,BUONI POLIENNALI DEL TES BTPS 2.1 08/26/27,0.004412411107296,0.0,OB ,SOVEREIGN,IT0005657330,,YN6216934 Govt,IT ,EUR,0.76404,B,11/5/2025
20251105,A82,Etica Obbligazionario Misto,414446,TELEFONICA EUROPE BV TELEFO 2.502 PERP,0.004390061475404,0.0,OB ,INDUSTRIAL,XS2109819859,,ZP7077248 Corp,ES ,EUR,0.76404,C,11/5/2025
20251105,A82,Etica Obbligazionario Misto,405921,Etica Sustainable Dynamic Allocation - Class S,0.004061135629515,0.0,FO ,No Sector,LU2052490872,,MUSDASE LX Equity,DEV,MUL,0.76404,,11/5/2025
20251105,A82,Etica Obbligazionario Misto,336003,TELEFONICA EUROPE BV TELEFO 5.7522 PERP,0.003847887948146,0.0,OB ,INDUSTRIAL,XS2755535577,,ZD4852251 Corp,ES ,EUR,0.76404,C,11/5/2025
20251105,A82,Etica Obbligazionario Misto,237464,INFINEON TECHNOLOGIES AG IFXGR 3 5/8 PERP,0.00361839454613,0.0,OB ,INDUSTRIAL,XS2056730679,,ZR7968624 Corp,DE ,EUR,0.76404,B,11/5/2025
20251105,A82,Etica Obbligazionario Misto,534121,TERNA RETE ELETTRICA TRNIM 4 3/4 PERP,0.003557097762828,0.0,OB ,UTILITY,XS2798269069,,ZB2049300 Corp,IT ,EUR,0.76404,B,11/5/2025
20251105,A82,Etica Obbligazionario Misto,239132,REPUBLIKA SLOVENIJA SLOREP 0 1/8 07/01/31,0.003387786128596,0.0,OB ,SOVEREIGN,SI0002104196,,BQ1964585 Govt,SI ,EUR,0.76404,A,11/5/2025
20251105,A82,Etica Obbligazionario Misto,389755,Etica Sustainable Conservative Allocation - Class S,0.003260147770265,0.0,FO ,No Sector,LU2052490286,,MUSCASS LX Equity,5A ,EUR,0.76404,,11/5/2025
20251105,A82,Etica Obbligazionario Misto,128682,BUONI POLIENNALI DEL TES BTPS 3.85 02/01/35,0.003196662092421,0.0,OB ,SOVEREIGN,IT0005607970,,YW6730231 Govt,IT ,EUR,0.76404,B,11/5/2025
20251105,A82,Etica Obbligazionario Misto,65876,VISA INC-CLASS A SHARES,0.003182259848262,0.0,AZ ,Financials,US92826C8394,B2PZN04,V US Equity,US ,USD,0.76404,,11/5/2025
20251105,A82,Etica Obbligazionario Misto,405993,SSE PLC SSELN 3 1/8 PERP,0.003106549898597,0.0,OB ,UTILITY,XS2195190520,,BK2936866 Corp,GB ,EUR,0.76404,B,11/5/2025
20251105,A82,Etica Obbligazionario Misto,432910,SSE PLC SSELN 3.74 PERP,0.003048763227093,0.0,OB ,UTILITY,XS2195190876,,BK2909863 Corp,GB ,GBP,0.76404,B,11/5/2025
20251105,A82,Etica Obbligazionario Misto,45465,MASTERCARD INC - A,0.002970211074799,0.0,AZ ,Financials,US57636Q1040,B121557,MA US Equity,US ,USD,0.76404,,11/5/2025
20251105,A82,Etica Obbligazionario Misto,164727,USD,0.0029168365784,0.0,LQ ,CASH,,,USD,US ,USD,0.76404,,11/5/2025
20251105,A82,Etica Obbligazionario Misto,504076,TELEFONICA EUROPE BV TELEFO 6.135 PERP,0.002916818509674,0.0,OB ,INDUSTRIAL,XS2582389156,,ZM6546588 Corp,ES ,EUR,0.76404,C,11/5/2025
20251105,A82,Etica Obbligazionario Misto,335766,NOKIA OYJ NOKIA 4 3/8 08/21/31,0.002792079094872,0.0,OB ,INDUSTRIAL,XS2488809612,,ZM9740188 Corp,FI ,EUR,0.76404,C,11/5/2025
20251105,A82,Etica Obbligazionario Misto,554,ORACLE CORP,0.002671439362153,0.0,AZ ,Information Technology,US68389X1054,2661568,ORCL US Equity,US ,USD,0.76404,,11/5/2025
20251105,A82,Etica Obbligazionario Misto,51209,TELEFONICA EUROPE BV TELEFO 7 1/8 PERP,0.002557293017218,0.0,OB ,INDUSTRIAL,XS2462605671,,ZN3747385 Corp,ES ,EUR,0.76404,C,11/5/2025
20251105,A82,Etica Obbligazionario Misto,335356,TAKEDA PHARMACEUTICAL TACHEM 1 07/09/29,0.00247492327675,0.0,OB ,INDUSTRIAL,XS2197348597,,BK2909210 Corp,JP ,EUR,0.76404,B,11/5/2025
20251105,A82,Etica Obbligazionario Misto,500911,ORSTED A/S ORSTED 5 1/4 12/08/3022,0.002352374314288,0.0,OB ,UTILITY,XS2563353361,,ZN6806667 Corp,DK ,EUR,0.76404,C,11/5/2025
20251105,A82,Etica Obbligazionario Misto,406189,ERG SPA ERGIM 0 7/8 09/15/31,0.00232641031238,0.0,OB ,UTILITY,XS2386650274,,BR3380614 Corp,IT ,EUR,0.76404,NR,11/5/2025
20251105,A82,Etica Obbligazionario Misto,496325,INTEL CORP INTC 4.15 08/05/32,0.002232685631982,0.0,OB ,INDUSTRIAL,US458140CA64,,BY2217838 Corp,US ,USD,0.76404,B,11/5/2025
20251105,A82,Etica Obbligazionario Misto,239100,FORVIA SE EOFP 2 3/8 06/15/29,0.002135564321593,0.0,OB ,INDUSTRIAL,XS2312733871,,BO6324905 Corp,FR ,EUR,0.76404,C,11/5/2025
20251105,A82,Etica Obbligazionario Misto,443609,ORANGE SA ORAFP 1 3/4 PERP,0.002107930383942,0.0,OB ,INDUSTRIAL,FR00140005L7,,ZO8379513 Corp,FR ,EUR,0.76404,B,11/5/2025
20251105,A82,Etica Obbligazionario Misto,406011,ERG SPA ERGIM 0 1/2 09/11/27,0.002034251788539,0.0,OB ,UTILITY,XS2229434852,,ZO3431582 Corp,IT ,EUR,0.76404,NR,11/5/2025
20251105,A82,Etica Obbligazionario Misto,405955,NOKIA OYJ NOKIA 3 1/8 05/15/28,0.001802696008267,0.0,OB ,INDUSTRIAL,XS2171872570,,BJ3268486 Corp,FI ,EUR,0.76404,C,11/5/2025
20251105,A82,Etica Obbligazionario Misto,239013,KLEPIERRE SA LIFP 2 05/12/29,0.001726234177824,0.0,OB ,INDUSTRIAL,FR0013512233,,BJ2958731 Corp,FR ,EUR,0.76404,A,11/5/2025
20251105,A82,Etica Obbligazionario Misto,237336,OBRIGACOES DO TESOURO PGB 2 1/4 04/18/34,0.001698179299593,0.0,OB ,SOVEREIGN,PTOTEWOE0017,,AS1769569 Govt,PT ,EUR,0.76404,A,11/5/2025
20251105,A82,Etica Obbligazionario Misto,454000,ORSTED A/S ORSTED 1 1/2 02/18/3021,0.00151100476297,0.0,OB ,UTILITY,XS2293075680,,BO0165460 Corp,DK ,EUR,0.76404,C,11/5/2025
20251105,A82,Etica Obbligazionario Misto,201018,ABBVIE INC,0.001476235095657,0.0,AZ ,Health Care,US00287Y1091,B92SR70,ABBV US Equity,US ,USD,0.76404,,11/5/2025
20251105,A82,Etica Obbligazionario Misto,335600,BONOS Y OBLIG DEL ESTADO SPGB 1.9 10/31/52,0.001466093312676,0.0,OB ,SOVEREIGN,ES0000012K46,,BU3617661 Govt,ES ,EUR,0.76404,A,11/5/2025
20251105,A82,Etica Obbligazionario Misto,335546,FORVIA SE EOFP 2 3/4 02/15/27,0.001465592167372,0.0,OB ,INDUSTRIAL,XS2405483301,,BS2687603 Corp,FR ,EUR,0.76404,C,11/5/2025
20251105,A82,Etica Obbligazionario Misto,300,HOME DEPOT INC,0.001465406956333,0.0,AZ ,Consumer Discretionary,US4370761029,2434209,HD US Equity,US ,USD,0.76404,,11/5/2025
20251105,A82,Etica Obbligazionario Misto,577,APPLIED MATERIALS INC,0.00145360153042,0.0,AZ ,Information Technology,US0382221051,2046552,AMAT US Equity,US ,USD,0.76404,,11/5/2025
20251105,A82,Etica Obbligazionario Misto,237571,OBRIGACOES DO TESOURO PGB 1 04/12/52,0.001442658545114,0.0,OB ,SOVEREIGN,PTOTECOE0037,,BN8909473 Govt,PT ,EUR,0.76404,A,11/5/2025
20251105,A82,Etica Obbligazionario Misto,212828,PRYSMIAN SPA PRYIM 3 7/8 11/28/31,0.001408315319089,0.0,OB ,INDUSTRIAL,XS2948434266,,YT3439742 Corp,IT ,EUR,0.76404,B,11/5/2025
20251105,A82,Etica Obbligazionario Misto,427,PROCTER & GAMBLE CO/THE,0.001324807284108,0.0,AZ ,Consumer Staples,US7427181091,2704407,PG US Equity,US ,USD,0.76404,,11/5/2025
20251105,A82,Etica Obbligazionario Misto,2839,ASML HOLDING NV,0.001291019515178,0.0,AZ ,Information Technology,NL0010273215,B929F46,ASML NA Equity,NL ,EUR,0.76404,,11/5/2025
20251105,A82,Etica Obbligazionario Misto,407318,ORSTED A/S ORSTED 1 3/4 12/09/3019,0.001284115897791,0.0,OB ,UTILITY,XS2010036874,,ZQ8044799 Corp,DK ,EUR,0.76404,C,11/5/2025
20251105,A82,Etica Obbligazionario Misto,212398,TELIA COMPANY AB TELIAS 2 3/4 06/30/2083,0.001241158078956,0.0,OB ,INDUSTRIAL,XS2443749648,,BV4439170 Corp,SE ,EUR,0.76404,B,11/5/2025
20251105,A82,Etica Obbligazionario Misto,170146,EUR C/MARGINI,0.001229550555315,0.0,OT ,CASH,,,EUR C/MARGINI,5A ,EUR,0.76404,,11/5/2025
20251105,A82,Etica Obbligazionario Misto,480,TEXAS INSTRUMENTS INC,0.001229178733856,0.0,AZ ,Information Technology,US8825081040,2885409,TXN US Equity,US ,USD,0.76404,,11/5/2025
20251105,A82,Etica Obbligazionario Misto,212462,ORSTED A/S ORSTED 3 3/4 03/01/30,0.001195453338555,0.0,OB ,UTILITY,XS2591029876,,ZL2347488 Corp,DK ,EUR,0.76404,B,11/5/2025
20251105,A82,Etica Obbligazionario Misto,705,LAM RESEARCH CORP,0.001189433231688,0.0,AZ ,Information Technology,US5128073062,BSML4N7,LRCX US Equity,US ,USD,0.76404,,11/5/2025
20251105,A82,Etica Obbligazionario Misto,23568,SALESFORCE INC,0.001170825066973,0.0,AZ ,Information Technology,US79466L3024,2310525,CRM US Equity,US ,USD,0.76404,,11/5/2025
20251105,A82,Etica Obbligazionario Misto,222389,MONCLER SPA,0.001153587502672,0.0,AZ ,Consumer Discretionary,IT0004965148,BGLP232,MONC IM Equity,IT ,EUR,0.76404,,11/5/2025
20251105,A82,Etica Obbligazionario Misto,221482,SERVICENOW INC,0.001139681307962,0.0,AZ ,Information Technology,US81762P1021,B80NXX8,NOW US Equity,US ,USD,0.76404,,11/5/2025
20251105,A82,Etica Obbligazionario Misto,536433,EDP SA EDPPL 4 3/4 05/29/54,0.001118154265148,0.0,OB ,UTILITY,PTEDPZOM0011,,YX2446822 Corp,PT ,EUR,0.76404,C,11/5/2025
20251105,A82,Etica Obbligazionario Misto,756,QUALCOMM INC,0.001103773161311,0.0,AZ ,Information Technology,US7475251036,2714923,QCOM US Equity,US ,USD,0.76404,,11/5/2025
20251105,A82,Etica Obbligazionario Misto,476847,MICRON TECHNOLOGY INC MU 2.703 04/15/32,0.001089858279883,0.0,OB ,INDUSTRIAL,US595112BS19,,BS0168275 Corp,US ,USD,0.76404,B,11/5/2025
20251105,A82,Etica Obbligazionario Misto,1706,TELECOM ITALIA SPA,0.001068368333845,0.0,AZ ,Communication Services,IT0003497168,7634394,TIT IM Equity,IT ,EUR,0.76404,,11/5/2025
20251105,A82,Etica Obbligazionario Misto,214,DANAHER CORP,0.001063183243255,0.0,AZ ,Health Care,US2358511028,2250870,DHR US Equity,US ,USD,0.76404,,11/5/2025
20251105,A82,Etica Obbligazionario Misto,423,NEW LINDE PLC,0.001035653290989,0.0,AZ ,Materials,IE000S9YS762,BNZHB81,LIN US Equity,US ,USD,0.76404,,11/5/2025
20251105,A82,Etica Obbligazionario Misto,363,MERCK & CO. INC.,0.001030437493247,0.0,AZ ,Health Care,US58933Y1055,2778844,MRK US Equity,US ,USD,0.76404,,11/5/2025
20251105,A82,Etica Obbligazionario Misto,360,MEDTRONIC PLC,0.001029041941621,0.0,AZ ,Health Care,IE00BTN1Y115,BTN1Y11,MDT US Equity,US ,USD,0.76404,,11/5/2025
20251105,A82,Etica Obbligazionario Misto,2703,LONZA GROUP AG-REG,0.000978736611464,0.0,AZ ,Health Care,CH0013841017,7333378,LONN SW Equity,CH ,CHF,0.76404,,11/5/2025
20251105,A82,Etica Obbligazionario Misto,216,DEERE & CO,0.000976884421863,0.0,AZ ,Industrials,US2441991054,2261203,DE US Equity,US ,USD,0.76404,,11/5/2025
20251105,A82,Etica Obbligazionario Misto,542,CISCO SYSTEMS INC,0.000964058381383,0.0,AZ ,Information Technology,US17275R1023,2198163,CSCO US Equity,US ,USD,0.76404,,11/5/2025
20251105,A82,Etica Obbligazionario Misto,451544,EDP SA EDPPL 1 7/8 08/02/2081,0.00096394244406,0.0,OB ,UTILITY,PTEDPROM0029,,BN7191719 Corp,PT ,EUR,0.76404,C,11/5/2025
20251105,A82,Etica Obbligazionario Misto,5574,ERG SPA ERGIM 4 1/8 07/03/30,0.000932028269087,0.0,OB ,UTILITY,XS2853679053,,YX9810210 Corp,IT ,EUR,0.76404,NR,11/5/2025
20251105,A82,Etica Obbligazionario Misto,128611,BRITISH TELECOMMUNICATIO BRITEL 5 1/8 10/03/54,0.000922863517463,0.0,OB ,INDUSTRIAL,XS2794589403,,ZB0014470 Corp,GB ,EUR,0.76404,C,11/5/2025
20251105,A82,Etica Obbligazionario Misto,1821,INTUIT INC,0.000905842020972,0.0,AZ ,Information Technology,US4612021034,2459020,INTU US Equity,US ,USD,0.76404,,11/5/2025
20251105,A82,Etica Obbligazionario Misto,358,S&P GLOBAL INC,0.000889109377661,0.0,AZ ,Financials,US78409V1044,BYV2325,SPGI US Equity,US ,USD,0.76404,,11/5/2025
20251105,A82,Etica Obbligazionario Misto,51536,RENAULT SA RENAUL 3 7/8 09/30/30,0.000884401123647,0.0,OB ,INDUSTRIAL,FR0014010DR1,,YK3273678 Corp,FR ,EUR,0.76404,C,11/5/2025
20251105,A82,Etica Obbligazionario Misto,4289,CRH PLC,0.000869036246785,0.0,SE ,Materials,IE0001827041,182704,CRH LN Equity,US ,USD,0.76404,,11/5/2025
20251105,A82,Etica Obbligazionario Misto,30976,NABTESCO CORP,0.00086635978709,0.0,AZ ,Industrials,JP3651210001,6687571,6268 JP Equity,JP ,JPY,0.76404,,11/5/2025
20251105,A82,Etica Obbligazionario Misto,2706,TRANE TECHNOLOGIES PLC,0.000860029774734,0.0,AZ ,Industrials,IE00BK9ZQ967,BK9ZQ96,TT US Equity,US ,USD,0.76404,,11/5/2025
20251105,A82,Etica Obbligazionario Misto,476807,SOCIETE FONCIERE LYONNAI FLYFP 0 1/2 04/21/28,0.000839498104838,0.0,OB ,INDUSTRIAL,FR00140060E7,,BR9645093 Corp,FR ,EUR,0.76404,B,11/5/2025
20251105,A82,Etica Obbligazionario Misto,397638,PROSUS NV,0.000828131327385,0.0,AZ ,Consumer Discretionary,NL0013654783,BJDS7L3,PRX NA Equity,NL ,EUR,0.76404,,11/5/2025
20251105,A82,Etica Obbligazionario Misto,549,INTEL CORP,0.00081604511013,0.0,AZ ,Information Technology,US4581401001,2463247,INTC US Equity,US ,USD,0.76404,,11/5/2025
20251105,A82,Etica Obbligazionario Misto,100,ABBOTT LABORATORIES,0.000804119856793,0.0,AZ ,Health Care,US0028241000,2002305,ABT US Equity,US ,USD,0.76404,,11/5/2025
20251105,A82,Etica Obbligazionario Misto,344,LOWE'S COS INC,0.000774532542917,0.0,AZ ,Consumer Discretionary,US5486611073,2536763,LOW US Equity,US ,USD,0.76404,,11/5/2025
20251105,A82,Etica Obbligazionario Misto,533,AMGEN INC,0.000737377786211,0.0,AZ ,Health Care,US0311621009,2023607,AMGN US Equity,US ,USD,0.76404,,11/5/2025
20251105,A82,Etica Obbligazionario Misto,164953,AUD,0.000719796713696,0.0,LQ ,CASH,,,AUD,AU ,AUD,0.76404,,11/5/2025
20251105,A82,Etica Obbligazionario Misto,783,SYNOPSYS INC,0.000716989847616,0.0,AZ ,Information Technology,US8716071076,2867719,SNPS US Equity,US ,USD,0.76404,,11/5/2025
20251105,A82,Etica Obbligazionario Misto,53583,LOGITECH INTERNATIONAL,0.000715900434594,0.0,SE ,Information Technology,CH0025751329,B1921K0,LOGI US Equity,CH ,CHF,0.76404,,11/5/2025
20251105,A82,Etica Obbligazionario Misto,497,UNION PACIFIC CORP,0.00070811371154,0.0,AZ ,Industrials,US9078181081,2914734,UNP US Equity,US ,USD,0.76404,,11/5/2025
20251105,A82,Etica Obbligazionario Misto,191474,PALO ALTO NETWORKS INC,0.000698354663423,0.0,AZ ,Information Technology,US6974351057,B87ZMX0,PANW US Equity,US ,USD,0.76404,,11/5/2025
20251105,A82,Etica Obbligazionario Misto,235231,ORANGE SA ORAFP 5 PERP,0.000691260008647,0.0,OB ,INDUSTRIAL,XS1115498260,,EK5085239 Corp,FR ,EUR,0.76404,B,11/5/2025
20251105,A82,Etica Obbligazionario Misto,236196,IMCD NV,0.000687366413891,0.0,AZ ,Industrials,NL0010801007,BNCBD46,IMCD NA Equity,NL ,EUR,0.76404,,11/5/2025
20251105,A82,Etica Obbligazionario Misto,133,AUTOMATIC DATA PROCESSING,0.000681572029677,0.0,AZ ,Industrials,US0530151036,2065308,ADP US Equity,US ,USD,0.76404,,11/5/2025
20251105,A82,Etica Obbligazionario Misto,18091,PROLOGIS INC,0.0006799585444,0.0,AZ ,Real Estate,US74340W1036,B44WZD7,PLD UN Equity,US ,USD,0.76404,,11/5/2025
20251105,A82,Etica Obbligazionario Misto,1285,KUBOTA CORP,0.000678540356261,0.0,AZ ,Industrials,JP3266400005,6497509,6326 JT Equity,JP ,JPY,0.76404,,11/5/2025
20251105,A82,Etica Obbligazionario Misto,149,VERIZON COMMUNICATIONS INC,0.000676512540054,0.0,AZ ,Communication Services,US92343V1044,2090571,VZ US Equity,US ,USD,0.76404,,11/5/2025
20251105,A82,Etica Obbligazionario Misto,3092,MTR CORP,0.000674108378607,0.0,AZ ,Industrials,HK0066009694,6290054,66 HK Equity,HK ,HKD,0.76404,,11/5/2025
20251105,A82,Etica Obbligazionario Misto,503621,A2A SPA AEMSPA 4 3/8 02/03/34,0.000672969494418,0.0,OB ,UTILITY,XS2583205906,,ZM7159977 Corp,IT ,EUR,0.76404,B,11/5/2025
20251105,A82,Etica Obbligazionario Misto,1258,KAO CORP,0.000669238817431,0.0,AZ ,Consumer Staples,JP3205800000,6483809,4452 JP Equity,JP ,JPY,0.76404,,11/5/2025
20251105,A82,Etica Obbligazionario Misto,494559,SSE PLC SSELN 2 7/8 08/01/29,0.000668535131657,0.0,OB ,UTILITY,XS2510903862,,BY0600829 Corp,GB ,EUR,0.76404,B,11/5/2025
20251105,A82,Etica Obbligazionario Misto,486,TJX COMPANIES INC,0.000666623481603,0.0,AZ ,Consumer Discretionary,US8725401090,2989301,TJX US Equity,US ,USD,0.76404,,11/5/2025
20251105,A82,Etica Obbligazionario Misto,559,STRYKER CORP,0.000664952991389,0.0,AZ ,Health Care,US8636671013,2853688,SYK UN Equity,US ,USD,0.76404,,11/5/2025
20251105,A82,Etica Obbligazionario Misto,1619,LOREAL SA,0.000652758018535,0.0,AZ ,Consumer Staples,FR0000120321,4057808,OR FP Equity,FR ,EUR,0.76404,,11/5/2025
20251105,A82,Etica Obbligazionario Misto,49402,SARTORIUS STEDIM BIOTECH,0.000647294187268,0.0,AZ ,Health Care,FR0013154002,BYZ2QP5,DIM FP Equity,FR ,EUR,0.76404,,11/5/2025
20251105,A82,Etica Obbligazionario Misto,125,ANALOG DEVICES INC,0.000643927058675,0.0,AZ ,Information Technology,US0326541051,2032067,ADI US Equity,US ,USD,0.76404,,11/5/2025
20251105,A82,Etica Obbligazionario Misto,2088,SAP SE,0.00064058547977,0.0,AZ ,Information Technology,DE0007164600,4846288,SAP GY Equity,DE ,EUR,0.76404,,11/5/2025
20251105,A82,Etica Obbligazionario Misto,348394,KNORR-BREMSE AG,0.000628873724313,0.0,AZ ,Industrials,DE000KBX1006,BD2P9X9,KBX GR Equity,DE ,EUR,0.76404,,11/5/2025
20251105,A82,Etica Obbligazionario Misto,1288,KURITA WATER INDUSTRIES LTD,0.000626780735718,0.0,AZ ,Industrials,JP3270000007,6497963,6370 JP Equity,JP ,JPY,0.76404,,11/5/2025
20251105,A82,Etica Obbligazionario Misto,233530,ZALANDO SE,0.000622058127056,0.0,AZ ,Consumer Discretionary,DE000ZAL1111,BQV0SV7,ZAL GR Equity,DE ,EUR,0.76404,,11/5/2025
20251105,A82,Etica Obbligazionario Misto,164954,CAD,0.000620912421988,0.0,LQ ,CASH,,,CAD,CA ,CAD,0.76404,,11/5/2025
20251105,A82,Etica Obbligazionario Misto,520,WESTERN DIGITAL CORP,0.000611125131036,0.0,AZ ,Information Technology,US9581021055,2954699,WDC US Equity,US ,USD,0.76404,,11/5/2025
20251105,A82,Etica Obbligazionario Misto,3760,ABB LTD,0.000610861581113,0.0,AZ ,Industrials,CH0012221716,7108899,ABBN SW Equity,CH ,CHF,0.76404,,11/5/2025
20251105,A82,Etica Obbligazionario Misto,531,ADOBE INC,0.000607071786917,0.0,AZ ,Information Technology,US00724F1012,2008154,ADBE US Equity,US ,USD,0.76404,,11/5/2025
20251105,A82,Etica Obbligazionario Misto,667,GILEAD SCIENCES INC,0.000588664780893,0.0,AZ ,Health Care,US3755581036,2369174,GILD US Equity,US ,USD,0.76404,,11/5/2025
20251105,A82,Etica Obbligazionario Misto,159,BOSTON SCIENTIFIC CORP,0.000586935050254,0.0,AZ ,Health Care,US1011371077,2113434,BSX US Equity,US ,USD,0.76404,,11/5/2025
20251105,A82,Etica Obbligazionario Misto,1658,ATLAS COPCO AB-A SHS,0.00058253041772,0.0,AZ ,Industrials,SE0017486889,BLDBN41,ATCOA SS Equity,SE ,SEK,0.76404,,11/5/2025
20251105,A82,Etica Obbligazionario Misto,1337,MURATA MANUFACTURING CO LTD,0.000581923491601,0.0,AZ ,Information Technology,JP3914400001,6610403,6981 JP Equity,JP ,JPY,0.76404,,11/5/2025
20251105,A82,Etica Obbligazionario Misto,2489,LENOVO GROUP LTD,0.000580985396456,0.0,AZ ,Information Technology,HK0992009065,6218089,992 HK Equity,CN ,CNY,0.76404,,11/5/2025
20251105,A82,Etica Obbligazionario Misto,1545,TOTO LTD,0.000579152701364,0.0,AZ ,Industrials,JP3596200000,6897466,5332 JP Equity,JP ,JPY,0.76404,,11/5/2025
20251105,A82,Etica Obbligazionario Misto,670,WELLTOWER INC,0.000575460538134,0.0,AZ ,Real Estate,US95040Q1040,BYVYHH4,WELL US Equity,US ,USD,0.76404,,11/5/2025
20251105,A82,Etica Obbligazionario Misto,454,SONY GROUP CORP,0.000571409209474,0.0,AZ ,Consumer Discretionary,JP3435000009,6821506,6758 JP Equity,JP ,JPY,0.76404,,11/5/2025
20251105,A82,Etica Obbligazionario Misto,2955,VOESTALPINE AG,0.000566362191057,0.0,AZ ,Materials,AT0000937503,4943402,VOE AV Equity,AT ,EUR,0.76404,,11/5/2025
20251105,A82,Etica Obbligazionario Misto,1404,OBAYASHI CORP,0.000559531139011,0.0,AZ ,Industrials,JP3190000004,6656407,1802 JP Equity,JP ,JPY,0.76404,,11/5/2025
20251105,A82,Etica Obbligazionario Misto,2170,DSV A/S,0.000554555550587,0.0,AZ ,Industrials,DK0060079531,B1WT5G2,DSV DC Equity,DK ,DKK,0.76404,,11/5/2025
20251105,A82,Etica Obbligazionario Misto,424846,OTIS WORLDWIDE CORP,0.000549449969432,0.0,AZ ,Industrials,US68902V1070,BK531S8,OTIS US Equity,US ,USD,0.76404,,11/5/2025
20251105,A82,Etica Obbligazionario Misto,4264,AUTODESK INC,0.000543832364772,0.0,AZ ,Information Technology,US0527691069,2065159,ADSK US Equity,US ,USD,0.76404,,11/5/2025
20251105,A82,Etica Obbligazionario Misto,40461,VERTEX PHARMACEUTICALS INC,0.000538042838784,0.0,AZ ,Health Care,US92532F1003,2931034,VRTX US Equity,US ,USD,0.76404,,11/5/2025
20251105,A82,Etica Obbligazionario Misto,3033,STMICROELECTRONICS NV,0.000534903518712,0.0,SE ,Information Technology,NL0000226223,5962343,STMMI IM Equity,FR ,EUR,0.76404,,11/5/2025
20251105,A82,Etica Obbligazionario Misto,3013,NOVARTIS AG,0.000524606360533,0.0,AZ ,Health Care,CH0012005267,7103065,NOVN SW Equity,CH ,CHF,0.76404,,11/5/2025
20251105,A82,Etica Obbligazionario Misto,1609,ESSILORLUXOTTICA,0.000523354082548,0.0,AZ ,Health Care,FR0000121667,7212477,EL FP Equity,FR ,EUR,0.76404,,11/5/2025
20251105,A82,Etica Obbligazionario Misto,2566,UNITED PARCEL SERVICE-CL B,0.000523037320977,0.0,AZ ,Industrials,US9113121068,2517382,UPS US Equity,US ,USD,0.76404,,11/5/2025
20251105,A82,Etica Obbligazionario Misto,392,NOVO NORDISK A/S-B,0.000519630085621,0.0,AZ ,Health Care,DK0062498333,BP6KMJ1,NOVOB DC Equity,DK ,DKK,0.76404,,11/5/2025
20251105,A82,Etica Obbligazionario Misto,3014,ANHEUSER-BUSCH INBEV SA/NV,0.00050505480239,0.0,AZ ,Consumer Staples,BE0974293251,BYYHL23,ABI BB Equity,BE ,EUR,0.76404,,11/5/2025
20251105,A82,Etica Obbligazionario Misto,1526,TOKYO ELECTRON LTD,0.00049737050692,0.0,AZ ,Information Technology,JP3571400005,6895675,8035 JP Equity,JP ,JPY,0.76404,,11/5/2025
20251105,A82,Etica Obbligazionario Misto,166783,XYLEM INC,0.000488182036244,0.0,AZ ,Industrials,US98419M1009,B3P2CN8,XYL US Equity,US ,USD,0.76404,,11/5/2025
20251105,A82,Etica Obbligazionario Misto,49977,TE CONNECTIVITY PLC,0.000482393311159,0.0,AZ ,Information Technology,IE000IVNQZ81,BRC3N84,TEL US Equity,US ,USD,0.76404,,11/5/2025
20251105,A82,Etica Obbligazionario Misto,302,HONDA MOTOR CO LTD,0.000474631864958,0.0,AZ ,Consumer Discretionary,JP3854600008,6435145,7267 JP Equity,JP ,JPY,0.76404,,11/5/2025
20251105,A82,Etica Obbligazionario Misto,232,ECOLAB INC,0.00046728895663,0.0,AZ ,Materials,US2788651006,2304227,ECL US Equity,US ,USD,0.76404,,11/5/2025
20251105,A82,Etica Obbligazionario Misto,471,TDK CORP,0.000465697482986,0.0,AZ ,Information Technology,JP3538800008,6869302,6762 JP Equity,JP ,JPY,0.76404,,11/5/2025
20251105,A82,Etica Obbligazionario Misto,164963,SGD,0.000458186332202,0.0,LQ ,CASH,,,SGD,SG ,SGD,0.76404,,11/5/2025
20251105,A82,Etica Obbligazionario Misto,405936,CARRIER GLOBAL CORP,0.00045283783098,0.0,AZ ,Industrials,US14448C1045,BK4N0D7,CARR US Equity,US ,USD,0.76404,,11/5/2025
20251105,A82,Etica Obbligazionario Misto,1790,CHINA OVERSEAS LAND & INVEST,0.000440081293046,0.0,AZ ,Real Estate,HK0688002218,6192150,688 HK Equity,CN ,CNY,0.76404,,11/5/2025
20251105,A82,Etica Obbligazionario Misto,3011,DEUTSCHE TELEKOM AG,0.00043684979871,0.0,AZ ,Communication Services,DE0005557508,5842359,DTE GR Equity,DE ,EUR,0.76404,,11/5/2025
20251105,A82,Etica Obbligazionario Misto,23406,IBIDEN CO LTD,0.000432542427495,0.0,AZ ,Information Technology,JP3148800000,6456102,4062 JP Equity,JP ,JPY,0.76404,,11/5/2025
20251105,A82,Etica Obbligazionario Misto,4223,COLGATE-PALMOLIVE CO,0.000432257675643,0.0,AZ ,Consumer Staples,US1941621039,2209106,CL US Equity,US ,USD,0.76404,,11/5/2025
20251105,A82,Etica Obbligazionario Misto,236299,VONOVIA SE,0.000431947206882,0.0,AZ ,Real Estate,DE000A1ML7J1,BBJPFY1,VNA GR Equity,DE ,EUR,0.76404,,11/5/2025
20251105,A82,Etica Obbligazionario Misto,57392,EQUINIX INC,0.000424176853935,0.0,AZ ,Real Estate,US29444U7000,BVLZX12,EQIX US Equity,US ,USD,0.76404,,11/5/2025
20251105,A82,Etica Obbligazionario Misto,2831,BREMBO N.V.,0.000415238784288,0.0,AZ ,Consumer Discretionary,NL0015001KT6,BSMM753,BRE IM Equity,IT ,EUR,0.76404,,11/5/2025
20251105,A82,Etica Obbligazionario Misto,1733,ROCHE HOLDING AG-GENUSSCHEIN,0.000411280950063,0.0,AZ ,Health Care,CH0012032048,7110388,ROG SW Equity,CH ,CHF,0.76404,,11/5/2025
20251105,A82,Etica Obbligazionario Misto,17897,SK HYNIX INC,0.000411247320935,0.0,AZ ,Information Technology,KR7000660001,6450267,000660 KS Equity,KR ,KRW,0.76404,,11/5/2025
20251105,A82,Etica Obbligazionario Misto,1040,TATE & LYLE PLC,0.000403666993247,0.0,AZ ,Consumer Staples,GB00BP92CJ43,BP92CJ4,TATE LN Equity,GB ,GBP,0.76404,,11/5/2025
20251105,A82,Etica Obbligazionario Misto,2867,DARDEN RESTAURANTS INC,0.000396132933114,0.0,AZ ,Consumer Discretionary,US2371941053,2289874,DRI UN Equity,US ,USD,0.76404,,11/5/2025
20251105,A82,Etica Obbligazionario Misto,184644,ZOETIS INC,0.000394065617424,0.0,AZ ,Health Care,US98978V1035,B95WG16,ZTS US Equity,US ,USD,0.76404,,11/5/2025
20251105,A82,Etica Obbligazionario Misto,1146,BRIDGESTONE CORP,0.000391368140623,0.0,AZ ,Consumer Discretionary,JP3830800003,6132101,5108 JP Equity,JP ,JPY,0.76404,,11/5/2025
20251105,A82,Etica Obbligazionario Misto,23355,RALPH LAUREN CORP,0.000387021155509,0.0,AZ ,Consumer Discretionary,US7512121010,B4V9661,RL US Equity,US ,USD,0.76404,,11/5/2025
20251105,A82,Etica Obbligazionario Misto,3371,ERG SPA,0.0003696390238,0.0,AZ ,Utilities,IT0001157020,5337093,ERG IM Equity,IT ,EUR,0.76404,,11/5/2025
20251105,A82,Etica Obbligazionario Misto,276440,DELL TECHNOLOGIES -C,0.000364906945119,0.0,AZ ,Information Technology,US24703L2025,BHKD3S6,DELL US Equity,US ,USD,0.76404,,11/5/2025
20251105,A82,Etica Obbligazionario Misto,164726,SEK,0.000361024959057,0.0,LQ ,CASH,,,SEK,SE ,SEK,0.76404,,11/5/2025
20251105,A82,Etica Obbligazionario Misto,1575,ASTELLAS PHARMA INC,0.000357584103373,0.0,AZ ,Health Care,JP3942400007,6985383,4503 JP Equity,JP ,JPY,0.76404,,11/5/2025
20251105,A82,Etica Obbligazionario Misto,4266,MCCORMICK & CO-NON VTG SHRS,0.00035472974638,0.0,AZ ,Consumer Staples,US5797802064,2550161,MKC UN Equity,US ,USD,0.76404,,11/5/2025
20251105,A82,Etica Obbligazionario Misto,1340,NEC CORP,0.000350695641538,0.0,AZ ,Information Technology,JP3733000008,6640400,6701 JP Equity,JP ,JPY,0.76404,,11/5/2025
20251105,A82,Etica Obbligazionario Misto,3119,INTERPUMP GROUP SPA,0.000341580061843,0.0,AZ ,Industrials,IT0001078911,5161407,IP IM Equity,IT ,EUR,0.76404,,11/5/2025
20251105,A82,Etica Obbligazionario Misto,651,EXPEDITORS INTL WASH INC,0.000338250285257,0.0,AZ ,Industrials,US3021301094,2325507,EXPD US Equity,US ,USD,0.76404,,11/5/2025
20251105,A82,Etica Obbligazionario Misto,2658,ASSA ABLOY AB-B,0.000333164533054,0.0,AZ ,Industrials,SE0007100581,BYPC1T4,ASSAB SS Equity,SE ,SEK,0.76404,,11/5/2025
20251105,A82,Etica Obbligazionario Misto,100272,AMERICAN WATER WORKS CO INC,0.000332953077037,0.0,AZ ,Utilities,US0304201033,B2R3PV1,AWK US Equity,US ,USD,0.76404,,11/5/2025
20251105,A82,Etica Obbligazionario Misto,1734,NOKIA OYJ,0.000331966602064,0.0,AZ ,Information Technology,FI0009000681,5902941,NOKIA FH Equity,FI ,EUR,0.76404,,11/5/2025
20251105,A82,Etica Obbligazionario Misto,188,THE CIGNA GROUP,0.000331147313411,0.0,AZ ,Health Care,US1255231003,BHJ0775,CI US Equity,US ,USD,0.76404,,11/5/2025
20251105,A82,Etica Obbligazionario Misto,3065,ELEVANCE HEALTH INC,0.00033091228796,0.0,AZ ,Health Care,US0367521038,BSPHGL4,ELV US Equity,US ,USD,0.76404,,11/5/2025
20251105,A82,Etica Obbligazionario Misto,336,KYOCERA CORP,0.000322505349077,0.0,AZ ,Information Technology,JP3249600002,6499260,6971 JP Equity,JP ,JPY,0.76404,,11/5/2025
20251105,A82,Etica Obbligazionario Misto,349,MASCO CORP,0.000322257077921,0.0,AZ ,Industrials,US5745991068,2570200,MAS US Equity,US ,USD,0.76404,,11/5/2025
20251105,A82,Etica Obbligazionario Misto,4275,HASBRO INC,0.000322065151617,0.0,AZ ,Consumer Discretionary,US4180561072,2414580,HAS US Equity,US ,USD,0.76404,,11/5/2025
20251105,A82,Etica Obbligazionario Misto,318,INTL FLAVORS & FRAGRANCES,0.000321673738837,0.0,AZ ,Materials,US4595061015,2464165,IFF US Equity,US ,USD,0.76404,,11/5/2025
20251105,A82,Etica Obbligazionario Misto,1088,ORICA LTD,0.000317541202126,0.0,AZ ,Materials,AU000000ORI1,6458001,ORI AU Equity,AU ,AUD,0.76404,,11/5/2025
20251105,A82,Etica Obbligazionario Misto,1457,SHIMIZU CORP,0.000316114952149,0.0,AZ ,Industrials,JP3358800005,6804400,1803 JP Equity,JP ,JPY,0.76404,,11/5/2025
20251105,A82,Etica Obbligazionario Misto,1001,PERSIMMON PLC,0.000313011804733,0.0,AZ ,Consumer Discretionary,GB0006825383,682538,PSN LN Equity,GB ,GBP,0.76404,,11/5/2025
20251105,A82,Etica Obbligazionario Misto,152,BEST BUY CO INC,0.000310032938113,0.0,AZ ,Consumer Discretionary,US0865161014,2094670,BBY US Equity,US ,USD,0.76404,,11/5/2025
20251105,A82,Etica Obbligazionario Misto,366,MICRON TECHNOLOGY INC,0.000307167588505,0.0,AZ ,Information Technology,US5951121038,2588184,MU US Equity,US ,USD,0.76404,,11/5/2025
20251105,A82,Etica Obbligazionario Misto,88166,REXEL SA,0.000301330545201,0.0,AZ ,Industrials,FR0010451203,B1VP0K0,RXL FP Equity,FR ,EUR,0.76404,,11/5/2025
20251105,A82,Etica Obbligazionario Misto,148,BECTON DICKINSON AND CO,0.000300614625853,0.0,AZ ,Health Care,US0758871091,2087807,BDX US Equity,US ,USD,0.76404,,11/5/2025
20251105,A82,Etica Obbligazionario Misto,19461,DICK'S SPORTING GOODS INC,0.000295470284509,0.0,AZ ,Consumer Discretionary,US2533931026,2969637,DKS US Equity,US ,USD,0.76404,,11/5/2025
20251105,A82,Etica Obbligazionario Misto,469,SYSCO CORP,0.000292803585269,0.0,AZ ,Consumer Staples,US8718291078,2868165,SYY US Equity,US ,USD,0.76404,,11/5/2025
20251105,A82,Etica Obbligazionario Misto,18074,ESTEE LAUDER COMPANIES-CL A,0.000274936757574,0.0,AZ ,Consumer Staples,US5184391044,2320524,EL US Equity,US ,USD,0.76404,,11/5/2025
20251105,A82,Etica Obbligazionario Misto,242496,PAYPAL HOLDINGS INC,0.000264960620714,0.0,AZ ,Financials,US70450Y1038,BYW36M8,PYPL US Equity,US ,USD,0.76404,,11/5/2025
20251105,A82,Etica Obbligazionario Misto,31928,DIGITAL REALTY TRUST INC,0.000258771734523,0.0,AZ ,Real Estate,US2538681030,B03GQS4,DLR US Equity,US ,USD,0.76404,,11/5/2025
20251105,A82,Etica Obbligazionario Misto,34107,DAIICHI SANKYO CO LTD,0.00025274381225,0.0,AZ ,Health Care,JP3475350009,B0J7D91,4568 JP Equity,JP ,JPY,0.76404,,11/5/2025
20251105,A82,Etica Obbligazionario Misto,411893,BONOS Y OBLIG DEL ESTADO SPGB 0 1/2 04/30/30,0.00025193270865,0.0,OB ,SOVEREIGN,ES0000012F76,,ZP4820285 Govt,ES ,EUR,0.76404,A,11/5/2025
20251105,A82,Etica Obbligazionario Misto,2985,CANADIAN NATL RAILWAY CO,0.000251481870622,0.0,AZ ,Industrials,CA1363751027,2180632,CNR CN Equity,CA ,CAD,0.76404,,11/5/2025
20251105,A82,Etica Obbligazionario Misto,387,NORSK HYDRO ASA,0.000250842556333,0.0,AZ ,Materials,NO0005052605,B11HK39,NHY NO Equity,NO ,NOK,0.76404,,11/5/2025
20251105,A82,Etica Obbligazionario Misto,164959,JPY,0.000244581245621,0.0,LQ ,CASH,,,JPY,JP ,JPY,0.76404,,11/5/2025
20251105,A82,Etica Obbligazionario Misto,2298,TRACTOR SUPPLY COMPANY,0.000238766698012,0.0,AZ ,Consumer Discretionary,US8923561067,2900335,TSCO US Equity,US ,USD,0.76404,,11/5/2025
20251105,A82,Etica Obbligazionario Misto,447577,STORA ENSO OYJ STERV 0 5/8 12/02/30,0.000237664294518,0.0,OB ,INDUSTRIAL,XS2265360359,,BM7557275 Corp,FI ,EUR,0.76404,B,11/5/2025
20251105,A82,Etica Obbligazionario Misto,23481,CBRE GROUP INC,0.000232403109334,0.0,AZ ,Real Estate,US12504L1098,B6WVMH3,CBRE US Equity,US ,USD,0.76404,,11/5/2025
20251105,A82,Etica Obbligazionario Misto,253654,FERRARI NV,0.000231647514479,0.0,AZ ,Consumer Discretionary,NL0011585146,BZ1GMK5,RACE US Equity,IT ,EUR,0.76404,,11/5/2025
20251105,A82,Etica Obbligazionario Misto,1138,ASICS CORP,0.00022837955705,0.0,AZ ,Consumer Discretionary,JP3118000003,6057378,7936 JP Equity,JP ,JPY,0.76404,,11/5/2025
20251105,A82,Etica Obbligazionario Misto,335212,LEVI STRAUSS & CO- CLASS A,0.000227151658204,0.0,AZ ,Consumer Discretionary,US52736R1023,BHRWS81,LEVI US Equity,US ,USD,0.76404,,11/5/2025
20251105,A82,Etica Obbligazionario Misto,336777,ULTA BEAUTY INC,0.000224029614756,0.0,AZ ,Consumer Discretionary,US90384S3031,B28TS42,ULTA UW Equity,US ,USD,0.76404,,11/5/2025
20251105,A82,Etica Obbligazionario Misto,485685,AMGEN INC AMGN 3 02/22/29,0.000222704692221,0.0,OB ,INDUSTRIAL,US031162DD92,,BU6349577 Corp,US ,USD,0.76404,B,11/5/2025
20251105,A82,Etica Obbligazionario Misto,3385,YUM! BRANDS INC,0.000219553481818,0.0,AZ ,Consumer Discretionary,US9884981013,2098876,YUM UN Equity,US ,USD,0.76404,,11/5/2025
20251105,A82,Etica Obbligazionario Misto,3837,AGILENT TECHNOLOGIES INC,0.000212889924131,0.0,AZ ,Health Care,US00846U1016,2520153,A US Equity,US ,USD,0.76404,,11/5/2025
20251105,A82,Etica Obbligazionario Misto,57810,VENTAS INC,0.000205100622345,0.0,AZ ,Real Estate,US92276F1003,2927925,VTR US Equity,US ,USD,0.76404,,11/5/2025
20251105,A82,Etica Obbligazionario Misto,50381,LULULEMON ATHLETICA INC,0.000203902110481,0.0,AZ ,Consumer Discretionary,US5500211090,B23FN39,LULU US Equity,US ,USD,0.76404,,11/5/2025
20251105,A82,Etica Obbligazionario Misto,1,LG ELECTRONICS INC,0.000202637871757,0.0,AZ ,Consumer Discretionary,KR7066570003,6520739,066570 KS Equity,KR ,KRW,0.76404,,11/5/2025
20251105,A82,Etica Obbligazionario Misto,343334,GODADDY INC - CLASS A,0.000200714665815,0.0,AZ ,Information Technology,US3802371076,BWFRFC6,GDDY US Equity,US ,USD,0.76404,,11/5/2025
20251105,A82,Etica Obbligazionario Misto,67156,KEURIG DR PEPPER INC,0.000200403448958,0.0,AZ ,Consumer Staples,US49271V1008,BD3W133,KDP US Equity,US ,USD,0.76404,,11/5/2025
20251105,A82,Etica Obbligazionario Misto,24041,TERNA-RETE ELETTRICA NAZIONA,0.000199877510862,0.0,AZ ,Utilities,IT0003242622,B01BN57,TRN IM Equity,IT ,EUR,0.76404,,11/5/2025
20251105,A82,Etica Obbligazionario Misto,18075,BE SEMICONDUCTOR INDUSTRIES,0.000197265070607,0.0,AZ ,Information Technology,NL0012866412,BG0SCK9,BESI NA Equity,NL ,EUR,0.76404,,11/5/2025
20251105,A82,Etica Obbligazionario Misto,1755,SWIRE PACIFIC LTD - CL A,0.000189423058837,0.0,AZ ,Industrials,HK0019000162,6867748,19 HK Equity,HK ,HKD,0.76404,,11/5/2025
20251105,A82,Etica Obbligazionario Misto,173,CADENCE DESIGN SYS INC,0.000186875896584,0.0,AZ ,Information Technology,US1273871087,2302232,CDNS US Equity,US ,USD,0.76404,,11/5/2025
20251105,A82,Etica Obbligazionario Misto,58909,EDWARDS LIFESCIENCES CORP,0.000182652514579,0.0,AZ ,Health Care,US28176E1082,2567116,EW US Equity,US ,USD,0.76404,,11/5/2025
20251105,A82,Etica Obbligazionario Misto,335227,NEXI SPA,0.000175798465173,0.0,AZ ,Financials,IT0005366767,BJ1F880,NEXI IM Equity,IT ,EUR,0.76404,,11/5/2025
20251105,A82,Etica Obbligazionario Misto,1010,RELX PLC,0.000175542440219,0.0,AZ ,Industrials,GB00B2B0DG97,B2B0DG9,REL LN Equity,GB ,GBP,0.76404,,11/5/2025
20251105,A82,Etica Obbligazionario Misto,164960,NOK,0.000169113987193,0.0,LQ ,CASH,,,NOK,NO ,NOK,0.76404,,11/5/2025
20251105,A82,Etica Obbligazionario Misto,235482,MERLIN PROPERTIES SOCIMI SA,0.000167937442956,0.0,AZ ,Real Estate,ES0105025003,BNGNB77,MRL SM Equity,ES ,EUR,0.76404,,11/5/2025
20251105,A82,Etica Obbligazionario Misto,164724,GBP,0.00016101471831,0.0,LQ ,CASH,,,GBP,GB ,GBP,0.76404,,11/5/2025
20251105,A82,Etica Obbligazionario Misto,1122,AJINOMOTO CO INC,0.000160740448608,0.0,AZ ,Consumer Staples,JP3119600009,6010906,2802 JP Equity,JP ,JPY,0.76404,,11/5/2025
20251105,A82,Etica Obbligazionario Misto,3466,COGNIZANT TECH SOLUTIONS-A,0.000159350670525,0.0,AZ ,Information Technology,US1924461023,2257019,CTSH US Equity,US ,USD,0.76404,,11/5/2025
20251105,A82,Etica Obbligazionario Misto,312,INGERSOLL-RAND INC,0.000157115244397,0.0,AZ ,Industrials,US45687V1061,BL5GZ82,IR UN Equity,US ,USD,0.76404,,11/5/2025
20251105,A82,Etica Obbligazionario Misto,222506,ORORA LTD,0.000156234427024,0.0,AZ ,Materials,AU000000ORA8,BH4TCW7,ORA AU Equity,AU ,AUD,0.76404,,11/5/2025
20251105,A82,Etica Obbligazionario Misto,58318,AZBIL CORP,0.000155612732604,0.0,AZ ,Information Technology,JP3937200008,6985543,6845 JP Equity,JP ,JPY,0.76404,,11/5/2025
20251105,A82,Etica Obbligazionario Misto,50261,DIASORIN SPA,0.000150256231152,0.0,AZ ,Health Care,IT0003492391,B234WN9,DIA IM Equity,IT ,EUR,0.76404,,11/5/2025
20251105,A82,Etica Obbligazionario Misto,2297,AVALONBAY COMMUNITIES INC,0.000141987329235,0.0,AZ ,Real Estate,US0534841012,2131179,AVB US Equity,US ,USD,0.76404,,11/5/2025
20251105,A82,Etica Obbligazionario Misto,4106,ZIMMER BIOMET HOLDINGS INC,0.000134374516566,0.0,AZ ,Health Care,US98956P1021,2783815,ZBH US Equity,US ,USD,0.76404,,11/5/2025
20251105,A82,Etica Obbligazionario Misto,31968,PENTAIR PLC,0.000132498405486,0.0,AZ ,Industrials,IE00BLS09M33,BLS09M3,PNR UN Equity,US ,USD,0.76404,,11/5/2025
20251105,A82,Etica Obbligazionario Misto,235835,RAI WAY SPA,0.000130509622303,0.0,AZ ,Communication Services,IT0005054967,BSM8WL2,RWAY IM Equity,IT ,EUR,0.76404,,11/5/2025
20251105,A82,Etica Obbligazionario Misto,211955,TECHNOGYM SPA,0.000129263126663,0.0,AZ ,Consumer Discretionary,IT0005162406,BD9Y5C0,TGYM IM Equity,IT ,EUR,0.76404,,11/5/2025
20251105,A82,Etica Obbligazionario Misto,58590,SYSMEX CORP,0.000121275236117,0.0,AZ ,Health Care,JP3351100007,6883807,6869 JP Equity,JP ,JPY,0.76404,,11/5/2025
20251105,A82,Etica Obbligazionario Misto,3245,EDP SA,0.000113381412078,0.0,AZ ,Utilities,PTEDP0AM0009,4103596,EDP PL Equity,PT ,EUR,0.76404,,11/5/2025
20251105,A82,Etica Obbligazionario Misto,17956,RENESAS ELECTRONICS CORP,0.000102077958775,0.0,AZ ,Information Technology,JP3164720009,6635677,6723 JP Equity,JP ,JPY,0.76404,,11/5/2025
20251105,A82,Etica Obbligazionario Misto,164725,HKD,0.000099724183813,0.0,LQ ,CASH,,,HKD,HK ,HKD,0.76404,,11/5/2025
20251105,A82,Etica Obbligazionario Misto,1093,LENDLEASE GROUP,0.000099004902432,0.0,AZ ,Real Estate,AU000000LLC3,6512004,LLC AU Equity,AU ,AUD,0.76404,,11/5/2025
20251105,A82,Etica Obbligazionario Misto,164722,DKK,0.000098278052077,0.0,LQ ,CASH,,,DKK,DK ,DKK,0.76404,,11/5/2025
20251105,A82,Etica Obbligazionario Misto,164955,CHF,0.00009684566771,0.0,LQ ,CASH,,,CHF,CH ,CHF,0.76404,,11/5/2025
20251105,A82,Etica Obbligazionario Misto,1024,SSE PLC,0.000089339216731,0.0,AZ ,Utilities,GB0007908733,790873,SSE LN Equity,GB ,GBP,0.76404,,11/5/2025
20251105,A82,Etica Obbligazionario Misto,677,BIOGEN INC,0.000080221603975,0.0,AZ ,Health Care,US09062X1037,2455965,BIIB US Equity,US ,USD,0.76404,,11/5/2025
20251105,A82,Etica Obbligazionario Misto,23349,CORBION NV,0.000077312715162,0.0,AZ ,Materials,NL0010583399,BFRSRR7,CRBN NA Equity,NL ,EUR,0.76404,,11/5/2025
20251105,A82,Etica Obbligazionario Misto,3672,AMPLIFON SPA,0.000070776527469,0.0,AZ ,Health Care,IT0004056880,B14NJ71,AMP IM Equity,IT ,EUR,0.76404,,11/5/2025
20251105,A82,Etica Obbligazionario Misto,247914,INFRASTRUTTURE WIRELESS ITAL,0.000067679461636,0.0,AZ ,Communication Services,IT0005090300,BZ0P4R4,INW IM Equity,IT ,EUR,0.76404,,11/5/2025
20251105,A82,Etica Obbligazionario Misto,58681,JONES LANG LASALLE INC,0.000067033106442,0.0,AZ ,Real Estate,US48020Q1076,2040640,JLL US Equity,US ,USD,0.76404,,11/5/2025
20251105,A82,Etica Obbligazionario Misto,63,HERA SPA,0.00006331528791,0.0,AZ ,Utilities,IT0001250932,7598003,HER IM Equity,IT ,EUR,0.76404,,11/5/2025
20251105,A82,Etica Obbligazionario Misto,48675,PRYSMIAN SPA,0.000051839517227,0.0,AZ ,Industrials,IT0004176001,B1W4V69,PRY IM Equity,IT ,EUR,0.76404,,11/5/2025
20251105,A82,Etica Obbligazionario Misto,3321,BXP INC,0.000049459682111,0.0,AZ ,Real Estate,US1011211018,2019479,BXP US Equity,US ,USD,0.76404,,11/5/2025
20251105,A82,Etica Obbligazionario Misto,3476,A2A SPA,0.000038629245692,0.0,AZ ,Utilities,IT0001233417,5499131,A2A IM Equity,IT ,EUR,0.76404,,11/5/2025
20251105,A82,Etica Obbligazionario Misto,1464,SHISEIDO CO LTD,0.000020163104857,0.0,AZ ,Consumer Staples,JP3351600006,6805265,4911 JP Equity,JP ,JPY,0.76404,,11/5/2025
20251105,A82,Etica Obbligazionario Misto,314765,PIRELLI & C SPA,0.000015963749944,0.0,AZ ,Consumer Discretionary,IT0005278236,BZ5ZHK3,PIRC IM Equity,IT ,EUR,0.76404,,11/5/2025
20251105,A82,Etica Obbligazionario Misto,314764,FRANCE (GOVT OF) FRTR 0 3/4 05/25/28,0.0,0.005329636413644,OB ,SOVEREIGN,FR0013286192,,AP3656380 Govt,FR ,EUR,0.76404,A,11/5/2025
20251105,A82,Etica Obbligazionario Misto,511224,FRANCE (GOVT OF) FRTR 2 3/4 02/25/29,0.0,0.004920706386578,OB ,SOVEREIGN,FR001400HI98,,ZK2178539 Govt,FR ,EUR,0.76404,A,11/5/2025
20251105,A82,Etica Obbligazionario Misto,254029,FRANCE (GOVT OF) FRTR 1 1/2 05/25/31,0.0,0.005045444766022,OB ,SOVEREIGN,FR0012993103,,UV9949289 Govt,FR ,EUR,0.76404,A,11/5/2025
20251105,A82,Etica Obbligazionario Misto,195250,FRANCE (GOVT OF) FRTR 2 3/4 10/25/27,0.0,0.005139570403118,OB ,SOVEREIGN,FR0011317783,,EJ3468919 Govt,FR ,EUR,0.76404,A,11/5/2025
20251105,A82,Etica Obbligazionario Misto,568369,FRENCH DISCOUNT T-BILL BTF 0 01/14/26,0.0,0.0061574825,OB ,SOVEREIGN,FR0128983980,,YN8205323 Govt,FR ,EUR,0.76404,A,11/5/2025
20251105,A82,Etica Obbligazionario Misto,534,APPLE INC,0.0,0.004949624,AZ ,Information Technology,US0378331005,2046251,AAPL US Equity,US ,USD,0.76404,,11/5/2025
20251105,A82,Etica Obbligazionario Misto,553272,GERMAN TREASURY BILL BUBILL 0 01/14/26,0.0,0.0062021275,OB ,SOVEREIGN,DE000BU0E246,,YS4477537 Govt,DE ,EUR,0.76404,A,11/5/2025
20251105,A82,Etica Obbligazionario Misto,228114,FRANCE (GOVT OF) FRTR 2 1/2 05/25/30,0.0,0.005857400218431,OB ,SOVEREIGN,FR0011883966,,EK2432749 Govt,FR ,EUR,0.76404,A,11/5/2025
20251105,A82,Etica Obbligazionario Misto,51421,FRENCH DISCOUNT T-BILL BTF 0 12/31/25,0.0,0.0085255275,OB ,SOVEREIGN,FR0128690742,,YS3714856 Govt,FR ,EUR,0.76404,A,11/5/2025
20251105,A82,Etica Obbligazionario Misto,164736,DEBITI COMPENSO REVISIONE,-0.000004247435501,0.0,CD ,CASH,,,DEBITI COMPENSO REVISIONE,5A ,EUR,0.76404,,11/5/2025
20251105,A82,Etica Obbligazionario Misto,164733,DEBITI COMMISSIONE GESTIONE,-0.000012746469438,0.0,CD ,CASH,,,DEBITI COMMISSIONE GESTIONE,5A ,EUR,0.76404,,11/5/2025
20251105,A82,Etica Obbligazionario Misto,164730,DEBITI COMMISSIONE DEPOSITARIA,-0.000090478690597,0.0,CD ,CASH,,,DEBITI COMMISSIONE DEPOSITARIA,5A ,EUR,0.76404,,11/5/2025
20251105,A82,Etica Obbligazionario Misto,172066,ALLINEAMENTO NAV,-0.0002264213226,0.0,OT ,CASH,,,ALLINEAMENTO NAV,5A ,EUR,0.76404,,11/5/2025
20251105,A82,Etica Obbligazionario Misto,179420,DEBITI COMMISSIONE AMMINISTRAZIONE,-0.00185285400746,0.0,CD ,CASH,,,DEBITI COMMISSIONE AMMINISTRAZIONE,5A ,EUR,0.76404,,11/5/2025
20251105,A82,Etica Obbligazionario Misto,571448,Euro-BTP Future   Dec25,-0.028248819994368,0.0,FU ,SOVEREIGN,,,IKZ5 Comdty,IT ,EUR,0.76404,,11/5/2025
20251105,A82,Etica Obbligazionario Misto,571447,EURO-BOBL FUTURE  Dec25,-0.030860133704759,0.0,FU ,SOVEREIGN,,,OEZ5 Comdty,DE ,EUR,0.76404,,11/5/2025
20251105,A83,Etica Bilanciato,3458,NVIDIA CORP,0.050304432065812,0.039194378393658,AZ ,Information Technology,US67066G1040,2379504,NVDA US Equity,US ,USD,2.434038,,11/5/2025
20251105,A83,Etica Bilanciato,509810,BUONI POLIENNALI DEL TES BTPS 4 10/30/31,0.025240294806531,0.0,OB ,SOVEREIGN,IT0005542359,,ZK0285476 Govt,IT ,EUR,2.434038,B,11/5/2025
20251105,A83,Etica Bilanciato,5650,BUONI POLIENNALI DEL TES BTPS 3.6 10/01/35,0.023362750006946,0.0,OB ,SOVEREIGN,IT0005648149,,YP9041896 Govt,IT ,EUR,2.434038,B,11/5/2025
20251105,A83,Etica Bilanciato,335439,FRANCE (GOVT OF) FRTR 0 1/2 06/25/44,0.020839549265832,0.0,OB ,SOVEREIGN,FR0014002JM6,,BO6060129 Govt,FR ,EUR,2.434038,A,11/5/2025
20251105,A83,Etica Bilanciato,65876,VISA INC-CLASS A SHARES,0.017876279791746,0.006466692465852,AZ ,Financials,US92826C8394,B2PZN04,V US Equity,US ,USD,2.434038,,11/5/2025
20251105,A83,Etica Bilanciato,45465,MASTERCARD INC - A,0.017625301597046,0.004972584684642,AZ ,Financials,US57636Q1040,B121557,MA US Equity,US ,USD,2.434038,,11/5/2025
20251105,A83,Etica Bilanciato,237713,BUONI POLIENNALI DEL TES BTPS 4 04/30/35,0.017041691199237,0.0,OB ,SOVEREIGN,IT0005508590,,BY8794178 Govt,IT ,EUR,2.434038,B,11/5/2025
20251105,A83,Etica Bilanciato,554,ORACLE CORP,0.015622944310692,0.0,AZ ,Information Technology,US68389X1054,2661568,ORCL US Equity,US ,USD,2.434038,,11/5/2025
20251105,A83,Etica Bilanciato,164954,CAD,0.015015727756367,0.0,LQ ,CASH,,,CAD,CA ,CAD,2.434038,,11/5/2025
20251105,A83,Etica Bilanciato,164723,EUR,0.014301275341834,0.0,LQ ,CASH,,,EUR,5A ,EUR,2.434038,,11/5/2025
20251105,A83,Etica Bilanciato,36611,FRANCE (GOVT OF) FRTR 3.15 07/25/32,0.014016893057816,0.0,OB ,SOVEREIGN,FR0000188799,,EC7356149 Govt,FR ,EUR,2.434038,A,11/5/2025
20251105,A83,Etica Bilanciato,28895,FUT_EUR (Nozionale),0.012462240981304,0.0,NB ,CASH,,,FUT_EUR (Nozionale),5A ,EUR,2.434038,,11/5/2025
20251105,A83,Etica Bilanciato,462761,BUNDESREPUB. DEUTSCHLAND DBR 0 08/15/50,0.011618112595799,0.0,OB ,SOVEREIGN,DE0001030724,,BP4742659 Govt,DE ,EUR,2.434038,A,11/5/2025
20251105,A83,Etica Bilanciato,331171,BELGIUM KINGDOM BGB 1 1/4 04/22/33,0.011561380224396,0.0,OB ,SOVEREIGN,BE0000346552,,AQ3876663 Govt,BE ,EUR,2.434038,A,11/5/2025
20251105,A83,Etica Bilanciato,406188,BONOS Y OBLIG DEL ESTADO SPGB 1 07/30/42,0.010579461469458,0.0,OB ,SOVEREIGN,ES0000012J07,,BR3246377 Govt,ES ,EUR,2.434038,A,11/5/2025
20251105,A83,Etica Bilanciato,335725,BUONI POLIENNALI DEL TES BTPS 4.4 05/01/33,0.010538086371532,0.0,OB ,SOVEREIGN,IT0005518128,,BZ9605404 Govt,IT ,EUR,2.434038,B,11/5/2025
20251105,A83,Etica Bilanciato,335961,REPUBLIC OF AUSTRIA RAGB 2.9 02/20/34,0.010529200784452,0.0,OB ,SOVEREIGN,AT0000A39UW5,,ZF4061056 Govt,AT ,EUR,2.434038,A,11/5/2025
20251105,A83,Etica Bilanciato,128682,BUONI POLIENNALI DEL TES BTPS 3.85 02/01/35,0.009992766013643,0.0,OB ,SOVEREIGN,IT0005607970,,YW6730231 Govt,IT ,EUR,2.434038,B,11/5/2025
20251105,A83,Etica Bilanciato,510744,BUNDESREPUB. DEUTSCHLAND DBR 2.3 02/15/33,0.009830646930831,0.0,OB ,SOVEREIGN,DE000BU3Z005,,ZK3512736 Govt,DE ,EUR,2.434038,A,11/5/2025
20251105,A83,Etica Bilanciato,406148,AGENCE FRANCAISE DEVELOP AGFRNC 0.01 11/25/28,0.009517321663183,0.0,OB ,Quasi & Foreign Government,FR0014003YN1,,BP9619894 Govt,FR ,EUR,2.434038,A,11/5/2025
20251105,A83,Etica Bilanciato,560705,FRANCE (GOVT OF) FRTR 2.7 02/25/31,0.009391578927538,0.0,OB ,SOVEREIGN,FR001400Z2L7,,YP4842306 Govt,FR ,EUR,2.434038,A,11/5/2025
20251105,A83,Etica Bilanciato,201018,ABBVIE INC,0.009129027856722,0.0,AZ ,Health Care,US00287Y1091,B92SR70,ABBV US Equity,US ,USD,2.434038,,11/5/2025
20251105,A83,Etica Bilanciato,577,APPLIED MATERIALS INC,0.008675815976459,0.0,AZ ,Information Technology,US0382221051,2046552,AMAT US Equity,US ,USD,2.434038,,11/5/2025
20251105,A83,Etica Bilanciato,300,HOME DEPOT INC,0.008654631257442,0.0,AZ ,Consumer Discretionary,US4370761029,2434209,HD US Equity,US ,USD,2.434038,,11/5/2025
20251105,A83,Etica Bilanciato,164724,GBP,0.008563708946038,0.0,LQ ,CASH,,,GBP,GB ,GBP,2.434038,,11/5/2025
20251105,A83,Etica Bilanciato,510762,BUONI POLIENNALI DEL TES BTPS 4.35 11/01/33,0.008375285449419,0.0,OB ,SOVEREIGN,IT0005544082,,ZK3560933 Govt,IT ,EUR,2.434038,B,11/5/2025
20251105,A83,Etica Bilanciato,510414,REPUBLIC OF AUSTRIA RAGB 2.9 05/23/29,0.007986033685352,0.0,OB ,SOVEREIGN,AT0000A33SH3,,ZK2454146 Govt,AT ,EUR,2.434038,A,11/5/2025
20251105,A83,Etica Bilanciato,427,PROCTER & GAMBLE CO/THE,0.007836365119013,0.0,AZ ,Consumer Staples,US7427181091,2704407,PG US Equity,US ,USD,2.434038,,11/5/2025
20251105,A83,Etica Bilanciato,164727,USD,0.007768206780242,0.0,LQ ,CASH,,,USD,US ,USD,2.434038,,11/5/2025
20251105,A83,Etica Bilanciato,2839,ASML HOLDING NV,0.007351056671252,0.0,AZ ,Information Technology,NL0010273215,B929F46,ASML NA Equity,NL ,EUR,2.434038,,11/5/2025
20251105,A83,Etica Bilanciato,480,TEXAS INSTRUMENTS INC,0.007279851606774,0.0,AZ ,Information Technology,US8825081040,2885409,TXN US Equity,US ,USD,2.434038,,11/5/2025
20251105,A83,Etica Bilanciato,221482,SERVICENOW INC,0.007236192966786,0.0,AZ ,Information Technology,US81762P1021,B80NXX8,NOW US Equity,US ,USD,2.434038,,11/5/2025
20251105,A83,Etica Bilanciato,756,QUALCOMM INC,0.007045850771734,0.0,AZ ,Information Technology,US7475251036,2714923,QCOM US Equity,US ,USD,2.434038,,11/5/2025
20251105,A83,Etica Bilanciato,292486,FRANCE (GOVT OF) FRTR 1 3/4 06/25/39,0.006958211847203,0.0,OB ,SOVEREIGN,FR0013234333,,AL9974240 Govt,FR ,EUR,2.434038,A,11/5/2025
20251105,A83,Etica Bilanciato,442342,BUNDESREPUB. DEUTSCHLAND DBR 0 08/15/30,0.006952365485027,0.0,OB ,SOVEREIGN,DE0001030708,,ZO2919926 Govt,DE ,EUR,2.434038,A,11/5/2025
20251105,A83,Etica Bilanciato,222389,MONCLER SPA,0.006812337813055,0.0,AZ ,Consumer Discretionary,IT0004965148,BGLP232,MONC IM Equity,IT ,EUR,2.434038,,11/5/2025
20251105,A83,Etica Bilanciato,23568,SALESFORCE INC,0.006788302865728,0.0,AZ ,Information Technology,US79466L3024,2310525,CRM US Equity,US ,USD,2.434038,,11/5/2025
20251105,A83,Etica Bilanciato,705,LAM RESEARCH CORP,0.006745349856921,0.0,AZ ,Information Technology,US5128073062,BSML4N7,LRCX US Equity,US ,USD,2.434038,,11/5/2025
20251105,A83,Etica Bilanciato,214,DANAHER CORP,0.006574738639691,0.0,AZ ,Health Care,US2358511028,2250870,DHR US Equity,US ,USD,2.434038,,11/5/2025
20251105,A83,Etica Bilanciato,454914,BUONI POLIENNALI DEL TES BTPS 1 1/2 04/30/45,0.006536418879507,0.0,OB ,SOVEREIGN,IT0005438004,,BO3833387 Govt,IT ,EUR,2.434038,B,11/5/2025
20251105,A83,Etica Bilanciato,423,NEW LINDE PLC,0.00640537870883,0.0,AZ ,Materials,IE000S9YS762,BNZHB81,LIN US Equity,US ,USD,2.434038,,11/5/2025
20251105,A83,Etica Bilanciato,360,MEDTRONIC PLC,0.00636376759281,0.0,AZ ,Health Care,IE00BTN1Y115,BTN1Y11,MDT US Equity,US ,USD,2.434038,,11/5/2025
20251105,A83,Etica Bilanciato,2703,LONZA GROUP AG-REG,0.006051135701944,0.0,AZ ,Health Care,CH0013841017,7333378,LONN SW Equity,CH ,CHF,2.434038,,11/5/2025
20251105,A83,Etica Bilanciato,216,DEERE & CO,0.006042247995295,0.0,AZ ,Industrials,US2441991054,2261203,DE US Equity,US ,USD,2.434038,,11/5/2025
20251105,A83,Etica Bilanciato,363,MERCK & CO. INC.,0.005988983356655,0.0,AZ ,Health Care,US58933Y1055,2778844,MRK US Equity,US ,USD,2.434038,,11/5/2025
20251105,A83,Etica Bilanciato,1706,TELECOM ITALIA SPA,0.005897760102504,0.0,AZ ,Communication Services,IT0003497168,7634394,TIT IM Equity,IT ,EUR,2.434038,,11/5/2025
20251105,A83,Etica Bilanciato,237094,BONOS Y OBLIG DEL ESTADO SPGB 3.45 07/30/66,0.005679576127233,0.0,OB ,SOVEREIGN,ES00000128E2,,LW0882867 Govt,ES ,EUR,2.434038,A,11/5/2025
20251105,A83,Etica Bilanciato,164953,AUD,0.005606993888408,0.0,LQ ,CASH,,,AUD,AU ,AUD,2.434038,,11/5/2025
20251105,A83,Etica Bilanciato,358,S&P GLOBAL INC,0.005497906091037,0.0,AZ ,Financials,US78409V1044,BYV2325,SPGI US Equity,US ,USD,2.434038,,11/5/2025
20251105,A83,Etica Bilanciato,556680,FRANCE (GOVT OF) FRTR 3.2 05/25/35,0.005396455346729,0.0,OB ,SOVEREIGN,FR001400X8V5,,YR1561277 Govt,FR ,EUR,2.434038,A,11/5/2025
20251105,A83,Etica Bilanciato,504096,NEDER WATERSCHAPSBANK NEDWBK 2 3/4 12/17/29,0.005328995081745,0.0,OB ,Quasi & Foreign Government,XS2579321337,,ZM4811604 Govt,NL ,EUR,2.434038,A,11/5/2025
20251105,A83,Etica Bilanciato,2706,TRANE TECHNOLOGIES PLC,0.005318226304153,0.0,AZ ,Industrials,IE00BK9ZQ967,BK9ZQ96,TT US Equity,US ,USD,2.434038,,11/5/2025
20251105,A83,Etica Bilanciato,1821,INTUIT INC,0.005132575362911,0.0,AZ ,Information Technology,US4612021034,2459020,INTU US Equity,US ,USD,2.434038,,11/5/2025
20251105,A83,Etica Bilanciato,4289,CRH PLC,0.005051871636388,0.0,SE ,Materials,IE0001827041,182704,CRH LN Equity,US ,USD,2.434038,,11/5/2025
20251105,A83,Etica Bilanciato,549,INTEL CORP,0.005046683189373,0.0,AZ ,Information Technology,US4581401001,2463247,INTC US Equity,US ,USD,2.434038,,11/5/2025
20251105,A83,Etica Bilanciato,212406,BUONI POLIENNALI DEL TES BTPS 2 1/2 12/01/32,0.005039912803268,0.0,OB ,SOVEREIGN,IT0005494239,,BW1525672 Govt,IT ,EUR,2.434038,B,11/5/2025
20251105,A83,Etica Bilanciato,30976,NABTESCO CORP,0.005021263525739,0.0,AZ ,Industrials,JP3651210001,6687571,6268 JP Equity,JP ,JPY,2.434038,,11/5/2025
20251105,A83,Etica Bilanciato,542,CISCO SYSTEMS INC,0.004973975129451,0.0,AZ ,Information Technology,US17275R1023,2198163,CSCO US Equity,US ,USD,2.434038,,11/5/2025
20251105,A83,Etica Bilanciato,100,ABBOTT LABORATORIES,0.004895433193258,0.0,AZ ,Health Care,US0028241000,2002305,ABT US Equity,US ,USD,2.434038,,11/5/2025
20251105,A83,Etica Bilanciato,459171,EUROPEAN UNION EU 0.2 06/04/36,0.004626273631259,0.0,OB ,Quasi & Foreign Government,EU000A3KM903,,BO4675365 Govt,SNA,EUR,2.434038,A,11/5/2025
20251105,A83,Etica Bilanciato,294625,BONOS Y OBLIG DEL ESTADO SPGB 2.35 07/30/33,0.004607553327599,0.0,OB ,SOVEREIGN,ES00000128Q6,,AM6067459 Govt,ES ,EUR,2.434038,A,11/5/2025
20251105,A83,Etica Bilanciato,497,UNION PACIFIC CORP,0.004603173768717,0.0,AZ ,Industrials,US9078181081,2914734,UNP US Equity,US ,USD,2.434038,,11/5/2025
20251105,A83,Etica Bilanciato,212348,EDP SA EDPPL 1 1/2 03/14/2082,0.004575113621474,0.0,OB ,UTILITY,PTEDPXOM0021,,BR3181418 Corp,PT ,EUR,2.434038,C,11/5/2025
20251105,A83,Etica Bilanciato,397638,PROSUS NV,0.004567232524766,0.0,AZ ,Consumer Discretionary,NL0013654783,BJDS7L3,PRX NA Equity,NL ,EUR,2.434038,,11/5/2025
20251105,A83,Etica Bilanciato,533,AMGEN INC,0.004560658564033,0.0,AZ ,Health Care,US0311621009,2023607,AMGN US Equity,US ,USD,2.434038,,11/5/2025
20251105,A83,Etica Bilanciato,344,LOWE'S COS INC,0.004528581422486,0.0,AZ ,Consumer Discretionary,US5486611073,2536763,LOW US Equity,US ,USD,2.434038,,11/5/2025
20251105,A83,Etica Bilanciato,498660,KONINKLIJKE KPN NV KPN 6 PERP,0.004435354563682,0.0,OB ,INDUSTRIAL,XS2486270858,,BZ0016577 Corp,NL ,EUR,2.434038,C,11/5/2025
20251105,A83,Etica Bilanciato,53583,LOGITECH INTERNATIONAL,0.004427409499212,0.0,SE ,Information Technology,CH0025751329,B1921K0,LOGI US Equity,CH ,CHF,2.434038,,11/5/2025
20251105,A83,Etica Bilanciato,191474,PALO ALTO NETWORKS INC,0.004318774661909,0.0,AZ ,Information Technology,US6974351057,B87ZMX0,PANW US Equity,US ,USD,2.434038,,11/5/2025
20251105,A83,Etica Bilanciato,236196,IMCD NV,0.00424856006881,0.0,AZ ,Industrials,NL0010801007,BNCBD46,IMCD NA Equity,NL ,EUR,2.434038,,11/5/2025
20251105,A83,Etica Bilanciato,49402,SARTORIUS STEDIM BIOTECH,0.00424321700646,0.0,AZ ,Health Care,FR0013154002,BYZ2QP5,DIM FP Equity,FR ,EUR,2.434038,,11/5/2025
20251105,A83,Etica Bilanciato,133,AUTOMATIC DATA PROCESSING,0.004215519331192,0.0,AZ ,Industrials,US0530151036,2065308,ADP US Equity,US ,USD,2.434038,,11/5/2025
20251105,A83,Etica Bilanciato,504092,EDP SA EDPPL 5.943 04/23/2083,0.004203201617017,0.0,OB ,UTILITY,PTEDP4OM0025,,ZM4793893 Corp,PT ,EUR,2.434038,C,11/5/2025
20251105,A83,Etica Bilanciato,3092,MTR CORP,0.004169534845225,0.0,AZ ,Industrials,HK0066009694,6290054,66 HK Equity,HK ,HKD,2.434038,,11/5/2025
20251105,A83,Etica Bilanciato,783,SYNOPSYS INC,0.004160450960144,0.0,AZ ,Information Technology,US8716071076,2867719,SNPS US Equity,US ,USD,2.434038,,11/5/2025
20251105,A83,Etica Bilanciato,1258,KAO CORP,0.004139826208549,0.0,AZ ,Consumer Staples,JP3205800000,6483809,4452 JP Equity,JP ,JPY,2.434038,,11/5/2025
20251105,A83,Etica Bilanciato,559,STRYKER CORP,0.004112573894798,0.0,AZ ,Health Care,US8636671013,2853688,SYK UN Equity,US ,USD,2.434038,,11/5/2025
20251105,A83,Etica Bilanciato,348394,KNORR-BREMSE AG,0.004061409841369,0.0,AZ ,Industrials,DE000KBX1006,BD2P9X9,KBX GR Equity,DE ,EUR,2.434038,,11/5/2025
20251105,A83,Etica Bilanciato,486,TJX COMPANIES INC,0.004050373740888,0.0,AZ ,Consumer Discretionary,US8725401090,2989301,TJX US Equity,US ,USD,2.434038,,11/5/2025
20251105,A83,Etica Bilanciato,335820,BONOS Y OBLIG DEL ESTADO SPGB 3.55 10/31/33,0.004022060310326,0.0,OB ,SOVEREIGN,ES0000012L78,,ZK9078195 Govt,ES ,EUR,2.434038,A,11/5/2025
20251105,A83,Etica Bilanciato,1619,LOREAL SA,0.00398941933263,0.0,AZ ,Consumer Staples,FR0000120321,4057808,OR FP Equity,FR ,EUR,2.434038,,11/5/2025
20251105,A83,Etica Bilanciato,149,VERIZON COMMUNICATIONS INC,0.003964334936409,0.0,AZ ,Communication Services,US92343V1044,2090571,VZ US Equity,US ,USD,2.434038,,11/5/2025
20251105,A83,Etica Bilanciato,2088,SAP SE,0.003961290314836,0.0,AZ ,Information Technology,DE0007164600,4846288,SAP GY Equity,DE ,EUR,2.434038,,11/5/2025
20251105,A83,Etica Bilanciato,1285,KUBOTA CORP,0.003939759185237,0.0,AZ ,Industrials,JP3266400005,6497509,6326 JT Equity,JP ,JPY,2.434038,,11/5/2025
20251105,A83,Etica Bilanciato,335524,AGENCE FRANCAISE DEVELOP AGFRNC 0 1/8 09/29/31,0.003881511888099,0.0,OB ,Quasi & Foreign Government,FR0014005NA6,,BR5562094 Govt,FR ,EUR,2.434038,A,11/5/2025
20251105,A83,Etica Bilanciato,1658,ATLAS COPCO AB-A SHS,0.003669780749468,0.0,AZ ,Industrials,SE0017486889,BLDBN41,ATCOA SS Equity,SE ,SEK,2.434038,,11/5/2025
20251105,A83,Etica Bilanciato,125,ANALOG DEVICES INC,0.003665209781183,0.0,AZ ,Information Technology,US0326541051,2032067,ADI US Equity,US ,USD,2.434038,,11/5/2025
20251105,A83,Etica Bilanciato,159,BOSTON SCIENTIFIC CORP,0.003629982240265,0.0,AZ ,Health Care,US1011371077,2113434,BSX US Equity,US ,USD,2.434038,,11/5/2025
20251105,A83,Etica Bilanciato,1288,KURITA WATER INDUSTRIES LTD,0.003618169343568,0.0,AZ ,Industrials,JP3270000007,6497963,6370 JP Equity,JP ,JPY,2.434038,,11/5/2025
20251105,A83,Etica Bilanciato,531,ADOBE INC,0.003590507937619,0.0,AZ ,Information Technology,US00724F1012,2008154,ADBE US Equity,US ,USD,2.434038,,11/5/2025
20251105,A83,Etica Bilanciato,2489,LENOVO GROUP LTD,0.003590317325627,0.0,AZ ,Information Technology,HK0992009065,6218089,992 HK Equity,CN ,CNY,2.434038,,11/5/2025
20251105,A83,Etica Bilanciato,670,WELLTOWER INC,0.003558605994889,0.0,AZ ,Real Estate,US95040Q1040,BYVYHH4,WELL US Equity,US ,USD,2.434038,,11/5/2025
20251105,A83,Etica Bilanciato,2170,DSV A/S,0.003554296175992,0.0,AZ ,Industrials,DK0060079531,B1WT5G2,DSV DC Equity,DK ,DKK,2.434038,,11/5/2025
20251105,A83,Etica Bilanciato,40461,VERTEX PHARMACEUTICALS INC,0.003551317291917,0.0,AZ ,Health Care,US92532F1003,2931034,VRTX US Equity,US ,USD,2.434038,,11/5/2025
20251105,A83,Etica Bilanciato,454,SONY GROUP CORP,0.003528669648623,0.0,AZ ,Consumer Discretionary,JP3435000009,6821506,6758 JP Equity,JP ,JPY,2.434038,,11/5/2025
20251105,A83,Etica Bilanciato,667,GILEAD SCIENCES INC,0.003481830770676,0.0,AZ ,Health Care,US3755581036,2369174,GILD US Equity,US ,USD,2.434038,,11/5/2025
20251105,A83,Etica Bilanciato,128479,BELGIUM KINGDOM BGB 3.3 06/22/54,0.003480002930746,0.0,OB ,SOVEREIGN,BE0000358672,,ZL0747895 Govt,BE ,EUR,2.434038,A,11/5/2025
20251105,A83,Etica Bilanciato,1404,OBAYASHI CORP,0.003463399885895,0.0,AZ ,Industrials,JP3190000004,6656407,1802 JP Equity,JP ,JPY,2.434038,,11/5/2025
20251105,A83,Etica Bilanciato,4264,AUTODESK INC,0.003448100869691,0.0,AZ ,Information Technology,US0527691069,2065159,ADSK US Equity,US ,USD,2.434038,,11/5/2025
20251105,A83,Etica Bilanciato,18091,PROLOGIS INC,0.003437871023314,0.0,AZ ,Real Estate,US74340W1036,B44WZD7,PLD UN Equity,US ,USD,2.434038,,11/5/2025
20251105,A83,Etica Bilanciato,3760,ABB LTD,0.003404732584895,0.0,AZ ,Industrials,CH0012221716,7108899,ABBN SW Equity,CH ,CHF,2.434038,,11/5/2025
20251105,A83,Etica Bilanciato,3033,STMICROELECTRONICS NV,0.003369068680338,0.0,SE ,Information Technology,NL0000226223,5962343,STMMI IM Equity,FR ,EUR,2.434038,,11/5/2025
20251105,A83,Etica Bilanciato,1545,TOTO LTD,0.003355390794668,0.0,AZ ,Industrials,JP3596200000,6897466,5332 JP Equity,JP ,JPY,2.434038,,11/5/2025
20251105,A83,Etica Bilanciato,1337,MURATA MANUFACTURING CO LTD,0.00334534777387,0.0,AZ ,Information Technology,JP3914400001,6610403,6981 JP Equity,JP ,JPY,2.434038,,11/5/2025
20251105,A83,Etica Bilanciato,414446,TELEFONICA EUROPE BV TELEFO 2.502 PERP,0.003335997111226,0.0,OB ,INDUSTRIAL,XS2109819859,,ZP7077248 Corp,ES ,EUR,2.434038,C,11/5/2025
20251105,A83,Etica Bilanciato,233530,ZALANDO SE,0.003259525880498,0.0,AZ ,Consumer Discretionary,DE000ZAL1111,BQV0SV7,ZAL GR Equity,DE ,EUR,2.434038,,11/5/2025
20251105,A83,Etica Bilanciato,2566,UNITED PARCEL SERVICE-CL B,0.003234464871558,0.0,AZ ,Industrials,US9113121068,2517382,UPS US Equity,US ,USD,2.434038,,11/5/2025
20251105,A83,Etica Bilanciato,424846,OTIS WORLDWIDE CORP,0.003193336677666,0.0,AZ ,Industrials,US68902V1070,BK531S8,OTIS US Equity,US ,USD,2.434038,,11/5/2025
20251105,A83,Etica Bilanciato,392,NOVO NORDISK A/S-B,0.00317405008389,0.0,AZ ,Health Care,DK0062498333,BP6KMJ1,NOVOB DC Equity,DK ,DKK,2.434038,,11/5/2025
20251105,A83,Etica Bilanciato,3014,ANHEUSER-BUSCH INBEV SA/NV,0.003150604597887,0.0,AZ ,Consumer Staples,BE0974293251,BYYHL23,ABI BB Equity,BE ,EUR,2.434038,,11/5/2025
20251105,A83,Etica Bilanciato,2955,VOESTALPINE AG,0.003143471467143,0.0,AZ ,Materials,AT0000937503,4943402,VOE AV Equity,AT ,EUR,2.434038,,11/5/2025
20251105,A83,Etica Bilanciato,520,WESTERN DIGITAL CORP,0.003075334972278,0.0,AZ ,Information Technology,US9581021055,2954699,WDC US Equity,US ,USD,2.434038,,11/5/2025
20251105,A83,Etica Bilanciato,1609,ESSILORLUXOTTICA,0.002943174537504,0.0,AZ ,Health Care,FR0000121667,7212477,EL FP Equity,FR ,EUR,2.434038,,11/5/2025
20251105,A83,Etica Bilanciato,1526,TOKYO ELECTRON LTD,0.002897621620425,0.0,AZ ,Information Technology,JP3571400005,6895675,8035 JP Equity,JP ,JPY,2.434038,,11/5/2025
20251105,A83,Etica Bilanciato,232,ECOLAB INC,0.002889863412401,0.0,AZ ,Materials,US2788651006,2304227,ECL US Equity,US ,USD,2.434038,,11/5/2025
20251105,A83,Etica Bilanciato,471,TDK CORP,0.002878350475836,0.0,AZ ,Information Technology,JP3538800008,6869302,6762 JP Equity,JP ,JPY,2.434038,,11/5/2025
20251105,A83,Etica Bilanciato,166783,XYLEM INC,0.002806672860712,0.0,AZ ,Industrials,US98419M1009,B3P2CN8,XYL US Equity,US ,USD,2.434038,,11/5/2025
20251105,A83,Etica Bilanciato,411899,Etica Sustainable Global Equity - Class S,0.00275485461166,0.0,FO ,No Sector,LU2052491334,,MUSGESE LX Equity,DEV,MUL,2.434038,,11/5/2025
20251105,A83,Etica Bilanciato,302,HONDA MOTOR CO LTD,0.00275037034505,0.0,AZ ,Consumer Discretionary,JP3854600008,6435145,7267 JP Equity,JP ,JPY,2.434038,,11/5/2025
20251105,A83,Etica Bilanciato,3013,NOVARTIS AG,0.002733440706555,0.0,AZ ,Health Care,CH0012005267,7103065,NOVN SW Equity,CH ,CHF,2.434038,,11/5/2025
20251105,A83,Etica Bilanciato,1790,CHINA OVERSEAS LAND & INVEST,0.002721875444422,0.0,AZ ,Real Estate,HK0688002218,6192150,688 HK Equity,CN ,CNY,2.434038,,11/5/2025
20251105,A83,Etica Bilanciato,236299,VONOVIA SE,0.002717306040091,0.0,AZ ,Real Estate,DE000A1ML7J1,BBJPFY1,VNA GR Equity,DE ,EUR,2.434038,,11/5/2025
20251105,A83,Etica Bilanciato,239153,BUNDESREPUB. DEUTSCHLAND DBR 0 08/15/31,0.00270680244524,0.0,OB ,SOVEREIGN,DE0001030732,,BR2433760 Govt,DE ,EUR,2.434038,A,11/5/2025
20251105,A83,Etica Bilanciato,3011,DEUTSCHE TELEKOM AG,0.002694756632634,0.0,AZ ,Communication Services,DE0005557508,5842359,DTE GR Equity,DE ,EUR,2.434038,,11/5/2025
20251105,A83,Etica Bilanciato,57392,EQUINIX INC,0.002624258161374,0.0,AZ ,Real Estate,US29444U7000,BVLZX12,EQIX US Equity,US ,USD,2.434038,,11/5/2025
20251105,A83,Etica Bilanciato,4223,COLGATE-PALMOLIVE CO,0.002603046608206,0.0,AZ ,Consumer Staples,US1941621039,2209106,CL US Equity,US ,USD,2.434038,,11/5/2025
20251105,A83,Etica Bilanciato,23406,IBIDEN CO LTD,0.002596508134816,0.0,AZ ,Information Technology,JP3148800000,6456102,4062 JP Equity,JP ,JPY,2.434038,,11/5/2025
20251105,A83,Etica Bilanciato,565111,BONOS Y OBLIG DEL ESTADO SPGB 3.2 10/31/35,0.00257753539155,0.0,OB ,SOVEREIGN,ES0000012P33,,YO9201485 Govt,ES ,EUR,2.434038,A,11/5/2025
20251105,A83,Etica Bilanciato,1733,ROCHE HOLDING AG-GENUSSCHEIN,0.002575829174737,0.0,AZ ,Health Care,CH0012032048,7110388,ROG SW Equity,CH ,CHF,2.434038,,11/5/2025
20251105,A83,Etica Bilanciato,405936,CARRIER GLOBAL CORP,0.002572560712302,0.0,AZ ,Industrials,US14448C1045,BK4N0D7,CARR US Equity,US ,USD,2.434038,,11/5/2025
20251105,A83,Etica Bilanciato,49977,TE CONNECTIVITY PLC,0.002471841893145,0.0,AZ ,Information Technology,IE000IVNQZ81,BRC3N84,TEL US Equity,US ,USD,2.434038,,11/5/2025
20251105,A83,Etica Bilanciato,344928,IRELAND GOVERNMENT BOND IRISH 1.35 03/18/31,0.002457184185385,0.0,OB ,SOVEREIGN,IE00BFZRQ242,,AU9204705 Govt,IE ,EUR,2.434038,A,11/5/2025
20251105,A83,Etica Bilanciato,184644,ZOETIS INC,0.002437097197186,0.0,AZ ,Health Care,US98978V1035,B95WG16,ZTS US Equity,US ,USD,2.434038,,11/5/2025
20251105,A83,Etica Bilanciato,17897,SK HYNIX INC,0.002406397049924,0.0,AZ ,Information Technology,KR7000660001,6450267,000660 KS Equity,KR ,KRW,2.434038,,11/5/2025
20251105,A83,Etica Bilanciato,514999,BUNDESREPUB. DEUTSCHLAND DBR 1.8 08/15/53,0.002390539882337,0.0,OB ,SOVEREIGN,DE0001030757,,ZK9574730 Govt,DE ,EUR,2.434038,A,11/5/2025
20251105,A83,Etica Bilanciato,405921,Etica Sustainable Dynamic Allocation - Class S,0.002373882428365,0.0,FO ,No Sector,LU2052490872,,MUSDASE LX Equity,DEV,MUL,2.434038,,11/5/2025
20251105,A83,Etica Bilanciato,2831,BREMBO N.V.,0.002339542343668,0.0,AZ ,Consumer Discretionary,NL0015001KT6,BSMM753,BRE IM Equity,IT ,EUR,2.434038,,11/5/2025
20251105,A83,Etica Bilanciato,164963,SGD,0.002330193589665,0.0,LQ ,CASH,,,SGD,SG ,SGD,2.434038,,11/5/2025
20251105,A83,Etica Bilanciato,3371,ERG SPA,0.002307659399888,0.0,AZ ,Utilities,IT0001157020,5337093,ERG IM Equity,IT ,EUR,2.434038,,11/5/2025
20251105,A83,Etica Bilanciato,2867,DARDEN RESTAURANTS INC,0.002302063578967,0.0,AZ ,Consumer Discretionary,US2371941053,2289874,DRI UN Equity,US ,USD,2.434038,,11/5/2025
20251105,A83,Etica Bilanciato,1146,BRIDGESTONE CORP,0.002299730494558,0.0,AZ ,Consumer Discretionary,JP3830800003,6132101,5108 JP Equity,JP ,JPY,2.434038,,11/5/2025
20251105,A83,Etica Bilanciato,1040,TATE & LYLE PLC,0.002293747204126,0.0,AZ ,Consumer Staples,GB00BP92CJ43,BP92CJ4,TATE LN Equity,GB ,GBP,2.434038,,11/5/2025
20251105,A83,Etica Bilanciato,504076,TELEFONICA EUROPE BV TELEFO 6.135 PERP,0.002273316249021,0.0,OB ,INDUSTRIAL,XS2582389156,,ZM6546588 Corp,ES ,EUR,2.434038,C,11/5/2025
20251105,A83,Etica Bilanciato,23355,RALPH LAUREN CORP,0.002224646634743,0.0,AZ ,Consumer Discretionary,US7512121010,B4V9661,RL US Equity,US ,USD,2.434038,,11/5/2025
20251105,A83,Etica Bilanciato,1575,ASTELLAS PHARMA INC,0.002211481602391,0.0,AZ ,Health Care,JP3942400007,6985383,4503 JP Equity,JP ,JPY,2.434038,,11/5/2025
20251105,A83,Etica Bilanciato,4266,MCCORMICK & CO-NON VTG SHRS,0.002135872758328,0.0,AZ ,Consumer Staples,US5797802064,2550161,MKC UN Equity,US ,USD,2.434038,,11/5/2025
20251105,A83,Etica Bilanciato,276440,DELL TECHNOLOGIES -C,0.002133765989327,0.0,AZ ,Information Technology,US24703L2025,BHKD3S6,DELL US Equity,US ,USD,2.434038,,11/5/2025
20251105,A83,Etica Bilanciato,534121,TERNA RETE ELETTRICA TRNIM 4 3/4 PERP,0.002079253845588,0.0,OB ,UTILITY,XS2798269069,,ZB2049300 Corp,IT ,EUR,2.434038,B,11/5/2025
20251105,A83,Etica Bilanciato,405993,SSE PLC SSELN 3 1/8 PERP,0.002075305289688,0.0,OB ,UTILITY,XS2195190520,,BK2936866 Corp,GB ,EUR,2.434038,B,11/5/2025
20251105,A83,Etica Bilanciato,1340,NEC CORP,0.002072903766875,0.0,AZ ,Information Technology,JP3733000008,6640400,6701 JP Equity,JP ,JPY,2.434038,,11/5/2025
20251105,A83,Etica Bilanciato,100272,AMERICAN WATER WORKS CO INC,0.002059332451268,0.0,AZ ,Utilities,US0304201033,B2R3PV1,AWK US Equity,US ,USD,2.434038,,11/5/2025
20251105,A83,Etica Bilanciato,188,THE CIGNA GROUP,0.00204793258752,0.0,AZ ,Health Care,US1255231003,BHJ0775,CI US Equity,US ,USD,2.434038,,11/5/2025
20251105,A83,Etica Bilanciato,3065,ELEVANCE HEALTH INC,0.002046769597652,0.0,AZ ,Health Care,US0367521038,BSPHGL4,ELV US Equity,US ,USD,2.434038,,11/5/2025
20251105,A83,Etica Bilanciato,1001,PERSIMMON PLC,0.001992050538732,0.0,AZ ,Consumer Discretionary,GB0006825383,682538,PSN LN Equity,GB ,GBP,2.434038,,11/5/2025
20251105,A83,Etica Bilanciato,651,EXPEDITORS INTL WASH INC,0.001983377417839,0.0,AZ ,Industrials,US3021301094,2325507,EXPD US Equity,US ,USD,2.434038,,11/5/2025
20251105,A83,Etica Bilanciato,239132,REPUBLIKA SLOVENIJA SLOREP 0 1/8 07/01/31,0.001980284997934,0.0,OB ,SOVEREIGN,SI0002104196,,BQ1964585 Govt,SI ,EUR,2.434038,A,11/5/2025
20251105,A83,Etica Bilanciato,3119,INTERPUMP GROUP SPA,0.001960384691265,0.0,AZ ,Industrials,IT0001078911,5161407,IP IM Equity,IT ,EUR,2.434038,,11/5/2025
20251105,A83,Etica Bilanciato,1457,SHIMIZU CORP,0.001953850168916,0.0,AZ ,Industrials,JP3358800005,6804400,1803 JP Equity,JP ,JPY,2.434038,,11/5/2025
20251105,A83,Etica Bilanciato,389755,Etica Sustainable Conservative Allocation - Class S,0.001905675705441,0.0,FO ,No Sector,LU2052490286,,MUSCASS LX Equity,5A ,EUR,2.434038,,11/5/2025
20251105,A83,Etica Bilanciato,349,MASCO CORP,0.001872741898007,0.0,AZ ,Industrials,US5745991068,2570200,MAS US Equity,US ,USD,2.434038,,11/5/2025
20251105,A83,Etica Bilanciato,88166,REXEL SA,0.001863434280099,0.0,AZ ,Industrials,FR0010451203,B1VP0K0,RXL FP Equity,FR ,EUR,2.434038,,11/5/2025
20251105,A83,Etica Bilanciato,2658,ASSA ABLOY AB-B,0.001861958237132,0.0,AZ ,Industrials,SE0007100581,BYPC1T4,ASSAB SS Equity,SE ,SEK,2.434038,,11/5/2025
20251105,A83,Etica Bilanciato,148,BECTON DICKINSON AND CO,0.001859014361954,0.0,AZ ,Health Care,US0758871091,2087807,BDX US Equity,US ,USD,2.434038,,11/5/2025
20251105,A83,Etica Bilanciato,469,SYSCO CORP,0.00181081303346,0.0,AZ ,Consumer Staples,US8718291078,2868165,SYY US Equity,US ,USD,2.434038,,11/5/2025
20251105,A83,Etica Bilanciato,4275,HASBRO INC,0.001808697518666,0.0,AZ ,Consumer Discretionary,US4180561072,2414580,HAS US Equity,US ,USD,2.434038,,11/5/2025
20251105,A83,Etica Bilanciato,318,INTL FLAVORS & FRAGRANCES,0.001806276091455,0.0,AZ ,Materials,US4595061015,2464165,IFF US Equity,US ,USD,2.434038,,11/5/2025
20251105,A83,Etica Bilanciato,366,MICRON TECHNOLOGY INC,0.001801254298104,0.0,AZ ,Information Technology,US5951121038,2588184,MU US Equity,US ,USD,2.434038,,11/5/2025
20251105,A83,Etica Bilanciato,51209,TELEFONICA EUROPE BV TELEFO 7 1/8 PERP,0.001793797650178,0.0,OB ,INDUSTRIAL,XS2462605671,,ZN3747385 Corp,ES ,EUR,2.434038,C,11/5/2025
20251105,A83,Etica Bilanciato,432910,SSE PLC SSELN 3.74 PERP,0.001782113702486,0.0,OB ,UTILITY,XS2195190876,,BK2909863 Corp,GB ,GBP,2.434038,B,11/5/2025
20251105,A83,Etica Bilanciato,19461,DICK'S SPORTING GOODS INC,0.001780417898312,0.0,AZ ,Consumer Discretionary,US2533931026,2969637,DKS US Equity,US ,USD,2.434038,,11/5/2025
20251105,A83,Etica Bilanciato,336,KYOCERA CORP,0.001719337401437,0.0,AZ ,Information Technology,JP3249600002,6499260,6971 JP Equity,JP ,JPY,2.434038,,11/5/2025
20251105,A83,Etica Bilanciato,336003,TELEFONICA EUROPE BV TELEFO 5.7522 PERP,0.00168692351598,0.0,OB ,INDUSTRIAL,XS2755535577,,ZD4852251 Corp,ES ,EUR,2.434038,C,11/5/2025
20251105,A83,Etica Bilanciato,18074,ESTEE LAUDER COMPANIES-CL A,0.001654825225047,0.0,AZ ,Consumer Staples,US5184391044,2320524,EL US Equity,US ,USD,2.434038,,11/5/2025
20251105,A83,Etica Bilanciato,500911,ORSTED A/S ORSTED 5 1/4 12/08/3022,0.001650058669956,0.0,OB ,UTILITY,XS2563353361,,ZN6806667 Corp,DK ,EUR,2.434038,C,11/5/2025
20251105,A83,Etica Bilanciato,1088,ORICA LTD,0.001648099334451,0.0,AZ ,Materials,AU000000ORI1,6458001,ORI AU Equity,AU ,AUD,2.434038,,11/5/2025
20251105,A83,Etica Bilanciato,152,BEST BUY CO INC,0.001636684638867,0.0,AZ ,Consumer Discretionary,US0865161014,2094670,BBY US Equity,US ,USD,2.434038,,11/5/2025
20251105,A83,Etica Bilanciato,2298,TRACTOR SUPPLY COMPANY,0.001603798233633,0.0,AZ ,Consumer Discretionary,US8923561067,2900335,TSCO US Equity,US ,USD,2.434038,,11/5/2025
20251105,A83,Etica Bilanciato,31928,DIGITAL REALTY TRUST INC,0.001599924845254,0.0,AZ ,Real Estate,US2538681030,B03GQS4,DLR US Equity,US ,USD,2.434038,,11/5/2025
20251105,A83,Etica Bilanciato,1734,NOKIA OYJ,0.001597035657007,0.0,AZ ,Information Technology,FI0009000681,5902941,NOKIA FH Equity,FI ,EUR,2.434038,,11/5/2025
20251105,A83,Etica Bilanciato,34107,DAIICHI SANKYO CO LTD,0.001564457443238,0.0,AZ ,Health Care,JP3475350009,B0J7D91,4568 JP Equity,JP ,JPY,2.434038,,11/5/2025
20251105,A83,Etica Bilanciato,2985,CANADIAN NATL RAILWAY CO,0.001555409930368,0.0,AZ ,Industrials,CA1363751027,2180632,CNR CN Equity,CA ,CAD,2.434038,,11/5/2025
20251105,A83,Etica Bilanciato,242496,PAYPAL HOLDINGS INC,0.001552116300626,0.0,AZ ,Financials,US70450Y1038,BYW36M8,PYPL US Equity,US ,USD,2.434038,,11/5/2025
20251105,A83,Etica Bilanciato,406149,CAISSE D'AMORT DETTE SOC CADES 0 11/25/26,0.001509019752773,0.0,OB ,Quasi & Foreign Government,FR0014004016,,BP9677991 Govt,FR ,EUR,2.434038,A,11/5/2025
20251105,A83,Etica Bilanciato,492162,KOMMUNEKREDIT KOMMUN 1 1/2 05/16/29,0.001482730561792,0.0,OB ,Quasi & Foreign Government,XS2489343793,,BW8977538 Govt,DK ,EUR,2.434038,A,11/5/2025
20251105,A83,Etica Bilanciato,23481,CBRE GROUP INC,0.001437165570373,0.0,AZ ,Real Estate,US12504L1098,B6WVMH3,CBRE US Equity,US ,USD,2.434038,,11/5/2025
20251105,A83,Etica Bilanciato,1138,ASICS CORP,0.001434256822416,0.0,AZ ,Consumer Discretionary,JP3118000003,6057378,7936 JP Equity,JP ,JPY,2.434038,,11/5/2025
20251105,A83,Etica Bilanciato,253654,FERRARI NV,0.001364816818506,0.0,AZ ,Consumer Discretionary,NL0011585146,BZ1GMK5,RACE US Equity,IT ,EUR,2.434038,,11/5/2025
20251105,A83,Etica Bilanciato,406189,ERG SPA ERGIM 0 7/8 09/15/31,0.001359871982991,0.0,OB ,UTILITY,XS2386650274,,BR3380614 Corp,IT ,EUR,2.434038,NR,11/5/2025
20251105,A83,Etica Bilanciato,237464,INFINEON TECHNOLOGIES AG IFXGR 3 5/8 PERP,0.001321927535665,0.0,OB ,INDUSTRIAL,XS2056730679,,ZR7968624 Corp,DE ,EUR,2.434038,B,11/5/2025
20251105,A83,Etica Bilanciato,3837,AGILENT TECHNOLOGIES INC,0.001316769524011,0.0,AZ ,Health Care,US00846U1016,2520153,A US Equity,US ,USD,2.434038,,11/5/2025
20251105,A83,Etica Bilanciato,239100,FORVIA SE EOFP 2 3/8 06/15/29,0.001298248135703,0.0,OB ,INDUSTRIAL,XS2312733871,,BO6324905 Corp,FR ,EUR,2.434038,C,11/5/2025
20251105,A83,Etica Bilanciato,336777,ULTA BEAUTY INC,0.001293633613367,0.0,AZ ,Consumer Discretionary,US90384S3031,B28TS42,ULTA UW Equity,US ,USD,2.434038,,11/5/2025
20251105,A83,Etica Bilanciato,335212,LEVI STRAUSS & CO- CLASS A,0.001292550452012,0.0,AZ ,Consumer Discretionary,US52736R1023,BHRWS81,LEVI US Equity,US ,USD,2.434038,,11/5/2025
20251105,A83,Etica Bilanciato,406011,ERG SPA ERGIM 0 1/2 09/11/27,0.001288185848437,0.0,OB ,UTILITY,XS2229434852,,ZO3431582 Corp,IT ,EUR,2.434038,NR,11/5/2025
20251105,A83,Etica Bilanciato,57810,VENTAS INC,0.001268408919188,0.0,AZ ,Real Estate,US92276F1003,2927925,VTR US Equity,US ,USD,2.434038,,11/5/2025
20251105,A83,Etica Bilanciato,3385,YUM! BRANDS INC,0.001261679694902,0.0,AZ ,Consumer Discretionary,US9884981013,2098876,YUM UN Equity,US ,USD,2.434038,,11/5/2025
20251105,A83,Etica Bilanciato,1,LG ELECTRONICS INC,0.001253235667491,0.0,AZ ,Consumer Discretionary,KR7066570003,6520739,066570 KS Equity,KR ,KRW,2.434038,,11/5/2025
20251105,A83,Etica Bilanciato,343334,GODADDY INC - CLASS A,0.001241128629188,0.0,AZ ,Information Technology,US3802371076,BWFRFC6,GDDY US Equity,US ,USD,2.434038,,11/5/2025
20251105,A83,Etica Bilanciato,50381,LULULEMON ATHLETICA INC,0.001222148909865,0.0,AZ ,Consumer Discretionary,US5500211090,B23FN39,LULU US Equity,US ,USD,2.434038,,11/5/2025
20251105,A83,Etica Bilanciato,335356,TAKEDA PHARMACEUTICAL TACHEM 1 07/09/29,0.001205569375764,0.0,OB ,INDUSTRIAL,XS2197348597,,BK2909210 Corp,JP ,EUR,2.434038,B,11/5/2025
20251105,A83,Etica Bilanciato,67156,KEURIG DR PEPPER INC,0.001204599930301,0.0,AZ ,Consumer Staples,US49271V1008,BD3W133,KDP US Equity,US ,USD,2.434038,,11/5/2025
20251105,A83,Etica Bilanciato,1755,SWIRE PACIFIC LTD - CL A,0.001169791132821,0.0,AZ ,Industrials,HK0019000162,6867748,19 HK Equity,HK ,HKD,2.434038,,11/5/2025
20251105,A83,Etica Bilanciato,387,NORSK HYDRO ASA,0.001150931961397,0.0,AZ ,Materials,NO0005052605,B11HK39,NHY NO Equity,NO ,NOK,2.434038,,11/5/2025
20251105,A83,Etica Bilanciato,335227,NEXI SPA,0.001135605709764,0.0,AZ ,Financials,IT0005366767,BJ1F880,NEXI IM Equity,IT ,EUR,2.434038,,11/5/2025
20251105,A83,Etica Bilanciato,58909,EDWARDS LIFESCIENCES CORP,0.001129592750515,0.0,AZ ,Health Care,US28176E1082,2567116,EW US Equity,US ,USD,2.434038,,11/5/2025
20251105,A83,Etica Bilanciato,454000,ORSTED A/S ORSTED 1 1/2 02/18/3021,0.00110404699312,0.0,OB ,UTILITY,XS2293075680,,BO0165460 Corp,DK ,EUR,2.434038,C,11/5/2025
20251105,A83,Etica Bilanciato,173,CADENCE DESIGN SYS INC,0.001095881740443,0.0,AZ ,Information Technology,US1273871087,2302232,CDNS US Equity,US ,USD,2.434038,,11/5/2025
20251105,A83,Etica Bilanciato,335766,NOKIA OYJ NOKIA 4 3/8 08/21/31,0.00108804828773,0.0,OB ,INDUSTRIAL,XS2488809612,,ZM9740188 Corp,FI ,EUR,2.434038,C,11/5/2025
20251105,A83,Etica Bilanciato,1010,RELX PLC,0.001085531958373,0.0,AZ ,Industrials,GB00B2B0DG97,B2B0DG9,REL LN Equity,GB ,GBP,2.434038,,11/5/2025
20251105,A83,Etica Bilanciato,406118,CAISSE FRANCAISE DE FIN CAFFIL 0.01 04/27/29,0.001082456026861,0.0,OB ,Covered,FR00140033E4,,BP1529455 Govt,FR ,EUR,2.434038,A,11/5/2025
20251105,A83,Etica Bilanciato,405955,NOKIA OYJ NOKIA 3 1/8 05/15/28,0.001053741802315,0.0,OB ,INDUSTRIAL,XS2171872570,,BJ3268486 Corp,FI ,EUR,2.434038,C,11/5/2025
20251105,A83,Etica Bilanciato,164726,SEK,0.001048806602607,0.0,LQ ,CASH,,,SEK,SE ,SEK,2.434038,,11/5/2025
20251105,A83,Etica Bilanciato,321288,INMOBILIARIA COLONIAL SO COLSM 1 5/8 11/28/25,0.001043091242125,0.0,OB ,INDUSTRIAL,XS1725677543,,AQ1248246 Corp,ES ,EUR,2.434038,B,11/5/2025
20251105,A83,Etica Bilanciato,235482,MERLIN PROPERTIES SOCIMI SA,0.001038545986472,0.0,AZ ,Real Estate,ES0105025003,BNGNB77,MRL SM Equity,ES ,EUR,2.434038,,11/5/2025
20251105,A83,Etica Bilanciato,24041,TERNA-RETE ELETTRICA NAZIONA,0.001010563903151,0.0,AZ ,Utilities,IT0003242622,B01BN57,TRN IM Equity,IT ,EUR,2.434038,,11/5/2025
20251105,A83,Etica Bilanciato,407318,ORSTED A/S ORSTED 1 3/4 12/09/3019,0.00100081699948,0.0,OB ,UTILITY,XS2010036874,,ZQ8044799 Corp,DK ,EUR,2.434038,C,11/5/2025
20251105,A83,Etica Bilanciato,443609,ORANGE SA ORAFP 1 3/4 PERP,0.000985729976161,0.0,OB ,INDUSTRIAL,FR00140005L7,,ZO8379513 Corp,FR ,EUR,2.434038,B,11/5/2025
20251105,A83,Etica Bilanciato,3466,COGNIZANT TECH SOLUTIONS-A,0.000985597611152,0.0,AZ ,Information Technology,US1924461023,2257019,CTSH US Equity,US ,USD,2.434038,,11/5/2025
20251105,A83,Etica Bilanciato,18075,BE SEMICONDUCTOR INDUSTRIES,0.000980705929482,0.0,AZ ,Information Technology,NL0012866412,BG0SCK9,BESI NA Equity,NL ,EUR,2.434038,,11/5/2025
20251105,A83,Etica Bilanciato,58318,AZBIL CORP,0.00097328629684,0.0,AZ ,Information Technology,JP3937200008,6985543,6845 JP Equity,JP ,JPY,2.434038,,11/5/2025
20251105,A83,Etica Bilanciato,312,INGERSOLL-RAND INC,0.00097155348767,0.0,AZ ,Industrials,US45687V1061,BL5GZ82,IR UN Equity,US ,USD,2.434038,,11/5/2025
20251105,A83,Etica Bilanciato,1122,AJINOMOTO CO INC,0.000937012553261,0.0,AZ ,Consumer Staples,JP3119600009,6010906,2802 JP Equity,JP ,JPY,2.434038,,11/5/2025
20251105,A83,Etica Bilanciato,50261,DIASORIN SPA,0.000929113568833,0.0,AZ ,Health Care,IT0003492391,B234WN9,DIA IM Equity,IT ,EUR,2.434038,,11/5/2025
20251105,A83,Etica Bilanciato,17956,RENESAS ELECTRONICS CORP,0.000910075988371,0.0,AZ ,Information Technology,JP3164720009,6635677,6723 JP Equity,JP ,JPY,2.434038,,11/5/2025
20251105,A83,Etica Bilanciato,481243,CAISSE D'AMORT DETTE SOC CADES 0.45 01/19/32,0.000889370363911,0.0,OB ,Quasi & Foreign Government,FR0014007RB1,,BT4620824 Govt,FR ,EUR,2.434038,A,11/5/2025
20251105,A83,Etica Bilanciato,222506,ORORA LTD,0.000880838328097,0.0,AZ ,Materials,AU000000ORA8,BH4TCW7,ORA AU Equity,AU ,AUD,2.434038,,11/5/2025
20251105,A83,Etica Bilanciato,382187,NOKIA OYJ NOKIA 2 03/11/26,0.000880304958176,0.0,OB ,INDUSTRIAL,XS1960685383,,AX4993215 Corp,FI ,EUR,2.434038,C,11/5/2025
20251105,A83,Etica Bilanciato,2297,AVALONBAY COMMUNITIES INC,0.000877838407817,0.0,AZ ,Real Estate,US0534841012,2131179,AVB US Equity,US ,USD,2.434038,,11/5/2025
20251105,A83,Etica Bilanciato,4106,ZIMMER BIOMET HOLDINGS INC,0.000831176045702,0.0,AZ ,Health Care,US98956P1021,2783815,ZBH US Equity,US ,USD,2.434038,,11/5/2025
20251105,A83,Etica Bilanciato,31968,PENTAIR PLC,0.000819636624817,0.0,AZ ,Industrials,IE00BLS09M33,BLS09M3,PNR UN Equity,US ,USD,2.434038,,11/5/2025
20251105,A83,Etica Bilanciato,335772,BONOS Y OBLIG DEL ESTADO SPGB 3.9 07/30/39,0.00081142279183,0.0,OB ,SOVEREIGN,ES0000012L60,,ZL1845482 Govt,ES ,EUR,2.434038,A,11/5/2025
20251105,A83,Etica Bilanciato,235835,RAI WAY SPA,0.000807093505826,0.0,AZ ,Communication Services,IT0005054967,BSM8WL2,RWAY IM Equity,IT ,EUR,2.434038,,11/5/2025
20251105,A83,Etica Bilanciato,212462,ORSTED A/S ORSTED 3 3/4 03/01/30,0.000806291809822,0.0,OB ,UTILITY,XS2591029876,,ZL2347488 Corp,DK ,EUR,2.434038,B,11/5/2025
20251105,A83,Etica Bilanciato,212398,TELIA COMPANY AB TELIAS 2 3/4 06/30/2083,0.000777323921259,0.0,OB ,INDUSTRIAL,XS2443749648,,BV4439170 Corp,SE ,EUR,2.434038,B,11/5/2025
20251105,A83,Etica Bilanciato,451544,EDP SA EDPPL 1 7/8 08/02/2081,0.000768354060744,0.0,OB ,UTILITY,PTEDPROM0029,,BN7191719 Corp,PT ,EUR,2.434038,C,11/5/2025
20251105,A83,Etica Bilanciato,164955,CHF,0.00076485051653,0.0,LQ ,CASH,,,CHF,CH ,CHF,2.434038,,11/5/2025
20251105,A83,Etica Bilanciato,3478,SOL SPA,0.000754289276612,0.0,AZ ,Materials,IT0001206769,5490684,SOL IM Equity,IT ,EUR,2.434038,,11/5/2025
20251105,A83,Etica Bilanciato,58590,SYSMEX CORP,0.000752522641801,0.0,AZ ,Health Care,JP3351100007,6883807,6869 JP Equity,JP ,JPY,2.434038,,11/5/2025
20251105,A83,Etica Bilanciato,164959,JPY,0.000748290279765,0.0,LQ ,CASH,,,JPY,JP ,JPY,2.434038,,11/5/2025
20251105,A83,Etica Bilanciato,3245,EDP SA,0.000725393859808,0.0,AZ ,Utilities,PTEDP0AM0009,4103596,EDP PL Equity,PT ,EUR,2.434038,,11/5/2025
20251105,A83,Etica Bilanciato,211955,TECHNOGYM SPA,0.000718389384829,0.0,AZ ,Consumer Discretionary,IT0005162406,BD9Y5C0,TGYM IM Equity,IT ,EUR,2.434038,,11/5/2025
20251105,A83,Etica Bilanciato,212828,PRYSMIAN SPA PRYIM 3 7/8 11/28/31,0.000713450270092,0.0,OB ,INDUSTRIAL,XS2948434266,,YT3439742 Corp,IT ,EUR,2.434038,B,11/5/2025
20251105,A83,Etica Bilanciato,536433,EDP SA EDPPL 4 3/4 05/29/54,0.000653602096649,0.0,OB ,UTILITY,PTEDPZOM0011,,YX2446822 Corp,PT ,EUR,2.434038,C,11/5/2025
20251105,A83,Etica Bilanciato,1093,LENDLEASE GROUP,0.000612264837141,0.0,AZ ,Real Estate,AU000000LLC3,6512004,LLC AU Equity,AU ,AUD,2.434038,,11/5/2025
20251105,A83,Etica Bilanciato,476807,SOCIETE FONCIERE LYONNAI FLYFP 0 1/2 04/21/28,0.000588860842209,0.0,OB ,INDUSTRIAL,FR00140060E7,,BR9645093 Corp,FR ,EUR,2.434038,B,11/5/2025
20251105,A83,Etica Bilanciato,1024,SSE PLC,0.000556766795557,0.0,AZ ,Utilities,GB0007908733,790873,SSE LN Equity,GB ,GBP,2.434038,,11/5/2025
20251105,A83,Etica Bilanciato,5574,ERG SPA ERGIM 4 1/8 07/03/30,0.000544804639036,0.0,OB ,UTILITY,XS2853679053,,YX9810210 Corp,IT ,EUR,2.434038,NR,11/5/2025
20251105,A83,Etica Bilanciato,128611,BRITISH TELECOMMUNICATIO BRITEL 5 1/8 10/03/54,0.000539447506248,0.0,OB ,INDUSTRIAL,XS2794589403,,ZB0014470 Corp,GB ,EUR,2.434038,C,11/5/2025
20251105,A83,Etica Bilanciato,239013,KLEPIERRE SA LIFP 2 05/12/29,0.000504523531815,0.0,OB ,INDUSTRIAL,FR0013512233,,BJ2958731 Corp,FR ,EUR,2.434038,A,11/5/2025
20251105,A83,Etica Bilanciato,237336,OBRIGACOES DO TESOURO PGB 2 1/4 04/18/34,0.000496323980195,0.0,OB ,SOVEREIGN,PTOTEWOE0017,,AS1769569 Govt,PT ,EUR,2.434038,A,11/5/2025
20251105,A83,Etica Bilanciato,677,BIOGEN INC,0.000496015011896,0.0,AZ ,Health Care,US09062X1037,2455965,BIIB US Equity,US ,USD,2.434038,,11/5/2025
20251105,A83,Etica Bilanciato,23349,CORBION NV,0.000478081150547,0.0,AZ ,Materials,NL0010583399,BFRSRR7,CRBN NA Equity,NL ,EUR,2.434038,,11/5/2025
20251105,A83,Etica Bilanciato,172066,ALLINEAMENTO NAV,0.000450539222424,0.0,OT ,CASH,,,ALLINEAMENTO NAV,5A ,EUR,2.434038,,11/5/2025
20251105,A83,Etica Bilanciato,503621,A2A SPA AEMSPA 4 3/8 02/03/34,0.000449571773059,0.0,OB ,UTILITY,XS2583205906,,ZM7159977 Corp,IT ,EUR,2.434038,B,11/5/2025
20251105,A83,Etica Bilanciato,3672,AMPLIFON SPA,0.000430924579087,0.0,AZ ,Health Care,IT0004056880,B14NJ71,AMP IM Equity,IT ,EUR,2.434038,,11/5/2025
20251105,A83,Etica Bilanciato,247914,INFRASTRUTTURE WIRELESS ITAL,0.000418560435038,0.0,AZ ,Communication Services,IT0005090300,BZ0P4R4,INW IM Equity,IT ,EUR,2.434038,,11/5/2025
20251105,A83,Etica Bilanciato,58681,JONES LANG LASALLE INC,0.000415162581164,0.0,AZ ,Real Estate,US48020Q1076,2040640,JLL US Equity,US ,USD,2.434038,,11/5/2025
20251105,A83,Etica Bilanciato,51536,RENAULT SA RENAUL 3 7/8 09/30/30,0.000413571860268,0.0,OB ,INDUSTRIAL,FR0014010DR1,,YK3273678 Corp,FR ,EUR,2.434038,C,11/5/2025
20251105,A83,Etica Bilanciato,170146,EUR C/MARGINI,0.00038518227957,0.0,OT ,CASH,,,EUR C/MARGINI,5A ,EUR,2.434038,,11/5/2025
20251105,A83,Etica Bilanciato,235231,ORANGE SA ORAFP 5 PERP,0.000354674997629,0.0,OB ,INDUSTRIAL,XS1115498260,,EK5085239 Corp,FR ,EUR,2.434038,B,11/5/2025
20251105,A83,Etica Bilanciato,63,HERA SPA,0.000327610908783,0.0,AZ ,Utilities,IT0001250932,7598003,HER IM Equity,IT ,EUR,2.434038,,11/5/2025
20251105,A83,Etica Bilanciato,3321,BXP INC,0.000305834809514,0.0,AZ ,Real Estate,US1011211018,2019479,BXP US Equity,US ,USD,2.434038,,11/5/2025
20251105,A83,Etica Bilanciato,48675,PRYSMIAN SPA,0.000294646228699,0.0,AZ ,Industrials,IT0004176001,B1W4V69,PRY IM Equity,IT ,EUR,2.434038,,11/5/2025
20251105,A83,Etica Bilanciato,494559,SSE PLC SSELN 2 7/8 08/01/29,0.000260522170243,0.0,OB ,UTILITY,XS2510903862,,BY0600829 Corp,GB ,EUR,2.434038,B,11/5/2025
20251105,A83,Etica Bilanciato,3476,A2A SPA,0.000237879594365,0.0,AZ ,Utilities,IT0001233417,5499131,A2A IM Equity,IT ,EUR,2.434038,,11/5/2025
20251105,A83,Etica Bilanciato,164725,HKD,0.000227856966699,0.0,LQ ,CASH,,,HKD,HK ,HKD,2.434038,,11/5/2025
20251105,A83,Etica Bilanciato,185030,NETHERLANDS GOVERNMENT NETHER 0 1/2 01/15/40,0.00018178321705,0.0,OB ,SOVEREIGN,NL0013552060,,ZS0947771 Govt,NL ,EUR,2.434038,A,11/5/2025
20251105,A83,Etica Bilanciato,164722,DKK,0.00016330529019,0.0,LQ ,CASH,,,DKK,DK ,DKK,2.434038,,11/5/2025
20251105,A83,Etica Bilanciato,447577,STORA ENSO OYJ STERV 0 5/8 12/02/30,0.000138923479557,0.0,OB ,INDUSTRIAL,XS2265360359,,BM7557275 Corp,FI ,EUR,2.434038,B,11/5/2025
20251105,A83,Etica Bilanciato,1464,SHISEIDO CO LTD,0.000126700286829,0.0,AZ ,Consumer Staples,JP3351600006,6805265,4911 JP Equity,JP ,JPY,2.434038,,11/5/2025
20251105,A83,Etica Bilanciato,164960,NOK,0.000106437122341,0.0,LQ ,CASH,,,NOK,NO ,NOK,2.434038,,11/5/2025
20251105,A83,Etica Bilanciato,314765,PIRELLI & C SPA,0.000098737547145,0.0,AZ ,Consumer Discretionary,IT0005278236,BZ5ZHK3,PIRC IM Equity,IT ,EUR,2.434038,,11/5/2025
20251105,A83,Etica Bilanciato,50594,BROADCOM INC,0.0,0.008847434401188,AZ ,Information Technology,US11135F1012,BDZ78H9,AVGO US Equity,US ,USD,2.434038,,11/5/2025
20251105,A83,Etica Bilanciato,3255,AMAZON.COM INC,0.0,0.013185225358902,AZ ,Consumer Discretionary,US0231351067,2000019,AMZN US Equity,US ,USD,2.434038,,11/5/2025
20251105,A83,Etica Bilanciato,553,MICROSOFT CORP,0.0,0.014821664739378,AZ ,Information Technology,US5949181045,2588173,MSFT US Equity,US ,USD,2.434038,,11/5/2025
20251105,A83,Etica Bilanciato,534,APPLE INC,0.0,0.022390529719374,AZ ,Information Technology,US0378331005,2046251,AAPL US Equity,US ,USD,2.434038,,11/5/2025
20251105,A83,Etica Bilanciato,184686,TESLA INC,0.0,0.005535323487288,AZ ,Consumer Discretionary,US88160R1014,B616C79,TSLA US Equity,US ,USD,2.434038,,11/5/2025
20251105,A83,Etica Bilanciato,227088,ALPHABET INC-CL A,0.0,0.009150181663974,AZ ,Communication Services,US02079K3059,BYVY8G0,GOOGL US Equity,US ,USD,2.434038,,11/5/2025
20251105,A83,Etica Bilanciato,28663,ALPHABET INC-CL C,0.0,0.00777280162356,AZ ,Communication Services,US02079K1079,BYY88Y7,GOOG US Equity,US ,USD,2.434038,,11/5/2025
20251105,A83,Etica Bilanciato,164736,DEBITI COMPENSO REVISIONE,-0.000002482781522,0.0,CD ,CASH,,,DEBITI COMPENSO REVISIONE,5A ,EUR,2.434038,,11/5/2025
20251105,A83,Etica Bilanciato,164733,DEBITI COMMISSIONE GESTIONE,-0.000020040414278,0.0,CD ,CASH,,,DEBITI COMMISSIONE GESTIONE,5A ,EUR,2.434038,,11/5/2025
20251105,A83,Etica Bilanciato,164730,DEBITI COMMISSIONE DEPOSITARIA,-0.000104782346226,0.0,CD ,CASH,,,DEBITI COMMISSIONE DEPOSITARIA,5A ,EUR,2.434038,,11/5/2025
20251105,A83,Etica Bilanciato,179420,DEBITI COMMISSIONE AMMINISTRAZIONE,-0.002262368846318,0.0,CD ,CASH,,,DEBITI COMMISSIONE AMMINISTRAZIONE,5A ,EUR,2.434038,,11/5/2025
20251105,A83,Etica Bilanciato,571448,Euro-BTP Future   Dec25,-0.012462240981304,0.0,FU ,SOVEREIGN,,,IKZ5 Comdty,IT ,EUR,2.434038,,11/5/2025
20251105,A88,Etica Azionario,3458,NVIDIA CORP,0.075317472908062,0.058791567590487,AZ ,Information Technology,US67066G1040,2379504,NVDA US Equity,US ,USD,3.559065,,11/5/2025
20251105,A88,Etica Azionario,571126,AUSTRIAN T-BILL RATB 0 11/27/25,0.028075563589636,0.0,OB ,SOVEREIGN,AT0000A3MUA7,,YL5192205 Govt,AT ,EUR,3.559065,A,11/5/2025
20251105,A88,Etica Azionario,65876,VISA INC-CLASS A SHARES,0.026783049452689,0.009700038698778,AZ ,Financials,US92826C8394,B2PZN04,V US Equity,US ,USD,3.559065,,11/5/2025
20251105,A88,Etica Azionario,45465,MASTERCARD INC - A,0.026160792753955,0.007458877026963,AZ ,Financials,US57636Q1040,B121557,MA US Equity,US ,USD,3.559065,,11/5/2025
20251105,A88,Etica Azionario,554,ORACLE CORP,0.02352791426956,0.0,AZ ,Information Technology,US68389X1054,2661568,ORCL US Equity,US ,USD,3.559065,,11/5/2025
20251105,A88,Etica Azionario,164727,USD,0.019718713981331,0.0,LQ ,CASH,,,USD,US ,USD,3.559065,,11/5/2025
20251105,A88,Etica Azionario,164724,GBP,0.018715479288959,0.0,LQ ,CASH,,,GBP,GB ,GBP,3.559065,,11/5/2025
20251105,A88,Etica Azionario,574251,AUSTRIAN T-BILL RATB 0 03/26/26,0.014770984383466,0.0,OB ,SOVEREIGN,AT0000A3MUC3,,YK2495496 Govt,AT ,EUR,3.559065,A,11/5/2025
20251105,A88,Etica Azionario,201018,ABBVIE INC,0.013001444251296,0.0,AZ ,Health Care,US00287Y1091,B92SR70,ABBV US Equity,US ,USD,3.559065,,11/5/2025
20251105,A88,Etica Azionario,577,APPLIED MATERIALS INC,0.012933852161421,0.0,AZ ,Information Technology,US0382221051,2046552,AMAT US Equity,US ,USD,3.559065,,11/5/2025
20251105,A88,Etica Azionario,300,HOME DEPOT INC,0.012834296594966,0.0,AZ ,Consumer Discretionary,US4370761029,2434209,HD US Equity,US ,USD,3.559065,,11/5/2025
20251105,A88,Etica Azionario,427,PROCTER & GAMBLE CO/THE,0.011632760947882,0.0,AZ ,Consumer Staples,US7427181091,2704407,PG US Equity,US ,USD,3.559065,,11/5/2025
20251105,A88,Etica Azionario,2839,ASML HOLDING NV,0.010913069066422,0.0,AZ ,Information Technology,NL0010273215,B929F46,ASML NA Equity,NL ,EUR,3.559065,,11/5/2025
20251105,A88,Etica Azionario,480,TEXAS INSTRUMENTS INC,0.010831764902754,0.0,AZ ,Information Technology,US8825081040,2885409,TXN US Equity,US ,USD,3.559065,,11/5/2025
20251105,A88,Etica Azionario,221482,SERVICENOW INC,0.010784026237448,0.0,AZ ,Information Technology,US81762P1021,B80NXX8,NOW US Equity,US ,USD,3.559065,,11/5/2025
20251105,A88,Etica Azionario,756,QUALCOMM INC,0.010502839349674,0.0,AZ ,Information Technology,US7475251036,2714923,QCOM US Equity,US ,USD,3.559065,,11/5/2025
20251105,A88,Etica Azionario,23568,SALESFORCE INC,0.010312619263241,0.0,AZ ,Information Technology,US79466L3024,2310525,CRM US Equity,US ,USD,3.559065,,11/5/2025
20251105,A88,Etica Azionario,705,LAM RESEARCH CORP,0.010170822736557,0.0,AZ ,Information Technology,US5128073062,BSML4N7,LRCX US Equity,US ,USD,3.559065,,11/5/2025
20251105,A88,Etica Azionario,222389,MONCLER SPA,0.010011504488239,0.0,AZ ,Consumer Discretionary,IT0004965148,BGLP232,MONC IM Equity,IT ,EUR,3.559065,,11/5/2025
20251105,A88,Etica Azionario,214,DANAHER CORP,0.00936351050881,0.0,AZ ,Health Care,US2358511028,2250870,DHR US Equity,US ,USD,3.559065,,11/5/2025
20251105,A88,Etica Azionario,542,CISCO SYSTEMS INC,0.009316168195143,0.0,AZ ,Information Technology,US17275R1023,2198163,CSCO US Equity,US ,USD,3.559065,,11/5/2025
20251105,A88,Etica Azionario,423,NEW LINDE PLC,0.009122448165351,0.0,AZ ,Materials,IE000S9YS762,BNZHB81,LIN US Equity,US ,USD,3.559065,,11/5/2025
20251105,A88,Etica Azionario,360,MEDTRONIC PLC,0.009063209201984,0.0,AZ ,Health Care,IE00BTN1Y115,BTN1Y11,MDT US Equity,US ,USD,3.559065,,11/5/2025
20251105,A88,Etica Azionario,363,MERCK & CO. INC.,0.009058844787495,0.0,AZ ,Health Care,US58933Y1055,2778844,MRK US Equity,US ,USD,3.559065,,11/5/2025
20251105,A88,Etica Azionario,411899,Etica Sustainable Global Equity - Class S,0.008852961074062,0.0,FO ,No Sector,LU2052491334,,MUSGESE LX Equity,DEV,MUL,3.559065,,11/5/2025
20251105,A88,Etica Azionario,1706,TELECOM ITALIA SPA,0.008729824172184,0.0,AZ ,Communication Services,IT0003497168,7634394,TIT IM Equity,IT ,EUR,3.559065,,11/5/2025
20251105,A88,Etica Azionario,164953,AUD,0.008698916712998,0.0,LQ ,CASH,,,AUD,AU ,AUD,3.559065,,11/5/2025
20251105,A88,Etica Azionario,2703,LONZA GROUP AG-REG,0.00861828271326,0.0,AZ ,Health Care,CH0013841017,7333378,LONN SW Equity,CH ,CHF,3.559065,,11/5/2025
20251105,A88,Etica Azionario,216,DEERE & CO,0.008604889800576,0.0,AZ ,Industrials,US2441991054,2261203,DE US Equity,US ,USD,3.559065,,11/5/2025
20251105,A88,Etica Azionario,1821,INTUIT INC,0.007978487396614,0.0,AZ ,Information Technology,US4612021034,2459020,INTU US Equity,US ,USD,3.559065,,11/5/2025
20251105,A88,Etica Azionario,358,S&P GLOBAL INC,0.00783032796629,0.0,AZ ,Financials,US78409V1044,BYV2325,SPGI US Equity,US ,USD,3.559065,,11/5/2025
20251105,A88,Etica Azionario,405921,Etica Sustainable Dynamic Allocation - Class S,0.007628674356808,0.0,FO ,No Sector,LU2052490872,,MUSDASE LX Equity,DEV,MUL,3.559065,,11/5/2025
20251105,A88,Etica Azionario,30976,NABTESCO CORP,0.007583441019408,0.0,AZ ,Industrials,JP3651210001,6687571,6268 JP Equity,JP ,JPY,3.559065,,11/5/2025
20251105,A88,Etica Azionario,2706,TRANE TECHNOLOGIES PLC,0.007573896804476,0.0,AZ ,Industrials,IE00BK9ZQ967,BK9ZQ96,TT US Equity,US ,USD,3.559065,,11/5/2025
20251105,A88,Etica Azionario,4289,CRH PLC,0.007537227582135,0.0,SE ,Materials,IE0001827041,182704,CRH LN Equity,US ,USD,3.559065,,11/5/2025
20251105,A88,Etica Azionario,549,INTEL CORP,0.007187428247829,0.0,AZ ,Information Technology,US4581401001,2463247,INTC US Equity,US ,USD,3.559065,,11/5/2025
20251105,A88,Etica Azionario,100,ABBOTT LABORATORIES,0.007049624434044,0.0,AZ ,Health Care,US0028241000,2002305,ABT US Equity,US ,USD,3.559065,,11/5/2025
20251105,A88,Etica Azionario,397638,PROSUS NV,0.006885008425454,0.0,AZ ,Consumer Discretionary,NL0013654783,BJDS7L3,PRX NA Equity,NL ,EUR,3.559065,,11/5/2025
20251105,A88,Etica Azionario,344,LOWE'S COS INC,0.006694824875982,0.0,AZ ,Consumer Discretionary,US5486611073,2536763,LOW US Equity,US ,USD,3.559065,,11/5/2025
20251105,A88,Etica Azionario,533,AMGEN INC,0.006495433119367,0.0,AZ ,Health Care,US0311621009,2023607,AMGN US Equity,US ,USD,3.559065,,11/5/2025
20251105,A88,Etica Azionario,53583,LOGITECH INTERNATIONAL,0.006305464394006,0.0,SE ,Information Technology,CH0025751329,B1921K0,LOGI US Equity,CH ,CHF,3.559065,,11/5/2025
20251105,A88,Etica Azionario,1619,LOREAL SA,0.006256148753748,0.0,AZ ,Consumer Staples,FR0000120321,4057808,OR FP Equity,FR ,EUR,3.559065,,11/5/2025
20251105,A88,Etica Azionario,497,UNION PACIFIC CORP,0.006237267741406,0.0,AZ ,Industrials,US9078181081,2914734,UNP US Equity,US ,USD,3.559065,,11/5/2025
20251105,A88,Etica Azionario,191474,PALO ALTO NETWORKS INC,0.006150834962107,0.0,AZ ,Information Technology,US6974351057,B87ZMX0,PANW US Equity,US ,USD,3.559065,,11/5/2025
20251105,A88,Etica Azionario,389755,Etica Sustainable Conservative Allocation - Class S,0.006124051980337,0.0,FO ,No Sector,LU2052490286,,MUSCASS LX Equity,5A ,EUR,3.559065,,11/5/2025
20251105,A88,Etica Azionario,783,SYNOPSYS INC,0.006107893616424,0.0,AZ ,Information Technology,US8716071076,2867719,SNPS US Equity,US ,USD,3.559065,,11/5/2025
20251105,A88,Etica Azionario,236196,IMCD NV,0.006049523108534,0.0,AZ ,Industrials,NL0010801007,BNCBD46,IMCD NA Equity,NL ,EUR,3.559065,,11/5/2025
20251105,A88,Etica Azionario,133,AUTOMATIC DATA PROCESSING,0.006003788007875,0.0,AZ ,Industrials,US0530151036,2065308,ADP US Equity,US ,USD,3.559065,,11/5/2025
20251105,A88,Etica Azionario,49402,SARTORIUS STEDIM BIOTECH,0.005951382547522,0.0,AZ ,Health Care,FR0013154002,BYZ2QP5,DIM FP Equity,FR ,EUR,3.559065,,11/5/2025
20251105,A88,Etica Azionario,3092,MTR CORP,0.005935444215474,0.0,AZ ,Industrials,HK0066009694,6290054,66 HK Equity,HK ,HKD,3.559065,,11/5/2025
20251105,A88,Etica Azionario,1285,KUBOTA CORP,0.00592405999253,0.0,AZ ,Industrials,JP3266400005,6497509,6326 JT Equity,JP ,JPY,3.559065,,11/5/2025
20251105,A88,Etica Azionario,1258,KAO CORP,0.005895119511431,0.0,AZ ,Consumer Staples,JP3205800000,6483809,4452 JP Equity,JP ,JPY,3.559065,,11/5/2025
20251105,A88,Etica Azionario,486,TJX COMPANIES INC,0.005871237944682,0.0,AZ ,Consumer Discretionary,US8725401090,2989301,TJX US Equity,US ,USD,3.559065,,11/5/2025
20251105,A88,Etica Azionario,149,VERIZON COMMUNICATIONS INC,0.00586398519243,0.0,AZ ,Communication Services,US92343V1044,2090571,VZ US Equity,US ,USD,3.559065,,11/5/2025
20251105,A88,Etica Azionario,559,STRYKER CORP,0.005857056908239,0.0,AZ ,Health Care,US8636671013,2853688,SYK UN Equity,US ,USD,3.559065,,11/5/2025
20251105,A88,Etica Azionario,125,ANALOG DEVICES INC,0.005671717151422,0.0,AZ ,Information Technology,US0326541051,2032067,ADI US Equity,US ,USD,3.559065,,11/5/2025
20251105,A88,Etica Azionario,1658,ATLAS COPCO AB-A SHS,0.005661471046573,0.0,AZ ,Industrials,SE0017486889,BLDBN41,ATCOA SS Equity,SE ,SEK,3.559065,,11/5/2025
20251105,A88,Etica Azionario,164723,EUR,0.005647497212728,0.0,LQ ,CASH,,,EUR,5A ,EUR,3.559065,,11/5/2025
20251105,A88,Etica Azionario,2088,SAP SE,0.005641590442472,0.0,AZ ,Information Technology,DE0007164600,4846288,SAP GY Equity,DE ,EUR,3.559065,,11/5/2025
20251105,A88,Etica Azionario,348394,KNORR-BREMSE AG,0.005634525748112,0.0,AZ ,Industrials,DE000KBX1006,BD2P9X9,KBX GR Equity,DE ,EUR,3.559065,,11/5/2025
20251105,A88,Etica Azionario,531,ADOBE INC,0.005329729155037,0.0,AZ ,Information Technology,US00724F1012,2008154,ADBE US Equity,US ,USD,3.559065,,11/5/2025
20251105,A88,Etica Azionario,520,WESTERN DIGITAL CORP,0.005292112385442,0.0,AZ ,Information Technology,US9581021055,2954699,WDC US Equity,US ,USD,3.559065,,11/5/2025
20251105,A88,Etica Azionario,1288,KURITA WATER INDUSTRIES LTD,0.005248505290023,0.0,AZ ,Industrials,JP3270000007,6497963,6370 JP Equity,JP ,JPY,3.559065,,11/5/2025
20251105,A88,Etica Azionario,159,BOSTON SCIENTIFIC CORP,0.005169699427917,0.0,AZ ,Health Care,US1011371077,2113434,BSX US Equity,US ,USD,3.559065,,11/5/2025
20251105,A88,Etica Azionario,667,GILEAD SCIENCES INC,0.005168614329748,0.0,AZ ,Health Care,US3755581036,2369174,GILD US Equity,US ,USD,3.559065,,11/5/2025
20251105,A88,Etica Azionario,3033,STMICROELECTRONICS NV,0.005126118305153,0.0,SE ,Information Technology,NL0000226223,5962343,STMMI IM Equity,FR ,EUR,3.559065,,11/5/2025
20251105,A88,Etica Azionario,1337,MURATA MANUFACTURING CO LTD,0.005070079351406,0.0,AZ ,Information Technology,JP3914400001,6610403,6981 JP Equity,JP ,JPY,3.559065,,11/5/2025
20251105,A88,Etica Azionario,670,WELLTOWER INC,0.005068093939512,0.0,AZ ,Real Estate,US95040Q1040,BYVYHH4,WELL US Equity,US ,USD,3.559065,,11/5/2025
20251105,A88,Etica Azionario,1545,TOTO LTD,0.005065043466915,0.0,AZ ,Industrials,JP3596200000,6897466,5332 JP Equity,JP ,JPY,3.559065,,11/5/2025
20251105,A88,Etica Azionario,2170,DSV A/S,0.005059910073373,0.0,AZ ,Industrials,DK0060079531,B1WT5G2,DSV DC Equity,DK ,DKK,3.559065,,11/5/2025
20251105,A88,Etica Azionario,4264,AUTODESK INC,0.005034151283816,0.0,AZ ,Information Technology,US0527691069,2065159,ADSK US Equity,US ,USD,3.559065,,11/5/2025
20251105,A88,Etica Azionario,454,SONY GROUP CORP,0.005026215984745,0.0,AZ ,Consumer Discretionary,JP3435000009,6821506,6758 JP Equity,JP ,JPY,3.559065,,11/5/2025
20251105,A88,Etica Azionario,2489,LENOVO GROUP LTD,0.004964847081828,0.0,AZ ,Information Technology,HK0992009065,6218089,992 HK Equity,CN ,CNY,3.559065,,11/5/2025
20251105,A88,Etica Azionario,3760,ABB LTD,0.004960835042363,0.0,AZ ,Industrials,CH0012221716,7108899,ABBN SW Equity,CH ,CHF,3.559065,,11/5/2025
20251105,A88,Etica Azionario,233530,ZALANDO SE,0.004944290874584,0.0,AZ ,Consumer Discretionary,DE000ZAL1111,BQV0SV7,ZAL GR Equity,DE ,EUR,3.559065,,11/5/2025
20251105,A88,Etica Azionario,1404,OBAYASHI CORP,0.004933528011447,0.0,AZ ,Industrials,JP3190000004,6656407,1802 JP Equity,JP ,JPY,3.559065,,11/5/2025
20251105,A88,Etica Azionario,18091,PROLOGIS INC,0.004896186707398,0.0,AZ ,Real Estate,US74340W1036,B44WZD7,PLD UN Equity,US ,USD,3.559065,,11/5/2025
20251105,A88,Etica Azionario,424846,OTIS WORLDWIDE CORP,0.004830263943365,0.0,AZ ,Industrials,US68902V1070,BK531S8,OTIS US Equity,US ,USD,3.559065,,11/5/2025
20251105,A88,Etica Azionario,40461,VERTEX PHARMACEUTICALS INC,0.004739378581424,0.0,AZ ,Health Care,US92532F1003,2931034,VRTX US Equity,US ,USD,3.559065,,11/5/2025
20251105,A88,Etica Azionario,2566,UNITED PARCEL SERVICE-CL B,0.004606515374977,0.0,AZ ,Industrials,US9113121068,2517382,UPS US Equity,US ,USD,3.559065,,11/5/2025
20251105,A88,Etica Azionario,392,NOVO NORDISK A/S-B,0.004524279750238,0.0,AZ ,Health Care,DK0062498333,BP6KMJ1,NOVOB DC Equity,DK ,DKK,3.559065,,11/5/2025
20251105,A88,Etica Azionario,3014,ANHEUSER-BUSCH INBEV SA/NV,0.004456421767169,0.0,AZ ,Consumer Staples,BE0974293251,BYYHL23,ABI BB Equity,BE ,EUR,3.559065,,11/5/2025
20251105,A88,Etica Azionario,2955,VOESTALPINE AG,0.004450801489678,0.0,AZ ,Materials,AT0000937503,4943402,VOE AV Equity,AT ,EUR,3.559065,,11/5/2025
20251105,A88,Etica Azionario,1526,TOKYO ELECTRON LTD,0.004297733111874,0.0,AZ ,Information Technology,JP3571400005,6895675,8035 JP Equity,JP ,JPY,3.559065,,11/5/2025
20251105,A88,Etica Azionario,1609,ESSILORLUXOTTICA,0.00427020500754,0.0,AZ ,Health Care,FR0000121667,7212477,EL FP Equity,FR ,EUR,3.559065,,11/5/2025
20251105,A88,Etica Azionario,166783,XYLEM INC,0.004236216920363,0.0,AZ ,Industrials,US98419M1009,B3P2CN8,XYL US Equity,US ,USD,3.559065,,11/5/2025
20251105,A88,Etica Azionario,236299,VONOVIA SE,0.004210568419526,0.0,AZ ,Real Estate,DE000A1ML7J1,BBJPFY1,VNA GR Equity,DE ,EUR,3.559065,,11/5/2025
20251105,A88,Etica Azionario,302,HONDA MOTOR CO LTD,0.004153404887852,0.0,AZ ,Consumer Discretionary,JP3854600008,6435145,7267 JP Equity,JP ,JPY,3.559065,,11/5/2025
20251105,A88,Etica Azionario,49977,TE CONNECTIVITY PLC,0.004129517137925,0.0,AZ ,Information Technology,IE000IVNQZ81,BRC3N84,TEL US Equity,US ,USD,3.559065,,11/5/2025
20251105,A88,Etica Azionario,232,ECOLAB INC,0.00411558602422,0.0,AZ ,Materials,US2788651006,2304227,ECL US Equity,US ,USD,3.559065,,11/5/2025
20251105,A88,Etica Azionario,471,TDK CORP,0.004099567740702,0.0,AZ ,Information Technology,JP3538800008,6869302,6762 JP Equity,JP ,JPY,3.559065,,11/5/2025
20251105,A88,Etica Azionario,3013,NOVARTIS AG,0.00407089072251,0.0,AZ ,Health Care,CH0012005267,7103065,NOVN SW Equity,CH ,CHF,3.559065,,11/5/2025
20251105,A88,Etica Azionario,1733,ROCHE HOLDING AG-GENUSSCHEIN,0.004011551340362,0.0,AZ ,Health Care,CH0012032048,7110388,ROG SW Equity,CH ,CHF,3.559065,,11/5/2025
20251105,A88,Etica Azionario,4223,COLGATE-PALMOLIVE CO,0.003910254233835,0.0,AZ ,Consumer Staples,US1941621039,2209106,CL US Equity,US ,USD,3.559065,,11/5/2025
20251105,A88,Etica Azionario,23406,IBIDEN CO LTD,0.00388970576383,0.0,AZ ,Information Technology,JP3148800000,6456102,4062 JP Equity,JP ,JPY,3.559065,,11/5/2025
20251105,A88,Etica Azionario,3011,DEUTSCHE TELEKOM AG,0.003887718417626,0.0,AZ ,Communication Services,DE0005557508,5842359,DTE GR Equity,DE ,EUR,3.559065,,11/5/2025
20251105,A88,Etica Azionario,405936,CARRIER GLOBAL CORP,0.003858895664901,0.0,AZ ,Industrials,US14448C1045,BK4N0D7,CARR US Equity,US ,USD,3.559065,,11/5/2025
20251105,A88,Etica Azionario,3119,INTERPUMP GROUP SPA,0.00381034154751,0.0,AZ ,Industrials,IT0001078911,5161407,IP IM Equity,IT ,EUR,3.559065,,11/5/2025
20251105,A88,Etica Azionario,1790,CHINA OVERSEAS LAND & INVEST,0.003763040978562,0.0,AZ ,Real Estate,HK0688002218,6192150,688 HK Equity,CN ,CNY,3.559065,,11/5/2025
20251105,A88,Etica Azionario,57392,EQUINIX INC,0.003737731196854,0.0,AZ ,Real Estate,US29444U7000,BVLZX12,EQIX US Equity,US ,USD,3.559065,,11/5/2025
20251105,A88,Etica Azionario,17897,SK HYNIX INC,0.003560568147578,0.0,AZ ,Information Technology,KR7000660001,6450267,000660 KS Equity,KR ,KRW,3.559065,,11/5/2025
20251105,A88,Etica Azionario,2867,DARDEN RESTAURANTS INC,0.003482239398677,0.0,AZ ,Consumer Discretionary,US2371941053,2289874,DRI UN Equity,US ,USD,3.559065,,11/5/2025
20251105,A88,Etica Azionario,184644,ZOETIS INC,0.003470918445847,0.0,AZ ,Health Care,US98978V1035,B95WG16,ZTS US Equity,US ,USD,3.559065,,11/5/2025
20251105,A88,Etica Azionario,1146,BRIDGESTONE CORP,0.00341144103334,0.0,AZ ,Consumer Discretionary,JP3830800003,6132101,5108 JP Equity,JP ,JPY,3.559065,,11/5/2025
20251105,A88,Etica Azionario,2831,BREMBO N.V.,0.003393741173351,0.0,AZ ,Consumer Discretionary,NL0015001KT6,BSMM753,BRE IM Equity,IT ,EUR,3.559065,,11/5/2025
20251105,A88,Etica Azionario,23355,RALPH LAUREN CORP,0.003357540533413,0.0,AZ ,Consumer Discretionary,US7512121010,B4V9661,RL US Equity,US ,USD,3.559065,,11/5/2025
20251105,A88,Etica Azionario,1040,TATE & LYLE PLC,0.003323036382315,0.0,AZ ,Consumer Staples,GB00BP92CJ43,BP92CJ4,TATE LN Equity,GB ,GBP,3.559065,,11/5/2025
20251105,A88,Etica Azionario,3371,ERG SPA,0.003269055021628,0.0,AZ ,Utilities,IT0001157020,5337093,ERG IM Equity,IT ,EUR,3.559065,,11/5/2025
20251105,A88,Etica Azionario,4266,MCCORMICK & CO-NON VTG SHRS,0.003208441805583,0.0,AZ ,Consumer Staples,US5797802064,2550161,MKC UN Equity,US ,USD,3.559065,,11/5/2025
20251105,A88,Etica Azionario,276440,DELL TECHNOLOGIES -C,0.003158219751086,0.0,AZ ,Information Technology,US24703L2025,BHKD3S6,DELL US Equity,US ,USD,3.559065,,11/5/2025
20251105,A88,Etica Azionario,1575,ASTELLAS PHARMA INC,0.003149418046575,0.0,AZ ,Health Care,JP3942400007,6985383,4503 JP Equity,JP ,JPY,3.559065,,11/5/2025
20251105,A88,Etica Azionario,1340,NEC CORP,0.003077760236007,0.0,AZ ,Information Technology,JP3733000008,6640400,6701 JP Equity,JP ,JPY,3.559065,,11/5/2025
20251105,A88,Etica Azionario,651,EXPEDITORS INTL WASH INC,0.002933833191133,0.0,AZ ,Industrials,US3021301094,2325507,EXPD US Equity,US ,USD,3.559065,,11/5/2025
20251105,A88,Etica Azionario,100272,AMERICAN WATER WORKS CO INC,0.002932921850189,0.0,AZ ,Utilities,US0304201033,B2R3PV1,AWK US Equity,US ,USD,3.559065,,11/5/2025
20251105,A88,Etica Azionario,188,THE CIGNA GROUP,0.002916590406884,0.0,AZ ,Health Care,US1255231003,BHJ0775,CI US Equity,US ,USD,3.559065,,11/5/2025
20251105,A88,Etica Azionario,3065,ELEVANCE HEALTH INC,0.002914718094246,0.0,AZ ,Health Care,US0367521038,BSPHGL4,ELV US Equity,US ,USD,3.559065,,11/5/2025
20251105,A88,Etica Azionario,349,MASCO CORP,0.002832773277271,0.0,AZ ,Industrials,US5745991068,2570200,MAS US Equity,US ,USD,3.559065,,11/5/2025
20251105,A88,Etica Azionario,1001,PERSIMMON PLC,0.002816541029337,0.0,AZ ,Consumer Discretionary,GB0006825383,682538,PSN LN Equity,GB ,GBP,3.559065,,11/5/2025
20251105,A88,Etica Azionario,1457,SHIMIZU CORP,0.002783351150783,0.0,AZ ,Industrials,JP3358800005,6804400,1803 JP Equity,JP ,JPY,3.559065,,11/5/2025
20251105,A88,Etica Azionario,2658,ASSA ABLOY AB-B,0.002715297025399,0.0,AZ ,Industrials,SE0007100581,BYPC1T4,ASSAB SS Equity,SE ,SEK,3.559065,,11/5/2025
20251105,A88,Etica Azionario,336,KYOCERA CORP,0.002685022548411,0.0,AZ ,Information Technology,JP3249600002,6499260,6971 JP Equity,JP ,JPY,3.559065,,11/5/2025
20251105,A88,Etica Azionario,19461,DICK'S SPORTING GOODS INC,0.002675490303054,0.0,AZ ,Consumer Discretionary,US2533931026,2969637,DKS US Equity,US ,USD,3.559065,,11/5/2025
20251105,A88,Etica Azionario,366,MICRON TECHNOLOGY INC,0.002664399483487,0.0,AZ ,Information Technology,US5951121038,2588184,MU US Equity,US ,USD,3.559065,,11/5/2025
20251105,A88,Etica Azionario,88166,REXEL SA,0.002653877102996,0.0,AZ ,Industrials,FR0010451203,B1VP0K0,RXL FP Equity,FR ,EUR,3.559065,,11/5/2025
20251105,A88,Etica Azionario,148,BECTON DICKINSON AND CO,0.002647676780571,0.0,AZ ,Health Care,US0758871091,2087807,BDX US Equity,US ,USD,3.559065,,11/5/2025
20251105,A88,Etica Azionario,4275,HASBRO INC,0.002627952872092,0.0,AZ ,Consumer Discretionary,US4180561072,2414580,HAS US Equity,US ,USD,3.559065,,11/5/2025
20251105,A88,Etica Azionario,318,INTL FLAVORS & FRAGRANCES,0.0026244722057,0.0,AZ ,Materials,US4595061015,2464165,IFF US Equity,US ,USD,3.559065,,11/5/2025
20251105,A88,Etica Azionario,1088,ORICA LTD,0.002593061032417,0.0,AZ ,Materials,AU000000ORI1,6458001,ORI AU Equity,AU ,AUD,3.559065,,11/5/2025
20251105,A88,Etica Azionario,469,SYSCO CORP,0.002578946853654,0.0,AZ ,Consumer Staples,US8718291078,2868165,SYY US Equity,US ,USD,3.559065,,11/5/2025
20251105,A88,Etica Azionario,18074,ESTEE LAUDER COMPANIES-CL A,0.002483507448738,0.0,AZ ,Consumer Staples,US5184391044,2320524,EL US Equity,US ,USD,3.559065,,11/5/2025
20251105,A88,Etica Azionario,152,BEST BUY CO INC,0.002416194643432,0.0,AZ ,Consumer Discretionary,US0865161014,2094670,BBY US Equity,US ,USD,3.559065,,11/5/2025
20251105,A88,Etica Azionario,1734,NOKIA OYJ,0.002406725039951,0.0,AZ ,Information Technology,FI0009000681,5902941,NOKIA FH Equity,FI ,EUR,3.559065,,11/5/2025
20251105,A88,Etica Azionario,2298,TRACTOR SUPPLY COMPANY,0.002384823561611,0.0,AZ ,Consumer Discretionary,US8923561067,2900335,TSCO US Equity,US ,USD,3.559065,,11/5/2025
20251105,A88,Etica Azionario,242496,PAYPAL HOLDINGS INC,0.002296773170324,0.0,AZ ,Financials,US70450Y1038,BYW36M8,PYPL US Equity,US ,USD,3.559065,,11/5/2025
20251105,A88,Etica Azionario,31928,DIGITAL REALTY TRUST INC,0.002278660889046,0.0,AZ ,Real Estate,US2538681030,B03GQS4,DLR US Equity,US ,USD,3.559065,,11/5/2025
20251105,A88,Etica Azionario,34107,DAIICHI SANKYO CO LTD,0.002229212128599,0.0,AZ ,Health Care,JP3475350009,B0J7D91,4568 JP Equity,JP ,JPY,3.559065,,11/5/2025
20251105,A88,Etica Azionario,2985,CANADIAN NATL RAILWAY CO,0.002215160955429,0.0,AZ ,Industrials,CA1363751027,2180632,CNR CN Equity,CA ,CAD,3.559065,,11/5/2025
20251105,A88,Etica Azionario,164954,CAD,0.002130929139566,0.0,LQ ,CASH,,,CAD,CA ,CAD,3.559065,,11/5/2025
20251105,A88,Etica Azionario,1138,ASICS CORP,0.002127280171694,0.0,AZ ,Consumer Discretionary,JP3118000003,6057378,7936 JP Equity,JP ,JPY,3.559065,,11/5/2025
20251105,A88,Etica Azionario,23481,CBRE GROUP INC,0.002046859293212,0.0,AZ ,Real Estate,US12504L1098,B6WVMH3,CBRE US Equity,US ,USD,3.559065,,11/5/2025
20251105,A88,Etica Azionario,253654,FERRARI NV,0.002001176451981,0.0,AZ ,Consumer Discretionary,NL0011585146,BZ1GMK5,RACE US Equity,IT ,EUR,3.559065,,11/5/2025
20251105,A88,Etica Azionario,336777,ULTA BEAUTY INC,0.001955357994145,0.0,AZ ,Consumer Discretionary,US90384S3031,B28TS42,ULTA UW Equity,US ,USD,3.559065,,11/5/2025
20251105,A88,Etica Azionario,3385,YUM! BRANDS INC,0.001904413284833,0.0,AZ ,Consumer Discretionary,US9884981013,2098876,YUM UN Equity,US ,USD,3.559065,,11/5/2025
20251105,A88,Etica Azionario,3837,AGILENT TECHNOLOGIES INC,0.001875241033748,0.0,AZ ,Health Care,US00846U1016,2520153,A US Equity,US ,USD,3.559065,,11/5/2025
20251105,A88,Etica Azionario,335212,LEVI STRAUSS & CO- CLASS A,0.001848750099686,0.0,AZ ,Consumer Discretionary,US52736R1023,BHRWS81,LEVI US Equity,US ,USD,3.559065,,11/5/2025
20251105,A88,Etica Azionario,50381,LULULEMON ATHLETICA INC,0.001814948103026,0.0,AZ ,Consumer Discretionary,US5500211090,B23FN39,LULU US Equity,US ,USD,3.559065,,11/5/2025
20251105,A88,Etica Azionario,57810,VENTAS INC,0.001806399016061,0.0,AZ ,Real Estate,US92276F1003,2927925,VTR US Equity,US ,USD,3.559065,,11/5/2025
20251105,A88,Etica Azionario,67156,KEURIG DR PEPPER INC,0.00180471059511,0.0,AZ ,Consumer Staples,US49271V1008,BD3W133,KDP US Equity,US ,USD,3.559065,,11/5/2025
20251105,A88,Etica Azionario,1,LG ELECTRONICS INC,0.001784860642379,0.0,AZ ,Consumer Discretionary,KR7066570003,6520739,066570 KS Equity,KR ,KRW,3.559065,,11/5/2025
20251105,A88,Etica Azionario,164963,SGD,0.001781762440275,0.0,LQ ,CASH,,,SGD,SG ,SGD,3.559065,,11/5/2025
20251105,A88,Etica Azionario,343334,GODADDY INC - CLASS A,0.001767671026849,0.0,AZ ,Information Technology,US3802371076,BWFRFC6,GDDY US Equity,US ,USD,3.559065,,11/5/2025
20251105,A88,Etica Azionario,387,NORSK HYDRO ASA,0.001624873437008,0.0,AZ ,Materials,NO0005052605,B11HK39,NHY NO Equity,NO ,NOK,3.559065,,11/5/2025
20251105,A88,Etica Azionario,173,CADENCE DESIGN SYS INC,0.001621194363341,0.0,AZ ,Information Technology,US1273871087,2302232,CDNS US Equity,US ,USD,3.559065,,11/5/2025
20251105,A88,Etica Azionario,1755,SWIRE PACIFIC LTD - CL A,0.001614835989623,0.0,AZ ,Industrials,HK0019000162,6867748,19 HK Equity,HK ,HKD,3.559065,,11/5/2025
20251105,A88,Etica Azionario,58909,EDWARDS LIFESCIENCES CORP,0.001608752783867,0.0,AZ ,Health Care,US28176E1082,2567116,EW US Equity,US ,USD,3.559065,,11/5/2025
20251105,A88,Etica Azionario,1010,RELX PLC,0.001546016092504,0.0,AZ ,Industrials,GB00B2B0DG97,B2B0DG9,REL LN Equity,GB ,GBP,3.559065,,11/5/2025
20251105,A88,Etica Azionario,335227,NEXI SPA,0.00152768462252,0.0,AZ ,Financials,IT0005366767,BJ1F880,NEXI IM Equity,IT ,EUR,3.559065,,11/5/2025
20251105,A88,Etica Azionario,235482,MERLIN PROPERTIES SOCIMI SA,0.001479068210437,0.0,AZ ,Real Estate,ES0105025003,BNGNB77,MRL SM Equity,ES ,EUR,3.559065,,11/5/2025
20251105,A88,Etica Azionario,18075,BE SEMICONDUCTOR INDUSTRIES,0.001461864509164,0.0,AZ ,Information Technology,NL0012866412,BG0SCK9,BESI NA Equity,NL ,EUR,3.559065,,11/5/2025
20251105,A88,Etica Azionario,24041,TERNA-RETE ELETTRICA NAZIONA,0.001439222289387,0.0,AZ ,Utilities,IT0003242622,B01BN57,TRN IM Equity,IT ,EUR,3.559065,,11/5/2025
20251105,A88,Etica Azionario,222506,ORORA LTD,0.001422395480929,0.0,AZ ,Materials,AU000000ORA8,BH4TCW7,ORA AU Equity,AU ,AUD,3.559065,,11/5/2025
20251105,A88,Etica Azionario,3466,COGNIZANT TECH SOLUTIONS-A,0.001403663906414,0.0,AZ ,Information Technology,US1924461023,2257019,CTSH US Equity,US ,USD,3.559065,,11/5/2025
20251105,A88,Etica Azionario,1122,AJINOMOTO CO INC,0.001385634568999,0.0,AZ ,Consumer Staples,JP3119600009,6010906,2802 JP Equity,JP ,JPY,3.559065,,11/5/2025
20251105,A88,Etica Azionario,312,INGERSOLL-RAND INC,0.001383654464058,0.0,AZ ,Industrials,US45687V1061,BL5GZ82,IR UN Equity,US ,USD,3.559065,,11/5/2025
20251105,A88,Etica Azionario,58318,AZBIL CORP,0.001354379115917,0.0,AZ ,Information Technology,JP3937200008,6985543,6845 JP Equity,JP ,JPY,3.559065,,11/5/2025
20251105,A88,Etica Azionario,17956,RENESAS ELECTRONICS CORP,0.001328424597359,0.0,AZ ,Information Technology,JP3164720009,6635677,6723 JP Equity,JP ,JPY,3.559065,,11/5/2025
20251105,A88,Etica Azionario,50261,DIASORIN SPA,0.001323223734432,0.0,AZ ,Health Care,IT0003492391,B234WN9,DIA IM Equity,IT ,EUR,3.559065,,11/5/2025
20251105,A88,Etica Azionario,2297,AVALONBAY COMMUNITIES INC,0.00125014129647,0.0,AZ ,Real Estate,US0534841012,2131179,AVB US Equity,US ,USD,3.559065,,11/5/2025
20251105,A88,Etica Azionario,4106,ZIMMER BIOMET HOLDINGS INC,0.001183661451231,0.0,AZ ,Health Care,US98956P1021,2783815,ZBH US Equity,US ,USD,3.559065,,11/5/2025
20251105,A88,Etica Azionario,211955,TECHNOGYM SPA,0.001175068453781,0.0,AZ ,Consumer Discretionary,IT0005162406,BD9Y5C0,TGYM IM Equity,IT ,EUR,3.559065,,11/5/2025
20251105,A88,Etica Azionario,31968,PENTAIR PLC,0.00116735520355,0.0,AZ ,Industrials,IE00BLS09M33,BLS09M3,PNR UN Equity,US ,USD,3.559065,,11/5/2025
20251105,A88,Etica Azionario,235835,RAI WAY SPA,0.001149452092245,0.0,AZ ,Communication Services,IT0005054967,BSM8WL2,RWAY IM Equity,IT ,EUR,3.559065,,11/5/2025
20251105,A88,Etica Azionario,58590,SYSMEX CORP,0.001072143055231,0.0,AZ ,Health Care,JP3351100007,6883807,6869 JP Equity,JP ,JPY,3.559065,,11/5/2025
20251105,A88,Etica Azionario,3478,SOL SPA,0.001049670872853,0.0,AZ ,Materials,IT0001206769,5490684,SOL IM Equity,IT ,EUR,3.559065,,11/5/2025
20251105,A88,Etica Azionario,3245,EDP SA,0.00102448735032,0.0,AZ ,Utilities,PTEDP0AM0009,4103596,EDP PL Equity,PT ,EUR,3.559065,,11/5/2025
20251105,A88,Etica Azionario,164726,SEK,0.000875092937621,0.0,LQ ,CASH,,,SEK,SE ,SEK,3.559065,,11/5/2025
20251105,A88,Etica Azionario,1093,LENDLEASE GROUP,0.000871978434411,0.0,AZ ,Real Estate,AU000000LLC3,6512004,LLC AU Equity,AU ,AUD,3.559065,,11/5/2025
20251105,A88,Etica Azionario,1024,SSE PLC,0.000797286749937,0.0,AZ ,Utilities,GB0007908733,790873,SSE LN Equity,GB ,GBP,3.559065,,11/5/2025
20251105,A88,Etica Azionario,164959,JPY,0.000778437430516,0.0,LQ ,CASH,,,JPY,JP ,JPY,3.559065,,11/5/2025
20251105,A88,Etica Azionario,677,BIOGEN INC,0.000706400809357,0.0,AZ ,Health Care,US09062X1037,2455965,BIIB US Equity,US ,USD,3.559065,,11/5/2025
20251105,A88,Etica Azionario,23349,CORBION NV,0.000680885461774,0.0,AZ ,Materials,NL0010583399,BFRSRR7,CRBN NA Equity,NL ,EUR,3.559065,,11/5/2025
20251105,A88,Etica Azionario,3672,AMPLIFON SPA,0.000616854750257,0.0,AZ ,Health Care,IT0004056880,B14NJ71,AMP IM Equity,IT ,EUR,3.559065,,11/5/2025
20251105,A88,Etica Azionario,247914,INFRASTRUTTURE WIRELESS ITAL,0.000596102681752,0.0,AZ ,Communication Services,IT0005090300,BZ0P4R4,INW IM Equity,IT ,EUR,3.559065,,11/5/2025
20251105,A88,Etica Azionario,58681,JONES LANG LASALLE INC,0.000591487484831,0.0,AZ ,Real Estate,US48020Q1076,2040640,JLL US Equity,US ,USD,3.559065,,11/5/2025
20251105,A88,Etica Azionario,63,HERA SPA,0.000455898191183,0.0,AZ ,Utilities,IT0001250932,7598003,HER IM Equity,IT ,EUR,3.559065,,11/5/2025
20251105,A88,Etica Azionario,48675,PRYSMIAN SPA,0.000439577279119,0.0,AZ ,Industrials,IT0004176001,B1W4V69,PRY IM Equity,IT ,EUR,3.559065,,11/5/2025
20251105,A88,Etica Azionario,3321,BXP INC,0.00043556849657,0.0,AZ ,Real Estate,US1011211018,2019479,BXP US Equity,US ,USD,3.559065,,11/5/2025
20251105,A88,Etica Azionario,164960,NOK,0.000368154363191,0.0,LQ ,CASH,,,NOK,NO ,NOK,3.559065,,11/5/2025
20251105,A88,Etica Azionario,3476,A2A SPA,0.000340307345737,0.0,AZ ,Utilities,IT0001233417,5499131,A2A IM Equity,IT ,EUR,3.559065,,11/5/2025
20251105,A88,Etica Azionario,164725,HKD,0.00025636866873,0.0,LQ ,CASH,,,HKD,HK ,HKD,3.559065,,11/5/2025
20251105,A88,Etica Azionario,164955,CHF,0.00025280780288,0.0,LQ ,CASH,,,CHF,CH ,CHF,3.559065,,11/5/2025
20251105,A88,Etica Azionario,172066,ALLINEAMENTO NAV,0.000250627571277,0.0,OT ,CASH,,,ALLINEAMENTO NAV,5A ,EUR,3.559065,,11/5/2025
20251105,A88,Etica Azionario,1464,SHISEIDO CO LTD,0.000179908876356,0.0,AZ ,Consumer Staples,JP3351600006,6805265,4911 JP Equity,JP ,JPY,3.559065,,11/5/2025
20251105,A88,Etica Azionario,314765,PIRELLI & C SPA,0.000140625541856,0.0,AZ ,Consumer Discretionary,IT0005278236,BZ5ZHK3,PIRC IM Equity,IT ,EUR,3.559065,,11/5/2025
20251105,A88,Etica Azionario,164722,DKK,0.000066645898292,0.0,LQ ,CASH,,,DKK,DK ,DKK,3.559065,,11/5/2025
20251105,A88,Etica Azionario,222888,UMWELTBANK AG,0.000037197999802,0.0,AZ ,Financials,DE0005570808,7154676,UBK GR Equity,DE ,EUR,3.559065,,11/5/2025
20251105,A88,Etica Azionario,227088,ALPHABET INC-CL A,0.0,0.013725272495961,AZ ,Communication Services,US02079K3059,BYVY8G0,GOOGL US Equity,US ,USD,3.559065,,11/5/2025
20251105,A88,Etica Azionario,28663,ALPHABET INC-CL C,0.0,0.01165920243534,AZ ,Communication Services,US02079K1079,BYY88Y7,GOOG US Equity,US ,USD,3.559065,,11/5/2025
20251105,A88,Etica Azionario,184686,TESLA INC,0.0,0.008302985230932,AZ ,Consumer Discretionary,US88160R1014,B616C79,TSLA US Equity,US ,USD,3.559065,,11/5/2025
20251105,A88,Etica Azionario,50594,BROADCOM INC,0.0,0.013271151601782,AZ ,Information Technology,US11135F1012,BDZ78H9,AVGO US Equity,US ,USD,3.559065,,11/5/2025
20251105,A88,Etica Azionario,3255,AMAZON.COM INC,0.0,0.019777838038353,AZ ,Consumer Discretionary,US0231351067,2000019,AMZN US Equity,US ,USD,3.559065,,11/5/2025
20251105,A88,Etica Azionario,553,MICROSOFT CORP,0.0,0.022232497109067,AZ ,Information Technology,US5949181045,2588173,MSFT US Equity,US ,USD,3.559065,,11/5/2025
20251105,A88,Etica Azionario,534,APPLE INC,0.0,0.033585794579061,AZ ,Information Technology,US0378331005,2046251,AAPL US Equity,US ,USD,3.559065,,11/5/2025
20251105,A88,Etica Azionario,164736,DEBITI COMPENSO REVISIONE,-0.000006648867363,0.0,CD ,CASH,,,DEBITI COMPENSO REVISIONE,5A ,EUR,3.559065,,11/5/2025
20251105,A88,Etica Azionario,164730,DEBITI COMMISSIONE DEPOSITARIA,-0.000099064202182,0.0,CD ,CASH,,,DEBITI COMMISSIONE DEPOSITARIA,5A ,EUR,3.559065,,11/5/2025
20251105,A88,Etica Azionario,164733,DEBITI COMMISSIONE GESTIONE,-0.000160174436635,0.0,CD ,CASH,,,DEBITI COMMISSIONE GESTIONE,5A ,EUR,3.559065,,11/5/2025
20251105,A88,Etica Azionario,179420,DEBITI COMMISSIONE AMMINISTRAZIONE,-0.001970928923069,0.0,CD ,CASH,,,DEBITI COMMISSIONE AMMINISTRAZIONE,5A ,EUR,3.559065,,11/5/2025
20251105,A98,Etica Transizione Climatica,25261,FWD_USD (Nozionale),0.051749796524983,0.0,FW ,CASH,,,FWD_USD (Nozionale),US ,EUR,2.794548,,11/5/2025
20251105,A98,Etica Transizione Climatica,509810,BUONI POLIENNALI DEL TES BTPS 4 10/30/31,0.043409705373516,0.0,OB ,SOVEREIGN,IT0005542359,,ZK0285476 Govt,IT ,EUR,2.794548,B,11/5/2025
20251105,A98,Etica Transizione Climatica,496185,BUNDESOBLIGATION OBL 1.3 10/15/27,0.039552358287196,0.0,OB ,SOVEREIGN,DE0001030740,,BY5766682 Govt,DE ,EUR,2.794548,A,11/5/2025
20251105,A98,Etica Transizione Climatica,102,ADVANCED MICRO DEVICES,0.028571130698758,0.0,AZ ,Information Technology,US0079031078,2007849,AMD US Equity,US ,USD,2.794548,,11/5/2025
20251105,A98,Etica Transizione Climatica,567423,BUONI POLIENNALI DEL TES BTPS 2.1 08/26/27,0.02292703645201,0.0,OB ,SOVEREIGN,IT0005657330,,YN6216934 Govt,IT ,EUR,2.794548,B,11/5/2025
20251105,A98,Etica Transizione Climatica,292486,FRANCE (GOVT OF) FRTR 1 3/4 06/25/39,0.022739922651447,0.0,OB ,SOVEREIGN,FR0013234333,,AL9974240 Govt,FR ,EUR,2.794548,A,11/5/2025
20251105,A98,Etica Transizione Climatica,65876,VISA INC-CLASS A SHARES,0.022625913792771,0.00538891038821,AZ ,Financials,US92826C8394,B2PZN04,V US Equity,US ,USD,2.794548,,11/5/2025
20251105,A98,Etica Transizione Climatica,45465,MASTERCARD INC - A,0.021431855730439,0.0,AZ ,Financials,US57636Q1040,B121557,MA US Equity,US ,USD,2.794548,,11/5/2025
20251105,A98,Etica Transizione Climatica,571738,BUONI POLIENNALI DEL TES BTPS 3 1/4 11/15/32,0.020080077536252,0.0,OB ,SOVEREIGN,IT0005668220,,YL7910596 Govt,IT ,EUR,2.794548,B,11/5/2025
20251105,A98,Etica Transizione Climatica,554,ORACLE CORP,0.01978781961065,0.0,AZ ,Information Technology,US68389X1054,2661568,ORCL US Equity,US ,USD,2.794548,,11/5/2025
20251105,A98,Etica Transizione Climatica,560705,FRANCE (GOVT OF) FRTR 2.7 02/25/31,0.018551812186982,0.0,OB ,SOVEREIGN,FR001400Z2L7,,YP4842306 Govt,FR ,EUR,2.794548,A,11/5/2025
20251105,A98,Etica Transizione Climatica,510744,BUNDESREPUB. DEUTSCHLAND DBR 2.3 02/15/33,0.017247255839104,0.0,OB ,SOVEREIGN,DE000BU3Z005,,ZK3512736 Govt,DE ,EUR,2.794548,A,11/5/2025
20251105,A98,Etica Transizione Climatica,414446,TELEFONICA EUROPE BV TELEFO 2.502 PERP,0.013686544196608,0.0,OB ,INDUSTRIAL,XS2109819859,,ZP7077248 Corp,ES ,EUR,2.794548,C,11/5/2025
20251105,A98,Etica Transizione Climatica,406188,BONOS Y OBLIG DEL ESTADO SPGB 1 07/30/42,0.013334201134051,0.0,OB ,SOVEREIGN,ES0000012J07,,BR3246377 Govt,ES ,EUR,2.794548,A,11/5/2025
20251105,A98,Etica Transizione Climatica,462761,BUNDESREPUB. DEUTSCHLAND DBR 0 08/15/50,0.013097029366003,0.0,OB ,SOVEREIGN,DE0001030724,,BP4742659 Govt,DE ,EUR,2.794548,A,11/5/2025
20251105,A98,Etica Transizione Climatica,300,HOME DEPOT INC,0.0126061180439,0.0,AZ ,Consumer Discretionary,US4370761029,2434209,HD US Equity,US ,USD,2.794548,,11/5/2025
20251105,A98,Etica Transizione Climatica,571126,AUSTRIAN T-BILL RATB 0 11/27/25,0.011991658128755,0.0,OB ,SOVEREIGN,AT0000A3MUA7,,YL5192205 Govt,AT ,EUR,2.794548,A,11/5/2025
20251105,A98,Etica Transizione Climatica,212675,BUONI POLIENNALI DEL TES BTPS 4.05 10/30/37,0.011977280216553,0.0,OB ,SOVEREIGN,IT0005596470,,YX0762808 Govt,IT ,EUR,2.794548,B,11/5/2025
20251105,A98,Etica Transizione Climatica,237514,FRANCE (GOVT OF) FRTR 0 11/25/30,0.010992070324241,0.0,OB ,SOVEREIGN,FR0013516549,,BJ7899484 Govt,FR ,EUR,2.794548,A,11/5/2025
20251105,A98,Etica Transizione Climatica,498660,KONINKLIJKE KPN NV KPN 6 PERP,0.010741202767318,0.0,OB ,INDUSTRIAL,XS2486270858,,BZ0016577 Corp,NL ,EUR,2.794548,C,11/5/2025
20251105,A98,Etica Transizione Climatica,201018,ABBVIE INC,0.009692693810367,0.0,AZ ,Health Care,US00287Y1091,B92SR70,ABBV US Equity,US ,USD,2.794548,,11/5/2025
20251105,A98,Etica Transizione Climatica,335553,SFIL SA SFILFR 0 1/4 12/01/31,0.009683328711189,0.0,OB ,Quasi & Foreign Government,FR0014006V25,,BS6018318 Govt,FR ,EUR,2.794548,A,11/5/2025
20251105,A98,Etica Transizione Climatica,221482,SERVICENOW INC,0.009599309110098,0.0,AZ ,Information Technology,US81762P1021,B80NXX8,NOW US Equity,US ,USD,2.794548,,11/5/2025
20251105,A98,Etica Transizione Climatica,164724,GBP,0.009068213425342,0.0,LQ ,CASH,,,GBP,GB ,GBP,2.794548,,11/5/2025
20251105,A98,Etica Transizione Climatica,363,MERCK & CO. INC.,0.008845738943241,0.0,AZ ,Health Care,US58933Y1055,2778844,MRK US Equity,US ,USD,2.794548,,11/5/2025
20251105,A98,Etica Transizione Climatica,164727,USD,0.008768434330921,0.0,LQ ,CASH,,,USD,US ,USD,2.794548,,11/5/2025
20251105,A98,Etica Transizione Climatica,211813,NXP SEMICONDUCTORS NV,0.008350886307887,0.0,AZ ,Information Technology,NL0009538784,B505PN7,NXPI US Equity,US ,USD,2.794548,,11/5/2025
20251105,A98,Etica Transizione Climatica,542,CISCO SYSTEMS INC,0.008207610523919,0.0,AZ ,Information Technology,US17275R1023,2198163,CSCO US Equity,US ,USD,2.794548,,11/5/2025
20251105,A98,Etica Transizione Climatica,23568,SALESFORCE INC,0.008130233759542,0.0,AZ ,Information Technology,US79466L3024,2310525,CRM US Equity,US ,USD,2.794548,,11/5/2025
20251105,A98,Etica Transizione Climatica,48586,T-MOBILE US INC,0.00801866675238,0.0,AZ ,Communication Services,US8725901040,B94Q9V0,TMUS US Equity,US ,USD,2.794548,,11/5/2025
20251105,A98,Etica Transizione Climatica,427,PROCTER & GAMBLE CO/THE,0.007860580784102,0.0,AZ ,Consumer Staples,US7427181091,2704407,PG US Equity,US ,USD,2.794548,,11/5/2025
20251105,A98,Etica Transizione Climatica,423,NEW LINDE PLC,0.007390109656099,0.0,AZ ,Materials,IE000S9YS762,BNZHB81,LIN US Equity,US ,USD,2.794548,,11/5/2025
20251105,A98,Etica Transizione Climatica,239100,FORVIA SE EOFP 2 3/8 06/15/29,0.007323666232032,0.0,OB ,INDUSTRIAL,XS2312733871,,BO6324905 Corp,FR ,EUR,2.794548,C,11/5/2025
20251105,A98,Etica Transizione Climatica,500,UNITEDHEALTH GROUP INC,0.007129683729435,0.0,AZ ,Health Care,US91324P1021,2917766,UNH US Equity,US ,USD,2.794548,,11/5/2025
20251105,A98,Etica Transizione Climatica,571736,EVONIK INDUSTRIES AG EVKGR 4 1/4 09/09/55,0.006840399826786,0.0,OB ,INDUSTRIAL,DE000A4DFWV3,,YL7830943 Corp,DE ,EUR,2.794548,B,11/5/2025
20251105,A98,Etica Transizione Climatica,407318,ORSTED A/S ORSTED 1 3/4 12/09/3019,0.006672309394472,0.0,OB ,UTILITY,XS2010036874,,ZQ8044799 Corp,DK ,EUR,2.794548,C,11/5/2025
20251105,A98,Etica Transizione Climatica,149,VERIZON COMMUNICATIONS INC,0.006600235103159,0.0,AZ ,Communication Services,US92343V1044,2090571,VZ US Equity,US ,USD,2.794548,,11/5/2025
20251105,A98,Etica Transizione Climatica,125,ANALOG DEVICES INC,0.006409228990093,0.0,AZ ,Information Technology,US0326541051,2032067,ADI US Equity,US ,USD,2.794548,,11/5/2025
20251105,A98,Etica Transizione Climatica,4289,CRH PLC,0.006391529510908,0.0,SE ,Materials,IE0001827041,182704,CRH LN Equity,US ,USD,2.794548,,11/5/2025
20251105,A98,Etica Transizione Climatica,514999,BUNDESREPUB. DEUTSCHLAND DBR 1.8 08/15/53,0.006374960364405,0.0,OB ,SOVEREIGN,DE0001030757,,ZK9574730 Govt,DE ,EUR,2.794548,A,11/5/2025
20251105,A98,Etica Transizione Climatica,358,S&P GLOBAL INC,0.006298074625014,0.0,AZ ,Financials,US78409V1044,BYV2325,SPGI US Equity,US ,USD,2.794548,,11/5/2025
20251105,A98,Etica Transizione Climatica,336003,TELEFONICA EUROPE BV TELEFO 5.7522 PERP,0.006248048474859,0.0,OB ,INDUSTRIAL,XS2755535577,,ZD4852251 Corp,ES ,EUR,2.794548,C,11/5/2025
20251105,A98,Etica Transizione Climatica,504092,EDP SA EDPPL 5.943 04/23/2083,0.006227148352841,0.0,OB ,UTILITY,PTEDP4OM0025,,ZM4793893 Corp,PT ,EUR,2.794548,C,11/5/2025
20251105,A98,Etica Transizione Climatica,705,LAM RESEARCH CORP,0.006195785908194,0.0,AZ ,Information Technology,US5128073062,BSML4N7,LRCX US Equity,US ,USD,2.794548,,11/5/2025
20251105,A98,Etica Transizione Climatica,2839,ASML HOLDING NV,0.006169204591983,0.0,AZ ,Information Technology,NL0010273215,B929F46,ASML NA Equity,NL ,EUR,2.794548,,11/5/2025
20251105,A98,Etica Transizione Climatica,214,DANAHER CORP,0.006098748468603,0.0,AZ ,Health Care,US2358511028,2250870,DHR US Equity,US ,USD,2.794548,,11/5/2025
20251105,A98,Etica Transizione Climatica,510414,REPUBLIC OF AUSTRIA RAGB 2.9 05/23/29,0.005915754354986,0.0,OB ,SOVEREIGN,AT0000A33SH3,,ZK2454146 Govt,AT ,EUR,2.794548,A,11/5/2025
20251105,A98,Etica Transizione Climatica,2566,UNITED PARCEL SERVICE-CL B,0.005811100854789,0.0,AZ ,Industrials,US9113121068,2517382,UPS US Equity,US ,USD,2.794548,,11/5/2025
20251105,A98,Etica Transizione Climatica,222389,MONCLER SPA,0.005786873963888,0.0,AZ ,Consumer Discretionary,IT0004965148,BGLP232,MONC IM Equity,IT ,EUR,2.794548,,11/5/2025
20251105,A98,Etica Transizione Climatica,2706,TRANE TECHNOLOGIES PLC,0.005729704211334,0.0,AZ ,Industrials,IE00BK9ZQ967,BK9ZQ96,TT US Equity,US ,USD,2.794548,,11/5/2025
20251105,A98,Etica Transizione Climatica,91,TELECOM ITALIA-RSP,0.005724242765943,0.0,AZ ,Communication Services,IT0003497176,7634402,TITR IM Equity,IT ,EUR,2.794548,,11/5/2025
20251105,A98,Etica Transizione Climatica,164953,AUD,0.005526859170186,0.0,LQ ,CASH,,,AUD,AU ,AUD,2.794548,,11/5/2025
20251105,A98,Etica Transizione Climatica,1821,INTUIT INC,0.00552583938072,0.0,AZ ,Information Technology,US4612021034,2459020,INTU US Equity,US ,USD,2.794548,,11/5/2025
20251105,A98,Etica Transizione Climatica,434288,GENERALI ASSGEN 2.429 07/14/31,0.005504732428903,0.0,OB ,FINANCIAL,XS2201857534,,BK4009894 Corp,IT ,EUR,2.794548,B,11/5/2025
20251105,A98,Etica Transizione Climatica,549,INTEL CORP,0.005335373339118,0.0,AZ ,Information Technology,US4581401001,2463247,INTC US Equity,US ,USD,2.794548,,11/5/2025
20251105,A98,Etica Transizione Climatica,1404,OBAYASHI CORP,0.00532332946764,0.0,AZ ,Industrials,JP3190000004,6656407,1802 JP Equity,JP ,JPY,2.794548,,11/5/2025
20251105,A98,Etica Transizione Climatica,51154,ABN AMRO BANK NV ABNANV 0 1/2 09/23/29,0.005226302637638,0.0,OB ,FINANCIAL,XS2389343380,,BR4722566 Corp,NL ,EUR,2.794548,B,11/5/2025
20251105,A98,Etica Transizione Climatica,2703,LONZA GROUP AG-REG,0.005153611160992,0.0,AZ ,Health Care,CH0013841017,7333378,LONN SW Equity,CH ,CHF,2.794548,,11/5/2025
20251105,A98,Etica Transizione Climatica,216,DEERE & CO,0.005099983032906,0.0,AZ ,Industrials,US2441991054,2261203,DE US Equity,US ,USD,2.794548,,11/5/2025
20251105,A98,Etica Transizione Climatica,237738,BANCO DE SABADELL SA SABSM 5 1/8 11/10/28,0.00502715172235,0.0,OB ,FINANCIAL,XS2553801502,,ZN1277963 Corp,ES ,EUR,2.794548,A,11/5/2025
20251105,A98,Etica Transizione Climatica,1706,TELECOM ITALIA SPA,0.004927739930174,0.0,AZ ,Communication Services,IT0003497168,7634394,TIT IM Equity,IT ,EUR,2.794548,,11/5/2025
20251105,A98,Etica Transizione Climatica,344,LOWE'S COS INC,0.004782065979212,0.0,AZ ,Consumer Discretionary,US5486611073,2536763,LOW US Equity,US ,USD,2.794548,,11/5/2025
20251105,A98,Etica Transizione Climatica,480,TEXAS INSTRUMENTS INC,0.004703479481735,0.0,AZ ,Information Technology,US8825081040,2885409,TXN US Equity,US ,USD,2.794548,,11/5/2025
20251105,A98,Etica Transizione Climatica,443246,AIB GROUP PLC AIB 2 7/8 05/30/31,0.004632429450092,0.0,OB ,FINANCIAL,XS2230399441,,ZO6167829 Corp,IE ,EUR,2.794548,B,11/5/2025
20251105,A98,Etica Transizione Climatica,303539,ARISTA NETWORKS INC,0.004608073483495,0.0,AZ ,Information Technology,US0404132054,BL9XPM3,ANET US Equity,US ,USD,2.794548,,11/5/2025
20251105,A98,Etica Transizione Climatica,454474,BUONI POLIENNALI DEL TES BTPS 0.6 08/01/31,0.004560989184547,0.0,OB ,SOVEREIGN,IT0005436693,,BO0961645 Govt,IT ,EUR,2.794548,B,11/5/2025
20251105,A98,Etica Transizione Climatica,212385,TERNA RETE ELETTRICA TRNIM 2 3/8 PERP,0.00455962322298,0.0,OB ,UTILITY,XS2437854487,,BU0543472 Corp,IT ,EUR,2.794548,B,11/5/2025
20251105,A98,Etica Transizione Climatica,191474,PALO ALTO NETWORKS INC,0.004546882617126,0.0,AZ ,Information Technology,US6974351057,B87ZMX0,PANW US Equity,US ,USD,2.794548,,11/5/2025
20251105,A98,Etica Transizione Climatica,222,DOVER CORP,0.004521605479926,0.0,AZ ,Industrials,US2600031080,2278407,DOV US Equity,US ,USD,2.794548,,11/5/2025
20251105,A98,Etica Transizione Climatica,237,EMERSON ELECTRIC CO,0.004514573792672,0.0,AZ ,Industrials,US2910111044,2313405,EMR US Equity,US ,USD,2.794548,,11/5/2025
20251105,A98,Etica Transizione Climatica,467508,BANCO DE SABADELL SA SABSM 0 7/8 06/16/28,0.00446985643789,0.0,OB ,FINANCIAL,XS2353366268,,BP9815211 Corp,ES ,EUR,2.794548,B,11/5/2025
20251105,A98,Etica Transizione Climatica,405936,CARRIER GLOBAL CORP,0.004288717961762,0.0,AZ ,Industrials,US14448C1045,BK4N0D7,CARR US Equity,US ,USD,2.794548,,11/5/2025
20251105,A98,Etica Transizione Climatica,159,BOSTON SCIENTIFIC CORP,0.004249673295209,0.0,AZ ,Health Care,US1011371077,2113434,BSX US Equity,US ,USD,2.794548,,11/5/2025
20251105,A98,Etica Transizione Climatica,166783,XYLEM INC,0.004214428473114,0.0,AZ ,Industrials,US98419M1009,B3P2CN8,XYL US Equity,US ,USD,2.794548,,11/5/2025
20251105,A98,Etica Transizione Climatica,497,UNION PACIFIC CORP,0.004091570475065,0.0,AZ ,Industrials,US9078181081,2914734,UNP US Equity,US ,USD,2.794548,,11/5/2025
20251105,A98,Etica Transizione Climatica,446845,CAIXABANK SA CABKSM 0 3/8 11/18/26,0.004013010890271,0.0,OB ,FINANCIAL,XS2258971071,,BM3713112 Corp,ES ,EUR,2.794548,B,11/5/2025
20251105,A98,Etica Transizione Climatica,397638,PROSUS NV,0.003856705675,0.0,AZ ,Consumer Discretionary,NL0013654783,BJDS7L3,PRX NA Equity,NL ,EUR,2.794548,,11/5/2025
20251105,A98,Etica Transizione Climatica,360,MEDTRONIC PLC,0.00381223106027,0.0,AZ ,Health Care,IE00BTN1Y115,BTN1Y11,MDT US Equity,US ,USD,2.794548,,11/5/2025
20251105,A98,Etica Transizione Climatica,3076,WEST JAPAN RAILWAY CO,0.003701674524887,0.0,AZ ,Industrials,JP3659000008,6957995,9021 JP Equity,JP ,JPY,2.794548,,11/5/2025
20251105,A98,Etica Transizione Climatica,49402,SARTORIUS STEDIM BIOTECH,0.003698457498929,0.0,AZ ,Health Care,FR0013154002,BYZ2QP5,DIM FP Equity,FR ,EUR,2.794548,,11/5/2025
20251105,A98,Etica Transizione Climatica,50917,MSCI INC,0.003598010300157,0.0,AZ ,Financials,US55354G1004,B2972D2,MSCI US Equity,US ,USD,2.794548,,11/5/2025
20251105,A98,Etica Transizione Climatica,1619,LOREAL SA,0.003581564764498,0.0,AZ ,Consumer Staples,FR0000120321,4057808,OR FP Equity,FR ,EUR,2.794548,,11/5/2025
20251105,A98,Etica Transizione Climatica,51532,VALEO SE FRFP 4 5/8 03/23/32,0.003436404212405,0.0,OB ,INDUSTRIAL,FR0014012SJ2,,YK1767762 Corp,FR ,EUR,2.794548,C,11/5/2025
20251105,A98,Etica Transizione Climatica,531,ADOBE INC,0.003396623322773,0.0,AZ ,Information Technology,US00724F1012,2008154,ADBE US Equity,US ,USD,2.794548,,11/5/2025
20251105,A98,Etica Transizione Climatica,667,GILEAD SCIENCES INC,0.003372577926708,0.0,AZ ,Health Care,US3755581036,2369174,GILD US Equity,US ,USD,2.794548,,11/5/2025
20251105,A98,Etica Transizione Climatica,18091,PROLOGIS INC,0.003371797561798,0.0,AZ ,Real Estate,US74340W1036,B44WZD7,PLD UN Equity,US ,USD,2.794548,,11/5/2025
20251105,A98,Etica Transizione Climatica,2088,SAP SE,0.003344400862179,0.0,AZ ,Information Technology,DE0007164600,4846288,SAP GY Equity,DE ,EUR,2.794548,,11/5/2025
20251105,A98,Etica Transizione Climatica,543,COMCAST CORP-CLASS A,0.003332627123612,0.0,AZ ,Communication Services,US20030N1019,2044545,CMCSA US Equity,US ,USD,2.794548,,11/5/2025
20251105,A98,Etica Transizione Climatica,1324,MITSUI FUDOSAN CO LTD,0.003275462332869,0.0,AZ ,Real Estate,JP3893200000,6597603,8801 JP Equity,JP ,JPY,2.794548,,11/5/2025
20251105,A98,Etica Transizione Climatica,1859,SGS SA,0.003271002007271,0.0,AZ ,Industrials,CH1256740924,BMBQHZ4,SGSN SW Equity,CH ,CHF,2.794548,,11/5/2025
20251105,A98,Etica Transizione Climatica,335356,TAKEDA PHARMACEUTICAL TACHEM 1 07/09/29,0.003214946135678,0.0,OB ,INDUSTRIAL,XS2197348597,,BK2909210 Corp,JP ,EUR,2.794548,B,11/5/2025
20251105,A98,Etica Transizione Climatica,1658,ATLAS COPCO AB-A SHS,0.003201723525274,0.0,AZ ,Industrials,SE0017486889,BLDBN41,ATCOA SS Equity,SE ,SEK,2.794548,,11/5/2025
20251105,A98,Etica Transizione Climatica,49400,TOYOTA BOSHOKU CORP,0.003197348613717,0.0,AZ ,Consumer Discretionary,JP3635400009,6900591,3116 JP Equity,JP ,JPY,2.794548,,11/5/2025
20251105,A98,Etica Transizione Climatica,3033,STMICROELECTRONICS NV,0.003190602767966,0.0,SE ,Information Technology,NL0000226223,5962343,STMMI IM Equity,FR ,EUR,2.794548,,11/5/2025
20251105,A98,Etica Transizione Climatica,414185,TELEFONICA EMISIONES SAU TELEFO 0.664 02/03/30,0.003150473911292,0.0,OB ,INDUSTRIAL,XS2112289207,,ZP7076257 Corp,ES ,EUR,2.794548,B,11/5/2025
20251105,A98,Etica Transizione Climatica,533,AMGEN INC,0.003093693283663,0.0,AZ ,Health Care,US0311621009,2023607,AMGN US Equity,US ,USD,2.794548,,11/5/2025
20251105,A98,Etica Transizione Climatica,184644,ZOETIS INC,0.003083006707732,0.0,AZ ,Health Care,US98978V1035,B95WG16,ZTS US Equity,US ,USD,2.794548,,11/5/2025
20251105,A98,Etica Transizione Climatica,500911,ORSTED A/S ORSTED 5 1/4 12/08/3022,0.003055754003542,0.0,OB ,UTILITY,XS2563353361,,ZN6806667 Corp,DK ,EUR,2.794548,C,11/5/2025
20251105,A98,Etica Transizione Climatica,2170,DSV A/S,0.003026511875875,0.0,AZ ,Industrials,DK0060079531,B1WT5G2,DSV DC Equity,DK ,DKK,2.794548,,11/5/2025
20251105,A98,Etica Transizione Climatica,454,SONY GROUP CORP,0.003015624209383,0.0,AZ ,Consumer Discretionary,JP3435000009,6821506,6758 JP Equity,JP ,JPY,2.794548,,11/5/2025
20251105,A98,Etica Transizione Climatica,237579,VONOVIA SE ANNGR 0 5/8 03/24/31,0.003000649347807,0.0,OB ,INDUSTRIAL,DE000A3E5FR9,,BO6329904 Corp,DE ,EUR,2.794548,B,11/5/2025
20251105,A98,Etica Transizione Climatica,232,ECOLAB INC,0.002987356528913,0.0,AZ ,Materials,US2788651006,2304227,ECL US Equity,US ,USD,2.794548,,11/5/2025
20251105,A98,Etica Transizione Climatica,454000,ORSTED A/S ORSTED 1 1/2 02/18/3021,0.002944211828303,0.0,OB ,UTILITY,XS2293075680,,BO0165460 Corp,DK ,EUR,2.794548,C,11/5/2025
20251105,A98,Etica Transizione Climatica,535701,BUNDESOBLIGATION OBL 2.1 04/12/29,0.002890968595027,0.0,OB ,SOVEREIGN,DE000BU35025,,ZB6879496 Govt,DE ,EUR,2.794548,A,11/5/2025
20251105,A98,Etica Transizione Climatica,3760,ABB LTD,0.002859037668543,0.0,AZ ,Industrials,CH0012221716,7108899,ABBN SW Equity,CH ,CHF,2.794548,,11/5/2025
20251105,A98,Etica Transizione Climatica,406088,CAIXABANK SA CABKSM 1 1/4 06/18/31,0.00285391201432,0.0,OB ,FINANCIAL,XS2310118976,,BO4845729 Corp,ES ,EUR,2.794548,B,11/5/2025
20251105,A98,Etica Transizione Climatica,3092,MTR CORP,0.002847170833129,0.0,AZ ,Industrials,HK0066009694,6290054,66 HK Equity,HK ,HKD,2.794548,,11/5/2025
20251105,A98,Etica Transizione Climatica,233530,ZALANDO SE,0.002844428894911,0.0,AZ ,Consumer Discretionary,DE000ZAL1111,BQV0SV7,ZAL GR Equity,DE ,EUR,2.794548,,11/5/2025
20251105,A98,Etica Transizione Climatica,51209,TELEFONICA EUROPE BV TELEFO 7 1/8 PERP,0.002790433901454,0.0,OB ,INDUSTRIAL,XS2462605671,,ZN3747385 Corp,ES ,EUR,2.794548,C,11/5/2025
20251105,A98,Etica Transizione Climatica,1411,OMRON CORP,0.002778106189204,0.0,AZ ,Information Technology,JP3197800000,6659428,6645 JP Equity,JP ,JPY,2.794548,,11/5/2025
20251105,A98,Etica Transizione Climatica,392,NOVO NORDISK A/S-B,0.002741695970196,0.0,AZ ,Health Care,DK0062498333,BP6KMJ1,NOVOB DC Equity,DK ,DKK,2.794548,,11/5/2025
20251105,A98,Etica Transizione Climatica,401613,GENERALI ASSGEN 2.124 10/01/30,0.002732845504625,0.0,OB ,FINANCIAL,XS2056491587,,ZR7444998 Corp,IT ,EUR,2.794548,B,11/5/2025
20251105,A98,Etica Transizione Climatica,407479,CNP ASSURANCES SA CNPFP 2 07/27/50,0.002683563328951,0.0,OB ,FINANCIAL,FR0013463775,,ZQ7071975 Corp,FR ,EUR,2.794548,B,11/5/2025
20251105,A98,Etica Transizione Climatica,41306,CHURCH & DWIGHT CO INC,0.002592331997729,0.0,AZ ,Consumer Staples,US1713401024,2195841,CHD US Equity,US ,USD,2.794548,,11/5/2025
20251105,A98,Etica Transizione Climatica,17897,SK HYNIX INC,0.002498035901855,0.0,AZ ,Information Technology,KR7000660001,6450267,000660 KS Equity,KR ,KRW,2.794548,,11/5/2025
20251105,A98,Etica Transizione Climatica,1609,ESSILORLUXOTTICA,0.002471657253924,0.0,AZ ,Health Care,FR0000121667,7212477,EL FP Equity,FR ,EUR,2.794548,,11/5/2025
20251105,A98,Etica Transizione Climatica,41085,ARKEMA,0.002452426118392,0.0,AZ ,Materials,FR0010313833,B0Z5YZ2,AKE FP Equity,FR ,EUR,2.794548,,11/5/2025
20251105,A98,Etica Transizione Climatica,3218,ROCKWELL AUTOMATION INC,0.002433141992084,0.0,AZ ,Industrials,US7739031091,2754060,ROK US Equity,US ,USD,2.794548,,11/5/2025
20251105,A98,Etica Transizione Climatica,164723,EUR,0.00242649540543,0.0,LQ ,CASH,,,EUR,5A ,EUR,2.794548,,11/5/2025
20251105,A98,Etica Transizione Climatica,3013,NOVARTIS AG,0.00238401618207,0.0,AZ ,Health Care,CH0012005267,7103065,NOVN SW Equity,CH ,CHF,2.794548,,11/5/2025
20251105,A98,Etica Transizione Climatica,498384,CAIXABANK SA CABKSM 3 3/4 09/07/29,0.002383159560748,0.0,OB ,FINANCIAL,XS2530034649,,BY7751344 Corp,ES ,EUR,2.794548,A,11/5/2025
20251105,A98,Etica Transizione Climatica,331014,BONOS Y OBLIG DEL ESTADO SPGB 2.7 10/31/48,0.00237086520925,0.0,OB ,SOVEREIGN,ES0000012B47,,AR3918646 Govt,ES ,EUR,2.794548,A,11/5/2025
20251105,A98,Etica Transizione Climatica,236299,VONOVIA SE,0.002351522947431,0.0,AZ ,Real Estate,DE000A1ML7J1,BBJPFY1,VNA GR Equity,DE ,EUR,2.794548,,11/5/2025
20251105,A98,Etica Transizione Climatica,237464,INFINEON TECHNOLOGIES AG IFXGR 3 5/8 PERP,0.002350162462149,0.0,OB ,INDUSTRIAL,XS2056730679,,ZR7968624 Corp,DE ,EUR,2.794548,B,11/5/2025
20251105,A98,Etica Transizione Climatica,173,CADENCE DESIGN SYS INC,0.002320839562136,0.0,AZ ,Information Technology,US1273871087,2302232,CDNS US Equity,US ,USD,2.794548,,11/5/2025
20251105,A98,Etica Transizione Climatica,1580,YASKAWA ELECTRIC CORP,0.002310656575778,0.0,AZ ,Industrials,JP3932000007,6986041,6506 JP Equity,JP ,JPY,2.794548,,11/5/2025
20251105,A98,Etica Transizione Climatica,57392,EQUINIX INC,0.002288366986468,0.0,AZ ,Real Estate,US29444U7000,BVLZX12,EQIX US Equity,US ,USD,2.794548,,11/5/2025
20251105,A98,Etica Transizione Climatica,4266,MCCORMICK & CO-NON VTG SHRS,0.002286560887065,0.0,AZ ,Consumer Staples,US5797802064,2550161,MKC UN Equity,US ,USD,2.794548,,11/5/2025
20251105,A98,Etica Transizione Climatica,23481,CBRE GROUP INC,0.002278848288354,0.0,AZ ,Real Estate,US12504L1098,B6WVMH3,CBRE US Equity,US ,USD,2.794548,,11/5/2025
20251105,A98,Etica Transizione Climatica,3466,COGNIZANT TECH SOLUTIONS-A,0.002252886238237,0.0,AZ ,Information Technology,US1924461023,2257019,CTSH US Equity,US ,USD,2.794548,,11/5/2025
20251105,A98,Etica Transizione Climatica,3011,DEUTSCHE TELEKOM AG,0.002211079477535,0.0,AZ ,Communication Services,DE0005557508,5842359,DTE GR Equity,DE ,EUR,2.794548,,11/5/2025
20251105,A98,Etica Transizione Climatica,23508,LION CORP,0.00220978906355,0.0,AZ ,Consumer Staples,JP3965400009,6518808,4912 JP Equity,JP ,JPY,2.794548,,11/5/2025
20251105,A98,Etica Transizione Climatica,242496,PAYPAL HOLDINGS INC,0.002182985574797,0.0,AZ ,Financials,US70450Y1038,BYW36M8,PYPL US Equity,US ,USD,2.794548,,11/5/2025
20251105,A98,Etica Transizione Climatica,23406,IBIDEN CO LTD,0.00217649721734,0.0,AZ ,Information Technology,JP3148800000,6456102,4062 JP Equity,JP ,JPY,2.794548,,11/5/2025
20251105,A98,Etica Transizione Climatica,1337,MURATA MANUFACTURING CO LTD,0.002175164502197,0.0,AZ ,Information Technology,JP3914400001,6610403,6981 JP Equity,JP ,JPY,2.794548,,11/5/2025
20251105,A98,Etica Transizione Climatica,395980,A2A SPA AEMSPA 1 07/16/29,0.002162203118595,0.0,OB ,UTILITY,XS2026150313,,AZ5661402 Corp,IT ,EUR,2.794548,B,11/5/2025
20251105,A98,Etica Transizione Climatica,899,WESTON (GEORGE) LTD,0.002159126578214,0.0,AZ ,Consumer Staples,CA9611485090,2956662,WN CN Equity,CA ,CAD,2.794548,,11/5/2025
20251105,A98,Etica Transizione Climatica,280,WW GRAINGER INC,0.002132503555348,0.0,AZ ,Industrials,US3848021040,2380863,GWW US Equity,US ,USD,2.794548,,11/5/2025
20251105,A98,Etica Transizione Climatica,61108,MERCADOLIBRE INC,0.002102135290816,0.0,AZ ,Consumer Discretionary,US58733R1023,B23X1H3,MELI US Equity,US ,USD,2.794548,,11/5/2025
20251105,A98,Etica Transizione Climatica,1826,BEIERSDORF AG,0.002080003519125,0.0,AZ ,Consumer Staples,DE0005200000,5107401,BEI GR Equity,DE ,EUR,2.794548,,11/5/2025
20251105,A98,Etica Transizione Climatica,178773,SWIRE PROPERTIES LTD,0.002065058942892,0.0,AZ ,Real Estate,HK0000063609,B67C2G0,1972 HK Equity,HK ,HKD,2.794548,,11/5/2025
20251105,A98,Etica Transizione Climatica,58713,UNITED RENTALS INC,0.002010070752536,0.0,AZ ,Industrials,US9113631090,2134781,URI US Equity,US ,USD,2.794548,,11/5/2025
20251105,A98,Etica Transizione Climatica,238421,BONOS Y OBLIG DEL ESTADO SPGB 2.9 10/31/46,0.00200001536705,0.0,OB ,SOVEREIGN,ES00000128C6,,JK3794373 Govt,ES ,EUR,2.794548,A,11/5/2025
20251105,A98,Etica Transizione Climatica,572909,FORWARD_USD/EUR,0.001991767508627,0.0,FW ,CASH,,,FORWARD_USD/EUR,US ,USD,2.794548,,11/5/2025
20251105,A98,Etica Transizione Climatica,1040,TATE & LYLE PLC,0.001977568531759,0.0,AZ ,Consumer Staples,GB00BP92CJ43,BP92CJ4,TATE LN Equity,GB ,GBP,2.794548,,11/5/2025
20251105,A98,Etica Transizione Climatica,34925,SUMCO CORP,0.001949049673871,0.0,AZ ,Information Technology,JP3322930003,B0M0C89,3436 JP Equity,JP ,JPY,2.794548,,11/5/2025
20251105,A98,Etica Transizione Climatica,148,BECTON DICKINSON AND CO,0.001913858574247,0.0,AZ ,Health Care,US0758871091,2087807,BDX US Equity,US ,USD,2.794548,,11/5/2025
20251105,A98,Etica Transizione Climatica,335600,BONOS Y OBLIG DEL ESTADO SPGB 1.9 10/31/52,0.001904467534169,0.0,OB ,SOVEREIGN,ES0000012K46,,BU3617661 Govt,ES ,EUR,2.794548,A,11/5/2025
20251105,A98,Etica Transizione Climatica,1526,TOKYO ELECTRON LTD,0.00189519283371,0.0,AZ ,Information Technology,JP3571400005,6895675,8035 JP Equity,JP ,JPY,2.794548,,11/5/2025
20251105,A98,Etica Transizione Climatica,504076,TELEFONICA EUROPE BV TELEFO 6.135 PERP,0.00189448587846,0.0,OB ,INDUSTRIAL,XS2582389156,,ZM6546588 Corp,ES ,EUR,2.794548,C,11/5/2025
20251105,A98,Etica Transizione Climatica,4264,AUTODESK INC,0.001863066818857,0.0,AZ ,Information Technology,US0527691069,2065159,ADSK US Equity,US ,USD,2.794548,,11/5/2025
20251105,A98,Etica Transizione Climatica,406077,COVIVIO COVFP 0 7/8 01/20/33,0.001821597815755,0.0,OB ,INDUSTRIAL,FR0014001LV5,,BN5635907 Corp,FR ,EUR,2.794548,B,11/5/2025
20251105,A98,Etica Transizione Climatica,212462,ORSTED A/S ORSTED 3 3/4 03/01/30,0.001791812232531,0.0,OB ,UTILITY,XS2591029876,,ZL2347488 Corp,DK ,EUR,2.794548,B,11/5/2025
20251105,A98,Etica Transizione Climatica,212634,VALMET CORP VALMTF 4 03/13/29,0.00179092117578,0.0,OB ,INDUSTRIAL,FI4000567094,,ZD4396341 Corp,FI ,EUR,2.794548,NR,11/5/2025
20251105,A98,Etica Transizione Climatica,4223,COLGATE-PALMOLIVE CO,0.001764176234116,0.0,AZ ,Consumer Staples,US1941621039,2209106,CL US Equity,US ,USD,2.794548,,11/5/2025
20251105,A98,Etica Transizione Climatica,1340,NEC CORP,0.001749337285018,0.0,AZ ,Information Technology,JP3733000008,6640400,6701 JP Equity,JP ,JPY,2.794548,,11/5/2025
20251105,A98,Etica Transizione Climatica,2298,TRACTOR SUPPLY COMPANY,0.001714202914678,0.0,AZ ,Consumer Discretionary,US8923561067,2900335,TSCO US Equity,US ,USD,2.794548,,11/5/2025
20251105,A98,Etica Transizione Climatica,18722,REGENERON PHARMACEUTICALS,0.00169751048888,0.0,AZ ,Health Care,US75886F1075,2730190,REGN US Equity,US ,USD,2.794548,,11/5/2025
20251105,A98,Etica Transizione Climatica,217849,C/COLLATERALE GARANZIA ,0.001680613588429,0.0,CD ,CASH,,,C/COLLATERALE GARANZIA ,5A ,EUR,2.794548,,11/5/2025
20251105,A98,Etica Transizione Climatica,54495,HILTON WORLDWIDE HOLDINGS IN,0.001663453872025,0.0,AZ ,Consumer Discretionary,US43300A2033,BYVMW06,HLT UN Equity,US ,USD,2.794548,,11/5/2025
20251105,A98,Etica Transizione Climatica,58909,EDWARDS LIFESCIENCES CORP,0.001643215282959,0.0,AZ ,Health Care,US28176E1082,2567116,EW US Equity,US ,USD,2.794548,,11/5/2025
20251105,A98,Etica Transizione Climatica,188,THE CIGNA GROUP,0.001629398021164,0.0,AZ ,Health Care,US1255231003,BHJ0775,CI US Equity,US ,USD,2.794548,,11/5/2025
20251105,A98,Etica Transizione Climatica,1001,PERSIMMON PLC,0.001622786544471,0.0,AZ ,Consumer Discretionary,GB0006825383,682538,PSN LN Equity,GB ,GBP,2.794548,,11/5/2025
20251105,A98,Etica Transizione Climatica,2288,SIMON PROPERTY GROUP INC,0.001604201416223,0.0,AZ ,Real Estate,US8288061091,2812452,SPG US Equity,US ,USD,2.794548,,11/5/2025
20251105,A98,Etica Transizione Climatica,739,PAYCHEX INC,0.001592264761033,0.0,AZ ,Industrials,US7043261079,2674458,PAYX US Equity,US ,USD,2.794548,,11/5/2025
20251105,A98,Etica Transizione Climatica,88166,REXEL SA,0.001588691456427,0.0,AZ ,Industrials,FR0010451203,B1VP0K0,RXL FP Equity,FR ,EUR,2.794548,,11/5/2025
20251105,A98,Etica Transizione Climatica,18074,ESTEE LAUDER COMPANIES-CL A,0.001577534743135,0.0,AZ ,Consumer Staples,US5184391044,2320524,EL US Equity,US ,USD,2.794548,,11/5/2025
20251105,A98,Etica Transizione Climatica,2658,ASSA ABLOY AB-B,0.001561721175349,0.0,AZ ,Industrials,SE0007100581,BYPC1T4,ASSAB SS Equity,SE ,SEK,2.794548,,11/5/2025
20251105,A98,Etica Transizione Climatica,1499,TAKEDA PHARMACEUTICAL CO LTD,0.001541801617047,0.0,AZ ,Health Care,JP3463000004,6870445,4502 JP Equity,JP ,JPY,2.794548,,11/5/2025
20251105,A98,Etica Transizione Climatica,164959,JPY,0.001514764465841,0.0,LQ ,CASH,,,JPY,JP ,JPY,2.794548,,11/5/2025
20251105,A98,Etica Transizione Climatica,19461,DICK'S SPORTING GOODS INC,0.001486205821998,0.0,AZ ,Consumer Discretionary,US2533931026,2969637,DKS US Equity,US ,USD,2.794548,,11/5/2025
20251105,A98,Etica Transizione Climatica,336,KYOCERA CORP,0.001475331177403,0.0,AZ ,Information Technology,JP3249600002,6499260,6971 JP Equity,JP ,JPY,2.794548,,11/5/2025
20251105,A98,Etica Transizione Climatica,2985,CANADIAN NATL RAILWAY CO,0.001465843919339,0.0,AZ ,Industrials,CA1363751027,2180632,CNR CN Equity,CA ,CAD,2.794548,,11/5/2025
20251105,A98,Etica Transizione Climatica,536433,EDP SA EDPPL 4 3/4 05/29/54,0.001452491787362,0.0,OB ,UTILITY,PTEDPZOM0011,,YX2446822 Corp,PT ,EUR,2.794548,C,11/5/2025
20251105,A98,Etica Transizione Climatica,57681,OWENS CORNING,0.001431698858765,0.0,AZ ,Industrials,US6907421019,B1FW7Q2,OC US Equity,US ,USD,2.794548,,11/5/2025
20251105,A98,Etica Transizione Climatica,152,BEST BUY CO INC,0.001380254728051,0.0,AZ ,Consumer Discretionary,US0865161014,2094670,BBY US Equity,US ,USD,2.794548,,11/5/2025
20251105,A98,Etica Transizione Climatica,134921,POLA ORBIS HOLDINGS INC,0.001367260269517,0.0,AZ ,Consumer Staples,JP3855900001,B5N4QN8,4927 JP Equity,JP ,JPY,2.794548,,11/5/2025
20251105,A98,Etica Transizione Climatica,3065,ELEVANCE HEALTH INC,0.001351977364046,0.0,AZ ,Health Care,US0367521038,BSPHGL4,ELV US Equity,US ,USD,2.794548,,11/5/2025
20251105,A98,Etica Transizione Climatica,1734,NOKIA OYJ,0.001309016101838,0.0,AZ ,Information Technology,FI0009000681,5902941,NOKIA FH Equity,FI ,EUR,2.794548,,11/5/2025
20251105,A98,Etica Transizione Climatica,68606,EDP RENOVAVEIS SA,0.001305208071535,0.0,AZ ,Utilities,ES0127797019,B39GNW2,EDPR PL Equity,PT ,EUR,2.794548,,11/5/2025
20251105,A98,Etica Transizione Climatica,1288,KURITA WATER INDUSTRIES LTD,0.001262904500877,0.0,AZ ,Industrials,JP3270000007,6497963,6370 JP Equity,JP ,JPY,2.794548,,11/5/2025
20251105,A98,Etica Transizione Climatica,335810,CREDITO EMILIANO SPA CRDEM 5 5/8 05/30/29,0.001245978812773,0.0,OB ,FINANCIAL,XS2606341787,,ZK7619628 Corp,IT ,EUR,2.794548,B,11/5/2025
20251105,A98,Etica Transizione Climatica,944,CRODA INTERNATIONAL PLC,0.001238973958173,0.0,AZ ,Materials,GB00BJFFLV09,BJFFLV0,CRDA LN Equity,GB ,GBP,2.794548,,11/5/2025
20251105,A98,Etica Transizione Climatica,512180,BANCO DE SABADELL SA SABSM 5 06/07/29,0.001231209431932,0.0,OB ,FINANCIAL,XS2598331242,,ZK8294942 Corp,ES ,EUR,2.794548,A,11/5/2025
20251105,A98,Etica Transizione Climatica,350,PANASONIC HOLDINGS CORP,0.001230969229949,0.0,AZ ,Consumer Discretionary,JP3866800000,6572707,6752 JP Equity,JP ,JPY,2.794548,,11/5/2025
20251105,A98,Etica Transizione Climatica,335766,NOKIA OYJ NOKIA 4 3/8 08/21/31,0.001208978069595,0.0,OB ,INDUSTRIAL,XS2488809612,,ZM9740188 Corp,FI ,EUR,2.794548,C,11/5/2025
20251105,A98,Etica Transizione Climatica,1138,ASICS CORP,0.001201378620767,0.0,AZ ,Consumer Discretionary,JP3118000003,6057378,7936 JP Equity,JP ,JPY,2.794548,,11/5/2025
20251105,A98,Etica Transizione Climatica,271454,COVIVIO COVFP 1 7/8 05/20/26,0.001150353145761,0.0,OB ,INDUSTRIAL,FR0013170834,,JK9255643 Corp,FR ,EUR,2.794548,B,11/5/2025
20251105,A98,Etica Transizione Climatica,51536,RENAULT SA RENAUL 3 7/8 09/30/30,0.001148844492097,0.0,OB ,INDUSTRIAL,FR0014010DR1,,YK3273678 Corp,FR ,EUR,2.794548,C,11/5/2025
20251105,A98,Etica Transizione Climatica,454914,BUONI POLIENNALI DEL TES BTPS 1 1/2 04/30/45,0.001146773850396,0.0,OB ,SOVEREIGN,IT0005438004,,BO3833387 Govt,IT ,EUR,2.794548,B,11/5/2025
20251105,A98,Etica Transizione Climatica,128293,TERNA RETE ELETTRICA TRNIM 1 04/10/26,0.001143418636844,0.0,OB ,UTILITY,XS1980270810,,ZS0232844 Corp,IT ,EUR,2.794548,B,11/5/2025
20251105,A98,Etica Transizione Climatica,451544,EDP SA EDPPL 1 7/8 08/02/2081,0.001138335763955,0.0,OB ,UTILITY,PTEDPROM0029,,BN7191719 Corp,PT ,EUR,2.794548,C,11/5/2025
20251105,A98,Etica Transizione Climatica,239013,KLEPIERRE SA LIFP 2 05/12/29,0.001121196352106,0.0,OB ,INDUSTRIAL,FR0013512233,,BJ2958731 Corp,FR ,EUR,2.794548,A,11/5/2025
20251105,A98,Etica Transizione Climatica,3385,YUM! BRANDS INC,0.00108263621674,0.0,AZ ,Consumer Discretionary,US9884981013,2098876,YUM UN Equity,US ,USD,2.794548,,11/5/2025
20251105,A98,Etica Transizione Climatica,312,INGERSOLL-RAND INC,0.001076373473083,0.0,AZ ,Industrials,US45687V1061,BL5GZ82,IR UN Equity,US ,USD,2.794548,,11/5/2025
20251105,A98,Etica Transizione Climatica,50381,LULULEMON ATHLETICA INC,0.001031109175756,0.0,AZ ,Consumer Discretionary,US5500211090,B23FN39,LULU US Equity,US ,USD,2.794548,,11/5/2025
20251105,A98,Etica Transizione Climatica,2297,AVALONBAY COMMUNITIES INC,0.001019391251853,0.0,AZ ,Real Estate,US0534841012,2131179,AVB US Equity,US ,USD,2.794548,,11/5/2025
20251105,A98,Etica Transizione Climatica,1391,NISSHIN SEIFUN GROUP INC,0.00101820673939,0.0,AZ ,Consumer Staples,JP3676800000,6640961,2002 JP Equity,JP ,JPY,2.794548,,11/5/2025
20251105,A98,Etica Transizione Climatica,67156,KEURIG DR PEPPER INC,0.001011180528421,0.0,AZ ,Consumer Staples,US49271V1008,BD3W133,KDP US Equity,US ,USD,2.794548,,11/5/2025
20251105,A98,Etica Transizione Climatica,387,NORSK HYDRO ASA,0.001009503424686,0.0,AZ ,Materials,NO0005052605,B11HK39,NHY NO Equity,NO ,NOK,2.794548,,11/5/2025
20251105,A98,Etica Transizione Climatica,1,LG ELECTRONICS INC,0.000983680396753,0.0,AZ ,Consumer Discretionary,KR7066570003,6520739,066570 KS Equity,KR ,KRW,2.794548,,11/5/2025
20251105,A98,Etica Transizione Climatica,1010,RELX PLC,0.000940301073341,0.0,AZ ,Industrials,GB00B2B0DG97,B2B0DG9,REL LN Equity,GB ,GBP,2.794548,,11/5/2025
20251105,A98,Etica Transizione Climatica,24041,TERNA-RETE ELETTRICA NAZIONA,0.000894246613242,0.0,AZ ,Utilities,IT0003242622,B01BN57,TRN IM Equity,IT ,EUR,2.794548,,11/5/2025
20251105,A98,Etica Transizione Climatica,318,INTL FLAVORS & FRAGRANCES,0.000882177726917,0.0,AZ ,Materials,US4595061015,2464165,IFF US Equity,US ,USD,2.794548,,11/5/2025
20251105,A98,Etica Transizione Climatica,235482,MERLIN PROPERTIES SOCIMI SA,0.000870290118205,0.0,AZ ,Real Estate,ES0105025003,BNGNB77,MRL SM Equity,ES ,EUR,2.794548,,11/5/2025
20251105,A98,Etica Transizione Climatica,1122,AJINOMOTO CO INC,0.000795168325685,0.0,AZ ,Consumer Staples,JP3119600009,6010906,2802 JP Equity,JP ,JPY,2.794548,,11/5/2025
20251105,A98,Etica Transizione Climatica,238905,BONOS Y OBLIG DEL ESTADO SPGB 1.85 07/30/35,0.000770524562585,0.0,OB ,SOVEREIGN,ES0000012E69,,AX4147556 Govt,ES ,EUR,2.794548,A,11/5/2025
20251105,A98,Etica Transizione Climatica,335227,NEXI SPA,0.000765056874916,0.0,AZ ,Financials,IT0005366767,BJ1F880,NEXI IM Equity,IT ,EUR,2.794548,,11/5/2025
20251105,A98,Etica Transizione Climatica,164954,CAD,0.000743562844634,0.0,LQ ,CASH,,,CAD,CA ,CAD,2.794548,,11/5/2025
20251105,A98,Etica Transizione Climatica,126664,LYONDELLBASELL INDU-CL A,0.000732809055592,0.0,AZ ,Materials,NL0009434992,B3SPXZ3,LYB US Equity,US ,USD,2.794548,,11/5/2025
20251105,A98,Etica Transizione Climatica,51336,AIB GROUP PLC AIB 4 5/8 05/20/35,0.000729965514564,0.0,OB ,FINANCIAL,XS2823235085,,YX0681750 Corp,IE ,EUR,2.794548,B,11/5/2025
20251105,A98,Etica Transizione Climatica,57810,VENTAS INC,0.000723565520797,0.0,AZ ,Real Estate,US92276F1003,2927925,VTR US Equity,US ,USD,2.794548,,11/5/2025
20251105,A98,Etica Transizione Climatica,382187,NOKIA OYJ NOKIA 2 03/11/26,0.000652096913475,0.0,OB ,INDUSTRIAL,XS1960685383,,AX4993215 Corp,FI ,EUR,2.794548,C,11/5/2025
20251105,A98,Etica Transizione Climatica,63,HERA SPA,0.000650113652248,0.0,AZ ,Utilities,IT0001250932,7598003,HER IM Equity,IT ,EUR,2.794548,,11/5/2025
20251105,A98,Etica Transizione Climatica,164726,SEK,0.000575948071696,0.0,LQ ,CASH,,,SEK,SE ,SEK,2.794548,,11/5/2025
20251105,A98,Etica Transizione Climatica,253654,FERRARI NV,0.000572259410688,0.0,AZ ,Consumer Discretionary,NL0011585146,BZ1GMK5,RACE US Equity,IT ,EUR,2.794548,,11/5/2025
20251105,A98,Etica Transizione Climatica,405937,EDP SA EDPPL 1 5/8 04/15/27,0.000571072611676,0.0,OB ,UTILITY,PTEDPNOM0015,,BH6216601 Corp,PT ,EUR,2.794548,B,11/5/2025
20251105,A98,Etica Transizione Climatica,237336,OBRIGACOES DO TESOURO PGB 2 1/4 04/18/34,0.000551487301121,0.0,OB ,SOVEREIGN,PTOTEWOE0017,,AS1769569 Govt,PT ,EUR,2.794548,A,11/5/2025
20251105,A98,Etica Transizione Climatica,164725,HKD,0.000546354398538,0.0,LQ ,CASH,,,HKD,HK ,HKD,2.794548,,11/5/2025
20251105,A98,Etica Transizione Climatica,164955,CHF,0.000533636143701,0.0,LQ ,CASH,,,CHF,CH ,CHF,2.794548,,11/5/2025
20251105,A98,Etica Transizione Climatica,48675,PRYSMIAN SPA,0.000515105732574,0.0,AZ ,Industrials,IT0004176001,B1W4V69,PRY IM Equity,IT ,EUR,2.794548,,11/5/2025
20251105,A98,Etica Transizione Climatica,3476,A2A SPA,0.000479581402717,0.0,AZ ,Utilities,IT0001233417,5499131,A2A IM Equity,IT ,EUR,2.794548,,11/5/2025
20251105,A98,Etica Transizione Climatica,1024,SSE PLC,0.000476878290102,0.0,AZ ,Utilities,GB0007908733,790873,SSE LN Equity,GB ,GBP,2.794548,,11/5/2025
20251105,A98,Etica Transizione Climatica,238405,BUONI POLIENNALI DEL TES BTPS 2.7 03/01/47,0.000466643547705,0.0,OB ,SOVEREIGN,IT0005162828,,JV9105265 Govt,IT ,EUR,2.794548,B,11/5/2025
20251105,A98,Etica Transizione Climatica,677,BIOGEN INC,0.000447546644038,0.0,AZ ,Health Care,US09062X1037,2455965,BIIB US Equity,US ,USD,2.794548,,11/5/2025
20251105,A98,Etica Transizione Climatica,3371,ERG SPA,0.000423334489946,0.0,AZ ,Utilities,IT0001157020,5337093,ERG IM Equity,IT ,EUR,2.794548,,11/5/2025
20251105,A98,Etica Transizione Climatica,503621,A2A SPA AEMSPA 4 3/8 02/03/34,0.000374654156861,0.0,OB ,UTILITY,XS2583205906,,ZM7159977 Corp,IT ,EUR,2.794548,B,11/5/2025
20251105,A98,Etica Transizione Climatica,164722,DKK,0.00036864353954,0.0,LQ ,CASH,,,DKK,DK ,DKK,2.794548,,11/5/2025
20251105,A98,Etica Transizione Climatica,128479,BELGIUM KINGDOM BGB 3.3 06/22/54,0.000249469903786,0.0,OB ,SOVEREIGN,BE0000358672,,ZL0747895 Govt,BE ,EUR,2.794548,A,11/5/2025
20251105,A98,Etica Transizione Climatica,314765,PIRELLI & C SPA,0.000155584677919,0.0,AZ ,Consumer Discretionary,IT0005278236,BZ5ZHK3,PIRC IM Equity,IT ,EUR,2.794548,,11/5/2025
20251105,A98,Etica Transizione Climatica,164960,NOK,0.000136480560189,0.0,LQ ,CASH,,,NOK,NO ,NOK,2.794548,,11/5/2025
20251105,A98,Etica Transizione Climatica,553272,GERMAN TREASURY BILL BUBILL 0 01/14/26,0.0,0.004961702,OB ,SOVEREIGN,DE000BU0E246,,YS4477537 Govt,DE ,EUR,2.794548,A,11/5/2025
20251105,A98,Etica Transizione Climatica,51421,FRENCH DISCOUNT T-BILL BTF 0 12/31/25,0.0,0.006820422,OB ,SOVEREIGN,FR0128690742,,YS3714856 Govt,FR ,EUR,2.794548,A,11/5/2025
20251105,A98,Etica Transizione Climatica,227088,ALPHABET INC-CL A,0.0,0.007625151386645,AZ ,Communication Services,US02079K3059,BYVY8G0,GOOGL US Equity,US ,USD,2.794548,,11/5/2025
20251105,A98,Etica Transizione Climatica,28663,ALPHABET INC-CL C,0.0,0.0064773346863,AZ ,Communication Services,US02079K1079,BYY88Y7,GOOG US Equity,US ,USD,2.794548,,11/5/2025
20251105,A98,Etica Transizione Climatica,50594,BROADCOM INC,0.0,0.00737286200099,AZ ,Information Technology,US11135F1012,BDZ78H9,AVGO US Equity,US ,USD,2.794548,,11/5/2025
20251105,A98,Etica Transizione Climatica,3255,AMAZON.COM INC,0.0,0.010987687799085,AZ ,Consumer Discretionary,US0231351067,2000019,AMZN US Equity,US ,USD,2.794548,,11/5/2025
20251105,A98,Etica Transizione Climatica,3458,NVIDIA CORP,0.0,0.032661981994715,AZ ,Information Technology,US67066G1040,2379504,NVDA US Equity,US ,USD,2.794548,,11/5/2025
20251105,A98,Etica Transizione Climatica,534,APPLE INC,0.0,0.018658774766145,AZ ,Information Technology,US0378331005,2046251,AAPL US Equity,US ,USD,2.794548,,11/5/2025
20251105,A98,Etica Transizione Climatica,553,MICROSOFT CORP,0.0,0.012351387282815,AZ ,Information Technology,US5949181045,2588173,MSFT US Equity,US ,USD,2.794548,,11/5/2025
20251105,A98,Etica Transizione Climatica,164736,DEBITI COMPENSO REVISIONE,-0.000005517454411,0.0,CD ,CASH,,,DEBITI COMPENSO REVISIONE,5A ,EUR,2.794548,,11/5/2025
20251105,A98,Etica Transizione Climatica,164733,DEBITI COMMISSIONE GESTIONE,-0.000031898548949,0.0,CD ,CASH,,,DEBITI COMMISSIONE GESTIONE,5A ,EUR,2.794548,,11/5/2025
20251105,A98,Etica Transizione Climatica,164730,DEBITI COMMISSIONE DEPOSITARIA,-0.000114432647687,0.0,CD ,CASH,,,DEBITI COMMISSIONE DEPOSITARIA,5A ,EUR,2.794548,,11/5/2025
20251105,A98,Etica Transizione Climatica,172066,ALLINEAMENTO NAV,-0.00020681063755,0.0,OT ,CASH,,,ALLINEAMENTO NAV,5A ,EUR,2.794548,,11/5/2025
20251105,A98,Etica Transizione Climatica,179420,DEBITI COMMISSIONE AMMINISTRAZIONE,-0.002551849057494,0.0,CD ,CASH,,,DEBITI COMMISSIONE AMMINISTRAZIONE,5A ,EUR,2.794548,,11/5/2025
20251105,A98,Etica Transizione Climatica,573180,FORWARD_USD/EUR,-0.012946488806077,0.0,FW ,CASH,,,FORWARD_USD/EUR,US ,USD,2.794548,,11/5/2025
20251105,A98,Etica Transizione Climatica,578038,FORWARD_USD/EUR,-0.014938256314704,0.0,FW ,CASH,,,FORWARD_USD/EUR,US ,USD,2.794548,,11/5/2025
20251105,A98,Etica Transizione Climatica,572000,FORWARD_USD/EUR,-0.026888861366467,0.0,FW ,CASH,,,FORWARD_USD/EUR,US ,USD,2.794548,,11/5/2025
20251105,A99,Etica Obiettivo Sociale,496185,BUNDESOBLIGATION OBL 1.3 10/15/27,0.094879041455823,0.0,OB ,SOVEREIGN,DE0001030740,,BY5766682 Govt,DE ,EUR,,A,11/5/2025
20251105,A99,Etica Obiettivo Sociale,571126,AUSTRIAN T-BILL RATB 0 11/27/25,0.086051674677331,0.0,OB ,SOVEREIGN,AT0000A3MUA7,,YL5192205 Govt,AT ,EUR,,A,11/5/2025
20251105,A99,Etica Obiettivo Sociale,574251,AUSTRIAN T-BILL RATB 0 03/26/26,0.061082760930644,0.0,OB ,SOVEREIGN,AT0000A3MUC3,,YK2495496 Govt,AT ,EUR,,A,11/5/2025
20251105,A99,Etica Obiettivo Sociale,3458,NVIDIA CORP,0.048313485440859,0.026129585595772,AZ ,Information Technology,US67066G1040,2379504,NVDA US Equity,US ,USD,,,11/5/2025
20251105,A99,Etica Obiettivo Sociale,212675,BUONI POLIENNALI DEL TES BTPS 4.05 10/30/37,0.032230687250913,0.0,OB ,SOVEREIGN,IT0005596470,,YX0762808 Govt,IT ,EUR,,B,11/5/2025
20251105,A99,Etica Obiettivo Sociale,523098,FRANCE (GOVT OF) FRTR 3 1/2 11/25/33,0.025965272814186,0.0,OB ,SOVEREIGN,FR001400L834,,ZH2111115 Govt,FR ,EUR,,A,11/5/2025
20251105,A99,Etica Obiettivo Sociale,5650,BUONI POLIENNALI DEL TES BTPS 3.6 10/01/35,0.025116871463121,0.0,OB ,SOVEREIGN,IT0005648149,,YP9041896 Govt,IT ,EUR,,B,11/5/2025
20251105,A99,Etica Obiettivo Sociale,164723,EUR,0.018318262829966,0.0,LQ ,CASH,,,EUR,5A ,EUR,,,11/5/2025
20251105,A99,Etica Obiettivo Sociale,164722,DKK,0.016070670611159,0.0,LQ ,CASH,,,DKK,DK ,DKK,,,11/5/2025
20251105,A99,Etica Obiettivo Sociale,510999,COUNCIL OF EUROPE COE 2 7/8 04/13/30,0.012674045649107,0.0,OB ,Quasi & Foreign Government,XS2610236528,,ZK0252484 Corp,SNA,EUR,,A,11/5/2025
20251105,A99,Etica Obiettivo Sociale,535701,BUNDESOBLIGATION OBL 2.1 04/12/29,0.012447287282333,0.0,OB ,SOVEREIGN,DE000BU35025,,ZB6879496 Govt,DE ,EUR,,A,11/5/2025
20251105,A99,Etica Obiettivo Sociale,51309,NEDER WATERSCHAPSBANK NEDWBK 2 5/8 01/10/34,0.012303967873463,0.0,OB ,Quasi & Foreign Government,XS2744491874,,ZF0683689 Govt,NL ,EUR,,A,11/5/2025
20251105,A99,Etica Obiettivo Sociale,509810,BUONI POLIENNALI DEL TES BTPS 4 10/30/31,0.011812741432378,0.0,OB ,SOVEREIGN,IT0005542359,,ZK0285476 Govt,IT ,EUR,,B,11/5/2025
20251105,A99,Etica Obiettivo Sociale,554,ORACLE CORP,0.011411784964946,0.0,AZ ,Information Technology,US68389X1054,2661568,ORCL US Equity,US ,USD,,,11/5/2025
20251105,A99,Etica Obiettivo Sociale,36611,FRANCE (GOVT OF) FRTR 3.15 07/25/32,0.011176404177494,0.0,OB ,SOVEREIGN,FR0000188799,,EC7356149 Govt,FR ,EUR,,A,11/5/2025
20251105,A99,Etica Obiettivo Sociale,431765,PEARSON FUNDING PLC PSON 3 3/4 06/04/30,0.010933085559983,0.0,OB ,INDUSTRIAL,XS2044910466,,BJ7575753 Corp,GB ,GBP,,B,11/5/2025
20251105,A99,Etica Obiettivo Sociale,444118,EUROPEAN UNION EU 0 10/04/30,0.010894011224485,0.0,OB ,Quasi & Foreign Government,EU000A283859,,BM0350801 Govt,SNA,EUR,,A,11/5/2025
20251105,A99,Etica Obiettivo Sociale,164727,USD,0.010695262988055,0.0,LQ ,CASH,,,USD,US ,USD,,,11/5/2025
20251105,A99,Etica Obiettivo Sociale,201018,ABBVIE INC,0.010458952348598,0.0,AZ ,Health Care,US00287Y1091,B92SR70,ABBV US Equity,US ,USD,,,11/5/2025
20251105,A99,Etica Obiettivo Sociale,534124,VONOVIA SE ANNGR 4 1/4 04/10/34,0.010400910188959,0.0,OB ,INDUSTRIAL,DE000A3829J7,,ZB1768538 Corp,DE ,EUR,,B,11/5/2025
20251105,A99,Etica Obiettivo Sociale,335900,BPIFRANCE SACA BPIFRA 3 1/2 09/27/27,0.010086011918459,0.0,OB ,Quasi & Foreign Government,FR001400LPZ1,,ZH5233460 Govt,FR ,EUR,,A,11/5/2025
20251105,A99,Etica Obiettivo Sociale,488986,AIB GROUP PLC AIB 2 1/4 04/04/28,0.009938473103061,0.0,OB ,FINANCIAL,XS2464405229,,BV5708540 Corp,IE ,EUR,,B,11/5/2025
20251105,A99,Etica Obiettivo Sociale,510744,BUNDESREPUB. DEUTSCHLAND DBR 2.3 02/15/33,0.009901251210951,0.0,OB ,SOVEREIGN,DE000BU3Z005,,ZK3512736 Govt,DE ,EUR,,A,11/5/2025
20251105,A99,Etica Obiettivo Sociale,221482,SERVICENOW INC,0.009900778039834,0.0,AZ ,Information Technology,US81762P1021,B80NXX8,NOW US Equity,US ,USD,,,11/5/2025
20251105,A99,Etica Obiettivo Sociale,335439,FRANCE (GOVT OF) FRTR 0 1/2 06/25/44,0.009430967114314,0.0,OB ,SOVEREIGN,FR0014002JM6,,BO6060129 Govt,FR ,EUR,,A,11/5/2025
20251105,A99,Etica Obiettivo Sociale,577,APPLIED MATERIALS INC,0.0092108959045,0.0,AZ ,Information Technology,US0382221051,2046552,AMAT US Equity,US ,USD,,,11/5/2025
20251105,A99,Etica Obiettivo Sociale,483520,BANCO DO BRASIL (CAYMAN) BANBRA 4 7/8 01/11/29,0.008642319707086,0.0,OB ,FINANCIAL,USP3772WAK82,,BT3700478 Corp,BR ,USD,,C,11/5/2025
20251105,A99,Etica Obiettivo Sociale,237094,BONOS Y OBLIG DEL ESTADO SPGB 3.45 07/30/66,0.007608088367931,0.0,OB ,SOVEREIGN,ES00000128E2,,LW0882867 Govt,ES ,EUR,,A,11/5/2025
20251105,A99,Etica Obiettivo Sociale,427,PROCTER & GAMBLE CO/THE,0.007464007208939,0.0,AZ ,Consumer Staples,US7427181091,2704407,PG US Equity,US ,USD,,,11/5/2025
20251105,A99,Etica Obiettivo Sociale,406204,BANCO COMERC PORTUGUES BCPPL 1 3/4 04/07/28,0.007373010557667,0.0,OB ,FINANCIAL,PTBCPEOM0069,,BR6434368 Corp,PT ,EUR,,B,11/5/2025
20251105,A99,Etica Obiettivo Sociale,300,HOME DEPOT INC,0.00733760123705,0.0,AZ ,Consumer Discretionary,US4370761029,2434209,HD US Equity,US ,USD,,,11/5/2025
20251105,A99,Etica Obiettivo Sociale,239153,BUNDESREPUB. DEUTSCHLAND DBR 0 08/15/31,0.007014395706141,0.0,OB ,SOVEREIGN,DE0001030732,,BR2433760 Govt,DE ,EUR,,A,11/5/2025
20251105,A99,Etica Obiettivo Sociale,443017,PRAEMIA HEALTHCARE SACA PRAEFP 1 3/8 09/17/30,0.006719787062375,0.0,OB ,INDUSTRIAL,FR0013535150,,ZO4361218 Corp,FR ,EUR,,B,11/5/2025
20251105,A99,Etica Obiettivo Sociale,344,LOWE'S COS INC,0.006632066551931,0.0,AZ ,Consumer Discretionary,US5486611073,2536763,LOW US Equity,US ,USD,,,11/5/2025
20251105,A99,Etica Obiettivo Sociale,454914,BUONI POLIENNALI DEL TES BTPS 1 1/2 04/30/45,0.006583363891799,0.0,OB ,SOVEREIGN,IT0005438004,,BO3833387 Govt,IT ,EUR,,B,11/5/2025
20251105,A99,Etica Obiettivo Sociale,391641,BONOS Y OBLIG DEL ESTADO SPGB 0.6 10/31/29,0.006312745208272,0.0,OB ,SOVEREIGN,ES0000012F43,,AZ1293424 Govt,ES ,EUR,,A,11/5/2025
20251105,A99,Etica Obiettivo Sociale,544860,NATWEST GROUP PLC NWG 3.575 09/12/32,0.006304614664046,0.0,OB ,FINANCIAL,XS2898838516,,YV6173723 Corp,GB ,EUR,,A,11/5/2025
20251105,A99,Etica Obiettivo Sociale,510424,DSM-FIRMENICH AG,0.006092942887636,0.0,AZ ,Materials,CH1216478797,BPCPSD6,DSFIR NA Equity,NL ,EUR,,,11/5/2025
20251105,A99,Etica Obiettivo Sociale,159,BOSTON SCIENTIFIC CORP,0.006026017047949,0.0,AZ ,Health Care,US1011371077,2113434,BSX US Equity,US ,USD,,,11/5/2025
20251105,A99,Etica Obiettivo Sociale,23568,SALESFORCE INC,0.005977962675319,0.0,AZ ,Information Technology,US79466L3024,2310525,CRM US Equity,US ,USD,,,11/5/2025
20251105,A99,Etica Obiettivo Sociale,514999,BUNDESREPUB. DEUTSCHLAND DBR 1.8 08/15/53,0.005489576245429,0.0,OB ,SOVEREIGN,DE0001030757,,ZK9574730 Govt,DE ,EUR,,A,11/5/2025
20251105,A99,Etica Obiettivo Sociale,30976,NABTESCO CORP,0.00526441939983,0.0,AZ ,Industrials,JP3651210001,6687571,6268 JP Equity,JP ,JPY,,,11/5/2025
20251105,A99,Etica Obiettivo Sociale,237713,BUONI POLIENNALI DEL TES BTPS 4 04/30/35,0.005224904258365,0.0,OB ,SOVEREIGN,IT0005508590,,BY8794178 Govt,IT ,EUR,,B,11/5/2025
20251105,A99,Etica Obiettivo Sociale,1821,INTUIT INC,0.005184374967829,0.0,AZ ,Information Technology,US4612021034,2459020,INTU US Equity,US ,USD,,,11/5/2025
20251105,A99,Etica Obiettivo Sociale,542,CISCO SYSTEMS INC,0.005128096524303,0.0,AZ ,Information Technology,US17275R1023,2198163,CSCO US Equity,US ,USD,,,11/5/2025
20251105,A99,Etica Obiettivo Sociale,423,NEW LINDE PLC,0.004841934692584,0.0,AZ ,Materials,IE000S9YS762,BNZHB81,LIN US Equity,US ,USD,,,11/5/2025
20251105,A99,Etica Obiettivo Sociale,366,MICRON TECHNOLOGY INC,0.004806684244245,0.0,AZ ,Information Technology,US5951121038,2588184,MU US Equity,US ,USD,,,11/5/2025
20251105,A99,Etica Obiettivo Sociale,549,INTEL CORP,0.004707051512479,0.0,AZ ,Information Technology,US4581401001,2463247,INTC US Equity,US ,USD,,,11/5/2025
20251105,A99,Etica Obiettivo Sociale,128380,BONOS Y OBLIG DEL ESTADO SPGB 0 01/31/28,0.00469823846968,0.0,OB ,SOVEREIGN,ES0000012I08,,BO5684341 Govt,ES ,EUR,,A,11/5/2025
20251105,A99,Etica Obiettivo Sociale,533,AMGEN INC,0.004656286589256,0.0,AZ ,Health Care,US0311621009,2023607,AMGN US Equity,US ,USD,,,11/5/2025
20251105,A99,Etica Obiettivo Sociale,480,TEXAS INSTRUMENTS INC,0.004518539277921,0.0,AZ ,Information Technology,US8825081040,2885409,TXN US Equity,US ,USD,,,11/5/2025
20251105,A99,Etica Obiettivo Sociale,1706,TELECOM ITALIA SPA,0.004417118833068,0.0,AZ ,Communication Services,IT0003497168,7634394,TIT IM Equity,IT ,EUR,,,11/5/2025
20251105,A99,Etica Obiettivo Sociale,903,ASTRAZENECA PLC,0.004345399874564,0.0,AZ ,Health Care,GB0009895292,989529,AZN LN Equity,GB ,GBP,,,11/5/2025
20251105,A99,Etica Obiettivo Sociale,100,ABBOTT LABORATORIES,0.004207993566393,0.0,AZ ,Health Care,US0028241000,2002305,ABT US Equity,US ,USD,,,11/5/2025
20251105,A99,Etica Obiettivo Sociale,164724,GBP,0.004181685498394,0.0,LQ ,CASH,,,GBP,GB ,GBP,,,11/5/2025
20251105,A99,Etica Obiettivo Sociale,4289,CRH PLC,0.004158158372115,0.0,SE ,Materials,IE0001827041,182704,CRH LN Equity,US ,USD,,,11/5/2025
20251105,A99,Etica Obiettivo Sociale,18091,PROLOGIS INC,0.00407880886789,0.0,AZ ,Real Estate,US74340W1036,B44WZD7,PLD UN Equity,US ,USD,,,11/5/2025
20251105,A99,Etica Obiettivo Sociale,483128,FRANCE (GOVT OF) FRTR 0 05/25/32,0.00406639197173,0.0,OB ,SOVEREIGN,FR0014007L00,,BT2718364 Govt,FR ,EUR,,A,11/5/2025
20251105,A99,Etica Obiettivo Sociale,518947,CREDITO EMILIANO SPA CRDEM 4 7/8 03/26/30,0.004031151368304,0.0,OB ,FINANCIAL,XS2684860203,,ZI9662761 Corp,IT ,EUR,,B,11/5/2025
20251105,A99,Etica Obiettivo Sociale,2839,ASML HOLDING NV,0.003982958797711,0.0,AZ ,Information Technology,NL0010273215,B929F46,ASML NA Equity,NL ,EUR,,,11/5/2025
20251105,A99,Etica Obiettivo Sociale,756,QUALCOMM INC,0.003918567653863,0.0,AZ ,Information Technology,US7475251036,2714923,QCOM US Equity,US ,USD,,,11/5/2025
20251105,A99,Etica Obiettivo Sociale,335736,VONOVIA SE ANNGR 4 3/4 05/23/27,0.003893094680586,0.0,OB ,INDUSTRIAL,DE000A30VQA4,,ZN4077030 Corp,DE ,EUR,,B,11/5/2025
20251105,A99,Etica Obiettivo Sociale,512653,CAIXABANK SA CABKSM 4 5/8 05/16/27,0.003814785168328,0.0,OB ,FINANCIAL,XS2623501181,,ZK5586472 Corp,ES ,EUR,,B,11/5/2025
20251105,A99,Etica Obiettivo Sociale,214,DANAHER CORP,0.003764816698544,0.0,AZ ,Health Care,US2358511028,2250870,DHR US Equity,US ,USD,,,11/5/2025
20251105,A99,Etica Obiettivo Sociale,489310,FRANCE (GOVT OF) FRTR 1 1/4 05/25/38,0.003747005528585,0.0,OB ,SOVEREIGN,FR0014009O62,,BV6882823 Govt,FR ,EUR,,A,11/5/2025
20251105,A99,Etica Obiettivo Sociale,451544,EDP SA EDPPL 1 7/8 08/02/2081,0.003675894001196,0.0,OB ,UTILITY,PTEDPROM0029,,BN7191719 Corp,PT ,EUR,,C,11/5/2025
20251105,A99,Etica Obiettivo Sociale,2703,LONZA GROUP AG-REG,0.003535089967524,0.0,AZ ,Health Care,CH0013841017,7333378,LONN SW Equity,CH ,CHF,,,11/5/2025
20251105,A99,Etica Obiettivo Sociale,4264,AUTODESK INC,0.0035165375987,0.0,AZ ,Information Technology,US0527691069,2065159,ADSK US Equity,US ,USD,,,11/5/2025
20251105,A99,Etica Obiettivo Sociale,222389,MONCLER SPA,0.003506344914445,0.0,AZ ,Consumer Discretionary,IT0004965148,BGLP232,MONC IM Equity,IT ,EUR,,,11/5/2025
20251105,A99,Etica Obiettivo Sociale,3218,ROCKWELL AUTOMATION INC,0.003478810908691,0.0,AZ ,Industrials,US7739031091,2754060,ROK US Equity,US ,USD,,,11/5/2025
20251105,A99,Etica Obiettivo Sociale,23359,AISIN CORP,0.003412415586737,0.0,AZ ,Consumer Discretionary,JP3102000001,6010702,7259 JP Equity,JP ,JPY,,,11/5/2025
20251105,A99,Etica Obiettivo Sociale,363,MERCK & CO. INC.,0.00335617726123,0.0,AZ ,Health Care,US58933Y1055,2778844,MRK US Equity,US ,USD,,,11/5/2025
20251105,A99,Etica Obiettivo Sociale,559,STRYKER CORP,0.003335659847828,0.0,AZ ,Health Care,US8636671013,2853688,SYK UN Equity,US ,USD,,,11/5/2025
20251105,A99,Etica Obiettivo Sociale,331171,BELGIUM KINGDOM BGB 1 1/4 04/22/33,0.003318658175818,0.0,OB ,SOVEREIGN,BE0000346552,,AQ3876663 Govt,BE ,EUR,,A,11/5/2025
20251105,A99,Etica Obiettivo Sociale,23406,IBIDEN CO LTD,0.003256112214735,0.0,AZ ,Information Technology,JP3148800000,6456102,4062 JP Equity,JP ,JPY,,,11/5/2025
20251105,A99,Etica Obiettivo Sociale,504096,NEDER WATERSCHAPSBANK NEDWBK 2 3/4 12/17/29,0.003186815473943,0.0,OB ,Quasi & Foreign Government,XS2579321337,,ZM4811604 Govt,NL ,EUR,,A,11/5/2025
20251105,A99,Etica Obiettivo Sociale,61108,MERCADOLIBRE INC,0.003109089518886,0.0,AZ ,Consumer Discretionary,US58733R1023,B23X1H3,MELI US Equity,US ,USD,,,11/5/2025
20251105,A99,Etica Obiettivo Sociale,236196,IMCD NV,0.003092978442292,0.0,AZ ,Industrials,NL0010801007,BNCBD46,IMCD NA Equity,NL ,EUR,,,11/5/2025
20251105,A99,Etica Obiettivo Sociale,1288,KURITA WATER INDUSTRIES LTD,0.002999211924828,0.0,AZ ,Industrials,JP3270000007,6497963,6370 JP Equity,JP ,JPY,,,11/5/2025
20251105,A99,Etica Obiettivo Sociale,360,MEDTRONIC PLC,0.002963370166419,0.0,AZ ,Health Care,IE00BTN1Y115,BTN1Y11,MDT US Equity,US ,USD,,,11/5/2025
20251105,A99,Etica Obiettivo Sociale,541,CINTAS CORP,0.002816426968241,0.0,AZ ,Industrials,US1729081059,2197137,CTAS US Equity,US ,USD,,,11/5/2025
20251105,A99,Etica Obiettivo Sociale,2985,CANADIAN NATL RAILWAY CO,0.002802784626571,0.0,AZ ,Industrials,CA1363751027,2180632,CNR CN Equity,CA ,CAD,,,11/5/2025
20251105,A99,Etica Obiettivo Sociale,3065,ELEVANCE HEALTH INC,0.002697073891819,0.0,AZ ,Health Care,US0367521038,BSPHGL4,ELV US Equity,US ,USD,,,11/5/2025
20251105,A99,Etica Obiettivo Sociale,503621,A2A SPA AEMSPA 4 3/8 02/03/34,0.002688503772241,0.0,OB ,UTILITY,XS2583205906,,ZM7159977 Corp,IT ,EUR,,B,11/5/2025
20251105,A99,Etica Obiettivo Sociale,462761,BUNDESREPUB. DEUTSCHLAND DBR 0 08/15/50,0.00266539320883,0.0,OB ,SOVEREIGN,DE0001030724,,BP4742659 Govt,DE ,EUR,,A,11/5/2025
20251105,A99,Etica Obiettivo Sociale,164959,JPY,0.002643088574586,0.0,LQ ,CASH,,,JPY,JP ,JPY,,,11/5/2025
20251105,A99,Etica Obiettivo Sociale,212828,PRYSMIAN SPA PRYIM 3 7/8 11/28/31,0.002625559953623,0.0,OB ,INDUSTRIAL,XS2948434266,,YT3439742 Corp,IT ,EUR,,B,11/5/2025
20251105,A99,Etica Obiettivo Sociale,509918,NATWEST GROUP PLC NWG 4.699 03/14/28,0.002607923776988,0.0,OB ,FINANCIAL,XS2596599063,,ZL4435141 Corp,GB ,EUR,,A,11/5/2025
20251105,A99,Etica Obiettivo Sociale,809,WASTE MANAGEMENT INC,0.002592556975795,0.0,AZ ,Industrials,US94106L1098,2937667,WM US Equity,US ,USD,,,11/5/2025
20251105,A99,Etica Obiettivo Sociale,166783,XYLEM INC,0.002592451512168,0.0,AZ ,Industrials,US98419M1009,B3P2CN8,XYL US Equity,US ,USD,,,11/5/2025
20251105,A99,Etica Obiettivo Sociale,212462,ORSTED A/S ORSTED 3 3/4 03/01/30,0.002571595064584,0.0,OB ,UTILITY,XS2591029876,,ZL2347488 Corp,DK ,EUR,,B,11/5/2025
20251105,A99,Etica Obiettivo Sociale,2706,TRANE TECHNOLOGIES PLC,0.00257151175201,0.0,AZ ,Industrials,IE00BK9ZQ967,BK9ZQ96,TT US Equity,US ,USD,,,11/5/2025
20251105,A99,Etica Obiettivo Sociale,237721,INSTITUT CREDITO OFICIAL ICO 2.65 01/31/28,0.002535049148793,0.0,OB ,Quasi & Foreign Government,XS2538778478,,BZ1970970 Govt,ES ,EUR,,A,11/5/2025
20251105,A99,Etica Obiettivo Sociale,3837,AGILENT TECHNOLOGIES INC,0.002496860117071,0.0,AZ ,Health Care,US00846U1016,2520153,A US Equity,US ,USD,,,11/5/2025
20251105,A99,Etica Obiettivo Sociale,68606,EDP RENOVAVEIS SA,0.002491151790557,0.0,AZ ,Utilities,ES0127797019,B39GNW2,EDPR PL Equity,PT ,EUR,,,11/5/2025
20251105,A99,Etica Obiettivo Sociale,1619,LOREAL SA,0.00243123195994,0.0,AZ ,Consumer Staples,FR0000120321,4057808,OR FP Equity,FR ,EUR,,,11/5/2025
20251105,A99,Etica Obiettivo Sociale,667,GILEAD SCIENCES INC,0.0024204116625,0.0,AZ ,Health Care,US3755581036,2369174,GILD US Equity,US ,USD,,,11/5/2025
20251105,A99,Etica Obiettivo Sociale,125,ANALOG DEVICES INC,0.002372984164687,0.0,AZ ,Information Technology,US0326541051,2032067,ADI US Equity,US ,USD,,,11/5/2025
20251105,A99,Etica Obiettivo Sociale,2170,DSV A/S,0.002370515922008,0.0,AZ ,Industrials,DK0060079531,B1WT5G2,DSV DC Equity,DK ,DKK,,,11/5/2025
20251105,A99,Etica Obiettivo Sociale,489810,COUNCIL OF EUROPE COE 1 04/13/29,0.002360647258443,0.0,OB ,Quasi & Foreign Government,XS2468525451,,BV7507270 Corp,SNA,EUR,,A,11/5/2025
20251105,A99,Etica Obiettivo Sociale,397638,PROSUS NV,0.002353379866939,0.0,AZ ,Consumer Discretionary,NL0013654783,BJDS7L3,PRX NA Equity,NL ,EUR,,,11/5/2025
20251105,A99,Etica Obiettivo Sociale,57392,EQUINIX INC,0.002335398995298,0.0,AZ ,Real Estate,US29444U7000,BVLZX12,EQIX US Equity,US ,USD,,,11/5/2025
20251105,A99,Etica Obiettivo Sociale,531,ADOBE INC,0.00229113552937,0.0,AZ ,Information Technology,US00724F1012,2008154,ADBE US Equity,US ,USD,,,11/5/2025
20251105,A99,Etica Obiettivo Sociale,1826,BEIERSDORF AG,0.002265454705373,0.0,AZ ,Consumer Staples,DE0005200000,5107401,BEI GR Equity,DE ,EUR,,,11/5/2025
20251105,A99,Etica Obiettivo Sociale,1735,SUN HUNG KAI PROPERTIES,0.002228467860554,0.0,AZ ,Real Estate,HK0016000132,6859927,16 HK Equity,HK ,HKD,,,11/5/2025
20251105,A99,Etica Obiettivo Sociale,480661,BONOS Y OBLIG DEL ESTADO SPGB 0.7 04/30/32,0.002174801887677,0.0,OB ,SOVEREIGN,ES0000012K20,,BT4353020 Govt,ES ,EUR,,A,11/5/2025
20251105,A99,Etica Obiettivo Sociale,350,PANASONIC HOLDINGS CORP,0.002141307771766,0.0,AZ ,Consumer Discretionary,JP3866800000,6572707,6752 JP Equity,JP ,JPY,,,11/5/2025
20251105,A99,Etica Obiettivo Sociale,1658,ATLAS COPCO AB-A SHS,0.002073466478258,0.0,AZ ,Industrials,SE0017486889,BLDBN41,ATCOA SS Equity,SE ,SEK,,,11/5/2025
20251105,A99,Etica Obiettivo Sociale,2088,SAP SE,0.002070226394423,0.0,AZ ,Information Technology,DE0007164600,4846288,SAP GY Equity,DE ,EUR,,,11/5/2025
20251105,A99,Etica Obiettivo Sociale,3371,ERG SPA,0.002060045524063,0.0,AZ ,Utilities,IT0001157020,5337093,ERG IM Equity,IT ,EUR,,,11/5/2025
20251105,A99,Etica Obiettivo Sociale,335600,BONOS Y OBLIG DEL ESTADO SPGB 1.9 10/31/52,0.002049957811189,0.0,OB ,SOVEREIGN,ES0000012K46,,BU3617661 Govt,ES ,EUR,,A,11/5/2025
20251105,A99,Etica Obiettivo Sociale,2986,NATIONAL GRID PLC,0.002040915628046,0.0,AZ ,Utilities,GB00BDR05C01,BDR05C0,NG/ LN Equity,GB ,GBP,,,11/5/2025
20251105,A99,Etica Obiettivo Sociale,1499,TAKEDA PHARMACEUTICAL CO LTD,0.002023885774973,0.0,AZ ,Health Care,JP3463000004,6870445,4502 JP Equity,JP ,JPY,,,11/5/2025
20251105,A99,Etica Obiettivo Sociale,276440,DELL TECHNOLOGIES -C,0.001921324796982,0.0,AZ ,Information Technology,US24703L2025,BHKD3S6,DELL US Equity,US ,USD,,,11/5/2025
20251105,A99,Etica Obiettivo Sociale,31958,FASTENAL CO,0.001854643480314,0.0,AZ ,Industrials,US3119001044,2332262,FAST US Equity,US ,USD,,,11/5/2025
20251105,A99,Etica Obiettivo Sociale,2566,UNITED PARCEL SERVICE-CL B,0.00185348399572,0.0,AZ ,Industrials,US9113121068,2517382,UPS US Equity,US ,USD,,,11/5/2025
20251105,A99,Etica Obiettivo Sociale,237,EMERSON ELECTRIC CO,0.001847180175048,0.0,AZ ,Industrials,US2910111044,2313405,EMR US Equity,US ,USD,,,11/5/2025
20251105,A99,Etica Obiettivo Sociale,238730,NUTRIEN LTD,0.001842512332746,0.0,SE ,Materials,CA67077M1086,BDH3SB9,NTR US Equity,CA ,CAD,,,11/5/2025
20251105,A99,Etica Obiettivo Sociale,348394,KNORR-BREMSE AG,0.001842477875552,0.0,AZ ,Industrials,DE000KBX1006,BD2P9X9,KBX GR Equity,DE ,EUR,,,11/5/2025
20251105,A99,Etica Obiettivo Sociale,3033,STMICROELECTRONICS NV,0.00183150547421,0.0,SE ,Information Technology,NL0000226223,5962343,STMMI IM Equity,FR ,EUR,,,11/5/2025
20251105,A99,Etica Obiettivo Sociale,3760,ABB LTD,0.001820022860266,0.0,AZ ,Industrials,CH0012221716,7108899,ABBN SW Equity,CH ,CHF,,,11/5/2025
20251105,A99,Etica Obiettivo Sociale,2955,VOESTALPINE AG,0.001803810504133,0.0,AZ ,Materials,AT0000937503,4943402,VOE AV Equity,AT ,EUR,,,11/5/2025
20251105,A99,Etica Obiettivo Sociale,1545,TOTO LTD,0.001778899306187,0.0,AZ ,Industrials,JP3596200000,6897466,5332 JP Equity,JP ,JPY,,,11/5/2025
20251105,A99,Etica Obiettivo Sociale,292486,FRANCE (GOVT OF) FRTR 1 3/4 06/25/39,0.001762352715266,0.0,OB ,SOVEREIGN,FR0013234333,,AL9974240 Govt,FR ,EUR,,A,11/5/2025
20251105,A99,Etica Obiettivo Sociale,233530,ZALANDO SE,0.001724806556344,0.0,AZ ,Consumer Discretionary,DE000ZAL1111,BQV0SV7,ZAL GR Equity,DE ,EUR,,,11/5/2025
20251105,A99,Etica Obiettivo Sociale,238421,BONOS Y OBLIG DEL ESTADO SPGB 2.9 10/31/46,0.001550019606845,0.0,OB ,SOVEREIGN,ES00000128C6,,JK3794373 Govt,ES ,EUR,,A,11/5/2025
20251105,A99,Etica Obiettivo Sociale,236299,VONOVIA SE,0.001543363338298,0.0,AZ ,Real Estate,DE000A1ML7J1,BBJPFY1,VNA GR Equity,DE ,EUR,,,11/5/2025
20251105,A99,Etica Obiettivo Sociale,1575,ASTELLAS PHARMA INC,0.001497612182998,0.0,AZ ,Health Care,JP3942400007,6985383,4503 JP Equity,JP ,JPY,,,11/5/2025
20251105,A99,Etica Obiettivo Sociale,1733,ROCHE HOLDING AG-GENUSSCHEIN,0.001463945904176,0.0,AZ ,Health Care,CH0012032048,7110388,ROG SW Equity,CH ,CHF,,,11/5/2025
20251105,A99,Etica Obiettivo Sociale,3013,NOVARTIS AG,0.001462762176483,0.0,AZ ,Health Care,CH0012005267,7103065,NOVN SW Equity,CH ,CHF,,,11/5/2025
20251105,A99,Etica Obiettivo Sociale,58909,EDWARDS LIFESCIENCES CORP,0.001462559986588,0.0,AZ ,Health Care,US28176E1082,2567116,EW US Equity,US ,USD,,,11/5/2025
20251105,A99,Etica Obiettivo Sociale,3011,DEUTSCHE TELEKOM AG,0.001433320472768,0.0,AZ ,Communication Services,DE0005557508,5842359,DTE GR Equity,DE ,EUR,,,11/5/2025
20251105,A99,Etica Obiettivo Sociale,1361,NIDEC CORP,0.00143132220161,0.0,AZ ,Industrials,JP3734800000,6640682,6594 JP Equity,JP ,JPY,,,11/5/2025
20251105,A99,Etica Obiettivo Sociale,1340,NEC CORP,0.001412232423613,0.0,AZ ,Information Technology,JP3733000008,6640400,6701 JP Equity,JP ,JPY,,,11/5/2025
20251105,A99,Etica Obiettivo Sociale,1526,TOKYO ELECTRON LTD,0.001390891729385,0.0,AZ ,Information Technology,JP3571400005,6895675,8035 JP Equity,JP ,JPY,,,11/5/2025
20251105,A99,Etica Obiettivo Sociale,164726,SEK,0.001374140610403,0.0,LQ ,CASH,,,SEK,SE ,SEK,,,11/5/2025
20251105,A99,Etica Obiettivo Sociale,232,ECOLAB INC,0.001332304776889,0.0,AZ ,Materials,US2788651006,2304227,ECL US Equity,US ,USD,,,11/5/2025
20251105,A99,Etica Obiettivo Sociale,49977,TE CONNECTIVITY PLC,0.001329256176606,0.0,AZ ,Information Technology,IE000IVNQZ81,BRC3N84,TEL US Equity,US ,USD,,,11/5/2025
20251105,A99,Etica Obiettivo Sociale,536433,EDP SA EDPPL 4 3/4 05/29/54,0.001302878086666,0.0,OB ,UTILITY,PTEDPZOM0011,,YX2446822 Corp,PT ,EUR,,C,11/5/2025
20251105,A99,Etica Obiettivo Sociale,148,BECTON DICKINSON AND CO,0.001270642027538,0.0,AZ ,Health Care,US0758871091,2087807,BDX US Equity,US ,USD,,,11/5/2025
20251105,A99,Etica Obiettivo Sociale,4266,MCCORMICK & CO-NON VTG SHRS,0.001224945511503,0.0,AZ ,Consumer Staples,US5797802064,2550161,MKC UN Equity,US ,USD,,,11/5/2025
20251105,A99,Etica Obiettivo Sociale,4223,COLGATE-PALMOLIVE CO,0.001183081619987,0.0,AZ ,Consumer Staples,US1941621039,2209106,CL US Equity,US ,USD,,,11/5/2025
20251105,A99,Etica Obiettivo Sociale,344928,IRELAND GOVERNMENT BOND IRISH 1.35 03/18/31,0.001175545093182,0.0,OB ,SOVEREIGN,IE00BFZRQ242,,AU9204705 Govt,IE ,EUR,,A,11/5/2025
20251105,A99,Etica Obiettivo Sociale,1040,TATE & LYLE PLC,0.001165889202793,0.0,AZ ,Consumer Staples,GB00BP92CJ43,BP92CJ4,TATE LN Equity,GB ,GBP,,,11/5/2025
20251105,A99,Etica Obiettivo Sociale,944,CRODA INTERNATIONAL PLC,0.001145851605825,0.0,AZ ,Materials,GB00BJFFLV09,BJFFLV0,CRDA LN Equity,GB ,GBP,,,11/5/2025
20251105,A99,Etica Obiettivo Sociale,23481,CBRE GROUP INC,0.001106782561967,0.0,AZ ,Real Estate,US12504L1098,B6WVMH3,CBRE US Equity,US ,USD,,,11/5/2025
20251105,A99,Etica Obiettivo Sociale,100272,AMERICAN WATER WORKS CO INC,0.001104909075078,0.0,AZ ,Utilities,US0304201033,B2R3PV1,AWK US Equity,US ,USD,,,11/5/2025
20251105,A99,Etica Obiettivo Sociale,1001,PERSIMMON PLC,0.001038918132914,0.0,AZ ,Consumer Discretionary,GB0006825383,682538,PSN LN Equity,GB ,GBP,,,11/5/2025
20251105,A99,Etica Obiettivo Sociale,88166,REXEL SA,0.000999424773318,0.0,AZ ,Industrials,FR0010451203,B1VP0K0,RXL FP Equity,FR ,EUR,,,11/5/2025
20251105,A99,Etica Obiettivo Sociale,2658,ASSA ABLOY AB-B,0.000995389958904,0.0,AZ ,Industrials,SE0007100581,BYPC1T4,ASSAB SS Equity,SE ,SEK,,,11/5/2025
20251105,A99,Etica Obiettivo Sociale,253654,FERRARI NV,0.00098957333835,0.0,AZ ,Consumer Discretionary,NL0011585146,BZ1GMK5,RACE US Equity,IT ,EUR,,,11/5/2025
20251105,A99,Etica Obiettivo Sociale,392,NOVO NORDISK A/S-B,0.000944938350028,0.0,AZ ,Health Care,DK0062498333,BP6KMJ1,NOVOB DC Equity,DK ,DKK,,,11/5/2025
20251105,A99,Etica Obiettivo Sociale,3119,INTERPUMP GROUP SPA,0.000929758479115,0.0,AZ ,Industrials,IT0001078911,5161407,IP IM Equity,IT ,EUR,,,11/5/2025
20251105,A99,Etica Obiettivo Sociale,5441,REPUBLIC OF AUSTRIA RAGB 1.85 05/23/49,0.000907520913339,0.0,OB ,SOVEREIGN,AT0000A2Y8G4,,BW7906546 Govt,AT ,EUR,,A,11/5/2025
20251105,A99,Etica Obiettivo Sociale,32136,BOLIDEN AB,0.000883965605997,0.0,AZ ,Materials,SE0020050417,BPYTZ57,BOL SS Equity,SE ,SEK,,,11/5/2025
20251105,A99,Etica Obiettivo Sociale,343334,GODADDY INC - CLASS A,0.000850362949923,0.0,AZ ,Information Technology,US3802371076,BWFRFC6,GDDY US Equity,US ,USD,,,11/5/2025
20251105,A99,Etica Obiettivo Sociale,1734,NOKIA OYJ,0.000827893290331,0.0,AZ ,Information Technology,FI0009000681,5902941,NOKIA FH Equity,FI ,EUR,,,11/5/2025
20251105,A99,Etica Obiettivo Sociale,152,BEST BUY CO INC,0.000827121941419,0.0,AZ ,Consumer Discretionary,US0865161014,2094670,BBY US Equity,US ,USD,,,11/5/2025
20251105,A99,Etica Obiettivo Sociale,336777,ULTA BEAUTY INC,0.000783120842415,0.0,AZ ,Consumer Discretionary,US90384S3031,B28TS42,ULTA UW Equity,US ,USD,,,11/5/2025
20251105,A99,Etica Obiettivo Sociale,211813,NXP SEMICONDUCTORS NV,0.000694798684743,0.0,AZ ,Information Technology,NL0009538784,B505PN7,NXPI US Equity,US ,USD,,,11/5/2025
20251105,A99,Etica Obiettivo Sociale,24041,TERNA-RETE ELETTRICA NAZIONA,0.00068459135618,0.0,AZ ,Utilities,IT0003242622,B01BN57,TRN IM Equity,IT ,EUR,,,11/5/2025
20251105,A99,Etica Obiettivo Sociale,3466,COGNIZANT TECH SOLUTIONS-A,0.000664272194708,0.0,AZ ,Information Technology,US1924461023,2257019,CTSH US Equity,US ,USD,,,11/5/2025
20251105,A99,Etica Obiettivo Sociale,3385,YUM! BRANDS INC,0.000645366762702,0.0,AZ ,Consumer Discretionary,US9884981013,2098876,YUM UN Equity,US ,USD,,,11/5/2025
20251105,A99,Etica Obiettivo Sociale,2831,BREMBO N.V.,0.000615030771728,0.0,AZ ,Consumer Discretionary,NL0015001KT6,BSMM753,BRE IM Equity,IT ,EUR,,,11/5/2025
20251105,A99,Etica Obiettivo Sociale,235482,MERLIN PROPERTIES SOCIMI SA,0.000612330804416,0.0,AZ ,Real Estate,ES0105025003,BNGNB77,MRL SM Equity,ES ,EUR,,,11/5/2025
20251105,A99,Etica Obiettivo Sociale,67156,KEURIG DR PEPPER INC,0.000590902244343,0.0,AZ ,Consumer Staples,US49271V1008,BD3W133,KDP US Equity,US ,USD,,,11/5/2025
20251105,A99,Etica Obiettivo Sociale,164960,NOK,0.000590656244586,0.0,LQ ,CASH,,,NOK,NO ,NOK,,,11/5/2025
20251105,A99,Etica Obiettivo Sociale,387,NORSK HYDRO ASA,0.00059019537961,0.0,AZ ,Materials,NO0005052605,B11HK39,NHY NO Equity,NO ,NOK,,,11/5/2025
20251105,A99,Etica Obiettivo Sociale,1010,RELX PLC,0.000573627376005,0.0,AZ ,Industrials,GB00B2B0DG97,B2B0DG9,REL LN Equity,GB ,GBP,,,11/5/2025
20251105,A99,Etica Obiettivo Sociale,3245,EDP SA,0.000529530289101,0.0,AZ ,Utilities,PTEDP0AM0009,4103596,EDP PL Equity,PT ,EUR,,,11/5/2025
20251105,A99,Etica Obiettivo Sociale,164955,CHF,0.000506944090354,0.0,LQ ,CASH,,,CHF,CH ,CHF,,,11/5/2025
20251105,A99,Etica Obiettivo Sociale,50261,DIASORIN SPA,0.000495308880264,0.0,AZ ,Health Care,IT0003492391,B234WN9,DIA IM Equity,IT ,EUR,,,11/5/2025
20251105,A99,Etica Obiettivo Sociale,1122,AJINOMOTO CO INC,0.000492612727856,0.0,AZ ,Consumer Staples,JP3119600009,6010906,2802 JP Equity,JP ,JPY,,,11/5/2025
20251105,A99,Etica Obiettivo Sociale,677,BIOGEN INC,0.000434204337464,0.0,AZ ,Health Care,US09062X1037,2455965,BIIB US Equity,US ,USD,,,11/5/2025
20251105,A99,Etica Obiettivo Sociale,335696,BELGIUM KINGDOM BGB 2 3/4 04/22/39,0.000400613372224,0.0,OB ,SOVEREIGN,BE0000356650,,BZ0281957 Govt,BE ,EUR,,A,11/5/2025
20251105,A99,Etica Obiettivo Sociale,1970,K+S AG-REG,0.000389555074019,0.0,AZ ,Materials,DE000KSAG888,B54C017,SDF GR Equity,DE ,EUR,,,11/5/2025
20251105,A99,Etica Obiettivo Sociale,1024,SSE PLC,0.000325483397588,0.0,AZ ,Utilities,GB0007908733,790873,SSE LN Equity,GB ,GBP,,,11/5/2025
20251105,A99,Etica Obiettivo Sociale,247914,INFRASTRUTTURE WIRELESS ITAL,0.000253312065345,0.0,AZ ,Communication Services,IT0005090300,BZ0P4R4,INW IM Equity,IT ,EUR,,,11/5/2025
20251105,A99,Etica Obiettivo Sociale,63,HERA SPA,0.000228894958956,0.0,AZ ,Utilities,IT0001250932,7598003,HER IM Equity,IT ,EUR,,,11/5/2025
20251105,A99,Etica Obiettivo Sociale,46079,SYMRISE AG,0.000192767328895,0.0,AZ ,Materials,DE000SYM9999,B1JB4K8,SY1 GY Equity,DE ,EUR,,,11/5/2025
20251105,A99,Etica Obiettivo Sociale,335227,NEXI SPA,0.000171249057054,0.0,AZ ,Financials,IT0005366767,BJ1F880,NEXI IM Equity,IT ,EUR,,,11/5/2025
20251105,A99,Etica Obiettivo Sociale,164725,HKD,0.000129458264015,0.0,LQ ,CASH,,,HKD,HK ,HKD,,,11/5/2025
20251105,A99,Etica Obiettivo Sociale,164954,CAD,0.000070985635568,0.0,LQ ,CASH,,,CAD,CA ,CAD,,,11/5/2025
20251105,A99,Etica Obiettivo Sociale,553272,GERMAN TREASURY BILL BUBILL 0 01/14/26,0.0,0.004961702,OB ,SOVEREIGN,DE000BU0E246,,YS4477537 Govt,DE ,EUR,,A,11/5/2025
20251105,A99,Etica Obiettivo Sociale,51421,FRENCH DISCOUNT T-BILL BTF 0 12/31/25,0.0,0.006820422,OB ,SOVEREIGN,FR0128690742,,YS3714856 Govt,FR ,EUR,,A,11/5/2025
20251105,A99,Etica Obiettivo Sociale,227088,ALPHABET INC-CL A,0.0,0.006100121109316,AZ ,Communication Services,US02079K3059,BYVY8G0,GOOGL US Equity,US ,USD,,,11/5/2025
20251105,A99,Etica Obiettivo Sociale,28663,ALPHABET INC-CL C,0.0,0.00518186774904,AZ ,Communication Services,US02079K1079,BYY88Y7,GOOG US Equity,US ,USD,,,11/5/2025
20251105,A99,Etica Obiettivo Sociale,50594,BROADCOM INC,0.0,0.005898289600792,AZ ,Information Technology,US11135F1012,BDZ78H9,AVGO US Equity,US ,USD,,,11/5/2025
20251105,A99,Etica Obiettivo Sociale,568369,FRENCH DISCOUNT T-BILL BTF 0 01/14/26,0.0,0.004925986,OB ,SOVEREIGN,FR0128983980,,YN8205323 Govt,FR ,EUR,,A,11/5/2025
20251105,A99,Etica Obiettivo Sociale,3255,AMAZON.COM INC,0.0,0.008790150239268,AZ ,Consumer Discretionary,US0231351067,2000019,AMZN US Equity,US ,USD,,,11/5/2025
20251105,A99,Etica Obiettivo Sociale,553,MICROSOFT CORP,0.0,0.009881109826252,AZ ,Information Technology,US5949181045,2588173,MSFT US Equity,US ,USD,,,11/5/2025
20251105,A99,Etica Obiettivo Sociale,534,APPLE INC,0.0,0.014927019812916,AZ ,Information Technology,US0378331005,2046251,AAPL US Equity,US ,USD,,,11/5/2025
20251105,A99,Etica Obiettivo Sociale,164730,DEBITI COMMISSIONE DEPOSITARIA,-0.000024079795067,0.0,CD ,CASH,,,DEBITI COMMISSIONE DEPOSITARIA,5A ,EUR,,,11/5/2025
20251105,A99,Etica Obiettivo Sociale,164736,DEBITI COMPENSO REVISIONE,-0.000030436532145,0.0,CD ,CASH,,,DEBITI COMPENSO REVISIONE,5A ,EUR,,,11/5/2025
20251105,A99,Etica Obiettivo Sociale,164733,DEBITI COMMISSIONE GESTIONE,-0.000150787267409,0.0,CD ,CASH,,,DEBITI COMMISSIONE GESTIONE,5A ,EUR,,,11/5/2025
20251105,A99,Etica Obiettivo Sociale,179420,DEBITI COMMISSIONE AMMINISTRAZIONE,-0.000248341368916,0.0,CD ,CASH,,,DEBITI COMMISSIONE AMMINISTRAZIONE,5A ,EUR,,,11/5/2025
20251105,A99,Etica Obiettivo Sociale,172066,ALLINEAMENTO NAV,-0.000782167977926,0.0,OT ,CASH,,,ALLINEAMENTO NAV,5A ,EUR,,,11/5/2025
20251105,LPC,Etica Conservative Allocation,510744,BUNDESREPUB. DEUTSCHLAND DBR 2.3 02/15/33,0.110349653539816,0.0,OB ,SOVEREIGN,DE000BU3Z005,,ZK3512736 Govt,DE ,EUR,0.673555,A,11/5/2025
20251105,LPC,Etica Conservative Allocation,571126,AUSTRIAN T-BILL RATB 0 11/27/25,0.082705490190329,0.0,OB ,SOVEREIGN,AT0000A3MUA7,,YL5192205 Govt,AT ,EUR,0.673555,A,11/5/2025
20251105,LPC,Etica Conservative Allocation,441759,BUONI POLIENNALI DEL TES BTPS 0.9 04/01/31,0.041425183702627,0.0,OB ,SOVEREIGN,IT0005422891,,ZO6504153 Govt,IT ,EUR,0.673555,B,11/5/2025
20251105,LPC,Etica Conservative Allocation,489310,FRANCE (GOVT OF) FRTR 1 1/4 05/25/38,0.03971931269879,0.0,OB ,SOVEREIGN,FR0014009O62,,BV6882823 Govt,FR ,EUR,0.673555,A,11/5/2025
20251105,LPC,Etica Conservative Allocation,51091,BONOS Y OBLIG DEL ESTADO SPGB 0.8 07/30/27,0.036553122303797,0.0,OB ,SOVEREIGN,ES0000012G26,,BH2918028 Govt,ES ,EUR,0.673555,A,11/5/2025
20251105,LPC,Etica Conservative Allocation,574251,AUSTRIAN T-BILL RATB 0 03/26/26,0.032877868468906,0.0,OB ,SOVEREIGN,AT0000A3MUC3,,YK2495496 Govt,AT ,EUR,0.673555,A,11/5/2025
20251105,LPC,Etica Conservative Allocation,5546,BUONI POLIENNALI DEL TES BTPS 2.95 02/15/27,0.03157815819378,0.0,OB ,SOVEREIGN,IT0005580045,,ZF2286036 Govt,IT ,EUR,0.673555,B,11/5/2025
20251105,LPC,Etica Conservative Allocation,406188,BONOS Y OBLIG DEL ESTADO SPGB 1 07/30/42,0.031309575432227,0.0,OB ,SOVEREIGN,ES0000012J07,,BR3246377 Govt,ES ,EUR,0.673555,A,11/5/2025
20251105,LPC,Etica Conservative Allocation,454914,BUONI POLIENNALI DEL TES BTPS 1 1/2 04/30/45,0.027695463818912,0.0,OB ,SOVEREIGN,IT0005438004,,BO3833387 Govt,IT ,EUR,0.673555,B,11/5/2025
20251105,LPC,Etica Conservative Allocation,335696,BELGIUM KINGDOM BGB 2 3/4 04/22/39,0.027160799404807,0.0,OB ,SOVEREIGN,BE0000356650,,BZ0281957 Govt,BE ,EUR,0.673555,A,11/5/2025
20251105,LPC,Etica Conservative Allocation,212626,BUONI POLIENNALI DEL TES BTPS 3.85 07/01/34,0.026315458920663,0.0,OB ,SOVEREIGN,IT0005584856,,ZD2941395 Govt,IT ,EUR,0.673555,B,11/5/2025
20251105,LPC,Etica Conservative Allocation,237742,BUONI POLIENNALI DEL TES BTPS 3.85 12/15/29,0.022070410480444,0.0,OB ,SOVEREIGN,IT0005519787,,ZN2613331 Govt,IT ,EUR,0.673555,B,11/5/2025
20251105,LPC,Etica Conservative Allocation,5650,BUONI POLIENNALI DEL TES BTPS 3.6 10/01/35,0.021128235020257,0.0,OB ,SOVEREIGN,IT0005648149,,YP9041896 Govt,IT ,EUR,0.673555,B,11/5/2025
20251105,LPC,Etica Conservative Allocation,128380,BONOS Y OBLIG DEL ESTADO SPGB 0 01/31/28,0.019756153198187,0.0,OB ,SOVEREIGN,ES0000012I08,,BO5684341 Govt,ES ,EUR,0.673555,A,11/5/2025
20251105,LPC,Etica Conservative Allocation,36611,FRANCE (GOVT OF) FRTR 3.15 07/25/32,0.018800521755016,0.0,OB ,SOVEREIGN,FR0000188799,,EC7356149 Govt,FR ,EUR,0.673555,A,11/5/2025
20251105,LPC,Etica Conservative Allocation,239153,BUNDESREPUB. DEUTSCHLAND DBR 0 08/15/31,0.018153737947845,0.0,OB ,SOVEREIGN,DE0001030732,,BR2433760 Govt,DE ,EUR,0.673555,A,11/5/2025
20251105,LPC,Etica Conservative Allocation,414309,BUONI POLIENNALI DEL TES BTPS 1.45 03/01/36,0.017230695433374,0.0,OB ,SOVEREIGN,IT0005402117,,BG0130297 Govt,IT ,EUR,0.673555,B,11/5/2025
20251105,LPC,Etica Conservative Allocation,128460,BUONI POLIENNALI DEL TES BTPS 3 1/2 01/15/26,0.016780649390077,0.0,OB ,SOVEREIGN,IT0005514473,,BZ6502398 Govt,IT ,EUR,0.673555,B,11/5/2025
20251105,LPC,Etica Conservative Allocation,350454,FRANCE (GOVT OF) FRTR 0 3/4 11/25/28,0.015899950626154,0.0,OB ,SOVEREIGN,FR0013341682,,AS9078385 Govt,FR ,EUR,0.673555,A,11/5/2025
20251105,LPC,Etica Conservative Allocation,415726,FRANCE (GOVT OF) FRTR 0 3/4 05/25/52,0.015434089890988,0.0,OB ,SOVEREIGN,FR0013480613,,ZP7360719 Govt,FR ,EUR,0.673555,A,11/5/2025
20251105,LPC,Etica Conservative Allocation,510414,REPUBLIC OF AUSTRIA RAGB 2.9 05/23/29,0.014998650622303,0.0,OB ,SOVEREIGN,AT0000A33SH3,,ZK2454146 Govt,AT ,EUR,0.673555,A,11/5/2025
20251105,LPC,Etica Conservative Allocation,164727,USD,0.014441579715645,0.0,LQ ,CASH,,,USD,US ,USD,0.673555,,11/5/2025
20251105,LPC,Etica Conservative Allocation,534121,TERNA RETE ELETTRICA TRNIM 4 3/4 PERP,0.013252381864842,0.0,OB ,UTILITY,XS2798269069,,ZB2049300 Corp,IT ,EUR,0.673555,B,11/5/2025
20251105,LPC,Etica Conservative Allocation,237713,BUONI POLIENNALI DEL TES BTPS 4 04/30/35,0.01318624032294,0.0,OB ,SOVEREIGN,IT0005508590,,BY8794178 Govt,IT ,EUR,0.673555,B,11/5/2025
20251105,LPC,Etica Conservative Allocation,535701,BUNDESOBLIGATION OBL 2.1 04/12/29,0.012562789850933,0.0,OB ,SOVEREIGN,DE000BU35025,,ZB6879496 Govt,DE ,EUR,0.673555,A,11/5/2025
20251105,LPC,Etica Conservative Allocation,405993,SSE PLC SSELN 3 1/8 PERP,0.012559320917893,0.0,OB ,UTILITY,XS2195190520,,BK2936866 Corp,GB ,EUR,0.673555,B,11/5/2025
20251105,LPC,Etica Conservative Allocation,510999,COUNCIL OF EUROPE COE 2 7/8 04/13/30,0.012032528249693,0.0,OB ,Quasi & Foreign Government,XS2610236528,,ZK0252484 Corp,SNA,EUR,0.673555,A,11/5/2025
20251105,LPC,Etica Conservative Allocation,164723,EUR,0.011077878291037,0.0,LQ ,CASH,,,EUR,5A ,EUR,0.673555,,11/5/2025
20251105,LPC,Etica Conservative Allocation,294625,BONOS Y OBLIG DEL ESTADO SPGB 2.35 07/30/33,0.01002150745936,0.0,OB ,SOVEREIGN,ES00000128Q6,,AM6067459 Govt,ES ,EUR,0.673555,A,11/5/2025
20251105,LPC,Etica Conservative Allocation,3458,NVIDIA CORP,0.00951758118641,0.005843136,AZ ,Information Technology,US67066G1040,2379504,NVDA US Equity,US ,USD,0.673555,,11/5/2025
20251105,LPC,Etica Conservative Allocation,459171,EUROPEAN UNION EU 0.2 06/04/36,0.009166723860597,0.0,OB ,Quasi & Foreign Government,EU000A3KM903,,BO4675365 Govt,SNA,EUR,0.673555,A,11/5/2025
20251105,LPC,Etica Conservative Allocation,445633,BONOS Y OBLIG DEL ESTADO SPGB 0 01/31/26,0.008240164808396,0.0,OB ,SOVEREIGN,ES0000012G91,,ZO8777807 Govt,ES ,EUR,0.673555,A,11/5/2025
20251105,LPC,Etica Conservative Allocation,442342,BUNDESREPUB. DEUTSCHLAND DBR 0 08/15/30,0.008206758734849,0.0,OB ,SOVEREIGN,DE0001030708,,ZO2919926 Govt,DE ,EUR,0.673555,A,11/5/2025
20251105,LPC,Etica Conservative Allocation,406149,CAISSE D'AMORT DETTE SOC CADES 0 11/25/26,0.008096853994739,0.0,OB ,Quasi & Foreign Government,FR0014004016,,BP9677991 Govt,FR ,EUR,0.673555,A,11/5/2025
20251105,LPC,Etica Conservative Allocation,406011,ERG SPA ERGIM 0 1/2 09/11/27,0.007980975073049,0.0,OB ,UTILITY,XS2229434852,,ZO3431582 Corp,IT ,EUR,0.673555,NR,11/5/2025
20251105,LPC,Etica Conservative Allocation,406148,AGENCE FRANCAISE DEVELOP AGFRNC 0.01 11/25/28,0.0076618257822,0.0,OB ,Quasi & Foreign Government,FR0014003YN1,,BP9619894 Govt,FR ,EUR,0.673555,A,11/5/2025
20251105,LPC,Etica Conservative Allocation,335524,AGENCE FRANCAISE DEVELOP AGFRNC 0 1/8 09/29/31,0.006946614580115,0.0,OB ,Quasi & Foreign Government,FR0014005NA6,,BR5562094 Govt,FR ,EUR,0.673555,A,11/5/2025
20251105,LPC,Etica Conservative Allocation,335490,LANDWIRTSCH. RENTENBANK RENTEN 0 06/30/31,0.005374403884451,0.0,OB ,Quasi & Foreign Government,XS2359292955,,BQ1979823 Corp,DE ,EUR,0.673555,A,11/5/2025
20251105,LPC,Etica Conservative Allocation,15898,BONOS Y OBLIG DEL ESTADO SPGB 5 3/4 07/30/32,0.004958911808654,0.0,OB ,SOVEREIGN,ES0000012411,,EC3301636 Govt,ES ,EUR,0.673555,A,11/5/2025
20251105,LPC,Etica Conservative Allocation,228114,FRANCE (GOVT OF) FRTR 2 1/2 05/25/30,0.004583922630752,0.005857400218431,OB ,SOVEREIGN,FR0011883966,,EK2432749 Govt,FR ,EUR,0.673555,A,11/5/2025
20251105,LPC,Etica Conservative Allocation,5441,REPUBLIC OF AUSTRIA RAGB 1.85 05/23/49,0.004575412982005,0.0,OB ,SOVEREIGN,AT0000A2Y8G4,,BW7906546 Govt,AT ,EUR,0.673555,A,11/5/2025
20251105,LPC,Etica Conservative Allocation,164724,GBP,0.004553215536133,0.0,LQ ,CASH,,,GBP,GB ,GBP,0.673555,,11/5/2025
20251105,LPC,Etica Conservative Allocation,185030,NETHERLANDS GOVERNMENT NETHER 0 1/2 01/15/40,0.004391081828172,0.0,OB ,SOVEREIGN,NL0013552060,,ZS0947771 Govt,NL ,EUR,0.673555,A,11/5/2025
20251105,LPC,Etica Conservative Allocation,237567,BONOS Y OBLIG DEL ESTADO SPGB 0.1 04/30/31,0.004343672938641,0.0,OB ,SOVEREIGN,ES0000012H41,,BN5127343 Govt,ES ,EUR,0.673555,A,11/5/2025
20251105,LPC,Etica Conservative Allocation,451544,EDP SA EDPPL 1 7/8 08/02/2081,0.00413084561756,0.0,OB ,UTILITY,PTEDPROM0029,,BN7191719 Corp,PT ,EUR,0.673555,C,11/5/2025
20251105,LPC,Etica Conservative Allocation,492162,KOMMUNEKREDIT KOMMUN 1 1/2 05/16/29,0.004048425341554,0.0,OB ,Quasi & Foreign Government,XS2489343793,,BW8977538 Govt,DK ,EUR,0.673555,A,11/5/2025
20251105,LPC,Etica Conservative Allocation,239100,FORVIA SE EOFP 2 3/8 06/15/29,0.004032928980175,0.0,OB ,INDUSTRIAL,XS2312733871,,BO6324905 Corp,FR ,EUR,0.673555,C,11/5/2025
20251105,LPC,Etica Conservative Allocation,164722,DKK,0.003806029298868,0.0,LQ ,CASH,,,DKK,DK ,DKK,0.673555,,11/5/2025
20251105,LPC,Etica Conservative Allocation,406118,CAISSE FRANCAISE DE FIN CAFFIL 0.01 04/27/29,0.003789137085197,0.0,OB ,Covered,FR00140033E4,,BP1529455 Govt,FR ,EUR,0.673555,A,11/5/2025
20251105,LPC,Etica Conservative Allocation,237579,VONOVIA SE ANNGR 0 5/8 03/24/31,0.003627766708087,0.0,OB ,INDUSTRIAL,DE000A3E5FR9,,BO6329904 Corp,DE ,EUR,0.673555,B,11/5/2025
20251105,LPC,Etica Conservative Allocation,172066,ALLINEAMENTO NAV,0.003620771716379,0.0,OT ,CASH,,,ALLINEAMENTO NAV,5A ,EUR,0.673555,,11/5/2025
20251105,LPC,Etica Conservative Allocation,481243,CAISSE D'AMORT DETTE SOC CADES 0.45 01/19/32,0.003579729022698,0.0,OB ,Quasi & Foreign Government,FR0014007RB1,,BT4620824 Govt,FR ,EUR,0.673555,A,11/5/2025
20251105,LPC,Etica Conservative Allocation,448147,EUROPEAN UNION EU 0.3 11/04/50,0.003267117718535,0.0,OB ,Quasi & Foreign Government,EU000A284469,,BM3710233 Govt,SNA,EUR,0.673555,A,11/5/2025
20251105,LPC,Etica Conservative Allocation,65876,VISA INC-CLASS A SHARES,0.002930729734664,0.0,AZ ,Financials,US92826C8394,B2PZN04,V US Equity,US ,USD,0.673555,,11/5/2025
20251105,LPC,Etica Conservative Allocation,45465,MASTERCARD INC - A,0.002853332788305,0.0,AZ ,Financials,US57636Q1040,B121557,MA US Equity,US ,USD,0.673555,,11/5/2025
20251105,LPC,Etica Conservative Allocation,554,ORACLE CORP,0.002572591789005,0.0,AZ ,Information Technology,US68389X1054,2661568,ORCL US Equity,US ,USD,0.673555,,11/5/2025
20251105,LPC,Etica Conservative Allocation,239132,REPUBLIKA SLOVENIJA SLOREP 0 1/8 07/01/31,0.002542551987949,0.0,OB ,SOVEREIGN,SI0002104196,,BQ1964585 Govt,SI ,EUR,0.673555,A,11/5/2025
20251105,LPC,Etica Conservative Allocation,164953,AUD,0.002508811025759,0.0,LQ ,CASH,,,AUD,AU ,AUD,0.673555,,11/5/2025
20251105,LPC,Etica Conservative Allocation,164726,SEK,0.002196513912548,0.0,LQ ,CASH,,,SEK,SE ,SEK,0.673555,,11/5/2025
20251105,LPC,Etica Conservative Allocation,164959,JPY,0.002093913801606,0.0,LQ ,CASH,,,JPY,JP ,JPY,0.673555,,11/5/2025
20251105,LPC,Etica Conservative Allocation,164955,CHF,0.001712447488229,0.0,LQ ,CASH,,,CHF,CH ,CHF,0.673555,,11/5/2025
20251105,LPC,Etica Conservative Allocation,300,HOME DEPOT INC,0.001509911887106,0.0,AZ ,Consumer Discretionary,US4370761029,2434209,HD US Equity,US ,USD,0.673555,,11/5/2025
20251105,LPC,Etica Conservative Allocation,201018,ABBVIE INC,0.001461802173751,0.0,AZ ,Health Care,US00287Y1091,B92SR70,ABBV US Equity,US ,USD,0.673555,,11/5/2025
20251105,LPC,Etica Conservative Allocation,577,APPLIED MATERIALS INC,0.001442031325192,0.0,AZ ,Information Technology,US0382221051,2046552,AMAT US Equity,US ,USD,0.673555,,11/5/2025
20251105,LPC,Etica Conservative Allocation,433692,REPUBLIC OF AUSTRIA RAGB 0.85 06/30/2120,0.001319439728303,0.0,OB ,SOVEREIGN,AT0000A2HLC4,,BK2273211 Govt,AT ,EUR,0.673555,A,11/5/2025
20251105,LPC,Etica Conservative Allocation,2839,ASML HOLDING NV,0.001313516876998,0.0,AZ ,Information Technology,NL0010273215,B929F46,ASML NA Equity,NL ,EUR,0.673555,,11/5/2025
20251105,LPC,Etica Conservative Allocation,480,TEXAS INSTRUMENTS INC,0.001215118811317,0.0,AZ ,Information Technology,US8825081040,2885409,TXN US Equity,US ,USD,0.673555,,11/5/2025
20251105,LPC,Etica Conservative Allocation,427,PROCTER & GAMBLE CO/THE,0.001203957374377,0.0,AZ ,Consumer Staples,US7427181091,2704407,PG US Equity,US ,USD,0.673555,,11/5/2025
20251105,LPC,Etica Conservative Allocation,1706,TELECOM ITALIA SPA,0.001173931647751,0.0,AZ ,Communication Services,IT0003497168,7634394,TIT IM Equity,IT ,EUR,0.673555,,11/5/2025
20251105,LPC,Etica Conservative Allocation,221482,SERVICENOW INC,0.001173679549873,0.0,AZ ,Information Technology,US81762P1021,B80NXX8,NOW US Equity,US ,USD,0.673555,,11/5/2025
20251105,LPC,Etica Conservative Allocation,705,LAM RESEARCH CORP,0.001172545316396,0.0,AZ ,Information Technology,US5128073062,BSML4N7,LRCX US Equity,US ,USD,0.673555,,11/5/2025
20251105,LPC,Etica Conservative Allocation,4289,CRH PLC,0.001158880700686,0.0,SE ,Materials,IE0001827041,182704,CRH LN Equity,US ,USD,0.673555,,11/5/2025
20251105,LPC,Etica Conservative Allocation,756,QUALCOMM INC,0.001153623901083,0.0,AZ ,Information Technology,US7475251036,2714923,QCOM US Equity,US ,USD,0.673555,,11/5/2025
20251105,LPC,Etica Conservative Allocation,222389,MONCLER SPA,0.001135384267717,0.0,AZ ,Consumer Discretionary,IT0004965148,BGLP232,MONC IM Equity,IT ,EUR,0.673555,,11/5/2025
20251105,LPC,Etica Conservative Allocation,237571,OBRIGACOES DO TESOURO PGB 1 04/12/52,0.001132745726047,0.0,OB ,SOVEREIGN,PTOTECOE0037,,BN8909473 Govt,PT ,EUR,0.673555,A,11/5/2025
20251105,LPC,Etica Conservative Allocation,214,DANAHER CORP,0.001132597116624,0.0,AZ ,Health Care,US2358511028,2250870,DHR US Equity,US ,USD,0.673555,,11/5/2025
20251105,LPC,Etica Conservative Allocation,23568,SALESFORCE INC,0.001129901035372,0.0,AZ ,Information Technology,US79466L3024,2310525,CRM US Equity,US ,USD,0.673555,,11/5/2025
20251105,LPC,Etica Conservative Allocation,542,CISCO SYSTEMS INC,0.001016622985556,0.0,AZ ,Information Technology,US17275R1023,2198163,CSCO US Equity,US ,USD,0.673555,,11/5/2025
20251105,LPC,Etica Conservative Allocation,423,NEW LINDE PLC,0.000995421512583,0.0,AZ ,Materials,IE000S9YS762,BNZHB81,LIN US Equity,US ,USD,0.673555,,11/5/2025
20251105,LPC,Etica Conservative Allocation,1619,LOREAL SA,0.00099038452246,0.0,AZ ,Consumer Staples,FR0000120321,4057808,OR FP Equity,FR ,EUR,0.673555,,11/5/2025
20251105,LPC,Etica Conservative Allocation,363,MERCK & CO. INC.,0.000989059042317,0.0,AZ ,Health Care,US58933Y1055,2778844,MRK US Equity,US ,USD,0.673555,,11/5/2025
20251105,LPC,Etica Conservative Allocation,360,MEDTRONIC PLC,0.000987777027326,0.0,AZ ,Health Care,IE00BTN1Y115,BTN1Y11,MDT US Equity,US ,USD,0.673555,,11/5/2025
20251105,LPC,Etica Conservative Allocation,30976,NABTESCO CORP,0.000956101280761,0.0,AZ ,Industrials,JP3651210001,6687571,6268 JP Equity,JP ,JPY,0.673555,,11/5/2025
20251105,LPC,Etica Conservative Allocation,216,DEERE & CO,0.000939517048734,0.0,AZ ,Industrials,US2441991054,2261203,DE US Equity,US ,USD,0.673555,,11/5/2025
20251105,LPC,Etica Conservative Allocation,2703,LONZA GROUP AG-REG,0.000933389290287,0.0,AZ ,Health Care,CH0013841017,7333378,LONN SW Equity,CH ,CHF,0.673555,,11/5/2025
20251105,LPC,Etica Conservative Allocation,1821,INTUIT INC,0.000874398800684,0.0,AZ ,Information Technology,US4612021034,2459020,INTU US Equity,US ,USD,0.673555,,11/5/2025
20251105,LPC,Etica Conservative Allocation,358,S&P GLOBAL INC,0.000860464287081,0.0,AZ ,Financials,US78409V1044,BYV2325,SPGI US Equity,US ,USD,0.673555,,11/5/2025
20251105,LPC,Etica Conservative Allocation,2706,TRANE TECHNOLOGIES PLC,0.000849351282739,0.0,AZ ,Industrials,IE00BK9ZQ967,BK9ZQ96,TT US Equity,US ,USD,0.673555,,11/5/2025
20251105,LPC,Etica Conservative Allocation,100,ABBOTT LABORATORIES,0.000826369808326,0.0,AZ ,Health Care,US0028241000,2002305,ABT US Equity,US ,USD,0.673555,,11/5/2025
20251105,LPC,Etica Conservative Allocation,397638,PROSUS NV,0.000791877105992,0.0,AZ ,Consumer Discretionary,NL0013654783,BJDS7L3,PRX NA Equity,NL ,EUR,0.673555,,11/5/2025
20251105,LPC,Etica Conservative Allocation,549,INTEL CORP,0.000784758342091,0.0,AZ ,Information Technology,US4581401001,2463247,INTC US Equity,US ,USD,0.673555,,11/5/2025
20251105,LPC,Etica Conservative Allocation,533,AMGEN INC,0.000784362188282,0.0,AZ ,Health Care,US0311621009,2023607,AMGN US Equity,US ,USD,0.673555,,11/5/2025
20251105,LPC,Etica Conservative Allocation,1526,TOKYO ELECTRON LTD,0.000779923775387,0.0,AZ ,Information Technology,JP3571400005,6895675,8035 JP Equity,JP ,JPY,0.673555,,11/5/2025
20251105,LPC,Etica Conservative Allocation,3033,STMICROELECTRONICS NV,0.000768924608346,0.0,SE ,Information Technology,NL0000226223,5962343,STMMI IM Equity,FR ,EUR,0.673555,,11/5/2025
20251105,LPC,Etica Conservative Allocation,164960,NOK,0.000765579033546,0.0,LQ ,CASH,,,NOK,NO ,NOK,0.673555,,11/5/2025
20251105,LPC,Etica Conservative Allocation,1258,KAO CORP,0.000764147581224,0.0,AZ ,Consumer Staples,JP3205800000,6483809,4452 JP Equity,JP ,JPY,0.673555,,11/5/2025
20251105,LPC,Etica Conservative Allocation,344,LOWE'S COS INC,0.000752147059884,0.0,AZ ,Consumer Discretionary,US5486611073,2536763,LOW US Equity,US ,USD,0.673555,,11/5/2025
20251105,LPC,Etica Conservative Allocation,559,STRYKER CORP,0.000709403015989,0.0,AZ ,Health Care,US8636671013,2853688,SYK UN Equity,US ,USD,0.673555,,11/5/2025
20251105,LPC,Etica Conservative Allocation,49402,SARTORIUS STEDIM BIOTECH,0.000698131053378,0.0,AZ ,Health Care,FR0013154002,BYZ2QP5,DIM FP Equity,FR ,EUR,0.673555,,11/5/2025
20251105,LPC,Etica Conservative Allocation,497,UNION PACIFIC CORP,0.000697681913479,0.0,AZ ,Industrials,US9078181081,2914734,UNP US Equity,US ,USD,0.673555,,11/5/2025
20251105,LPC,Etica Conservative Allocation,783,SYNOPSYS INC,0.000693403286761,0.0,AZ ,Information Technology,US8716071076,2867719,SNPS US Equity,US ,USD,0.673555,,11/5/2025
20251105,LPC,Etica Conservative Allocation,53583,LOGITECH INTERNATIONAL,0.000690037842177,0.0,SE ,Information Technology,CH0025751329,B1921K0,LOGI US Equity,CH ,CHF,0.673555,,11/5/2025
20251105,LPC,Etica Conservative Allocation,191474,PALO ALTO NETWORKS INC,0.000668826434312,0.0,AZ ,Information Technology,US6974351057,B87ZMX0,PANW US Equity,US ,USD,0.673555,,11/5/2025
20251105,LPC,Etica Conservative Allocation,236196,IMCD NV,0.00066151476793,0.0,AZ ,Industrials,NL0010801007,BNCBD46,IMCD NA Equity,NL ,EUR,0.673555,,11/5/2025
20251105,LPC,Etica Conservative Allocation,149,VERIZON COMMUNICATIONS INC,0.000661258116559,0.0,AZ ,Communication Services,US92343V1044,2090571,VZ US Equity,US ,USD,0.673555,,11/5/2025
20251105,LPC,Etica Conservative Allocation,133,AUTOMATIC DATA PROCESSING,0.000655240055875,0.0,AZ ,Industrials,US0530151036,2065308,ADP US Equity,US ,USD,0.673555,,11/5/2025
20251105,LPC,Etica Conservative Allocation,3092,MTR CORP,0.000648828325104,0.0,AZ ,Industrials,HK0066009694,6290054,66 HK Equity,HK ,HKD,0.673555,,11/5/2025
20251105,LPC,Etica Conservative Allocation,2170,DSV A/S,0.000647599296203,0.0,AZ ,Industrials,DK0060079531,B1WT5G2,DSV DC Equity,DK ,DKK,0.673555,,11/5/2025
20251105,LPC,Etica Conservative Allocation,486,TJX COMPANIES INC,0.000637396576318,0.0,AZ ,Consumer Discretionary,US8725401090,2989301,TJX US Equity,US ,USD,0.673555,,11/5/2025
20251105,LPC,Etica Conservative Allocation,159,BOSTON SCIENTIFIC CORP,0.000624140119077,0.0,AZ ,Health Care,US1011371077,2113434,BSX US Equity,US ,USD,0.673555,,11/5/2025
20251105,LPC,Etica Conservative Allocation,125,ANALOG DEVICES INC,0.00062127348885,0.0,AZ ,Information Technology,US0326541051,2032067,ADI US Equity,US ,USD,0.673555,,11/5/2025
20251105,LPC,Etica Conservative Allocation,2489,LENOVO GROUP LTD,0.000621124879428,0.0,AZ ,Information Technology,HK0992009065,6218089,992 HK Equity,CN ,CNY,0.673555,,11/5/2025
20251105,LPC,Etica Conservative Allocation,2088,SAP SE,0.000613345031271,0.0,AZ ,Information Technology,DE0007164600,4846288,SAP GY Equity,DE ,EUR,0.673555,,11/5/2025
20251105,LPC,Etica Conservative Allocation,1404,OBAYASHI CORP,0.000604329944905,0.0,AZ ,Industrials,JP3190000004,6656407,1802 JP Equity,JP ,JPY,0.673555,,11/5/2025
20251105,LPC,Etica Conservative Allocation,3760,ABB LTD,0.000601848705688,0.0,AZ ,Industrials,CH0012221716,7108899,ABBN SW Equity,CH ,CHF,0.673555,,11/5/2025
20251105,LPC,Etica Conservative Allocation,520,WESTERN DIGITAL CORP,0.000600444160365,0.0,AZ ,Information Technology,US9581021055,2954699,WDC US Equity,US ,USD,0.673555,,11/5/2025
20251105,LPC,Etica Conservative Allocation,348394,KNORR-BREMSE AG,0.00059389334111,0.0,AZ ,Industrials,DE000KBX1006,BD2P9X9,KBX GR Equity,DE ,EUR,0.673555,,11/5/2025
20251105,LPC,Etica Conservative Allocation,531,ADOBE INC,0.000592891572857,0.0,AZ ,Information Technology,US00724F1012,2008154,ADBE US Equity,US ,USD,0.673555,,11/5/2025
20251105,LPC,Etica Conservative Allocation,233530,ZALANDO SE,0.000587878592056,0.0,AZ ,Consumer Discretionary,DE000ZAL1111,BQV0SV7,ZAL GR Equity,DE ,EUR,0.673555,,11/5/2025
20251105,LPC,Etica Conservative Allocation,302,HONDA MOTOR CO LTD,0.000583739053822,0.0,AZ ,Consumer Discretionary,JP3854600008,6435145,7267 JP Equity,JP ,JPY,0.673555,,11/5/2025
20251105,LPC,Etica Conservative Allocation,667,GILEAD SCIENCES INC,0.000579080417494,0.0,AZ ,Health Care,US3755581036,2369174,GILD US Equity,US ,USD,0.673555,,11/5/2025
20251105,LPC,Etica Conservative Allocation,1658,ATLAS COPCO AB-A SHS,0.000573620780517,0.0,AZ ,Industrials,SE0017486889,BLDBN41,ATCOA SS Equity,SE ,SEK,0.673555,,11/5/2025
20251105,LPC,Etica Conservative Allocation,40461,VERTEX PHARMACEUTICALS INC,0.000571435932237,0.0,AZ ,Health Care,US92532F1003,2931034,VRTX US Equity,US ,USD,0.673555,,11/5/2025
20251105,LPC,Etica Conservative Allocation,4264,AUTODESK INC,0.000553511731684,0.0,AZ ,Information Technology,US0527691069,2065159,ADSK US Equity,US ,USD,0.673555,,11/5/2025
20251105,LPC,Etica Conservative Allocation,670,WELLTOWER INC,0.000551049948297,0.0,AZ ,Real Estate,US95040Q1040,BYVYHH4,WELL US Equity,US ,USD,0.673555,,11/5/2025
20251105,LPC,Etica Conservative Allocation,1545,TOTO LTD,0.000535966712834,0.0,AZ ,Industrials,JP3596200000,6897466,5332 JP Equity,JP ,JPY,0.673555,,11/5/2025
20251105,LPC,Etica Conservative Allocation,18091,PROLOGIS INC,0.000535821001088,0.0,AZ ,Real Estate,US74340W1036,B44WZD7,PLD UN Equity,US ,USD,0.673555,,11/5/2025
20251105,LPC,Etica Conservative Allocation,424846,OTIS WORLDWIDE CORP,0.000523154842,0.0,AZ ,Industrials,US68902V1070,BK531S8,OTIS US Equity,US ,USD,0.673555,,11/5/2025
20251105,LPC,Etica Conservative Allocation,392,NOVO NORDISK A/S-B,0.000504172989428,0.0,AZ ,Health Care,DK0062498333,BP6KMJ1,NOVOB DC Equity,DK ,DKK,0.673555,,11/5/2025
20251105,LPC,Etica Conservative Allocation,2566,UNITED PARCEL SERVICE-CL B,0.000502575955578,0.0,AZ ,Industrials,US9113121068,2517382,UPS US Equity,US ,USD,0.673555,,11/5/2025
20251105,LPC,Etica Conservative Allocation,3013,NOVARTIS AG,0.00050121528936,0.0,AZ ,Health Care,CH0012005267,7103065,NOVN SW Equity,CH ,CHF,0.673555,,11/5/2025
20251105,LPC,Etica Conservative Allocation,471,TDK CORP,0.000499237831946,0.0,AZ ,Information Technology,JP3538800008,6869302,6762 JP Equity,JP ,JPY,0.673555,,11/5/2025
20251105,LPC,Etica Conservative Allocation,454,SONY GROUP CORP,0.000495953936265,0.0,AZ ,Consumer Discretionary,JP3435000009,6821506,6758 JP Equity,JP ,JPY,0.673555,,11/5/2025
20251105,LPC,Etica Conservative Allocation,3014,ANHEUSER-BUSCH INBEV SA/NV,0.000489023521354,0.0,AZ ,Consumer Staples,BE0974293251,BYYHL23,ABI BB Equity,BE ,EUR,0.673555,,11/5/2025
20251105,LPC,Etica Conservative Allocation,23406,IBIDEN CO LTD,0.000485903965341,0.0,AZ ,Information Technology,JP3148800000,6456102,4062 JP Equity,JP ,JPY,0.673555,,11/5/2025
20251105,LPC,Etica Conservative Allocation,1146,BRIDGESTONE CORP,0.000484501489787,0.0,AZ ,Consumer Discretionary,JP3830800003,6132101,5108 JP Equity,JP ,JPY,0.673555,,11/5/2025
20251105,LPC,Etica Conservative Allocation,166783,XYLEM INC,0.000483608177436,0.0,AZ ,Industrials,US98419M1009,B3P2CN8,XYL US Equity,US ,USD,0.673555,,11/5/2025
20251105,LPC,Etica Conservative Allocation,1609,ESSILORLUXOTTICA,0.000471360939617,0.0,AZ ,Health Care,FR0000121667,7212477,EL FP Equity,FR ,EUR,0.673555,,11/5/2025
20251105,LPC,Etica Conservative Allocation,1285,KUBOTA CORP,0.000464635431849,0.0,AZ ,Industrials,JP3266400005,6497509,6326 JT Equity,JP ,JPY,0.673555,,11/5/2025
20251105,LPC,Etica Conservative Allocation,2955,VOESTALPINE AG,0.000457462026043,0.0,AZ ,Materials,AT0000937503,4943402,VOE AV Equity,AT ,EUR,0.673555,,11/5/2025
20251105,LPC,Etica Conservative Allocation,232,ECOLAB INC,0.000448199395291,0.0,AZ ,Materials,US2788651006,2304227,ECL US Equity,US ,USD,0.673555,,11/5/2025
20251105,LPC,Etica Conservative Allocation,17897,SK HYNIX INC,0.000446642101008,0.0,AZ ,Information Technology,KR7000660001,6450267,000660 KS Equity,KR ,KRW,0.673555,,11/5/2025
20251105,LPC,Etica Conservative Allocation,405936,CARRIER GLOBAL CORP,0.000436674506894,0.0,AZ ,Industrials,US14448C1045,BK4N0D7,CARR US Equity,US ,USD,0.673555,,11/5/2025
20251105,LPC,Etica Conservative Allocation,1733,ROCHE HOLDING AG-GENUSSCHEIN,0.00043601797613,0.0,AZ ,Health Care,CH0012032048,7110388,ROG SW Equity,CH ,CHF,0.673555,,11/5/2025
20251105,LPC,Etica Conservative Allocation,3119,INTERPUMP GROUP SPA,0.000433865002295,0.0,AZ ,Industrials,IT0001078911,5161407,IP IM Equity,IT ,EUR,0.673555,,11/5/2025
20251105,LPC,Etica Conservative Allocation,1790,CHINA OVERSEAS LAND & INVEST,0.00041881405523,0.0,AZ ,Real Estate,HK0688002218,6192150,688 HK Equity,CN ,CNY,0.673555,,11/5/2025
20251105,LPC,Etica Conservative Allocation,236299,VONOVIA SE,0.000418590106212,0.0,AZ ,Real Estate,DE000A1ML7J1,BBJPFY1,VNA GR Equity,DE ,EUR,0.673555,,11/5/2025
20251105,LPC,Etica Conservative Allocation,57392,EQUINIX INC,0.00041506032196,0.0,AZ ,Real Estate,US29444U7000,BVLZX12,EQIX US Equity,US ,USD,0.673555,,11/5/2025
20251105,LPC,Etica Conservative Allocation,3011,DEUTSCHE TELEKOM AG,0.000409769578143,0.0,AZ ,Communication Services,DE0005557508,5842359,DTE GR Equity,DE ,EUR,0.673555,,11/5/2025
20251105,LPC,Etica Conservative Allocation,23355,RALPH LAUREN CORP,0.000399979984174,0.0,AZ ,Consumer Discretionary,US7512121010,B4V9661,RL US Equity,US ,USD,0.673555,,11/5/2025
20251105,LPC,Etica Conservative Allocation,1340,NEC CORP,0.000395945176257,0.0,AZ ,Information Technology,JP3733000008,6640400,6701 JP Equity,JP ,JPY,0.673555,,11/5/2025
20251105,LPC,Etica Conservative Allocation,49977,TE CONNECTIVITY PLC,0.000395093673242,0.0,AZ ,Information Technology,IE000IVNQZ81,BRC3N84,TEL US Equity,US ,USD,0.673555,,11/5/2025
20251105,LPC,Etica Conservative Allocation,1288,KURITA WATER INDUSTRIES LTD,0.000393140639104,0.0,AZ ,Industrials,JP3270000007,6497963,6370 JP Equity,JP ,JPY,0.673555,,11/5/2025
20251105,LPC,Etica Conservative Allocation,3371,ERG SPA,0.000390995944345,0.0,AZ ,Utilities,IT0001157020,5337093,ERG IM Equity,IT ,EUR,0.673555,,11/5/2025
20251105,LPC,Etica Conservative Allocation,1337,MURATA MANUFACTURING CO LTD,0.000389961887694,0.0,AZ ,Information Technology,JP3914400001,6610403,6981 JP Equity,JP ,JPY,0.673555,,11/5/2025
20251105,LPC,Etica Conservative Allocation,4223,COLGATE-PALMOLIVE CO,0.000388292411924,0.0,AZ ,Consumer Staples,US1941621039,2209106,CL US Equity,US ,USD,0.673555,,11/5/2025
20251105,LPC,Etica Conservative Allocation,2867,DARDEN RESTAURANTS INC,0.000376694667654,0.0,AZ ,Consumer Discretionary,US2371941053,2289874,DRI UN Equity,US ,USD,0.673555,,11/5/2025
20251105,LPC,Etica Conservative Allocation,2831,BREMBO N.V.,0.000370527169639,0.0,AZ ,Consumer Discretionary,NL0015001KT6,BSMM753,BRE IM Equity,IT ,EUR,0.673555,,11/5/2025
20251105,LPC,Etica Conservative Allocation,276440,DELL TECHNOLOGIES -C,0.000357252084477,0.0,AZ ,Information Technology,US24703L2025,BHKD3S6,DELL US Equity,US ,USD,0.673555,,11/5/2025
20251105,LPC,Etica Conservative Allocation,1575,ASTELLAS PHARMA INC,0.000357065805257,0.0,AZ ,Health Care,JP3942400007,6985383,4503 JP Equity,JP ,JPY,0.673555,,11/5/2025
20251105,LPC,Etica Conservative Allocation,188,THE CIGNA GROUP,0.000355715487885,0.0,AZ ,Health Care,US1255231003,BHJ0775,CI US Equity,US ,USD,0.673555,,11/5/2025
20251105,LPC,Etica Conservative Allocation,3065,ELEVANCE HEALTH INC,0.000355587162199,0.0,AZ ,Health Care,US0367521038,BSPHGL4,ELV US Equity,US ,USD,0.673555,,11/5/2025
20251105,LPC,Etica Conservative Allocation,184644,ZOETIS INC,0.000347607374346,0.0,AZ ,Health Care,US98978V1035,B95WG16,ZTS US Equity,US ,USD,0.673555,,11/5/2025
20251105,LPC,Etica Conservative Allocation,164725,HKD,0.000342679254078,0.0,LQ ,CASH,,,HKD,HK ,HKD,0.673555,,11/5/2025
20251105,LPC,Etica Conservative Allocation,2658,ASSA ABLOY AB-B,0.000328957098787,0.0,AZ ,Industrials,SE0007100581,BYPC1T4,ASSAB SS Equity,SE ,SEK,0.673555,,11/5/2025
20251105,LPC,Etica Conservative Allocation,651,EXPEDITORS INTL WASH INC,0.000328260828456,0.0,AZ ,Industrials,US3021301094,2325507,EXPD US Equity,US ,USD,0.673555,,11/5/2025
20251105,LPC,Etica Conservative Allocation,100272,AMERICAN WATER WORKS CO INC,0.000321165245969,0.0,AZ ,Utilities,US0304201033,B2R3PV1,AWK US Equity,US ,USD,0.673555,,11/5/2025
20251105,LPC,Etica Conservative Allocation,148,BECTON DICKINSON AND CO,0.000318047345772,0.0,AZ ,Health Care,US0758871091,2087807,BDX US Equity,US ,USD,0.673555,,11/5/2025
20251105,LPC,Etica Conservative Allocation,1734,NOKIA OYJ,0.000317260005599,0.0,AZ ,Information Technology,FI0009000681,5902941,NOKIA FH Equity,FI ,EUR,0.673555,,11/5/2025
20251105,LPC,Etica Conservative Allocation,4275,HASBRO INC,0.000316016488314,0.0,AZ ,Consumer Discretionary,US4180561072,2414580,HAS US Equity,US ,USD,0.673555,,11/5/2025
20251105,LPC,Etica Conservative Allocation,349,MASCO CORP,0.000315561967016,0.0,AZ ,Industrials,US5745991068,2570200,MAS US Equity,US ,USD,0.673555,,11/5/2025
20251105,LPC,Etica Conservative Allocation,1001,PERSIMMON PLC,0.000301740876761,0.0,AZ ,Consumer Discretionary,GB0006825383,682538,PSN LN Equity,GB ,GBP,0.673555,,11/5/2025
20251105,LPC,Etica Conservative Allocation,366,MICRON TECHNOLOGY INC,0.0002997638333,0.0,AZ ,Information Technology,US5951121038,2588184,MU US Equity,US ,USD,0.673555,,11/5/2025
20251105,LPC,Etica Conservative Allocation,318,INTL FLAVORS & FRAGRANCES,0.000293110767451,0.0,AZ ,Materials,US4595061015,2464165,IFF US Equity,US ,USD,0.673555,,11/5/2025
20251105,LPC,Etica Conservative Allocation,88166,REXEL SA,0.000289415815623,0.0,AZ ,Industrials,FR0010451203,B1VP0K0,RXL FP Equity,FR ,EUR,0.673555,,11/5/2025
20251105,LPC,Etica Conservative Allocation,469,SYSCO CORP,0.000282373633179,0.0,AZ ,Consumer Staples,US8718291078,2868165,SYY US Equity,US ,USD,0.673555,,11/5/2025
20251105,LPC,Etica Conservative Allocation,19461,DICK'S SPORTING GOODS INC,0.000276388688801,0.0,AZ ,Consumer Discretionary,US2533931026,2969637,DKS US Equity,US ,USD,0.673555,,11/5/2025
20251105,LPC,Etica Conservative Allocation,152,BEST BUY CO INC,0.000274168240492,0.0,AZ ,Consumer Discretionary,US0865161014,2094670,BBY US Equity,US ,USD,0.673555,,11/5/2025
20251105,LPC,Etica Conservative Allocation,18074,ESTEE LAUDER COMPANIES-CL A,0.00026935975288,0.0,AZ ,Consumer Staples,US5184391044,2320524,EL US Equity,US ,USD,0.673555,,11/5/2025
20251105,LPC,Etica Conservative Allocation,2298,TRACTOR SUPPLY COMPANY,0.000266390048151,0.0,AZ ,Consumer Discretionary,US8923561067,2900335,TSCO US Equity,US ,USD,0.673555,,11/5/2025
20251105,LPC,Etica Conservative Allocation,1138,ASICS CORP,0.000266370592321,0.0,AZ ,Consumer Discretionary,JP3118000003,6057378,7936 JP Equity,JP ,JPY,0.673555,,11/5/2025
20251105,LPC,Etica Conservative Allocation,164954,CAD,0.000265631684746,0.0,LQ ,CASH,,,CAD,CA ,CAD,0.673555,,11/5/2025
20251105,LPC,Etica Conservative Allocation,242496,PAYPAL HOLDINGS INC,0.000257708608567,0.0,AZ ,Financials,US70450Y1038,BYW36M8,PYPL US Equity,US ,USD,0.673555,,11/5/2025
20251105,LPC,Etica Conservative Allocation,1457,SHIMIZU CORP,0.000255514653303,0.0,AZ ,Industrials,JP3358800005,6804400,1803 JP Equity,JP ,JPY,0.673555,,11/5/2025
20251105,LPC,Etica Conservative Allocation,4266,MCCORMICK & CO-NON VTG SHRS,0.00024911244347,0.0,AZ ,Consumer Staples,US5797802064,2550161,MKC UN Equity,US ,USD,0.673555,,11/5/2025
20251105,LPC,Etica Conservative Allocation,31928,DIGITAL REALTY TRUST INC,0.000246205659722,0.0,AZ ,Real Estate,US2538681030,B03GQS4,DLR US Equity,US ,USD,0.673555,,11/5/2025
20251105,LPC,Etica Conservative Allocation,387,NORSK HYDRO ASA,0.000245977571166,0.0,AZ ,Materials,NO0005052605,B11HK39,NHY NO Equity,NO ,NOK,0.673555,,11/5/2025
20251105,LPC,Etica Conservative Allocation,2985,CANADIAN NATL RAILWAY CO,0.000242148084345,0.0,AZ ,Industrials,CA1363751027,2180632,CNR CN Equity,CA ,CAD,0.673555,,11/5/2025
20251105,LPC,Etica Conservative Allocation,58590,SYSMEX CORP,0.000239376249544,0.0,AZ ,Health Care,JP3351100007,6883807,6869 JP Equity,JP ,JPY,0.673555,,11/5/2025
20251105,LPC,Etica Conservative Allocation,34107,DAIICHI SANKYO CO LTD,0.000236220679548,0.0,AZ ,Health Care,JP3475350009,B0J7D91,4568 JP Equity,JP ,JPY,0.673555,,11/5/2025
20251105,LPC,Etica Conservative Allocation,3837,AGILENT TECHNOLOGIES INC,0.000227590156284,0.0,AZ ,Health Care,US00846U1016,2520153,A US Equity,US ,USD,0.673555,,11/5/2025
20251105,LPC,Etica Conservative Allocation,23481,CBRE GROUP INC,0.000227295421162,0.0,AZ ,Real Estate,US12504L1098,B6WVMH3,CBRE US Equity,US ,USD,0.673555,,11/5/2025
20251105,LPC,Etica Conservative Allocation,3245,EDP SA,0.000226197201669,0.0,AZ ,Utilities,PTEDP0AM0009,4103596,EDP PL Equity,PT ,EUR,0.673555,,11/5/2025
20251105,LPC,Etica Conservative Allocation,3385,YUM! BRANDS INC,0.000215491113934,0.0,AZ ,Consumer Discretionary,US9884981013,2098876,YUM UN Equity,US ,USD,0.673555,,11/5/2025
20251105,LPC,Etica Conservative Allocation,1755,SWIRE PACIFIC LTD - CL A,0.000207695535532,0.0,AZ ,Industrials,HK0019000162,6867748,19 HK Equity,HK ,HKD,0.673555,,11/5/2025
20251105,LPC,Etica Conservative Allocation,1122,AJINOMOTO CO INC,0.000207169400223,0.0,AZ ,Consumer Staples,JP3119600009,6010906,2802 JP Equity,JP ,JPY,0.673555,,11/5/2025
20251105,LPC,Etica Conservative Allocation,336777,ULTA BEAUTY INC,0.000206995539617,0.0,AZ ,Consumer Discretionary,US90384S3031,B28TS42,ULTA UW Equity,US ,USD,0.673555,,11/5/2025
20251105,LPC,Etica Conservative Allocation,211955,TECHNOGYM SPA,0.000206414348449,0.0,AZ ,Consumer Discretionary,IT0005162406,BD9Y5C0,TGYM IM Equity,IT ,EUR,0.673555,,11/5/2025
20251105,LPC,Etica Conservative Allocation,335212,LEVI STRAUSS & CO- CLASS A,0.000205742915347,0.0,AZ ,Consumer Discretionary,US52736R1023,BHRWS81,LEVI US Equity,US ,USD,0.673555,,11/5/2025
20251105,LPC,Etica Conservative Allocation,50381,LULULEMON ATHLETICA INC,0.000205482538392,0.0,AZ ,Consumer Discretionary,US5500211090,B23FN39,LULU US Equity,US ,USD,0.673555,,11/5/2025
20251105,LPC,Etica Conservative Allocation,253654,FERRARI NV,0.000205313645232,0.0,AZ ,Consumer Discretionary,NL0011585146,BZ1GMK5,RACE US Equity,IT ,EUR,0.673555,,11/5/2025
20251105,LPC,Etica Conservative Allocation,1093,LENDLEASE GROUP,0.000197390155099,0.0,AZ ,Real Estate,AU000000LLC3,6512004,LLC AU Equity,AU ,AUD,0.673555,,11/5/2025
20251105,LPC,Etica Conservative Allocation,57810,VENTAS INC,0.000197386015561,0.0,AZ ,Real Estate,US92276F1003,2927925,VTR US Equity,US ,USD,0.673555,,11/5/2025
20251105,LPC,Etica Conservative Allocation,1,LG ELECTRONICS INC,0.000195065390427,0.0,AZ ,Consumer Discretionary,KR7066570003,6520739,066570 KS Equity,KR ,KRW,0.673555,,11/5/2025
20251105,LPC,Etica Conservative Allocation,58909,EDWARDS LIFESCIENCES CORP,0.000194178701337,0.0,AZ ,Health Care,US28176E1082,2567116,EW US Equity,US ,USD,0.673555,,11/5/2025
20251105,LPC,Etica Conservative Allocation,343334,GODADDY INC - CLASS A,0.00019199302515,0.0,AZ ,Information Technology,US3802371076,BWFRFC6,GDDY US Equity,US ,USD,0.673555,,11/5/2025
20251105,LPC,Etica Conservative Allocation,173,CADENCE DESIGN SYS INC,0.000177223980639,0.0,AZ ,Information Technology,US1273871087,2302232,CDNS US Equity,US ,USD,0.673555,,11/5/2025
20251105,LPC,Etica Conservative Allocation,335227,NEXI SPA,0.000173920215174,0.0,AZ ,Financials,IT0005366767,BJ1F880,NEXI IM Equity,IT ,EUR,0.673555,,11/5/2025
20251105,LPC,Etica Conservative Allocation,1010,RELX PLC,0.000168736685398,0.0,AZ ,Industrials,GB00B2B0DG97,B2B0DG9,REL LN Equity,GB ,GBP,0.673555,,11/5/2025
20251105,LPC,Etica Conservative Allocation,235482,MERLIN PROPERTIES SOCIMI SA,0.00016177853558,0.0,AZ ,Real Estate,ES0105025003,BNGNB77,MRL SM Equity,ES ,EUR,0.673555,,11/5/2025
20251105,LPC,Etica Conservative Allocation,24041,TERNA-RETE ELETTRICA NAZIONA,0.000157324392441,0.0,AZ ,Utilities,IT0003242622,B01BN57,TRN IM Equity,IT ,EUR,0.673555,,11/5/2025
20251105,LPC,Etica Conservative Allocation,3466,COGNIZANT TECH SOLUTIONS-A,0.000153465514899,0.0,AZ ,Information Technology,US1924461023,2257019,CTSH US Equity,US ,USD,0.673555,,11/5/2025
20251105,LPC,Etica Conservative Allocation,312,INGERSOLL-RAND INC,0.000149844246852,0.0,AZ ,Industrials,US45687V1061,BL5GZ82,IR UN Equity,US ,USD,0.673555,,11/5/2025
20251105,LPC,Etica Conservative Allocation,67156,KEURIG DR PEPPER INC,0.000149353711571,0.0,AZ ,Consumer Staples,US49271V1008,BD3W133,KDP US Equity,US ,USD,0.673555,,11/5/2025
20251105,LPC,Etica Conservative Allocation,50261,DIASORIN SPA,0.000144478991347,0.0,AZ ,Health Care,IT0003492391,B234WN9,DIA IM Equity,IT ,EUR,0.673555,,11/5/2025
20251105,LPC,Etica Conservative Allocation,58318,AZBIL CORP,0.000139437447732,0.0,AZ ,Information Technology,JP3937200008,6985543,6845 JP Equity,JP ,JPY,0.673555,,11/5/2025
20251105,LPC,Etica Conservative Allocation,222506,ORORA LTD,0.000139223847559,0.0,AZ ,Materials,AU000000ORA8,BH4TCW7,ORA AU Equity,AU ,AUD,0.673555,,11/5/2025
20251105,LPC,Etica Conservative Allocation,2297,AVALONBAY COMMUNITIES INC,0.000134602053121,0.0,AZ ,Real Estate,US0534841012,2131179,AVB US Equity,US ,USD,0.673555,,11/5/2025
20251105,LPC,Etica Conservative Allocation,4106,ZIMMER BIOMET HOLDINGS INC,0.000132603070108,0.0,AZ ,Health Care,US98956P1021,2783815,ZBH US Equity,US ,USD,0.673555,,11/5/2025
20251105,LPC,Etica Conservative Allocation,17956,RENESAS ELECTRONICS CORP,0.000129784872478,0.0,AZ ,Information Technology,JP3164720009,6635677,6723 JP Equity,JP ,JPY,0.673555,,11/5/2025
20251105,LPC,Etica Conservative Allocation,235835,RAI WAY SPA,0.000125654855182,0.0,AZ ,Communication Services,IT0005054967,BSM8WL2,RWAY IM Equity,IT ,EUR,0.673555,,11/5/2025
20251105,LPC,Etica Conservative Allocation,1040,TATE & LYLE PLC,0.000123552797667,0.0,AZ ,Consumer Staples,GB00BP92CJ43,BP92CJ4,TATE LN Equity,GB ,GBP,0.673555,,11/5/2025
20251105,LPC,Etica Conservative Allocation,3478,SOL SPA,0.000116205117302,0.0,AZ ,Materials,IT0001206769,5490684,SOL IM Equity,IT ,EUR,0.673555,,11/5/2025
20251105,LPC,Etica Conservative Allocation,1088,ORICA LTD,0.00010951603747,0.0,AZ ,Materials,AU000000ORI1,6458001,ORI AU Equity,AU ,AUD,0.673555,,11/5/2025
20251105,LPC,Etica Conservative Allocation,31968,PENTAIR PLC,0.000105107429251,0.0,AZ ,Industrials,IE00BLS09M33,BLS09M3,PNR UN Equity,US ,USD,0.673555,,11/5/2025
20251105,LPC,Etica Conservative Allocation,58681,JONES LANG LASALLE INC,0.000103721097896,0.0,AZ ,Real Estate,US48020Q1076,2040640,JLL US Equity,US ,USD,0.673555,,11/5/2025
20251105,LPC,Etica Conservative Allocation,1024,SSE PLC,0.000091408041419,0.0,AZ ,Utilities,GB0007908733,790873,SSE LN Equity,GB ,GBP,0.673555,,11/5/2025
20251105,LPC,Etica Conservative Allocation,677,BIOGEN INC,0.000071928616352,0.0,AZ ,Health Care,US09062X1037,2455965,BIIB US Equity,US ,USD,0.673555,,11/5/2025
20251105,LPC,Etica Conservative Allocation,3476,A2A SPA,0.000059209885129,0.0,AZ ,Utilities,IT0001233417,5499131,A2A IM Equity,IT ,EUR,0.673555,,11/5/2025
20251105,LPC,Etica Conservative Allocation,63,HERA SPA,0.000055882524296,0.0,AZ ,Utilities,IT0001250932,7598003,HER IM Equity,IT ,EUR,0.673555,,11/5/2025
20251105,LPC,Etica Conservative Allocation,247914,INFRASTRUTTURE WIRELESS ITAL,0.000055011565452,0.0,AZ ,Communication Services,IT0005090300,BZ0P4R4,INW IM Equity,IT ,EUR,0.673555,,11/5/2025
20251105,LPC,Etica Conservative Allocation,3672,AMPLIFON SPA,0.000046664186603,0.0,AZ ,Health Care,IT0004056880,B14NJ71,AMP IM Equity,IT ,EUR,0.673555,,11/5/2025
20251105,LPC,Etica Conservative Allocation,23349,CORBION NV,0.000043837709897,0.0,AZ ,Materials,NL0010583399,BFRSRR7,CRBN NA Equity,NL ,EUR,0.673555,,11/5/2025
20251105,LPC,Etica Conservative Allocation,48675,PRYSMIAN SPA,0.000043475086348,0.0,AZ ,Industrials,IT0004176001,B1W4V69,PRY IM Equity,IT ,EUR,0.673555,,11/5/2025
20251105,LPC,Etica Conservative Allocation,3321,BXP INC,0.000037524086183,0.0,AZ ,Real Estate,US1011211018,2019479,BXP US Equity,US ,USD,0.673555,,11/5/2025
20251105,LPC,Etica Conservative Allocation,314765,PIRELLI & C SPA,0.000012608205553,0.0,AZ ,Consumer Discretionary,IT0005278236,BZ5ZHK3,PIRC IM Equity,IT ,EUR,0.673555,,11/5/2025
20251105,LPC,Etica Conservative Allocation,314764,FRANCE (GOVT OF) FRTR 0 3/4 05/25/28,0.0,0.005329636413644,OB ,SOVEREIGN,FR0013286192,,AP3656380 Govt,FR ,EUR,0.673555,A,11/5/2025
20251105,LPC,Etica Conservative Allocation,511224,FRANCE (GOVT OF) FRTR 2 3/4 02/25/29,0.0,0.004920706386578,OB ,SOVEREIGN,FR001400HI98,,ZK2178539 Govt,FR ,EUR,0.673555,A,11/5/2025
20251105,LPC,Etica Conservative Allocation,534,APPLE INC,0.0,0.004949624,AZ ,Information Technology,US0378331005,2046251,AAPL US Equity,US ,USD,0.673555,,11/5/2025
20251105,LPC,Etica Conservative Allocation,254029,FRANCE (GOVT OF) FRTR 1 1/2 05/25/31,0.0,0.005045444766022,OB ,SOVEREIGN,FR0012993103,,UV9949289 Govt,FR ,EUR,0.673555,A,11/5/2025
20251105,LPC,Etica Conservative Allocation,195250,FRANCE (GOVT OF) FRTR 2 3/4 10/25/27,0.0,0.005139570403118,OB ,SOVEREIGN,FR0011317783,,EJ3468919 Govt,FR ,EUR,0.673555,A,11/5/2025
20251105,LPC,Etica Conservative Allocation,568369,FRENCH DISCOUNT T-BILL BTF 0 01/14/26,0.0,0.0061574825,OB ,SOVEREIGN,FR0128983980,,YN8205323 Govt,FR ,EUR,0.673555,A,11/5/2025
20251105,LPC,Etica Conservative Allocation,553272,GERMAN TREASURY BILL BUBILL 0 01/14/26,0.0,0.0062021275,OB ,SOVEREIGN,DE000BU0E246,,YS4477537 Govt,DE ,EUR,0.673555,A,11/5/2025
20251105,LPC,Etica Conservative Allocation,51421,FRENCH DISCOUNT T-BILL BTF 0 12/31/25,0.0,0.0085255275,OB ,SOVEREIGN,FR0128690742,,YS3714856 Govt,FR ,EUR,0.673555,A,11/5/2025
20251105,LPC,Etica Conservative Allocation,164733,DEBITI COMMISSIONE GESTIONE,-0.000165788092314,0.0,CD ,CASH,,,DEBITI COMMISSIONE GESTIONE,5A ,EUR,0.673555,,11/5/2025
20251105,LPC,Etica Conservative Allocation,247714,DEBITI CONTRIBUTI VIGILANZA,-0.004453454320511,0.0,CD ,CASH,,,DEBITI CONTRIBUTI VIGILANZA,5A ,EUR,0.673555,,11/5/2025
20251105,LPD,Etica Dynamic Allocation,3458,NVIDIA CORP,0.057372420857006,0.035058816,AZ ,Information Technology,US67066G1040,2379504,NVDA US Equity,US ,USD,2.271642,,11/5/2025
20251105,LPD,Etica Dynamic Allocation,164727,USD,0.037651039780341,0.0,LQ ,CASH,,,USD,US ,USD,2.271642,,11/5/2025
20251105,LPD,Etica Dynamic Allocation,212626,BUONI POLIENNALI DEL TES BTPS 3.85 07/01/34,0.023941599445809,0.0,OB ,SOVEREIGN,IT0005584856,,ZD2941395 Govt,IT ,EUR,2.271642,B,11/5/2025
20251105,LPD,Etica Dynamic Allocation,335795,FRANCE (GOVT OF) FRTR 3 05/25/33,0.022728896121697,0.0,OB ,SOVEREIGN,FR001400H7V7,,ZL9844081 Govt,FR ,EUR,2.271642,A,11/5/2025
20251105,LPD,Etica Dynamic Allocation,509810,BUONI POLIENNALI DEL TES BTPS 4 10/30/31,0.02008626910879,0.0,OB ,SOVEREIGN,IT0005542359,,ZK0285476 Govt,IT ,EUR,2.271642,B,11/5/2025
20251105,LPD,Etica Dynamic Allocation,510744,BUNDESREPUB. DEUTSCHLAND DBR 2.3 02/15/33,0.018942500838296,0.0,OB ,SOVEREIGN,DE000BU3Z005,,ZK3512736 Govt,DE ,EUR,2.271642,A,11/5/2025
20251105,LPD,Etica Dynamic Allocation,571126,AUSTRIAN T-BILL RATB 0 11/27/25,0.018811202609803,0.0,OB ,SOVEREIGN,AT0000A3MUA7,,YL5192205 Govt,AT ,EUR,2.271642,A,11/5/2025
20251105,LPD,Etica Dynamic Allocation,294625,BONOS Y OBLIG DEL ESTADO SPGB 2.35 07/30/33,0.0182349783983,0.0,OB ,SOVEREIGN,ES00000128Q6,,AM6067459 Govt,ES ,EUR,2.271642,A,11/5/2025
20251105,LPD,Etica Dynamic Allocation,65876,VISA INC-CLASS A SHARES,0.017158384520501,0.0,AZ ,Financials,US92826C8394,B2PZN04,V US Equity,US ,USD,2.271642,,11/5/2025
20251105,LPD,Etica Dynamic Allocation,36611,FRANCE (GOVT OF) FRTR 3.15 07/25/32,0.017104568177505,0.0,OB ,SOVEREIGN,FR0000188799,,EC7356149 Govt,FR ,EUR,2.271642,A,11/5/2025
20251105,LPD,Etica Dynamic Allocation,45465,MASTERCARD INC - A,0.017046066028472,0.0,AZ ,Financials,US57636Q1040,B121557,MA US Equity,US ,USD,2.271642,,11/5/2025
20251105,LPD,Etica Dynamic Allocation,554,ORACLE CORP,0.015332485741749,0.0,AZ ,Information Technology,US68389X1054,2661568,ORCL US Equity,US ,USD,2.271642,,11/5/2025
20251105,LPD,Etica Dynamic Allocation,462761,BUNDESREPUB. DEUTSCHLAND DBR 0 08/15/50,0.014174356127288,0.0,OB ,SOVEREIGN,DE0001030724,,BP4742659 Govt,DE ,EUR,2.271642,A,11/5/2025
20251105,LPD,Etica Dynamic Allocation,164724,GBP,0.013088815079096,0.0,LQ ,CASH,,,GBP,GB ,GBP,2.271642,,11/5/2025
20251105,LPD,Etica Dynamic Allocation,459171,EUROPEAN UNION EU 0.2 06/04/36,0.012509721084438,0.0,OB ,Quasi & Foreign Government,EU000A3KM903,,BO4675365 Govt,SNA,EUR,2.271642,A,11/5/2025
20251105,LPD,Etica Dynamic Allocation,534121,TERNA RETE ELETTRICA TRNIM 4 3/4 PERP,0.012056913742888,0.0,OB ,UTILITY,XS2798269069,,ZB2049300 Corp,IT ,EUR,2.271642,B,11/5/2025
20251105,LPD,Etica Dynamic Allocation,480661,BONOS Y OBLIG DEL ESTADO SPGB 0.7 04/30/32,0.011649931038489,0.0,OB ,SOVEREIGN,ES0000012K20,,BT4353020 Govt,ES ,EUR,2.271642,A,11/5/2025
20251105,LPD,Etica Dynamic Allocation,454914,BUONI POLIENNALI DEL TES BTPS 1 1/2 04/30/45,0.010078846783741,0.0,OB ,SOVEREIGN,IT0005438004,,BO3833387 Govt,IT ,EUR,2.271642,B,11/5/2025
20251105,LPD,Etica Dynamic Allocation,492477,BONOS Y OBLIG DEL ESTADO SPGB 2.55 10/31/32,0.009265966017395,0.0,OB ,SOVEREIGN,ES0000012K61,,BX0275376 Govt,ES ,EUR,2.271642,A,11/5/2025
20251105,LPD,Etica Dynamic Allocation,221482,SERVICENOW INC,0.009148488694703,0.0,AZ ,Information Technology,US81762P1021,B80NXX8,NOW US Equity,US ,USD,2.271642,,11/5/2025
20251105,LPD,Etica Dynamic Allocation,164723,EUR,0.009107971273328,0.0,LQ ,CASH,,,EUR,5A ,EUR,2.271642,,11/5/2025
20251105,LPD,Etica Dynamic Allocation,164954,CAD,0.009076870657463,0.0,LQ ,CASH,,,CAD,CA ,CAD,2.271642,,11/5/2025
20251105,LPD,Etica Dynamic Allocation,577,APPLIED MATERIALS INC,0.008899122992573,0.0,AZ ,Information Technology,US0382221051,2046552,AMAT US Equity,US ,USD,2.271642,,11/5/2025
20251105,LPD,Etica Dynamic Allocation,450096,BUONI POLIENNALI DEL TES BTPS 0.95 03/01/37,0.008630768891905,0.0,OB ,SOVEREIGN,IT0005433195,,BN3326749 Govt,IT ,EUR,2.271642,B,11/5/2025
20251105,LPD,Etica Dynamic Allocation,201018,ABBVIE INC,0.008605469983323,0.0,AZ ,Health Care,US00287Y1091,B92SR70,ABBV US Equity,US ,USD,2.271642,,11/5/2025
20251105,LPD,Etica Dynamic Allocation,300,HOME DEPOT INC,0.008573398085207,0.0,AZ ,Consumer Discretionary,US4370761029,2434209,HD US Equity,US ,USD,2.271642,,11/5/2025
20251105,LPD,Etica Dynamic Allocation,405993,SSE PLC SSELN 3 1/8 PERP,0.007617581404115,0.0,OB ,UTILITY,XS2195190520,,BK2936866 Corp,GB ,EUR,2.271642,B,11/5/2025
20251105,LPD,Etica Dynamic Allocation,574251,AUSTRIAN T-BILL RATB 0 03/26/26,0.007478007127747,0.0,OB ,SOVEREIGN,AT0000A3MUC3,,YK2495496 Govt,AT ,EUR,2.271642,A,11/5/2025
20251105,LPD,Etica Dynamic Allocation,480,TEXAS INSTRUMENTS INC,0.00740581400404,0.0,AZ ,Information Technology,US8825081040,2885409,TXN US Equity,US ,USD,2.271642,,11/5/2025
20251105,LPD,Etica Dynamic Allocation,2839,ASML HOLDING NV,0.007306739071672,0.0,AZ ,Information Technology,NL0010273215,B929F46,ASML NA Equity,NL ,EUR,2.271642,,11/5/2025
20251105,LPD,Etica Dynamic Allocation,427,PROCTER & GAMBLE CO/THE,0.007160438129041,0.0,AZ ,Consumer Staples,US7427181091,2704407,PG US Equity,US ,USD,2.271642,,11/5/2025
20251105,LPD,Etica Dynamic Allocation,335356,TAKEDA PHARMACEUTICAL TACHEM 1 07/09/29,0.00707706791551,0.0,OB ,INDUSTRIAL,XS2197348597,,BK2909210 Corp,JP ,EUR,2.271642,B,11/5/2025
20251105,LPD,Etica Dynamic Allocation,406148,AGENCE FRANCAISE DEVELOP AGFRNC 0.01 11/25/28,0.00697066938692,0.0,OB ,Quasi & Foreign Government,FR0014003YN1,,BP9619894 Govt,FR ,EUR,2.271642,A,11/5/2025
20251105,LPD,Etica Dynamic Allocation,756,QUALCOMM INC,0.006910573416061,0.0,AZ ,Information Technology,US7475251036,2714923,QCOM US Equity,US ,USD,2.271642,,11/5/2025
20251105,LPD,Etica Dynamic Allocation,164953,AUD,0.006845082102227,0.0,LQ ,CASH,,,AUD,AU ,AUD,2.271642,,11/5/2025
20251105,LPD,Etica Dynamic Allocation,222389,MONCLER SPA,0.006754772813287,0.0,AZ ,Consumer Discretionary,IT0004965148,BGLP232,MONC IM Equity,IT ,EUR,2.271642,,11/5/2025
20251105,LPD,Etica Dynamic Allocation,23568,SALESFORCE INC,0.006723288806445,0.0,AZ ,Information Technology,US79466L3024,2310525,CRM US Equity,US ,USD,2.271642,,11/5/2025
20251105,LPD,Etica Dynamic Allocation,406226,BUONI POLIENNALI DEL TES BTPS 0.95 06/01/32,0.006688742567735,0.0,OB ,SOVEREIGN,IT0005466013,,BS1324091 Govt,IT ,EUR,2.271642,B,11/5/2025
20251105,LPD,Etica Dynamic Allocation,4289,CRH PLC,0.006639290027549,0.0,SE ,Materials,IE0001827041,182704,CRH LN Equity,US ,USD,2.271642,,11/5/2025
20251105,LPD,Etica Dynamic Allocation,448457,ITALY GOV'T INT BOND ITALY 1 1/4 02/17/26,0.006528673444978,0.0,OB ,Quasi & Foreign Government,US465410CA47,,BM5869821 Govt,IT ,USD,2.271642,B,11/5/2025
20251105,LPD,Etica Dynamic Allocation,360,MEDTRONIC PLC,0.006441964189788,0.0,AZ ,Health Care,IE00BTN1Y115,BTN1Y11,MDT US Equity,US ,USD,2.271642,,11/5/2025
20251105,LPD,Etica Dynamic Allocation,335439,FRANCE (GOVT OF) FRTR 0 1/2 06/25/44,0.006356513571776,0.0,OB ,SOVEREIGN,FR0014002JM6,,BO6060129 Govt,FR ,EUR,2.271642,A,11/5/2025
20251105,LPD,Etica Dynamic Allocation,1706,TELECOM ITALIA SPA,0.006341631373465,0.0,AZ ,Communication Services,IT0003497168,7634394,TIT IM Equity,IT ,EUR,2.271642,,11/5/2025
20251105,LPD,Etica Dynamic Allocation,705,LAM RESEARCH CORP,0.006254427626768,0.0,AZ ,Information Technology,US5128073062,BSML4N7,LRCX US Equity,US ,USD,2.271642,,11/5/2025
20251105,LPD,Etica Dynamic Allocation,542,CISCO SYSTEMS INC,0.006124312713062,0.0,AZ ,Information Technology,US17275R1023,2198163,CSCO US Equity,US ,USD,2.271642,,11/5/2025
20251105,LPD,Etica Dynamic Allocation,214,DANAHER CORP,0.006008508677319,0.0,AZ ,Health Care,US2358511028,2250870,DHR US Equity,US ,USD,2.271642,,11/5/2025
20251105,LPD,Etica Dynamic Allocation,415726,FRANCE (GOVT OF) FRTR 0 3/4 05/25/52,0.005976333210914,0.0,OB ,SOVEREIGN,FR0013480613,,ZP7360719 Govt,FR ,EUR,2.271642,A,11/5/2025
20251105,LPD,Etica Dynamic Allocation,423,NEW LINDE PLC,0.005941459319797,0.0,AZ ,Materials,IE000S9YS762,BNZHB81,LIN US Equity,US ,USD,2.271642,,11/5/2025
20251105,LPD,Etica Dynamic Allocation,504096,NEDER WATERSCHAPSBANK NEDWBK 2 3/4 12/17/29,0.005855236647262,0.0,OB ,Quasi & Foreign Government,XS2579321337,,ZM4811604 Govt,NL ,EUR,2.271642,A,11/5/2025
20251105,LPD,Etica Dynamic Allocation,237423,BUONI POLIENNALI DEL TES BTPS 3 08/01/29,0.005810328307015,0.0,OB ,SOVEREIGN,IT0005365165,,AX3905822 Govt,IT ,EUR,2.271642,B,11/5/2025
20251105,LPD,Etica Dynamic Allocation,363,MERCK & CO. INC.,0.005781114140471,0.0,AZ ,Health Care,US58933Y1055,2778844,MRK US Equity,US ,USD,2.271642,,11/5/2025
20251105,LPD,Etica Dynamic Allocation,2703,LONZA GROUP AG-REG,0.005617719534085,0.0,AZ ,Health Care,CH0013841017,7333378,LONN SW Equity,CH ,CHF,2.271642,,11/5/2025
20251105,LPD,Etica Dynamic Allocation,216,DEERE & CO,0.005610369575024,0.0,AZ ,Industrials,US2441991054,2261203,DE US Equity,US ,USD,2.271642,,11/5/2025
20251105,LPD,Etica Dynamic Allocation,514999,BUNDESREPUB. DEUTSCHLAND DBR 1.8 08/15/53,0.005602282586353,0.0,OB ,SOVEREIGN,DE0001030757,,ZK9574730 Govt,DE ,EUR,2.271642,A,11/5/2025
20251105,LPD,Etica Dynamic Allocation,172066,ALLINEAMENTO NAV,0.00558372691496,0.0,OT ,CASH,,,ALLINEAMENTO NAV,5A ,EUR,2.271642,,11/5/2025
20251105,LPD,Etica Dynamic Allocation,30976,NABTESCO CORP,0.005527336805812,0.0,AZ ,Industrials,JP3651210001,6687571,6268 JP Equity,JP ,JPY,2.271642,,11/5/2025
20251105,LPD,Etica Dynamic Allocation,1821,INTUIT INC,0.005203139436566,0.0,AZ ,Information Technology,US4612021034,2459020,INTU US Equity,US ,USD,2.271642,,11/5/2025
20251105,LPD,Etica Dynamic Allocation,358,S&P GLOBAL INC,0.005104793248346,0.0,AZ ,Financials,US78409V1044,BYV2325,SPGI US Equity,US ,USD,2.271642,,11/5/2025
20251105,LPD,Etica Dynamic Allocation,2706,TRANE TECHNOLOGIES PLC,0.005065696407293,0.0,AZ ,Industrials,IE00BK9ZQ967,BK9ZQ96,TT US Equity,US ,USD,2.271642,,11/5/2025
20251105,LPD,Etica Dynamic Allocation,335696,BELGIUM KINGDOM BGB 2 3/4 04/22/39,0.004907086279279,0.0,OB ,SOVEREIGN,BE0000356650,,BZ0281957 Govt,BE ,EUR,2.271642,A,11/5/2025
20251105,LPD,Etica Dynamic Allocation,549,INTEL CORP,0.004685486670698,0.0,AZ ,Information Technology,US4581401001,2463247,INTC US Equity,US ,USD,2.271642,,11/5/2025
20251105,LPD,Etica Dynamic Allocation,100,ABBOTT LABORATORIES,0.004609013728649,0.0,AZ ,Health Care,US0028241000,2002305,ABT US Equity,US ,USD,2.271642,,11/5/2025
20251105,LPD,Etica Dynamic Allocation,344,LOWE'S COS INC,0.004520977292903,0.0,AZ ,Consumer Discretionary,US5486611073,2536763,LOW US Equity,US ,USD,2.271642,,11/5/2025
20251105,LPD,Etica Dynamic Allocation,397638,PROSUS NV,0.004376694990391,0.0,AZ ,Consumer Discretionary,NL0013654783,BJDS7L3,PRX NA Equity,NL ,EUR,2.271642,,11/5/2025
20251105,LPD,Etica Dynamic Allocation,783,SYNOPSYS INC,0.004187788689664,0.0,AZ ,Information Technology,US8716071076,2867719,SNPS US Equity,US ,USD,2.271642,,11/5/2025
20251105,LPD,Etica Dynamic Allocation,1619,LOREAL SA,0.004177568194225,0.0,AZ ,Consumer Staples,FR0000120321,4057808,OR FP Equity,FR ,EUR,2.271642,,11/5/2025
20251105,LPD,Etica Dynamic Allocation,497,UNION PACIFIC CORP,0.004172203733431,0.0,AZ ,Industrials,US9078181081,2914734,UNP US Equity,US ,USD,2.271642,,11/5/2025
20251105,LPD,Etica Dynamic Allocation,533,AMGEN INC,0.004166203551644,0.0,AZ ,Health Care,US0311621009,2023607,AMGN US Equity,US ,USD,2.271642,,11/5/2025
20251105,LPD,Etica Dynamic Allocation,2170,DSV A/S,0.004138461561261,0.0,AZ ,Industrials,DK0060079531,B1WT5G2,DSV DC Equity,DK ,DKK,2.271642,,11/5/2025
20251105,LPD,Etica Dynamic Allocation,53583,LOGITECH INTERNATIONAL,0.004109886881829,0.0,SE ,Information Technology,CH0025751329,B1921K0,LOGI US Equity,CH ,CHF,2.271642,,11/5/2025
20251105,LPD,Etica Dynamic Allocation,191474,PALO ALTO NETWORKS INC,0.004007662343619,0.0,AZ ,Information Technology,US6974351057,B87ZMX0,PANW US Equity,US ,USD,2.271642,,11/5/2025
20251105,LPD,Etica Dynamic Allocation,149,VERIZON COMMUNICATIONS INC,0.00400160039747,0.0,AZ ,Communication Services,US92343V1044,2090571,VZ US Equity,US ,USD,2.271642,,11/5/2025
20251105,LPD,Etica Dynamic Allocation,236196,IMCD NV,0.003945401983811,0.0,AZ ,Industrials,NL0010801007,BNCBD46,IMCD NA Equity,NL ,EUR,2.271642,,11/5/2025
20251105,LPD,Etica Dynamic Allocation,133,AUTOMATIC DATA PROCESSING,0.003917440428654,0.0,AZ ,Industrials,US0530151036,2065308,ADP US Equity,US ,USD,2.271642,,11/5/2025
20251105,LPD,Etica Dynamic Allocation,3092,MTR CORP,0.003871608635876,0.0,AZ ,Industrials,HK0066009694,6290054,66 HK Equity,HK ,HKD,2.271642,,11/5/2025
20251105,LPD,Etica Dynamic Allocation,348394,KNORR-BREMSE AG,0.003794310913629,0.0,AZ ,Industrials,DE000KBX1006,BD2P9X9,KBX GR Equity,DE ,EUR,2.271642,,11/5/2025
20251105,LPD,Etica Dynamic Allocation,1658,ATLAS COPCO AB-A SHS,0.003788491505584,0.0,AZ ,Industrials,SE0017486889,BLDBN41,ATCOA SS Equity,SE ,SEK,2.271642,,11/5/2025
20251105,LPD,Etica Dynamic Allocation,451544,EDP SA EDPPL 1 7/8 08/02/2081,0.003758211150574,0.0,OB ,UTILITY,PTEDPROM0029,,BN7191719 Corp,PT ,EUR,2.271642,C,11/5/2025
20251105,LPD,Etica Dynamic Allocation,559,STRYKER CORP,0.003755108997838,0.0,AZ ,Health Care,US8636671013,2853688,SYK UN Equity,US ,USD,2.271642,,11/5/2025
20251105,LPD,Etica Dynamic Allocation,1258,KAO CORP,0.003754164455036,0.0,AZ ,Consumer Staples,JP3205800000,6483809,4452 JP Equity,JP ,JPY,2.271642,,11/5/2025
20251105,LPD,Etica Dynamic Allocation,302,HONDA MOTOR CO LTD,0.003717569823863,0.0,AZ ,Consumer Discretionary,JP3854600008,6435145,7267 JP Equity,JP ,JPY,2.271642,,11/5/2025
20251105,LPD,Etica Dynamic Allocation,125,ANALOG DEVICES INC,0.003693349908553,0.0,AZ ,Information Technology,US0326541051,2032067,ADI US Equity,US ,USD,2.271642,,11/5/2025
20251105,LPD,Etica Dynamic Allocation,406149,CAISSE D'AMORT DETTE SOC CADES 0 11/25/26,0.003683227332225,0.0,OB ,Quasi & Foreign Government,FR0014004016,,BP9677991 Govt,FR ,EUR,2.271642,A,11/5/2025
20251105,LPD,Etica Dynamic Allocation,492162,KOMMUNEKREDIT KOMMUN 1 1/2 05/16/29,0.003683225825777,0.0,OB ,Quasi & Foreign Government,XS2489343793,,BW8977538 Govt,DK ,EUR,2.271642,A,11/5/2025
20251105,LPD,Etica Dynamic Allocation,2088,SAP SE,0.003674324225431,0.0,AZ ,Information Technology,DE0007164600,4846288,SAP GY Equity,DE ,EUR,2.271642,,11/5/2025
20251105,LPD,Etica Dynamic Allocation,486,TJX COMPANIES INC,0.003672690106125,0.0,AZ ,Consumer Discretionary,US8725401090,2989301,TJX US Equity,US ,USD,2.271642,,11/5/2025
20251105,LPD,Etica Dynamic Allocation,531,ADOBE INC,0.003665773627434,0.0,AZ ,Information Technology,US00724F1012,2008154,ADBE US Equity,US ,USD,2.271642,,11/5/2025
20251105,LPD,Etica Dynamic Allocation,406011,ERG SPA ERGIM 0 1/2 09/11/27,0.003630514462279,0.0,OB ,UTILITY,XS2229434852,,ZO3431582 Corp,IT ,EUR,2.271642,NR,11/5/2025
20251105,LPD,Etica Dynamic Allocation,520,WESTERN DIGITAL CORP,0.003619100106919,0.0,AZ ,Information Technology,US9581021055,2954699,WDC US Equity,US ,USD,2.271642,,11/5/2025
20251105,LPD,Etica Dynamic Allocation,667,GILEAD SCIENCES INC,0.003559204493624,0.0,AZ ,Health Care,US3755581036,2369174,GILD US Equity,US ,USD,2.271642,,11/5/2025
20251105,LPD,Etica Dynamic Allocation,164959,JPY,0.003527678306242,0.0,LQ ,CASH,,,JPY,JP ,JPY,2.271642,,11/5/2025
20251105,LPD,Etica Dynamic Allocation,3033,STMICROELECTRONICS NV,0.003499366125347,0.0,SE ,Information Technology,NL0000226223,5962343,STMMI IM Equity,FR ,EUR,2.271642,,11/5/2025
20251105,LPD,Etica Dynamic Allocation,406118,CAISSE FRANCAISE DE FIN CAFFIL 0.01 04/27/29,0.003447327390815,0.0,OB ,Covered,FR00140033E4,,BP1529455 Govt,FR ,EUR,2.271642,A,11/5/2025
20251105,LPD,Etica Dynamic Allocation,3760,ABB LTD,0.00332278369787,0.0,AZ ,Industrials,CH0012221716,7108899,ABBN SW Equity,CH ,CHF,2.271642,,11/5/2025
20251105,LPD,Etica Dynamic Allocation,159,BOSTON SCIENTIFIC CORP,0.003319418293373,0.0,AZ ,Health Care,US1011371077,2113434,BSX US Equity,US ,USD,2.271642,,11/5/2025
20251105,LPD,Etica Dynamic Allocation,670,WELLTOWER INC,0.003301514537287,0.0,AZ ,Real Estate,US95040Q1040,BYVYHH4,WELL US Equity,US ,USD,2.271642,,11/5/2025
20251105,LPD,Etica Dynamic Allocation,428670,HEINEKEN NV HEIANA 1 1/4 05/07/33,0.003298416150671,0.0,OB ,INDUSTRIAL,XS2168629967,,BJ1875167 Corp,NL ,EUR,2.271642,B,11/5/2025
20251105,LPD,Etica Dynamic Allocation,2489,LENOVO GROUP LTD,0.003296384705745,0.0,AZ ,Information Technology,HK0992009065,6218089,992 HK Equity,CN ,CNY,2.271642,,11/5/2025
20251105,LPD,Etica Dynamic Allocation,49402,SARTORIUS STEDIM BIOTECH,0.003292580924924,0.0,AZ ,Health Care,FR0013154002,BYZ2QP5,DIM FP Equity,FR ,EUR,2.271642,,11/5/2025
20251105,LPD,Etica Dynamic Allocation,4264,AUTODESK INC,0.003288085307927,0.0,AZ ,Information Technology,US0527691069,2065159,ADSK US Equity,US ,USD,2.271642,,11/5/2025
20251105,LPD,Etica Dynamic Allocation,335490,LANDWIRTSCH. RENTENBANK RENTEN 0 06/30/31,0.003259727180374,0.0,OB ,Quasi & Foreign Government,XS2359292955,,BQ1979823 Corp,DE ,EUR,2.271642,A,11/5/2025
20251105,LPD,Etica Dynamic Allocation,481243,CAISSE D'AMORT DETTE SOC CADES 0.45 01/19/32,0.0032568095675,0.0,OB ,Quasi & Foreign Government,FR0014007RB1,,BT4620824 Govt,FR ,EUR,2.271642,A,11/5/2025
20251105,LPD,Etica Dynamic Allocation,454,SONY GROUP CORP,0.003248748188442,0.0,AZ ,Consumer Discretionary,JP3435000009,6821506,6758 JP Equity,JP ,JPY,2.271642,,11/5/2025
20251105,LPD,Etica Dynamic Allocation,18091,PROLOGIS INC,0.003193032967931,0.0,AZ ,Real Estate,US74340W1036,B44WZD7,PLD UN Equity,US ,USD,2.271642,,11/5/2025
20251105,LPD,Etica Dynamic Allocation,1404,OBAYASHI CORP,0.003176706839356,0.0,AZ ,Industrials,JP3190000004,6656407,1802 JP Equity,JP ,JPY,2.271642,,11/5/2025
20251105,LPD,Etica Dynamic Allocation,335524,AGENCE FRANCAISE DEVELOP AGFRNC 0 1/8 09/29/31,0.003159987904504,0.0,OB ,Quasi & Foreign Government,FR0014005NA6,,BR5562094 Govt,FR ,EUR,2.271642,A,11/5/2025
20251105,LPD,Etica Dynamic Allocation,233530,ZALANDO SE,0.003116104325408,0.0,AZ ,Consumer Discretionary,DE000ZAL1111,BQV0SV7,ZAL GR Equity,DE ,EUR,2.271642,,11/5/2025
20251105,LPD,Etica Dynamic Allocation,424846,OTIS WORLDWIDE CORP,0.003086270632185,0.0,AZ ,Industrials,US68902V1070,BK531S8,OTIS US Equity,US ,USD,2.271642,,11/5/2025
20251105,LPD,Etica Dynamic Allocation,40461,VERTEX PHARMACEUTICALS INC,0.003037239897397,0.0,AZ ,Health Care,US92532F1003,2931034,VRTX US Equity,US ,USD,2.271642,,11/5/2025
20251105,LPD,Etica Dynamic Allocation,2566,UNITED PARCEL SERVICE-CL B,0.003002539624394,0.0,AZ ,Industrials,US9113121068,2517382,UPS US Equity,US ,USD,2.271642,,11/5/2025
20251105,LPD,Etica Dynamic Allocation,1146,BRIDGESTONE CORP,0.00293863911949,0.0,AZ ,Consumer Discretionary,JP3830800003,6132101,5108 JP Equity,JP ,JPY,2.271642,,11/5/2025
20251105,LPD,Etica Dynamic Allocation,2955,VOESTALPINE AG,0.002933948794109,0.0,AZ ,Materials,AT0000937503,4943402,VOE AV Equity,AT ,EUR,2.271642,,11/5/2025
20251105,LPD,Etica Dynamic Allocation,1526,TOKYO ELECTRON LTD,0.002838274291151,0.0,AZ ,Information Technology,JP3571400005,6895675,8035 JP Equity,JP ,JPY,2.271642,,11/5/2025
20251105,LPD,Etica Dynamic Allocation,3014,ANHEUSER-BUSCH INBEV SA/NV,0.002790424988089,0.0,AZ ,Consumer Staples,BE0974293251,BYYHL23,ABI BB Equity,BE ,EUR,2.271642,,11/5/2025
20251105,LPD,Etica Dynamic Allocation,1545,TOTO LTD,0.00276317108681,0.0,AZ ,Industrials,JP3596200000,6897466,5332 JP Equity,JP ,JPY,2.271642,,11/5/2025
20251105,LPD,Etica Dynamic Allocation,392,NOVO NORDISK A/S-B,0.002709628540711,0.0,AZ ,Health Care,DK0062498333,BP6KMJ1,NOVOB DC Equity,DK ,DKK,2.271642,,11/5/2025
20251105,LPD,Etica Dynamic Allocation,1285,KUBOTA CORP,0.002705419148805,0.0,AZ ,Industrials,JP3266400005,6497509,6326 JT Equity,JP ,JPY,2.271642,,11/5/2025
20251105,LPD,Etica Dynamic Allocation,23406,IBIDEN CO LTD,0.002701230093946,0.0,AZ ,Information Technology,JP3148800000,6456102,4062 JP Equity,JP ,JPY,2.271642,,11/5/2025
20251105,LPD,Etica Dynamic Allocation,166783,XYLEM INC,0.002694276707282,0.0,AZ ,Industrials,US98419M1009,B3P2CN8,XYL US Equity,US ,USD,2.271642,,11/5/2025
20251105,LPD,Etica Dynamic Allocation,232,ECOLAB INC,0.00268447575757,0.0,AZ ,Materials,US2788651006,2304227,ECL US Equity,US ,USD,2.271642,,11/5/2025
20251105,LPD,Etica Dynamic Allocation,1609,ESSILORLUXOTTICA,0.002680253184246,0.0,AZ ,Health Care,FR0000121667,7212477,EL FP Equity,FR ,EUR,2.271642,,11/5/2025
20251105,LPD,Etica Dynamic Allocation,164726,SEK,0.002656687067304,0.0,LQ ,CASH,,,SEK,SE ,SEK,2.271642,,11/5/2025
20251105,LPD,Etica Dynamic Allocation,1288,KURITA WATER INDUSTRIES LTD,0.002622958453164,0.0,AZ ,Industrials,JP3270000007,6497963,6370 JP Equity,JP ,JPY,2.271642,,11/5/2025
20251105,LPD,Etica Dynamic Allocation,3013,NOVARTIS AG,0.002620982746809,0.0,AZ ,Health Care,CH0012005267,7103065,NOVN SW Equity,CH ,CHF,2.271642,,11/5/2025
20251105,LPD,Etica Dynamic Allocation,471,TDK CORP,0.002591626597555,0.0,AZ ,Information Technology,JP3538800008,6869302,6762 JP Equity,JP ,JPY,2.271642,,11/5/2025
20251105,LPD,Etica Dynamic Allocation,236299,VONOVIA SE,0.002581075436813,0.0,AZ ,Real Estate,DE000A1ML7J1,BBJPFY1,VNA GR Equity,DE ,EUR,2.271642,,11/5/2025
20251105,LPD,Etica Dynamic Allocation,1733,ROCHE HOLDING AG-GENUSSCHEIN,0.002530212484827,0.0,AZ ,Health Care,CH0012032048,7110388,ROG SW Equity,CH ,CHF,2.271642,,11/5/2025
20251105,LPD,Etica Dynamic Allocation,1790,CHINA OVERSEAS LAND & INVEST,0.00250393589159,0.0,AZ ,Real Estate,HK0688002218,6192150,688 HK Equity,CN ,CNY,2.271642,,11/5/2025
20251105,LPD,Etica Dynamic Allocation,3119,INTERPUMP GROUP SPA,0.002487619931538,0.0,AZ ,Industrials,IT0001078911,5161407,IP IM Equity,IT ,EUR,2.271642,,11/5/2025
20251105,LPD,Etica Dynamic Allocation,405936,CARRIER GLOBAL CORP,0.002475092687829,0.0,AZ ,Industrials,US14448C1045,BK4N0D7,CARR US Equity,US ,USD,2.271642,,11/5/2025
20251105,LPD,Etica Dynamic Allocation,57392,EQUINIX INC,0.002427547687233,0.0,AZ ,Real Estate,US29444U7000,BVLZX12,EQIX US Equity,US ,USD,2.271642,,11/5/2025
20251105,LPD,Etica Dynamic Allocation,3371,ERG SPA,0.002370928974624,0.0,AZ ,Utilities,IT0001157020,5337093,ERG IM Equity,IT ,EUR,2.271642,,11/5/2025
20251105,LPD,Etica Dynamic Allocation,3011,DEUTSCHE TELEKOM AG,0.002363103731267,0.0,AZ ,Communication Services,DE0005557508,5842359,DTE GR Equity,DE ,EUR,2.271642,,11/5/2025
20251105,LPD,Etica Dynamic Allocation,17897,SK HYNIX INC,0.002359460763753,0.0,AZ ,Information Technology,KR7000660001,6450267,000660 KS Equity,KR ,KRW,2.271642,,11/5/2025
20251105,LPD,Etica Dynamic Allocation,1337,MURATA MANUFACTURING CO LTD,0.002341576591489,0.0,AZ ,Information Technology,JP3914400001,6610403,6981 JP Equity,JP ,JPY,2.271642,,11/5/2025
20251105,LPD,Etica Dynamic Allocation,49977,TE CONNECTIVITY PLC,0.002320105566894,0.0,AZ ,Information Technology,IE000IVNQZ81,BRC3N84,TEL US Equity,US ,USD,2.271642,,11/5/2025
20251105,LPD,Etica Dynamic Allocation,2867,DARDEN RESTAURANTS INC,0.002221731886001,0.0,AZ ,Consumer Discretionary,US2371941053,2289874,DRI UN Equity,US ,USD,2.271642,,11/5/2025
20251105,LPD,Etica Dynamic Allocation,164960,NOK,0.002197290899469,0.0,LQ ,CASH,,,NOK,NO ,NOK,2.271642,,11/5/2025
20251105,LPD,Etica Dynamic Allocation,23355,RALPH LAUREN CORP,0.002193788408218,0.0,AZ ,Consumer Discretionary,US7512121010,B4V9661,RL US Equity,US ,USD,2.271642,,11/5/2025
20251105,LPD,Etica Dynamic Allocation,276440,DELL TECHNOLOGIES -C,0.002165167028902,0.0,AZ ,Information Technology,US24703L2025,BHKD3S6,DELL US Equity,US ,USD,2.271642,,11/5/2025
20251105,LPD,Etica Dynamic Allocation,1340,NEC CORP,0.002161367014201,0.0,AZ ,Information Technology,JP3733000008,6640400,6701 JP Equity,JP ,JPY,2.271642,,11/5/2025
20251105,LPD,Etica Dynamic Allocation,2831,BREMBO N.V.,0.002124227802129,0.0,AZ ,Consumer Discretionary,NL0015001KT6,BSMM753,BRE IM Equity,IT ,EUR,2.271642,,11/5/2025
20251105,LPD,Etica Dynamic Allocation,188,THE CIGNA GROUP,0.002103576285164,0.0,AZ ,Health Care,US1255231003,BHJ0775,CI US Equity,US ,USD,2.271642,,11/5/2025
20251105,LPD,Etica Dynamic Allocation,3065,ELEVANCE HEALTH INC,0.002097599076707,0.0,AZ ,Health Care,US0367521038,BSPHGL4,ELV US Equity,US ,USD,2.271642,,11/5/2025
20251105,LPD,Etica Dynamic Allocation,4223,COLGATE-PALMOLIVE CO,0.002081741453413,0.0,AZ ,Consumer Staples,US1941621039,2209106,CL US Equity,US ,USD,2.271642,,11/5/2025
20251105,LPD,Etica Dynamic Allocation,1575,ASTELLAS PHARMA INC,0.002057419476262,0.0,AZ ,Health Care,JP3942400007,6985383,4503 JP Equity,JP ,JPY,2.271642,,11/5/2025
20251105,LPD,Etica Dynamic Allocation,184644,ZOETIS INC,0.002047721341615,0.0,AZ ,Health Care,US98978V1035,B95WG16,ZTS US Equity,US ,USD,2.271642,,11/5/2025
20251105,LPD,Etica Dynamic Allocation,651,EXPEDITORS INTL WASH INC,0.00200004415022,0.0,AZ ,Industrials,US3021301094,2325507,EXPD US Equity,US ,USD,2.271642,,11/5/2025
20251105,LPD,Etica Dynamic Allocation,100272,AMERICAN WATER WORKS CO INC,0.001912149697184,0.0,AZ ,Utilities,US0304201033,B2R3PV1,AWK US Equity,US ,USD,2.271642,,11/5/2025
20251105,LPD,Etica Dynamic Allocation,535701,BUNDESOBLIGATION OBL 2.1 04/12/29,0.001904921383788,0.0,OB ,SOVEREIGN,DE000BU35025,,ZB6879496 Govt,DE ,EUR,2.271642,A,11/5/2025
20251105,LPD,Etica Dynamic Allocation,2658,ASSA ABLOY AB-B,0.001825012987416,0.0,AZ ,Industrials,SE0007100581,BYPC1T4,ASSAB SS Equity,SE ,SEK,2.271642,,11/5/2025
20251105,LPD,Etica Dynamic Allocation,349,MASCO CORP,0.001818273516347,0.0,AZ ,Industrials,US5745991068,2570200,MAS US Equity,US ,USD,2.271642,,11/5/2025
20251105,LPD,Etica Dynamic Allocation,366,MICRON TECHNOLOGY INC,0.001815555884426,0.0,AZ ,Information Technology,US5951121038,2588184,MU US Equity,US ,USD,2.271642,,11/5/2025
20251105,LPD,Etica Dynamic Allocation,1457,SHIMIZU CORP,0.001813227292661,0.0,AZ ,Industrials,JP3358800005,6804400,1803 JP Equity,JP ,JPY,2.271642,,11/5/2025
20251105,LPD,Etica Dynamic Allocation,19461,DICK'S SPORTING GOODS INC,0.001774563178753,0.0,AZ ,Consumer Discretionary,US2533931026,2969637,DKS US Equity,US ,USD,2.271642,,11/5/2025
20251105,LPD,Etica Dynamic Allocation,1001,PERSIMMON PLC,0.001741045467313,0.0,AZ ,Consumer Discretionary,GB0006825383,682538,PSN LN Equity,GB ,GBP,2.271642,,11/5/2025
20251105,LPD,Etica Dynamic Allocation,4275,HASBRO INC,0.001735143581249,0.0,AZ ,Consumer Discretionary,US4180561072,2414580,HAS US Equity,US ,USD,2.271642,,11/5/2025
20251105,LPD,Etica Dynamic Allocation,88166,REXEL SA,0.001729835235637,0.0,AZ ,Industrials,FR0010451203,B1VP0K0,RXL FP Equity,FR ,EUR,2.271642,,11/5/2025
20251105,LPD,Etica Dynamic Allocation,18074,ESTEE LAUDER COMPANIES-CL A,0.001703474281321,0.0,AZ ,Consumer Staples,US5184391044,2320524,EL US Equity,US ,USD,2.271642,,11/5/2025
20251105,LPD,Etica Dynamic Allocation,148,BECTON DICKINSON AND CO,0.001701419109841,0.0,AZ ,Health Care,US0758871091,2087807,BDX US Equity,US ,USD,2.271642,,11/5/2025
20251105,LPD,Etica Dynamic Allocation,469,SYSCO CORP,0.001680662518139,0.0,AZ ,Consumer Staples,US8718291078,2868165,SYY US Equity,US ,USD,2.271642,,11/5/2025
20251105,LPD,Etica Dynamic Allocation,1088,ORICA LTD,0.001669151750117,0.0,AZ ,Materials,AU000000ORI1,6458001,ORI AU Equity,AU ,AUD,2.271642,,11/5/2025
20251105,LPD,Etica Dynamic Allocation,318,INTL FLAVORS & FRAGRANCES,0.001665111080371,0.0,AZ ,Materials,US4595061015,2464165,IFF US Equity,US ,USD,2.271642,,11/5/2025
20251105,LPD,Etica Dynamic Allocation,239132,REPUBLIKA SLOVENIJA SLOREP 0 1/8 07/01/31,0.001652281417256,0.0,OB ,SOVEREIGN,SI0002104196,,BQ1964585 Govt,SI ,EUR,2.271642,A,11/5/2025
20251105,LPD,Etica Dynamic Allocation,152,BEST BUY CO INC,0.001610719274296,0.0,AZ ,Consumer Discretionary,US0865161014,2094670,BBY US Equity,US ,USD,2.271642,,11/5/2025
20251105,LPD,Etica Dynamic Allocation,2298,TRACTOR SUPPLY COMPANY,0.001569146586202,0.0,AZ ,Consumer Discretionary,US8923561067,2900335,TSCO US Equity,US ,USD,2.271642,,11/5/2025
20251105,LPD,Etica Dynamic Allocation,242496,PAYPAL HOLDINGS INC,0.001565308910304,0.0,AZ ,Financials,US70450Y1038,BYW36M8,PYPL US Equity,US ,USD,2.271642,,11/5/2025
20251105,LPD,Etica Dynamic Allocation,1734,NOKIA OYJ,0.001532119981107,0.0,AZ ,Information Technology,FI0009000681,5902941,NOKIA FH Equity,FI ,EUR,2.271642,,11/5/2025
20251105,LPD,Etica Dynamic Allocation,4266,MCCORMICK & CO-NON VTG SHRS,0.001495402951045,0.0,AZ ,Consumer Staples,US5797802064,2550161,MKC UN Equity,US ,USD,2.271642,,11/5/2025
20251105,LPD,Etica Dynamic Allocation,31928,DIGITAL REALTY TRUST INC,0.001486022300283,0.0,AZ ,Real Estate,US2538681030,B03GQS4,DLR US Equity,US ,USD,2.271642,,11/5/2025
20251105,LPD,Etica Dynamic Allocation,2985,CANADIAN NATL RAILWAY CO,0.00144456899818,0.0,AZ ,Industrials,CA1363751027,2180632,CNR CN Equity,CA ,CAD,2.271642,,11/5/2025
20251105,LPD,Etica Dynamic Allocation,34107,DAIICHI SANKYO CO LTD,0.001432746018841,0.0,AZ ,Health Care,JP3475350009,B0J7D91,4568 JP Equity,JP ,JPY,2.271642,,11/5/2025
20251105,LPD,Etica Dynamic Allocation,1138,ASICS CORP,0.00137327145772,0.0,AZ ,Consumer Discretionary,JP3118000003,6057378,7936 JP Equity,JP ,JPY,2.271642,,11/5/2025
20251105,LPD,Etica Dynamic Allocation,23481,CBRE GROUP INC,0.001363840717567,0.0,AZ ,Real Estate,US12504L1098,B6WVMH3,CBRE US Equity,US ,USD,2.271642,,11/5/2025
20251105,LPD,Etica Dynamic Allocation,3245,EDP SA,0.00134781550195,0.0,AZ ,Utilities,PTEDP0AM0009,4103596,EDP PL Equity,PT ,EUR,2.271642,,11/5/2025
20251105,LPD,Etica Dynamic Allocation,253654,FERRARI NV,0.001307550033977,0.0,AZ ,Consumer Discretionary,NL0011585146,BZ1GMK5,RACE US Equity,IT ,EUR,2.271642,,11/5/2025
20251105,LPD,Etica Dynamic Allocation,164722,DKK,0.001278380307644,0.0,LQ ,CASH,,,DKK,DK ,DKK,2.271642,,11/5/2025
20251105,LPD,Etica Dynamic Allocation,336777,ULTA BEAUTY INC,0.001249780018599,0.0,AZ ,Consumer Discretionary,US90384S3031,B28TS42,ULTA UW Equity,US ,USD,2.271642,,11/5/2025
20251105,LPD,Etica Dynamic Allocation,211955,TECHNOGYM SPA,0.001247616759486,0.0,AZ ,Consumer Discretionary,IT0005162406,BD9Y5C0,TGYM IM Equity,IT ,EUR,2.271642,,11/5/2025
20251105,LPD,Etica Dynamic Allocation,3385,YUM! BRANDS INC,0.001225325850649,0.0,AZ ,Consumer Discretionary,US9884981013,2098876,YUM UN Equity,US ,USD,2.271642,,11/5/2025
20251105,LPD,Etica Dynamic Allocation,50381,LULULEMON ATHLETICA INC,0.001215151678481,0.0,AZ ,Consumer Discretionary,US5500211090,B23FN39,LULU US Equity,US ,USD,2.271642,,11/5/2025
20251105,LPD,Etica Dynamic Allocation,3837,AGILENT TECHNOLOGIES INC,0.001203835995455,0.0,AZ ,Health Care,US00846U1016,2520153,A US Equity,US ,USD,2.271642,,11/5/2025
20251105,LPD,Etica Dynamic Allocation,335212,LEVI STRAUSS & CO- CLASS A,0.001191887604333,0.0,AZ ,Consumer Discretionary,US52736R1023,BHRWS81,LEVI US Equity,US ,USD,2.271642,,11/5/2025
20251105,LPD,Etica Dynamic Allocation,57810,VENTAS INC,0.001178340872041,0.0,AZ ,Real Estate,US92276F1003,2927925,VTR US Equity,US ,USD,2.271642,,11/5/2025
20251105,LPD,Etica Dynamic Allocation,1,LG ELECTRONICS INC,0.001163407454503,0.0,AZ ,Consumer Discretionary,KR7066570003,6520739,066570 KS Equity,KR ,KRW,2.271642,,11/5/2025
20251105,LPD,Etica Dynamic Allocation,343334,GODADDY INC - CLASS A,0.001152848008298,0.0,AZ ,Information Technology,US3802371076,BWFRFC6,GDDY US Equity,US ,USD,2.271642,,11/5/2025
20251105,LPD,Etica Dynamic Allocation,387,NORSK HYDRO ASA,0.00113202889901,0.0,AZ ,Materials,NO0005052605,B11HK39,NHY NO Equity,NO ,NOK,2.271642,,11/5/2025
20251105,LPD,Etica Dynamic Allocation,173,CADENCE DESIGN SYS INC,0.001107161587737,0.0,AZ ,Information Technology,US1273871087,2302232,CDNS US Equity,US ,USD,2.271642,,11/5/2025
20251105,LPD,Etica Dynamic Allocation,164955,CHF,0.0011045599523,0.0,LQ ,CASH,,,CHF,CH ,CHF,2.271642,,11/5/2025
20251105,LPD,Etica Dynamic Allocation,1755,SWIRE PACIFIC LTD - CL A,0.00110445638401,0.0,AZ ,Industrials,HK0019000162,6867748,19 HK Equity,HK ,HKD,2.271642,,11/5/2025
20251105,LPD,Etica Dynamic Allocation,335227,NEXI SPA,0.0010416638715,0.0,AZ ,Financials,IT0005366767,BJ1F880,NEXI IM Equity,IT ,EUR,2.271642,,11/5/2025
20251105,LPD,Etica Dynamic Allocation,58909,EDWARDS LIFESCIENCES CORP,0.001032793906559,0.0,AZ ,Health Care,US28176E1082,2567116,EW US Equity,US ,USD,2.271642,,11/5/2025
20251105,LPD,Etica Dynamic Allocation,1010,RELX PLC,0.001007353391879,0.0,AZ ,Industrials,GB00B2B0DG97,B2B0DG9,REL LN Equity,GB ,GBP,2.271642,,11/5/2025
20251105,LPD,Etica Dynamic Allocation,235482,MERLIN PROPERTIES SOCIMI SA,0.00096403548395,0.0,AZ ,Real Estate,ES0105025003,BNGNB77,MRL SM Equity,ES ,EUR,2.271642,,11/5/2025
20251105,LPD,Etica Dynamic Allocation,1122,AJINOMOTO CO INC,0.000942405905718,0.0,AZ ,Consumer Staples,JP3119600009,6010906,2802 JP Equity,JP ,JPY,2.271642,,11/5/2025
20251105,LPD,Etica Dynamic Allocation,24041,TERNA-RETE ELETTRICA NAZIONA,0.000938162995349,0.0,AZ ,Utilities,IT0003242622,B01BN57,TRN IM Equity,IT ,EUR,2.271642,,11/5/2025
20251105,LPD,Etica Dynamic Allocation,3466,COGNIZANT TECH SOLUTIONS-A,0.000916114248003,0.0,AZ ,Information Technology,US1924461023,2257019,CTSH US Equity,US ,USD,2.271642,,11/5/2025
20251105,LPD,Etica Dynamic Allocation,67156,KEURIG DR PEPPER INC,0.000902950153465,0.0,AZ ,Consumer Staples,US49271V1008,BD3W133,KDP US Equity,US ,USD,2.271642,,11/5/2025
20251105,LPD,Etica Dynamic Allocation,312,INGERSOLL-RAND INC,0.000902845078728,0.0,AZ ,Industrials,US45687V1061,BL5GZ82,IR UN Equity,US ,USD,2.271642,,11/5/2025
20251105,LPD,Etica Dynamic Allocation,58318,AZBIL CORP,0.00088801334642,0.0,AZ ,Information Technology,JP3937200008,6985543,6845 JP Equity,JP ,JPY,2.271642,,11/5/2025
20251105,LPD,Etica Dynamic Allocation,17956,RENESAS ELECTRONICS CORP,0.000865899068593,0.0,AZ ,Information Technology,JP3164720009,6635677,6723 JP Equity,JP ,JPY,2.271642,,11/5/2025
20251105,LPD,Etica Dynamic Allocation,50261,DIASORIN SPA,0.000861389893566,0.0,AZ ,Health Care,IT0003492391,B234WN9,DIA IM Equity,IT ,EUR,2.271642,,11/5/2025
20251105,LPD,Etica Dynamic Allocation,222506,ORORA LTD,0.000837267897366,0.0,AZ ,Materials,AU000000ORA8,BH4TCW7,ORA AU Equity,AU ,AUD,2.271642,,11/5/2025
20251105,LPD,Etica Dynamic Allocation,2297,AVALONBAY COMMUNITIES INC,0.000816400581747,0.0,AZ ,Real Estate,US0534841012,2131179,AVB US Equity,US ,USD,2.271642,,11/5/2025
20251105,LPD,Etica Dynamic Allocation,31968,PENTAIR PLC,0.000761467207671,0.0,AZ ,Industrials,IE00BLS09M33,BLS09M3,PNR UN Equity,US ,USD,2.271642,,11/5/2025
20251105,LPD,Etica Dynamic Allocation,235835,RAI WAY SPA,0.00074925820107,0.0,AZ ,Communication Services,IT0005054967,BSM8WL2,RWAY IM Equity,IT ,EUR,2.271642,,11/5/2025
20251105,LPD,Etica Dynamic Allocation,58590,SYSMEX CORP,0.000689644670135,0.0,AZ ,Health Care,JP3351100007,6883807,6869 JP Equity,JP ,JPY,2.271642,,11/5/2025
20251105,LPD,Etica Dynamic Allocation,4106,ZIMMER BIOMET HOLDINGS INC,0.000686505609427,0.0,AZ ,Health Care,US98956P1021,2783815,ZBH US Equity,US ,USD,2.271642,,11/5/2025
20251105,LPD,Etica Dynamic Allocation,3478,SOL SPA,0.000683550711969,0.0,AZ ,Materials,IT0001206769,5490684,SOL IM Equity,IT ,EUR,2.271642,,11/5/2025
20251105,LPD,Etica Dynamic Allocation,1040,TATE & LYLE PLC,0.000657784427942,0.0,AZ ,Consumer Staples,GB00BP92CJ43,BP92CJ4,TATE LN Equity,GB ,GBP,2.271642,,11/5/2025
20251105,LPD,Etica Dynamic Allocation,1093,LENDLEASE GROUP,0.000568487471957,0.0,AZ ,Real Estate,AU000000LLC3,6512004,LLC AU Equity,AU ,AUD,2.271642,,11/5/2025
20251105,LPD,Etica Dynamic Allocation,1024,SSE PLC,0.000531270301209,0.0,AZ ,Utilities,GB0007908733,790873,SSE LN Equity,GB ,GBP,2.271642,,11/5/2025
20251105,LPD,Etica Dynamic Allocation,433692,REPUBLIC OF AUSTRIA RAGB 0.85 06/30/2120,0.000480166317567,0.0,OB ,SOVEREIGN,AT0000A2HLC4,,BK2273211 Govt,AT ,EUR,2.271642,A,11/5/2025
20251105,LPD,Etica Dynamic Allocation,164725,HKD,0.000475197299334,0.0,LQ ,CASH,,,HKD,HK ,HKD,2.271642,,11/5/2025
20251105,LPD,Etica Dynamic Allocation,23349,CORBION NV,0.000444033036047,0.0,AZ ,Materials,NL0010583399,BFRSRR7,CRBN NA Equity,NL ,EUR,2.271642,,11/5/2025
20251105,LPD,Etica Dynamic Allocation,677,BIOGEN INC,0.000412775749606,0.0,AZ ,Health Care,US09062X1037,2455965,BIIB US Equity,US ,USD,2.271642,,11/5/2025
20251105,LPD,Etica Dynamic Allocation,3672,AMPLIFON SPA,0.000400287296929,0.0,AZ ,Health Care,IT0004056880,B14NJ71,AMP IM Equity,IT ,EUR,2.271642,,11/5/2025
20251105,LPD,Etica Dynamic Allocation,247914,INFRASTRUTTURE WIRELESS ITAL,0.000388677856573,0.0,AZ ,Communication Services,IT0005090300,BZ0P4R4,INW IM Equity,IT ,EUR,2.271642,,11/5/2025
20251105,LPD,Etica Dynamic Allocation,58681,JONES LANG LASALLE INC,0.000386894975542,0.0,AZ ,Real Estate,US48020Q1076,2040640,JLL US Equity,US ,USD,2.271642,,11/5/2025
20251105,LPD,Etica Dynamic Allocation,448147,EUROPEAN UNION EU 0.3 11/04/50,0.000339702483743,0.0,OB ,Quasi & Foreign Government,EU000A284469,,BM3710233 Govt,SNA,EUR,2.271642,A,11/5/2025
20251105,LPD,Etica Dynamic Allocation,48675,PRYSMIAN SPA,0.000313130250116,0.0,AZ ,Industrials,IT0004176001,B1W4V69,PRY IM Equity,IT ,EUR,2.271642,,11/5/2025
20251105,LPD,Etica Dynamic Allocation,63,HERA SPA,0.000297077165213,0.0,AZ ,Utilities,IT0001250932,7598003,HER IM Equity,IT ,EUR,2.271642,,11/5/2025
20251105,LPD,Etica Dynamic Allocation,3321,BXP INC,0.000284493053098,0.0,AZ ,Real Estate,US1011211018,2019479,BXP US Equity,US ,USD,2.271642,,11/5/2025
20251105,LPD,Etica Dynamic Allocation,3476,A2A SPA,0.000221392472002,0.0,AZ ,Utilities,IT0001233417,5499131,A2A IM Equity,IT ,EUR,2.271642,,11/5/2025
20251105,LPD,Etica Dynamic Allocation,1464,SHISEIDO CO LTD,0.000215741032892,0.0,AZ ,Consumer Staples,JP3351600006,6805265,4911 JP Equity,JP ,JPY,2.271642,,11/5/2025
20251105,LPD,Etica Dynamic Allocation,314765,PIRELLI & C SPA,0.000091767907071,0.0,AZ ,Consumer Discretionary,IT0005278236,BZ5ZHK3,PIRC IM Equity,IT ,EUR,2.271642,,11/5/2025
20251105,LPD,Etica Dynamic Allocation,165991,KRW,0.000000000376612,0.0,LQ ,CASH,,,KRW,KR ,KRW,2.271642,,11/5/2025
20251105,LPD,Etica Dynamic Allocation,184686,TESLA INC,0.0,0.009859164,AZ ,Consumer Discretionary,US88160R1014,B616C79,TSLA US Equity,US ,USD,2.271642,,11/5/2025
20251105,LPD,Etica Dynamic Allocation,227088,ALPHABET INC-CL A,0.0,0.012179244,AZ ,Communication Services,US02079K3059,BYVY8G0,GOOGL US Equity,US ,USD,2.271642,,11/5/2025
20251105,LPD,Etica Dynamic Allocation,28663,ALPHABET INC-CL C,0.0,0.010297326,AZ ,Communication Services,US02079K1079,BYY88Y7,GOOG US Equity,US ,USD,2.271642,,11/5/2025
20251105,LPD,Etica Dynamic Allocation,50594,BROADCOM INC,0.0,0.011806392,AZ ,Information Technology,US11135F1012,BDZ78H9,AVGO US Equity,US ,USD,2.271642,,11/5/2025
20251105,LPD,Etica Dynamic Allocation,184,JPMORGAN CHASE & CO,0.0,0.006375546,AZ ,Financials,US46625H1005,2190385,JPM US Equity,US ,USD,2.271642,,11/5/2025
20251105,LPD,Etica Dynamic Allocation,188839,META PLATFORMS INC-CLASS A,0.0,0.010162896,AZ ,Communication Services,US30303M1027,B7TL820,META US Equity,US ,USD,2.271642,,11/5/2025
20251105,LPD,Etica Dynamic Allocation,3255,AMAZON.COM INC,0.0,0.017595858,AZ ,Consumer Discretionary,US0231351067,2000019,AMZN US Equity,US ,USD,2.271642,,11/5/2025
20251105,LPD,Etica Dynamic Allocation,553,MICROSOFT CORP,0.0,0.02635794,AZ ,Information Technology,US5949181045,2588173,MSFT US Equity,US ,USD,2.271642,,11/5/2025
20251105,LPD,Etica Dynamic Allocation,534,APPLE INC,0.0,0.029697744,AZ ,Information Technology,US0378331005,2046251,AAPL US Equity,US ,USD,2.271642,,11/5/2025
20251105,LPD,Etica Dynamic Allocation,164733,DEBITI COMMISSIONE GESTIONE,-0.000280372541616,0.0,CD ,CASH,,,DEBITI COMMISSIONE GESTIONE,5A ,EUR,2.271642,,11/5/2025
20251105,LPD,Etica Dynamic Allocation,247714,DEBITI CONTRIBUTI VIGILANZA,-0.004051444237486,0.0,CD ,CASH,,,DEBITI CONTRIBUTI VIGILANZA,5A ,EUR,2.271642,,11/5/2025
20251105,LPG,Etica Global Equity,3458,NVIDIA CORP,0.090823802108244,0.052588224,AZ ,Information Technology,US67066G1040,2379504,NVDA US Equity,US ,USD,3.55589,,11/5/2025
20251105,LPG,Etica Global Equity,65876,VISA INC-CLASS A SHARES,0.028062214415312,0.0,AZ ,Financials,US92826C8394,B2PZN04,V US Equity,US ,USD,3.55589,,11/5/2025
20251105,LPG,Etica Global Equity,45465,MASTERCARD INC - A,0.027412668279792,0.0,AZ ,Financials,US57636Q1040,B121557,MA US Equity,US ,USD,3.55589,,11/5/2025
20251105,LPG,Etica Global Equity,164727,USD,0.026366245282876,0.0,LQ ,CASH,,,USD,US ,USD,3.55589,,11/5/2025
20251105,LPG,Etica Global Equity,554,ORACLE CORP,0.024651762348723,0.0,AZ ,Information Technology,US68389X1054,2661568,ORCL US Equity,US ,USD,3.55589,,11/5/2025
20251105,LPG,Etica Global Equity,164724,GBP,0.017913545312686,0.0,LQ ,CASH,,,GBP,GB ,GBP,3.55589,,11/5/2025
20251105,LPG,Etica Global Equity,221482,SERVICENOW INC,0.014157948126821,0.0,AZ ,Information Technology,US81762P1021,B80NXX8,NOW US Equity,US ,USD,3.55589,,11/5/2025
20251105,LPG,Etica Global Equity,577,APPLIED MATERIALS INC,0.013718337166322,0.0,AZ ,Information Technology,US0382221051,2046552,AMAT US Equity,US ,USD,3.55589,,11/5/2025
20251105,LPG,Etica Global Equity,201018,ABBVIE INC,0.013624231117895,0.0,AZ ,Health Care,US00287Y1091,B92SR70,ABBV US Equity,US ,USD,3.55589,,11/5/2025
20251105,LPG,Etica Global Equity,300,HOME DEPOT INC,0.013586963234355,0.0,AZ ,Consumer Discretionary,US4370761029,2434209,HD US Equity,US ,USD,3.55589,,11/5/2025
20251105,LPG,Etica Global Equity,480,TEXAS INSTRUMENTS INC,0.011424823406662,0.0,AZ ,Information Technology,US8825081040,2885409,TXN US Equity,US ,USD,3.55589,,11/5/2025
20251105,LPG,Etica Global Equity,427,PROCTER & GAMBLE CO/THE,0.011370163133124,0.0,AZ ,Consumer Staples,US7427181091,2704407,PG US Equity,US ,USD,3.55589,,11/5/2025
20251105,LPG,Etica Global Equity,756,QUALCOMM INC,0.01100584140291,0.0,AZ ,Information Technology,US7475251036,2714923,QCOM US Equity,US ,USD,3.55589,,11/5/2025
20251105,LPG,Etica Global Equity,2839,ASML HOLDING NV,0.011005650684497,0.0,AZ ,Information Technology,NL0010273215,B929F46,ASML NA Equity,NL ,EUR,3.55589,,11/5/2025
20251105,LPG,Etica Global Equity,23568,SALESFORCE INC,0.010806130365961,0.0,AZ ,Information Technology,US79466L3024,2310525,CRM US Equity,US ,USD,3.55589,,11/5/2025
20251105,LPG,Etica Global Equity,164953,AUD,0.010347650516174,0.0,LQ ,CASH,,,AUD,AU ,AUD,3.55589,,11/5/2025
20251105,LPG,Etica Global Equity,222389,MONCLER SPA,0.010089825257589,0.0,AZ ,Consumer Discretionary,IT0004965148,BGLP232,MONC IM Equity,IT ,EUR,3.55589,,11/5/2025
20251105,LPG,Etica Global Equity,214,DANAHER CORP,0.009811856621374,0.0,AZ ,Health Care,US2358511028,2250870,DHR US Equity,US ,USD,3.55589,,11/5/2025
20251105,LPG,Etica Global Equity,542,CISCO SYSTEMS INC,0.009762564381059,0.0,AZ ,Information Technology,US17275R1023,2198163,CSCO US Equity,US ,USD,3.55589,,11/5/2025
20251105,LPG,Etica Global Equity,705,LAM RESEARCH CORP,0.00976017883249,0.0,AZ ,Information Technology,US5128073062,BSML4N7,LRCX US Equity,US ,USD,3.55589,,11/5/2025
20251105,LPG,Etica Global Equity,423,NEW LINDE PLC,0.00955446675285,0.0,AZ ,Materials,IE000S9YS762,BNZHB81,LIN US Equity,US ,USD,3.55589,,11/5/2025
20251105,LPG,Etica Global Equity,360,MEDTRONIC PLC,0.009495914631701,0.0,AZ ,Health Care,IE00BTN1Y115,BTN1Y11,MDT US Equity,US ,USD,3.55589,,11/5/2025
20251105,LPG,Etica Global Equity,363,MERCK & CO. INC.,0.00949186029702,0.0,AZ ,Health Care,US58933Y1055,2778844,MRK US Equity,US ,USD,3.55589,,11/5/2025
20251105,LPG,Etica Global Equity,164726,SEK,0.009160828653975,0.0,LQ ,CASH,,,SEK,SE ,SEK,3.55589,,11/5/2025
20251105,LPG,Etica Global Equity,216,DEERE & CO,0.009022190169832,0.0,AZ ,Industrials,US2441991054,2261203,DE US Equity,US ,USD,3.55589,,11/5/2025
20251105,LPG,Etica Global Equity,1706,TELECOM ITALIA SPA,0.008798616746203,0.0,AZ ,Communication Services,IT0003497168,7634394,TIT IM Equity,IT ,EUR,3.55589,,11/5/2025
20251105,LPG,Etica Global Equity,2703,LONZA GROUP AG-REG,0.008687019184393,0.0,AZ ,Health Care,CH0013841017,7333378,LONN SW Equity,CH ,CHF,3.55589,,11/5/2025
20251105,LPG,Etica Global Equity,1821,INTUIT INC,0.00836299644302,0.0,AZ ,Information Technology,US4612021034,2459020,INTU US Equity,US ,USD,3.55589,,11/5/2025
20251105,LPG,Etica Global Equity,358,S&P GLOBAL INC,0.008204756309371,0.0,AZ ,Financials,US78409V1044,BYV2325,SPGI US Equity,US ,USD,3.55589,,11/5/2025
20251105,LPG,Etica Global Equity,2706,TRANE TECHNOLOGIES PLC,0.007937889492346,0.0,AZ ,Industrials,IE00BK9ZQ967,BK9ZQ96,TT US Equity,US ,USD,3.55589,,11/5/2025
20251105,LPG,Etica Global Equity,30976,NABTESCO CORP,0.007936588027387,0.0,AZ ,Industrials,JP3651210001,6687571,6268 JP Equity,JP ,JPY,3.55589,,11/5/2025
20251105,LPG,Etica Global Equity,4289,CRH PLC,0.007598032103802,0.0,SE ,Materials,IE0001827041,182704,CRH LN Equity,US ,USD,3.55589,,11/5/2025
20251105,LPG,Etica Global Equity,549,INTEL CORP,0.007531385742644,0.0,AZ ,Information Technology,US4581401001,2463247,INTC US Equity,US ,USD,3.55589,,11/5/2025
20251105,LPG,Etica Global Equity,100,ABBOTT LABORATORIES,0.00738505233517,0.0,AZ ,Health Care,US0028241000,2002305,ABT US Equity,US ,USD,3.55589,,11/5/2025
20251105,LPG,Etica Global Equity,397638,PROSUS NV,0.006940073027768,0.0,AZ ,Consumer Discretionary,NL0013654783,BJDS7L3,PRX NA Equity,NL ,EUR,3.55589,,11/5/2025
20251105,LPG,Etica Global Equity,344,LOWE'S COS INC,0.006916298158254,0.0,AZ ,Consumer Discretionary,US5486611073,2536763,LOW US Equity,US ,USD,3.55589,,11/5/2025
20251105,LPG,Etica Global Equity,533,AMGEN INC,0.00680898517342,0.0,AZ ,Health Care,US0311621009,2023607,AMGN US Equity,US ,USD,3.55589,,11/5/2025
20251105,LPG,Etica Global Equity,164960,NOK,0.006727472813872,0.0,LQ ,CASH,,,NOK,NO ,NOK,3.55589,,11/5/2025
20251105,LPG,Etica Global Equity,53583,LOGITECH INTERNATIONAL,0.006605947543102,0.0,SE ,Information Technology,CH0025751329,B1921K0,LOGI US Equity,CH ,CHF,3.55589,,11/5/2025
20251105,LPG,Etica Global Equity,497,UNION PACIFIC CORP,0.006534272865895,0.0,AZ ,Industrials,US9078181081,2914734,UNP US Equity,US ,USD,3.55589,,11/5/2025
20251105,LPG,Etica Global Equity,191474,PALO ALTO NETWORKS INC,0.006442976777242,0.0,AZ ,Information Technology,US6974351057,B87ZMX0,PANW US Equity,US ,USD,3.55589,,11/5/2025
20251105,LPG,Etica Global Equity,783,SYNOPSYS INC,0.00638353411403,0.0,AZ ,Information Technology,US8716071076,2867719,SNPS US Equity,US ,USD,3.55589,,11/5/2025
20251105,LPG,Etica Global Equity,1619,LOREAL SA,0.006310881691276,0.0,AZ ,Consumer Staples,FR0000120321,4057808,OR FP Equity,FR ,EUR,3.55589,,11/5/2025
20251105,LPG,Etica Global Equity,133,AUTOMATIC DATA PROCESSING,0.006291628855709,0.0,AZ ,Industrials,US0530151036,2065308,ADP US Equity,US ,USD,3.55589,,11/5/2025
20251105,LPG,Etica Global Equity,164722,DKK,0.006278399334226,0.0,LQ ,CASH,,,DKK,DK ,DKK,3.55589,,11/5/2025
20251105,LPG,Etica Global Equity,3092,MTR CORP,0.006221467378541,0.0,AZ ,Industrials,HK0066009694,6290054,66 HK Equity,HK ,HKD,3.55589,,11/5/2025
20251105,LPG,Etica Global Equity,1285,KUBOTA CORP,0.006196724173928,0.0,AZ ,Industrials,JP3266400005,6497509,6326 JT Equity,JP ,JPY,3.55589,,11/5/2025
20251105,LPG,Etica Global Equity,486,TJX COMPANIES INC,0.006153337617097,0.0,AZ ,Consumer Discretionary,US8725401090,2989301,TJX US Equity,US ,USD,3.55589,,11/5/2025
20251105,LPG,Etica Global Equity,149,VERIZON COMMUNICATIONS INC,0.006138786241351,0.0,AZ ,Communication Services,US92343V1044,2090571,VZ US Equity,US ,USD,3.55589,,11/5/2025
20251105,LPG,Etica Global Equity,559,STRYKER CORP,0.006138003605759,0.0,AZ ,Health Care,US8636671013,2853688,SYK UN Equity,US ,USD,3.55589,,11/5/2025
20251105,LPG,Etica Global Equity,1258,KAO CORP,0.006137907305508,0.0,AZ ,Consumer Staples,JP3205800000,6483809,4452 JP Equity,JP ,JPY,3.55589,,11/5/2025
20251105,LPG,Etica Global Equity,236196,IMCD NV,0.0060960700221,0.0,AZ ,Industrials,NL0010801007,BNCBD46,IMCD NA Equity,NL ,EUR,3.55589,,11/5/2025
20251105,LPG,Etica Global Equity,49402,SARTORIUS STEDIM BIOTECH,0.005995587767788,0.0,AZ ,Health Care,FR0013154002,BYZ2QP5,DIM FP Equity,FR ,EUR,3.55589,,11/5/2025
20251105,LPG,Etica Global Equity,125,ANALOG DEVICES INC,0.005946041131695,0.0,AZ ,Information Technology,US0326541051,2032067,ADI US Equity,US ,USD,3.55589,,11/5/2025
20251105,LPG,Etica Global Equity,1658,ATLAS COPCO AB-A SHS,0.005706886201946,0.0,AZ ,Industrials,SE0017486889,BLDBN41,ATCOA SS Equity,SE ,SEK,3.55589,,11/5/2025
20251105,LPG,Etica Global Equity,2088,SAP SE,0.005684545798389,0.0,AZ ,Information Technology,DE0007164600,4846288,SAP GY Equity,DE ,EUR,3.55589,,11/5/2025
20251105,LPG,Etica Global Equity,348394,KNORR-BREMSE AG,0.005679482977364,0.0,AZ ,Industrials,DE000KBX1006,BD2P9X9,KBX GR Equity,DE ,EUR,3.55589,,11/5/2025
20251105,LPG,Etica Global Equity,531,ADOBE INC,0.005638861837519,0.0,AZ ,Information Technology,US00724F1012,2008154,ADBE US Equity,US ,USD,3.55589,,11/5/2025
20251105,LPG,Etica Global Equity,667,GILEAD SCIENCES INC,0.005470043732952,0.0,AZ ,Health Care,US3755581036,2369174,GILD US Equity,US ,USD,3.55589,,11/5/2025
20251105,LPG,Etica Global Equity,1288,KURITA WATER INDUSTRIES LTD,0.005461681608858,0.0,AZ ,Industrials,JP3270000007,6497963,6370 JP Equity,JP ,JPY,3.55589,,11/5/2025
20251105,LPG,Etica Global Equity,159,BOSTON SCIENTIFIC CORP,0.005416004235301,0.0,AZ ,Health Care,US1011371077,2113434,BSX US Equity,US ,USD,3.55589,,11/5/2025
20251105,LPG,Etica Global Equity,520,WESTERN DIGITAL CORP,0.005333103520992,0.0,AZ ,Information Technology,US9581021055,2954699,WDC US Equity,US ,USD,3.55589,,11/5/2025
20251105,LPG,Etica Global Equity,1337,MURATA MANUFACTURING CO LTD,0.005319022667647,0.0,AZ ,Information Technology,JP3914400001,6610403,6981 JP Equity,JP ,JPY,3.55589,,11/5/2025
20251105,LPG,Etica Global Equity,670,WELLTOWER INC,0.00531127379108,0.0,AZ ,Real Estate,US95040Q1040,BYVYHH4,WELL US Equity,US ,USD,3.55589,,11/5/2025
20251105,LPG,Etica Global Equity,1545,TOTO LTD,0.005279811526594,0.0,AZ ,Industrials,JP3596200000,6897466,5332 JP Equity,JP ,JPY,3.55589,,11/5/2025
20251105,LPG,Etica Global Equity,4264,AUTODESK INC,0.005271713522407,0.0,AZ ,Information Technology,US0527691069,2065159,ADSK US Equity,US ,USD,3.55589,,11/5/2025
20251105,LPG,Etica Global Equity,454,SONY GROUP CORP,0.005261463348761,0.0,AZ ,Consumer Discretionary,JP3435000009,6821506,6758 JP Equity,JP ,JPY,3.55589,,11/5/2025
20251105,LPG,Etica Global Equity,2489,LENOVO GROUP LTD,0.005219136094694,0.0,AZ ,Information Technology,HK0992009065,6218089,992 HK Equity,CN ,CNY,3.55589,,11/5/2025
20251105,LPG,Etica Global Equity,1404,OBAYASHI CORP,0.005190018600168,0.0,AZ ,Industrials,JP3190000004,6656407,1802 JP Equity,JP ,JPY,3.55589,,11/5/2025
20251105,LPG,Etica Global Equity,3033,STMICROELECTRONICS NV,0.00516679581027,0.0,SE ,Information Technology,NL0000226223,5962343,STMMI IM Equity,FR ,EUR,3.55589,,11/5/2025
20251105,LPG,Etica Global Equity,18091,PROLOGIS INC,0.005129499381704,0.0,AZ ,Real Estate,US74340W1036,B44WZD7,PLD UN Equity,US ,USD,3.55589,,11/5/2025
20251105,LPG,Etica Global Equity,2170,DSV A/S,0.005102418935489,0.0,AZ ,Industrials,DK0060079531,B1WT5G2,DSV DC Equity,DK ,DKK,3.55589,,11/5/2025
20251105,LPG,Etica Global Equity,424846,OTIS WORLDWIDE CORP,0.005061349230956,0.0,AZ ,Industrials,US68902V1070,BK531S8,OTIS US Equity,US ,USD,3.55589,,11/5/2025
20251105,LPG,Etica Global Equity,3760,ABB LTD,0.005001097269216,0.0,AZ ,Industrials,CH0012221716,7108899,ABBN SW Equity,CH ,CHF,3.55589,,11/5/2025
20251105,LPG,Etica Global Equity,233530,ZALANDO SE,0.004983368612543,0.0,AZ ,Consumer Discretionary,DE000ZAL1111,BQV0SV7,ZAL GR Equity,DE ,EUR,3.55589,,11/5/2025
20251105,LPG,Etica Global Equity,40461,VERTEX PHARMACEUTICALS INC,0.004968296839024,0.0,AZ ,Health Care,US92532F1003,2931034,VRTX US Equity,US ,USD,3.55589,,11/5/2025
20251105,LPG,Etica Global Equity,2566,UNITED PARCEL SERVICE-CL B,0.004826469467734,0.0,AZ ,Industrials,US9113121068,2517382,UPS US Equity,US ,USD,3.55589,,11/5/2025
20251105,LPG,Etica Global Equity,1526,TOKYO ELECTRON LTD,0.004728020183873,0.0,AZ ,Information Technology,JP3571400005,6895675,8035 JP Equity,JP ,JPY,3.55589,,11/5/2025
20251105,LPG,Etica Global Equity,164959,JPY,0.004720119485412,0.0,LQ ,CASH,,,JPY,JP ,JPY,3.55589,,11/5/2025
20251105,LPG,Etica Global Equity,392,NOVO NORDISK A/S-B,0.004560528011429,0.0,AZ ,Health Care,DK0062498333,BP6KMJ1,NOVOB DC Equity,DK ,DKK,3.55589,,11/5/2025
20251105,LPG,Etica Global Equity,1146,BRIDGESTONE CORP,0.004528067612091,0.0,AZ ,Consumer Discretionary,JP3830800003,6132101,5108 JP Equity,JP ,JPY,3.55589,,11/5/2025
20251105,LPG,Etica Global Equity,3014,ANHEUSER-BUSCH INBEV SA/NV,0.00449120531886,0.0,AZ ,Consumer Staples,BE0974293251,BYYHL23,ABI BB Equity,BE ,EUR,3.55589,,11/5/2025
20251105,LPG,Etica Global Equity,2955,VOESTALPINE AG,0.004485508861003,0.0,AZ ,Materials,AT0000937503,4943402,VOE AV Equity,AT ,EUR,3.55589,,11/5/2025
20251105,LPG,Etica Global Equity,166783,XYLEM INC,0.004438736424981,0.0,AZ ,Industrials,US98419M1009,B3P2CN8,XYL US Equity,US ,USD,3.55589,,11/5/2025
20251105,LPG,Etica Global Equity,302,HONDA MOTOR CO LTD,0.004340459352318,0.0,AZ ,Consumer Discretionary,JP3854600008,6435145,7267 JP Equity,JP ,JPY,3.55589,,11/5/2025
20251105,LPG,Etica Global Equity,232,ECOLAB INC,0.004316156556671,0.0,AZ ,Materials,US2788651006,2304227,ECL US Equity,US ,USD,3.55589,,11/5/2025
20251105,LPG,Etica Global Equity,1609,ESSILORLUXOTTICA,0.004306039070343,0.0,AZ ,Health Care,FR0000121667,7212477,EL FP Equity,FR ,EUR,3.55589,,11/5/2025
20251105,LPG,Etica Global Equity,471,TDK CORP,0.004294898668316,0.0,AZ ,Information Technology,JP3538800008,6869302,6762 JP Equity,JP ,JPY,3.55589,,11/5/2025
20251105,LPG,Etica Global Equity,236299,VONOVIA SE,0.004244066878708,0.0,AZ ,Real Estate,DE000A1ML7J1,BBJPFY1,VNA GR Equity,DE ,EUR,3.55589,,11/5/2025
20251105,LPG,Etica Global Equity,3013,NOVARTIS AG,0.004102585184541,0.0,AZ ,Health Care,CH0012005267,7103065,NOVN SW Equity,CH ,CHF,3.55589,,11/5/2025
20251105,LPG,Etica Global Equity,23406,IBIDEN CO LTD,0.004057408446819,0.0,AZ ,Information Technology,JP3148800000,6456102,4062 JP Equity,JP ,JPY,3.55589,,11/5/2025
20251105,LPG,Etica Global Equity,1733,ROCHE HOLDING AG-GENUSSCHEIN,0.004045182706456,0.0,AZ ,Health Care,CH0012032048,7110388,ROG SW Equity,CH ,CHF,3.55589,,11/5/2025
20251105,LPG,Etica Global Equity,405936,CARRIER GLOBAL CORP,0.004043799684282,0.0,AZ ,Industrials,US14448C1045,BK4N0D7,CARR US Equity,US ,USD,3.55589,,11/5/2025
20251105,LPG,Etica Global Equity,1790,CHINA OVERSEAS LAND & INVEST,0.003958396731848,0.0,AZ ,Real Estate,HK0688002218,6192150,688 HK Equity,CN ,CNY,3.55589,,11/5/2025
20251105,LPG,Etica Global Equity,3011,DEUTSCHE TELEKOM AG,0.003918113427087,0.0,AZ ,Communication Services,DE0005557508,5842359,DTE GR Equity,DE ,EUR,3.55589,,11/5/2025
20251105,LPG,Etica Global Equity,57392,EQUINIX INC,0.003909033913173,0.0,AZ ,Real Estate,US29444U7000,BVLZX12,EQIX US Equity,US ,USD,3.55589,,11/5/2025
20251105,LPG,Etica Global Equity,4223,COLGATE-PALMOLIVE CO,0.00390493221257,0.0,AZ ,Consumer Staples,US1941621039,2209106,CL US Equity,US ,USD,3.55589,,11/5/2025
20251105,LPG,Etica Global Equity,3119,INTERPUMP GROUP SPA,0.003840309725096,0.0,AZ ,Industrials,IT0001078911,5161407,IP IM Equity,IT ,EUR,3.55589,,11/5/2025
20251105,LPG,Etica Global Equity,17897,SK HYNIX INC,0.003722970535279,0.0,AZ ,Information Technology,KR7000660001,6450267,000660 KS Equity,KR ,KRW,3.55589,,11/5/2025
20251105,LPG,Etica Global Equity,2867,DARDEN RESTAURANTS INC,0.003646841579352,0.0,AZ ,Consumer Discretionary,US2371941053,2289874,DRI UN Equity,US ,USD,3.55589,,11/5/2025
20251105,LPG,Etica Global Equity,49977,TE CONNECTIVITY PLC,0.003558656271126,0.0,AZ ,Information Technology,IE000IVNQZ81,BRC3N84,TEL US Equity,US ,USD,3.55589,,11/5/2025
20251105,LPG,Etica Global Equity,184644,ZOETIS INC,0.003539520752477,0.0,AZ ,Health Care,US98978V1035,B95WG16,ZTS US Equity,US ,USD,3.55589,,11/5/2025
20251105,LPG,Etica Global Equity,23355,RALPH LAUREN CORP,0.003515873551375,0.0,AZ ,Consumer Discretionary,US7512121010,B4V9661,RL US Equity,US ,USD,3.55589,,11/5/2025
20251105,LPG,Etica Global Equity,2831,BREMBO N.V.,0.003319826315514,0.0,AZ ,Consumer Discretionary,NL0015001KT6,BSMM753,BRE IM Equity,IT ,EUR,3.55589,,11/5/2025
20251105,LPG,Etica Global Equity,276440,DELL TECHNOLOGIES -C,0.003315213627585,0.0,AZ ,Information Technology,US24703L2025,BHKD3S6,DELL US Equity,US ,USD,3.55589,,11/5/2025
20251105,LPG,Etica Global Equity,1575,ASTELLAS PHARMA INC,0.003307010540062,0.0,AZ ,Health Care,JP3942400007,6985383,4503 JP Equity,JP ,JPY,3.55589,,11/5/2025
20251105,LPG,Etica Global Equity,3371,ERG SPA,0.00329482996985,0.0,AZ ,Utilities,IT0001157020,5337093,ERG IM Equity,IT ,EUR,3.55589,,11/5/2025
20251105,LPG,Etica Global Equity,1340,NEC CORP,0.003200375107484,0.0,AZ ,Information Technology,JP3733000008,6640400,6701 JP Equity,JP ,JPY,3.55589,,11/5/2025
20251105,LPG,Etica Global Equity,100272,AMERICAN WATER WORKS CO INC,0.003074326548041,0.0,AZ ,Utilities,US0304201033,B2R3PV1,AWK US Equity,US ,USD,3.55589,,11/5/2025
20251105,LPG,Etica Global Equity,651,EXPEDITORS INTL WASH INC,0.003067867843895,0.0,AZ ,Industrials,US3021301094,2325507,EXPD US Equity,US ,USD,3.55589,,11/5/2025
20251105,LPG,Etica Global Equity,188,THE CIGNA GROUP,0.003057267915266,0.0,AZ ,Health Care,US1255231003,BHJ0775,CI US Equity,US ,USD,3.55589,,11/5/2025
20251105,LPG,Etica Global Equity,3065,ELEVANCE HEALTH INC,0.003050903629282,0.0,AZ ,Health Care,US0367521038,BSPHGL4,ELV US Equity,US ,USD,3.55589,,11/5/2025
20251105,LPG,Etica Global Equity,349,MASCO CORP,0.002968247586621,0.0,AZ ,Industrials,US5745991068,2570200,MAS US Equity,US ,USD,3.55589,,11/5/2025
20251105,LPG,Etica Global Equity,172066,ALLINEAMENTO NAV,0.002905032902168,0.0,OT ,CASH,,,ALLINEAMENTO NAV,5A ,EUR,3.55589,,11/5/2025
20251105,LPG,Etica Global Equity,1457,SHIMIZU CORP,0.002904316139712,0.0,AZ ,Industrials,JP3358800005,6804400,1803 JP Equity,JP ,JPY,3.55589,,11/5/2025
20251105,LPG,Etica Global Equity,19461,DICK'S SPORTING GOODS INC,0.002848370085296,0.0,AZ ,Consumer Discretionary,US2533931026,2969637,DKS US Equity,US ,USD,3.55589,,11/5/2025
20251105,LPG,Etica Global Equity,1001,PERSIMMON PLC,0.002839216228843,0.0,AZ ,Consumer Discretionary,GB0006825383,682538,PSN LN Equity,GB ,GBP,3.55589,,11/5/2025
20251105,LPG,Etica Global Equity,366,MICRON TECHNOLOGY INC,0.002784235059028,0.0,AZ ,Information Technology,US5951121038,2588184,MU US Equity,US ,USD,3.55589,,11/5/2025
20251105,LPG,Etica Global Equity,148,BECTON DICKINSON AND CO,0.002776396155843,0.0,AZ ,Health Care,US0758871091,2087807,BDX US Equity,US ,USD,3.55589,,11/5/2025
20251105,LPG,Etica Global Equity,4275,HASBRO INC,0.002753877267456,0.0,AZ ,Consumer Discretionary,US4180561072,2414580,HAS US Equity,US ,USD,3.55589,,11/5/2025
20251105,LPG,Etica Global Equity,318,INTL FLAVORS & FRAGRANCES,0.002749270853159,0.0,AZ ,Materials,US4595061015,2464165,IFF US Equity,US ,USD,3.55589,,11/5/2025
20251105,LPG,Etica Global Equity,2658,ASSA ABLOY AB-B,0.002736922776973,0.0,AZ ,Industrials,SE0007100581,BYPC1T4,ASSAB SS Equity,SE ,SEK,3.55589,,11/5/2025
20251105,LPG,Etica Global Equity,1088,ORICA LTD,0.002717652688917,0.0,AZ ,Materials,AU000000ORI1,6458001,ORI AU Equity,AU ,AUD,3.55589,,11/5/2025
20251105,LPG,Etica Global Equity,469,SYSCO CORP,0.002701672807165,0.0,AZ ,Consumer Staples,US8718291078,2868165,SYY US Equity,US ,USD,3.55589,,11/5/2025
20251105,LPG,Etica Global Equity,88166,REXEL SA,0.002675217842061,0.0,AZ ,Industrials,FR0010451203,B1VP0K0,RXL FP Equity,FR ,EUR,3.55589,,11/5/2025
20251105,LPG,Etica Global Equity,18074,ESTEE LAUDER COMPANIES-CL A,0.002638527132665,0.0,AZ ,Consumer Staples,US5184391044,2320524,EL US Equity,US ,USD,3.55589,,11/5/2025
20251105,LPG,Etica Global Equity,2298,TRACTOR SUPPLY COMPANY,0.002580007948083,0.0,AZ ,Consumer Discretionary,US8923561067,2900335,TSCO US Equity,US ,USD,3.55589,,11/5/2025
20251105,LPG,Etica Global Equity,152,BEST BUY CO INC,0.002552749017038,0.0,AZ ,Consumer Discretionary,US0865161014,2094670,BBY US Equity,US ,USD,3.55589,,11/5/2025
20251105,LPG,Etica Global Equity,4266,MCCORMICK & CO-NON VTG SHRS,0.002471648207749,0.0,AZ ,Consumer Staples,US5797802064,2550161,MKC UN Equity,US ,USD,3.55589,,11/5/2025
20251105,LPG,Etica Global Equity,1734,NOKIA OYJ,0.002425685697618,0.0,AZ ,Information Technology,FI0009000681,5902941,NOKIA FH Equity,FI ,EUR,3.55589,,11/5/2025
20251105,LPG,Etica Global Equity,242496,PAYPAL HOLDINGS INC,0.002402920882857,0.0,AZ ,Financials,US70450Y1038,BYW36M8,PYPL US Equity,US ,USD,3.55589,,11/5/2025
20251105,LPG,Etica Global Equity,31928,DIGITAL REALTY TRUST INC,0.002388969893694,0.0,AZ ,Real Estate,US2538681030,B03GQS4,DLR US Equity,US ,USD,3.55589,,11/5/2025
20251105,LPG,Etica Global Equity,34107,DAIICHI SANKYO CO LTD,0.002327012758776,0.0,AZ ,Health Care,JP3475350009,B0J7D91,4568 JP Equity,JP ,JPY,3.55589,,11/5/2025
20251105,LPG,Etica Global Equity,2985,CANADIAN NATL RAILWAY CO,0.002233366881256,0.0,AZ ,Industrials,CA1363751027,2180632,CNR CN Equity,CA ,CAD,3.55589,,11/5/2025
20251105,LPG,Etica Global Equity,1138,ASICS CORP,0.002220324000326,0.0,AZ ,Consumer Discretionary,JP3118000003,6057378,7936 JP Equity,JP ,JPY,3.55589,,11/5/2025
20251105,LPG,Etica Global Equity,23481,CBRE GROUP INC,0.002169374580117,0.0,AZ ,Real Estate,US12504L1098,B6WVMH3,CBRE US Equity,US ,USD,3.55589,,11/5/2025
20251105,LPG,Etica Global Equity,253654,FERRARI NV,0.002066998002623,0.0,AZ ,Consumer Discretionary,NL0011585146,BZ1GMK5,RACE US Equity,IT ,EUR,3.55589,,11/5/2025
20251105,LPG,Etica Global Equity,336777,ULTA BEAUTY INC,0.002053374810732,0.0,AZ ,Consumer Discretionary,US90384S3031,B28TS42,ULTA UW Equity,US ,USD,3.55589,,11/5/2025
20251105,LPG,Etica Global Equity,3385,YUM! BRANDS INC,0.001996252136634,0.0,AZ ,Consumer Discretionary,US9884981013,2098876,YUM UN Equity,US ,USD,3.55589,,11/5/2025
20251105,LPG,Etica Global Equity,3837,AGILENT TECHNOLOGIES INC,0.001965252552508,0.0,AZ ,Health Care,US00846U1016,2520153,A US Equity,US ,USD,3.55589,,11/5/2025
20251105,LPG,Etica Global Equity,335212,LEVI STRAUSS & CO- CLASS A,0.001936976665715,0.0,AZ ,Consumer Discretionary,US52736R1023,BHRWS81,LEVI US Equity,US ,USD,3.55589,,11/5/2025
20251105,LPG,Etica Global Equity,50381,LULULEMON ATHLETICA INC,0.00192345667507,0.0,AZ ,Consumer Discretionary,US5500211090,B23FN39,LULU US Equity,US ,USD,3.55589,,11/5/2025
20251105,LPG,Etica Global Equity,57810,VENTAS INC,0.001893225610864,0.0,AZ ,Real Estate,US92276F1003,2927925,VTR US Equity,US ,USD,3.55589,,11/5/2025
20251105,LPG,Etica Global Equity,343334,GODADDY INC - CLASS A,0.001851317121733,0.0,AZ ,Information Technology,US3802371076,BWFRFC6,GDDY US Equity,US ,USD,3.55589,,11/5/2025
20251105,LPG,Etica Global Equity,164955,CHF,0.001838346701252,0.0,LQ ,CASH,,,CHF,CH ,CHF,3.55589,,11/5/2025
20251105,LPG,Etica Global Equity,1,LG ELECTRONICS INC,0.001819762007493,0.0,AZ ,Consumer Discretionary,KR7066570003,6520739,066570 KS Equity,KR ,KRW,3.55589,,11/5/2025
20251105,LPG,Etica Global Equity,173,CADENCE DESIGN SYS INC,0.001692117122387,0.0,AZ ,Information Technology,US1273871087,2302232,CDNS US Equity,US ,USD,3.55589,,11/5/2025
20251105,LPG,Etica Global Equity,58909,EDWARDS LIFESCIENCES CORP,0.001686480577715,0.0,AZ ,Health Care,US28176E1082,2567116,EW US Equity,US ,USD,3.55589,,11/5/2025
20251105,LPG,Etica Global Equity,1755,SWIRE PACIFIC LTD - CL A,0.001682426870398,0.0,AZ ,Industrials,HK0019000162,6867748,19 HK Equity,HK ,HKD,3.55589,,11/5/2025
20251105,LPG,Etica Global Equity,387,NORSK HYDRO ASA,0.001637943996374,0.0,AZ ,Materials,NO0005052605,B11HK39,NHY NO Equity,NO ,NOK,3.55589,,11/5/2025
20251105,LPG,Etica Global Equity,164954,CAD,0.001621271191968,0.0,LQ ,CASH,,,CAD,CA ,CAD,3.55589,,11/5/2025
20251105,LPG,Etica Global Equity,1010,RELX PLC,0.00155871806201,0.0,AZ ,Industrials,GB00B2B0DG97,B2B0DG9,REL LN Equity,GB ,GBP,3.55589,,11/5/2025
20251105,LPG,Etica Global Equity,335227,NEXI SPA,0.001539716799086,0.0,AZ ,Financials,IT0005366767,BJ1F880,NEXI IM Equity,IT ,EUR,3.55589,,11/5/2025
20251105,LPG,Etica Global Equity,235482,MERLIN PROPERTIES SOCIMI SA,0.001490890062265,0.0,AZ ,Real Estate,ES0105025003,BNGNB77,MRL SM Equity,ES ,EUR,3.55589,,11/5/2025
20251105,LPG,Etica Global Equity,222506,ORORA LTD,0.001490778705297,0.0,AZ ,Materials,AU000000ORA8,BH4TCW7,ORA AU Equity,AU ,AUD,3.55589,,11/5/2025
20251105,LPG,Etica Global Equity,3466,COGNIZANT TECH SOLUTIONS-A,0.001470985082651,0.0,AZ ,Information Technology,US1924461023,2257019,CTSH US Equity,US ,USD,3.55589,,11/5/2025
20251105,LPG,Etica Global Equity,24041,TERNA-RETE ELETTRICA NAZIONA,0.001450645967703,0.0,AZ ,Utilities,IT0003242622,B01BN57,TRN IM Equity,IT ,EUR,3.55589,,11/5/2025
20251105,LPG,Etica Global Equity,312,INGERSOLL-RAND INC,0.00145040631496,0.0,AZ ,Industrials,US45687V1061,BL5GZ82,IR UN Equity,US ,USD,3.55589,,11/5/2025
20251105,LPG,Etica Global Equity,67156,KEURIG DR PEPPER INC,0.001440616939586,0.0,AZ ,Consumer Staples,US49271V1008,BD3W133,KDP US Equity,US ,USD,3.55589,,11/5/2025
20251105,LPG,Etica Global Equity,58318,AZBIL CORP,0.001426428807133,0.0,AZ ,Information Technology,JP3937200008,6985543,6845 JP Equity,JP ,JPY,3.55589,,11/5/2025
20251105,LPG,Etica Global Equity,1122,AJINOMOTO CO INC,0.001412880271463,0.0,AZ ,Consumer Staples,JP3119600009,6010906,2802 JP Equity,JP ,JPY,3.55589,,11/5/2025
20251105,LPG,Etica Global Equity,17956,RENESAS ELECTRONICS CORP,0.001376857076512,0.0,AZ ,Information Technology,JP3164720009,6635677,6723 JP Equity,JP ,JPY,3.55589,,11/5/2025
20251105,LPG,Etica Global Equity,164725,HKD,0.001369444152939,0.0,LQ ,CASH,,,HKD,HK ,HKD,3.55589,,11/5/2025
20251105,LPG,Etica Global Equity,50261,DIASORIN SPA,0.001334745949067,0.0,AZ ,Health Care,IT0003492391,B234WN9,DIA IM Equity,IT ,EUR,3.55589,,11/5/2025
20251105,LPG,Etica Global Equity,2297,AVALONBAY COMMUNITIES INC,0.001311396118121,0.0,AZ ,Real Estate,US0534841012,2131179,AVB US Equity,US ,USD,3.55589,,11/5/2025
20251105,LPG,Etica Global Equity,31968,PENTAIR PLC,0.00122420957211,0.0,AZ ,Industrials,IE00BLS09M33,BLS09M3,PNR UN Equity,US ,USD,3.55589,,11/5/2025
20251105,LPG,Etica Global Equity,4106,ZIMMER BIOMET HOLDINGS INC,0.001208182324436,0.0,AZ ,Health Care,US98956P1021,2783815,ZBH US Equity,US ,USD,3.55589,,11/5/2025
20251105,LPG,Etica Global Equity,211955,TECHNOGYM SPA,0.001184210776559,0.0,AZ ,Consumer Discretionary,IT0005162406,BD9Y5C0,TGYM IM Equity,IT ,EUR,3.55589,,11/5/2025
20251105,LPG,Etica Global Equity,235835,RAI WAY SPA,0.001158601183367,0.0,AZ ,Communication Services,IT0005054967,BSM8WL2,RWAY IM Equity,IT ,EUR,3.55589,,11/5/2025
20251105,LPG,Etica Global Equity,58590,SYSMEX CORP,0.001118583253239,0.0,AZ ,Health Care,JP3351100007,6883807,6869 JP Equity,JP ,JPY,3.55589,,11/5/2025
20251105,LPG,Etica Global Equity,3478,SOL SPA,0.001058198604182,0.0,AZ ,Materials,IT0001206769,5490684,SOL IM Equity,IT ,EUR,3.55589,,11/5/2025
20251105,LPG,Etica Global Equity,3245,EDP SA,0.001032561407009,0.0,AZ ,Utilities,PTEDP0AM0009,4103596,EDP PL Equity,PT ,EUR,3.55589,,11/5/2025
20251105,LPG,Etica Global Equity,1040,TATE & LYLE PLC,0.00102677053099,0.0,AZ ,Consumer Staples,GB00BP92CJ43,BP92CJ4,TATE LN Equity,GB ,GBP,3.55589,,11/5/2025
20251105,LPG,Etica Global Equity,1093,LENDLEASE GROUP,0.000913936122631,0.0,AZ ,Real Estate,AU000000LLC3,6512004,LLC AU Equity,AU ,AUD,3.55589,,11/5/2025
20251105,LPG,Etica Global Equity,1024,SSE PLC,0.000803623086974,0.0,AZ ,Utilities,GB0007908733,790873,SSE LN Equity,GB ,GBP,3.55589,,11/5/2025
20251105,LPG,Etica Global Equity,677,BIOGEN INC,0.000742110438883,0.0,AZ ,Health Care,US09062X1037,2455965,BIIB US Equity,US ,USD,3.55589,,11/5/2025
20251105,LPG,Etica Global Equity,23349,CORBION NV,0.000686523549899,0.0,AZ ,Materials,NL0010583399,BFRSRR7,CRBN NA Equity,NL ,EUR,3.55589,,11/5/2025
20251105,LPG,Etica Global Equity,3672,AMPLIFON SPA,0.000621797233815,0.0,AZ ,Health Care,IT0004056880,B14NJ71,AMP IM Equity,IT ,EUR,3.55589,,11/5/2025
20251105,LPG,Etica Global Equity,58681,JONES LANG LASALLE INC,0.000620913592748,0.0,AZ ,Real Estate,US48020Q1076,2040640,JLL US Equity,US ,USD,3.55589,,11/5/2025
20251105,LPG,Etica Global Equity,247914,INFRASTRUTTURE WIRELESS ITAL,0.000600750453177,0.0,AZ ,Communication Services,IT0005090300,BZ0P4R4,INW IM Equity,IT ,EUR,3.55589,,11/5/2025
20251105,LPG,Etica Global Equity,63,HERA SPA,0.000459543230411,0.0,AZ ,Utilities,IT0001250932,7598003,HER IM Equity,IT ,EUR,3.55589,,11/5/2025
20251105,LPG,Etica Global Equity,3321,BXP INC,0.000456849960193,0.0,AZ ,Real Estate,US1011211018,2019479,BXP US Equity,US ,USD,3.55589,,11/5/2025
20251105,LPG,Etica Global Equity,48675,PRYSMIAN SPA,0.000441999959565,0.0,AZ ,Industrials,IT0004176001,B1W4V69,PRY IM Equity,IT ,EUR,3.55589,,11/5/2025
20251105,LPG,Etica Global Equity,3476,A2A SPA,0.000342964404793,0.0,AZ ,Utilities,IT0001233417,5499131,A2A IM Equity,IT ,EUR,3.55589,,11/5/2025
20251105,LPG,Etica Global Equity,1464,SHISEIDO CO LTD,0.000179691563552,0.0,AZ ,Consumer Staples,JP3351600006,6805265,4911 JP Equity,JP ,JPY,3.55589,,11/5/2025
20251105,LPG,Etica Global Equity,314765,PIRELLI & C SPA,0.000141753656113,0.0,AZ ,Consumer Discretionary,IT0005278236,BZ5ZHK3,PIRC IM Equity,IT ,EUR,3.55589,,11/5/2025
20251105,LPG,Etica Global Equity,165991,KRW,0.000000000941045,0.0,LQ ,CASH,,,KRW,KR ,KRW,3.55589,,11/5/2025
20251105,LPG,Etica Global Equity,184686,TESLA INC,0.0,0.014788746,AZ ,Consumer Discretionary,US88160R1014,B616C79,TSLA US Equity,US ,USD,3.55589,,11/5/2025
20251105,LPG,Etica Global Equity,28663,ALPHABET INC-CL C,0.0,0.015445989,AZ ,Communication Services,US02079K1079,BYY88Y7,GOOG US Equity,US ,USD,3.55589,,11/5/2025
20251105,LPG,Etica Global Equity,227088,ALPHABET INC-CL A,0.0,0.018268866,AZ ,Communication Services,US02079K3059,BYVY8G0,GOOGL US Equity,US ,USD,3.55589,,11/5/2025
20251105,LPG,Etica Global Equity,50594,BROADCOM INC,0.0,0.017709588,AZ ,Information Technology,US11135F1012,BDZ78H9,AVGO US Equity,US ,USD,3.55589,,11/5/2025
20251105,LPG,Etica Global Equity,184,JPMORGAN CHASE & CO,0.0,0.009563319,AZ ,Financials,US46625H1005,2190385,JPM US Equity,US ,USD,3.55589,,11/5/2025
20251105,LPG,Etica Global Equity,188839,META PLATFORMS INC-CLASS A,0.0,0.015244344,AZ ,Communication Services,US30303M1027,B7TL820,META US Equity,US ,USD,3.55589,,11/5/2025
20251105,LPG,Etica Global Equity,3255,AMAZON.COM INC,0.0,0.026393787,AZ ,Consumer Discretionary,US0231351067,2000019,AMZN US Equity,US ,USD,3.55589,,11/5/2025
20251105,LPG,Etica Global Equity,553,MICROSOFT CORP,0.0,0.03953691,AZ ,Information Technology,US5949181045,2588173,MSFT US Equity,US ,USD,3.55589,,11/5/2025
20251105,LPG,Etica Global Equity,534,APPLE INC,0.0,0.044546616,AZ ,Information Technology,US0378331005,2046251,AAPL US Equity,US ,USD,3.55589,,11/5/2025
20251105,LPG,Etica Global Equity,164733,DEBITI COMMISSIONE GESTIONE,-0.000310856897255,0.0,CD ,CASH,,,DEBITI COMMISSIONE GESTIONE,5A ,EUR,3.55589,,11/5/2025
20251105,LPG,Etica Global Equity,164723,EUR,-0.00242140237537,0.0,LQ ,CASH,,,EUR,5A ,EUR,3.55589,,11/5/2025
20251105,LPG,Etica Global Equity,247714,DEBITI CONTRIBUTI VIGILANZA,-0.003374036455956,0.0,CD ,CASH,,,DEBITI CONTRIBUTI VIGILANZA,5A ,EUR,3.55589,,11/5/2025
