FONDO;TIPO CODICE;CODICE TITOLO/DIVISA;CODICE ISIN;DESCRIZIONE;SIGLA DIVISA;CODICE BORSA QUOTAZIONE;CLASS.PATR/NAZIONE=COMPARTO;CODICE PER ANALISI RISCHIO;FLAG ITALIA/ESTERO;QTA IN PORTAFOGLIO;QTA IN GARANZIA;QTA IN PRESTITO;QTA VENDUTA A PREMIO;COSTO STORICO UNIT.DIVISA;COSTO STORICO UNIT.EURO;COSTO STORICO TOTALE DIVISA;COSTO STORICO TOTALE EURO;CAMBIO STORICO;PREZZO ATTUALE UNIT.DIVISA;PREZZO ATTUALE UNIT.EURO;VALORE ATT.TOTALE C/S DIVISA;VALORE ATT.TOTALE C/S EURO;VALORE ATT.TOTALE T/Q DIVISA;VALORE ATT.TOTALE T/Q EURO;PREZZO PRECED. UNIT LIT/DIV;PERCENT.PL/MIN SU TITOLO;PERCENT.PL/MIN SU CAMBIO;PERCENT.PL/MIN GLOB.TITOLO;PERCENT.PESO TIT SU TOT.DIVI;PERCENT.PESO TIT SU COMPARTO;PERCENT.PESO TIT SU ATT.FDO;PERCENT.SCOSTAM PRZ PRECED;PERCENT.PESO TIT SU NAV;PERCENT.PERSONALIZZATA 1;PERCENT.PERSONALIZZATA 2;RATEI TOTALI X TITOLO DIVISA;RATEI TOTALI X TITOLO EURO;CODICI RAGGRUPPAM.LIVELLO 1;CODICI RAGGRUPPAM.LIVELLO 2;CODICI RAGGRUPPAM.LIVELLO 3;CODICI RAGGRUPPAM.LIVELLO 4;CODICI RAGGRUPPAM.LIVELLO 5;CODICI RAGGRUPPAM.LIVELLO 6;CODICI RAGGRUPPAM.LIVELLO 7;CAMPO ORDINAMENTO;COSTO STORICO UNIT.DIVISA;COSTO STORICO UNIT.EURO;PREZZO ATTUALE UNIT.DIVISA;PREZZO ATTUALE UNIT.EURO;PREZZO PRECED. UNIT LIT/DIV;QTA IN PORTAFOGLIO;QTA IN GARANZIA;QTA IN PRESTITO;QTA VENDUTA A PREMIO;QTA RICEVUTA A PRESTITO;DATA RIFERIMENTO -AAAAMMGG-
81;1I;41363;IT0005445306;BTP 0.50% 2021/15.07.2028;EUR;MTS;086000;001;I;30000000,000;0,000;0,000;0,000;93,0490;93,0490;27914700,0000;27914700,00;0,000000;95,5130;95,5130;28653900,0000;28653900,00;28706481,5200;28706481,52;95,4970;2,648;0,000;2,648;9,964;19,777;9,736;0,017;9,767;0,000;0,000;52581,5200;52581,52;;;;DEUR;N111111;T000;;090264      BTP 0.50% 2021/15.07.2028;93,04900000;93,04900000;95,51300000;95,51300000;95,49700000;30000000,00000000;0,00000000;0,00000000;0,00000000;0,00000000;20251121
81;1I;46882;IT0005548315;BTP  3,800% 2023-01/08/2028;EUR;MTS;086000;001;I;25000000,000;0,000;0,000;0,000;103,9290;103,9290;25982250,0000;25982250,00;0,000000;103,8600;103,8600;25965000,0000;25965000,00;26254130,4300;26254130,43;103,8450;-0,066;0,000;-0,066;9,112;18,088;8,822;0,014;8,850;0,000;0,000;289130,4300;289130,43;;;;DEUR;N111111;T000;;091178      BTP  3,800% 2023-01/08/2028;103,92900000;103,92900000;103,86000000;103,86000000;103,84500000;25000000,00000000;0,00000000;0,00000000;0,00000000;0,00000000;20251121
81;1I;62859;IT0005657330;BTPS 2,100% 2025-26/08/2027;EUR;MTSBOT;086000;001;I;25000000,000;0,000;0,000;0,000;99,7800;99,7800;24945000,0000;24945000,00;0,000000;99,8530;99,8530;24963250,0000;24963250,00;25087366,8500;25087366,85;99,8280;0,073;0,000;0,073;8,707;17,284;8,482;0,025;8,509;0,000;0,000;124116,8500;124116,85;;;;DEUR;N111111;T000;;091518      BTPS 2,100% 2025-26/08/2027;99,78000000;99,78000000;99,85300000;99,85300000;99,82800000;25000000,00000000;0,00000000;0,00000000;0,00000000;0,00000000;20251121
81;1I;60574;IT0005620460;CCTS TV (4,164%) 15.04.2033;EUR;MOT;086000;002;I;15000000,000;0,000;0,000;0,000;100,5300;100,5300;15079500,0000;15079500,00;0,000000;102,7660;102,7660;15414900,0000;15414900,00;15464279,5800;15464279,58;102,8230;2,224;0,000;2,224;5,367;10,654;5,237;-0,055;5,254;0,000;0,000;49379,5800;49379,58;;;;DEUR;N111111;T000;;094763      CCTS TV (4,164%) 15.04.2033;100,53000000;100,53000000;102,76600000;102,76600000;102,82300000;15000000,00000000;0,00000000;0,00000000;0,00000000;0,00000000;20251121
81;1I;47975;IT0005580045;BTPS  2,950% 2024-15/02/2027;EUR;MTS;086000;001;I;15000000,000;0,000;0,000;0,000;101,0750;101,0750;15161250,0000;15161250,00;0,000000;100,9940;100,9940;15149100,0000;15149100,00;15266939,6700;15266939,67;100,9860;-0,080;0,000;-0,080;5,299;10,518;5,147;0,008;5,164;0,000;0,000;117839,6700;117839,67;;;;DEUR;N111111;T000;;094853      BTPS  2,950% 2024-15/02/2027;101,07500000;101,07500000;100,99400000;100,99400000;100,98600000;15000000,00000000;0,00000000;0,00000000;0,00000000;0,00000000;20251121
81;1I;60625;IT0005622128;BTPS 2,700% 2024-15/10/2027;EUR;MTS;086000;001;I;13000000,000;0,000;0,000;0,000;100,4650;100,4650;13060450,0000;13060450,00;0,000000;100,9180;100,9180;13119340,0000;13119340,00;13155018,5700;13155018,57;100,8990;0,451;0,000;0,451;4,566;9,063;4,457;0,019;4,472;0,000;0,000;35678,5700;35678,57;;;;DEUR;N111111;T000;;095543      BTPS 2,700% 2024-15/10/2027;100,46500000;100,46500000;100,91800000;100,91800000;100,89900000;13000000,00000000;0,00000000;0,00000000;0,00000000;0,00000000;20251121
81;1I;39722;IT0005433690;BTPS  0.25% 2021/15.03.2028;EUR;MTSBOT;086000;001;I;11000000,000;0,000;0,000;0,000;93,0190;93,0190;10232090,0000;10232090,00;0,000000;95,6410;95,6410;10520510,0000;10520510,00;10525599,7800;10525599,78;95,6150;2,819;0,000;2,819;3,653;7,252;3,574;0,027;3,586;0,000;0,000;5089,7800;5089,78;;;;DEUR;N111111;T000;;096426      BTPS  0.25% 2021/15.03.2028;93,01900000;93,01900000;95,64100000;95,64100000;95,61500000;11000000,00000000;0,00000000;0,00000000;0,00000000;0,00000000;20251121
81;1I;61078;IT0005633794;BTP 2,550% 2025-25/02/2027;EUR;MTS;086000;001;I;10000000,000;0,000;0,000;0,000;100,7990;100,7990;10079900,0000;10079900,00;0,000000;100,5050;100,5050;10050500,0000;10050500,00;10111478,2600;10111478,26;100,4980;-0,292;0,000;-0,292;3,510;6,966;3,415;0,007;3,426;0,000;0,000;60978,2600;60978,26;;;;DEUR;N111111;T000;;096585      BTP 2,550% 2025-25/02/2027;100,79900000;100,79900000;100,50500000;100,50500000;100,49800000;10000000,00000000;0,00000000;0,00000000;0,00000000;0,00000000;20251121
81;1I;63384;AT0000A3MUA7;AUSTRIAN T-BILL ZC 2025-27/11/2025;EUR;VIENNA;008000;100;I;12500000,000;0,000;0,000;0,000;99,5065;99,5065;12438322,7500;12438322,75;0,000000;99,9850;99,9850;12439836,1100;12439836,11;12498125,0000;12498125,00;99,9840;0,012;0,000;0,012;4,338;55,705;4,227;0,001;4,240;0,000;0,000;58288,8900;58288,89;;;;DEUR;N008000;T100;;095773      AUSTRIAN T-BILL ZC 2025-27/11/2025;99,50658200;99,50658200;99,98500000;99,98500000;99,98400000;12500000,00000000;0,00000000;0,00000000;0,00000000;0,00000000;20251121
81;1I;63661;AT0000A3MUC3;AUSTRIAN T-BILL ZC   2025-26/03/2026;EUR;VIENNA;008000;100;I;10000000,000;0,000;0,000;0,000;99,0233;99,0233;9902335,3700;9902335,37;0,000000;99,3810;99,3810;9906812,2200;9906812,22;9938100,0000;9938100,00;99,3810;0,045;0,000;0,045;3,449;44,295;3,366;0,000;3,377;0,000;0,000;31287,7800;31287,78;;;;DEUR;N008000;T100;;096634      AUSTRIAN T-BILL ZC   2025-26/03/2026;99,02335370;99,02335370;99,38100000;99,38100000;99,38100000;10000000,00000000;0,00000000;0,00000000;0,00000000;0,00000000;20251121
81;1I;61258;BE0312809818;TREASURY CERTIFICATE ZC 25-12/02/2026;EUR;BRUXELLES;009000;100;I;15000000,000;0,000;0,000;0,000;97,7392;97,7392;14660880,2900;14660880,29;0,000000;99,5730;99,5730;14677920,0000;14677920,00;14935950,0000;14935950,00;99,5670;0,116;0,000;0,116;5,184;100,000;4,987;0,006;5,003;0,000;0,000;258030,0000;258030,00;;;;DEUR;N009000;T100;;095013      TREASURY CERTIFICATE ZC 25-12/02/2026;97,73920190;97,73920190;99,57300000;99,57300000;99,56700000;15000000,00000000;0,00000000;0,00000000;0,00000000;0,00000000;20251121
81;1I;61333;FR0128838507;FRENCH DISCOUNT ZC 2025-25/02/2026;EUR;BANQFRANCE;029000;100;I;25000000,000;0,000;0,000;0,000;99,0466;99,0466;24761655,9900;24761655,99;0,000000;99,4790;99,4790;24869750,0000;24869750,00;24869750,0000;24869750,00;99,4740;0,437;0,000;0,437;8,632;60,206;8,450;0,005;8,477;0,000;0,000;0,0000;0,00;;;;DEUR;N029000;T100;;091550      FRENCH DISCOUNT ZC 2025-25/02/2026;99,04662400;99,04662400;99,47900000;99,47900000;99,47400000;25000000,00000000;0,00000000;0,00000000;0,00000000;0,00000000;20251121
81;1I;32434;FR0013341682;FRANCE OAT 0.75%2018/25.11.2028;EUR;PARIGI;029000;100;I;15000000,000;0,000;0,000;0,000;93,3780;93,3780;14006700,0000;14006700,00;0,000000;95,3270;95,3270;14299050,0000;14299050,00;14410317,1200;14410317,12;95,3050;2,087;0,000;2,087;5,002;34,885;4,858;0,023;4,874;0,000;0,000;111267,1200;111267,12;;;;DEUR;N029000;T100;;095142      FRANCE OAT 0.75%2018/25.11.2028;93,37800000;93,37800000;95,32700000;95,32700000;95,30500000;15000000,00000000;0,00000000;0,00000000;0,00000000;0,00000000;20251121
81;1I;26396;FR0012938116;FRANCE GOV  1% 2015  25/11/2025;EUR;EUROTLX;029000;100;I;1250000,000;0,000;0,000;0,000;98,8380;98,8380;1235475,0000;1235475,00;0,000000;99,9790;99,9790;1249737,5000;1249737,50;1262100,5100;1262100,51;99,9800;1,154;0,000;1,154;0,438;3,055;0,425;-0,001;0,426;0,000;0,000;12363,0100;12363,01;;;;DEUR;N029000;T100;;099575      FRANCE GOV  1% 2015  25/11/2025;98,83800000;98,83800000;99,97900000;99,97900000;99,98000000;1250000,00000000;0,00000000;0,00000000;0,00000000;0,00000000;20251121
81;1I;45881;ES0000012L29;SPAIN BONOS  2,800% 2023-31/05/2026;EUR;MADRID;067000;100;I;15000000,000;0,000;0,000;0,000;100,6380;100,6380;15095700,0000;15095700,00;0,000000;100,3410;100,3410;15051150,0000;15051150,00;15251369,1800;15251369,18;100,3540;-0,295;0,000;-0,295;5,294;100,000;5,114;-0,013;5,130;0,000;0,000;200219,1800;200219,18;;;;DEUR;N067000;T100;;094886      SPAIN BONOS  2,800% 2023-31/05/2026;100,63800000;100,63800000;100,34100000;100,34100000;100,35400000;15000000,00000000;0,00000000;0,00000000;0,00000000;0,00000000;20251121
81;1I;48904;DE000BU35025;BUNDESOBLIGATION  2,100% 2024-12/04/2029;EUR;FRANCOFORT;094000;100;I;27000000,000;0,000;0,000;0,000;99,9323;99,9323;26981730,0000;26981730,00;0,000000;99,9140;99,9140;26976780,0000;26976780,00;27323193,7000;27323193,70;99,8950;-0,018;0,000;-0,018;9,484;55,726;9,166;0,019;9,195;0,000;0,000;346413,7000;346413,70;;;;DEUR;N094000;T100;;090834      BUNDESOBLIGATION  2,100% 2024-12/04/2029;99,93233330;99,93233330;99,91400000;99,91400000;99,89500000;27000000,00000000;0,00000000;0,00000000;0,00000000;0,00000000;20251121
81;1I;60575;DE000BU22072;BUNDESREPUBLIK 2% 10.12.2026;EUR;FRANCOFORT;094000;100;I;20000000,000;0,000;0,000;0,000;99,8510;99,8510;19970200,0000;19970200,00;0,000000;100,0190;100,0190;20003800,0000;20003800,00;20434344,1200;20434344,12;100,0170;0,168;0,000;0,168;7,092;41,676;6,797;0,002;6,818;0,000;0,000;430544,1200;430544,12;;;;DEUR;N094000;T100;;093203      BUNDESREPUBLIK 2% 10.12.2026;99,85100000;99,85100000;100,01900000;100,01900000;100,01700000;20000000,00000000;0,00000000;0,00000000;0,00000000;0,00000000;20251121
81;1I;60360;DE000BU25034;BUNDESOBLIGATION 2,500% 2024-11/10/2029;EUR;FRANCOFORT;094000;100;I;500000,000;0,000;0,000;0,000;100,6270;100,6270;503135,0000;503135,00;0,000000;101,1540;101,1540;505770,0000;505770,00;507174,1100;507174,11;101,1300;0,524;0,000;0,524;0,176;1,034;0,172;0,024;0,172;0,000;0,000;1404,1100;1404,11;;;;DEUR;N094000;T100;;099828      BUNDESOBLIGATION 2,500% 2024-11/10/2029;100,62700000;100,62700000;101,15400000;101,15400000;101,13000000;500000,00000000;0,00000000;0,00000000;0,00000000;0,00000000;20251121
81;1I;45149;DE0001030740;BUNDESREPUBLIK 1,300% 2022-15/10/2027;EUR;FRANCOFORT;094000;100;I;500000,000;0,000;0,000;0,000;97,6190;97,6190;488095,0000;488095,00;0,000000;98,7800;98,7800;493900,0000;493900,00;494558,9000;494558,90;98,7760;1,189;0,000;1,189;0,172;1,009;0,168;0,004;0,168;0,000;0,000;658,9000;658,90;;;;DEUR;N094000;T100;;099832      BUNDESREPUBLIK 1,300% 2022-15/10/2027;97,61900000;97,61900000;98,78000000;98,78000000;98,77600000;500000,00000000;0,00000000;0,00000000;0,00000000;0,00000000;20251121
81;1I;01109;DE0001135085;BUNDES 4,75% 1998/4.7.2028;EUR;FRANCOFORT;094000;100;I;250000,000;0,000;0,000;0,000;108,1670;108,1670;270417,5000;270417,50;0,000000;106,8380;106,8380;267095,0000;267095,00;271649,7900;271649,79;106,8290;-1,229;0,000;-1,229;0,094;0,554;0,091;0,008;0,091;0,000;0,000;4554,7900;4554,79;;;;DEUR;N094000;T100;;099909      BUNDES 4,75% 1998/4.7.2028;108,16700000;108,16700000;106,83800000;106,83800000;106,82900000;250000,00000000;0,00000000;0,00000000;0,00000000;0,00000000;20251121
81;1I;38859;FR00140005L7;ORANGE SA 1.75% 2020/31.12.2049;EUR;PARIGI;029000;301;I;500000,000;0,000;0,000;0,000;92,8860;92,8860;464430,0000;464430,00;0,000000;95,3700;95,3700;476850,0000;476850,00;477736,9900;477736,99;95,4920;2,674;0,000;2,674;0,166;1,157;0,162;-0,128;0,163;0,000;0,000;886,9900;886,99;;;;DEUR;N029000;T200;;099838      ORANGE SA 1.75% 2020/31.12.2049;92,88600000;92,88600000;95,37000000;95,37000000;95,49200000;500000,00000000;0,00000000;0,00000000;0,00000000;0,00000000;20251121
81;1I;19194;XS1115498260;ORANGE SA 5% 2014/29.10.2049;EUR;PARIGI;029000;301;I;282000,000;0,000;0,000;0,000;102,4920;102,4920;289027,4400;289027,44;0,000000;101,4850;101,4850;286187,7000;286187,70;288157,8400;288157,84;101,5570;-0,983;0,000;-0,983;0,100;0,698;0,097;-0,071;0,098;0,000;0,000;1970,1400;1970,14;;;;DEUR;N029000;T200;;099903      ORANGE SA 5% 2014/29.10.2049;102,49200000;102,49200000;101,48500000;101,48500000;101,55700000;282000,00000000;0,00000000;0,00000000;0,00000000;0,00000000;20251121
81;1I;38550;XS2229434852;ERG SPA 0,5% 2020/11.09.2027;EUR;LUXEMBOURG;086000;301;I;600000,000;0,000;0,000;0,000;93,7390;93,7390;562434,0000;562434,00;0,000000;96,3310;96,3310;577986,0000;577986,00;578569,5600;578569,56;96,3000;2,765;0,000;2,765;0,201;0,399;0,196;0,032;0,197;0,000;0,000;583,5600;583,56;;;;DEUR;N086000;T200;;099804      ERG SPA 0,5% 2020/11.09.2027;93,73900000;93,73900000;96,33100000;96,33100000;96,30000000;600000,00000000;0,00000000;0,00000000;0,00000000;0,00000000;20251121
81;2;00001;;LIQUIDITA';EUR;;;610;;0,000;0,000;0,000;0,000;0,0000;0,0000;0,0000;0,00;0,000000;0,0000;0,0000;0,0000;6153819,84;0,0000;6153819,84;0,0000;0,000;0,000;0,000;0,000;0,000;2,091;0,000;2,098;0,000;0,000;0,0000;0,00;2;;;;;;;;0,00000000;0,00000000;0,00000000;0,00000000;0,00000000;0,00000000;0,00000000;0,00000000;0,00000000;0,00000000;20251121
81;2;00007;;GIACENZE DI FRANCHI SVIZZERI         CHF;CHF;;;621;;16383,440;0,000;0,000;0,000;0,0000;1,0653;16383,4400;17453,36;0,938698;0,0000;0,9304;16383,4400;17609,03;16383,4400;17609,03;0,0000;0,000;0,000;0,000;0,000;0,000;0,006;0,000;0,006;0,000;0,000;0,0000;0,00;3CHF1;;;;;;;;0,00000000;1,06530496;0,00000000;0,93040000;0,00000000;16383,44000000;0,00000000;0,00000000;0,00000000;0,00000000;20251121
81;2;00006;;GIACENZE DI STERLINE INGLESI         GBP;GBP;;;621;;17098,030;0,000;0,000;0,000;0,0000;1,2081;17098,0300;20657,02;0,827710;0,0000;0,8792;17098,0300;19447,26;17098,0300;19447,26;0,0000;0,000;0,000;0,000;0,000;0,000;0,007;0,000;0,007;0,000;0,000;0,0000;0,00;3GBP1;;;;;;;;0,00000000;1,20815205;0,00000000;0,87920000;0,00000000;17098,03000000;0,00000000;0,00000000;0,00000000;0,00000000;20251121
81;2;00001;;GIACENZE DI DOLLARI USA              USD;USD;;;621;;17011,450;0,000;0,000;0,000;0,0000;0,9633;17011,4500;16388,50;1,038011;0,0000;1,1503;17011,4500;14788,71;17011,4500;14788,71;0,0000;0,000;0,000;0,000;0,000;0,000;0,005;0,000;0,005;0,000;0,000;0,0000;0,00;3USD1;;;;;;;;0,00000000;0,96338054;0,00000000;1,15030000;0,00000000;17011,45000000;0,00000000;0,00000000;0,00000000;0,00000000;20251121
81;4;;;DIRITTI MATURATI NON RISCOSSI;;;;700;;0,000;0,000;0,000;0,000;0,0000;0,0000;0,0000;0,00;0,000000;0,0000;0,0000;0,0000;1849587,81;0,0000;3927,53;0,0000;0,000;0,000;0,000;0,000;0,000;0,628;0,000;0,630;0,000;0,000;0,0000;0,00;;;;;;;;;0,00000000;0,00000000;0,00000000;0,00000000;0,00000000;0,00000000;0,00000000;0,00000000;0,00000000;0,00000000;20251121
81;5;;;DEPOSITI MARGINI INIZ.FUTURES;;;;8;;0,000;0,000;0,000;0,000;0,0000;0,0000;0,0000;0,00;0,000000;0,0000;0,0000;0,0000;0,00;0,0000;0,00;0,0000;0,000;0,000;0,000;0,000;0,000;0,000;0,000;0,000;0,000;0,000;0,0000;0,00;;;;;;;;;0,00000000;0,00000000;0,00000000;0,00000000;0,00000000;0,00000000;0,00000000;0,00000000;0,00000000;0,00000000;20251121
81;5;;;MARGINI DI VARIAZIONE FUTURES;;;;8;;0,000;0,000;0,000;0,000;0,0000;0,0000;0,0000;0,00;0,000000;0,0000;0,0000;0,0000;0,00;0,0000;0,00;0,0000;0,000;0,000;0,000;0,000;0,000;0,000;0,000;0,000;0,000;0,000;0,0000;0,00;;;;;;;;;0,00000000;0,00000000;0,00000000;0,00000000;0,00000000;0,00000000;0,00000000;0,00000000;0,00000000;0,00000000;20251121
81;5;;;DEPOSITI BANCARI;;;;8;;0,000;0,000;0,000;0,000;0,0000;0,0000;0,0000;0,00;0,000000;0,0000;0,0000;0,0000;0,00;0,0000;0,00;0,0000;0,000;0,000;0,000;0,000;0,000;0,000;0,000;0,000;0,000;0,000;0,0000;0,00;;;;;;;;;0,00000000;0,00000000;0,00000000;0,00000000;0,00000000;0,00000000;0,00000000;0,00000000;0,00000000;0,00000000;20251121
81;9;;;RIMBORSI DA REGOLARE;;;;;;0,000;0,000;0,000;0,000;0,0000;0,0000;0,0000;0,00;0,000000;0,0000;0,0000;0,0000;-650707,32;0,0000;-650707,32;0,0000;0,000;0,000;0,000;0,000;0,000;0,000;0,000;0,000;0,000;0,000;0,0000;0,00;;;;;;;;;0,00000000;0,00000000;0,00000000;0,00000000;0,00000000;0,00000000;0,00000000;0,00000000;0,00000000;0,00000000;20251121
82;IF;63416;IKZ5;EURO BTP DEC25;EUR;;;335;;-350,000;0,000;0,000;0,000;0,0000;0,0000;0,0000;0,00;0,000000;120,8300;0,0000;0,0000;-42290500,00;0,0000;-42290500,00;0,0000;0,000;0,000;0,000;0,000;0,000;0,000;0,000;0,000;0,000;0,000;0,0000;0,00;3;;;;;;;;0,00000000;0,00000000;120,83000000;0,00000000;0,00000000;0,00000000;0,00000000;0,00000000;0,00000000;0,00000000;20251121
82;1I;63469;IT0005668220;BTPS 3,25% 15.11.2032;EUR;MTSBOT;086000;001;I;50185000,000;0,000;0,000;0,000;101,5066;101,5066;50941127,0000;50941127,00;0,000000;101,1630;101,1630;50768651,5500;50768651,55;50795684,9100;50795684,91;101,0820;-0,339;0,000;-0,339;5,136;21,579;4,530;0,080;4,551;0,000;0,000;27033,3600;27033,36;;;;DEUR;N111111;T000;;095470      BTPS 3,25% 15.11.2032;101,50667930;101,50667930;101,16300000;101,16300000;101,08200000;50185000,00000000;0,00000000;0,00000000;0,00000000;0,00000000;20251121
82;1I;48808;IT0005596470;BTP  4,050% 2024-30/10/2037;EUR;MOT;086000;001;I;42500000,000;0,000;0,000;0,000;104,1690;104,1690;44271825,0000;44271825,00;0,000000;104,1750;104,1750;44274375,0000;44274375,00;44378406,5900;44378406,59;104,0930;0,006;0,000;0,006;4,488;18,853;3,951;0,079;3,969;0,000;0,000;104031,5900;104031,59;;;;DEUR;N111111;T000;;096049      BTP  4,050% 2024-30/10/2037;104,16900000;104,16900000;104,17500000;104,17500000;104,09300000;42500000,00000000;0,00000000;0,00000000;0,00000000;0,00000000;20251121
82;1I;64016;IT0005676504;BTP 3,450% 2025-01/02/2036;EUR;MTS;086000;001;I;35000000,000;0,000;0,000;0,000;100,1900;100,1900;35066500,0000;35066500,00;0,000000;99,7760;99,7760;34921600,0000;34921600,00;34980662,5000;34980662,50;99,6580;-0,413;0,000;-0,413;3,537;14,861;3,116;0,118;3,131;0,000;0,000;59062,5000;59062,50;;;;DEUR;N111111;T000;;096884      BTP 3,450% 2025-01/02/2036;100,19000000;100,19000000;99,77600000;99,77600000;99,65800000;35000000,00000000;0,00000000;0,00000000;0,00000000;0,00000000;20251121
82;1I;46541;IT0005542359;BTPS  4,000% 2023-30/10/2031;EUR;MTS;086000;001;I;32010000,000;0,000;0,000;0,000;104,3845;104,3845;33413496,0400;33413496,04;0,000000;106,3360;106,3360;34038153,6000;34038153,60;34115540,4100;34115540,41;106,2810;1,869;0,000;1,869;3,450;14,493;3,037;0,052;3,051;0,000;0,000;77386,8100;77386,81;;;;DEUR;N111111;T000;;096963      BTPS  4,000% 2023-30/10/2031;104,38455500;104,38455500;106,33600000;106,33600000;106,28100000;32010000,00000000;0,00000000;0,00000000;0,00000000;0,00000000;20251121
82;1I;39057;IT0005413171;BTPS 1.65% 2020/01.12.2030;EUR;MTS;086000;001;I;22500000,000;0,000;0,000;0,000;92,7980;92,7980;20879550,0000;20879550,00;0,000000;95,0990;95,0990;21397275,0000;21397275,00;21572756,5600;21572756,56;95,0560;2,480;0,000;2,480;2,181;9,165;1,909;0,045;1,918;0,000;0,000;175481,5600;175481,56;;;;DEUR;N111111;T000;;098091      BTPS 1.65% 2020/01.12.2030;92,79800000;92,79800000;95,09900000;95,09900000;95,05600000;22500000,00000000;0,00000000;0,00000000;0,00000000;0,00000000;20251121
82;1I;45169;IT0005508590;BTP 4% 2022/30.04.2035;EUR;MOT;086000;001;I;11175000,000;0,000;0,000;0,000;105,0530;105,0530;11739672,7500;11739672,75;0,000000;105,6120;105,6120;11802141,0000;11802141,00;11829157,4800;11829157,48;105,5000;0,532;0,000;0,532;1,196;5,025;1,053;0,106;1,058;0,000;0,000;27016,4800;27016,48;;;;DEUR;N111111;T000;;098947      BTP 4% 2022/30.04.2035;105,05300000;105,05300000;105,61200000;105,61200000;105,50000000;11175000,00000000;0,00000000;0,00000000;0,00000000;0,00000000;20251121
82;1I;61681;IT0005647265;BTPS 3,250% 2025-15/07/2032;EUR;MTS;086000;001;I;8500000,000;0,000;0,000;0,000;101,9200;101,9200;8663200,0000;8663200,00;0,000000;101,4450;101,4450;8622825,0000;8622825,00;8719662,6400;8719662,64;101,3790;-0,466;0,000;-0,466;0,882;3,704;0,769;0,065;0,773;0,000;0,000;96837,6400;96837,64;;;;DEUR;N111111;T000;;099231      BTPS 3,250% 2025-15/07/2032;101,92000000;101,92000000;101,44500000;101,44500000;101,37900000;8500000,00000000;0,00000000;0,00000000;0,00000000;0,00000000;20251121
82;1I;40175;IT0005438004;BTP 1,5%  2021-30.04.2045;EUR;MOT;086000;001;I;11000000,000;0,000;0,000;0,000;67,3880;67,3880;7412680,0000;7412680,00;0,000000;66,2150;66,2150;7283650,0000;7283650,00;7293622,5300;7293622,53;66,0990;-1,741;0,000;-1,741;0,738;3,099;0,650;0,175;0,653;0,000;0,000;9972,5300;9972,53;;;;DEUR;N111111;T000;;099350      BTP 1,5%  2021-30.04.2045;67,38800000;67,38800000;66,21500000;66,21500000;66,09900000;11000000,00000000;0,00000000;0,00000000;0,00000000;0,00000000;20251121
82;1I;62859;IT0005657330;BTPS 2,100% 2025-26/08/2027;EUR;MTSBOT;086000;001;I;5000000,000;0,000;0,000;0,000;99,9300;99,9300;4996500,0000;4996500,00;0,000000;99,8530;99,8530;4992650,0000;4992650,00;5017473,3700;5017473,37;99,8280;-0,077;0,000;-0,077;0,507;2,132;0,445;0,025;0,448;0,000;0,000;24823,3700;24823,37;;;;DEUR;N111111;T000;;099555      BTPS 2,100% 2025-26/08/2027;99,93000000;99,93000000;99,85300000;99,85300000;99,82800000;5000000,00000000;0,00000000;0,00000000;0,00000000;0,00000000;20251121
82;1I;46612;AT0000A33SH3;REP OF AUSTRIA 2,900% 2023-23/05/2029;EUR;VIENNA;008000;100;I;41444000,000;0,000;0,000;0,000;102,1390;102,1390;42330487,1600;42330487,16;0,000000;102,1360;102,1360;42329243,8400;42329243,84;42928535,4300;42928535,43;102,1090;-0,003;0,000;-0,003;4,341;62,531;3,777;0,026;3,795;0,000;0,000;599291,5900;599291,59;;;;DEUR;N008000;T100;;096223      REP OF AUSTRIA 2,900% 2023-23/05/2029;102,13900000;102,13900000;102,13600000;102,13600000;102,10900000;41444000,00000000;0,00000000;0,00000000;0,00000000;0,00000000;20251121
82;1I;63384;AT0000A3MUA7;AUSTRIAN T-BILL ZC 2025-27/11/2025;EUR;VIENNA;008000;100;I;25000000,000;0,000;0,000;0,000;99,5065;99,5065;24876645,5000;24876645,50;0,000000;99,9850;99,9850;24879672,2200;24879672,22;24996250,0000;24996250,00;99,9840;0,012;0,000;0,012;2,528;36,410;2,220;0,001;2,230;0,000;0,000;116577,7800;116577,78;;;;DEUR;N008000;T100;;097780      AUSTRIAN T-BILL ZC 2025-27/11/2025;99,50658200;99,50658200;99,98500000;99,98500000;99,98400000;25000000,00000000;0,00000000;0,00000000;0,00000000;0,00000000;20251121
82;1I;46204;BE0000358672;BELGIUM KINGDOM 3,300% 2023-22/06/2054;EUR;LUXEMBOURG;009000;100;I;20000000,000;0,000;0,000;0,000;95,6580;95,6580;19131600,0000;19131600,00;0,000000;84,6730;84,6730;16934600,0000;16934600,00;17209449,3200;17209449,32;84,5770;-11,484;0,000;-11,484;1,740;71,190;1,511;0,114;1,518;0,000;0,000;274849,3200;274849,32;;;;DEUR;N009000;T100;;098489      BELGIUM KINGDOM 3,300% 2023-22/06/2054;95,65800000;95,65800000;84,67300000;84,67300000;84,57700000;20000000,00000000;0,00000000;0,00000000;0,00000000;0,00000000;20251121
82;1I;45229;BE0000356650;BELGIUM  KINGDOM 2.75% 202/22.04.2039;EUR;LUXEMBOURG;009000;100;I;6900000,000;0,000;0,000;0,000;94,7300;94,7300;6536370,0000;6536370,00;0,000000;91,0200;91,0200;6280380,0000;6280380,00;6391110,8200;6391110,82;90,9670;-3,916;0,000;-3,916;0,646;26,438;0,560;0,058;0,563;0,000;0,000;110730,8200;110730,82;;;;DEUR;N009000;T100;;099440      BELGIUM  KINGDOM 2.75% 202/22.04.2039;94,73000000;94,73000000;91,02000000;91,02000000;90,96700000;6900000,00000000;0,00000000;0,00000000;0,00000000;0,00000000;20251121
82;1I;28193;FR0013234333;FRANCE O.A.T 1,75% 2016/25.06.2039;EUR;PARIGI;029000;100;I;50000000,000;0,000;0,000;0,000;80,3140;80,3140;40157000,0000;40157000,00;0,000000;78,7160;78,7160;39358000,0000;39358000,00;39715191,7800;39715191,78;78,6170;-1,990;0,000;-1,990;4,016;26,992;3,512;0,126;3,528;0,000;0,000;357191,7800;357191,78;;;;DEUR;N029000;T100;;096488      FRANCE O.A.T 1,75% 2016/25.06.2039;80,31400000;80,31400000;78,71600000;78,71600000;78,61700000;50000000,00000000;0,00000000;0,00000000;0,00000000;0,00000000;20251121
82;1I;61155;FR001400X8V5;FRANCE GOVT 3,200% 2025-25/05/2035;EUR;PARIGI;029000;100;I;34500000,000;0,000;0,000;0,000;98,7413;98,7413;34065750,0100;34065750,01;0,000000;98,3360;98,3360;33925920,0000;33925920,00;34470358,3600;34470358,36;98,2120;-0,410;0,000;-0,410;3,486;23,428;3,027;0,126;3,041;0,000;0,000;544438,3600;544438,36;;;;DEUR;N029000;T100;;096973      FRANCE GOVT 3,200% 2025-25/05/2035;98,74130440;98,74130440;98,33600000;98,33600000;98,21200000;34500000,00000000;0,00000000;0,00000000;0,00000000;0,00000000;20251121
82;1I;40325;FR0014002JM6;FRANCE OAT  0,500% 2020-25/06/2044;EUR;MTS;029000;100;I;11322000,000;0,000;0,000;0,000;58,1010;58,1010;6578195,2200;6578195,22;0,000000;54,2430;54,2430;6141392,4600;6141392,46;6164501,7500;6164501,75;54,1480;-6,640;0,000;-6,640;0,623;4,190;0,548;0,175;0,551;0,000;0,000;23109,2900;23109,29;;;;DEUR;N029000;T100;;099452      FRANCE OAT  0,500% 2020-25/06/2044;58,10100000;58,10100000;54,24300000;54,24300000;54,14800000;11322000,00000000;0,00000000;0,00000000;0,00000000;0,00000000;20251121
82;1I;33142;IE00BFZRQ242;IRISH 1,35% 2018/18.03.2031;EUR;DUBLINO;040000;100;I;20000000,000;0,000;0,000;0,000;94,1280;94,1280;18825600,0000;18825600,00;0,000000;94,6470;94,6470;18929400,0000;18929400,00;19112852,0500;19112852,05;94,5770;0,551;0,000;0,551;1,933;100,000;1,689;0,074;1,697;0,000;0,000;183452,0500;183452,05;;;;DEUR;N040000;T100;;098311      IRISH 1,35% 2018/18.03.2031;94,12800000;94,12800000;94,64700000;94,64700000;94,57700000;20000000,00000000;0,00000000;0,00000000;0,00000000;0,00000000;20251121
82;1I;35096;NL0013552060;NETHERLAND 0.50% 2019/15.01.2040;EUR;AMSTERDAM;050000;100;I;22000000,000;0,000;0,000;0,000;71,1986;71,1986;15663700,0000;15663700,00;0,000000;69,7520;69,7520;15345440,0000;15345440,00;15438864,6600;15438864,66;69,6770;-2,032;0,000;-2,032;1,561;35,673;1,369;0,108;1,376;0,000;0,000;93424,6600;93424,66;;;;DEUR;N050000;T100;;098631      NETHERLAND 0.50% 2019/15.01.2040;71,19863640;71,19863640;69,75200000;69,75200000;69,67700000;22000000,00000000;0,00000000;0,00000000;0,00000000;0,00000000;20251121
82;1I;31930;PTOTEWOE0017;PORTUGAL 2,25% 2018/18.04.2034;EUR;LISBONA;055000;100;I;2000000,000;0,000;0,000;0,000;95,8810;95,8810;1917620,0000;1917620,00;0,000000;95,1890;95,1890;1903780,0000;1903780,00;1930533,4200;1930533,42;95,0950;-0,722;0,000;-0,722;0,195;9,242;0,170;0,099;0,171;0,000;0,000;26753,4200;26753,42;;;;DEUR;N055000;T100;;099830      PORTUGAL 2,25% 2018/18.04.2034;95,88100000;95,88100000;95,18900000;95,18900000;95,09500000;2000000,00000000;0,00000000;0,00000000;0,00000000;0,00000000;20251121
82;1I;39911;PTOTECOE0037;PORTUGAL-OT 12-4-2052 1% EUR;EUR;LUXEMBOURG;055000;100;I;3000000,000;0,000;0,000;0,000;59,1530;59,1530;1774590,0000;1774590,00;0,000000;53,7790;53,7790;1613370,0000;1613370,00;1631698,7700;1631698,77;53,6640;-9,085;0,000;-9,085;0,165;7,811;0,144;0,214;0,145;0,000;0,000;18328,7700;18328,77;;;;DEUR;N055000;T100;;099856      PORTUGAL-OT 12-4-2052 1% EUR;59,15300000;59,15300000;53,77900000;53,77900000;53,66400000;3000000,00000000;0,00000000;0,00000000;0,00000000;0,00000000;20251121
82;1I;41969;ES0000012J07;SPAIN BONOS % 2021/30.07.2042;EUR;AIAF;067000;100;I;40000000,000;0,000;0,000;0,000;66,8976;66,8976;26759050,0000;26759050,00;0,000000;66,5690;66,5690;26627600,0000;26627600,00;26752531,5100;26752531,51;66,4480;-0,491;0,000;-0,491;2,705;22,687;2,376;0,182;2,387;0,000;0,000;124931,5100;124931,51;;;;DEUR;N067000;T100;;097624      SPAIN BONOS % 2021/30.07.2042;66,89762500;66,89762500;66,56900000;66,56900000;66,44800000;40000000,00000000;0,00000000;0,00000000;0,00000000;0,00000000;20251121
82;1I;62397;ES0000012P33;SPAIN BONOS 3,20% 31.10.2035;EUR;MADRID;067000;100;I;25000000,000;0,000;0,000;0,000;99,9990;99,9990;24999750,0000;24999750,00;0,000000;99,9220;99,9220;24980500,0000;24980500,00;25035294,5200;25035294,52;99,7890;-0,077;0,000;-0,077;2,532;21,231;2,229;0,133;2,239;0,000;0,000;54794,5200;54794,52;;;;DEUR;N067000;T100;;097771      SPAIN BONOS 3,20% 31.10.2035;99,99900000;99,99900000;99,92200000;99,92200000;99,78900000;25000000,00000000;0,00000000;0,00000000;0,00000000;0,00000000;20251121
82;1I;37577;ES0000012G26;SPAIN BONOS 0.80% 2020/ 30.07.2027;EUR;MADRID;067000;100;I;20000000,000;0,000;0,000;0,000;96,1930;96,1930;19238600,0000;19238600,00;0,000000;97,9210;97,9210;19584200,0000;19584200,00;19634172,6000;19634172,60;97,9100;1,796;0,000;1,796;1,985;16,650;1,748;0,011;1,756;0,000;0,000;49972,6000;49972,60;;;;DEUR;N067000;T100;;098252      SPAIN BONOS 0.80% 2020/ 30.07.2027;96,19300000;96,19300000;97,92100000;97,92100000;97,91000000;20000000,00000000;0,00000000;0,00000000;0,00000000;0,00000000;20251121
82;1I;34219;ES0000012E69;SPAIN BONOS 1.85% 2019/30.07.2035;EUR;MADRID;067000;100;I;15000000,000;0,000;0,000;0,000;89,5560;89,5560;13433400,0000;13433400,00;0,000000;89,1650;89,1650;13374750,0000;13374750,00;13461421,2300;13461421,23;89,0510;-0,437;0,000;-0,437;1,361;11,416;1,193;0,128;1,199;0,000;0,000;86671,2300;86671,23;;;;DEUR;N067000;T100;;098807      SPAIN BONOS 1.85% 2019/30.07.2035;89,55600000;89,55600000;89,16500000;89,16500000;89,05100000;15000000,00000000;0,00000000;0,00000000;0,00000000;0,00000000;20251121
82;1I;38523;ES0000012G34;SPAIN BONOS 1.25% 2020/31.10.2030;EUR;MADRID;067000;100;I;7000000,000;0,000;0,000;0,000;92,5460;92,5460;6478220,0000;6478220,00;0,000000;94,0190;94,0190;6581330,0000;6581330,00;6586364,2500;6586364,25;93,9630;1,592;0,000;1,592;0,666;5,585;0,587;0,060;0,590;0,000;0,000;5034,2500;5034,25;;;;DEUR;N067000;T100;;099413      SPAIN BONOS 1.25% 2020/31.10.2030;92,54600000;92,54600000;94,01900000;94,01900000;93,96300000;7000000,00000000;0,00000000;0,00000000;0,00000000;0,00000000;20251121
82;1I;37992;ES0000012G42;SPAIN BONOS 1,200% 2020-31/10/2040;EUR;MADRID;067000;100;I;9000000,000;0,000;0,000;0,000;72,9930;72,9930;6569370,0000;6569370,00;0,000000;72,2570;72,2570;6503130,0000;6503130,00;6509343,7000;6509343,70;72,1510;-1,008;0,000;-1,008;0,658;5,520;0,580;0,147;0,583;0,000;0,000;6213,7000;6213,70;;;;DEUR;N067000;T100;;099420      SPAIN BONOS 1,200% 2020-31/10/2040;72,99300000;72,99300000;72,25700000;72,25700000;72,15100000;9000000,00000000;0,00000000;0,00000000;0,00000000;0,00000000;20251121
82;1I;27021;ES00000128E2;SPAIN BONOS 3.45% 2016 - 30/07/2066;EUR;MADRID;067000;100;I;7000000,000;0,000;0,000;0,000;93,7390;93,7390;6561730,0000;6561730,00;0,000000;86,3390;86,3390;6043730,0000;6043730,00;6119157,4000;6119157,40;86,1570;-7,894;0,000;-7,894;0,619;5,189;0,539;0,211;0,542;0,000;0,000;75427,4000;75427,40;;;;DEUR;N067000;T100;;099461      SPAIN BONOS 3.45% 2016 - 30/07/2066;93,73900000;93,73900000;86,33900000;86,33900000;86,15700000;7000000,00000000;0,00000000;0,00000000;0,00000000;0,00000000;20251121
82;1I;44811;ES0000012K61;SPAIN BONOS 2.55% 2022/31.10.2032;EUR;AIAF;067000;100;I;6000000,000;0,000;0,000;0,000;97,9350;97,9350;5876100,0000;5876100,00;0,000000;98,2270;98,2270;5893620,0000;5893620,00;5902422,7400;5902422,74;98,1450;0,298;0,000;0,298;0,597;5,005;0,526;0,084;0,528;0,000;0,000;8802,7400;8802,74;;;;DEUR;N067000;T100;;099474      SPAIN BONOS 2.55% 2022/31.10.2032;97,93500000;97,93500000;98,22700000;98,22700000;98,14500000;6000000,00000000;0,00000000;0,00000000;0,00000000;0,00000000;20251121
82;1I;10177;ES00000120N0;SPAIN BONOS 4,9% 2007/30.7.2040;EUR;AIAF;067000;100;I;5000000,000;0,000;0,000;0,000;117,7480;117,7480;5887400,0000;5887400,00;0,000000;114,6330;114,6330;5731650,0000;5731650,00;5808170,5500;5808170,55;114,4480;-2,645;0,000;-2,645;0,587;4,925;0,511;0,162;0,514;0,000;0,000;76520,5500;76520,55;;;;DEUR;N067000;T100;;099489      SPAIN BONOS 4,9% 2007/30.7.2040;117,74800000;117,74800000;114,63300000;114,63300000;114,44800000;5000000,00000000;0,00000000;0,00000000;0,00000000;0,00000000;20251121
82;1I;43456;ES0000012K46;SPAIN BONOS 1.9% 2022/31.10.2052;EUR;AIAF;067000;100;I;2500000,000;0,000;0,000;0,000;70,0700;70,0700;1751750,0000;1751750,00;0,000000;65,8680;65,8680;1646700,0000;1646700,00;1649432,8800;1649432,88;65,7390;-5,997;0,000;-5,997;0,167;1,399;0,147;0,196;0,148;0,000;0,000;2732,8800;2732,88;;;;DEUR;N067000;T100;;099853      SPAIN BONOS 1.9% 2022/31.10.2052;70,07000000;70,07000000;65,86800000;65,86800000;65,73900000;2500000,00000000;0,00000000;0,00000000;0,00000000;0,00000000;20251121
82;1I;36809;ES0000012F76;SPAIN BONOS 0.50% 2020/30.04.2030;EUR;MADRID;067000;100;I;311000,000;0,000;0,000;0,000;89,7570;89,7570;279144,2700;279144,27;0,000000;91,8050;91,8050;285513,5500;285513,55;286386,9100;286386,91;91,7590;2,282;0,000;2,282;0,029;0,243;0,025;0,050;0,026;0,000;0,000;873,3600;873,36;;;;DEUR;N067000;T100;;099975      SPAIN BONOS 0.50% 2020/30.04.2030;89,75700000;89,75700000;91,80500000;91,80500000;91,75900000;311000,00000000;0,00000000;0,00000000;0,00000000;0,00000000;20251121
82;1I;48904;DE000BU35025;BUNDESOBLIGATION  2,100% 2024-12/04/2029;EUR;FRANCOFORT;094000;100;I;73500000,000;0,000;0,000;0,000;99,9703;99,9703;73478190,0000;73478190,00;0,000000;99,9140;99,9140;73436790,0000;73436790,00;74379805,0700;74379805,07;99,8950;-0,056;0,000;-0,056;7,521;28,674;6,553;0,019;6,583;0,000;0,000;943015,0700;943015,07;;;;DEUR;N094000;T100;;093447      BUNDESOBLIGATION  2,100% 2024-12/04/2029;99,97032650;99,97032650;99,91400000;99,91400000;99,89500000;73500000,00000000;0,00000000;0,00000000;0,00000000;0,00000000;20251121
82;1I;46637;DE000BU3Z005;BUNDESREPUBLIC 2,300% 2023-15/02/2033;EUR;FRANCOFORT;094000;100;I;70000000,000;0,000;0,000;0,000;100,2240;100,2240;70156800,0000;70156800,00;0,000000;98,7320;98,7320;69112400,0000;69112400,00;70343057,5300;70343057,53;98,6650;-1,489;0,000;-1,489;7,113;27,118;6,167;0,068;6,196;0,000;0,000;1230657,5300;1230657,53;;;;DEUR;N094000;T100;;093833      BUNDESREPUBLIC 2,300% 2023-15/02/2033;100,22400000;100,22400000;98,73200000;98,73200000;98,66500000;70000000,00000000;0,00000000;0,00000000;0,00000000;0,00000000;20251121
82;1I;45149;DE0001030740;BUNDESREPUBLIK 1,300% 2022-15/10/2027;EUR;FRANCOFORT;094000;100;I;38000000,000;0,000;0,000;0,000;98,7721;98,7721;37533432,7100;37533432,71;0,000000;98,7800;98,7800;37536400,0000;37536400,00;37586476,7100;37586476,71;98,7760;0,008;0,000;0,008;3,801;14,490;3,349;0,004;3,365;0,000;0,000;50076,7100;50076,71;;;;DEUR;N094000;T100;;096651      BUNDESREPUBLIK 1,300% 2022-15/10/2027;98,77219130;98,77219130;98,78000000;98,78000000;98,77600000;38000000,00000000;0,00000000;0,00000000;0,00000000;0,00000000;20251121
82;1I;38532;DE0001030708;BUNDESREPUBLIK 0% 2020/15.08.2030;EUR;LUXEMBOURG;094000;100;I;36800000,000;0,000;0,000;0,000;89,0620;89,0620;32774816,0000;32774816,00;0,000000;90,1270;90,1270;33166736,0000;33166736,00;33166736,0000;33166736,00;90,0880;1,196;0,000;1,196;3,354;12,786;2,959;0,043;2,973;0,000;0,000;0,0000;0,00;;;;DEUR;N094000;T100;;097041      BUNDESREPUBLIK 0% 2020/15.08.2030;89,06200000;89,06200000;90,12700000;90,12700000;90,08800000;36800000,00000000;0,00000000;0,00000000;0,00000000;0,00000000;20251121
82;1I;41972;DE0001030732;BUNDESREPUBLIK 0% 2021/15.08.2031;EUR;FRANCOFORT;094000;100;I;20000000,000;0,000;0,000;0,000;86,9090;86,9090;17381800,0000;17381800,00;0,000000;87,6430;87,6430;17528600,0000;17528600,00;17528600,0000;17528600,00;87,5810;0,845;0,000;0,845;1,772;6,757;1,564;0,071;1,571;0,000;0,000;0,0000;0,00;;;;DEUR;N094000;T100;;098436      BUNDESREPUBLIK 0% 2021/15.08.2031;86,90900000;86,90900000;87,64300000;87,64300000;87,58100000;20000000,00000000;0,00000000;0,00000000;0,00000000;0,00000000;20251121
82;1I;40880;DE0001030724;BUNDES  ZC 2021/15.08.2050;EUR;FRANCOFORT;094000;100;I;25400000,000;0,000;0,000;0,000;52,6170;52,6170;13364718,0000;13364718,00;0,000000;44,8420;44,8420;11389868,0000;11389868,00;11389868,0000;11389868,00;44,7610;-14,777;0,000;-14,777;1,152;4,391;1,016;0,181;1,021;0,000;0,000;0,0000;0,00;;;;DEUR;N094000;T100;;098984      BUNDES  ZC 2021/15.08.2050;52,61700000;52,61700000;44,84200000;44,84200000;44,76100000;25400000,00000000;0,00000000;0,00000000;0,00000000;0,00000000;20251121
82;1I;41448;SI0002104196;REP  OF SLOVENIA 0.125% 21-01.07.31;EUR;LUBIANA;260000;100;I;4390000,000;0,000;0,000;0,000;85,0350;85,0350;3733036,5000;3733036,50;0,000000;87,7930;87,7930;3854112,7000;3854112,70;3856262,6000;3856262,60;87,7190;3,243;0,000;3,243;0,390;100,000;0,344;0,084;0,346;0,000;0,000;2149,9000;2149,90;;;;DEUR;N260000;T100;;099656      REP  OF SLOVENIA 0.125% 21-01.07.31;85,03500000;85,03500000;87,79300000;87,79300000;87,71900000;4390000,00000000;0,00000000;0,00000000;0,00000000;0,00000000;20251121
82;1I;45694;XS2563353361;ORSTED A/S  5,250% 2022-31.12.2049;EUR;LUXEMBOURG;021000;301;I;2500000,000;0,000;0,000;0,000;103,3760;103,3760;2584400,0000;2584400,00;0,000000;101,9850;101,9850;2549625,0000;2549625,00;2674761,9900;2674761,99;102,1110;-1,346;0,000;-1,346;0,270;37,100;0,228;-0,123;0,229;0,000;0,000;125136,9900;125136,99;;;;DEUR;N021000;T200;;099772      ORSTED A/S  5,250% 2022-31.12.2049;103,37600000;103,37600000;101,98500000;101,98500000;102,11100000;2500000,00000000;0,00000000;0,00000000;0,00000000;0,00000000;20251121
82;1I;39984;XS2293075680;ORSTED 1.50% 2021/18.02.2051;EUR;LUXEMBOURG;021000;301;I;2000000,000;0,000;0,000;0,000;83,6250;83,6250;1672500,0000;1672500,00;0,000000;84,7140;84,7140;1694280,0000;1694280,00;1716964,9300;1716964,93;84,8990;1,302;0,000;1,302;0,174;23,815;0,151;-0,218;0,152;0,000;0,000;22684,9300;22684,93;;;;DEUR;N021000;T200;;099849      ORSTED 1.50% 2021/18.02.2051;83,62500000;83,62500000;84,71400000;84,71400000;84,89900000;2000000,00000000;0,00000000;0,00000000;0,00000000;0,00000000;20251121
82;1I;36584;XS2010036874;ORSTED A/S 1.75% 2019/09.12.20.3019;EUR;LUXEMBOURG;021000;301;I;1500000,000;0,000;0,000;0,000;93,8510;93,8510;1407765,0000;1407765,00;0,000000;95,6400;95,6400;1434600,0000;1434600,00;1459555,4800;1459555,48;95,7060;1,906;0,000;1,906;0,148;20,245;0,128;-0,069;0,129;0,000;0,000;24955,4800;24955,48;;;;DEUR;N021000;T200;;099872      ORSTED A/S 1.75% 2019/09.12.20.3019;93,85100000;93,85100000;95,64000000;95,64000000;95,70600000;1500000,00000000;0,00000000;0,00000000;0,00000000;0,00000000;20251121
82;1I;46225;XS2591029876;ORSTED A/S 3,750% 2023-01/03/2030;EUR;LUXEMBOURG;021000;301;I;1300000,000;0,000;0,000;0,000;102,7150;102,7150;1335295,0000;1335295,00;0,000000;101,7560;101,7560;1322828,0000;1322828,00;1358221,8400;1358221,84;101,7680;-0,934;0,000;-0,934;0,137;18,839;0,118;-0,012;0,119;0,000;0,000;35393,8400;35393,84;;;;DEUR;N021000;T200;;099882      ORSTED A/S 3,750% 2023-01/03/2030;102,71500000;102,71500000;101,75600000;101,75600000;101,76800000;1300000,00000000;0,00000000;0,00000000;0,00000000;0,00000000;20251121
82;1I;46138;XS2488809612;NOKIA   4,375% 2023-21/08/2031;EUR;FIPS;028000;301;I;3000000,000;0,000;0,000;0,000;104,4490;104,4490;3133470,0000;3133470,00;0,000000;104,6310;104,6310;3138930,0000;3138930,00;3172012,1900;3172012,19;104,6500;0,174;0,000;0,174;0,321;50,488;0,280;-0,018;0,281;0,000;0,000;33082,1900;33082,19;;;;DEUR;N028000;T200;;099720      NOKIA   4,375% 2023-21/08/2031;104,44900000;104,44900000;104,63100000;104,63100000;104,65000000;3000000,00000000;0,00000000;0,00000000;0,00000000;0,00000000;20251121
82;1I;37637;XS2171872570;NOKIA OYJ 3,125% 2020/15.05.2028;EUR;DUBLINO;028000;301;I;2000000,000;0,000;0,000;0,000;100,1730;100,1730;2003460,0000;2003460,00;0,000000;100,8420;100,8420;2016840,0000;2016840,00;2049374,2500;2049374,25;100,8520;0,668;0,000;0,668;0,207;32,619;0,180;-0,010;0,181;0,000;0,000;32534,2500;32534,25;;;;DEUR;N028000;T200;;099820      NOKIA OYJ 3,125% 2020/15.05.2028;100,17300000;100,17300000;100,84200000;100,84200000;100,85200000;2000000,00000000;0,00000000;0,00000000;0,00000000;0,00000000;20251121
82;1I;39333;XS2265360359;STORA ENSO 0.625% 2020/02.12.2030;EUR;LUXEMBOURG;028000;301;I;300000,000;0,000;0,000;0,000;85,2100;85,2100;255630,0000;255630,00;0,000000;90,5280;90,5280;271584,0000;271584,00;273402,4900;273402,49;90,5040;6,241;0,000;6,241;0,028;4,352;0,024;0,027;0,024;0,000;0,000;1818,4900;1818,49;;;;DEUR;N028000;T200;;099976      STORA ENSO 0.625% 2020/02.12.2030;85,21000000;85,21000000;90,52800000;90,52800000;90,50400000;300000,00000000;0,00000000;0,00000000;0,00000000;0,00000000;20251121
82;1I;41157;FR0014003YN1;AGENCE FRANCAISE DEV 0,01% 2021/25.11.28;EUR;PARIGI;029000;301;I;16000000,000;0,000;0,000;0,000;89,7100;89,7100;14353600,0000;14353600,00;0,000000;92,5360;92,5360;14805760,0000;14805760,00;14807342,4700;14807342,47;92,5110;3,150;0,000;3,150;1,497;10,064;1,321;0,027;1,327;0,000;0,000;1582,4700;1582,47;;;;DEUR;N029000;T200;;098679      AGENCE FRANCAISE DEV 0,01% 2021/25.11.28;89,71000000;89,71000000;92,53600000;92,53600000;92,51100000;16000000,00000000;0,00000000;0,00000000;0,00000000;0,00000000;20251121
82;1I;41183;FR0014004016;CADES 0% 2021 25/11/206;EUR;LUXEMBOURG;029000;301;I;10400000,000;0,000;0,000;0,000;95,6160;95,6160;9944064,0000;9944064,00;0,000000;97,8660;97,8660;10178064,0000;10178064,00;10178064,0000;10178064,00;97,8560;2,353;0,000;2,353;1,029;6,917;0,908;0,010;0,912;0,000;0,000;0,0000;0,00;;;;DEUR;N029000;T200;;099092      CADES 0% 2021 25/11/206;95,61600000;95,61600000;97,86600000;97,86600000;97,85600000;10400000,00000000;0,00000000;0,00000000;0,00000000;0,00000000;20251121
82;1I;43209;FR0014007RB1;CAISSE AMORT DETTE  0,45% 2022/19.01.203;EUR;PARIGI;029000;301;I;10700000,000;0,000;0,000;0,000;84,2030;84,2030;9009721,0000;9009721,00;0,000000;86,0810;86,0810;9210667,0000;9210667,00;9251033,8500;9251033,85;86,0010;2,230;0,000;2,230;0,935;6,287;0,822;0,093;0,826;0,000;0,000;40366,8500;40366,85;;;;DEUR;N029000;T200;;099178      CAISSE AMORT DETTE  0,45% 2022/19.01.203;84,20300000;84,20300000;86,08100000;86,08100000;86,00100000;10700000,00000000;0,00000000;0,00000000;0,00000000;0,00000000;20251121
82;1I;42158;FR0014005NA6;AFD 0.125% 2021/29.09.2031;EUR;PARIGI;029000;301;I;9000000,000;0,000;0,000;0,000;81,8530;81,8530;7366770,0000;7366770,00;0,000000;83,8390;83,8390;7545510,0000;7545510,00;7547143,5600;7547143,56;83,7710;2,426;0,000;2,426;0,763;5,129;0,673;0,081;0,676;0,000;0,000;1633,5600;1633,56;;;;DEUR;N029000;T200;;099327      AFD 0.125% 2021/29.09.2031;81,85300000;81,85300000;83,83900000;83,83900000;83,77100000;9000000,00000000;0,00000000;0,00000000;0,00000000;0,00000000;20251121
82;1I;44194;FR001400A3H2;CAISSE AMORT DET 1.5% 2022/25.05.2032;EUR;PARIGI;029000;301;I;6500000,000;0,000;0,000;0,000;90,1050;90,1050;5856825,0000;5856825,00;0,000000;91,0750;91,0750;5919875,0000;5919875,00;5967957,1900;5967957,19;91,0050;1,077;0,000;1,077;0,603;4,056;0,528;0,077;0,531;0,000;0,000;48082,1900;48082,19;;;;DEUR;N029000;T200;;099472      CAISSE AMORT DET 1.5% 2022/25.05.2032;90,10500000;90,10500000;91,07500000;91,07500000;91,00500000;6500000,00000000;0,00000000;0,00000000;0,00000000;0,00000000;20251121
82;1I;40673;FR00140033E4;CAISSE FRANCAISE DE FIN0,01% 21/27.04.29;EUR;PARIGI;029000;301;I;5500000,000;0,000;0,000;0,000;88,7960;88,7960;4883780,0000;4883780,00;0,000000;91,6510;91,6510;5040805,0000;5040805,00;5041118,4200;5041118,42;91,5820;3,215;0,000;3,215;0,510;3,426;0,450;0,075;0,452;0,000;0,000;313,4200;313,42;;;;DEUR;N029000;T200;;099550      CAISSE FRANCAISE DE FIN0,01% 21/27.04.29;88,79600000;88,79600000;91,65100000;91,65100000;91,58200000;5500000,00000000;0,00000000;0,00000000;0,00000000;0,00000000;20251121
82;1I;40332;XS2312733871;FORVIA EX FAURECIA 2,375% 21-15.06.2029;EUR;DUBLINO;029000;301;I;2500000,000;0,000;0,000;0,000;89,5330;89,5330;2238325,0000;2238325,00;0,000000;96,6970;96,6970;2417425,0000;2417425,00;2443154,1700;2443154,17;96,7800;8,002;0,000;8,002;0,247;1,660;0,216;-0,086;0,217;0,000;0,000;25729,1700;25729,17;;;;DEUR;N029000;T200;;099784      FORVIA EX FAURECIA 2,375% 21-15.06.2029;89,53300000;89,53300000;96,69700000;96,69700000;96,78000000;2500000,00000000;0,00000000;0,00000000;0,00000000;0,00000000;20251121
82;1I;38859;FR00140005L7;ORANGE SA 1.75% 2020/31.12.2049;EUR;PARIGI;029000;301;I;2500000,000;0,000;0,000;0,000;92,8860;92,8860;2322150,0000;2322150,00;0,000000;95,3700;95,3700;2384250,0000;2384250,00;2388684,9300;2388684,93;95,4920;2,674;0,000;2,674;0,242;1,623;0,213;-0,128;0,214;0,000;0,000;4434,9300;4434,93;;;;DEUR;N029000;T200;;099787      ORANGE SA 1.75% 2020/31.12.2049;92,88600000;92,88600000;95,37000000;95,37000000;95,49200000;2500000,00000000;0,00000000;0,00000000;0,00000000;0,00000000;20251121
82;1I;37625;FR0013512233;KLEPIERRE 2% 2020/12.05.2029;EUR;PARIGI;029000;301;I;2000000,000;0,000;0,000;0,000;96,4790;96,4790;1929580,0000;1929580,00;0,000000;97,0450;97,0450;1940900,0000;1940900,00;1962050,6800;1962050,68;97,0460;0,587;0,000;0,587;0,198;1,333;0,173;-0,001;0,174;0,000;0,000;21150,6800;21150,68;;;;DEUR;N029000;T200;;099827      KLEPIERRE 2% 2020/12.05.2029;96,47900000;96,47900000;97,04500000;97,04500000;97,04600000;2000000,00000000;0,00000000;0,00000000;0,00000000;0,00000000;20251121
82;1I;42502;XS2405483301;FORVIA EX FAURECIA 2,750% 15/02/2027;EUR;DUBLINO;029000;301;I;1656000,000;0,000;0,000;0,000;95,9690;95,9690;1589246,6400;1589246,64;0,000000;99,4100;99,4100;1646229,6000;1646229,60;1665963,6000;1665963,60;99,4740;3,586;0,000;3,586;0,168;1,132;0,147;-0,064;0,148;0,000;0,000;19734,0000;19734,00;;;;DEUR;N029000;T200;;099853      FORVIA EX FAURECIA 2,750% 15/02/2027;95,96900000;95,96900000;99,41000000;99,41000000;99,47400000;1656000,00000000;0,00000000;0,00000000;0,00000000;0,00000000;20251121
82;1I;63669;FR0014010DR1;RENAULT SA 3,875% 2025-30/09/2030;EUR;DUBLINO;029000;301;I;1000000,000;0,000;0,000;0,000;100,0000;100,0000;1000000,0000;1000000,00;0,000000;99,9920;99,9920;999920,0000;999920,00;1005440,5500;1005440,55;100,0500;-0,008;0,000;-0,008;0,102;0,683;0,089;-0,058;0,090;0,000;0,000;5520,5500;5520,55;;;;DEUR;N029000;T200;;099911      RENAULT SA 3,875% 2025-30/09/2030;100,00000000;100,00000000;99,99200000;99,99200000;100,05000000;1000000,00000000;0,00000000;0,00000000;0,00000000;0,00000000;20251121
82;1I;44193;FR00140060E7;FONCIERE LYONNAISE 0.5% 2021/21.04.2028;EUR;PARIGI;029000;301;I;1000000,000;0,000;0,000;0,000;93,3190;93,3190;933190,0000;933190,00;0,000000;95,2990;95,2990;952990,0000;952990,00;955921,5100;955921,51;95,2790;2,122;0,000;2,122;0,097;0,650;0,085;0,021;0,085;0,000;0,000;2931,5100;2931,51;;;;DEUR;N029000;T200;;099915      FONCIERE LYONNAISE 0.5% 2021/21.04.2028;93,31900000;93,31900000;95,29900000;95,29900000;95,27900000;1000000,00000000;0,00000000;0,00000000;0,00000000;0,00000000;20251121
82;1I;19194;XS1115498260;ORANGE SA 5% 2014/29.10.2049;EUR;PARIGI;029000;301;I;769000,000;0,000;0,000;0,000;102,4920;102,4920;788163,4800;788163,48;0,000000;101,4850;101,4850;780419,6500;780419,65;785792,1200;785792,12;101,5570;-0,983;0,000;-0,983;0,079;0,534;0,070;-0,071;0,070;0,000;0,000;5372,4700;5372,47;;;;DEUR;N029000;T200;;099930      ORANGE SA 5% 2014/29.10.2049;102,49200000;102,49200000;101,48500000;101,48500000;101,55700000;769000,00000000;0,00000000;0,00000000;0,00000000;0,00000000;20251121
82;1I;38143;XS2195190520;SSE PLC 3,125% 2020/31.12.2049;EUR;LONDRAEST;031000;301;I;3500000,000;0,000;0,000;0,000;98,4100;98,4100;3444350,0000;3444350,00;0,000000;99,6950;99,6950;3489325,0000;3489325,00;3528280,4800;3528280,48;99,7890;1,306;0,000;1,306;0,357;66,208;0,311;-0,094;0,313;0,000;0,000;38955,4800;38955,48;;;;DEUR;N031000;T200;;099689      SSE PLC 3,125% 2020/31.12.2049;98,41000000;98,41000000;99,69500000;99,69500000;99,78900000;3500000,00000000;0,00000000;0,00000000;0,00000000;0,00000000;20251121
82;1I;48462;XS2794589403;BRITISH TELECOM TV (5,125) 03.10.2054;EUR;LONDRAEST;031000;301;I;1000000,000;0,000;0,000;0,000;103,3970;103,3970;1033970,0000;1033970,00;0,000000;103,6290;103,6290;1036290,0000;1036290,00;1043170,1400;1043170,14;103,7680;0,224;0,000;0,224;0,105;19,575;0,092;-0,134;0,093;0,000;0,000;6880,1400;6880,14;;;;DEUR;N031000;T200;;099908      BRITISH TELECOM TV (5,125) 03.10.2054;103,39700000;103,39700000;103,62900000;103,62900000;103,76800000;1000000,00000000;0,00000000;0,00000000;0,00000000;0,00000000;20251121
82;1I;44959;XS2510903862;SSE PLC 2.875% 01.08.2029;EUR;LONDRAEST;031000;301;I;750000,000;0,000;0,000;0,000;99,7420;99,7420;748065,0000;748065,00;0,000000;100,1370;100,1370;751027,5000;751027,50;757643,9400;757643,94;100,1730;0,396;0,000;0,396;0,077;14,217;0,067;-0,036;0,067;0,000;0,000;6616,4400;6616,44;;;;DEUR;N031000;T200;;099933      SSE PLC 2.875% 01.08.2029;99,74200000;99,74200000;100,13700000;100,13700000;100,17300000;750000,00000000;0,00000000;0,00000000;0,00000000;0,00000000;20251121
82;1I;45197;XS2486270858;KONINKLIJKE KPN 6 2022/31.12.2049;EUR;DUBLINO;050000;301;I;7500000,000;0,000;0,000;0,000;106,1250;106,1250;7959375,0000;7959375,00;0,000000;105,0440;105,0440;7878300,0000;7878300,00;8291313,7000;8291313,70;105,1090;-1,019;0,000;-1,019;0,838;19,158;0,703;-0,062;0,706;0,000;0,000;413013,7000;413013,70;;;;DEUR;N050000;T200;;099297      KONINKLIJKE KPN 6 2022/31.12.2049;106,12500000;106,12500000;105,04400000;105,04400000;105,10900000;7500000,00000000;0,00000000;0,00000000;0,00000000;0,00000000;20251121
82;1I;36892;XS2109819859;TELEFONICA TV 05.02.2027;EUR;DUBLINO;050000;301;I;5000000,000;0,000;0,000;0,000;97,3330;97,3330;4866650,0000;4866650,00;0,000000;98,4000;98,4000;4920000,0000;4920000,00;4988547,9500;4988547,95;98,3940;1,096;0,000;1,096;0,504;11,526;0,439;0,006;0,441;0,000;0,000;68547,9500;68547,95;;;;DEUR;N050000;T200;;099561      TELEFONICA TV 05.02.2027;97,33300000;97,33300000;98,40000000;98,40000000;98,39400000;5000000,00000000;0,00000000;0,00000000;0,00000000;0,00000000;20251121
82;1I;48326;XS2755535577;TELEFONICA EUR TV (5,752%) 24-31/12/2049;EUR;DUBLINO;050000;301;I;4000000,000;0,000;0,000;0,000;106,9210;106,9210;4276840,0000;4276840,00;0,000000;105,2020;105,2020;4208080,0000;4208080,00;4346763,1800;4346763,18;105,5360;-1,608;0,000;-1,608;0,440;10,044;0,375;-0,316;0,377;0,000;0,000;138683,1800;138683,18;;;;DEUR;N050000;T200;;099625      TELEFONICA EUR TV (5,752%) 24-31/12/2049;106,92100000;106,92100000;105,20200000;105,20200000;105,53600000;4000000,00000000;0,00000000;0,00000000;0,00000000;0,00000000;20251121
82;1I;46032;XS2582389156;TELEFONICA EUR BV TV 23-31.12.49;EUR;DUBLINO;050000;301;I;3000000,000;0,000;0,000;0,000;107,8640;107,8640;3235920,0000;3235920,00;0,000000;106,1350;106,1350;3184050,0000;3184050,00;3285907,8100;3285907,81;106,3680;-1,603;0,000;-1,603;0,332;7,592;0,284;-0,219;0,285;0,000;0,000;101857,8100;101857,81;;;;DEUR;N050000;T200;;099716      TELEFONICA EUR BV TV 23-31.12.49;107,86400000;107,86400000;106,13500000;106,13500000;106,36800000;3000000,00000000;0,00000000;0,00000000;0,00000000;0,00000000;20251121
82;1I;45616;XS2462605671;TELEFONICA EM TV 2022/31.12.2049;EUR;LONDRAEST;050000;301;I;2500000,000;0,000;0,000;0,000;109,8700;109,8700;2746750,0000;2746750,00;0,000000;108,4290;108,4290;2710725,0000;2710725,00;2887873,9700;2887873,97;108,5380;-1,312;0,000;-1,312;0,292;6,673;0,242;-0,100;0,243;0,000;0,000;177148,9700;177148,97;;;;DEUR;N050000;T200;;099758      TELEFONICA EM TV 2022/31.12.2049;109,87000000;109,87000000;108,42900000;108,42900000;108,53800000;2500000,00000000;0,00000000;0,00000000;0,00000000;0,00000000;20251121
82;1I;45980;PTEDP4OM0025;ENERGIAS DE PORT  2023-23/04/2083;EUR;DUBLINO;055000;301;I;8000000,000;0,000;0,000;0,000;105,0310;105,0310;8402480,0000;8402480,00;0,000000;105,2110;105,2110;8416880,0000;8416880,00;8693025,9700;8693025,97;105,3570;0,171;0,000;0,171;0,879;41,614;0,751;-0,139;0,755;0,000;0,000;276145,9700;276145,97;;;;DEUR;N055000;T200;;099249      ENERGIAS DE PORT  2023-23/04/2083;105,03100000;105,03100000;105,21100000;105,21100000;105,35700000;8000000,00000000;0,00000000;0,00000000;0,00000000;0,00000000;20251121
82;1I;41944;PTEDPXOM0021;ENERGIAS DE PORTUGAL SA 20218/14.03.2082;EUR;DUBLINO;055000;301;I;6300000,000;0,000;0,000;0,000;95,3850;95,3850;6009255,0000;6009255,00;0,000000;97,6760;97,6760;6153588,0000;6153588,00;6218831,8400;6218831,84;97,8180;2,402;0,000;2,402;0,629;29,770;0,549;-0,145;0,552;0,000;0,000;65243,8400;65243,84;;;;DEUR;N055000;T200;;099451      ENERGIAS DE PORTUGAL SA 20218/14.03.2082;95,38500000;95,38500000;97,67600000;97,67600000;97,81800000;6300000,00000000;0,00000000;0,00000000;0,00000000;0,00000000;20251121
82;1I;49005;PTEDPZOM0011;ENERGIAS DE PORT (4,750%) TV 29/05/2054;EUR;DUBLINO;055000;301;I;1200000,000;0,000;0,000;0,000;102,2090;102,2090;1226508,0000;1226508,00;0,000000;103,1730;103,1730;1238076,0000;1238076,00;1265560,9300;1265560,93;103,3200;0,943;0,000;0,943;0,128;6,058;0,110;-0,142;0,111;0,000;0,000;27484,9300;27484,93;;;;DEUR;N055000;T200;;099890      ENERGIAS DE PORT (4,750%) TV 29/05/2054;102,20900000;102,20900000;103,17300000;103,17300000;103,32000000;1200000,00000000;0,00000000;0,00000000;0,00000000;0,00000000;20251121
82;1I;39819;PTEDPROM0029;ENERGIAS DE PORT 1.875% 2021/02.08.2081;EUR;DUBLINO;055000;301;I;1100000,000;0,000;0,000;0,000;97,4210;97,4210;1071631,0000;1071631,00;0,000000;99,0810;99,0810;1089891,0000;1089891,00;1096163,2600;1096163,26;99,1230;1,704;0,000;1,704;0,111;5,247;0,097;-0,042;0,098;0,000;0,000;6272,2600;6272,26;;;;DEUR;N055000;T200;;099903      ENERGIAS DE PORT 1.875% 2021/02.08.2081;97,42100000;97,42100000;99,08100000;99,08100000;99,12300000;1100000,00000000;0,00000000;0,00000000;0,00000000;0,00000000;20251121
82;1I;43961;XS2443749648;TELIA CO AB 2,75 % 2022/30.06.2083;EUR;STOCCOLMA;068000;301;I;1400000,000;0,000;0,000;0,000;96,5120;96,5120;1351168,0000;1351168,00;0,000000;99,3420;99,3420;1390788,0000;1390788,00;1405977,0400;1405977,04;99,4400;2,932;0,000;2,932;0,142;100,000;0,124;-0,099;0,125;0,000;0,000;15189,0400;15189,04;;;;DEUR;N068000;T200;;099876      TELIA CO AB 2,75 % 2022/30.06.2083;96,51200000;96,51200000;99,34200000;99,34200000;99,44000000;1400000,00000000;0,00000000;0,00000000;0,00000000;0,00000000;20251121
82;1I;48521;XS2798269069;TERNA - RETE ELET TV 11-04-24/31/12/2049;EUR;LUXEMBOURG;086000;301;I;3800000,000;0,000;0,000;0,000;102,9960;102,9960;3913848,0000;3913848,00;0,000000;103,0170;103,0170;3914646,0000;3914646,00;4025418,6000;4025418,60;103,1510;0,020;0,000;0,020;0,407;1,710;0,349;-0,130;0,351;0,000;0,000;110772,6000;110772,60;;;;DEUR;N086000;T200;;099651      TERNA - RETE ELET TV 11-04-24/31/12/2049;102,99600000;102,99600000;103,01700000;103,01700000;103,15100000;3800000,00000000;0,00000000;0,00000000;0,00000000;0,00000000;20251121
82;1I;41977;XS2386650274;ERG SPA 0.875% 2021/15.09.2031;EUR;LUXEMBOURG;086000;301;I;3000000,000;0,000;0,000;0,000;84,3420;84,3420;2530260,0000;2530260,00;0,000000;87,6050;87,6050;2628150,0000;2628150,00;2632968,4900;2632968,49;87,6110;3,869;0,000;3,869;0,266;1,119;0,235;-0,007;0,236;0,000;0,000;4818,4900;4818,49;;;;DEUR;N086000;T200;;099765      ERG SPA 0.875% 2021/15.09.2031;84,34200000;84,34200000;87,60500000;87,60500000;87,61100000;3000000,00000000;0,00000000;0,00000000;0,00000000;0,00000000;20251121
82;1I;38550;XS2229434852;ERG SPA 0,5% 2020/11.09.2027;EUR;LUXEMBOURG;086000;301;I;2400000,000;0,000;0,000;0,000;93,7390;93,7390;2249736,0000;2249736,00;0,000000;96,3310;96,3310;2311944,0000;2311944,00;2314278,2500;2314278,25;96,3000;2,765;0,000;2,765;0,234;0,983;0,206;0,032;0,207;0,000;0,000;2334,2500;2334,25;;;;DEUR;N086000;T200;;099794      ERG SPA 0,5% 2020/11.09.2027;93,73900000;93,73900000;96,33100000;96,33100000;96,30000000;2400000,00000000;0,00000000;0,00000000;0,00000000;0,00000000;20251121
82;1I;60711;XS2948434266;PRYSMIAN SPA 3,875% 2024-28/11/2031;EUR;LUXEMBOURG;086000;301;I;1500000,000;0,000;0,000;0,000;101,0770;101,0770;1516155,0000;1516155,00;0,000000;102,1890;102,1890;1532835,0000;1532835,00;1589845,2700;1589845,27;102,3450;1,100;0,000;1,100;0,161;0,675;0,137;-0,152;0,137;0,000;0,000;57010,2700;57010,27;;;;DEUR;N086000;T200;;099863      PRYSMIAN SPA 3,875% 2024-28/11/2031;101,07700000;101,07700000;102,18900000;102,18900000;102,34500000;1500000,00000000;0,00000000;0,00000000;0,00000000;0,00000000;20251121
82;1I;49606;XS2853679053;ERG SPA 4,125% 2024-03/07/2030;EUR;LUXEMBOURG;086000;301;I;1000000,000;0,000;0,000;0,000;102,9310;102,9310;1029310,0000;1029310,00;0,000000;104,1780;104,1780;1041780,0000;1041780,00;1057714,9300;1057714,93;104,1590;1,211;0,000;1,211;0,107;0,449;0,093;0,018;0,093;0,000;0,000;15934,9300;15934,93;;;;DEUR;N086000;T200;;099907      ERG SPA 4,125% 2024-03/07/2030;102,93100000;102,93100000;104,17800000;104,17800000;104,15900000;1000000,00000000;0,00000000;0,00000000;0,00000000;0,00000000;20251121
82;1I;46047;XS2583205906;A2A SPA 4,375% 2023-03/02/2034;EUR;LUXEMBOURG;086000;301;I;700000,000;0,000;0,000;0,000;105,7230;105,7230;740061,0000;740061,00;0,000000;105,3130;105,3130;737191,0000;737191,00;761607,1000;761607,10;105,2250;-0,388;0,000;-0,388;0,077;0,324;0,066;0,084;0,066;0,000;0,000;24416,1000;24416,10;;;;DEUR;N086000;T200;;099934      A2A SPA 4,375% 2023-03/02/2034;105,72300000;105,72300000;105,31300000;105,31300000;105,22500000;700000,00000000;0,00000000;0,00000000;0,00000000;0,00000000;20251121
82;1I;38139;XS2197348597;TAKEDA PHARMA 1% 2020/09.07.2029;EUR;NEW YORK;088000;301;I;3000000,000;0,000;0,000;0,000;91,9600;91,9600;2758800,0000;2758800,00;0,000000;93,3920;93,3920;2801760,0000;2801760,00;2812855,8900;2812855,89;93,4380;1,557;0,000;1,557;0,284;100,000;0,250;-0,049;0,251;0,000;0,000;11095,8900;11095,89;;;;DEUR;N088000;T200;;099750      TAKEDA PHARMA 1% 2020/09.07.2029;91,96000000;91,96000000;93,39200000;93,39200000;93,43800000;3000000,00000000;0,00000000;0,00000000;0,00000000;0,00000000;20251121
82;1I;41454;XS2359292955;LANDWIRTSCH 0% 21-30.06.22;EUR;LUXEMBOURG;094000;301;I;9000000,000;0,000;0,000;0,000;84,6800;84,6800;7621200,0000;7621200,00;0,000000;86,4870;86,4870;7783830,0000;7783830,00;7783830,0000;7783830,00;86,4100;2,134;0,000;2,134;0,787;3,001;0,695;0,089;0,698;0,000;0,000;0,0000;0,00;;;;DEUR;N094000;T200;;099305      LANDWIRTSCH 0% 21-30.06.22;84,68000000;84,68000000;86,48700000;86,48700000;86,41000000;9000000,00000000;0,00000000;0,00000000;0,00000000;0,00000000;20251121
82;1I;36023;XS2056730679;INFINEON TEC 3.625% 2019-31/12/2049;EUR;DUBLINO;094000;301;I;4000000,000;0,000;0,000;0,000;99,1040;99,1040;3964160,0000;3964160,00;0,000000;100,3780;100,3780;4015120,0000;4015120,00;4108078,9000;4108078,90;100,4790;1,286;0,000;1,286;0,415;1,584;0,358;-0,101;0,360;0,000;0,000;92958,9000;92958,90;;;;DEUR;N094000;T200;;099642      INFINEON TEC 3.625% 2019-31/12/2049;99,10400000;99,10400000;100,37800000;100,37800000;100,47900000;4000000,00000000;0,00000000;0,00000000;0,00000000;0,00000000;20251121
82;1I;40683;EU000A3KM903;EUROPEAN UNION 0.20% 2021/04.06.2036;EUR;LUXEMBOURG;921000;301;I;8806000,000;0,000;0,000;0,000;73,8140;73,8140;6500060,8400;6500060,84;0,000000;74,0470;74,0470;6520578,8200;6520578,82;6528781,6700;6528781,67;73,8990;0,316;0,000;0,316;0,660;100,000;0,582;0,200;0,585;0,000;0,000;8202,8500;8202,85;;;;DEUR;N921000;T200;;099418      EUROPEAN UNION 0.20% 2021/04.06.2036;73,81400000;73,81400000;74,04700000;74,04700000;73,89900000;8806000,00000000;0,00000000;0,00000000;0,00000000;0,00000000;20251121
82;1I;48399;XS2610236528;COUNCIL OF EUROPE 2.875% 2024/13.04.2030;EUR;FRANCOFORT;974000;301;I;6000000,000;0,000;0,000;0,000;101,7660;101,7660;6105960,0000;6105960,00;0,000000;101,3050;101,3050;6078300,0000;6078300,00;6183217,8100;6183217,81;101,2520;-0,453;0,000;-0,453;0,625;100,000;0,542;0,052;0,545;0,000;0,000;104917,8100;104917,81;;;;DEUR;N974000;T200;;099458      COUNCIL OF EUROPE 2.875% 2024/13.04.2030;101,76600000;101,76600000;101,30500000;101,30500000;101,25200000;6000000,00000000;0,00000000;0,00000000;0,00000000;0,00000000;20251121
82;1I;06036;AT0000937503;VOEST ALPINE AG;EUR;VIENNA;008000;201;I;21196,000;0,000;0,000;0,000;20,5539;20,5539;435660,6200;435660,62;0,000000;34,2800;34,2800;726598,8800;726598,88;726598,8800;726598,88;34,9200;66,781;0,000;66,781;0,073;1,058;0,065;-1,833;0,065;0,000;0,000;0,0000;0,00;;;;DEUR;N008000;T300;;099935      VOEST ALPINE AG;20,55390734;20,55390734;34,28000000;34,28000000;34,92000000;21196,00000000;0,00000000;0,00000000;0,00000000;0,00000000;20251121
82;1I;27230;BE0974293251;ANHEUSER-BUSCH INBEV;EUR;BRUXELLES;009000;201;I;10541,000;0,000;0,000;0,000;51,6229;51,6229;544157,0000;544157,00;0,000000;54,4000;54,4000;573430,4000;573430,40;573430,4000;573430,40;52,8400;5,380;0,000;5,380;0,058;2,372;0,051;2,952;0,051;0,000;0,000;0,0000;0,00;;;;DEUR;N009000;T300;;099949      ANHEUSER-BUSCH INBEV;51,62290105;51,62290105;54,40000000;54,40000000;52,84000000;10541,00000000;0,00000000;0,00000000;0,00000000;0,00000000;20251121
82;1I;08457;FI0009000681;NOKIA OYJ;EUR;HELSINKI;028000;201;I;153585,000;0,000;0,000;0,000;5,0054;5,0054;768757,9100;768757,91;0,000000;5,1300;5,1300;787891,0500;787891,05;787891,0500;787891,05;5,2000;2,489;0,000;2,489;0,080;12,541;0,070;-1,346;0,071;0,000;0,000;0,0000;0,00;;;;DEUR;N028000;T300;;099930      NOKIA OYJ;5,00542312;5,00542312;5,13000000;5,13000000;5,20000000;153585,00000000;0,00000000;0,00000000;0,00000000;0,00000000;20251121
82;1I;08436;FR0000120321;L'OREAL;EUR;PARIGI;029000;201;I;2046,000;0,000;0,000;0,000;395,9190;395,9190;810050,3300;810050,33;0,000000;361,5000;361,5000;739629,0000;739629,00;739629,0000;739629,00;352,1500;-8,693;0,000;-8,693;0,075;0,503;0,066;2,655;0,066;0,000;0,000;0,0000;0,00;;;;DEUR;N029000;T300;;099934      L'OREAL;395,91902737;395,91902737;361,50000000;361,50000000;352,15000000;2046,00000000;0,00000000;0,00000000;0,00000000;0,00000000;20251121
82;1I;33385;FR0013154002;SARTORIUS STEDIM BIOTECH;EUR;PARIGI;029000;201;I;3794,000;0,000;0,000;0,000;177,7793;177,7793;674494,7200;674494,72;0,000000;190,0000;190,0000;720860,0000;720860,00;720860,0000;720860,00;186,2000;6,874;0,000;6,874;0,073;0,490;0,064;2,041;0,065;0,000;0,000;0,0000;0,00;;;;DEUR;N029000;T300;;099936      SARTORIUS STEDIM BIOTECH;177,77931470;177,77931470;190,00000000;190,00000000;186,20000000;3794,00000000;0,00000000;0,00000000;0,00000000;0,00000000;20251121
82;1I;01606;FR0000121667;ESSILOR LUXOTTICA;EUR;PARIGI;029000;201;I;1880,000;0,000;0,000;0,000;257,5537;257,5537;484201,0000;484201,00;0,000000;306,0000;306,0000;575280,0000;575280,00;575280,0000;575280,00;311,2000;18,810;0,000;18,810;0,058;0,391;0,051;-1,671;0,052;0,000;0,000;0,0000;0,00;;;;DEUR;N029000;T300;;099949      ESSILOR LUXOTTICA;257,55372340;257,55372340;306,00000000;306,00000000;311,20000000;1880,00000000;0,00000000;0,00000000;0,00000000;0,00000000;20251121
82;1I;06469;FR0010307819;LEGRAND PROMESSES;EUR;PARIGI;029000;201;I;3093,000;0,000;0,000;0,000;131,5315;131,5315;406826,9500;406826,95;0,000000;126,8500;126,8500;392347,0500;392347,05;392347,0500;392347,05;129,6000;-3,559;0,000;-3,559;0,040;0,267;0,035;-2,122;0,035;0,000;0,000;0,0000;0,00;;;;DEUR;N029000;T300;;099965      LEGRAND PROMESSES;131,53150662;131,53150662;126,85000000;126,85000000;129,60000000;3093,00000000;0,00000000;0,00000000;0,00000000;0,00000000;20251121
82;1I;14112;FR0010451203;REXEL SA;EUR;PARIGI;029000;201;I;11606,000;0,000;0,000;0,000;25,0982;25,0982;291289,9800;291289,98;0,000000;30,8100;30,8100;357580,8600;357580,86;357580,8600;357580,86;30,9100;22,758;0,000;22,758;0,036;0,243;0,032;-0,324;0,032;0,000;0,000;0,0000;0,00;;;;DEUR;N029000;T300;;099968      REXEL SA;25,09822333;25,09822333;30,81000000;30,81000000;30,91000000;11606,00000000;0,00000000;0,00000000;0,00000000;0,00000000;20251121
82;1I;14500;NL0010273215;ASML HLDG NV NEW;EUR;AMSTERDAM;050000;201;I;1618,000;0,000;0,000;0,000;724,2434;724,2434;1171825,9700;1171825,97;0,000000;834,0000;834,0000;1349412,0000;1349412,00;1349412,0000;1349412,00;889,8000;15,155;0,000;15,155;0,136;3,118;0,120;-6,271;0,121;0,000;0,000;0,0000;0,00;;;;DEUR;N050000;T300;;099880      ASML HLDG NV NEW;724,24349196;724,24349196;834,00000000;834,00000000;889,80000000;1618,00000000;0,00000000;0,00000000;0,00000000;0,00000000;20251121
82;1I;35896;NL0013654783;PROSUS;EUR;AMSTERDAM;050000;201;I;12527,000;0,000;0,000;0,000;41,6909;41,6909;522261,9300;522261,93;0,000000;56,6200;56,6200;709278,7400;709278,74;709278,7400;709278,74;57,4500;35,809;0,000;35,809;0,072;1,639;0,063;-1,445;0,064;0,000;0,000;0,0000;0,00;;;;DEUR;N050000;T300;;099937      PROSUS;41,69090205;41,69090205;56,62000000;56,62000000;57,45000000;12527,00000000;0,00000000;0,00000000;0,00000000;0,00000000;20251121
82;1I;27009;NL0010801007;IMCD GROUP NV;EUR;AMSTERDAM;050000;201;I;8797,000;0,000;0,000;0,000;128,1374;128,1374;1127225,4900;1127225,49;0,000000;77,5000;77,5000;681767,5000;681767,50;681767,5000;681767,50;75,9600;-39,518;0,000;-39,518;0,069;1,575;0,061;2,027;0,061;0,000;0,000;0,0000;0,00;;;;DEUR;N050000;T300;;099939      IMCD GROUP NV;128,13748891;128,13748891;77,50000000;77,50000000;75,96000000;8797,00000000;0,00000000;0,00000000;0,00000000;0,00000000;20251121
82;1I;01895;NL0000226223;STMICROELECTRONICS - MILANO;EUR;MILANO;050000;201;I;29382,000;0,000;0,000;0,000;24,6301;24,6301;723684,0800;723684,08;0,000000;18,8040;18,8040;552499,1300;552499,13;552499,1300;552499,13;18,9400;-23,655;0,000;-23,655;0,056;1,277;0,049;-0,718;0,050;0,000;0,000;0,0000;0,00;;;;DEUR;N050000;T300;;099951      STMICROELECTRONICS - MILANO;24,63018446;24,63018446;18,80400000;18,80400000;18,94000000;29382,00000000;0,00000000;0,00000000;0,00000000;0,00000000;20251121
82;1I;48620;NL0015001KT6;BREMBO N.V.;EUR;MILANO;050000;201;I;51761,000;0,000;0,000;0,000;8,7831;8,7831;454623,7700;454623,77;0,000000;8,9400;8,9400;462743,3400;462743,34;462743,3400;462743,34;8,8850;1,786;0,000;1,786;0,047;1,069;0,041;0,619;0,041;0,000;0,000;0,0000;0,00;;;;DEUR;N050000;T300;;099959      BREMBO N.V.;8,78313344;8,78313344;8,94000000;8,94000000;8,88500000;51761,00000000;0,00000000;0,00000000;0,00000000;0,00000000;20251121
82;1I;38577;NL0012866412;BE SEMICONDUCTOR INDS-ORD SHS;EUR;AMSTERDAM;050000;201;I;1584,000;0,000;0,000;0,000;144,3943;144,3943;228720,6300;228720,63;0,000000;122,8000;122,8000;194515,2000;194515,20;194515,2000;194515,20;130,0500;-14,955;0,000;-14,955;0,020;0,449;0,017;-5,575;0,017;0,000;0,000;0,0000;0,00;;;;DEUR;N050000;T300;;099983      BE SEMICONDUCTOR INDS-ORD SHS;144,39433712;144,39433712;122,80000000;122,80000000;130,05000000;1584,00000000;0,00000000;0,00000000;0,00000000;0,00000000;20251121
82;1I;40120;NL0010583399;CORBION-ORD SHS;EUR;AMSTERDAM;050000;201;I;4977,000;0,000;0,000;0,000;20,7787;20,7787;103415,9800;103415,98;0,000000;18,0100;18,0100;89635,7700;89635,77;89635,7700;89635,77;18,1500;-13,325;0,000;-13,325;0,009;0,207;0,008;-0,771;0,008;0,000;0,000;0,0000;0,00;;;;DEUR;N050000;T300;;099992      CORBION-ORD SHS;20,77877838;20,77877838;18,01000000;18,01000000;18,15000000;4977,00000000;0,00000000;0,00000000;0,00000000;0,00000000;20251121
82;1I;02400;PTEDP0AM0009;ENERGIAS DE PORTUGAL SA;EUR;LISBONA;055000;201;I;14352,000;0,000;0,000;0,000;3,1215;3,1215;44800,1000;44800,10;0,000000;3,7600;3,7600;53963,5200;53963,52;53963,5200;53963,52;3,7790;20,454;0,000;20,454;0,005;0,258;0,005;-0,503;0,005;0,000;0,000;0,0000;0,00;;;;DEUR;N055000;T300;;099995      ENERGIAS DE PORTUGAL SA;3,12152313;3,12152313;3,76000000;3,76000000;3,77900000;14352,00000000;0,00000000;0,00000000;0,00000000;0,00000000;20251121
82;1I;23311;ES0105025003;MERLIN PROPERTIES SOCIMI SA;EUR;MADRID;067000;201;I;14208,000;0,000;0,000;0,000;10,0619;10,0619;142959,5600;142959,56;0,000000;12,3700;12,3700;175752,9600;175752,96;175752,9600;175752,96;12,5800;22,939;0,000;22,939;0,018;0,149;0,016;-1,669;0,016;0,000;0,000;0,0000;0,00;;;;DEUR;N067000;T300;;099984      MERLIN PROPERTIES SOCIMI SA;10,06190596;10,06190596;12,37000000;12,37000000;12,58000000;14208,00000000;0,00000000;0,00000000;0,00000000;0,00000000;20251121
82;1I;36841;LU2052491334;MULTILABEL ETICA ESG GLOBAL EQUITY;EUR;LUXEMBOURG;092000;223;I;37106,669;0,000;0,000;0,000;140,2299;140,2299;5203468,1900;5203468,19;0,000000;139,5000;139,5000;5176380,3300;5176380,33;5176380,3300;5176380,33;140,4900;-0,521;0,000;-0,521;0,523;38,745;0,462;-0,705;0,464;0,000;0,000;0,0000;0,00;;;;DEUR;N092000;T300;;099538      MULTILABEL ETICA ESG GLOBAL EQUITY;140,22999989;140,22999989;139,50000000;139,50000000;140,49000000;37106,66900000;0,00000000;0,00000000;0,00000000;0,00000000;20251121
82;1I;36843;LU2052490872;MULTILABEL ETICA ESG DYNAMIC ALLOCATION;EUR;LUXEMBOURG;092000;223;I;36953,094;0,000;0,000;0,000;121,7399;121,7399;4498669,6600;4498669,66;0,000000;121,8700;121,8700;4503473,5700;4503473,57;4503473,5700;4503473,57;122,5000;0,107;0,000;0,107;0,455;33,708;0,402;-0,514;0,404;0,000;0,000;0,0000;0,00;;;;DEUR;N092000;T300;;099598      MULTILABEL ETICA ESG DYNAMIC ALLOCATION;121,73999990;121,73999990;121,87000000;121,87000000;122,50000000;36953,09400000;0,00000000;0,00000000;0,00000000;0,00000000;20251121
82;1I;36842;LU2052490286;MULTILABEL ETICA ESG CONSERVATIVE ALLOC;EUR;LUXEMBOURG;092000;223;I;37206,072;0,000;0,000;0,000;98,1699;98,1699;3652520,0800;3652520,08;0,000000;98,9200;98,9200;3680424,6400;3680424,64;3680424,6400;3680424,64;99,0700;0,764;0,000;0,764;0,372;27,548;0,328;-0,151;0,330;0,000;0,000;0,0000;0,00;;;;DEUR;N092000;T300;;099672      MULTILABEL ETICA ESG CONSERVATIVE ALLOC;98,16999977;98,16999977;98,92000000;98,92000000;99,07000000;37206,07200000;0,00000000;0,00000000;0,00000000;0,00000000;20251121
82;1I;33682;DE000KBX1006;KNORR-BREMSE AG;EUR;NEUERMKT;094000;201;I;8915,000;0,000;0,000;0,000;83,0035;83,0035;739976,8200;739976,82;0,000000;83,6000;83,6000;745294,0000;745294,00;745294,0000;745294,00;83,3000;0,719;0,000;0,719;0,075;0,287;0,067;0,360;0,067;0,000;0,000;0,0000;0,00;;;;DEUR;N094000;T300;;099933      KNORR-BREMSE AG;83,00356926;83,00356926;83,60000000;83,60000000;83,30000000;8915,00000000;0,00000000;0,00000000;0,00000000;0,00000000;20251121
82;1I;24199;DE000ZAL1111;ZALANDO-ORD SHS;EUR;NEUERMKT;094000;201;I;31205,000;0,000;0,000;0,000;26,5135;26,5135;827355,1700;827355,17;0,000000;22,1400;22,1400;690878,7000;690878,70;690878,7000;690878,70;22,6100;-16,496;0,000;-16,496;0,070;0,266;0,062;-2,079;0,062;0,000;0,000;0,0000;0,00;;;;DEUR;N094000;T300;;099938      ZALANDO-ORD SHS;26,51354494;26,51354494;22,14000000;22,14000000;22,61000000;31205,00000000;0,00000000;0,00000000;0,00000000;0,00000000;20251121
82;1I;08512;DE0007164600;SAP SE;EUR;NEUERMKT;094000;201;I;3193,000;0,000;0,000;0,000;247,0144;247,0144;788717,0700;788717,07;0,000000;205,0000;205,0000;654565,0000;654565,00;654565,0000;654565,00;206,6000;-17,009;0,000;-17,009;0,066;0,252;0,058;-0,774;0,059;0,000;0,000;0,0000;0,00;;;;DEUR;N094000;T300;;099942      SAP SE;247,01442843;247,01442843;205,00000000;205,00000000;206,60000000;3193,00000000;0,00000000;0,00000000;0,00000000;0,00000000;20251121
82;1I;08529;DE0005557508;DEUTSCHE TELEKOM - NOMINATIVE;EUR;NEUERMKT;094000;201;I;18653,000;0,000;0,000;0,000;31,7833;31,7833;592855,4300;592855,43;0,000000;27,6200;27,6200;515195,8600;515195,86;515195,8600;515195,86;27,0800;-13,099;0,000;-13,099;0,052;0,199;0,046;1,994;0,046;0,000;0,000;0,0000;0,00;;;;DEUR;N094000;T300;;099954      DEUTSCHE TELEKOM - NOMINATIVE;31,78338229;31,78338229;27,62000000;27,62000000;27,08000000;18653,00000000;0,00000000;0,00000000;0,00000000;0,00000000;20251121
82;1I;19412;DE000A1ML7J1;VONOVIA SE;EUR;NEUERMKT;094000;201;I;19414,000;0,000;0,000;0,000;27,3093;27,3093;530183,7500;530183,75;0,000000;26,0500;26,0500;505734,7000;505734,70;505734,7000;505734,70;25,9000;-4,611;0,000;-4,611;0,051;0,195;0,045;0,579;0,045;0,000;0,000;0,0000;0,00;;;;DEUR;N094000;T300;;099955      VONOVIA SE;27,30935149;27,30935149;26,05000000;26,05000000;25,90000000;19414,00000000;0,00000000;0,00000000;0,00000000;0,00000000;20251121
82;1I;17410;IT0004965148;MONCLER SPA;EUR;MILANO;086000;201;I;24372,000;0,000;0,000;0,000;54,7186;54,7186;1333603,4500;1333603,45;0,000000;56,2200;56,2200;1370193,8400;1370193,84;1370193,8400;1370193,84;56,5000;2,744;0,000;2,744;0,139;0,582;0,122;-0,496;0,123;0,000;0,000;0,0000;0,00;;;;DEUR;N111111;T300;;099878      MONCLER SPA;54,71867101;54,71867101;56,22000000;56,22000000;56,50000000;24372,00000000;0,00000000;0,00000000;0,00000000;0,00000000;20251121
82;1I;03565;IT0003497168;TELECOM ITALIA SPA ORD.;EUR;MILANO;086000;201;I;2485969,000;0,000;0,000;0,000;0,2618;0,2618;650970,1800;650970,18;0,000000;0,4867;0,4867;1209921,1100;1209921,11;1209921,1100;1209921,11;0,4898;85,864;0,000;85,864;0,122;0,514;0,108;-0,633;0,108;0,000;0,000;0,0000;0,00;;;;DEUR;N111111;T300;;099892      TELECOM ITALIA SPA ORD.;0,26185772;0,26185772;0,48670000;0,48670000;0,48980000;2485969,00000000;0,00000000;0,00000000;0,00000000;0,00000000;20251121
82;1I;08531;IT0001078911;INTERPUMP GROUP;EUR;MILANO;086000;201;I;8702,000;0,000;0,000;0,000;40,0165;40,0165;348224,3800;348224,38;0,000000;41,7400;41,7400;363221,4800;363221,48;363221,4800;363221,48;41,8400;4,307;0,000;4,307;0,037;0,154;0,032;-0,239;0,033;0,000;0,000;0,0000;0,00;;;;DEUR;N111111;T300;;099968      INTERPUMP GROUP;40,01659158;40,01659158;41,74000000;41,74000000;41,84000000;8702,00000000;0,00000000;0,00000000;0,00000000;0,00000000;20251121
82;1I;08544;IT0001157020;ERG ORD.;EUR;MILANO;086000;201;I;14753,000;0,000;0,000;0,000;19,2273;19,2273;283660,7500;283660,75;0,000000;21,5600;21,5600;318074,6800;318074,68;318074,6800;318074,68;22,0200;12,132;0,000;12,132;0,032;0,135;0,028;-2,089;0,029;0,000;0,000;0,0000;0,00;;;;DEUR;N111111;T300;;099972      ERG ORD.;19,22732664;19,22732664;21,56000000;21,56000000;22,02000000;14753,00000000;0,00000000;0,00000000;0,00000000;0,00000000;20251121
82;1I;34530;IT0005366767;NEXI SPA;EUR;MILANO;086000;201;I;48588,000;0,000;0,000;0,000;5,3272;5,3272;258841,0900;258841,09;0,000000;3,7920;3,7920;184245,7000;184245,70;184245,7000;184245,70;3,7400;-28,819;0,000;-28,819;0,019;0,078;0,016;1,390;0,017;0,000;0,000;0,0000;0,00;;;;DEUR;N111111;T300;;099984      NEXI SPA;5,32726372;5,32726372;3,79200000;3,79200000;3,74000000;48588,00000000;0,00000000;0,00000000;0,00000000;0,00000000;20251121
82;1I;25525;IT0005162406;TECHNOGYM  SPA;EUR;MILANO;086000;201;I;9337,000;0,000;0,000;0,000;10,5505;10,5505;98510,6500;98510,65;0,000000;15,6100;15,6100;145750,5700;145750,57;145750,5700;145750,57;15,7000;47,954;0,000;47,954;0,015;0,062;0,013;-0,573;0,013;0,000;0,000;0,0000;0,00;;;;DEUR;N111111;T300;;099987      TECHNOGYM  SPA;10,55056763;10,55056763;15,61000000;15,61000000;15,70000000;9337,00000000;0,00000000;0,00000000;0,00000000;0,00000000;20251121
82;1I;07862;IT0003492391;DIASORIN;EUR;MILANO;086000;201;I;2299,000;0,000;0,000;0,000;99,2619;99,2619;228203,3300;228203,33;0,000000;59,5400;59,5400;136882,4600;136882,46;136882,4600;136882,46;58,8000;-40,017;0,000;-40,017;0,014;0,058;0,012;1,259;0,012;0,000;0,000;0,0000;0,00;;;;DEUR;N111111;T300;;099988      DIASORIN;99,26199652;99,26199652;59,54000000;59,54000000;58,80000000;2299,00000000;0,00000000;0,00000000;0,00000000;0,00000000;20251121
82;1I;19402;IT0005054967;RAI WAY SPA;EUR;MILANO;086000;201;I;25305,000;0,000;0,000;0,000;5,5343;5,5343;140046,1800;140046,18;0,000000;5,5000;5,5000;139177,5000;139177,50;139177,5000;139177,50;5,5000;-0,620;0,000;-0,620;0,014;0,059;0,012;0,000;0,012;0,000;0,000;0,0000;0,00;;;;DEUR;N111111;T300;;099988      RAI WAY SPA;5,53432839;5,53432839;5,50000000;5,50000000;5,50000000;25305,00000000;0,00000000;0,00000000;0,00000000;0,00000000;20251121
82;1I;04321;IT0003242622;TERNA SPA;EUR;MILANO;086000;201;I;12717,000;0,000;0,000;0,000;7,8225;7,8225;99478,9000;99478,90;0,000000;9,1760;9,1760;116691,1900;116691,19;116691,1900;116691,19;9,1020;17,302;0,000;17,302;0,012;0,050;0,010;0,813;0,010;0,000;0,000;0,0000;0,00;;;;DEUR;N111111;T300;;099990      TERNA SPA;7,82251317;7,82251317;9,17600000;9,17600000;9,10200000;12717,00000000;0,00000000;0,00000000;0,00000000;0,00000000;20251121
82;1I;03436;IT0001250932;HERA SPA;EUR;MILANO;086000;201;I;18012,000;0,000;0,000;0,000;3,5513;3,5513;63966,1300;63966,13;0,000000;4,1180;4,1180;74173,4200;74173,42;74173,4200;74173,42;4,2080;15,957;0,000;15,957;0,008;0,032;0,007;-2,139;0,007;0,000;0,000;0,0000;0,00;;;;DEUR;N111111;T300;;099993      HERA SPA;3,55130635;3,55130635;4,11800000;4,11800000;4,20800000;18012,00000000;0,00000000;0,00000000;0,00000000;0,00000000;20251121
82;1I;06568;IT0004056880;AMPLIFON NEW;EUR;MILANO;086000;201;I;5493,000;0,000;0,000;0,000;21,2013;21,2013;116458,8800;116458,88;0,000000;13,2050;13,2050;72535,0700;72535,07;72535,0700;72535,07;12,9500;-37,716;0,000;-37,716;0,007;0,031;0,006;1,969;0,007;0,000;0,000;0,0000;0,00;;;;DEUR;N111111;T300;;099994      AMPLIFON NEW;21,20132532;21,20132532;13,20500000;13,20500000;12,95000000;5493,00000000;0,00000000;0,00000000;0,00000000;0,00000000;20251121
82;1I;23184;IT0005090300;INFRASTRUTTURE WIRELESS ITAL;EUR;MILANO;086000;201;I;8159,000;0,000;0,000;0,000;9,8524;9,8524;80385,8700;80385,87;0,000000;7,8950;7,8950;64415,3100;64415,31;64415,3100;64415,31;7,7450;-19,867;0,000;-19,867;0,007;0,027;0,006;1,937;0,006;0,000;0,000;0,0000;0,00;;;;DEUR;N111111;T300;;099994      INFRASTRUTTURE WIRELESS ITAL;9,85241696;9,85241696;7,89500000;7,89500000;7,74500000;8159,00000000;0,00000000;0,00000000;0,00000000;0,00000000;20251121
82;1I;07639;IT0004176001;PRYSMIAN SPA;EUR;MILANO;086000;201;I;673,000;0,000;0,000;0,000;58,7602;58,7602;39545,6700;39545,67;0,000000;80,8000;80,8000;54378,4000;54378,40;54378,4000;54378,40;84,2800;37,508;0,000;37,508;0,005;0,023;0,005;-4,129;0,005;0,000;0,000;0,0000;0,00;;;;DEUR;N111111;T300;;099995      PRYSMIAN SPA;58,76028231;58,76028231;80,80000000;80,80000000;84,28000000;673,00000000;0,00000000;0,00000000;0,00000000;0,00000000;20251121
82;1I;08573;IT0001233417;A2A SPA;EUR;MILANO;086000;201;I;16202,000;0,000;0,000;0,000;2,1376;2,1376;34634,0700;34634,07;0,000000;2,3570;2,3570;38188,1100;38188,11;38188,1100;38188,11;2,3970;10,262;0,000;10,262;0,004;0,016;0,003;-1,669;0,003;0,000;0,000;0,0000;0,00;;;;DEUR;N111111;T300;;099997      A2A SPA;2,13764164;2,13764164;2,35700000;2,35700000;2,39700000;16202,00000000;0,00000000;0,00000000;0,00000000;0,00000000;20251121
82;1I;30238;IT0005278236;PIRELLI & C SPA;EUR;MILANO;086000;201;I;2918,000;0,000;0,000;0,000;5,4913;5,4913;16023,7400;16023,74;0,000000;5,9320;5,9320;17309,5800;17309,58;17309,5800;17309,58;5,9220;8,025;0,000;8,025;0,002;0,007;0,002;0,169;0,002;0,000;0,000;0,0000;0,00;;;;DEUR;N111111;T300;;099998      PIRELLI & C SPA;5,49134338;5,49134338;5,93200000;5,93200000;5,92200000;2918,00000000;0,00000000;0,00000000;0,00000000;0,00000000;20251121
82;1O;38140;XS2195190876;SSE PLC 3.74% 2020/31.12.2049;GBP;LONDRAEST;111111;301;O;3000000,000;0,000;0,000;0,000;97,6180;118,0386;2928540,0000;3541160,82;0,827000;99,5910;113,2745;2987730,0000;3398237,03;3055664,7900;3475505,90;99,6500;2,021;6,312;-4,036;60,902;3,452;0,303;-0,059;0,305;0,000;0,000;67934,7900;77268,87;;;;DGBP;N031000;T200;;099697      SSE PLC 3.74% 2020/31.12.2049;97,61800000;118,03869400;99,59100000;113,27456778;99,65000000;3000000,00000000;0,00000000;0,00000000;0,00000000;0,00000000;20251121
82;1O;46721;US458140CA64;INTEL CORP  4,15% 2022/05.08.2032;USD;FIPS;111111;301;O;3000000,000;0,000;0,000;0,000;91,9706;85,0860;2759118,0000;2552581,98;1,080913;96,2970;83,7146;2888910,0000;2511440,49;2925568,3350;2543308,99;96,2020;4,704;6,419;-1,612;3,195;2,526;0,224;0,099;0,225;0,000;0,000;36658,3350;31868,50;;;;DUSD;N069000;T200;;099776      INTEL CORP  4,15% 2022/05.08.2032;91,97060000;85,08606600;96,29700000;83,71468312;96,20200000;3000000,00000000;0,00000000;0,00000000;0,00000000;0,00000000;20251121
82;1O;43392;US595112BS19;MICRON TECHNOLOGY 2.703% 2021/15.04.2032;USD;FIPS;111111;301;O;1600000,000;0,000;0,000;0,000;84,5800;74,5460;1353280,0000;1192737,53;1,134600;88,8850;77,2711;1422160,0000;1236338,35;1426484,7940;1240098,06;88,7870;5,090;1,384;3,656;1,558;1,232;0,110;0,110;0,111;0,000;0,000;4324,7940;3759,71;;;;DUSD;N069000;T200;;099890      MICRON TECHNOLOGY 2.703% 2021/15.04.2032;84,58000000;74,54609560;88,88500000;77,27114665;88,78700000;1600000,00000000;0,00000000;0,00000000;0,00000000;0,00000000;20251121
82;1O;47055;US031162DD92;AMGEN INC 3% 2023/22.02.2029;USD;FIPS;111111;301;O;300000,000;0,000;0,000;0,000;93,5513;87,1901;280654,0000;261570,55;1,072957;96,5910;83,9702;289773,0000;251910,81;291998,0020;253845,09;96,5130;3,249;7,208;-3,693;0,319;0,252;0,022;0,081;0,023;0,000;0,000;2225,0020;1934,28;;;;DUSD;N069000;T200;;099978      AMGEN INC 3% 2023/22.02.2029;93,55133330;87,19018330;96,59100000;83,97026862;96,51300000;300000,00000000;0,00000000;0,00000000;0,00000000;0,00000000;20251121
82;1O;01076;AU000000ORI1;ORICA LTD.;AUD;AUSTRALIA;111111;201;O;28648,000;0,000;0,000;0,000;16,8448;10,0014;482571,7640;286520,92;1,684246;23,0100;12,8684;659190,4800;368654,15;659190,4800;368654,15;23,6000;36,599;6,166;28,666;24,988;0,366;0,033;-2,500;0,033;0,000;0,000;0,0000;0,00;;;;DAUD;N007000;T300;;099967      ORICA LTD.;16,84486749;10,00142837;23,01000000;12,86840780;23,60000000;28648,00000000;0,00000000;0,00000000;0,00000000;0,00000000;20251121
82;1O;17478;AU000000ORA8;ORORA LTD;AUD;AUSTRALIA;111111;201;O;156809,000;0,000;0,000;0,000;2,1769;1,2611;341369,6500;197752,80;1,726244;2,1900;1,2247;343411,7100;192053,97;343411,7100;192053,97;2,2100;0,598;3,583;-2,882;13,018;0,191;0,017;-0,905;0,017;0,000;0,000;0,0000;0,00;;;;DAUD;N007000;T300;;099983      ORORA LTD;2,17697740;1,26110618;2,19000000;1,22476371;2,21000000;156809,00000000;0,00000000;0,00000000;0,00000000;0,00000000;20251121
82;1O;31244;AU000000LLC3;LEND LEASE GROUP STAPLED SECURITIES;AUD;AUSTRALIA;111111;223;O;36200,000;0,000;0,000;0,000;6,2266;3,7207;225405,3400;134691,11;1,673498;5,1700;2,8913;187154,0000;104666,41;187154,0000;104666,41;5,2500;-16,970;6,848;-22,292;7,095;0,104;0,009;-1,524;0,009;0,000;0,000;0,0000;0,00;;;;DAUD;N007000;T300;;099991      LEND LEASE GROUP STAPLED SECURITIES;6,22666685;3,72074889;5,17000000;2,89133717;5,25000000;36200,00000000;0,00000000;0,00000000;0,00000000;0,00000000;20251121
82;1O;03510;CA1363751027;CANADIAN NATIONAL RAILWAY CAD;CAD;TORONTO;111111;201;O;3420,000;0,000;0,000;0,000;143,9929;95,5796;492455,8790;326882,35;1,506523;131,1100;80,6830;448396,2000;275936,12;448396,2000;275936,12;129,8500;-8,947;7,864;-15,585;28,127;0,274;0,025;0,970;0,025;0,000;0,000;0,0000;0,00;;;;DCAD;N013000;T300;;099975      CANADIAN NATIONAL RAILWAY CAD;143,99294707;95,57963450;131,11000000;80,68307692;129,85000000;3420,00000000;0,00000000;0,00000000;0,00000000;0,00000000;20251121
82;1O;10636;DK0060079531;DSV A/S;DKK;COPENHAGEN;111111;201;O;3343,000;0,000;0,000;0,000;1444,7769;193,6039;4829889,3700;647218,15;7,462537;1389,5000;186,0356;4645098,5000;621917,06;4645098,5000;621917,06;1388,0000;-3,826;0,087;-3,909;46,735;0,618;0,055;0,108;0,056;0,000;0,000;0,0000;0,00;;;;DDKK;N021000;T300;;099945      DSV A/S;1444,77695782;193,60399341;1389,50000000;186,03561387;1388,00000000;3343,00000000;0,00000000;0,00000000;0,00000000;0,00000000;20251121
82;1O;47417;DK0062498333;NOVO NORDISK A/S-B;DKK;COPENHAGEN;111111;201;O;14640,000;0,000;0,000;0,000;533,9151;71,5829;7816517,5000;1047974,82;7,458688;304,6500;40,7885;4460076,0000;597145,00;4460076,0000;597145,00;314,1500;-42,940;0,138;-43,019;44,873;0,593;0,053;-3,024;0,054;0,000;0,000;0,0000;0,00;;;;DDKK;N021000;T300;;099947      NOVO NORDISK A/S-B;533,91512978;71,58297950;304,65000000;40,78859285;314,15000000;14640,00000000;0,00000000;0,00000000;0,00000000;0,00000000;20251121
82;1O;44229;GB00BP92CJ43;TATE & LYLE PLC;GBP;LONDRA;111111;201;O;106825,000;0,000;0,000;0,000;5,5063;6,4580;588217,4000;689876,82;0,852641;3,7080;4,2174;396107,1000;450531,28;396107,1000;450531,28;3,6760;-32,660;3,115;-34,694;7,895;0,448;0,040;0,871;0,040;0,000;0,000;0,0000;0,00;;;;DGBP;N031000;T300;;099960      TATE & LYLE PLC;5,50636461;6,45800908;3,70800000;4,21747042;3,67600000;106825,00000000;0,00000000;0,00000000;0,00000000;0,00000000;20251121
82;1O;03729;GB0006825383;PERSIMMON PLC.;GBP;LONDRA;111111;201;O;25963,000;0,000;0,000;0,000;11,7090;13,9913;304002,2520;363257,86;0,836877;12,5850;14,3141;326744,3550;371638,26;326744,3550;371638,26;12,0150;7,481;5,057;2,307;6,512;0,369;0,033;4,744;0,033;0,000;0,000;0,0000;0,00;;;;DGBP;N031000;T300;;099967      PERSIMMON PLC.;11,70905719;13,99136694;12,58500000;14,31414922;12,01500000;25963,00000000;0,00000000;0,00000000;0,00000000;0,00000000;20251121
82;1O;09739;GB00B2B0DG97;REED ELSEVIER PLC A;GBP;LONDRA;111111;201;O;5139,000;0,000;0,000;0,000;38,9574;46,0967;200202,1450;236891,22;0,845123;31,0500;35,3161;159565,9500;181489,93;159565,9500;181489,93;30,2800;-20,298;4,032;-23,387;3,180;0,180;0,016;2,543;0,016;0,000;0,000;0,0000;0,00;;;;DGBP;N031000;T300;;099984      REED ELSEVIER PLC A;38,95741292;46,09675423;31,05000000;35,31619654;30,28000000;5139,00000000;0,00000000;0,00000000;0,00000000;0,00000000;20251121
82;1O;01504;GB0007908733;SSE PLC;GBP;LONDRA;111111;201;O;4736,000;0,000;0,000;0,000;16,1035;19,2354;76266,4350;91098,92;0,837183;21,7600;24,7497;103055,3600;117214,92;103055,3600;117214,92;21,8600;35,125;5,019;28,668;2,054;0,116;0,010;-0,457;0,011;0,000;0,000;0,0000;0,00;;;;DGBP;N031000;T300;;099990      SSE PLC;16,10355468;19,23541385;21,76000000;24,74977252;21,86000000;4736,00000000;0,00000000;0,00000000;0,00000000;0,00000000;20251121
82;1O;12368;IE0001827041;CRH PLC.- LONDRA GBP;GBP;LONDRA;111111;201;O;9737,000;0,000;0,000;0,000;71,7362;85,5797;698496,2870;833290,42;0,838239;83,4000;94,8589;812065,8000;923641,72;812065,8000;923641,72;83,9800;16,259;4,887;10,843;16,185;0,917;0,082;-0,691;0,083;0,000;0,000;0,0000;0,00;;;;DGBP;N040000;T300;;099918      CRH PLC.- LONDRA GBP;71,73629321;85,57979049;83,40000000;94,85896269;83,98000000;9737,00000000;0,00000000;0,00000000;0,00000000;0,00000000;20251121
82;1O;46296;IE000S9YS762;LINDE PLC NEW - USD;USD;OTC;111111;201;O;3230,000;0,000;0,000;0,000;424,9692;402,3360;1372650,8190;1299545,39;1,056255;412,7400;358,8107;1333150,2000;1158958,71;1333150,2000;1158958,71;408,5100;-2,878;8,904;-10,818;1,456;1,151;0,103;1,035;0,104;0,000;0,000;0,0000;0,00;;;;DUSD;N040000;T300;;099897      LINDE PLC NEW - USD;424,96929380;402,33603405;412,74000000;358,81074502;408,51000000;3230,00000000;0,00000000;0,00000000;0,00000000;0,00000000;20251121
82;1O;19903;IE00BTN1Y115;MEDTRONIC PLC;USD;NEW YORK;111111;201;O;12626,000;0,000;0,000;0,000;80,1816;76,7320;1012373,9580;968818,65;1,044957;101,2000;87,9770;1277751,2000;1110798,23;1277751,2000;1110798,23;99,3500;26,213;10,081;14,655;1,395;1,103;0,099;1,862;0,100;0,000;0,000;0,0000;0,00;;;;DUSD;N040000;T300;;099901      MEDTRONIC PLC;80,18168525;76,73203310;101,20000000;87,97704946;99,35000000;12626,00000000;0,00000000;0,00000000;0,00000000;0,00000000;20251121
82;1O;37185;IE00BK9ZQ967;TRANE TECH PLC;USD;NEW YORK;111111;201;O;2572,000;0,000;0,000;0,000;362,7046;345,1953;932876,2380;887842,52;1,050723;410,1000;356,5156;1054777,2000;916958,36;1054777,2000;916958,36;400,0600;13,067;9,477;3,279;1,152;0,911;0,082;2,510;0,082;0,000;0,000;0,0000;0,00;;;;DUSD;N040000;T300;;099918      TRANE TECH PLC;362,70460264;345,19538102;410,10000000;356,51569155;400,06000000;2572,00000000;0,00000000;0,00000000;0,00000000;0,00000000;20251121
82;1O;18593;IE00BLS09M33;PENTAIR PLC;USD;NEW YORK;111111;201;O;1601,000;0,000;0,000;0,000;96,9987;92,3870;155295,0390;147911,72;1,049917;104,7900;91,0979;167768,7900;145847,86;167768,7900;145847,86;101,4800;8,032;9,561;-1,395;0,183;0,145;0,013;3,262;0,013;0,000;0,000;0,0000;0,00;;;;DUSD;N040000;T300;;099987      PENTAIR PLC;96,99877514;92,38708307;104,79000000;91,09797444;101,48000000;1601,00000000;0,00000000;0,00000000;0,00000000;0,00000000;20251121
82;1O;00158;NO0005052605;NORSK HYDRO;NOK;OSLO;111111;201;O;49218,000;0,000;0,000;0,000;69,6883;5,9692;3429923,6700;293796,19;11,674500;70,5400;5,9649;3471837,7200;293581,64;3471837,7200;293581,64;70,9200;1,222;1,296;-0,073;60,580;0,292;0,026;-0,536;0,026;0,000;0,000;0,0000;0,00;;;;DNOK;N048000;T300;;099974      NORSK HYDRO;69,68839997;5,96928339;70,54000000;5,96492414;70,92000000;49218,00000000;0,00000000;0,00000000;0,00000000;0,00000000;20251121
82;1O;24521;NL0011585146;FERRARI NV - USD -;USD;NEW YORK;111111;201;O;743,000;0,000;0,000;0,000;426,5999;404,1927;316963,7590;300315,25;1,055437;389,1900;338,3378;289168,1700;251385,00;289168,1700;251385,00;383,1500;-8,769;8,988;-16,293;0,316;0,250;0,022;1,576;0,023;0,000;0,000;0,0000;0,00;;;;DUSD;N050000;T300;;099978      FERRARI NV - USD -;426,59994481;404,19279946;389,19000000;338,33782491;383,15000000;743,00000000;0,00000000;0,00000000;0,00000000;0,00000000;20251121
82;1O;44332;SE0017486889;ATLAS COPCO AB-A SHS;SEK;STOCCOLMA;111111;201;O;45859,000;0,000;0,000;0,000;159,6586;14,4819;7321783,7940;664128,50;11,024649;152,8500;13,8645;7009548,1500;635815,52;7009548,1500;635815,52;153,0500;-4,264;-0,001;-4,263;34,494;0,632;0,057;-0,131;0,057;0,000;0,000;0,0000;0,00;;;;DSEK;N068000;T300;;099943      ATLAS COPCO AB-A SHS;159,65860123;14,48196646;152,85000000;13,86457435;153,05000000;45859,00000000;0,00000000;0,00000000;0,00000000;0,00000000;20251121
82;1O;00418;SE0000108227;S.K.F. AB CL.B;SEK;STOCCOLMA;111111;201;O;29400,000;0,000;0,000;0,000;251,3115;22,8350;7388558,8000;671350,85;11,005510;238,1000;21,5973;7000140,0000;634962,13;7000140,0000;634962,13;237,9000;-5,257;0,173;-5,420;34,448;0,631;0,057;0,084;0,057;0,000;0,000;0,0000;0,00;;;;DSEK;N068000;T300;;099943      S.K.F. AB CL.B;251,31152381;22,83506292;238,10000000;21,59735135;237,90000000;29400,00000000;0,00000000;0,00000000;0,00000000;0,00000000;20251121
82;1O;23094;SE0007100581;ASSA ABLOY AB-B;SEK;STOCCOLMA;111111;201;O;11672,000;0,000;0,000;0,000;331,0961;30,1010;3864553,8000;351339,05;10,999500;348,3000;31,5932;4065357,6000;368756,64;4065357,6000;368756,64;346,9000;5,196;0,227;4,957;20,006;0,366;0,033;0,404;0,033;0,000;0,000;0,0000;0,00;;;;DSEK;N068000;T300;;099967      ASSA ABLOY AB-B;331,09611035;30,10101525;348,30000000;31,59326953;346,90000000;11672,00000000;0,00000000;0,00000000;0,00000000;0,00000000;20251121
82;1O;02738;US67066G1040;NVIDIA CORP.;USD;OTC;111111;201;O;56158,000;0,000;0,000;0,000;128,2718;122,1128;7203493,0570;6857614,05;1,050437;178,8800;155,5072;10045543,0400;8732976,65;10045543,0400;8732976,65;180,6400;39,454;9,507;27,347;10,969;8,674;0,779;-0,974;0,783;0,000;0,000;0,0000;0,00;;;;DUSD;N069000;T300;;099221      NVIDIA CORP.;128,27189460;122,11286103;178,88000000;155,50725897;180,64000000;56158,00000000;0,00000000;0,00000000;0,00000000;0,00000000;20251121
82;1O;08768;US92826C8394;VISA INC CLASS A SHS;USD;NEW YORK;111111;201;O;12207,000;0,000;0,000;0,000;319,1842;302,6528;3896281,8250;3694483,79;1,054621;327,9800;285,1256;4003651,8600;3480528,44;4003651,8600;3480528,44;323,7700;2,756;9,072;-5,791;4,372;3,457;0,311;1,300;0,312;0,000;0,000;0,0000;0,00;;;;DUSD;N069000;T300;;099689      VISA INC CLASS A SHS;319,18422421;302,65288686;327,98000000;285,12561940;323,77000000;12207,00000000;0,00000000;0,00000000;0,00000000;0,00000000;20251121
82;1O;06606;US57636Q1040;MASTERCARD INC CL A;USD;NEW YORK;111111;201;O;7002,000;0,000;0,000;0,000;524,1636;496,9464;3670194,1700;3479618,97;1,054769;540,4000;469,7904;3783880,8000;3289473,01;3783880,8000;3289473,01;527,8800;3,098;9,057;-5,465;4,132;3,267;0,294;2,372;0,295;0,000;0,000;0,0000;0,00;;;;DUSD;N069000;T300;;099706      MASTERCARD INC CL A;524,16369180;496,94643958;540,40000000;469,79048943;527,88000000;7002,00000000;0,00000000;0,00000000;0,00000000;0,00000000;20251121
82;1O;00448;US68389X1054;ORACLE CORP.;USD;OTC;111111;201;O;13921,000;0,000;0,000;0,000;162,4913;155,6194;2262042,5360;2166377,68;1,044159;198,7600;172,7897;2766937,9600;2405405,51;2766937,9600;2405405,51;210,6900;22,320;10,165;11,034;3,021;2,389;0,215;-5,662;0,216;0,000;0,000;0,0000;0,00;;;;DUSD;N069000;T300;;099785      ORACLE CORP.;162,49138251;155,61940090;198,76000000;172,78970703;210,69000000;13921,00000000;0,00000000;0,00000000;0,00000000;0,00000000;20251121
82;1O;14741;US00287Y1091;ABBVIE INC;USD;NEW YORK;111111;201;O;8883,000;0,000;0,000;0,000;177,1874;169,8652;1573956,0290;1508912,65;1,043106;236,2800;205,4072;2098875,2400;1824632,91;2098875,2400;1824632,91;229,4500;33,350;10,276;20,924;2,292;1,812;0,163;2,977;0,164;0,000;0,000;0,0000;0,00;;;;DUSD;N069000;T300;;099837      ABBVIE INC;177,18743994;169,86520882;236,28000000;205,40728505;229,45000000;8883,00000000;0,00000000;0,00000000;0,00000000;0,00000000;20251121
82;1O;00174;US7427181091;PROCTER & GAMBLE CO.;USD;NEW YORK;111111;201;O;11853,000;0,000;0,000;0,000;162,9873;151,6194;1931889,1270;1797145,46;1,074976;150,9200;131,2005;1788854,7600;1555120,19;1788854,7600;1555120,19;148,1900;-7,404;7,007;-13,467;1,953;1,545;0,139;1,842;0,139;0,000;0,000;0,0000;0,00;;;;DUSD;N069000;T300;;099861      PROCTER & GAMBLE CO.;162,98735569;151,61946005;150,92000000;131,20055637;148,19000000;11853,00000000;0,00000000;0,00000000;0,00000000;0,00000000;20251121
82;1O;00423;US0382221051;APPLIED MATERIALS INC.;USD;OTC;111111;201;O;7871,000;0,000;0,000;0,000;179,7340;163,9629;1414686,5660;1290552,32;1,096187;224,0050;194,7361;1763143,3550;1532768,28;1763143,3550;1532768,28;220,2300;24,631;4,936;18,768;1,925;1,522;0,137;1,714;0,137;0,000;0,000;0,0000;0,00;;;;DUSD;N069000;T300;;099863      APPLIED MATERIALS INC.;179,73403201;163,96294244;224,00500000;194,73615578;220,23000000;7871,00000000;0,00000000;0,00000000;0,00000000;0,00000000;20251121
82;1O;00095;US4370761029;HOME DEPOT INC.;USD;NEW YORK;111111;201;O;5113,000;0,000;0,000;0,000;383,6415;363,5085;1961559,3490;1858619,27;1,055385;343,3200;298,4612;1755395,1600;1526032,48;1755395,1600;1526032,48;332,3800;-10,510;8,993;-17,894;1,917;1,516;0,136;3,291;0,137;0,000;0,000;0,0000;0,00;;;;DUSD;N069000;T300;;099864      HOME DEPOT INC.;383,64157031;363,50856053;343,32000000;298,46127097;332,38000000;5113,00000000;0,00000000;0,00000000;0,00000000;0,00000000;20251121
82;1O;00222;US8825081040;TEXAS INSTRUMENTS INC.;USD;OTC;111111;201;O;9802,000;0,000;0,000;0,000;185,0704;173,3924;1814060,9940;1699592,47;1,067351;159,4000;138,5725;1562438,8000;1358288,10;1562438,8000;1358288,10;153,3300;-13,871;7,771;-20,082;1,706;1,349;0,121;3,959;0,122;0,000;0,000;0,0000;0,00;;;;DUSD;N069000;T300;;099879      TEXAS INSTRUMENTS INC.;185,07049520;173,39241685;159,40000000;138,57254629;153,33000000;9802,00000000;0,00000000;0,00000000;0,00000000;0,00000000;20251121
82;1O;17264;US81762P1021;SERVICENOW INC;USD;NEW YORK;111111;201;O;1690,000;0,000;0,000;0,000;1057,7501;993,0565;1787597,7520;1678265,57;1,065146;813,4300;707,1459;1374696,7000;1195076,68;1374696,7000;1195076,68;800,4600;-23,098;7,995;-28,791;1,501;1,187;0,107;1,620;0,107;0,000;0,000;0,0000;0,00;;;;DUSD;N069000;T300;;099893      SERVICENOW INC;1057,75014911;993,05655029;813,43000000;707,14596192;800,46000000;1690,00000000;0,00000000;0,00000000;0,00000000;0,00000000;20251121
82;1O;04319;US79466L3024;SALESFORCE COM INC.;USD;NEW YORK;111111;201;O;6044,000;0,000;0,000;0,000;321,1460;306,6383;1941006,9820;1853321,90;1,047312;227,1100;197,4354;1372652,8400;1193299,87;1372652,8400;1193299,87;225,3700;-29,281;9,834;-35,613;1,499;1,185;0,106;0,772;0,107;0,000;0,000;0,0000;0,00;;;;DUSD;N069000;T300;;099894      SALESFORCE COM INC.;321,14609232;306,63830244;227,11000000;197,43545162;225,37000000;6044,00000000;0,00000000;0,00000000;0,00000000;0,00000000;20251121
82;1O;60431;US5128073062;LAM RESEARCH CORP;USD;OTC;111111;201;O;9400,000;0,000;0,000;0,000;72,2300;69,7470;678962,0000;655621,86;1,035600;142,6500;124,0111;1340910,0000;1165704,60;1340910,0000;1165704,60;139,5900;97,494;11,076;77,801;1,464;1,158;0,104;2,192;0,105;0,000;0,000;0,0000;0,00;;;;DUSD;N069000;T300;;099896      LAM RESEARCH CORP;72,23000000;69,74700638;142,65000000;124,01112753;139,59000000;9400,00000000;0,00000000;0,00000000;0,00000000;0,00000000;20251121
82;1O;00263;US17275R1023;CISCO SYSTEM INC.;USD;OTC;111111;201;O;17441,000;0,000;0,000;0,000;59,5884;55,8556;1039281,5340;974178,50;1,066829;76,1000;66,1566;1327260,1000;1153838,22;1327260,1000;1153838,22;75,4400;27,709;7,824;18,442;1,449;1,146;0,103;0,875;0,103;0,000;0,000;0,0000;0,00;;;;DUSD;N069000;T300;;099897      CISCO SYSTEM INC.;59,58841431;55,85565621;76,10000000;66,15665478;75,44000000;17441,00000000;0,00000000;0,00000000;0,00000000;0,00000000;20251121
82;1O;00061;US2441991054;DEERE & CO.;USD;NEW YORK;111111;201;O;2690,000;0,000;0,000;0,000;429,4233;407,1907;1155148,7830;1095343,24;1,054600;487,2400;423,5764;1310675,6000;1139420,67;1310675,6000;1139420,67;476,3300;13,464;9,075;4,024;1,431;1,132;0,102;2,290;0,102;0,000;0,000;0,0000;0,00;;;;DUSD;N069000;T300;;099898      DEERE & CO.;429,42333940;407,19079553;487,24000000;423,57645831;476,33000000;2690,00000000;0,00000000;0,00000000;0,00000000;0,00000000;20251121
82;1O;10451;US58933Y1055;MERCK E CO INC;USD;NEW YORK;111111;201;O;13307,000;0,000;0,000;0,000;94,6016;89,4273;1258863,5070;1190010,33;1,057859;97,7600;84,9865;1300892,3200;1130915,69;1300892,3200;1130915,69;94,9700;3,339;8,738;-4,966;1,421;1,123;0,101;2,938;0,101;0,000;0,000;0,0000;0,00;;;;DUSD;N069000;T300;;099899      MERCK E CO INC;94,60160118;89,42739385;97,76000000;84,98652525;94,97000000;13307,00000000;0,00000000;0,00000000;0,00000000;0,00000000;20251121
82;1O;00481;US7475251036;QUALCOMM INC.;USD;OTC;111111;201;O;8011,000;0,000;0,000;0,000;150,6271;143,5503;1206674,1790;1149982,12;1,049298;163,3000;141,9629;1308196,3000;1137265,32;1308196,3000;1137265,32;159,5900;8,413;9,626;-1,106;1,428;1,130;0,101;2,325;0,102;0,000;0,000;0,0000;0,00;;;;DUSD;N069000;T300;;099899      QUALCOMM INC.;150,62716003;143,55038322;163,30000000;141,96296618;159,59000000;8011,00000000;0,00000000;0,00000000;0,00000000;0,00000000;20251121
82;1O;01191;US4612021034;INTUIT INC.;USD;OTC;111111;201;O;1803,000;0,000;0,000;0,000;620,3707;588,5245;1118528,5240;1061109,77;1,054112;663,1500;576,5017;1195659,4500;1039432,71;1195659,4500;1039432,71;637,4400;6,896;9,125;-2,043;1,306;1,032;0,093;4,033;0,093;0,000;0,000;0,0000;0,00;;;;DUSD;N069000;T300;;099907      INTUIT INC.;620,37078424;588,52455352;663,15000000;576,50178214;637,44000000;1803,00000000;0,00000000;0,00000000;0,00000000;0,00000000;20251121
82;1O;25523;US78409V1044;S&P GLOBAL-ORD SHS;USD;NEW YORK;111111;201;O;2333,000;0,000;0,000;0,000;491,2054;466,0253;1145982,2750;1087237,11;1,054032;493,6000;429,1054;1151568,8000;1001103,02;1151568,8000;1001103,02;490,9100;0,487;9,133;-7,922;1,257;0,994;0,089;0,548;0,090;0,000;0,000;0,0000;0,00;;;;DUSD;N069000;T300;;099911      S&P GLOBAL-ORD SHS;491,20543291;466,02533647;493,60000000;429,10545075;490,91000000;2333,00000000;0,00000000;0,00000000;0,00000000;0,00000000;20251121
82;1O;00007;US0028241000;ABBOTT LABORATORIES CORP.;USD;NEW YORK;111111;201;O;8422,000;0,000;0,000;0,000;120,6549;111,4689;1016155,5970;938791,90;1,082408;128,1100;111,3709;1078942,4200;937966,11;1078942,4200;937966,11;123,9700;6,179;6,272;-0,088;1,178;0,932;0,084;3,340;0,084;0,000;0,000;0,0000;0,00;;;;DUSD;N069000;T300;;099916      ABBOTT LABORATORIES CORP.;120,65490346;111,46899786;128,11000000;111,37094670;123,97000000;8422,00000000;0,00000000;0,00000000;0,00000000;0,00000000;20251121
82;1O;00017;US0311621009;AMGEN INC;USD;OTC;111111;201;O;3007,000;0,000;0,000;0,000;264,8677;251,2277;796457,2700;755441,84;1,054293;337,5400;293,4364;1014982,7800;882363,54;1014982,7800;882363,54;336,0700;27,437;9,106;16,801;1,108;0,876;0,079;0,437;0,079;0,000;0,000;0,0000;0,00;;;;DUSD;N069000;T300;;099921      AMGEN INC;264,86773195;251,22774858;337,54000000;293,43649482;336,07000000;3007,00000000;0,00000000;0,00000000;0,00000000;0,00000000;20251121
82;1O;00492;US9078181081;UNION PACIFIC CORP.;USD;NEW YORK;111111;201;O;4249,000;0,000;0,000;0,000;226,0546;214,8074;960506,2650;912716,70;1,052360;226,2200;196,6617;961208,7800;835615,74;961208,7800;835615,74;221,2100;0,073;9,307;-8,447;1,050;0,830;0,075;2,265;0,075;0,000;0,000;0,0000;0,00;;;;DUSD;N069000;T300;;099925      UNION PACIFIC CORP.;226,05466345;214,80741350;226,22000000;196,66174041;221,21000000;4249,00000000;0,00000000;0,00000000;0,00000000;0,00000000;20251121
82;1O;00103;US4581401001;INTEL CORP.;USD;OTC;111111;201;O;27734,000;0,000;0,000;0,000;19,8850;18,8965;551493,3210;524077,86;1,052312;34,5000;29,9921;956823,0000;831803,01;956823,0000;831803,01;33,6200;73,497;9,312;58,717;1,045;0,826;0,074;2,617;0,075;0,000;0,000;0,0000;0,00;;;;DUSD;N069000;T300;;099926      INTEL CORP.;19,88509847;18,89658397;34,50000000;29,99217595;33,62000000;27734,00000000;0,00000000;0,00000000;0,00000000;0,00000000;20251121
82;1O;00349;US8725401090;TJX COMPANIES INC.;USD;NEW YORK;111111;201;O;6051,000;0,000;0,000;0,000;120,8454;114,2201;731235,9680;691146,39;1,058004;151,4300;131,6439;916302,9300;796577,35;916302,9300;796577,35;148,0700;25,309;8,724;15,255;1,001;0,791;0,071;2,269;0,071;0,000;0,000;0,0000;0,00;;;;DUSD;N069000;T300;;099929      TJX COMPANIES INC.;120,84547479;114,22019335;151,43000000;131,64391897;148,07000000;6051,00000000;0,00000000;0,00000000;0,00000000;0,00000000;20251121
82;1O;01458;US92343V1044;VERIZON COMMUNICATION;USD;NEW YORK;111111;201;O;22233,000;0,000;0,000;0,000;43,1539;36,6549;959440,6600;814950,02;1,177300;41,2300;35,8428;916666,5900;796893,50;916666,5900;796893,50;40,7600;-4,458;-2,293;-2,216;1,001;0,792;0,071;1,153;0,071;0,000;0,000;0,0000;0,00;;;;DUSD;N069000;T300;;099929      VERIZON COMMUNICATION;43,15390005;36,65497323;41,23000000;35,84282361;40,76000000;22233,00000000;0,00000000;0,00000000;0,00000000;0,00000000;20251121
82;1O;11964;US74340W1036;PROLOGIS INC;USD;NEW YORK;111111;201;O;7163,000;0,000;0,000;0,000;104,6170;99,2262;749372,1000;710757,63;1,054329;125,7900;109,3540;901033,7700;783303,29;901033,7700;783303,29;123,1200;20,238;9,103;10,207;0,984;0,778;0,070;2,169;0,070;0,000;0,000;0,0000;0,00;;;;DUSD;N069000;T300;;099930      PROLOGIS INC;104,61707385;99,22625017;125,79000000;109,35408154;123,12000000;7163,00000000;0,00000000;0,00000000;0,00000000;0,00000000;20251121
82;1O;02840;US8636671013;STRYKER CORP.;USD;NEW YORK;111111;201;O;2425,000;0,000;0,000;0,000;358,2320;341,6371;868712,6530;828470,20;1,048574;368,2700;320,1512;893054,7500;776366,82;893054,7500;776366,82;360,4800;2,802;9,701;-6,289;0,975;0,771;0,069;2,161;0,070;0,000;0,000;0,0000;0,00;;;;DUSD;N069000;T300;;099931      STRYKER CORP.;358,23202185;341,63719587;368,27000000;320,15126488;360,48000000;2425,00000000;0,00000000;0,00000000;0,00000000;0,00000000;20251121
82;1O;03448;US8716071076;SYNOPSYS INC.;USD;OTC;111111;201;O;2286,000;0,000;0,000;0,000;496,7333;450,1325;1135532,5520;1029002,97;1,103527;388,3600;337,6162;887790,9600;771790,80;887790,9600;771790,80;385,6000;-21,817;4,239;-24,996;0,969;0,767;0,069;0,716;0,069;0,000;0,000;0,0000;0,00;;;;DUSD;N069000;T300;;099931      SYNOPSYS INC.;496,73339982;450,13253280;388,36000000;337,61627401;385,60000000;2286,00000000;0,00000000;0,00000000;0,00000000;0,00000000;20251121
82;1O;01357;US0530151036;AUTOMATIC DATA PROCESSING;USD;OTC;111111;201;O;3425,000;0,000;0,000;0,000;293,1801;277,9939;1004141,8680;952129,11;1,054628;253,1200;220,0469;866936,0000;753660,78;866936,0000;753660,78;249,0600;-13,664;9,072;-20,845;0,947;0,749;0,067;1,630;0,068;0,000;0,000;0,0000;0,00;;;;DUSD;N069000;T300;;099933      AUTOMATIC DATA PROCESSING;293,18010744;277,99390073;253,12000000;220,04694427;249,06000000;3425,00000000;0,00000000;0,00000000;0,00000000;0,00000000;20251121
82;1O;00060;US2358511028;DANAHER CORP.;USD;NEW YORK;111111;201;O;3732,000;0,000;0,000;0,000;222,5042;211,7972;830385,9050;790427,22;1,050553;227,3900;197,6788;848619,4800;737737,53;848619,4800;737737,53;222,1800;2,196;9,495;-6,666;0,927;0,733;0,066;2,345;0,066;0,000;0,000;0,0000;0,00;;;;DUSD;N069000;T300;;099934      DANAHER CORP.;222,50426179;211,79721865;227,39000000;197,67886638;222,18000000;3732,00000000;0,00000000;0,00000000;0,00000000;0,00000000;20251121
82;1O;00261;US5486611073;LOWE'S COMPANIES INC.;USD;NEW YORK;111111;201;O;3635,000;0,000;0,000;0,000;236,4624;218,7015;859541,1520;794980,20;1,081211;234,2900;203,6773;851644,1500;740366,99;851644,1500;740366,99;228,4300;-0,919;6,390;-6,870;0,930;0,735;0,066;2,565;0,066;0,000;0,000;0,0000;0,00;;;;DUSD;N069000;T300;;099934      LOWE'S COMPANIES INC.;236,46249023;218,70156808;234,29000000;203,67730157;228,43000000;3635,00000000;0,00000000;0,00000000;0,00000000;0,00000000;20251121
82;1O;00432;US0326541051;ANALOG DEVICES;USD;OTC;111111;201;O;3559,000;0,000;0,000;0,000;205,5843;195,7297;731674,5550;696602,01;1,050348;232,3200;201,9647;826826,8800;718792,38;826826,8800;718792,38;225,2000;13,005;9,516;3,186;0,903;0,714;0,064;3,162;0,064;0,000;0,000;0,0000;0,00;;;;DUSD;N069000;T300;;099936      ANALOG DEVICES;205,58430879;195,72970216;232,32000000;201,96470485;225,20000000;3559,00000000;0,00000000;0,00000000;0,00000000;0,00000000;20251121
82;1O;03191;US3755581036;GILEAD SCIENCES INC.;USD;OTC;111111;201;O;6264,000;0,000;0,000;0,000;105,6135;95,3531;661563,1810;597292,42;1,107604;126,6400;110,0930;793272,9600;689622,67;793272,9600;689622,67;124,9900;19,909;3,855;15,458;0,866;0,685;0,062;1,320;0,062;0,000;0,000;0,0000;0,00;;;;DUSD;N069000;T300;;099938      GILEAD SCIENCES INC.;105,61353464;95,35319604;126,64000000;110,09301921;124,99000000;6264,00000000;0,00000000;0,00000000;0,00000000;0,00000000;20251121
82;1O;23879;US95040Q1040;WELLTOWER INC;USD;NEW YORK;111111;201;O;4028,000;0,000;0,000;0,000;129,1934;122,7410;520391,0630;494401,06;1,052569;199,9300;173,8068;805318,0400;700093,92;805318,0400;700093,92;197,5800;54,752;9,285;41,604;0,879;0,695;0,062;1,189;0,063;0,000;0,000;0,0000;0,00;;;;DUSD;N069000;T300;;099938      WELLTOWER INC;129,19341186;122,74107745;199,93000000;173,80683300;197,58000000;4028,00000000;0,00000000;0,00000000;0,00000000;0,00000000;20251121
82;1O;19426;US6974351057;PALO ALTO NETWORKS INC;USD;NEW YORK;111111;201;O;4273,000;0,000;0,000;0,000;179,7204;170,6565;767945,3990;729215,57;1,053112;182,9000;159,0019;781531,7000;679415,54;781531,7000;679415,54;185,0700;1,769;9,229;-6,829;0,853;0,675;0,061;-1,173;0,061;0,000;0,000;0,0000;0,00;;;;DUSD;N069000;T300;;099939      PALO ALTO NETWORKS INC;179,72043037;170,65658085;182,90000000;159,00199947;185,07000000;4273,00000000;0,00000000;0,00000000;0,00000000;0,00000000;20251121
82;1O;02043;US00724F1012;ADOBE SYSTEM INC.;USD;OTC;111111;201;O;2360,000;0,000;0,000;0,000;358,0708;304,9945;845047,3000;719787,25;1,174024;324,1900;281,8308;765088,4000;665120,75;765088,4000;665120,75;312,4000;-9,462;-2,021;-7,595;0,835;0,661;0,059;3,774;0,060;0,000;0,000;0,0000;0,00;;;;DUSD;N069000;T300;;099941      ADOBE SYSTEM INC.;358,07088983;304,99459745;324,19000000;281,83082674;312,40000000;2360,00000000;0,00000000;0,00000000;0,00000000;0,00000000;20251121
82;1O;00035;US1011371077;BOSTON SCIENTIFIC CORP.;USD;NEW YORK;111111;201;O;7741,000;0,000;0,000;0,000;90,4334;85,7987;700045,4830;664167,95;1,054019;96,8800;84,2215;749948,0800;651958,69;749948,0800;651958,69;96,6000;7,128;9,135;-1,838;0,819;0,648;0,058;0,290;0,058;0,000;0,000;0,0000;0,00;;;;DUSD;N069000;T300;;099942      BOSTON SCIENTIFIC CORP.;90,43346893;85,79872755;96,88000000;84,22150743;96,60000000;7741,00000000;0,00000000;0,00000000;0,00000000;0,00000000;20251121
82;1O;04140;US92532F1003;VERTEX PHARMACEUTICALS INC.;USD;OTC;111111;201;O;1683,000;0,000;0,000;0,000;418,3499;396,1647;704082,9660;666745,29;1,056000;426,7600;370,9988;718237,0800;624391,10;718237,0800;624391,10;422,3200;2,010;8,930;-6,352;0,784;0,620;0,056;1,051;0,056;0,000;0,000;0,0000;0,00;;;;DUSD;N069000;T300;;099944      VERTEX PHARMACEUTICALS INC.;418,34995008;396,16475935;426,76000000;370,99886986;422,32000000;1683,00000000;0,00000000;0,00000000;0,00000000;0,00000000;20251121
82;1O;37453;US68902V1070;OTIS WORLDWIDE;USD;NEW YORK;111111;201;O;7855,000;0,000;0,000;0,000;93,4665;86,9377;734180,0810;682896,00;1,075098;88,0600;76,5539;691711,3000;601331,22;691711,3000;601331,22;86,8600;-5,785;6,995;-11,944;0,755;0,597;0,054;1,382;0,054;0,000;0,000;0,0000;0,00;;;;DUSD;N069000;T300;;099946      OTIS WORLDWIDE;93,46659210;86,93774665;88,06000000;76,55394244;86,86000000;7855,00000000;0,00000000;0,00000000;0,00000000;0,00000000;20251121
82;1O;01205;US9113121068;UNITED PARCEL SERVICE CL.B;USD;NEW YORK;111111;201;O;7343,000;0,000;0,000;0,000;120,0688;114,3589;881665,7030;839737,93;1,049930;94,6600;82,2915;695088,3800;604267,04;695088,3800;604267,04;90,8700;-21,162;9,560;-28,041;0,759;0,600;0,054;4,171;0,054;0,000;0,000;0,0000;0,00;;;;DUSD;N069000;T300;;099946      UNITED PARCEL SERVICE CL.B;120,06886871;114,35897181;94,66000000;82,29157611;90,87000000;7343,00000000;0,00000000;0,00000000;0,00000000;0,00000000;20251121
82;1O;06874;US9581021055;WESTERN DIGITAL CORP;USD;NEW YORK;111111;201;O;4979,000;0,000;0,000;0,000;43,4317;42,1090;216246,6640;209660,89;1,031412;139,1900;121,0032;693027,0100;602475,02;693027,0100;602475,02;140,2300;220,480;11,527;187,357;0,757;0,598;0,054;-0,742;0,054;0,000;0,000;0,0000;0,00;;;;DUSD;N069000;T300;;099946      WESTERN DIGITAL CORP;43,43174613;42,10903595;139,19000000;121,00321655;140,23000000;4979,00000000;0,00000000;0,00000000;0,00000000;0,00000000;20251121
82;1O;00575;US0527691069;AUTODESK INC.;USD;OTC;111111;201;O;2357,000;0,000;0,000;0,000;293,1955;270,0388;691061,8800;636481,48;1,085753;290,8000;252,8036;685415,6000;595858,12;685415,6000;595858,12;286,9450;-0,817;5,945;-6,382;0,748;0,592;0,053;1,343;0,053;0,000;0,000;0,0000;0,00;;;;DUSD;N069000;T300;;099947      AUTODESK INC.;293,19553669;270,03881204;290,80000000;252,80361644;286,94500000;2357,00000000;0,00000000;0,00000000;0,00000000;0,00000000;20251121
82;1O;12297;US7512121010;POLO RALPH LAUREN CORP. NEW;USD;NEW YORK;111111;201;O;1964,000;0,000;0,000;0,000;295,3292;255,8871;580026,6500;502562,29;1,154139;339,8800;295,4707;667524,3200;580304,55;667524,3200;580304,55;326,9600;15,085;-0,333;15,469;0,729;0,576;0,052;3,952;0,052;0,000;0,000;0,0000;0,00;;;;DUSD;N069000;T300;;099948      POLO RALPH LAUREN CORP. NEW;295,32925152;255,88711303;339,88000000;295,47074676;326,96000000;1964,00000000;0,00000000;0,00000000;0,00000000;0,00000000;20251121
82;1O;00567;US2788651006;ECOLAB INC.;USD;NEW YORK;111111;201;O;2354,000;0,000;0,000;0,000;234,7205;222,4296;552532,2210;523599,32;1,055258;267,0700;232,1742;628682,7800;546538,10;628682,7800;546538,10;261,7400;13,782;9,007;4,381;0,686;0,543;0,049;2,036;0,049;0,000;0,000;0,0000;0,00;;;;DUSD;N069000;T300;;099951      ECOLAB INC.;234,72056966;222,42961767;267,07000000;232,17421542;261,74000000;2354,00000000;0,00000000;0,00000000;0,00000000;0,00000000;20251121
82;1O;00053;US1941621039;COLGATE PALMOLIVE CO.;USD;NEW YORK;111111;201;O;7331,000;0,000;0,000;0,000;80,0220;70,0287;586641,9850;513380,48;1,142704;80,9300;70,3555;593297,8300;515776,61;593297,8300;515776,61;78,8600;1,135;0,665;0,467;0,648;0,512;0,046;2,625;0,046;0,000;0,000;0,0000;0,00;;;;DUSD;N069000;T300;;099954      COLGATE PALMOLIVE CO.;80,02209589;70,02871095;80,93000000;70,35555941;78,86000000;7331,00000000;0,00000000;0,00000000;0,00000000;0,00000000;20251121
82;1O;12344;US98419M1009;XYLEM INC;USD;NEW YORK;111111;201;O;4226,000;0,000;0,000;0,000;119,1070;111,0612;503346,3550;469344,68;1,072445;140,3900;122,0464;593288,1400;515768,18;593288,1400;515768,18;138,0400;17,869;7,260;9,891;0,648;0,512;0,046;1,702;0,046;0,000;0,000;0,0000;0,00;;;;DUSD;N069000;T300;;099954      XYLEM INC;119,10704093;111,06121154;140,39000000;122,04642267;138,04000000;4226,00000000;0,00000000;0,00000000;0,00000000;0,00000000;20251121
82;1O;37454;US14448C1045;CARRIER GLOBAL CORP;USD;NEW YORK;111111;201;O;10390,000;0,000;0,000;0,000;66,4879;61,8335;690809,2920;642450,65;1,075272;52,4100;45,5620;544539,9000;473389,46;544539,9000;473389,46;50,3600;-21,174;6,978;-26,315;0,595;0,470;0,042;4,071;0,042;0,000;0,000;0,0000;0,00;;;;DUSD;N069000;T300;;099958      CARRIER GLOBAL CORP;66,48790105;61,83355630;52,41000000;45,56202729;50,36000000;10390,00000000;0,00000000;0,00000000;0,00000000;0,00000000;20251121
82;1O;16468;US98978V1035;ZOETIS INC;USD;NEW YORK;111111;201;O;4266,000;0,000;0,000;0,000;160,4722;152,9343;684574,5240;652417,90;1,049288;122,0600;106,1114;520707,9600;452671,44;520707,9600;452671,44;115,8900;-23,937;9,627;-30,616;0,569;0,450;0,040;5,324;0,041;0,000;0,000;0,0000;0,00;;;;DUSD;N069000;T300;;099960      ZOETIS INC;160,47222784;152,93434130;122,06000000;106,11144918;115,89000000;4266,00000000;0,00000000;0,00000000;0,00000000;0,00000000;20251121
82;1O;00572;US2371941053;DARDEN RESTAURANTS;USD;NEW YORK;111111;201;O;2869,000;0,000;0,000;0,000;196,6356;178,3861;564147,7630;511789,97;1,102303;174,7200;151,8908;501271,6800;435774,74;501271,6800;435774,74;169,2100;-11,145;4,354;-14,853;0,547;0,433;0,039;3,256;0,039;0,000;0,000;0,0000;0,00;;;;DUSD;N069000;T300;;099961      DARDEN RESTAURANTS;196,63567898;178,38618682;174,72000000;151,89081109;169,21000000;2869,00000000;0,00000000;0,00000000;0,00000000;0,00000000;20251121
82;1O;19892;US29444U7000;EQUINIX INC;USD;OTC;111111;201;O;673,000;0,000;0,000;0,000;909,4699;864,2572;612073,2530;581645,15;1,052314;754,6800;656,0723;507899,6400;441536,68;507899,6400;441536,68;752,8100;-17,020;9,311;-24,088;0,555;0,439;0,039;0,248;0,040;0,000;0,000;0,0000;0,00;;;;DUSD;N069000;T300;;099961      EQUINIX INC;909,46991530;864,25728083;754,68000000;656,07232895;752,81000000;673,00000000;0,00000000;0,00000000;0,00000000;0,00000000;20251121
82;1O;04564;US5797802064;MCCORMICK & CO NON VTG;USD;NEW YORK;111111;201;O;7167,000;0,000;0,000;0,000;69,6206;63,0020;498971,0060;451535,43;1,105054;68,1600;59,2541;488502,7200;424674,19;488502,7200;424674,19;67,4800;-2,098;4,094;-5,949;0,533;0,422;0,038;1,008;0,038;0,000;0,000;0,0000;0,00;;;;DUSD;N069000;T300;;099962      MCCORMICK & CO NON VTG;69,62062313;63,00201339;68,16000000;59,25410762;67,48000000;7167,00000000;0,00000000;0,00000000;0,00000000;0,00000000;20251121
82;1O;33770;US1255231003;CIGNA CORP ORD;USD;NEW YORK;111111;201;O;1664,000;0,000;0,000;0,000;286,2702;271,1240;476353,7060;451150,44;1,055864;278,0900;241,7543;462741,7600;402279,20;462741,7600;402279,20;269,6000;-2,858;8,944;-10,833;0,505;0,400;0,036;3,149;0,036;0,000;0,000;0,0000;0,00;;;;DUSD;N069000;T300;;099964      CIGNA CORP ORD;286,27025601;271,12406250;278,09000000;241,75432495;269,60000000;1664,00000000;0,00000000;0,00000000;0,00000000;0,00000000;20251121
82;1O;03366;US3021301094;EXPEDITORS INTL WASH INC.;USD;NEW YORK;111111;201;O;3199,000;0,000;0,000;0,000;109,8257;104,1540;351332,4730;333188,92;1,054454;143,2100;124,4979;458128,7900;398268,96;458128,7900;398268,96;138,3000;30,398;9,090;19,532;0,500;0,396;0,036;3,550;0,036;0,000;0,000;0,0000;0,00;;;;DUSD;N069000;T300;;099964      EXPEDITORS INTL WASH INC.;109,82571834;104,15408565;143,21000000;124,49795705;138,30000000;3199,00000000;0,00000000;0,00000000;0,00000000;0,00000000;20251121
82;1O;08879;US0304201033;AMERICAN WATER WORKS CO INC;USD;NEW YORK;111111;201;O;3316,000;0,000;0,000;0,000;129,0834;122,0193;428040,7720;404616,17;1,057893;132,7400;115,3959;440165,8400;382653,08;440165,8400;382653,08;128,1300;2,833;8,735;-5,428;0,481;0,380;0,034;3,598;0,034;0,000;0,000;0,0000;0,00;;;;DUSD;N069000;T300;;099966      AMERICAN WATER WORKS CO INC;129,08346562;122,01935162;132,74000000;115,39598365;128,13000000;3316,00000000;0,00000000;0,00000000;0,00000000;0,00000000;20251121
82;1O;19628;US0367521038;ELEVANCE HEALTH INC;USD;NEW YORK;111111;201;O;1357,000;0,000;0,000;0,000;381,2107;361,1398;517302,9810;490066,78;1,055577;321,7300;279,6922;436587,6100;379542,39;436587,6100;379542,39;313,9900;-15,603;8,974;-22,553;0,477;0,377;0,034;2,465;0,034;0,000;0,000;0,0000;0,00;;;;DUSD;N069000;T300;;099966      ELEVANCE HEALTH INC;381,21074502;361,13985261;321,73000000;279,69225419;313,99000000;1357,00000000;0,00000000;0,00000000;0,00000000;0,00000000;20251121
82;1O;00549;US4180561072;HASBRO INC.;USD;NEW YORK;111111;201;O;5465,000;0,000;0,000;0,000;65,8716;57,9940;359988,4640;316937,38;1,135835;79,2000;68,8516;432828,0000;376274,02;432828,0000;376274,02;76,7600;20,234;1,274;18,722;0,473;0,374;0,034;3,179;0,034;0,000;0,000;0,0000;0,00;;;;DUSD;N069000;T300;;099966      HASBRO INC.;65,87163110;57,99403110;79,20000000;68,85160392;76,76000000;5465,00000000;0,00000000;0,00000000;0,00000000;0,00000000;20251121
82;1O;00104;US4595061015;INTERNATIONAL FLAVORS & FRAGRANCES INC.;USD;NEW YORK;111111;201;O;6556,000;0,000;0,000;0,000;80,5710;74,5697;528223,6950;488879,12;1,080479;67,4500;58,6368;442202,2000;384423,37;442202,2000;384423,37;64,5600;-16,285;6,462;-21,366;0,483;0,382;0,034;4,476;0,034;0,000;0,000;0,0000;0,00;;;;DUSD;N069000;T300;;099966      INTERNATIONAL FLAVORS & FRAGRANCES INC.;80,57103340;74,56972544;67,45000000;58,63687733;64,56000000;6556,00000000;0,00000000;0,00000000;0,00000000;0,00000000;20251121
82;1O;00530;US0758871091;BECTON DICKINSON;USD;NEW YORK;111111;201;O;2223,000;0,000;0,000;0,000;222,1456;211,2879;493829,8400;469693,18;1,051388;192,7200;167,5389;428416,5600;372438,98;428416,5600;372438,98;189,5800;-13,246;9,408;-20,706;0,468;0,370;0,033;1,656;0,033;0,000;0,000;0,0000;0,00;;;;DUSD;N069000;T300;;099967      BECTON DICKINSON;222,14567701;211,28798020;192,72000000;167,53890289;189,58000000;2223,00000000;0,00000000;0,00000000;0,00000000;0,00000000;20251121
82;1O;00316;US5745991068;MASCO CORP.;USD;NEW YORK;111111;201;O;6629,000;0,000;0,000;0,000;73,4956;66,9100;487202,4040;443546,57;1,098424;62,2400;54,1076;412588,9600;358679,44;412588,9600;358679,44;60,1000;-15,315;4,723;-19,134;0,451;0,356;0,032;3,561;0,032;0,000;0,000;0,0000;0,00;;;;DUSD;N069000;T300;;099968      MASCO CORP.;73,49561080;66,91002715;62,24000000;54,10762409;60,10000000;6629,00000000;0,00000000;0,00000000;0,00000000;0,00000000;20251121
82;1O;08129;US90384S3031;ULTA BEAUTY INC;USD;OTC;111111;201;O;810,000;0,000;0,000;0,000;507,5908;435,9883;411148,5600;353150,58;1,164230;515,5800;448,2135;417619,8000;363052,94;417619,8000;363052,94;496,4400;1,574;-1,196;2,804;0,456;0,361;0,032;3,855;0,033;0,000;0,000;0,0000;0,00;;;;DUSD;N069000;T300;;099968      ULTA BEAUTY INC;507,59081481;435,98837037;515,58000000;448,21350951;496,44000000;810,00000000;0,00000000;0,00000000;0,00000000;0,00000000;20251121
82;1O;00212;US8718291078;SYSCO CORP.;USD;NEW YORK;111111;201;O;5219,000;0,000;0,000;0,000;75,4061;71,6422;393544,7610;373900,69;1,052538;76,6300;66,6174;399931,9700;347676,23;399931,9700;347676,23;75,4800;1,623;9,288;-7,014;0,437;0,345;0,031;1,524;0,031;0,000;0,000;0,0000;0,00;;;;DUSD;N069000;T300;;099969      SYSCO CORP.;75,40616229;71,64220923;76,63000000;66,61740415;75,48000000;5219,00000000;0,00000000;0,00000000;0,00000000;0,00000000;20251121
82;1O;01310;US0865161014;BEST BUY COMPANY INC.;USD;NEW YORK;111111;201;O;5000,000;0,000;0,000;0,000;76,9775;65,5350;384887,5000;327675,38;1,174600;76,4500;66,4609;382250,0000;332304,62;382250,0000;332304,62;73,7800;-0,685;-2,069;1,413;0,417;0,330;0,030;3,619;0,030;0,000;0,000;0,0000;0,00;;;;DUSD;N069000;T300;;099970      BEST BUY COMPANY INC.;76,97750000;65,53507600;76,45000000;66,46092323;73,78000000;5000,00000000;0,00000000;0,00000000;0,00000000;0,00000000;20251121
82;1O;33782;US24703L2025;DELL TECHS-ORD SHS CL C;USD;NEW YORK;111111;201;O;3123,000;0,000;0,000;0,000;130,4379;118,0399;407357,7400;368638,86;1,105032;122,5100;106,5026;382598,7300;332607,78;382598,7300;332607,78;117,4000;-6,078;4,097;-9,774;0,418;0,330;0,030;4,353;0,030;0,000;0,000;0,0000;0,00;;;;DUSD;N069000;T300;;099970      DELL TECHS-ORD SHS CL C;130,43795709;118,03998078;122,51000000;106,50265148;117,40000000;3123,00000000;0,00000000;0,00000000;0,00000000;0,00000000;20251121
82;1O;04388;US2533931026;DICK'S SPORTING GOODS INC.;USD;NEW YORK;111111;201;O;1760,000;0,000;0,000;0,000;218,5121;194,5051;384581,4360;342329,05;1,123426;208,4500;181,2135;366872,0000;318935,93;366872,0000;318935,93;202,6100;-4,605;2,392;-6,834;0,401;0,317;0,028;2,882;0,029;0,000;0,000;0,0000;0,00;;;;DUSD;N069000;T300;;099972      DICK'S SPORTING GOODS INC.;218,51217954;194,50514204;208,45000000;181,21359645;202,61000000;1760,00000000;0,00000000;0,00000000;0,00000000;0,00000000;20251121
82;1O;00399;US5184391044;ESTEE LAUDER COMPANIES CLA;USD;NEW YORK;111111;201;O;3937,000;0,000;0,000;0,000;91,9239;78,4521;361904,5950;308865,94;1,171721;89,9000;78,1535;353936,3000;307690,43;353936,3000;307690,43;86,6100;-2,202;-1,828;-0,381;0,386;0,306;0,027;3,799;0,028;0,000;0,000;0,0000;0,00;;;;DUSD;N069000;T300;;099973      ESTEE LAUDER COMPANIES CLA;91,92395097;78,45210566;89,90000000;78,15352516;86,61000000;3937,00000000;0,00000000;0,00000000;0,00000000;0,00000000;20251121
82;1O;00525;US4278661081;HERSHEY CO.;USD;NEW YORK;111111;201;O;1889,000;0,000;0,000;0,000;173,8151;149,8922;328336,7250;283146,54;1,159600;186,0000;161,6969;351354,0000;305445,54;351354,0000;305445,54;182,6600;7,010;-0,802;7,875;0,384;0,303;0,027;1,829;0,027;0,000;0,000;0,0000;0,00;;;;DUSD;N069000;T300;;099973      HERSHEY CO.;173,81510058;149,89229221;186,00000000;161,69694862;182,66000000;1889,00000000;0,00000000;0,00000000;0,00000000;0,00000000;20251121
82;1O;00426;US5951121038;MICRON TECHNOLOGY INC.;USD;OTC;111111;201;O;1687,000;0,000;0,000;0,000;97,9641;86,3089;165265,5920;145603,23;1,135041;207,3700;180,2747;349833,1900;304123,44;349833,1900;304123,44;201,3700;111,679;1,344;108,871;0,382;0,302;0,027;2,980;0,027;0,000;0,000;0,0000;0,00;;;;DUSD;N069000;T300;;099973      MICRON TECHNOLOGY INC.;97,96419205;86,30896858;207,37000000;180,27471094;201,37000000;1687,00000000;0,00000000;0,00000000;0,00000000;0,00000000;20251121
82;1O;04293;US12504L1098;CB RICHARD ELLIS GROUP INC. -CL A;USD;NEW YORK;111111;201;O;2020,000;0,000;0,000;0,000;128,6935;122,4018;259961,0270;247251,74;1,051402;156,7900;136,3035;316715,8000;275333,22;316715,8000;275333,22;151,5800;21,832;9,406;11,357;0,346;0,273;0,025;3,437;0,025;0,000;0,000;0,0000;0,00;;;;DUSD;N069000;T300;;099975      CB RICHARD ELLIS GROUP INC. -CL A;128,69357772;122,40185148;156,79000000;136,30357298;151,58000000;2020,00000000;0,00000000;0,00000000;0,00000000;0,00000000;20251121
82;1O;07927;US2538681030;DIGITAL REALTY TRUST INC;USD;NEW YORK;111111;201;O;2027,000;0,000;0,000;0,000;171,9642;163,6950;348571,5710;331809,92;1,050516;157,1800;136,6426;318603,8600;276974,58;318603,8600;276974,58;157,5900;-8,597;9,499;-16,526;0,348;0,275;0,025;-0,260;0,025;0,000;0,000;0,0000;0,00;;;;DUSD;N069000;T300;;099975      DIGITAL REALTY TRUST INC;171,96426788;163,69507646;157,18000000;136,64261497;157,59000000;2027,00000000;0,00000000;0,00000000;0,00000000;0,00000000;20251121
82;1O;36719;US52736R1023;LEVI STRAUSS & CO CLASS A;USD;NEW YORK;111111;201;O;14697,000;0,000;0,000;0,000;19,9470;17,2456;293162,2200;253458,93;1,156646;20,7600;18,0474;305109,7200;265243,61;305109,7200;265243,61;20,0300;4,075;-0,549;4,650;0,333;0,263;0,024;3,645;0,024;0,000;0,000;0,0000;0,00;;;;DUSD;N069000;T300;;099976      LEVI STRAUSS & CO CLASS A;19,94707899;17,24562359;20,76000000;18,04746587;20,03000000;14697,00000000;0,00000000;0,00000000;0,00000000;0,00000000;20251121
82;1O;23399;US70450Y1038;PAYPAL HOLDINGS INC-W/I;USD;OTC;111111;201;O;5078,000;0,000;0,000;0,000;67,5125;57,3451;342828,4800;291198,91;1,177300;60,5700;52,6558;307574,4600;267386,30;307574,4600;267386,30;58,1050;-10,283;-2,293;-8,177;0,336;0,266;0,024;4,242;0,024;0,000;0,000;0,0000;0,00;;;;DUSD;N069000;T300;;099976      PAYPAL HOLDINGS INC-W/I;67,51250098;57,34519692;60,57000000;52,65582891;58,10500000;5078,00000000;0,00000000;0,00000000;0,00000000;0,00000000;20251121
82;1O;13633;US8923561067;TRACTOR SUPPLY COMPANY;USD;OTC;111111;201;O;5776,000;0,000;0,000;0,000;57,7542;51,4188;333588,6090;296995,39;1,123211;52,9200;46,0053;305665,9200;265727,13;305665,9200;265727,13;52,6400;-8,370;2,412;-10,528;0,334;0,264;0,024;0,532;0,024;0,000;0,000;0,0000;0,00;;;;DUSD;N069000;T300;;099976      TRACTOR SUPPLY COMPANY;57,75426056;51,41886946;52,92000000;46,00538989;52,64000000;5776,00000000;0,00000000;0,00000000;0,00000000;0,00000000;20251121
82;1O;02976;US9884981013;YUM BRANDS INC.;USD;NEW YORK;111111;201;O;1917,000;0,000;0,000;0,000;145,5700;125,9691;279057,6900;241482,94;1,155600;152,9800;132,9913;293262,6600;254944,50;293262,6600;254944,50;149,2100;5,090;-0,459;5,575;0,320;0,253;0,023;2,527;0,023;0,000;0,000;0,0000;0,00;;;;DUSD;N069000;T300;;099977      YUM BRANDS INC.;145,57000000;125,96919144;152,98000000;132,99139354;149,21000000;1917,00000000;0,00000000;0,00000000;0,00000000;0,00000000;20251121
82;1O;09755;US92276F1003;VENTAS INC;USD;NEW YORK;111111;201;O;3568,000;0,000;0,000;0,000;60,5059;57,3507;215885,2660;204627,63;1,055015;79,2400;68,8863;282728,3200;245786,59;282728,3200;245786,59;79,7800;30,962;9,032;20,114;0,309;0,244;0,022;-0,677;0,022;0,000;0,000;0,0000;0,00;;;;DUSD;N069000;T300;;099978      VENTAS INC;60,50596020;57,35079316;79,24000000;68,88637746;79,78000000;3568,00000000;0,00000000;0,00000000;0,00000000;0,00000000;20251121
82;1O;08920;US49271V1008;KUERIG DR PEPPER;USD;NEW YORK;111111;201;O;9783,000;0,000;0,000;0,000;29,9020;25,6956;292531,2660;251380,31;1,163700;27,7400;24,1154;271380,4200;235921,43;271380,4200;235921,43;27,2100;-7,230;-1,151;-6,150;0,296;0,234;0,021;1,948;0,021;0,000;0,000;0,0000;0,00;;;;DUSD;N069000;T300;;099979      KUERIG DR PEPPER;29,90200000;25,69562608;27,74000000;24,11544814;27,21000000;9783,00000000;0,00000000;0,00000000;0,00000000;0,00000000;20251121
82;1O;07900;US5500211090;LULULEMON ATHLETICA INC;USD;OTC;111111;201;O;1587,000;0,000;0,000;0,000;172,5206;148,0229;273790,3500;234912,35;1,165500;168,1800;146,2053;266901,6600;232027,87;266901,6600;232027,87;164,6900;-2,516;-1,304;-1,228;0,291;0,230;0,021;2,119;0,021;0,000;0,000;0,0000;0,00;;;;DUSD;N069000;T300;;099979      LULULEMON ATHLETICA INC;172,52069943;148,02290485;168,18000000;146,20533773;164,69000000;1587,00000000;0,00000000;0,00000000;0,00000000;0,00000000;20251121
82;1O;09902;US28176E1082;EDWARDS LIFESCIENCES CORP;USD;NEW YORK;111111;201;O;2876,000;0,000;0,000;0,000;73,5148;69,8483;211428,6880;200883,91;1,052492;85,1300;74,0067;244833,8800;212843,50;244833,8800;212843,50;84,0900;15,800;9,293;5,953;0,267;0,211;0,019;1,237;0,019;0,000;0,000;0,0000;0,00;;;;DUSD;N069000;T300;;099981      EDWARDS LIFESCIENCES CORP;73,51484283;69,84836926;85,13000000;74,00678083;84,09000000;2876,00000000;0,00000000;0,00000000;0,00000000;0,00000000;20251121
82;1O;32178;US3802371076;GODADDY-ORD SHS CL A;USD;NEW YORK;111111;201;O;1967,000;0,000;0,000;0,000;192,6945;183,2520;379030,1330;360456,84;1,051527;127,0600;110,4581;249927,0200;217271,16;249927,0200;217271,16;124,2300;-34,061;9,393;-39,723;0,273;0,216;0,019;2,278;0,019;0,000;0,000;0,0000;0,00;;;;DUSD;N069000;T300;;099981      GODADDY-ORD SHS CL A;192,69452618;183,25207930;127,06000000;110,45814135;124,23000000;1967,00000000;0,00000000;0,00000000;0,00000000;0,00000000;20251121
82;1O;03963;US1273871087;CADENCE DESIGN SYS INC.;USD;OTC;111111;201;O;744,000;0,000;0,000;0,000;372,5422;316,4377;277171,4000;235429,71;1,177300;300,5800;261,3057;223631,5200;194411,48;223631,5200;194411,48;302,1400;-19,317;-2,293;-17,423;0,244;0,193;0,017;-0,516;0,017;0,000;0,000;0,0000;0,00;;;;DUSD;N069000;T300;;099983      CADENCE DESIGN SYS INC.;372,54220430;316,43778225;300,58000000;261,30574632;302,14000000;744,00000000;0,00000000;0,00000000;0,00000000;0,00000000;20251121
82;1O;05346;US1924461023;COGNIZANT TECH SOLUTIONS A;USD;OTC;111111;201;O;2784,000;0,000;0,000;0,000;75,5533;71,6993;210340,4860;199610,98;1,053752;75,9800;66,0523;211528,3200;183889,70;211528,3200;183889,70;72,3500;0,565;9,162;-7,876;0,231;0,183;0,016;5,017;0,016;0,000;0,000;0,0000;0,00;;;;DUSD;N069000;T300;;099984      COGNIZANT TECH SOLUTIONS A;75,55333548;71,69934626;75,98000000;66,05233417;72,35000000;2784,00000000;0,00000000;0,00000000;0,00000000;0,00000000;20251121
82;1O;37182;US45687V1061;INGERSOLL RAND-ORD SHS;USD;NEW YORK;111111;201;O;2614,000;0,000;0,000;0,000;87,0011;82,8710;227420,8950;216624,93;1,049837;78,5400;68,2778;205303,5600;178478,28;205303,5600;178478,28;74,5400;-9,725;9,569;-17,610;0,224;0,177;0,016;5,366;0,016;0,000;0,000;0,0000;0,00;;;;DUSD;N069000;T300;;099984      INGERSOLL RAND-ORD SHS;87,00110749;82,87105202;78,54000000;68,27784056;74,54000000;2614,00000000;0,00000000;0,00000000;0,00000000;0,00000000;20251121
82;1O;04020;US0534841012;AVALONBAY COMMUNITIES INC.;USD;NEW YORK;111111;201;O;1042,000;0,000;0,000;0,000;216,4083;205,7867;225497,5190;214429,76;1,051615;180,6800;157,0720;188268,5600;163669,10;188268,5600;163669,10;177,0400;-16,510;9,384;-23,672;0,206;0,163;0,015;2,056;0,015;0,000;0,000;0,0000;0,00;;;;DUSD;N069000;T300;;099985      AVALONBAY COMMUNITIES INC.;216,40836756;205,78671785;180,68000000;157,07206815;177,04000000;1042,00000000;0,00000000;0,00000000;0,00000000;0,00000000;20251121
82;1O;02074;US98956P1021;ZIMMER HOLDINGS INC.;USD;NEW YORK;111111;201;O;2002,000;0,000;0,000;0,000;104,4597;99,6665;209128,3730;199532,36;1,048093;92,1800;80,1356;184544,3600;160431,50;184544,3600;160431,50;89,0700;-11,755;9,752;-19,596;0,202;0,159;0,014;3,492;0,014;0,000;0,000;0,0000;0,00;;;;DUSD;N069000;T300;;099986      ZIMMER HOLDINGS INC.;104,45972677;99,66651348;92,18000000;80,13561679;89,07000000;2002,00000000;0,00000000;0,00000000;0,00000000;0,00000000;20251121
82;1O;06332;US48020Q1076;JONES LANG LASALLE INC;USD;NEW YORK;111111;201;O;304,000;0,000;0,000;0,000;252,8225;243,8954;76858,0400;74144,21;1,036602;314,8700;273,7285;95720,4800;83213,49;95720,4800;83213,49;301,6600;24,542;10,968;12,232;0,105;0,083;0,007;4,379;0,007;0,000;0,000;0,0000;0,00;;;;DUSD;N069000;T300;;099993      JONES LANG LASALLE INC;252,82250000;243,89542763;314,87000000;273,72859254;301,66000000;304,00000000;0,00000000;0,00000000;0,00000000;0,00000000;20251121
82;1O;00814;US1011211018;BOSTON PROPERTIES INC.;USD;NEW YORK;111111;201;O;930,000;0,000;0,000;0,000;74,2682;71,6409;69069,4500;66626,08;1,036673;70,0400;60,8884;65137,2000;56626,27;65137,2000;56626,27;68,6600;-5,693;10,961;-15,009;0,071;0,056;0,005;2,010;0,005;0,000;0,000;0,0000;0,00;;;;DUSD;N069000;T300;;099995      BOSTON PROPERTIES INC.;74,26822580;71,64094623;70,04000000;60,88846387;68,66000000;930,00000000;0,00000000;0,00000000;0,00000000;0,00000000;20251121
82;1O;03392;CH0013841017;LONZA GROUP AG-REG;CHF;VIRTX;111111;201;O;1924,000;0,000;0,000;0,000;537,0324;573,4491;1033250,4710;1103316,25;0,936495;534,8000;574,8065;1028955,2000;1105927,77;1028955,2000;1105927,77;530,0000;-0,416;-0,651;0,237;37,438;1,099;0,099;0,906;0,099;0,000;0,000;0,0000;0,00;;;;DCHF;N071000;T300;;099901      LONZA GROUP AG-REG;537,03246933;573,44919438;534,80000000;574,80653482;530,00000000;1924,00000000;0,00000000;0,00000000;0,00000000;0,00000000;20251121
82;1O;01930;CH0012221716;ABB LTD - NOM;CHF;VIRTX;111111;201;O;11174,000;0,000;0,000;0,000;58,6011;62,8104;654809,6700;701844,22;0,932984;54,6200;58,7059;610323,8800;655980,09;610323,8800;655980,09;55,6400;-6,794;-0,277;-6,535;22,206;0,652;0,059;-1,833;0,059;0,000;0,000;0,0000;0,00;;;;DCHF;N071000;T300;;099941      ABB LTD - NOM;58,60118757;62,81047252;54,62000000;58,70593293;55,64000000;11174,00000000;0,00000000;0,00000000;0,00000000;0,00000000;20251121
82;1O;01931;CH0012005267;NOVARTIS AG - NOM.;CHF;VIRTX;111111;201;O;5466,000;0,000;0,000;0,000;101,4822;108,2592;554701,7100;591744,94;0,937400;102,8800;110,5760;562342,0800;604408,94;562342,0800;604408,94;100,4200;1,377;-0,747;2,140;20,461;0,600;0,054;2,450;0,054;0,000;0,000;0,0000;0,00;;;;DCHF;N071000;T300;;099946      NOVARTIS AG - NOM.;101,48220087;108,25922795;102,88000000;110,57609630;100,42000000;5466,00000000;0,00000000;0,00000000;0,00000000;0,00000000;20251121
82;1O;39064;CH0025751329;LOGITECH INTL SA;USD;OTC;111111;201;O;7857,000;0,000;0,000;0,000;82,3500;79,5191;647023,9500;624781,72;1,035600;109,9200;95,5576;863641,4400;750796,70;863641,4400;750796,70;106,6400;33,479;11,076;20,169;0,943;0,746;0,067;3,076;0,067;0,000;0,000;0,0000;0,00;;;;DUSD;N071000;T300;;099933      LOGITECH INTL SA;82,35000000;79,51911925;109,92000000;95,55768060;106,64000000;7857,00000000;0,00000000;0,00000000;0,00000000;0,00000000;20251121
82;1O;60381;IE000IVNQZ81;TE CONNECTIVITY PLC;USD;NEW YORK;111111;201;O;2527,000;0,000;0,000;0,000;142,9700;138,0552;361285,1900;348865,58;1,035600;218,9300;190,3242;553236,1100;480949,41;553236,1100;480949,41;214,4900;53,130;11,076;37,861;0,604;0,478;0,043;2,070;0,043;0,000;0,000;0,0000;0,00;;;;DUSD;N071000;T300;;099957      TE CONNECTIVITY PLC;142,97000000;138,05523545;218,93000000;190,32426323;214,49000000;2527,00000000;0,00000000;0,00000000;0,00000000;0,00000000;20251121
82;1O;00872;KR7000660001;SK HYNIX INC.;KRW;SEOUL;111111;201;O;1343,000;0,000;0,000;0,000;354762,8436;216,8825;476446499,0000;291273,20;1635,737510;521000,0000;306,8807;699703000,0000;412140,86;699703000,0000;412140,86;571000,0000;46,859;3,790;41,496;64,801;0,409;0,037;-8,757;0,037;0,000;0,000;0,0000;0,00;;;;DKRW;N084000;T300;;099963      SK HYNIX INC.;354762,84363365;216,88250186;521000,00000000;306,88076145;571000,00000000;1343,00000000;0,00000000;0,00000000;0,00000000;0,00000000;20251121
82;1O;02748;KR7066570003;LG ELECTRONICS INC.;KRW;SEOUL;111111;201;O;4399,000;0,000;0,000;0,000;83144,7033;54,4846;365753550,0000;239678,13;1526,019708;86400,0000;50,8915;380073600,0000;223871,93;380073600,0000;223871,93;87300,0000;3,915;11,252;-6,595;35,199;0,222;0,020;-1,031;0,020;0,000;0,000;0,0000;0,00;;;;DKRW;N084000;T300;;099980      LG ELECTRONICS INC.;83144,70334166;54,48468515;86400,00000000;50,89155045;87300,00000000;4399,00000000;0,00000000;0,00000000;0,00000000;0,00000000;20251121
82;1O;09635;JP3651210001;NABTESCO CORP;JPY;TOKYO;111111;201;O;48723,000;0,000;0,000;0,000;2808,0000;17,2507;136814184,0000;840507,94;162,775600;3282,0000;18,2229;159908886,0000;887877,10;159908886,0000;887877,10;3272,0000;16,880;10,645;5,636;7,979;0,882;0,079;0,306;0,080;0,000;0,000;0,0000;0,00;;;;DJPY;N088000;T300;;099921      NABTESCO CORP;2808,00000000;17,25074277;3282,00000000;18,22295637;3272,00000000;48723,00000000;0,00000000;0,00000000;0,00000000;0,00000000;20251121
82;1O;00664;JP3266400005;KUBOTA CORP.;JPY;TOKYO;111111;201;O;68700,000;0,000;0,000;0,000;1687,7212;10,1259;115946450,2860;695652,52;166,672939;2128,5000;11,8182;146227950,0000;811915,16;146227950,0000;811915,16;2066,0000;26,117;8,057;16,713;7,296;0,806;0,072;3,025;0,073;0,000;0,000;0,0000;0,00;;;;DJPY;N088000;T300;;099928      KUBOTA CORP.;1687,72125598;10,12594643;2128,50000000;11,81827015;2066,00000000;68700,00000000;0,00000000;0,00000000;0,00000000;0,00000000;20251121
82;1O;00117;JP3270000007;KURITA WATER INDUSTRIES LTD.;JPY;TOKYO;111111;201;O;22500,000;0,000;0,000;0,000;5327,2371;32,1903;119862836,3240;724282,95;165,491727;6094,0000;33,8362;137115000,0000;761316,47;137115000,0000;761316,47;6134,0000;14,393;8,829;5,113;6,842;0,756;0,068;-0,652;0,068;0,000;0,000;0,0000;0,00;;;;DJPY;N088000;T300;;099932      KURITA WATER INDUSTRIES LTD.;5327,23716995;32,19035333;6094,00000000;33,83628766;6134,00000000;22500,00000000;0,00000000;0,00000000;0,00000000;0,00000000;20251121
82;1O;00810;JP3205800000;KAO CORP.;JPY;TOKYO;111111;201;O;20600,000;0,000;0,000;0,000;6286,6740;38,9673;129505486,1170;802727,78;161,331761;6589,0000;36,5847;135733400,0000;753645,29;135733400,0000;753645,29;6474,0000;4,809;11,635;-6,114;6,773;0,749;0,067;1,776;0,068;0,000;0,000;0,0000;0,00;;;;DJPY;N088000;T300;;099933      KAO CORP.;6286,67408335;38,96736796;6589,00000000;36,58472258;6474,00000000;20600,00000000;0,00000000;0,00000000;0,00000000;0,00000000;20251121
82;1O;00148;JP3733000008;NEC CORP.;JPY;TOKYO;111111;201;O;21600,000;0,000;0,000;0,000;5403,1988;30,3063;116709096,0000;654616,39;178,286242;6074,0000;33,7252;131198400,0000;728465,18;131198400,0000;728465,18;5980,0000;12,415;1,019;11,281;6,547;0,724;0,065;1,572;0,065;0,000;0,000;0,0000;0,00;;;;DJPY;N088000;T300;;099935      NEC CORP.;5403,19888888;30,30631435;6074,00000000;33,72523979;5980,00000000;21600,00000000;0,00000000;0,00000000;0,00000000;0,00000000;20251121
82;1O;00163;JP3190000004;OBAYASHI CORP.;JPY;TOKYO;111111;201;O;39200,000;0,000;0,000;0,000;2093,0000;12,8581;82045600,0000;504041,15;162,775599;3125,0000;17,3512;122500000,0000;680168,24;122500000,0000;680168,24;2976,5000;49,307;10,645;34,943;6,113;0,676;0,061;4,989;0,061;0,000;0,000;0,0000;0,00;;;;DJPY;N088000;T300;;099939      OBAYASHI CORP.;2093,00000000;12,85819260;3125,00000000;17,35123054;2976,50000000;39200,00000000;0,00000000;0,00000000;0,00000000;0,00000000;20251121
82;1O;00196;JP3435000009;SONY CORP.;JPY;TOKYO;111111;201;O;27100,000;0,000;0,000;0,000;3195,2000;19,7005;86589920,0000;533884,61;162,188455;4507,0000;25,0246;122139700,0000;678167,71;122139700,0000;678167,71;4461,0000;41,055;11,045;27,025;6,095;0,674;0,061;1,031;0,061;0,000;0,000;0,0000;0,00;;;;DJPY;N088000;T300;;099939      SONY CORP.;3195,20000000;19,70053911;4507,00000000;25,02463874;4461,00000000;27100,00000000;0,00000000;0,00000000;0,00000000;0,00000000;20251121
82;1O;00433;JP3596200000;TOTO LTD.;JPY;TOKYO;111111;201;O;30500,000;0,000;0,000;0,000;3863,1203;23,4388;117825170,0000;714886,22;164,816675;3897,0000;21,6376;118858500,0000;659949,20;118858500,0000;659949,20;3834,0000;0,877;9,274;-7,685;5,931;0,656;0,059;1,643;0,059;0,000;0,000;0,0000;0,00;;;;DJPY;N088000;T300;;099941      TOTO LTD.;3863,12032786;23,43889245;3897,00000000;21,63767854;3834,00000000;30500,00000000;0,00000000;0,00000000;0,00000000;0,00000000;20251121
82;1O;00144;JP3914400001;MURATA MANUFACTURING CO.LTD.;JPY;TOKYO;111111;201;O;35100,000;0,000;0,000;0,000;2479,2506;15,0796;87021698,6130;529295,64;164,410382;3033,0000;16,8404;106458300,0000;591098,40;106458300,0000;591098,40;3078,0000;22,335;9,544;11,676;5,312;0,587;0,053;-1,462;0,053;0,000;0,000;0,0000;0,00;;;;DJPY;N088000;T300;;099947      MURATA MANUFACTURING CO.LTD.;2479,25067273;15,07964786;3033,00000000;16,84041032;3078,00000000;35100,00000000;0,00000000;0,00000000;0,00000000;0,00000000;20251121
82;1O;00096;JP3854600008;HONDA MOTOR CO.;JPY;TOKYO;111111;201;O;61200,000;0,000;0,000;0,000;1538,6981;9,1116;94168326,0670;557632,94;168,871527;1538,5000;8,5423;94156200,0000;522792,30;94156200,0000;522792,30;1514,0000;-0,013;6,651;-6,248;4,698;0,519;0,047;1,618;0,047;0,000;0,000;0,0000;0,00;;;;DJPY;N088000;T300;;099953      HONDA MOTOR CO.;1538,69813835;9,11164934;1538,50000000;8,54235782;1514,00000000;61200,00000000;0,00000000;0,00000000;0,00000000;0,00000000;20251121
82;1O;00216;JP3538800008;TDK CORP.;JPY;TOKYO;111111;201;O;37300,000;0,000;0,000;0,000;1996,4782;12,2698;74468640,2320;457666,62;162,713724;2413,5000;13,4007;90023550,0000;499846,20;90023550,0000;499846,20;2490,5000;20,888;10,687;9,216;4,492;0,496;0,045;-3,092;0,045;0,000;0,000;0,0000;0,00;;;;DJPY;N088000;T300;;099955      TDK CORP.;1996,47829040;12,26988257;2413,50000000;13,40070237;2490,50000000;37300,00000000;0,00000000;0,00000000;0,00000000;0,00000000;20251121
82;1O;00447;JP3571400005;TOKYO ELECTRON LTD.;JPY;TOKYO;111111;201;O;3000,000;0,000;0,000;0,000;27438,8316;157,0074;82316495,0000;471022,44;174,761302;30180,0000;167,5712;90540000,0000;502713,73;90540000,0000;502713,73;32500,0000;9,990;3,056;6,728;4,518;0,499;0,045;-7,138;0,045;0,000;0,000;0,0000;0,00;;;;DJPY;N088000;T300;;099955      TOKYO ELECTRON LTD.;27438,83166666;157,00748000;30180,00000000;167,57124415;32500,00000000;3000,00000000;0,00000000;0,00000000;0,00000000;0,00000000;20251121
82;1O;00251;JP3942400007;ASTELLAS PHARMA INC.;JPY;TOKYO;111111;201;O;42400,000;0,000;0,000;0,000;1533,0389;9,4180;65000850,0000;399323,86;162,777276;1964,5000;10,9076;83294800,0000;462485,53;83294800,0000;462485,53;1979,5000;28,144;10,644;15,817;4,156;0,459;0,041;-0,758;0,041;0,000;0,000;0,0000;0,00;;;;DJPY;N088000;T300;;099959      ASTELLAS PHARMA INC.;1533,03891509;9,41801556;1964,50000000;10,90767757;1979,50000000;42400,00000000;0,00000000;0,00000000;0,00000000;0,00000000;20251121
82;1O;00037;JP3830800003;BRIDGESTONE CORP.;JPY;TOKYO;111111;201;O;11400,000;0,000;0,000;0,000;6430,7843;37,2729;73310941,4000;424912,10;172,532016;7222,0000;40,0993;82330800,0000;457133,02;82330800,0000;457133,02;7104,0000;12,304;4,388;7,583;4,108;0,454;0,041;1,661;0,041;0,000;0,000;0,0000;0,00;;;;DJPY;N088000;T300;;099959      BRIDGESTONE CORP.;6430,78433333;37,27299122;7222,00000000;40,09938784;7104,00000000;11400,00000000;0,00000000;0,00000000;0,00000000;0,00000000;20251121
82;1O;00618;JP3358800005;SHIMIZU CORP.;JPY;TOKYO;111111;201;O;29100,000;0,000;0,000;0,000;1252,5000;7,6946;36447750,0000;223914,08;162,775606;2572,0000;14,2807;74845200,0000;415570,02;74845200,0000;415570,02;2539,5000;105,349;10,645;85,594;3,735;0,413;0,037;1,280;0,037;0,000;0,000;0,0000;0,00;;;;DJPY;N088000;T300;;099963      SHIMIZU CORP.;1252,50000000;7,69464192;2572,00000000;14,28075679;2539,50000000;29100,00000000;0,00000000;0,00000000;0,00000000;0,00000000;20251121
82;1O;03334;JP3148800000;IBIDEN CO. LTD.;JPY;TOKYO;111111;201;O;6449,000;0,000;0,000;0,000;4501,3433;27,8952;29029163,2810;179896,77;161,365673;11330,0000;62,9086;73067170,0000;405697,70;73067170,0000;405697,70;12535,0000;151,703;11,611;125,517;3,646;0,403;0,036;-9,613;0,036;0,000;0,000;0,0000;0,00;;;;DJPY;N088000;T300;;099964      IBIDEN CO. LTD.;4501,34335261;27,89529694;11330,00000000;62,90862147;12535,00000000;6449,00000000;0,00000000;0,00000000;0,00000000;0,00000000;20251121
82;1O;05704;JP3475350009;DAIICHI SANKYO CO LTD;JPY;TOKYO;111111;201;O;15100,000;0,000;0,000;0,000;4339,1721;26,6568;65521499,0000;402518,26;162,778948;3700,0000;20,5438;55870000,0000;310212,24;55870000,0000;310212,24;3627,0000;-14,730;10,642;-22,932;2,788;0,308;0,028;2,013;0,028;0,000;0,000;0,0000;0,00;;;;DJPY;N088000;T300;;099972      DAIICHI SANKYO CO LTD;4339,17211920;26,65683841;3700,00000000;20,54385697;3627,00000000;15100,00000000;0,00000000;0,00000000;0,00000000;0,00000000;20251121
82;1O;05558;JP3118000003;ASICS CORP;JPY;TOKYO;111111;201;O;12100,000;0,000;0,000;0,000;4021,9135;22,6868;48665154,3060;274510,59;177,279697;3744,0000;20,7881;45302400,0000;251536,76;45302400,0000;251536,76;3661,0000;-6,910;1,592;-8,369;2,260;0,250;0,022;2,267;0,023;0,000;0,000;0,0000;0,00;;;;DJPY;N088000;T300;;099978      ASICS CORP;4021,91357900;22,68682562;3744,00000000;20,78816229;3661,00000000;12100,00000000;0,00000000;0,00000000;0,00000000;0,00000000;20251121
82;1O;17960;JP3351100007;SYSMEX CORP;JPY;TOKYO;111111;201;O;14300,000;0,000;0,000;0,000;2916,5000;17,9173;41705950,0000;256217,45;162,775603;1558,5000;8,6534;22286550,0000;123743,70;22286550,0000;123743,70;1497,0000;-46,563;10,645;-51,704;1,112;0,123;0,011;4,108;0,011;0,000;0,000;0,0000;0,00;;;;DJPY;N088000;T300;;099989      SYSMEX CORP;2916,50000000;17,91730419;1558,50000000;8,65340569;1497,00000000;14300,00000000;0,00000000;0,00000000;0,00000000;0,00000000;20251121
82;1O;03500;JP3164720009;RENEAS  ELECTRONICS CORP.;JPY;TOKYO;111111;201;O;11100,000;0,000;0,000;0,000;2046,5000;12,5725;22716150,0000;139555,01;162,775597;1798,0000;9,9832;19957800,0000;110813,56;19957800,0000;110813,56;1847,0000;-12,143;10,645;-20,595;0,996;0,110;0,010;-2,653;0,010;0,000;0,000;0,0000;0,00;;;;DJPY;N088000;T300;;099990      RENEAS  ELECTRONICS CORP.;2046,50000000;12,57252342;1798,00000000;9,98320400;1847,00000000;11100,00000000;0,00000000;0,00000000;0,00000000;0,00000000;20251121
82;1O;00192;JP3351600006;SHISEIDO CO.;JPY;TOKYO;111111;201;O;1600,000;0,000;0,000;0,000;2786,5000;17,1186;4458400,0000;27389,86;162,775567;2201,0000;12,2208;3521600,0000;19553,31;3521600,0000;19553,31;2185,5000;-21,012;10,645;-28,611;0,176;0,019;0,002;0,709;0,002;0,000;0,000;0,0000;0,00;;;;DJPY;N088000;T300;;099998      SHISEIDO CO.;2786,50000000;17,11866250;2201,00000000;12,22081870;2185,50000000;1600,00000000;0,00000000;0,00000000;0,00000000;0,00000000;20251121
82;1O;01571;HK0066009694;MTR CORP.;HKD;HONG KONG;111111;201;O;233025,000;0,000;0,000;0,000;27,1220;3,3625;6320126,0100;783560,03;8,065912;30,3400;3,3876;7069978,5000;789412,52;7069978,5000;789412,52;30,4600;11,865;11,035;0,747;35,502;0,784;0,070;-0,394;0,071;0,000;0,000;0,0000;0,00;;;;DHKD;N103000;T300;;099930      MTR CORP.;27,12209423;3,36255779;30,34000000;3,38767306;30,46000000;233025,00000000;0,00000000;0,00000000;0,00000000;0,00000000;20251121
82;1O;01620;HK0992009065;LENOVO GROUP LTD.;HKD;HONG KONG;111111;201;O;528000,000;0,000;0,000;0,000;10,0800;1,2529;5322240,0000;661583,40;8,044700;9,6800;1,0808;5111040,0000;570683,34;5111040,0000;570683,34;9,7200;-3,968;11,328;-13,740;25,665;0,567;0,051;-0,412;0,051;0,000;0,000;0,0000;0,00;;;;DHKD;N103000;T300;;099949      LENOVO GROUP LTD.;10,08000000;1,25299886;9,68000000;1,08083966;9,72000000;528000,00000000;0,00000000;0,00000000;0,00000000;0,00000000;20251121
82;1O;03896;HK0688002218;CHINA OVERSEAS LAND & INVESTMENT LTD;HKD;HONG KONG;111111;201;O;346000,000;0,000;0,000;0,000;12,4240;1,5401;4298720,1000;532875,28;8,067029;13,6600;1,5252;4726360,0000;527731,13;4726360,0000;527731,13;13,7200;9,948;11,020;-0,965;23,733;0,524;0,047;-0,437;0,047;0,000;0,000;0,0000;0,00;;;;DHKD;N103000;T300;;099953      CHINA OVERSEAS LAND & INVESTMENT LTD;12,42404653;1,54010196;13,66000000;1,52523447;13,72000000;346000,00000000;0,00000000;0,00000000;0,00000000;0,00000000;20251121
82;1O;00211;HK0019000162;SWIRE PACIFIC LTD. CLA;HKD;HONG KONG;111111;201;O;29602,000;0,000;0,000;0,000;70,4500;8,7573;2085460,9000;259234,14;8,044700;67,0000;7,4810;1983334,0000;221453,10;1983334,0000;221453,10;68,7500;-4,897;11,328;-14,574;9,959;0,220;0,020;-2,545;0,020;0,000;0,000;0,0000;0,00;;;;DHKD;N103000;T300;;099980      SWIRE PACIFIC LTD. CLA;70,45000000;8,75731842;67,00000000;7,48101831;68,75000000;29602,00000000;0,00000000;0,00000000;0,00000000;0,00000000;20251121
82;2;00001;;LIQUIDITA';EUR;;;610;;0,000;0,000;0,000;0,000;0,0000;0,0000;0,0000;0,00;0,000000;0,0000;0,0000;0,0000;47722164,13;0,0000;47722164,13;0,0000;0,000;0,000;0,000;0,000;0,000;4,258;0,000;4,278;0,000;0,000;0,0000;0,00;2;;;;;;;;0,00000000;0,00000000;0,00000000;0,00000000;0,00000000;0,00000000;0,00000000;0,00000000;0,00000000;0,00000000;20251121
82;2;00002;;LIQUIDITA' A SCADERE;EUR;;;620;;0,000;0,000;0,000;0,000;0,0000;0,0000;0,0000;0,00;0,000000;0,0000;0,0000;0,0000;-26324050,52;0,0000;-26324050,52;0,0000;0,000;0,000;0,000;0,000;0,000;-2,349;0,000;-2,360;0,000;0,000;0,0000;0,00;3;;;;;;;;0,00000000;0,00000000;0,00000000;0,00000000;0,00000000;0,00000000;0,00000000;0,00000000;0,00000000;0,00000000;20251121
82;2;00016;;GIACENZE DI DOLLARI AUSTRALIANI      AUD;AUD;;;621;;1448258,280;0,000;0,000;0,000;0,0000;0,5777;1448258,2800;836778,99;1,730754;0,0000;1,7881;1448258,2800;809942,55;1448258,2800;809942,55;0,0000;0,000;0,000;0,000;0,000;0,000;0,072;0,000;0,073;0,000;0,000;0,0000;0,00;3AUD1;;;;;;;;0,00000000;0,57778298;0,00000000;1,78810000;0,00000000;1448258,28000000;0,00000000;0,00000000;0,00000000;0,00000000;20251121
82;2;00009;;GIACENZE DI DOLLARI CANADESI         CAD;CAD;;;621;;1145777,470;0,000;0,000;0,000;0,0000;0,6670;1145777,4700;764261,85;1,499195;0,0000;1,6250;1145777,4700;705093,83;1145777,4700;705093,83;0,0000;0,000;0,000;0,000;0,000;0,000;0,063;0,000;0,063;0,000;0,000;0,0000;0,00;3CAD1;;;;;;;;0,00000000;0,66702467;0,00000000;1,62500000;0,00000000;1145777,47000000;0,00000000;0,00000000;0,00000000;0,00000000;20251121
82;2;00007;;GIACENZE DI FRANCHI SVIZZERI         CHF;CHF;;;621;;546803,500;0,000;0,000;0,000;0,0000;1,0737;546803,5000;587115,58;0,931339;0,0000;0,9304;546803,5000;587707,98;546803,5000;587707,98;0,0000;0,000;0,000;0,000;0,000;0,000;0,052;0,000;0,053;0,000;0,000;0,0000;0,00;3CHF1;;;;;;;;0,00000000;1,07372315;0,00000000;0,93040000;0,00000000;546803,50000000;0,00000000;0,00000000;0,00000000;0,00000000;20251121
82;2;00035;;GIACENZE DI CORONA DANESE            DKK;DKK;;;621;;834055,320;0,000;0,000;0,000;0,0000;0,1340;834055,3200;111785,87;7,461187;0,0000;7,4690;834055,3200;111668,94;834055,3200;111668,94;0,0000;0,000;0,000;0,000;0,000;0,000;0,010;0,000;0,010;0,000;0,000;0,0000;0,00;3DKK1;;;;;;;;0,00000000;0,13402692;0,00000000;7,46900000;0,00000000;834055,32000000;0,00000000;0,00000000;0,00000000;0,00000000;20251121
82;2;00006;;GIACENZE DI STERLINE INGLESI         GBP;GBP;;;621;;164157,790;0,000;0,000;0,000;0,0000;1,1464;164157,7900;188197,82;0,872262;0,0000;0,8792;164157,7900;186712,68;164157,7900;186712,68;0,0000;0,000;0,000;0,000;0,000;0,000;0,017;0,000;0,017;0,000;0,000;0,0000;0,00;3GBP1;;;;;;;;0,00000000;1,14644464;0,00000000;0,87920000;0,00000000;164157,79000000;0,00000000;0,00000000;0,00000000;0,00000000;20251121
82;2;00014;;GIACENZE DI HONG KONG DOLLAR         HKD;HKD;;;621;;1023821,940;0,000;0,000;0,000;0,0000;0,1127;1023821,9400;115457,17;8,867548;0,0000;8,9560;1023821,9400;114316,88;1023821,9400;114316,88;0,0000;0,000;0,000;0,000;0,000;0,000;0,010;0,000;0,010;0,000;0,000;0,0000;0,00;3HKD1;;;;;;;;0,00000000;0,11277075;0,00000000;8,95600000;0,00000000;1023821,94000000;0,00000000;0,00000000;0,00000000;0,00000000;20251121
82;2;00008;;GIACENZE DI YEN GIAPPONESI           JPY;JPY;;;621;;114412748,000;0,000;0,000;0,000;0,0000;0,0055;114412748,0000;633773,44;180,526259;0,0000;180,1025;114412748,0000;635264,63;114412748,0000;635264,63;0,0000;0,000;0,000;0,000;0,000;0,000;0,057;0,000;0,057;0,000;0,000;0,0000;0,00;3JPY1;;;;;;;;0,00000000;0,00553936;0,00000000;180,10250000;0,00000000;114412748,00000000;0,00000000;0,00000000;0,00000000;0,00000000;20251121
82;2;00008;;IMPEGNI IN DIVISA YEN GIAPPONESI     JPY;JPY;;;622;;-25660712,000;0,000;0,000;0,000;0,0000;0,0055;-25660712,0000;-141171,87;181,769300;0,0000;180,1025;-25660712,0000;-142478,38;-25660712,0000;-142478,38;0,0000;0,000;0,000;0,000;0,000;0,000;-0,013;0,000;-0,013;0,000;0,000;0,0000;0,00;3JPY2;;;;;;;;0,00000000;0,00550147;0,00000000;180,10250000;0,00000000;-25660712,00000000;0,00000000;0,00000000;0,00000000;0,00000000;20251121
82;2;00031;;GIACENZE DI CORONA NORVEGESE         NOK;NOK;;;621;;2259115,450;0,000;0,000;0,000;0,0000;0,0855;2259115,4500;193339,05;11,684734;0,0000;11,8258;2259115,4500;191032,78;2259115,4500;191032,78;0,0000;0,000;0,000;0,000;0,000;0,000;0,017;0,000;0,017;0,000;0,000;0,0000;0,00;3NOK1;;;;;;;;0,00000000;0,08558174;0,00000000;11,82580000;0,00000000;2259115,45000000;0,00000000;0,00000000;0,00000000;0,00000000;20251121
82;2;00011;;GIACENZE DI CORONE SVEDESI           SEK;SEK;;;621;;2246118,590;0,000;0,000;0,000;0,0000;0,0910;2246118,5900;204532,88;10,981699;0,0000;11,0245;2246118,5900;203738,82;2246118,5900;203738,82;0,0000;0,000;0,000;0,000;0,000;0,000;0,018;0,000;0,018;0,000;0,000;0,0000;0,00;3SEK1;;;;;;;;0,00000000;0,09106058;0,00000000;11,02450000;0,00000000;2246118,59000000;0,00000000;0,00000000;0,00000000;0,00000000;20251121
82;2;00022;;GIACENZE DI DOLLARI SINGAPORE        SGD;SGD;;;621;;781801,880;0,000;0,000;0,000;0,0000;0,7074;781801,8800;553112,49;1,413459;0,0000;1,5055;781801,8800;519297,16;781801,8800;519297,16;0,0000;0,000;0,000;0,000;0,000;0,000;0,046;0,000;0,047;0,000;0,000;0,0000;0,00;3SGD1;;;;;;;;0,00000000;0,70748421;0,00000000;1,50550000;0,00000000;781801,88000000;0,00000000;0,00000000;0,00000000;0,00000000;20251121
82;2;00001;;GIACENZE DI DOLLARI USA              USD;USD;;;621;;4943920,710;0,000;0,000;0,000;0,0000;0,8649;4943920,7100;4276182,51;1,156153;0,0000;1,1503;4943920,7100;4297940,29;4943920,7100;4297940,29;0,0000;0,000;0,000;0,000;0,000;0,000;0,384;0,000;0,385;0,000;0,000;0,0000;0,00;3USD1;;;;;;;;0,00000000;0,86493751;0,00000000;1,15030000;0,00000000;4943920,71000000;0,00000000;0,00000000;0,00000000;0,00000000;20251121
82;4;;;DIRITTI MATURATI NON RISCOSSI;;;;700;;0,000;0,000;0,000;0,000;0,0000;0,0000;0,0000;0,00;0,000000;0,0000;0,0000;0,0000;8061649,19;0,0000;168768,21;0,0000;0,000;0,000;0,000;0,000;0,000;0,719;0,000;0,723;0,000;0,000;0,0000;0,00;;;;;;;;;0,00000000;0,00000000;0,00000000;0,00000000;0,00000000;0,00000000;0,00000000;0,00000000;0,00000000;0,00000000;20251121
82;5;;;DEPOSITI MARGINI INIZ.FUTURES;;;;8;;0,000;0,000;0,000;0,000;0,0000;0,0000;0,0000;0,00;0,000000;0,0000;0,0000;0,0000;1308003,50;0,0000;1308003,50;0,0000;0,000;0,000;0,000;0,000;0,000;0,117;0,000;0,117;0,000;0,000;0,0000;0,00;;;;;;;;;0,00000000;0,00000000;0,00000000;0,00000000;0,00000000;0,00000000;0,00000000;0,00000000;0,00000000;0,00000000;20251121
82;5;;;MARGINI DI VARIAZIONE FUTURES;;;;8;;0,000;0,000;0,000;0,000;0,0000;0,0000;0,0000;0,00;0,000000;0,0000;0,0000;0,0000;0,00;0,0000;0,00;0,0000;0,000;0,000;0,000;0,000;0,000;0,000;0,000;0,000;0,000;0,000;0,0000;0,00;;;;;;;;;0,00000000;0,00000000;0,00000000;0,00000000;0,00000000;0,00000000;0,00000000;0,00000000;0,00000000;0,00000000;20251121
82;5;;;DEPOSITI BANCARI;;;;8;;0,000;0,000;0,000;0,000;0,0000;0,0000;0,0000;0,00;0,000000;0,0000;0,0000;0,0000;0,00;0,0000;0,00;0,0000;0,000;0,000;0,000;0,000;0,000;0,000;0,000;0,000;0,000;0,000;0,0000;0,00;;;;;;;;;0,00000000;0,00000000;0,00000000;0,00000000;0,00000000;0,00000000;0,00000000;0,00000000;0,00000000;0,00000000;20251121
82;9;;;RIMBORSI DA REGOLARE;;;;;;0,000;0,000;0,000;0,000;0,0000;0,0000;0,0000;0,00;0,000000;0,0000;0,0000;0,0000;-3073520,16;0,0000;-3073520,16;0,0000;0,000;0,000;0,000;0,000;0,000;0,000;0,000;0,000;0,000;0,000;0,0000;0,00;;;;;;;;;0,00000000;0,00000000;0,00000000;0,00000000;0,00000000;0,00000000;0,00000000;0,00000000;0,00000000;0,00000000;20251121
83;1I;46541;IT0005542359;BTPS  4,000% 2023-30/10/2031;EUR;MTS;086000;001;I;46000000,000;0,000;0,000;0,000;105,2738;105,2738;48425969,5700;48425969,57;0,000000;106,3360;106,3360;48914560,0000;48914560,00;49025768,7900;49025768,79;106,2810;1,009;0,000;1,009;5,767;20,478;2,568;0,052;2,582;0,000;0,000;111208,7900;111208,79;;;;DEUR;N111111;T000;;097432      BTPS  4,000% 2023-30/10/2031;105,27384690;105,27384690;106,33600000;106,33600000;106,28100000;46000000,00000000;0,00000000;0,00000000;0,00000000;0,00000000;20251121
83;1I;61747;IT0005648149;BTPS 3,6% 01.10.2035;EUR;MTSBOT;086000;001;I;36500000,000;0,000;0,000;0,000;100,8255;100,8255;36801317,7500;36801317,75;0,000000;101,4090;101,4090;37014285,0000;37014285,00;37198389,4000;37198389,40;101,2930;0,579;0,000;0,579;4,376;15,538;1,943;0,115;1,954;0,000;0,000;184104,4000;184104,40;;;;DEUR;N111111;T000;;098057      BTPS 3,6% 01.10.2035;100,82552810;100,82552810;101,40900000;101,40900000;101,29300000;36500000,00000000;0,00000000;0,00000000;0,00000000;0,00000000;20251121
83;1I;45169;IT0005508590;BTP 4% 2022/30.04.2035;EUR;MOT;086000;001;I;31208000,000;0,000;0,000;0,000;105,0530;105,0530;32784940,2400;32784940,24;0,000000;105,6120;105,6120;32959392,9600;32959392,96;33034840,8700;33034840,87;105,5000;0,532;0,000;0,532;3,886;13,799;1,731;0,106;1,740;0,000;0,000;75447,9100;75447,91;;;;DEUR;N111111;T000;;098269      BTP 4% 2022/30.04.2035;105,05300000;105,05300000;105,61200000;105,61200000;105,50000000;31208000,00000000;0,00000000;0,00000000;0,00000000;0,00000000;20251121
83;1I;45554;IT0005518128;BTPS  4,400% 2022-01/05/2033;EUR;MTS;086000;001;I;18800000,000;0,000;0,000;0,000;108,1080;108,1080;20324304,0000;20324304,00;0,000000;108,6180;108,6180;20420184,0000;20420184,00;20465885,6600;20465885,66;108,5440;0,472;0,000;0,472;2,407;8,549;1,072;0,068;1,078;0,000;0,000;45701,6600;45701,66;;;;DEUR;N111111;T000;;098928      BTPS  4,400% 2022-01/05/2033;108,10800000;108,10800000;108,61800000;108,61800000;108,54400000;18800000,00000000;0,00000000;0,00000000;0,00000000;0,00000000;20251121
83;1I;49814;IT0005607970;BTPS 3,850% 2024-01/02/2035;EUR;MTSBOT;086000;001;I;18450000,000;0,000;0,000;0,000;102,3500;102,3500;18883575,0000;18883575,00;0,000000;103,9320;103,9320;19175454,0000;19175454,00;19391639,8700;19391639,87;103,8220;1,546;0,000;1,546;2,281;8,100;1,007;0,106;1,012;0,000;0,000;216185,8700;216185,87;;;;DEUR;N111111;T000;;098993      BTPS 3,850% 2024-01/02/2035;102,35000000;102,35000000;103,93200000;103,93200000;103,82200000;18450000,00000000;0,00000000;0,00000000;0,00000000;0,00000000;20251121
83;1I;40175;IT0005438004;BTP 1,5%  2021-30.04.2045;EUR;MOT;086000;001;I;19000000,000;0,000;0,000;0,000;67,3880;67,3880;12803720,0000;12803720,00;0,000000;66,2150;66,2150;12580850,0000;12580850,00;12598075,2700;12598075,27;66,0990;-1,741;0,000;-1,741;1,482;5,262;0,661;0,175;0,664;0,000;0,000;17225,2700;17225,27;;;;DEUR;N111111;T000;;099339      BTP 1,5%  2021-30.04.2045;67,38800000;67,38800000;66,21500000;66,21500000;66,09900000;19000000,00000000;0,00000000;0,00000000;0,00000000;0,00000000;20251121
83;1I;44215;IT0005494239;BTPS 2,5% 2022/01.12.2032;EUR;MTSBOT;086000;001;I;10000000,000;0,000;0,000;0,000;95,0490;95,0490;9504900,0000;9504900,00;0,000000;96,6980;96,6980;9669800,0000;9669800,00;9787969,4000;9787969,40;96,6260;1,735;0,000;1,735;1,151;4,088;0,508;0,075;0,511;0,000;0,000;118169,4000;118169,40;;;;DEUR;N111111;T000;;099492      BTPS 2,5% 2022/01.12.2032;95,04900000;95,04900000;96,69800000;96,69800000;96,62600000;10000000,00000000;0,00000000;0,00000000;0,00000000;0,00000000;20251121
83;1I;48025;AT0000A39UW5;REP OF AUSTRIA 2,900% 2024-20/02/2034;EUR;VIENNA;008000;100;I;20000000,000;0,000;0,000;0,000;100,9960;100,9960;20199200,0000;20199200,00;0,000000;100,0650;100,0650;20013000,0000;20013000,00;20448397,2600;20448397,26;99,9800;-0,922;0,000;-0,922;2,405;47,905;1,051;0,085;1,057;0,000;0,000;435397,2600;435397,26;;;;DEUR;N008000;T100;;098949      REP OF AUSTRIA 2,900% 2024-20/02/2034;100,99600000;100,99600000;100,06500000;100,06500000;99,98000000;20000000,00000000;0,00000000;0,00000000;0,00000000;0,00000000;20251121
83;1I;46612;AT0000A33SH3;REP OF AUSTRIA 2,900% 2023-23/05/2029;EUR;VIENNA;008000;100;I;15000000,000;0,000;0,000;0,000;102,8603;102,8603;15429045,0000;15429045,00;0,000000;102,1360;102,1360;15320400,0000;15320400,00;15537304,1100;15537304,11;102,1090;-0,704;0,000;-0,704;1,828;36,400;0,804;0,026;0,809;0,000;0,000;216904,1100;216904,11;;;;DEUR;N008000;T100;;099196      REP OF AUSTRIA 2,900% 2023-23/05/2029;102,86030000;102,86030000;102,13600000;102,13600000;102,10900000;15000000,00000000;0,00000000;0,00000000;0,00000000;0,00000000;20251121
83;1I;31588;BE0000346552;BELGIUM 1,25% 2018/22.04.2033;EUR;BRUXELLES;009000;100;I;25000000,000;0,000;0,000;0,000;88,7150;88,7150;22178750,0000;22178750,00;0,000000;89,0960;89,0960;22274000,0000;22274000,00;22456363,0100;22456363,01;89,0180;0,429;0,000;0,429;2,642;64,048;1,170;0,088;1,176;0,000;0,000;182363,0100;182363,01;;;;DEUR;N009000;T100;;098830      BELGIUM 1,25% 2018/22.04.2033;88,71500000;88,71500000;89,09600000;89,09600000;89,01800000;25000000,00000000;0,00000000;0,00000000;0,00000000;0,00000000;20251121
83;1I;46204;BE0000358672;BELGIUM KINGDOM 3,300% 2023-22/06/2054;EUR;LUXEMBOURG;009000;100;I;7750000,000;0,000;0,000;0,000;95,6580;95,6580;7413495,0000;7413495,00;0,000000;84,6730;84,6730;6562157,5000;6562157,50;6668661,6100;6668661,61;84,5770;-11,484;0,000;-11,484;0,784;19,020;0,345;0,114;0,346;0,000;0,000;106504,1100;106504,11;;;;DEUR;N009000;T100;;099655      BELGIUM KINGDOM 3,300% 2023-22/06/2054;95,65800000;95,65800000;84,67300000;84,67300000;84,57700000;7750000,00000000;0,00000000;0,00000000;0,00000000;0,00000000;20251121
83;1I;40325;FR0014002JM6;FRANCE OAT  0,500% 2020-25/06/2044;EUR;MTS;029000;100;I;74000000,000;0,000;0,000;0,000;58,1010;58,1010;42994740,0000;42994740,00;0,000000;54,2430;54,2430;40139820,0000;40139820,00;40290861,1000;40290861,10;54,1480;-6,640;0,000;-6,640;4,740;22,464;2,108;0,175;2,119;0,000;0,000;151041,1000;151041,10;;;;DEUR;N029000;T100;;097892      FRANCE OAT  0,500% 2020-25/06/2044;58,10100000;58,10100000;54,24300000;54,24300000;54,14800000;74000000,00000000;0,00000000;0,00000000;0,00000000;0,00000000;20251121
83;1I;02969;FR0000188799;FRANCE O.A.T.3,15% 2002/25.7.2032 I/L;EUR;PARIGI;029000;100;I;15000000,000;0,000;0,000;0,000;113,4172;113,4172;27034191,4200;27034191,42;0,000000;113,1710;113,1710;26975496,1500;26975496,15;27220289,1200;27220289,12;113,2080;-0,217;0,000;-0,217;3,202;15,177;1,416;-0,033;1,424;0,000;0,000;244792,9700;244792,97;;;;DEUR;N029000;T100;;098584      FRANCE O.A.T.3,15% 2002/25.7.2032 I/L;113,41724580;113,41724580;113,17100000;113,17100000;113,20800000;15000000,00000000;0,00000000;0,00000000;0,00000000;0,00000000;20251121
83;1I;61693;FR001400Z2L7;FRANCE GOVT 2,7% 25.02.2031;EUR;PARIGI;029000;100;I;18000000,000;0,000;0,000;0,000;100,0500;100,0500;18009000,0000;18009000,00;0,000000;99,6350;99,6350;17934300,0000;17934300,00;18292475,3400;18292475,34;99,5780;-0,415;0,000;-0,415;2,152;10,199;0,942;0,057;0,947;0,000;0,000;358175,3400;358175,34;;;;DEUR;N029000;T100;;099058      FRANCE GOVT 2,7% 25.02.2031;100,05000000;100,05000000;99,63500000;99,63500000;99,57800000;18000000,00000000;0,00000000;0,00000000;0,00000000;0,00000000;20251121
83;1I;28193;FR0013234333;FRANCE O.A.T 1,75% 2016/25.06.2039;EUR;PARIGI;029000;100;I;17000000,000;0,000;0,000;0,000;80,0200;80,0200;13603400,0000;13603400,00;0,000000;78,7160;78,7160;13381720,0000;13381720,00;13503165,2100;13503165,21;78,6170;-1,630;0,000;-1,630;1,588;7,529;0,703;0,126;0,706;0,000;0,000;121445,2100;121445,21;;;;DEUR;N029000;T100;;099297      FRANCE O.A.T 1,75% 2016/25.06.2039;80,02000000;80,02000000;78,71600000;78,71600000;78,61700000;17000000,00000000;0,00000000;0,00000000;0,00000000;0,00000000;20251121
83;1I;61155;FR001400X8V5;FRANCE GOVT 3,200% 2025-25/05/2035;EUR;PARIGI;029000;100;I;10500000,000;0,000;0,000;0,000;99,6500;99,6500;10463250,0000;10463250,00;0,000000;98,3360;98,3360;10325280,0000;10325280,00;10490978,6300;10490978,63;98,2120;-1,319;0,000;-1,319;1,234;5,849;0,542;0,126;0,545;0,000;0,000;165698,6300;165698,63;;;;DEUR;N029000;T100;;099458      FRANCE GOVT 3,200% 2025-25/05/2035;99,65000000;99,65000000;98,33600000;98,33600000;98,21200000;10500000,00000000;0,00000000;0,00000000;0,00000000;0,00000000;20251121
83;1I;33142;IE00BFZRQ242;IRISH 1,35% 2018/18.03.2031;EUR;DUBLINO;040000;100;I;5000000,000;0,000;0,000;0,000;94,1280;94,1280;4706400,0000;4706400,00;0,000000;94,6470;94,6470;4732350,0000;4732350,00;4778213,0100;4778213,01;94,5770;0,551;0,000;0,551;0,562;100,000;0,248;0,074;0,250;0,000;0,000;45863,0100;45863,01;;;;DEUR;N040000;T100;;099752      IRISH 1,35% 2018/18.03.2031;94,12800000;94,12800000;94,64700000;94,64700000;94,57700000;5000000,00000000;0,00000000;0,00000000;0,00000000;0,00000000;20251121
83;1I;35096;NL0013552060;NETHERLAND 0.50% 2019/15.01.2040;EUR;AMSTERDAM;050000;100;I;500000,000;0,000;0,000;0,000;72,8950;72,8950;364475,0000;364475,00;0,000000;69,7520;69,7520;348760,0000;348760,00;350883,2900;350883,29;69,6770;-4,312;0,000;-4,312;0,041;0,451;0,018;0,108;0,018;0,000;0,000;2123,2900;2123,29;;;;DEUR;N050000;T100;;099982      NETHERLAND 0.50% 2019/15.01.2040;72,89500000;72,89500000;69,75200000;69,75200000;69,67700000;500000,00000000;0,00000000;0,00000000;0,00000000;0,00000000;20251121
83;1I;31930;PTOTEWOE0017;PORTUGAL 2,25% 2018/18.04.2034;EUR;LISBONA;055000;100;I;1000000,000;0,000;0,000;0,000;95,8810;95,8810;958810,0000;958810,00;0,000000;95,1890;95,1890;951890,0000;951890,00;965266,7100;965266,71;95,0950;-0,722;0,000;-0,722;0,114;4,521;0,050;0,099;0,050;0,000;0,000;13376,7100;13376,71;;;;DEUR;N055000;T100;;099950      PORTUGAL 2,25% 2018/18.04.2034;95,88100000;95,88100000;95,18900000;95,18900000;95,09500000;1000000,00000000;0,00000000;0,00000000;0,00000000;0,00000000;20251121
83;1I;34219;ES0000012E69;SPAIN BONOS 1.85% 2019/30.07.2035;EUR;MADRID;067000;100;I;35000000,000;0,000;0,000;0,000;89,5560;89,5560;31344600,0000;31344600,00;0,000000;89,1650;89,1650;31207750,0000;31207750,00;31409982,8800;31409982,88;89,0510;-0,437;0,000;-0,437;3,695;34,903;1,639;0,128;1,648;0,000;0,000;202232,8800;202232,88;;;;DEUR;N067000;T100;;098361      SPAIN BONOS 1.85% 2019/30.07.2035;89,55600000;89,55600000;89,16500000;89,16500000;89,05100000;35000000,00000000;0,00000000;0,00000000;0,00000000;0,00000000;20251121
83;1I;41969;ES0000012J07;SPAIN BONOS % 2021/30.07.2042;EUR;AIAF;067000;100;I;30600000,000;0,000;0,000;0,000;67,1841;67,1841;20558362,0000;20558362,00;0,000000;66,5690;66,5690;20370114,0000;20370114,00;20465686,6000;20465686,60;66,4480;-0,916;0,000;-0,916;2,407;22,742;1,070;0,182;1,075;0,000;0,000;95572,6000;95572,60;;;;DEUR;N067000;T100;;098930      SPAIN BONOS % 2021/30.07.2042;67,18418950;67,18418950;66,56900000;66,56900000;66,44800000;30600000,00000000;0,00000000;0,00000000;0,00000000;0,00000000;20251121
83;1I;27021;ES00000128E2;SPAIN BONOS 3.45% 2016 - 30/07/2066;EUR;MADRID;067000;100;I;12500000,000;0,000;0,000;0,000;93,7390;93,7390;11717375,0000;11717375,00;0,000000;86,3390;86,3390;10792375,0000;10792375,00;10927066,7800;10927066,78;86,1570;-7,894;0,000;-7,894;1,285;12,142;0,567;0,211;0,570;0,000;0,000;134691,7800;134691,78;;;;DEUR;N067000;T100;;099433      SPAIN BONOS 3.45% 2016 - 30/07/2066;93,73900000;93,73900000;86,33900000;86,33900000;86,15700000;12500000,00000000;0,00000000;0,00000000;0,00000000;0,00000000;20251121
83;1I;28565;ES00000128Q6;SPAIN BONOS 2,35% 2017/30.07.2033;EUR;MADRID;067000;100;I;9250000,000;0,000;0,000;0,000;95,7170;95,7170;8853822,5000;8853822,50;0,000000;96,0490;96,0490;8884532,5000;8884532,50;8952424,9700;8952424,97;95,9590;0,347;0,000;0,347;1,053;9,948;0,466;0,094;0,469;0,000;0,000;67892,4700;67892,47;;;;DEUR;N067000;T100;;099534      SPAIN BONOS 2,35% 2017/30.07.2033;95,71700000;95,71700000;96,04900000;96,04900000;95,95900000;9250000,00000000;0,00000000;0,00000000;0,00000000;0,00000000;20251121
83;1I;46954;ES0000012L78;SPGB 3.55% 2023/31.10.2033;EUR;MADRID;067000;100;I;7500000,000;0,000;0,000;0,000;103,6492;103,6492;7773690,0000;7773690,00;0,000000;103,9830;103,9830;7798725,0000;7798725,00;7814043,4900;7814043,49;103,8820;0,322;0,000;0,322;0,919;8,683;0,409;0,097;0,412;0,000;0,000;15318,4900;15318,49;;;;DEUR;N067000;T100;;099591      SPGB 3.55% 2023/31.10.2033;103,64920000;103,64920000;103,98300000;103,98300000;103,88200000;7500000,00000000;0,00000000;0,00000000;0,00000000;0,00000000;20251121
83;1I;62397;ES0000012P33;SPAIN BONOS 3,20% 31.10.2035;EUR;MADRID;067000;100;I;5000000,000;0,000;0,000;0,000;99,9270;99,9270;4996350,0000;4996350,00;0,000000;99,9220;99,9220;4996100,0000;4996100,00;5005305,4800;5005305,48;99,7890;-0,005;0,000;-0,005;0,589;5,562;0,262;0,133;0,264;0,000;0,000;9205,4800;9205,48;;;;DEUR;N067000;T100;;099738      SPAIN BONOS 3,20% 31.10.2035;99,92700000;99,92700000;99,92200000;99,92200000;99,78900000;5000000,00000000;0,00000000;0,00000000;0,00000000;0,00000000;20251121
83;1I;46259;ES0000012L60;SPAIN BONOS 3,900% 2023-30/07/2039;EUR;MADRID;067000;100;I;1500000,000;0,000;0,000;0,000;105,8940;105,8940;1588410,0000;1588410,00;0,000000;103,6810;103,6810;1555215,0000;1555215,00;1573486,2300;1573486,23;103,5460;-2,090;0,000;-2,090;0,185;1,748;0,082;0,130;0,082;0,000;0,000;18271,2300;18271,23;;;;DEUR;N067000;T100;;099918      SPAIN BONOS 3,900% 2023-30/07/2039;105,89400000;105,89400000;103,68100000;103,68100000;103,54600000;1500000,00000000;0,00000000;0,00000000;0,00000000;0,00000000;20251121
83;1I;40880;DE0001030724;BUNDES  ZC 2021/15.08.2050;EUR;FRANCOFORT;094000;100;I;49526712,330;0,000;0,000;0,000;52,6170;52,6170;26059470,2200;26059470,22;0,000000;44,8420;44,8420;22208768,3400;22208768,34;22208768,3400;22208768,34;44,7610;-14,777;0,000;-14,777;2,612;22,335;1,166;0,181;1,172;0,000;0,000;0,0000;0,00;;;;DEUR;N094000;T100;;098834      BUNDES  ZC 2021/15.08.2050;52,61700000;52,61700000;44,84200000;44,84200000;44,76100000;49526712,33000000;0,00000000;0,00000000;0,00000000;0,00000000;20251121
83;1I;46637;DE000BU3Z005;BUNDESREPUBLIC 2,300% 2023-15/02/2033;EUR;FRANCOFORT;094000;100;I;19000000,000;0,000;0,000;0,000;100,2240;100,2240;19042560,0000;19042560,00;0,000000;98,7320;98,7320;18759080,0000;18759080,00;19093115,6200;19093115,62;98,6650;-1,489;0,000;-1,489;2,246;19,201;0,985;0,068;0,990;0,000;0,000;334035,6200;334035,62;;;;DEUR;N094000;T100;;099015      BUNDESREPUBLIC 2,300% 2023-15/02/2033;100,22400000;100,22400000;98,73200000;98,73200000;98,66500000;19000000,00000000;0,00000000;0,00000000;0,00000000;0,00000000;20251121
83;1I;38532;DE0001030708;BUNDESREPUBLIK 0% 2020/15.08.2030;EUR;LUXEMBOURG;094000;100;I;15000000,000;0,000;0,000;0,000;89,0620;89,0620;13359300,0000;13359300,00;0,000000;90,1270;90,1270;13519050,0000;13519050,00;13519050,0000;13519050,00;90,0880;1,196;0,000;1,196;1,590;13,596;0,710;0,043;0,714;0,000;0,000;0,0000;0,00;;;;DEUR;N094000;T100;;099290      BUNDESREPUBLIK 0% 2020/15.08.2030;89,06200000;89,06200000;90,12700000;90,12700000;90,08800000;15000000,00000000;0,00000000;0,00000000;0,00000000;0,00000000;20251121
83;1I;41972;DE0001030732;BUNDESREPUBLIK 0% 2021/15.08.2031;EUR;FRANCOFORT;094000;100;I;6000000,000;0,000;0,000;0,000;86,9090;86,9090;5214540,0000;5214540,00;0,000000;87,6430;87,6430;5258580,0000;5258580,00;5258580,0000;5258580,00;87,5810;0,845;0,000;0,845;0,619;5,288;0,276;0,071;0,278;0,000;0,000;0,0000;0,00;;;;DEUR;N094000;T100;;099724      BUNDESREPUBLIK 0% 2021/15.08.2031;86,90900000;86,90900000;87,64300000;87,64300000;87,58100000;6000000,00000000;0,00000000;0,00000000;0,00000000;0,00000000;20251121
83;1I;47139;DE0001030757;BUNDESREPUBLIK DEU 1,8% 2023-15/08/2053;EUR;FRANCOFORT;094000;100;I;6250000,000;0,000;0,000;0,000;84,4800;84,4800;5280000,0000;5280000,00;0,000000;72,8500;72,8500;4553125,0000;4553125,00;4583330,4800;4583330,48;72,7100;-13,767;0,000;-13,767;0,539;4,609;0,239;0,193;0,240;0,000;0,000;30205,4800;30205,48;;;;DEUR;N094000;T100;;099761      BUNDESREPUBLIK DEU 1,8% 2023-15/08/2053;84,48000000;84,48000000;72,85000000;72,85000000;72,71000000;6250000,00000000;0,00000000;0,00000000;0,00000000;0,00000000;20251121
83;1I;41448;SI0002104196;REP  OF SLOVENIA 0.125% 21-01.07.31;EUR;LUBIANA;260000;100;I;4390000,000;0,000;0,000;0,000;85,0350;85,0350;3733036,5000;3733036,50;0,000000;87,7930;87,7930;3854112,7000;3854112,70;3856262,6000;3856262,60;87,7190;3,243;0,000;3,243;0,454;100,000;0,202;0,084;0,203;0,000;0,000;2149,9000;2149,90;;;;DEUR;N260000;T100;;099798      REP  OF SLOVENIA 0.125% 21-01.07.31;85,03500000;85,03500000;87,79300000;87,79300000;87,71900000;4390000,00000000;0,00000000;0,00000000;0,00000000;0,00000000;20251121
83;1I;45694;XS2563353361;ORSTED A/S  5,250% 2022-31.12.2049;EUR;LUXEMBOURG;021000;301;I;3000000,000;0,000;0,000;0,000;103,3760;103,3760;3101280,0000;3101280,00;0,000000;101,9850;101,9850;3059550,0000;3059550,00;3209714,3800;3209714,38;102,1110;-1,346;0,000;-1,346;0,378;27,309;0,161;-0,123;0,162;0,000;0,000;150164,3800;150164,38;;;;DEUR;N021000;T200;;099839      ORSTED A/S  5,250% 2022-31.12.2049;103,37600000;103,37600000;101,98500000;101,98500000;102,11100000;3000000,00000000;0,00000000;0,00000000;0,00000000;0,00000000;20251121
83;1I;44551;XS2489343793;KOMMUNEKREDIT 1.5% 2022/16.05.2029;EUR;LUXEMBOURG;021000;301;I;2950000,000;0,000;0,000;0,000;96,1040;96,1040;2835068,0000;2835068,00;0,000000;96,9910;96,9910;2861234,5000;2861234,50;2884147,5100;2884147,51;96,9210;0,923;0,000;0,923;0,339;24,539;0,150;0,072;0,151;0,000;0,000;22913,0100;22913,01;;;;DEUR;N021000;T200;;099850      KOMMUNEKREDIT 1.5% 2022/16.05.2029;96,10400000;96,10400000;96,99100000;96,99100000;96,92100000;2950000,00000000;0,00000000;0,00000000;0,00000000;0,00000000;20251121
83;1I;39984;XS2293075680;ORSTED 1.50% 2021/18.02.2051;EUR;LUXEMBOURG;021000;301;I;2500000,000;0,000;0,000;0,000;83,6250;83,6250;2090625,0000;2090625,00;0,000000;84,7140;84,7140;2117850,0000;2117850,00;2146206,1600;2146206,16;84,8990;1,302;0,000;1,302;0,252;18,260;0,111;-0,218;0,112;0,000;0,000;28356,1600;28356,16;;;;DEUR;N021000;T200;;099889      ORSTED 1.50% 2021/18.02.2051;83,62500000;83,62500000;84,71400000;84,71400000;84,89900000;2500000,00000000;0,00000000;0,00000000;0,00000000;0,00000000;20251121
83;1I;36584;XS2010036874;ORSTED A/S 1.75% 2019/09.12.20.3019;EUR;LUXEMBOURG;021000;301;I;2000000,000;0,000;0,000;0,000;93,8510;93,8510;1877020,0000;1877020,00;0,000000;95,6400;95,6400;1912800,0000;1912800,00;1946073,9700;1946073,97;95,7060;1,906;0,000;1,906;0,229;16,558;0,100;-0,069;0,101;0,000;0,000;33273,9700;33273,97;;;;DEUR;N021000;T200;;099900      ORSTED A/S 1.75% 2019/09.12.20.3019;93,85100000;93,85100000;95,64000000;95,64000000;95,70600000;2000000,00000000;0,00000000;0,00000000;0,00000000;0,00000000;20251121
83;1I;46225;XS2591029876;ORSTED A/S 3,750% 2023-01/03/2030;EUR;LUXEMBOURG;021000;301;I;1500000,000;0,000;0,000;0,000;102,7150;102,7150;1540725,0000;1540725,00;0,000000;101,7560;101,7560;1526340,0000;1526340,00;1567179,0400;1567179,04;101,7680;-0,934;0,000;-0,934;0,184;13,334;0,080;-0,012;0,081;0,000;0,000;40839,0400;40839,04;;;;DEUR;N021000;T200;;099920      ORSTED A/S 3,750% 2023-01/03/2030;102,71500000;102,71500000;101,75600000;101,75600000;101,76800000;1500000,00000000;0,00000000;0,00000000;0,00000000;0,00000000;20251121
83;1I;46138;XS2488809612;NOKIA   4,375% 2023-21/08/2031;EUR;FIPS;028000;301;I;2000000,000;0,000;0,000;0,000;104,4490;104,4490;2088980,0000;2088980,00;0,000000;104,6310;104,6310;2092620,0000;2092620,00;2114674,7900;2114674,79;104,6500;0,174;0,000;0,174;0,249;16,486;0,110;-0,018;0,110;0,000;0,000;22054,7900;22054,79;;;;DEUR;N028000;T200;;099890      NOKIA   4,375% 2023-21/08/2031;104,44900000;104,44900000;104,63100000;104,63100000;104,65000000;2000000,00000000;0,00000000;0,00000000;0,00000000;0,00000000;20251121
83;1I;37637;XS2171872570;NOKIA OYJ 3,125% 2020/15.05.2028;EUR;DUBLINO;028000;301;I;2000000,000;0,000;0,000;0,000;100,1730;100,1730;2003460,0000;2003460,00;0,000000;100,8420;100,8420;2016840,0000;2016840,00;2049374,2500;2049374,25;100,8520;0,668;0,000;0,668;0,241;15,977;0,106;-0,010;0,106;0,000;0,000;32534,2500;32534,25;;;;DEUR;N028000;T200;;099894      NOKIA OYJ 3,125% 2020/15.05.2028;100,17300000;100,17300000;100,84200000;100,84200000;100,85200000;2000000,00000000;0,00000000;0,00000000;0,00000000;0,00000000;20251121
83;1I;34244;XS1960685383;NOKIA OVJ 2% 2019/11.03.2026;EUR;DUBLINO;028000;301;I;1695000,000;0,000;0,000;0,000;98,7330;98,7330;1673524,3500;1673524,35;0,000000;99,7440;99,7440;1690660,8000;1690660,80;1714344,3600;1714344,36;99,6930;1,024;0,000;1,024;0,202;13,365;0,089;0,051;0,089;0,000;0,000;23683,5600;23683,56;;;;DEUR;N028000;T200;;099911      NOKIA OVJ 2% 2019/11.03.2026;98,73300000;98,73300000;99,74400000;99,74400000;99,69300000;1695000,00000000;0,00000000;0,00000000;0,00000000;0,00000000;20251121
83;1I;39333;XS2265360359;STORA ENSO 0.625% 2020/02.12.2030;EUR;LUXEMBOURG;028000;301;I;300000,000;0,000;0,000;0,000;85,2100;85,2100;255630,0000;255630,00;0,000000;90,5280;90,5280;271584,0000;271584,00;273402,4900;273402,49;90,5040;6,241;0,000;6,241;0,032;2,131;0,014;0,027;0,014;0,000;0,000;1818,4900;1818,49;;;;DEUR;N028000;T200;;099986      STORA ENSO 0.625% 2020/02.12.2030;85,21000000;85,21000000;90,52800000;90,52800000;90,50400000;300000,00000000;0,00000000;0,00000000;0,00000000;0,00000000;20251121
83;1I;41157;FR0014003YN1;AGENCE FRANCAISE DEV 0,01% 2021/25.11.28;EUR;PARIGI;029000;301;I;20000000,000;0,000;0,000;0,000;89,7100;89,7100;17942000,0000;17942000,00;0,000000;92,5360;92,5360;18507200,0000;18507200,00;18509178,0800;18509178,08;92,5110;3,150;0,000;3,150;2,177;10,320;0,972;0,027;0,977;0,000;0,000;1978,0800;1978,08;;;;DEUR;N029000;T200;;099028      AGENCE FRANCAISE DEV 0,01% 2021/25.11.28;89,71000000;89,71000000;92,53600000;92,53600000;92,51100000;20000000,00000000;0,00000000;0,00000000;0,00000000;0,00000000;20251121
83;1I;42158;FR0014005NA6;AFD 0.125% 2021/29.09.2031;EUR;PARIGI;029000;301;I;9000000,000;0,000;0,000;0,000;81,8530;81,8530;7366770,0000;7366770,00;0,000000;83,8390;83,8390;7545510,0000;7545510,00;7547143,5600;7547143,56;83,7710;2,426;0,000;2,426;0,888;4,208;0,396;0,081;0,398;0,000;0,000;1633,5600;1633,56;;;;DEUR;N029000;T200;;099604      AFD 0.125% 2021/29.09.2031;81,85300000;81,85300000;83,83900000;83,83900000;83,77100000;9000000,00000000;0,00000000;0,00000000;0,00000000;0,00000000;20251121
83;1I;41183;FR0014004016;CADES 0% 2021 25/11/206;EUR;LUXEMBOURG;029000;301;I;3000000,000;0,000;0,000;0,000;95,6160;95,6160;2868480,0000;2868480,00;0,000000;97,8660;97,8660;2935980,0000;2935980,00;2935980,0000;2935980,00;97,8560;2,353;0,000;2,353;0,345;1,637;0,154;0,010;0,155;0,000;0,000;0,0000;0,00;;;;DEUR;N029000;T200;;099846      CADES 0% 2021 25/11/206;95,61600000;95,61600000;97,86600000;97,86600000;97,85600000;3000000,00000000;0,00000000;0,00000000;0,00000000;0,00000000;20251121
83;1I;40332;XS2312733871;FORVIA EX FAURECIA 2,375% 21-15.06.2029;EUR;DUBLINO;029000;301;I;2500000,000;0,000;0,000;0,000;89,5330;89,5330;2238325,0000;2238325,00;0,000000;96,6970;96,6970;2417425,0000;2417425,00;2443154,1700;2443154,17;96,7800;8,002;0,000;8,002;0,287;1,362;0,127;-0,086;0,128;0,000;0,000;25729,1700;25729,17;;;;DEUR;N029000;T200;;099873      FORVIA EX FAURECIA 2,375% 21-15.06.2029;89,53300000;89,53300000;96,69700000;96,69700000;96,78000000;2500000,00000000;0,00000000;0,00000000;0,00000000;0,00000000;20251121
83;1I;40673;FR00140033E4;CAISSE FRANCAISE DE FIN0,01% 21/27.04.29;EUR;PARIGI;029000;301;I;2300000,000;0,000;0,000;0,000;88,7960;88,7960;2042308,0000;2042308,00;0,000000;91,6510;91,6510;2107973,0000;2107973,00;2108104,0700;2108104,07;91,5820;3,215;0,000;3,215;0,248;1,175;0,111;0,075;0,111;0,000;0,000;131,0700;131,07;;;;DEUR;N029000;T200;;099889      CAISSE FRANCAISE DE FIN0,01% 21/27.04.29;88,79600000;88,79600000;91,65100000;91,65100000;91,58200000;2300000,00000000;0,00000000;0,00000000;0,00000000;0,00000000;20251121
83;1I;38859;FR00140005L7;ORANGE SA 1.75% 2020/31.12.2049;EUR;PARIGI;029000;301;I;2000000,000;0,000;0,000;0,000;92,8860;92,8860;1857720,0000;1857720,00;0,000000;95,3700;95,3700;1907400,0000;1907400,00;1910947,9500;1910947,95;95,4920;2,674;0,000;2,674;0,225;1,065;0,100;-0,128;0,101;0,000;0,000;3547,9500;3547,95;;;;DEUR;N029000;T200;;099900      ORANGE SA 1.75% 2020/31.12.2049;92,88600000;92,88600000;95,37000000;95,37000000;95,49200000;2000000,00000000;0,00000000;0,00000000;0,00000000;0,00000000;20251121
83;1I;43209;FR0014007RB1;CAISSE AMORT DETTE  0,45% 2022/19.01.203;EUR;PARIGI;029000;301;I;2000000,000;0,000;0,000;0,000;84,2030;84,2030;1684060,0000;1684060,00;0,000000;86,0810;86,0810;1721620,0000;1721620,00;1729165,2100;1729165,21;86,0010;2,230;0,000;2,230;0,203;0,964;0,090;0,093;0,091;0,000;0,000;7545,2100;7545,21;;;;DEUR;N029000;T200;;099910      CAISSE AMORT DETTE  0,45% 2022/19.01.203;84,20300000;84,20300000;86,08100000;86,08100000;86,00100000;2000000,00000000;0,00000000;0,00000000;0,00000000;0,00000000;20251121
83;1I;44193;FR00140060E7;FONCIERE LYONNAISE 0.5% 2021/21.04.2028;EUR;PARIGI;029000;301;I;1200000,000;0,000;0,000;0,000;93,3190;93,3190;1119828,0000;1119828,00;0,000000;95,2990;95,2990;1143588,0000;1143588,00;1147105,8100;1147105,81;95,2790;2,122;0,000;2,122;0,135;0,640;0,060;0,021;0,060;0,000;0,000;3517,8100;3517,81;;;;DEUR;N029000;T200;;099940      FONCIERE LYONNAISE 0.5% 2021/21.04.2028;93,31900000;93,31900000;95,29900000;95,29900000;95,27900000;1200000,00000000;0,00000000;0,00000000;0,00000000;0,00000000;20251121
83;1I;37625;FR0013512233;KLEPIERRE 2% 2020/12.05.2029;EUR;PARIGI;029000;301;I;1000000,000;0,000;0,000;0,000;96,4790;96,4790;964790,0000;964790,00;0,000000;97,0450;97,0450;970450,0000;970450,00;981025,3400;981025,34;97,0460;0,587;0,000;0,587;0,115;0,547;0,051;-0,001;0,051;0,000;0,000;10575,3400;10575,34;;;;DEUR;N029000;T200;;099949      KLEPIERRE 2% 2020/12.05.2029;96,47900000;96,47900000;97,04500000;97,04500000;97,04600000;1000000,00000000;0,00000000;0,00000000;0,00000000;0,00000000;20251121
83;1I;63669;FR0014010DR1;RENAULT SA 3,875% 2025-30/09/2030;EUR;DUBLINO;029000;301;I;800000,000;0,000;0,000;0,000;100,0000;100,0000;800000,0000;800000,00;0,000000;99,9920;99,9920;799936,0000;799936,00;804352,4400;804352,44;100,0500;-0,008;0,000;-0,008;0,095;0,448;0,042;-0,058;0,042;0,000;0,000;4416,4400;4416,44;;;;DEUR;N029000;T200;;099958      RENAULT SA 3,875% 2025-30/09/2030;100,00000000;100,00000000;99,99200000;99,99200000;100,05000000;800000,00000000;0,00000000;0,00000000;0,00000000;0,00000000;20251121
83;1I;19194;XS1115498260;ORANGE SA 5% 2014/29.10.2049;EUR;PARIGI;029000;301;I;675000,000;0,000;0,000;0,000;102,4920;102,4920;691821,0000;691821,00;0,000000;101,4850;101,4850;685023,7500;685023,75;689739,5000;689739,50;101,5570;-0,983;0,000;-0,983;0,081;0,385;0,036;-0,071;0,036;0,000;0,000;4715,7500;4715,75;;;;DEUR;N029000;T200;;099964      ORANGE SA 5% 2014/29.10.2049;102,49200000;102,49200000;101,48500000;101,48500000;101,55700000;675000,00000000;0,00000000;0,00000000;0,00000000;0,00000000;20251121
83;1I;38143;XS2195190520;SSE PLC 3,125% 2020/31.12.2049;EUR;LONDRAEST;031000;301;I;4000000,000;0,000;0,000;0,000;98,4100;98,4100;3936400,0000;3936400,00;0,000000;99,6950;99,6950;3987800,0000;3987800,00;4032320,5500;4032320,55;99,7890;1,306;0,000;1,306;0,474;72,256;0,209;-0,094;0,211;0,000;0,000;44520,5500;44520,55;;;;DEUR;N031000;T200;;099791      SSE PLC 3,125% 2020/31.12.2049;98,41000000;98,41000000;99,69500000;99,69500000;99,78900000;4000000,00000000;0,00000000;0,00000000;0,00000000;0,00000000;20251121
83;1I;48462;XS2794589403;BRITISH TELECOM TV (5,125) 03.10.2054;EUR;LONDRAEST;031000;301;I;1000000,000;0,000;0,000;0,000;103,3970;103,3970;1033970,0000;1033970,00;0,000000;103,6290;103,6290;1036290,0000;1036290,00;1043170,1400;1043170,14;103,7680;0,224;0,000;0,224;0,123;18,693;0,054;-0,134;0,055;0,000;0,000;6880,1400;6880,14;;;;DEUR;N031000;T200;;099946      BRITISH TELECOM TV (5,125) 03.10.2054;103,39700000;103,39700000;103,62900000;103,62900000;103,76800000;1000000,00000000;0,00000000;0,00000000;0,00000000;0,00000000;20251121
83;1I;44959;XS2510903862;SSE PLC 2.875% 01.08.2029;EUR;LONDRAEST;031000;301;I;500000,000;0,000;0,000;0,000;99,7420;99,7420;498710,0000;498710,00;0,000000;100,1370;100,1370;500685,0000;500685,00;505095,9600;505095,96;100,1730;0,396;0,000;0,396;0,059;9,051;0,026;-0,036;0,026;0,000;0,000;4410,9600;4410,96;;;;DEUR;N031000;T200;;099974      SSE PLC 2.875% 01.08.2029;99,74200000;99,74200000;100,13700000;100,13700000;100,17300000;500000,00000000;0,00000000;0,00000000;0,00000000;0,00000000;20251121
83;1I;45987;XS2579321337;NEDER WATERSCHAPSBANK 2% 2023/17.12.2029;EUR;LUXEMBOURG;050000;301;I;10000000,000;0,000;0,000;0,000;100,8560;100,8560;10085600,0000;10085600,00;0,000000;101,0880;101,0880;10108800,0000;10108800,00;10364210,9600;10364210,96;101,0310;0,230;0,000;0,230;1,219;13,328;0,531;0,056;0,534;0,000;0,000;255410,9600;255410,96;;;;DEUR;N050000;T200;;099469      NEDER WATERSCHAPSBANK 2% 2023/17.12.2029;100,85600000;100,85600000;101,08800000;101,08800000;101,03100000;10000000,00000000;0,00000000;0,00000000;0,00000000;0,00000000;20251121
83;1I;45197;XS2486270858;KONINKLIJKE KPN 6 2022/31.12.2049;EUR;DUBLINO;050000;301;I;7800000,000;0,000;0,000;0,000;106,1250;106,1250;8277750,0000;8277750,00;0,000000;105,0440;105,0440;8193432,0000;8193432,00;8622966,2500;8622966,25;105,1090;-1,019;0,000;-1,019;1,014;11,088;0,430;-0,062;0,433;0,000;0,000;429534,2500;429534,25;;;;DEUR;N050000;T200;;099570      KONINKLIJKE KPN 6 2022/31.12.2049;106,12500000;106,12500000;105,04400000;105,04400000;105,10900000;7800000,00000000;0,00000000;0,00000000;0,00000000;0,00000000;20251121
83;1I;36892;XS2109819859;TELEFONICA TV 05.02.2027;EUR;DUBLINO;050000;301;I;6500000,000;0,000;0,000;0,000;97,3330;97,3330;6326645,0000;6326645,00;0,000000;98,4000;98,4000;6396000,0000;6396000,00;6485112,3300;6485112,33;98,3940;1,096;0,000;1,096;0,763;8,339;0,336;0,006;0,338;0,000;0,000;89112,3300;89112,33;;;;DEUR;N050000;T200;;099664      TELEFONICA TV 05.02.2027;97,33300000;97,33300000;98,40000000;98,40000000;98,39400000;6500000,00000000;0,00000000;0,00000000;0,00000000;0,00000000;20251121
83;1I;46032;XS2582389156;TELEFONICA EUR BV TV 23-31.12.49;EUR;DUBLINO;050000;301;I;4000000,000;0,000;0,000;0,000;107,8640;107,8640;4314560,0000;4314560,00;0,000000;106,1350;106,1350;4245400,0000;4245400,00;4381210,4100;4381210,41;106,3680;-1,603;0,000;-1,603;0,515;5,634;0,223;-0,219;0,224;0,000;0,000;135810,4100;135810,41;;;;DEUR;N050000;T200;;099777      TELEFONICA EUR BV TV 23-31.12.49;107,86400000;107,86400000;106,13500000;106,13500000;106,36800000;4000000,00000000;0,00000000;0,00000000;0,00000000;0,00000000;20251121
83;1I;45616;XS2462605671;TELEFONICA EM TV 2022/31.12.2049;EUR;LONDRAEST;050000;301;I;3000000,000;0,000;0,000;0,000;109,8700;109,8700;3296100,0000;3296100,00;0,000000;108,4290;108,4290;3252870,0000;3252870,00;3465448,7700;3465448,77;108,5380;-1,312;0,000;-1,312;0,408;4,456;0,171;-0,100;0,172;0,000;0,000;212578,7700;212578,77;;;;DEUR;N050000;T200;;099829      TELEFONICA EM TV 2022/31.12.2049;109,87000000;109,87000000;108,42900000;108,42900000;108,53800000;3000000,00000000;0,00000000;0,00000000;0,00000000;0,00000000;20251121
83;1I;48326;XS2755535577;TELEFONICA EUR TV (5,752%) 24-31/12/2049;EUR;DUBLINO;050000;301;I;3000000,000;0,000;0,000;0,000;106,9210;106,9210;3207630,0000;3207630,00;0,000000;105,2020;105,2020;3156060,0000;3156060,00;3260072,3800;3260072,38;105,5360;-1,608;0,000;-1,608;0,383;4,192;0,166;-0,316;0,167;0,000;0,000;104012,3800;104012,38;;;;DEUR;N050000;T200;;099834      TELEFONICA EUR TV (5,752%) 24-31/12/2049;106,92100000;106,92100000;105,20200000;105,20200000;105,53600000;3000000,00000000;0,00000000;0,00000000;0,00000000;0,00000000;20251121
83;1I;41944;PTEDPXOM0021;ENERGIAS DE PORTUGAL SA 20218/14.03.2082;EUR;DUBLINO;055000;301;I;9000000,000;0,000;0,000;0,000;95,3850;95,3850;8584650,0000;8584650,00;0,000000;97,6760;97,6760;8790840,0000;8790840,00;8884045,4800;8884045,48;97,8180;2,402;0,000;2,402;1,045;41,613;0,462;-0,145;0,464;0,000;0,000;93205,4800;93205,48;;;;DEUR;N055000;T200;;099538      ENERGIAS DE PORTUGAL SA 20218/14.03.2082;95,38500000;95,38500000;97,67600000;97,67600000;97,81800000;9000000,00000000;0,00000000;0,00000000;0,00000000;0,00000000;20251121
83;1I;45980;PTEDP4OM0025;ENERGIAS DE PORT  2023-23/04/2083;EUR;DUBLINO;055000;301;I;7500000,000;0,000;0,000;0,000;105,0310;105,0310;7877325,0000;7877325,00;0,000000;105,2110;105,2110;7890825,0000;7890825,00;8149711,8500;8149711,85;105,3570;0,171;0,000;0,171;0,959;38,173;0,414;-0,139;0,417;0,000;0,000;258886,8500;258886,85;;;;DEUR;N055000;T200;;099586      ENERGIAS DE PORT  2023-23/04/2083;105,03100000;105,03100000;105,21100000;105,21100000;105,35700000;7500000,00000000;0,00000000;0,00000000;0,00000000;0,00000000;20251121
83;1I;39819;PTEDPROM0029;ENERGIAS DE PORT 1.875% 2021/02.08.2081;EUR;DUBLINO;055000;301;I;1500000,000;0,000;0,000;0,000;97,4210;97,4210;1461315,0000;1461315,00;0,000000;99,0810;99,0810;1486215,0000;1486215,00;1494768,0800;1494768,08;99,1230;1,704;0,000;1,704;0,176;7,001;0,078;-0,042;0,078;0,000;0,000;8553,0800;8553,08;;;;DEUR;N055000;T200;;099922      ENERGIAS DE PORT 1.875% 2021/02.08.2081;97,42100000;97,42100000;99,08100000;99,08100000;99,12300000;1500000,00000000;0,00000000;0,00000000;0,00000000;0,00000000;20251121
83;1I;49005;PTEDPZOM0011;ENERGIAS DE PORT (4,750%) TV 29/05/2054;EUR;DUBLINO;055000;301;I;1200000,000;0,000;0,000;0,000;102,2090;102,2090;1226508,0000;1226508,00;0,000000;103,1730;103,1730;1238076,0000;1238076,00;1265560,9300;1265560,93;103,3200;0,943;0,000;0,943;0,149;5,928;0,065;-0,142;0,065;0,000;0,000;27484,9300;27484,93;;;;DEUR;N055000;T200;;099935      ENERGIAS DE PORT (4,750%) TV 29/05/2054;102,20900000;102,20900000;103,17300000;103,17300000;103,32000000;1200000,00000000;0,00000000;0,00000000;0,00000000;0,00000000;20251121
83;1I;30714;XS1725677543;INMOBILIARIA COL SO 1,625% 2017/28.11.25;EUR;DUBLINO;067000;301;I;2000000,000;0,000;0,000;0,000;98,9310;98,9310;1978620,0000;1978620,00;0,000000;99,8280;99,8280;1996560,0000;1996560,00;2028436,7100;2028436,71;99,8460;0,907;0,000;0,907;0,239;2,254;0,105;-0,018;0,105;0,000;0,000;31876,7100;31876,71;;;;DEUR;N067000;T200;;099895      INMOBILIARIA COL SO 1,625% 2017/28.11.25;98,93100000;98,93100000;99,82800000;99,82800000;99,84600000;2000000,00000000;0,00000000;0,00000000;0,00000000;0,00000000;20251121
83;1I;43961;XS2443749648;TELIA CO AB 2,75 % 2022/30.06.2083;EUR;STOCCOLMA;068000;301;I;1500000,000;0,000;0,000;0,000;96,5120;96,5120;1447680,0000;1447680,00;0,000000;99,3420;99,3420;1490130,0000;1490130,00;1506403,9700;1506403,97;99,4400;2,932;0,000;2,932;0,177;100,000;0,078;-0,099;0,079;0,000;0,000;16273,9700;16273,97;;;;DEUR;N068000;T200;;099922      TELIA CO AB 2,75 % 2022/30.06.2083;96,51200000;96,51200000;99,34200000;99,34200000;99,44000000;1500000,00000000;0,00000000;0,00000000;0,00000000;0,00000000;20251121
83;1I;48521;XS2798269069;TERNA - RETE ELET TV 11-04-24/31/12/2049;EUR;LUXEMBOURG;086000;301;I;3800000,000;0,000;0,000;0,000;102,9960;102,9960;3913848,0000;3913848,00;0,000000;103,0170;103,0170;3914646,0000;3914646,00;4025418,6000;4025418,60;103,1510;0,020;0,000;0,020;0,474;1,681;0,206;-0,130;0,207;0,000;0,000;110772,6000;110772,60;;;;DEUR;N086000;T200;;099794      TERNA - RETE ELET TV 11-04-24/31/12/2049;102,99600000;102,99600000;103,01700000;103,01700000;103,15100000;3800000,00000000;0,00000000;0,00000000;0,00000000;0,00000000;20251121
83;1I;41977;XS2386650274;ERG SPA 0.875% 2021/15.09.2031;EUR;LUXEMBOURG;086000;301;I;3000000,000;0,000;0,000;0,000;84,3420;84,3420;2530260,0000;2530260,00;0,000000;87,6050;87,6050;2628150,0000;2628150,00;2632968,4900;2632968,49;87,6110;3,869;0,000;3,869;0,310;1,100;0,138;-0,007;0,139;0,000;0,000;4818,4900;4818,49;;;;DEUR;N086000;T200;;099862      ERG SPA 0.875% 2021/15.09.2031;84,34200000;84,34200000;87,60500000;87,60500000;87,61100000;3000000,00000000;0,00000000;0,00000000;0,00000000;0,00000000;20251121
83;1I;38550;XS2229434852;ERG SPA 0,5% 2020/11.09.2027;EUR;LUXEMBOURG;086000;301;I;2600000,000;0,000;0,000;0,000;93,7390;93,7390;2437214,0000;2437214,00;0,000000;96,3310;96,3310;2504606,0000;2504606,00;2507134,7700;2507134,77;96,3000;2,765;0,000;2,765;0,295;1,047;0,132;0,032;0,132;0,000;0,000;2528,7700;2528,77;;;;DEUR;N086000;T200;;099868      ERG SPA 0,5% 2020/11.09.2027;93,73900000;93,73900000;96,33100000;96,33100000;96,30000000;2600000,00000000;0,00000000;0,00000000;0,00000000;0,00000000;20251121
83;1I;60711;XS2948434266;PRYSMIAN SPA 3,875% 2024-28/11/2031;EUR;LUXEMBOURG;086000;301;I;1300000,000;0,000;0,000;0,000;101,0770;101,0770;1314001,0000;1314001,00;0,000000;102,1890;102,1890;1328457,0000;1328457,00;1377865,9000;1377865,90;102,3450;1,100;0,000;1,100;0,162;0,576;0,070;-0,152;0,070;0,000;0,000;49408,9000;49408,90;;;;DEUR;N086000;T200;;099930      PRYSMIAN SPA 3,875% 2024-28/11/2031;101,07700000;101,07700000;102,18900000;102,18900000;102,34500000;1300000,00000000;0,00000000;0,00000000;0,00000000;0,00000000;20251121
83;1I;49606;XS2853679053;ERG SPA 4,125% 2024-03/07/2030;EUR;LUXEMBOURG;086000;301;I;1000000,000;0,000;0,000;0,000;102,9310;102,9310;1029310,0000;1029310,00;0,000000;104,1780;104,1780;1041780,0000;1041780,00;1057714,9300;1057714,93;104,1590;1,211;0,000;1,211;0,124;0,442;0,055;0,018;0,055;0,000;0,000;15934,9300;15934,93;;;;DEUR;N086000;T200;;099945      ERG SPA 4,125% 2024-03/07/2030;102,93100000;102,93100000;104,17800000;104,17800000;104,15900000;1000000,00000000;0,00000000;0,00000000;0,00000000;0,00000000;20251121
83;1I;46047;XS2583205906;A2A SPA 4,375% 2023-03/02/2034;EUR;LUXEMBOURG;086000;301;I;800000,000;0,000;0,000;0,000;105,7230;105,7230;845784,0000;845784,00;0,000000;105,3130;105,3130;842504,0000;842504,00;870408,1100;870408,11;105,2250;-0,388;0,000;-0,388;0,102;0,364;0,044;0,084;0,044;0,000;0,000;27904,1100;27904,11;;;;DEUR;N086000;T200;;099956      A2A SPA 4,375% 2023-03/02/2034;105,72300000;105,72300000;105,31300000;105,31300000;105,22500000;800000,00000000;0,00000000;0,00000000;0,00000000;0,00000000;20251121
83;1I;38139;XS2197348597;TAKEDA PHARMA 1% 2020/09.07.2029;EUR;NEW YORK;088000;301;I;2500000,000;0,000;0,000;0,000;91,9600;91,9600;2299000,0000;2299000,00;0,000000;93,3920;93,3920;2334800,0000;2334800,00;2344046,5800;2344046,58;93,4380;1,557;0,000;1,557;0,276;100,000;0,123;-0,049;0,123;0,000;0,000;9246,5800;9246,58;;;;DEUR;N088000;T200;;099877      TAKEDA PHARMA 1% 2020/09.07.2029;91,96000000;91,96000000;93,39200000;93,39200000;93,43800000;2500000,00000000;0,00000000;0,00000000;0,00000000;0,00000000;20251121
83;1I;36023;XS2056730679;INFINEON TEC 3.625% 2019-31/12/2049;EUR;DUBLINO;094000;301;I;2500000,000;0,000;0,000;0,000;99,1040;99,1040;2477600,0000;2477600,00;0,000000;100,3780;100,3780;2509450,0000;2509450,00;2567549,3200;2567549,32;100,4790;1,286;0,000;1,286;0,302;2,582;0,132;-0,101;0,132;0,000;0,000;58099,3200;58099,32;;;;DEUR;N094000;T200;;099868      INFINEON TEC 3.625% 2019-31/12/2049;99,10400000;99,10400000;100,37800000;100,37800000;100,47900000;2500000,00000000;0,00000000;0,00000000;0,00000000;0,00000000;20251121
83;1I;40683;EU000A3KM903;EUROPEAN UNION 0.20% 2021/04.06.2036;EUR;LUXEMBOURG;921000;301;I;12194000,000;0,000;0,000;0,000;73,8140;73,8140;9000879,1600;9000879,16;0,000000;74,0470;74,0470;9029291,1800;9029291,18;9040649,9700;9040649,97;73,8990;0,316;0,000;0,316;1,063;100,000;0,474;0,200;0,477;0,000;0,000;11358,7900;11358,79;;;;DEUR;N921000;T200;;099526      EUROPEAN UNION 0.20% 2021/04.06.2036;73,81400000;73,81400000;74,04700000;74,04700000;73,89900000;12194000,00000000;0,00000000;0,00000000;0,00000000;0,00000000;20251121
83;1I;06036;AT0000937503;VOEST ALPINE AG;EUR;VIENNA;008000;201;I;195439,000;0,000;0,000;0,000;20,3863;20,3863;3984284,3000;3984284,30;0,000000;34,2800;34,2800;6699648,9200;6699648,92;6699648,9200;6699648,92;34,9200;68,152;0,000;68,152;0,788;15,695;0,352;-1,833;0,354;0,000;0,000;0,0000;0,00;;;;DEUR;N008000;T300;;099648      VOEST ALPINE AG;20,38633179;20,38633179;34,28000000;34,28000000;34,92000000;195439,00000000;0,00000000;0,00000000;0,00000000;0,00000000;20251121
83;1I;27230;BE0974293251;ANHEUSER-BUSCH INBEV;EUR;BRUXELLES;009000;201;I;109130,000;0,000;0,000;0,000;50,7067;50,7067;5533629,5000;5533629,50;0,000000;54,4000;54,4000;5936672,0000;5936672,00;5936672,0000;5936672,00;52,8400;7,284;0,000;7,284;0,698;16,932;0,312;2,952;0,313;0,000;0,000;0,0000;0,00;;;;DEUR;N009000;T300;;099688      ANHEUSER-BUSCH INBEV;50,70676715;50,70676715;54,40000000;54,40000000;52,84000000;109130,00000000;0,00000000;0,00000000;0,00000000;0,00000000;20251121
83;1I;08457;FI0009000681;NOKIA OYJ;EUR;HELSINKI;028000;201;I;1301264,000;0,000;0,000;0,000;5,0063;5,0063;6514585,1600;6514585,16;0,000000;5,1300;5,1300;6675484,3200;6675484,32;6675484,3200;6675484,32;5,2000;2,470;0,000;2,470;0,785;52,041;0,351;-1,346;0,352;0,000;0,000;0,0000;0,00;;;;DEUR;N028000;T300;;099649      NOKIA OYJ;5,00635164;5,00635164;5,13000000;5,13000000;5,20000000;1301264,00000000;0,00000000;0,00000000;0,00000000;0,00000000;20251121
83;1I;08436;FR0000120321;L'OREAL;EUR;PARIGI;029000;201;I;23008,000;0,000;0,000;0,000;393,5757;393,5757;9055391,5500;9055391,55;0,000000;361,5000;361,5000;8317392,0000;8317392,00;8317392,0000;8317392,00;352,1500;-8,150;0,000;-8,150;0,978;4,637;0,437;2,655;0,439;0,000;0,000;0,0000;0,00;;;;DEUR;N029000;T300;;099563      L'OREAL;393,57578016;393,57578016;361,50000000;361,50000000;352,15000000;23008,00000000;0,00000000;0,00000000;0,00000000;0,00000000;20251121
83;1I;33385;FR0013154002;SARTORIUS STEDIM BIOTECH;EUR;PARIGI;029000;201;I;40929,000;0,000;0,000;0,000;177,5768;177,5768;7268040,8900;7268040,89;0,000000;190,0000;190,0000;7776510,0000;7776510,00;7776510,0000;7776510,00;186,2000;6,996;0,000;6,996;0,915;4,336;0,408;2,041;0,411;0,000;0,000;0,0000;0,00;;;;DEUR;N029000;T300;;099592      SARTORIUS STEDIM BIOTECH;177,57680104;177,57680104;190,00000000;190,00000000;186,20000000;40929,00000000;0,00000000;0,00000000;0,00000000;0,00000000;20251121
83;1I;01606;FR0000121667;ESSILOR LUXOTTICA;EUR;PARIGI;029000;201;I;17998,000;0,000;0,000;0,000;257,2124;257,2124;4629308,8500;4629308,85;0,000000;306,0000;306,0000;5507388,0000;5507388,00;5507388,0000;5507388,00;311,2000;18,968;0,000;18,968;0,648;3,071;0,289;-1,671;0,291;0,000;0,000;0,0000;0,00;;;;DEUR;N029000;T300;;099711      ESSILOR LUXOTTICA;257,21240415;257,21240415;306,00000000;306,00000000;311,20000000;17998,00000000;0,00000000;0,00000000;0,00000000;0,00000000;20251121
83;1I;14112;FR0010451203;REXEL SA;EUR;PARIGI;029000;201;I;119931,000;0,000;0,000;0,000;25,5198;25,5198;3060618,3900;3060618,39;0,000000;30,8100;30,8100;3695074,1100;3695074,11;3695074,1100;3695074,11;30,9100;20,730;0,000;20,730;0,435;2,060;0,194;-0,324;0,195;0,000;0,000;0,0000;0,00;;;;DEUR;N029000;T300;;099806      REXEL SA;25,51982715;25,51982715;30,81000000;30,81000000;30,91000000;119931,00000000;0,00000000;0,00000000;0,00000000;0,00000000;20251121
83;1I;06469;FR0010307819;LEGRAND PROMESSES;EUR;PARIGI;029000;201;I;27244,000;0,000;0,000;0,000;131,4432;131,4432;3581039,1900;3581039,19;0,000000;126,8500;126,8500;3455901,4000;3455901,40;3455901,4000;3455901,40;129,6000;-3,494;0,000;-3,494;0,407;1,927;0,181;-2,122;0,182;0,000;0,000;0,0000;0,00;;;;DEUR;N029000;T300;;099819      LEGRAND PROMESSES;131,44322382;131,44322382;126,85000000;126,85000000;129,60000000;27244,00000000;0,00000000;0,00000000;0,00000000;0,00000000;20251121
83;1I;14500;NL0010273215;ASML HLDG NV NEW;EUR;AMSTERDAM;050000;201;I;16047,000;0,000;0,000;0,000;720,9467;720,9467;11569032,5200;11569032,52;0,000000;834,0000;834,0000;13383198,0000;13383198,00;13383198,0000;13383198,00;889,8000;15,681;0,000;15,681;1,574;17,210;0,703;-6,271;0,707;0,000;0,000;0,0000;0,00;;;;DEUR;N050000;T300;;099297      ASML HLDG NV NEW;720,94675141;720,94675141;834,00000000;834,00000000;889,80000000;16047,00000000;0,00000000;0,00000000;0,00000000;0,00000000;20251121
83;1I;35896;NL0013654783;PROSUS;EUR;AMSTERDAM;050000;201;I;126180,000;0,000;0,000;0,000;42,2837;42,2837;5335362,4400;5335362,44;0,000000;56,6200;56,6200;7144311,6000;7144311,60;7144311,6000;7144311,60;57,4500;33,905;0,000;33,905;0,840;9,187;0,375;-1,445;0,377;0,000;0,000;0,0000;0,00;;;;DEUR;N050000;T300;;099625      PROSUS;42,28374100;42,28374100;56,62000000;56,62000000;57,45000000;126180,00000000;0,00000000;0,00000000;0,00000000;0,00000000;20251121
83;1I;27009;NL0010801007;IMCD GROUP NV;EUR;AMSTERDAM;050000;201;I;90841,000;0,000;0,000;0,000;129,0568;129,0568;11723653,4400;11723653,44;0,000000;77,5000;77,5000;7040177,5000;7040177,50;7040177,5000;7040177,50;75,9600;-39,949;0,000;-39,949;0,828;9,053;0,370;2,027;0,372;0,000;0,000;0,0000;0,00;;;;DEUR;N050000;T300;;099630      IMCD GROUP NV;129,05685142;129,05685142;77,50000000;77,50000000;75,96000000;90841,00000000;0,00000000;0,00000000;0,00000000;0,00000000;20251121
83;1I;01895;NL0000226223;STMICROELECTRONICS - MILANO;EUR;MILANO;050000;201;I;330375,000;0,000;0,000;0,000;24,3810;24,3810;8054901,1600;8054901,16;0,000000;18,8040;18,8040;6212371,5000;6212371,50;6212371,5000;6212371,50;18,9400;-22,875;0,000;-22,875;0,731;7,989;0,326;-0,718;0,328;0,000;0,000;0,0000;0,00;;;;DEUR;N050000;T300;;099674      STMICROELECTRONICS - MILANO;24,38108561;24,38108561;18,80400000;18,80400000;18,94000000;330375,00000000;0,00000000;0,00000000;0,00000000;0,00000000;20251121
83;1I;48620;NL0015001KT6;BREMBO N.V.;EUR;MILANO;050000;201;I;496360,000;0,000;0,000;0,000;9,0930;9,0930;4513401,4900;4513401,49;0,000000;8,9400;8,9400;4437458,4000;4437458,40;4437458,4000;4437458,40;8,8850;-1,683;0,000;-1,683;0,522;5,706;0,233;0,619;0,234;0,000;0,000;0,0000;0,00;;;;DEUR;N050000;T300;;099767      BREMBO N.V.;9,09300002;9,09300002;8,94000000;8,94000000;8,88500000;496360,00000000;0,00000000;0,00000000;0,00000000;0,00000000;20251121
83;1I;38577;NL0012866412;BE SEMICONDUCTOR INDS-ORD SHS;EUR;AMSTERDAM;050000;201;I;13773,000;0,000;0,000;0,000;143,9149;143,9149;1982140,8000;1982140,80;0,000000;122,8000;122,8000;1691324,4000;1691324,40;1691324,4000;1691324,40;130,0500;-14,672;0,000;-14,672;0,199;2,175;0,089;-5,575;0,089;0,000;0,000;0,0000;0,00;;;;DEUR;N050000;T300;;099911      BE SEMICONDUCTOR INDS-ORD SHS;143,91496406;143,91496406;122,80000000;122,80000000;130,05000000;13773,00000000;0,00000000;0,00000000;0,00000000;0,00000000;20251121
83;1I;40120;NL0010583399;CORBION-ORD SHS;EUR;AMSTERDAM;050000;201;I;51428,000;0,000;0,000;0,000;21,3650;21,3650;1098764,1300;1098764,13;0,000000;18,0100;18,0100;926218,2800;926218,28;926218,2800;926218,28;18,1500;-15,704;0,000;-15,704;0,109;1,191;0,049;-0,771;0,049;0,000;0,000;0,0000;0,00;;;;DEUR;N050000;T300;;099951      CORBION-ORD SHS;21,36509547;21,36509547;18,01000000;18,01000000;18,15000000;51428,00000000;0,00000000;0,00000000;0,00000000;0,00000000;20251121
83;1I;02400;PTEDP0AM0009;ENERGIAS DE PORTUGAL SA;EUR;LISBONA;055000;201;I;156902,000;0,000;0,000;0,000;3,0796;3,0796;483204,1400;483204,14;0,000000;3,7600;3,7600;589951,5200;589951,52;589951,5200;589951,52;3,7790;22,092;0,000;22,092;0,069;2,763;0,031;-0,503;0,031;0,000;0,000;0,0000;0,00;;;;DEUR;N055000;T300;;099969      ENERGIAS DE PORTUGAL SA;3,07965570;3,07965570;3,76000000;3,76000000;3,77900000;156902,00000000;0,00000000;0,00000000;0,00000000;0,00000000;20251121
83;1I;23311;ES0105025003;MERLIN PROPERTIES SOCIMI SA;EUR;MADRID;067000;201;I;146820,000;0,000;0,000;0,000;10,0741;10,0741;1479091,9200;1479091,92;0,000000;12,3700;12,3700;1816163,4000;1816163,40;1816163,4000;1816163,40;12,5800;22,789;0,000;22,789;0,214;2,018;0,095;-1,669;0,096;0,000;0,000;0,0000;0,00;;;;DEUR;N067000;T300;;099905      MERLIN PROPERTIES SOCIMI SA;10,07418553;10,07418553;12,37000000;12,37000000;12,58000000;146820,00000000;0,00000000;0,00000000;0,00000000;0,00000000;20251121
83;1I;36841;LU2052491334;MULTILABEL ETICA ESG GLOBAL EQUITY;EUR;LUXEMBOURG;092000;223;I;37106,669;0,000;0,000;0,000;140,2299;140,2299;5203468,1900;5203468,19;0,000000;139,5000;139,5000;5176380,3300;5176380,33;5176380,3300;5176380,33;140,4900;-0,521;0,000;-0,521;0,609;38,745;0,272;-0,705;0,273;0,000;0,000;0,0000;0,00;;;;DEUR;N092000;T300;;099728      MULTILABEL ETICA ESG GLOBAL EQUITY;140,22999989;140,22999989;139,50000000;139,50000000;140,49000000;37106,66900000;0,00000000;0,00000000;0,00000000;0,00000000;20251121
83;1I;36843;LU2052490872;MULTILABEL ETICA ESG DYNAMIC ALLOCATION;EUR;LUXEMBOURG;092000;223;I;36953,094;0,000;0,000;0,000;121,7399;121,7399;4498669,6600;4498669,66;0,000000;121,8700;121,8700;4503473,5700;4503473,57;4503473,5700;4503473,57;122,5000;0,107;0,000;0,107;0,530;33,708;0,236;-0,514;0,238;0,000;0,000;0,0000;0,00;;;;DEUR;N092000;T300;;099764      MULTILABEL ETICA ESG DYNAMIC ALLOCATION;121,73999990;121,73999990;121,87000000;121,87000000;122,50000000;36953,09400000;0,00000000;0,00000000;0,00000000;0,00000000;20251121
83;1I;36842;LU2052490286;MULTILABEL ETICA ESG CONSERVATIVE ALLOC;EUR;LUXEMBOURG;092000;223;I;37206,072;0,000;0,000;0,000;98,1699;98,1699;3652520,0800;3652520,08;0,000000;98,9200;98,9200;3680424,6400;3680424,64;3680424,6400;3680424,64;99,0700;0,764;0,000;0,764;0,433;27,548;0,193;-0,151;0,194;0,000;0,000;0,0000;0,00;;;;DEUR;N092000;T300;;099807      MULTILABEL ETICA ESG CONSERVATIVE ALLOC;98,16999977;98,16999977;98,92000000;98,92000000;99,07000000;37206,07200000;0,00000000;0,00000000;0,00000000;0,00000000;20251121
83;1I;33682;DE000KBX1006;KNORR-BREMSE AG;EUR;NEUERMKT;094000;201;I;93719,000;0,000;0,000;0,000;83,0112;83,0112;7779728,0800;7779728,08;0,000000;83,6000;83,6000;7834908,4000;7834908,40;7834908,4000;7834908,40;83,3000;0,709;0,000;0,709;0,922;7,879;0,411;0,360;0,414;0,000;0,000;0,0000;0,00;;;;DEUR;N094000;T300;;099589      KNORR-BREMSE AG;83,01121522;83,01121522;83,60000000;83,60000000;83,30000000;93719,00000000;0,00000000;0,00000000;0,00000000;0,00000000;20251121
83;1I;08512;DE0007164600;SAP SE;EUR;NEUERMKT;094000;201;I;32994,000;0,000;0,000;0,000;247,8400;247,8400;8177233,2900;8177233,29;0,000000;205,0000;205,0000;6763770,0000;6763770,00;6763770,0000;6763770,00;206,6000;-17,285;0,000;-17,285;0,796;6,802;0,355;-0,774;0,357;0,000;0,000;0,0000;0,00;;;;DEUR;N094000;T300;;099645      SAP SE;247,84001000;247,84001000;205,00000000;205,00000000;206,60000000;32994,00000000;0,00000000;0,00000000;0,00000000;0,00000000;20251121
83;1I;24199;DE000ZAL1111;ZALANDO-ORD SHS;EUR;NEUERMKT;094000;201;I;291012,000;0,000;0,000;0,000;26,6209;26,6209;7747007,4500;7747007,45;0,000000;22,1400;22,1400;6443005,6800;6443005,68;6443005,6800;6443005,68;22,6100;-16,832;0,000;-16,832;0,758;6,480;0,338;-2,079;0,340;0,000;0,000;0,0000;0,00;;;;DEUR;N094000;T300;;099662      ZALANDO-ORD SHS;26,62092095;26,62092095;22,14000000;22,14000000;22,61000000;291012,00000000;0,00000000;0,00000000;0,00000000;0,00000000;20251121
83;1I;19412;DE000A1ML7J1;VONOVIA SE;EUR;NEUERMKT;094000;201;I;222044,000;0,000;0,000;0,000;27,2314;27,2314;6046574,6400;6046574,64;0,000000;26,0500;26,0500;5784246,2000;5784246,20;5784246,2000;5784246,20;25,9000;-4,338;0,000;-4,338;0,680;5,817;0,304;0,579;0,305;0,000;0,000;0,0000;0,00;;;;DEUR;N094000;T300;;099696      VONOVIA SE;27,23142548;27,23142548;26,05000000;26,05000000;25,90000000;222044,00000000;0,00000000;0,00000000;0,00000000;0,00000000;20251121
83;1I;08529;DE0005557508;DEUTSCHE TELEKOM - NOMINATIVE;EUR;NEUERMKT;094000;201;I;194771,000;0,000;0,000;0,000;31,7967;31,7967;6193085,8800;6193085,88;0,000000;27,6200;27,6200;5379575,0200;5379575,02;5379575,0200;5379575,02;27,0800;-13,136;0,000;-13,136;0,633;5,410;0,282;1,994;0,284;0,000;0,000;0,0000;0,00;;;;DEUR;N094000;T300;;099718      DEUTSCHE TELEKOM - NOMINATIVE;31,79675557;31,79675557;27,62000000;27,62000000;27,08000000;194771,00000000;0,00000000;0,00000000;0,00000000;0,00000000;20251121
83;1I;17410;IT0004965148;MONCLER SPA;EUR;MILANO;086000;201;I;248172,000;0,000;0,000;0,000;54,9996;54,9996;13649372,2100;13649372,21;0,000000;56,2200;56,2200;13952229,8400;13952229,84;13952229,8400;13952229,84;56,5000;2,219;0,000;2,219;1,641;5,828;0,733;-0,496;0,737;0,000;0,000;0,0000;0,00;;;;DEUR;N111111;T300;;099267      MONCLER SPA;54,99964625;54,99964625;56,22000000;56,22000000;56,50000000;248172,00000000;0,00000000;0,00000000;0,00000000;0,00000000;20251121
83;1I;03565;IT0003497168;TELECOM ITALIA SPA ORD.;EUR;MILANO;086000;201;I;23833797,000;0,000;0,000;0,000;0,2547;0,2547;6071909,9700;6071909,97;0,000000;0,4867;0,4867;11599909,0000;11599909,00;11599909,0000;11599909,00;0,4898;91,042;0,000;91,042;1,365;4,845;0,609;-0,633;0,612;0,000;0,000;0,0000;0,00;;;;DEUR;N111111;T300;;099391      TELECOM ITALIA SPA ORD.;0,25476049;0,25476049;0,48670000;0,48670000;0,48980000;23833797,00000000;0,00000000;0,00000000;0,00000000;0,00000000;20251121
83;1I;08531;IT0001078911;INTERPUMP GROUP;EUR;MILANO;086000;201;I;113895,000;0,000;0,000;0,000;40,2729;40,2729;4586886,3800;4586886,38;0,000000;41,7400;41,7400;4753977,3000;4753977,30;4753977,3000;4753977,30;41,8400;3,643;0,000;3,643;0,559;1,986;0,250;-0,239;0,251;0,000;0,000;0,0000;0,00;;;;DEUR;N111111;T300;;099750      INTERPUMP GROUP;40,27293893;40,27293893;41,74000000;41,74000000;41,84000000;113895,00000000;0,00000000;0,00000000;0,00000000;0,00000000;20251121
83;1I;08544;IT0001157020;ERG ORD.;EUR;MILANO;086000;201;I;151808,000;0,000;0,000;0,000;19,4820;19,4820;2957532,9400;2957532,94;0,000000;21,5600;21,5600;3272980,4800;3272980,48;3272980,4800;3272980,48;22,0200;10,666;0,000;10,666;0,385;1,367;0,172;-2,089;0,173;0,000;0,000;0,0000;0,00;;;;DEUR;N111111;T300;;099828      ERG ORD.;19,48206247;19,48206247;21,56000000;21,56000000;22,02000000;151808,00000000;0,00000000;0,00000000;0,00000000;0,00000000;20251121
83;1I;34530;IT0005366767;NEXI SPA;EUR;MILANO;086000;201;I;495405,000;0,000;0,000;0,000;5,2970;5,2970;2624167,0400;2624167,04;0,000000;3,7920;3,7920;1878575,7600;1878575,76;1878575,7600;1878575,76;3,7400;-28,412;0,000;-28,412;0,221;0,785;0,099;1,390;0,099;0,000;0,000;0,0000;0,00;;;;DEUR;N111111;T300;;099901      NEXI SPA;5,29701363;5,29701363;3,79200000;3,79200000;3,74000000;495405,00000000;0,00000000;0,00000000;0,00000000;0,00000000;20251121
83;1I;25525;IT0005162406;TECHNOGYM  SPA;EUR;MILANO;086000;201;I;99588,000;0,000;0,000;0,000;11,0062;11,0062;1096087,0600;1096087,06;0,000000;15,6100;15,6100;1554568,6800;1554568,68;1554568,6800;1554568,68;15,7000;41,829;0,000;41,829;0,183;0,649;0,082;-0,573;0,082;0,000;0,000;0,0000;0,00;;;;DEUR;N111111;T300;;099918      TECHNOGYM  SPA;11,00621621;11,00621621;15,61000000;15,61000000;15,70000000;99588,00000000;0,00000000;0,00000000;0,00000000;0,00000000;20251121
83;1I;08569;IT0001206769;SOL SPA;EUR;MILANO;086000;201;I;30293,000;0,000;0,000;0,000;36,9791;36,9791;1120210,0000;1120210,00;0,000000;48,7000;48,7000;1475269,1000;1475269,10;1475269,1000;1475269,10;48,3500;31,696;0,000;31,696;0,174;0,616;0,077;0,724;0,078;0,000;0,000;0,0000;0,00;;;;DEUR;N111111;T300;;099923      SOL SPA;36,97917010;36,97917010;48,70000000;48,70000000;48,35000000;30293,00000000;0,00000000;0,00000000;0,00000000;0,00000000;20251121
83;1I;19402;IT0005054967;RAI WAY SPA;EUR;MILANO;086000;201;I;261498,000;0,000;0,000;0,000;5,4891;5,4891;1435409,4400;1435409,44;0,000000;5,5000;5,5000;1438239,0000;1438239,00;1438239,0000;1438239,00;5,5000;0,197;0,000;0,197;0,169;0,601;0,076;0,000;0,076;0,000;0,000;0,0000;0,00;;;;DEUR;N111111;T300;;099924      RAI WAY SPA;5,48917942;5,48917942;5,50000000;5,50000000;5,50000000;261498,00000000;0,00000000;0,00000000;0,00000000;0,00000000;20251121
83;1I;07862;IT0003492391;DIASORIN;EUR;MILANO;086000;201;I;23755,000;0,000;0,000;0,000;98,9895;98,9895;2351495,8700;2351495,87;0,000000;59,5400;59,5400;1414372,7000;1414372,70;1414372,7000;1414372,70;58,8000;-39,852;0,000;-39,852;0,166;0,591;0,074;1,259;0,075;0,000;0,000;0,0000;0,00;;;;DEUR;N111111;T300;;099926      DIASORIN;98,98951252;98,98951252;59,54000000;59,54000000;58,80000000;23755,00000000;0,00000000;0,00000000;0,00000000;0,00000000;20251121
83;1I;04321;IT0003242622;TERNA SPA;EUR;MILANO;086000;201;I;102844,000;0,000;0,000;0,000;7,6214;7,6214;783823,6100;783823,61;0,000000;9,1760;9,1760;943696,5400;943696,54;943696,5400;943696,54;9,1020;20,397;0,000;20,397;0,111;0,394;0,050;0,813;0,050;0,000;0,000;0,0000;0,00;;;;DEUR;N111111;T300;;099950      TERNA SPA;7,62148117;7,62148117;9,17600000;9,17600000;9,10200000;102844,00000000;0,00000000;0,00000000;0,00000000;0,00000000;20251121
83;1I;06568;IT0004056880;AMPLIFON NEW;EUR;MILANO;086000;201;I;56172,000;0,000;0,000;0,000;21,1738;21,1738;1189379,9100;1189379,91;0,000000;13,2050;13,2050;741751,2600;741751,26;741751,2600;741751,26;12,9500;-37,635;0,000;-37,635;0,087;0,310;0,039;1,969;0,039;0,000;0,000;0,0000;0,00;;;;DEUR;N111111;T300;;099961      AMPLIFON NEW;21,17389286;21,17389286;13,20500000;13,20500000;12,95000000;56172,00000000;0,00000000;0,00000000;0,00000000;0,00000000;20251121
83;1I;23184;IT0005090300;INFRASTRUTTURE WIRELESS ITAL;EUR;MILANO;086000;201;I;84317,000;0,000;0,000;0,000;9,7588;9,7588;822840,7800;822840,78;0,000000;7,8950;7,8950;665682,7200;665682,72;665682,7200;665682,72;7,7450;-19,099;0,000;-19,099;0,078;0,278;0,035;1,937;0,035;0,000;0,000;0,0000;0,00;;;;DEUR;N111111;T300;;099965      INFRASTRUTTURE WIRELESS ITAL;9,75889535;9,75889535;7,89500000;7,89500000;7,74500000;84317,00000000;0,00000000;0,00000000;0,00000000;0,00000000;20251121
83;1I;03436;IT0001250932;HERA SPA;EUR;MILANO;086000;201;I;152172,000;0,000;0,000;0,000;3,4521;3,4521;525322,4500;525322,45;0,000000;4,1180;4,1180;626644,3000;626644,30;626644,3000;626644,30;4,2080;19,288;0,000;19,288;0,074;0,262;0,033;-2,139;0,033;0,000;0,000;0,0000;0,00;;;;DEUR;N111111;T300;;099967      HERA SPA;3,45216235;3,45216235;4,11800000;4,11800000;4,20800000;152172,00000000;0,00000000;0,00000000;0,00000000;0,00000000;20251121
83;1I;07639;IT0004176001;PRYSMIAN SPA;EUR;MILANO;086000;201;I;6696,000;0,000;0,000;0,000;60,6533;60,6533;406134,7800;406134,78;0,000000;80,8000;80,8000;541036,8000;541036,80;541036,8000;541036,80;84,2800;33,216;0,000;33,216;0,064;0,226;0,028;-4,129;0,029;0,000;0,000;0,0000;0,00;;;;DEUR;N111111;T300;;099972      PRYSMIAN SPA;60,65334229;60,65334229;80,80000000;80,80000000;84,28000000;6696,00000000;0,00000000;0,00000000;0,00000000;0,00000000;20251121
83;1I;08573;IT0001233417;A2A SPA;EUR;MILANO;086000;201;I;167470,000;0,000;0,000;0,000;2,1450;2,1450;359223,1500;359223,15;0,000000;2,3570;2,3570;394726,7900;394726,79;394726,7900;394726,79;2,3970;9,883;0,000;9,883;0,046;0,165;0,021;-1,669;0,021;0,000;0,000;0,0000;0,00;;;;DEUR;N111111;T300;;099979      A2A SPA;2,14500000;2,14500000;2,35700000;2,35700000;2,39700000;167470,00000000;0,00000000;0,00000000;0,00000000;0,00000000;20251121
83;1I;30238;IT0005278236;PIRELLI & C SPA;EUR;MILANO;086000;201;I;30160,000;0,000;0,000;0,000;5,4243;5,4243;163597,7300;163597,73;0,000000;5,9320;5,9320;178909,1200;178909,12;178909,1200;178909,12;5,9220;9,359;0,000;9,359;0,021;0,075;0,009;0,169;0,009;0,000;0,000;0,0000;0,00;;;;DEUR;N111111;T300;;099991      PIRELLI & C SPA;5,42432791;5,42432791;5,93200000;5,93200000;5,92200000;30160,00000000;0,00000000;0,00000000;0,00000000;0,00000000;20251121
83;1O;38140;XS2195190876;SSE PLC 3.74% 2020/31.12.2049;GBP;LONDRAEST;111111;301;O;3000000,000;0,000;0,000;0,000;97,6180;118,0386;2928540,0000;3541160,82;0,827000;99,5910;113,2745;2987730,0000;3398237,03;3055664,7900;3475505,90;99,6500;2,021;6,312;-4,036;8,486;0,359;0,178;-0,059;0,179;0,000;0,000;67934,7900;77268,87;;;;DGBP;N031000;T200;;099822      SSE PLC 3.74% 2020/31.12.2049;97,61800000;118,03869400;99,59100000;113,27456778;99,65000000;3000000,00000000;0,00000000;0,00000000;0,00000000;0,00000000;20251121
83;1O;01076;AU000000ORI1;ORICA LTD.;AUD;AUSTRALIA;111111;201;O;254370,000;0,000;0,000;0,000;16,5800;9,9103;4217454,6000;2520893,37;1,673000;23,0100;12,8684;5853053,7000;3273336,89;5853053,7000;3273336,89;23,6000;38,782;6,880;29,848;19,214;0,338;0,172;-2,500;0,173;0,000;0,000;0,0000;0,00;;;;DAUD;N007000;T300;;099828      ORICA LTD.;16,58000000;9,91034072;23,01000000;12,86840780;23,60000000;254370,00000000;0,00000000;0,00000000;0,00000000;0,00000000;20251121
83;1O;17478;AU000000ORA8;ORORA LTD;AUD;AUSTRALIA;111111;201;O;1512442,000;0,000;0,000;0,000;2,1868;1,2691;3307414,4400;1919491,58;1,723068;2,1900;1,2247;3312247,9800;1852384,08;3312247,9800;1852384,08;2,2100;0,146;3,774;-3,496;10,873;0,191;0,097;-0,905;0,098;0,000;0,000;0,0000;0,00;;;;DAUD;N007000;T300;;099903      ORORA LTD;2,18680414;1,26913401;2,19000000;1,22476371;2,21000000;1512442,00000000;0,00000000;0,00000000;0,00000000;0,00000000;20251121
83;1O;31244;AU000000LLC3;LEND LEASE GROUP STAPLED SECURITIES;AUD;AUSTRALIA;111111;223;O;382983,000;0,000;0,000;0,000;6,1842;3,6846;2368473,3420;1411149,78;1,678400;5,1700;2,8913;1980022,1100;1107332,98;1980022,1100;1107332,98;5,2500;-16,401;6,536;-21,530;6,500;0,114;0,058;-1,524;0,058;0,000;0,000;0,0000;0,00;;;;DAUD;N007000;T300;;099942      LEND LEASE GROUP STAPLED SECURITIES;6,18427800;3,68462772;5,17000000;2,89133717;5,25000000;382983,00000000;0,00000000;0,00000000;0,00000000;0,00000000;20251121
83;1O;03510;CA1363751027;CANADIAN NATIONAL RAILWAY CAD;CAD;TORONTO;111111;201;O;35346,000;0,000;0,000;0,000;145,4341;97,3773;5140516,6830;3441901,39;1,493511;131,1100;80,6830;4634214,0600;2851824,04;4634214,0600;2851824,04;129,8500;-9,849;8,804;-17,144;8,887;0,295;0,150;0,970;0,151;0,000;0,000;0,0000;0,00;;;;DCAD;N013000;T300;;099850      CANADIAN NATIONAL RAILWAY CAD;145,43418443;97,37739461;131,11000000;80,68307692;129,85000000;35346,00000000;0,00000000;0,00000000;0,00000000;0,00000000;20251121
83;1O;10636;DK0060079531;DSV A/S;DKK;COPENHAGEN;111111;201;O;35789,000;0,000;0,000;0,000;1459,7152;195,6225;52241750,2080;7001137,23;7,461895;1389,5000;186,0356;49728815,5000;6658028,58;49728815,5000;6658028,58;1388,0000;-4,810;0,095;-4,901;49,776;0,688;0,350;0,108;0,352;0,000;0,000;0,0000;0,00;;;;DDKK;N021000;T300;;099650      DSV A/S;1459,71528145;195,62259996;1389,50000000;186,03561387;1388,00000000;35789,00000000;0,00000000;0,00000000;0,00000000;0,00000000;20251121
83;1O;47417;DK0062498333;NOVO NORDISK A/S-B;DKK;COPENHAGEN;111111;201;O;149558,000;0,000;0,000;0,000;536,0733;71,8726;80174054,6090;10749134,05;7,458652;304,6500;40,7885;45562844,7000;6100260,37;45562844,7000;6100260,37;314,1500;-43,170;0,139;-43,249;45,606;0,630;0,320;-3,024;0,322;0,000;0,000;0,0000;0,00;;;;DDKK;N021000;T300;;099680      NOVO NORDISK A/S-B;536,07332679;71,87267849;304,65000000;40,78859285;314,15000000;149558,00000000;0,00000000;0,00000000;0,00000000;0,00000000;20251121
83;1O;44229;GB00BP92CJ43;TATE & LYLE PLC;GBP;LONDRA;111111;201;O;1031805,000;0,000;0,000;0,000;5,5390;6,5048;5715269,5810;6711723,19;0,851535;3,7080;4,2174;3825932,9400;4351607,07;3825932,9400;4351607,07;3,6760;-33,058;3,249;-35,164;10,625;0,450;0,228;0,871;0,230;0,000;0,000;0,0000;0,00;;;;DGBP;N031000;T300;;099772      TATE & LYLE PLC;5,53909855;6,50483685;3,70800000;4,21747042;3,67600000;1031805,00000000;0,00000000;0,00000000;0,00000000;0,00000000;20251121
83;1O;03729;GB0006825383;PERSIMMON PLC.;GBP;LONDRA;111111;201;O;274109,000;0,000;0,000;0,000;11,6307;13,9701;3188095,9350;3829337,49;0,832545;12,5850;14,3141;3449661,7650;3923637,13;3449661,7650;3923637,13;12,0150;8,204;5,604;2,463;9,580;0,406;0,206;4,744;0,207;0,000;0,000;0,0000;0,00;;;;DGBP;N031000;T300;;099794      PERSIMMON PLC.;11,63075978;13,97012681;12,58500000;14,31414922;12,01500000;274109,00000000;0,00000000;0,00000000;0,00000000;0,00000000;20251121
83;1O;09739;GB00B2B0DG97;REED ELSEVIER PLC A;GBP;LONDRA;111111;201;O;54366,000;0,000;0,000;0,000;38,7965;46,0270;2109210,5250;2502307,23;0,842906;31,0500;35,3161;1688064,3000;1920000,34;1688064,3000;1920000,34;30,2800;-19,967;4,306;-23,271;4,688;0,198;0,101;2,543;0,101;0,000;0,000;0,0000;0,00;;;;DGBP;N031000;T300;;099899      REED ELSEVIER PLC A;38,79650011;46,02706158;31,05000000;35,31619654;30,28000000;54366,00000000;0,00000000;0,00000000;0,00000000;0,00000000;20251121
83;1O;01504;GB0007908733;SSE PLC;GBP;LONDRA;111111;201;O;49590,000;0,000;0,000;0,000;15,9858;19,1808;792739,8400;951179,31;0,833428;21,7600;24,7497;1079078,4000;1227341,22;1079078,4000;1227341,22;21,8600;36,120;5,492;29,034;2,997;0,127;0,064;-0,457;0,065;0,000;0,000;0,0000;0,00;;;;DGBP;N031000;T300;;099936      SSE PLC;15,98588102;19,18086932;21,76000000;24,74977252;21,86000000;49590,00000000;0,00000000;0,00000000;0,00000000;0,00000000;20251121
83;1O;12368;IE0001827041;CRH PLC.- LONDRA GBP;GBP;LONDRA;111111;201;O;99086,000;0,000;0,000;0,000;71,8101;85,4394;7115385,1690;8465856,38;0,840480;83,4000;94,8589;8263772,4000;9399195,18;8263772,4000;9399195,18;83,9800;16,139;4,607;11,025;22,948;0,971;0,494;-0,691;0,496;0,000;0,000;0,0000;0,00;;;;DGBP;N040000;T300;;099506      CRH PLC.- LONDRA GBP;71,81019689;85,43948065;83,40000000;94,85896269;83,98000000;99086,00000000;0,00000000;0,00000000;0,00000000;0,00000000;20251121
83;1O;46296;IE000S9YS762;LINDE PLC NEW - USD;USD;OTC;111111;201;O;33382,000;0,000;0,000;0,000;419,7282;403,8390;14011367,7430;13480955,81;1,039345;412,7400;358,8107;13778086,6800;11977820,29;13778086,6800;11977820,29;408,5100;-1,665;10,675;-11,150;1,593;1,238;0,629;1,035;0,632;0,000;0,000;0,0000;0,00;;;;DUSD;N040000;T300;;099371      LINDE PLC NEW - USD;419,72822907;403,83906925;412,74000000;358,81074502;408,51000000;33382,00000000;0,00000000;0,00000000;0,00000000;0,00000000;20251121
83;1O;19903;IE00BTN1Y115;MEDTRONIC PLC;USD;NEW YORK;111111;201;O;132126,000;0,000;0,000;0,000;80,3812;77,3883;10620457,0800;10225015,16;1,038674;101,2000;87,9770;13371151,2000;11624055,64;13371151,2000;11624055,64;99,3500;25,900;10,747;13,683;1,546;1,201;0,610;1,862;0,614;0,000;0,000;0,0000;0,00;;;;DUSD;N040000;T300;;099390      MEDTRONIC PLC;80,38128059;77,38836534;101,20000000;87,97704946;99,35000000;132126,00000000;0,00000000;0,00000000;0,00000000;0,00000000;20251121
83;1O;37185;IE00BK9ZQ967;TRANE TECH PLC;USD;NEW YORK;111111;201;O;26576,000;0,000;0,000;0,000;367,3361;353,5966;9762326,2500;9397183,63;1,038857;410,1000;356,5156;10898817,6000;9474761,02;10898817,6000;9474761,02;400,0600;11,642;10,727;0,826;1,260;0,979;0,497;2,510;0,500;0,000;0,000;0,0000;0,00;;;;DUSD;N040000;T300;;099503      TRANE TECH PLC;367,33617737;353,59661461;410,10000000;356,51569155;400,06000000;26576,00000000;0,00000000;0,00000000;0,00000000;0,00000000;20251121
83;1O;18593;IE00BLS09M33;PENTAIR PLC;USD;NEW YORK;111111;201;O;16550,000;0,000;0,000;0,000;99,5973;95,9001;1648335,4540;1587147,01;1,038552;104,7900;91,0979;1734274,5000;1507671,48;1734274,5000;1507671,48;101,4800;5,214;10,760;-5,007;0,200;0,156;0,079;3,262;0,080;0,000;0,000;0,0000;0,00;;;;DUSD;N040000;T300;;099921      PENTAIR PLC;99,59730839;95,90012145;104,79000000;91,09797444;101,48000000;16550,00000000;0,00000000;0,00000000;0,00000000;0,00000000;20251121
83;1O;00158;NO0005052605;NORSK HYDRO;NOK;OSLO;111111;201;O;374072,000;0,000;0,000;0,000;69,6884;5,9692;26068479,1660;2232941,82;11,674500;70,5400;5,9649;26387038,8800;2231311,11;26387038,8800;2231311,11;70,9200;1,222;1,296;-0,073;88,814;0,231;0,117;-0,536;0,118;0,000;0,000;0,0000;0,00;;;;DNOK;N048000;T300;;099883      NORSK HYDRO;69,68840000;5,96928350;70,54000000;5,96492414;70,92000000;374072,00000000;0,00000000;0,00000000;0,00000000;0,00000000;20251121
83;1O;24521;NL0011585146;FERRARI NV - USD -;USD;NEW YORK;111111;201;O;7531,000;0,000;0,000;0,000;424,2889;408,1058;3195320,2740;3073444,95;1,039654;389,1900;338,3378;2930989,8900;2548022,16;2930989,8900;2548022,16;383,1500;-8,272;10,643;-17,096;0,339;0,263;0,134;1,576;0,135;0,000;0,000;0,0000;0,00;;;;DUSD;N050000;T300;;099866      FERRARI NV - USD -;424,28897543;408,10582260;389,19000000;338,33782491;383,15000000;7531,00000000;0,00000000;0,00000000;0,00000000;0,00000000;20251121
83;1O;44332;SE0017486889;ATLAS COPCO AB-A SHS;SEK;STOCCOLMA;111111;201;O;522936,000;0,000;0,000;0,000;159,2739;14,4470;83290075,1620;7554887,44;11,024661;152,8500;13,8645;79930767,6000;7250285,06;79930767,6000;7250285,06;153,0500;-4,033;-0,001;-4,032;43,949;0,749;0,381;-0,131;0,383;0,000;0,000;0,0000;0,00;;;;DSEK;N068000;T300;;099619      ATLAS COPCO AB-A SHS;159,27393631;14,44705937;152,85000000;13,86457435;153,05000000;522936,00000000;0,00000000;0,00000000;0,00000000;0,00000000;20251121
83;1O;00418;SE0000108227;S.K.F. AB CL.B;SEK;STOCCOLMA;111111;201;O;257533,000;0,000;0,000;0,000;250,9026;22,7958;64615721,4900;5870689,06;11,006497;238,1000;21,5973;61318607,3000;5562030,69;61318607,3000;5562030,69;237,9000;-5,103;0,164;-5,258;33,715;0,575;0,292;0,084;0,294;0,000;0,000;0,0000;0,00;;;;DSEK;N068000;T300;;099708      S.K.F. AB CL.B;250,90268621;22,79587105;238,10000000;21,59735135;237,90000000;257533,00000000;0,00000000;0,00000000;0,00000000;0,00000000;20251121
83;1O;23094;SE0007100581;ASSA ABLOY AB-B;SEK;STOCCOLMA;111111;201;O;111614,000;0,000;0,000;0,000;331,0988;30,1012;36955271,0000;3359721,45;10,999504;348,3000;31,5932;38875156,2000;3526251,19;38875156,2000;3526251,19;346,9000;5,195;0,227;4,957;21,375;0,364;0,185;0,404;0,186;0,000;0,000;0,0000;0,00;;;;DSEK;N068000;T300;;099815      ASSA ABLOY AB-B;331,09888544;30,10125477;348,30000000;31,59326953;346,90000000;111614,00000000;0,00000000;0,00000000;0,00000000;0,00000000;20251121
83;1O;02738;US67066G1040;NVIDIA CORP.;USD;OTC;111111;201;O;590487,000;0,000;0,000;0,000;134,1614;128,7914;79220607,4580;76049651,91;1,041696;178,8800;155,5072;105626314,5600;91825014,83;105626314,5600;91825014,83;180,6400;33,332;10,426;20,744;12,209;9,491;4,821;-0,974;4,848;0,000;0,000;0,0000;0,00;;;;DUSD;N069000;T300;;095179      NVIDIA CORP.;134,16147596;128,79140761;178,88000000;155,50725897;180,64000000;590487,00000000;0,00000000;0,00000000;0,00000000;0,00000000;20251121
83;1O;08768;US92826C8394;VISA INC CLASS A SHS;USD;NEW YORK;111111;201;O;120544,000;0,000;0,000;0,000;316,7035;304,2237;38176714,6760;36672353,49;1,041022;327,9800;285,1256;39536021,1200;34370182,67;39536021,1200;34370182,67;323,7700;3,561;10,497;-6,278;4,570;3,552;1,805;1,300;1,815;0,000;0,000;0,0000;0,00;;;;DUSD;N069000;T300;;098195      VISA INC CLASS A SHS;316,70356613;304,22379786;327,98000000;285,12561940;323,77000000;120544,00000000;0,00000000;0,00000000;0,00000000;0,00000000;20251121
83;1O;06606;US57636Q1040;MASTERCARD INC CL A;USD;NEW YORK;111111;201;O;72360,000;0,000;0,000;0,000;525,4312;504,8066;38020204,4560;36527811,06;1,040856;540,4000;469,7904;39103344,0000;33994039,82;39103344,0000;33994039,82;527,8800;2,849;10,515;-6,937;4,520;3,513;1,785;2,372;1,795;0,000;0,000;0,0000;0,00;;;;DUSD;N069000;T300;;098215      MASTERCARD INC CL A;525,43123902;504,80667578;540,40000000;469,79048943;527,88000000;72360,00000000;0,00000000;0,00000000;0,00000000;0,00000000;20251121
83;1O;00448;US68389X1054;ORACLE CORP.;USD;OTC;111111;201;O;143854,000;0,000;0,000;0,000;166,3758;159,7150;23933825,7730;22975642,96;1,041704;198,7600;172,7897;28592421,0400;24856490,52;28592421,0400;24856490,52;210,6900;19,464;10,425;8,186;3,305;2,569;1,305;-5,662;1,312;0,000;0,000;0,0000;0,00;;;;DUSD;N069000;T300;;098695      ORACLE CORP.;166,37581000;159,71500938;198,76000000;172,78970703;210,69000000;143854,00000000;0,00000000;0,00000000;0,00000000;0,00000000;20251121
83;1O;14741;US00287Y1091;ABBVIE INC;USD;NEW YORK;111111;201;O;91793,000;0,000;0,000;0,000;177,7000;171,5913;16311616,1000;15750884,61;1,035600;236,2800;205,4072;21688850,0400;18854950,92;21688850,0400;18854950,92;229,4500;32,966;11,076;19,707;2,507;1,949;0,990;2,977;0,995;0,000;0,000;0,0000;0,00;;;;DUSD;N069000;T300;;099010      ABBVIE INC;177,70000000;171,59134803;236,28000000;205,40728505;229,45000000;91793,00000000;0,00000000;0,00000000;0,00000000;0,00000000;20251121
83;1O;00174;US7427181091;PROCTER & GAMBLE CO.;USD;NEW YORK;111111;201;O;122116,000;0,000;0,000;0,000;162,2205;151,8674;19809725,7970;18545442,78;1,068172;150,9200;131,2005;18429746,7200;16021687,14;18429746,7200;16021687,14;148,1900;-6,966;7,689;-13,608;2,130;1,656;0,841;1,842;0,846;0,000;0,000;0,0000;0,00;;;;DUSD;N069000;T300;;099159      PROCTER & GAMBLE CO.;162,22055911;151,86742752;150,92000000;131,20055637;148,19000000;122116,00000000;0,00000000;0,00000000;0,00000000;0,00000000;20251121
83;1O;00423;US0382221051;APPLIED MATERIALS INC.;USD;OTC;111111;201;O;82172,000;0,000;0,000;0,000;182,0088;167,7988;14956027,9770;13788365,96;1,084685;224,0050;194,7361;18406938,8600;16001859,39;18406938,8600;16001859,39;220,2300;23,074;6,049;16,053;2,128;1,654;0,840;1,714;0,845;0,000;0,000;0,0000;0,00;;;;DUSD;N069000;T300;;099160      APPLIED MATERIALS INC.;182,00881050;167,79883610;224,00500000;194,73615578;220,23000000;82172,00000000;0,00000000;0,00000000;0,00000000;0,00000000;20251121
83;1O;00095;US4370761029;HOME DEPOT INC.;USD;NEW YORK;111111;201;O;52542,000;0,000;0,000;0,000;386,4707;370,5038;20305947,5850;19467013,36;1,043095;343,3200;298,4612;18038719,4400;15681752,10;18038719,4400;15681752,10;332,3800;-11,165;10,278;-19,444;2,085;1,621;0,823;3,291;0,828;0,000;0,000;0,0000;0,00;;;;DUSD;N069000;T300;;099177      HOME DEPOT INC.;386,47077737;370,50385139;343,32000000;298,46127097;332,38000000;52542,00000000;0,00000000;0,00000000;0,00000000;0,00000000;20251121
83;1O;00222;US8825081040;TEXAS INSTRUMENTS INC.;USD;OTC;111111;201;O;101347,000;0,000;0,000;0,000;186,5271;175,4315;18903967,6060;17779462,91;1,063247;159,4000;138,5725;16154711,8000;14043911,85;16154711,8000;14043911,85;153,3300;-14,543;8,187;-21,010;1,867;1,452;0,737;3,959;0,741;0,000;0,000;0,0000;0,00;;;;DUSD;N069000;T300;;099263      TEXAS INSTRUMENTS INC.;186,52715527;175,43156590;159,40000000;138,57254629;153,33000000;101347,00000000;0,00000000;0,00000000;0,00000000;0,00000000;20251121
83;1O;17264;US81762P1021;SERVICENOW INC;USD;NEW YORK;111111;201;O;18763,000;0,000;0,000;0,000;1042,8745;974,1703;19567455,4720;18278358,55;1,070526;813,4300;707,1459;15262387,0900;13268179,68;15262387,0900;13268179,68;800,4600;-22,001;7,452;-27,410;1,764;1,371;0,697;1,620;0,700;0,000;0,000;0,0000;0,00;;;;DUSD;N069000;T300;;099303      SERVICENOW INC;1042,87456547;974,17036454;813,43000000;707,14596192;800,46000000;18763,00000000;0,00000000;0,00000000;0,00000000;0,00000000;20251121
83;1O;00263;US17275R1023;CISCO SYSTEM INC.;USD;OTC;111111;201;O;197751,000;0,000;0,000;0,000;63,7677;59,0338;12610141,6050;11673994,13;1,080191;76,1000;66,1566;15048851,1000;13082544,64;15048851,1000;13082544,64;75,4400;19,339;6,490;12,066;1,739;1,352;0,687;0,875;0,691;0,000;0,000;0,0000;0,00;;;;DUSD;N069000;T300;;099313      CISCO SYSTEM INC.;63,76777667;59,03380579;76,10000000;66,15665478;75,44000000;197751,00000000;0,00000000;0,00000000;0,00000000;0,00000000;20251121
83;1O;00481;US7475251036;QUALCOMM INC.;USD;OTC;111111;201;O;89439,000;0,000;0,000;0,000;153,8064;147,7815;13756292,4810;13217433,51;1,040769;163,3000;141,9629;14605388,7000;12697025,73;14605388,7000;12697025,73;159,5900;6,172;10,524;-3,937;1,688;1,312;0,667;2,325;0,670;0,000;0,000;0,0000;0,00;;;;DUSD;N069000;T300;;099333      QUALCOMM INC.;153,80642092;147,78154395;163,30000000;141,96296618;159,59000000;89439,00000000;0,00000000;0,00000000;0,00000000;0,00000000;20251121
83;1O;04319;US79466L3024;SALESFORCE COM INC.;USD;NEW YORK;111111;201;O;62462,000;0,000;0,000;0,000;325,8011;312,9044;20350193,2590;19544637,31;1,041216;227,1100;197,4354;14185744,8200;12332213,18;14185744,8200;12332213,18;225,3700;-30,292;10,477;-36,902;1,640;1,275;0,648;0,772;0,651;0,000;0,000;0,0000;0,00;;;;DUSD;N069000;T300;;099352      SALESFORCE COM INC.;325,80117926;312,90444286;227,11000000;197,43545162;225,37000000;62462,00000000;0,00000000;0,00000000;0,00000000;0,00000000;20251121
83;1O;10451;US58933Y1055;MERCK E CO INC;USD;NEW YORK;111111;201;O;139252,000;0,000;0,000;0,000;98,8823;94,9034;13769560,5310;13215498,38;1,041925;97,7600;84,9865;13613275,5200;11834543,61;13613275,5200;11834543,61;94,9700;-1,135;10,401;-10,450;1,573;1,223;0,621;2,938;0,625;0,000;0,000;0,0000;0,00;;;;DUSD;N069000;T300;;099379      MERCK E CO INC;98,88231789;94,90347269;97,76000000;84,98652525;94,97000000;139252,00000000;0,00000000;0,00000000;0,00000000;0,00000000;20251121
83;1O;00061;US2441991054;DEERE & CO.;USD;NEW YORK;111111;201;O;27801,000;0,000;0,000;0,000;424,5665;408,5065;11803375,3140;11356890,76;1,039314;487,2400;423,5764;13545759,2400;11775849,12;13545759,2400;11775849,12;476,3300;14,762;10,679;3,689;1,566;1,217;0,618;2,290;0,622;0,000;0,000;0,0000;0,00;;;;DUSD;N069000;T300;;099382      DEERE & CO.;424,56657364;408,50655587;487,24000000;423,57645831;476,33000000;27801,00000000;0,00000000;0,00000000;0,00000000;0,00000000;20251121
83;1O;60431;US5128073062;LAM RESEARCH CORP;USD;OTC;111111;201;O;91197,000;0,000;0,000;0,000;72,2300;69,7470;6587159,3100;6360717,76;1,035600;142,6500;124,0111;13009252,0500;11309442,80;13009252,0500;11309442,80;139,5900;97,494;11,076;77,801;1,504;1,169;0,594;2,192;0,597;0,000;0,000;0,0000;0,00;;;;DUSD;N069000;T300;;099406      LAM RESEARCH CORP;72,23000000;69,74700659;142,65000000;124,01112753;139,59000000;91197,00000000;0,00000000;0,00000000;0,00000000;0,00000000;20251121
83;1O;00060;US2358511028;DANAHER CORP.;USD;NEW YORK;111111;201;O;55960,000;0,000;0,000;0,000;229,5500;221,6589;12845618,0000;12404034,38;1,035600;227,3900;197,6788;12724744,4000;11062109,36;12724744,4000;11062109,36;222,1800;-0,941;11,076;-10,818;1,471;1,143;0,581;2,345;0,584;0,000;0,000;0,0000;0,00;;;;DUSD;N069000;T300;;099419      DANAHER CORP.;229,55000000;221,65894174;227,39000000;197,67886638;222,18000000;55960,00000000;0,00000000;0,00000000;0,00000000;0,00000000;20251121
83;1O;01191;US4612021034;INTUIT INC.;USD;OTC;111111;201;O;18633,000;0,000;0,000;0,000;628,3242;600,9218;11707565,9490;11196977,19;1,045601;663,1500;576,5017;12356473,9500;10741957,71;12356473,9500;10741957,71;637,4400;5,543;10,013;-4,064;1,428;1,110;0,564;4,033;0,567;0,000;0,000;0,0000;0,00;;;;DUSD;N069000;T300;;099436      INTUIT INC.;628,32426066;600,92186926;663,15000000;576,50178214;637,44000000;18633,00000000;0,00000000;0,00000000;0,00000000;0,00000000;20251121
83;1O;25523;US78409V1044;S&P GLOBAL-ORD SHS;USD;NEW YORK;111111;201;O;24108,000;0,000;0,000;0,000;495,8746;477,2963;11954545,3280;11506660,15;1,038924;493,6000;429,1054;11899708,8000;10344874,21;11899708,8000;10344874,21;490,9100;-0,459;10,720;-10,097;1,375;1,069;0,543;0,548;0,546;0,000;0,000;0,0000;0,00;;;;DUSD;N069000;T300;;099457      S&P GLOBAL-ORD SHS;495,87461954;477,29633938;493,60000000;429,10545075;490,91000000;24108,00000000;0,00000000;0,00000000;0,00000000;0,00000000;20251121
83;1O;00007;US0028241000;ABBOTT LABORATORIES CORP.;USD;NEW YORK;111111;201;O;86631,000;0,000;0,000;0,000;119,9577;111,2530;10392060,2640;9637963,37;1,078242;128,1100;111,3709;11098297,4100;9648176,48;11098297,4100;9648176,48;123,9700;6,796;6,683;0,106;1,283;0,997;0,507;3,340;0,509;0,000;0,000;0,0000;0,00;;;;DUSD;N069000;T300;;099493      ABBOTT LABORATORIES CORP.;119,95775489;111,25305456;128,11000000;111,37094670;123,97000000;86631,00000000;0,00000000;0,00000000;0,00000000;0,00000000;20251121
83;1O;00017;US0311621009;AMGEN INC;USD;OTC;111111;201;O;31079,000;0,000;0,000;0,000;260,6400;251,6801;8100430,5600;7821968,47;1,035600;337,5400;293,4364;10490405,6600;9119712,82;10490405,6600;9119712,82;336,0700;29,504;11,076;16,591;1,213;0,943;0,479;0,437;0,481;0,000;0,000;0,0000;0,00;;;;DUSD;N069000;T300;;099521      AMGEN INC;260,64000000;251,68018501;337,54000000;293,43649482;336,07000000;31079,00000000;0,00000000;0,00000000;0,00000000;0,00000000;20251121
83;1O;00492;US9078181081;UNION PACIFIC CORP.;USD;NEW YORK;111111;201;O;43913,000;0,000;0,000;0,000;227,5024;218,9531;9990315,3100;9614890,39;1,039046;226,2200;196,6617;9933998,8600;8636007,01;9933998,8600;8636007,01;221,2100;-0,564;10,707;-10,181;1,148;0,893;0,453;2,265;0,456;0,000;0,000;0,0000;0,00;;;;DUSD;N069000;T300;;099547      UNION PACIFIC CORP.;227,50245508;218,95316626;226,22000000;196,66174041;221,21000000;43913,00000000;0,00000000;0,00000000;0,00000000;0,00000000;20251121
83;1O;00103;US4581401001;INTEL CORP.;USD;OTC;111111;201;O;286606,000;0,000;0,000;0,000;20,0689;19,3110;5751883,7930;5534655,70;1,039249;34,5000;29,9921;9887907,0000;8595937,58;9887907,0000;8595937,58;33,6200;71,907;10,686;55,311;1,143;0,888;0,451;2,617;0,454;0,000;0,000;0,0000;0,00;;;;DUSD;N069000;T300;;099549      INTEL CORP.;20,06895805;19,31102524;34,50000000;29,99217595;33,62000000;286606,00000000;0,00000000;0,00000000;0,00000000;0,00000000;20251121
83;1O;00349;US8725401090;TJX COMPANIES INC.;USD;NEW YORK;111111;201;O;62530,000;0,000;0,000;0,000;120,2424;114,9420;7518761,5690;7187323,70;1,046114;151,4300;131,6439;9468917,9000;8231694,25;9468917,9000;8231694,25;148,0700;25,937;9,959;14,531;1,094;0,851;0,432;2,269;0,435;0,000;0,000;0,0000;0,00;;;;DUSD;N069000;T300;;099568      TJX COMPANIES INC.;120,24246871;114,94200703;151,43000000;131,64391897;148,07000000;62530,00000000;0,00000000;0,00000000;0,00000000;0,00000000;20251121
83;1O;01458;US92343V1044;VERIZON COMMUNICATION;USD;NEW YORK;111111;201;O;226114,000;0,000;0,000;0,000;43,1269;36,6437;9751596,5200;8285673,95;1,176923;41,2300;35,8428;9322680,2200;8104564,22;9322680,2200;8104564,22;40,7600;-4,398;-2,262;-2,186;1,078;0,838;0,426;1,153;0,428;0,000;0,000;0,0000;0,00;;;;DUSD;N069000;T300;;099574      VERIZON COMMUNICATION;43,12690289;36,64379007;41,23000000;35,84282361;40,76000000;226114,00000000;0,00000000;0,00000000;0,00000000;0,00000000;20251121
83;1O;02840;US8636671013;STRYKER CORP.;USD;NEW YORK;111111;201;O;25062,000;0,000;0,000;0,000;360,0500;347,6728;9023573,1000;8713376,88;1,035600;368,2700;320,1512;9229582,7400;8023631,00;9229582,7400;8023631,00;360,4800;2,283;11,076;-7,916;1,067;0,829;0,421;2,161;0,424;0,000;0,000;0,0000;0,00;;;;DUSD;N069000;T300;;099579      STRYKER CORP.;360,05000000;347,67284654;368,27000000;320,15126488;360,48000000;25062,00000000;0,00000000;0,00000000;0,00000000;0,00000000;20251121
83;1O;01357;US0530151036;AUTOMATIC DATA PROCESSING;USD;OTC;111111;201;O;35399,000;0,000;0,000;0,000;292,4992;281,4810;10354180,8240;9964148,58;1,039144;253,1200;220,0469;8960194,8800;7789441,78;8960194,8800;7789441,78;249,0600;-13,463;10,697;-21,825;1,036;0,805;0,409;1,630;0,411;0,000;0,000;0,0000;0,00;;;;DUSD;N069000;T300;;099591      AUTOMATIC DATA PROCESSING;292,49924641;281,48107517;253,12000000;220,04694427;249,06000000;35399,00000000;0,00000000;0,00000000;0,00000000;0,00000000;20251121
83;1O;03448;US8716071076;SYNOPSYS INC.;USD;OTC;111111;201;O;22849,000;0,000;0,000;0,000;494,1884;453,1717;11291712,3690;10354521,43;1,090510;388,3600;337,6162;8873637,6400;7714194,24;8873637,6400;7714194,24;385,6000;-21,415;5,483;-25,499;1,026;0,797;0,405;0,716;0,407;0,000;0,000;0,0000;0,00;;;;DUSD;N069000;T300;;099595      SYNOPSYS INC.;494,18847078;453,17175500;388,36000000;337,61627401;385,60000000;22849,00000000;0,00000000;0,00000000;0,00000000;0,00000000;20251121
83;1O;00261;US5486611073;LOWE'S COMPANIES INC.;USD;NEW YORK;111111;201;O;37634,000;0,000;0,000;0,000;240,8900;226,3189;9065657,7190;8517285,63;1,064383;234,2900;203,6773;8817269,8600;7665191,57;8817269,8600;7665191,57;228,4300;-2,740;8,072;-10,004;1,019;0,792;0,402;2,565;0,405;0,000;0,000;0,0000;0,00;;;;DUSD;N069000;T300;;099598      LOWE'S COMPANIES INC.;240,89009191;226,31890391;234,29000000;203,67730157;228,43000000;37634,00000000;0,00000000;0,00000000;0,00000000;0,00000000;20251121
83;1O;00432;US0326541051;ANALOG DEVICES;USD;OTC;111111;201;O;36781,000;0,000;0,000;0,000;212,1588;202,9945;7803413,3100;7466341,73;1,045145;232,3200;201,9647;8544961,9200;7428463,81;8544961,9200;7428463,81;225,2000;9,503;10,061;-0,507;0,988;0,768;0,390;3,162;0,392;0,000;0,000;0,0000;0,00;;;;DUSD;N069000;T300;;099610      ANALOG DEVICES;212,15881324;202,99452788;232,32000000;201,96470485;225,20000000;36781,00000000;0,00000000;0,00000000;0,00000000;0,00000000;20251121
83;1O;23879;US95040Q1040;WELLTOWER INC;USD;NEW YORK;111111;201;O;41623,000;0,000;0,000;0,000;126,7779;121,9545;5276878,7200;5076115,85;1,039550;199,9300;173,8068;8321686,3900;7234361,81;8321686,3900;7234361,81;197,5800;57,701;10,654;42,518;0,962;0,748;0,380;1,189;0,382;0,000;0,000;0,0000;0,00;;;;DUSD;N069000;T300;;099620      WELLTOWER INC;126,77795257;121,95458880;199,93000000;173,80683300;197,58000000;41623,00000000;0,00000000;0,00000000;0,00000000;0,00000000;20251121
83;1O;03191;US3755581036;GILEAD SCIENCES INC.;USD;OTC;111111;201;O;64531,000;0,000;0,000;0,000;103,5953;94,8453;6685111,8100;6120467,55;1,092255;126,6400;110,0930;8172205,8400;7104412,62;8172205,8400;7104412,62;124,9900;22,245;5,314;16,076;0,945;0,734;0,373;1,320;0,375;0,000;0,000;0,0000;0,00;;;;DUSD;N069000;T300;;099627      GILEAD SCIENCES INC.;103,59535432;94,84538516;126,64000000;110,09301921;124,99000000;64531,00000000;0,00000000;0,00000000;0,00000000;0,00000000;20251121
83;1O;19426;US6974351057;PALO ALTO NETWORKS INC;USD;NEW YORK;111111;201;O;44157,000;0,000;0,000;0,000;181,0792;174,3000;7995915,4590;7696567,25;1,038894;182,9000;159,0019;8076315,3000;7021051,29;8076315,3000;7021051,29;185,0700;1,006;10,724;-8,777;0,934;0,726;0,369;-1,173;0,371;0,000;0,000;0,0000;0,00;;;;DUSD;N069000;T300;;099631      PALO ALTO NETWORKS INC;181,07922773;174,30004869;182,90000000;159,00199947;185,07000000;44157,00000000;0,00000000;0,00000000;0,00000000;0,00000000;20251121
83;1O;02043;US00724F1012;ADOBE SYSTEM INC.;USD;OTC;111111;201;O;24310,000;0,000;0,000;0,000;357,2247;304,4075;8684132,7700;7400146,37;1,173508;324,1900;281,8308;7881058,9000;6851307,40;7881058,9000;6851307,40;312,4000;-9,248;-1,978;-7,417;0,911;0,708;0,360;3,774;0,362;0,000;0,000;0,0000;0,00;;;;DUSD;N069000;T300;;099640      ADOBE SYSTEM INC.;357,22471287;304,40750185;324,19000000;281,83082674;312,40000000;24310,00000000;0,00000000;0,00000000;0,00000000;0,00000000;20251121
83;1O;00035;US1011371077;BOSTON SCIENTIFIC CORP.;USD;NEW YORK;111111;201;O;79999,000;0,000;0,000;0,000;89,3200;86,2495;7145510,6800;6899875,13;1,035600;96,8800;84,2215;7750303,1200;6737636,37;7750303,1200;6737636,37;96,6000;8,464;11,076;-2,351;0,896;0,696;0,354;0,290;0,356;0,000;0,000;0,0000;0,00;;;;DUSD;N069000;T300;;099646      BOSTON SCIENTIFIC CORP.;89,32000000;86,24951724;96,88000000;84,22150743;96,60000000;79999,00000000;0,00000000;0,00000000;0,00000000;0,00000000;20251121
83;1O;11964;US74340W1036;PROLOGIS INC;USD;NEW YORK;111111;201;O;60518,000;0,000;0,000;0,000;105,1168;101,1855;6361463,0670;6123549,62;1,038852;125,7900;109,3540;7612559,2200;6617890,31;7612559,2200;6617890,31;123,1200;19,667;10,728;8,073;0,880;0,684;0,347;2,169;0,349;0,000;0,000;0,0000;0,00;;;;DUSD;N069000;T300;;099653      PROLOGIS INC;105,11687542;101,18559139;125,79000000;109,35408154;123,12000000;60518,00000000;0,00000000;0,00000000;0,00000000;0,00000000;20251121
83;1O;00575;US0527691069;AUTODESK INC.;USD;OTC;111111;201;O;25600,000;0,000;0,000;0,000;295,1115;273,0985;7554855,2600;6991323,93;1,080604;290,8000;252,8036;7444480,0000;6471772,58;7444480,0000;6471772,58;286,9450;-1,461;6,450;-7,431;0,860;0,669;0,340;1,343;0,342;0,000;0,000;0,0000;0,00;;;;DUSD;N069000;T300;;099660      AUTODESK INC.;295,11153359;273,09859101;290,80000000;252,80361644;286,94500000;25600,00000000;0,00000000;0,00000000;0,00000000;0,00000000;20251121
83;1O;04140;US92532F1003;VERTEX PHARMACEUTICALS INC.;USD;OTC;111111;201;O;17394,000;0,000;0,000;0,000;402,7000;388,8567;7004563,8000;6763773,46;1,035600;426,7600;370,9988;7423063,4400;6453154,34;7423063,4400;6453154,34;422,3200;5,975;11,076;-4,592;0,858;0,667;0,339;1,051;0,341;0,000;0,000;0,0000;0,00;;;;DUSD;N069000;T300;;099661      VERTEX PHARMACEUTICALS INC.;402,70000000;388,85670116;426,76000000;370,99886986;422,32000000;17394,00000000;0,00000000;0,00000000;0,00000000;0,00000000;20251121
83;1O;01205;US9113121068;UNITED PARCEL SERVICE CL.B;USD;NEW YORK;111111;201;O;75880,000;0,000;0,000;0,000;124,4576;119,8567;9443844,1360;9094730,06;1,038386;94,6600;82,2915;7182800,8000;6244284,80;7182800,8000;6244284,80;90,8700;-23,942;10,778;-31,342;0,830;0,645;0,328;4,171;0,330;0,000;0,000;0,0000;0,00;;;;DUSD;N069000;T300;;099672      UNITED PARCEL SERVICE CL.B;124,45761908;119,85674828;94,66000000;82,29157611;90,87000000;75880,00000000;0,00000000;0,00000000;0,00000000;0,00000000;20251121
83;1O;37453;US68902V1070;OTIS WORLDWIDE;USD;NEW YORK;111111;201;O;81022,000;0,000;0,000;0,000;93,2232;88,0381;7553136,8470;7133028,05;1,058896;88,0600;76,5539;7134797,3200;6202553,53;7134797,3200;6202553,53;86,8600;-5,539;8,632;-13,045;0,825;0,641;0,326;1,382;0,327;0,000;0,000;0,0000;0,00;;;;DUSD;N069000;T300;;099674      OTIS WORLDWIDE;93,22328314;88,03816309;88,06000000;76,55394244;86,86000000;81022,00000000;0,00000000;0,00000000;0,00000000;0,00000000;20251121
83;1O;06874;US9581021055;WESTERN DIGITAL CORP;USD;NEW YORK;111111;201;O;50589,000;0,000;0,000;0,000;57,4116;53,4521;2904396,5430;2704091,81;1,074075;139,1900;121,0032;7041482,9100;6121431,72;7041482,9100;6121431,72;140,2300;142,442;7,097;126,377;0,814;0,633;0,321;-0,742;0,323;0,000;0,000;0,0000;0,00;;;;DUSD;N069000;T300;;099679      WESTERN DIGITAL CORP;57,41162195;53,45216964;139,19000000;121,00321655;140,23000000;50589,00000000;0,00000000;0,00000000;0,00000000;0,00000000;20251121
83;1O;12297;US7512121010;POLO RALPH LAUREN CORP. NEW;USD;NEW YORK;111111;201;O;20176,000;0,000;0,000;0,000;298,2488;258,0112;6017467,9600;5205635,75;1,155953;339,8800;295,4707;6857418,8800;5961417,79;6857418,8800;5961417,79;326,9600;13,959;-0,489;14,519;0,793;0,616;0,313;3,952;0,315;0,000;0,000;0,0000;0,00;;;;DUSD;N069000;T300;;099687      POLO RALPH LAUREN CORP. NEW;298,24880848;258,01128816;339,88000000;295,47074676;326,96000000;20176,00000000;0,00000000;0,00000000;0,00000000;0,00000000;20251121
83;1O;00567;US2788651006;ECOLAB INC.;USD;NEW YORK;111111;201;O;24326,000;0,000;0,000;0,000;234,2322;225,4033;5697933,7630;5483162,50;1,039169;267,0700;232,1742;6496744,8200;5647869,96;6496744,8200;5647869,96;261,7400;14,019;10,694;3,004;0,751;0,584;0,297;2,036;0,298;0,000;0,000;0,0000;0,00;;;;DUSD;N069000;T300;;099703      ECOLAB INC.;234,23225203;225,40337499;267,07000000;232,17421542;261,74000000;24326,00000000;0,00000000;0,00000000;0,00000000;0,00000000;20251121
83;1O;00053;US1941621039;COLGATE PALMOLIVE CO.;USD;NEW YORK;111111;201;O;77811,000;0,000;0,000;0,000;81,5257;72,2308;6343602,7240;5620350,95;1,128684;80,9300;70,3555;6297244,2300;5474436,43;6297244,2300;5474436,43;78,8600;-0,731;1,915;-2,596;0,728;0,566;0,287;2,625;0,289;0,000;0,000;0,0000;0,00;;;;DUSD;N069000;T300;;099713      COLGATE PALMOLIVE CO.;81,52578329;72,23080220;80,93000000;70,35555941;78,86000000;77811,00000000;0,00000000;0,00000000;0,00000000;0,00000000;20251121
83;1O;12344;US98419M1009;XYLEM INC;USD;NEW YORK;111111;201;O;43027,000;0,000;0,000;0,000;118,9094;112,6877;5116316,7280;4848614,64;1,055212;140,3900;122,0464;6040560,5300;5251291,43;6040560,5300;5251291,43;138,0400;18,065;9,011;8,305;0,698;0,543;0,276;1,702;0,277;0,000;0,000;0,0000;0,00;;;;DUSD;N069000;T300;;099724      XYLEM INC;118,90944588;112,68772259;140,39000000;122,04642267;138,04000000;43027,00000000;0,00000000;0,00000000;0,00000000;0,00000000;20251121
83;1O;37454;US14448C1045;CARRIER GLOBAL CORP;USD;NEW YORK;111111;201;O;103884,000;0,000;0,000;0,000;67,1572;63,4833;6976567,7630;6594902,50;1,057873;52,4100;45,5620;5444560,4400;4733165,64;5444560,4400;4733165,64;50,3600;-21,959;8,737;-28,230;0,629;0,489;0,249;4,071;0,250;0,000;0,000;0,0000;0,00;;;;DUSD;N069000;T300;;099751      CARRIER GLOBAL CORP;67,15728854;63,48333237;52,41000000;45,56202729;50,36000000;103884,00000000;0,00000000;0,00000000;0,00000000;0,00000000;20251121
83;1O;16468;US98978V1035;ZOETIS INC;USD;NEW YORK;111111;201;O;44087,000;0,000;0,000;0,000;162,9300;157,3290;7183094,9100;6936167,35;1,035600;122,0600;106,1114;5381259,2200;4678135,46;5381259,2200;4678135,46;115,8900;-25,084;11,076;-32,554;0,622;0,484;0,246;5,324;0,247;0,000;0,000;0,0000;0,00;;;;DUSD;N069000;T300;;099754      ZOETIS INC;162,93000000;157,32908453;122,06000000;106,11144918;115,89000000;44087,00000000;0,00000000;0,00000000;0,00000000;0,00000000;20251121
83;1O;19892;US29444U7000;EQUINIX INC;USD;OTC;111111;201;O;6958,000;0,000;0,000;0,000;933,7118;899,0214;6496767,2380;6255391,21;1,038587;754,6800;656,0723;5251063,4400;4564951,26;5251063,4400;4564951,26;752,8100;-19,174;10,756;-27,024;0,607;0,472;0,240;0,248;0,241;0,000;0,000;0,0000;0,00;;;;DUSD;N069000;T300;;099760      EQUINIX INC;933,71187668;899,02144438;754,68000000;656,07232895;752,81000000;6958,00000000;0,00000000;0,00000000;0,00000000;0,00000000;20251121
83;1O;04564;US5797802064;MCCORMICK & CO NON VTG;USD;NEW YORK;111111;201;O;76058,000;0,000;0,000;0,000;69,4265;62,8569;5280442,7880;4780772,94;1,104517;68,1600;59,2541;5184113,2800;4506748,92;5184113,2800;4506748,92;67,4800;-1,824;4,145;-5,732;0,599;0,466;0,237;1,008;0,238;0,000;0,000;0,0000;0,00;;;;DUSD;N069000;T300;;099763      MCCORMICK & CO NON VTG;69,42652696;62,85693733;68,16000000;59,25410762;67,48000000;76058,00000000;0,00000000;0,00000000;0,00000000;0,00000000;20251121
83;1O;00572;US2371941053;DARDEN RESTAURANTS;USD;NEW YORK;111111;201;O;29591,000;0,000;0,000;0,000;194,4703;177,7556;5754573,3730;5259966,09;1,094032;174,7200;151,8908;5170139,5200;4494600,99;5170139,5200;4494600,99;169,2100;-10,156;5,143;-14,551;0,598;0,465;0,236;3,256;0,237;0,000;0,000;0,0000;0,00;;;;DUSD;N069000;T300;;099764      DARDEN RESTAURANTS;194,47039211;177,75560440;174,72000000;151,89081109;169,21000000;29591,00000000;0,00000000;0,00000000;0,00000000;0,00000000;20251121
83;1O;33770;US1255231003;CIGNA CORP ORD;USD;NEW YORK;111111;201;O;17196,000;0,000;0,000;0,000;276,1400;266,6473;4748503,4400;4585267,90;1,035600;278,0900;241,7543;4782035,6400;4157207,37;4782035,6400;4157207,37;269,6000;0,706;11,076;-9,336;0,553;0,430;0,218;3,149;0,219;0,000;0,000;0,0000;0,00;;;;DUSD;N069000;T300;;099782      CIGNA CORP ORD;276,14000000;266,64735403;278,09000000;241,75432495;269,60000000;17196,00000000;0,00000000;0,00000000;0,00000000;0,00000000;20251121
83;1O;03366;US3021301094;EXPEDITORS INTL WASH INC.;USD;NEW YORK;111111;201;O;32556,000;0,000;0,000;0,000;111,0460;106,6784;3615215,4650;3473025,20;1,040941;143,2100;124,4979;4662344,7600;4053155,49;4662344,7600;4053155,49;138,3000;28,965;10,506;16,704;0,539;0,419;0,213;3,550;0,214;0,000;0,000;0,0000;0,00;;;;DUSD;N069000;T300;;099787      EXPEDITORS INTL WASH INC.;111,04605802;106,67849858;143,21000000;124,49795705;138,30000000;32556,00000000;0,00000000;0,00000000;0,00000000;0,00000000;20251121
83;1O;08879;US0304201033;AMERICAN WATER WORKS CO INC;USD;NEW YORK;111111;201;O;34272,000;0,000;0,000;0,000;125,3418;120,5666;4295715,8150;4132060,87;1,039606;132,7400;115,3959;4549265,2800;3954851,15;4549265,2800;3954851,15;128,1300;5,902;10,648;-4,289;0,526;0,409;0,208;3,598;0,209;0,000;0,000;0,0000;0,00;;;;DUSD;N069000;T300;;099792      AMERICAN WATER WORKS CO INC;125,34184801;120,56666870;132,74000000;115,39598365;128,13000000;34272,00000000;0,00000000;0,00000000;0,00000000;0,00000000;20251121
83;1O;19628;US0367521038;ELEVANCE HEALTH INC;USD;NEW YORK;111111;201;O;14024,000;0,000;0,000;0,000;368,9000;356,2186;5173453,6000;4995609,88;1,035600;321,7300;279,6922;4511941,5200;3922404,17;4511941,5200;3922404,17;313,9900;-12,787;11,076;-21,483;0,522;0,405;0,206;2,465;0,207;0,000;0,000;0,0000;0,00;;;;DUSD;N069000;T300;;099794      ELEVANCE HEALTH INC;368,90000000;356,21861665;321,73000000;279,69225419;313,99000000;14024,00000000;0,00000000;0,00000000;0,00000000;0,00000000;20251121
83;1O;00530;US0758871091;BECTON DICKINSON;USD;NEW YORK;111111;201;O;22972,000;0,000;0,000;0,000;226,8700;219,0710;5211657,6400;5032500,62;1,035600;192,7200;167,5389;4427163,8400;3848703,68;4427163,8400;3848703,68;189,5800;-15,053;11,076;-23,523;0,512;0,398;0,202;1,656;0,203;0,000;0,000;0,0000;0,00;;;;DUSD;N069000;T300;;099798      BECTON DICKINSON;226,87000000;219,07106999;192,72000000;167,53890289;189,58000000;22972,00000000;0,00000000;0,00000000;0,00000000;0,00000000;20251121
83;1O;08129;US90384S3031;ULTA BEAUTY INC;USD;OTC;111111;201;O;8481,000;0,000;0,000;0,000;508,3142;436,8008;4311013,2600;3704507,82;1,163721;515,5800;448,2135;4372633,9800;3801298,77;4372633,9800;3801298,77;496,4400;1,429;-1,153;2,613;0,505;0,393;0,200;3,855;0,201;0,000;0,000;0,0000;0,00;;;;DUSD;N069000;T300;;099800      ULTA BEAUTY INC;508,31426246;436,80082773;515,58000000;448,21350951;496,44000000;8481,00000000;0,00000000;0,00000000;0,00000000;0,00000000;20251121
83;1O;00316;US5745991068;MASCO CORP.;USD;NEW YORK;111111;201;O;68371,000;0,000;0,000;0,000;74,4583;68,5223;5090791,4070;4684940,75;1,086629;62,2400;54,1076;4255411,0400;3699392,37;4255411,0400;3699392,37;60,1000;-16,410;5,859;-21,037;0,492;0,382;0,194;3,561;0,195;0,000;0,000;0,0000;0,00;;;;DUSD;N069000;T300;;099806      MASCO CORP.;74,45834355;68,52233768;62,24000000;54,10762409;60,10000000;68371,00000000;0,00000000;0,00000000;0,00000000;0,00000000;20251121
83;1O;00104;US4595061015;INTERNATIONAL FLAVORS & FRAGRANCES INC.;USD;NEW YORK;111111;201;O;62759,000;0,000;0,000;0,000;82,2212;77,2594;5160122,5710;4848727,08;1,064222;67,4500;58,6368;4233094,5500;3679991,78;4233094,5500;3679991,78;64,5600;-17,965;8,088;-24,104;0,489;0,380;0,193;4,476;0,194;0,000;0,000;0,0000;0,00;;;;DUSD;N069000;T300;;099807      INTERNATIONAL FLAVORS & FRAGRANCES INC.;82,22123633;77,25947003;67,45000000;58,63687733;64,56000000;62759,00000000;0,00000000;0,00000000;0,00000000;0,00000000;20251121
83;1O;00549;US4180561072;HASBRO INC.;USD;NEW YORK;111111;201;O;52321,000;0,000;0,000;0,000;65,8680;57,9865;3446283,2650;3033915,48;1,135919;79,2000;68,8516;4143823,2000;3602384,77;4143823,2000;3602384,77;76,7600;20,240;1,266;18,737;0,479;0,372;0,189;3,179;0,190;0,000;0,000;0,0000;0,00;;;;DUSD;N069000;T300;;099811      HASBRO INC.;65,86806951;57,98657288;79,20000000;68,85160392;76,76000000;52321,00000000;0,00000000;0,00000000;0,00000000;0,00000000;20251121
83;1O;00212;US8718291078;SYSCO CORP.;USD;NEW YORK;111111;201;O;53934,000;0,000;0,000;0,000;76,0960;73,2468;4104166,7380;3950493,94;1,038900;76,6300;66,6174;4132962,4200;3592943,08;4132962,4200;3592943,08;75,4800;0,702;10,723;-9,051;0,478;0,371;0,189;1,524;0,190;0,000;0,000;0,0000;0,00;;;;DUSD;N069000;T300;;099811      SYSCO CORP.;76,09609407;73,24681907;76,63000000;66,61740415;75,48000000;53934,00000000;0,00000000;0,00000000;0,00000000;0,00000000;20251121
83;1O;04388;US2533931026;DICK'S SPORTING GOODS INC.;USD;NEW YORK;111111;201;O;18699,000;0,000;0,000;0,000;217,9839;194,4571;4076081,2230;3636153,40;1,120987;208,4500;181,2135;3897806,5500;3388513,04;3897806,5500;3388513,04;202,6100;-4,374;2,615;-6,811;0,451;0,350;0,178;2,882;0,179;0,000;0,000;0,0000;0,00;;;;DUSD;N069000;T300;;099822      DICK'S SPORTING GOODS INC.;217,98391480;194,45710465;208,45000000;181,21359645;202,61000000;18699,00000000;0,00000000;0,00000000;0,00000000;0,00000000;20251121
83;1O;33782;US24703L2025;DELL TECHS-ORD SHS CL C;USD;NEW YORK;111111;201;O;31714,000;0,000;0,000;0,000;128,6503;116,6811;4080017,5370;3700424,49;1,102581;122,5100;106,5026;3885282,1400;3377625,09;3885282,1400;3377625,09;117,4000;-4,773;4,328;-8,723;0,449;0,349;0,177;4,353;0,178;0,000;0,000;0,0000;0,00;;;;DUSD;N069000;T300;;099823      DELL TECHS-ORD SHS CL C;128,65036062;116,68110266;122,51000000;106,50265148;117,40000000;31714,00000000;0,00000000;0,00000000;0,00000000;0,00000000;20251121
83;1O;00399;US5184391044;ESTEE LAUDER COMPANIES CLA;USD;NEW YORK;111111;201;O;41726,000;0,000;0,000;0,000;91,9202;78,5004;3835464,8220;3275509,27;1,170952;89,9000;78,1535;3751167,4000;3261033,99;3751167,4000;3261033,99;86,6100;-2,198;-1,764;-0,442;0,434;0,337;0,171;3,799;0,172;0,000;0,000;0,0000;0,00;;;;DUSD;N069000;T300;;099829      ESTEE LAUDER COMPANIES CLA;91,92026127;78,50043785;89,90000000;78,15352516;86,61000000;41726,00000000;0,00000000;0,00000000;0,00000000;0,00000000;20251121
83;1O;00525;US4278661081;HERSHEY CO.;USD;NEW YORK;111111;201;O;19836,000;0,000;0,000;0,000;174,1282;150,1956;3454007,6100;2979281,23;1,159343;186,0000;161,6969;3689496,0000;3207420,67;3689496,0000;3207420,67;182,6600;6,818;-0,780;7,658;0,426;0,332;0,168;1,829;0,169;0,000;0,000;0,0000;0,00;;;;DUSD;N069000;T300;;099832      HERSHEY CO.;174,12823200;150,19566596;186,00000000;161,69694862;182,66000000;19836,00000000;0,00000000;0,00000000;0,00000000;0,00000000;20251121
83;1O;13633;US8923561067;TRACTOR SUPPLY COMPANY;USD;OTC;111111;201;O;67690,000;0,000;0,000;0,000;56,9689;50,6361;3856226,1850;3427558,55;1,125065;52,9200;46,0053;3582154,8000;3114104,84;3582154,8000;3114104,84;52,6400;-7,107;2,243;-9,145;0,414;0,322;0,164;0,532;0,164;0,000;0,000;0,0000;0,00;;;;DUSD;N069000;T300;;099836      TRACTOR SUPPLY COMPANY;56,96891985;50,63611390;52,92000000;46,00538989;52,64000000;67690,00000000;0,00000000;0,00000000;0,00000000;0,00000000;20251121
83;1O;00426;US5951121038;MICRON TECHNOLOGY INC.;USD;OTC;111111;201;O;17169,000;0,000;0,000;0,000;100,5437;88,6473;1726236,4830;1521986,10;1,134200;207,3700;180,2747;3560335,5300;3095136,51;3560335,5300;3095136,51;201,3700;106,248;1,420;103,362;0,412;0,320;0,163;2,980;0,163;0,000;0,000;0,0000;0,00;;;;DUSD;N069000;T300;;099837      MICRON TECHNOLOGY INC.;100,54379888;88,64733531;207,37000000;180,27471094;201,37000000;17169,00000000;0,00000000;0,00000000;0,00000000;0,00000000;20251121
83;1O;01310;US0865161014;BEST BUY COMPANY INC.;USD;NEW YORK;111111;201;O;45720,000;0,000;0,000;0,000;76,9751;65,5501;3519305,7200;2996952,70;1,174295;76,4500;66,4609;3495294,0000;3038593,41;3495294,0000;3038593,41;73,7800;-0,682;-2,043;1,389;0,404;0,314;0,160;3,619;0,160;0,000;0,000;0,0000;0,00;;;;DUSD;N069000;T300;;099840      BEST BUY COMPANY INC.;76,97519072;65,55014654;76,45000000;66,46092323;73,78000000;45720,00000000;0,00000000;0,00000000;0,00000000;0,00000000;20251121
83;1O;07927;US2538681030;DIGITAL REALTY TRUST INC;USD;NEW YORK;111111;201;O;20943,000;0,000;0,000;0,000;175,3450;168,8442;3672251,1800;3536105,33;1,038502;157,1800;136,6426;3291820,7400;2861706,29;3291820,7400;2861706,29;157,5900;-10,360;10,765;-19,072;0,380;0,296;0,150;-0,260;0,151;0,000;0,000;0,0000;0,00;;;;DUSD;N069000;T300;;099850      DIGITAL REALTY TRUST INC;175,34504034;168,84425965;157,18000000;136,64261497;157,59000000;20943,00000000;0,00000000;0,00000000;0,00000000;0,00000000;20251121
83;1O;04293;US12504L1098;CB RICHARD ELLIS GROUP INC. -CL A;USD;NEW YORK;111111;201;O;20874,000;0,000;0,000;0,000;130,5178;125,6391;2724429,6490;2622592,11;1,038831;156,7900;136,3035;3272834,4600;2845200,78;3272834,4600;2845200,78;151,5800;20,129;10,730;8,488;0,378;0,294;0,149;3,437;0,150;0,000;0,000;0,0000;0,00;;;;DUSD;N069000;T300;;099851      CB RICHARD ELLIS GROUP INC. -CL A;130,51785230;125,63917361;156,79000000;136,30357298;151,58000000;20874,00000000;0,00000000;0,00000000;0,00000000;0,00000000;20251121
83;1O;23399;US70450Y1038;PAYPAL HOLDINGS INC-W/I;USD;OTC;111111;201;O;51647,000;0,000;0,000;0,000;67,4014;57,2683;3481080,9300;2957740,12;1,176939;60,5700;52,6558;3128258,7900;2719515,60;3128258,7900;2719515,60;58,1050;-10,135;-2,263;-8,054;0,362;0,281;0,143;4,242;0,144;0,000;0,000;0,0000;0,00;;;;DUSD;N069000;T300;;099857      PAYPAL HOLDINGS INC-W/I;67,40141595;57,26838190;60,57000000;52,65582891;58,10500000;51647,00000000;0,00000000;0,00000000;0,00000000;0,00000000;20251121
83;1O;02976;US9884981013;YUM BRANDS INC.;USD;NEW YORK;111111;201;O;19510,000;0,000;0,000;0,000;145,8064;126,1945;2844684,2400;2462055,08;1,155410;152,9800;132,9913;2984639,8000;2594662,09;2984639,8000;2594662,09;149,2100;4,920;-0,442;5,386;0,345;0,268;0,136;2,527;0,137;0,000;0,000;0,0000;0,00;;;;DUSD;N069000;T300;;099864      YUM BRANDS INC.;145,80647052;126,19451973;152,98000000;132,99139354;149,21000000;19510,00000000;0,00000000;0,00000000;0,00000000;0,00000000;20251121
83;1O;36719;US52736R1023;LEVI STRAUSS & CO CLASS A;USD;NEW YORK;111111;201;O;140347,000;0,000;0,000;0,000;19,9471;17,2457;2799529,4100;2420385,77;1,156646;20,7600;18,0474;2913603,7200;2532907,69;2913603,7200;2532907,69;20,0300;4,075;-0,549;4,649;0,337;0,262;0,133;3,645;0,134;0,000;0,000;0,0000;0,00;;;;DUSD;N069000;T300;;099867      LEVI STRAUSS & CO CLASS A;19,94719808;17,24572502;20,76000000;18,04746587;20,03000000;140347,00000000;0,00000000;0,00000000;0,00000000;0,00000000;20251121
83;1O;09755;US92276F1003;VENTAS INC;USD;NEW YORK;111111;201;O;36871,000;0,000;0,000;0,000;59,2186;56,9667;2183451,7560;2100421,76;1,039530;79,2400;68,8863;2921658,0400;2539909,62;2921658,0400;2539909,62;79,7800;33,809;10,656;20,924;0,338;0,263;0,133;-0,677;0,134;0,000;0,000;0,0000;0,00;;;;DUSD;N069000;T300;;099867      VENTAS INC;59,21867473;56,96676954;79,24000000;68,88637746;79,78000000;36871,00000000;0,00000000;0,00000000;0,00000000;0,00000000;20251121
83;1O;08920;US49271V1008;KUERIG DR PEPPER;USD;NEW YORK;111111;201;O;103368,000;0,000;0,000;0,000;29,8443;25,6534;3084945,7300;2651749,11;1,163363;27,7400;24,1154;2867428,3200;2492765,64;2867428,3200;2492765,64;27,2100;-7,051;-1,123;-5,995;0,331;0,258;0,131;1,948;0,132;0,000;0,000;0,0000;0,00;;;;DUSD;N069000;T300;;099869      KUERIG DR PEPPER;29,84430123;25,65348183;27,74000000;24,11544814;27,21000000;103368,00000000;0,00000000;0,00000000;0,00000000;0,00000000;20251121
83;1O;07900;US5500211090;LULULEMON ATHLETICA INC;USD;OTC;111111;201;O;16574,000;0,000;0,000;0,000;172,4337;147,9828;2857916,7700;2452667,45;1,165228;168,1800;146,2053;2787415,3200;2423207,27;2787415,3200;2423207,27;164,6900;-2,467;-1,281;-1,201;0,322;0,250;0,127;2,119;0,128;0,000;0,000;0,0000;0,00;;;;DUSD;N069000;T300;;099873      LULULEMON ATHLETICA INC;172,43373778;147,98283154;168,18000000;146,20533773;164,69000000;16574,00000000;0,00000000;0,00000000;0,00000000;0,00000000;20251121
83;1O;01215;US00846U1016;AGILENT TECHNOLOGIES INC.;USD;NEW YORK;111111;201;O;18000,000;0,000;0,000;0,000;134,3400;129,7219;2418120,0000;2334994,21;1,035600;151,2500;131,4874;2722500,0000;2366773,89;2722500,0000;2366773,89;145,0600;12,587;11,076;1,361;0,315;0,245;0,124;4,267;0,125;0,000;0,000;0,0000;0,00;;;;DUSD;N069000;T300;;099876      AGILENT TECHNOLOGIES INC.;134,34000000;129,72190055;151,25000000;131,48743805;145,06000000;18000,00000000;0,00000000;0,00000000;0,00000000;0,00000000;20251121
83;1O;32178;US3802371076;GODADDY-ORD SHS CL A;USD;NEW YORK;111111;201;O;20325,000;0,000;0,000;0,000;195,8516;188,5511;3980685,7230;3832302,78;1,038719;127,0600;110,4581;2582494,5000;2245061,72;2582494,5000;2245061,72;124,2300;-35,124;10,742;-41,417;0,298;0,232;0,118;2,278;0,119;0,000;0,000;0,0000;0,00;;;;DUSD;N069000;T300;;099882      GODADDY-ORD SHS CL A;195,85169608;188,55118228;127,06000000;110,45814135;124,23000000;20325,00000000;0,00000000;0,00000000;0,00000000;0,00000000;20251121
83;1O;09902;US28176E1082;EDWARDS LIFESCIENCES CORP;USD;NEW YORK;111111;201;O;29721,000;0,000;0,000;0,000;74,0300;71,4851;2200245,6300;2124609,53;1,035600;85,1300;74,0067;2530148,7300;2199555,53;2530148,7300;2199555,53;84,0900;14,994;11,076;3,528;0,292;0,227;0,115;1,237;0,116;0,000;0,000;0,0000;0,00;;;;DUSD;N069000;T300;;099885      EDWARDS LIFESCIENCES CORP;74,03000000;71,48512937;85,13000000;74,00678083;84,09000000;29721,00000000;0,00000000;0,00000000;0,00000000;0,00000000;20251121
83;1O;03963;US1273871087;CADENCE DESIGN SYS INC.;USD;OTC;111111;201;O;7573,000;0,000;0,000;0,000;371,5073;315,6450;2813425,1900;2390380,00;1,176978;300,5800;261,3057;2276292,3400;1978868,42;2276292,3400;1978868,42;302,1400;-19,092;-2,267;-17,215;0,263;0,205;0,104;-0,516;0,104;0,000;0,000;0,0000;0,00;;;;DUSD;N069000;T300;;099896      CADENCE DESIGN SYS INC.;371,50735375;315,64505480;300,58000000;261,30574632;302,14000000;7573,00000000;0,00000000;0,00000000;0,00000000;0,00000000;20251121
83;1O;05346;US1924461023;COGNIZANT TECH SOLUTIONS A;USD;OTC;111111;201;O;28773,000;0,000;0,000;0,000;76,5781;73,7082;2203382,7910;2120807,73;1,038936;75,9800;66,0523;2186172,5400;1900523,81;2186172,5400;1900523,81;72,3500;-0,781;10,719;-10,387;0,253;0,196;0,100;5,017;0,100;0,000;0,000;0,0000;0,00;;;;DUSD;N069000;T300;;099900      COGNIZANT TECH SOLUTIONS A;76,57813891;73,70825878;75,98000000;66,05233417;72,35000000;28773,00000000;0,00000000;0,00000000;0,00000000;0,00000000;20251121
83;1O;37182;US45687V1061;INGERSOLL RAND-ORD SHS;USD;NEW YORK;111111;201;O;27010,000;0,000;0,000;0,000;89,3908;86,0799;2414446,9970;2325019,22;1,038463;78,5400;68,2778;2121365,4000;1844184,47;2121365,4000;1844184,47;74,5400;-12,139;10,769;-20,681;0,245;0,191;0,097;5,366;0,097;0,000;0,000;0,0000;0,00;;;;DUSD;N069000;T300;;099903      INGERSOLL RAND-ORD SHS;89,39085512;86,07994150;78,54000000;68,27784056;74,54000000;27010,00000000;0,00000000;0,00000000;0,00000000;0,00000000;20251121
83;1O;04020;US0534841012;AVALONBAY COMMUNITIES INC.;USD;NEW YORK;111111;201;O;10764,000;0,000;0,000;0,000;218,6676;210,4946;2353738,7600;2265764,40;1,038828;180,6800;157,0720;1944839,5200;1690723,74;1944839,5200;1690723,74;177,0400;-17,372;10,731;-25,380;0,225;0,175;0,089;2,056;0,089;0,000;0,000;0,0000;0,00;;;;DUSD;N069000;T300;;099911      AVALONBAY COMMUNITIES INC.;218,66766629;210,49464882;180,68000000;157,07206815;177,04000000;10764,00000000;0,00000000;0,00000000;0,00000000;0,00000000;20251121
83;1O;02074;US98956P1021;ZIMMER HOLDINGS INC.;USD;NEW YORK;111111;201;O;20691,000;0,000;0,000;0,000;105,6300;101,9988;2185590,3300;2110458,03;1,035600;92,1800;80,1356;1907296,3800;1658086,05;1907296,3800;1658086,05;89,0700;-12,733;11,076;-21,435;0,220;0,171;0,087;3,492;0,088;0,000;0,000;0,0000;0,00;;;;DUSD;N069000;T300;;099913      ZIMMER HOLDINGS INC.;105,63000000;101,99884152;92,18000000;80,13561679;89,07000000;20691,00000000;0,00000000;0,00000000;0,00000000;0,00000000;20251121
83;1O;06332;US48020Q1076;JONES LANG LASALLE INC;USD;NEW YORK;111111;201;O;3147,000;0,000;0,000;0,000;250,1807;240,6370;787318,7700;757284,82;1,039660;314,8700;273,7285;990895,8900;861423,88;990895,8900;861423,88;301,6600;25,857;10,642;13,752;0,115;0,089;0,045;4,379;0,045;0,000;0,000;0,0000;0,00;;;;DUSD;N069000;T300;;099955      JONES LANG LASALLE INC;250,18073403;240,63705751;314,87000000;273,72859254;301,66000000;3147,00000000;0,00000000;0,00000000;0,00000000;0,00000000;20251121
83;1O;00814;US1011211018;BOSTON PROPERTIES INC.;USD;NEW YORK;111111;201;O;9610,000;0,000;0,000;0,000;73,2524;70,4741;703956,4370;677256,11;1,039424;70,0400;60,8884;673084,4000;585138,14;673084,4000;585138,14;68,6600;-4,386;10,667;-13,602;0,078;0,060;0,031;2,010;0,031;0,000;0,000;0,0000;0,00;;;;DUSD;N069000;T300;;099969      BOSTON PROPERTIES INC.;73,25249084;70,47410093;70,04000000;60,88846387;68,66000000;9610,00000000;0,00000000;0,00000000;0,00000000;0,00000000;20251121
83;1O;03392;CH0013841017;LONZA GROUP AG-REG;CHF;VIRTX;111111;201;O;19878,000;0,000;0,000;0,000;534,0800;569,2995;10616442,2600;11316536,43;0,938135;534,8000;574,8065;10630754,4000;11426004,30;10630754,4000;11426004,30;530,0000;0,135;-0,825;0,967;42,764;1,181;0,600;0,906;0,603;0,000;0,000;0,0000;0,00;;;;DCHF;N071000;T300;;099400      LONZA GROUP AG-REG;534,08000100;569,29954874;534,80000000;574,80653482;530,00000000;19878,00000000;0,00000000;0,00000000;0,00000000;0,00000000;20251121
83;1O;01930;CH0012221716;ABB LTD - NOM;CHF;VIRTX;111111;201;O;106472,000;0,000;0,000;0,000;58,6011;62,8104;6239385,6420;6687556,63;0,932984;54,6200;58,7059;5815500,6400;6250538,09;5815500,6400;6250538,09;55,6400;-6,794;-0,277;-6,535;23,394;0,646;0,328;-1,833;0,330;0,000;0,000;0,0000;0,00;;;;DCHF;N071000;T300;;099672      ABB LTD - NOM;58,60118756;62,81047251;54,62000000;58,70593293;55,64000000;106472,00000000;0,00000000;0,00000000;0,00000000;0,00000000;20251121
83;1O;01931;CH0012005267;NOVARTIS AG - NOM.;CHF;VIRTX;111111;201;O;49767,000;0,000;0,000;0,000;101,5008;108,2963;5051393,7900;5389585,97;0,937251;102,8800;110,5760;5120028,9600;5503040,58;5120028,9600;5503040,58;100,4200;1,359;-0,731;2,105;20,596;0,569;0,289;2,450;0,291;0,000;0,000;0,0000;0,00;;;;DCHF;N071000;T300;;099711      NOVARTIS AG - NOM.;101,50086985;108,29638053;102,88000000;110,57609630;100,42000000;49767,00000000;0,00000000;0,00000000;0,00000000;0,00000000;20251121
83;1O;39064;CH0025751329;LOGITECH INTL SA;USD;OTC;111111;201;O;81196,000;0,000;0,000;0,000;82,3500;79,5191;6686490,6000;6456634,42;1,035600;109,9200;95,5576;8925064,3200;7758901,43;8925064,3200;7758901,43;106,6400;33,479;11,076;20,169;1,032;0,802;0,407;3,076;0,410;0,000;0,000;0,0000;0,00;;;;DUSD;N071000;T300;;099593      LOGITECH INTL SA;82,35000000;79,51911941;109,92000000;95,55768060;106,64000000;81196,00000000;0,00000000;0,00000000;0,00000000;0,00000000;20251121
83;1O;60381;IE000IVNQZ81;TE CONNECTIVITY PLC;USD;NEW YORK;111111;201;O;22152,000;0,000;0,000;0,000;142,9700;138,0552;3167071,4400;3058199,54;1,035600;218,9300;190,3242;4849737,3600;4216063,08;4849737,3600;4216063,08;214,4900;53,130;11,076;37,861;0,561;0,436;0,221;2,070;0,223;0,000;0,000;0,0000;0,00;;;;DUSD;N071000;T300;;099779      TE CONNECTIVITY PLC;142,97000000;138,05523383;218,93000000;190,32426323;214,49000000;22152,00000000;0,00000000;0,00000000;0,00000000;0,00000000;20251121
83;1O;00872;KR7000660001;SK HYNIX INC.;KRW;SEOUL;111111;201;O;13444,000;0,000;0,000;0,000;354762,8433;216,8825;4769431666,0000;2915768,37;1635,737501;521000,0000;306,8807;7004324000,0000;4125704,96;7004324000,0000;4125704,96;571000,0000;46,859;3,790;41,496;63,528;0,426;0,217;-8,757;0,218;0,000;0,000;0,0000;0,00;;;;DKRW;N084000;T300;;099783      SK HYNIX INC.;354762,84335019;216,88250297;521000,00000000;306,88076145;571000,00000000;13444,00000000;0,00000000;0,00000000;0,00000000;0,00000000;20251121
83;1O;02748;KR7066570003;LG ELECTRONICS INC.;KRW;SEOUL;111111;201;O;46543,000;0,000;0,000;0,000;82665,8185;54,0497;3847515191,0040;2515639,43;1529,438259;86400,0000;50,8915;4021315200,0000;2368645,43;4021315200,0000;2368645,43;87300,0000;4,517;11,003;-5,843;36,472;0,245;0,124;-1,031;0,125;0,000;0,000;0,0000;0,00;;;;DKRW;N084000;T300;;099876      LG ELECTRONICS INC.;82665,81851200;54,04979116;86400,00000000;50,89155045;87300,00000000;46543,00000000;0,00000000;0,00000000;0,00000000;0,00000000;20251121
83;1O;09635;JP3651210001;NABTESCO CORP;JPY;TOKYO;111111;201;O;483100,000;0,000;0,000;0,000;2779,1256;17,0766;1342595586,2590;8249752,41;162,743743;3282,0000;18,2229;1585534200,0000;8803510,22;1585534200,0000;8803510,22;3272,0000;18,095;10,666;6,712;7,868;0,910;0,462;0,306;0,465;0,000;0,000;0,0000;0,00;;;;DJPY;N088000;T300;;099538      NABTESCO CORP;2779,12561842;17,07669718;3282,00000000;18,22295637;3272,00000000;483100,00000000;0,00000000;0,00000000;0,00000000;0,00000000;20251121
83;1O;00664;JP3266400005;KUBOTA CORP.;JPY;TOKYO;111111;201;O;682400,000;0,000;0,000;0,000;1695,2786;10,1564;1156858118,3200;6930759,46;166,916501;2128,5000;11,8182;1452488400,0000;8064787,55;1452488400,0000;8064787,55;2066,0000;25,555;7,900;16,362;7,208;0,834;0,423;3,025;0,426;0,000;0,000;0,0000;0,00;;;;DJPY;N088000;T300;;099577      KUBOTA CORP.;1695,27860246;10,15644704;2128,50000000;11,81827015;2066,00000000;682400,00000000;0,00000000;0,00000000;0,00000000;0,00000000;20251121
83;1O;00810;JP3205800000;KAO CORP.;JPY;TOKYO;111111;201;O;218000,000;0,000;0,000;0,000;6346,2162;39,3910;1383475132,9000;8587257,30;161,107917;6589,0000;36,5847;1436402000,0000;7975469,52;1436402000,0000;7975469,52;6474,0000;3,826;11,790;-7,124;7,128;0,824;0,419;1,776;0,421;0,000;0,000;0,0000;0,00;;;;DJPY;N088000;T300;;099581      KAO CORP.;6346,21620596;39,39108853;6589,00000000;36,58472258;6474,00000000;218000,00000000;0,00000000;0,00000000;0,00000000;0,00000000;20251121
83;1O;00117;JP3270000007;KURITA WATER INDUSTRIES LTD.;JPY;TOKYO;111111;201;O;222200,000;0,000;0,000;0,000;5317,0391;32,2363;1181446098,1010;7162924,60;164,939067;6094,0000;33,8362;1354086800,0000;7518423,12;1354086800,0000;7518423,12;6134,0000;14,613;9,193;4,963;6,720;0,777;0,395;-0,652;0,397;0,000;0,000;0,0000;0,00;;;;DJPY;N088000;T300;;099605      KURITA WATER INDUSTRIES LTD.;5317,03914536;32,23638433;6094,00000000;33,83628766;6134,00000000;222200,00000000;0,00000000;0,00000000;0,00000000;0,00000000;20251121
83;1O;00148;JP3733000008;NEC CORP.;JPY;TOKYO;111111;201;O;218400,000;0,000;0,000;0,000;5403,3474;30,3121;1180091091,0000;6620168,85;178,256947;6074,0000;33,7252;1326561600,0000;7365592,37;1326561600,0000;7365592,37;5980,0000;12,412;1,035;11,260;6,583;0,761;0,387;1,572;0,389;0,000;0,000;0,0000;0,00;;;;DJPY;N088000;T300;;099613      NEC CORP.;5403,34748626;30,31212843;6074,00000000;33,72523979;5980,00000000;218400,00000000;0,00000000;0,00000000;0,00000000;0,00000000;20251121
83;1O;00163;JP3190000004;OBAYASHI CORP.;JPY;TOKYO;111111;201;O;415100,000;0,000;0,000;0,000;2086,6174;12,8232;866154914,9680;5322948,03;162,720904;3125,0000;17,3512;1297187500,0000;7202495,80;1297187500,0000;7202495,80;2976,5000;49,764;10,682;35,310;6,437;0,744;0,378;4,989;0,380;0,000;0,000;0,0000;0,00;;;;DJPY;N088000;T300;;099622      OBAYASHI CORP.;2086,61747763;12,82329084;3125,00000000;17,35123054;2976,50000000;415100,00000000;0,00000000;0,00000000;0,00000000;0,00000000;20251121
83;1O;00196;JP3435000009;SONY CORP.;JPY;TOKYO;111111;201;O;286300,000;0,000;0,000;0,000;3206,4169;19,7801;917997165,9040;5663055,80;162,102794;4507,0000;25,0246;1290354100,0000;7164554,07;1290354100,0000;7164554,07;4461,0000;40,562;11,104;26,514;6,403;0,740;0,376;1,031;0,378;0,000;0,000;0,0000;0,00;;;;DJPY;N088000;T300;;099624      SONY CORP.;3206,41692596;19,78014600;4507,00000000;25,02463874;4461,00000000;286300,00000000;0,00000000;0,00000000;0,00000000;0,00000000;20251121
83;1O;00433;JP3596200000;TOTO LTD.;JPY;TOKYO;111111;201;O;302300,000;0,000;0,000;0,000;3824,9281;23,3597;1156275767,0000;7061649,95;163,740171;3897,0000;21,6376;1178063100,0000;6541070,22;1178063100,0000;6541070,22;3834,0000;1,884;9,993;-7,372;5,846;0,676;0,343;1,643;0,345;0,000;0,000;0,0000;0,00;;;;DJPY;N088000;T300;;099657      TOTO LTD.;3824,92810784;23,35974181;3897,00000000;21,63767854;3834,00000000;302300,00000000;0,00000000;0,00000000;0,00000000;0,00000000;20251121
83;1O;00144;JP3914400001;MURATA MANUFACTURING CO.LTD.;JPY;TOKYO;111111;201;O;345200,000;0,000;0,000;0,000;2484,4940;15,1507;857647337,5550;5230026,06;163,985290;3033,0000;16,8404;1046991600,0000;5813309,64;1046991600,0000;5813309,64;3078,0000;22,077;9,828;11,153;5,196;0,601;0,305;-1,462;0,307;0,000;0,000;0,0000;0,00;;;;DJPY;N088000;T300;;099695      MURATA MANUFACTURING CO.LTD.;2484,49402536;15,15071280;3033,00000000;16,84041032;3078,00000000;345200,00000000;0,00000000;0,00000000;0,00000000;0,00000000;20251121
83;1O;00216;JP3538800008;TDK CORP.;JPY;TOKYO;111111;201;O;394400,000;0,000;0,000;0,000;1808,7858;11,1283;713385155,2190;4389010,70;162,538942;2413,5000;13,4007;951884400,0000;5285237,02;951884400,0000;5285237,02;2490,5000;33,432;10,806;20,420;4,724;0,546;0,278;-3,092;0,279;0,000;0,000;0,0000;0,00;;;;DJPY;N088000;T300;;099722      TDK CORP.;1808,78589051;11,12832327;2413,50000000;13,40070237;2490,50000000;394400,00000000;0,00000000;0,00000000;0,00000000;0,00000000;20251121
83;1O;00096;JP3854600008;HONDA MOTOR CO.;JPY;TOKYO;111111;201;O;606700,000;0,000;0,000;0,000;1542,1196;9,1386;935603994,8830;5544410,29;168,747251;1538,5000;8,5423;933407950,0000;5182648,49;933407950,0000;5182648,49;1514,0000;-0,235;6,729;-6,525;4,632;0,536;0,272;1,618;0,274;0,000;0,000;0,0000;0,00;;;;DJPY;N088000;T300;;099728      HONDA MOTOR CO.;1542,11965532;9,13863571;1538,50000000;8,54235782;1514,00000000;606700,00000000;0,00000000;0,00000000;0,00000000;0,00000000;20251121
83;1O;00447;JP3571400005;TOKYO ELECTRON LTD.;JPY;TOKYO;111111;201;O;29900,000;0,000;0,000;0,000;27438,8316;157,0074;820421067,0000;4694523,71;174,761300;30180,0000;167,5712;902382000,0000;5010380,20;902382000,0000;5010380,20;32500,0000;9,990;3,056;6,728;4,478;0,518;0,263;-7,138;0,265;0,000;0,000;0,0000;0,00;;;;DJPY;N088000;T300;;099737      TOKYO ELECTRON LTD.;27438,83167224;157,00748194;30180,00000000;167,57124415;32500,00000000;29900,00000000;0,00000000;0,00000000;0,00000000;0,00000000;20251121
83;1O;00251;JP3942400007;ASTELLAS PHARMA INC.;JPY;TOKYO;111111;201;O;448600,000;0,000;0,000;0,000;1523,3641;9,3616;683381162,7240;4199620,52;162,724503;1964,5000;10,9076;881274700,0000;4893184,16;881274700,0000;4893184,16;1979,5000;28,958;10,679;16,515;4,373;0,506;0,257;-0,758;0,258;0,000;0,000;0,0000;0,00;;;;DJPY;N088000;T300;;099743      ASTELLAS PHARMA INC.;1523,36416122;9,36161506;1964,50000000;10,90767757;1979,50000000;448600,00000000;0,00000000;0,00000000;0,00000000;0,00000000;20251121
83;1O;00037;JP3830800003;BRIDGESTONE CORP.;JPY;TOKYO;111111;201;O;114600,000;0,000;0,000;0,000;6472,4273;37,4968;741740174,4670;4297143,59;172,612378;7222,0000;40,0993;827641200,0000;4595389,85;827641200,0000;4595389,85;7104,0000;11,581;4,339;6,941;4,107;0,475;0,241;1,661;0,243;0,000;0,000;0,0000;0,00;;;;DJPY;N088000;T300;;099759      BRIDGESTONE CORP.;6472,42735137;37,49688996;7222,00000000;40,09938784;7104,00000000;114600,00000000;0,00000000;0,00000000;0,00000000;0,00000000;20251121
83;1O;00618;JP3358800005;SHIMIZU CORP.;JPY;TOKYO;111111;201;O;307700,000;0,000;0,000;0,000;1252,5000;7,6946;385394250,0000;2367641,44;162,775597;2572,0000;14,2807;791404400,0000;4394188,86;791404400,0000;4394188,86;2539,5000;105,349;10,645;85,594;3,927;0,454;0,231;1,280;0,232;0,000;0,000;0,0000;0,00;;;;DJPY;N088000;T300;;099769      SHIMIZU CORP.;1252,50000000;7,69464231;2572,00000000;14,28075679;2539,50000000;307700,00000000;0,00000000;0,00000000;0,00000000;0,00000000;20251121
83;1O;03334;JP3148800000;IBIDEN CO. LTD.;JPY;TOKYO;111111;201;O;66228,000;0,000;0,000;0,000;4502,9904;27,9041;298224049,7300;1848033,84;161,373695;11330,0000;62,9086;750363240,0000;4166312,18;750363240,0000;4166312,18;12535,0000;151,611;11,606;125,446;3,724;0,431;0,219;-9,613;0,220;0,000;0,000;0,0000;0,00;;;;DJPY;N088000;T300;;099781      IBIDEN CO. LTD.;4502,99042293;27,90411668;11330,00000000;62,90862147;12535,00000000;66228,00000000;0,00000000;0,00000000;0,00000000;0,00000000;20251121
83;1O;05704;JP3475350009;DAIICHI SANKYO CO LTD;JPY;TOKYO;111111;201;O;159900,000;0,000;0,000;0,000;4293,9033;26,3866;686595147,2330;4219224,16;162,730190;3700,0000;20,5438;591630000,0000;3284962,73;591630000,0000;3284962,73;3627,0000;-13,831;10,676;-22,143;2,936;0,340;0,172;2,013;0,173;0,000;0,000;0,0000;0,00;;;;DJPY;N088000;T300;;099828      DAIICHI SANKYO CO LTD;4293,90335980;26,38664265;3700,00000000;20,54385697;3627,00000000;159900,00000000;0,00000000;0,00000000;0,00000000;0,00000000;20251121
83;1O;05558;JP3118000003;ASICS CORP;JPY;TOKYO;111111;201;O;130000,000;0,000;0,000;0,000;4021,9136;22,6868;522848768,0000;2949287,30;177,279700;3744,0000;20,7881;486720000,0000;2702461,10;486720000,0000;2702461,10;3661,0000;-6,910;1,592;-8,369;2,415;0,279;0,142;2,267;0,143;0,000;0,000;0,0000;0,00;;;;DJPY;N088000;T300;;099858      ASICS CORP;4021,91360000;22,68682538;3744,00000000;20,78816229;3661,00000000;130000,00000000;0,00000000;0,00000000;0,00000000;0,00000000;20251121
83;1O;03500;JP3164720009;RENEAS  ELECTRONICS CORP.;JPY;TOKYO;111111;201;O;169300,000;0,000;0,000;0,000;2046,5000;12,5725;346472450,0000;2128528,18;162,775599;1798,0000;9,9832;304401400,0000;1690156,44;304401400,0000;1690156,44;1847,0000;-12,143;10,645;-20,595;1,511;0,175;0,089;-2,653;0,089;0,000;0,000;0,0000;0,00;;;;DJPY;N088000;T300;;099911      RENEAS  ELECTRONICS CORP.;2046,50000000;12,57252321;1798,00000000;9,98320400;1847,00000000;169300,00000000;0,00000000;0,00000000;0,00000000;0,00000000;20251121
83;1O;17960;JP3351100007;SYSMEX CORP;JPY;TOKYO;111111;201;O;151800,000;0,000;0,000;0,000;2916,5000;17,9173;442724700,0000;2719846,83;162,775600;1558,5000;8,6534;236580300,0000;1313586,99;236580300,0000;1313586,99;1497,0000;-46,563;10,645;-51,704;1,174;0,136;0,069;4,108;0,069;0,000;0,000;0,0000;0,00;;;;DJPY;N088000;T300;;099931      SYSMEX CORP;2916,50000000;17,91730454;1558,50000000;8,65340569;1497,00000000;151800,00000000;0,00000000;0,00000000;0,00000000;0,00000000;20251121
83;1O;00192;JP3351600006;SHISEIDO CO.;JPY;TOKYO;111111;201;O;17200,000;0,000;0,000;0,000;2786,5000;17,1186;47927800,0000;294440,94;162,775598;2201,0000;12,2208;37857200,0000;210198,08;37857200,0000;210198,08;2185,5000;-21,012;10,645;-28,611;0,188;0,022;0,011;0,709;0,011;0,000;0,000;0,0000;0,00;;;;DJPY;N088000;T300;;099989      SHISEIDO CO.;2786,50000000;17,11865930;2201,00000000;12,22081870;2185,50000000;17200,00000000;0,00000000;0,00000000;0,00000000;0,00000000;20251121
83;1O;01571;HK0066009694;MTR CORP.;HKD;HONG KONG;111111;201;O;2465748,000;0,000;0,000;0,000;26,9592;3,3387;66474735,8030;8232492,57;8,074679;30,3400;3,3876;74810794,3200;8353148,09;74810794,3200;8353148,09;30,4600;12,540;10,915;1,466;36,705;0,863;0,439;-0,394;0,441;0,000;0,000;0,0000;0,00;;;;DHKD;N103000;T300;;099561      MTR CORP.;26,95925771;3,33874044;30,34000000;3,38767306;30,46000000;2465748,00000000;0,00000000;0,00000000;0,00000000;0,00000000;20251121
83;1O;01620;HK0992009065;LENOVO GROUP LTD.;HKD;HONG KONG;111111;201;O;5582000,000;0,000;0,000;0,000;9,9711;1,2353;55659188,4060;6895613,99;8,071680;9,6800;1,0808;54033760,0000;6033246,99;54033760,0000;6033246,99;9,7200;-2,920;10,956;-12,506;26,511;0,624;0,317;-0,412;0,319;0,000;0,000;0,0000;0,00;;;;DHKD;N103000;T300;;099683      LENOVO GROUP LTD.;9,97119104;1,23533034;9,68000000;1,08083966;9,72000000;5582000,00000000;0,00000000;0,00000000;0,00000000;0,00000000;20251121
83;1O;03896;HK0688002218;CHINA OVERSEAS LAND & INVESTMENT LTD;HKD;HONG KONG;111111;201;O;3661000,000;0,000;0,000;0,000;12,4546;1,5416;45596477,2300;5643984,45;8,078774;13,6600;1,5252;50009260,0000;5583883,43;50009260,0000;5583883,43;13,7200;9,678;10,858;-1,065;24,536;0,577;0,293;-0,437;0,295;0,000;0,000;0,0000;0,00;;;;DHKD;N103000;T300;;099707      CHINA OVERSEAS LAND & INVESTMENT LTD;12,45465097;1,54165103;13,66000000;1,52523447;13,72000000;3661000,00000000;0,00000000;0,00000000;0,00000000;0,00000000;20251121
83;1O;00211;HK0019000162;SWIRE PACIFIC LTD. CLA;HKD;HONG KONG;111111;201;O;312741,000;0,000;0,000;0,000;70,0305;8,6738;21901420,3860;2712652,91;8,073801;67,0000;7,4810;20953647,0000;2339621,15;20953647,0000;2339621,15;68,7500;-4,327;10,927;-13,752;10,281;0,242;0,123;-2,545;0,124;0,000;0,000;0,0000;0,00;;;;DHKD;N103000;T300;;099877      SWIRE PACIFIC LTD. CLA;70,03053768;8,67380007;67,00000000;7,48101831;68,75000000;312741,00000000;0,00000000;0,00000000;0,00000000;0,00000000;20251121
83;2;00001;;LIQUIDITA';EUR;;;610;;0,000;0,000;0,000;0,000;0,0000;0,0000;0,0000;0,00;0,000000;0,0000;0,0000;0,0000;8201552,83;0,0000;8201552,83;0,0000;0,000;0,000;0,000;0,000;0,000;0,431;0,000;0,433;0,000;0,000;0,0000;0,00;2;;;;;;;;0,00000000;0,00000000;0,00000000;0,00000000;0,00000000;0,00000000;0,00000000;0,00000000;0,00000000;0,00000000;20251121
83;2;00002;;LIQUIDITA' A SCADERE;EUR;;;620;;0,000;0,000;0,000;0,000;0,0000;0,0000;0,0000;0,00;0,000000;0,0000;0,0000;0,0000;-2300525,12;0,0000;-2300525,12;0,0000;0,000;0,000;0,000;0,000;0,000;-0,121;0,000;-0,121;0,000;0,000;0,0000;0,00;3;;;;;;;;0,00000000;0,00000000;0,00000000;0,00000000;0,00000000;0,00000000;0,00000000;0,00000000;0,00000000;0,00000000;20251121
83;2;00016;;GIACENZE DI DOLLARI AUSTRALIANI      AUD;AUD;;;621;;19317371,060;0,000;0,000;0,000;0,0000;0,5755;19317371,0600;11118482,66;1,737411;0,0000;1,7881;19317371,0600;10803294,59;19317371,0600;10803294,59;0,0000;0,000;0,000;0,000;0,000;0,000;0,567;0,000;0,570;0,000;0,000;0,0000;0,00;3AUD1;;;;;;;;0,00000000;0,57556914;0,00000000;1,78810000;0,00000000;19317371,06000000;0,00000000;0,00000000;0,00000000;0,00000000;20251121
83;2;00009;;GIACENZE DI DOLLARI CANADESI         CAD;CAD;;;621;;47402861,550;0,000;0,000;0,000;0,0000;0,6706;47402861,5500;31788713,23;1,491185;0,0000;1,6250;47402861,5500;29170991,72;47402861,5500;29170991,72;0,0000;0,000;0,000;0,000;0,000;0,000;1,532;0,000;1,540;0,000;0,000;0,0000;0,00;3CAD1;;;;;;;;0,00000000;0,67060747;0,00000000;1,62500000;0,00000000;47402861,55000000;0,00000000;0,00000000;0,00000000;0,00000000;20251121
83;2;00009;;IMPEGNI IN DIVISA DOLLARI CANADESI   CAD;CAD;;;622;;110107,170;0,000;0,000;0,000;0,0000;0,6153;110107,1700;67758,26;1,625000;0,0000;1,6250;110107,1700;67758,26;110107,1700;67758,26;0,0000;0,000;0,000;0,000;0,000;0,000;0,004;0,000;0,004;0,000;0,000;0,0000;0,00;3CAD2;;;;;;;;0,00000000;0,61538462;0,00000000;1,62500000;0,00000000;110107,17000000;0,00000000;0,00000000;0,00000000;0,00000000;20251121
83;2;00007;;GIACENZE DI FRANCHI SVIZZERI         CHF;CHF;;;621;;3143908,740;0,000;0,000;0,000;0,0000;1,0729;3143908,7400;3373402,54;0,931970;0,0000;0,9304;3143908,7400;3379093,66;3143908,7400;3379093,66;0,0000;0,000;0,000;0,000;0,000;0,000;0,177;0,000;0,178;0,000;0,000;0,0000;0,00;3CHF1;;;;;;;;0,00000000;1,07299633;0,00000000;0,93040000;0,00000000;3143908,74000000;0,00000000;0,00000000;0,00000000;0,00000000;20251121
83;2;00007;;IMPEGNI IN DIVISA FRANCHI SVIZZERI   CHF;CHF;;;622;;149144,850;0,000;0,000;0,000;0,0000;1,0748;149144,8500;160301,86;0,930400;0,0000;0,9304;149144,8500;160301,86;149144,8500;160301,86;0,0000;0,000;0,000;0,000;0,000;0,000;0,008;0,000;0,008;0,000;0,000;0,0000;0,00;3CHF2;;;;;;;;0,00000000;1,07480653;0,00000000;0,93040000;0,00000000;149144,85000000;0,00000000;0,00000000;0,00000000;0,00000000;20251121
83;2;00035;;GIACENZE DI CORONA DANESE            DKK;DKK;;;621;;2370083,140;0,000;0,000;0,000;0,0000;0,1338;2370083,1400;317343,71;7,468505;0,0000;7,4690;2370083,1400;317322,69;2370083,1400;317322,69;0,0000;0,000;0,000;0,000;0,000;0,000;0,017;0,000;0,017;0,000;0,000;0,0000;0,00;3DKK1;;;;;;;;0,00000000;0,13389560;0,00000000;7,46900000;0,00000000;2370083,14000000;0,00000000;0,00000000;0,00000000;0,00000000;20251121
83;2;00035;;IMPEGNI IN DIVISA CORONA DANESE      DKK;DKK;;;622;;2244452,750;0,000;0,000;0,000;0,0000;0,1338;2244452,7500;300502,44;7,469000;0,0000;7,4690;2244452,7500;300502,44;2244452,7500;300502,44;0,0000;0,000;0,000;0,000;0,000;0,000;0,016;0,000;0,016;0,000;0,000;0,0000;0,00;3DKK2;;;;;;;;0,00000000;0,13388673;0,00000000;7,46900000;0,00000000;2244452,75000000;0,00000000;0,00000000;0,00000000;0,00000000;20251121
83;2;00006;;GIACENZE DI STERLINE INGLESI         GBP;GBP;;;621;;14685146,750;0,000;0,000;0,000;0,0000;1,1446;14685146,7500;16808811,22;0,873658;0,0000;0,8792;14685146,7500;16702851,17;14685146,7500;16702851,17;0,0000;0,000;0,000;0,000;0,000;0,000;0,877;0,000;0,882;0,000;0,000;0,0000;0,00;3GBP1;;;;;;;;0,00000000;1,14461309;0,00000000;0,87920000;0,00000000;14685146,75000000;0,00000000;0,00000000;0,00000000;0,00000000;20251121
83;2;00006;;IMPEGNI IN DIVISA STERLINE INGLESI   LST;GBP;;;622;;-36919,720;0,000;0,000;0,000;0,0000;1,1373;-36919,7200;-41992,40;0,879200;0,0000;0,8792;-36919,7200;-41992,40;-36919,7200;-41992,40;0,0000;0,000;0,000;0,000;0,000;0,000;-0,002;0,000;-0,002;0,000;0,000;0,0000;0,00;3GBP2;;;;;;;;0,00000000;1,13739757;0,00000000;0,87920000;0,00000000;-36919,72000000;0,00000000;0,00000000;0,00000000;0,00000000;20251121
83;2;00014;;GIACENZE DI HONG KONG DOLLAR         HKD;HKD;;;621;;4010211,570;0,000;0,000;0,000;0,0000;0,1125;4010211,5700;451189,16;8,888094;0,0000;8,9560;4010211,5700;447768,15;4010211,5700;447768,15;0,0000;0,000;0,000;0,000;0,000;0,000;0,024;0,000;0,024;0,000;0,000;0,0000;0,00;3HKD1;;;;;;;;0,00000000;0,11251006;0,00000000;8,95600000;0,00000000;4010211,57000000;0,00000000;0,00000000;0,00000000;0,00000000;20251121
83;2;00008;;GIACENZE DI YEN GIAPPONESI           JPY;JPY;;;621;;732687418,000;0,000;0,000;0,000;0,0000;0,0055;732687418,0000;4063529,60;180,308129;0,0000;180,1025;732687418,0000;4068169,06;732687418,0000;4068169,06;0,0000;0,000;0,000;0,000;0,000;0,000;0,214;0,000;0,215;0,000;0,000;0,0000;0,00;3JPY1;;;;;;;;0,00000000;0,00554606;0,00000000;180,10250000;0,00000000;732687418,00000000;0,00000000;0,00000000;0,00000000;0,00000000;20251121
83;2;00008;;IMPEGNI IN DIVISA YEN GIAPPONESI     JPY;JPY;;;622;;-244671908,000;0,000;0,000;0,000;0,0000;0,0055;-244671908,0000;-1346057,38;181,769300;0,0000;180,1025;-244671908,0000;-1358514,78;-244671908,0000;-1358514,78;0,0000;0,000;0,000;0,000;0,000;0,000;-0,071;0,000;-0,072;0,000;0,000;0,0000;0,00;3JPY2;;;;;;;;0,00000000;0,00550147;0,00000000;180,10250000;0,00000000;-244671908,00000000;0,00000000;0,00000000;0,00000000;0,00000000;20251121
83;2;00031;;GIACENZE DI CORONA NORVEGESE         NOK;NOK;;;621;;2460367,030;0,000;0,000;0,000;0,0000;0,0850;2460367,0300;209322,07;11,753978;0,0000;11,8258;2460367,0300;208050,79;2460367,0300;208050,79;0,0000;0,000;0,000;0,000;0,000;0,000;0,011;0,000;0,011;0,000;0,000;0,0000;0,00;3NOK1;;;;;;;;0,00000000;0,08507757;0,00000000;11,82580000;0,00000000;2460367,03000000;0,00000000;0,00000000;0,00000000;0,00000000;20251121
83;2;00031;;IMPEGNI IN DIVISA CORONA NORVEGESE   NOK;NOK;;;622;;862921,860;0,000;0,000;0,000;0,0000;0,0845;862921,8600;72969,43;11,825800;0,0000;11,8258;862921,8600;72969,43;862921,8600;72969,43;0,0000;0,000;0,000;0,000;0,000;0,000;0,004;0,000;0,004;0,000;0,000;0,0000;0,00;3NOK2;;;;;;;;0,00000000;0,08456087;0,00000000;11,82580000;0,00000000;862921,86000000;0,00000000;0,00000000;0,00000000;0,00000000;20251121
83;2;00011;;GIACENZE DI CORONE SVEDESI           SEK;SEK;;;621;;1704239,600;0,000;0,000;0,000;0,0000;0,0911;1704239,6000;155411,40;10,965988;0,0000;11,0245;1704239,6000;154586,57;1704239,6000;154586,57;0,0000;0,000;0,000;0,000;0,000;0,000;0,008;0,000;0,008;0,000;0,000;0,0000;0,00;3SEK1;;;;;;;;0,00000000;0,09119105;0,00000000;11,02450000;0,00000000;1704239,60000000;0,00000000;0,00000000;0,00000000;0,00000000;20251121
83;2;00011;;IMPEGNI IN DIVISA CORONE SVEDESI     SEK;SEK;;;622;;44715,880;0,000;0,000;0,000;0,0000;0,1127;44715,8800;5043,31;8,866375;0,0000;11,0245;44715,8800;4056,05;44715,8800;4056,05;0,0000;0,000;0,000;0,000;0,000;0,000;0,000;0,000;0,000;0,000;0,000;0,0000;0,00;3SEK2;;;;;;;;0,00000000;0,11278565;0,00000000;11,02450000;0,00000000;44715,88000000;0,00000000;0,00000000;0,00000000;0,00000000;20251121
83;2;00022;;GIACENZE DI DOLLARI SINGAPORE        SGD;SGD;;;621;;6801972,450;0,000;0,000;0,000;0,0000;0,7074;6801972,4500;4812365,88;1,413436;0,0000;1,5055;6801972,4500;4518082,00;6801972,4500;4518082,00;0,0000;0,000;0,000;0,000;0,000;0,000;0,237;0,000;0,239;0,000;0,000;0,0000;0,00;3SGD1;;;;;;;;0,00000000;0,70749564;0,00000000;1,50550000;0,00000000;6801972,45000000;0,00000000;0,00000000;0,00000000;0,00000000;20251121
83;2;00001;;GIACENZE DI DOLLARI USA              USD;USD;;;621;;21787992,290;0,000;0,000;0,000;0,0000;0,8657;21787992,2900;18862678,36;1,155085;0,0000;1,1503;21787992,2900;18941139,09;21787992,2900;18941139,09;0,0000;0,000;0,000;0,000;0,000;0,000;0,995;0,000;1,000;0,000;0,000;0,0000;0,00;3USD1;;;;;;;;0,00000000;0,86573733;0,00000000;1,15030000;0,00000000;21787992,29000000;0,00000000;0,00000000;0,00000000;0,00000000;20251121
83;2;00001;;IMPEGNI IN DIVISA DOLLARI USA        USD;USD;;;622;;-9770535,890;0,000;0,000;0,000;0,0000;0,8693;-9770535,8900;-8493902,39;1,150300;0,0000;1,1503;-9770535,8900;-8493902,36;-9770535,8900;-8493902,36;0,0000;0,000;0,000;0,000;0,000;0,000;-0,446;0,000;-0,448;0,000;0,000;0,0000;0,00;3USD2;;;;;;;;0,00000000;0,86933843;0,00000000;1,15030000;0,00000000;-9770535,89000000;0,00000000;0,00000000;0,00000000;0,00000000;20251121
83;4;;;DIRITTI MATURATI NON RISCOSSI;;;;700;;0,000;0,000;0,000;0,000;0,0000;0,0000;0,0000;0,00;0,000000;0,0000;0,0000;0,0000;7802268,85;0,0000;1575643,71;0,0000;0,000;0,000;0,000;0,000;0,000;0,410;0,000;0,412;0,000;0,000;0,0000;0,00;;;;;;;;;0,00000000;0,00000000;0,00000000;0,00000000;0,00000000;0,00000000;0,00000000;0,00000000;0,00000000;0,00000000;20251121
83;5;;;DEPOSITI MARGINI INIZ.FUTURES;;;;8;;0,000;0,000;0,000;0,000;0,0000;0,0000;0,0000;0,00;0,000000;0,0000;0,0000;0,0000;0,00;0,0000;0,00;0,0000;0,000;0,000;0,000;0,000;0,000;0,000;0,000;0,000;0,000;0,000;0,0000;0,00;;;;;;;;;0,00000000;0,00000000;0,00000000;0,00000000;0,00000000;0,00000000;0,00000000;0,00000000;0,00000000;0,00000000;20251121
83;5;;;MARGINI DI VARIAZIONE FUTURES;;;;8;;0,000;0,000;0,000;0,000;0,0000;0,0000;0,0000;0,00;0,000000;0,0000;0,0000;0,0000;0,00;0,0000;0,00;0,0000;0,000;0,000;0,000;0,000;0,000;0,000;0,000;0,000;0,000;0,000;0,0000;0,00;;;;;;;;;0,00000000;0,00000000;0,00000000;0,00000000;0,00000000;0,00000000;0,00000000;0,00000000;0,00000000;0,00000000;20251121
83;5;;;DEPOSITI BANCARI;;;;8;;0,000;0,000;0,000;0,000;0,0000;0,0000;0,0000;0,00;0,000000;0,0000;0,0000;0,0000;0,00;0,0000;0,00;0,0000;0,000;0,000;0,000;0,000;0,000;0,000;0,000;0,000;0,000;0,000;0,0000;0,00;;;;;;;;;0,00000000;0,00000000;0,00000000;0,00000000;0,00000000;0,00000000;0,00000000;0,00000000;0,00000000;0,00000000;20251121
83;9;;;RIMBORSI DA REGOLARE;;;;;;0,000;0,000;0,000;0,000;0,0000;0,0000;0,0000;0,00;0,000000;0,0000;0,0000;0,0000;-5074417,45;0,0000;-5074417,45;0,0000;0,000;0,000;0,000;0,000;0,000;0,000;0,000;0,000;0,000;0,000;0,0000;0,00;;;;;;;;;0,00000000;0,00000000;0,00000000;0,00000000;0,00000000;0,00000000;0,00000000;0,00000000;0,00000000;0,00000000;20251121
88;1I;63384;AT0000A3MUA7;AUSTRIAN T-BILL ZC 2025-27/11/2025;EUR;VIENNA;008000;100;I;17000000,000;0,000;0,000;0,000;99,5065;99,5065;16916118,9400;16916118,94;0,000000;99,9850;99,9850;16918177,1100;16918177,11;16997450,0000;16997450,00;99,9840;0,012;0,000;0,012;14,487;58,539;2,870;0,001;2,887;0,000;0,000;79272,8900;79272,89;;;;DEUR;N008000;T100;;097130      AUSTRIAN T-BILL ZC 2025-27/11/2025;99,50658200;99,50658200;99,98500000;99,98500000;99,98400000;17000000,00000000;0,00000000;0,00000000;0,00000000;0,00000000;20251121
88;1I;63661;AT0000A3MUC3;AUSTRIAN T-BILL ZC   2025-26/03/2026;EUR;VIENNA;008000;100;I;9000000,000;0,000;0,000;0,000;99,0233;99,0233;8912101,8300;8912101,83;0,000000;99,3810;99,3810;8916131,0000;8916131,00;8944290,0000;8944290,00;99,3810;0,045;0,000;0,045;7,623;30,804;1,513;0,000;1,522;0,000;0,000;28159,0000;28159,00;;;;DEUR;N008000;T100;;098487      AUSTRIAN T-BILL ZC   2025-26/03/2026;99,02335370;99,02335370;99,38100000;99,38100000;99,38100000;9000000,00000000;0,00000000;0,00000000;0,00000000;0,00000000;20251121
88;1I;06036;AT0000937503;VOEST ALPINE AG;EUR;VIENNA;008000;201;I;90270,000;0,000;0,000;0,000;20,8793;20,8793;1884782,8100;1884782,81;0,000000;34,2800;34,2800;3094455,6000;3094455,60;3094455,6000;3094455,60;34,9200;64,181;0,000;64,181;2,637;10,657;0,525;-1,833;0,528;0,000;0,000;0,0000;0,00;;;;DEUR;N008000;T300;;099475      VOEST ALPINE AG;20,87939304;20,87939304;34,28000000;34,28000000;34,92000000;90270,00000000;0,00000000;0,00000000;0,00000000;0,00000000;20251121
88;1I;27230;BE0974293251;ANHEUSER-BUSCH INBEV;EUR;BRUXELLES;009000;201;I;50405,000;0,000;0,000;0,000;50,6805;50,6805;2554554,8200;2554554,82;0,000000;54,4000;54,4000;2742032,0000;2742032,00;2742032,0000;2742032,00;52,8400;7,339;0,000;7,339;2,337;100,000;0,465;2,952;0,468;0,000;0,000;0,0000;0,00;;;;DEUR;N009000;T300;;099535      ANHEUSER-BUSCH INBEV;50,68058367;50,68058367;54,40000000;54,40000000;52,84000000;50405,00000000;0,00000000;0,00000000;0,00000000;0,00000000;20251121
88;1I;08457;FI0009000681;NOKIA OYJ;EUR;HELSINKI;028000;201;I;601033,000;0,000;0,000;0,000;5,0054;5,0054;3008436,4800;3008436,48;0,000000;5,1300;5,1300;3083299,2900;3083299,29;3083299,2900;3083299,29;5,2000;2,488;0,000;2,488;2,628;100,000;0,523;-1,346;0,526;0,000;0,000;0,0000;0,00;;;;DEUR;N028000;T300;;099477      NOKIA OYJ;5,00544309;5,00544309;5,13000000;5,13000000;5,20000000;601033,00000000;0,00000000;0,00000000;0,00000000;0,00000000;20251121
88;1I;08436;FR0000120321;L'OREAL;EUR;PARIGI;029000;201;I;10627,000;0,000;0,000;0,000;395,0151;395,0151;4197826,1600;4197826,16;0,000000;361,5000;361,5000;3841660,5000;3841660,50;3841660,5000;3841660,50;352,1500;-8,485;0,000;-8,485;3,274;28,928;0,652;2,655;0,656;0,000;0,000;0,0000;0,00;;;;DEUR;N029000;T300;;099348      L'OREAL;395,01516514;395,01516514;361,50000000;361,50000000;352,15000000;10627,00000000;0,00000000;0,00000000;0,00000000;0,00000000;20251121
88;1I;33385;FR0013154002;SARTORIUS STEDIM BIOTECH;EUR;PARIGI;029000;201;I;18904,000;0,000;0,000;0,000;177,6985;177,6985;3359213,7600;3359213,76;0,000000;190,0000;190,0000;3591760,0000;3591760,00;3591760,0000;3591760,00;186,2000;6,923;0,000;6,923;3,061;27,046;0,609;2,041;0,613;0,000;0,000;0,0000;0,00;;;;DEUR;N029000;T300;;099391      SARTORIUS STEDIM BIOTECH;177,69856961;177,69856961;190,00000000;190,00000000;186,20000000;18904,00000000;0,00000000;0,00000000;0,00000000;0,00000000;20251121
88;1I;01606;FR0000121667;ESSILOR LUXOTTICA;EUR;PARIGI;029000;201;I;8313,000;0,000;0,000;0,000;258,3007;258,3007;2147254,2600;2147254,26;0,000000;306,0000;306,0000;2543778,0000;2543778,00;2543778,0000;2543778,00;311,2000;18,467;0,000;18,467;2,168;19,155;0,432;-1,671;0,434;0,000;0,000;0,0000;0,00;;;;DEUR;N029000;T300;;099568      ESSILOR LUXOTTICA;258,30076506;258,30076506;306,00000000;306,00000000;311,20000000;8313,00000000;0,00000000;0,00000000;0,00000000;0,00000000;20251121
88;1I;14112;FR0010451203;REXEL SA;EUR;PARIGI;029000;201;I;55394,000;0,000;0,000;0,000;25,7792;25,7792;1428014,5900;1428014,59;0,000000;30,8100;30,8100;1706689,1400;1706689,14;1706689,1400;1706689,14;30,9100;19,515;0,000;19,515;1,455;12,852;0,290;-0,324;0,291;0,000;0,000;0,0000;0,00;;;;DEUR;N029000;T300;;099710      REXEL SA;25,77922861;25,77922861;30,81000000;30,81000000;30,91000000;55394,00000000;0,00000000;0,00000000;0,00000000;0,00000000;20251121
88;1I;06469;FR0010307819;LEGRAND PROMESSES;EUR;PARIGI;029000;201;I;12583,000;0,000;0,000;0,000;131,4486;131,4486;1654017,7400;1654017,74;0,000000;126,8500;126,8500;1596153,5500;1596153,55;1596153,5500;1596153,55;129,6000;-3,498;0,000;-3,498;1,360;12,019;0,271;-2,122;0,272;0,000;0,000;0,0000;0,00;;;;DEUR;N029000;T300;;099729      LEGRAND PROMESSES;131,44860049;131,44860049;126,85000000;126,85000000;129,60000000;12583,00000000;0,00000000;0,00000000;0,00000000;0,00000000;20251121
88;1I;14500;NL0010273215;ASML HLDG NV NEW;EUR;AMSTERDAM;050000;201;I;7412,000;0,000;0,000;0,000;728,5363;728,5363;5399911,6400;5399911,64;0,000000;834,0000;834,0000;6181608,0000;6181608,00;6181608,0000;6181608,00;889,8000;14,476;0,000;14,476;5,269;32,774;1,049;-6,271;1,055;0,000;0,000;0,0000;0,00;;;;DEUR;N050000;T300;;098951      ASML HLDG NV NEW;728,53637884;728,53637884;834,00000000;834,00000000;889,80000000;7412,00000000;0,00000000;0,00000000;0,00000000;0,00000000;20251121
88;1I;35896;NL0013654783;PROSUS;EUR;AMSTERDAM;050000;201;I;58281,000;0,000;0,000;0,000;42,6594;42,6594;2486233,1000;2486233,10;0,000000;56,6200;56,6200;3299870,2200;3299870,22;3299870,2200;3299870,22;57,4500;32,726;0,000;32,726;2,813;17,496;0,560;-1,445;0,563;0,000;0,000;0,0000;0,00;;;;DEUR;N050000;T300;;099440      PROSUS;42,65941044;42,65941044;56,62000000;56,62000000;57,45000000;58281,00000000;0,00000000;0,00000000;0,00000000;0,00000000;20251121
88;1I;27009;NL0010801007;IMCD GROUP NV;EUR;AMSTERDAM;050000;201;I;41958,000;0,000;0,000;0,000;127,4173;127,4173;5346176,3600;5346176,36;0,000000;77,5000;77,5000;3251745,0000;3251745,00;3251745,0000;3251745,00;75,9600;-39,176;0,000;-39,176;2,772;17,240;0,552;2,027;0,555;0,000;0,000;0,0000;0,00;;;;DEUR;N050000;T300;;099448      IMCD GROUP NV;127,41733066;127,41733066;77,50000000;77,50000000;75,96000000;41958,00000000;0,00000000;0,00000000;0,00000000;0,00000000;20251121
88;1I;01895;NL0000226223;STMICROELECTRONICS - MILANO;EUR;MILANO;050000;201;I;152595,000;0,000;0,000;0,000;24,5242;24,5242;3742271,6200;3742271,62;0,000000;18,8040;18,8040;2869396,3800;2869396,38;2869396,3800;2869396,38;18,9400;-23,325;0,000;-23,325;2,446;15,213;0,487;-0,718;0,490;0,000;0,000;0,0000;0,00;;;;DEUR;N050000;T300;;099513      STMICROELECTRONICS - MILANO;24,52420865;24,52420865;18,80400000;18,80400000;18,94000000;152595,00000000;0,00000000;0,00000000;0,00000000;0,00000000;20251121
88;1I;48620;NL0015001KT6;BREMBO N.V.;EUR;MILANO;050000;201;I;229261,000;0,000;0,000;0,000;9,0447;9,0447;2073600,9100;2073600,91;0,000000;8,9400;8,9400;2049593,3400;2049593,34;2049593,3400;2049593,34;8,8850;-1,158;0,000;-1,158;1,747;10,867;0,348;0,619;0,350;0,000;0,000;0,0000;0,00;;;;DEUR;N050000;T300;;099652      BREMBO N.V.;9,04471720;9,04471720;8,94000000;8,94000000;8,88500000;229261,00000000;0,00000000;0,00000000;0,00000000;0,00000000;20251121
88;1I;38577;NL0012866412;BE SEMICONDUCTOR INDS-ORD SHS;EUR;AMSTERDAM;050000;201;I;6361,000;0,000;0,000;0,000;144,0069;144,0069;916028,4500;916028,45;0,000000;122,8000;122,8000;781130,8000;781130,80;781130,8000;781130,80;130,0500;-14,726;0,000;-14,726;0,666;4,141;0,133;-5,575;0,133;0,000;0,000;0,0000;0,00;;;;DEUR;N050000;T300;;099867      BE SEMICONDUCTOR INDS-ORD SHS;144,00698789;144,00698789;122,80000000;122,80000000;130,05000000;6361,00000000;0,00000000;0,00000000;0,00000000;0,00000000;20251121
88;1I;40120;NL0010583399;CORBION-ORD SHS;EUR;AMSTERDAM;050000;201;I;23754,000;0,000;0,000;0,000;21,3086;21,3086;506165,7700;506165,77;0,000000;18,0100;18,0100;427809,5400;427809,54;427809,5400;427809,54;18,1500;-15,480;0,000;-15,480;0,365;2,268;0,073;-0,771;0,073;0,000;0,000;0,0000;0,00;;;;DEUR;N050000;T300;;099927      CORBION-ORD SHS;21,30865412;21,30865412;18,01000000;18,01000000;18,15000000;23754,00000000;0,00000000;0,00000000;0,00000000;0,00000000;20251121
88;1I;02400;PTEDP0AM0009;ENERGIAS DE PORTUGAL SA;EUR;LISBONA;055000;201;I;72470,000;0,000;0,000;0,000;3,1197;3,1197;226089,1400;226089,14;0,000000;3,7600;3,7600;272487,2000;272487,20;272487,2000;272487,20;3,7790;20,522;0,000;20,522;0,232;100,000;0,046;-0,503;0,046;0,000;0,000;0,0000;0,00;;;;DEUR;N055000;T300;;099954      ENERGIAS DE PORTUGAL SA;3,11976183;3,11976183;3,76000000;3,76000000;3,77900000;72470,00000000;0,00000000;0,00000000;0,00000000;0,00000000;20251121
88;1I;23311;ES0105025003;MERLIN PROPERTIES SOCIMI SA;EUR;MADRID;067000;201;I;67814,000;0,000;0,000;0,000;10,2413;10,2413;694505,8500;694505,85;0,000000;12,3700;12,3700;838859,1800;838859,18;838859,1800;838859,18;12,5800;20,785;0,000;20,785;0,715;100,000;0,142;-1,669;0,143;0,000;0,000;0,0000;0,00;;;;DEUR;N067000;T300;;099858      MERLIN PROPERTIES SOCIMI SA;10,24133438;10,24133438;12,37000000;12,37000000;12,58000000;67814,00000000;0,00000000;0,00000000;0,00000000;0,00000000;20251121
88;1I;36841;LU2052491334;MULTILABEL ETICA ESG GLOBAL EQUITY;EUR;LUXEMBOURG;092000;223;I;37106,669;0,000;0,000;0,000;140,2299;140,2299;5203468,1900;5203468,19;0,000000;139,5000;139,5000;5176380,3300;5176380,33;5176380,3300;5176380,33;140,4900;-0,521;0,000;-0,521;4,412;38,745;0,878;-0,705;0,883;0,000;0,000;0,0000;0,00;;;;DEUR;N092000;T300;;099122      MULTILABEL ETICA ESG GLOBAL EQUITY;140,22999989;140,22999989;139,50000000;139,50000000;140,49000000;37106,66900000;0,00000000;0,00000000;0,00000000;0,00000000;20251121
88;1I;36843;LU2052490872;MULTILABEL ETICA ESG DYNAMIC ALLOCATION;EUR;LUXEMBOURG;092000;223;I;36953,094;0,000;0,000;0,000;121,7399;121,7399;4498669,6600;4498669,66;0,000000;121,8700;121,8700;4503473,5700;4503473,57;4503473,5700;4503473,57;122,5000;0,107;0,000;0,107;3,838;33,708;0,764;-0,514;0,769;0,000;0,000;0,0000;0,00;;;;DEUR;N092000;T300;;099236      MULTILABEL ETICA ESG DYNAMIC ALLOCATION;121,73999990;121,73999990;121,87000000;121,87000000;122,50000000;36953,09400000;0,00000000;0,00000000;0,00000000;0,00000000;20251121
88;1I;36842;LU2052490286;MULTILABEL ETICA ESG CONSERVATIVE ALLOC;EUR;LUXEMBOURG;092000;223;I;37206,072;0,000;0,000;0,000;98,1699;98,1699;3652520,0800;3652520,08;0,000000;98,9200;98,9200;3680424,6400;3680424,64;3680424,6400;3680424,64;99,0700;0,764;0,000;0,764;3,137;27,548;0,624;-0,151;0,628;0,000;0,000;0,0000;0,00;;;;DEUR;N092000;T300;;099376      MULTILABEL ETICA ESG CONSERVATIVE ALLOC;98,16999977;98,16999977;98,92000000;98,92000000;99,07000000;37206,07200000;0,00000000;0,00000000;0,00000000;0,00000000;20251121
88;1I;33682;DE000KBX1006;KNORR-BREMSE AG;EUR;NEUERMKT;094000;201;I;43287,000;0,000;0,000;0,000;83,0691;83,0691;3595816,0700;3595816,07;0,000000;83,6000;83,6000;3618793,2000;3618793,20;3618793,2000;3618793,20;83,3000;0,639;0,000;0,639;3,084;24,289;0,614;0,360;0,618;0,000;0,000;0,0000;0,00;;;;DEUR;N094000;T300;;099386      KNORR-BREMSE AG;83,06919098;83,06919098;83,60000000;83,60000000;83,30000000;43287,00000000;0,00000000;0,00000000;0,00000000;0,00000000;20251121
88;1I;08512;DE0007164600;SAP SE;EUR;NEUERMKT;094000;201;I;15239,000;0,000;0,000;0,000;247,3507;247,3507;3769377,5100;3769377,51;0,000000;205,0000;205,0000;3123995,0000;3123995,00;3123995,0000;3123995,00;206,6000;-17,122;0,000;-17,122;2,663;20,968;0,530;-0,774;0,533;0,000;0,000;0,0000;0,00;;;;DEUR;N094000;T300;;099470      SAP SE;247,35071264;247,35071264;205,00000000;205,00000000;206,60000000;15239,00000000;0,00000000;0,00000000;0,00000000;0,00000000;20251121
88;1I;24199;DE000ZAL1111;ZALANDO-ORD SHS;EUR;NEUERMKT;094000;201;I;134414,000;0,000;0,000;0,000;26,8528;26,8528;3609397,5700;3609397,57;0,000000;22,1400;22,1400;2975925,9600;2975925,96;2975925,9600;2975925,96;22,6100;-17,551;0,000;-17,551;2,536;19,974;0,505;-2,079;0,508;0,000;0,000;0,0000;0,00;;;;DEUR;N094000;T300;;099495      ZALANDO-ORD SHS;26,85283951;26,85283951;22,14000000;22,14000000;22,61000000;134414,00000000;0,00000000;0,00000000;0,00000000;0,00000000;20251121
88;1I;19412;DE000A1ML7J1;VONOVIA SE;EUR;NEUERMKT;094000;201;I;102558,000;0,000;0,000;0,000;27,2708;27,2708;2796845,2400;2796845,24;0,000000;26,0500;26,0500;2671635,9000;2671635,90;2671635,9000;2671635,90;25,9000;-4,477;0,000;-4,477;2,277;17,932;0,453;0,579;0,456;0,000;0,000;0,0000;0,00;;;;DEUR;N094000;T300;;099547      VONOVIA SE;27,27086370;27,27086370;26,05000000;26,05000000;25,90000000;102558,00000000;0,00000000;0,00000000;0,00000000;0,00000000;20251121
88;1I;08529;DE0005557508;DEUTSCHE TELEKOM - NOMINATIVE;EUR;NEUERMKT;094000;201;I;89962,000;0,000;0,000;0,000;31,6581;31,6581;2848031,7800;2848031,78;0,000000;27,6200;27,6200;2484750,4400;2484750,44;2484750,4400;2484750,44;27,0800;-12,756;0,000;-12,756;2,118;16,678;0,422;1,994;0,424;0,000;0,000;0,0000;0,00;;;;DEUR;N094000;T300;;099578      DEUTSCHE TELEKOM - NOMINATIVE;31,65816433;31,65816433;27,62000000;27,62000000;27,08000000;89962,00000000;0,00000000;0,00000000;0,00000000;0,00000000;20251121
88;1I;17956;DE0005570808;UMWELTBANK AG;EUR;NEUERMKT;094000;201;I;6507,000;0,000;0,000;0,000;6,1000;6,1000;39692,7000;39692,70;0,000000;3,6200;3,6200;23555,3400;23555,34;23555,3400;23555,34;3,6300;-40,656;0,000;-40,656;0,020;0,158;0,004;-0,275;0,004;0,000;0,000;0,0000;0,00;;;;DEUR;N094000;T300;;099996      UMWELTBANK AG;6,10000000;6,10000000;3,62000000;3,62000000;3,63000000;6507,00000000;0,00000000;0,00000000;0,00000000;0,00000000;20251121
88;1I;17410;IT0004965148;MONCLER SPA;EUR;MILANO;086000;201;I;114627,000;0,000;0,000;0,000;54,8318;54,8318;6285205,9600;6285205,96;0,000000;56,2200;56,2200;6444329,9400;6444329,94;6444329,9400;6444329,94;56,5000;2,532;0,000;2,532;5,493;30,755;1,093;-0,496;1,100;0,000;0,000;0,0000;0,00;;;;DEUR;N111111;T300;;098907      MONCLER SPA;54,83181065;54,83181065;56,22000000;56,22000000;56,50000000;114627,00000000;0,00000000;0,00000000;0,00000000;0,00000000;20251121
88;1I;03565;IT0003497168;TELECOM ITALIA SPA ORD.;EUR;MILANO;086000;201;I;11008456,000;0,000;0,000;0,000;0,2571;0,2571;2831062,0200;2831062,02;0,000000;0,4867;0,4867;5357815,5400;5357815,54;5357815,5400;5357815,54;0,4898;89,251;0,000;89,251;4,567;25,570;0,909;-0,633;0,914;0,000;0,000;0,0000;0,00;;;;DEUR;N111111;T300;;099091      TELECOM ITALIA SPA ORD.;0,25717158;0,25717158;0,48670000;0,48670000;0,48980000;11008456,00000000;0,00000000;0,00000000;0,00000000;0,00000000;20251121
88;1I;08531;IT0001078911;INTERPUMP GROUP;EUR;MILANO;086000;201;I;52606,000;0,000;0,000;0,000;40,2381;40,2381;2116766,1200;2116766,12;0,000000;41,7400;41,7400;2195774,4400;2195774,44;2195774,4400;2195774,44;41,8400;3,733;0,000;3,733;1,872;10,479;0,373;-0,239;0,375;0,000;0,000;0,0000;0,00;;;;DEUR;N111111;T300;;099627      INTERPUMP GROUP;40,23811200;40,23811200;41,74000000;41,74000000;41,84000000;52606,00000000;0,00000000;0,00000000;0,00000000;0,00000000;20251121
88;1I;08544;IT0001157020;ERG ORD.;EUR;MILANO;086000;201;I;70118,000;0,000;0,000;0,000;19,6258;19,6258;1376122,3700;1376122,37;0,000000;21,5600;21,5600;1511744,0800;1511744,08;1511744,0800;1511744,08;22,0200;9,855;0,000;9,855;1,288;7,215;0,256;-2,089;0,258;0,000;0,000;0,0000;0,00;;;;DEUR;N111111;T300;;099744      ERG ORD.;19,62580749;19,62580749;21,56000000;21,56000000;22,02000000;70118,00000000;0,00000000;0,00000000;0,00000000;0,00000000;20251121
88;1I;34530;IT0005366767;NEXI SPA;EUR;MILANO;086000;201;I;228820,000;0,000;0,000;0,000;5,2834;5,2834;1208968,5000;1208968,50;0,000000;3,7920;3,7920;867685,4400;867685,44;867685,4400;867685,44;3,7400;-28,229;0,000;-28,229;0,740;4,141;0,147;1,390;0,148;0,000;0,000;0,0000;0,00;;;;DEUR;N111111;T300;;099853      NEXI SPA;5,28349139;5,28349139;3,79200000;3,79200000;3,74000000;228820,00000000;0,00000000;0,00000000;0,00000000;0,00000000;20251121
88;1I;25525;IT0005162406;TECHNOGYM  SPA;EUR;MILANO;086000;201;I;45998,000;0,000;0,000;0,000;10,6665;10,6665;490641,8800;490641,88;0,000000;15,6100;15,6100;718028,7800;718028,78;718028,7800;718028,78;15,7000;46,345;0,000;46,345;0,612;3,427;0,122;-0,573;0,123;0,000;0,000;0,0000;0,00;;;;DEUR;N111111;T300;;099878      TECHNOGYM  SPA;10,66659159;10,66659159;15,61000000;15,61000000;15,70000000;45998,00000000;0,00000000;0,00000000;0,00000000;0,00000000;20251121
88;1I;19402;IT0005054967;RAI WAY SPA;EUR;MILANO;086000;201;I;120782,000;0,000;0,000;0,000;5,5161;5,5161;666249,7300;666249,73;0,000000;5,5000;5,5000;664301,0000;664301,00;664301,0000;664301,00;5,5000;-0,292;0,000;-0,292;0,566;3,170;0,113;0,000;0,113;0,000;0,000;0,0000;0,00;;;;DEUR;N111111;T300;;099887      RAI WAY SPA;5,51613427;5,51613427;5,50000000;5,50000000;5,50000000;120782,00000000;0,00000000;0,00000000;0,00000000;0,00000000;20251121
88;1I;07862;IT0003492391;DIASORIN;EUR;MILANO;086000;201;I;10972,000;0,000;0,000;0,000;98,0543;98,0543;1075851,8000;1075851,80;0,000000;59,5400;59,5400;653272,8800;653272,88;653272,8800;653272,88;58,8000;-39,279;0,000;-39,279;0,557;3,118;0,111;1,259;0,111;0,000;0,000;0,0000;0,00;;;;DEUR;N111111;T300;;099889      DIASORIN;98,05430185;98,05430185;59,54000000;59,54000000;58,80000000;10972,00000000;0,00000000;0,00000000;0,00000000;0,00000000;20251121
88;1I;08569;IT0001206769;SOL SPA;EUR;MILANO;086000;201;I;13354,000;0,000;0,000;0,000;37,6964;37,6964;503398,7700;503398,77;0,000000;48,7000;48,7000;650339,8000;650339,80;650339,8000;650339,80;48,3500;29,190;0,000;29,190;0,554;3,104;0,110;0,724;0,111;0,000;0,000;0,0000;0,00;;;;DEUR;N111111;T300;;099890      SOL SPA;37,69647820;37,69647820;48,70000000;48,70000000;48,35000000;13354,00000000;0,00000000;0,00000000;0,00000000;0,00000000;20251121
88;1I;04321;IT0003242622;TERNA SPA;EUR;MILANO;086000;201;I;47502,000;0,000;0,000;0,000;7,6778;7,6778;364715,1900;364715,19;0,000000;9,1760;9,1760;435878,3500;435878,35;435878,3500;435878,35;9,1020;19,512;0,000;19,512;0,372;2,080;0,074;0,813;0,074;0,000;0,000;0,0000;0,00;;;;DEUR;N111111;T300;;099926      TERNA SPA;7,67789124;7,67789124;9,17600000;9,17600000;9,10200000;47502,00000000;0,00000000;0,00000000;0,00000000;0,00000000;20251121
88;1I;06568;IT0004056880;AMPLIFON NEW;EUR;MILANO;086000;201;I;25945,000;0,000;0,000;0,000;20,8880;20,8880;541940,4900;541940,49;0,000000;13,2050;13,2050;342603,7300;342603,73;342603,7300;342603,73;12,9500;-36,782;0,000;-36,782;0,292;1,635;0,058;1,969;0,058;0,000;0,000;0,0000;0,00;;;;DEUR;N111111;T300;;099942      AMPLIFON NEW;20,88805126;20,88805126;13,20500000;13,20500000;12,95000000;25945,00000000;0,00000000;0,00000000;0,00000000;0,00000000;20251121
88;1I;23184;IT0005090300;INFRASTRUTTURE WIRELESS ITAL;EUR;MILANO;086000;201;I;38945,000;0,000;0,000;0,000;9,7711;9,7711;380538,3500;380538,35;0,000000;7,8950;7,8950;307470,7800;307470,78;307470,7800;307470,78;7,7450;-19,201;0,000;-19,201;0,262;1,467;0,052;1,937;0,052;0,000;0,000;0,0000;0,00;;;;DEUR;N111111;T300;;099948      INFRASTRUTTURE WIRELESS ITAL;9,77117345;9,77117345;7,89500000;7,89500000;7,74500000;38945,00000000;0,00000000;0,00000000;0,00000000;0,00000000;20251121
88;1I;03436;IT0001250932;HERA SPA;EUR;MILANO;086000;201;I;70286,000;0,000;0,000;0,000;3,4569;3,4569;242974,3600;242974,36;0,000000;4,1180;4,1180;289437,7500;289437,75;289437,7500;289437,75;4,2080;19,123;0,000;19,123;0,247;1,381;0,049;-2,139;0,049;0,000;0,000;0,0000;0,00;;;;DEUR;N111111;T300;;099951      HERA SPA;3,45693822;3,45693822;4,11800000;4,11800000;4,20800000;70286,00000000;0,00000000;0,00000000;0,00000000;0,00000000;20251121
88;1I;07639;IT0004176001;PRYSMIAN SPA;EUR;MILANO;086000;201;I;3093,000;0,000;0,000;0,000;62,5587;62,5587;193494,2600;193494,26;0,000000;80,8000;80,8000;249914,4000;249914,40;249914,4000;249914,40;84,2800;29,159;0,000;29,159;0,213;1,193;0,042;-4,129;0,043;0,000;0,000;0,0000;0,00;;;;DEUR;N111111;T300;;099958      PRYSMIAN SPA;62,55876495;62,55876495;80,80000000;80,80000000;84,28000000;3093,00000000;0,00000000;0,00000000;0,00000000;0,00000000;20251121
88;1I;08573;IT0001233417;A2A SPA;EUR;MILANO;086000;201;I;77352,000;0,000;0,000;0,000;2,1438;2,1438;165830,2700;165830,27;0,000000;2,3570;2,3570;182318,6600;182318,66;182318,6600;182318,66;2,3970;9,943;0,000;9,943;0,155;0,870;0,031;-1,669;0,031;0,000;0,000;0,0000;0,00;;;;DEUR;N111111;T300;;099969      A2A SPA;2,14383946;2,14383946;2,35700000;2,35700000;2,39700000;77352,00000000;0,00000000;0,00000000;0,00000000;0,00000000;20251121
88;1I;30238;IT0005278236;PIRELLI & C SPA;EUR;MILANO;086000;201;I;13930,000;0,000;0,000;0,000;5,4794;5,4794;76329,3400;76329,34;0,000000;5,9320;5,9320;82632,7600;82632,76;82632,7600;82632,76;5,9220;8,258;0,000;8,258;0,070;0,394;0,014;0,169;0,014;0,000;0,000;0,0000;0,00;;;;DEUR;N111111;T300;;099986      PIRELLI & C SPA;5,47949318;5,47949318;5,93200000;5,93200000;5,92200000;13930,00000000;0,00000000;0,00000000;0,00000000;0,00000000;20251121
88;1O;01076;AU000000ORI1;ORICA LTD.;AUD;AUSTRALIA;111111;201;O;124539,000;0,000;0,000;0,000;16,6981;9,9454;2079574,6680;1238600,20;1,678972;23,0100;12,8684;2865642,3900;1602618,64;2865642,3900;1602618,64;23,6000;37,799;6,500;29,390;22,338;0,361;0,272;-2,500;0,273;0,000;0,000;0,0000;0,00;;;;DAUD;N007000;T300;;099728      ORICA LTD.;16,69818023;9,94548053;23,01000000;12,86840780;23,60000000;124539,00000000;0,00000000;0,00000000;0,00000000;0,00000000;20251121
88;1O;17478;AU000000ORA8;ORORA LTD;AUD;AUSTRALIA;111111;201;O;759999,000;0,000;0,000;0,000;2,1629;1,2503;1643828,4400;950284,32;1,729828;2,1900;1,2247;1664397,8100;930819,20;1664397,8100;930819,20;2,2100;1,251;3,369;-2,048;12,974;0,210;0,158;-0,905;0,159;0,000;0,000;0,0000;0,00;;;;DAUD;N007000;T300;;099842      ORORA LTD;2,16293500;1,25037575;2,19000000;1,22476371;2,21000000;759999,00000000;0,00000000;0,00000000;0,00000000;0,00000000;20251121
88;1O;31244;AU000000LLC3;LEND LEASE GROUP STAPLED SECURITIES;AUD;AUSTRALIA;111111;223;O;169729,000;0,000;0,000;0,000;6,1867;3,6875;1050071,9900;625883,02;1,677745;5,1700;2,8913;877498,9300;490743,77;877498,9300;490743,77;5,2500;-16,434;6,578;-21,592;6,840;0,111;0,083;-1,524;0,084;0,000;0,000;0,0000;0,00;;;;DAUD;N007000;T300;;099917      LEND LEASE GROUP STAPLED SECURITIES;6,18675647;3,68754320;5,17000000;2,89133717;5,25000000;169729,00000000;0,00000000;0,00000000;0,00000000;0,00000000;20251121
88;1O;03510;CA1363751027;CANADIAN NATIONAL RAILWAY CAD;CAD;TORONTO;111111;201;O;16326,000;0,000;0,000;0,000;144,9716;96,8721;2366806,9000;1581533,99;1,496526;131,1100;80,6830;2140501,8600;1317231,91;2140501,8600;1317231,91;129,8500;-9,562;8,585;-16,712;51,013;0,297;0,223;0,970;0,225;0,000;0,000;0,0000;0,00;;;;DCAD;N013000;T300;;099777      CANADIAN NATIONAL RAILWAY CAD;144,97163420;96,87210523;131,11000000;80,68307692;129,85000000;16326,00000000;0,00000000;0,00000000;0,00000000;0,00000000;20251121
88;1O;10636;DK0060079531;DSV A/S;DKK;COPENHAGEN;111111;201;O;16530,000;0,000;0,000;0,000;1463,0904;196,0723;24184885,1140;3241076,07;7,461992;1389,5000;186,0356;22968435,0000;3075168,70;22968435,0000;3075168,70;1388,0000;-5,030;0,094;-5,119;51,805;0,693;0,522;0,108;0,525;0,000;0,000;0,0000;0,00;;;;DDKK;N021000;T300;;099478      DSV A/S;1463,09044851;196,07235753;1389,50000000;186,03561387;1388,00000000;16530,00000000;0,00000000;0,00000000;0,00000000;0,00000000;20251121
88;1O;47417;DK0062498333;NOVO NORDISK A/S-B;DKK;COPENHAGEN;111111;201;O;69078,000;0,000;0,000;0,000;526,4927;70,5861;36369065,5500;4875948,77;7,458869;304,6500;40,7885;21044612,7000;2817594,42;21044612,7000;2817594,42;314,1500;-42,136;0,136;-42,214;47,466;0,635;0,478;-3,024;0,481;0,000;0,000;0,0000;0,00;;;;DDKK;N021000;T300;;099522      NOVO NORDISK A/S-B;526,49274081;70,58613118;304,65000000;40,78859285;314,15000000;69078,00000000;0,00000000;0,00000000;0,00000000;0,00000000;20251121
88;1O;44229;GB00BP92CJ43;TATE & LYLE PLC;GBP;LONDRA;111111;201;O;476575,000;0,000;0,000;0,000;5,4868;6,4364;2614875,8450;3067449,63;0,852459;3,7080;4,2174;1767140,1000;2009940,97;1767140,1000;2009940,97;3,6760;-32,420;3,137;-34,475;10,079;0,453;0,341;0,871;0,343;0,000;0,000;0,0000;0,00;;;;DGBP;N031000;T300;;099659      TATE & LYLE PLC;5,48680867;6,43644679;3,70800000;4,21747042;3,67600000;476575,00000000;0,00000000;0,00000000;0,00000000;0,00000000;20251121
88;1O;03729;GB0006825383;PERSIMMON PLC.;GBP;LONDRA;111111;201;O;126607,000;0,000;0,000;0,000;11,5956;13,9219;1468087,2090;1762611,99;0,832904;12,5850;14,3141;1593349,0950;1812271,49;1593349,0950;1812271,49;12,0150;8,532;5,558;2,817;9,088;0,409;0,307;4,744;0,309;0,000;0,000;0,0000;0,00;;;;DGBP;N031000;T300;;099693      PERSIMMON PLC.;11,59562432;13,92191577;12,58500000;14,31414922;12,01500000;126607,00000000;0,00000000;0,00000000;0,00000000;0,00000000;20251121
88;1O;09739;GB00B2B0DG97;REED ELSEVIER PLC A;GBP;LONDRA;111111;201;O;24094,000;0,000;0,000;0,000;38,7059;45,9022;932580,8000;1105969,70;0,843225;31,0500;35,3161;748118,7000;850908,44;748118,7000;850908,44;30,2800;-19,780;4,266;-23,062;4,267;0,192;0,144;2,543;0,145;0,000;0,000;0,0000;0,00;;;;DGBP;N031000;T300;;099856      REED ELSEVIER PLC A;38,70593508;45,90228687;31,05000000;35,31619654;30,28000000;24094,00000000;0,00000000;0,00000000;0,00000000;0,00000000;20251121
88;1O;01504;GB0007908733;SSE PLC;GBP;LONDRA;111111;201;O;22905,000;0,000;0,000;0,000;16,1403;19,3408;369693,6990;443002,79;0,834518;21,7600;24,7497;498412,8000;566893,54;498412,8000;566893,54;21,8600;34,818;5,354;27,966;2,843;0,128;0,096;-0,457;0,097;0,000;0,000;0,0000;0,00;;;;DGBP;N031000;T300;;099904      SSE PLC;16,14030556;19,34087710;21,76000000;24,74977252;21,86000000;22905,00000000;0,00000000;0,00000000;0,00000000;0,00000000;20251121
88;1O;12368;IE0001827041;CRH PLC.- LONDRA GBP;GBP;LONDRA;111111;201;O;45766,000;0,000;0,000;0,000;72,2548;85,9148;3306816,4500;3931978,89;0,841006;83,4000;94,8589;3816884,4000;4341315,29;3816884,4000;4341315,29;83,9800;15,425;4,541;10,410;21,769;0,979;0,737;-0,691;0,741;0,000;0,000;0,0000;0,00;;;;DGBP;N040000;T300;;099263      CRH PLC.- LONDRA GBP;72,25487152;85,91484704;83,40000000;94,85896269;83,98000000;45766,00000000;0,00000000;0,00000000;0,00000000;0,00000000;20251121
88;1O;46296;IE000S9YS762;LINDE PLC NEW - USD;USD;OTC;111111;201;O;15419,000;0,000;0,000;0,000;420,7190;403,3465;6487067,5700;6219200,49;1,043071;412,7400;358,8107;6364038,0600;5532502,88;6364038,0600;5532502,88;408,5100;-1,897;10,280;-11,042;1,586;1,248;0,939;1,035;0,944;0,000;0,000;0,0000;0,00;;;;DUSD;N040000;T300;;099061      LINDE PLC NEW - USD;420,71908489;403,34655230;412,74000000;358,81074502;408,51000000;15419,00000000;0,00000000;0,00000000;0,00000000;0,00000000;20251121
88;1O;19903;IE00BTN1Y115;MEDTRONIC PLC;USD;NEW YORK;111111;201;O;61027,000;0,000;0,000;0,000;80,6698;77,4196;4923041,5000;4724685,95;1,041983;101,2000;87,9770;6175932,4000;5368975,40;6175932,4000;5368975,40;99,3500;25,450;10,395;13,637;1,539;1,211;0,911;1,862;0,916;0,000;0,000;0,0000;0,00;;;;DUSD;N040000;T300;;099089      MEDTRONIC PLC;80,66989201;77,41960034;101,20000000;87,97704946;99,35000000;61027,00000000;0,00000000;0,00000000;0,00000000;0,00000000;20251121
88;1O;37185;IE00BK9ZQ967;TRANE TECH PLC;USD;NEW YORK;111111;201;O;12275,000;0,000;0,000;0,000;371,0181;356,2649;4554247,5400;4373151,96;1,041411;410,1000;356,5156;5033977,5000;4376230,11;5033977,5000;4376230,11;400,0600;10,534;10,456;0,070;1,254;0,987;0,742;2,510;0,747;0,000;0,000;0,0000;0,00;;;;DUSD;N040000;T300;;099258      TRANE TECH PLC;371,01812953;356,26492545;410,10000000;356,51569155;400,06000000;12275,00000000;0,00000000;0,00000000;0,00000000;0,00000000;20251121
88;1O;18593;IE00BLS09M33;PENTAIR PLC;USD;NEW YORK;111111;201;O;7644,000;0,000;0,000;0,000;100,5224;96,4067;768393,9300;736933,07;1,042692;104,7900;91,0979;801014,7600;696352,92;801014,7600;696352,92;101,4800;4,245;10,320;-5,507;0,200;0,157;0,118;3,262;0,119;0,000;0,000;0,0000;0,00;;;;DUSD;N040000;T300;;099882      PENTAIR PLC;100,52249215;96,40673338;104,79000000;91,09797444;101,48000000;7644,00000000;0,00000000;0,00000000;0,00000000;0,00000000;20251121
88;1O;00158;NO0005052605;NORSK HYDRO;NOK;OSLO;111111;201;O;172778,000;0,000;0,000;0,000;69,7000;5,9689;12042638,5200;1031298,04;11,677166;70,5400;5,9649;12187760,1200;1030607,66;12187760,1200;1030607,66;70,9200;1,205;1,273;-0,067;83,530;0,232;0,175;-0,536;0,176;0,000;0,000;0,0000;0,00;;;;DNOK;N048000;T300;;099825      NORSK HYDRO;69,70006899;5,96891988;70,54000000;5,96492414;70,92000000;172778,00000000;0,00000000;0,00000000;0,00000000;0,00000000;20251121
88;1O;24521;NL0011585146;FERRARI NV - USD -;USD;NEW YORK;111111;201;O;3479,000;0,000;0,000;0,000;425,4944;408,0322;1480295,3340;1419544,11;1,042796;389,1900;338,3378;1353992,0100;1177077,29;1353992,0100;1177077,29;383,1500;-8,532;10,309;-17,081;0,337;0,265;0,200;1,576;0,201;0,000;0,000;0,0000;0,00;;;;DUSD;N050000;T300;;099800      FERRARI NV - USD -;425,49449094;408,03222477;389,19000000;338,33782491;383,15000000;3479,00000000;0,00000000;0,00000000;0,00000000;0,00000000;20251121
88;1O;44332;SE0017486889;ATLAS COPCO AB-A SHS;SEK;STOCCOLMA;111111;201;O;241536,000;0,000;0,000;0,000;159,5523;14,4729;38537633,0600;3495746,05;11,024151;152,8500;13,8645;36918777,6000;3348793,83;36918777,6000;3348793,83;153,0500;-4,201;0,003;-4,204;42,052;0,755;0,568;-0,131;0,571;0,000;0,000;0,0000;0,00;;;;DSEK;N068000;T300;;099432      ATLAS COPCO AB-A SHS;159,55233613;14,47298146;152,85000000;13,86457435;153,05000000;241536,00000000;0,00000000;0,00000000;0,00000000;0,00000000;20251121
88;1O;00418;SE0000108227;S.K.F. AB CL.B;SEK;STOCCOLMA;111111;201;O;118950,000;0,000;0,000;0,000;251,0442;22,8104;29861716,9900;2713302,88;11,005670;238,1000;21,5973;28321995,0000;2569004,94;28321995,0000;2569004,94;237,9000;-5,156;0,171;-5,318;32,260;0,579;0,436;0,084;0,438;0,000;0,000;0,0000;0,00;;;;DSEK;N068000;T300;;099564      S.K.F. AB CL.B;251,04427902;22,81044876;238,10000000;21,59735135;237,90000000;118950,00000000;0,00000000;0,00000000;0,00000000;0,00000000;20251121
88;1O;23094;SE0007100581;ASSA ABLOY AB-B;SEK;STOCCOLMA;111111;201;O;51553,000;0,000;0,000;0,000;331,3855;30,1260;17083916,7400;1553088,61;10,999963;348,3000;31,5932;17955909,9000;1628727,82;17955909,9000;1628727,82;346,9000;5,104;0,223;4,870;20,452;0,367;0,276;0,404;0,278;0,000;0,000;0,0000;0,00;;;;DSEK;N068000;T300;;099724      ASSA ABLOY AB-B;331,38550113;30,12605687;348,30000000;31,59326953;346,90000000;51553,00000000;0,00000000;0,00000000;0,00000000;0,00000000;20251121
88;1O;02738;US67066G1040;NVIDIA CORP.;USD;OTC;111111;201;O;272736,000;0,000;0,000;0,000;134,3572;129,2693;36644057,4970;35256416,06;1,039359;178,8800;155,5072;48787015,6800;42412427,78;48787015,6800;42412427,78;180,6400;33,138;10,674;20,297;12,156;9,565;7,196;-0,974;7,238;0,000;0,000;0,0000;0,00;;;;DUSD;N069000;T300;;092804      NVIDIA CORP.;134,35724472;129,26938893;178,88000000;155,50725897;180,64000000;272736,00000000;0,00000000;0,00000000;0,00000000;0,00000000;20251121
88;1O;08768;US92826C8394;VISA INC CLASS A SHS;USD;NEW YORK;111111;201;O;55677,000;0,000;0,000;0,000;317,6764;304,0062;17687269,2120;16926154,32;1,044967;327,9800;285,1256;18260942,4600;15874939,11;18260942,4600;15874939,11;323,7700;3,243;10,080;-6,211;4,550;3,580;2,693;1,300;2,709;0,000;0,000;0,0000;0,00;;;;DUSD;N069000;T300;;097307      VISA INC CLASS A SHS;317,67640519;304,00622016;327,98000000;285,12561940;323,77000000;55677,00000000;0,00000000;0,00000000;0,00000000;0,00000000;20251121
88;1O;06606;US57636Q1040;MASTERCARD INC CL A;USD;NEW YORK;111111;201;O;33422,000;0,000;0,000;0,000;527,6733;505,9856;17635897,1000;16911052,38;1,042862;540,4000;469,7904;18061248,8000;15701337,74;18061248,8000;15701337,74;527,8800;2,412;10,302;-7,153;4,500;3,541;2,664;2,372;2,679;0,000;0,000;0,0000;0,00;;;;DUSD;N069000;T300;;097336      MASTERCARD INC CL A;527,67330201;505,98564957;540,40000000;469,79048943;527,88000000;33422,00000000;0,00000000;0,00000000;0,00000000;0,00000000;20251121
88;1O;00448;US68389X1054;ORACLE CORP.;USD;OTC;111111;201;O;66444,000;0,000;0,000;0,000;170,0725;162,7315;11300302,4300;10812533,88;1,045111;198,7600;172,7897;13206409,4400;11480839,29;13206409,4400;11480839,29;210,6900;16,868;10,065;6,181;3,291;2,589;1,948;-5,662;1,959;0,000;0,000;0,0000;0,00;;;;DUSD;N069000;T300;;098052      ORACLE CORP.;170,07257886;162,73153151;198,76000000;172,78970703;210,69000000;66444,00000000;0,00000000;0,00000000;0,00000000;0,00000000;20251121
88;1O;14741;US00287Y1091;ABBVIE INC;USD;NEW YORK;111111;201;O;42398,000;0,000;0,000;0,000;179,9107;172,6164;7627854,7700;7318593,55;1,042257;236,2800;205,4072;10017799,4400;8708858,07;10017799,4400;8708858,07;229,4500;31,332;10,366;18,996;2,496;1,964;1,478;2,977;1,486;0,000;0,000;0,0000;0,00;;;;DUSD;N069000;T300;;098522      ABBVIE INC;179,91072149;172,61648073;236,28000000;205,40728505;229,45000000;42398,00000000;0,00000000;0,00000000;0,00000000;0,00000000;20251121
88;1O;00174;US7427181091;PROCTER & GAMBLE CO.;USD;NEW YORK;111111;201;O;56403,000;0,000;0,000;0,000;162,2752;151,8258;9152813,3580;8563431,50;1,068825;150,9200;131,2005;8512340,7600;7400104,98;8512340,7600;7400104,98;148,1900;-6,998;7,623;-13,585;2,121;1,669;1,256;1,842;1,263;0,000;0,000;0,0000;0,00;;;;DUSD;N069000;T300;;098744      PROCTER & GAMBLE CO.;162,27529312;151,82581600;150,92000000;131,20055637;148,19000000;56403,00000000;0,00000000;0,00000000;0,00000000;0,00000000;20251121
88;1O;00423;US0382221051;APPLIED MATERIALS INC.;USD;OTC;111111;201;O;37954,000;0,000;0,000;0,000;184,0311;168,8716;6984716,7300;6409355,31;1,089769;224,0050;194,7361;8501885,7700;7391016,06;8501885,7700;7391016,06;220,2300;21,721;5,554;15,316;2,118;1,667;1,254;1,714;1,261;0,000;0,000;0,0000;0,00;;;;DUSD;N069000;T300;;098746      APPLIED MATERIALS INC.;184,03110950;168,87166859;224,00500000;194,73615578;220,23000000;37954,00000000;0,00000000;0,00000000;0,00000000;0,00000000;20251121
88;1O;00095;US4370761029;HOME DEPOT INC.;USD;NEW YORK;111111;201;O;24268,000;0,000;0,000;0,000;387,9433;369,4374;9414609,2200;8965507,78;1,050092;343,3200;298,4612;8331689,7600;7243058,12;8331689,7600;7243058,12;332,3800;-11,503;9,543;-19,212;2,076;1,633;1,229;3,291;1,236;0,000;0,000;0,0000;0,00;;;;DUSD;N069000;T300;;098771      HOME DEPOT INC.;387,94335009;369,43743942;343,32000000;298,46127097;332,38000000;24268,00000000;0,00000000;0,00000000;0,00000000;0,00000000;20251121
88;1O;00222;US8825081040;TEXAS INSTRUMENTS INC.;USD;OTC;111111;201;O;46811,000;0,000;0,000;0,000;187,3138;175,4500;8768346,4000;8212994,14;1,067619;159,4000;138,5725;7461673,4000;6486719,46;7461673,4000;6486719,46;153,3300;-14,902;7,744;-21,019;1,859;1,463;1,101;3,959;1,107;0,000;0,000;0,0000;0,00;;;;DUSD;N069000;T300;;098899      TEXAS INSTRUMENTS INC.;187,31380231;175,45008950;159,40000000;138,57254629;153,33000000;46811,00000000;0,00000000;0,00000000;0,00000000;0,00000000;20251121
88;1O;17264;US81762P1021;SERVICENOW INC;USD;NEW YORK;111111;201;O;8666,000;0,000;0,000;0,000;1036,1432;962,2557;8979217,7190;8338908,11;1,076786;813,4300;707,1459;7049184,3800;6128126,91;7049184,3800;6128126,91;800,4600;-21,494;6,827;-26,512;1,756;1,382;1,040;1,620;1,046;0,000;0,000;0,0000;0,00;;;;DUSD;N069000;T300;;098960      SERVICENOW INC;1036,14328629;962,25572467;813,43000000;707,14596192;800,46000000;8666,00000000;0,00000000;0,00000000;0,00000000;0,00000000;20251121
88;1O;00263;US17275R1023;CISCO SYSTEM INC.;USD;OTC;111111;201;O;91338,000;0,000;0,000;0,000;60,8080;57,2850;5554089,4260;5232304,97;1,061500;76,1000;66,1566;6950821,8000;6042616,53;6950821,8000;6042616,53;75,4400;25,148;8,366;15,487;1,732;1,363;1,025;0,875;1,031;0,000;0,000;0,0000;0,00;;;;DUSD;N069000;T300;;098975      CISCO SYSTEM INC.;60,80809111;57,28508364;76,10000000;66,15665478;75,44000000;91338,00000000;0,00000000;0,00000000;0,00000000;0,00000000;20251121
88;1O;00481;US7475251036;QUALCOMM INC.;USD;OTC;111111;201;O;41310,000;0,000;0,000;0,000;153,5239;147,2463;6342072,8450;6082744,94;1,042633;163,3000;141,9629;6745923,0000;5864490,13;6745923,0000;5864490,13;159,5900;6,368;10,326;-3,588;1,681;1,323;0,995;2,325;1,001;0,000;0,000;0,0000;0,00;;;;DUSD;N069000;T300;;099005      QUALCOMM INC.;153,52391297;147,24630694;163,30000000;141,96296618;159,59000000;41310,00000000;0,00000000;0,00000000;0,00000000;0,00000000;20251121
88;1O;04319;US79466L3024;SALESFORCE COM INC.;USD;NEW YORK;111111;201;O;28850,000;0,000;0,000;0,000;327,8478;315,0222;9458410,8300;9088393,18;1,040713;227,1100;197,4354;6552123,5000;5696012,78;6552123,5000;5696012,78;225,3700;-30,727;10,530;-37,327;1,633;1,285;0,966;0,772;0,972;0,000;0,000;0,0000;0,00;;;;DUSD;N069000;T300;;099034      SALESFORCE COM INC.;327,84786239;315,02229393;227,11000000;197,43545162;225,37000000;28850,00000000;0,00000000;0,00000000;0,00000000;0,00000000;20251121
88;1O;10451;US58933Y1055;MERCK E CO INC;USD;NEW YORK;111111;201;O;64318,000;0,000;0,000;0,000;97,6794;93,0457;6282546,6320;5984515,67;1,049800;97,7600;84,9865;6287727,6800;5466163,33;6287727,6800;5466163,33;94,9700;0,082;9,573;-8,662;1,567;1,233;0,927;2,938;0,933;0,000;0,000;0,0000;0,00;;;;DUSD;N069000;T300;;099073      MERCK E CO INC;97,67944637;93,04573634;97,76000000;84,98652525;94,97000000;64318,00000000;0,00000000;0,00000000;0,00000000;0,00000000;20251121
88;1O;00061;US2441991054;DEERE & CO.;USD;NEW YORK;111111;201;O;12841,000;0,000;0,000;0,000;426,4530;408,7900;5476083,0900;5249273,65;1,043208;487,2400;423,5764;6256648,8400;5439145,30;6256648,8400;5439145,30;476,3300;14,254;10,266;3,617;1,559;1,227;0,923;2,290;0,928;0,000;0,000;0,0000;0,00;;;;DUSD;N069000;T300;;099077      DEERE & CO.;426,45300911;408,79009812;487,24000000;423,57645831;476,33000000;12841,00000000;0,00000000;0,00000000;0,00000000;0,00000000;20251121
88;1O;60431;US5128073062;LAM RESEARCH CORP;USD;OTC;111111;201;O;42790,000;0,000;0,000;0,000;72,2300;69,7470;3090721,7000;2984474,41;1,035600;142,6500;124,0111;6103993,5000;5306436,15;6103993,5000;5306436,15;139,5900;97,494;11,076;77,801;1,521;1,197;0,900;2,192;0,906;0,000;0,000;0,0000;0,00;;;;DUSD;N069000;T300;;099100      LAM RESEARCH CORP;72,23000000;69,74700654;142,65000000;124,01112753;139,59000000;42790,00000000;0,00000000;0,00000000;0,00000000;0,00000000;20251121
88;1O;00060;US2358511028;DANAHER CORP.;USD;NEW YORK;111111;201;O;25847,000;0,000;0,000;0,000;228,3925;219,5386;5903263,4390;5674416,75;1,040330;227,3900;197,6788;5877349,3300;5109405,66;5877349,3300;5109405,66;222,1800;-0,439;10,571;-9,957;1,464;1,152;0,867;2,345;0,872;0,000;0,000;0,0000;0,00;;;;DUSD;N069000;T300;;099133      DANAHER CORP.;228,39259639;219,53869888;227,39000000;197,67886638;222,18000000;25847,00000000;0,00000000;0,00000000;0,00000000;0,00000000;20251121
88;1O;01191;US4612021034;INTUIT INC.;USD;OTC;111111;201;O;8606,000;0,000;0,000;0,000;628,3910;602,6948;5407933,2200;5186791,83;1,042635;663,1500;576,5017;5707068,9000;4961374,34;5707068,9000;4961374,34;637,4400;5,531;10,326;-4,346;1,422;1,119;0,842;4,033;0,847;0,000;0,000;0,0000;0,00;;;;DUSD;N069000;T300;;099158      INTUIT INC.;628,39103183;602,69484429;663,15000000;576,50178214;637,44000000;8606,00000000;0,00000000;0,00000000;0,00000000;0,00000000;20251121
88;1O;25523;US78409V1044;S&P GLOBAL-ORD SHS;USD;NEW YORK;111111;201;O;11135,000;0,000;0,000;0,000;498,2489;477,8302;5548002,4300;5320640,39;1,042732;493,6000;429,1054;5496236,0000;4778089,19;5496236,0000;4778089,19;490,9100;-0,933;10,316;-10,197;1,370;1,078;0,811;0,548;0,815;0,000;0,000;0,0000;0,00;;;;DUSD;N069000;T300;;099189      S&P GLOBAL-ORD SHS;498,24898338;477,83029995;493,60000000;429,10545075;490,91000000;11135,00000000;0,00000000;0,00000000;0,00000000;0,00000000;20251121
88;1O;00007;US0028241000;ABBOTT LABORATORIES CORP.;USD;NEW YORK;111111;201;O;40014,000;0,000;0,000;0,000;120,6864;111,3938;4829146,3700;4457315,10;1,083420;128,1100;111,3709;5126193,5400;4456397,06;5126193,5400;4456397,06;123,9700;6,151;6,173;-0,021;1,277;1,005;0,756;3,340;0,760;0,000;0,000;0,0000;0,00;;;;DUSD;N069000;T300;;099244      ABBOTT LABORATORIES CORP.;120,68641900;111,39388963;128,11000000;111,37094670;123,97000000;40014,00000000;0,00000000;0,00000000;0,00000000;0,00000000;20251121
88;1O;00017;US0311621009;AMGEN INC;USD;OTC;111111;201;O;14355,000;0,000;0,000;0,000;262,5274;252,0256;3768581,6400;3617828,16;1,041670;337,5400;293,4364;4845386,7000;4212280,88;4845386,7000;4212280,88;336,0700;28,573;10,428;16,431;1,207;0,950;0,715;0,437;0,719;0,000;0,000;0,0000;0,00;;;;DUSD;N069000;T300;;099285      AMGEN INC;262,52745663;252,02564681;337,54000000;293,43649482;336,07000000;14355,00000000;0,00000000;0,00000000;0,00000000;0,00000000;20251121
88;1O;00492;US9078181081;UNION PACIFIC CORP.;USD;NEW YORK;111111;201;O;20283,000;0,000;0,000;0,000;227,6161;218,7135;4616739,2200;4436166,53;1,040705;226,2200;196,6617;4588420,2600;3988890,08;4588420,2600;3988890,08;221,2100;-0,613;10,531;-10,082;1,143;0,900;0,677;2,265;0,681;0,000;0,000;0,0000;0,00;;;;DUSD;N069000;T300;;099323      UNION PACIFIC CORP.;227,61619188;218,71353005;226,22000000;196,66174041;221,21000000;20283,00000000;0,00000000;0,00000000;0,00000000;0,00000000;20251121
88;1O;00103;US4581401001;INTEL CORP.;USD;OTC;111111;201;O;132379,000;0,000;0,000;0,000;20,4178;19,5495;2702890,5000;2587946,43;1,044415;34,5000;29,9921;4567075,5000;3970334,26;4567075,5000;3970334,26;33,6200;68,970;10,138;53,416;1,138;0,895;0,674;2,617;0,678;0,000;0,000;0,0000;0,00;;;;DUSD;N069000;T300;;099326      INTEL CORP.;20,41781929;19,54952394;34,50000000;29,99217595;33,62000000;132379,00000000;0,00000000;0,00000000;0,00000000;0,00000000;20251121
88;1O;00349;US8725401090;TJX COMPANIES INC.;USD;NEW YORK;111111;201;O;28882,000;0,000;0,000;0,000;121,2270;115,3723;3501280,9900;3332183,01;1,050747;151,4300;131,6439;4373601,2600;3802139,67;4373601,2600;3802139,67;148,0700;24,914;9,474;14,104;1,090;0,857;0,645;2,269;0,649;0,000;0,000;0,0000;0,00;;;;DUSD;N069000;T300;;099355      TJX COMPANIES INC.;121,22709611;115,37230835;151,43000000;131,64391897;148,07000000;28882,00000000;0,00000000;0,00000000;0,00000000;0,00000000;20251121
88;1O;01458;US92343V1044;VERIZON COMMUNICATION;USD;NEW YORK;111111;201;O;104439,000;0,000;0,000;0,000;43,1205;36,6412;4503470,3400;3826772,71;1,176832;41,2300;35,8428;4306019,9700;3743388,66;4306019,9700;3743388,66;40,7600;-4,384;-2,255;-2,179;1,073;0,844;0,635;1,153;0,639;0,000;0,000;0,0000;0,00;;;;DUSD;N069000;T300;;099365      VERIZON COMMUNICATION;43,12058081;36,64122320;41,23000000;35,84282361;40,76000000;104439,00000000;0,00000000;0,00000000;0,00000000;0,00000000;20251121
88;1O;02840;US8636671013;STRYKER CORP.;USD;NEW YORK;111111;201;O;11576,000;0,000;0,000;0,000;360,8879;346,6128;4177638,8200;4012390,00;1,041185;368,2700;320,1512;4263093,5200;3706071,04;4263093,5200;3706071,04;360,4800;2,046;10,480;-7,634;1,062;0,836;0,629;2,161;0,632;0,000;0,000;0,0000;0,00;;;;DUSD;N069000;T300;;099371      STRYKER CORP.;360,88794229;346,61281962;368,27000000;320,15126488;360,48000000;11576,00000000;0,00000000;0,00000000;0,00000000;0,00000000;20251121
88;1O;01357;US0530151036;AUTOMATIC DATA PROCESSING;USD;OTC;111111;201;O;16350,000;0,000;0,000;0,000;291,8961;280,0519;4772501,9300;4578849,41;1,042293;253,1200;220,0469;4138512,0000;3597767,54;4138512,0000;3597767,54;249,0600;-13,284;10,362;-21,426;1,031;0,811;0,610;1,630;0,614;0,000;0,000;0,0000;0,00;;;;DUSD;N069000;T300;;099390      AUTOMATIC DATA PROCESSING;291,89614250;280,05195168;253,12000000;220,04694427;249,06000000;16350,00000000;0,00000000;0,00000000;0,00000000;0,00000000;20251121
88;1O;03448;US8716071076;SYNOPSYS INC.;USD;OTC;111111;201;O;10554,000;0,000;0,000;0,000;497,4848;454,6754;5250454,6500;4798644,23;1,094154;388,3600;337,6162;4098751,4400;3563202,16;4098751,4400;3563202,16;385,6000;-21,935;5,131;-25,746;1,021;0,804;0,605;0,716;0,608;0,000;0,000;0,0000;0,00;;;;DUSD;N069000;T300;;099395      SYNOPSYS INC.;497,48480670;454,67540553;388,36000000;337,61627401;385,60000000;10554,00000000;0,00000000;0,00000000;0,00000000;0,00000000;20251121
88;1O;00261;US5486611073;LOWE'S COMPANIES INC.;USD;NEW YORK;111111;201;O;17382,000;0,000;0,000;0,000;241,9945;226,8569;4206348,9170;3943227,63;1,066727;234,2900;203,6773;4072428,7800;3540318,86;4072428,7800;3540318,86;228,4300;-3,184;7,835;-10,218;1,015;0,798;0,601;2,565;0,604;0,000;0,000;0,0000;0,00;;;;DUSD;N069000;T300;;099399      LOWE'S COMPANIES INC.;241,99452980;226,85695719;234,29000000;203,67730157;228,43000000;17382,00000000;0,00000000;0,00000000;0,00000000;0,00000000;20251121
88;1O;00432;US0326541051;ANALOG DEVICES;USD;OTC;111111;201;O;16988,000;0,000;0,000;0,000;212,9857;204,2034;3618202,2900;3469007,77;1,043008;232,3200;201,9647;3946652,1600;3430976,41;3946652,1600;3430976,41;225,2000;9,078;10,287;-1,096;0,983;0,774;0,582;3,162;0,585;0,000;0,000;0,0000;0,00;;;;DUSD;N069000;T300;;099418      ANALOG DEVICES;212,98577172;204,20342418;232,32000000;201,96470485;225,20000000;16988,00000000;0,00000000;0,00000000;0,00000000;0,00000000;20251121
88;1O;23879;US95040Q1040;WELLTOWER INC;USD;NEW YORK;111111;201;O;19225,000;0,000;0,000;0,000;128,8415;123,3212;2476978,3600;2370851,17;1,044763;199,9300;173,8068;3843654,2500;3341436,36;3843654,2500;3341436,36;197,5800;55,175;10,102;40,938;0,958;0,754;0,567;1,189;0,570;0,000;0,000;0,0000;0,00;;;;DUSD;N069000;T300;;099433      WELLTOWER INC;128,84152717;123,32125721;199,93000000;173,80683300;197,58000000;19225,00000000;0,00000000;0,00000000;0,00000000;0,00000000;20251121
88;1O;03191;US3755581036;GILEAD SCIENCES INC.;USD;OTC;111111;201;O;29806,000;0,000;0,000;0,000;104,5817;95,3017;3117163,9000;2840564,31;1,097375;126,6400;110,0930;3774631,8400;3281432,53;3774631,8400;3281432,53;124,9900;21,092;4,823;15,520;0,941;0,740;0,557;1,320;0,560;0,000;0,000;0,0000;0,00;;;;DUSD;N069000;T300;;099443      GILEAD SCIENCES INC.;104,58175870;95,30176172;126,64000000;110,09301921;124,99000000;29806,00000000;0,00000000;0,00000000;0,00000000;0,00000000;20251121
88;1O;19426;US6974351057;PALO ALTO NETWORKS INC;USD;NEW YORK;111111;201;O;20396,000;0,000;0,000;0,000;181,9881;174,5345;3711829,8800;3559806,05;1,042706;182,9000;159,0019;3730428,4000;3243004,78;3730428,4000;3243004,78;185,0700;0,501;10,319;-8,899;0,930;0,731;0,550;-1,173;0,553;0,000;0,000;0,0000;0,00;;;;DUSD;N069000;T300;;099450      PALO ALTO NETWORKS INC;181,98812904;174,53451902;182,90000000;159,00199947;185,07000000;20396,00000000;0,00000000;0,00000000;0,00000000;0,00000000;20251121
88;1O;02043;US00724F1012;ADOBE SYSTEM INC.;USD;OTC;111111;201;O;11229,000;0,000;0,000;0,000;357,1332;304,3413;4010248,7100;3417449,21;1,173463;324,1900;281,8308;3640329,5100;3164678,35;3640329,5100;3164678,35;312,4000;-9,224;-1,974;-7,396;0,907;0,714;0,537;3,774;0,540;0,000;0,000;0,0000;0,00;;;;DUSD;N069000;T300;;099463      ADOBE SYSTEM INC.;357,13320064;304,34136699;324,19000000;281,83082674;312,40000000;11229,00000000;0,00000000;0,00000000;0,00000000;0,00000000;20251121
88;1O;00035;US1011371077;BOSTON SCIENTIFIC CORP.;USD;NEW YORK;111111;201;O;36950,000;0,000;0,000;0,000;89,8488;86,2620;3319913,4700;3187384,59;1,041579;96,8800;84,2215;3579716,0000;3111984,70;3579716,0000;3111984,70;96,6000;7,826;10,438;-2,366;0,892;0,702;0,528;0,290;0,531;0,000;0,000;0,0000;0,00;;;;DUSD;N069000;T300;;099472      BOSTON SCIENTIFIC CORP.;89,84880839;86,26209986;96,88000000;84,22150743;96,60000000;36950,00000000;0,00000000;0,00000000;0,00000000;0,00000000;20251121
88;1O;11964;US74340W1036;PROLOGIS INC;USD;NEW YORK;111111;201;O;27952,000;0,000;0,000;0,000;106,0258;101,6544;2963635,1400;2841444,20;1,043003;125,7900;109,3540;3516082,0800;3056665,29;3516082,0800;3056665,29;123,1200;18,641;10,287;7,574;0,876;0,689;0,519;2,169;0,522;0,000;0,000;0,0000;0,00;;;;DUSD;N069000;T300;;099481      PROLOGIS INC;106,02587077;101,65441471;125,79000000;109,35408154;123,12000000;27952,00000000;0,00000000;0,00000000;0,00000000;0,00000000;20251121
88;1O;00575;US0527691069;AUTODESK INC.;USD;OTC;111111;201;O;11824,000;0,000;0,000;0,000;296,4152;273,2964;3504813,5500;3231457,52;1,084592;290,8000;252,8036;3438419,2000;2989149,96;3438419,2000;2989149,96;286,9450;-1,894;6,058;-7,498;0,857;0,674;0,507;1,343;0,510;0,000;0,000;0,0000;0,00;;;;DUSD;N069000;T300;;099493      AUTODESK INC.;296,41521904;273,29647496;290,80000000;252,80361644;286,94500000;11824,00000000;0,00000000;0,00000000;0,00000000;0,00000000;20251121
88;1O;04140;US92532F1003;VERTEX PHARMACEUTICALS INC.;USD;OTC;111111;201;O;8034,000;0,000;0,000;0,000;402,9623;387,1009;3237399,7300;3109968,87;1,040975;426,7600;370,9988;3428589,8400;2980604,92;3428589,8400;2980604,92;422,3200;5,906;10,502;-4,160;0,854;0,672;0,506;1,051;0,509;0,000;0,000;0,0000;0,00;;;;DUSD;N069000;T300;;099494      VERTEX PHARMACEUTICALS INC.;402,96237615;387,10092979;426,76000000;370,99886986;422,32000000;8034,00000000;0,00000000;0,00000000;0,00000000;0,00000000;20251121
88;1O;01205;US9113121068;UNITED PARCEL SERVICE CL.B;USD;NEW YORK;111111;201;O;35048,000;0,000;0,000;0,000;123,5868;118,7606;4331470,5100;4162324,64;1,040637;94,6600;82,2915;3317643,6800;2884155,16;3317643,6800;2884155,16;90,8700;-23,406;10,538;-30,708;0,827;0,650;0,489;4,171;0,492;0,000;0,000;0,0000;0,00;;;;DUSD;N069000;T300;;099511      UNITED PARCEL SERVICE CL.B;123,58680980;118,76068934;94,66000000;82,29157611;90,87000000;35048,00000000;0,00000000;0,00000000;0,00000000;0,00000000;20251121
88;1O;37453;US68902V1070;OTIS WORLDWIDE;USD;NEW YORK;111111;201;O;37423,000;0,000;0,000;0,000;92,8576;87,2168;3475010,8800;3263917,67;1,064675;88,0600;76,5539;3295469,3800;2864878,19;3295469,3800;2864878,19;86,8600;-5,167;8,042;-12,226;0,821;0,646;0,486;1,382;0,489;0,000;0,000;0,0000;0,00;;;;DUSD;N069000;T300;;099514      OTIS WORLDWIDE;92,85762445;87,21688988;88,06000000;76,55394244;86,86000000;37423,00000000;0,00000000;0,00000000;0,00000000;0,00000000;20251121
88;1O;06874;US9581021055;WESTERN DIGITAL CORP;USD;NEW YORK;111111;201;O;23366,000;0,000;0,000;0,000;46,4009;44,3641;1084204,6470;1036613,44;1,045910;139,1900;121,0032;3252313,5400;2827361,16;3252313,5400;2827361,16;140,2300;199,972;9,981;172,750;0,810;0,638;0,480;-0,742;0,482;0,000;0,000;0,0000;0,00;;;;DUSD;N069000;T300;;099520      WESTERN DIGITAL CORP;46,40095211;44,36418043;139,19000000;121,00321655;140,23000000;23366,00000000;0,00000000;0,00000000;0,00000000;0,00000000;20251121
88;1O;12297;US7512121010;POLO RALPH LAUREN CORP. NEW;USD;NEW YORK;111111;201;O;9410,000;0,000;0,000;0,000;298,1567;258,0247;2805655,3500;2428012,90;1,155536;339,8800;295,4707;3198270,8000;2780379,73;3198270,8000;2780379,73;326,9600;13,994;-0,453;14,513;0,797;0,627;0,472;3,952;0,474;0,000;0,000;0,0000;0,00;;;;DUSD;N069000;T300;;099528      POLO RALPH LAUREN CORP. NEW;298,15678533;258,02475026;339,88000000;295,47074676;326,96000000;9410,00000000;0,00000000;0,00000000;0,00000000;0,00000000;20251121
88;1O;00567;US2788651006;ECOLAB INC.;USD;NEW YORK;111111;201;O;11236,000;0,000;0,000;0,000;235,9098;226,1173;2650682,6500;2540654,05;1,043307;267,0700;232,1742;3000798,5200;2608709,48;3000798,5200;2608709,48;261,7400;13,209;10,255;2,679;0,748;0,588;0,443;2,036;0,445;0,000;0,000;0,0000;0,00;;;;DUSD;N069000;T300;;099557      ECOLAB INC.;235,90981221;226,11730598;267,07000000;232,17421542;261,74000000;11236,00000000;0,00000000;0,00000000;0,00000000;0,00000000;20251121
88;1O;00053;US1941621039;COLGATE PALMOLIVE CO.;USD;NEW YORK;111111;201;O;35939,000;0,000;0,000;0,000;81,6082;72,2762;2932919,6370;2597534,69;1,129117;80,9300;70,3555;2908543,2700;2528508,45;2908543,2700;2528508,45;78,8600;-0,831;1,876;-2,657;0,725;0,570;0,429;2,625;0,431;0,000;0,000;0,0000;0,00;;;;DUSD;N069000;T300;;099571      COLGATE PALMOLIVE CO.;81,60827059;72,27620941;80,93000000;70,35555941;78,86000000;35939,00000000;0,00000000;0,00000000;0,00000000;0,00000000;20251121
88;1O;12344;US98419M1009;XYLEM INC;USD;NEW YORK;111111;201;O;19873,000;0,000;0,000;0,000;120,6704;113,6548;2398084,3200;2258662,42;1,061728;140,3900;122,0464;2789970,4700;2425428,56;2789970,4700;2425428,56;138,0400;16,342;8,342;7,383;0,695;0,547;0,412;1,702;0,414;0,000;0,000;0,0000;0,00;;;;DUSD;N069000;T300;;099588      XYLEM INC;120,67047350;113,65482916;140,39000000;122,04642267;138,04000000;19873,00000000;0,00000000;0,00000000;0,00000000;0,00000000;20251121
88;1O;37454;US14448C1045;CARRIER GLOBAL CORP;USD;NEW YORK;111111;201;O;47982,000;0,000;0,000;0,000;67,2847;63,2981;3228458,4300;3037170,22;1,062982;52,4100;45,5620;2514736,6200;2186157,19;2514736,6200;2186157,19;50,3600;-22,107;8,214;-28,020;0,627;0,493;0,371;4,071;0,373;0,000;0,000;0,0000;0,00;;;;DUSD;N069000;T300;;099629      CARRIER GLOBAL CORP;67,28478241;63,29811637;52,41000000;45,56202729;50,36000000;47982,00000000;0,00000000;0,00000000;0,00000000;0,00000000;20251121
88;1O;16468;US98978V1035;ZOETIS INC;USD;NEW YORK;111111;201;O;20363,000;0,000;0,000;0,000;161,7579;155,5128;3293876,4600;3166708,42;1,040158;122,0600;106,1114;2485507,7800;2160747,44;2485507,7800;2160747,44;115,8900;-24,542;10,589;-31,767;0,619;0,487;0,367;5,324;0,369;0,000;0,000;0,0000;0,00;;;;DUSD;N069000;T300;;099633      ZOETIS INC;161,75791681;155,51286254;122,06000000;106,11144918;115,89000000;20363,00000000;0,00000000;0,00000000;0,00000000;0,00000000;20251121
88;1O;19892;US29444U7000;EQUINIX INC;USD;OTC;111111;201;O;3214,000;0,000;0,000;0,000;930,7436;893,7463;2991410,0700;2872500,92;1,041396;754,6800;656,0723;2425541,5200;2108616,47;2425541,5200;2108616,47;752,8100;-18,916;10,458;-26,593;0,604;0,476;0,358;0,248;0,360;0,000;0,000;0,0000;0,00;;;;DUSD;N069000;T300;;099642      EQUINIX INC;930,74364343;893,74639701;754,68000000;656,07232895;752,81000000;3214,00000000;0,00000000;0,00000000;0,00000000;0,00000000;20251121
88;1O;04564;US5797802064;MCCORMICK & CO NON VTG;USD;NEW YORK;111111;201;O;35130,000;0,000;0,000;0,000;69,2666;62,6239;2433336,0080;2199980,95;1,106071;68,1600;59,2541;2394460,8000;2081596,80;2394460,8000;2081596,80;67,4800;-1,598;3,999;-5,381;0,597;0,469;0,353;1,008;0,355;0,000;0,000;0,0000;0,00;;;;DUSD;N069000;T300;;099647      MCCORMICK & CO NON VTG;69,26660996;62,62399516;68,16000000;59,25410762;67,48000000;35130,00000000;0,00000000;0,00000000;0,00000000;0,00000000;20251121
88;1O;00572;US2371941053;DARDEN RESTAURANTS;USD;NEW YORK;111111;201;O;13668,000;0,000;0,000;0,000;195,6047;178,3720;2673525,9340;2437989,51;1,096611;174,7200;151,8908;2388072,9600;2076043,61;2388072,9600;2076043,61;169,2100;-10,677;4,896;-14,846;0,595;0,468;0,352;3,256;0,354;0,000;0,000;0,0000;0,00;;;;DUSD;N069000;T300;;099648      DARDEN RESTAURANTS;195,60476543;178,37207418;174,72000000;151,89081109;169,21000000;13668,00000000;0,00000000;0,00000000;0,00000000;0,00000000;20251121
88;1O;33770;US1255231003;CIGNA CORP ORD;USD;NEW YORK;111111;201;O;7942,000;0,000;0,000;0,000;276,9804;266,0040;2199778,4800;2112603,85;1,041264;278,0900;241,7543;2208590,7800;1920012,85;2208590,7800;1920012,85;269,6000;0,401;10,472;-9,116;0,550;0,433;0,326;3,149;0,328;0,000;0,000;0,0000;0,00;;;;DUSD;N069000;T300;;099674      CIGNA CORP ORD;276,98041803;266,00401032;278,09000000;241,75432495;269,60000000;7942,00000000;0,00000000;0,00000000;0,00000000;0,00000000;20251121
88;1O;03366;US3021301094;EXPEDITORS INTL WASH INC.;USD;NEW YORK;111111;201;O;15037,000;0,000;0,000;0,000;111,5840;106,9471;1677890,0470;1608164,41;1,043357;143,2100;124,4979;2153448,7700;1872075,78;2153448,7700;1872075,78;138,3000;28,343;10,250;16,411;0,537;0,422;0,318;3,550;0,319;0,000;0,000;0,0000;0,00;;;;DUSD;N069000;T300;;099682      EXPEDITORS INTL WASH INC.;111,58409569;106,94715767;143,21000000;124,49795705;138,30000000;15037,00000000;0,00000000;0,00000000;0,00000000;0,00000000;20251121
88;1O;08879;US0304201033;AMERICAN WATER WORKS CO INC;USD;NEW YORK;111111;201;O;15830,000;0,000;0,000;0,000;125,4310;120,2341;1985572,9400;1903306,89;1,043223;132,7400;115,3959;2101274,2000;1826718,42;2101274,2000;1826718,42;128,1300;5,827;10,264;-4,024;0,524;0,412;0,310;3,598;0,312;0,000;0,000;0,0000;0,00;;;;DUSD;N069000;T300;;099690      AMERICAN WATER WORKS CO INC;125,43101326;120,23416866;132,74000000;115,39598365;128,13000000;15830,00000000;0,00000000;0,00000000;0,00000000;0,00000000;20251121
88;1O;19628;US0367521038;ELEVANCE HEALTH INC;USD;NEW YORK;111111;201;O;6478,000;0,000;0,000;0,000;366,4981;352,3358;2374175,2400;2282431,77;1,040195;321,7300;279,6922;2084166,9400;1811846,42;2084166,9400;1811846,42;313,9900;-12,215;10,585;-20,618;0,519;0,409;0,307;2,465;0,309;0,000;0,000;0,0000;0,00;;;;DUSD;N069000;T300;;099693      ELEVANCE HEALTH INC;366,49818462;352,33587063;321,73000000;279,69225419;313,99000000;6478,00000000;0,00000000;0,00000000;0,00000000;0,00000000;20251121
88;1O;00530;US0758871091;BECTON DICKINSON;USD;NEW YORK;111111;201;O;10611,000;0,000;0,000;0,000;225,1564;216,4787;2389134,6200;2297055,85;1,040086;192,7200;167,5389;2044951,9200;1777755,30;2044951,9200;1777755,30;189,5800;-14,406;10,597;-22,607;0,510;0,401;0,302;1,656;0,303;0,000;0,000;0,0000;0,00;;;;DUSD;N069000;T300;;099698      BECTON DICKINSON;225,15640561;216,47873433;192,72000000;167,53890289;189,58000000;10611,00000000;0,00000000;0,00000000;0,00000000;0,00000000;20251121
88;1O;08129;US90384S3031;ULTA BEAUTY INC;USD;OTC;111111;201;O;3917,000;0,000;0,000;0,000;508,3542;436,7301;1991223,6500;1710671,91;1,164001;515,5800;448,2135;2019526,8600;1755652,32;2019526,8600;1755652,32;496,4400;1,421;-1,177;2,629;0,503;0,396;0,298;3,855;0,300;0,000;0,000;0,0000;0,00;;;;DUSD;N069000;T300;;099702      ULTA BEAUTY INC;508,35426346;436,73012764;515,58000000;448,21350951;496,44000000;3917,00000000;0,00000000;0,00000000;0,00000000;0,00000000;20251121
88;1O;00316;US5745991068;MASCO CORP.;USD;NEW YORK;111111;201;O;31579,000;0,000;0,000;0,000;74,7410;68,4714;2360246,2800;2162260,06;1,091564;62,2400;54,1076;1965476,9600;1708664,66;1965476,9600;1708664,66;60,1000;-16,726;5,381;-20,978;0,490;0,385;0,290;3,561;0,292;0,000;0,000;0,0000;0,00;;;;DUSD;N069000;T300;;099710      MASCO CORP.;74,74100763;68,47145444;62,24000000;54,10762409;60,10000000;31579,00000000;0,00000000;0,00000000;0,00000000;0,00000000;20251121
88;1O;00104;US4595061015;INTERNATIONAL FLAVORS & FRAGRANCES INC.;USD;NEW YORK;111111;201;O;28988,000;0,000;0,000;0,000;81,5339;76,3212;2363506,5500;2212400,55;1,068300;67,4500;58,6368;1955240,6000;1699765,80;1955240,6000;1699765,80;64,5600;-17,274;7,676;-23,171;0,487;0,383;0,288;4,476;0,290;0,000;0,000;0,0000;0,00;;;;DUSD;N069000;T300;;099712      INTERNATIONAL FLAVORS & FRAGRANCES INC.;81,53396405;76,32125534;67,45000000;58,63687733;64,56000000;28988,00000000;0,00000000;0,00000000;0,00000000;0,00000000;20251121
88;1O;00549;US4180561072;HASBRO INC.;USD;NEW YORK;111111;201;O;24166,000;0,000;0,000;0,000;66,4665;58,4351;1606231,6800;1412144,26;1,137442;79,2000;68,8516;1913947,2000;1663867,86;1913947,2000;1663867,86;76,7600;19,158;1,130;17,826;0,477;0,375;0,282;3,179;0,284;0,000;0,000;0,0000;0,00;;;;DUSD;N069000;T300;;099718      HASBRO INC.;66,46659273;58,43516759;79,20000000;68,85160392;76,76000000;24166,00000000;0,00000000;0,00000000;0,00000000;0,00000000;20251121
88;1O;00212;US8718291078;SYSCO CORP.;USD;NEW YORK;111111;201;O;24911,000;0,000;0,000;0,000;76,4237;73,2994;1903791,4100;1825963,70;1,042623;76,6300;66,6174;1908929,9300;1659506,15;1908929,9300;1659506,15;75,4800;0,270;10,328;-9,116;0,476;0,374;0,282;1,524;0,283;0,000;0,000;0,0000;0,00;;;;DUSD;N069000;T300;;099718      SYSCO CORP.;76,42372486;73,29949419;76,63000000;66,61740415;75,48000000;24911,00000000;0,00000000;0,00000000;0,00000000;0,00000000;20251121
88;1O;04388;US2533931026;DICK'S SPORTING GOODS INC.;USD;NEW YORK;111111;201;O;8637,000;0,000;0,000;0,000;218,4915;194,2493;1887111,1350;1677731,92;1,124799;208,4500;181,2135;1800382,6500;1565141,83;1800382,6500;1565141,83;202,6100;-4,596;2,267;-6,711;0,449;0,353;0,266;2,882;0,267;0,000;0,000;0,0000;0,00;;;;DUSD;N069000;T300;;099734      DICK'S SPORTING GOODS INC.;218,49150573;194,24938288;208,45000000;181,21359645;202,61000000;8637,00000000;0,00000000;0,00000000;0,00000000;0,00000000;20251121
88;1O;33782;US24703L2025;DELL TECHS-ORD SHS CL C;USD;NEW YORK;111111;201;O;14648,000;0,000;0,000;0,000;129,6327;117,0693;1898861,0000;1714831,12;1,107317;122,5100;106,5026;1794526,4800;1560050,84;1794526,4800;1560050,84;117,4000;-5,495;3,882;-9,026;0,447;0,352;0,265;4,353;0,266;0,000;0,000;0,0000;0,00;;;;DUSD;N069000;T300;;099735      DELL TECHS-ORD SHS CL C;129,63278263;117,06930092;122,51000000;106,50265148;117,40000000;14648,00000000;0,00000000;0,00000000;0,00000000;0,00000000;20251121
88;1O;00399;US5184391044;ESTEE LAUDER COMPANIES CLA;USD;NEW YORK;111111;201;O;19273,000;0,000;0,000;0,000;91,9617;78,5344;1772378,9940;1513594,39;1,170974;89,9000;78,1535;1732642,7000;1506252,89;1732642,7000;1506252,89;86,6100;-2,242;-1,766;-0,485;0,432;0,340;0,256;3,799;0,257;0,000;0,000;0,0000;0,00;;;;DUSD;N069000;T300;;099744      ESTEE LAUDER COMPANIES CLA;91,96175966;78,53444663;89,90000000;78,15352516;86,61000000;19273,00000000;0,00000000;0,00000000;0,00000000;0,00000000;20251121
88;1O;00525;US4278661081;HERSHEY CO.;USD;NEW YORK;111111;201;O;9162,000;0,000;0,000;0,000;174,0319;150,1021;1594480,3300;1375236,32;1,159423;186,0000;161,6969;1704132,0000;1481467,44;1704132,0000;1481467,44;182,6600;6,877;-0,787;7,725;0,425;0,334;0,251;1,829;0,253;0,000;0,000;0,0000;0,00;;;;DUSD;N069000;T300;;099749      HERSHEY CO.;174,03190678;150,10219602;186,00000000;161,69694862;182,66000000;9162,00000000;0,00000000;0,00000000;0,00000000;0,00000000;20251121
88;1O;13633;US8923561067;TRACTOR SUPPLY COMPANY;USD;OTC;111111;201;O;31265,000;0,000;0,000;0,000;57,2300;50,6367;1789298,6440;1583156,55;1,130210;52,9200;46,0053;1654543,8000;1438358,52;1654543,8000;1438358,52;52,6400;-7,531;1,778;-9,146;0,412;0,324;0,244;0,532;0,245;0,000;0,000;0,0000;0,00;;;;DUSD;N069000;T300;;099756      TRACTOR SUPPLY COMPANY;57,23008616;50,63670398;52,92000000;46,00538989;52,64000000;31265,00000000;0,00000000;0,00000000;0,00000000;0,00000000;20251121
88;1O;00426;US5951121038;MICRON TECHNOLOGY INC.;USD;OTC;111111;201;O;7930,000;0,000;0,000;0,000;103,0533;90,6100;817213,0680;718537,72;1,137328;207,3700;180,2747;1644444,1000;1429578,46;1644444,1000;1429578,46;201,3700;101,226;1,141;98,957;0,410;0,322;0,243;2,980;0,244;0,000;0,000;0,0000;0,00;;;;DUSD;N069000;T300;;099757      MICRON TECHNOLOGY INC.;103,05335031;90,61005296;207,37000000;180,27471094;201,37000000;7930,00000000;0,00000000;0,00000000;0,00000000;0,00000000;20251121
88;1O;01310;US0865161014;BEST BUY COMPANY INC.;USD;NEW YORK;111111;201;O;21117,000;0,000;0,000;0,000;71,9997;62,0458;1520417,7600;1310221,97;1,160428;76,4500;66,4609;1614394,6500;1403455,32;1614394,6500;1403455,32;73,7800;6,181;-0,873;7,116;0,402;0,317;0,238;3,619;0,239;0,000;0,000;0,0000;0,00;;;;DUSD;N069000;T300;;099762      BEST BUY COMPANY INC.;71,99970450;62,04583842;76,45000000;66,46092323;73,78000000;21117,00000000;0,00000000;0,00000000;0,00000000;0,00000000;20251121
88;1O;07927;US2538681030;DIGITAL REALTY TRUST INC;USD;NEW YORK;111111;201;O;9673,000;0,000;0,000;0,000;175,9405;168,8511;1701873,0100;1633297,08;1,041986;157,1800;136,6426;1520402,1400;1321744,01;1520402,1400;1321744,01;157,5900;-10,663;10,395;-19,075;0,379;0,298;0,224;-0,260;0,226;0,000;0,000;0,0000;0,00;;;;DUSD;N069000;T300;;099776      DIGITAL REALTY TRUST INC;175,94055722;168,85114028;157,18000000;136,64261497;157,59000000;9673,00000000;0,00000000;0,00000000;0,00000000;0,00000000;20251121
88;1O;04293;US12504L1098;CB RICHARD ELLIS GROUP INC. -CL A;USD;NEW YORK;111111;201;O;9641,000;0,000;0,000;0,000;132,2982;126,7789;1275487,0100;1222275,56;1,043535;156,7900;136,3035;1511612,3900;1314102,75;1511612,3900;1314102,75;151,5800;18,513;10,231;7,513;0,377;0,296;0,223;3,437;0,224;0,000;0,000;0,0000;0,00;;;;DUSD;N069000;T300;;099777      CB RICHARD ELLIS GROUP INC. -CL A;132,29820661;126,77891919;156,79000000;136,30357298;151,58000000;9641,00000000;0,00000000;0,00000000;0,00000000;0,00000000;20251121
88;1O;23399;US70450Y1038;PAYPAL HOLDINGS INC-W/I;USD;OTC;111111;201;O;23855,000;0,000;0,000;0,000;67,3756;57,2500;1607247,2800;1365700,68;1,176866;60,5700;52,6558;1444897,3500;1256104,80;1444897,3500;1256104,80;58,1050;-10,101;-2,257;-8,025;0,360;0,283;0,213;4,242;0,214;0,000;0,000;0,0000;0,00;;;;DUSD;N069000;T300;;099787      PAYPAL HOLDINGS INC-W/I;67,37569817;57,25008090;60,57000000;52,65582891;58,10500000;23855,00000000;0,00000000;0,00000000;0,00000000;0,00000000;20251121
88;1O;02976;US9884981013;YUM BRANDS INC.;USD;NEW YORK;111111;201;O;9011,000;0,000;0,000;0,000;145,8046;126,1286;1313845,7000;1136545,29;1,155999;152,9800;132,9913;1378502,7800;1198385,45;1378502,7800;1198385,45;149,2100;4,921;-0,493;5,441;0,343;0,270;0,203;2,527;0,205;0,000;0,000;0,0000;0,00;;;;DUSD;N069000;T300;;099797      YUM BRANDS INC.;145,80464987;126,12865275;152,98000000;132,99139354;149,21000000;9011,00000000;0,00000000;0,00000000;0,00000000;0,00000000;20251121
88;1O;09755;US92276F1003;VENTAS INC;USD;NEW YORK;111111;201;O;17030,000;0,000;0,000;0,000;59,6917;57,1834;1016551,1700;973834,05;1,043865;79,2400;68,8863;1349457,2000;1173135,01;1349457,2000;1173135,01;79,7800;32,749;10,196;20,466;0,336;0,265;0,199;-0,677;0,200;0,000;0,000;0,0000;0,00;;;;DUSD;N069000;T300;;099801      VENTAS INC;59,69178919;57,18344392;79,24000000;68,88637746;79,78000000;17030,00000000;0,00000000;0,00000000;0,00000000;0,00000000;20251121
88;1O;36719;US52736R1023;LEVI STRAUSS & CO CLASS A;USD;NEW YORK;111111;201;O;64824,000;0,000;0,000;0,000;20,0121;17,2961;1297267,6300;1121208,10;1,157027;20,7600;18,0474;1345746,2400;1169908,93;1345746,2400;1169908,93;20,0300;3,737;-0,581;4,344;0,335;0,264;0,198;3,645;0,200;0,000;0,000;0,0000;0,00;;;;DUSD;N069000;T300;;099802      LEVI STRAUSS & CO CLASS A;20,01215028;17,29618814;20,76000000;18,04746587;20,03000000;64824,00000000;0,00000000;0,00000000;0,00000000;0,00000000;20251121
88;1O;08920;US49271V1008;KUERIG DR PEPPER;USD;NEW YORK;111111;201;O;47744,000;0,000;0,000;0,000;29,8641;25,6680;1425834,6100;1225494,17;1,163477;27,7400;24,1154;1324418,5600;1151367,96;1324418,5600;1151367,96;27,2100;-7,113;-1,133;-6,049;0,330;0,260;0,195;1,948;0,196;0,000;0,000;0,0000;0,00;;;;DUSD;N069000;T300;;099805      KUERIG DR PEPPER;29,86416324;25,66802467;27,74000000;24,11544814;27,21000000;47744,00000000;0,00000000;0,00000000;0,00000000;0,00000000;20251121
88;1O;07900;US5500211090;LULULEMON ATHLETICA INC;USD;OTC;111111;201;O;7655,000;0,000;0,000;0,000;172,4317;147,9800;1319965,1300;1132787,55;1,165236;168,1800;146,2053;1287417,9000;1119201,86;1287417,9000;1119201,86;164,6900;-2,466;-1,282;-1,199;0,321;0,252;0,190;2,119;0,191;0,000;0,000;0,0000;0,00;;;;DUSD;N069000;T300;;099810      LULULEMON ATHLETICA INC;172,43176094;147,98008491;168,18000000;146,20533773;164,69000000;7655,00000000;0,00000000;0,00000000;0,00000000;0,00000000;20251121
88;1O;32178;US3802371076;GODADDY-ORD SHS CL A;USD;NEW YORK;111111;201;O;9388,000;0,000;0,000;0,000;193,9354;186,3273;1820666,3900;1749241,46;1,040832;127,0600;110,4581;1192839,2800;1036981,03;1192839,2800;1036981,03;124,2300;-34,483;10,517;-40,718;0,297;0,234;0,176;2,278;0,177;0,000;0,000;0,0000;0,00;;;;DUSD;N069000;T300;;099824      GODADDY-ORD SHS CL A;193,93549105;186,32738176;127,06000000;110,45814135;124,23000000;9388,00000000;0,00000000;0,00000000;0,00000000;0,00000000;20251121
88;1O;09902;US28176E1082;EDWARDS LIFESCIENCES CORP;USD;NEW YORK;111111;201;O;13728,000;0,000;0,000;0,000;74,3164;71,3670;1020216,7800;979727,23;1,041327;85,1300;74,0067;1168664,6400;1015965,09;1168664,6400;1015965,09;84,0900;14,551;10,465;3,699;0,291;0,229;0,172;1,237;0,173;0,000;0,000;0,0000;0,00;;;;DUSD;N069000;T300;;099828      EDWARDS LIFESCIENCES CORP;74,31649038;71,36707677;85,13000000;74,00678083;84,09000000;13728,00000000;0,00000000;0,00000000;0,00000000;0,00000000;20251121
88;1O;03963;US1273871087;CADENCE DESIGN SYS INC.;USD;OTC;111111;201;O;3498,000;0,000;0,000;0,000;371,2701;315,4635;1298702,9100;1103491,55;1,176903;300,5800;261,3057;1051428,8400;914047,50;1051428,8400;914047,50;302,1400;-19,040;-2,260;-17,168;0,262;0,206;0,155;-0,516;0,156;0,000;0,000;0,0000;0,00;;;;DUSD;N069000;T300;;099845      CADENCE DESIGN SYS INC.;371,27012864;315,46356489;300,58000000;261,30574632;302,14000000;3498,00000000;0,00000000;0,00000000;0,00000000;0,00000000;20251121
88;1O;05346;US1924461023;COGNIZANT TECH SOLUTIONS A;USD;OTC;111111;201;O;13290,000;0,000;0,000;0,000;76,4875;73,4004;1016520,1500;975491,78;1,042059;75,9800;66,0523;1009774,2000;877835,52;1009774,2000;877835,52;72,3500;-0,664;10,387;-10,011;0,252;0,198;0,149;5,017;0,150;0,000;0,000;0,0000;0,00;;;;DUSD;N069000;T300;;099851      COGNIZANT TECH SOLUTIONS A;76,48759593;73,40043491;75,98000000;66,05233417;72,35000000;13290,00000000;0,00000000;0,00000000;0,00000000;0,00000000;20251121
88;1O;37182;US45687V1061;INGERSOLL RAND-ORD SHS;USD;NEW YORK;111111;201;O;12476,000;0,000;0,000;0,000;89,4199;85,8505;1115603,8300;1071071,33;1,041578;78,5400;68,2778;979865,0400;851834,34;979865,0400;851834,34;74,5400;-12,167;10,438;-20,469;0,244;0,192;0,145;5,366;0,145;0,000;0,000;0,0000;0,00;;;;DUSD;N069000;T300;;099855      INGERSOLL RAND-ORD SHS;89,41999278;85,85053943;78,54000000;68,27784056;74,54000000;12476,00000000;0,00000000;0,00000000;0,00000000;0,00000000;20251121
88;1O;04020;US0534841012;AVALONBAY COMMUNITIES INC.;USD;NEW YORK;111111;201;O;4972,000;0,000;0,000;0,000;217,9407;209,2169;1083601,4100;1040226,49;1,041698;180,6800;157,0720;898340,9600;780962,32;898340,9600;780962,32;177,0400;-17,097;10,425;-24,924;0,224;0,176;0,133;2,056;0,133;0,000;0,000;0,0000;0,00;;;;DUSD;N069000;T300;;099867      AVALONBAY COMMUNITIES INC.;217,94075020;209,21691271;180,68000000;157,07206815;177,04000000;4972,00000000;0,00000000;0,00000000;0,00000000;0,00000000;20251121
88;1O;02074;US98956P1021;ZIMMER HOLDINGS INC.;USD;NEW YORK;111111;201;O;9557,000;0,000;0,000;0,000;105,3206;101,2103;1006549,9200;967267,48;1,040612;92,1800;80,1356;880964,2600;765856,09;880964,2600;765856,09;89,0700;-12,477;10,541;-20,823;0,220;0,173;0,130;3,492;0,131;0,000;0,000;0,0000;0,00;;;;DUSD;N069000;T300;;099870      ZIMMER HOLDINGS INC.;105,32069896;101,21036727;92,18000000;80,13561679;89,07000000;9557,00000000;0,00000000;0,00000000;0,00000000;0,00000000;20251121
88;1O;06332;US48020Q1076;JONES LANG LASALLE INC;USD;NEW YORK;111111;201;O;1454,000;0,000;0,000;0,000;254,9155;244,2784;370647,2600;355180,93;1,043545;314,8700;273,7285;457820,9800;398001,37;457820,9800;398001,37;301,6600;23,519;10,230;12,056;0,114;0,090;0,068;4,379;0,068;0,000;0,000;0,0000;0,00;;;;DUSD;N069000;T300;;099932      JONES LANG LASALLE INC;254,91558459;244,27849381;314,87000000;273,72859254;301,66000000;1454,00000000;0,00000000;0,00000000;0,00000000;0,00000000;20251121
88;1O;00814;US1011211018;BOSTON PROPERTIES INC.;USD;NEW YORK;111111;201;O;4438,000;0,000;0,000;0,000;73,9590;70,9617;328230,4200;314928,45;1,042238;70,0400;60,8884;310837,5200;270223,00;310837,5200;270223,00;68,6600;-5,299;10,368;-14,195;0,077;0,061;0,046;2,010;0,046;0,000;0,000;0,0000;0,00;;;;DUSD;N069000;T300;;099954      BOSTON PROPERTIES INC.;73,95908517;70,96179585;70,04000000;60,88846387;68,66000000;4438,00000000;0,00000000;0,00000000;0,00000000;0,00000000;20251121
88;1O;03392;CH0013841017;LONZA GROUP AG-REG;CHF;VIRTX;111111;201;O;9181,000;0,000;0,000;0,000;535,4379;570,7213;4915855,7400;5239792,80;0,938178;534,8000;574,8065;4909998,8000;5277298,80;4909998,8000;5277298,80;530,0000;-0,119;-0,829;0,716;46,389;1,190;0,895;0,906;0,901;0,000;0,000;0,0000;0,00;;;;DCHF;N071000;T300;;099105      LONZA GROUP AG-REG;535,43794140;570,72135932;534,80000000;574,80653482;530,00000000;9181,00000000;0,00000000;0,00000000;0,00000000;0,00000000;20251121
88;1O;01930;CH0012221716;ABB LTD - NOM;CHF;VIRTX;111111;201;O;49178,000;0,000;0,000;0,000;58,5305;62,7376;2878416,5400;3085312,75;0,932942;54,6200;58,7059;2686102,3600;2887040,37;2686102,3600;2887040,37;55,6400;-6,681;-0,272;-6,426;25,378;0,651;0,490;-1,833;0,493;0,000;0,000;0,0000;0,00;;;;DCHF;N071000;T300;;099510      ABB LTD - NOM;58,53057342;62,73766216;54,62000000;58,70593293;55,64000000;49178,00000000;0,00000000;0,00000000;0,00000000;0,00000000;20251121
88;1O;01931;CH0012005267;NOVARTIS AG - NOM.;CHF;VIRTX;111111;201;O;22986,000;0,000;0,000;0,000;101,4248;108,2216;2331352,0500;2487582,13;0,937196;102,8800;110,5760;2364799,6800;2541702,15;2364799,6800;2541702,15;100,4200;1,435;-0,725;2,176;22,342;0,573;0,431;2,450;0,434;0,000;0,000;0,0000;0,00;;;;DCHF;N071000;T300;;099569      NOVARTIS AG - NOM.;101,42486948;108,22161881;102,88000000;110,57609630;100,42000000;22986,00000000;0,00000000;0,00000000;0,00000000;0,00000000;20251121
88;1O;39064;CH0025751329;LOGITECH INTL SA;USD;OTC;111111;201;O;37503,000;0,000;0,000;0,000;83,2463;79,7449;3121986,0000;2990673,58;1,043907;109,9200;95,5576;4122329,7600;3583699,70;4122329,7600;3583699,70;106,6400;32,042;10,192;19,829;1,027;0,808;0,608;3,076;0,612;0,000;0,000;0,0000;0,00;;;;DUSD;N071000;T300;;099392      LOGITECH INTL SA;83,24630029;79,74491587;109,92000000;95,55768060;106,64000000;37503,00000000;0,00000000;0,00000000;0,00000000;0,00000000;20251121
88;1O;60381;IE000IVNQZ81;TE CONNECTIVITY PLC;USD;NEW YORK;111111;201;O;11516,000;0,000;0,000;0,000;142,9700;138,0552;1646442,5200;1589844,07;1,035600;218,9300;190,3242;2521197,8800;2191774,22;2521197,8800;2191774,22;214,4900;53,130;11,076;37,861;0,628;0,494;0,372;2,070;0,374;0,000;0,000;0,0000;0,00;;;;DUSD;N071000;T300;;099628      TE CONNECTIVITY PLC;142,97000000;138,05523358;218,93000000;190,32426323;214,49000000;11516,00000000;0,00000000;0,00000000;0,00000000;0,00000000;20251121
88;1O;00872;KR7000660001;SK HYNIX INC.;KRW;SEOUL;111111;201;O;6190,000;0,000;0,000;0,000;354762,8432;216,8825;2195982000,0000;1342502,70;1635,737492;521000,0000;306,8807;3224990000,0000;1899591,91;3224990000,0000;1899591,91;571000,0000;46,859;3,790;41,496;64,408;0,428;0,322;-8,757;0,324;0,000;0,000;0,0000;0,00;;;;DKRW;N084000;T300;;099678      SK HYNIX INC.;354762,84329563;216,88250403;521000,00000000;306,88076145;571000,00000000;6190,00000000;0,00000000;0,00000000;0,00000000;0,00000000;20251121
88;1O;02748;KR7066570003;LG ELECTRONICS INC.;KRW;SEOUL;111111;201;O;20627,000;0,000;0,000;0,000;82932,4234;54,2130;1710647099,0000;1118252,04;1529,750931;86400,0000;50,8915;1782172800,0000;1049740,01;1782172800,0000;1049740,01;87300,0000;4,181;10,981;-6,127;35,592;0,237;0,178;-1,031;0,179;0,000;0,000;0,0000;0,00;;;;DKRW;N084000;T300;;099822      LG ELECTRONICS INC.;82932,42347408;54,21302370;86400,00000000;50,89155045;87300,00000000;20627,00000000;0,00000000;0,00000000;0,00000000;0,00000000;20251121
88;1O;09635;JP3651210001;NABTESCO CORP;JPY;TOKYO;111111;201;O;227039,000;0,000;0,000;0,000;2761,7974;17,0004;627035725,2790;3859757,73;162,454685;3282,0000;18,2229;745141998,0000;4137321,79;745141998,0000;4137321,79;3272,0000;18,836;10,863;7,191;8,132;0,933;0,702;0,306;0,706;0,000;0,000;0,0000;0,00;;;;DJPY;N088000;T300;;099298      NABTESCO CORP;2761,79742369;17,00041724;3282,00000000;18,22295637;3272,00000000;227039,00000000;0,00000000;0,00000000;0,00000000;0,00000000;20251121
88;1O;00664;JP3266400005;KUBOTA CORP.;JPY;TOKYO;111111;201;O;319300,000;0,000;0,000;0,000;1690,2401;10,1137;539693680,0000;3229334,47;167,122262;2128,5000;11,8182;679630050,0000;3773573,66;679630050,0000;3773573,66;2066,0000;25,929;7,767;16,853;7,417;0,851;0,640;3,025;0,644;0,000;0,000;0,0000;0,00;;;;DJPY;N088000;T300;;099360      KUBOTA CORP.;1690,24015032;10,11379414;2128,50000000;11,81827015;2066,00000000;319300,00000000;0,00000000;0,00000000;0,00000000;0,00000000;20251121
88;1O;00810;JP3205800000;KAO CORP.;JPY;TOKYO;111111;201;O;96600,000;0,000;0,000;0,000;6358,9943;39,3788;614278857,0000;3803998,60;161,482409;6589,0000;36,5847;636497400,0000;3534084,20;636497400,0000;3534084,20;6474,0000;3,617;11,531;-7,096;6,946;0,797;0,600;1,776;0,603;0,000;0,000;0,0000;0,00;;;;DJPY;N088000;T300;;099400      KAO CORP.;6358,99437888;39,37886749;6589,00000000;36,58472258;6474,00000000;96600,00000000;0,00000000;0,00000000;0,00000000;0,00000000;20251121
88;1O;00148;JP3733000008;NEC CORP.;JPY;TOKYO;111111;201;O;101200,000;0,000;0,000;0,000;5405,1196;30,3238;546998105,0000;3068769,05;178,246748;6074,0000;33,7252;614688800,0000;3412994,27;614688800,0000;3412994,27;5980,0000;12,375;1,041;11,217;6,708;0,770;0,579;1,572;0,582;0,000;0,000;0,0000;0,00;;;;DJPY;N088000;T300;;099421      NEC CORP.;5405,11961462;30,32380484;6074,00000000;33,72523979;5980,00000000;101200,00000000;0,00000000;0,00000000;0,00000000;0,00000000;20251121
88;1O;00117;JP3270000007;KURITA WATER INDUSTRIES LTD.;JPY;TOKYO;111111;201;O;100300,000;0,000;0,000;0,000;5328,3763;32,2304;534436152,0000;3232714,17;165,321190;6094,0000;33,8362;611228200,0000;3393779,65;611228200,0000;3393779,65;6134,0000;14,369;8,941;4,982;6,670;0,765;0,576;-0,652;0,579;0,000;0,000;0,0000;0,00;;;;DJPY;N088000;T300;;099424      KURITA WATER INDUSTRIES LTD.;5328,37639082;32,23045034;6094,00000000;33,83628766;6134,00000000;100300,00000000;0,00000000;0,00000000;0,00000000;0,00000000;20251121
88;1O;00163;JP3190000004;OBAYASHI CORP.;JPY;TOKYO;111111;201;O;184000,000;0,000;0,000;0,000;2102,3550;12,8890;386833330,6840;2371591,53;163,111280;3125,0000;17,3512;575000000,0000;3192626,42;575000000,0000;3192626,42;2976,5000;48,643;10,417;34,620;6,275;0,720;0,542;4,989;0,545;0,000;0,000;0,0000;0,00;;;;DJPY;N088000;T300;;099458      OBAYASHI CORP.;2102,35505806;12,88908440;3125,00000000;17,35123054;2976,50000000;184000,00000000;0,00000000;0,00000000;0,00000000;0,00000000;20251121
88;1O;00196;JP3435000009;SONY CORP.;JPY;TOKYO;111111;201;O;126900,000;0,000;0,000;0,000;3224,0194;19,8332;409128065,0000;2516844,69;162,555944;4507,0000;25,0246;571938300,0000;3175626,66;571938300,0000;3175626,66;4461,0000;39,794;10,794;26,175;6,242;0,716;0,539;1,031;0,542;0,000;0,000;0,0000;0,00;;;;DJPY;N088000;T300;;099461      SONY CORP.;3224,01942474;19,83329148;4507,00000000;25,02463874;4461,00000000;126900,00000000;0,00000000;0,00000000;0,00000000;0,00000000;20251121
88;1O;00433;JP3596200000;TOTO LTD.;JPY;TOKYO;111111;201;O;142000,000;0,000;0,000;0,000;3866,6151;23,4302;549059358,0000;3327100,93;165,026361;3897,0000;21,6376;553374000,0000;3072550,35;553374000,0000;3072550,35;3834,0000;0,786;9,136;-7,651;6,039;0,693;0,521;1,643;0,524;0,000;0,000;0,0000;0,00;;;;DJPY;N088000;T300;;099479      TOTO LTD.;3866,61519718;23,43028823;3897,00000000;21,63767854;3834,00000000;142000,00000000;0,00000000;0,00000000;0,00000000;0,00000000;20251121
88;1O;00144;JP3914400001;MURATA MANUFACTURING CO.LTD.;JPY;TOKYO;111111;201;O;162800,000;0,000;0,000;0,000;2476,5429;15,0419;403181187,0800;2448837,09;164,641898;3033,0000;16,8404;493772400,0000;2741618,80;493772400,0000;2741618,80;3078,0000;22,469;9,390;11,956;5,389;0,618;0,465;-1,462;0,468;0,000;0,000;0,0000;0,00;;;;DJPY;N088000;T300;;099535      MURATA MANUFACTURING CO.LTD.;2476,54291818;15,04199686;3033,00000000;16,84041032;3078,00000000;162800,00000000;0,00000000;0,00000000;0,00000000;0,00000000;20251121
88;1O;00096;JP3854600008;HONDA MOTOR CO.;JPY;TOKYO;111111;201;O;285100,000;0,000;0,000;0,000;1546,1950;9,1470;440820215,4070;2607811,29;169,038388;1538,5000;8,5423;438626350,0000;2435426,22;438626350,0000;2435426,22;1514,0000;-0,498;6,545;-6,610;4,787;0,549;0,413;1,618;0,416;0,000;0,000;0,0000;0,00;;;;DJPY;N088000;T300;;099587      HONDA MOTOR CO.;1546,19507333;9,14700557;1538,50000000;8,54235782;1514,00000000;285100,00000000;0,00000000;0,00000000;0,00000000;0,00000000;20251121
88;1O;00216;JP3538800008;TDK CORP.;JPY;TOKYO;111111;201;O;174800,000;0,000;0,000;0,000;1801,0618;11,0585;314825609,0000;1933037,83;162,865726;2413,5000;13,4007;421879800,0000;2342442,78;421879800,0000;2342442,78;2490,5000;34,004;10,583;21,179;4,604;0,528;0,397;-3,092;0,400;0,000;0,000;0,0000;0,00;;;;DJPY;N088000;T300;;099603      TDK CORP.;1801,06183638;11,05856882;2413,50000000;13,40070237;2490,50000000;174800,00000000;0,00000000;0,00000000;0,00000000;0,00000000;20251121
88;1O;00447;JP3571400005;TOKYO ELECTRON LTD.;JPY;TOKYO;111111;201;O;13800,000;0,000;0,000;0,000;27438,8316;157,0074;378655877,0000;2166703,25;174,761300;30180,0000;167,5712;416484000,0000;2312483,17;416484000,0000;2312483,17;32500,0000;9,990;3,056;6,728;4,545;0,521;0,392;-7,138;0,395;0,000;0,000;0,0000;0,00;;;;DJPY;N088000;T300;;099608      TOKYO ELECTRON LTD.;27438,83166666;157,00748188;30180,00000000;167,57124415;32500,00000000;13800,00000000;0,00000000;0,00000000;0,00000000;0,00000000;20251121
88;1O;00251;JP3942400007;ASTELLAS PHARMA INC.;JPY;TOKYO;111111;201;O;198800,000;0,000;0,000;0,000;1533,7730;9,4049;304914084,0000;1869702,37;163,081616;1964,5000;10,9076;390542600,0000;2168446,30;390542600,0000;2168446,30;1979,5000;28,083;10,437;15,978;4,262;0,489;0,368;-0,758;0,370;0,000;0,000;0,0000;0,00;;;;DJPY;N088000;T300;;099632      ASTELLAS PHARMA INC.;1533,77305835;9,40494149;1964,50000000;10,90767757;1979,50000000;198800,00000000;0,00000000;0,00000000;0,00000000;0,00000000;20251121
88;1O;00037;JP3830800003;BRIDGESTONE CORP.;JPY;TOKYO;111111;201;O;52900,000;0,000;0,000;0,000;6463,8723;37,4498;341938848,5390;1981099,52;172,600541;7222,0000;40,0993;382043800,0000;2121257,62;382043800,0000;2121257,62;7104,0000;11,729;4,346;7,075;4,169;0,478;0,360;1,661;0,362;0,000;0,000;0,0000;0,00;;;;DJPY;N088000;T300;;099640      BRIDGESTONE CORP.;6463,87237313;37,44989640;7222,00000000;40,09938784;7104,00000000;52900,00000000;0,00000000;0,00000000;0,00000000;0,00000000;20251121
88;1O;03334;JP3148800000;IBIDEN CO. LTD.;JPY;TOKYO;111111;201;O;30873,000;0,000;0,000;0,000;4598,6155;28,3834;141973058,6140;876281,82;162,017579;11330,0000;62,9086;349791090,0000;1942177,87;349791090,0000;1942177,87;12535,0000;146,378;11,162;121,638;3,817;0,438;0,330;-9,613;0,331;0,000;0,000;0,0000;0,00;;;;DJPY;N088000;T300;;099670      IBIDEN CO. LTD.;4598,61557393;28,38343601;11330,00000000;62,90862147;12535,00000000;30873,00000000;0,00000000;0,00000000;0,00000000;0,00000000;20251121
88;1O;00618;JP3358800005;SHIMIZU CORP.;JPY;TOKYO;111111;201;O;136400,000;0,000;0,000;0,000;1279,6496;7,8386;174544215,0000;1069191,37;163,248806;2572,0000;14,2807;350820800,0000;1947895,23;350820800,0000;1947895,23;2539,5000;100,993;10,324;82,184;3,828;0,439;0,330;1,280;0,332;0,000;0,000;0,0000;0,00;;;;DJPY;N088000;T300;;099670      SHIMIZU CORP.;1279,64967008;7,83864640;2572,00000000;14,28075679;2539,50000000;136400,00000000;0,00000000;0,00000000;0,00000000;0,00000000;20251121
88;1O;05704;JP3475350009;DAIICHI SANKYO CO LTD;JPY;TOKYO;111111;201;O;70900,000;0,000;0,000;0,000;4302,6197;26,3953;305055740,0000;1871432,12;163,006575;3700,0000;20,5438;262330000,0000;1456559,46;262330000,0000;1456559,46;3627,0000;-14,006;10,488;-22,169;2,863;0,328;0,247;2,013;0,249;0,000;0,000;0,0000;0,00;;;;DJPY;N088000;T300;;099753      DAIICHI SANKYO CO LTD;4302,61974612;26,39537545;3700,00000000;20,54385697;3627,00000000;70900,00000000;0,00000000;0,00000000;0,00000000;0,00000000;20251121
88;1O;05558;JP3118000003;ASICS CORP;JPY;TOKYO;111111;201;O;60000,000;0,000;0,000;0,000;4021,9136;22,6868;241314816,0000;1361209,52;177,279700;3744,0000;20,7881;224640000,0000;1247289,74;224640000,0000;1247289,74;3661,0000;-6,910;1,592;-8,369;2,451;0,281;0,212;2,267;0,213;0,000;0,000;0,0000;0,00;;;;DJPY;N088000;T300;;099788      ASICS CORP;4021,91360000;22,68682533;3744,00000000;20,78816229;3661,00000000;60000,00000000;0,00000000;0,00000000;0,00000000;0,00000000;20251121
88;1O;03500;JP3164720009;RENEAS  ELECTRONICS CORP.;JPY;TOKYO;111111;201;O;76900,000;0,000;0,000;0,000;2029,2531;12,4486;156049565,8060;957297,89;163,010456;1798,0000;9,9832;138266200,0000;767708,39;138266200,0000;767708,39;1847,0000;-11,396;10,485;-19,805;1,509;0,173;0,130;-2,653;0,131;0,000;0,000;0,0000;0,00;;;;DJPY;N088000;T300;;099870      RENEAS  ELECTRONICS CORP.;2029,25313141;12,44860715;1798,00000000;9,98320400;1847,00000000;76900,00000000;0,00000000;0,00000000;0,00000000;0,00000000;20251121
88;1O;17960;JP3351100007;SYSMEX CORP;JPY;TOKYO;111111;201;O;67300,000;0,000;0,000;0,000;2882,0211;17,6865;193960024,0000;1190303,28;162,950088;1558,5000;8,6534;104887050,0000;582374,20;104887050,0000;582374,20;1497,0000;-45,923;10,526;-51,073;1,145;0,131;0,099;4,108;0,099;0,000;0,000;0,0000;0,00;;;;DJPY;N088000;T300;;099901      SYSMEX CORP;2882,02115899;17,68652719;1558,50000000;8,65340569;1497,00000000;67300,00000000;0,00000000;0,00000000;0,00000000;0,00000000;20251121
88;1O;00192;JP3351600006;SHISEIDO CO.;JPY;TOKYO;111111;201;O;7600,000;0,000;0,000;0,000;2769,0657;16,9899;21044900,0000;129123,74;162,982423;2201,0000;12,2208;16727600,0000;92878,22;16727600,0000;92878,22;2185,5000;-20,515;10,504;-28,070;0,183;0,021;0,016;0,709;0,016;0,000;0,000;0,0000;0,00;;;;DJPY;N088000;T300;;099984      SHISEIDO CO.;2769,06578947;16,98996578;2201,00000000;12,22081870;2185,50000000;7600,00000000;0,00000000;0,00000000;0,00000000;0,00000000;20251121
88;1O;01571;HK0066009694;MTR CORP.;HKD;HONG KONG;111111;201;O;1092256,000;0,000;0,000;0,000;27,0248;3,3421;29518081,4000;3650517,27;8,086000;30,3400;3,3876;33139047,0400;3700206,23;33139047,0400;3700206,23;30,4600;12,267;10,759;1,361;37,746;0,834;0,628;-0,394;0,631;0,000;0,000;0,0000;0,00;;;;DHKD;N103000;T300;;099372      MTR CORP.;27,02487457;3,34218101;30,34000000;3,38767306;30,46000000;1092256,00000000;0,00000000;0,00000000;0,00000000;0,00000000;20251121
88;1O;01620;HK0992009065;LENOVO GROUP LTD.;HKD;HONG KONG;111111;201;O;2402000,000;0,000;0,000;0,000;10,0295;1,2448;24090881,8000;2990046,54;8,057026;9,6800;1,0808;23251360,0000;2596176,86;23251360,0000;2596176,86;9,7200;-3,485;11,158;-13,173;26,484;0,585;0,440;-0,412;0,443;0,000;0,000;0,0000;0,00;;;;DHKD;N103000;T300;;099560      LENOVO GROUP LTD.;10,02950949;1,24481537;9,68000000;1,08083966;9,72000000;2402000,00000000;0,00000000;0,00000000;0,00000000;0,00000000;20251121
88;1O;03896;HK0688002218;CHINA OVERSEAS LAND & INVESTMENT LTD;HKD;HONG KONG;111111;201;O;1575000,000;0,000;0,000;0,000;12,4261;1,5414;19571200,9000;2427807,95;8,061264;13,6600;1,5252;21514500,0000;2402244,31;21514500,0000;2402244,31;13,7200;9,929;11,099;-1,053;24,506;0,542;0,408;-0,437;0,410;0,000;0,000;0,0000;0,00;;;;DHKD;N103000;T300;;099592      CHINA OVERSEAS LAND & INVESTMENT LTD;12,42615930;1,54146536;13,66000000;1,52523447;13,72000000;1575000,00000000;0,00000000;0,00000000;0,00000000;0,00000000;20251121
88;1O;00211;HK0019000162;SWIRE PACIFIC LTD. CLA;HKD;HONG KONG;111111;201;O;134343,000;0,000;0,000;0,000;70,4500;8,7573;9464464,3500;1176484,44;8,044700;67,0000;7,4810;9000981,0000;1005022,44;9000981,0000;1005022,44;68,7500;-4,897;11,328;-14,574;10,252;0,227;0,171;-2,545;0,172;0,000;0,000;0,0000;0,00;;;;DHKD;N103000;T300;;099829      SWIRE PACIFIC LTD. CLA;70,45000000;8,75731850;67,00000000;7,48101831;68,75000000;134343,00000000;0,00000000;0,00000000;0,00000000;0,00000000;20251121
88;2;00001;;LIQUIDITA';EUR;;;610;;0,000;0,000;0,000;0,000;0,0000;0,0000;0,0000;0,00;0,000000;0,0000;0,0000;0,0000;1509791,21;0,0000;1509791,21;0,0000;0,000;0,000;0,000;0,000;0,000;0,256;0,000;0,258;0,000;0,000;0,0000;0,00;2;;;;;;;;0,00000000;0,00000000;0,00000000;0,00000000;0,00000000;0,00000000;0,00000000;0,00000000;0,00000000;0,00000000;20251121
88;2;00002;;LIQUIDITA' A SCADERE;EUR;;;620;;0,000;0,000;0,000;0,000;0,0000;0,0000;0,0000;0,00;0,000000;0,0000;0,0000;0,0000;47829,86;0,0000;47829,86;0,0000;0,000;0,000;0,000;0,000;0,000;0,008;0,000;0,008;0,000;0,000;0,0000;0,00;3;;;;;;;;0,00000000;0,00000000;0,00000000;0,00000000;0,00000000;0,00000000;0,00000000;0,00000000;0,00000000;0,00000000;20251121
88;2;00016;;GIACENZE DI DOLLARI AUSTRALIANI      AUD;AUD;;;621;;7921010,450;0,000;0,000;0,000;0,0000;0,5770;7921010,4500;4571063,94;1,732859;0,0000;1,7881;7921010,4500;4429847,58;7921010,4500;4429847,58;0,0000;0,000;0,000;0,000;0,000;0,000;0,752;0,000;0,756;0,000;0,000;0,0000;0,00;3AUD1;;;;;;;;0,00000000;0,57708091;0,00000000;1,78810000;0,00000000;7921010,45000000;0,00000000;0,00000000;0,00000000;0,00000000;20251121
88;2;00016;;IMPEGNI IN DOLLARI AUSTRALIANI       AUD;AUD;;;622;;-500000,000;0,000;0,000;0,000;0,0000;0,5613;-500000,0000;-280686,00;1,781350;0,0000;1,7881;-500000,0000;-279626,42;-500000,0000;-279626,42;0,0000;0,000;0,000;0,000;0,000;0,000;-0,047;0,000;-0,048;0,000;0,000;0,0000;0,00;3AUD2;;;;;;;;0,00000000;0,56137200;0,00000000;1,78810000;0,00000000;-500000,00000000;0,00000000;0,00000000;0,00000000;0,00000000;20251121
88;2;00009;;GIACENZE DI DOLLARI CANADESI         CAD;CAD;;;621;;2093328,690;0,000;0,000;0,000;0,0000;0,6701;2093328,6900;1402782,19;1,492269;0,0000;1,6250;2093328,6900;1288202,27;2093328,6900;1288202,27;0,0000;0,000;0,000;0,000;0,000;0,000;0,219;0,000;0,220;0,000;0,000;0,0000;0,00;3CAD1;;;;;;;;0,00000000;0,67012036;0,00000000;1,62500000;0,00000000;2093328,69000000;0,00000000;0,00000000;0,00000000;0,00000000;20251121
88;2;00009;;IMPEGNI IN DIVISA DOLLARI CANADESI   CAD;CAD;;;622;;-37859,120;0,000;0,000;0,000;0,0000;0,6153;-37859,1200;-23297,92;1,625000;0,0000;1,6250;-37859,1200;-23297,92;-37859,1200;-23297,92;0,0000;0,000;0,000;0,000;0,000;0,000;-0,004;0,000;-0,004;0,000;0,000;0,0000;0,00;3CAD2;;;;;;;;0,00000000;0,61538461;0,00000000;1,62500000;0,00000000;-37859,12000000;0,00000000;0,00000000;0,00000000;0,00000000;20251121
88;2;00007;;GIACENZE DI FRANCHI SVIZZERI         CHF;CHF;;;621;;1049141,060;0,000;0,000;0,000;0,0000;1,0732;1049141,0600;1125990,22;0,931750;0,0000;0,9304;1049141,0600;1127623,67;1049141,0600;1127623,67;0,0000;0,000;0,000;0,000;0,000;0,000;0,191;0,000;0,192;0,000;0,000;0,0000;0,00;3CHF1;;;;;;;;0,00000000;1,07324959;0,00000000;0,93040000;0,00000000;1049141,06000000;0,00000000;0,00000000;0,00000000;0,00000000;20251121
88;2;00007;;IMPEGNI IN DIVISA FRANCHI SVIZZERI   CHF;CHF;;;622;;-425632,170;0,000;0,000;0,000;0,0000;1,0747;-425632,1700;-457446,24;0,930453;0,0000;0,9304;-425632,1700;-457472,24;-425632,1700;-457472,24;0,0000;0,000;0,000;0,000;0,000;0,000;-0,078;0,000;-0,078;0,000;0,000;0,0000;0,00;3CHF2;;;;;;;;0,00000000;1,07474545;0,00000000;0,93040000;0,00000000;-425632,17000000;0,00000000;0,00000000;0,00000000;0,00000000;20251121
88;2;00035;;GIACENZE DI CORONA DANESE            DKK;DKK;;;621;;300973,480;0,000;0,000;0,000;0,0000;0,1338;300973,4800;40296,02;7,469062;0,0000;7,4690;300973,4800;40296,36;300973,4800;40296,36;0,0000;0,000;0,000;0,000;0,000;0,000;0,007;0,000;0,007;0,000;0,000;0,0000;0,00;3DKK1;;;;;;;;0,00000000;0,13388561;0,00000000;7,46900000;0,00000000;300973,48000000;0,00000000;0,00000000;0,00000000;0,00000000;20251121
88;2;00035;;IMPEGNI IN DIVISA CORONA DANESE      DKK;DKK;;;622;;22487,710;0,000;0,000;0,000;0,0000;0,1338;22487,7100;3009,37;7,472564;0,0000;7,4690;22487,7100;3010,81;22487,7100;3010,81;0,0000;0,000;0,000;0,000;0,000;0,000;0,001;0,000;0,001;0,000;0,000;0,0000;0,00;3DKK2;;;;;;;;0,00000000;0,13382287;0,00000000;7,46900000;0,00000000;22487,71000000;0,00000000;0,00000000;0,00000000;0,00000000;20251121
88;2;00006;;GIACENZE DI STERLINE INGLESI         GBP;GBP;;;621;;9985842,570;0,000;0,000;0,000;0,0000;1,1478;9985842,5700;11462357,08;0,871186;0,0000;0,8792;9985842,5700;11357873,71;9985842,5700;11357873,71;0,0000;0,000;0,000;0,000;0,000;0,000;1,927;0,000;1,938;0,000;0,000;0,0000;0,00;3GBP1;;;;;;;;0,00000000;1,14786078;0,00000000;0,87920000;0,00000000;9985842,57000000;0,00000000;0,00000000;0,00000000;0,00000000;20251121
88;2;00006;;IMPEGNI IN DIVISA STERLINE INGLESI   LST;GBP;;;622;;-876417,600;0,000;0,000;0,000;0,0000;1,1383;-876417,6000;-997630,62;0,878499;0,0000;0,8792;-876417,6000;-996835,30;-876417,6000;-996835,30;0,0000;0,000;0,000;0,000;0,000;0,000;-0,169;0,000;-0,170;0,000;0,000;0,0000;0,00;3GBP2;;;;;;;;0,00000000;1,13830509;0,00000000;0,87920000;0,00000000;-876417,60000000;0,00000000;0,00000000;0,00000000;0,00000000;20251121
88;2;00014;;GIACENZE DI HONG KONG DOLLAR         HKD;HKD;;;621;;1388195,690;0,000;0,000;0,000;0,0000;0,1105;1388195,6900;153429,02;9,047804;0,0000;8,9560;1388195,6900;155001,75;1388195,6900;155001,75;0,0000;0,000;0,000;0,000;0,000;0,000;0,026;0,000;0,026;0,000;0,000;0,0000;0,00;3HKD1;;;;;;;;0,00000000;0,11052405;0,00000000;8,95600000;0,00000000;1388195,69000000;0,00000000;0,00000000;0,00000000;0,00000000;20251121
88;2;00014;;IMPEGNI IN DIVISA HONG KONG DOLLAR   HKD;HKD;;;622;;-500000,000;0,000;0,000;0,000;0,0000;0,1116;-500000,0000;-55840,34;8,954100;0,0000;8,9560;-500000,0000;-55828,49;-500000,0000;-55828,49;0,0000;0,000;0,000;0,000;0,000;0,000;-0,009;0,000;-0,010;0,000;0,000;0,0000;0,00;3HKD2;;;;;;;;0,00000000;0,11168068;0,00000000;8,95600000;0,00000000;-500000,00000000;0,00000000;0,00000000;0,00000000;0,00000000;20251121
88;2;00008;;GIACENZE DI YEN GIAPPONESI           JPY;JPY;;;621;;294925862,000;0,000;0,000;0,000;0,0000;0,0055;294925862,0000;1633804,10;180,514825;0,0000;180,1025;294925862,0000;1637544,52;294925862,0000;1637544,52;0,0000;0,000;0,000;0,000;0,000;0,000;0,278;0,000;0,279;0,000;0,000;0,0000;0,00;3JPY1;;;;;;;;0,00000000;0,00553971;0,00000000;180,10250000;0,00000000;294925862,00000000;0,00000000;0,00000000;0,00000000;0,00000000;20251121
88;2;00008;;IMPEGNI IN DIVISA YEN GIAPPONESI     JPY;JPY;;;622;;-109803978,000;0,000;0,000;0,000;0,0000;0,0055;-109803978,0000;-604084,29;181,769299;0,0000;180,1025;-109803978,0000;-609674,92;-109803978,0000;-609674,92;0,0000;0,000;0,000;0,000;0,000;0,000;-0,103;0,000;-0,104;0,000;0,000;0,0000;0,00;3JPY2;;;;;;;;0,00000000;0,00550147;0,00000000;180,10250000;0,00000000;-109803978,00000000;0,00000000;0,00000000;0,00000000;0,00000000;20251121
88;2;00031;;GIACENZE DI CORONA NORVEGESE         NOK;NOK;;;621;;2618120,310;0,000;0,000;0,000;0,0000;0,0856;2618120,3100;224174,85;11,678921;0,0000;11,8258;2618120,3100;221390,55;2618120,3100;221390,55;0,0000;0,000;0,000;0,000;0,000;0,000;0,038;0,000;0,038;0,000;0,000;0,0000;0,00;3NOK1;;;;;;;;0,00000000;0,08562435;0,00000000;11,82580000;0,00000000;2618120,31000000;0,00000000;0,00000000;0,00000000;0,00000000;20251121
88;2;00031;;IMPEGNI IN DIVISA CORONA NORVEGESE   NOK;NOK;;;622;;-215043,160;0,000;0,000;0,000;0,0000;0,0845;-215043,1600;-18184,24;11,825799;0,0000;11,8258;-215043,1600;-18184,24;-215043,1600;-18184,24;0,0000;0,000;0,000;0,000;0,000;0,000;-0,003;0,000;-0,003;0,000;0,000;0,0000;0,00;3NOK2;;;;;;;;0,00000000;0,08456088;0,00000000;11,82580000;0,00000000;-215043,16000000;0,00000000;0,00000000;0,00000000;0,00000000;20251121
88;2;00011;;GIACENZE DI CORONE SVEDESI           SEK;SEK;;;621;;6066828,840;0,000;0,000;0,000;0,0000;0,0911;6066828,8400;552928,52;10,972176;0,0000;11,0245;6066828,8400;550304,22;6066828,8400;550304,22;0,0000;0,000;0,000;0,000;0,000;0,000;0,093;0,000;0,094;0,000;0,000;0,0000;0,00;3SEK1;;;;;;;;0,00000000;0,09113962;0,00000000;11,02450000;0,00000000;6066828,84000000;0,00000000;0,00000000;0,00000000;0,00000000;20251121
88;2;00011;;IMPEGNI IN DIVISA CORONE SVEDESI     SEK;SEK;;;622;;-1469470,990;0,000;0,000;0,000;0,0000;0,0907;-1469470,9900;-133291,40;11,024500;0,0000;11,0245;-1469470,9900;-133291,40;-1469470,9900;-133291,40;0,0000;0,000;0,000;0,000;0,000;0,000;-0,023;0,000;-0,023;0,000;0,000;0,0000;0,00;3SEK2;;;;;;;;0,00000000;0,09070706;0,00000000;11,02450000;0,00000000;-1469470,99000000;0,00000000;0,00000000;0,00000000;0,00000000;20251121
88;2;00022;;GIACENZE DI DOLLARI SINGAPORE        SGD;SGD;;;621;;1618463,070;0,000;0,000;0,000;0,0000;0,7074;1618463,0700;1145055,55;1,413436;0,0000;1,5055;1618463,0700;1075033,59;1618463,0700;1075033,59;0,0000;0,000;0,000;0,000;0,000;0,000;0,182;0,000;0,183;0,000;0,000;0,0000;0,00;3SGD1;;;;;;;;0,00000000;0,70749563;0,00000000;1,50550000;0,00000000;1618463,07000000;0,00000000;0,00000000;0,00000000;0,00000000;20251121
88;2;00001;;GIACENZE DI DOLLARI USA              USD;USD;;;621;;14959602,890;0,000;0,000;0,000;0,0000;0,8661;14959602,8900;12957281,77;1,154532;0,0000;1,1503;14959602,8900;13004957,74;14959602,8900;13004957,74;0,0000;0,000;0,000;0,000;0,000;0,000;2,206;0,000;2,219;0,000;0,000;0,0000;0,00;3USD1;;;;;;;;0,00000000;0,86615145;0,00000000;1,15030000;0,00000000;14959602,89000000;0,00000000;0,00000000;0,00000000;0,00000000;20251121
88;2;00001;;IMPEGNI IN DIVISA DOLLARI USA        USD;USD;;;622;;-6836865,690;0,000;0,000;0,000;0,0000;0,8693;-6836865,6900;-5943556,95;1,150299;0,0000;1,1503;-6836865,6900;-5943550,11;-6836865,6900;-5943550,11;0,0000;0,000;0,000;0,000;0,000;0,000;-1,008;0,000;-1,014;0,000;0,000;0,0000;0,00;3USD2;;;;;;;;0,00000000;0,86933943;0,00000000;1,15030000;0,00000000;-6836865,69000000;0,00000000;0,00000000;0,00000000;0,00000000;20251121
88;4;;;DIRITTI MATURATI NON RISCOSSI;;;;700;;0,000;0,000;0,000;0,000;0,0000;0,0000;0,0000;0,00;0,000000;0,0000;0,0000;0,0000;715382,06;0,0000;715382,06;0,0000;0,000;0,000;0,000;0,000;0,000;0,121;0,000;0,122;0,000;0,000;0,0000;0,00;;;;;;;;;0,00000000;0,00000000;0,00000000;0,00000000;0,00000000;0,00000000;0,00000000;0,00000000;0,00000000;0,00000000;20251121
88;5;;;DEPOSITI MARGINI INIZ.FUTURES;;;;8;;0,000;0,000;0,000;0,000;0,0000;0,0000;0,0000;0,00;0,000000;0,0000;0,0000;0,0000;0,00;0,0000;0,00;0,0000;0,000;0,000;0,000;0,000;0,000;0,000;0,000;0,000;0,000;0,000;0,0000;0,00;;;;;;;;;0,00000000;0,00000000;0,00000000;0,00000000;0,00000000;0,00000000;0,00000000;0,00000000;0,00000000;0,00000000;20251121
88;5;;;MARGINI DI VARIAZIONE FUTURES;;;;8;;0,000;0,000;0,000;0,000;0,0000;0,0000;0,0000;0,00;0,000000;0,0000;0,0000;0,0000;0,00;0,0000;0,00;0,0000;0,000;0,000;0,000;0,000;0,000;0,000;0,000;0,000;0,000;0,000;0,0000;0,00;;;;;;;;;0,00000000;0,00000000;0,00000000;0,00000000;0,00000000;0,00000000;0,00000000;0,00000000;0,00000000;0,00000000;20251121
88;5;;;DEPOSITI BANCARI;;;;8;;0,000;0,000;0,000;0,000;0,0000;0,0000;0,0000;0,00;0,000000;0,0000;0,0000;0,0000;0,00;0,0000;0,00;0,0000;0,000;0,000;0,000;0,000;0,000;0,000;0,000;0,000;0,000;0,000;0,0000;0,00;;;;;;;;;0,00000000;0,00000000;0,00000000;0,00000000;0,00000000;0,00000000;0,00000000;0,00000000;0,00000000;0,00000000;20251121
88;9;;;RIMBORSI DA REGOLARE;;;;;;0,000;0,000;0,000;0,000;0,0000;0,0000;0,0000;0,00;0,000000;0,0000;0,0000;0,0000;-1705872,23;0,0000;-1705872,23;0,0000;0,000;0,000;0,000;0,000;0,000;0,000;0,000;0,000;0,000;0,000;0,0000;0,00;;;;;;;;;0,00000000;0,00000000;0,00000000;0,00000000;0,00000000;0,00000000;0,00000000;0,00000000;0,00000000;0,00000000;20251121
89;IF;63416;IKZ5;EURO BTP DEC25;EUR;;;335;;-200,000;0,000;0,000;0,000;0,0000;0,0000;0,0000;0,00;0,000000;120,8300;0,0000;0,0000;-24166000,00;0,0000;-24166000,00;0,0000;0,000;0,000;0,000;0,000;0,000;0,000;0,000;0,000;0,000;0,000;0,0000;0,00;3;;;;;;;;0,00000000;0,00000000;120,83000000;0,00000000;0,00000000;0,00000000;0,00000000;0,00000000;0,00000000;0,00000000;20251121
89;1I;48808;IT0005596470;BTP  4,050% 2024-30/10/2037;EUR;MOT;086000;001;I;25000000,000;0,000;0,000;0,000;104,1690;104,1690;26042250,0000;26042250,00;0,000000;104,1750;104,1750;26043750,0000;26043750,00;26104945,0500;26104945,05;104,0930;0,006;0,000;0,006;4,358;17,403;2,973;0,079;2,988;0,000;0,000;61195,0500;61195,05;;;;DEUR;N111111;T000;;097027      BTP  4,050% 2024-30/10/2037;104,16900000;104,16900000;104,17500000;104,17500000;104,09300000;25000000,00000000;0,00000000;0,00000000;0,00000000;0,00000000;20251121
89;1I;64016;IT0005676504;BTP 3,450% 2025-01/02/2036;EUR;MTS;086000;001;I;25000000,000;0,000;0,000;0,000;100,1900;100,1900;25047500,0000;25047500,00;0,000000;99,7760;99,7760;24944000,0000;24944000,00;24986187,5000;24986187,50;99,6580;-0,413;0,000;-0,413;4,172;16,657;2,848;0,118;2,862;0,000;0,000;42187,5000;42187,50;;;;DEUR;N111111;T000;;097152      BTP 3,450% 2025-01/02/2036;100,19000000;100,19000000;99,77600000;99,77600000;99,65800000;25000000,00000000;0,00000000;0,00000000;0,00000000;0,00000000;20251121
89;1I;46541;IT0005542359;BTPS  4,000% 2023-30/10/2031;EUR;MTS;086000;001;I;16000000,000;0,000;0,000;0,000;104,3601;104,3601;16697631,2500;16697631,25;0,000000;106,3360;106,3360;17013760,0000;17013760,00;17052441,3200;17052441,32;106,2810;1,893;0,000;1,893;2,847;11,368;1,942;0,052;1,952;0,000;0,000;38681,3200;38681,32;;;;DEUR;N111111;T000;;098058      BTPS  4,000% 2023-30/10/2031;104,36019530;104,36019530;106,33600000;106,33600000;106,28100000;16000000,00000000;0,00000000;0,00000000;0,00000000;0,00000000;20251121
89;1I;61681;IT0005647265;BTPS 3,250% 2025-15/07/2032;EUR;MTS;086000;001;I;15000000,000;0,000;0,000;0,000;101,9200;101,9200;15288000,0000;15288000,00;0,000000;101,4450;101,4450;15216750,0000;15216750,00;15387639,9500;15387639,95;101,3790;-0,466;0,000;-0,466;2,569;10,258;1,737;0,065;1,746;0,000;0,000;170889,9500;170889,95;;;;DEUR;N111111;T000;;098263      BTPS 3,250% 2025-15/07/2032;101,92000000;101,92000000;101,44500000;101,44500000;101,37900000;15000000,00000000;0,00000000;0,00000000;0,00000000;0,00000000;20251121
89;1I;40175;IT0005438004;BTP 1,5%  2021-30.04.2045;EUR;MOT;086000;001;I;20000000,000;0,000;0,000;0,000;67,3345;67,3345;13466900,0000;13466900,00;0,000000;66,2150;66,2150;13243000,0000;13243000,00;13261131,8700;13261131,87;66,0990;-1,663;0,000;-1,663;2,214;8,840;1,512;0,175;1,519;0,000;0,000;18131,8700;18131,87;;;;DEUR;N111111;T000;;098488      BTP 1,5%  2021-30.04.2045;67,33450000;67,33450000;66,21500000;66,21500000;66,09900000;20000000,00000000;0,00000000;0,00000000;0,00000000;0,00000000;20251121
89;1I;48714;IT0005595803;BTPS  3,450% 2024-15/07/2031;EUR;MOT;086000;001;I;12025000,000;0,000;0,000;0,000;101,9779;101,9779;12262848,9700;12262848,97;0,000000;103,1890;103,1890;12408477,2500;12408477,25;12553904,5900;12553904,59;103,1410;1,188;0,000;1,188;2,096;8,369;1,417;0,047;1,424;0,000;0,000;145427,3400;145427,34;;;;DEUR;N111111;T000;;098583      BTPS  3,450% 2024-15/07/2031;101,97795400;101,97795400;103,18900000;103,18900000;103,14100000;12025000,00000000;0,00000000;0,00000000;0,00000000;0,00000000;20251121
89;1I;60625;IT0005622128;BTPS 2,700% 2024-15/10/2027;EUR;MTS;086000;001;I;8000000,000;0,000;0,000;0,000;100,4650;100,4650;8037200,0000;8037200,00;0,000000;100,9180;100,9180;8073440,0000;8073440,00;8095396,0400;8095396,04;100,8990;0,451;0,000;0,451;1,352;5,397;0,922;0,019;0,926;0,000;0,000;21956,0400;21956,04;;;;DEUR;N111111;T000;;099078      BTPS 2,700% 2024-15/10/2027;100,46500000;100,46500000;100,91800000;100,91800000;100,89900000;8000000,00000000;0,00000000;0,00000000;0,00000000;0,00000000;20251121
89;1I;45169;IT0005508590;BTP 4% 2022/30.04.2035;EUR;MOT;086000;001;I;6405000,000;0,000;0,000;0,000;105,0530;105,0530;6728644,6500;6728644,65;0,000000;105,6120;105,6120;6764448,6000;6764448,60;6779933,2200;6779933,22;105,5000;0,532;0,000;0,532;1,132;4,520;0,772;0,106;0,776;0,000;0,000;15484,6200;15484,62;;;;DEUR;N111111;T000;;099228      BTP 4% 2022/30.04.2035;105,05300000;105,05300000;105,61200000;105,61200000;105,50000000;6405000,00000000;0,00000000;0,00000000;0,00000000;0,00000000;20251121
89;1I;63527;IT0005669269;BOTS ZC 2025-14/09/2026;EUR;MTSBOT;086000;005;I;5000000,000;0,000;0,000;0,000;97,9722;97,9722;4898612,1500;4898612,15;0,000000;98,3710;98,3710;4898551,6700;4898551,67;4918550,0000;4918550,00;98,3640;-0,001;0,000;-0,001;0,821;3,279;0,559;0,007;0,562;0,000;0,000;19998,3300;19998,33;;;;DEUR;N111111;T000;;099441      BOTS ZC 2025-14/09/2026;97,97224300;97,97224300;98,37100000;98,37100000;98,36400000;5000000,00000000;0,00000000;0,00000000;0,00000000;0,00000000;20251121
89;1I;48025;AT0000A39UW5;REP OF AUSTRIA 2,900% 2024-20/02/2034;EUR;VIENNA;008000;100;I;2000000,000;0,000;0,000;0,000;100,9960;100,9960;2019920,0000;2019920,00;0,000000;100,0650;100,0650;2001300,0000;2001300,00;2044839,7300;2044839,73;99,9800;-0,922;0,000;-0,922;0,341;56,883;0,228;0,085;0,230;0,000;0,000;43539,7300;43539,73;;;;DEUR;N008000;T100;;099772      REP OF AUSTRIA 2,900% 2024-20/02/2034;100,99600000;100,99600000;100,06500000;100,06500000;99,98000000;2000000,00000000;0,00000000;0,00000000;0,00000000;0,00000000;20251121
89;1I;45229;BE0000356650;BELGIUM  KINGDOM 2.75% 202/22.04.2039;EUR;LUXEMBOURG;009000;100;I;5000000,000;0,000;0,000;0,000;94,7300;94,7300;4736500,0000;4736500,00;0,000000;91,0200;91,0200;4551000,0000;4551000,00;4631239,7300;4631239,73;90,9670;-3,916;0,000;-3,916;0,773;77,136;0,520;0,058;0,522;0,000;0,000;80239,7300;80239,73;;;;DEUR;N009000;T100;;099480      BELGIUM  KINGDOM 2.75% 202/22.04.2039;94,73000000;94,73000000;91,02000000;91,02000000;90,96700000;5000000,00000000;0,00000000;0,00000000;0,00000000;0,00000000;20251121
89;1I;40325;FR0014002JM6;FRANCE OAT  0,500% 2020-25/06/2044;EUR;MTS;029000;100;I;27000000,000;0,000;0,000;0,000;58,1010;58,1010;15687270,0000;15687270,00;0,000000;54,2430;54,2430;14645610,0000;14645610,00;14700719,5900;14700719,59;54,1480;-6,640;0,000;-6,640;2,454;18,902;1,672;0,175;1,680;0,000;0,000;55109,5900;55109,59;;;;DEUR;N029000;T100;;098328      FRANCE OAT  0,500% 2020-25/06/2044;58,10100000;58,10100000;54,24300000;54,24300000;54,14800000;27000000,00000000;0,00000000;0,00000000;0,00000000;0,00000000;20251121
89;1I;28193;FR0013234333;FRANCE O.A.T 1,75% 2016/25.06.2039;EUR;PARIGI;029000;100;I;14000000,000;0,000;0,000;0,000;81,4900;81,4900;11408600,0000;11408600,00;0,000000;78,7160;78,7160;11020240,0000;11020240,00;11120253,7000;11120253,70;78,6170;-3,404;0,000;-3,404;1,857;14,299;1,258;0,126;1,264;0,000;0,000;100013,7000;100013,70;;;;DEUR;N029000;T100;;098742      FRANCE O.A.T 1,75% 2016/25.06.2039;81,49000000;81,49000000;78,71600000;78,71600000;78,61700000;14000000,00000000;0,00000000;0,00000000;0,00000000;0,00000000;20251121
89;1I;61155;FR001400X8V5;FRANCE GOVT 3,200% 2025-25/05/2035;EUR;PARIGI;029000;100;I;10000000,000;0,000;0,000;0,000;98,5500;98,5500;9855000,0000;9855000,00;0,000000;98,3360;98,3360;9833600,0000;9833600,00;9991408,2200;9991408,22;98,2120;-0,217;0,000;-0,217;1,668;12,847;1,123;0,126;1,128;0,000;0,000;157808,2200;157808,22;;;;DEUR;N029000;T100;;098877      FRANCE GOVT 3,200% 2025-25/05/2035;98,55000000;98,55000000;98,33600000;98,33600000;98,21200000;10000000,00000000;0,00000000;0,00000000;0,00000000;0,00000000;20251121
89;1I;48592;FR001400PM68;FRANCE GOVT 2,75% 2024-25/02/2030;EUR;PARIGI;029000;100;I;8500000,000;0,000;0,000;0,000;100,0100;100,0100;8500850,0000;8500850,00;0,000000;100,5670;100,5670;8548195,0000;8548195,00;8720465,5500;8720465,55;100,5370;0,557;0,000;0,557;1,456;11,213;0,976;0,030;0,981;0,000;0,000;172270,5500;172270,55;;;;DEUR;N029000;T100;;099024      FRANCE GOVT 2,75% 2024-25/02/2030;100,01000000;100,01000000;100,56700000;100,56700000;100,53700000;8500000,00000000;0,00000000;0,00000000;0,00000000;0,00000000;20251121
89;1I;33142;IE00BFZRQ242;IRISH 1,35% 2018/18.03.2031;EUR;DUBLINO;040000;100;I;5000000,000;0,000;0,000;0,000;94,1280;94,1280;4706400,0000;4706400,00;0,000000;94,6470;94,6470;4732350,0000;4732350,00;4778213,0100;4778213,01;94,5770;0,551;0,000;0,551;0,798;100,000;0,540;0,074;0,543;0,000;0,000;45863,0100;45863,01;;;;DEUR;N040000;T100;;099460      IRISH 1,35% 2018/18.03.2031;94,12800000;94,12800000;94,64700000;94,64700000;94,57700000;5000000,00000000;0,00000000;0,00000000;0,00000000;0,00000000;20251121
89;1I;35096;NL0013552060;NETHERLAND 0.50% 2019/15.01.2040;EUR;AMSTERDAM;050000;100;I;16000000,000;0,000;0,000;0,000;71,1456;71,1456;11383300,0000;11383300,00;0,000000;69,7520;69,7520;11160320,0000;11160320,00;11228265,2100;11228265,21;69,6770;-1,959;0,000;-1,959;1,875;29,137;1,274;0,108;1,280;0,000;0,000;67945,2100;67945,21;;;;DEUR;N050000;T100;;098726      NETHERLAND 0.50% 2019/15.01.2040;71,14562500;71,14562500;69,75200000;69,75200000;69,67700000;16000000,00000000;0,00000000;0,00000000;0,00000000;0,00000000;20251121
89;1I;31930;PTOTEWOE0017;PORTUGAL 2,25% 2018/18.04.2034;EUR;LISBONA;055000;100;I;1000000,000;0,000;0,000;0,000;95,8810;95,8810;958810,0000;958810,00;0,000000;95,1890;95,1890;951890,0000;951890,00;965266,7100;965266,71;95,0950;-0,722;0,000;-0,722;0,161;5,663;0,109;0,099;0,109;0,000;0,000;13376,7100;13376,71;;;;DEUR;N055000;T100;;099891      PORTUGAL 2,25% 2018/18.04.2034;95,88100000;95,88100000;95,18900000;95,18900000;95,09500000;1000000,00000000;0,00000000;0,00000000;0,00000000;0,00000000;20251121
89;1I;62397;ES0000012P33;SPAIN BONOS 3,20% 31.10.2035;EUR;MADRID;067000;100;I;22500000,000;0,000;0,000;0,000;99,9887;99,9887;22497460,7100;22497460,71;0,000000;99,9220;99,9220;22482450,0000;22482450,00;22530011,6400;22530011,64;99,7890;-0,067;0,000;-0,067;3,762;37,277;2,567;0,133;2,579;0,000;0,000;47561,6400;47561,64;;;;DEUR;N067000;T100;;097433      SPAIN BONOS 3,20% 31.10.2035;99,98871430;99,98871430;99,92200000;99,92200000;99,78900000;22500000,00000000;0,00000000;0,00000000;0,00000000;0,00000000;20251121
89;1I;34219;ES0000012E69;SPAIN BONOS 1.85% 2019/30.07.2035;EUR;MADRID;067000;100;I;14502000,000;0,000;0,000;0,000;89,3237;89,3237;12953736,1600;12953736,16;0,000000;89,1650;89,1650;12930708,3000;12930708,30;13014502,0500;13014502,05;89,0510;-0,178;0,000;-0,178;2,173;21,533;1,476;0,128;1,484;0,000;0,000;83793,7500;83793,75;;;;DEUR;N067000;T100;;098524      SPAIN BONOS 1.85% 2019/30.07.2035;89,32379090;89,32379090;89,16500000;89,16500000;89,05100000;14502000,00000000;0,00000000;0,00000000;0,00000000;0,00000000;20251121
89;1I;27021;ES00000128E2;SPAIN BONOS 3.45% 2016 - 30/07/2066;EUR;MADRID;067000;100;I;6000000,000;0,000;0,000;0,000;93,7390;93,7390;5624340,0000;5624340,00;0,000000;86,3390;86,3390;5180340,0000;5180340,00;5244992,0500;5244992,05;86,1570;-7,894;0,000;-7,894;0,876;8,678;0,591;0,211;0,594;0,000;0,000;64652,0500;64652,05;;;;DEUR;N067000;T100;;099409      SPAIN BONOS 3.45% 2016 - 30/07/2066;93,73900000;93,73900000;86,33900000;86,33900000;86,15700000;6000000,00000000;0,00000000;0,00000000;0,00000000;0,00000000;20251121
89;1I;43197;ES0000012K20;SPAIN BONOS 0.7% 2022/30.04.2032;EUR;AIAF;067000;100;I;5000000,000;0,000;0,000;0,000;86,3580;86,3580;4317900,0000;4317900,00;0,000000;87,9650;87,9650;4398250,0000;4398250,00;4417907,5300;4417907,53;87,8890;1,861;0,000;1,861;0,738;7,310;0,502;0,086;0,505;0,000;0,000;19657,5300;19657,53;;;;DEUR;N067000;T100;;099498      SPAIN BONOS 0.7% 2022/30.04.2032;86,35800000;86,35800000;87,96500000;87,96500000;87,88900000;5000000,00000000;0,00000000;0,00000000;0,00000000;0,00000000;20251121
89;1I;41969;ES0000012J07;SPAIN BONOS % 2021/30.07.2042;EUR;AIAF;067000;100;I;6100000,000;0,000;0,000;0,000;67,9670;67,9670;4145987,0000;4145987,00;0,000000;66,5690;66,5690;4060709,0000;4060709,00;4079761,0500;4079761,05;66,4480;-2,057;0,000;-2,057;0,681;6,750;0,464;0,182;0,466;0,000;0,000;19052,0500;19052,05;;;;DEUR;N067000;T100;;099536      SPAIN BONOS % 2021/30.07.2042;67,96700000;67,96700000;66,56900000;66,56900000;66,44800000;6100000,00000000;0,00000000;0,00000000;0,00000000;0,00000000;20251121
89;1I;44811;ES0000012K61;SPAIN BONOS 2.55% 2022/31.10.2032;EUR;AIAF;067000;100;I;4000000,000;0,000;0,000;0,000;97,9350;97,9350;3917400,0000;3917400,00;0,000000;98,2270;98,2270;3929080,0000;3929080,00;3934948,4900;3934948,49;98,1450;0,298;0,000;0,298;0,657;6,510;0,449;0,084;0,451;0,000;0,000;5868,4900;5868,49;;;;DEUR;N067000;T100;;099551      SPAIN BONOS 2.55% 2022/31.10.2032;97,93500000;97,93500000;98,22700000;98,22700000;98,14500000;4000000,00000000;0,00000000;0,00000000;0,00000000;0,00000000;20251121
89;1I;43456;ES0000012K46;SPAIN BONOS 1.9% 2022/31.10.2052;EUR;AIAF;067000;100;I;5800000,000;0,000;0,000;0,000;70,0700;70,0700;4064060,0000;4064060,00;0,000000;65,8680;65,8680;3820344,0000;3820344,00;3826684,2700;3826684,27;65,7390;-5,997;0,000;-5,997;0,639;6,331;0,436;0,196;0,438;0,000;0,000;6340,2700;6340,27;;;;DEUR;N067000;T100;;099564      SPAIN BONOS 1.9% 2022/31.10.2052;70,07000000;70,07000000;65,86800000;65,86800000;65,73900000;5800000,00000000;0,00000000;0,00000000;0,00000000;0,00000000;20251121
89;1I;10177;ES00000120N0;SPAIN BONOS 4,9% 2007/30.7.2040;EUR;AIAF;067000;100;I;1000000,000;0,000;0,000;0,000;117,7480;117,7480;1177480,0000;1177480,00;0,000000;114,6330;114,6330;1146330,0000;1146330,00;1161634,1100;1161634,11;114,4480;-2,645;0,000;-2,645;0,194;1,922;0,131;0,162;0,132;0,000;0,000;15304,1100;15304,11;;;;DEUR;N067000;T100;;099869      SPAIN BONOS 4,9% 2007/30.7.2040;117,74800000;117,74800000;114,63300000;114,63300000;114,44800000;1000000,00000000;0,00000000;0,00000000;0,00000000;0,00000000;20251121
89;1I;36809;ES0000012F76;SPAIN BONOS 0.50% 2020/30.04.2030;EUR;MADRID;067000;100;I;313000,000;0,000;0,000;0,000;89,7570;89,7570;280939,4100;280939,41;0,000000;91,8050;91,8050;287349,6500;287349,65;288228,6200;288228,62;91,7590;2,282;0,000;2,282;0,048;0,477;0,033;0,050;0,033;0,000;0,000;878,9700;878,97;;;;DEUR;N067000;T100;;099967      SPAIN BONOS 0.50% 2020/30.04.2030;89,75700000;89,75700000;91,80500000;91,80500000;91,75900000;313000,00000000;0,00000000;0,00000000;0,00000000;0,00000000;20251121
89;1I;45149;DE0001030740;BUNDESREPUBLIK 1,300% 2022-15/10/2027;EUR;FRANCOFORT;094000;100;I;62000000,000;0,000;0,000;0,000;98,7721;98,7721;61238758,6200;61238758,62;0,000000;98,7800;98,7800;61243600,0000;61243600,00;61325304,1100;61325304,11;98,7760;0,008;0,000;0,008;10,239;29,967;6,992;0,004;7,027;0,000;0,000;81704,1100;81704,11;;;;DEUR;N094000;T100;;093008      BUNDESREPUBLIK 1,300% 2022-15/10/2027;98,77219130;98,77219130;98,78000000;98,78000000;98,77600000;62000000,00000000;0,00000000;0,00000000;0,00000000;0,00000000;20251121
89;1I;46637;DE000BU3Z005;BUNDESREPUBLIC 2,300% 2023-15/02/2033;EUR;FRANCOFORT;094000;100;I;43000000,000;0,000;0,000;0,000;100,2240;100,2240;43096320,0000;43096320,00;0,000000;98,7320;98,7320;42454760,0000;42454760,00;43210735,3400;43210735,34;98,6650;-1,489;0,000;-1,489;7,214;21,115;4,847;0,068;4,871;0,000;0,000;755975,3400;755975,34;;;;DEUR;N094000;T100;;095153      BUNDESREPUBLIC 2,300% 2023-15/02/2033;100,22400000;100,22400000;98,73200000;98,73200000;98,66500000;43000000,00000000;0,00000000;0,00000000;0,00000000;0,00000000;20251121
89;1I;38532;DE0001030708;BUNDESREPUBLIK 0% 2020/15.08.2030;EUR;LUXEMBOURG;094000;100;I;42300000,000;0,000;0,000;0,000;89,0620;89,0620;37673226,0000;37673226,00;0,000000;90,1270;90,1270;38123721,0000;38123721,00;38123721,0000;38123721,00;90,0880;1,196;0,000;1,196;6,365;18,629;4,352;0,043;4,374;0,000;0,000;0,0000;0,00;;;;DEUR;N094000;T100;;095648      BUNDESREPUBLIK 0% 2020/15.08.2030;89,06200000;89,06200000;90,12700000;90,12700000;90,08800000;42300000,00000000;0,00000000;0,00000000;0,00000000;0,00000000;20251121
89;1I;48904;DE000BU35025;BUNDESOBLIGATION  2,100% 2024-12/04/2029;EUR;FRANCOFORT;094000;100;I;27500000,000;0,000;0,000;0,000;100,0930;100,0930;27525600,0000;27525600,00;0,000000;99,9140;99,9140;27476350,0000;27476350,00;27829178,7700;27829178,77;99,8950;-0,179;0,000;-0,179;4,646;13,599;3,137;0,019;3,152;0,000;0,000;352828,7700;352828,77;;;;DEUR;N094000;T100;;096863      BUNDESOBLIGATION  2,100% 2024-12/04/2029;100,09309090;100,09309090;99,91400000;99,91400000;99,89500000;27500000,00000000;0,00000000;0,00000000;0,00000000;0,00000000;20251121
89;1I;40880;DE0001030724;BUNDES  ZC 2021/15.08.2050;EUR;FRANCOFORT;094000;100;I;25000000,000;0,000;0,000;0,000;52,6170;52,6170;13154250,0000;13154250,00;0,000000;44,8420;44,8420;11210500,0000;11210500,00;11210500,0000;11210500,00;44,7610;-14,777;0,000;-14,777;1,872;5,478;1,280;0,181;1,286;0,000;0,000;0,0000;0,00;;;;DEUR;N094000;T100;;098720      BUNDES  ZC 2021/15.08.2050;52,61700000;52,61700000;44,84200000;44,84200000;44,76100000;25000000,00000000;0,00000000;0,00000000;0,00000000;0,00000000;20251121
89;1I;49805;DE000BU22064;BUNDESREPUBLIK 2,700% 2024-17/09/2026;EUR;FRANCOFORT;094000;100;I;5000000,000;0,000;0,000;0,000;100,9940;100,9940;5049700,0000;5049700,00;0,000000;100,5580;100,5580;5027900,0000;5027900,00;5051941,1000;5051941,10;100,5590;-0,432;0,000;-0,432;0,843;2,469;0,574;-0,001;0,577;0,000;0,000;24041,1000;24041,10;;;;DEUR;N094000;T100;;099426      BUNDESREPUBLIK 2,700% 2024-17/09/2026;100,99400000;100,99400000;100,55800000;100,55800000;100,55900000;5000000,00000000;0,00000000;0,00000000;0,00000000;0,00000000;20251121
89;1I;03171;DE0001135226;BUNDES 4,75% 2003/4.7.2034;EUR;FRANCOFORT;094000;100;I;3000000,000;0,000;0,000;0,000;120,3650;120,3650;3610950,0000;3610950,00;0,000000;116,4920;116,4920;3494760,0000;3494760,00;3549417,5300;3549417,53;116,3990;-3,218;0,000;-3,218;0,593;1,734;0,399;0,080;0,401;0,000;0,000;54657,5300;54657,53;;;;DEUR;N094000;T100;;099601      BUNDES 4,75% 2003/4.7.2034;120,36500000;120,36500000;116,49200000;116,49200000;116,39900000;3000000,00000000;0,00000000;0,00000000;0,00000000;0,00000000;20251121
89;1I;41448;SI0002104196;REP  OF SLOVENIA 0.125% 21-01.07.31;EUR;LUBIANA;260000;100;I;2400000,000;0,000;0,000;0,000;85,0350;85,0350;2040840,0000;2040840,00;0,000000;87,7930;87,7930;2107032,0000;2107032,00;2108207,3400;2108207,34;87,7190;3,243;0,000;3,243;0,352;100,000;0,241;0,084;0,242;0,000;0,000;1175,3400;1175,34;;;;DEUR;N260000;T100;;099759      REP  OF SLOVENIA 0.125% 21-01.07.31;85,03500000;85,03500000;87,79300000;87,79300000;87,71900000;2400000,00000000;0,00000000;0,00000000;0,00000000;0,00000000;20251121
89;1I;45694;XS2563353361;ORSTED A/S  5,250% 2022-31.12.2049;EUR;LUXEMBOURG;021000;301;I;2500000,000;0,000;0,000;0,000;103,3760;103,3760;2584400,0000;2584400,00;0,000000;101,9850;101,9850;2549625,0000;2549625,00;2674761,9900;2674761,99;102,1110;-1,346;0,000;-1,346;0,447;46,553;0,291;-0,123;0,293;0,000;0,000;125136,9900;125136,99;;;;DEUR;N021000;T200;;099709      ORSTED A/S  5,250% 2022-31.12.2049;103,37600000;103,37600000;101,98500000;101,98500000;102,11100000;2500000,00000000;0,00000000;0,00000000;0,00000000;0,00000000;20251121
89;1I;36584;XS2010036874;ORSTED A/S 1.75% 2019/09.12.20.3019;EUR;LUXEMBOURG;021000;301;I;1200000,000;0,000;0,000;0,000;93,8510;93,8510;1126212,0000;1126212,00;0,000000;95,6400;95,6400;1147680,0000;1147680,00;1167644,3800;1167644,38;95,7060;1,906;0,000;1,906;0,195;20,322;0,131;-0,069;0,132;0,000;0,000;19964,3800;19964,38;;;;DEUR;N021000;T200;;099869      ORSTED A/S 1.75% 2019/09.12.20.3019;93,85100000;93,85100000;95,64000000;95,64000000;95,70600000;1200000,00000000;0,00000000;0,00000000;0,00000000;0,00000000;20251121
89;1I;46225;XS2591029876;ORSTED A/S 3,750% 2023-01/03/2030;EUR;LUXEMBOURG;021000;301;I;1000000,000;0,000;0,000;0,000;102,7150;102,7150;1027150,0000;1027150,00;0,000000;101,7560;101,7560;1017560,0000;1017560,00;1044786,0300;1044786,03;101,7680;-0,934;0,000;-0,934;0,174;18,184;0,116;-0,012;0,117;0,000;0,000;27226,0300;27226,03;;;;DEUR;N021000;T200;;099884      ORSTED A/S 3,750% 2023-01/03/2030;102,71500000;102,71500000;101,75600000;101,75600000;101,76800000;1000000,00000000;0,00000000;0,00000000;0,00000000;0,00000000;20251121
89;1I;39984;XS2293075680;ORSTED 1.50% 2021/18.02.2051;EUR;LUXEMBOURG;021000;301;I;1000000,000;0,000;0,000;0,000;83,6250;83,6250;836250,0000;836250,00;0,000000;84,7140;84,7140;847140,0000;847140,00;858482,4700;858482,47;84,8990;1,302;0,000;1,302;0,143;14,941;0,097;-0,218;0,097;0,000;0,000;11342,4700;11342,47;;;;DEUR;N021000;T200;;099903      ORSTED 1.50% 2021/18.02.2051;83,62500000;83,62500000;84,71400000;84,71400000;84,89900000;1000000,00000000;0,00000000;0,00000000;0,00000000;0,00000000;20251121
89;1I;37637;XS2171872570;NOKIA OYJ 3,125% 2020/15.05.2028;EUR;DUBLINO;028000;301;I;2500000,000;0,000;0,000;0,000;100,1730;100,1730;2504325,0000;2504325,00;0,000000;100,8420;100,8420;2521050,0000;2521050,00;2561717,8100;2561717,81;100,8520;0,668;0,000;0,668;0,428;32,931;0,288;-0,010;0,289;0,000;0,000;40667,8100;40667,81;;;;DEUR;N028000;T200;;099712      NOKIA OYJ 3,125% 2020/15.05.2028;100,17300000;100,17300000;100,84200000;100,84200000;100,85200000;2500000,00000000;0,00000000;0,00000000;0,00000000;0,00000000;20251121
89;1I;34244;XS1960685383;NOKIA OVJ 2% 2019/11.03.2026;EUR;DUBLINO;028000;301;I;1978000,000;0,000;0,000;0,000;98,7330;98,7330;1952938,7400;1952938,74;0,000000;99,7440;99,7440;1972936,3200;1972936,32;2000574,1300;2000574,13;99,6930;1,024;0,000;1,024;0,334;25,717;0,225;0,051;0,226;0,000;0,000;27637,8100;27637,81;;;;DEUR;N028000;T200;;099775      NOKIA OVJ 2% 2019/11.03.2026;98,73300000;98,73300000;99,74400000;99,74400000;99,69300000;1978000,00000000;0,00000000;0,00000000;0,00000000;0,00000000;20251121
89;1I;46138;XS2488809612;NOKIA   4,375% 2023-21/08/2031;EUR;FIPS;028000;301;I;1500000,000;0,000;0,000;0,000;104,4490;104,4490;1566735,0000;1566735,00;0,000000;104,6310;104,6310;1569465,0000;1569465,00;1586006,1000;1586006,10;104,6500;0,174;0,000;0,174;0,265;20,388;0,179;-0,018;0,180;0,000;0,000;16541,1000;16541,10;;;;DEUR;N028000;T200;;099821      NOKIA   4,375% 2023-21/08/2031;104,44900000;104,44900000;104,63100000;104,63100000;104,65000000;1500000,00000000;0,00000000;0,00000000;0,00000000;0,00000000;20251121
89;1I;39333;XS2265360359;STORA ENSO 0.625% 2020/02.12.2030;EUR;LUXEMBOURG;028000;301;I;100000,000;0,000;0,000;0,000;85,2100;85,2100;85210,0000;85210,00;0,000000;90,5280;90,5280;90528,0000;90528,00;91134,1600;91134,16;90,5040;6,241;0,000;6,241;0,015;1,172;0,010;0,027;0,010;0,000;0,000;606,1600;606,16;;;;DEUR;N028000;T200;;099990      STORA ENSO 0.625% 2020/02.12.2030;85,21000000;85,21000000;90,52800000;90,52800000;90,50400000;100000,00000000;0,00000000;0,00000000;0,00000000;0,00000000;20251121
89;1I;41157;FR0014003YN1;AGENCE FRANCAISE DEV 0,01% 2021/25.11.28;EUR;PARIGI;029000;301;I;7000000,000;0,000;0,000;0,000;89,7100;89,7100;6279700,0000;6279700,00;0,000000;92,5360;92,5360;6477520,0000;6477520,00;6478212,3300;6478212,33;92,5110;3,150;0,000;3,150;1,082;8,330;0,739;0,027;0,743;0,000;0,000;692,3300;692,33;;;;DEUR;N029000;T200;;099261      AGENCE FRANCAISE DEV 0,01% 2021/25.11.28;89,71000000;89,71000000;92,53600000;92,53600000;92,51100000;7000000,00000000;0,00000000;0,00000000;0,00000000;0,00000000;20251121
89;1I;44194;FR001400A3H2;CAISSE AMORT DET 1.5% 2022/25.05.2032;EUR;PARIGI;029000;301;I;6500000,000;0,000;0,000;0,000;90,1050;90,1050;5856825,0000;5856825,00;0,000000;91,0750;91,0750;5919875,0000;5919875,00;5967957,1900;5967957,19;91,0050;1,077;0,000;1,077;0,996;7,674;0,676;0,077;0,679;0,000;0,000;48082,1900;48082,19;;;;DEUR;N029000;T200;;099324      CAISSE AMORT DET 1.5% 2022/25.05.2032;90,10500000;90,10500000;91,07500000;91,07500000;91,00500000;6500000,00000000;0,00000000;0,00000000;0,00000000;0,00000000;20251121
89;1I;42158;FR0014005NA6;AFD 0.125% 2021/29.09.2031;EUR;PARIGI;029000;301;I;5000000,000;0,000;0,000;0,000;81,8530;81,8530;4092650,0000;4092650,00;0,000000;83,8390;83,8390;4191950,0000;4191950,00;4192857,5300;4192857,53;83,7710;2,426;0,000;2,426;0,700;5,391;0,479;0,081;0,481;0,000;0,000;907,5300;907,53;;;;DEUR;N029000;T200;;099521      AFD 0.125% 2021/29.09.2031;81,85300000;81,85300000;83,83900000;83,83900000;83,77100000;5000000,00000000;0,00000000;0,00000000;0,00000000;0,00000000;20251121
89;1I;41183;FR0014004016;CADES 0% 2021 25/11/206;EUR;LUXEMBOURG;029000;301;I;3800000,000;0,000;0,000;0,000;95,6160;95,6160;3633408,0000;3633408,00;0,000000;97,8660;97,8660;3718908,0000;3718908,00;3718908,0000;3718908,00;97,8560;2,353;0,000;2,353;0,621;4,782;0,425;0,010;0,427;0,000;0,000;0,0000;0,00;;;;DEUR;N029000;T200;;099575      CADES 0% 2021 25/11/206;95,61600000;95,61600000;97,86600000;97,86600000;97,85600000;3800000,00000000;0,00000000;0,00000000;0,00000000;0,00000000;20251121
89;1I;40332;XS2312733871;FORVIA EX FAURECIA 2,375% 21-15.06.2029;EUR;DUBLINO;029000;301;I;2500000,000;0,000;0,000;0,000;89,5330;89,5330;2238325,0000;2238325,00;0,000000;96,6970;96,6970;2417425,0000;2417425,00;2443154,1700;2443154,17;96,7800;8,002;0,000;8,002;0,408;3,141;0,276;-0,086;0,277;0,000;0,000;25729,1700;25729,17;;;;DEUR;N029000;T200;;099724      FORVIA EX FAURECIA 2,375% 21-15.06.2029;89,53300000;89,53300000;96,69700000;96,69700000;96,78000000;2500000,00000000;0,00000000;0,00000000;0,00000000;0,00000000;20251121
89;1I;43209;FR0014007RB1;CAISSE AMORT DETTE  0,45% 2022/19.01.203;EUR;PARIGI;029000;301;I;2000000,000;0,000;0,000;0,000;84,2030;84,2030;1684060,0000;1684060,00;0,000000;86,0810;86,0810;1721620,0000;1721620,00;1729165,2100;1729165,21;86,0010;2,230;0,000;2,230;0,289;2,223;0,197;0,093;0,198;0,000;0,000;7545,2100;7545,21;;;;DEUR;N029000;T200;;099803      CAISSE AMORT DETTE  0,45% 2022/19.01.203;84,20300000;84,20300000;86,08100000;86,08100000;86,00100000;2000000,00000000;0,00000000;0,00000000;0,00000000;0,00000000;20251121
89;1I;37625;FR0013512233;KLEPIERRE 2% 2020/12.05.2029;EUR;PARIGI;029000;301;I;1000000,000;0,000;0,000;0,000;96,4790;96,4790;964790,0000;964790,00;0,000000;97,0450;97,0450;970450,0000;970450,00;981025,3400;981025,34;97,0460;0,587;0,000;0,587;0,164;1,261;0,111;-0,001;0,111;0,000;0,000;10575,3400;10575,34;;;;DEUR;N029000;T200;;099889      KLEPIERRE 2% 2020/12.05.2029;96,47900000;96,47900000;97,04500000;97,04500000;97,04600000;1000000,00000000;0,00000000;0,00000000;0,00000000;0,00000000;20251121
89;1I;44193;FR00140060E7;FONCIERE LYONNAISE 0.5% 2021/21.04.2028;EUR;PARIGI;029000;301;I;800000,000;0,000;0,000;0,000;93,3190;93,3190;746552,0000;746552,00;0,000000;95,2990;95,2990;762392,0000;762392,00;764737,2100;764737,21;95,2790;2,122;0,000;2,122;0,128;0,983;0,087;0,021;0,087;0,000;0,000;2345,2100;2345,21;;;;DEUR;N029000;T200;;099913      FONCIERE LYONNAISE 0.5% 2021/21.04.2028;93,31900000;93,31900000;95,29900000;95,29900000;95,27900000;800000,00000000;0,00000000;0,00000000;0,00000000;0,00000000;20251121
89;1I;19194;XS1115498260;ORANGE SA 5% 2014/29.10.2049;EUR;PARIGI;029000;301;I;338000,000;0,000;0,000;0,000;102,4920;102,4920;346422,9600;346422,96;0,000000;101,4850;101,4850;343019,3000;343019,30;345380,6700;345380,67;101,5570;-0,983;0,000;-0,983;0,058;0,444;0,039;-0,071;0,039;0,000;0,000;2361,3700;2361,37;;;;DEUR;N029000;T200;;099961      ORANGE SA 5% 2014/29.10.2049;102,49200000;102,49200000;101,48500000;101,48500000;101,55700000;338000,00000000;0,00000000;0,00000000;0,00000000;0,00000000;20251121
89;1I;38143;XS2195190520;SSE PLC 3,125% 2020/31.12.2049;EUR;LONDRAEST;031000;301;I;2500000,000;0,000;0,000;0,000;98,4100;98,4100;2460250,0000;2460250,00;0,000000;99,6950;99,6950;2492375,0000;2492375,00;2520200,3400;2520200,34;99,7890;1,306;0,000;1,306;0,421;61,945;0,285;-0,094;0,286;0,000;0,000;27825,3400;27825,34;;;;DEUR;N031000;T200;;099715      SSE PLC 3,125% 2020/31.12.2049;98,41000000;98,41000000;99,69500000;99,69500000;99,78900000;2500000,00000000;0,00000000;0,00000000;0,00000000;0,00000000;20251121
89;1I;48462;XS2794589403;BRITISH TELECOM TV (5,125) 03.10.2054;EUR;LONDRAEST;031000;301;I;1000000,000;0,000;0,000;0,000;103,3970;103,3970;1033970,0000;1033970,00;0,000000;103,6290;103,6290;1036290,0000;1036290,00;1043170,1400;1043170,14;103,7680;0,224;0,000;0,224;0,174;25,640;0,118;-0,134;0,119;0,000;0,000;6880,1400;6880,14;;;;DEUR;N031000;T200;;099882      BRITISH TELECOM TV (5,125) 03.10.2054;103,39700000;103,39700000;103,62900000;103,62900000;103,76800000;1000000,00000000;0,00000000;0,00000000;0,00000000;0,00000000;20251121
89;1I;44959;XS2510903862;SSE PLC 2.875% 01.08.2029;EUR;LONDRAEST;031000;301;I;500000,000;0,000;0,000;0,000;99,7420;99,7420;498710,0000;498710,00;0,000000;100,1370;100,1370;500685,0000;500685,00;505095,9600;505095,96;100,1730;0,396;0,000;0,396;0,084;12,415;0,057;-0,036;0,057;0,000;0,000;4410,9600;4410,96;;;;DEUR;N031000;T200;;099943      SSE PLC 2.875% 01.08.2029;99,74200000;99,74200000;100,13700000;100,13700000;100,17300000;500000,00000000;0,00000000;0,00000000;0,00000000;0,00000000;20251121
89;1I;45197;XS2486270858;KONINKLIJKE KPN 6 2022/31.12.2049;EUR;DUBLINO;050000;301;I;5200000,000;0,000;0,000;0,000;106,1250;106,1250;5518500,0000;5518500,00;0,000000;105,0440;105,0440;5462288,0000;5462288,00;5748644,1600;5748644,16;105,1090;-1,019;0,000;-1,019;0,960;14,917;0,624;-0,062;0,627;0,000;0,000;286356,1600;286356,16;;;;DEUR;N050000;T200;;099376      KONINKLIJKE KPN 6 2022/31.12.2049;106,12500000;106,12500000;105,04400000;105,04400000;105,10900000;5200000,00000000;0,00000000;0,00000000;0,00000000;0,00000000;20251121
89;1I;36892;XS2109819859;TELEFONICA TV 05.02.2027;EUR;DUBLINO;050000;301;I;4500000,000;0,000;0,000;0,000;97,3330;97,3330;4379985,0000;4379985,00;0,000000;98,4000;98,4000;4428000,0000;4428000,00;4489693,1500;4489693,15;98,3940;1,096;0,000;1,096;0,750;11,650;0,506;0,006;0,508;0,000;0,000;61693,1500;61693,15;;;;DEUR;N050000;T200;;099494      TELEFONICA TV 05.02.2027;97,33300000;97,33300000;98,40000000;98,40000000;98,39400000;4500000,00000000;0,00000000;0,00000000;0,00000000;0,00000000;20251121
89;1I;48326;XS2755535577;TELEFONICA EUR TV (5,752%) 24-31/12/2049;EUR;DUBLINO;050000;301;I;3000000,000;0,000;0,000;0,000;106,9210;106,9210;3207630,0000;3207630,00;0,000000;105,2020;105,2020;3156060,0000;3156060,00;3260072,3800;3260072,38;105,5360;-1,608;0,000;-1,608;0,544;8,460;0,360;-0,316;0,362;0,000;0,000;104012,3800;104012,38;;;;DEUR;N050000;T200;;099640      TELEFONICA EUR TV (5,752%) 24-31/12/2049;106,92100000;106,92100000;105,20200000;105,20200000;105,53600000;3000000,00000000;0,00000000;0,00000000;0,00000000;0,00000000;20251121
89;1I;45616;XS2462605671;TELEFONICA EM TV 2022/31.12.2049;EUR;LONDRAEST;050000;301;I;2000000,000;0,000;0,000;0,000;109,8700;109,8700;2197400,0000;2197400,00;0,000000;108,4290;108,4290;2168580,0000;2168580,00;2310299,1800;2310299,18;108,5380;-1,312;0,000;-1,312;0,386;5,995;0,248;-0,100;0,249;0,000;0,000;141719,1800;141719,18;;;;DEUR;N050000;T200;;099752      TELEFONICA EM TV 2022/31.12.2049;109,87000000;109,87000000;108,42900000;108,42900000;108,53800000;2000000,00000000;0,00000000;0,00000000;0,00000000;0,00000000;20251121
89;1I;46032;XS2582389156;TELEFONICA EUR BV TV 23-31.12.49;EUR;DUBLINO;050000;301;I;2000000,000;0,000;0,000;0,000;107,8640;107,8640;2157280,0000;2157280,00;0,000000;106,1350;106,1350;2122700,0000;2122700,00;2190605,2100;2190605,21;106,3680;-1,603;0,000;-1,603;0,366;5,684;0,242;-0,219;0,244;0,000;0,000;67905,2100;67905,21;;;;DEUR;N050000;T200;;099758      TELEFONICA EUR BV TV 23-31.12.49;107,86400000;107,86400000;106,13500000;106,13500000;106,36800000;2000000,00000000;0,00000000;0,00000000;0,00000000;0,00000000;20251121
89;1I;45980;PTEDP4OM0025;ENERGIAS DE PORT  2023-23/04/2083;EUR;DUBLINO;055000;301;I;7500000,000;0,000;0,000;0,000;105,0310;105,0310;7877325,0000;7877325,00;0,000000;105,2110;105,2110;7890825,0000;7890825,00;8149711,8500;8149711,85;105,3570;0,171;0,000;0,171;1,361;47,814;0,901;-0,139;0,905;0,000;0,000;258886,8500;258886,85;;;;DEUR;N055000;T200;;099099      ENERGIAS DE PORT  2023-23/04/2083;105,03100000;105,03100000;105,21100000;105,21100000;105,35700000;7500000,00000000;0,00000000;0,00000000;0,00000000;0,00000000;20251121
89;1I;41944;PTEDPXOM0021;ENERGIAS DE PORTUGAL SA 20218/14.03.2082;EUR;DUBLINO;055000;301;I;5500000,000;0,000;0,000;0,000;95,3850;95,3850;5246175,0000;5246175,00;0,000000;97,6760;97,6760;5372180,0000;5372180,00;5429138,9000;5429138,90;97,8180;2,402;0,000;2,402;0,906;31,853;0,613;-0,145;0,616;0,000;0,000;56958,9000;56958,90;;;;DEUR;N055000;T200;;099387      ENERGIAS DE PORTUGAL SA 20218/14.03.2082;95,38500000;95,38500000;97,67600000;97,67600000;97,81800000;5500000,00000000;0,00000000;0,00000000;0,00000000;0,00000000;20251121
89;1I;49005;PTEDPZOM0011;ENERGIAS DE PORT (4,750%) TV 29/05/2054;EUR;DUBLINO;055000;301;I;1200000,000;0,000;0,000;0,000;102,2090;102,2090;1226508,0000;1226508,00;0,000000;103,1730;103,1730;1238076,0000;1238076,00;1265560,9300;1265560,93;103,3200;0,943;0,000;0,943;0,211;7,425;0,141;-0,142;0,142;0,000;0,000;27484,9300;27484,93;;;;DEUR;N055000;T200;;099859      ENERGIAS DE PORT (4,750%) TV 29/05/2054;102,20900000;102,20900000;103,17300000;103,17300000;103,32000000;1200000,00000000;0,00000000;0,00000000;0,00000000;0,00000000;20251121
89;1I;39819;PTEDPROM0029;ENERGIAS DE PORT 1.875% 2021/02.08.2081;EUR;DUBLINO;055000;301;I;1100000,000;0,000;0,000;0,000;97,4210;97,4210;1071631,0000;1071631,00;0,000000;99,0810;99,0810;1089891,0000;1089891,00;1096163,2600;1096163,26;99,1230;1,704;0,000;1,704;0,183;6,431;0,124;-0,042;0,125;0,000;0,000;6272,2600;6272,26;;;;DEUR;N055000;T200;;099876      ENERGIAS DE PORT 1.875% 2021/02.08.2081;97,42100000;97,42100000;99,08100000;99,08100000;99,12300000;1100000,00000000;0,00000000;0,00000000;0,00000000;0,00000000;20251121
89;1I;30714;XS1725677543;INMOBILIARIA COL SO 1,625% 2017/28.11.25;EUR;DUBLINO;067000;301;I;1500000,000;0,000;0,000;0,000;98,9310;98,9310;1483965,0000;1483965,00;0,000000;99,8280;99,8280;1497420,0000;1497420,00;1521327,5300;1521327,53;99,8460;0,907;0,000;0,907;0,254;2,517;0,171;-0,018;0,172;0,000;0,000;23907,5300;23907,53;;;;DEUR;N067000;T200;;099829      INMOBILIARIA COL SO 1,625% 2017/28.11.25;98,93100000;98,93100000;99,82800000;99,82800000;99,84600000;1500000,00000000;0,00000000;0,00000000;0,00000000;0,00000000;20251121
89;1I;43961;XS2443749648;TELIA CO AB 2,75 % 2022/30.06.2083;EUR;STOCCOLMA;068000;301;I;1200000,000;0,000;0,000;0,000;96,5120;96,5120;1158144,0000;1158144,00;0,000000;99,3420;99,3420;1192104,0000;1192104,00;1205123,1800;1205123,18;99,4400;2,932;0,000;2,932;0,201;100,000;0,136;-0,099;0,137;0,000;0,000;13019,1800;13019,18;;;;DEUR;N068000;T200;;099864      TELIA CO AB 2,75 % 2022/30.06.2083;96,51200000;96,51200000;99,34200000;99,34200000;99,44000000;1200000,00000000;0,00000000;0,00000000;0,00000000;0,00000000;20251121
89;1I;48521;XS2798269069;TERNA - RETE ELET TV 11-04-24/31/12/2049;EUR;LUXEMBOURG;086000;301;I;3800000,000;0,000;0,000;0,000;102,9960;102,9960;3913848,0000;3913848,00;0,000000;103,0170;103,0170;3914646,0000;3914646,00;4025418,6000;4025418,60;103,1510;0,020;0,000;0,020;0,672;2,684;0,447;-0,130;0,449;0,000;0,000;110772,6000;110772,60;;;;DEUR;N086000;T200;;099553      TERNA - RETE ELET TV 11-04-24/31/12/2049;102,99600000;102,99600000;103,01700000;103,01700000;103,15100000;3800000,00000000;0,00000000;0,00000000;0,00000000;0,00000000;20251121
89;1I;49606;XS2853679053;ERG SPA 4,125% 2024-03/07/2030;EUR;LUXEMBOURG;086000;301;I;2000000,000;0,000;0,000;0,000;102,9310;102,9310;2058620,0000;2058620,00;0,000000;104,1780;104,1780;2083560,0000;2083560,00;2115429,8600;2115429,86;104,1590;1,211;0,000;1,211;0,353;1,410;0,238;0,018;0,239;0,000;0,000;31869,8600;31869,86;;;;DEUR;N086000;T200;;099762      ERG SPA 4,125% 2024-03/07/2030;102,93100000;102,93100000;104,17800000;104,17800000;104,15900000;2000000,00000000;0,00000000;0,00000000;0,00000000;0,00000000;20251121
89;1I;41977;XS2386650274;ERG SPA 0.875% 2021/15.09.2031;EUR;LUXEMBOURG;086000;301;I;2000000,000;0,000;0,000;0,000;84,3420;84,3420;1686840,0000;1686840,00;0,000000;87,6050;87,6050;1752100,0000;1752100,00;1755312,3300;1755312,33;87,6110;3,869;0,000;3,869;0,293;1,170;0,200;-0,007;0,201;0,000;0,000;3212,3300;3212,33;;;;DEUR;N086000;T200;;099800      ERG SPA 0.875% 2021/15.09.2031;84,34200000;84,34200000;87,60500000;87,60500000;87,61100000;2000000,00000000;0,00000000;0,00000000;0,00000000;0,00000000;20251121
89;1I;38550;XS2229434852;ERG SPA 0,5% 2020/11.09.2027;EUR;LUXEMBOURG;086000;301;I;1200000,000;0,000;0,000;0,000;93,7390;93,7390;1124868,0000;1124868,00;0,000000;96,3310;96,3310;1155972,0000;1155972,00;1157139,1200;1157139,12;96,3000;2,765;0,000;2,765;0,193;0,771;0,132;0,032;0,133;0,000;0,000;1167,1200;1167,12;;;;DEUR;N086000;T200;;099868      ERG SPA 0,5% 2020/11.09.2027;93,73900000;93,73900000;96,33100000;96,33100000;96,30000000;1200000,00000000;0,00000000;0,00000000;0,00000000;0,00000000;20251121
89;1I;60711;XS2948434266;PRYSMIAN SPA 3,875% 2024-28/11/2031;EUR;LUXEMBOURG;086000;301;I;1000000,000;0,000;0,000;0,000;101,0770;101,0770;1010770,0000;1010770,00;0,000000;102,1890;102,1890;1021890,0000;1021890,00;1059896,8500;1059896,85;102,3450;1,100;0,000;1,100;0,177;0,707;0,117;-0,152;0,117;0,000;0,000;38006,8500;38006,85;;;;DEUR;N086000;T200;;099883      PRYSMIAN SPA 3,875% 2024-28/11/2031;101,07700000;101,07700000;102,18900000;102,18900000;102,34500000;1000000,00000000;0,00000000;0,00000000;0,00000000;0,00000000;20251121
89;1I;46047;XS2583205906;A2A SPA 4,375% 2023-03/02/2034;EUR;LUXEMBOURG;086000;301;I;500000,000;0,000;0,000;0,000;105,7230;105,7230;528615,0000;528615,00;0,000000;105,3130;105,3130;526565,0000;526565,00;544005,0700;544005,07;105,2250;-0,388;0,000;-0,388;0,091;0,363;0,060;0,084;0,060;0,000;0,000;17440,0700;17440,07;;;;DEUR;N086000;T200;;099940      A2A SPA 4,375% 2023-03/02/2034;105,72300000;105,72300000;105,31300000;105,31300000;105,22500000;500000,00000000;0,00000000;0,00000000;0,00000000;0,00000000;20251121
89;1I;38139;XS2197348597;TAKEDA PHARMA 1% 2020/09.07.2029;EUR;NEW YORK;088000;301;I;2000000,000;0,000;0,000;0,000;91,9600;91,9600;1839200,0000;1839200,00;0,000000;93,3920;93,3920;1867840,0000;1867840,00;1875237,2600;1875237,26;93,4380;1,557;0,000;1,557;0,313;100,000;0,213;-0,049;0,214;0,000;0,000;7397,2600;7397,26;;;;DEUR;N088000;T200;;099787      TAKEDA PHARMA 1% 2020/09.07.2029;91,96000000;91,96000000;93,39200000;93,39200000;93,43800000;2000000,00000000;0,00000000;0,00000000;0,00000000;0,00000000;20251121
89;1I;41454;XS2359292955;LANDWIRTSCH 0% 21-30.06.22;EUR;LUXEMBOURG;094000;301;I;5000000,000;0,000;0,000;0,000;84,6800;84,6800;4234000,0000;4234000,00;0,000000;86,4870;86,4870;4324350,0000;4324350,00;4324350,0000;4324350,00;86,4100;2,134;0,000;2,134;0,722;2,113;0,494;0,089;0,496;0,000;0,000;0,0000;0,00;;;;DEUR;N094000;T200;;099506      LANDWIRTSCH 0% 21-30.06.22;84,68000000;84,68000000;86,48700000;86,48700000;86,41000000;5000000,00000000;0,00000000;0,00000000;0,00000000;0,00000000;20251121
89;1I;36023;XS2056730679;INFINEON TEC 3.625% 2019-31/12/2049;EUR;DUBLINO;094000;301;I;2500000,000;0,000;0,000;0,000;99,1040;99,1040;2477600,0000;2477600,00;0,000000;100,3780;100,3780;2509450,0000;2509450,00;2567549,3200;2567549,32;100,4790;1,286;0,000;1,286;0,429;1,255;0,286;-0,101;0,288;0,000;0,000;58099,3200;58099,32;;;;DEUR;N094000;T200;;099714      INFINEON TEC 3.625% 2019-31/12/2049;99,10400000;99,10400000;100,37800000;100,37800000;100,47900000;2500000,00000000;0,00000000;0,00000000;0,00000000;0,00000000;20251121
89;1I;06036;AT0000937503;VOEST ALPINE AG;EUR;VIENNA;008000;201;I;45215,000;0,000;0,000;0,000;20,4806;20,4806;926031,9900;926031,99;0,000000;34,2800;34,2800;1549970,2000;1549970,20;1549970,2000;1549970,20;34,9200;67,378;0,000;67,378;0,259;43,117;0,177;-1,833;0,178;0,000;0,000;0,0000;0,00;;;;DEUR;N008000;T300;;099823      VOEST ALPINE AG;20,48063673;20,48063673;34,28000000;34,28000000;34,92000000;45215,00000000;0,00000000;0,00000000;0,00000000;0,00000000;20251121
89;1I;27230;BE0974293251;ANHEUSER-BUSCH INBEV;EUR;BRUXELLES;009000;201;I;25234,000;0,000;0,000;0,000;50,7984;50,7984;1281849,0800;1281849,08;0,000000;54,4000;54,4000;1372729,6000;1372729,60;1372729,6000;1372729,60;52,8400;7,090;0,000;7,090;0,229;22,864;0,157;2,952;0,157;0,000;0,000;0,0000;0,00;;;;DEUR;N009000;T300;;099843      ANHEUSER-BUSCH INBEV;50,79848934;50,79848934;54,40000000;54,40000000;52,84000000;25234,00000000;0,00000000;0,00000000;0,00000000;0,00000000;20251121
89;1I;08457;FI0009000681;NOKIA OYJ;EUR;HELSINKI;028000;201;I;300132,000;0,000;0,000;0,000;5,0107;5,0107;1503876,1400;1503876,14;0,000000;5,1300;5,1300;1539677,1600;1539677,16;1539677,1600;1539677,16;5,2000;2,381;0,000;2,381;0,257;19,792;0,176;-1,346;0,177;0,000;0,000;0,0000;0,00;;;;DEUR;N028000;T300;;099824      NOKIA OYJ;5,01071575;5,01071575;5,13000000;5,13000000;5,20000000;300132,00000000;0,00000000;0,00000000;0,00000000;0,00000000;20251121
89;1I;08436;FR0000120321;L'OREAL;EUR;PARIGI;029000;201;I;5323,000;0,000;0,000;0,000;396,0149;396,0149;2107987,7800;2107987,78;0,000000;361,5000;361,5000;1924264,5000;1924264,50;1924264,5000;1924264,50;352,1500;-8,716;0,000;-8,716;0,321;2,474;0,220;2,655;0,221;0,000;0,000;0,0000;0,00;;;;DEUR;N029000;T300;;099780      L'OREAL;396,01498778;396,01498778;361,50000000;361,50000000;352,15000000;5323,00000000;0,00000000;0,00000000;0,00000000;0,00000000;20251121
89;1I;33385;FR0013154002;SARTORIUS STEDIM BIOTECH;EUR;PARIGI;029000;201;I;9469,000;0,000;0,000;0,000;180,3574;180,3574;1707804,5000;1707804,50;0,000000;190,0000;190,0000;1799110,0000;1799110,00;1799110,0000;1799110,00;186,2000;5,346;0,000;5,346;0,300;2,313;0,205;2,041;0,206;0,000;0,000;0,0000;0,00;;;;DEUR;N029000;T300;;099795      SARTORIUS STEDIM BIOTECH;180,35742950;180,35742950;190,00000000;190,00000000;186,20000000;9469,00000000;0,00000000;0,00000000;0,00000000;0,00000000;20251121
89;1I;01606;FR0000121667;ESSILOR LUXOTTICA;EUR;PARIGI;029000;201;I;4164,000;0,000;0,000;0,000;257,2724;257,2724;1071282,5200;1071282,52;0,000000;306,0000;306,0000;1274184,0000;1274184,00;1274184,0000;1274184,00;311,2000;18,940;0,000;18,940;0,213;1,638;0,145;-1,671;0,146;0,000;0,000;0,0000;0,00;;;;DEUR;N029000;T300;;099855      ESSILOR LUXOTTICA;257,27245917;257,27245917;306,00000000;306,00000000;311,20000000;4164,00000000;0,00000000;0,00000000;0,00000000;0,00000000;20251121
89;1I;14112;FR0010451203;REXEL SA;EUR;PARIGI;029000;201;I;27746,000;0,000;0,000;0,000;25,5305;25,5305;708371,9100;708371,91;0,000000;30,8100;30,8100;854854,2600;854854,26;854854,2600;854854,26;30,9100;20,679;0,000;20,679;0,143;1,099;0,098;-0,324;0,098;0,000;0,000;0,0000;0,00;;;;DEUR;N029000;T300;;099902      REXEL SA;25,53059576;25,53059576;30,81000000;30,81000000;30,91000000;27746,00000000;0,00000000;0,00000000;0,00000000;0,00000000;20251121
89;1I;06469;FR0010307819;LEGRAND PROMESSES;EUR;PARIGI;029000;201;I;6031,000;0,000;0,000;0,000;131,5280;131,5280;793245,7200;793245,72;0,000000;126,8500;126,8500;765032,3500;765032,35;765032,3500;765032,35;129,6000;-3,557;0,000;-3,557;0,128;0,984;0,087;-2,122;0,088;0,000;0,000;0,0000;0,00;;;;DEUR;N029000;T300;;099913      LEGRAND PROMESSES;131,52805836;131,52805836;126,85000000;126,85000000;129,60000000;6031,00000000;0,00000000;0,00000000;0,00000000;0,00000000;20251121
89;1I;14500;NL0010273215;ASML HLDG NV NEW;EUR;AMSTERDAM;050000;201;I;3623,000;0,000;0,000;0,000;722,3000;722,3000;2616893,0700;2616893,07;0,000000;834,0000;834,0000;3021582,0000;3021582,00;3021582,0000;3021582,00;889,8000;15,464;0,000;15,464;0,504;7,841;0,345;-6,271;0,347;0,000;0,000;0,0000;0,00;;;;DEUR;N050000;T300;;099655      ASML HLDG NV NEW;722,30004692;722,30004692;834,00000000;834,00000000;889,80000000;3623,00000000;0,00000000;0,00000000;0,00000000;0,00000000;20251121
89;1I;27009;NL0010801007;IMCD GROUP NV;EUR;AMSTERDAM;050000;201;I;21016,000;0,000;0,000;0,000;128,1048;128,1048;2692251,2300;2692251,23;0,000000;77,5000;77,5000;1628740,0000;1628740,00;1628740,0000;1628740,00;75,9600;-39,503;0,000;-39,503;0,272;4,226;0,186;2,027;0,187;0,000;0,000;0,0000;0,00;;;;DEUR;N050000;T300;;099814      IMCD GROUP NV;128,10483583;128,10483583;77,50000000;77,50000000;75,96000000;21016,00000000;0,00000000;0,00000000;0,00000000;0,00000000;20251121
89;1I;35896;NL0013654783;PROSUS;EUR;AMSTERDAM;050000;201;I;28071,000;0,000;0,000;0,000;42,3784;42,3784;1189606,0600;1189606,06;0,000000;56,6200;56,6200;1589380,0200;1589380,02;1589380,0200;1589380,02;57,4500;33,606;0,000;33,606;0,265;4,124;0,181;-1,445;0,182;0,000;0,000;0,0000;0,00;;;;DEUR;N050000;T300;;099819      PROSUS;42,37847102;42,37847102;56,62000000;56,62000000;57,45000000;28071,00000000;0,00000000;0,00000000;0,00000000;0,00000000;20251121
89;1I;01895;NL0000226223;STMICROELECTRONICS - MILANO;EUR;MILANO;050000;201;I;76432,000;0,000;0,000;0,000;24,6291;24,6291;1882451,3900;1882451,39;0,000000;18,8040;18,8040;1437227,3300;1437227,33;1437227,3300;1437227,33;18,9400;-23,651;0,000;-23,651;0,240;3,730;0,164;-0,718;0,165;0,000;0,000;0,0000;0,00;;;;DEUR;N050000;T300;;099836      STMICROELECTRONICS - MILANO;24,62910024;24,62910024;18,80400000;18,80400000;18,94000000;76432,00000000;0,00000000;0,00000000;0,00000000;0,00000000;20251121
89;1I;48620;NL0015001KT6;BREMBO N.V.;EUR;MILANO;050000;201;I;114832,000;0,000;0,000;0,000;9,0930;9,0930;1044167,3800;1044167,38;0,000000;8,9400;8,9400;1026598,0800;1026598,08;1026598,0800;1026598,08;8,8850;-1,683;0,000;-1,683;0,171;2,664;0,117;0,619;0,118;0,000;0,000;0,0000;0,00;;;;DEUR;N050000;T300;;099883      BREMBO N.V.;9,09300003;9,09300003;8,94000000;8,94000000;8,88500000;114832,00000000;0,00000000;0,00000000;0,00000000;0,00000000;20251121
89;1I;38577;NL0012866412;BE SEMICONDUCTOR INDS-ORD SHS;EUR;AMSTERDAM;050000;201;I;3186,000;0,000;0,000;0,000;144,4691;144,4691;460278,6800;460278,68;0,000000;122,8000;122,8000;391240,8000;391240,80;391240,8000;391240,80;130,0500;-14,999;0,000;-14,999;0,065;1,015;0,045;-5,575;0,045;0,000;0,000;0,0000;0,00;;;;DEUR;N050000;T300;;099955      BE SEMICONDUCTOR INDS-ORD SHS;144,46913998;144,46913998;122,80000000;122,80000000;130,05000000;3186,00000000;0,00000000;0,00000000;0,00000000;0,00000000;20251121
89;1I;40120;NL0010583399;CORBION-ORD SHS;EUR;AMSTERDAM;050000;201;I;11898,000;0,000;0,000;0,000;21,3403;21,3403;253907,2700;253907,27;0,000000;18,0100;18,0100;214282,9800;214282,98;214282,9800;214282,98;18,1500;-15,606;0,000;-15,606;0,036;0,556;0,024;-0,771;0,025;0,000;0,000;0,0000;0,00;;;;DEUR;N050000;T300;;099976      CORBION-ORD SHS;21,34033198;21,34033198;18,01000000;18,01000000;18,15000000;11898,00000000;0,00000000;0,00000000;0,00000000;0,00000000;20251121
89;1I;02400;PTEDP0AM0009;ENERGIAS DE PORTUGAL SA;EUR;LISBONA;055000;201;I;36887,000;0,000;0,000;0,000;3,0892;3,0892;113951,8100;113951,81;0,000000;3,7600;3,7600;138695,1200;138695,12;138695,1200;138695,12;3,7790;21,714;0,000;21,714;0,023;0,814;0,016;-0,503;0,016;0,000;0,000;0,0000;0,00;;;;DEUR;N055000;T300;;099984      ENERGIAS DE PORTUGAL SA;3,08921327;3,08921327;3,76000000;3,76000000;3,77900000;36887,00000000;0,00000000;0,00000000;0,00000000;0,00000000;20251121
89;1I;23311;ES0105025003;MERLIN PROPERTIES SOCIMI SA;EUR;MADRID;067000;201;I;33967,000;0,000;0,000;0,000;10,0925;10,0925;342812,3900;342812,39;0,000000;12,3700;12,3700;420171,7900;420171,79;420171,7900;420171,79;12,5800;22,566;0,000;22,566;0,070;0,695;0,048;-1,669;0,048;0,000;0,000;0,0000;0,00;;;;DEUR;N067000;T300;;099952      MERLIN PROPERTIES SOCIMI SA;10,09251302;10,09251302;12,37000000;12,37000000;12,58000000;33967,00000000;0,00000000;0,00000000;0,00000000;0,00000000;20251121
89;1I;36841;LU2052491334;MULTILABEL ETICA ESG GLOBAL EQUITY;EUR;LUXEMBOURG;092000;223;I;37106,669;0,000;0,000;0,000;140,2299;140,2299;5203468,1900;5203468,19;0,000000;139,5000;139,5000;5176380,3300;5176380,33;5176380,3300;5176380,33;140,4900;-0,521;0,000;-0,521;0,864;38,745;0,591;-0,705;0,594;0,000;0,000;0,0000;0,00;;;;DEUR;N092000;T300;;099409      MULTILABEL ETICA ESG GLOBAL EQUITY;140,22999989;140,22999989;139,50000000;139,50000000;140,49000000;37106,66900000;0,00000000;0,00000000;0,00000000;0,00000000;20251121
89;1I;36843;LU2052490872;MULTILABEL ETICA ESG DYNAMIC ALLOCATION;EUR;LUXEMBOURG;092000;223;I;36953,094;0,000;0,000;0,000;121,7399;121,7399;4498669,6600;4498669,66;0,000000;121,8700;121,8700;4503473,5700;4503473,57;4503473,5700;4503473,57;122,5000;0,107;0,000;0,107;0,752;33,708;0,514;-0,514;0,517;0,000;0,000;0,0000;0,00;;;;DEUR;N092000;T300;;099486      MULTILABEL ETICA ESG DYNAMIC ALLOCATION;121,73999990;121,73999990;121,87000000;121,87000000;122,50000000;36953,09400000;0,00000000;0,00000000;0,00000000;0,00000000;20251121
89;1I;36842;LU2052490286;MULTILABEL ETICA ESG CONSERVATIVE ALLOC;EUR;LUXEMBOURG;092000;223;I;37206,072;0,000;0,000;0,000;98,1699;98,1699;3652520,0800;3652520,08;0,000000;98,9200;98,9200;3680424,6400;3680424,64;3680424,6400;3680424,64;99,0700;0,764;0,000;0,764;0,614;27,548;0,420;-0,151;0,422;0,000;0,000;0,0000;0,00;;;;DEUR;N092000;T300;;099580      MULTILABEL ETICA ESG CONSERVATIVE ALLOC;98,16999977;98,16999977;98,92000000;98,92000000;99,07000000;37206,07200000;0,00000000;0,00000000;0,00000000;0,00000000;20251121
89;1I;33682;DE000KBX1006;KNORR-BREMSE AG;EUR;NEUERMKT;094000;201;I;21682,000;0,000;0,000;0,000;83,0198;83,0198;1800037,3900;1800037,39;0,000000;83,6000;83,6000;1812615,2000;1812615,20;1812615,2000;1812615,20;83,3000;0,699;0,000;0,699;0,303;0,886;0,207;0,360;0,208;0,000;0,000;0,0000;0,00;;;;DEUR;N094000;T300;;099793      KNORR-BREMSE AG;83,01989622;83,01989622;83,60000000;83,60000000;83,30000000;21682,00000000;0,00000000;0,00000000;0,00000000;0,00000000;20251121
89;1I;08512;DE0007164600;SAP SE;EUR;NEUERMKT;094000;201;I;7633,000;0,000;0,000;0,000;248,4415;248,4415;1896354,2200;1896354,22;0,000000;205,0000;205,0000;1564765,0000;1564765,00;1564765,0000;1564765,00;206,6000;-17,486;0,000;-17,486;0,261;0,765;0,179;-0,774;0,180;0,000;0,000;0,0000;0,00;;;;DEUR;N094000;T300;;099821      SAP SE;248,44153281;248,44153281;205,00000000;205,00000000;206,60000000;7633,00000000;0,00000000;0,00000000;0,00000000;0,00000000;20251121
89;1I;24199;DE000ZAL1111;ZALANDO-ORD SHS;EUR;NEUERMKT;094000;201;I;67325,000;0,000;0,000;0,000;27,7938;27,7938;1871220,7600;1871220,76;0,000000;22,1400;22,1400;1490575,5000;1490575,50;1490575,5000;1490575,50;22,6100;-20,342;0,000;-20,342;0,249;0,728;0,170;-2,079;0,171;0,000;0,000;0,0000;0,00;;;;DEUR;N094000;T300;;099830      ZALANDO-ORD SHS;27,79384715;27,79384715;22,14000000;22,14000000;22,61000000;67325,00000000;0,00000000;0,00000000;0,00000000;0,00000000;20251121
89;1I;19412;DE000A1ML7J1;VONOVIA SE;EUR;NEUERMKT;094000;201;I;51370,000;0,000;0,000;0,000;27,3023;27,3023;1402521,6100;1402521,61;0,000000;26,0500;26,0500;1338188,5000;1338188,50;1338188,5000;1338188,50;25,9000;-4,587;0,000;-4,587;0,223;0,654;0,153;0,579;0,154;0,000;0,000;0,0000;0,00;;;;DEUR;N094000;T300;;099847      VONOVIA SE;27,30234786;27,30234786;26,05000000;26,05000000;25,90000000;51370,00000000;0,00000000;0,00000000;0,00000000;0,00000000;20251121
89;1I;08529;DE0005557508;DEUTSCHE TELEKOM - NOMINATIVE;EUR;NEUERMKT;094000;201;I;45060,000;0,000;0,000;0,000;31,7857;31,7857;1432266,7400;1432266,74;0,000000;27,6200;27,6200;1244557,2000;1244557,20;1244557,2000;1244557,20;27,0800;-13,106;0,000;-13,106;0,208;0,608;0,142;1,994;0,143;0,000;0,000;0,0000;0,00;;;;DEUR;N094000;T300;;099858      DEUTSCHE TELEKOM - NOMINATIVE;31,78576875;31,78576875;27,62000000;27,62000000;27,08000000;45060,00000000;0,00000000;0,00000000;0,00000000;0,00000000;20251121
89;1I;17410;IT0004965148;MONCLER SPA;EUR;MILANO;086000;201;I;57326,000;0,000;0,000;0,000;55,1463;55,1463;3161319,4300;3161319,43;0,000000;56,2200;56,2200;3222867,7200;3222867,72;3222867,7200;3222867,72;56,5000;1,947;0,000;1,947;0,538;2,148;0,368;-0,496;0,370;0,000;0,000;0,0000;0,00;;;;DEUR;N111111;T300;;099632      MONCLER SPA;55,14634598;55,14634598;56,22000000;56,22000000;56,50000000;57326,00000000;0,00000000;0,00000000;0,00000000;0,00000000;20251121
89;1I;03565;IT0003497168;TELECOM ITALIA SPA ORD.;EUR;MILANO;086000;201;I;5513932,000;0,000;0,000;0,000;0,2502;0,2502;1379783,2700;1379783,27;0,000000;0,4867;0,4867;2683630,7000;2683630,70;2683630,7000;2683630,70;0,4898;94,497;0,000;94,497;0,448;1,789;0,306;-0,633;0,308;0,000;0,000;0,0000;0,00;;;;DEUR;N111111;T300;;099694      TELECOM ITALIA SPA ORD.;0,25023581;0,25023581;0,48670000;0,48670000;0,48980000;5513932,00000000;0,00000000;0,00000000;0,00000000;0,00000000;20251121
89;1I;08531;IT0001078911;INTERPUMP GROUP;EUR;MILANO;086000;201;I;26378,000;0,000;0,000;0,000;40,1909;40,1909;1060157,0000;1060157,00;0,000000;41,7400;41,7400;1101017,7200;1101017,72;1101017,7200;1101017,72;41,8400;3,854;0,000;3,854;0,184;0,734;0,126;-0,239;0,126;0,000;0,000;0,0000;0,00;;;;DEUR;N111111;T300;;099874      INTERPUMP GROUP;40,19095458;40,19095458;41,74000000;41,74000000;41,84000000;26378,00000000;0,00000000;0,00000000;0,00000000;0,00000000;20251121
89;1I;08544;IT0001157020;ERG ORD.;EUR;MILANO;086000;201;I;35007,000;0,000;0,000;0,000;19,4116;19,4116;679544,6500;679544,65;0,000000;21,5600;21,5600;754750,9200;754750,92;754750,9200;754750,92;22,0200;11,067;0,000;11,067;0,126;0,503;0,086;-2,089;0,087;0,000;0,000;0,0000;0,00;;;;DEUR;N111111;T300;;099914      ERG ORD.;19,41167909;19,41167909;21,56000000;21,56000000;22,02000000;35007,00000000;0,00000000;0,00000000;0,00000000;0,00000000;20251121
89;1I;34530;IT0005366767;NEXI SPA;EUR;MILANO;086000;201;I;116888,000;0,000;0,000;0,000;5,3024;5,3024;619789,8500;619789,85;0,000000;3,7920;3,7920;443239,3000;443239,30;443239,3000;443239,30;3,7400;-28,486;0,000;-28,486;0,074;0,295;0,051;1,390;0,051;0,000;0,000;0,0000;0,00;;;;DEUR;N111111;T300;;099949      NEXI SPA;5,30242497;5,30242497;3,79200000;3,79200000;3,74000000;116888,00000000;0,00000000;0,00000000;0,00000000;0,00000000;20251121
89;1I;25525;IT0005162406;TECHNOGYM  SPA;EUR;MILANO;086000;201;I;24198,000;0,000;0,000;0,000;10,4478;10,4478;252816,7800;252816,78;0,000000;15,6100;15,6100;377730,7800;377730,78;377730,7800;377730,78;15,7000;49,409;0,000;49,409;0,063;0,252;0,043;-0,573;0,043;0,000;0,000;0,0000;0,00;;;;DEUR;N111111;T300;;099957      TECHNOGYM  SPA;10,44783783;10,44783783;15,61000000;15,61000000;15,70000000;24198,00000000;0,00000000;0,00000000;0,00000000;0,00000000;20251121
89;1I;19402;IT0005054967;RAI WAY SPA;EUR;MILANO;086000;201;I;60497,000;0,000;0,000;0,000;5,4946;5,4946;332409,7600;332409,76;0,000000;5,5000;5,5000;332733,5000;332733,50;332733,5000;332733,50;5,5000;0,097;0,000;0,097;0,056;0,222;0,038;0,000;0,038;0,000;0,000;0,0000;0,00;;;;DEUR;N111111;T300;;099962      RAI WAY SPA;5,49464866;5,49464866;5,50000000;5,50000000;5,50000000;60497,00000000;0,00000000;0,00000000;0,00000000;0,00000000;20251121
89;1I;07862;IT0003492391;DIASORIN;EUR;MILANO;086000;201;I;5496,000;0,000;0,000;0,000;99,4637;99,4637;546652,6400;546652,64;0,000000;59,5400;59,5400;327231,8400;327231,84;327231,8400;327231,84;58,8000;-40,139;0,000;-40,139;0,055;0,218;0,037;1,259;0,038;0,000;0,000;0,0000;0,00;;;;DEUR;N111111;T300;;099963      DIASORIN;99,46372634;99,46372634;59,54000000;59,54000000;58,80000000;5496,00000000;0,00000000;0,00000000;0,00000000;0,00000000;20251121
89;1I;04321;IT0003242622;TERNA SPA;EUR;MILANO;086000;201;I;24288,000;0,000;0,000;0,000;7,6207;7,6207;185092,9200;185092,92;0,000000;9,1760;9,1760;222866,6900;222866,69;222866,6900;222866,69;9,1020;20,408;0,000;20,408;0,037;0,149;0,025;0,813;0,026;0,000;0,000;0,0000;0,00;;;;DEUR;N111111;T300;;099975      TERNA SPA;7,62075592;7,62075592;9,17600000;9,17600000;9,10200000;24288,00000000;0,00000000;0,00000000;0,00000000;0,00000000;20251121
89;1I;06568;IT0004056880;AMPLIFON NEW;EUR;MILANO;086000;201;I;12995,000;0,000;0,000;0,000;21,1965;21,1965;275448,5800;275448,58;0,000000;13,2050;13,2050;171598,9800;171598,98;171598,9800;171598,98;12,9500;-37,702;0,000;-37,702;0,029;0,114;0,020;1,969;0,020;0,000;0,000;0,0000;0,00;;;;DEUR;N111111;T300;;099980      AMPLIFON NEW;21,19650481;21,19650481;13,20500000;13,20500000;12,95000000;12995,00000000;0,00000000;0,00000000;0,00000000;0,00000000;20251121
89;1I;03436;IT0001250932;HERA SPA;EUR;MILANO;086000;201;I;37609,000;0,000;0,000;0,000;3,4569;3,4569;130013,7600;130013,76;0,000000;4,1180;4,1180;154873,8600;154873,86;154873,8600;154873,86;4,2080;19,121;0,000;19,121;0,026;0,103;0,018;-2,139;0,018;0,000;0,000;0,0000;0,00;;;;DEUR;N111111;T300;;099982      HERA SPA;3,45698529;3,45698529;4,11800000;4,11800000;4,20800000;37609,00000000;0,00000000;0,00000000;0,00000000;0,00000000;20251121
89;1I;23184;IT0005090300;INFRASTRUTTURE WIRELESS ITAL;EUR;MILANO;086000;201;I;19507,000;0,000;0,000;0,000;9,7744;9,7744;190670,5800;190670,58;0,000000;7,8950;7,8950;154007,7700;154007,77;154007,7700;154007,77;7,7450;-19,228;0,000;-19,228;0,026;0,103;0,018;1,937;0,018;0,000;0,000;0,0000;0,00;;;;DEUR;N111111;T300;;099982      INFRASTRUTTURE WIRELESS ITAL;9,77446967;9,77446967;7,89500000;7,89500000;7,74500000;19507,00000000;0,00000000;0,00000000;0,00000000;0,00000000;20251121
89;1I;07639;IT0004176001;PRYSMIAN SPA;EUR;MILANO;086000;201;I;1630,000;0,000;0,000;0,000;60,8600;60,8600;99201,8400;99201,84;0,000000;80,8000;80,8000;131704,0000;131704,00;131704,0000;131704,00;84,2800;32,764;0,000;32,764;0,022;0,088;0,015;-4,129;0,015;0,000;0,000;0,0000;0,00;;;;DEUR;N111111;T300;;099985      PRYSMIAN SPA;60,86002454;60,86002454;80,80000000;80,80000000;84,28000000;1630,00000000;0,00000000;0,00000000;0,00000000;0,00000000;20251121
89;1I;08573;IT0001233417;A2A SPA;EUR;MILANO;086000;201;I;36986,000;0,000;0,000;0,000;2,1339;2,1339;78924,6700;78924,67;0,000000;2,3570;2,3570;87176,0000;87176,00;87176,0000;87176,00;2,3970;10,455;0,000;10,455;0,015;0,058;0,010;-1,669;0,010;0,000;0,000;0,0000;0,00;;;;DEUR;N111111;T300;;099990      A2A SPA;2,13390661;2,13390661;2,35700000;2,35700000;2,39700000;36986,00000000;0,00000000;0,00000000;0,00000000;0,00000000;20251121
89;1I;30238;IT0005278236;PIRELLI & C SPA;EUR;MILANO;086000;201;I;7281,000;0,000;0,000;0,000;5,5036;5,5036;40072,2600;40072,26;0,000000;5,9320;5,9320;43190,8900;43190,89;43190,8900;43190,89;5,9220;7,783;0,000;7,783;0,007;0,029;0,005;0,169;0,005;0,000;0,000;0,0000;0,00;;;;DEUR;N111111;T300;;099995      PIRELLI & C SPA;5,50367531;5,50367531;5,93200000;5,93200000;5,92200000;7281,00000000;0,00000000;0,00000000;0,00000000;0,00000000;20251121
89;1O;40774;US654902AE56;NOKIA OYJ 4.375% 2017/12.06.2027;USD;FIPS;111111;301;O;1000000,000;0,000;0,000;0,000;97,3460;93,9996;973460,0000;939996,14;1,035600;99,9340;86,8764;999340,0000;868764,67;1018662,9230;885562,83;99,8260;2,659;11,076;-7,578;0,466;0,387;0,099;0,108;0,100;0,000;0,000;19322,9230;16798,16;;;;DUSD;N028000;T200;;099901      NOKIA OYJ 4.375% 2017/12.06.2027;97,34600000;93,99961400;99,93400000;86,87646700;99,82600000;1000000,00000000;0,00000000;0,00000000;0,00000000;0,00000000;20251121
89;1O;38140;XS2195190876;SSE PLC 3.74% 2020/31.12.2049;GBP;LONDRAEST;111111;301;O;1500000,000;0,000;0,000;0,000;97,6180;118,0386;1464270,0000;1770580,41;0,827000;99,5910;113,2745;1493865,0000;1699118,52;1527832,3990;1737752,96;99,6500;2,021;6,312;-4,036;18,654;0,759;0,194;-0,059;0,195;0,000;0,000;33967,3990;38634,44;;;;DGBP;N031000;T200;;099806      SSE PLC 3.74% 2020/31.12.2049;97,61800000;118,03869400;99,59100000;113,27456778;99,65000000;1500000,00000000;0,00000000;0,00000000;0,00000000;0,00000000;20251121
89;1O;46721;US458140CA64;INTEL CORP  4,15% 2022/05.08.2032;USD;FIPS;111111;301;O;3000000,000;0,000;0,000;0,000;91,7906;85,5328;2753720,0000;2565984,20;1,073163;96,2970;83,7146;2888910,0000;2511440,49;2925568,3350;2543308,99;96,2020;4,909;7,188;-2,126;1,337;1,111;0,287;0,099;0,288;0,000;0,000;36658,3350;31868,50;;;;DUSD;N069000;T200;;099713      INTEL CORP  4,15% 2022/05.08.2032;91,79066670;85,53280670;96,29700000;83,71468312;96,20200000;3000000,00000000;0,00000000;0,00000000;0,00000000;0,00000000;20251121
89;1O;43392;US595112BS19;MICRON TECHNOLOGY 2.703% 2021/15.04.2032;USD;FIPS;111111;301;O;1400000,000;0,000;0,000;0,000;84,5800;74,5460;1184120,0000;1043645,34;1,134600;88,8850;77,2711;1244390,0000;1081796,05;1248174,1990;1085085,80;88,7870;5,090;1,384;3,656;0,571;0,474;0,123;0,110;0,124;0,000;0,000;3784,1990;3289,75;;;;DUSD;N069000;T200;;099877      MICRON TECHNOLOGY 2.703% 2021/15.04.2032;84,58000000;74,54609570;88,88500000;77,27114665;88,78700000;1400000,00000000;0,00000000;0,00000000;0,00000000;0,00000000;20251121
89;1O;47055;US031162DD92;AMGEN INC 3% 2023/22.02.2029;USD;FIPS;111111;301;O;300000,000;0,000;0,000;0,000;93,5513;87,1901;280654,0000;261570,55;1,072957;96,5910;83,9702;289773,0000;251910,81;291998,0020;253845,09;96,5130;3,249;7,208;-3,693;0,133;0,111;0,029;0,081;0,029;0,000;0,000;2225,0020;1934,28;;;;DUSD;N069000;T200;;099971      AMGEN INC 3% 2023/22.02.2029;93,55133330;87,19018330;96,59100000;83,97026862;96,51300000;300000,00000000;0,00000000;0,00000000;0,00000000;0,00000000;20251121
89;1O;01076;AU000000ORI1;ORICA LTD.;AUD;AUSTRALIA;111111;201;O;63502,000;0,000;0,000;0,000;16,7590;9,9008;1064230,8210;628726,63;1,692677;23,0100;12,8684;1461181,0200;817169,63;1461181,0200;817169,63;23,6000;37,299;5,637;29,972;26,016;0,357;0,093;-2,500;0,094;0,000;0,000;0,0000;0,00;;;;DAUD;N007000;T300;;099907      ORICA LTD.;16,75901264;9,90089493;23,01000000;12,86840780;23,60000000;63502,00000000;0,00000000;0,00000000;0,00000000;0,00000000;20251121
89;1O;17478;AU000000ORA8;ORORA LTD;AUD;AUSTRALIA;111111;201;O;387522,000;0,000;0,000;0,000;2,1593;1,2490;836783,6860;484027,61;1,728793;2,1900;1,2247;848673,1800;474622,88;848673,1800;474622,88;2,2100;1,421;3,431;-1,943;15,111;0,207;0,054;-0,905;0,054;0,000;0,000;0,0000;0,00;;;;DAUD;N007000;T300;;099946      ORORA LTD;2,15931917;1,24903259;2,19000000;1,22476371;2,21000000;387522,00000000;0,00000000;0,00000000;0,00000000;0,00000000;20251121
89;1O;31244;AU000000LLC3;LEND LEASE GROUP STAPLED SECURITIES;AUD;AUSTRALIA;111111;223;O;86544,000;0,000;0,000;0,000;6,1609;3,6630;533191,4400;317011,92;1,681929;5,1700;2,8913;447432,4800;250227,88;447432,4800;250227,88;5,2500;-16,084;6,312;-21,067;7,967;0,109;0,029;-1,524;0,029;0,000;0,000;0,0000;0,00;;;;DAUD;N007000;T300;;099971      LEND LEASE GROUP STAPLED SECURITIES;6,16092900;3,66301442;5,17000000;2,89133717;5,25000000;86544,00000000;0,00000000;0,00000000;0,00000000;0,00000000;20251121
89;1O;03510;CA1363751027;CANADIAN NATIONAL RAILWAY CAD;CAD;TORONTO;111111;201;O;8177,000;0,000;0,000;0,000;145,3936;97,2589;1188884,0390;795286,84;1,494912;131,1100;80,6830;1072086,4700;659745,52;1072086,4700;659745,52;129,8500;-9,824;8,702;-17,043;24,142;0,288;0,075;0,970;0,076;0,000;0,000;0,0000;0,00;;;;DCAD;N013000;T300;;099925      CANADIAN NATIONAL RAILWAY CAD;145,39366992;97,25899963;131,11000000;80,68307692;129,85000000;8177,00000000;0,00000000;0,00000000;0,00000000;0,00000000;20251121
89;1O;10636;DK0060079531;DSV A/S;DKK;COPENHAGEN;111111;201;O;8280,000;0,000;0,000;0,000;1463,9745;196,1937;12121709,2790;1624484,64;7,461880;1389,5000;186,0356;11505060,0000;1540374,88;11505060,0000;1540374,88;1388,0000;-5,087;0,095;-5,178;46,724;0,673;0,176;0,108;0,177;0,000;0,000;0,0000;0,00;;;;DDKK;N021000;T300;;099824      DSV A/S;1463,97455060;196,19379710;1389,50000000;186,03561387;1388,00000000;8280,00000000;0,00000000;0,00000000;0,00000000;0,00000000;20251121
89;1O;47417;DK0062498333;NOVO NORDISK A/S-B;DKK;COPENHAGEN;111111;201;O;34600,000;0,000;0,000;0,000;536,0763;71,8730;18548239,9910;2486808,64;7,458652;304,6500;40,7885;10540890,0000;1411285,31;10540890,0000;1411285,31;314,1500;-43,170;0,139;-43,249;42,809;0,617;0,161;-3,024;0,162;0,000;0,000;0,0000;0,00;;;;DDKK;N021000;T300;;099839      NOVO NORDISK A/S-B;536,07630031;71,87308208;304,65000000;40,78859285;314,15000000;34600,00000000;0,00000000;0,00000000;0,00000000;0,00000000;20251121
89;1O;44229;GB00BP92CJ43;TATE & LYLE PLC;GBP;LONDRA;111111;201;O;238707,000;0,000;0,000;0,000;5,5255;6,4858;1318998,2350;1548214,51;0,851948;3,7080;4,2174;885125,5560;1006739,71;885125,5560;1006739,71;3,6760;-32,894;3,199;-34,974;10,807;0,440;0,115;0,871;0,116;0,000;0,000;0,0000;0,00;;;;DGBP;N031000;T300;;099885      TATE & LYLE PLC;5,52559512;6,48583623;3,70800000;4,21747042;3,67600000;238707,00000000;0,00000000;0,00000000;0,00000000;0,00000000;20251121
89;1O;03729;GB0006825383;PERSIMMON PLC.;GBP;LONDRA;111111;201;O;63415,000;0,000;0,000;0,000;11,5871;13,9139;734801,9200;882355,55;0,832773;12,5850;14,3141;798077,7750;907731,77;798077,7750;907731,77;12,0150;8,611;5,575;2,876;9,744;0,397;0,104;4,744;0,104;0,000;0,000;0,0000;0,00;;;;DGBP;N031000;T300;;099896      PERSIMMON PLC.;11,58719419;13,91398801;12,58500000;14,31414922;12,01500000;63415,00000000;0,00000000;0,00000000;0,00000000;0,00000000;20251121
89;1O;09739;GB00B2B0DG97;REED ELSEVIER PLC A;GBP;LONDRA;111111;201;O;12285,000;0,000;0,000;0,000;38,8126;46,0009;476813,8750;565121,38;0,843737;31,0500;35,3161;381449,2500;433859,47;381449,2500;433859,47;30,2800;-20,000;4,203;-23,227;4,657;0,190;0,050;2,543;0,050;0,000;0,000;0,0000;0,00;;;;DGBP;N031000;T300;;099950      REED ELSEVIER PLC A;38,81268823;46,00092633;31,05000000;35,31619654;30,28000000;12285,00000000;0,00000000;0,00000000;0,00000000;0,00000000;20251121
89;1O;01504;GB0007908733;SSE PLC;GBP;LONDRA;111111;201;O;10146,000;0,000;0,000;0,000;16,0157;19,2088;162495,3180;194893,28;0,833766;21,7600;24,7497;220776,9600;251111,19;220776,9600;251111,19;21,8600;35,867;5,449;28,845;2,696;0,110;0,029;-0,457;0,029;0,000;0,000;0,0000;0,00;;;;DGBP;N031000;T300;;099971      SSE PLC;16,01570254;19,20887837;21,76000000;24,74977252;21,86000000;10146,00000000;0,00000000;0,00000000;0,00000000;0,00000000;20251121
89;1O;12368;IE0001827041;CRH PLC.- LONDRA GBP;GBP;LONDRA;111111;201;O;22634,000;0,000;0,000;0,000;72,0709;86,0449;1631254,7470;1947542,44;0,837597;83,4000;94,8589;1887675,6000;2147037,76;1887675,6000;2147037,76;83,9800;15,719;4,967;10,243;23,047;0,938;0,245;-0,691;0,246;0,000;0,000;0,0000;0,00;;;;DGBP;N040000;T300;;099755      CRH PLC.- LONDRA GBP;72,07098820;86,04499602;83,40000000;94,85896269;83,98000000;22634,00000000;0,00000000;0,00000000;0,00000000;0,00000000;20251121
89;1O;46296;IE000S9YS762;LINDE PLC NEW - USD;USD;OTC;111111;201;O;7723,000;0,000;0,000;0,000;420,3533;403,3512;3246389,2890;3115081,52;1,042152;412,7400;358,8107;3187591,0200;2771095,38;3187591,0200;2771095,38;408,5100;-1,811;10,377;-11,043;1,457;1,211;0,316;1,035;0,318;0,000;0,000;0,0000;0,00;;;;DUSD;N040000;T300;;099684      LINDE PLC NEW - USD;420,35339751;403,35122620;412,74000000;358,81074502;408,51000000;7723,00000000;0,00000000;0,00000000;0,00000000;0,00000000;20251121
89;1O;19903;IE00BTN1Y115;MEDTRONIC PLC;USD;NEW YORK;111111;201;O;29645,000;0,000;0,000;0,000;79,8800;77,1340;2368042,6000;2286638,27;1,035600;101,2000;87,9770;3000074,0000;2608079,63;3000074,0000;2608079,63;99,3500;26,690;11,076;14,057;1,372;1,140;0,298;1,862;0,299;0,000;0,000;0,0000;0,00;;;;DUSD;N040000;T300;;099702      MEDTRONIC PLC;79,88000000;77,13402833;101,20000000;87,97704946;99,35000000;29645,00000000;0,00000000;0,00000000;0,00000000;0,00000000;20251121
89;1O;37185;IE00BK9ZQ967;TRANE TECH PLC;USD;NEW YORK;111111;201;O;6148,000;0,000;0,000;0,000;367,8185;353,4320;2261348,7480;2172900,47;1,040705;410,1000;356,5156;2521294,8000;2191858,47;2521294,8000;2191858,47;400,0600;11,495;10,531;0,872;1,153;0,958;0,250;2,510;0,251;0,000;0,000;0,0000;0,00;;;;DUSD;N040000;T300;;099750      TRANE TECH PLC;367,81859921;353,43208685;410,10000000;356,51569155;400,06000000;6148,00000000;0,00000000;0,00000000;0,00000000;0,00000000;20251121
89;1O;18593;IE00BLS09M33;PENTAIR PLC;USD;NEW YORK;111111;201;O;3829,000;0,000;0,000;0,000;99,2629;95,3516;380077,6900;365101,33;1,041020;104,7900;91,0979;401240,9100;348814,14;401240,9100;348814,14;101,4800;5,568;10,497;-4,461;0,183;0,152;0,040;3,262;0,040;0,000;0,000;0,0000;0,00;;;;DUSD;N040000;T300;;099960      PENTAIR PLC;99,26291198;95,35161399;104,79000000;91,09797444;101,48000000;3829,00000000;0,00000000;0,00000000;0,00000000;0,00000000;20251121
89;1O;00158;NO0005052605;NORSK HYDRO;NOK;OSLO;111111;201;O;86541,000;0,000;0,000;0,000;69,6884;5,9692;6030903,8280;516587,75;11,674500;70,5400;5,9649;6104602,1400;516210,50;6104602,1400;516210,50;70,9200;1,222;1,296;-0,073;78,636;0,226;0,059;-0,536;0,059;0,000;0,000;0,0000;0,00;;;;DNOK;N048000;T300;;099941      NORSK HYDRO;69,68840004;5,96928334;70,54000000;5,96492414;70,92000000;86541,00000000;0,00000000;0,00000000;0,00000000;0,00000000;20251121
89;1O;24521;NL0011585146;FERRARI NV - USD -;USD;NEW YORK;111111;201;O;1767,000;0,000;0,000;0,000;424,5741;407,0418;750222,5500;719242,98;1,043072;389,1900;338,3378;687698,7300;597842,94;687698,7300;597842,94;383,1500;-8,334;10,280;-16,879;0,314;0,261;0,068;1,576;0,069;0,000;0,000;0,0000;0,00;;;;DUSD;N050000;T300;;099932      FERRARI NV - USD -;424,57416525;407,04186757;389,19000000;338,33782491;383,15000000;1767,00000000;0,00000000;0,00000000;0,00000000;0,00000000;20251121
89;1O;44332;SE0017486889;ATLAS COPCO AB-A SHS;SEK;STOCCOLMA;111111;201;O;120981,000;0,000;0,000;0,000;159,6563;14,4819;19315380,7550;1752034,87;11,024541;152,8500;13,8645;18491945,8500;1677350,07;18491945,8500;1677350,07;153,0500;-4,263;0,000;-4,263;43,708;0,733;0,191;-0,131;0,192;0,000;0,000;0,0000;0,00;;;;DSEK;N068000;T300;;099809      ATLAS COPCO AB-A SHS;159,65631590;14,48190104;152,85000000;13,86457435;153,05000000;120981,00000000;0,00000000;0,00000000;0,00000000;0,00000000;20251121
89;1O;00418;SE0000108227;S.K.F. AB CL.B;SEK;STOCCOLMA;111111;201;O;56999,000;0,000;0,000;0,000;251,4196;22,8440;14330668,5400;1302087,02;11,005922;238,1000;21,5973;13571461,9000;1231027,43;13571461,9000;1231027,43;237,9000;-5,298;0,169;-5,457;32,078;0,538;0,141;0,084;0,141;0,000;0,000;0,0000;0,00;;;;DSEK;N068000;T300;;099859      S.K.F. AB CL.B;251,41964841;22,84403270;238,10000000;21,59735135;237,90000000;56999,00000000;0,00000000;0,00000000;0,00000000;0,00000000;20251121
89;1O;23094;SE0007100581;ASSA ABLOY AB-B;SEK;STOCCOLMA;111111;201;O;25822,000;0,000;0,000;0,000;331,0961;30,1010;8549563,7570;777268,40;10,999500;348,3000;31,5932;8993802,6000;815801,41;8993802,6000;815801,41;346,9000;5,196;0,227;4,957;21,258;0,357;0,093;0,404;0,094;0,000;0,000;0,0000;0,00;;;;DSEK;N068000;T300;;099907      ASSA ABLOY AB-B;331,09611017;30,10101463;348,30000000;31,59326953;346,90000000;25822,00000000;0,00000000;0,00000000;0,00000000;0,00000000;20251121
89;1O;02738;US67066G1040;NVIDIA CORP.;USD;OTC;111111;201;O;136712,000;0,000;0,000;0,000;132,2983;126,9888;18086771,2500;17360900,82;1,041811;178,8800;155,5072;24455042,5600;21259708,39;24455042,5600;21259708,39;180,6400;35,210;10,414;22,457;11,180;9,291;2,427;-0,974;2,439;0,000;0,000;0,0000;0,00;;;;DUSD;N069000;T300;;097573      NVIDIA CORP.;132,29834433;126,98885847;178,88000000;155,50725897;180,64000000;136712,00000000;0,00000000;0,00000000;0,00000000;0,00000000;20251121
89;1O;08768;US92826C8394;VISA INC CLASS A SHS;USD;NEW YORK;111111;201;O;27888,000;0,000;0,000;0,000;317,2238;304,4011;8846740,0280;8489138,88;1,042125;327,9800;285,1256;9146706,2400;7951583,27;9146706,2400;7951583,27;323,7700;3,391;10,380;-6,332;4,181;3,475;0,908;1,300;0,912;0,000;0,000;0,0000;0,00;;;;DUSD;N069000;T300;;099092      VISA INC CLASS A SHS;317,22389658;304,40113597;327,98000000;285,12561940;323,77000000;27888,00000000;0,00000000;0,00000000;0,00000000;0,00000000;20251121
89;1O;06606;US57636Q1040;MASTERCARD INC CL A;USD;NEW YORK;111111;201;O;16740,000;0,000;0,000;0,000;525,4197;504,4197;8795526,8600;8443985,90;1,041632;540,4000;469,7904;9046296,0000;7864292,79;9046296,0000;7864292,79;527,8800;2,851;10,432;-6,865;4,136;3,437;0,898;2,372;0,902;0,000;0,000;0,0000;0,00;;;;DUSD;N069000;T300;;099102      MASTERCARD INC CL A;525,41976463;504,41970728;540,40000000;469,79048943;527,88000000;16740,00000000;0,00000000;0,00000000;0,00000000;0,00000000;20251121
89;1O;00448;US68389X1054;ORACLE CORP.;USD;OTC;111111;201;O;33280,000;0,000;0,000;0,000;165,1302;158,9773;5495534,2160;5290766,12;1,038703;198,7600;172,7897;6614732,8000;5750441,45;6614732,8000;5750441,45;210,6900;20,366;10,744;8,688;3,024;2,513;0,656;-5,662;0,660;0,000;0,000;0,0000;0,00;;;;DUSD;N069000;T300;;099344      ORACLE CORP.;165,13023485;158,97734735;198,76000000;172,78970703;210,69000000;33280,00000000;0,00000000;0,00000000;0,00000000;0,00000000;20251121
89;1O;14741;US00287Y1091;ABBVIE INC;USD;NEW YORK;111111;201;O;21236,000;0,000;0,000;0,000;177,7000;171,5913;3773637,2000;3643913,87;1,035600;236,2800;205,4072;5017642,0800;4362029,11;5017642,0800;4362029,11;229,4500;32,966;11,076;19,707;2,294;1,906;0,498;2,977;0,500;0,000;0,000;0,0000;0,00;;;;DUSD;N069000;T300;;099502      ABBVIE INC;177,70000000;171,59134818;236,28000000;205,40728505;229,45000000;21236,00000000;0,00000000;0,00000000;0,00000000;0,00000000;20251121
89;1O;00423;US0382221051;APPLIED MATERIALS INC.;USD;OTC;111111;201;O;19011,000;0,000;0,000;0,000;181,3428;167,0104;3447509,7840;3175036,47;1,085817;224,0050;194,7361;4258559,0550;3702129,06;4258559,0550;3702129,06;220,2300;23,526;5,939;16,601;1,947;1,618;0,423;1,714;0,425;0,000;0,000;0,0000;0,00;;;;DUSD;N069000;T300;;099577      APPLIED MATERIALS INC.;181,34289537;167,01049234;224,00500000;194,73615578;220,23000000;19011,00000000;0,00000000;0,00000000;0,00000000;0,00000000;20251121
89;1O;00174;US7427181091;PROCTER & GAMBLE CO.;USD;NEW YORK;111111;201;O;27910,000;0,000;0,000;0,000;162,9287;152,8311;4547340,0430;4265517,49;1,066070;150,9200;131,2005;4212177,2000;3661807,53;4212177,2000;3661807,53;148,1900;-7,371;7,901;-14,153;1,926;1,600;0,418;1,842;0,420;0,000;0,000;0,0000;0,00;;;;DUSD;N069000;T300;;099582      PROCTER & GAMBLE CO.;162,92870093;152,83115335;150,92000000;131,20055637;148,19000000;27910,00000000;0,00000000;0,00000000;0,00000000;0,00000000;20251121
89;1O;00095;US4370761029;HOME DEPOT INC.;USD;NEW YORK;111111;201;O;12155,000;0,000;0,000;0,000;388,0892;372,8229;4717224,7760;4531663,16;1,040948;343,3200;298,4612;4173054,6000;3627796,75;4173054,6000;3627796,75;332,3800;-11,536;10,505;-19,946;1,908;1,585;0,414;3,291;0,416;0,000;0,000;0,0000;0,00;;;;DUSD;N069000;T300;;099586      HOME DEPOT INC.;388,08924524;372,82296668;343,32000000;298,46127097;332,38000000;12155,00000000;0,00000000;0,00000000;0,00000000;0,00000000;20251121
89;1O;00222;US8825081040;TEXAS INSTRUMENTS INC.;USD;OTC;111111;201;O;23447,000;0,000;0,000;0,000;188,0968;175,7654;4410305,7840;4121173,63;1,070158;159,4000;138,5725;3737451,8000;3249110,49;3737451,8000;3249110,49;153,3300;-15,256;7,489;-21,161;1,709;1,420;0,371;3,959;0,373;0,000;0,000;0,0000;0,00;;;;DUSD;N069000;T300;;099629      TEXAS INSTRUMENTS INC.;188,09680487;175,76549793;159,40000000;138,57254629;153,33000000;23447,00000000;0,00000000;0,00000000;0,00000000;0,00000000;20251121
89;1O;17264;US81762P1021;SERVICENOW INC;USD;NEW YORK;111111;201;O;4341,000;0,000;0,000;0,000;1046,4650;974,6684;4542704,7310;4231035,54;1,073663;813,4300;707,1459;3531099,6300;3069720,62;3531099,6300;3069720,62;800,4600;-22,269;7,138;-27,448;1,614;1,342;0,350;1,620;0,352;0,000;0,000;0,0000;0,00;;;;DUSD;N069000;T300;;099650      SERVICENOW INC;1046,46503824;974,66840359;813,43000000;707,14596192;800,46000000;4341,00000000;0,00000000;0,00000000;0,00000000;0,00000000;20251121
89;1O;00263;US17275R1023;CISCO SYSTEM INC.;USD;OTC;111111;201;O;45750,000;0,000;0,000;0,000;60,4919;56,9321;2767505,2040;2604644,04;1,062527;76,1000;66,1566;3481575,0000;3026666,96;3481575,0000;3026666,96;75,4400;25,802;8,261;16,203;1,592;1,323;0,346;0,875;0,347;0,000;0,000;0,0000;0,00;;;;DUSD;N069000;T300;;099654      CISCO SYSTEM INC.;60,49191702;56,93211016;76,10000000;66,15665478;75,44000000;45750,00000000;0,00000000;0,00000000;0,00000000;0,00000000;20251121
89;1O;00481;US7475251036;QUALCOMM INC.;USD;OTC;111111;201;O;20692,000;0,000;0,000;0,000;153,6105;147,9115;3178509,2180;3060585,62;1,038530;163,3000;141,9629;3379003,6000;2937497,70;3379003,6000;2937497,70;159,5900;6,308;10,762;-4,022;1,545;1,284;0,335;2,325;0,337;0,000;0,000;0,0000;0,00;;;;DUSD;N069000;T300;;099665      QUALCOMM INC.;153,61053634;147,91154165;163,30000000;141,96296618;159,59000000;20692,00000000;0,00000000;0,00000000;0,00000000;0,00000000;20251121
89;1O;00060;US2358511028;DANAHER CORP.;USD;NEW YORK;111111;201;O;14476,000;0,000;0,000;0,000;227,7277;219,2128;3296587,5540;3173325,45;1,038843;227,3900;197,6788;3291697,6400;2861599,27;3291697,6400;2861599,27;222,1800;-0,148;10,729;-9,823;1,505;1,251;0,327;2,345;0,328;0,000;0,000;0,0000;0,00;;;;DUSD;N069000;T300;;099673      DANAHER CORP.;227,72779455;219,21286612;227,39000000;197,67886638;222,18000000;14476,00000000;0,00000000;0,00000000;0,00000000;0,00000000;20251121
89;1O;04319;US79466L3024;SALESFORCE COM INC.;USD;NEW YORK;111111;201;O;14450,000;0,000;0,000;0,000;329,9574;317,4549;4767885,0450;4587224,43;1,039383;227,1100;197,4354;3281739,5000;2852942,28;3281739,5000;2852942,28;225,3700;-31,170;10,671;-37,807;1,500;1,247;0,326;0,772;0,327;0,000;0,000;0,0000;0,00;;;;DUSD;N069000;T300;;099674      SALESFORCE COM INC.;329,95744256;317,45497785;227,11000000;197,43545162;225,37000000;14450,00000000;0,00000000;0,00000000;0,00000000;0,00000000;20251121
89;1O;00061;US2441991054;DEERE & CO.;USD;NEW YORK;111111;201;O;6432,000;0,000;0,000;0,000;426,1629;408,7129;2741080,1520;2628841,68;1,042695;487,2400;423,5764;3133927,6800;2724443,78;3133927,6800;2724443,78;476,3300;14,332;10,320;3,637;1,433;1,191;0,311;2,290;0,313;0,000;0,000;0,0000;0,00;;;;DUSD;N069000;T300;;099689      DEERE & CO.;426,16295895;408,71294776;487,24000000;423,57645831;476,33000000;6432,00000000;0,00000000;0,00000000;0,00000000;0,00000000;20251121
89;1O;60431;US5128073062;LAM RESEARCH CORP;USD;OTC;111111;201;O;21819,000;0,000;0,000;0,000;72,2300;69,7470;1575986,3700;1521809,93;1,035600;142,6500;124,0111;3112480,3500;2705798,79;3112480,3500;2705798,79;139,5900;97,494;11,076;77,801;1,423;1,182;0,309;2,192;0,310;0,000;0,000;0,0000;0,00;;;;DUSD;N069000;T300;;099691      LAM RESEARCH CORP;72,23000000;69,74700627;142,65000000;124,01112753;139,59000000;21819,00000000;0,00000000;0,00000000;0,00000000;0,00000000;20251121
89;1O;10451;US58933Y1055;MERCK E CO INC;USD;NEW YORK;111111;201;O;31244,000;0,000;0,000;0,000;97,5991;93,3673;3049387,1850;2917168,64;1,045324;97,7600;84,9865;3054413,4400;2655319,00;3054413,4400;2655319,00;94,9700;0,165;10,042;-8,976;1,396;1,160;0,303;2,938;0,305;0,000;0,000;0,0000;0,00;;;;DUSD;N069000;T300;;099697      MERCK E CO INC;97,59912895;93,36732300;97,76000000;84,98652525;94,97000000;31244,00000000;0,00000000;0,00000000;0,00000000;0,00000000;20251121
89;1O;01191;US4612021034;INTUIT INC.;USD;OTC;111111;201;O;4311,000;0,000;0,000;0,000;625,4759;600,6027;2696427,0170;2589198,43;1,041414;663,1500;576,5017;2858839,6500;2485299,18;2858839,6500;2485299,18;637,4400;6,023;10,456;-4,013;1,307;1,086;0,284;4,033;0,285;0,000;0,000;0,0000;0,00;;;;DUSD;N069000;T300;;099716      INTUIT INC.;625,47599559;600,60274414;663,15000000;576,50178214;637,44000000;4311,00000000;0,00000000;0,00000000;0,00000000;0,00000000;20251121
89;1O;25523;US78409V1044;S&P GLOBAL-ORD SHS;USD;NEW YORK;111111;201;O;5577,000;0,000;0,000;0,000;495,6485;475,9378;2764231,6910;2654305,66;1,041414;493,6000;429,1054;2752807,2000;2393121,10;2752807,2000;2393121,10;490,9100;-0,413;10,456;-9,840;1,258;1,046;0,273;0,548;0,275;0,000;0,000;0,0000;0,00;;;;DUSD;N069000;T300;;099727      S&P GLOBAL-ORD SHS;495,64850116;475,93789851;493,60000000;429,10545075;490,91000000;5577,00000000;0,00000000;0,00000000;0,00000000;0,00000000;20251121
89;1O;00007;US0028241000;ABBOTT LABORATORIES CORP.;USD;NEW YORK;111111;201;O;20042,000;0,000;0,000;0,000;120,5204;111,3814;2415470,9970;2232307,49;1,082051;128,1100;111,3709;2567580,6200;2232096,51;2567580,6200;2232096,51;123,9700;6,297;6,307;-0,009;1,174;0,975;0,255;3,340;0,256;0,000;0,000;0,0000;0,00;;;;DUSD;N069000;T300;;099745      ABBOTT LABORATORIES CORP.;120,52045689;111,38147340;128,11000000;111,37094670;123,97000000;20042,00000000;0,00000000;0,00000000;0,00000000;0,00000000;20251121
89;1O;00017;US0311621009;AMGEN INC;USD;OTC;111111;201;O;7190,000;0,000;0,000;0,000;261,7050;251,6674;1881659,1200;1809488,81;1,039884;337,5400;293,4364;2426912,6000;2109808,40;2426912,6000;2109808,40;336,0700;28,977;10,618;16,597;1,109;0,922;0,241;0,437;0,242;0,000;0,000;0,0000;0,00;;;;DUSD;N069000;T300;;099759      AMGEN INC;261,70502364;251,66742837;337,54000000;293,43649482;336,07000000;7190,00000000;0,00000000;0,00000000;0,00000000;0,00000000;20251121
89;1O;00492;US9078181081;UNION PACIFIC CORP.;USD;NEW YORK;111111;201;O;10159,000;0,000;0,000;0,000;227,6184;218,9963;2312376,1440;2224784,36;1,039371;226,2200;196,6617;2298168,9800;1997886,62;2298168,9800;1997886,62;221,2100;-0,614;10,673;-10,199;1,051;0,873;0,228;2,265;0,229;0,000;0,000;0,0000;0,00;;;;DUSD;N069000;T300;;099772      UNION PACIFIC CORP.;227,61848055;218,99639334;226,22000000;196,66174041;221,21000000;10159,00000000;0,00000000;0,00000000;0,00000000;0,00000000;20251121
89;1O;00103;US4581401001;INTEL CORP.;USD;OTC;111111;201;O;66306,000;0,000;0,000;0,000;19,9972;19,1901;1325939,5130;1272423,74;1,042058;34,5000;29,9921;2287557,0000;1988661,22;2287557,0000;1988661,22;33,6200;72,523;10,387;56,289;1,046;0,869;0,227;2,617;0,228;0,000;0,000;0,0000;0,00;;;;DUSD;N069000;T300;;099773      INTEL CORP.;19,99727796;19,19017494;34,50000000;29,99217595;33,62000000;66306,00000000;0,00000000;0,00000000;0,00000000;0,00000000;20251121
89;1O;00349;US8725401090;TJX COMPANIES INC.;USD;NEW YORK;111111;201;O;14466,000;0,000;0,000;0,000;120,1513;114,7711;1738109,7910;1660278,81;1,046878;151,4300;131,6439;2190586,3800;1904360,93;2190586,3800;1904360,93;148,0700;26,033;9,879;14,701;1,001;0,832;0,217;2,269;0,218;0,000;0,000;0,0000;0,00;;;;DUSD;N069000;T300;;099783      TJX COMPANIES INC.;120,15137501;114,77110535;151,43000000;131,64391897;148,07000000;14466,00000000;0,00000000;0,00000000;0,00000000;0,00000000;20251121
89;1O;01458;US92343V1044;VERIZON COMMUNICATION;USD;NEW YORK;111111;201;O;52311,000;0,000;0,000;0,000;43,1539;36,6549;2257423,6640;1917458,30;1,177300;41,2300;35,8428;2156782,5300;1874973,95;2156782,5300;1874973,95;40,7600;-4,458;-2,293;-2,216;0,986;0,819;0,214;1,153;0,215;0,000;0,000;0,0000;0,00;;;;DUSD;N069000;T300;;099786      VERIZON COMMUNICATION;43,15390002;36,65497314;41,23000000;35,84282361;40,76000000;52311,00000000;0,00000000;0,00000000;0,00000000;0,00000000;20251121
89;1O;02840;US8636671013;STRYKER CORP.;USD;NEW YORK;111111;201;O;5798,000;0,000;0,000;0,000;359,7052;346,3813;2085570,9480;2008318,92;1,038466;368,2700;320,1512;2135229,4600;1856237,03;2135229,4600;1856237,03;360,4800;2,381;10,769;-7,573;0,976;0,811;0,212;2,161;0,213;0,000;0,000;0,0000;0,00;;;;DUSD;N069000;T300;;099788      STRYKER CORP.;359,70523421;346,38132459;368,27000000;320,15126488;360,48000000;5798,00000000;0,00000000;0,00000000;0,00000000;0,00000000;20251121
89;1O;01357;US0530151036;AUTOMATIC DATA PROCESSING;USD;OTC;111111;201;O;8189,000;0,000;0,000;0,000;293,2872;281,0166;2401729,6370;2301245,15;1,043665;253,1200;220,0469;2072799,6800;1801964,43;2072799,6800;1801964,43;249,0600;-13,696;10,217;-21,696;0,948;0,787;0,206;1,630;0,207;0,000;0,000;0,0000;0,00;;;;DUSD;N069000;T300;;099794      AUTOMATIC DATA PROCESSING;293,28729234;281,01662596;253,12000000;220,04694427;249,06000000;8189,00000000;0,00000000;0,00000000;0,00000000;0,00000000;20251121
89;1O;03448;US8716071076;SYNOPSYS INC.;USD;OTC;111111;201;O;5286,000;0,000;0,000;0,000;498,1833;454,9332;2633397,4370;2404777,28;1,095069;388,3600;337,6162;2052870,9600;1784639,62;2052870,9600;1784639,62;385,6000;-22,045;5,044;-25,788;0,938;0,780;0,204;0,716;0,205;0,000;0,000;0,0000;0,00;;;;DUSD;N069000;T300;;099796      SYNOPSYS INC.;498,18339708;454,93327279;388,36000000;337,61627401;385,60000000;5286,00000000;0,00000000;0,00000000;0,00000000;0,00000000;20251121
89;1O;00261;US5486611073;LOWE'S COMPANIES INC.;USD;NEW YORK;111111;201;O;8501,000;0,000;0,000;0,000;240,4137;225,3503;2043756,8650;1915702,95;1,066844;234,2900;203,6773;1991699,2900;1731460,74;1991699,2900;1731460,74;228,4300;-2,547;7,823;-9,617;0,911;0,757;0,198;2,565;0,199;0,000;0,000;0,0000;0,00;;;;DUSD;N069000;T300;;099802      LOWE'S COMPANIES INC.;240,41370015;225,35030584;234,29000000;203,67730157;228,43000000;8501,00000000;0,00000000;0,00000000;0,00000000;0,00000000;20251121
89;1O;00432;US0326541051;ANALOG DEVICES;USD;OTC;111111;201;O;8509,000;0,000;0,000;0,000;209,9380;201,6183;1786362,6110;1715570,70;1,041264;232,3200;201,9647;1976810,8800;1718517,67;1976810,8800;1718517,67;225,2000;10,661;10,472;0,172;0,904;0,751;0,196;3,162;0,197;0,000;0,000;0,0000;0,00;;;;DUSD;N069000;T300;;099804      ANALOG DEVICES;209,93801986;201,61836878;232,32000000;201,96470485;225,20000000;8509,00000000;0,00000000;0,00000000;0,00000000;0,00000000;20251121
89;1O;23879;US95040Q1040;WELLTOWER INC;USD;NEW YORK;111111;201;O;9629,000;0,000;0,000;0,000;126,9230;121,9040;1222142,3430;1173814,53;1,041172;199,9300;173,8068;1925125,9700;1673585,99;1925125,9700;1673585,99;197,5800;57,521;10,481;42,577;0,880;0,731;0,191;1,189;0,192;0,000;0,000;0,0000;0,00;;;;DUSD;N069000;T300;;099809      WELLTOWER INC;126,92308059;121,90409492;199,93000000;173,80683300;197,58000000;9629,00000000;0,00000000;0,00000000;0,00000000;0,00000000;20251121
89;1O;03191;US3755581036;GILEAD SCIENCES INC.;USD;OTC;111111;201;O;14929,000;0,000;0,000;0,000;104,4133;94,9078;1558786,3290;1416879,42;1,100155;126,6400;110,0930;1890608,5600;1643578,68;1890608,5600;1643578,68;124,9900;21,287;4,558;16,000;0,864;0,718;0,188;1,320;0,189;0,000;0,000;0,0000;0,00;;;;DUSD;N069000;T300;;099812      GILEAD SCIENCES INC.;104,41331160;94,90785853;126,64000000;110,09301921;124,99000000;14929,00000000;0,00000000;0,00000000;0,00000000;0,00000000;20251121
89;1O;19426;US6974351057;PALO ALTO NETWORKS INC;USD;NEW YORK;111111;201;O;10216,000;0,000;0,000;0,000;180,7437;173,3568;1846478,0060;1771013,34;1,042611;182,9000;159,0019;1868506,4000;1624364,43;1868506,4000;1624364,43;185,0700;1,193;10,329;-8,281;0,854;0,710;0,185;-1,173;0,186;0,000;0,000;0,0000;0,00;;;;DUSD;N069000;T300;;099815      PALO ALTO NETWORKS INC;180,74373590;173,35682654;182,90000000;159,00199947;185,07000000;10216,00000000;0,00000000;0,00000000;0,00000000;0,00000000;20251121
89;1O;11964;US74340W1036;PROLOGIS INC;USD;NEW YORK;111111;201;O;14610,000;0,000;0,000;0,000;104,9866;100,8280;1533854,2490;1473097,51;1,041244;125,7900;109,3540;1837791,9000;1597663,13;1837791,9000;1597663,13;123,1200;19,815;10,474;8,456;0,840;0,698;0,182;2,169;0,183;0,000;0,000;0,0000;0,00;;;;DUSD;N069000;T300;;099818      PROLOGIS INC;104,98660157;100,82802943;125,79000000;109,35408154;123,12000000;14610,00000000;0,00000000;0,00000000;0,00000000;0,00000000;20251121
89;1O;02043;US00724F1012;ADOBE SYSTEM INC.;USD;OTC;111111;201;O;5624,000;0,000;0,000;0,000;358,0233;304,9620;2013523,5400;1715106,41;1,173993;324,1900;281,8308;1823244,5600;1585016,57;1823244,5600;1585016,57;312,4000;-9,450;-2,018;-7,585;0,834;0,693;0,181;3,774;0,182;0,000;0,000;0,0000;0,00;;;;DUSD;N069000;T300;;099819      ADOBE SYSTEM INC.;358,02338904;304,96202169;324,19000000;281,83082674;312,40000000;5624,00000000;0,00000000;0,00000000;0,00000000;0,00000000;20251121
89;1O;00035;US1011371077;BOSTON SCIENTIFIC CORP.;USD;NEW YORK;111111;201;O;18508,000;0,000;0,000;0,000;89,5096;86,0904;1656644,6990;1593361,74;1,039717;96,8800;84,2215;1793055,0400;1558771,66;1793055,0400;1558771,66;96,6000;8,234;10,636;-2,171;0,820;0,681;0,178;0,290;0,179;0,000;0,000;0,0000;0,00;;;;DUSD;N069000;T300;;099822      BOSTON SCIENTIFIC CORP.;89,50965523;86,09043332;96,88000000;84,22150743;96,60000000;18508,00000000;0,00000000;0,00000000;0,00000000;0,00000000;20251121
89;1O;00575;US0527691069;AUTODESK INC.;USD;OTC;111111;201;O;5922,000;0,000;0,000;0,000;295,3926;272,4174;1749315,3510;1613256,30;1,084338;290,8000;252,8036;1722117,6000;1497103,02;1722117,6000;1497103,02;286,9450;-1,555;6,083;-7,200;0,787;0,654;0,171;1,343;0,172;0,000;0,000;0,0000;0,00;;;;DUSD;N069000;T300;;099829      AUTODESK INC.;295,39266312;272,41747720;290,80000000;252,80361644;286,94500000;5922,00000000;0,00000000;0,00000000;0,00000000;0,00000000;20251121
89;1O;04140;US92532F1003;VERTEX PHARMACEUTICALS INC.;USD;OTC;111111;201;O;4024,000;0,000;0,000;0,000;406,2200;390,4864;1634629,2890;1571317,34;1,040292;426,7600;370,9988;1717282,2400;1492899,45;1717282,2400;1492899,45;422,3200;5,056;10,575;-4,991;0,785;0,652;0,170;1,051;0,171;0,000;0,000;0,0000;0,00;;;;DUSD;N069000;T300;;099830      VERTEX PHARMACEUTICALS INC.;406,22000223;390,48641650;426,76000000;370,99886986;422,32000000;4024,00000000;0,00000000;0,00000000;0,00000000;0,00000000;20251121
89;1O;01205;US9113121068;UNITED PARCEL SERVICE CL.B;USD;NEW YORK;111111;201;O;17555,000;0,000;0,000;0,000;123,7028;118,7914;2171603,2640;2085384,35;1,041344;94,6600;82,2915;1661756,3000;1444628,62;1661756,3000;1444628,62;90,8700;-23,478;10,463;-30,726;0,760;0,631;0,165;4,171;0,166;0,000;0,000;0,0000;0,00;;;;DUSD;N069000;T300;;099835      UNITED PARCEL SERVICE CL.B;123,70283474;118,79147536;94,66000000;82,29157611;90,87000000;17555,00000000;0,00000000;0,00000000;0,00000000;0,00000000;20251121
89;1O;37453;US68902V1070;OTIS WORLDWIDE;USD;NEW YORK;111111;201;O;18744,000;0,000;0,000;0,000;93,5591;88,1558;1753671,9330;1652393,50;1,061292;88,0600;76,5539;1650596,6400;1434927,10;1650596,6400;1434927,10;86,8600;-5,878;8,387;-13,161;0,755;0,627;0,164;1,382;0,165;0,000;0,000;0,0000;0,00;;;;DUSD;N069000;T300;;099836      OTIS WORLDWIDE;93,55910867;88,15586321;88,06000000;76,55394244;86,86000000;18744,00000000;0,00000000;0,00000000;0,00000000;0,00000000;20251121
89;1O;06874;US9581021055;WESTERN DIGITAL CORP;USD;NEW YORK;111111;201;O;11704,000;0,000;0,000;0,000;42,9315;41,4566;502470,9250;485208,59;1,035577;139,1900;121,0032;1629079,7600;1416221,65;1629079,7600;1416221,65;140,2300;224,214;11,078;191,879;0,745;0,619;0,162;-0,742;0,162;0,000;0,000;0,0000;0,00;;;;DUSD;N069000;T300;;099838      WESTERN DIGITAL CORP;42,93155545;41,45664644;139,19000000;121,00321655;140,23000000;11704,00000000;0,00000000;0,00000000;0,00000000;0,00000000;20251121
89;1O;12297;US7512121010;POLO RALPH LAUREN CORP. NEW;USD;NEW YORK;111111;201;O;4623,000;0,000;0,000;0,000;295,6432;256,1286;1366758,5500;1184082,62;1,154276;339,8800;295,4707;1571265,2400;1365961,26;1571265,2400;1365961,26;326,9600;14,963;-0,344;15,360;0,718;0,597;0,156;3,952;0,157;0,000;0,000;0,0000;0,00;;;;DUSD;N069000;T300;;099844      POLO RALPH LAUREN CORP. NEW;295,64320787;256,12862210;339,88000000;295,47074676;326,96000000;4623,00000000;0,00000000;0,00000000;0,00000000;0,00000000;20251121
89;1O;00567;US2788651006;ECOLAB INC.;USD;NEW YORK;111111;201;O;5628,000;0,000;0,000;0,000;234,3779;224,9673;1319079,0700;1266116,07;1,041831;267,0700;232,1742;1503069,9600;1306676,48;1503069,9600;1306676,48;261,7400;13,948;10,411;3,204;0,687;0,571;0,149;2,036;0,150;0,000;0,000;0,0000;0,00;;;;DUSD;N069000;T300;;099851      ECOLAB INC.;234,37794420;224,96731876;267,07000000;232,17421542;261,74000000;5628,00000000;0,00000000;0,00000000;0,00000000;0,00000000;20251121
89;1O;00053;US1941621039;COLGATE PALMOLIVE CO.;USD;NEW YORK;111111;201;O;17323,000;0,000;0,000;0,000;82,4671;73,3226;1428577,7600;1270169,07;1,124715;80,9300;70,3555;1401950,3900;1218769,36;1401950,3900;1218769,36;78,8600;-1,864;2,275;-4,047;0,641;0,533;0,139;2,625;0,140;0,000;0,000;0,0000;0,00;;;;DUSD;N069000;T300;;099861      COLGATE PALMOLIVE CO.;82,46711077;73,32269641;80,93000000;70,35555941;78,86000000;17323,00000000;0,00000000;0,00000000;0,00000000;0,00000000;20251121
89;1O;12344;US98419M1009;XYLEM INC;USD;NEW YORK;111111;201;O;9954,000;0,000;0,000;0,000;118,5914;112,3327;1180459,6770;1118159,82;1,055716;140,3900;122,0464;1397442,0600;1214850,09;1397442,0600;1214850,09;138,0400;18,381;8,959;8,647;0,639;0,531;0,139;1,702;0,139;0,000;0,000;0,0000;0,00;;;;DUSD;N069000;T300;;099861      XYLEM INC;118,59148854;112,33271247;140,39000000;122,04642267;138,04000000;9954,00000000;0,00000000;0,00000000;0,00000000;0,00000000;20251121
89;1O;37454;US14448C1045;CARRIER GLOBAL CORP;USD;NEW YORK;111111;201;O;24034,000;0,000;0,000;0,000;67,4654;63,6882;1621463,9470;1530682,58;1,059308;52,4100;45,5620;1259621,9400;1095037,76;1259621,9400;1095037,76;50,3600;-22,316;8,590;-28,461;0,576;0,479;0,125;4,071;0,126;0,000;0,000;0,0000;0,00;;;;DUSD;N069000;T300;;099875      CARRIER GLOBAL CORP;67,46542177;63,68821586;52,41000000;45,56202729;50,36000000;24034,00000000;0,00000000;0,00000000;0,00000000;0,00000000;20251121
89;1O;16468;US98978V1035;ZOETIS INC;USD;NEW YORK;111111;201;O;10199,000;0,000;0,000;0,000;162,2815;156,1385;1655110,0170;1592457,22;1,039343;122,0600;106,1114;1244889,9400;1082230,67;1244889,9400;1082230,67;115,8900;-24,785;10,676;-32,040;0,569;0,473;0,124;5,324;0,124;0,000;0,000;0,0000;0,00;;;;DUSD;N069000;T300;;099876      ZOETIS INC;162,28159790;156,13856456;122,06000000;106,11144918;115,89000000;10199,00000000;0,00000000;0,00000000;0,00000000;0,00000000;20251121
89;1O;19892;US29444U7000;EQUINIX INC;USD;OTC;111111;201;O;1610,000;0,000;0,000;0,000;931,1829;894,6873;1499204,5460;1440446,63;1,040791;754,6800;656,0723;1215034,8000;1056276,45;1215034,8000;1056276,45;752,8100;-18,955;10,522;-26,670;0,555;0,462;0,121;0,248;0,121;0,000;0,000;0,0000;0,00;;;;DUSD;N069000;T300;;099879      EQUINIX INC;931,18294782;894,68734782;754,68000000;656,07232895;752,81000000;1610,00000000;0,00000000;0,00000000;0,00000000;0,00000000;20251121
89;1O;00572;US2371941053;DARDEN RESTAURANTS;USD;NEW YORK;111111;201;O;6846,000;0,000;0,000;0,000;194,4863;178,4329;1331453,5370;1221551,79;1,089969;174,7200;151,8908;1196133,1200;1039844,49;1196133,1200;1039844,49;169,2100;-10,163;5,535;-14,875;0,547;0,454;0,119;3,256;0,119;0,000;0,000;0,0000;0,00;;;;DUSD;N069000;T300;;099881      DARDEN RESTAURANTS;194,48634779;178,43292287;174,72000000;151,89081109;169,21000000;6846,00000000;0,00000000;0,00000000;0,00000000;0,00000000;20251121
89;1O;04564;US5797802064;MCCORMICK & CO NON VTG;USD;NEW YORK;111111;201;O;16933,000;0,000;0,000;0,000;69,7511;63,3617;1181095,9620;1072904,49;1,100840;68,1600;59,2541;1154153,2800;1003349,80;1154153,2800;1003349,80;67,4800;-2,281;4,493;-6,483;0,528;0,438;0,115;1,008;0,115;0,000;0,000;0,0000;0,00;;;;DUSD;N069000;T300;;099885      MCCORMICK & CO NON VTG;69,75113458;63,36174865;68,16000000;59,25410762;67,48000000;16933,00000000;0,00000000;0,00000000;0,00000000;0,00000000;20251121
89;1O;33770;US1255231003;CIGNA CORP ORD;USD;NEW YORK;111111;201;O;3978,000;0,000;0,000;0,000;278,4969;267,7132;1107861,0230;1064963,27;1,040281;278,0900;241,7543;1106242,0200;961698,70;1106242,0200;961698,70;269,6000;-0,146;10,576;-9,697;0,506;0,420;0,110;3,149;0,110;0,000;0,000;0,0000;0,00;;;;DUSD;N069000;T300;;099890      CIGNA CORP ORD;278,49698919;267,71324032;278,09000000;241,75432495;269,60000000;3978,00000000;0,00000000;0,00000000;0,00000000;0,00000000;20251121
89;1O;03366;US3021301094;EXPEDITORS INTL WASH INC.;USD;NEW YORK;111111;201;O;7532,000;0,000;0,000;0,000;110,7424;106,2998;834112,1550;800650,81;1,041793;143,2100;124,4979;1078657,7200;937718,61;1078657,7200;937718,61;138,3000;29,318;10,415;17,120;0,493;0,410;0,107;3,550;0,108;0,000;0,000;0,0000;0,00;;;;DUSD;N069000;T300;;099893      EXPEDITORS INTL WASH INC.;110,74245286;106,29989511;143,21000000;124,49795705;138,30000000;7532,00000000;0,00000000;0,00000000;0,00000000;0,00000000;20251121
89;1O;08879;US0304201033;AMERICAN WATER WORKS CO INC;USD;NEW YORK;111111;201;O;7929,000;0,000;0,000;0,000;125,9625;120,7923;998757,0600;957762,20;1,042803;132,7400;115,3959;1052495,4600;914974,75;1052495,4600;914974,75;128,1300;5,381;10,308;-4,467;0,481;0,400;0,104;3,598;0,105;0,000;0,000;0,0000;0,00;;;;DUSD;N069000;T300;;099896      AMERICAN WATER WORKS CO INC;125,96255013;120,79230672;132,74000000;115,39598365;128,13000000;7929,00000000;0,00000000;0,00000000;0,00000000;0,00000000;20251121
89;1O;19628;US0367521038;ELEVANCE HEALTH INC;USD;NEW YORK;111111;201;O;3244,000;0,000;0,000;0,000;371,9418;357,5574;1206579,3660;1159916,45;1,040230;321,7300;279,6922;1043692,1200;907321,67;1043692,1200;907321,67;313,9900;-13,500;10,581;-21,777;0,477;0,397;0,104;2,465;0,104;0,000;0,000;0,0000;0,00;;;;DUSD;N069000;T300;;099896      ELEVANCE HEALTH INC;371,94185141;357,55747533;321,73000000;279,69225419;313,99000000;3244,00000000;0,00000000;0,00000000;0,00000000;0,00000000;20251121
89;1O;00530;US0758871091;BECTON DICKINSON;USD;NEW YORK;111111;201;O;5315,000;0,000;0,000;0,000;225,7538;217,2585;1199881,6830;1154729,21;1,039102;192,7200;167,5389;1024306,8000;890469,27;1024306,8000;890469,27;189,5800;-14,633;10,701;-22,885;0,468;0,389;0,102;1,656;0,102;0,000;0,000;0,0000;0,00;;;;DUSD;N069000;T300;;099898      BECTON DICKINSON;225,75384440;217,25855315;192,72000000;167,53890289;189,58000000;5315,00000000;0,00000000;0,00000000;0,00000000;0,00000000;20251121
89;1O;00316;US5745991068;MASCO CORP.;USD;NEW YORK;111111;201;O;15818,000;0,000;0,000;0,000;74,4919;68,4438;1178313,4430;1082645,42;1,088365;62,2400;54,1076;984512,3200;855874,40;984512,3200;855874,40;60,1000;-16,447;5,691;-20,946;0,450;0,374;0,098;3,561;0,098;0,000;0,000;0,0000;0,00;;;;DUSD;N069000;T300;;099902      MASCO CORP.;74,49193595;68,44388797;62,24000000;54,10762409;60,10000000;15818,00000000;0,00000000;0,00000000;0,00000000;0,00000000;20251121
89;1O;00104;US4595061015;INTERNATIONAL FLAVORS & FRAGRANCES INC.;USD;NEW YORK;111111;201;O;14519,000;0,000;0,000;0,000;82,0541;76,8596;1191344,8120;1115925,11;1,067585;67,4500;58,6368;979306,5500;851348,82;979306,5500;851348,82;64,5600;-17,798;7,748;-23,709;0,448;0,372;0,097;4,476;0,098;0,000;0,000;0,0000;0,00;;;;DUSD;N069000;T300;;099903      INTERNATIONAL FLAVORS & FRAGRANCES INC.;82,05419188;76,85963978;67,45000000;58,63687733;64,56000000;14519,00000000;0,00000000;0,00000000;0,00000000;0,00000000;20251121
89;1O;08129;US90384S3031;ULTA BEAUTY INC;USD;OTC;111111;201;O;1899,000;0,000;0,000;0,000;507,6129;435,9892;963957,0700;827943,68;1,164279;515,5800;448,2135;979086,4200;851157,45;979086,4200;851157,45;496,4400;1,570;-1,201;2,804;0,448;0,372;0,097;3,855;0,098;0,000;0,000;0,0000;0,00;;;;DUSD;N069000;T300;;099903      ULTA BEAUTY INC;507,61299104;435,98929963;515,58000000;448,21350951;496,44000000;1899,00000000;0,00000000;0,00000000;0,00000000;0,00000000;20251121
89;1O;00549;US4180561072;HASBRO INC.;USD;NEW YORK;111111;201;O;12104,000;0,000;0,000;0,000;65,8689;57,9883;797277,3410;701890,88;1,135899;79,2000;68,8516;958636,8000;833379,81;958636,8000;833379,81;76,7600;20,239;1,268;18,734;0,438;0,364;0,095;3,179;0,096;0,000;0,000;0,0000;0,00;;;;DUSD;N069000;T300;;099905      HASBRO INC.;65,86891449;57,98834104;79,20000000;68,85160392;76,76000000;12104,00000000;0,00000000;0,00000000;0,00000000;0,00000000;20251121
89;1O;00212;US8718291078;SYSCO CORP.;USD;NEW YORK;111111;201;O;12478,000;0,000;0,000;0,000;75,9834;72,9038;948121,4720;909693,98;1,042242;76,6300;66,6174;956189,1400;831251,97;956189,1400;831251,97;75,4800;0,851;10,368;-8,623;0,437;0,363;0,095;1,524;0,095;0,000;0,000;0,0000;0,00;;;;DUSD;N069000;T300;;099905      SYSCO CORP.;75,98344863;72,90382913;76,63000000;66,61740415;75,48000000;12478,00000000;0,00000000;0,00000000;0,00000000;0,00000000;20251121
89;1O;33782;US24703L2025;DELL TECHS-ORD SHS CL C;USD;NEW YORK;111111;201;O;7337,000;0,000;0,000;0,000;129,9465;117,8213;953418,0770;864455,39;1,102912;122,5100;106,5026;898855,8700;781409,95;898855,8700;781409,95;117,4000;-5,723;4,297;-9,607;0,411;0,341;0,089;4,353;0,090;0,000;0,000;0,0000;0,00;;;;DUSD;N069000;T300;;099911      DELL TECHS-ORD SHS CL C;129,94658266;117,82136977;122,51000000;106,50265148;117,40000000;7337,00000000;0,00000000;0,00000000;0,00000000;0,00000000;20251121
89;1O;04388;US2533931026;DICK'S SPORTING GOODS INC.;USD;NEW YORK;111111;201;O;4162,000;0,000;0,000;0,000;218,5230;194,9768;909492,9560;811493,47;1,120764;208,4500;181,2135;867568,9000;754210,99;867568,9000;754210,99;202,6100;-4,610;2,635;-7,059;0,397;0,330;0,086;2,882;0,087;0,000;0,000;0,0000;0,00;;;;DUSD;N069000;T300;;099914      DICK'S SPORTING GOODS INC.;218,52305526;194,97680682;208,45000000;181,21359645;202,61000000;4162,00000000;0,00000000;0,00000000;0,00000000;0,00000000;20251121
89;1O;00399;US5184391044;ESTEE LAUDER COMPANIES CLA;USD;NEW YORK;111111;201;O;9314,000;0,000;0,000;0,000;92,0889;78,6110;857716,2450;732182,94;1,171451;89,9000;78,1535;837328,6000;727921,93;837328,6000;727921,93;86,6100;-2,377;-1,806;-0,582;0,383;0,318;0,083;3,799;0,084;0,000;0,000;0,0000;0,00;;;;DUSD;N069000;T300;;099917      ESTEE LAUDER COMPANIES CLA;92,08892473;78,61100923;89,90000000;78,15352516;86,61000000;9314,00000000;0,00000000;0,00000000;0,00000000;0,00000000;20251121
89;1O;00426;US5951121038;MICRON TECHNOLOGY INC.;USD;OTC;111111;201;O;3972,000;0,000;0,000;0,000;99,2648;87,5687;394280,0530;347822,91;1,133566;207,3700;180,2747;823673,6400;716051,15;823673,6400;716051,15;201,3700;108,906;1,476;105,867;0,377;0,313;0,082;2,980;0,082;0,000;0,000;0,0000;0,00;;;;DUSD;N069000;T300;;099918      MICRON TECHNOLOGY INC.;99,26486732;87,56870845;207,37000000;180,27471094;201,37000000;3972,00000000;0,00000000;0,00000000;0,00000000;0,00000000;20251121
89;1O;13633;US8923561067;TRACTOR SUPPLY COMPANY;USD;OTC;111111;201;O;15660,000;0,000;0,000;0,000;56,8716;50,4152;890610,7880;789503,54;1,128064;52,9200;46,0053;828727,2000;720444,41;828727,2000;720444,41;52,6400;-6,948;1,971;-8,747;0,379;0,315;0,082;0,532;0,083;0,000;0,000;0,0000;0,00;;;;DUSD;N069000;T300;;099918      TRACTOR SUPPLY COMPANY;56,87169782;50,41529629;52,92000000;46,00538989;52,64000000;15660,00000000;0,00000000;0,00000000;0,00000000;0,00000000;20251121
89;1O;01310;US0865161014;BEST BUY COMPANY INC.;USD;NEW YORK;111111;201;O;10577,000;0,000;0,000;0,000;76,9821;65,5393;814239,7300;693209,66;1,174594;76,4500;66,4609;808611,6500;702957,19;808611,6500;702957,19;73,7800;-0,691;-2,068;1,406;0,370;0,307;0,080;3,619;0,081;0,000;0,000;0,0000;0,00;;;;DUSD;N069000;T300;;099920      BEST BUY COMPANY INC.;76,98210551;65,53934575;76,45000000;66,46092323;73,78000000;10577,00000000;0,00000000;0,00000000;0,00000000;0,00000000;20251121
89;1O;07927;US2538681030;DIGITAL REALTY TRUST INC;USD;NEW YORK;111111;201;O;4845,000;0,000;0,000;0,000;174,8956;167,9936;847369,4100;813929,28;1,041085;157,1800;136,6426;761537,1000;662033,47;761537,1000;662033,47;157,5900;-10,129;10,490;-18,662;0,348;0,289;0,076;-0,260;0,076;0,000;0,000;0,0000;0,00;;;;DUSD;N069000;T300;;099924      DIGITAL REALTY TRUST INC;174,89564705;167,99365944;157,18000000;136,64261497;157,59000000;4845,00000000;0,00000000;0,00000000;0,00000000;0,00000000;20251121
89;1O;04293;US12504L1098;CB RICHARD ELLIS GROUP INC. -CL A;USD;NEW YORK;111111;201;O;4829,000;0,000;0,000;0,000;130,1069;124,9210;628286,5690;603243,95;1,041513;156,7900;136,3035;757138,9100;658209,95;757138,9100;658209,95;151,5800;20,509;10,445;9,112;0,346;0,288;0,075;3,437;0,076;0,000;0,000;0,0000;0,00;;;;DUSD;N069000;T300;;099925      CB RICHARD ELLIS GROUP INC. -CL A;130,10697225;124,92109132;156,79000000;136,30357298;151,58000000;4829,00000000;0,00000000;0,00000000;0,00000000;0,00000000;20251121
89;1O;23399;US70450Y1038;PAYPAL HOLDINGS INC-W/I;USD;OTC;111111;201;O;11948,000;0,000;0,000;0,000;67,5125;57,3451;806639,3500;685160,40;1,177300;60,5700;52,6558;723690,3600;629131,84;723690,3600;629131,84;58,1050;-10,283;-2,293;-8,177;0,331;0,275;0,072;4,242;0,072;0,000;0,000;0,0000;0,00;;;;DUSD;N069000;T300;;099928      PAYPAL HOLDINGS INC-W/I;67,51250000;57,34519584;60,57000000;52,65582891;58,10500000;11948,00000000;0,00000000;0,00000000;0,00000000;0,00000000;20251121
89;1O;02976;US9884981013;YUM BRANDS INC.;USD;NEW YORK;111111;201;O;4514,000;0,000;0,000;0,000;145,5405;125,9356;656969,9000;568473,73;1,155673;152,9800;132,9913;690551,7200;600323,15;690551,7200;600323,15;149,2100;5,112;-0,465;5,603;0,316;0,262;0,069;2,527;0,069;0,000;0,000;0,0000;0,00;;;;DUSD;N069000;T300;;099931      YUM BRANDS INC.;145,54051838;125,93569561;152,98000000;132,99139354;149,21000000;4514,00000000;0,00000000;0,00000000;0,00000000;0,00000000;20251121
89;1O;36719;US52736R1023;LEVI STRAUSS & CO CLASS A;USD;NEW YORK;111111;201;O;32469,000;0,000;0,000;0,000;19,9470;17,2455;647659,5140;559946,28;1,156646;20,7600;18,0474;674056,4400;585983,17;674056,4400;585983,17;20,0300;4,076;-0,549;4,650;0,308;0,256;0,067;3,645;0,067;0,000;0,000;0,0000;0,00;;;;DUSD;N069000;T300;;099933      LEVI STRAUSS & CO CLASS A;19,94701142;17,24556592;20,76000000;18,04746587;20,03000000;32469,00000000;0,00000000;0,00000000;0,00000000;0,00000000;20251121
89;1O;09755;US92276F1003;VENTAS INC;USD;NEW YORK;111111;201;O;8530,000;0,000;0,000;0,000;59,4046;56,9577;506721,5750;485849,29;1,042960;79,2400;68,8863;675917,2000;587600,80;675917,2000;587600,80;79,7800;33,390;10,292;20,943;0,309;0,257;0,067;-0,677;0,067;0,000;0,000;0,0000;0,00;;;;DUSD;N069000;T300;;099933      VENTAS INC;59,40463950;56,95771277;79,24000000;68,88637746;79,78000000;8530,00000000;0,00000000;0,00000000;0,00000000;0,00000000;20251121
89;1O;08920;US49271V1008;KUERIG DR PEPPER;USD;NEW YORK;111111;201;O;23914,000;0,000;0,000;0,000;29,1755;25,0382;697704,7500;598764,85;1,165240;27,7400;24,1154;663374,3600;576696,83;663374,3600;576696,83;27,2100;-4,920;-1,282;-3,686;0,303;0,252;0,066;1,948;0,066;0,000;0,000;0,0000;0,00;;;;DUSD;N069000;T300;;099934      KUERIG DR PEPPER;29,17557706;25,03825583;27,74000000;24,11544814;27,21000000;23914,00000000;0,00000000;0,00000000;0,00000000;0,00000000;20251121
89;1O;07900;US5500211090;LULULEMON ATHLETICA INC;USD;OTC;111111;201;O;3834,000;0,000;0,000;0,000;176,2529;151,5816;675753,8200;581163,87;1,162760;168,1800;146,2053;644802,1200;560551,26;644802,1200;560551,26;164,6900;-4,580;-1,072;-3,547;0,295;0,245;0,064;2,119;0,064;0,000;0,000;0,0000;0,00;;;;DUSD;N069000;T300;;099936      LULULEMON ATHLETICA INC;176,25295253;151,58160406;168,18000000;146,20533773;164,69000000;3834,00000000;0,00000000;0,00000000;0,00000000;0,00000000;20251121
89;1O;32178;US3802371076;GODADDY-ORD SHS CL A;USD;NEW YORK;111111;201;O;4702,000;0,000;0,000;0,000;195,3495;187,5161;918533,7340;881701,07;1,041775;127,0600;110,4581;597436,1200;519374,18;597436,1200;519374,18;124,2300;-34,958;10,417;-41,094;0,273;0,227;0,059;2,278;0,060;0,000;0,000;0,0000;0,00;;;;DUSD;N069000;T300;;099941      GODADDY-ORD SHS CL A;195,34958188;187,51617822;127,06000000;110,45814135;124,23000000;4702,00000000;0,00000000;0,00000000;0,00000000;0,00000000;20251121
89;1O;09902;US28176E1082;EDWARDS LIFESCIENCES CORP;USD;NEW YORK;111111;201;O;6876,000;0,000;0,000;0,000;73,8145;71,0241;507548,9280;488362,35;1,039288;85,1300;74,0067;585353,8800;508870,63;585353,8800;508870,63;84,0900;15,330;10,682;4,199;0,268;0,222;0,058;1,237;0,058;0,000;0,000;0,0000;0,00;;;;DUSD;N069000;T300;;099942      EDWARDS LIFESCIENCES CORP;73,81456195;71,02419284;85,13000000;74,00678083;84,09000000;6876,00000000;0,00000000;0,00000000;0,00000000;0,00000000;20251121
89;1O;03963;US1273871087;CADENCE DESIGN SYS INC.;USD;OTC;111111;201;O;1752,000;0,000;0,000;0,000;372,5422;316,4377;652693,9390;554399,00;1,177300;300,5800;261,3057;526616,1600;457807,67;526616,1600;457807,67;302,1400;-19,317;-2,293;-17,423;0,241;0,200;0,052;-0,516;0,053;0,000;0,000;0,0000;0,00;;;;DUSD;N069000;T300;;099948      CADENCE DESIGN SYS INC.;372,54220262;316,43778538;300,58000000;261,30574632;302,14000000;1752,00000000;0,00000000;0,00000000;0,00000000;0,00000000;20251121
89;1O;05346;US1924461023;COGNIZANT TECH SOLUTIONS A;USD;OTC;111111;201;O;6657,000;0,000;0,000;0,000;76,4175;73,3887;508711,3040;488549,24;1,041269;75,9800;66,0523;505798,8600;439710,39;505798,8600;439710,39;72,3500;-0,573;10,471;-9,997;0,231;0,192;0,050;5,017;0,050;0,000;0,000;0,0000;0,00;;;;DUSD;N069000;T300;;099950      COGNIZANT TECH SOLUTIONS A;76,41750097;73,38879976;75,98000000;66,05233417;72,35000000;6657,00000000;0,00000000;0,00000000;0,00000000;0,00000000;20251121
89;1O;37182;US45687V1061;INGERSOLL RAND-ORD SHS;USD;NEW YORK;111111;201;O;6249,000;0,000;0,000;0,000;89,1405;85,6269;557039,1830;535082,91;1,041033;78,5400;68,2778;490796,4600;426668,23;490796,4600;426668,23;74,5400;-11,892;10,496;-20,261;0,224;0,186;0,049;5,366;0,049;0,000;0,000;0,0000;0,00;;;;DUSD;N069000;T300;;099951      INGERSOLL RAND-ORD SHS;89,14053176;85,62696591;78,54000000;68,27784056;74,54000000;6249,00000000;0,00000000;0,00000000;0,00000000;0,00000000;20251121
89;1O;04020;US0534841012;AVALONBAY COMMUNITIES INC.;USD;NEW YORK;111111;201;O;2490,000;0,000;0,000;0,000;217,9485;209,2680;542691,8040;521077,51;1,041480;180,6800;157,0720;449893,2000;391109,45;449893,2000;391109,45;177,0400;-17,100;10,449;-24,942;0,206;0,171;0,045;2,056;0,045;0,000;0,000;0,0000;0,00;;;;DUSD;N069000;T300;;099955      AVALONBAY COMMUNITIES INC.;217,94851566;209,26807630;180,68000000;157,07206815;177,04000000;2490,00000000;0,00000000;0,00000000;0,00000000;0,00000000;20251121
89;1O;02074;US98956P1021;ZIMMER HOLDINGS INC.;USD;NEW YORK;111111;201;O;4787,000;0,000;0,000;0,000;105,5077;101,5981;505065,6620;486350,20;1,038481;92,1800;80,1356;441265,6600;383609,20;441265,6600;383609,20;89,0700;-12,632;10,768;-21,125;0,202;0,168;0,044;3,492;0,044;0,000;0,000;0,0000;0,00;;;;DUSD;N069000;T300;;099956      ZIMMER HOLDINGS INC.;105,50776310;101,59811990;92,18000000;80,13561679;89,07000000;4787,00000000;0,00000000;0,00000000;0,00000000;0,00000000;20251121
89;1O;00525;US4278661081;HERSHEY CO.;USD;NEW YORK;111111;201;O;1480,000;0,000;0,000;0,000;173,8151;149,8922;257246,3500;221840,59;1,159600;186,0000;161,6969;275280,0000;239311,48;275280,0000;239311,48;182,6600;7,010;-0,802;7,875;0,126;0,105;0,027;1,829;0,027;0,000;0,000;0,0000;0,00;;;;DUSD;N069000;T300;;099973      HERSHEY CO.;173,81510135;149,89229054;186,00000000;161,69694862;182,66000000;1480,00000000;0,00000000;0,00000000;0,00000000;0,00000000;20251121
89;1O;06332;US48020Q1076;JONES LANG LASALLE INC;USD;NEW YORK;111111;201;O;728,000;0,000;0,000;0,000;249,5325;239,4847;181659,7120;174344,91;1,041956;314,8700;273,7285;229225,3600;199274,42;229225,3600;199274,42;301,6600;26,184;10,398;14,299;0,105;0,087;0,023;4,379;0,023;0,000;0,000;0,0000;0,00;;;;DUSD;N069000;T300;;099977      JONES LANG LASALLE INC;249,53257142;239,48476648;314,87000000;273,72859254;301,66000000;728,00000000;0,00000000;0,00000000;0,00000000;0,00000000;20251121
89;1O;00814;US1011211018;BOSTON PROPERTIES INC.;USD;NEW YORK;111111;201;O;2223,000;0,000;0,000;0,000;73,9595;71,0920;164412,1790;158037,68;1,040335;70,0400;60,8884;155698,9200;135355,06;155698,9200;135355,06;68,6600;-5,300;10,570;-14,353;0,071;0,059;0,015;2,010;0,016;0,000;0,000;0,0000;0,00;;;;DUSD;N069000;T300;;099985      BOSTON PROPERTIES INC.;73,95959469;71,09207377;70,04000000;60,88846387;68,66000000;2223,00000000;0,00000000;0,00000000;0,00000000;0,00000000;20251121
89;1O;03392;CH0013841017;LONZA GROUP AG-REG;CHF;VIRTX;111111;201;O;4599,000;0,000;0,000;0,000;534,7297;570,4062;2459222,0630;2623298,14;0,937454;534,8000;574,8065;2459545,2000;2643535,25;2459545,2000;2643535,25;530,0000;0,013;-0,752;0,771;36,794;1,155;0,302;0,906;0,303;0,000;0,000;0,0000;0,00;;;;DCHF;N071000;T300;;099698      LONZA GROUP AG-REG;534,72973755;570,40620569;534,80000000;574,80653482;530,00000000;4599,00000000;0,00000000;0,00000000;0,00000000;0,00000000;20251121
89;1O;01930;CH0012221716;ABB LTD - NOM;CHF;VIRTX;111111;201;O;24632,000;0,000;0,000;0,000;58,6011;62,8104;1443464,4430;1547147,54;0,932984;54,6200;58,7059;1345399,8400;1446044,54;1345399,8400;1446044,54;55,6400;-6,794;-0,277;-6,535;20,127;0,632;0,165;-1,833;0,166;0,000;0,000;0,0000;0,00;;;;DCHF;N071000;T300;;099835      ABB LTD - NOM;58,60118719;62,81047174;54,62000000;58,70593293;55,64000000;24632,00000000;0,00000000;0,00000000;0,00000000;0,00000000;20251121
89;1O;01931;CH0012005267;NOVARTIS AG - NOM.;CHF;VIRTX;111111;201;O;11513,000;0,000;0,000;0,000;101,4821;108,2592;1168364,5680;1246388,49;0,937400;102,8800;110,5760;1184457,4400;1273062,60;1184457,4400;1273062,60;100,4200;1,377;-0,747;2,140;17,719;0,556;0,145;2,450;0,146;0,000;0,000;0,0000;0,00;;;;DCHF;N071000;T300;;099855      NOVARTIS AG - NOM.;101,48219994;108,25922782;102,88000000;110,57609630;100,42000000;11513,00000000;0,00000000;0,00000000;0,00000000;0,00000000;20251121
89;1O;39064;CH0025751329;LOGITECH INTL SA;USD;OTC;111111;201;O;18785,000;0,000;0,000;0,000;82,3500;79,5191;1546944,7500;1493766,66;1,035600;109,9200;95,5576;2064847,2000;1795051,03;2064847,2000;1795051,03;106,6400;33,479;11,076;20,169;0,944;0,784;0,205;3,076;0,206;0,000;0,000;0,0000;0,00;;;;DUSD;N071000;T300;;099795      LOGITECH INTL SA;82,35000000;79,51911951;109,92000000;95,55768060;106,64000000;18785,00000000;0,00000000;0,00000000;0,00000000;0,00000000;20251121
89;1O;60381;IE000IVNQZ81;TE CONNECTIVITY PLC;USD;NEW YORK;111111;201;O;5872,000;0,000;0,000;0,000;142,9700;138,0552;839519,8400;810660,33;1,035600;218,9300;190,3242;1285556,9600;1117584,07;1285556,9600;1117584,07;214,4900;53,130;11,076;37,861;0,588;0,488;0,128;2,070;0,128;0,000;0,000;0,0000;0,00;;;;DUSD;N071000;T300;;099872      TE CONNECTIVITY PLC;142,97000000;138,05523331;218,93000000;190,32426323;214,49000000;5872,00000000;0,00000000;0,00000000;0,00000000;0,00000000;20251121
89;1O;00872;KR7000660001;SK HYNIX INC.;KRW;SEOUL;111111;201;O;3156,000;0,000;0,000;0,000;354949,6974;216,9901;1120221245,0000;684820,77;1635,787485;521000,0000;306,8807;1644276000,0000;968515,68;1644276000,0000;968515,68;571000,0000;46,781;3,787;41,426;64,405;0,423;0,111;-8,757;0,111;0,000;0,000;0,0000;0,00;;;;DKRW;N084000;T300;;099889      SK HYNIX INC.;354949,69740177;216,99010456;521000,00000000;306,88076145;571000,00000000;3156,00000000;0,00000000;0,00000000;0,00000000;0,00000000;20251121
89;1O;02748;KR7066570003;LG ELECTRONICS INC.;KRW;SEOUL;111111;201;O;10518,000;0,000;0,000;0,000;82505,8561;53,9236;867796595,2650;567169,16;1530,048981;86400,0000;50,8915;908755200,0000;535277,33;908755200,0000;535277,33;87300,0000;4,720;10,959;-5,623;35,595;0,234;0,061;-1,031;0,061;0,000;0,000;0,0000;0,00;;;;DKRW;N084000;T300;;099939      LG ELECTRONICS INC.;82505,85617655;53,92366989;86400,00000000;50,89155045;87300,00000000;10518,00000000;0,00000000;0,00000000;0,00000000;0,00000000;20251121
89;1O;09635;JP3651210001;NABTESCO CORP;JPY;TOKYO;111111;201;O;115808,000;0,000;0,000;0,000;2798,4724;17,1920;324085497,6240;1990978,88;162,776964;3282,0000;18,2229;380081856,0000;2110364,13;380081856,0000;2110364,13;3272,0000;17,278;10,644;5,996;7,848;0,922;0,241;0,306;0,242;0,000;0,000;0,0000;0,00;;;;DJPY;N088000;T300;;099759      NABTESCO CORP;2798,47245116;17,19206686;3282,00000000;18,22295637;3272,00000000;115808,00000000;0,00000000;0,00000000;0,00000000;0,00000000;20251121
89;1O;00664;JP3266400005;KUBOTA CORP.;JPY;TOKYO;111111;201;O;162800,000;0,000;0,000;0,000;1694,3036;10,1535;275832633,1100;1652997,02;166,868197;2128,5000;11,8182;346519800,0000;1924014,38;346519800,0000;1924014,38;2066,0000;25,627;7,931;16,396;7,155;0,841;0,220;3,025;0,221;0,000;0,000;0,0000;0,00;;;;DJPY;N088000;T300;;099780      KUBOTA CORP.;1694,30364318;10,15354434;2128,50000000;11,81827015;2066,00000000;162800,00000000;0,00000000;0,00000000;0,00000000;0,00000000;20251121
89;1O;00810;JP3205800000;KAO CORP.;JPY;TOKYO;111111;201;O;49300,000;0,000;0,000;0,000;6306,3047;39,0963;310900823,9970;1927447,99;161,301797;6589,0000;36,5847;324837700,0000;1803626,82;324837700,0000;1803626,82;6474,0000;4,483;11,656;-6,424;6,707;0,788;0,206;1,776;0,207;0,000;0,000;0,0000;0,00;;;;DJPY;N088000;T300;;099794      KAO CORP.;6306,30474638;39,09630811;6589,00000000;36,58472258;6474,00000000;49300,00000000;0,00000000;0,00000000;0,00000000;0,00000000;20251121
89;1O;00148;JP3733000008;NEC CORP.;JPY;TOKYO;111111;201;O;52000,000;0,000;0,000;0,000;5408,9073;30,3384;281263180,8800;1577599,76;178,285512;6074,0000;33,7252;315848000,0000;1753712,47;315848000,0000;1753712,47;5980,0000;12,296;1,019;11,163;6,521;0,766;0,200;1,572;0,201;0,000;0,000;0,0000;0,00;;;;DJPY;N088000;T300;;099800      NEC CORP.;5408,90732461;30,33845692;6074,00000000;33,72523979;5980,00000000;52000,00000000;0,00000000;0,00000000;0,00000000;0,00000000;20251121
89;1O;00117;JP3270000007;KURITA WATER INDUSTRIES LTD.;JPY;TOKYO;111111;201;O;51100,000;0,000;0,000;0,000;5310,0641;32,1746;271344277,0170;1644123,70;165,038845;6094,0000;33,8362;311403400,0000;1729034,30;311403400,0000;1729034,30;6134,0000;14,763;9,127;5,164;6,430;0,756;0,197;-0,652;0,198;0,000;0,000;0,0000;0,00;;;;DJPY;N088000;T300;;099803      KURITA WATER INDUSTRIES LTD.;5310,06412949;32,17463209;6094,00000000;33,83628766;6134,00000000;51100,00000000;0,00000000;0,00000000;0,00000000;0,00000000;20251121
89;1O;00163;JP3190000004;OBAYASHI CORP.;JPY;TOKYO;111111;201;O;93800,000;0,000;0,000;0,000;2088,7865;12,8313;195928181,8140;1203578,12;162,788089;3125,0000;17,3512;293125000,0000;1627545,43;293125000,0000;1627545,43;2976,5000;49,608;10,636;35,226;6,052;0,711;0,186;4,989;0,187;0,000;0,000;0,0000;0,00;;;;DJPY;N088000;T300;;099814      OBAYASHI CORP.;2088,78658650;12,83132324;3125,00000000;17,35123054;2976,50000000;93800,00000000;0,00000000;0,00000000;0,00000000;0,00000000;20251121
89;1O;00196;JP3435000009;SONY CORP.;JPY;TOKYO;111111;201;O;64700,000;0,000;0,000;0,000;3192,2477;19,6814;206538428,9330;1273391,53;162,195542;4507,0000;25,0246;291602900,0000;1619094,13;291602900,0000;1619094,13;4461,0000;41,186;11,040;27,148;6,021;0,708;0,185;1,031;0,186;0,000;0,000;0,0000;0,00;;;;DJPY;N088000;T300;;099815      SONY CORP.;3192,24774239;19,68147650;4507,00000000;25,02463874;4461,00000000;64700,00000000;0,00000000;0,00000000;0,00000000;0,00000000;20251121
89;1O;00433;JP3596200000;TOTO LTD.;JPY;TOKYO;111111;201;O;72400,000;0,000;0,000;0,000;3842,1388;23,3965;278170856,0000;1693907,96;164,218401;3897,0000;21,6376;282142800,0000;1566567,93;282142800,0000;1566567,93;3834,0000;1,428;9,673;-7,518;5,825;0,685;0,179;1,643;0,180;0,000;0,000;0,0000;0,00;;;;DJPY;N088000;T300;;099821      TOTO LTD.;3842,13889502;23,39651878;3897,00000000;21,63767854;3834,00000000;72400,00000000;0,00000000;0,00000000;0,00000000;0,00000000;20251121
89;1O;00144;JP3914400001;MURATA MANUFACTURING CO.LTD.;JPY;TOKYO;111111;201;O;83000,000;0,000;0,000;0,000;2492,8009;15,1854;206902480,8880;1260390,16;164,157487;3033,0000;16,8404;251739000,0000;1397754,06;251739000,0000;1397754,06;3078,0000;21,670;9,713;10,899;5,198;0,611;0,160;-1,462;0,160;0,000;0,000;0,0000;0,00;;;;DJPY;N088000;T300;;099840      MURATA MANUFACTURING CO.LTD.;2492,80097455;15,18542361;3033,00000000;16,84041032;3078,00000000;83000,00000000;0,00000000;0,00000000;0,00000000;0,00000000;20251121
89;1O;00096;JP3854600008;HONDA MOTOR CO.;JPY;TOKYO;111111;201;O;145400,000;0,000;0,000;0,000;1541,7300;9,1304;224167542,0960;1327562,92;168,856435;1538,5000;8,5423;223697900,0000;1242058,83;223697900,0000;1242058,83;1514,0000;-0,210;6,660;-6,441;4,619;0,543;0,142;1,618;0,143;0,000;0,000;0,0000;0,00;;;;DJPY;N088000;T300;;099858      HONDA MOTOR CO.;1541,73000066;9,13041898;1538,50000000;8,54235782;1514,00000000;145400,00000000;0,00000000;0,00000000;0,00000000;0,00000000;20251121
89;1O;00216;JP3538800008;TDK CORP.;JPY;TOKYO;111111;201;O;89100,000;0,000;0,000;0,000;1793,7811;11,0370;159825904,5240;983402,37;162,523408;2413,5000;13,4007;215042850,0000;1194002,58;215042850,0000;1194002,58;2490,5000;34,548;10,816;21,415;4,440;0,522;0,136;-3,092;0,137;0,000;0,000;0,0000;0,00;;;;DJPY;N088000;T300;;099864      TDK CORP.;1793,78119555;11,03706363;2413,50000000;13,40070237;2490,50000000;89100,00000000;0,00000000;0,00000000;0,00000000;0,00000000;20251121
89;1O;00447;JP3571400005;TOKYO ELECTRON LTD.;JPY;TOKYO;111111;201;O;7000,000;0,000;0,000;0,000;27438,8315;157,0074;192071821,0000;1099052,37;174,761300;30180,0000;167,5712;211260000,0000;1172998,71;211260000,0000;1172998,71;32500,0000;9,990;3,056;6,728;4,362;0,513;0,134;-7,138;0,135;0,000;0,000;0,0000;0,00;;;;DJPY;N088000;T300;;099866      TOKYO ELECTRON LTD.;27438,83157142;157,00748142;30180,00000000;167,57124415;32500,00000000;7000,00000000;0,00000000;0,00000000;0,00000000;0,00000000;20251121
89;1O;00251;JP3942400007;ASTELLAS PHARMA INC.;JPY;TOKYO;111111;201;O;101400,000;0,000;0,000;0,000;1515,6840;9,3109;153690367,7120;944125,66;162,785924;1964,5000;10,9076;199200300,0000;1106038,51;199200300,0000;1106038,51;1979,5000;29,611;10,638;17,150;4,113;0,483;0,126;-0,758;0,127;0,000;0,000;0,0000;0,00;;;;DJPY;N088000;T300;;099874      ASTELLAS PHARMA INC.;1515,68409972;9,31090394;1964,50000000;10,90767757;1979,50000000;101400,00000000;0,00000000;0,00000000;0,00000000;0,00000000;20251121
89;1O;00037;JP3830800003;BRIDGESTONE CORP.;JPY;TOKYO;111111;201;O;27000,000;0,000;0,000;0,000;6464,2769;37,4429;174535478,0260;1010959,76;172,643348;7222,0000;40,0993;194994000,0000;1082683,47;194994000,0000;1082683,47;7104,0000;11,722;4,321;7,095;4,026;0,473;0,124;1,661;0,124;0,000;0,000;0,0000;0,00;;;;DJPY;N088000;T300;;099876      BRIDGESTONE CORP.;6464,27696392;37,44295407;7222,00000000;40,09938784;7104,00000000;27000,00000000;0,00000000;0,00000000;0,00000000;0,00000000;20251121
89;1O;03334;JP3148800000;IBIDEN CO. LTD.;JPY;TOKYO;111111;201;O;16271,000;0,000;0,000;0,000;4739,1530;29,1287;77110759,3530;473954,39;162,696582;11330,0000;62,9086;184350430,0000;1023586,18;184350430,0000;1023586,18;12535,0000;139,072;10,698;115,967;3,806;0,447;0,117;-9,613;0,117;0,000;0,000;0,0000;0,00;;;;DJPY;N088000;T300;;099883      IBIDEN CO. LTD.;4739,15305469;29,12878065;11330,00000000;62,90862147;12535,00000000;16271,00000000;0,00000000;0,00000000;0,00000000;0,00000000;20251121
89;1O;00618;JP3358800005;SHIMIZU CORP.;JPY;TOKYO;111111;201;O;69600,000;0,000;0,000;0,000;1287,3352;7,9061;89598531,4570;550264,82;162,828021;2572,0000;14,2807;179011200,0000;993940,67;179011200,0000;993940,67;2539,5000;99,793;10,609;80,630;3,696;0,434;0,113;1,280;0,114;0,000;0,000;0,0000;0,00;;;;DJPY;N088000;T300;;099887      SHIMIZU CORP.;1287,33522208;7,90610373;2572,00000000;14,28075679;2539,50000000;69600,00000000;0,00000000;0,00000000;0,00000000;0,00000000;20251121
89;1O;05704;JP3475350009;DAIICHI SANKYO CO LTD;JPY;TOKYO;111111;201;O;36200,000;0,000;0,000;0,000;4227,8375;25,9715;153047718,9070;940171,84;162,786963;3700,0000;20,5438;133940000,0000;743687,62;133940000,0000;743687,62;3627,0000;-12,485;10,637;-20,899;2,765;0,325;0,085;2,013;0,085;0,000;0,000;0,0000;0,00;;;;DJPY;N088000;T300;;099915      DAIICHI SANKYO CO LTD;4227,83753886;25,97159779;3700,00000000;20,54385697;3627,00000000;36200,00000000;0,00000000;0,00000000;0,00000000;0,00000000;20251121
89;1O;05558;JP3118000003;ASICS CORP;JPY;TOKYO;111111;201;O;30600,000;0,000;0,000;0,000;3954,8671;22,3121;121018936,0000;682751,30;177,251857;3744,0000;20,7881;114566400,0000;636117,77;114566400,0000;636117,77;3661,0000;-5,332;1,608;-6,830;2,365;0,278;0,073;2,267;0,073;0,000;0,000;0,0000;0,00;;;;DJPY;N088000;T300;;099927      ASICS CORP;3954,86718954;22,31213398;3744,00000000;20,78816229;3661,00000000;30600,00000000;0,00000000;0,00000000;0,00000000;0,00000000;20251121
89;1O;03500;JP3164720009;RENEAS  ELECTRONICS CORP.;JPY;TOKYO;111111;201;O;39200,000;0,000;0,000;0,000;2046,5000;12,5725;80222800,0000;492842,91;162,775599;1798,0000;9,9832;70481600,0000;391341,60;70481600,0000;391341,60;1847,0000;-12,143;10,645;-20,595;1,455;0,171;0,045;-2,653;0,045;0,000;0,000;0,0000;0,00;;;;DJPY;N088000;T300;;099955      RENEAS  ELECTRONICS CORP.;2046,50000000;12,57252321;1798,00000000;9,98320400;1847,00000000;39200,00000000;0,00000000;0,00000000;0,00000000;0,00000000;20251121
89;1O;17960;JP3351100007;SYSMEX CORP;JPY;TOKYO;111111;201;O;34300,000;0,000;0,000;0,000;2916,5000;17,9173;100035950,0000;614563,55;162,775599;1558,5000;8,6534;53456550,0000;296811,82;53456550,0000;296811,82;1497,0000;-46,563;10,645;-51,704;1,104;0,130;0,034;4,108;0,034;0,000;0,000;0,0000;0,00;;;;DJPY;N088000;T300;;099966      SYSMEX CORP;2916,50000000;17,91730466;1558,50000000;8,65340569;1497,00000000;34300,00000000;0,00000000;0,00000000;0,00000000;0,00000000;20251121
89;1O;01571;HK0066009694;MTR CORP.;HKD;HONG KONG;111111;201;O;556938,000;0,000;0,000;0,000;26,9781;3,3346;15025154,7850;1857199,51;8,090221;30,3400;3,3876;16897498,9200;1886723,86;16897498,9200;1886723,86;30,4600;12,461;10,702;1,590;33,060;0,825;0,215;-0,394;0,216;0,000;0,000;0,0000;0,00;;;;DHKD;N103000;T300;;099785      MTR CORP.;26,97814619;3,33466114;30,34000000;3,38767306;30,46000000;556938,00000000;0,00000000;0,00000000;0,00000000;0,00000000;20251121
89;1O;01620;HK0992009065;LENOVO GROUP LTD.;HKD;HONG KONG;111111;201;O;1316000,000;0,000;0,000;0,000;9,9923;1,2373;13149949,1150;1628350,84;8,075624;9,6800;1,0808;12738880,0000;1422384,99;12738880,0000;1422384,99;9,7200;-3,126;10,902;-12,649;24,924;0,622;0,162;-0,412;0,163;0,000;0,000;0,0000;0,00;;;;DHKD;N103000;T300;;099838      LENOVO GROUP LTD.;9,99236254;1,23734866;9,68000000;1,08083966;9,72000000;1316000,00000000;0,00000000;0,00000000;0,00000000;0,00000000;20251121
89;1O;03896;HK0688002218;CHINA OVERSEAS LAND & INVESTMENT LTD;HKD;HONG KONG;111111;201;O;862500,000;0,000;0,000;0,000;12,4927;1,5427;10775021,6670;1330609,11;8,097811;13,6600;1,5252;11781750,0000;1315514,74;11781750,0000;1315514,74;13,7200;9,343;10,598;-1,134;23,051;0,575;0,150;-0,437;0,151;0,000;0,000;0,0000;0,00;;;;DHKD;N103000;T300;;099850      CHINA OVERSEAS LAND & INVESTMENT LTD;12,49277874;1,54273520;13,66000000;1,52523447;13,72000000;862500,00000000;0,00000000;0,00000000;0,00000000;0,00000000;20251121
89;1O;00211;HK0019000162;SWIRE PACIFIC LTD. CLA;HKD;HONG KONG;111111;201;O;73586,000;0,000;0,000;0,000;70,1656;8,6944;5163210,2110;639786,51;8,070208;67,0000;7,4810;4930262,0000;550498,21;4930262,0000;550498,21;68,7500;-4,512;10,976;-13,956;9,646;0,241;0,063;-2,545;0,063;0,000;0,000;0,0000;0,00;;;;DHKD;N103000;T300;;099937      SWIRE PACIFIC LTD. CLA;70,16565937;8,69440532;67,00000000;7,48101831;68,75000000;73586,00000000;0,00000000;0,00000000;0,00000000;0,00000000;20251121
89;2;00001;;LIQUIDITA';EUR;;;610;;0,000;0,000;0,000;0,000;0,0000;0,0000;0,0000;0,00;0,000000;0,0000;0,0000;0,0000;38142636,09;0,0000;38142636,09;0,0000;0,000;0,000;0,000;0,000;0,000;4,354;0,000;4,376;0,000;0,000;0,0000;0,00;2;;;;;;;;0,00000000;0,00000000;0,00000000;0,00000000;0,00000000;0,00000000;0,00000000;0,00000000;0,00000000;0,00000000;20251121
89;2;00002;;LIQUIDITA' A SCADERE;EUR;;;620;;0,000;0,000;0,000;0,000;0,0000;0,0000;0,0000;0,00;0,000000;0,0000;0,0000;0,0000;-18078744,66;0,0000;-18078744,66;0,0000;0,000;0,000;0,000;0,000;0,000;-2,064;0,000;-2,074;0,000;0,000;0,0000;0,00;3;;;;;;;;0,00000000;0,00000000;0,00000000;0,00000000;0,00000000;0,00000000;0,00000000;0,00000000;0,00000000;0,00000000;20251121
89;2;00016;;GIACENZE DI DOLLARI AUSTRALIANI      AUD;AUD;;;621;;2859087,230;0,000;0,000;0,000;0,0000;0,5715;2859087,2300;1634045,98;1,749698;0,0000;1,7881;2859087,2300;1598952,65;2859087,2300;1598952,65;0,0000;0,000;0,000;0,000;0,000;0,000;0,183;0,000;0,183;0,000;0,000;0,0000;0,00;3AUD1;;;;;;;;0,00000000;0,57152715;0,00000000;1,78810000;0,00000000;2859087,23000000;0,00000000;0,00000000;0,00000000;0,00000000;20251121
89;2;00009;;GIACENZE DI DOLLARI CANADESI         CAD;CAD;;;621;;3368706,750;0,000;0,000;0,000;0,0000;0,6694;3368706,7500;2255195,01;1,493754;0,0000;1,6250;3368706,7500;2073050,31;3368706,7500;2073050,31;0,0000;0,000;0,000;0,000;0,000;0,000;0,237;0,000;0,238;0,000;0,000;0,0000;0,00;3CAD1;;;;;;;;0,00000000;0,66945423;0,00000000;1,62500000;0,00000000;3368706,75000000;0,00000000;0,00000000;0,00000000;0,00000000;20251121
89;2;00007;;GIACENZE DI FRANCHI SVIZZERI         CHF;CHF;;;621;;1695236,930;0,000;0,000;0,000;0,0000;1,0741;1695236,9300;1820897,18;0,930990;0,0000;0,9304;1695236,9300;1822051,73;1695236,9300;1822051,73;0,0000;0,000;0,000;0,000;0,000;0,000;0,208;0,000;0,209;0,000;0,000;0,0000;0,00;3CHF1;;;;;;;;0,00000000;1,07412547;0,00000000;0,93040000;0,00000000;1695236,93000000;0,00000000;0,00000000;0,00000000;0,00000000;20251121
89;2;00035;;GIACENZE DI CORONA DANESE            DKK;DKK;;;621;;2577406,180;0,000;0,000;0,000;0,0000;0,1339;2577406,1800;345131,20;7,467903;0,0000;7,4690;2577406,1800;345080,49;2577406,1800;345080,49;0,0000;0,000;0,000;0,000;0,000;0,000;0,039;0,000;0,040;0,000;0,000;0,0000;0,00;3DKK1;;;;;;;;0,00000000;0,13390640;0,00000000;7,46900000;0,00000000;2577406,18000000;0,00000000;0,00000000;0,00000000;0,00000000;20251121
89;2;00006;;GIACENZE DI STERLINE INGLESI         GBP;GBP;;;621;;2489564,140;0,000;0,000;0,000;0,0000;1,1419;2489564,1400;2843047,13;0,875668;0,0000;0,8792;2489564,1400;2831624,36;2489564,1400;2831624,36;0,0000;0,000;0,000;0,000;0,000;0,000;0,323;0,000;0,325;0,000;0,000;0,0000;0,00;3GBP1;;;;;;;;0,00000000;1,14198589;0,00000000;0,87920000;0,00000000;2489564,14000000;0,00000000;0,00000000;0,00000000;0,00000000;20251121
89;2;00014;;GIACENZE DI HONG KONG DOLLAR         HKD;HKD;;;621;;4762755,160;0,000;0,000;0,000;0,0000;0,1151;4762755,1600;548259,02;8,687053;0,0000;8,9560;4762755,1600;531794,90;4762755,1600;531794,90;0,0000;0,000;0,000;0,000;0,000;0,000;0,061;0,000;0,061;0,000;0,000;0,0000;0,00;3HKD1;;;;;;;;0,00000000;0,11511383;0,00000000;8,95600000;0,00000000;4762755,16000000;0,00000000;0,00000000;0,00000000;0,00000000;20251121
89;2;00008;;GIACENZE DI YEN GIAPPONESI           JPY;JPY;;;621;;325722757,000;0,000;0,000;0,000;0,0000;0,0056;325722757,0000;1829075,03;178,080588;0,0000;180,1025;325722757,0000;1808541,01;325722757,0000;1808541,01;0,0000;0,000;0,000;0,000;0,000;0,000;0,206;0,000;0,207;0,000;0,000;0,0000;0,00;3JPY1;;;;;;;;0,00000000;0,00561543;0,00000000;180,10250000;0,00000000;325722757,00000000;0,00000000;0,00000000;0,00000000;0,00000000;20251121
89;2;00008;;IMPEGNI IN DIVISA YEN GIAPPONESI     JPY;JPY;;;622;;-59676075,000;0,000;0,000;0,000;0,0000;0,0055;-59676075,0000;-328306,68;181,769299;0,0000;180,1025;-59676075,0000;-331345,07;-59676075,0000;-331345,07;0,0000;0,000;0,000;0,000;0,000;0,000;-0,038;0,000;-0,038;0,000;0,000;0,0000;0,00;3JPY2;;;;;;;;0,00000000;0,00550147;0,00000000;180,10250000;0,00000000;-59676075,00000000;0,00000000;0,00000000;0,00000000;0,00000000;20251121
89;2;00031;;GIACENZE DI CORONA NORVEGESE         NOK;NOK;;;621;;1658560,110;0,000;0,000;0,000;0,0000;0,0855;1658560,1100;141972,71;11,682246;0,0000;11,8258;1658560,1100;140249,29;1658560,1100;140249,29;0,0000;0,000;0,000;0,000;0,000;0,000;0,016;0,000;0,016;0,000;0,000;0,0000;0,00;3NOK1;;;;;;;;0,00000000;0,08559997;0,00000000;11,82580000;0,00000000;1658560,11000000;0,00000000;0,00000000;0,00000000;0,00000000;20251121
89;2;00011;;GIACENZE DI CORONE SVEDESI           SEK;SEK;;;621;;1250951,200;0,000;0,000;0,000;0,0000;0,0912;1250951,2000;114092,32;10,964377;0,0000;11,0245;1250951,2000;113470,11;1250951,2000;113470,11;0,0000;0,000;0,000;0,000;0,000;0,000;0,013;0,000;0,013;0,000;0,000;0,0000;0,00;3SEK1;;;;;;;;0,00000000;0,09120445;0,00000000;11,02450000;0,00000000;1250951,20000000;0,00000000;0,00000000;0,00000000;0,00000000;20251121
89;2;00022;;GIACENZE DI DOLLARI SINGAPORE        SGD;SGD;;;621;;2061347,900;0,000;0,000;0,000;0,0000;0,7074;2061347,9000;1458394,67;1,413436;0,0000;1,5055;2061347,9000;1369211,49;2061347,9000;1369211,49;0,0000;0,000;0,000;0,000;0,000;0,000;0,156;0,000;0,157;0,000;0,000;0,0000;0,00;3SGD1;;;;;;;;0,00000000;0,70749564;0,00000000;1,50550000;0,00000000;2061347,90000000;0,00000000;0,00000000;0,00000000;0,00000000;20251121
89;2;00001;;GIACENZE DI DOLLARI USA              USD;USD;;;621;;16874761,610;0,000;0,000;0,000;0,0000;0,8631;16874761,6100;14565712,06;1,158526;0,0000;1,1503;16874761,6100;14669878,82;16874761,6100;14669878,82;0,0000;0,000;0,000;0,000;0,000;0,000;1,675;0,000;1,683;0,000;0,000;0,0000;0,00;3USD1;;;;;;;;0,00000000;0,86316550;0,00000000;1,15030000;0,00000000;16874761,61000000;0,00000000;0,00000000;0,00000000;0,00000000;20251121
89;4;;;DIRITTI MATURATI NON RISCOSSI;;;;700;;0,000;0,000;0,000;0,000;0,0000;0,0000;0,0000;0,00;0,000000;0,0000;0,0000;0,0000;4984154,04;0,0000;385359,04;0,0000;0,000;0,000;0,000;0,000;0,000;0,569;0,000;0,572;0,000;0,000;0,0000;0,00;;;;;;;;;0,00000000;0,00000000;0,00000000;0,00000000;0,00000000;0,00000000;0,00000000;0,00000000;0,00000000;0,00000000;20251121
89;5;;;DEPOSITI MARGINI INIZ.FUTURES;;;;8;;0,000;0,000;0,000;0,000;0,0000;0,0000;0,0000;0,00;0,000000;0,0000;0,0000;0,0000;746912,20;0,0000;746912,20;0,0000;0,000;0,000;0,000;0,000;0,000;0,085;0,000;0,086;0,000;0,000;0,0000;0,00;;;;;;;;;0,00000000;0,00000000;0,00000000;0,00000000;0,00000000;0,00000000;0,00000000;0,00000000;0,00000000;0,00000000;20251121
89;5;;;MARGINI DI VARIAZIONE FUTURES;;;;8;;0,000;0,000;0,000;0,000;0,0000;0,0000;0,0000;0,00;0,000000;0,0000;0,0000;0,0000;0,00;0,0000;0,00;0,0000;0,000;0,000;0,000;0,000;0,000;0,000;0,000;0,000;0,000;0,000;0,0000;0,00;;;;;;;;;0,00000000;0,00000000;0,00000000;0,00000000;0,00000000;0,00000000;0,00000000;0,00000000;0,00000000;0,00000000;20251121
89;5;;;DEPOSITI BANCARI;;;;8;;0,000;0,000;0,000;0,000;0,0000;0,0000;0,0000;0,00;0,000000;0,0000;0,0000;0,0000;0,00;0,0000;0,00;0,0000;0,000;0,000;0,000;0,000;0,000;0,000;0,000;0,000;0,000;0,000;0,0000;0,00;;;;;;;;;0,00000000;0,00000000;0,00000000;0,00000000;0,00000000;0,00000000;0,00000000;0,00000000;0,00000000;0,00000000;20251121
89;9;;;RIMBORSI DA REGOLARE;;;;;;0,000;0,000;0,000;0,000;0,0000;0,0000;0,0000;0,00;0,000000;0,0000;0,0000;0,0000;-2284732,81;0,0000;-2284732,81;0,0000;0,000;0,000;0,000;0,000;0,000;0,000;0,000;0,000;0,000;0,000;0,0000;0,00;;;;;;;;;0,00000000;0,00000000;0,00000000;0,00000000;0,00000000;0,00000000;0,00000000;0,00000000;0,00000000;0,00000000;20251121
98;1I;46541;IT0005542359;BTPS  4,000% 2023-30/10/2031;EUR;MTS;086000;001;I;35600000,000;0,000;0,000;0,000;105,4679;105,4679;37546591,5500;37546591,55;0,000000;106,3360;106,3360;37855616,0000;37855616,00;37941681,9300;37941681,93;106,2810;0,823;0,000;0,823;8,853;30,588;4,444;0,052;4,468;0,000;0,000;86065,9300;86065,93;;;;DEUR;N111111;T000;;095556      BTPS  4,000% 2023-30/10/2031;105,46795380;105,46795380;106,33600000;106,33600000;106,28100000;35600000,00000000;0,00000000;0,00000000;0,00000000;0,00000000;20251121
98;1I;62859;IT0005657330;BTPS 2,100% 2025-26/08/2027;EUR;MTSBOT;086000;001;I;20000000,000;0,000;0,000;0,000;99,9300;99,9300;19986000,0000;19986000,00;0,000000;99,8530;99,8530;19970600,0000;19970600,00;20069893,4800;20069893,48;99,8280;-0,077;0,000;-0,077;4,683;16,180;2,344;0,025;2,357;0,000;0,000;99293,4800;99293,48;;;;DEUR;N111111;T000;;097656      BTPS 2,100% 2025-26/08/2027;99,93000000;99,93000000;99,85300000;99,85300000;99,82800000;20000000,00000000;0,00000000;0,00000000;0,00000000;0,00000000;20251121
98;1I;63469;IT0005668220;BTPS 3,25% 15.11.2032;EUR;MTSBOT;086000;001;I;17095000,000;0,000;0,000;0,000;101,4200;101,4200;17337749,0000;17337749,00;0,000000;101,1630;101,1630;17293814,8500;17293814,85;17303023,4800;17303023,48;101,0820;-0,253;0,000;-0,253;4,037;13,949;2,030;0,080;2,041;0,000;0,000;9208,6300;9208,63;;;;DEUR;N111111;T000;;097970      BTPS 3,25% 15.11.2032;101,42000000;101,42000000;101,16300000;101,16300000;101,08200000;17095000,00000000;0,00000000;0,00000000;0,00000000;0,00000000;20251121
98;1I;48808;IT0005596470;BTP  4,050% 2024-30/10/2037;EUR;MOT;086000;001;I;10000000,000;0,000;0,000;0,000;104,1690;104,1690;10416900,0000;10416900,00;0,000000;104,1750;104,1750;10417500,0000;10417500,00;10441978,0200;10441978,02;104,0930;0,006;0,000;0,006;2,436;8,418;1,223;0,079;1,230;0,000;0,000;24478,0200;24478,02;;;;DEUR;N111111;T000;;098777      BTP  4,050% 2024-30/10/2037;104,16900000;104,16900000;104,17500000;104,17500000;104,09300000;10000000,00000000;0,00000000;0,00000000;0,00000000;0,00000000;20251121
98;1I;40016;IT0005436693;BTP 0.60% 2021/01.08.2031;EUR;MTS;086000;001;I;4500000,000;0,000;0,000;0,000;85,4530;85,4530;3845385,0000;3845385,00;0,000000;88,4440;88,4440;3979980,0000;3979980,00;3988197,3900;3988197,39;88,3810;3,500;0,000;3,500;0,931;3,215;0,467;0,071;0,470;0,000;0,000;8217,3900;8217,39;;;;DEUR;N111111;T000;;099533      BTP 0.60% 2021/01.08.2031;85,45300000;85,45300000;88,44400000;88,44400000;88,38100000;4500000,00000000;0,00000000;0,00000000;0,00000000;0,00000000;20251121
98;1I;40175;IT0005438004;BTP 1,5%  2021-30.04.2045;EUR;MOT;086000;001;I;1500000,000;0,000;0,000;0,000;67,3880;67,3880;1010820,0000;1010820,00;0,000000;66,2150;66,2150;993225,0000;993225,00;994584,8900;994584,89;66,0990;-1,741;0,000;-1,741;0,232;0,802;0,117;0,175;0,117;0,000;0,000;1359,8900;1359,89;;;;DEUR;N111111;T000;;099883      BTP 1,5%  2021-30.04.2045;67,38800000;67,38800000;66,21500000;66,21500000;66,09900000;1500000,00000000;0,00000000;0,00000000;0,00000000;0,00000000;20251121
98;1I;24661;IT0005162828;BTPS 2,7% 2016.01.03.2047;EUR;MOT;086000;001;I;500000,000;0,000;0,000;0,000;82,0710;82,0710;410355,0000;410355,00;0,000000;80,3590;80,3590;401795,0000;401795,00;404815,7200;404815,72;80,2500;-2,086;0,000;-2,086;0,094;0,326;0,047;0,136;0,047;0,000;0,000;3020,7200;3020,72;;;;DEUR;N111111;T000;;099953      BTPS 2,7% 2016.01.03.2047;82,07100000;82,07100000;80,35900000;80,35900000;80,25000000;500000,00000000;0,00000000;0,00000000;0,00000000;0,00000000;20251121
98;1I;63384;AT0000A3MUA7;AUSTRIAN T-BILL ZC 2025-27/11/2025;EUR;VIENNA;008000;100;I;10500000,000;0,000;0,000;0,000;99,5065;99,5065;10448191,1100;10448191,11;0,000000;99,9850;99,9850;10449462,3300;10449462,33;10498425,0000;10498425,00;99,9840;0,012;0,000;0,012;2,450;66,965;1,227;0,001;1,233;0,000;0,000;48962,6700;48962,67;;;;DEUR;N008000;T100;;098773      AUSTRIAN T-BILL ZC 2025-27/11/2025;99,50658200;99,50658200;99,98500000;99,98500000;99,98400000;10500000,00000000;0,00000000;0,00000000;0,00000000;0,00000000;20251121
98;1I;46612;AT0000A33SH3;REP OF AUSTRIA 2,900% 2023-23/05/2029;EUR;VIENNA;008000;100;I;5000000,000;0,000;0,000;0,000;102,8603;102,8603;5143015,0000;5143015,00;0,000000;102,1360;102,1360;5106800,0000;5106800,00;5179101,3700;5179101,37;102,1090;-0,704;0,000;-0,704;1,208;33,035;0,599;0,026;0,603;0,000;0,000;72301,3700;72301,37;;;;DEUR;N008000;T100;;099401      REP OF AUSTRIA 2,900% 2023-23/05/2029;102,86030000;102,86030000;102,13600000;102,13600000;102,10900000;5000000,00000000;0,00000000;0,00000000;0,00000000;0,00000000;20251121
98;1I;46204;BE0000358672;BELGIUM KINGDOM 3,300% 2023-22/06/2054;EUR;LUXEMBOURG;009000;100;I;250000,000;0,000;0,000;0,000;95,6580;95,6580;239145,0000;239145,00;0,000000;84,6730;84,6730;211682,5000;211682,50;215118,1200;215118,12;84,5770;-11,484;0,000;-11,484;0,050;100,000;0,025;0,114;0,025;0,000;0,000;3435,6200;3435,62;;;;DEUR;N009000;T100;;099975      BELGIUM KINGDOM 3,300% 2023-22/06/2054;95,65800000;95,65800000;84,67300000;84,67300000;84,57700000;250000,00000000;0,00000000;0,00000000;0,00000000;0,00000000;20251121
98;1I;28193;FR0013234333;FRANCE O.A.T 1,75% 2016/25.06.2039;EUR;PARIGI;029000;100;I;25000000,000;0,000;0,000;0,000;81,4900;81,4900;20372500,0000;20372500,00;0,000000;78,7160;78,7160;19679000,0000;19679000,00;19857595,8900;19857595,89;78,6170;-3,404;0,000;-3,404;4,633;24,152;2,310;0,126;2,323;0,000;0,000;178595,8900;178595,89;;;;DEUR;N029000;T100;;097690      FRANCE O.A.T 1,75% 2016/25.06.2039;81,49000000;81,49000000;78,71600000;78,71600000;78,61700000;25000000,00000000;0,00000000;0,00000000;0,00000000;0,00000000;20251121
98;1I;61693;FR001400Z2L7;FRANCE GOVT 2,7% 25.02.2031;EUR;PARIGI;029000;100;I;16000000,000;0,000;0,000;0,000;100,0500;100,0500;16008000,0000;16008000,00;0,000000;99,6350;99,6350;15941600,0000;15941600,00;16259978,0800;16259978,08;99,5780;-0,415;0,000;-0,415;3,794;19,776;1,871;0,057;1,882;0,000;0,000;318378,0800;318378,08;;;;DEUR;N029000;T100;;098129      FRANCE GOVT 2,7% 25.02.2031;100,05000000;100,05000000;99,63500000;99,63500000;99,57800000;16000000,00000000;0,00000000;0,00000000;0,00000000;0,00000000;20251121
98;1I;37946;FR0013516549;FRANCE-OAT 0% 2019/25.11.2030;EUR;PARIGI;029000;100;I;11000000,000;0,000;0,000;0,000;85,1580;85,1580;9367380,0000;9367380,00;0,000000;87,4450;87,4450;9618950,0000;9618950,00;9618950,0000;9618950,00;87,3840;2,686;0,000;2,686;2,244;11,699;1,129;0,070;1,135;0,000;0,000;0,0000;0,00;;;;DEUR;N029000;T100;;098871      FRANCE-OAT 0% 2019/25.11.2030;85,15800000;85,15800000;87,44500000;87,44500000;87,38400000;11000000,00000000;0,00000000;0,00000000;0,00000000;0,00000000;20251121
98;1I;31930;PTOTEWOE0017;PORTUGAL 2,25% 2018/18.04.2034;EUR;LISBONA;055000;100;I;500000,000;0,000;0,000;0,000;95,8810;95,8810;479405,0000;479405,00;0,000000;95,1890;95,1890;475945,0000;475945,00;482633,3600;482633,36;95,0950;-0,722;0,000;-0,722;0,113;5,562;0,056;0,099;0,056;0,000;0,000;6688,3600;6688,36;;;;DEUR;N055000;T100;;099944      PORTUGAL 2,25% 2018/18.04.2034;95,88100000;95,88100000;95,18900000;95,18900000;95,09500000;500000,00000000;0,00000000;0,00000000;0,00000000;0,00000000;20251121
98;1I;41969;ES0000012J07;SPAIN BONOS % 2021/30.07.2042;EUR;AIAF;067000;100;I;17355000,000;0,000;0,000;0,000;67,9670;67,9670;11795672,8500;11795672,85;0,000000;66,5690;66,5690;11553049,9500;11553049,95;11607254,6100;11607254,61;66,4480;-2,057;0,000;-2,057;2,708;32,300;1,356;0,182;1,364;0,000;0,000;54204,6600;54204,66;;;;DEUR;N067000;T100;;098644      SPAIN BONOS % 2021/30.07.2042;67,96700000;67,96700000;66,56900000;66,56900000;66,44800000;17355000,00000000;0,00000000;0,00000000;0,00000000;0,00000000;20251121
98;1I;31538;ES0000012B47;SPAIN BONOS 2.70% 2018/31.10.2048;EUR;MADRID;067000;100;I;2500000,000;0,000;0,000;0,000;86,2690;86,2690;2156725,0000;2156725,00;0,000000;82,2360;82,2360;2055900,0000;2055900,00;2059783,5600;2059783,56;82,0960;-4,675;0,000;-4,675;0,481;5,732;0,241;0,171;0,243;0,000;0,000;3883,5600;3883,56;;;;DEUR;N067000;T100;;099759      SPAIN BONOS 2.70% 2018/31.10.2048;86,26900000;86,26900000;82,23600000;82,23600000;82,09600000;2500000,00000000;0,00000000;0,00000000;0,00000000;0,00000000;20251121
98;1I;26342;ES00000128C6;SPAIN   BONOS  2,9% 2016  31/10/2046;EUR;EUROTLX;067000;100;I;2000000,000;0,000;0,000;0,000;90,5500;90,5500;1811000,0000;1811000,00;0,000000;86,8150;86,8150;1736300,0000;1736300,00;1739636,9900;1739636,99;86,6650;-4,125;0,000;-4,125;0,406;4,841;0,204;0,173;0,205;0,000;0,000;3336,9900;3336,99;;;;DEUR;N067000;T100;;099796      SPAIN   BONOS  2,9% 2016  31/10/2046;90,55000000;90,55000000;86,81500000;86,81500000;86,66500000;2000000,00000000;0,00000000;0,00000000;0,00000000;0,00000000;20251121
98;1I;43456;ES0000012K46;SPAIN BONOS 1.9% 2022/31.10.2052;EUR;AIAF;067000;100;I;2500000,000;0,000;0,000;0,000;70,0700;70,0700;1751750,0000;1751750,00;0,000000;65,8680;65,8680;1646700,0000;1646700,00;1649432,8800;1649432,88;65,7390;-5,997;0,000;-5,997;0,385;4,590;0,193;0,196;0,194;0,000;0,000;2732,8800;2732,88;;;;DEUR;N067000;T100;;099807      SPAIN BONOS 1.9% 2022/31.10.2052;70,07000000;70,07000000;65,86800000;65,86800000;65,73900000;2500000,00000000;0,00000000;0,00000000;0,00000000;0,00000000;20251121
98;1I;34219;ES0000012E69;SPAIN BONOS 1.85% 2019/30.07.2035;EUR;MADRID;067000;100;I;750000,000;0,000;0,000;0,000;88,8080;88,8080;666060,0000;666060,00;0,000000;89,1650;89,1650;668737,5000;668737,50;673071,0600;673071,06;89,0510;0,402;0,000;0,402;0,157;1,873;0,078;0,128;0,079;0,000;0,000;4333,5600;4333,56;;;;DEUR;N067000;T100;;099922      SPAIN BONOS 1.85% 2019/30.07.2035;88,80800000;88,80800000;89,16500000;89,16500000;89,05100000;750000,00000000;0,00000000;0,00000000;0,00000000;0,00000000;20251121
98;1I;45149;DE0001030740;BUNDESREPUBLIK 1,300% 2022-15/10/2027;EUR;FRANCOFORT;094000;100;I;35000000,000;0,000;0,000;0,000;98,7721;98,7721;34570266,9600;34570266,96;0,000000;98,7800;98,7800;34573000,0000;34573000,00;34619123,2900;34619123,29;98,7760;0,008;0,000;0,008;8,078;38,229;4,058;0,004;4,081;0,000;0,000;46123,2900;46123,29;;;;DEUR;N094000;T100;;095942      BUNDESREPUBLIK 1,300% 2022-15/10/2027;98,77219130;98,77219130;98,78000000;98,78000000;98,77600000;35000000,00000000;0,00000000;0,00000000;0,00000000;0,00000000;20251121
98;1I;46637;DE000BU3Z005;BUNDESREPUBLIC 2,300% 2023-15/02/2033;EUR;FRANCOFORT;094000;100;I;15000000,000;0,000;0,000;0,000;100,2240;100,2240;15033600,0000;15033600,00;0,000000;98,7320;98,7320;14809800,0000;14809800,00;15073512,3300;15073512,33;98,6650;-1,489;0,000;-1,489;3,517;16,645;1,738;0,068;1,748;0,000;0,000;263712,3300;263712,33;;;;DEUR;N094000;T100;;098262      BUNDESREPUBLIC 2,300% 2023-15/02/2033;100,22400000;100,22400000;98,73200000;98,73200000;98,66500000;15000000,00000000;0,00000000;0,00000000;0,00000000;0,00000000;20251121
98;1I;40880;DE0001030724;BUNDES  ZC 2021/15.08.2050;EUR;FRANCOFORT;094000;100;I;25123287,670;0,000;0,000;0,000;52,6170;52,6170;13219120,2700;13219120,27;0,000000;44,8420;44,8420;11265784,6600;11265784,66;11265784,6600;11265784,66;44,7610;-14,777;0,000;-14,777;2,629;12,441;1,322;0,181;1,330;0,000;0,000;0,0000;0,00;;;;DEUR;N094000;T100;;098678      BUNDES  ZC 2021/15.08.2050;52,61700000;52,61700000;44,84200000;44,84200000;44,76100000;25123287,67000000;0,00000000;0,00000000;0,00000000;0,00000000;20251121
98;1I;47139;DE0001030757;BUNDESREPUBLIK DEU 1,8% 2023-15/08/2053;EUR;FRANCOFORT;094000;100;I;7500000,000;0,000;0,000;0,000;77,2400;77,2400;5793000,0000;5793000,00;0,000000;72,8500;72,8500;5463750,0000;5463750,00;5499996,5800;5499996,58;72,7100;-5,684;0,000;-5,684;1,283;6,074;0,641;0,193;0,645;0,000;0,000;36246,5800;36246,58;;;;DEUR;N094000;T100;;099359      BUNDESREPUBLIK DEU 1,8% 2023-15/08/2053;77,24000000;77,24000000;72,85000000;72,85000000;72,71000000;7500000,00000000;0,00000000;0,00000000;0,00000000;0,00000000;20251121
98;1I;48904;DE000BU35025;BUNDESOBLIGATION  2,100% 2024-12/04/2029;EUR;FRANCOFORT;094000;100;I;2500000,000;0,000;0,000;0,000;100,0340;100,0340;2500850,0000;2500850,00;0,000000;99,9140;99,9140;2497850,0000;2497850,00;2529925,3400;2529925,34;99,8950;-0,120;0,000;-0,120;0,590;2,794;0,293;0,019;0,295;0,000;0,000;32075,3400;32075,34;;;;DEUR;N094000;T100;;099707      BUNDESOBLIGATION  2,100% 2024-12/04/2029;100,03400000;100,03400000;99,91400000;99,91400000;99,89500000;2500000,00000000;0,00000000;0,00000000;0,00000000;0,00000000;20251121
98;1I;36584;XS2010036874;ORSTED A/S 1.75% 2019/09.12.20.3019;EUR;LUXEMBOURG;021000;301;I;6000000,000;0,000;0,000;0,000;93,8510;93,8510;5631060,0000;5631060,00;0,000000;95,6400;95,6400;5738400,0000;5738400,00;5838221,9200;5838221,92;95,7060;1,906;0,000;1,906;1,362;46,131;0,674;-0,069;0,677;0,000;0,000;99821,9200;99821,92;;;;DEUR;N021000;T200;;099326      ORSTED A/S 1.75% 2019/09.12.20.3019;93,85100000;93,85100000;95,64000000;95,64000000;95,70600000;6000000,00000000;0,00000000;0,00000000;0,00000000;0,00000000;20251121
98;1I;45694;XS2563353361;ORSTED A/S  5,250% 2022-31.12.2049;EUR;LUXEMBOURG;021000;301;I;2500000,000;0,000;0,000;0,000;103,3760;103,3760;2584400,0000;2584400,00;0,000000;101,9850;101,9850;2549625,0000;2549625,00;2674761,9900;2674761,99;102,1110;-1,346;0,000;-1,346;0,624;21,135;0,299;-0,123;0,301;0,000;0,000;125136,9900;125136,99;;;;DEUR;N021000;T200;;099701      ORSTED A/S  5,250% 2022-31.12.2049;103,37600000;103,37600000;101,98500000;101,98500000;102,11100000;2500000,00000000;0,00000000;0,00000000;0,00000000;0,00000000;20251121
98;1I;39984;XS2293075680;ORSTED 1.50% 2021/18.02.2051;EUR;LUXEMBOURG;021000;301;I;3000000,000;0,000;0,000;0,000;83,6250;83,6250;2508750,0000;2508750,00;0,000000;84,7140;84,7140;2541420,0000;2541420,00;2575447,4000;2575447,40;84,8990;1,302;0,000;1,302;0,601;20,350;0,298;-0,218;0,300;0,000;0,000;34027,4000;34027,40;;;;DEUR;N021000;T200;;099702      ORSTED 1.50% 2021/18.02.2051;83,62500000;83,62500000;84,71400000;84,71400000;84,89900000;3000000,00000000;0,00000000;0,00000000;0,00000000;0,00000000;20251121
98;1I;46225;XS2591029876;ORSTED A/S 3,750% 2023-01/03/2030;EUR;LUXEMBOURG;021000;301;I;1500000,000;0,000;0,000;0,000;102,7150;102,7150;1540725,0000;1540725,00;0,000000;101,7560;101,7560;1526340,0000;1526340,00;1567179,0400;1567179,04;101,7680;-0,934;0,000;-0,934;0,366;12,383;0,179;-0,012;0,180;0,000;0,000;40839,0400;40839,04;;;;DEUR;N021000;T200;;099821      ORSTED A/S 3,750% 2023-01/03/2030;102,71500000;102,71500000;101,75600000;101,75600000;101,76800000;1500000,00000000;0,00000000;0,00000000;0,00000000;0,00000000;20251121
98;1I;48328;FI4000567094;VALMET CORP 4% 2024/13.03.2029;EUR;HELSINKI;028000;301;I;1500000,000;0,000;0,000;0,000;101,4740;101,4740;1522110,0000;1522110,00;0,000000;101,8370;101,8370;1527555,0000;1527555,00;1569144,0400;1569144,04;101,7600;0,358;0,000;0,358;0,366;28,078;0,179;0,076;0,180;0,000;0,000;41589,0400;41589,04;;;;DEUR;N028000;T200;;099821      VALMET CORP 4% 2024/13.03.2029;101,47400000;101,47400000;101,83700000;101,83700000;101,76000000;1500000,00000000;0,00000000;0,00000000;0,00000000;0,00000000;20251121
98;1I;46138;XS2488809612;NOKIA   4,375% 2023-21/08/2031;EUR;FIPS;028000;301;I;1000000,000;0,000;0,000;0,000;104,4490;104,4490;1044490,0000;1044490,00;0,000000;104,6310;104,6310;1046310,0000;1046310,00;1057337,4000;1057337,40;104,6500;0,174;0,000;0,174;0,247;18,920;0,123;-0,018;0,123;0,000;0,000;11027,4000;11027,40;;;;DEUR;N028000;T200;;099877      NOKIA   4,375% 2023-21/08/2031;104,44900000;104,44900000;104,63100000;104,63100000;104,65000000;1000000,00000000;0,00000000;0,00000000;0,00000000;0,00000000;20251121
98;1I;34244;XS1960685383;NOKIA OVJ 2% 2019/11.03.2026;EUR;DUBLINO;028000;301;I;565000,000;0,000;0,000;0,000;98,7330;98,7330;557841,4500;557841,45;0,000000;99,7440;99,7440;563553,6000;563553,60;571448,1200;571448,12;99,6930;1,024;0,000;1,024;0,133;10,225;0,066;0,051;0,067;0,000;0,000;7894,5200;7894,52;;;;DEUR;N028000;T200;;099934      NOKIA OVJ 2% 2019/11.03.2026;98,73300000;98,73300000;99,74400000;99,74400000;99,69300000;565000,00000000;0,00000000;0,00000000;0,00000000;0,00000000;20251121
98;1I;42678;FR0014006V25;SFIL SA 0,25% 2022-01/12/2031;EUR;PARIGI;029000;301;I;10000000,000;0,000;0,000;0,000;82,3370;82,3370;8233700,0000;8233700,00;0,000000;84,4870;84,4870;8448700,0000;8448700,00;8473015,0700;8473015,07;84,4250;2,611;0,000;2,611;1,977;10,305;0,992;0,073;0,997;0,000;0,000;24315,0700;24315,07;;;;DEUR;N029000;T200;;099008      SFIL SA 0,25% 2022-01/12/2031;82,33700000;82,33700000;84,48700000;84,48700000;84,42500000;10000000,00000000;0,00000000;0,00000000;0,00000000;0,00000000;20251121
98;1I;40332;XS2312733871;FORVIA EX FAURECIA 2,375% 21-15.06.2029;EUR;DUBLINO;029000;301;I;4800000,000;0,000;0,000;0,000;89,5330;89,5330;4297584,0000;4297584,00;0,000000;96,6970;96,6970;4641456,0000;4641456,00;4690856,0000;4690856,00;96,7800;8,002;0,000;8,002;1,095;5,705;0,545;-0,086;0,548;0,000;0,000;49400,0000;49400,00;;;;DEUR;N029000;T200;;099455      FORVIA EX FAURECIA 2,375% 21-15.06.2029;89,53300000;89,53300000;96,69700000;96,69700000;96,78000000;4800000,00000000;0,00000000;0,00000000;0,00000000;0,00000000;20251121
98;1I;63590;FR0014012SJ2;VALEO SA 4,625% 23.03,2032;EUR;PARIGI;029000;301;I;3000000,000;0,000;0,000;0,000;99,3410;99,3410;2980230,0000;2980230,00;0,000000;99,1740;99,1740;2975220,0000;2975220,00;2997648,0800;2997648,08;99,4610;-0,168;0,000;-0,168;0,699;3,646;0,349;-0,289;0,351;0,000;0,000;22428,0800;22428,08;;;;DEUR;N029000;T200;;099651      VALEO SA 4,625% 23.03,2032;99,34100000;99,34100000;99,17400000;99,17400000;99,46100000;3000000,00000000;0,00000000;0,00000000;0,00000000;0,00000000;20251121
98;1I;36536;FR0013463775;CNP ASSURANCE TV 2019/27.07.2050;EUR;PARIGI;029000;301;I;2500000,000;0,000;0,000;0,000;90,6860;90,6860;2267150,0000;2267150,00;0,000000;93,2170;93,2170;2330425,0000;2330425,00;2346452,4000;2346452,40;93,2620;2,791;0,000;2,791;0,548;2,854;0,274;-0,048;0,275;0,000;0,000;16027,4000;16027,40;;;;DEUR;N029000;T200;;099726      CNP ASSURANCE TV 2019/27.07.2050;90,68600000;90,68600000;93,21700000;93,21700000;93,26200000;2500000,00000000;0,00000000;0,00000000;0,00000000;0,00000000;20251121
98;1I;39979;FR0014001LV5;COVIVIO 0.875% 2021/20.01.2033;EUR;LUXEMBOURG;029000;301;I;2000000,000;0,000;0,000;0,000;78,2550;78,2550;1565100,0000;1565100,00;0,000000;78,9690;78,9690;1579380,0000;1579380,00;1594003,2900;1594003,29;78,8990;0,912;0,000;0,912;0,372;1,939;0,185;0,089;0,186;0,000;0,000;14623,2900;14623,29;;;;DEUR;N029000;T200;;099815      COVIVIO 0.875% 2021/20.01.2033;78,25500000;78,25500000;78,96900000;78,96900000;78,89900000;2000000,00000000;0,00000000;0,00000000;0,00000000;0,00000000;20251121
98;1I;27668;FR0013170834;FONCIERE DES REGIONS 1,875% 2016/20.05.2;EUR;LUXEMBOURG;029000;301;I;1000000,000;0,000;0,000;0,000;98,8830;98,8830;988830,0000;988830,00;0,000000;99,7600;99,7600;997600,0000;997600,00;1007103,4200;1007103,42;99,7660;0,887;0,000;0,887;0,235;1,225;0,117;-0,006;0,118;0,000;0,000;9503,4200;9503,42;;;;DEUR;N029000;T200;;099883      FONCIERE DES REGIONS 1,875% 2016/20.05.2;98,88300000;98,88300000;99,76000000;99,76000000;99,76600000;1000000,00000000;0,00000000;0,00000000;0,00000000;0,00000000;20251121
98;1I;63669;FR0014010DR1;RENAULT SA 3,875% 2025-30/09/2030;EUR;DUBLINO;029000;301;I;1000000,000;0,000;0,000;0,000;100,0500;100,0500;1000500,0000;1000500,00;0,000000;99,9920;99,9920;999920,0000;999920,00;1005440,5500;1005440,55;100,0500;-0,058;0,000;-0,058;0,235;1,223;0,117;-0,058;0,118;0,000;0,000;5520,5500;5520,55;;;;DEUR;N029000;T200;;099883      RENAULT SA 3,875% 2025-30/09/2030;100,05000000;100,05000000;99,99200000;99,99200000;100,05000000;1000000,00000000;0,00000000;0,00000000;0,00000000;0,00000000;20251121
98;1I;37625;FR0013512233;KLEPIERRE 2% 2020/12.05.2029;EUR;PARIGI;029000;301;I;1000000,000;0,000;0,000;0,000;96,4790;96,4790;964790,0000;964790,00;0,000000;97,0450;97,0450;970450,0000;970450,00;981025,3400;981025,34;97,0460;0,587;0,000;0,587;0,229;1,193;0,114;-0,001;0,115;0,000;0,000;10575,3400;10575,34;;;;DEUR;N029000;T200;;099886      KLEPIERRE 2% 2020/12.05.2029;96,47900000;96,47900000;97,04500000;97,04500000;97,04600000;1000000,00000000;0,00000000;0,00000000;0,00000000;0,00000000;20251121
98;1I;40254;XS2230399441;AIB GROUP PLC TV  2020-30/05/2031;EUR;DUBLINO;040000;301;I;4000000,000;0,000;0,000;0,000;99,0860;99,0860;3963440,0000;3963440,00;0,000000;100,0290;100,0290;4001160,0000;4001160,00;4056296,9900;4056296,99;100,0430;0,952;0,000;0,952;0,946;86,437;0,470;-0,014;0,472;0,000;0,000;55136,9900;55136,99;;;;DEUR;N040000;T200;;099530      AIB GROUP PLC TV  2020-30/05/2031;99,08600000;99,08600000;100,02900000;100,02900000;100,04300000;4000000,00000000;0,00000000;0,00000000;0,00000000;0,00000000;20251121
98;1I;48755;XS2823235085;AIB GROUP PLC TV (4,625%) 20.05.2035;EUR;DUBLINO;040000;301;I;600000,000;0,000;0,000;0,000;102,8430;102,8430;617058,0000;617058,00;0,000000;103,7380;103,7380;622428,0000;622428,00;636493,0700;636493,07;103,9220;0,870;0,000;0,870;0,149;13,563;0,073;-0,177;0,073;0,000;0,000;14065,0700;14065,07;;;;DEUR;N040000;T200;;099927      AIB GROUP PLC TV (4,625%) 20.05.2035;102,84300000;102,84300000;103,73800000;103,73800000;103,92200000;600000,00000000;0,00000000;0,00000000;0,00000000;0,00000000;20251121
98;1I;36892;XS2109819859;TELEFONICA TV 05.02.2027;EUR;DUBLINO;050000;301;I;12000000,000;0,000;0,000;0,000;97,3330;97,3330;11679960,0000;11679960,00;0,000000;98,4000;98,4000;11808000,0000;11808000,00;11972515,0700;11972515,07;98,3940;1,096;0,000;1,096;2,794;26,313;1,386;0,006;1,394;0,000;0,000;164515,0700;164515,07;;;;DEUR;N050000;T200;;098614      TELEFONICA TV 05.02.2027;97,33300000;97,33300000;98,40000000;98,40000000;98,39400000;12000000,00000000;0,00000000;0,00000000;0,00000000;0,00000000;20251121
98;1I;45197;XS2486270858;KONINKLIJKE KPN 6 2022/31.12.2049;EUR;DUBLINO;050000;301;I;8500000,000;0,000;0,000;0,000;106,1250;106,1250;9020625,0000;9020625,00;0,000000;105,0440;105,0440;8928740,0000;8928740,00;9396822,1900;9396822,19;105,1090;-1,019;0,000;-1,019;2,193;20,652;1,048;-0,062;1,054;0,000;0,000;468082,1900;468082,19;;;;DEUR;N050000;T200;;098952      KONINKLIJKE KPN 6 2022/31.12.2049;106,12500000;106,12500000;105,04400000;105,04400000;105,10900000;8500000,00000000;0,00000000;0,00000000;0,00000000;0,00000000;20251121
98;1I;48326;XS2755535577;TELEFONICA EUR TV (5,752%) 24-31/12/2049;EUR;DUBLINO;050000;301;I;5000000,000;0,000;0,000;0,000;106,9210;106,9210;5346050,0000;5346050,00;0,000000;105,2020;105,2020;5260100,0000;5260100,00;5433453,9700;5433453,97;105,5360;-1,608;0,000;-1,608;1,268;11,942;0,617;-0,316;0,621;0,000;0,000;173353,9700;173353,97;;;;DEUR;N050000;T200;;099383      TELEFONICA EUR TV (5,752%) 24-31/12/2049;106,92100000;106,92100000;105,20200000;105,20200000;105,53600000;5000000,00000000;0,00000000;0,00000000;0,00000000;0,00000000;20251121
98;1I;42117;XS2389343380;ABN AMRO BK 0.50% 2021/23.09.2029;EUR;LUXEMBOURG;050000;301;I;5000000,000;0,000;0,000;0,000;88,3460;88,3460;4417300,0000;4417300,00;0,000000;91,0240;91,0240;4551200,0000;4551200,00;4555241,1000;4555241,10;91,1850;3,031;0,000;3,031;1,063;10,012;0,534;-0,177;0,537;0,000;0,000;4041,1000;4041,10;;;;DEUR;N050000;T200;;099466      ABN AMRO BK 0.50% 2021/23.09.2029;88,34600000;88,34600000;91,02400000;91,02400000;91,18500000;5000000,00000000;0,00000000;0,00000000;0,00000000;0,00000000;20251121
98;1I;45616;XS2462605671;TELEFONICA EM TV 2022/31.12.2049;EUR;LONDRAEST;050000;301;I;2100000,000;0,000;0,000;0,000;109,8700;109,8700;2307270,0000;2307270,00;0,000000;108,4290;108,4290;2277009,0000;2277009,00;2425814,1400;2425814,14;108,5380;-1,312;0,000;-1,312;0,566;5,331;0,267;-0,100;0,269;0,000;0,000;148805,1400;148805,14;;;;DEUR;N050000;T200;;099733      TELEFONICA EM TV 2022/31.12.2049;109,87000000;109,87000000;108,42900000;108,42900000;108,53800000;2100000,00000000;0,00000000;0,00000000;0,00000000;0,00000000;20251121
98;1I;46032;XS2582389156;TELEFONICA EUR BV TV 23-31.12.49;EUR;DUBLINO;050000;301;I;1500000,000;0,000;0,000;0,000;107,8640;107,8640;1617960,0000;1617960,00;0,000000;106,1350;106,1350;1592025,0000;1592025,00;1642953,9000;1642953,90;106,3680;-1,603;0,000;-1,603;0,383;3,611;0,187;-0,219;0,188;0,000;0,000;50928,9000;50928,90;;;;DEUR;N050000;T200;;099813      TELEFONICA EUR BV TV 23-31.12.49;107,86400000;107,86400000;106,13500000;106,13500000;106,36800000;1500000,00000000;0,00000000;0,00000000;0,00000000;0,00000000;20251121
98;1I;45980;PTEDP4OM0025;ENERGIAS DE PORT  2023-23/04/2083;EUR;DUBLINO;055000;301;I;5000000,000;0,000;0,000;0,000;105,0310;105,0310;5251550,0000;5251550,00;0,000000;105,2110;105,2110;5260550,0000;5260550,00;5433141,2300;5433141,23;105,3570;0,171;0,000;0,171;1,268;62,610;0,618;-0,139;0,621;0,000;0,000;172591,2300;172591,23;;;;DEUR;N055000;T200;;099382      ENERGIAS DE PORT  2023-23/04/2083;105,03100000;105,03100000;105,21100000;105,21100000;105,35700000;5000000,00000000;0,00000000;0,00000000;0,00000000;0,00000000;20251121
98;1I;49005;PTEDPZOM0011;ENERGIAS DE PORT (4,750%) TV 29/05/2054;EUR;DUBLINO;055000;301;I;1200000,000;0,000;0,000;0,000;102,2090;102,2090;1226508,0000;1226508,00;0,000000;103,1730;103,1730;1238076,0000;1238076,00;1265560,9300;1265560,93;103,3200;0,943;0,000;0,943;0,295;14,584;0,145;-0,142;0,146;0,000;0,000;27484,9300;27484,93;;;;DEUR;N055000;T200;;099855      ENERGIAS DE PORT (4,750%) TV 29/05/2054;102,20900000;102,20900000;103,17300000;103,17300000;103,32000000;1200000,00000000;0,00000000;0,00000000;0,00000000;0,00000000;20251121
98;1I;39819;PTEDPROM0029;ENERGIAS DE PORT 1.875% 2021/02.08.2081;EUR;DUBLINO;055000;301;I;1000000,000;0,000;0,000;0,000;97,4210;97,4210;974210,0000;974210,00;0,000000;99,0810;99,0810;990810,0000;990810,00;996512,0500;996512,05;99,1230;1,704;0,000;1,704;0,233;11,484;0,116;-0,042;0,117;0,000;0,000;5702,0500;5702,05;;;;DEUR;N055000;T200;;099884      ENERGIAS DE PORT 1.875% 2021/02.08.2081;97,42100000;97,42100000;99,08100000;99,08100000;99,12300000;1000000,00000000;0,00000000;0,00000000;0,00000000;0,00000000;20251121
98;1I;37494;PTEDPNOM0015;ENERGIAS DE PORTUGAL1.625% 2020/15.04.27;EUR;DUBLINO;055000;301;I;500000,000;0,000;0,000;0,000;97,6210;97,6210;488105,0000;488105,00;0,000000;98,9920;98,9920;494960,0000;494960,00;499857,2600;499857,26;99,0010;1,404;0,000;1,404;0,117;5,760;0,058;-0,009;0,058;0,000;0,000;4897,2600;4897,26;;;;DEUR;N055000;T200;;099942      ENERGIAS DE PORTUGAL1.625% 2020/15.04.27;97,62100000;97,62100000;98,99200000;98,99200000;99,00100000;500000,00000000;0,00000000;0,00000000;0,00000000;0,00000000;20251121
98;1I;45565;XS2553801502;BANCO DE SABADELL SA  TV 2022/10.11.2027;EUR;LUXEMBOURG;067000;301;I;4000000,000;0,000;0,000;0,000;105,6520;105,6520;4226080,0000;4226080,00;0,000000;104,6780;104,6780;4187120,0000;4187120,00;4193298,0800;4193298,08;104,7230;-0,922;0,000;-0,922;0,978;11,669;0,491;-0,043;0,494;0,000;0,000;6178,0800;6178,08;;;;DEUR;N067000;T200;;099509      BANCO DE SABADELL SA  TV 2022/10.11.2027;105,65200000;105,65200000;104,67800000;104,67800000;104,72300000;4000000,00000000;0,00000000;0,00000000;0,00000000;0,00000000;20251121
98;1I;41174;XS2353366268;BANCO DE SABADELL SA  0.875% 2116.06.28;EUR;DUBLINO;067000;301;I;4000000,000;0,000;0,000;0,000;95,1400;95,1400;3805600,0000;3805600,00;0,000000;97,4480;97,4480;3897920,0000;3897920,00;3913070,6800;3913070,68;97,4780;2,426;0,000;2,426;0,913;10,889;0,458;-0,031;0,460;0,000;0,000;15150,6800;15150,68;;;;DEUR;N067000;T200;;099542      BANCO DE SABADELL SA  0.875% 2116.06.28;95,14000000;95,14000000;97,44800000;97,44800000;97,47800000;4000000,00000000;0,00000000;0,00000000;0,00000000;0,00000000;20251121
98;1I;36890;XS2112289207;TELEFONICA 0,664% 2020/03.02.2030;EUR;DUBLINO;067000;301;I;3000000,000;0,000;0,000;0,000;89,4530;89,4530;2683590,0000;2683590,00;0,000000;91,1890;91,1890;2735670,0000;2735670,00;2751551,4200;2751551,42;91,2020;1,941;0,000;1,941;0,642;7,657;0,321;-0,014;0,323;0,000;0,000;15881,4200;15881,42;;;;DEUR;N067000;T200;;099679      TELEFONICA 0,664% 2020/03.02.2030;89,45300000;89,45300000;91,18900000;91,18900000;91,20200000;3000000,00000000;0,00000000;0,00000000;0,00000000;0,00000000;20251121
98;1I;40260;XS2310118976;CAIXABANK TV  2021-18/06/2031;EUR;DUBLINO;067000;301;I;2500000,000;0,000;0,000;0,000;97,3720;97,3720;2434300,0000;2434300,00;0,000000;99,4700;99,4700;2486750,0000;2486750,00;2500106,1600;2500106,16;99,4740;2,155;0,000;2,155;0,583;6,957;0,292;-0,004;0,294;0,000;0,000;13356,1600;13356,16;;;;DEUR;N067000;T200;;099708      CAIXABANK TV  2021-18/06/2031;97,37200000;97,37200000;99,47000000;99,47000000;99,47400000;2500000,00000000;0,00000000;0,00000000;0,00000000;0,00000000;20251121
98;1I;45689;XS2530034649;CAIXABANK  3,750% 2022-07/09/2029;EUR;DUBLINO;067000;301;I;2000000,000;0,000;0,000;0,000;103,7830;103,7830;2075660,0000;2075660,00;0,000000;103,3870;103,3870;2067740,0000;2067740,00;2083150,9600;2083150,96;103,4630;-0,382;0,000;-0,382;0,486;5,797;0,243;-0,073;0,244;0,000;0,000;15410,9600;15410,96;;;;DEUR;N067000;T200;;099757      CAIXABANK  3,750% 2022-07/09/2029;103,78300000;103,78300000;103,38700000;103,38700000;103,46300000;2000000,00000000;0,00000000;0,00000000;0,00000000;0,00000000;20251121
98;1I;46901;XS2598331242;BANCO DE SABADELL TV 2023-07/06/2029;EUR;DUBLINO;067000;301;I;1000000,000;0,000;0,000;0,000;106,1680;106,1680;1061680,0000;1061680,00;0,000000;105,3930;105,3930;1053930,0000;1053930,00;1076806,7100;1076806,71;105,4340;-0,730;0,000;-0,730;0,251;2,996;0,124;-0,039;0,124;0,000;0,000;22876,7100;22876,71;;;;DEUR;N067000;T200;;099876      BANCO DE SABADELL TV 2023-07/06/2029;106,16800000;106,16800000;105,39300000;105,39300000;105,43400000;1000000,00000000;0,00000000;0,00000000;0,00000000;0,00000000;20251121
98;1I;38194;XS2201857534;GENERALI 2.429% 2020/14.07.2031;EUR;LUXEMBOURG;086000;301;I;5000000,000;0,000;0,000;0,000;93,7780;93,7780;4688900,0000;4688900,00;0,000000;95,4220;95,4220;4771100,0000;4771100,00;4814356,1600;4814356,16;95,4700;1,753;0,000;1,753;1,123;3,881;0,560;-0,050;0,563;0,000;0,000;43256,1600;43256,16;;;;DEUR;N086000;T200;;099440      GENERALI 2.429% 2020/14.07.2031;93,77800000;93,77800000;95,42200000;95,42200000;95,47000000;5000000,00000000;0,00000000;0,00000000;0,00000000;0,00000000;20251121
98;1I;43391;XS2437854487;TERNA RETE ELETTR 2,375% 2022-31/12/2049;EUR;LUXEMBOURG;086000;301;I;4000000,000;0,000;0,000;0,000;95,7560;95,7560;3830240,0000;3830240,00;0,000000;97,7330;97,7330;3909320,0000;3909320,00;3983498,0800;3983498,08;97,8400;2,065;0,000;2,065;0,929;3,211;0,459;-0,109;0,461;0,000;0,000;74178,0800;74178,08;;;;DEUR;N086000;T200;;099541      TERNA RETE ELETTR 2,375% 2022-31/12/2049;95,75600000;95,75600000;97,73300000;97,73300000;97,84000000;4000000,00000000;0,00000000;0,00000000;0,00000000;0,00000000;20251121
98;1I;35975;XS2056491587;GENERALI 2,124% 2019/01.10.2030;EUR;MOT;086000;301;I;2500000,000;0,000;0,000;0,000;94,0850;94,0850;2352125,0000;2352125,00;0,000000;95,4980;95,4980;2387450,0000;2387450,00;2394869,4500;2394869,45;95,5460;1,502;0,000;1,502;0,559;1,931;0,280;-0,050;0,282;0,000;0,000;7419,4500;7419,45;;;;DEUR;N086000;T200;;099720      GENERALI 2,124% 2019/01.10.2030;94,08500000;94,08500000;95,49800000;95,49800000;95,54600000;2500000,00000000;0,00000000;0,00000000;0,00000000;0,00000000;20251121
98;1I;35597;XS2026150313;A2A SPA 1% 2019/16.07.2029;EUR;LUXEMBOURG;086000;301;I;2000000,000;0,000;0,000;0,000;92,0050;92,0050;1840100,0000;1840100,00;0,000000;93,8950;93,8950;1877900,0000;1877900,00;1884913,7000;1884913,70;93,8870;2,054;0,000;2,054;0,440;1,520;0,220;0,009;0,222;0,000;0,000;7013,7000;7013,70;;;;DEUR;N086000;T200;;099780      A2A SPA 1% 2019/16.07.2029;92,00500000;92,00500000;93,89500000;93,89500000;93,88700000;2000000,00000000;0,00000000;0,00000000;0,00000000;0,00000000;20251121
98;1I;46851;XS2606341787;CREDITO EMILIANO 5,625% 2023-30/05/2029;EUR;LUXEMBOURG;086000;301;I;1000000,000;0,000;0,000;0,000;107,1790;107,1790;1071790,0000;1071790,00;0,000000;106,3940;106,3940;1063940,0000;1063940,00;1090909,1800;1090909,18;106,4470;-0,732;0,000;-0,732;0,255;0,879;0,125;-0,050;0,126;0,000;0,000;26969,1800;26969,18;;;;DEUR;N086000;T200;;099875      CREDITO EMILIANO 5,625% 2023-30/05/2029;107,17900000;107,17900000;106,39400000;106,39400000;106,44700000;1000000,00000000;0,00000000;0,00000000;0,00000000;0,00000000;20251121
98;1I;34606;XS1980270810;TERNA 1% 2019/10.04.2026;EUR;LUXEMBOURG;086000;301;I;1000000,000;0,000;0,000;0,000;97,9310;97,9310;979310,0000;979310,00;0,000000;99,5010;99,5010;995010,0000;995010,00;1001174,3800;1001174,38;99,5070;1,603;0,000;1,603;0,234;0,807;0,117;-0,006;0,117;0,000;0,000;6164,3800;6164,38;;;;DEUR;N086000;T200;;099883      TERNA 1% 2019/10.04.2026;97,93100000;97,93100000;99,50100000;99,50100000;99,50700000;1000000,00000000;0,00000000;0,00000000;0,00000000;0,00000000;20251121
98;1I;46047;XS2583205906;A2A SPA 4,375% 2023-03/02/2034;EUR;LUXEMBOURG;086000;301;I;300000,000;0,000;0,000;0,000;105,7230;105,7230;317169,0000;317169,00;0,000000;105,3130;105,3130;315939,0000;315939,00;326403,0400;326403,04;105,2250;-0,388;0,000;-0,388;0,076;0,263;0,037;0,084;0,037;0,000;0,000;10464,0400;10464,04;;;;DEUR;N086000;T200;;099963      A2A SPA 4,375% 2023-03/02/2034;105,72300000;105,72300000;105,31300000;105,31300000;105,22500000;300000,00000000;0,00000000;0,00000000;0,00000000;0,00000000;20251121
98;1I;38139;XS2197348597;TAKEDA PHARMA 1% 2020/09.07.2029;EUR;NEW YORK;088000;301;I;3000000,000;0,000;0,000;0,000;91,9600;91,9600;2758800,0000;2758800,00;0,000000;93,3920;93,3920;2801760,0000;2801760,00;2812855,8900;2812855,89;93,4380;1,557;0,000;1,557;0,656;100,000;0,329;-0,049;0,331;0,000;0,000;11095,8900;11095,89;;;;DEUR;N088000;T200;;099671      TAKEDA PHARMA 1% 2020/09.07.2029;91,96000000;91,96000000;93,39200000;93,39200000;93,43800000;3000000,00000000;0,00000000;0,00000000;0,00000000;0,00000000;20251121
98;1I;63474;DE000A4DFWV3;EVONIK IND TV (4,25%) 09.09.2055;EUR;LUXEMBOURG;094000;301;I;6000000,000;0,000;0,000;0,000;99,7660;99,7660;5985960,0000;5985960,00;0,000000;98,4490;98,4490;5906940,0000;5906940,00;5957940,0000;5957940,00;98,6480;-1,320;0,000;-1,320;1,390;6,579;0,693;-0,202;0,697;0,000;0,000;51000,0000;51000,00;;;;DEUR;N094000;T200;;099307      EVONIK IND TV (4,25%) 09.09.2055;99,76600000;99,76600000;98,44900000;98,44900000;98,64800000;6000000,00000000;0,00000000;0,00000000;0,00000000;0,00000000;20251121
98;1I;40342;DE000A3E5FR9;VONOVIA SE 0,625% 2021-24/03/2031;EUR;LUXEMBOURG;094000;301;I;3000000,000;0,000;0,000;0,000;84,3770;84,3770;2531310,0000;2531310,00;0,000000;87,2400;87,2400;2617200,0000;2617200,00;2629631,5100;2629631,51;87,1670;3,393;0,000;3,393;0,614;2,904;0,307;0,084;0,309;0,000;0,000;12431,5100;12431,51;;;;DEUR;N094000;T200;;099693      VONOVIA SE 0,625% 2021-24/03/2031;84,37700000;84,37700000;87,24000000;87,24000000;87,16700000;3000000,00000000;0,00000000;0,00000000;0,00000000;0,00000000;20251121
98;1I;36023;XS2056730679;INFINEON TEC 3.625% 2019-31/12/2049;EUR;DUBLINO;094000;301;I;2000000,000;0,000;0,000;0,000;99,1040;99,1040;1982080,0000;1982080,00;0,000000;100,3780;100,3780;2007560,0000;2007560,00;2054039,4500;2054039,45;100,4790;1,286;0,000;1,286;0,479;2,268;0,236;-0,101;0,237;0,000;0,000;46479,4500;46479,45;;;;DEUR;N094000;T200;;099764      INFINEON TEC 3.625% 2019-31/12/2049;99,10400000;99,10400000;100,37800000;100,37800000;100,47900000;2000000,00000000;0,00000000;0,00000000;0,00000000;0,00000000;20251121
98;1I;08457;FI0009000681;NOKIA OYJ;EUR;HELSINKI;028000;201;I;466016,000;0,000;0,000;0,000;5,0048;5,0048;2332329,4600;2332329,46;0,000000;5,1300;5,1300;2390662,0800;2390662,08;2390662,0800;2390662,08;5,2000;2,501;0,000;2,501;0,558;42,778;0,281;-1,346;0,282;0,000;0,000;0,0000;0,00;;;;DEUR;N028000;T300;;099719      NOKIA OYJ;5,00482700;5,00482700;5,13000000;5,13000000;5,20000000;466016,00000000;0,00000000;0,00000000;0,00000000;0,00000000;20251121
98;1I;33385;FR0013154002;SARTORIUS STEDIM BIOTECH;EUR;PARIGI;029000;201;I;16688,000;0,000;0,000;0,000;177,5678;177,5678;2963252,8300;2963252,83;0,000000;190,0000;190,0000;3170720,0000;3170720,00;3170720,0000;3170720,00;186,2000;7,001;0,000;7,001;0,740;3,856;0,372;2,041;0,374;0,000;0,000;0,0000;0,00;;;;DEUR;N029000;T300;;099628      SARTORIUS STEDIM BIOTECH;177,56788291;177,56788291;190,00000000;190,00000000;186,20000000;16688,00000000;0,00000000;0,00000000;0,00000000;0,00000000;20251121
98;1I;08436;FR0000120321;L'OREAL;EUR;PARIGI;029000;201;I;8642,000;0,000;0,000;0,000;395,8781;395,8781;3421178,6900;3421178,69;0,000000;361,5000;361,5000;3124083,0000;3124083,00;3124083,0000;3124083,00;352,1500;-8,684;0,000;-8,684;0,729;3,800;0,367;2,655;0,369;0,000;0,000;0,0000;0,00;;;;DEUR;N029000;T300;;099633      L'OREAL;395,87811733;395,87811733;361,50000000;361,50000000;352,15000000;8642,00000000;0,00000000;0,00000000;0,00000000;0,00000000;20251121
98;1I;06647;FR0010313833;ARKEMA;EUR;PARIGI;029000;201;I;43005,000;0,000;0,000;0,000;74,8591;74,8591;3219316,8600;3219316,86;0,000000;50,8500;50,8500;2186804,2500;2186804,25;2186804,2500;2186804,25;49,7800;-32,072;0,000;-32,072;0,510;2,660;0,257;2,149;0,258;0,000;0,000;0,0000;0,00;;;;DEUR;N029000;T300;;099743      ARKEMA;74,85912940;74,85912940;50,85000000;50,85000000;49,78000000;43005,00000000;0,00000000;0,00000000;0,00000000;0,00000000;20251121
98;1I;01606;FR0000121667;ESSILOR LUXOTTICA;EUR;PARIGI;029000;201;I;6835,000;0,000;0,000;0,000;257,1988;257,1988;1757954,1500;1757954,15;0,000000;306,0000;306,0000;2091510,0000;2091510,00;2091510,0000;2091510,00;311,2000;18,974;0,000;18,974;0,488;2,544;0,246;-1,671;0,247;0,000;0,000;0,0000;0,00;;;;DEUR;N029000;T300;;099754      ESSILOR LUXOTTICA;257,19885150;257,19885150;306,00000000;306,00000000;311,20000000;6835,00000000;0,00000000;0,00000000;0,00000000;0,00000000;20251121
98;1I;14112;FR0010451203;REXEL SA;EUR;PARIGI;029000;201;I;47105,000;0,000;0,000;0,000;25,5018;25,5018;1201263,0500;1201263,05;0,000000;30,8100;30,8100;1451305,0500;1451305,05;1451305,0500;1451305,05;30,9100;20,815;0,000;20,815;0,339;1,765;0,170;-0,324;0,171;0,000;0,000;0,0000;0,00;;;;DEUR;N029000;T300;;099830      REXEL SA;25,50181615;25,50181615;30,81000000;30,81000000;30,91000000;47105,00000000;0,00000000;0,00000000;0,00000000;0,00000000;20251121
98;1I;06469;FR0010307819;LEGRAND PROMESSES;EUR;PARIGI;029000;201;I;10746,000;0,000;0,000;0,000;131,5327;131,5327;1413451,3500;1413451,35;0,000000;126,8500;126,8500;1363130,1000;1363130,10;1363130,1000;1363130,10;129,6000;-3,560;0,000;-3,560;0,318;1,658;0,160;-2,122;0,161;0,000;0,000;0,0000;0,00;;;;DEUR;N029000;T300;;099840      LEGRAND PROMESSES;131,53278894;131,53278894;126,85000000;126,85000000;129,60000000;10746,00000000;0,00000000;0,00000000;0,00000000;0,00000000;20251121
98;1I;14500;NL0010273215;ASML HLDG NV NEW;EUR;AMSTERDAM;050000;201;I;5952,000;0,000;0,000;0,000;713,2848;713,2848;4245471,6400;4245471,64;0,000000;834,0000;834,0000;4963968,0000;4963968,00;4963968,0000;4963968,00;889,8000;16,924;0,000;16,924;1,158;10,910;0,583;-6,271;0,586;0,000;0,000;0,0000;0,00;;;;DEUR;N050000;T300;;099417      ASML HLDG NV NEW;713,28488575;713,28488575;834,00000000;834,00000000;889,80000000;5952,00000000;0,00000000;0,00000000;0,00000000;0,00000000;20251121
98;1I;35896;NL0013654783;PROSUS;EUR;AMSTERDAM;050000;201;I;45428,000;0,000;0,000;0,000;41,9251;41,9251;1904576,9600;1904576,96;0,000000;56,6200;56,6200;2572133,3600;2572133,36;2572133,3600;2572133,36;57,4500;35,050;0,000;35,050;0,600;5,653;0,302;-1,445;0,304;0,000;0,000;0,0000;0,00;;;;DEUR;N050000;T300;;099698      PROSUS;41,92517742;41,92517742;56,62000000;56,62000000;57,45000000;45428,00000000;0,00000000;0,00000000;0,00000000;0,00000000;20251121
98;1I;01895;NL0000226223;STMICROELECTRONICS - MILANO;EUR;MILANO;050000;201;I;134917,000;0,000;0,000;0,000;24,6291;24,6291;3322893,4600;3322893,46;0,000000;18,8040;18,8040;2536979,2700;2536979,27;2536979,2700;2536979,27;18,9400;-23,652;0,000;-23,652;0,592;5,576;0,298;-0,718;0,299;0,000;0,000;0,0000;0,00;;;;DEUR;N050000;T300;;099702      STMICROELECTRONICS - MILANO;24,62916800;24,62916800;18,80400000;18,80400000;18,94000000;134917,00000000;0,00000000;0,00000000;0,00000000;0,00000000;20251121
98;1I;09439;ES0127797019;EDP RENOVAVEIS SA;EUR;LISBONA;067000;201;I;87482,000;0,000;0,000;0,000;9,9297;9,9297;868672,0700;868672,07;0,000000;11,2900;11,2900;987671,7800;987671,78;987671,7800;987671,78;11,5500;13,699;0,000;13,699;0,230;2,748;0,116;-2,251;0,117;0,000;0,000;0,0000;0,00;;;;DEUR;N067000;T300;;099884      EDP RENOVAVEIS SA;9,92972348;9,92972348;11,29000000;11,29000000;11,55000000;87482,00000000;0,00000000;0,00000000;0,00000000;0,00000000;20251121
98;1I;23311;ES0105025003;MERLIN PROPERTIES SOCIMI SA;EUR;MADRID;067000;201;I;56681,000;0,000;0,000;0,000;10,0875;10,0875;571770,2200;571770,22;0,000000;12,3700;12,3700;701143,9700;701143,97;701143,9700;701143,97;12,5800;22,627;0,000;22,627;0,164;1,951;0,082;-1,669;0,083;0,000;0,000;0,0000;0,00;;;;DEUR;N067000;T300;;099918      MERLIN PROPERTIES SOCIMI SA;10,08751115;10,08751115;12,37000000;12,37000000;12,58000000;56681,00000000;0,00000000;0,00000000;0,00000000;0,00000000;20251121
98;1I;08512;DE0007164600;SAP SE;EUR;NEUERMKT;094000;201;I;12833,000;0,000;0,000;0,000;248,1732;248,1732;3184807,7600;3184807,76;0,000000;205,0000;205,0000;2630765,0000;2630765,00;2630765,0000;2630765,00;206,6000;-17,396;0,000;-17,396;0,614;2,905;0,309;-0,774;0,311;0,000;0,000;0,0000;0,00;;;;DEUR;N094000;T300;;099691      SAP SE;248,17328450;248,17328450;205,00000000;205,00000000;206,60000000;12833,00000000;0,00000000;0,00000000;0,00000000;0,00000000;20251121
98;1I;24199;DE000ZAL1111;ZALANDO-ORD SHS;EUR;NEUERMKT;094000;201;I;109844,000;0,000;0,000;0,000;27,4143;27,4143;3011303,9300;3011303,93;0,000000;22,1400;22,1400;2431946,1600;2431946,16;2431946,1600;2431946,16;22,6100;-19,239;0,000;-19,239;0,567;2,686;0,285;-2,079;0,287;0,000;0,000;0,0000;0,00;;;;DEUR;N094000;T300;;099715      ZALANDO-ORD SHS;27,41436883;27,41436883;22,14000000;22,14000000;22,61000000;109844,00000000;0,00000000;0,00000000;0,00000000;0,00000000;20251121
98;1I;19412;DE000A1ML7J1;VONOVIA SE;EUR;NEUERMKT;094000;201;I;81362,000;0,000;0,000;0,000;27,3086;27,3086;2221889,2600;2221889,26;0,000000;26,0500;26,0500;2119480,1000;2119480,10;2119480,1000;2119480,10;25,9000;-4,609;0,000;-4,609;0,495;2,340;0,249;0,579;0,250;0,000;0,000;0,0000;0,00;;;;DEUR;N094000;T300;;099751      VONOVIA SE;27,30868538;27,30868538;26,05000000;26,05000000;25,90000000;81362,00000000;0,00000000;0,00000000;0,00000000;0,00000000;20251121
98;1I;08529;DE0005557508;DEUTSCHE TELEKOM - NOMINATIVE;EUR;NEUERMKT;094000;201;I;72679,000;0,000;0,000;0,000;31,7848;31,7848;2310088,5900;2310088,59;0,000000;27,6200;27,6200;2007393,9800;2007393,98;2007393,9800;2007393,98;27,0800;-13,103;0,000;-13,103;0,468;2,217;0,236;1,994;0,237;0,000;0,000;0,0000;0,00;;;;DEUR;N094000;T300;;099764      DEUTSCHE TELEKOM - NOMINATIVE;31,78481528;31,78481528;27,62000000;27,62000000;27,08000000;72679,00000000;0,00000000;0,00000000;0,00000000;0,00000000;20251121
98;1I;02206;DE0005200000;BEIERSDORF AG;EUR;NEUERMKT;094000;201;I;19479,000;0,000;0,000;0,000;123,4743;123,4743;2405156,2700;2405156,27;0,000000;89,2000;89,2000;1737526,8000;1737526,80;1737526,8000;1737526,80;87,7600;-27,758;0,000;-27,758;0,405;1,919;0,204;1,641;0,205;0,000;0,000;0,0000;0,00;;;;DEUR;N094000;T300;;099796      BEIERSDORF AG;123,47431952;123,47431952;89,20000000;89,20000000;87,76000000;19479,00000000;0,00000000;0,00000000;0,00000000;0,00000000;20251121
98;1I;17410;IT0004965148;MONCLER SPA;EUR;MILANO;086000;201;I;94118,000;0,000;0,000;0,000;54,9778;54,9778;5174404,0900;5174404,09;0,000000;56,2200;56,2200;5291313,9600;5291313,96;5291313,9600;5291313,96;56,5000;2,259;0,000;2,259;1,235;4,266;0,621;-0,496;0,625;0,000;0,000;0,0000;0,00;;;;DEUR;N111111;T300;;099379      MONCLER SPA;54,97783728;54,97783728;56,22000000;56,22000000;56,50000000;94118,00000000;0,00000000;0,00000000;0,00000000;0,00000000;20251121
98;1I;03566;IT0003497176;TELECOM ITALIA RNC.;EUR;MILANO;086000;204;I;9173477,000;0,000;0,000;0,000;0,2910;0,2910;2669569,2400;2669569,24;0,000000;0,5474;0,5474;5021561,3100;5021561,31;5021561,3100;5021561,31;0,5538;88,104;0,000;88,104;1,172;4,048;0,589;-1,156;0,593;0,000;0,000;0,0000;0,00;;;;DEUR;N111111;T300;;099411      TELECOM ITALIA RNC.;0,29100953;0,29100953;0,54740000;0,54740000;0,55380000;9173477,00000000;0,00000000;0,00000000;0,00000000;0,00000000;20251121
98;1I;03565;IT0003497168;TELECOM ITALIA SPA ORD.;EUR;MILANO;086000;201;I;8826947,000;0,000;0,000;0,000;0,2480;0,2480;2189377,3000;2189377,30;0,000000;0,4867;0,4867;4296075,1000;4296075,10;4296075,1000;4296075,10;0,4898;96,224;0,000;96,224;1,002;3,463;0,504;-0,633;0,507;0,000;0,000;0,0000;0,00;;;;DEUR;N111111;T300;;099496      TELECOM ITALIA SPA ORD.;0,24803335;0,24803335;0,48670000;0,48670000;0,48980000;8826947,00000000;0,00000000;0,00000000;0,00000000;0,00000000;20251121
98;1I;34530;IT0005366767;NEXI SPA;EUR;MILANO;086000;201;I;162778,000;0,000;0,000;0,000;5,3064;5,3064;863775,9200;863775,92;0,000000;3,7920;3,7920;617254,1800;617254,18;617254,1800;617254,18;3,7400;-28,540;0,000;-28,540;0,144;0,498;0,072;1,390;0,073;0,000;0,000;0,0000;0,00;;;;DEUR;N111111;T300;;099928      NEXI SPA;5,30646598;5,30646598;3,79200000;3,79200000;3,74000000;162778,00000000;0,00000000;0,00000000;0,00000000;0,00000000;20251121
98;1I;03436;IT0001250932;HERA SPA;EUR;MILANO;086000;201;I;142374,000;0,000;0,000;0,000;3,4411;3,4411;489936,7300;489936,73;0,000000;4,1180;4,1180;586296,1300;586296,13;586296,1300;586296,13;4,2080;19,668;0,000;19,668;0,137;0,473;0,069;-2,139;0,069;0,000;0,000;0,0000;0,00;;;;DEUR;N111111;T300;;099931      HERA SPA;3,44119523;3,44119523;4,11800000;4,11800000;4,20800000;142374,00000000;0,00000000;0,00000000;0,00000000;0,00000000;20251121
98;1I;07639;IT0004176001;PRYSMIAN SPA;EUR;MILANO;086000;201;I;5148,000;0,000;0,000;0,000;61,2302;61,2302;315213,4000;315213,40;0,000000;80,8000;80,8000;415958,4000;415958,40;415958,4000;415958,40;84,2800;31,961;0,000;31,961;0,097;0,335;0,049;-4,129;0,049;0,000;0,000;0,0000;0,00;;;;DEUR;N111111;T300;;099951      PRYSMIAN SPA;61,23026418;61,23026418;80,80000000;80,80000000;84,28000000;5148,00000000;0,00000000;0,00000000;0,00000000;0,00000000;20251121
98;1I;04321;IT0003242622;TERNA SPA;EUR;MILANO;086000;201;I;43851,000;0,000;0,000;0,000;7,6294;7,6294;334560,9900;334560,99;0,000000;9,1760;9,1760;402376,7800;402376,78;402376,7800;402376,78;9,1020;20,270;0,000;20,270;0,094;0,324;0,047;0,813;0,047;0,000;0,000;0,0000;0,00;;;;DEUR;N111111;T300;;099953      TERNA SPA;7,62949510;7,62949510;9,17600000;9,17600000;9,10200000;43851,00000000;0,00000000;0,00000000;0,00000000;0,00000000;20251121
98;1I;08573;IT0001233417;A2A SPA;EUR;MILANO;086000;201;I;154847,000;0,000;0,000;0,000;2,1345;2,1345;330522,4000;330522,40;0,000000;2,3570;2,3570;364974,3800;364974,38;364974,3800;364974,38;2,3970;10,423;0,000;10,423;0,085;0,294;0,043;-1,669;0,043;0,000;0,000;0,0000;0,00;;;;DEUR;N111111;T300;;099957      A2A SPA;2,13450954;2,13450954;2,35700000;2,35700000;2,39700000;154847,00000000;0,00000000;0,00000000;0,00000000;0,00000000;20251121
98;1I;08544;IT0001157020;ERG ORD.;EUR;MILANO;086000;201;I;12769,000;0,000;0,000;0,000;19,5071;19,5071;249086,6100;249086,61;0,000000;21,5600;21,5600;275299,6400;275299,64;275299,6400;275299,64;22,0200;10,524;0,000;10,524;0,064;0,222;0,032;-2,089;0,032;0,000;0,000;0,0000;0,00;;;;DEUR;N111111;T300;;099968      ERG ORD.;19,50713524;19,50713524;21,56000000;21,56000000;22,02000000;12769,00000000;0,00000000;0,00000000;0,00000000;0,00000000;20251121
98;1I;30238;IT0005278236;PIRELLI & C SPA;EUR;MILANO;086000;201;I;21893,000;0,000;0,000;0,000;5,4387;5,4387;119070,1400;119070,14;0,000000;5,9320;5,9320;129869,2800;129869,28;129869,2800;129869,28;5,9220;9,070;0,000;9,070;0,030;0,105;0,015;0,169;0,015;0,000;0,000;0,0000;0,00;;;;DEUR;N111111;T300;;099985      PIRELLI & C SPA;5,43873110;5,43873110;5,93200000;5,93200000;5,92200000;21893,00000000;0,00000000;0,00000000;0,00000000;0,00000000;20251121
98;1O;02360;CA9611485090;WESTON GEORGE LTD.;CAD;TORONTO;111111;201;O;34809,000;0,000;0,000;0,000;74,7618;50,0615;2602383,6930;1742592,05;1,493398;96,2800;59,2492;3351410,5200;2062406,47;3351410,5200;2062406,47;95,2300;28,782;8,812;18,353;52,205;0,518;0,242;1,103;0,243;0,000;0,000;0,0000;0,00;;;;DCAD;N013000;T300;;099758      WESTON GEORGE LTD.;74,76180565;50,06153724;96,28000000;59,24923076;95,23000000;34809,00000000;0,00000000;0,00000000;0,00000000;0,00000000;20251121
98;1O;03510;CA1363751027;CANADIAN NATIONAL RAILWAY CAD;CAD;TORONTO;111111;201;O;15346,000;0,000;0,000;0,000;145,5013;97,4602;2232863,4910;1495624,51;1,492931;131,1100;80,6830;2012014,0600;1238162,50;2012014,0600;1238162,50;129,8500;-9,891;8,846;-17,214;31,341;0,311;0,145;0,970;0,146;0,000;0,000;0,0000;0,00;;;;DCAD;N013000;T300;;099855      CANADIAN NATIONAL RAILWAY CAD;145,50133526;97,46021829;131,11000000;80,68307692;129,85000000;15346,00000000;0,00000000;0,00000000;0,00000000;0,00000000;20251121
98;1O;10636;DK0060079531;DSV A/S;DKK;COPENHAGEN;111111;201;O;14045,000;0,000;0,000;0,000;1461,3736;195,8455;20524992,7730;2750651,25;7,461867;1389,5000;186,0356;19515527,5000;2612870,20;19515527,5000;2612870,20;1388,0000;-4,918;0,096;-5,009;48,742;0,657;0,307;0,108;0,308;0,000;0,000;0,0000;0,00;;;;DDKK;N021000;T300;;099693      DSV A/S;1461,37363994;195,84558561;1389,50000000;186,03561387;1388,00000000;14045,00000000;0,00000000;0,00000000;0,00000000;0,00000000;20251121
98;1O;47417;DK0062498333;NOVO NORDISK A/S-B;DKK;COPENHAGEN;111111;201;O;59464,000;0,000;0,000;0,000;535,2876;71,7672;31830346,8000;4267565,97;7,458665;304,6500;40,7885;18115707,6000;2425452,89;18115707,6000;2425452,89;314,1500;-43,087;0,139;-43,165;45,245;0,610;0,285;-3,024;0,286;0,000;0,000;0,0000;0,00;;;;DDKK;N021000;T300;;099715      NOVO NORDISK A/S-B;535,28768330;71,76721999;304,65000000;40,78859285;314,15000000;59464,00000000;0,00000000;0,00000000;0,00000000;0,00000000;20251121
98;1O;44229;GB00BP92CJ43;TATE & LYLE PLC;GBP;LONDRA;111111;201;O;402874,000;0,000;0,000;0,000;5,5230;6,4794;2225098,7950;2610400,29;0,852398;3,7080;4,2174;1493856,7920;1699109,18;1493856,7920;1699109,18;3,6760;-32,863;3,144;-34,910;11,397;0,427;0,199;0,871;0,201;0,000;0,000;0,0000;0,00;;;;DGBP;N031000;T300;;099801      TATE & LYLE PLC;5,52306377;6,47944590;3,70800000;4,21747042;3,67600000;402874,00000000;0,00000000;0,00000000;0,00000000;0,00000000;20251121
98;1O;03729;GB0006825383;PERSIMMON PLC.;GBP;LONDRA;111111;201;O;103620,000;0,000;0,000;0,000;11,5789;13,9193;1199809,0700;1442321,69;0,831860;12,5850;14,3141;1304057,7000;1483232,14;1304057,7000;1483232,14;12,0150;8,689;5,691;2,836;9,949;0,373;0,174;4,744;0,175;0,000;0,000;0,0000;0,00;;;;DGBP;N031000;T300;;099826      PERSIMMON PLC.;11,57893331;13,91933690;12,58500000;14,31414922;12,01500000;103620,00000000;0,00000000;0,00000000;0,00000000;0,00000000;20251121
98;1O;34897;GB00BJFFLV09;CRODA INTL-ORD SHS;GBP;LONDRA;111111;201;O;34148,000;0,000;0,000;0,000;33,8500;40,9310;1155909,8000;1397714,39;0,827000;27,3500;31,1078;933947,8000;1062270,02;933947,8000;1062270,02;26,8500;-19,202;6,312;-23,999;7,126;0,267;0,125;1,862;0,125;0,000;0,000;0,0000;0,00;;;;DGBP;N031000;T300;;099875      CRODA INTL-ORD SHS;33,85000000;40,93107619;27,35000000;31,10782529;26,85000000;34148,00000000;0,00000000;0,00000000;0,00000000;0,00000000;20251121
98;1O;09739;GB00B2B0DG97;REED ELSEVIER PLC A;GBP;LONDRA;111111;201;O;21191,000;0,000;0,000;0,000;38,7697;45,9843;821569,2810;974453,33;0,843108;31,0500;35,3161;657980,5500;748385,52;657980,5500;748385,52;30,2800;-19,912;4,281;-23,199;5,020;0,188;0,088;2,543;0,088;0,000;0,000;0,0000;0,00;;;;DGBP;N031000;T300;;099912      REED ELSEVIER PLC A;38,76972681;45,98430135;31,05000000;35,31619654;30,28000000;21191,00000000;0,00000000;0,00000000;0,00000000;0,00000000;20251121
98;1O;01504;GB0007908733;SSE PLC;GBP;LONDRA;111111;201;O;19461,000;0,000;0,000;0,000;15,9969;19,1998;311317,0760;373647,56;0,833184;21,7600;24,7497;423471,3600;481655,32;423471,3600;481655,32;21,8600;36,026;5,523;28,906;3,231;0,121;0,057;-0,457;0,057;0,000;0,000;0,0000;0,00;;;;DGBP;N031000;T300;;099943      SSE PLC;15,99697220;19,19981295;21,76000000;24,74977252;21,86000000;19461,00000000;0,00000000;0,00000000;0,00000000;0,00000000;20251121
98;1O;12368;IE0001827041;CRH PLC.- LONDRA GBP;GBP;LONDRA;111111;201;O;55129,000;0,000;0,000;0,000;71,5186;85,1378;3942750,8730;4693563,45;0,840034;83,4000;94,8589;4597758,6000;5229479,75;4597758,6000;5229479,75;83,9800;16,613;4,662;11,418;35,079;1,314;0,614;-0,691;0,617;0,000;0,000;0,0000;0,00;;;;DGBP;N040000;T300;;099386      CRH PLC.- LONDRA GBP;71,51863580;85,13783036;83,40000000;94,85896269;83,98000000;55129,00000000;0,00000000;0,00000000;0,00000000;0,00000000;20251121
98;1O;46296;IE000S9YS762;LINDE PLC NEW - USD;USD;OTC;111111;201;O;17743,000;0,000;0,000;0,000;419,4898;403,8275;7443009,2400;7165112,47;1,038785;412,7400;358,8107;7323245,8200;6366379,05;7323245,8200;6366379,05;408,5100;-1,609;10,735;-11,148;2,265;1,600;0,747;1,035;0,751;0,000;0,000;0,0000;0,00;;;;DUSD;N040000;T300;;099253      LINDE PLC NEW - USD;419,48989686;403,82756411;412,74000000;358,81074502;408,51000000;17743,00000000;0,00000000;0,00000000;0,00000000;0,00000000;20251121
98;1O;37185;IE00BK9ZQ967;TRANE TECH PLC;USD;NEW YORK;111111;201;O;13191,000;0,000;0,000;0,000;367,5659;353,9844;4848563,0160;4669408,58;1,038368;410,1000;356,5156;5409629,1000;4702798,49;5409629,1000;4702798,49;400,0600;11,572;10,780;0,715;1,673;1,182;0,552;2,510;0,555;0,000;0,000;0,0000;0,00;;;;DUSD;N040000;T300;;099448      TRANE TECH PLC;367,56599317;353,98442726;410,10000000;356,51569155;400,06000000;13191,00000000;0,00000000;0,00000000;0,00000000;0,00000000;20251121
98;1O;19903;IE00BTN1Y115;MEDTRONIC PLC;USD;NEW YORK;111111;201;O;42345,000;0,000;0,000;0,000;79,8800;77,1340;3382518,6000;3266240,44;1,035600;101,2000;87,9770;4285314,0000;3725388,16;4285314,0000;3725388,16;99,3500;26,690;11,076;14,057;1,325;0,936;0,437;1,862;0,440;0,000;0,000;0,0000;0,00;;;;DUSD;N040000;T300;;099563      MEDTRONIC PLC;79,88000000;77,13402857;101,20000000;87,97704946;99,35000000;42345,00000000;0,00000000;0,00000000;0,00000000;0,00000000;20251121
98;1O;00158;NO0005052605;NORSK HYDRO;NOK;OSLO;111111;201;O;152482,000;0,000;0,000;0,000;69,6884;5,9692;10626226,6100;910208,29;11,674500;70,5400;5,9649;10756080,2800;909543,56;10756080,2800;909543,56;70,9200;1,222;1,296;-0,073;88,308;0,229;0,107;-0,536;0,107;0,000;0,000;0,0000;0,00;;;;DNOK;N048000;T300;;099893      NORSK HYDRO;69,68840000;5,96928352;70,54000000;5,96492414;70,92000000;152482,00000000;0,00000000;0,00000000;0,00000000;0,00000000;20251121
98;1O;11203;NL0009538784;NXP SEMICONDUCTORS NV;USD;OTC;111111;201;O;39847,000;0,000;0,000;0,000;208,8529;193,0980;8322162,7750;7694376,38;1,081590;191,3500;166,3479;7624723,4500;6628465,14;7624723,4500;6628465,14;184,1900;-8,381;6,353;-13,853;2,358;1,666;0,778;3,887;0,782;0,000;0,000;0,0000;0,00;;;;DUSD;N050000;T300;;099222      NXP SEMICONDUCTORS NV;208,85293183;193,09800938;191,35000000;166,34790924;184,19000000;39847,00000000;0,00000000;0,00000000;0,00000000;0,00000000;20251121
98;1O;11501;NL0009434992;LYONDELLBASELL INDUSTRIES A;USD;NEW YORK;111111;201;O;16735,000;0,000;0,000;0,000;73,4733;70,7836;1229576,1760;1184564,11;1,037999;44,8000;38,9463;749728,0000;651767,37;749728,0000;651767,37;42,5500;-39,025;10,819;-44,978;0,232;0,164;0,077;5,288;0,077;0,000;0,000;0,0000;0,00;;;;DUSD;N050000;T300;;099923      LYONDELLBASELL INDUSTRIES A;73,47332990;70,78363370;44,80000000;38,94636181;42,55000000;16735,00000000;0,00000000;0,00000000;0,00000000;0,00000000;20251121
98;1O;24521;NL0011585146;FERRARI NV - USD -;USD;NEW YORK;111111;201;O;1413,000;0,000;0,000;0,000;424,4020;408,6268;599680,1310;577389,70;1,038606;389,1900;338,3378;549925,4700;478071,35;549925,4700;478071,35;383,1500;-8,297;10,754;-17,201;0,170;0,120;0,056;1,576;0,056;0,000;0,000;0,0000;0,00;;;;DUSD;N050000;T300;;099944      FERRARI NV - USD -;424,40207431;408,62682236;389,19000000;338,33782491;383,15000000;1413,00000000;0,00000000;0,00000000;0,00000000;0,00000000;20251121
98;1O;44332;SE0017486889;ATLAS COPCO AB-A SHS;SEK;STOCCOLMA;111111;201;O;194034,000;0,000;0,000;0,000;159,6626;14,4822;30979990,1660;2810058,48;11,024678;152,8500;13,8645;29658096,9000;2690198,82;29658096,9000;2690198,82;153,0500;-4,267;-0,002;-4,265;41,500;0,676;0,316;-0,131;0,318;0,000;0,000;0,0000;0,00;;;;DSEK;N068000;T300;;099684      ATLAS COPCO AB-A SHS;159,66268883;14,48229939;152,85000000;13,86457435;153,05000000;194034,00000000;0,00000000;0,00000000;0,00000000;0,00000000;20251121
98;1O;00418;SE0000108227;S.K.F. AB CL.B;SEK;STOCCOLMA;111111;201;O;89654,000;0,000;0,000;0,000;251,4071;22,8432;22539652,2900;2047986,27;11,005763;238,1000;21,5973;21346617,4000;1936288,94;21346617,4000;1936288,94;237,9000;-5,293;0,170;-5,454;29,870;0,487;0,227;0,084;0,229;0,000;0,000;0,0000;0,00;;;;DSEK;N068000;T300;;099773      S.K.F. AB CL.B;251,40710163;22,84322250;238,10000000;21,59735135;237,90000000;89654,00000000;0,00000000;0,00000000;0,00000000;0,00000000;20251121
98;1O;23094;SE0007100581;ASSA ABLOY AB-B;SEK;STOCCOLMA;111111;201;O;42119,000;0,000;0,000;0,000;331,0961;30,1010;13945437,0600;1267824,64;10,999500;348,3000;31,5932;14670047,7000;1330676,92;14670047,7000;1330676,92;346,9000;5,196;0,227;4,957;20,527;0,334;0,156;0,404;0,157;0,000;0,000;0,0000;0,00;;;;DSEK;N068000;T300;;099844      ASSA ABLOY AB-B;331,09611006;30,10101474;348,30000000;31,59326953;346,90000000;42119,00000000;0,00000000;0,00000000;0,00000000;0,00000000;20251121
98;1O;00008;US0079031078;ADVANCED MICRO DEVICES INC.;USD;NEW YORK;111111;201;O;111923,000;0,000;0,000;0,000;131,0320;117,9269;14665501,3680;13198739,73;1,111129;203,7800;177,1537;22807668,9400;19827583,19;22807668,9400;19827583,19;206,0200;55,519;3,525;50,223;7,054;4,983;2,327;-1,087;2,340;0,000;0,000;0,0000;0,00;;;;DUSD;N069000;T300;;097673      ADVANCED MICRO DEVICES INC.;131,03206104;117,92696523;203,78000000;177,15378596;206,02000000;111923,00000000;0,00000000;0,00000000;0,00000000;0,00000000;20251121
98;1O;08768;US92826C8394;VISA INC CLASS A SHS;USD;NEW YORK;111111;201;O;66814,000;0,000;0,000;0,000;317,1434;304,5047;21189624,7710;20345180,48;1,041506;327,9800;285,1256;21913655,7200;19050383,13;21913655,7200;19050383,13;323,7700;3,417;10,446;-6,364;6,778;4,787;2,236;1,300;2,249;0,000;0,000;0,0000;0,00;;;;DUSD;N069000;T300;;097764      VISA INC CLASS A SHS;317,14348446;304,50475169;327,98000000;285,12561940;323,77000000;66814,00000000;0,00000000;0,00000000;0,00000000;0,00000000;20251121
98;1O;06606;US57636Q1040;MASTERCARD INC CL A;USD;NEW YORK;111111;201;O;38894,000;0,000;0,000;0,000;527,6689;505,9500;20523155,4560;19678421,89;1,042927;540,4000;469,7904;21018317,6000;18272031,30;21018317,6000;18272031,30;527,8800;2,413;10,295;-7,147;6,501;4,592;2,145;2,372;2,157;0,000;0,000;0,0000;0,00;;;;DUSD;N069000;T300;;097855      MASTERCARD INC CL A;527,66893238;505,95006659;540,40000000;469,79048943;527,88000000;38894,00000000;0,00000000;0,00000000;0,00000000;0,00000000;20251121
98;1O;00448;US68389X1054;ORACLE CORP.;USD;OTC;111111;201;O;79380,000;0,000;0,000;0,000;165,0911;159,0338;13104934,1070;12624109,21;1,038088;198,7600;172,7897;15777568,8000;13716046,94;15777568,8000;13716046,94;210,6900;20,394;10,809;8,650;4,880;3,447;1,610;-5,662;1,619;0,000;0,000;0,0000;0,00;;;;DUSD;N069000;T300;;098390      ORACLE CORP.;165,09113261;159,03387767;198,76000000;172,78970703;210,69000000;79380,00000000;0,00000000;0,00000000;0,00000000;0,00000000;20251121
98;1O;00095;US4370761029;HOME DEPOT INC.;USD;NEW YORK;111111;201;O;33860,000;0,000;0,000;0,000;387,2300;364,1491;13111609,8430;12330089,80;1,063383;343,3200;298,4612;11624815,2000;10105898,64;11624815,2000;10105898,64;332,3800;-11,340;8,174;-18,039;3,595;2,540;1,186;3,291;1,193;0,000;0,000;0,0000;0,00;;;;DUSD;N069000;T300;;098814      HOME DEPOT INC.;387,23006033;364,14913762;343,32000000;298,46127097;332,38000000;33860,00000000;0,00000000;0,00000000;0,00000000;0,00000000;20251121
98;1O;14741;US00287Y1091;ABBVIE INC;USD;NEW YORK;111111;201;O;44899,000;0,000;0,000;0,000;177,7000;171,5913;7978552,3000;7704279,94;1,035600;236,2800;205,4072;10608735,7200;9222581,69;10608735,7200;9222581,69;229,4500;32,966;11,076;19,707;3,281;2,318;1,083;2,977;1,089;0,000;0,000;0,0000;0,00;;;;DUSD;N069000;T300;;098917      ABBVIE INC;177,70000000;171,59134813;236,28000000;205,40728505;229,45000000;44899,00000000;0,00000000;0,00000000;0,00000000;0,00000000;20251121
98;1O;10451;US58933Y1055;MERCK E CO INC;USD;NEW YORK;111111;201;O;105253,000;0,000;0,000;0,000;98,6802;94,7779;10386389,5400;9975665,35;1,041173;97,7600;84,9865;10289533,2800;8945086,74;10289533,2800;8945086,74;94,9700;-0,933;10,481;-10,331;3,182;2,248;1,050;2,938;1,056;0,000;0,000;0,0000;0,00;;;;DUSD;N069000;T300;;098950      MERCK E CO INC;98,68022327;94,77796689;97,76000000;84,98652525;94,97000000;105253,00000000;0,00000000;0,00000000;0,00000000;0,00000000;20251121
98;1O;00263;US17275R1023;CISCO SYSTEM INC.;USD;OTC;111111;201;O;114307,000;0,000;0,000;0,000;59,0631;56,8723;6751335,1330;6500906,58;1,038522;76,1000;66,1566;8698762,7000;7562168,74;8698762,7000;7562168,74;75,4400;28,845;10,763;16,325;2,690;1,900;0,888;0,875;0,893;0,000;0,000;0,0000;0,00;;;;DUSD;N069000;T300;;099112      CISCO SYSTEM INC.;59,06318189;56,87234010;76,10000000;66,15665478;75,44000000;114307,00000000;0,00000000;0,00000000;0,00000000;0,00000000;20251121
98;1O;19097;US8725901040;T-MOBILE US INC;USD;OTC;111111;201;O;39327,000;0,000;0,000;0,000;222,0812;213,7371;8733787,8490;8405641,59;1,039039;209,4800;182,1090;8238219,9600;7161801,23;8238219,9600;7161801,23;210,5100;-5,674;10,708;-14,798;2,548;1,800;0,841;-0,489;0,845;0,000;0,000;0,0000;0,00;;;;DUSD;N069000;T300;;099159      T-MOBILE US INC;222,08121262;213,73716759;209,48000000;182,10901503;210,51000000;39327,00000000;0,00000000;0,00000000;0,00000000;0,00000000;20251121
98;1O;00174;US7427181091;PROCTER & GAMBLE CO.;USD;NEW YORK;111111;201;O;54140,000;0,000;0,000;0,000;164,8386;156,7919;8924366,0520;8488715,02;1,051321;150,9200;131,2005;8170808,8000;7103198,12;8170808,8000;7103198,12;148,1900;-8,444;9,415;-16,322;2,527;1,785;0,834;1,842;0,838;0,000;0,000;0,0000;0,00;;;;DUSD;N069000;T300;;099166      PROCTER & GAMBLE CO.;164,83867846;156,79192870;150,92000000;131,20055637;148,19000000;54140,00000000;0,00000000;0,00000000;0,00000000;0,00000000;20251121
98;1O;04319;US79466L3024;SALESFORCE COM INC.;USD;NEW YORK;111111;201;O;32309,000;0,000;0,000;0,000;330,6022;318,5079;10681428,9080;10290673,12;1,037972;227,1100;197,4354;7337696,9900;6378942,01;7337696,9900;6378942,01;225,3700;-31,304;10,822;-38,012;2,269;1,603;0,749;0,772;0,753;0,000;0,000;0,0000;0,00;;;;DUSD;N069000;T300;;099251      SALESFORCE COM INC.;330,60227515;318,50794267;227,11000000;197,43545162;225,37000000;32309,00000000;0,00000000;0,00000000;0,00000000;0,00000000;20251121
98;1O;01458;US92343V1044;VERIZON COMMUNICATION;USD;NEW YORK;111111;201;O;166982,000;0,000;0,000;0,000;40,0429;36,7310;6686445,2150;6133429,50;1,090164;41,2300;35,8428;6884667,8600;5985106,37;6884667,8600;5985106,37;40,7600;2,965;5,516;-2,418;2,129;1,504;0,703;1,153;0,706;0,000;0,000;0,0000;0,00;;;;DUSD;N069000;T300;;099297      VERIZON COMMUNICATION;40,04291010;36,73108179;41,23000000;35,84282361;40,76000000;166982,00000000;0,00000000;0,00000000;0,00000000;0,00000000;20251121
98;1O;00060;US2358511028;DANAHER CORP.;USD;NEW YORK;111111;201;O;28858,000;0,000;0,000;0,000;229,5500;221,6589;6624353,9000;6396633,74;1,035600;227,3900;197,6788;6562020,6200;5704616,73;6562020,6200;5704616,73;222,1800;-0,941;11,076;-10,818;2,030;1,434;0,670;2,345;0,673;0,000;0,000;0,0000;0,00;;;;DUSD;N069000;T300;;099330      DANAHER CORP.;229,55000000;221,65894171;227,39000000;197,67886638;222,18000000;28858,00000000;0,00000000;0,00000000;0,00000000;0,00000000;20251121
98;1O;00432;US0326541051;ANALOG DEVICES;USD;OTC;111111;201;O;27270,000;0,000;0,000;0,000;211,2112;203,4198;5759730,8430;5547258,79;1,038302;232,3200;201,9647;6335366,4000;5507577,50;6335366,4000;5507577,50;225,2000;9,994;10,787;-0,715;1,959;1,384;0,646;3,162;0,650;0,000;0,000;0,0000;0,00;;;;DUSD;N069000;T300;;099354      ANALOG DEVICES;211,21125203;203,41983095;232,32000000;201,96470485;225,20000000;27270,00000000;0,00000000;0,00000000;0,00000000;0,00000000;20251121
98;1O;25523;US78409V1044;S&P GLOBAL-ORD SHS;USD;NEW YORK;111111;201;O;12722,000;0,000;0,000;0,000;496,0536;477,7015;6310795,0600;6077318,54;1,038418;493,6000;429,1054;6279579,2000;5459079,54;6279579,2000;5459079,54;490,9100;-0,495;10,774;-10,173;1,942;1,372;0,641;0,548;0,644;0,000;0,000;0,0000;0,00;;;;DUSD;N069000;T300;;099359      S&P GLOBAL-ORD SHS;496,05369124;477,70150448;493,60000000;429,10545075;490,91000000;12722,00000000;0,00000000;0,00000000;0,00000000;0,00000000;20251121
98;1O;01205;US9113121068;UNITED PARCEL SERVICE CL.B;USD;NEW YORK;111111;201;O;62804,000;0,000;0,000;0,000;124,6721;120,1125;7829909,2990;7543547,95;1,037961;94,6600;82,2915;5945026,6400;5168240,15;5945026,6400;5168240,15;90,8700;-24,073;10,823;-31,488;1,839;1,299;0,607;4,171;0,610;0,000;0,000;0,0000;0,00;;;;DUSD;N069000;T300;;099393      UNITED PARCEL SERVICE CL.B;124,67214347;120,11253980;94,66000000;82,29157611;90,87000000;62804,00000000;0,00000000;0,00000000;0,00000000;0,00000000;20251121
98;1O;01191;US4612021034;INTUIT INC.;USD;OTC;111111;201;O;8467,000;0,000;0,000;0,000;625,9698;602,8115;5300086,3230;5104005,60;1,038417;663,1500;576,5017;5614891,0500;4881240,59;5614891,0500;4881240,59;637,4400;5,940;10,774;-4,365;1,737;1,227;0,573;4,033;0,576;0,000;0,000;0,0000;0,00;;;;DUSD;N069000;T300;;099427      INTUIT INC.;625,96980311;602,81157434;663,15000000;576,50178214;637,44000000;8467,00000000;0,00000000;0,00000000;0,00000000;0,00000000;20251121
98;1O;60431;US5128073062;LAM RESEARCH CORP;USD;OTC;111111;201;O;37694,000;0,000;0,000;0,000;72,2300;69,7470;2722637,6200;2629043,66;1,035600;142,6500;124,0111;5377049,1000;4674475,44;5377049,1000;4674475,44;139,5900;97,494;11,076;77,801;1,663;1,175;0,549;2,192;0,552;0,000;0,000;0,0000;0,00;;;;DUSD;N069000;T300;;099451      LAM RESEARCH CORP;72,23000000;69,74700642;142,65000000;124,01112753;139,59000000;37694,00000000;0,00000000;0,00000000;0,00000000;0,00000000;20251121
98;1O;00061;US2441991054;DEERE & CO.;USD;NEW YORK;111111;201;O;10811,000;0,000;0,000;0,000;424,3066;408,4780;4587178,7380;4416056,15;1,038750;487,2400;423,5764;5267551,6400;4579285,09;5267551,6400;4579285,09;476,3300;14,832;10,739;3,696;1,629;1,151;0,538;2,290;0,540;0,000;0,000;0,0000;0,00;;;;DUSD;N069000;T300;;099462      DEERE & CO.;424,30660789;408,47804550;487,24000000;423,57645831;476,33000000;10811,00000000;0,00000000;0,00000000;0,00000000;0,00000000;20251121
98;1O;00333;US91324P1021;UNITEDHEALTH GROUP INC.;USD;NEW YORK;111111;201;O;15507,000;0,000;0,000;0,000;417,0886;381,3355;6467793,7170;5913370,90;1,093757;319,9700;278,1622;4961774,7900;4313461,52;4961774,7900;4313461,52;311,5400;-23,285;5,170;-27,056;1,535;1,084;0,506;2,706;0,509;0,000;0,000;0,0000;0,00;;;;DUSD;N069000;T300;;099494      UNITEDHEALTH GROUP INC.;417,08865138;381,33558393;319,97000000;278,16221855;311,54000000;15507,00000000;0,00000000;0,00000000;0,00000000;0,00000000;20251121
98;1O;00103;US4581401001;INTEL CORP.;USD;OTC;111111;201;O;139589,000;0,000;0,000;0,000;20,0508;19,3044;2798881,1010;2694685,27;1,038667;34,5000;29,9921;4815820,5000;4186577,85;4815820,5000;4186577,85;33,6200;72,062;10,748;55,364;1,489;1,052;0,491;2,617;0,494;0,000;0,000;0,0000;0,00;;;;DUSD;N069000;T300;;099509      INTEL CORP.;20,05087149;19,30442420;34,50000000;29,99217595;33,62000000;139589,00000000;0,00000000;0,00000000;0,00000000;0,00000000;20251121
98;1O;17264;US81762P1021;SERVICENOW INC;USD;NEW YORK;111111;201;O;5812,000;0,000;0,000;0,000;1008,0030;923,3874;5858513,9280;5366728,07;1,091636;813,4300;707,1459;4727655,1600;4109932,33;4727655,1600;4109932,33;800,4600;-19,303;5,374;-23,418;1,462;1,033;0,482;1,620;0,485;0,000;0,000;0,0000;0,00;;;;DUSD;N069000;T300;;099518      SERVICENOW INC;1008,00308465;923,38748623;813,43000000;707,14596192;800,46000000;5812,00000000;0,00000000;0,00000000;0,00000000;0,00000000;20251121
98;1O;00529;US2600031080;DOVER CORP.;USD;NEW YORK;111111;201;O;25273,000;0,000;0,000;0,000;186,2826;179,4234;4707921,2890;4534568,00;1,038229;183,5800;159,5931;4639617,3400;4033397,67;4639617,3400;4033397,67;178,0300;-1,451;10,794;-11,052;1,435;1,014;0,473;3,117;0,476;0,000;0,000;0,0000;0,00;;;;DUSD;N069000;T300;;099527      DOVER CORP.;186,28264507;179,42341629;183,58000000;159,59314961;178,03000000;25273,00000000;0,00000000;0,00000000;0,00000000;0,00000000;20251121
98;1O;00222;US8825081040;TEXAS INSTRUMENTS INC.;USD;OTC;111111;201;O;28874,000;0,000;0,000;0,000;186,4106;176,9556;5382421,8270;5109416,11;1,053432;159,4000;138,5725;4602515,6000;4001143,70;4602515,6000;4001143,70;153,3300;-14,490;9,195;-21,691;1,424;1,005;0,470;3,959;0,472;0,000;0,000;0,0000;0,00;;;;DUSD;N069000;T300;;099530      TEXAS INSTRUMENTS INC.;186,41067489;176,95560400;159,40000000;138,57254629;153,33000000;28874,00000000;0,00000000;0,00000000;0,00000000;0,00000000;20251121
98;1O;00069;US2910111044;EMERSON ELECTRIC CO.;USD;NEW YORK;111111;201;O;34226,000;0,000;0,000;0,000;124,0657;119,3735;4246273,9900;4085678,02;1,039307;128,2200;111,4665;4388457,7200;3815054,96;4388457,7200;3815054,96;123,7200;3,348;10,680;-6,624;1,357;0,959;0,448;3,637;0,450;0,000;0,000;0,0000;0,00;;;;DUSD;N069000;T300;;099552      EMERSON ELECTRIC CO.;124,06573920;119,37351779;128,22000000;111,46657393;123,72000000;34226,00000000;0,00000000;0,00000000;0,00000000;0,00000000;20251121
98;1O;00261;US5486611073;LOWE'S COMPANIES INC.;USD;NEW YORK;111111;201;O;18388,000;0,000;0,000;0,000;243,1748;231,4429;4471499,5290;4255772,11;1,050691;234,2900;203,6773;4308124,5200;3745218,22;4308124,5200;3745218,22;228,4300;-3,654;9,480;-11,997;1,332;0,941;0,440;2,565;0,442;0,000;0,000;0,0000;0,00;;;;DUSD;N069000;T300;;099560      LOWE'S COMPANIES INC.;243,17487105;231,44290352;234,29000000;203,67730157;228,43000000;18388,00000000;0,00000000;0,00000000;0,00000000;0,00000000;20251121
98;1O;00492;US9078181081;UNION PACIFIC CORP.;USD;NEW YORK;111111;201;O;18900,000;0,000;0,000;0,000;232,6575;223,7800;4397228,0190;4229443,12;1,039671;226,2200;196,6617;4275558,0000;3716906,89;4275558,0000;3716906,89;221,2100;-2,767;10,641;-12,118;1,322;0,934;0,436;2,265;0,439;0,000;0,000;0,0000;0,00;;;;DUSD;N069000;T300;;099564      UNION PACIFIC CORP.;232,65756714;223,78005925;226,22000000;196,66174041;221,21000000;18900,00000000;0,00000000;0,00000000;0,00000000;0,00000000;20251121
98;1O;00035;US1011371077;BOSTON SCIENTIFIC CORP.;USD;NEW YORK;111111;201;O;43147,000;0,000;0,000;0,000;89,3200;86,2495;3853890,0400;3721407,91;1,035600;96,8800;84,2215;4180081,3600;3633905,38;4180081,3600;3633905,38;96,6000;8,464;11,076;-2,351;1,293;0,913;0,427;0,290;0,429;0,000;0,000;0,0000;0,00;;;;DUSD;N069000;T300;;099573      BOSTON SCIENTIFIC CORP.;89,32000000;86,24951700;96,88000000;84,22150743;96,60000000;43147,00000000;0,00000000;0,00000000;0,00000000;0,00000000;20251121
98;1O;37454;US14448C1045;CARRIER GLOBAL CORP;USD;NEW YORK;111111;201;O;75751,000;0,000;0,000;0,000;67,6905;64,4945;5127630,2060;4885524,62;1,049556;52,4100;45,5620;3970109,9100;3451369,13;3970109,9100;3451369,13;50,3600;-22,574;9,599;-29,355;1,228;0,867;0,405;4,071;0,407;0,000;0,000;0,0000;0,00;;;;DUSD;N069000;T300;;099595      CARRIER GLOBAL CORP;67,69059426;64,49452310;52,41000000;45,56202729;50,36000000;75751,00000000;0,00000000;0,00000000;0,00000000;0,00000000;20251121
98;1O;12344;US98419M1009;XYLEM INC;USD;NEW YORK;111111;201;O;28085,000;0,000;0,000;0,000;117,7241;107,8644;3306281,5900;3029374,39;1,091407;140,3900;122,0464;3942853,1500;3427673,78;3942853,1500;3427673,78;138,0400;19,253;5,396;13,148;1,219;0,861;0,402;1,702;0,405;0,000;0,000;0,0000;0,00;;;;DUSD;N069000;T300;;099598      XYLEM INC;117,72410859;107,86449670;140,39000000;122,04642267;138,04000000;28085,00000000;0,00000000;0,00000000;0,00000000;0,00000000;20251121
98;1O;19426;US6974351057;PALO ALTO NETWORKS INC;USD;NEW YORK;111111;201;O;21417,000;0,000;0,000;0,000;181,1765;174,4767;3880259,0220;3736767,53;1,038400;182,9000;159,0019;3917169,3000;3405345,82;3917169,3000;3405345,82;185,0700;0,951;10,776;-8,869;1,212;0,856;0,400;-1,173;0,402;0,000;0,000;0,0000;0,00;;;;DUSD;N069000;T300;;099600      PALO ALTO NETWORKS INC;181,17658971;174,47670215;182,90000000;159,00199947;185,07000000;21417,00000000;0,00000000;0,00000000;0,00000000;0,00000000;20251121
98;1O;60781;US0404132054;ARISTA NETWORKS INC;USD;NEW YORK;111111;201;O;32952,000;0,000;0,000;0,000;110,5300;106,7303;3642184,5600;3516980,08;1,035600;117,4300;102,0864;3869553,3600;3363951,46;3869553,3600;3363951,46;119,5900;6,243;11,076;-4,351;1,197;0,845;0,395;-1,806;0,397;0,000;0,000;0,0000;0,00;;;;DUSD;N069000;T300;;099605      ARISTA NETWORKS INC;110,53000000;106,73039815;117,43000000;102,08641224;119,59000000;32952,00000000;0,00000000;0,00000000;0,00000000;0,00000000;20251121
98;1O;08147;US55354G1004;MSCI INC CLASS A;USD;NEW YORK;111111;201;O;6317,000;0,000;0,000;0,000;596,7137;574,6888;3769440,8670;3630309,48;1,038325;561,9900;488,5595;3550090,8300;3086230,40;3550090,8300;3086230,40;560,0800;-5,819;10,784;-14,987;1,098;0,776;0,362;0,341;0,364;0,000;0,000;0,0000;0,00;;;;DUSD;N069000;T300;;099638      MSCI INC CLASS A;596,71376713;574,68885230;561,99000000;488,55950621;560,08000000;6317,00000000;0,00000000;0,00000000;0,00000000;0,00000000;20251121
98;1O;11964;US74340W1036;PROLOGIS INC;USD;NEW YORK;111111;201;O;27344,000;0,000;0,000;0,000;105,1608;101,2769;2875517,2850;2769317,08;1,038349;125,7900;109,3540;3439601,7600;2990178,01;3439601,7600;2990178,01;123,1200;19,617;10,782;7,975;1,064;0,751;0,351;2,169;0,353;0,000;0,000;0,0000;0,00;;;;DUSD;N069000;T300;;099649      PROLOGIS INC;105,16081352;101,27695582;125,79000000;109,35408154;123,12000000;27344,00000000;0,00000000;0,00000000;0,00000000;0,00000000;20251121
98;1O;02043;US00724F1012;ADOBE SYSTEM INC.;USD;OTC;111111;201;O;10165,000;0,000;0,000;0,000;363,2564;308,5504;3692502,3200;3136415,80;1,177300;324,1900;281,8308;3295391,3500;2864810,35;3295391,3500;2864810,35;312,4000;-10,755;-2,293;-8,660;1,019;0,720;0,336;3,774;0,338;0,000;0,000;0,0000;0,00;;;;DUSD;N069000;T300;;099664      ADOBE SYSTEM INC.;363,25649975;308,55049680;324,19000000;281,83082674;312,40000000;10165,00000000;0,00000000;0,00000000;0,00000000;0,00000000;20251121
98;1O;00017;US0311621009;AMGEN INC;USD;OTC;111111;201;O;9712,000;0,000;0,000;0,000;260,6400;251,6801;2531335,6800;2444317,96;1,035600;337,5400;293,4364;3278188,4800;2849855,24;3278188,4800;2849855,24;336,0700;29,504;11,076;16,591;1,014;0,716;0,335;0,437;0,336;0,000;0,000;0,0000;0,00;;;;DUSD;N069000;T300;;099665      AMGEN INC;260,64000000;251,68018533;337,54000000;293,43649482;336,07000000;9712,00000000;0,00000000;0,00000000;0,00000000;0,00000000;20251121
98;1O;03026;US20030N1019;COMCAST CORP. CLA;USD;OTC;111111;201;O;119771,000;0,000;0,000;0,000;37,3658;35,9842;4475340,6520;4309867,07;1,038394;27,3500;23,7764;3275736,8500;2847723,94;3275736,8500;2847723,94;26,6300;-26,805;10,777;-33,925;1,013;0,716;0,334;2,704;0,336;0,000;0,000;0,0000;0,00;;;;DUSD;N069000;T300;;099666      COMCAST CORP. CLA;37,36581185;35,98422882;27,35000000;23,77640615;26,63000000;119771,00000000;0,00000000;0,00000000;0,00000000;0,00000000;20251121
98;1O;16468;US98978V1035;ZOETIS INC;USD;NEW YORK;111111;201;O;25693,000;0,000;0,000;0,000;162,9300;157,3290;4186160,4900;4042256,17;1,035600;122,0600;106,1114;3136087,5800;2726321,46;3136087,5800;2726321,46;115,8900;-25,084;11,076;-32,554;0,970;0,685;0,320;5,324;0,322;0,000;0,000;0,0000;0,00;;;;DUSD;N069000;T300;;099680      ZOETIS INC;162,93000000;157,32908457;122,06000000;106,11144918;115,89000000;25693,00000000;0,00000000;0,00000000;0,00000000;0,00000000;20251121
98;1O;00567;US2788651006;ECOLAB INC.;USD;NEW YORK;111111;201;O;11585,000;0,000;0,000;0,000;234,2317;225,5173;2713575,0990;2612618,31;1,038642;267,0700;232,1742;3094005,9500;2689738,29;3094005,9500;2689738,29;261,7400;14,020;10,750;2,952;0,957;0,676;0,316;2,036;0,317;0,000;0,000;0,0000;0,00;;;;DUSD;N069000;T300;;099684      ECOLAB INC.;234,23177375;225,51733362;267,07000000;232,17421542;261,74000000;11585,00000000;0,00000000;0,00000000;0,00000000;0,00000000;20251121
98;1O;00180;US7739031091;ROCKWELL AUTOMATION INC.;USD;NEW YORK;111111;201;O;6738,000;0,000;0,000;0,000;283,2633;272,8625;1908628,4130;1838548,00;1,038117;378,7300;329,2445;2551882,7400;2218449,74;2551882,7400;2218449,74;368,7000;33,702;10,806;20,663;0,789;0,557;0,260;2,720;0,262;0,000;0,000;0,0000;0,00;;;;DUSD;N069000;T300;;099740      ROCKWELL AUTOMATION INC.;283,26334416;272,86257049;378,73000000;329,24454490;368,70000000;6738,00000000;0,00000000;0,00000000;0,00000000;0,00000000;20251121
98;1O;10012;US1713401024;CHURCH AND DWIGHT CO INC;USD;NEW YORK;111111;201;O;30034,000;0,000;0,000;0,000;104,5675;100,6830;3140580,5900;3023915,44;1,038581;84,0200;73,0418;2523456,6800;2193737,88;2523456,6800;2193737,88;83,3400;-19,650;10,757;-27,454;0,780;0,551;0,258;0,816;0,259;0,000;0,000;0,0000;0,00;;;;DUSD;N069000;T300;;099742      CHURCH AND DWIGHT CO INC;104,56750982;100,68307385;84,02000000;73,04181517;83,34000000;30034,00000000;0,00000000;0,00000000;0,00000000;0,00000000;20251121
98;1O;03191;US3755581036;GILEAD SCIENCES INC.;USD;OTC;111111;201;O;19910,000;0,000;0,000;0,000;105,2311;93,3027;2095151,4820;1857657,09;1,127846;126,6400;110,0930;2521402,4000;2191952,01;2521402,4000;2191952,01;124,9900;20,345;1,991;17,996;0,780;0,551;0,257;1,320;0,259;0,000;0,000;0,0000;0,00;;;;DUSD;N069000;T300;;099743      GILEAD SCIENCES INC.;105,23111411;93,30271672;126,64000000;110,09301921;124,99000000;19910,00000000;0,00000000;0,00000000;0,00000000;0,00000000;20251121
98;1O;04564;US5797802064;MCCORMICK & CO NON VTG;USD;NEW YORK;111111;201;O;35564,000;0,000;0,000;0,000;70,2512;61,8779;2498414,9510;2200627,74;1,135319;68,1600;59,2541;2424042,2400;2107313,08;2424042,2400;2107313,08;67,4800;-2,977;1,320;-4,240;0,750;0,530;0,247;1,008;0,249;0,000;0,000;0,0000;0,00;;;;DUSD;N069000;T300;;099753      MCCORMICK & CO NON VTG;70,25123582;61,87795917;68,16000000;59,25410762;67,48000000;35564,00000000;0,00000000;0,00000000;0,00000000;0,00000000;20251121
98;1O;04293;US12504L1098;CB RICHARD ELLIS GROUP INC. -CL A;USD;NEW YORK;111111;201;O;15248,000;0,000;0,000;0,000;125,6482;117,5385;1915884,9130;1792228,20;1,068996;156,7900;136,3035;2390733,9200;2078356,88;2390733,9200;2078356,88;151,5800;24,785;7,606;15,965;0,739;0,522;0,244;3,437;0,245;0,000;0,000;0,0000;0,00;;;;DUSD;N069000;T300;;099756      CB RICHARD ELLIS GROUP INC. -CL A;125,64827603;117,53857555;156,79000000;136,30357298;151,58000000;15248,00000000;0,00000000;0,00000000;0,00000000;0,00000000;20251121
98;1O;05346;US1924461023;COGNIZANT TECH SOLUTIONS A;USD;OTC;111111;201;O;30300,000;0,000;0,000;0,000;76,6011;73,7666;2321013,4730;2235129,97;1,038424;75,9800;66,0523;2302194,0000;2001385,73;2302194,0000;2001385,73;72,3500;-0,811;10,774;-10,458;0,712;0,503;0,235;5,017;0,236;0,000;0,000;0,0000;0,00;;;;DUSD;N069000;T300;;099765      COGNIZANT TECH SOLUTIONS A;76,60110471;73,76666567;75,98000000;66,05233417;72,35000000;30300,00000000;0,00000000;0,00000000;0,00000000;0,00000000;20251121
98;1O;03963;US1273871087;CADENCE DESIGN SYS INC.;USD;OTC;111111;201;O;7113,000;0,000;0,000;0,000;372,5422;316,4377;2649892,6700;2250821,94;1,177300;300,5800;261,3057;2138025,5400;1858667,77;2138025,5400;1858667,77;302,1400;-19,317;-2,293;-17,423;0,661;0,467;0,218;-0,516;0,219;0,000;0,000;0,0000;0,00;;;;DUSD;N069000;T300;;099782      CADENCE DESIGN SYS INC.;372,54220019;316,43778152;300,58000000;261,30574632;302,14000000;7113,00000000;0,00000000;0,00000000;0,00000000;0,00000000;20251121
98;1O;00548;US3848021040;GRAINGER(W.W.);USD;NEW YORK;111111;201;O;2225,000;0,000;0,000;0,000;1049,1555;1010,3691;2334371,0770;2248071,37;1,038388;952,1500;827,7405;2118533,7500;1841722,81;2118533,7500;1841722,81;925,1500;-9,246;10,777;-18,075;0,655;0,463;0,216;2,918;0,217;0,000;0,000;0,0000;0,00;;;;DUSD;N069000;T300;;099784      GRAINGER(W.W.);1049,15554022;1010,36915505;952,15000000;827,74058941;925,15000000;2225,00000000;0,00000000;0,00000000;0,00000000;0,00000000;20251121
98;1O;19892;US29444U7000;EQUINIX INC;USD;OTC;111111;201;O;2795,000;0,000;0,000;0,000;934,8272;900,4866;2612842,0240;2516860,17;1,038136;754,6800;656,0723;2109330,6000;1833722,16;2109330,6000;1833722,16;752,8100;-19,271;10,804;-27,142;0,652;0,461;0,215;0,248;0,216;0,000;0,000;0,0000;0,00;;;;DUSD;N069000;T300;;099785      EQUINIX INC;934,82720000;900,48664400;754,68000000;656,07232895;752,81000000;2795,00000000;0,00000000;0,00000000;0,00000000;0,00000000;20251121
98;1O;00530;US0758871091;BECTON DICKINSON;USD;NEW YORK;111111;201;O;10895,000;0,000;0,000;0,000;226,8700;219,0710;2471748,6500;2386779,31;1,035600;192,7200;167,5389;2099684,4000;1825336,35;2099684,4000;1825336,35;189,5800;-15,053;11,076;-23,523;0,649;0,459;0,214;1,656;0,215;0,000;0,000;0,0000;0,00;;;;DUSD;N069000;T300;;099786      BECTON DICKINSON;226,87000000;219,07107021;192,72000000;167,53890289;189,58000000;10895,00000000;0,00000000;0,00000000;0,00000000;0,00000000;20251121
98;1O;12297;US7512121010;POLO RALPH LAUREN CORP. NEW;USD;NEW YORK;111111;201;O;6000,000;0,000;0,000;0,000;340,1999;293,3769;2041199,4000;1760261,64;1,159600;339,8800;295,4707;2039280,0000;1772824,48;2039280,0000;1772824,48;326,9600;-0,094;-0,802;0,714;0,631;0,446;0,208;3,952;0,209;0,000;0,000;0,0000;0,00;;;;DUSD;N069000;T300;;099792      POLO RALPH LAUREN CORP. NEW;340,19990000;293,37694000;339,88000000;295,47074676;326,96000000;6000,00000000;0,00000000;0,00000000;0,00000000;0,00000000;20251121
98;1O;05856;US75886F1075;REGENERON PHARMACEUTICALS;USD;OTC;111111;201;O;2646,000;0,000;0,000;0,000;597,1370;507,2088;1580024,5500;1342074,71;1,177300;755,9000;657,1329;2000111,4000;1738773,71;2000111,4000;1738773,71;737,0000;26,587;-2,293;29,559;0,619;0,437;0,204;2,564;0,205;0,000;0,000;0,0000;0,00;;;;DUSD;N069000;T300;;099796      REGENERON PHARMACEUTICALS;597,13701814;507,20888511;755,90000000;657,13292184;737,00000000;2646,00000000;0,00000000;0,00000000;0,00000000;0,00000000;20251121
98;1O;23399;US70450Y1038;PAYPAL HOLDINGS INC-W/I;USD;OTC;111111;201;O;32207,000;0,000;0,000;0,000;84,1782;81,1114;2711128,1060;2612355,94;1,037810;60,5700;52,6558;1950777,9900;1695886,28;1950777,9900;1695886,28;58,1050;-28,046;10,839;-35,082;0,603;0,426;0,199;4,242;0,200;0,000;0,000;0,0000;0,00;;;;DUSD;N069000;T300;;099801      PAYPAL HOLDINGS INC-W/I;84,17822541;81,11143353;60,57000000;52,65582891;58,10500000;32207,00000000;0,00000000;0,00000000;0,00000000;0,00000000;20251121
98;1O;18083;US9113631090;UNITED RENTALS INC;USD;NEW YORK;111111;201;O;2390,000;0,000;0,000;0,000;698,5566;672,8848;1669550,4680;1608194,77;1,038152;800,0000;695,4707;1912000,0000;1662175,08;1912000,0000;1662175,08;770,0000;14,522;10,803;3,357;0,591;0,418;0,195;3,896;0,196;0,000;0,000;0,0000;0,00;;;;DUSD;N069000;T300;;099805      UNITED RENTALS INC;698,55668117;672,88484100;800,00000000;695,47074676;770,00000000;2390,00000000;0,00000000;0,00000000;0,00000000;0,00000000;20251121
98;1O;00053;US1941621039;COLGATE PALMOLIVE CO.;USD;NEW YORK;111111;201;O;23033,000;0,000;0,000;0,000;81,0238;72,1436;1866222,6480;1661685,69;1,123090;80,9300;70,3555;1864060,6900;1620499,60;1864060,6900;1620499,60;78,8600;-0,116;2,423;-2,479;0,577;0,407;0,190;2,625;0,191;0,000;0,000;0,0000;0,00;;;;DUSD;N069000;T300;;099810      COLGATE PALMOLIVE CO.;81,02386350;72,14369339;80,93000000;70,35555941;78,86000000;23033,00000000;0,00000000;0,00000000;0,00000000;0,00000000;20251121
98;1O;00575;US0527691069;AUTODESK INC.;USD;OTC;111111;201;O;6216,000;0,000;0,000;0,000;293,6086;282,7907;1825071,3210;1757827,52;1,038254;290,8000;252,8036;1807612,8000;1571427,28;1807612,8000;1571427,28;286,9450;-0,957;10,792;-10,604;0,559;0,395;0,184;1,343;0,185;0,000;0,000;0,0000;0,00;;;;DUSD;N069000;T300;;099816      AUTODESK INC.;293,60864237;282,79078507;290,80000000;252,80361644;286,94500000;6216,00000000;0,00000000;0,00000000;0,00000000;0,00000000;20251121
98;1O;33729;US58733R1023;MERCADOLIBRE INC;USD;OTC;111111;201;O;917,000;0,000;0,000;0,000;1710,2323;1645,9652;1568283,0280;1509350,13;1,039045;1951,7800;1696,7573;1789782,2600;1555926,51;1789782,2600;1555926,51;1899,7500;14,124;10,707;3,086;0,554;0,391;0,183;2,739;0,184;0,000;0,000;0,0000;0,00;;;;DUSD;N069000;T300;;099817      MERCADOLIBRE INC;1710,23230970;1645,96524536;1951,78000000;1696,75736764;1899,75000000;917,00000000;0,00000000;0,00000000;0,00000000;0,00000000;20251121
98;1O;33770;US1255231003;CIGNA CORP ORD;USD;NEW YORK;111111;201;O;6303,000;0,000;0,000;0,000;276,1400;266,6473;1740510,4200;1680678,27;1,035600;278,0900;241,7543;1752801,2700;1523777,51;1752801,2700;1523777,51;269,6000;0,706;11,076;-9,336;0,542;0,383;0,179;3,149;0,180;0,000;0,000;0,0000;0,00;;;;DUSD;N069000;T300;;099821      CIGNA CORP ORD;276,14000000;266,64735364;278,09000000;241,75432495;269,60000000;6303,00000000;0,00000000;0,00000000;0,00000000;0,00000000;20251121
98;1O;28019;US43300A2033;HILTON WORLDWIDE HLDGS-ORD SHS;USD;NEW YORK;111111;201;O;6316,000;0,000;0,000;0,000;245,3533;236,3226;1549651,9820;1492613,87;1,038214;274,4800;238,6160;1733615,6800;1507098,74;1733615,6800;1507098,74;264,3200;11,871;10,796;0,970;0,536;0,379;0,177;3,844;0,178;0,000;0,000;0,0000;0,00;;;;DUSD;N069000;T300;;099823      HILTON WORLDWIDE HLDGS-ORD SHS;245,35338537;236,32265199;274,48000000;238,61601321;264,32000000;6316,00000000;0,00000000;0,00000000;0,00000000;0,00000000;20251121
98;1O;09902;US28176E1082;EDWARDS LIFESCIENCES CORP;USD;NEW YORK;111111;201;O;19918,000;0,000;0,000;0,000;74,0300;71,4851;1474529,5400;1423840,81;1,035600;85,1300;74,0067;1695619,3400;1474067,06;1695619,3400;1474067,06;84,0900;14,994;11,076;3,528;0,524;0,370;0,173;1,237;0,174;0,000;0,000;0,0000;0,00;;;;DUSD;N069000;T300;;099827      EDWARDS LIFESCIENCES CORP;74,03000000;71,48512953;85,13000000;74,00678083;84,09000000;19918,00000000;0,00000000;0,00000000;0,00000000;0,00000000;20251121
98;1O;13633;US8923561067;TRACTOR SUPPLY COMPANY;USD;OTC;111111;201;O;31923,000;0,000;0,000;0,000;55,8905;50,4763;1784193,6750;1611357,09;1,107262;52,9200;46,0053;1689365,1600;1468630,06;1689365,1600;1468630,06;52,6400;-5,315;3,887;-8,858;0,523;0,369;0,172;0,532;0,173;0,000;0,000;0,0000;0,00;;;;DUSD;N069000;T300;;099828      TRACTOR SUPPLY COMPANY;55,89053895;50,47636782;52,92000000;46,00538989;52,64000000;31923,00000000;0,00000000;0,00000000;0,00000000;0,00000000;20251121
98;1O;02372;US8288061091;SIMON PROPERTY GROUP INC.;USD;NEW YORK;111111;201;O;8880,000;0,000;0,000;0,000;171,0356;164,7361;1518796,5530;1462857,14;1,038240;183,0800;159,1584;1625750,4000;1413327,31;1625750,4000;1413327,31;180,0700;7,042;10,793;-3,386;0,503;0,355;0,166;1,672;0,167;0,000;0,000;0,0000;0,00;;;;DUSD;N069000;T300;;099834      SIMON PROPERTY GROUP INC.;171,03564786;164,73616441;183,08000000;159,15848039;180,07000000;8880,00000000;0,00000000;0,00000000;0,00000000;0,00000000;20251121
98;1O;00399;US5184391044;ESTEE LAUDER COMPANIES CLA;USD;NEW YORK;111111;201;O;17390,000;0,000;0,000;0,000;92,0194;79,1366;1600217,7450;1376186,61;1,162791;89,9000;78,1535;1563361,0000;1359089,80;1563361,0000;1359089,80;86,6100;-2,303;-1,074;-1,242;0,484;0,342;0,160;3,799;0,160;0,000;0,000;0,0000;0,00;;;;DUSD;N069000;T300;;099840      ESTEE LAUDER COMPANIES CLA;92,01942179;79,13666532;89,90000000;78,15352516;86,61000000;17390,00000000;0,00000000;0,00000000;0,00000000;0,00000000;20251121
98;1O;02361;US7043261079;PAYCHEX INC.;USD;OTC;111111;201;O;13724,000;0,000;0,000;0,000;140,3261;135,0965;1925836,2310;1854065,30;1,038710;111,4600;96,8964;1529677,0400;1329807,04;1529677,0400;1329807,04;108,4600;-20,571;10,743;-28,276;0,473;0,334;0,156;2,766;0,157;0,000;0,000;0,0000;0,00;;;;DUSD;N069000;T300;;099844      PAYCHEX INC.;140,32616081;135,09656805;111,46000000;96,89646179;108,46000000;13724,00000000;0,00000000;0,00000000;0,00000000;0,00000000;20251121
98;1O;04388;US2533931026;DICK'S SPORTING GOODS INC.;USD;NEW YORK;111111;201;O;6815,000;0,000;0,000;0,000;218,5838;194,2752;1489649,0410;1323985,76;1,125125;208,4500;181,2135;1420586,7500;1234970,66;1420586,7500;1234970,66;202,6100;-4,636;2,238;-6,723;0,439;0,310;0,145;2,882;0,146;0,000;0,000;0,0000;0,00;;;;DUSD;N069000;T300;;099855      DICK'S SPORTING GOODS INC.;218,58386515;194,27523991;208,45000000;181,21359645;202,61000000;6815,00000000;0,00000000;0,00000000;0,00000000;0,00000000;20251121
98;1O;19628;US0367521038;ELEVANCE HEALTH INC;USD;NEW YORK;111111;201;O;4268,000;0,000;0,000;0,000;368,9000;356,2186;1574465,2000;1520341,06;1,035600;321,7300;279,6922;1373143,6400;1193726,54;1373143,6400;1193726,54;313,9900;-12,787;11,076;-21,483;0,425;0,300;0,140;2,465;0,141;0,000;0,000;0,0000;0,00;;;;DUSD;N069000;T300;;099860      ELEVANCE HEALTH INC;368,90000000;356,21861761;321,73000000;279,69225419;313,99000000;4268,00000000;0,00000000;0,00000000;0,00000000;0,00000000;20251121
98;1O;07445;US6907421019;OWENS CORNING INC;USD;NEW YORK;111111;201;O;12948,000;0,000;0,000;0,000;168,6853;162,4988;2184138,2470;2104035,71;1,038071;104,2100;90,5937;1349311,0800;1173007,98;1349311,0800;1173007,98;98,2800;-38,222;10,811;-44,250;0,417;0,295;0,138;6,034;0,138;0,000;0,000;0,0000;0,00;;;;DUSD;N069000;T300;;099862      OWENS CORNING INC;168,68537588;162,49889635;104,21000000;90,59375815;98,28000000;12948,00000000;0,00000000;0,00000000;0,00000000;0,00000000;20251121
98;1O;00525;US4278661081;HERSHEY CO.;USD;NEW YORK;111111;201;O;7205,000;0,000;0,000;0,000;173,8151;149,8922;1252337,8000;1079973,96;1,159600;186,0000;161,6969;1340130,0000;1165026,51;1340130,0000;1165026,51;182,6600;7,010;-0,802;7,875;0,414;0,293;0,137;1,829;0,138;0,000;0,000;0,0000;0,00;;;;DUSD;N069000;T300;;099863      HERSHEY CO.;173,81510062;149,89229146;186,00000000;161,69694862;182,66000000;7205,00000000;0,00000000;0,00000000;0,00000000;0,00000000;20251121
98;1O;01310;US0865161014;BEST BUY COMPANY INC.;USD;NEW YORK;111111;201;O;17136,000;0,000;0,000;0,000;76,9775;65,5350;1319086,4400;1123009,06;1,174600;76,4500;66,4609;1310047,2000;1138874,38;1310047,2000;1138874,38;73,7800;-0,685;-2,069;1,413;0,405;0,286;0,134;3,619;0,134;0,000;0,000;0,0000;0,00;;;;DUSD;N069000;T300;;099866      BEST BUY COMPANY INC.;76,97750000;65,53507586;76,45000000;66,46092323;73,78000000;17136,00000000;0,00000000;0,00000000;0,00000000;0,00000000;20251121
98;1O;02976;US9884981013;YUM BRANDS INC.;USD;NEW YORK;111111;201;O;7277,000;0,000;0,000;0,000;145,5700;125,9691;1059312,8900;916677,82;1,155600;152,9800;132,9913;1113235,4600;967778,37;1113235,4600;967778,37;149,2100;5,090;-0,459;5,575;0,344;0,243;0,114;2,527;0,114;0,000;0,000;0,0000;0,00;;;;DUSD;N069000;T300;;099886      YUM BRANDS INC.;145,57000000;125,96919334;152,98000000;132,99139354;149,21000000;7277,00000000;0,00000000;0,00000000;0,00000000;0,00000000;20251121
98;1O;37182;US45687V1061;INGERSOLL RAND-ORD SHS;USD;NEW YORK;111111;201;O;13786,000;0,000;0,000;0,000;89,5379;86,2574;1234369,9000;1189145,88;1,038031;78,5400;68,2778;1082752,4400;941278,31;1082752,4400;941278,31;74,5400;-12,283;10,816;-20,844;0,335;0,237;0,110;5,366;0,111;0,000;0,000;0,0000;0,00;;;;DUSD;N069000;T300;;099890      INGERSOLL RAND-ORD SHS;89,53792978;86,25749891;78,54000000;68,27784056;74,54000000;13786,00000000;0,00000000;0,00000000;0,00000000;0,00000000;20251121
98;1O;08920;US49271V1008;KUERIG DR PEPPER;USD;NEW YORK;111111;201;O;38000,000;0,000;0,000;0,000;29,9020;25,6956;1136276,0000;976433,79;1,163700;27,7400;24,1154;1054120,0000;916387,03;1054120,0000;916387,03;27,2100;-7,230;-1,151;-6,150;0,326;0,230;0,108;1,948;0,108;0,000;0,000;0,0000;0,00;;;;DUSD;N069000;T300;;099892      KUERIG DR PEPPER;29,90200000;25,69562605;27,74000000;24,11544814;27,21000000;38000,00000000;0,00000000;0,00000000;0,00000000;0,00000000;20251121
98;1O;04020;US0534841012;AVALONBAY COMMUNITIES INC.;USD;NEW YORK;111111;201;O;5759,000;0,000;0,000;0,000;218,8164;210,7372;1260164,0210;1213635,81;1,038338;180,6800;157,0720;1040536,1200;904578,04;1040536,1200;904578,04;177,0400;-17,429;10,783;-25,465;0,322;0,227;0,106;2,056;0,107;0,000;0,000;0,0000;0,00;;;;DUSD;N069000;T300;;099894      AVALONBAY COMMUNITIES INC.;218,81646483;210,73724778;180,68000000;157,07206815;177,04000000;5759,00000000;0,00000000;0,00000000;0,00000000;0,00000000;20251121
98;1O;07900;US5500211090;LULULEMON ATHLETICA INC;USD;OTC;111111;201;O;6178,000;0,000;0,000;0,000;172,5206;148,0229;1065832,8800;914485,53;1,165500;168,1800;146,2053;1039016,0400;903256,58;1039016,0400;903256,58;164,6900;-2,516;-1,304;-1,228;0,321;0,227;0,106;2,119;0,107;0,000;0,000;0,0000;0,00;;;;DUSD;N069000;T300;;099894      LULULEMON ATHLETICA INC;172,52069925;148,02290870;168,18000000;146,20533773;164,69000000;6178,00000000;0,00000000;0,00000000;0,00000000;0,00000000;20251121
98;1O;00104;US4595061015;INTERNATIONAL FLAVORS & FRAGRANCES INC.;USD;NEW YORK;111111;201;O;13841,000;0,000;0,000;0,000;83,9078;80,8209;1161368,5840;1118642,95;1,038194;67,4500;58,6368;933575,4500;811593,02;933575,4500;811593,02;64,5600;-19,614;10,798;-27,448;0,289;0,204;0,095;4,476;0,096;0,000;0,000;0,0000;0,00;;;;DUSD;N069000;T300;;099905      INTERNATIONAL FLAVORS & FRAGRANCES INC.;83,90785232;80,82096308;67,45000000;58,63687733;64,56000000;13841,00000000;0,00000000;0,00000000;0,00000000;0,00000000;20251121
98;1O;09755;US92276F1003;VENTAS INC;USD;NEW YORK;111111;201;O;9690,000;0,000;0,000;0,000;59,1592;56,9416;573253,5790;551764,35;1,038946;79,2400;68,8863;767835,6000;667509,00;767835,6000;667509,00;79,7800;33,943;10,718;20,977;0,237;0,168;0,078;-0,677;0,079;0,000;0,000;0,0000;0,00;;;;DUSD;N069000;T300;;099922      VENTAS INC;59,15929607;56,94162538;79,24000000;68,88637746;79,78000000;9690,00000000;0,00000000;0,00000000;0,00000000;0,00000000;20251121
98;1O;03754;US09062X1037;BIOGEN  INC.;USD;OTC;111111;201;O;2929,000;0,000;0,000;0,000;152,9200;147,6631;447902,6800;432505,48;1,035600;175,3000;152,3950;513453,7000;446365,04;513453,7000;446365,04;168,1800;14,635;11,076;3,204;0,159;0,112;0,052;4,234;0,053;0,000;0,000;0,0000;0,00;;;;DUSD;N069000;T300;;099948      BIOGEN  INC.;152,92000000;147,66318880;175,30000000;152,39502738;168,18000000;2929,00000000;0,00000000;0,00000000;0,00000000;0,00000000;20251121
98;1O;03392;CH0013841017;LONZA GROUP AG-REG;CHF;VIRTX;111111;201;O;7799,000;0,000;0,000;0,000;534,3679;569,5570;4167535,5740;4441975,74;0,938217;534,8000;574,8065;4170905,2000;4482916,17;4170905,2000;4482916,17;530,0000;0,081;-0,833;0,922;36,644;1,127;0,526;0,906;0,529;0,000;0,000;0,0000;0,00;;;;DCHF;N071000;T300;;099474      LONZA GROUP AG-REG;534,36794127;569,55708937;534,80000000;574,80653482;530,00000000;7799,00000000;0,00000000;0,00000000;0,00000000;0,00000000;20251121
98;1O;46566;CH1256740924;SGS SOCIETE GENERALE SA REG;CHF;VIRTX;111111;201;O;28937,000;0,000;0,000;0,000;90,0051;95,9247;2604479,7340;2775775,53;0,938289;90,2000;96,9475;2610117,4000;2805371,24;2610117,4000;2805371,24;89,2200;0,216;-0,841;1,066;22,932;0,705;0,329;1,098;0,331;0,000;0,000;0,0000;0,00;;;;DCHF;N071000;T300;;099671      SGS SOCIETE GENERALE SA REG;90,00517448;95,92478591;90,20000000;96,94754944;89,22000000;28937,00000000;0,00000000;0,00000000;0,00000000;0,00000000;20251121
98;1O;01930;CH0012221716;ABB LTD - NOM;CHF;VIRTX;111111;201;O;40260,000;0,000;0,000;0,000;58,6011;62,8104;2359283,8100;2528749,62;0,932984;54,6200;58,7059;2199001,2000;2363500,86;2199001,2000;2363500,86;55,6400;-6,794;-0,277;-6,535;19,320;0,594;0,277;-1,833;0,279;0,000;0,000;0,0000;0,00;;;;DCHF;N071000;T300;;099723      ABB LTD - NOM;58,60118753;62,81047242;54,62000000;58,70593293;55,64000000;40260,00000000;0,00000000;0,00000000;0,00000000;0,00000000;20251121
98;1O;01931;CH0012005267;NOVARTIS AG - NOM.;CHF;VIRTX;111111;201;O;19122,000;0,000;0,000;0,000;101,4822;108,2592;1940542,6300;2070132,96;0,937400;102,8800;110,5760;1967271,3600;2114436,11;1967271,3600;2114436,11;100,4200;1,377;-0,747;2,140;17,284;0,531;0,248;2,450;0,250;0,000;0,000;0,0000;0,00;;;;DCHF;N071000;T300;;099752      NOVARTIS AG - NOM.;101,48220008;108,25922811;102,88000000;110,57609630;100,42000000;19122,00000000;0,00000000;0,00000000;0,00000000;0,00000000;20251121
98;1O;00872;KR7000660001;SK HYNIX INC.;KRW;SEOUL;111111;201;O;6280,000;0,000;0,000;0,000;349975,7563;212,2328;2197847750,0000;1332822,33;1649,017803;521000,0000;306,8807;3271880000,0000;1927211,18;3271880000,0000;1927211,18;571000,0000;48,867;2,954;44,596;69,730;0,484;0,226;-8,757;0,227;0,000;0,000;0,0000;0,00;;;;DKRW;N084000;T300;;099774      SK HYNIX INC.;349975,75636942;212,23285509;521000,00000000;306,88076145;571000,00000000;6280,00000000;0,00000000;0,00000000;0,00000000;0,00000000;20251121
98;1O;02748;KR7066570003;LG ELECTRONICS INC.;KRW;SEOUL;111111;201;O;16439,000;0,000;0,000;0,000;83500,0000;54,7569;1372656500,0000;900149,25;1524,921006;86400,0000;50,8915;1420329600,0000;836606,20;1420329600,0000;836606,20;87300,0000;3,473;11,332;-7,059;30,270;0,210;0,098;-1,031;0,099;0,000;0,000;0,0000;0,00;;;;DKRW;N084000;T300;;099902      LG ELECTRONICS INC.;83500,00000000;54,75693472;86400,00000000;50,89155045;87300,00000000;16439,00000000;0,00000000;0,00000000;0,00000000;0,00000000;20251121
98;1O;00163;JP3190000004;OBAYASHI CORP.;JPY;TOKYO;111111;201;O;287100,000;0,000;0,000;0,000;2087,4077;12,8275;599294761,5050;3682791,95;162,728378;3125,0000;17,3512;897187500,0000;4981538,29;897187500,0000;4981538,29;2976,5000;49,707;10,677;35,265;13,189;1,252;0,585;4,989;0,588;0,000;0,000;0,0000;0,00;;;;DJPY;N088000;T300;;099415      OBAYASHI CORP.;2087,40773773;12,82755816;3125,00000000;17,35123054;2976,50000000;287100,00000000;0,00000000;0,00000000;0,00000000;0,00000000;20251121
98;1O;00148;JP3733000008;NEC CORP.;JPY;TOKYO;111111;201;O;96200,000;0,000;0,000;0,000;5480,1448;30,6485;527189934,0000;2948390,56;178,806004;6074,0000;33,7252;584318800,0000;3244368,07;584318800,0000;3244368,07;5980,0000;10,836;0,725;10,039;8,590;0,815;0,381;1,572;0,383;0,000;0,000;0,0000;0,00;;;;DJPY;N088000;T300;;099619      NEC CORP.;5480,14484407;30,64855052;6074,00000000;33,72523979;5980,00000000;96200,00000000;0,00000000;0,00000000;0,00000000;0,00000000;20251121
98;1O;00754;JP3659000008;WEST JAPAN RAILWAYS CO.LTD.;JPY;TOKYO;111111;201;O;183600,000;0,000;0,000;0,000;2902,3060;17,8211;532863387,7330;3271962,46;162,857427;3130,0000;17,3789;574668000,0000;3190783,03;574668000,0000;3190783,03;3076,0000;7,845;10,589;-2,481;8,448;0,802;0,375;1,756;0,377;0,000;0,000;0,0000;0,00;;;;DJPY;N088000;T300;;099625      WEST JAPAN RAILWAYS CO.LTD.;2902,30603340;17,82114629;3130,00000000;17,37899251;3076,00000000;183600,00000000;0,00000000;0,00000000;0,00000000;0,00000000;20251121
98;1O;00612;JP3893200000;MITSUI FUDOSAN CO.LTD.;JPY;TOKYO;111111;201;O;317700,000;0,000;0,000;0,000;1347,7072;8,2323;428166604,3670;2615404,80;163,709497;1767,0000;9,8110;561375900,0000;3116980,05;561375900,0000;3116980,05;1729,0000;31,112;10,013;19,178;8,252;0,783;0,366;2,198;0,368;0,000;0,000;0,0000;0,00;;;;DJPY;N088000;T300;;099634      MITSUI FUDOSAN CO.LTD.;1347,70728475;8,23230972;1767,00000000;9,81107980;1729,00000000;317700,00000000;0,00000000;0,00000000;0,00000000;0,00000000;20251121
98;1O;33021;JP3635400009;TOYOTA BOSHOKU-ORD SHS;JPY;TOKYO;111111;201;O;217100,000;0,000;0,000;0,000;2030,9092;12,4660;440910392,6380;2706373,33;162,915584;2363,0000;13,1203;513007300,0000;2848418,54;513007300,0000;2848418,54;2319,0000;16,352;10,550;5,249;7,541;0,716;0,334;1,897;0,336;0,000;0,000;0,0000;0,00;;;;DJPY;N088000;T300;;099666      TOYOTA BOSHOKU-ORD SHS;2030,90922449;12,46602178;2363,00000000;13,12030649;2319,00000000;217100,00000000;0,00000000;0,00000000;0,00000000;0,00000000;20251121
98;1O;00196;JP3435000009;SONY CORP.;JPY;TOKYO;111111;201;O;110100,000;0,000;0,000;0,000;3202,0476;19,7492;352545450,1120;2174391,65;162,135212;4507,0000;25,0246;496220700,0000;2755212,73;496220700,0000;2755212,73;4461,0000;40,754;11,082;26,712;7,295;0,692;0,323;1,031;0,325;0,000;0,000;0,0000;0,00;;;;DJPY;N088000;T300;;099677      SONY CORP.;3202,04768494;19,74924296;4507,00000000;25,02463874;4461,00000000;110100,00000000;0,00000000;0,00000000;0,00000000;0,00000000;20251121
98;1O;00447;JP3571400005;TOKYO ELECTRON LTD.;JPY;TOKYO;111111;201;O;14600,000;0,000;0,000;0,000;28709,7772;162,8443;419162748,0000;2377527,36;176,301966;30180,0000;167,5712;440628000,0000;2446540,16;440628000,0000;2446540,16;32500,0000;5,121;2,156;2,903;6,477;0,615;0,287;-7,138;0,289;0,000;0,000;0,0000;0,00;;;;DJPY;N088000;T300;;099713      TOKYO ELECTRON LTD.;28709,77726027;162,84433972;30180,00000000;167,57124415;32500,00000000;14600,00000000;0,00000000;0,00000000;0,00000000;0,00000000;20251121
98;1O;03334;JP3148800000;IBIDEN CO. LTD.;JPY;TOKYO;111111;201;O;37181,000;0,000;0,000;0,000;7258,2903;42,2072;269870493,4790;1569307,56;171,967880;11330,0000;62,9086;421260730,0000;2339005,46;421260730,0000;2339005,46;12535,0000;56,097;4,730;49,047;6,193;0,588;0,275;-9,613;0,276;0,000;0,000;0,0000;0,00;;;;DJPY;N088000;T300;;099725      IBIDEN CO. LTD.;7258,29034934;42,20724456;11330,00000000;62,90862147;12535,00000000;37181,00000000;0,00000000;0,00000000;0,00000000;0,00000000;20251121
98;1O;34535;JP3965400009;LION CORP;JPY;TOKYO;111111;201;O;223500,000;0,000;0,000;0,000;1763,3968;10,8366;394119186,2950;2421990,14;162,725347;1671,0000;9,2780;373468500,0000;2073644,17;373468500,0000;2073644,17;1611,5000;-5,240;10,679;-14,383;5,490;0,521;0,243;3,692;0,245;0,000;0,000;0,0000;0,00;;;;DJPY;N088000;T300;;099757      LION CORP;1763,39680668;10,83664492;1671,00000000;9,27804999;1611,50000000;223500,00000000;0,00000000;0,00000000;0,00000000;0,00000000;20251121
98;1O;01201;JP3932000007;YASKAWA ELECTRIC CORP.;JPY;TOKYO;111111;201;O;85900,000;0,000;0,000;0,000;4152,7283;25,4761;356719368,3070;2188404,65;163,004300;3796,0000;21,0768;326076400,0000;1810504,57;326076400,0000;1810504,57;3873,0000;-8,590;10,489;-17,268;4,793;0,455;0,213;-1,988;0,214;0,000;0,000;0,0000;0,00;;;;DJPY;N088000;T300;;099787      YASKAWA ELECTRIC CORP.;4152,72838541;25,47618917;3796,00000000;21,07688677;3873,00000000;85900,00000000;0,00000000;0,00000000;0,00000000;0,00000000;20251121
98;1O;00144;JP3914400001;MURATA MANUFACTURING CO.LTD.;JPY;TOKYO;111111;201;O;101000,000;0,000;0,000;0,000;2529,7776;15,5154;255507542,3200;1567062,33;163,048742;3033,0000;16,8404;306333000,0000;1700881,44;306333000,0000;1700881,44;3078,0000;19,892;10,459;8,539;4,503;0,427;0,200;-1,462;0,201;0,000;0,000;0,0000;0,00;;;;DJPY;N088000;T300;;099800      MURATA MANUFACTURING CO.LTD.;2529,77764673;15,51546861;3033,00000000;16,84041032;3078,00000000;101000,00000000;0,00000000;0,00000000;0,00000000;0,00000000;20251121
98;1O;00215;JP3463000004;TAKEDA PHARMACEUTICAL CO LTD.;JPY;TOKYO;111111;201;O;57400,000;0,000;0,000;0,000;4179,3079;25,6831;239892279,0090;1474215,49;162,725382;4437,0000;24,6359;254683800,0000;1414104,75;254683800,0000;1414104,75;4451,0000;6,166;10,679;-4,077;3,744;0,355;0,166;-0,315;0,167;0,000;0,000;0,0000;0,00;;;;DJPY;N088000;T300;;099834      TAKEDA PHARMACEUTICAL CO LTD.;4179,30799667;25,68319669;4437,00000000;24,63597118;4451,00000000;57400,00000000;0,00000000;0,00000000;0,00000000;0,00000000;20251121
98;1O;05840;JP3322930003;SUMCO CORP;JPY;TOKYO;111111;201;O;204400,000;0,000;0,000;0,000;1021,2457;6,3268;208742628,3600;1293202,62;161,415253;1174,5000;6,5212;240067800,0000;1332950,96;240067800,0000;1332950,96;1184,0000;15,007;11,577;3,074;3,529;0,335;0,156;-0,802;0,157;0,000;0,000;0,0000;0,00;;;;DJPY;N088000;T300;;099844      SUMCO CORP;1021,24573561;6,32682299;1174,50000000;6,52128648;1184,00000000;204400,00000000;0,00000000;0,00000000;0,00000000;0,00000000;20251121
98;1O;00117;JP3270000007;KURITA WATER INDUSTRIES LTD.;JPY;TOKYO;111111;201;O;34900,000;0,000;0,000;0,000;5284,7392;32,4342;184437398,4330;1131956,28;162,936857;6094,0000;33,8362;212680600,0000;1180886,44;212680600,0000;1180886,44;6134,0000;15,313;10,535;4,323;3,126;0,297;0,139;-0,652;0,139;0,000;0,000;0,0000;0,00;;;;DJPY;N088000;T300;;099861      KURITA WATER INDUSTRIES LTD.;5284,73921011;32,43427736;6094,00000000;33,83628766;6134,00000000;34900,00000000;0,00000000;0,00000000;0,00000000;0,00000000;20251121
98;1O;25708;JP3855900001;POLA ORBIS HLDGS INC;JPY;TOKYO;111111;201;O;158100,000;0,000;0,000;0,000;1422,2639;8,7400;224859927,8600;1381795,48;162,730253;1333,0000;7,4013;210747300,0000;1170152,00;210747300,0000;1170152,00;1305,0000;-6,276;10,675;-15,317;3,098;0,294;0,137;2,146;0,138;0,000;0,000;0,0000;0,00;;;;DJPY;N088000;T300;;099863      POLA ORBIS HLDGS INC;1422,26393333;8,74000936;1333,00000000;7,40134090;1305,00000000;158100,00000000;0,00000000;0,00000000;0,00000000;0,00000000;20251121
98;1O;00128;JP3866800000;PANASONIC CORPORATION;JPY;TOKYO;111111;201;O;112000,000;0,000;0,000;0,000;1639,1847;10,0731;183588693,6530;1128194,83;162,727827;1737,5000;9,6472;194600000,0000;1080495,83;194600000,0000;1080495,83;1755,0000;5,998;10,677;-4,228;2,861;0,272;0,127;-0,997;0,128;0,000;0,000;0,0000;0,00;;;;DJPY;N088000;T300;;099873      PANASONIC CORPORATION;1639,18476475;10,07316812;1737,50000000;9,64728418;1755,00000000;112000,00000000;0,00000000;0,00000000;0,00000000;0,00000000;20251121
98;1O;05558;JP3118000003;ASICS CORP;JPY;TOKYO;111111;201;O;49000,000;0,000;0,000;0,000;4021,9135;22,6868;197073766,0000;1111654,44;177,279700;3744,0000;20,7881;183456000,0000;1018619,95;183456000,0000;1018619,95;3661,0000;-6,910;1,592;-8,369;2,697;0,256;0,120;2,267;0,120;0,000;0,000;0,0000;0,00;;;;DJPY;N088000;T300;;099880      ASICS CORP;4021,91359183;22,68682530;3744,00000000;20,78816229;3661,00000000;49000,00000000;0,00000000;0,00000000;0,00000000;0,00000000;20251121
98;1O;01571;HK0066009694;MTR CORP.;HKD;HONG KONG;111111;201;O;757660,000;0,000;0,000;0,000;26,9792;3,3430;20441120,9730;2532919,53;8,070182;30,3400;3,3876;22987404,4000;2566704,38;22987404,4000;2566704,38;30,4600;12,457;10,976;1,334;53,052;0,645;0,301;-0,394;0,303;0,000;0,000;0,0000;0,00;;;;DHKD;N103000;T300;;099699      MTR CORP.;26,97927958;3,34308202;30,34000000;3,38767306;30,46000000;757660,00000000;0,00000000;0,00000000;0,00000000;0,00000000;20251121
98;1O;12695;HK0000063609;SWIRE PROPERTIES LTD;HKD;HONG KONG;111111;201;O;739600,000;0,000;0,000;0,000;15,8055;1,9579;11689798,8640;1448102,25;8,072495;21,7200;2,4251;16064112,0000;1793670,39;16064112,0000;1793670,39;22,0400;37,420;10,945;23,864;37,074;0,451;0,211;-1,452;0,212;0,000;0,000;0,0000;0,00;;;;DHKD;N103000;T300;;099789      SWIRE PROPERTIES LTD;15,80556904;1,95795328;21,72000000;2,42518981;22,04000000;739600,00000000;0,00000000;0,00000000;0,00000000;0,00000000;20251121
98;2;00001;;LIQUIDITA';EUR;;;610;;0,000;0,000;0,000;0,000;0,0000;0,0000;0,0000;0,00;0,000000;0,0000;0,0000;0,0000;10216961,02;0,0000;10216961,02;0,0000;0,000;0,000;0,000;0,000;0,000;1,199;0,000;1,206;0,000;0,000;0,0000;0,00;2;;;;;;;;0,00000000;0,00000000;0,00000000;0,00000000;0,00000000;0,00000000;0,00000000;0,00000000;0,00000000;0,00000000;20251121
98;2;00002;;LIQUIDITA' A SCADERE;EUR;;;620;;0,000;0,000;0,000;0,000;0,0000;0,0000;0,0000;0,00;0,000000;0,0000;0,0000;0,0000;36272924,65;0,0000;36272924,65;0,0000;0,000;0,000;0,000;0,000;0,000;4,258;0,000;4,281;0,000;0,000;0,0000;0,00;3;;;;;;;;0,00000000;0,00000000;0,00000000;0,00000000;0,00000000;0,00000000;0,00000000;0,00000000;0,00000000;0,00000000;20251121
98;2;00016;;GIACENZE DI DOLLARI AUSTRALIANI      AUD;AUD;;;621;;8560592,710;0,000;0,000;0,000;0,0000;0,5970;8560592,7100;5111263,82;1,674849;0,0000;1,7881;8560592,7100;4787535,77;8560592,7100;4787535,77;0,0000;0,000;0,000;0,000;0,000;0,000;0,562;0,000;0,565;0,000;0,000;0,0000;0,00;3AUD1;;;;;;;;0,00000000;0,59706891;0,00000000;1,78810000;0,00000000;8560592,71000000;0,00000000;0,00000000;0,00000000;0,00000000;20251121
98;2;00009;;GIACENZE DI DOLLARI CANADESI         CAD;CAD;;;621;;1056271,720;0,000;0,000;0,000;0,0000;0,6571;1056271,7200;694092,59;1,521802;0,0000;1,6250;1056271,7200;650013,37;1056271,7200;650013,37;0,0000;0,000;0,000;0,000;0,000;0,000;0,076;0,000;0,077;0,000;0,000;0,0000;0,00;3CAD1;;;;;;;;0,00000000;0,65711556;0,00000000;1,62500000;0,00000000;1056271,72000000;0,00000000;0,00000000;0,00000000;0,00000000;20251121
98;2;00007;;GIACENZE DI FRANCHI SVIZZERI         CHF;CHF;;;621;;434788,010;0,000;0,000;0,000;0,0000;1,0712;434788,0100;465777,80;0,933467;0,0000;0,9304;434788,0100;467312,99;434788,0100;467312,99;0,0000;0,000;0,000;0,000;0,000;0,000;0,055;0,000;0,055;0,000;0,000;0,0000;0,00;3CHF1;;;;;;;;0,00000000;1,07127563;0,00000000;0,93040000;0,00000000;434788,01000000;0,00000000;0,00000000;0,00000000;0,00000000;20251121
98;2;00035;;GIACENZE DI CORONA DANESE            DKK;DKK;;;621;;2407520,760;0,000;0,000;0,000;0,0000;0,1339;2407520,7600;322422,76;7,466969;0,0000;7,4690;2407520,7600;322335,09;2407520,7600;322335,09;0,0000;0,000;0,000;0,000;0,000;0,000;0,038;0,000;0,038;0,000;0,000;0,0000;0,00;3DKK1;;;;;;;;0,00000000;0,13392314;0,00000000;7,46900000;0,00000000;2407520,76000000;0,00000000;0,00000000;0,00000000;0,00000000;20251121
98;2;00006;;GIACENZE DI STERLINE INGLESI         GBP;GBP;;;621;;3695932,930;0,000;0,000;0,000;0,0000;1,1482;3695932,9300;4243925,84;0,870876;0,0000;0,8792;3695932,9300;4203745,37;3695932,9300;4203745,37;0,0000;0,000;0,000;0,000;0,000;0,000;0,493;0,000;0,496;0,000;0,000;0,0000;0,00;3GBP1;;;;;;;;0,00000000;1,14826917;0,00000000;0,87920000;0,00000000;3695932,93000000;0,00000000;0,00000000;0,00000000;0,00000000;20251121
98;2;00014;;GIACENZE DI HONG KONG DOLLAR         HKD;HKD;;;621;;4278768,220;0,000;0,000;0,000;0,0000;0,1139;4278768,2200;487618,24;8,774832;0,0000;8,9560;4278768,2200;477754,38;4278768,2200;477754,38;0,0000;0,000;0,000;0,000;0,000;0,000;0,056;0,000;0,056;0,000;0,000;0,0000;0,00;3HKD1;;;;;;;;0,00000000;0,11396229;0,00000000;8,95600000;0,00000000;4278768,22000000;0,00000000;0,00000000;0,00000000;0,00000000;20251121
98;2;00008;;GIACENZE DI YEN GIAPPONESI           JPY;JPY;;;621;;140863677,000;0,000;0,000;0,000;0,0000;0,0055;140863677,0000;780836,36;180,401022;0,0000;180,1025;140863677,0000;782130,60;140863677,0000;782130,60;0,0000;0,000;0,000;0,000;0,000;0,000;0,092;0,000;0,092;0,000;0,000;0,0000;0,00;3JPY1;;;;;;;;0,00000000;0,00554320;0,00000000;180,10250000;0,00000000;140863677,00000000;0,00000000;0,00000000;0,00000000;0,00000000;20251121
98;2;00008;;IMPEGNI IN DIVISA YEN GIAPPONESI     JPY;JPY;;;622;;-129000114,000;0,000;0,000;0,000;0,0000;0,0054;-129000114,0000;-709304,53;181,868448;0,0000;180,1025;-129000114,0000;-716259,43;-129000114,0000;-716259,43;0,0000;0,000;0,000;0,000;0,000;0,000;-0,084;0,000;-0,085;0,000;0,000;0,0000;0,00;3JPY2;;;;;;;;0,00000000;0,00549847;0,00000000;180,10250000;0,00000000;-129000114,00000000;0,00000000;0,00000000;0,00000000;0,00000000;20251121
98;2;00031;;GIACENZE DI CORONA NORVEGESE         NOK;NOK;;;621;;1424107,670;0,000;0,000;0,000;0,0000;0,0855;1424107,6700;121841,21;11,688227;0,0000;11,8258;1424107,6700;120423,79;1424107,6700;120423,79;0,0000;0,000;0,000;0,000;0,000;0,000;0,014;0,000;0,014;0,000;0,000;0,0000;0,00;3NOK1;;;;;;;;0,00000000;0,08555617;0,00000000;11,82580000;0,00000000;1424107,67000000;0,00000000;0,00000000;0,00000000;0,00000000;20251121
98;2;00011;;GIACENZE DI CORONE SVEDESI           SEK;SEK;;;621;;5791221,930;0,000;0,000;0,000;0,0000;0,0911;5791221,9300;527799,89;10,972382;0,0000;11,0245;5791221,9300;525304,72;5791221,9300;525304,72;0,0000;0,000;0,000;0,000;0,000;0,000;0,062;0,000;0,062;0,000;0,000;0,0000;0,00;3SEK1;;;;;;;;0,00000000;0,09113791;0,00000000;11,02450000;0,00000000;5791221,93000000;0,00000000;0,00000000;0,00000000;0,00000000;20251121
98;2;00001;;GIACENZE DI DOLLARI USA              USD;USD;;;621;;3489451,410;0,000;0,000;0,000;0,0000;0,8635;3489451,4100;3013260,78;1,158032;0,0000;1,1503;3489451,4100;3033514,22;3489451,4100;3033514,22;0,0000;0,000;0,000;0,000;0,000;0,000;0,356;0,000;0,358;0,000;0,000;0,0000;0,00;3USD1;;;;;;;;0,00000000;0,86353424;0,00000000;1,15030000;0,00000000;3489451,41000000;0,00000000;0,00000000;0,00000000;0,00000000;20251121
98;2;00001;;IMPEGNI IN DIVISA DOLLARI USA        USD;USD;;;622;;-43000000,000;0,000;0,000;0,000;0,0000;0,8499;-43000000,0000;-36548385,50;1,176523;0,0000;1,1503;-43000000,0000;-36548386,14;-43000000,0000;-36548386,14;0,0000;0,000;0,000;0,000;0,000;0,000;-4,290;0,000;-4,314;0,000;0,000;0,0000;0,00;3USD2;;;;;;;;0,00000000;0,84996245;0,00000000;1,15030000;0,00000000;-43000000,00000000;0,00000000;0,00000000;0,00000000;0,00000000;20251121
98;4;;;DIRITTI MATURATI NON RISCOSSI;;;;700;;0,000;0,000;0,000;0,000;0,0000;0,0000;0,0000;0,00;0,000000;0,0000;0,0000;0,0000;5082194,82;0,0000;1636843,04;0,0000;0,000;0,000;0,000;0,000;0,000;0,597;0,000;0,600;0,000;0,000;0,0000;0,00;;;;;;;;;0,00000000;0,00000000;0,00000000;0,00000000;0,00000000;0,00000000;0,00000000;0,00000000;0,00000000;0,00000000;20251121
98;5;;;DEPOSITI MARGINI INIZ.FUTURES;;;;8;;0,000;0,000;0,000;0,000;0,0000;0,0000;0,0000;0,00;0,000000;0,0000;0,0000;0,0000;0,00;0,0000;0,00;0,0000;0,000;0,000;0,000;0,000;0,000;0,000;0,000;0,000;0,000;0,000;0,0000;0,00;;;;;;;;;0,00000000;0,00000000;0,00000000;0,00000000;0,00000000;0,00000000;0,00000000;0,00000000;0,00000000;0,00000000;20251121
98;5;;;MARGINI DI VARIAZIONE FUTURES;;;;8;;0,000;0,000;0,000;0,000;0,0000;0,0000;0,0000;0,00;0,000000;0,0000;0,0000;0,0000;0,00;0,0000;0,00;0,0000;0,000;0,000;0,000;0,000;0,000;0,000;0,000;0,000;0,000;0,000;0,0000;0,00;;;;;;;;;0,00000000;0,00000000;0,00000000;0,00000000;0,00000000;0,00000000;0,00000000;0,00000000;0,00000000;0,00000000;20251121
98;5;;;DEPOSITI BANCARI;;;;8;;0,000;0,000;0,000;0,000;0,0000;0,0000;0,0000;0,00;0,000000;0,0000;0,0000;0,0000;0,00;0,0000;0,00;0,0000;0,000;0,000;0,000;0,000;0,000;0,000;0,000;0,000;0,000;0,000;0,0000;0,00;;;;;;;;;0,00000000;0,00000000;0,00000000;0,00000000;0,00000000;0,00000000;0,00000000;0,00000000;0,00000000;0,00000000;20251121
98;9;;;RIMBORSI DA REGOLARE;;;;;;0,000;0,000;0,000;0,000;0,0000;0,0000;0,0000;0,00;0,000000;0,0000;0,0000;0,0000;-1983842,69;0,0000;-1983842,69;0,0000;0,000;0,000;0,000;0,000;0,000;0,000;0,000;0,000;0,000;0,000;0,0000;0,00;;;;;;;;;0,00000000;0,00000000;0,00000000;0,00000000;0,00000000;0,00000000;0,00000000;0,00000000;0,00000000;0,00000000;20251121
99;1I;48808;IT0005596470;BTP  4,050% 2024-30/10/2037;EUR;MOT;086000;001;I;2500000,000;0,000;0,000;0,000;104,1690;104,1690;2604225,0000;2604225,00;0,000000;104,1750;104,1750;2604375,0000;2604375,00;2610494,5100;2610494,51;104,0930;0,006;0,000;0,006;5,157;31,268;3,192;0,079;3,205;0,000;0,000;6119,5100;6119,51;;;;DEUR;N111111;T000;;096808      BTP  4,050% 2024-30/10/2037;104,16900000;104,16900000;104,17500000;104,17500000;104,09300000;2500000,00000000;0,00000000;0,00000000;0,00000000;0,00000000;20251121
99;1I;61747;IT0005648149;BTPS 3,6% 01.10.2035;EUR;MTSBOT;086000;001;I;2000000,000;0,000;0,000;0,000;100,8900;100,8900;2017800,0000;2017800,00;0,000000;101,4090;101,4090;2028180,0000;2028180,00;2038267,9100;2038267,91;101,2930;0,514;0,000;0,514;4,027;24,414;2,485;0,115;2,496;0,000;0,000;10087,9100;10087,91;;;;DEUR;N111111;T000;;097515      BTPS 3,6% 01.10.2035;100,89000000;100,89000000;101,40900000;101,40900000;101,29300000;2000000,00000000;0,00000000;0,00000000;0,00000000;0,00000000;20251121
99;1I;46541;IT0005542359;BTPS  4,000% 2023-30/10/2031;EUR;MTS;086000;001;I;900000,000;0,000;0,000;0,000;105,8400;105,8400;952560,0000;952560,00;0,000000;106,3360;106,3360;957024,0000;957024,00;959199,8200;959199,82;106,2810;0,469;0,000;0,469;1,895;11,489;1,173;0,052;1,178;0,000;0,000;2175,8200;2175,82;;;;DEUR;N111111;T000;;098827      BTPS  4,000% 2023-30/10/2031;105,84000000;105,84000000;106,33600000;106,33600000;106,28100000;900000,00000000;0,00000000;0,00000000;0,00000000;0,00000000;20251121
99;1I;40175;IT0005438004;BTP 1,5%  2021-30.04.2045;EUR;MOT;086000;001;I;800000,000;0,000;0,000;0,000;67,3880;67,3880;539104,0000;539104,00;0,000000;66,2150;66,2150;529720,0000;529720,00;530445,2700;530445,27;66,0990;-1,741;0,000;-1,741;1,048;6,354;0,649;0,175;0,652;0,000;0,000;725,2700;725,27;;;;DEUR;N111111;T000;;099351      BTP 1,5%  2021-30.04.2045;67,38800000;67,38800000;66,21500000;66,21500000;66,09900000;800000,00000000;0,00000000;0,00000000;0,00000000;0,00000000;20251121
99;1I;45169;IT0005508590;BTP 4% 2022/30.04.2035;EUR;MOT;086000;001;I;400000,000;0,000;0,000;0,000;105,0530;105,0530;420212,0000;420212,00;0,000000;105,6120;105,6120;422448,0000;422448,00;423415,0300;423415,03;105,5000;0,532;0,000;0,532;0,837;5,072;0,518;0,106;0,520;0,000;0,000;967,0300;967,03;;;;DEUR;N111111;T000;;099482      BTP 4% 2022/30.04.2035;105,05300000;105,05300000;105,61200000;105,61200000;105,50000000;400000,00000000;0,00000000;0,00000000;0,00000000;0,00000000;20251121
99;1I;63384;AT0000A3MUA7;AUSTRIAN T-BILL ZC 2025-27/11/2025;EUR;VIENNA;008000;100;I;7000000,000;0,000;0,000;0,000;99,5065;99,5065;6965460,7400;6965460,74;0,000000;99,9850;99,9850;6966308,2200;6966308,22;6998950,0000;6998950,00;99,9840;0,012;0,000;0,012;13,828;57,283;8,537;0,001;8,572;0,000;0,000;32641,7800;32641,78;;;;DEUR;N008000;T100;;091463      AUSTRIAN T-BILL ZC 2025-27/11/2025;99,50658200;99,50658200;99,98500000;99,98500000;99,98400000;7000000,00000000;0,00000000;0,00000000;0,00000000;0,00000000;20251121
99;1I;63661;AT0000A3MUC3;AUSTRIAN T-BILL ZC   2025-26/03/2026;EUR;VIENNA;008000;100;I;5000000,000;0,000;0,000;0,000;99,0733;99,0733;4953668,4400;4953668,44;0,000000;99,3810;99,3810;4953406,1100;4953406,11;4969050,0000;4969050,00;99,3810;-0,005;0,000;-0,005;9,817;40,669;6,070;0,000;6,095;0,000;0,000;15643,8900;15643,89;;;;DEUR;N008000;T100;;093930      AUSTRIAN T-BILL ZC   2025-26/03/2026;99,07336880;99,07336880;99,38100000;99,38100000;99,38100000;5000000,00000000;0,00000000;0,00000000;0,00000000;0,00000000;20251121
99;1I;44610;AT0000A2Y8G4;REP OF AUSTRIA 1,85% 22-23/05/2049;EUR;VIENNA;008000;100;I;100000,000;0,000;0,000;0,000;80,7270;80,7270;80727,0000;80727,00;0,000000;72,1940;72,1940;72194,0000;72194,00;73116,4700;73116,47;72,1740;-10,570;0,000;-10,570;0,144;0,598;0,088;0,028;0,089;0,000;0,000;922,4700;922,47;;;;DEUR;N008000;T100;;099912      REP OF AUSTRIA 1,85% 22-23/05/2049;80,72700000;80,72700000;72,19400000;72,19400000;72,17400000;100000,00000000;0,00000000;0,00000000;0,00000000;0,00000000;20251121
99;1I;31588;BE0000346552;BELGIUM 1,25% 2018/22.04.2033;EUR;BRUXELLES;009000;100;I;300000,000;0,000;0,000;0,000;88,7150;88,7150;266145,0000;266145,00;0,000000;89,0960;89,0960;267288,0000;267288,00;269476,3600;269476,36;89,0180;0,429;0,000;0,429;0,532;89,262;0,328;0,088;0,329;0,000;0,000;2188,3600;2188,36;;;;DEUR;N009000;T100;;099672      BELGIUM 1,25% 2018/22.04.2033;88,71500000;88,71500000;89,09600000;89,09600000;89,01800000;300000,00000000;0,00000000;0,00000000;0,00000000;0,00000000;20251121
99;1I;45229;BE0000356650;BELGIUM  KINGDOM 2.75% 202/22.04.2039;EUR;LUXEMBOURG;009000;100;I;35000,000;0,000;0,000;0,000;94,7300;94,7300;33155,5000;33155,50;0,000000;91,0200;91,0200;31857,0000;31857,00;32418,6800;32418,68;90,9670;-3,916;0,000;-3,916;0,064;10,738;0,039;0,058;0,039;0,000;0,000;561,6800;561,68;;;;DEUR;N009000;T100;;099961      BELGIUM  KINGDOM 2.75% 202/22.04.2039;94,73000000;94,73000000;91,02000000;91,02000000;90,96700000;35000,00000000;0,00000000;0,00000000;0,00000000;0,00000000;20251121
99;1I;47558;FR001400L834;FRANCE GOVT 3.5% 2023/25.11.2033;EUR;MTS;029000;100;I;2000000,000;0,000;0,000;0,000;102,9710;102,9710;2059420,0000;2059420,00;0,000000;102,0650;102,0650;2041300,0000;2041300,00;2110532,8800;2110532,88;101,9570;-0,880;0,000;-0,880;4,170;33,489;2,502;0,106;2,512;0,000;0,000;69232,8800;69232,88;;;;DEUR;N029000;T100;;097498      FRANCE GOVT 3.5% 2023/25.11.2033;102,97100000;102,97100000;102,06500000;102,06500000;101,95700000;2000000,00000000;0,00000000;0,00000000;0,00000000;0,00000000;20251121
99;1I;02969;FR0000188799;FRANCE O.A.T.3,15% 2002/25.7.2032 I/L;EUR;PARIGI;029000;100;I;500000,000;0,000;0,000;0,000;113,4172;113,4172;901139,7100;901139,71;0,000000;113,1710;113,1710;899183,2000;899183,20;907342,9700;907342,97;113,2080;-0,217;0,000;-0,217;1,793;14,397;1,102;-0,033;1,106;0,000;0,000;8159,7700;8159,77;;;;DEUR;N029000;T100;;098898      FRANCE O.A.T.3,15% 2002/25.7.2032 I/L;113,41724530;113,41724530;113,17100000;113,17100000;113,20800000;500000,00000000;0,00000000;0,00000000;0,00000000;0,00000000;20251121
99;1I;40325;FR0014002JM6;FRANCE OAT  0,500% 2020-25/06/2044;EUR;MTS;029000;100;I;1400000,000;0,000;0,000;0,000;58,1010;58,1010;813414,0000;813414,00;0,000000;54,2430;54,2430;759402,0000;759402,00;762259,5300;762259,53;54,1480;-6,640;0,000;-6,640;1,506;12,095;0,931;0,175;0,934;0,000;0,000;2857,5300;2857,53;;;;DEUR;N029000;T100;;099069      FRANCE OAT  0,500% 2020-25/06/2044;58,10100000;58,10100000;54,24300000;54,24300000;54,14800000;1400000,00000000;0,00000000;0,00000000;0,00000000;0,00000000;20251121
99;1I;43300;FR0014007L00;FRTR 0% 25.05.2032;EUR;PARIGI;029000;100;I;400000,000;0,000;0,000;0,000;80,6810;80,6810;322724,0000;322724,00;0,000000;82,6330;82,6330;330532,0000;330532,00;330532,0000;330532,00;82,5630;2,419;0,000;2,419;0,653;5,245;0,405;0,085;0,407;0,000;0,000;0,0000;0,00;;;;DEUR;N029000;T100;;099595      FRTR 0% 25.05.2032;80,68100000;80,68100000;82,63300000;82,63300000;82,56300000;400000,00000000;0,00000000;0,00000000;0,00000000;0,00000000;20251121
99;1I;44064;FR0014009O62;FRANCE GOVT 1.25% 2021/25.05.2038;EUR;PARIGI;029000;100;I;400000,000;0,000;0,000;0,000;77,1620;77,1620;308648,0000;308648,00;0,000000;75,4490;75,4490;301796,0000;301796,00;304261,7500;304261,75;75,3400;-2,220;0,000;-2,220;0,601;4,828;0,370;0,145;0,371;0,000;0,000;2465,7500;2465,75;;;;DEUR;N029000;T100;;099630      FRANCE GOVT 1.25% 2021/25.05.2038;77,16200000;77,16200000;75,44900000;75,44900000;75,34000000;400000,00000000;0,00000000;0,00000000;0,00000000;0,00000000;20251121
99;1I;28193;FR0013234333;FRANCE O.A.T 1,75% 2016/25.06.2039;EUR;PARIGI;029000;100;I;180000,000;0,000;0,000;0,000;81,4900;81,4900;146682,0000;146682,00;0,000000;78,7160;78,7160;141688,8000;141688,80;142974,6900;142974,69;78,6170;-3,404;0,000;-3,404;0,282;2,269;0,174;0,126;0,174;0,000;0,000;1285,8900;1285,89;;;;DEUR;N029000;T100;;099826      FRANCE O.A.T 1,75% 2016/25.06.2039;81,49000000;81,49000000;78,71600000;78,71600000;78,61700000;180000,00000000;0,00000000;0,00000000;0,00000000;0,00000000;20251121
99;1I;33142;IE00BFZRQ242;IRISH 1,35% 2018/18.03.2031;EUR;DUBLINO;040000;100;I;100000,000;0,000;0,000;0,000;94,1280;94,1280;94128,0000;94128,00;0,000000;94,6470;94,6470;94647,0000;94647,00;95564,2600;95564,26;94,5770;0,551;0,000;0,551;0,189;10,579;0,116;0,074;0,116;0,000;0,000;917,2600;917,26;;;;DEUR;N040000;T100;;099884      IRISH 1,35% 2018/18.03.2031;94,12800000;94,12800000;94,64700000;94,64700000;94,57700000;100000,00000000;0,00000000;0,00000000;0,00000000;0,00000000;20251121
99;1I;27021;ES00000128E2;SPAIN BONOS 3.45% 2016 - 30/07/2066;EUR;MADRID;067000;100;I;700000,000;0,000;0,000;0,000;93,7390;93,7390;656173,0000;656173,00;0,000000;86,3390;86,3390;604373,0000;604373,00;611915,7400;611915,74;86,1570;-7,894;0,000;-7,894;1,209;22,440;0,741;0,211;0,744;0,000;0,000;7542,7400;7542,74;;;;DEUR;N067000;T100;;099259      SPAIN BONOS 3.45% 2016 - 30/07/2066;93,73900000;93,73900000;86,33900000;86,33900000;86,15700000;700000,00000000;0,00000000;0,00000000;0,00000000;0,00000000;20251121
99;1I;35823;ES0000012F43;SPAIN-BONOS 0,6% 2019/31.10.2029;EUR;MADRID;067000;100;I;550000,000;0,000;0,000;0,000;91,2560;91,2560;501908,0000;501908,00;0,000000;93,2900;93,2900;513095,0000;513095,00;513284,8600;513284,86;93,2530;2,229;0,000;2,229;1,014;18,823;0,629;0,040;0,631;0,000;0,000;189,8600;189,86;;;;DEUR;N067000;T100;;099371      SPAIN-BONOS 0,6% 2019/31.10.2029;91,25600000;91,25600000;93,29000000;93,29000000;93,25300000;550000,00000000;0,00000000;0,00000000;0,00000000;0,00000000;20251121
99;1I;40346;ES0000012I08;SPAIN BONOS 0% 21-31.01.2028;EUR;MADRID;067000;100;I;400000,000;0,000;0,000;0,000;93,0020;93,0020;372008,0000;372008,00;0,000000;95,5160;95,5160;382064,0000;382064,00;382064,0000;382064,00;95,4990;2,703;0,000;2,703;0,755;14,011;0,468;0,018;0,470;0,000;0,000;0,0000;0,00;;;;DEUR;N067000;T100;;099532      SPAIN BONOS 0% 21-31.01.2028;93,00200000;93,00200000;95,51600000;95,51600000;95,49900000;400000,00000000;0,00000000;0,00000000;0,00000000;0,00000000;20251121
99;1I;43197;ES0000012K20;SPAIN BONOS 0.7% 2022/30.04.2032;EUR;AIAF;067000;100;I;200000,000;0,000;0,000;0,000;86,3580;86,3580;172716,0000;172716,00;0,000000;87,9650;87,9650;175930,0000;175930,00;176716,3000;176716,30;87,8890;1,861;0,000;1,861;0,349;6,480;0,216;0,086;0,216;0,000;0,000;786,3000;786,30;;;;DEUR;N067000;T100;;099784      SPAIN BONOS 0.7% 2022/30.04.2032;86,35800000;86,35800000;87,96500000;87,96500000;87,88900000;200000,00000000;0,00000000;0,00000000;0,00000000;0,00000000;20251121
99;1I;43456;ES0000012K46;SPAIN BONOS 1.9% 2022/31.10.2052;EUR;AIAF;067000;100;I;250000,000;0,000;0,000;0,000;70,0700;70,0700;175175,0000;175175,00;0,000000;65,8680;65,8680;164670,0000;164670,00;164943,2900;164943,29;65,7390;-5,997;0,000;-5,997;0,326;6,049;0,202;0,196;0,203;0,000;0,000;273,2900;273,29;;;;DEUR;N067000;T100;;099798      SPAIN BONOS 1.9% 2022/31.10.2052;70,07000000;70,07000000;65,86800000;65,86800000;65,73900000;250000,00000000;0,00000000;0,00000000;0,00000000;0,00000000;20251121
99;1I;26342;ES00000128C6;SPAIN   BONOS  2,9% 2016  31/10/2046;EUR;EUROTLX;067000;100;I;144000,000;0,000;0,000;0,000;90,5500;90,5500;130392,0000;130392,00;0,000000;86,8150;86,8150;125013,6000;125013,60;125253,8600;125253,86;86,6650;-4,125;0,000;-4,125;0,247;4,593;0,153;0,173;0,154;0,000;0,000;240,2600;240,26;;;;DEUR;N067000;T100;;099847      SPAIN   BONOS  2,9% 2016  31/10/2046;90,55000000;90,55000000;86,81500000;86,81500000;86,66500000;144000,00000000;0,00000000;0,00000000;0,00000000;0,00000000;20251121
99;1I;45149;DE0001030740;BUNDESREPUBLIK 1,300% 2022-15/10/2027;EUR;FRANCOFORT;094000;100;I;7800000,000;0,000;0,000;0,000;98,7721;98,7721;7704230,9300;7704230,93;0,000000;98,7800;98,7800;7704840,0000;7704840,00;7715118,9000;7715118,90;98,7760;0,008;0,000;0,008;15,242;59,833;9,442;0,004;9,480;0,000;0,000;10278,9000;10278,90;;;;DEUR;N094000;T100;;090558      BUNDESREPUBLIK 1,300% 2022-15/10/2027;98,77219140;98,77219140;98,78000000;98,78000000;98,77600000;7800000,00000000;0,00000000;0,00000000;0,00000000;0,00000000;20251121
99;1I;48904;DE000BU35025;BUNDESOBLIGATION  2,100% 2024-12/04/2029;EUR;FRANCOFORT;094000;100;I;1000000,000;0,000;0,000;0,000;99,9540;99,9540;999540,0000;999540,00;0,000000;99,9140;99,9140;999140,0000;999140,00;1011970,1400;1011970,14;99,8950;-0,040;0,000;-0,040;1,999;7,848;1,224;0,019;1,229;0,000;0,000;12830,1400;12830,14;;;;DEUR;N094000;T100;;098776      BUNDESOBLIGATION  2,100% 2024-12/04/2029;99,95400000;99,95400000;99,91400000;99,91400000;99,89500000;1000000,00000000;0,00000000;0,00000000;0,00000000;0,00000000;20251121
99;1I;46637;DE000BU3Z005;BUNDESREPUBLIC 2,300% 2023-15/02/2033;EUR;FRANCOFORT;094000;100;I;800000,000;0,000;0,000;0,000;100,2240;100,2240;801792,0000;801792,00;0,000000;98,7320;98,7320;789856,0000;789856,00;803920,6600;803920,66;98,6650;-1,489;0,000;-1,489;1,588;6,235;0,968;0,068;0,972;0,000;0,000;14064,6600;14064,66;;;;DEUR;N094000;T100;;099032      BUNDESREPUBLIC 2,300% 2023-15/02/2033;100,22400000;100,22400000;98,73200000;98,73200000;98,66500000;800000,00000000;0,00000000;0,00000000;0,00000000;0,00000000;20251121
99;1I;41972;DE0001030732;BUNDESREPUBLIK 0% 2021/15.08.2031;EUR;FRANCOFORT;094000;100;I;650000,000;0,000;0,000;0,000;86,9090;86,9090;564908,5000;564908,50;0,000000;87,6430;87,6430;569679,5000;569679,50;569679,5000;569679,50;87,5810;0,845;0,000;0,845;1,125;4,418;0,698;0,071;0,701;0,000;0,000;0,0000;0,00;;;;DEUR;N094000;T100;;099302      BUNDESREPUBLIK 0% 2021/15.08.2031;86,90900000;86,90900000;87,64300000;87,64300000;87,58100000;650000,00000000;0,00000000;0,00000000;0,00000000;0,00000000;20251121
99;1I;47139;DE0001030757;BUNDESREPUBLIK DEU 1,8% 2023-15/08/2053;EUR;FRANCOFORT;094000;100;I;600000,000;0,000;0,000;0,000;84,4800;84,4800;506880,0000;506880,00;0,000000;72,8500;72,8500;437100,0000;437100,00;439999,7300;439999,73;72,7100;-13,767;0,000;-13,767;0,869;3,412;0,536;0,193;0,538;0,000;0,000;2899,7300;2899,73;;;;DEUR;N094000;T100;;099464      BUNDESREPUBLIK DEU 1,8% 2023-15/08/2053;84,48000000;84,48000000;72,85000000;72,85000000;72,71000000;600000,00000000;0,00000000;0,00000000;0,00000000;0,00000000;20251121
99;1I;40880;DE0001030724;BUNDES  ZC 2021/15.08.2050;EUR;FRANCOFORT;094000;100;I;475000,000;0,000;0,000;0,000;52,6170;52,6170;249930,7500;249930,75;0,000000;44,8420;44,8420;212999,5000;212999,50;212999,5000;212999,50;44,7610;-14,777;0,000;-14,777;0,421;1,652;0,261;0,181;0,262;0,000;0,000;0,0000;0,00;;;;DEUR;N094000;T100;;099739      BUNDES  ZC 2021/15.08.2050;52,61700000;52,61700000;44,84200000;44,84200000;44,76100000;475000,00000000;0,00000000;0,00000000;0,00000000;0,00000000;20251121
99;1I;46225;XS2591029876;ORSTED A/S 3,750% 2023-01/03/2030;EUR;LUXEMBOURG;021000;301;I;200000,000;0,000;0,000;0,000;102,7150;102,7150;205430,0000;205430,00;0,000000;101,7560;101,7560;203512,0000;203512,00;208957,2100;208957,21;101,7680;-0,934;0,000;-0,934;0,413;100,000;0,249;-0,012;0,250;0,000;0,000;5445,2100;5445,21;;;;DEUR;N021000;T200;;099751      ORSTED A/S 3,750% 2023-01/03/2030;102,71500000;102,71500000;101,75600000;101,75600000;101,76800000;200000,00000000;0,00000000;0,00000000;0,00000000;0,00000000;20251121
99;1I;47589;FR001400LPZ1;BPIFRANCE  3,5% 27.09.2027;EUR;PARIGI;029000;301;I;800000,000;0,000;0,000;0,000;102,4850;102,4850;819880,0000;819880,00;0,000000;101,9870;101,9870;815896,0000;815896,00;820115,1800;820115,18;101,9810;-0,486;0,000;-0,486;1,620;13,013;1,000;0,006;1,004;0,000;0,000;4219,1800;4219,18;;;;DEUR;N029000;T200;;099000      BPIFRANCE  3,5% 27.09.2027;102,48500000;102,48500000;101,98700000;101,98700000;101,98100000;800000,00000000;0,00000000;0,00000000;0,00000000;0,00000000;20251121
99;1I;46922;FR0013535150;ICADE SANTE SAS 1,375% 2020-17/09/2030;EUR;PARIGI;029000;301;I;600000,000;0,000;0,000;0,000;87,5580;87,5580;525348,0000;525348,00;0,000000;90,4780;90,4780;542868,0000;542868,00;544337,1800;544337,18;90,5030;3,335;0,000;3,335;1,075;8,637;0,665;-0,028;0,668;0,000;0,000;1469,1800;1469,18;;;;DEUR;N029000;T200;;099335      ICADE SANTE SAS 1,375% 2020-17/09/2030;87,55800000;87,55800000;90,47800000;90,47800000;90,50300000;600000,00000000;0,00000000;0,00000000;0,00000000;0,00000000;20251121
99;1I;60522;XS2898838516;NATWEST GROUP PLC TV (3,575) 09.12.2032;EUR;LONDRAEST;031000;301;I;500000,000;0,000;0,000;0,000;100,7090;100,7090;503545,0000;503545,00;0,000000;101,2890;101,2890;506445,0000;506445,00;509873,0800;509873,08;101,4730;0,576;0,000;0,576;1,007;70,630;0,621;-0,181;0,623;0,000;0,000;3428,0800;3428,08;;;;DEUR;N031000;T200;;099379      NATWEST GROUP PLC TV (3,575) 09.12.2032;100,70900000;100,70900000;101,28900000;101,28900000;101,47300000;500000,00000000;0,00000000;0,00000000;0,00000000;0,00000000;20251121
99;1I;46334;XS2596599063;NATWEST GRP PLC 4.699% 2023/14.03.2028;EUR;LONDRA;031000;301;I;200000,000;0,000;0,000;0,000;103,6580;103,6580;207316,0000;207316,00;0,000000;102,7650;102,7650;205530,0000;205530,00;212018,4800;212018,48;102,8100;-0,861;0,000;-0,861;0,419;29,370;0,252;-0,044;0,253;0,000;0,000;6488,4800;6488,48;;;;DEUR;N031000;T200;;099748      NATWEST GRP PLC 4.699% 2023/14.03.2028;103,65800000;103,65800000;102,76500000;102,76500000;102,81000000;200000,00000000;0,00000000;0,00000000;0,00000000;0,00000000;20251121
99;1I;45931;XS2464405229;AIB GROUP PLC TV (2.25%) 2023/04.04.2028;EUR;DUBLINO;040000;301;I;800000,000;0,000;0,000;0,000;98,4560;98,4560;787648,0000;787648,00;0,000000;99,5480;99,5480;796384,0000;796384,00;807775,7800;807775,78;99,5700;1,109;0,000;1,109;1,596;89,421;0,976;-0,022;0,980;0,000;0,000;11391,7800;11391,78;;;;DEUR;N040000;T200;;099024      AIB GROUP PLC TV (2.25%) 2023/04.04.2028;98,45600000;98,45600000;99,54800000;99,54800000;99,57000000;800000,00000000;0,00000000;0,00000000;0,00000000;0,00000000;20251121
99;1I;48032;XS2744491874;NEDER WATERSCHAPSBANK 2,625% 10.01.2034;EUR;STOCCARDA;050000;301;I;1000000,000;0,000;0,000;0,000;98,3230;98,3230;983230,0000;983230,00;0,000000;97,6100;97,6100;976100,0000;976100,00;998754,1100;998754,11;97,4920;-0,725;0,000;-0,725;1,973;46,118;1,196;0,121;1,201;0,000;0,000;22654,1100;22654,11;;;;DEUR;N050000;T200;;098804      NEDER WATERSCHAPSBANK 2,625% 10.01.2034;98,32300000;98,32300000;97,61000000;97,61000000;97,49200000;1000000,00000000;0,00000000;0,00000000;0,00000000;0,00000000;20251121
99;1I;45987;XS2579321337;NEDER WATERSCHAPSBANK 2% 2023/17.12.2029;EUR;LUXEMBOURG;050000;301;I;250000,000;0,000;0,000;0,000;100,8560;100,8560;252140,0000;252140,00;0,000000;101,0880;101,0880;252720,0000;252720,00;259105,2700;259105,27;101,0310;0,230;0,000;0,230;0,512;11,964;0,310;0,056;0,311;0,000;0,000;6385,2700;6385,27;;;;DEUR;N050000;T200;;099690      NEDER WATERSCHAPSBANK 2% 2023/17.12.2029;100,85600000;100,85600000;101,08800000;101,08800000;101,03100000;250000,00000000;0,00000000;0,00000000;0,00000000;0,00000000;20251121
99;1I;42206;PTBCPEOM0069;BCO COMERCIAL PORTUGUES 1,75%21/07.04.28;EUR;DUBLINO;055000;301;I;600000,000;0,000;0,000;0,000;97,1250;97,1250;582750,0000;582750,00;0,000000;98,8810;98,8810;593286,0000;593286,00;599844,9000;599844,90;98,8810;1,808;0,000;1,808;1,185;58,602;0,727;0,000;0,730;0,000;0,000;6558,9000;6558,90;;;;DEUR;N055000;T200;;099273      BCO COMERCIAL PORTUGUES 1,75%21/07.04.28;97,12500000;97,12500000;98,88100000;98,88100000;98,88100000;600000,00000000;0,00000000;0,00000000;0,00000000;0,00000000;20251121
99;1I;39819;PTEDPROM0029;ENERGIAS DE PORT 1.875% 2021/02.08.2081;EUR;DUBLINO;055000;301;I;300000,000;0,000;0,000;0,000;97,4210;97,4210;292263,0000;292263,00;0,000000;99,0810;99,0810;297243,0000;297243,00;298953,6200;298953,62;99,1230;1,704;0,000;1,704;0,591;29,206;0,364;-0,042;0,366;0,000;0,000;1710,6200;1710,62;;;;DEUR;N055000;T200;;099636      ENERGIAS DE PORT 1.875% 2021/02.08.2081;97,42100000;97,42100000;99,08100000;99,08100000;99,12300000;300000,00000000;0,00000000;0,00000000;0,00000000;0,00000000;20251121
99;1I;49005;PTEDPZOM0011;ENERGIAS DE PORT (4,750%) TV 29/05/2054;EUR;DUBLINO;055000;301;I;100000,000;0,000;0,000;0,000;102,2090;102,2090;102209,0000;102209,00;0,000000;103,1730;103,1730;103173,0000;103173,00;105463,4100;105463,41;103,3200;0,943;0,000;0,943;0,208;10,303;0,126;-0,142;0,127;0,000;0,000;2290,4100;2290,41;;;;DEUR;N055000;T200;;099874      ENERGIAS DE PORT (4,750%) TV 29/05/2054;102,20900000;102,20900000;103,17300000;103,17300000;103,32000000;100000,00000000;0,00000000;0,00000000;0,00000000;0,00000000;20251121
99;1I;46835;XS2623501181;CAIXABANK TV 4,625% 2023-16/05/2027;EUR;DUBLINO;067000;301;I;300000,000;0,000;0,000;0,000;102,2840;102,2840;306852,0000;306852,00;0,000000;101,0100;101,0100;303030,0000;303030,00;310214,5900;310214,59;101,0310;-1,246;0,000;-1,246;0,613;11,376;0,371;-0,021;0,373;0,000;0,000;7184,5900;7184,59;;;;DEUR;N067000;T200;;099629      CAIXABANK TV 4,625% 2023-16/05/2027;102,28400000;102,28400000;101,01000000;101,01000000;101,03100000;300000,00000000;0,00000000;0,00000000;0,00000000;0,00000000;20251121
99;1I;45312;XS2538778478;INSTITUTO DE CREDIT 2.65% 2022/31.0.2028;EUR;AIAF;067000;301;I;200000,000;0,000;0,000;0,000;100,3390;100,3390;200678,0000;200678,00;0,000000;100,9270;100,9270;201854,0000;201854,00;206123,0400;206123,04;100,9300;0,586;0,000;0,586;0,407;7,559;0,247;-0,003;0,248;0,000;0,000;4269,0400;4269,04;;;;DEUR;N067000;T200;;099753      INSTITUTO DE CREDIT 2.65% 2022/31.0.2028;100,33900000;100,33900000;100,92700000;100,92700000;100,93000000;200000,00000000;0,00000000;0,00000000;0,00000000;0,00000000;20251121
99;1I;47444;XS2684860203;CREDITO EMILIANO (TV) 4.875% 26.03.2030;EUR;DUBLINO;086000;301;I;300000,000;0,000;0,000;0,000;106,5840;106,5840;319752,0000;319752,00;0,000000;105,9950;105,9950;317985,0000;317985,00;327601,4400;327601,44;106,0540;-0,553;0,000;-0,553;0,647;3,924;0,390;-0,056;0,391;0,000;0,000;9616,4400;9616,44;;;;DEUR;N086000;T200;;099610      CREDITO EMILIANO (TV) 4.875% 26.03.2030;106,58400000;106,58400000;105,99500000;105,99500000;106,05400000;300000,00000000;0,00000000;0,00000000;0,00000000;0,00000000;20251121
99;1I;46047;XS2583205906;A2A SPA 4,375% 2023-03/02/2034;EUR;LUXEMBOURG;086000;301;I;200000,000;0,000;0,000;0,000;105,7230;105,7230;211446,0000;211446,00;0,000000;105,3130;105,3130;210626,0000;210626,00;217602,0300;217602,03;105,2250;-0,388;0,000;-0,388;0,430;2,606;0,258;0,084;0,259;0,000;0,000;6976,0300;6976,03;;;;DEUR;N086000;T200;;099742      A2A SPA 4,375% 2023-03/02/2034;105,72300000;105,72300000;105,31300000;105,31300000;105,22500000;200000,00000000;0,00000000;0,00000000;0,00000000;0,00000000;20251121
99;1I;60711;XS2948434266;PRYSMIAN SPA 3,875% 2024-28/11/2031;EUR;LUXEMBOURG;086000;301;I;200000,000;0,000;0,000;0,000;101,0770;101,0770;202154,0000;202154,00;0,000000;102,1890;102,1890;204378,0000;204378,00;211979,3700;211979,37;102,3450;1,100;0,000;1,100;0,419;2,539;0,250;-0,152;0,251;0,000;0,000;7601,3700;7601,37;;;;DEUR;N086000;T200;;099750      PRYSMIAN SPA 3,875% 2024-28/11/2031;101,07700000;101,07700000;102,18900000;102,18900000;102,34500000;200000,00000000;0,00000000;0,00000000;0,00000000;0,00000000;20251121
99;1I;48514;DE000A3829J7;VONOVIA FINANCE B 4,250% 2024-10/04/2034;EUR;LUXEMBOURG;094000;301;I;800000,000;0,000;0,000;0,000;102,9940;102,9940;823952,0000;823952,00;0,000000;102,6670;102,6670;821336,0000;821336,00;842294,9000;842294,90;102,5920;-0,317;0,000;-0,317;1,664;6,532;1,007;0,073;1,011;0,000;0,000;20958,9000;20958,90;;;;DEUR;N094000;T200;;098993      VONOVIA FINANCE B 4,250% 2024-10/04/2034;102,99400000;102,99400000;102,66700000;102,66700000;102,59200000;800000,00000000;0,00000000;0,00000000;0,00000000;0,00000000;20251121
99;1I;45627;DE000A30VQA4;VONOVIA SE 4,75% 2022/23.05.2027;EUR;LUXEMBOURG;094000;301;I;300000,000;0,000;0,000;0,000;104,0200;104,0200;312060,0000;312060,00;0,000000;103,1690;103,1690;309507,0000;309507,00;316612,4800;316612,48;103,1140;-0,818;0,000;-0,818;0,626;2,455;0,379;0,053;0,381;0,000;0,000;7105,4800;7105,48;;;;DEUR;N094000;T200;;099621      VONOVIA SE 4,75% 2022/23.05.2027;104,02000000;104,02000000;103,16900000;103,16900000;103,11400000;300000,00000000;0,00000000;0,00000000;0,00000000;0,00000000;20251121
99;1I;38968;EU000A283859;EUROPEAN UNION 0% 2020/04.10.2020;EUR;LUXEMBOURG;921000;301;I;1000000,000;0,000;0,000;0,000;86,4750;86,4750;864750,0000;864750,00;0,000000;88,9270;88,9270;889270,0000;889270,00;889270,0000;889270,00;88,8510;2,836;0,000;2,836;1,757;100,000;1,090;0,086;1,094;0,000;0,000;0,0000;0,00;;;;DEUR;N921000;T200;;098910      EUROPEAN UNION 0% 2020/04.10.2020;86,47500000;86,47500000;88,92700000;88,92700000;88,85100000;1000000,00000000;0,00000000;0,00000000;0,00000000;0,00000000;20251121
99;1I;48399;XS2610236528;COUNCIL OF EUROPE 2.875% 2024/13.04.2030;EUR;FRANCOFORT;974000;301;I;1000000,000;0,000;0,000;0,000;101,7660;101,7660;1017660,0000;1017660,00;0,000000;101,3050;101,3050;1013050,0000;1013050,00;1030536,3000;1030536,30;101,2520;-0,453;0,000;-0,453;2,036;84,292;1,241;0,052;1,246;0,000;0,000;17486,3000;17486,30;;;;DEUR;N974000;T200;;098759      COUNCIL OF EUROPE 2.875% 2024/13.04.2030;101,76600000;101,76600000;101,30500000;101,30500000;101,25200000;1000000,00000000;0,00000000;0,00000000;0,00000000;0,00000000;20251121
99;1I;45313;XS2468525451;COUNCIL OF EUROPE 1% 2022/13.04.2029;EUR;STOCCARDA;974000;301;I;200000,000;0,000;0,000;0,000;94,1970;94,1970;188394,0000;188394,00;0,000000;95,4100;95,4100;190820,0000;190820,00;192036,4400;192036,44;95,3670;1,288;0,000;1,288;0,379;15,708;0,234;0,045;0,235;0,000;0,000;1216,4400;1216,44;;;;DEUR;N974000;T200;;099766      COUNCIL OF EUROPE 1% 2022/13.04.2029;94,19700000;94,19700000;95,41000000;95,41000000;95,36700000;200000,00000000;0,00000000;0,00000000;0,00000000;0,00000000;20251121
99;1I;06036;AT0000937503;VOEST ALPINE AG;EUR;VIENNA;008000;201;I;5166,000;0,000;0,000;0,000;22,5530;22,5530;116509,0700;116509,07;0,000000;34,2800;34,2800;177090,4800;177090,48;177090,4800;177090,48;34,9200;51,997;0,000;51,997;0,350;1,449;0,217;-1,833;0,218;0,000;0,000;0,0000;0,00;;;;DEUR;N008000;T300;;099783      VOEST ALPINE AG;22,55305265;22,55305265;34,28000000;34,28000000;34,92000000;5166,00000000;0,00000000;0,00000000;0,00000000;0,00000000;20251121
99;1I;08457;FI0009000681;NOKIA OYJ;EUR;HELSINKI;028000;201;I;29362,000;0,000;0,000;0,000;5,0514;5,0514;148322,0400;148322,04;0,000000;5,1300;5,1300;150627,0600;150627,06;150627,0600;150627,06;5,2000;1,554;0,000;1,554;0,298;100,000;0,185;-1,346;0,185;0,000;0,000;0,0000;0,00;;;;DEUR;N028000;T300;;099815      NOKIA OYJ;5,05149649;5,05149649;5,13000000;5,13000000;5,20000000;29362,00000000;0,00000000;0,00000000;0,00000000;0,00000000;20251121
99;1I;08436;FR0000120321;L'OREAL;EUR;PARIGI;029000;201;I;583,000;0,000;0,000;0,000;391,5413;391,5413;228268,5800;228268,58;0,000000;361,5000;361,5000;210754,5000;210754,50;210754,5000;210754,50;352,1500;-7,673;0,000;-7,673;0,416;3,344;0,258;2,655;0,259;0,000;0,000;0,0000;0,00;;;;DEUR;N029000;T300;;099742      L'OREAL;391,54130360;391,54130360;361,50000000;361,50000000;352,15000000;583,00000000;0,00000000;0,00000000;0,00000000;0,00000000;20251121
99;1I;14112;FR0010451203;REXEL SA;EUR;PARIGI;029000;201;I;2946,000;0,000;0,000;0,000;25,7773;25,7773;75940,1800;75940,18;0,000000;30,8100;30,8100;90766,2600;90766,26;90766,2600;90766,26;30,9100;19,523;0,000;19,523;0,179;1,440;0,111;-0,324;0,112;0,000;0,000;0,0000;0,00;;;;DEUR;N029000;T300;;099889      REXEL SA;25,77738628;25,77738628;30,81000000;30,81000000;30,91000000;2946,00000000;0,00000000;0,00000000;0,00000000;0,00000000;20251121
99;1I;06469;FR0010307819;LEGRAND PROMESSES;EUR;PARIGI;029000;201;I;617,000;0,000;0,000;0,000;131,2401;131,2401;80975,1800;80975,18;0,000000;126,8500;126,8500;78266,4500;78266,45;78266,4500;78266,45;129,6000;-3,345;0,000;-3,345;0,155;1,242;0,096;-2,122;0,096;0,000;0,000;0,0000;0,00;;;;DEUR;N029000;T300;;099904      LEGRAND PROMESSES;131,24016207;131,24016207;126,85000000;126,85000000;129,60000000;617,00000000;0,00000000;0,00000000;0,00000000;0,00000000;20251121
99;1I;14500;NL0010273215;ASML HLDG NV NEW;EUR;AMSTERDAM;050000;201;I;382,000;0,000;0,000;0,000;718,3692;718,3692;274417,0700;274417,07;0,000000;834,0000;834,0000;318588,0000;318588,00;318588,0000;318588,00;889,8000;16,096;0,000;16,096;0,629;14,711;0,390;-6,271;0,392;0,000;0,000;0,0000;0,00;;;;DEUR;N050000;T300;;099610      ASML HLDG NV NEW;718,36929319;718,36929319;834,00000000;834,00000000;889,80000000;382,00000000;0,00000000;0,00000000;0,00000000;0,00000000;20251121
99;1I;27009;NL0010801007;IMCD GROUP NV;EUR;AMSTERDAM;050000;201;I;3029,000;0,000;0,000;0,000;119,2594;119,2594;361236,9500;361236,95;0,000000;77,5000;77,5000;234747,5000;234747,50;234747,5000;234747,50;75,9600;-35,016;0,000;-35,016;0,464;10,840;0,288;2,027;0,289;0,000;0,000;0,0000;0,00;;;;DEUR;N050000;T300;;099712      IMCD GROUP NV;119,25947507;119,25947507;77,50000000;77,50000000;75,96000000;3029,00000000;0,00000000;0,00000000;0,00000000;0,00000000;20251121
99;1I;35896;NL0013654783;PROSUS;EUR;AMSTERDAM;050000;201;I;2777,000;0,000;0,000;0,000;44,4979;44,4979;123570,7000;123570,70;0,000000;56,6200;56,6200;157233,7400;157233,74;157233,7400;157233,74;57,4500;27,242;0,000;27,242;0,311;7,260;0,193;-1,445;0,193;0,000;0,000;0,0000;0,00;;;;DEUR;N050000;T300;;099807      PROSUS;44,49791141;44,49791141;56,62000000;56,62000000;57,45000000;2777,00000000;0,00000000;0,00000000;0,00000000;0,00000000;20251121
99;1I;01895;NL0000226223;STMICROELECTRONICS - MILANO;EUR;MILANO;050000;201;I;7699,000;0,000;0,000;0,000;24,0787;24,0787;185382,5200;185382,52;0,000000;18,8040;18,8040;144772,0000;144772,00;144772,0000;144772,00;18,9400;-21,906;0,000;-21,906;0,286;6,685;0,177;-0,718;0,178;0,000;0,000;0,0000;0,00;;;;DEUR;N050000;T300;;099823      STMICROELECTRONICS - MILANO;24,07877906;24,07877906;18,80400000;18,80400000;18,94000000;7699,00000000;0,00000000;0,00000000;0,00000000;0,00000000;20251121
99;1I;48620;NL0015001KT6;BREMBO N.V.;EUR;MILANO;050000;201;I;5867,000;0,000;0,000;0,000;8,8815;8,8815;52108,0800;52108,08;0,000000;8,9400;8,9400;52450,9800;52450,98;52450,9800;52450,98;8,8850;0,658;0,000;0,658;0,104;2,422;0,064;0,619;0,065;0,000;0,000;0,0000;0,00;;;;DEUR;N050000;T300;;099936      BREMBO N.V.;8,88155445;8,88155445;8,94000000;8,94000000;8,88500000;5867,00000000;0,00000000;0,00000000;0,00000000;0,00000000;20251121
99;1I;02400;PTEDP0AM0009;ENERGIAS DE PORTUGAL SA;EUR;LISBONA;055000;201;I;5140,000;0,000;0,000;0,000;3,2699;3,2699;16807,3300;16807,33;0,000000;3,7600;3,7600;19326,4000;19326,40;19326,4000;19326,40;3,7790;14,988;0,000;14,988;0,038;1,888;0,024;-0,503;0,024;0,000;0,000;0,0000;0,00;;;;DEUR;N055000;T300;;099976      ENERGIAS DE PORTUGAL SA;3,26990856;3,26990856;3,76000000;3,76000000;3,77900000;5140,00000000;0,00000000;0,00000000;0,00000000;0,00000000;20251121
99;1I;09439;ES0127797019;EDP RENOVAVEIS SA;EUR;LISBONA;067000;201;I;16598,000;0,000;0,000;0,000;9,8418;9,8418;163354,8700;163354,87;0,000000;11,2900;11,2900;187391,4200;187391,42;187391,4200;187391,42;11,5500;14,714;0,000;14,714;0,370;6,872;0,230;-2,251;0,231;0,000;0,000;0,0000;0,00;;;;DEUR;N067000;T300;;099770      EDP RENOVAVEIS SA;9,84184058;9,84184058;11,29000000;11,29000000;11,55000000;16598,00000000;0,00000000;0,00000000;0,00000000;0,00000000;20251121
99;1I;23311;ES0105025003;MERLIN PROPERTIES SOCIMI SA;EUR;MADRID;067000;201;I;3964,000;0,000;0,000;0,000;10,5807;10,5807;41942,0700;41942,07;0,000000;12,3700;12,3700;49034,6800;49034,68;49034,6800;49034,68;12,5800;16,910;0,000;16,910;0,097;1,798;0,060;-1,669;0,060;0,000;0,000;0,0000;0,00;;;;DEUR;N067000;T300;;099940      MERLIN PROPERTIES SOCIMI SA;10,58074419;10,58074419;12,37000000;12,37000000;12,58000000;3964,00000000;0,00000000;0,00000000;0,00000000;0,00000000;20251121
99;1I;46596;CH1216478797;DSM-FIRMENICH AG;EUR;AMSTERDAM;071000;201;I;7562,000;0,000;0,000;0,000;90,3752;90,3752;683417,5800;683417,58;0,000000;71,1400;71,1400;537960,6800;537960,68;537960,6800;537960,68;69,6000;-21,284;0,000;-21,284;1,063;100,000;0,659;2,213;0,662;0,000;0,000;0,0000;0,00;;;;DEUR;N071000;T300;;099341      DSM-FIRMENICH AG;90,37524199;90,37524199;71,14000000;71,14000000;69,60000000;7562,00000000;0,00000000;0,00000000;0,00000000;0,00000000;20251121
99;1I;02206;DE0005200000;BEIERSDORF AG;EUR;NEUERMKT;094000;201;I;2109,000;0,000;0,000;0,000;116,7982;116,7982;246327,5900;246327,59;0,000000;89,2000;89,2000;188122,8000;188122,80;188122,8000;188122,80;87,7600;-23,629;0,000;-23,629;0,372;1,459;0,231;1,641;0,231;0,000;0,000;0,0000;0,00;;;;DEUR;N094000;T300;;099769      BEIERSDORF AG;116,79828828;116,79828828;89,20000000;89,20000000;87,76000000;2109,00000000;0,00000000;0,00000000;0,00000000;0,00000000;20251121
99;1I;33682;DE000KBX1006;KNORR-BREMSE AG;EUR;NEUERMKT;094000;201;I;1999,000;0,000;0,000;0,000;83,0571;83,0571;166031,2300;166031,23;0,000000;83,6000;83,6000;167116,4000;167116,40;167116,4000;167116,40;83,3000;0,654;0,000;0,654;0,330;1,296;0,205;0,360;0,206;0,000;0,000;0,0000;0,00;;;;DEUR;N094000;T300;;099795      KNORR-BREMSE AG;83,05714357;83,05714357;83,60000000;83,60000000;83,30000000;1999,00000000;0,00000000;0,00000000;0,00000000;0,00000000;20251121
99;1I;08512;DE0007164600;SAP SE;EUR;NEUERMKT;094000;201;I;790,000;0,000;0,000;0,000;241,8078;241,8078;191028,2200;191028,22;0,000000;205,0000;205,0000;161950,0000;161950,00;161950,0000;161950,00;206,6000;-15,222;0,000;-15,222;0,320;1,256;0,198;-0,774;0,199;0,000;0,000;0,0000;0,00;;;;DEUR;N094000;T300;;099802      SAP SE;241,80787341;241,80787341;205,00000000;205,00000000;206,60000000;790,00000000;0,00000000;0,00000000;0,00000000;0,00000000;20251121
99;1I;24199;DE000ZAL1111;ZALANDO-ORD SHS;EUR;NEUERMKT;094000;201;I;6621,000;0,000;0,000;0,000;27,2416;27,2416;180366,8300;180366,83;0,000000;22,1400;22,1400;146588,9400;146588,94;146588,9400;146588,94;22,6100;-18,727;0,000;-18,727;0,290;1,137;0,180;-2,079;0,180;0,000;0,000;0,0000;0,00;;;;DEUR;N094000;T300;;099820      ZALANDO-ORD SHS;27,24162966;27,24162966;22,14000000;22,14000000;22,61000000;6621,00000000;0,00000000;0,00000000;0,00000000;0,00000000;20251121
99;1I;19412;DE000A1ML7J1;VONOVIA SE;EUR;NEUERMKT;094000;201;I;5308,000;0,000;0,000;0,000;27,2215;27,2215;144492,0700;144492,07;0,000000;26,0500;26,0500;138273,4000;138273,40;138273,4000;138273,40;25,9000;-4,304;0,000;-4,304;0,273;1,072;0,169;0,579;0,170;0,000;0,000;0,0000;0,00;;;;DEUR;N094000;T300;;099831      VONOVIA SE;27,22156556;27,22156556;26,05000000;26,05000000;25,90000000;5308,00000000;0,00000000;0,00000000;0,00000000;0,00000000;20251121
99;1I;08529;DE0005557508;DEUTSCHE TELEKOM - NOMINATIVE;EUR;NEUERMKT;094000;201;I;4683,000;0,000;0,000;0,000;31,3135;31,3135;146641,3300;146641,33;0,000000;27,6200;27,6200;129344,4600;129344,46;129344,4600;129344,46;27,0800;-11,795;0,000;-11,795;0,256;1,003;0,159;1,994;0,159;0,000;0,000;0,0000;0,00;;;;DEUR;N094000;T300;;099841      DEUTSCHE TELEKOM - NOMINATIVE;31,31354473;31,31354473;27,62000000;27,62000000;27,08000000;4683,00000000;0,00000000;0,00000000;0,00000000;0,00000000;20251121
99;1I;12154;DE000KSAG888;K+S AG NEW;EUR;NEUERMKT;094000;201;I;3085,000;0,000;0,000;0,000;11,2039;11,2039;34564,1000;34564,10;0,000000;11,0100;11,0100;33965,8500;33965,85;33965,8500;33965,85;10,9500;-1,731;0,000;-1,731;0,067;0,263;0,042;0,548;0,042;0,000;0,000;0,0000;0,00;;;;DEUR;N094000;T300;;099958      K+S AG NEW;11,20392220;11,20392220;11,01000000;11,01000000;10,95000000;3085,00000000;0,00000000;0,00000000;0,00000000;0,00000000;20251121
99;1I;07217;DE000SYM9999;SYMRISE AG;EUR;NEUERMKT;094000;201;I;231,000;0,000;0,000;0,000;96,2720;96,2720;22238,8400;22238,84;0,000000;70,8400;70,8400;16364,0400;16364,04;16364,0400;16364,04;68,6000;-26,417;0,000;-26,417;0,032;0,127;0,020;3,265;0,020;0,000;0,000;0,0000;0,00;;;;DEUR;N094000;T300;;099980      SYMRISE AG;96,27203463;96,27203463;70,84000000;70,84000000;68,60000000;231,00000000;0,00000000;0,00000000;0,00000000;0,00000000;20251121
99;1I;03565;IT0003497168;TELECOM ITALIA SPA ORD.;EUR;MILANO;086000;201;I;786528,000;0,000;0,000;0,000;0,3014;0,3014;237082,8300;237082,83;0,000000;0,4867;0,4867;382803,1800;382803,18;382803,1800;382803,18;0,4898;61,464;0,000;61,464;0,756;4,585;0,469;-0,633;0,471;0,000;0,000;0,0000;0,00;;;;DEUR;N111111;T300;;099531      TELECOM ITALIA SPA ORD.;0,30142961;0,30142961;0,48670000;0,48670000;0,48980000;786528,00000000;0,00000000;0,00000000;0,00000000;0,00000000;20251121
99;1I;17410;IT0004965148;MONCLER SPA;EUR;MILANO;086000;201;I;5669,000;0,000;0,000;0,000;53,2856;53,2856;302076,3000;302076,30;0,000000;56,2200;56,2200;318711,1800;318711,18;318711,1800;318711,18;56,5000;5,507;0,000;5,507;0,630;3,817;0,391;-0,496;0,392;0,000;0,000;0,0000;0,00;;;;DEUR;N111111;T300;;099609      MONCLER SPA;53,28564120;53,28564120;56,22000000;56,22000000;56,50000000;5669,00000000;0,00000000;0,00000000;0,00000000;0,00000000;20251121
99;1I;08544;IT0001157020;ERG ORD.;EUR;MILANO;086000;201;I;6265,000;0,000;0,000;0,000;19,5405;19,5405;122421,5200;122421,52;0,000000;21,5600;21,5600;135073,4000;135073,40;135073,4000;135073,40;22,0200;10,335;0,000;10,335;0,267;1,618;0,166;-2,089;0,166;0,000;0,000;0,0000;0,00;;;;DEUR;N111111;T300;;099834      ERG ORD.;19,54054589;19,54054589;21,56000000;21,56000000;22,02000000;6265,00000000;0,00000000;0,00000000;0,00000000;0,00000000;20251121
99;1I;08531;IT0001078911;INTERPUMP GROUP;EUR;MILANO;086000;201;I;1813,000;0,000;0,000;0,000;38,7780;38,7780;70304,5900;70304,59;0,000000;41,7400;41,7400;75674,6200;75674,62;75674,6200;75674,62;41,8400;7,638;0,000;7,638;0,150;0,906;0,093;-0,239;0,093;0,000;0,000;0,0000;0,00;;;;DEUR;N111111;T300;;099907      INTERPUMP GROUP;38,77804191;38,77804191;41,74000000;41,74000000;41,84000000;1813,00000000;0,00000000;0,00000000;0,00000000;0,00000000;20251121
99;1I;07862;IT0003492391;DIASORIN;EUR;MILANO;086000;201;I;580,000;0,000;0,000;0,000;93,0188;93,0188;53950,9600;53950,96;0,000000;59,5400;59,5400;34533,2000;34533,20;34533,2000;34533,20;58,8000;-35,992;0,000;-35,992;0,068;0,414;0,042;1,259;0,042;0,000;0,000;0,0000;0,00;;;;DEUR;N111111;T300;;099958      DIASORIN;93,01889655;93,01889655;59,54000000;59,54000000;58,80000000;580,00000000;0,00000000;0,00000000;0,00000000;0,00000000;20251121
99;1I;04321;IT0003242622;TERNA SPA;EUR;MILANO;086000;201;I;3292,000;0,000;0,000;0,000;7,9001;7,9001;26007,4100;26007,41;0,000000;9,1760;9,1760;30207,3900;30207,39;30207,3900;30207,39;9,1020;16,149;0,000;16,149;0,060;0,362;0,037;0,813;0,037;0,000;0,000;0,0000;0,00;;;;DEUR;N111111;T300;;099963      TERNA SPA;7,90018529;7,90018529;9,17600000;9,17600000;9,10200000;3292,00000000;0,00000000;0,00000000;0,00000000;0,00000000;20251121
99;1I;03436;IT0001250932;HERA SPA;EUR;MILANO;086000;201;I;4983,000;0,000;0,000;0,000;3,5967;3,5967;17922,4400;17922,44;0,000000;4,1180;4,1180;20519,9900;20519,99;20519,9900;20519,99;4,2080;14,493;0,000;14,493;0,041;0,246;0,025;-2,139;0,025;0,000;0,000;0,0000;0,00;;;;DEUR;N111111;T300;;099975      HERA SPA;3,59671683;3,59671683;4,11800000;4,11800000;4,20800000;4983,00000000;0,00000000;0,00000000;0,00000000;0,00000000;20251121
99;1I;23184;IT0005090300;INFRASTRUTTURE WIRELESS ITAL;EUR;MILANO;086000;201;I;2337,000;0,000;0,000;0,000;9,6788;9,6788;22619,4400;22619,44;0,000000;7,8950;7,8950;18450,6200;18450,62;18450,6200;18450,62;7,7450;-18,430;0,000;-18,430;0,036;0,221;0,023;1,937;0,023;0,000;0,000;0,0000;0,00;;;;DEUR;N111111;T300;;099977      INFRASTRUTTURE WIRELESS ITAL;9,67883611;9,67883611;7,89500000;7,89500000;7,74500000;2337,00000000;0,00000000;0,00000000;0,00000000;0,00000000;20251121
99;1I;34530;IT0005366767;NEXI SPA;EUR;MILANO;086000;201;I;3622,000;0,000;0,000;0,000;5,0505;5,0505;18293,0600;18293,06;0,000000;3,7920;3,7920;13734,6200;13734,62;13734,6200;13734,62;3,7400;-24,919;0,000;-24,919;0,027;0,165;0,017;1,390;0,017;0,000;0,000;0,0000;0,00;;;;DEUR;N111111;T300;;099983      NEXI SPA;5,05054113;5,05054113;3,79200000;3,79200000;3,74000000;3622,00000000;0,00000000;0,00000000;0,00000000;0,00000000;20251121
99;1O;38515;XS2044910466;PEARSON FNDG 3.75% 2020/04.06.2030;GBP;DUBLINO;111111;301;O;800000,000;0,000;0,000;0,000;93,4780;113,0326;747824,0000;904261,19;0,827000;95,9380;109,1196;767504,0000;872957,23;781476,5980;888849,63;95,8220;2,632;6,312;-3,462;36,312;3,274;1,070;0,121;1,074;0,000;0,000;13972,5980;15892,40;;;;DGBP;N031000;T200;;098930      PEARSON FNDG 3.75% 2020/04.06.2030;93,47800000;113,03264880;95,93800000;109,11965423;95,82200000;800000,00000000;0,00000000;0,00000000;0,00000000;0,00000000;20251121
99;1O;46848;USP3772WAK82;BANCO DO BRASIL (CAY)4.875%.23/11.01.29;USD;FIPS;111111;301;O;800000,000;0,000;0,000;0,000;95,0460;91,7786;760368,0000;734229,43;1,035600;99,0370;86,0966;792296,0000;688773,36;806379,3290;701016,54;99,0270;4,199;11,076;-6,191;3,353;2,582;0,844;0,010;0,847;0,000;0,000;14083,3290;12243,18;;;;DUSD;N211000;T200;;099156      BANCO DO BRASIL (CAY)4.875%.23/11.01.29;95,04600000;91,77867880;99,03700000;86,09667043;99,02700000;800000,00000000;0,00000000;0,00000000;0,00000000;0,00000000;20251121
99;1O;03510;CA1363751027;CANADIAN NATIONAL RAILWAY CAD;CAD;TORONTO;111111;201;O;2917,000;0,000;0,000;0,000;141,4422;92,7942;412586,9100;270680,73;1,524257;131,1100;80,6830;382447,8700;235352,54;382447,8700;235352,54;129,8500;-7,305;6,609;-13,052;97,608;0,867;0,288;0,970;0,290;0,000;0,000;0,0000;0,00;;;;DCAD;N013000;T300;;099712      CANADIAN NATIONAL RAILWAY CAD;141,44220432;92,79421666;131,11000000;80,68307692;129,85000000;2917,00000000;0,00000000;0,00000000;0,00000000;0,00000000;20251121
99;1O;31128;CA67077M1086;NUTRIEN-ORD SHS USD;USD;NEW YORK;111111;201;O;3406,000;0,000;0,000;0,000;48,4522;45,0008;165028,2800;153272,90;1,076696;56,1900;48,8481;191383,1400;166376,72;191383,1400;166376,72;55,0600;15,970;6,836;8,549;0,796;0,613;0,204;2,052;0,205;0,000;0,000;0,0000;0,00;;;;DUSD;N013000;T300;;099796      NUTRIEN-ORD SHS USD;48,45222548;45,00085143;56,19000000;48,84812657;55,06000000;3406,00000000;0,00000000;0,00000000;0,00000000;0,00000000;20251121
99;1O;10636;DK0060079531;DSV A/S;DKK;COPENHAGEN;111111;201;O;1094,000;0,000;0,000;0,000;1417,7000;189,8422;1550963,8870;207687,43;7,467779;1389,5000;186,0356;1520113,0000;203522,96;1520113,0000;203522,96;1388,0000;-1,989;0,016;-2,005;12,938;0,750;0,249;0,108;0,250;0,000;0,000;0,0000;0,00;;;;DDKK;N021000;T300;;099751      DSV A/S;1417,70007952;189,84225777;1389,50000000;186,03561387;1388,00000000;1094,00000000;0,00000000;0,00000000;0,00000000;0,00000000;20251121
99;1O;47417;DK0062498333;NOVO NORDISK A/S-B;DKK;COPENHAGEN;111111;201;O;1904,000;0,000;0,000;0,000;594,0216;79,6445;1131017,3100;151643,25;7,458409;304,6500;40,7885;580053,6000;77661,48;580053,6000;77661,48;314,1500;-48,714;0,142;-48,787;4,937;0,286;0,095;-3,024;0,096;0,000;0,000;0,0000;0,00;;;;DDKK;N021000;T300;;099905      NOVO NORDISK A/S-B;594,02169642;79,64456407;304,65000000;40,78859285;314,15000000;1904,00000000;0,00000000;0,00000000;0,00000000;0,00000000;20251121
99;1O;01165;GB0009895292;ASTRAZENECA PLC. GBP;GBP;LONDRA;111111;201;O;2672,000;0,000;0,000;0,000;123,4737;142,0165;329921,8400;379468,13;0,869432;138,2000;157,1883;369270,4000;420007,28;369270,4000;420007,28;136,5000;11,927;1,123;10,683;17,159;1,547;0,515;1,245;0,517;0,000;0,000;0,0000;0,00;;;;DGBP;N031000;T300;;099485      ASTRAZENECA PLC. GBP;123,47374251;142,01651571;138,20000000;157,18835304;136,50000000;2672,00000000;0,00000000;0,00000000;0,00000000;0,00000000;20251121
99;1O;29175;GB00BDR05C01;NATIONAL GRID PLC - ORD SHS;GBP;LONDRA;111111;201;O;13568,000;0,000;0,000;0,000;9,9267;11,7899;134686,2000;159965,78;0,841969;11,3850;12,9492;154471,6800;175695,72;154471,6800;175695,72;11,3950;14,690;4,422;9,833;7,178;0,647;0,215;-0,088;0,216;0,000;0,000;0,0000;0,00;;;;DGBP;N031000;T300;;099785      NATIONAL GRID PLC - ORD SHS;9,92675412;11,78993071;11,38500000;12,94927206;11,39500000;13568,00000000;0,00000000;0,00000000;0,00000000;0,00000000;20251121
99;1O;44229;GB00BP92CJ43;TATE & LYLE PLC;GBP;LONDRA;111111;201;O;23611,000;0,000;0,000;0,000;5,2486;6,1316;123924,7550;144774,41;0,855985;3,7080;4,2174;87549,5880;99578,69;87549,5880;99578,69;3,6760;-29,353;2,712;-31,218;4,068;0,367;0,122;0,871;0,123;0,000;0,000;0,0000;0,00;;;;DGBP;N031000;T300;;099878      TATE & LYLE PLC;5,24860255;6,13165092;3,70800000;4,21747042;3,67600000;23611,00000000;0,00000000;0,00000000;0,00000000;0,00000000;20251121
99;1O;03729;GB0006825383;PERSIMMON PLC.;GBP;LONDRA;111111;201;O;6594,000;0,000;0,000;0,000;11,7090;13,8884;77209,7560;91580,39;0,843082;12,5850;14,3141;82985,4900;94387,50;82985,4900;94387,50;12,0150;7,481;4,284;3,065;3,856;0,348;0,116;4,744;0,116;0,000;0,000;0,0000;0,00;;;;DGBP;N031000;T300;;099884      PERSIMMON PLC.;11,70909250;13,88844252;12,58500000;14,31414922;12,01500000;6594,00000000;0,00000000;0,00000000;0,00000000;0,00000000;20251121
99;1O;34897;GB00BJFFLV09;CRODA INTL-ORD SHS;GBP;LONDRA;111111;201;O;2934,000;0,000;0,000;0,000;32,8302;39,5010;96323,8900;115895,97;0,831124;27,3500;31,1078;80244,9000;91270,36;80244,9000;91270,36;26,8500;-16,693;5,784;-21,248;3,729;0,336;0,112;1,862;0,112;0,000;0,000;0,0000;0,00;;;;DGBP;N031000;T300;;099888      CRODA INTL-ORD SHS;32,83022835;39,50101227;27,35000000;31,10782529;26,85000000;2934,00000000;0,00000000;0,00000000;0,00000000;0,00000000;20251121
99;1O;09739;GB00B2B0DG97;REED ELSEVIER PLC A;GBP;LONDRA;111111;201;O;1285,000;0,000;0,000;0,000;37,7672;44,5003;48530,8870;57182,97;0,848695;31,0500;35,3161;39899,2500;45381,31;39899,2500;45381,31;30,2800;-17,786;3,594;-20,638;1,854;0,167;0,056;2,543;0,056;0,000;0,000;0,0000;0,00;;;;DGBP;N031000;T300;;099944      REED ELSEVIER PLC A;37,76722723;44,50036575;31,05000000;35,31619654;30,28000000;1285,00000000;0,00000000;0,00000000;0,00000000;0,00000000;20251121
99;1O;01504;GB0007908733;SSE PLC;GBP;LONDRA;111111;201;O;1320,000;0,000;0,000;0,000;16,6956;19,7571;22038,2020;26079,42;0,845042;21,7600;24,7497;28723,2000;32669,70;28723,2000;32669,70;21,8600;30,334;4,042;25,270;1,335;0,120;0,040;-0,457;0,040;0,000;0,000;0,0000;0,00;;;;DGBP;N031000;T300;;099960      SSE PLC;16,69560757;19,75713636;21,76000000;24,74977252;21,86000000;1320,00000000;0,00000000;0,00000000;0,00000000;0,00000000;20251121
99;1O;12368;IE0001827041;CRH PLC.- LONDRA GBP;GBP;LONDRA;111111;201;O;3565,000;0,000;0,000;0,000;73,5083;86,7216;262057,4390;309162,68;0,847636;83,4000;94,8589;297321,0000;338172,20;297321,0000;338172,20;83,9800;13,456;3,724;9,383;13,815;1,246;0,414;-0,691;0,416;0,000;0,000;0,0000;0,00;;;;DGBP;N040000;T300;;099586      CRH PLC.- LONDRA GBP;73,50839803;86,72164936;83,40000000;94,85896269;83,98000000;3565,00000000;0,00000000;0,00000000;0,00000000;0,00000000;20251121
99;1O;46296;IE000S9YS762;LINDE PLC NEW - USD;USD;OTC;111111;201;O;1156,000;0,000;0,000;0,000;428,3629;399,3067;495187,5600;461598,59;1,072767;412,7400;358,8107;477127,4400;414785,22;477127,4400;414785,22;408,5100;-3,647;7,227;-10,142;1,984;1,528;0,508;1,035;0,510;0,000;0,000;0,0000;0,00;;;;DUSD;N040000;T300;;099492      LINDE PLC NEW - USD;428,36294117;399,30673875;412,74000000;358,81074502;408,51000000;1156,00000000;0,00000000;0,00000000;0,00000000;0,00000000;20251121
99;1O;19903;IE00BTN1Y115;MEDTRONIC PLC;USD;NEW YORK;111111;201;O;3272,000;0,000;0,000;0,000;83,4766;77,7007;273135,5100;254236,79;1,074335;101,2000;87,9770;331126,4000;287860,91;331126,4000;287860,91;99,3500;21,232;7,071;13,226;1,377;1,060;0,353;1,862;0,354;0,000;0,000;0,0000;0,00;;;;DUSD;N040000;T300;;099647      MEDTRONIC PLC;83,47662286;77,70073044;101,20000000;87,97704946;99,35000000;3272,00000000;0,00000000;0,00000000;0,00000000;0,00000000;20251121
99;1O;37185;IE00BK9ZQ967;TRANE TECH PLC;USD;NEW YORK;111111;201;O;589,000;0,000;0,000;0,000;378,6864;352,7896;223046,2900;207793,12;1,073406;410,1000;356,5156;241548,9000;209987,74;241548,9000;209987,74;400,0600;8,295;7,164;1,056;1,005;0,773;0,257;2,510;0,258;0,000;0,000;0,0000;0,00;;;;DUSD;N040000;T300;;099743      TRANE TECH PLC;378,68640067;352,78967741;410,10000000;356,51569155;400,06000000;589,00000000;0,00000000;0,00000000;0,00000000;0,00000000;20251121
99;1O;00158;NO0005052605;NORSK HYDRO;NOK;OSLO;111111;201;O;8862,000;0,000;0,000;0,000;69,6593;5,9624;617321,5200;52839,57;11,682940;70,5400;5,9649;625125,4800;52861,16;625125,4800;52861,16;70,9200;1,264;1,223;0,041;54,394;0,195;0,065;-0,536;0,065;0,000;0,000;0,0000;0,00;;;;DNOK;N048000;T300;;099935      NORSK HYDRO;69,65939065;5,96248815;70,54000000;5,96492414;70,92000000;8862,00000000;0,00000000;0,00000000;0,00000000;0,00000000;20251121
99;1O;24521;NL0011585146;FERRARI NV - USD -;USD;NEW YORK;111111;201;O;243,000;0,000;0,000;0,000;426,1578;397,7525;103556,3500;96653,88;1,071414;389,1900;338,3378;94573,1700;82216,09;94573,1700;82216,09;383,1500;-8,675;7,363;-14,938;0,393;0,303;0,101;1,576;0,101;0,000;0,000;0,0000;0,00;;;;DUSD;N050000;T300;;099899      FERRARI NV - USD -;426,15781893;397,75259259;389,19000000;338,33782491;383,15000000;243,00000000;0,00000000;0,00000000;0,00000000;0,00000000;20251121
99;1O;11203;NL0009538784;NXP SEMICONDUCTORS NV;USD;OTC;111111;201;O;330,000;0,000;0,000;0,000;203,8465;190,4011;67269,3500;62832,38;1,070616;191,3500;166,3479;63145,5000;54894,81;63145,5000;54894,81;184,1900;-6,130;7,443;-12,633;0,263;0,202;0,067;3,887;0,068;0,000;0,000;0,0000;0,00;;;;DUSD;N050000;T300;;099933      NXP SEMICONDUCTORS NV;203,84651515;190,40115151;191,35000000;166,34790924;184,19000000;330,00000000;0,00000000;0,00000000;0,00000000;0,00000000;20251121
99;1O;44332;SE0017486889;ATLAS COPCO AB-A SHS;SEK;STOCCOLMA;111111;201;O;12491,000;0,000;0,000;0,000;159,5896;14,4837;1993434,1170;180916,08;11,018557;152,8500;13,8645;1909249,3500;173182,40;1909249,3500;173182,40;153,0500;-4,223;0,054;-4,275;37,415;0,638;0,212;-0,131;0,213;0,000;0,000;0,0000;0,00;;;;DSEK;N068000;T300;;099788      ATLAS COPCO AB-A SHS;159,58963389;14,48371467;152,85000000;13,86457435;153,05000000;12491,00000000;0,00000000;0,00000000;0,00000000;0,00000000;20251121
99;1O;00418;SE0000108227;S.K.F. AB CL.B;SEK;STOCCOLMA;111111;201;O;5600,000;0,000;0,000;0,000;250,5239;22,7605;1402934,2800;127458,88;11,006956;238,1000;21,5973;1333360,0000;120945,17;1333360,0000;120945,17;237,9000;-4,959;0,159;-5,110;26,130;0,445;0,148;0,084;0,149;0,000;0,000;0,0000;0,00;;;;DSEK;N068000;T300;;099852      S.K.F. AB CL.B;250,52397857;22,76051428;238,10000000;21,59735135;237,90000000;5600,00000000;0,00000000;0,00000000;0,00000000;0,00000000;20251121
99;1O;23094;SE0007100581;ASSA ABLOY AB-B;SEK;STOCCOLMA;111111;201;O;2669,000;0,000;0,000;0,000;333,7709;30,3505;890834,7900;81005,67;10,997191;348,3000;31,5932;929612,7000;84322,44;929612,7000;84322,44;346,9000;4,353;0,248;4,094;18,217;0,311;0,103;0,404;0,104;0,000;0,000;0,0000;0,00;;;;DSEK;N068000;T300;;099897      ASSA ABLOY AB-B;333,77099662;30,35056950;348,30000000;31,59326953;346,90000000;2669,00000000;0,00000000;0,00000000;0,00000000;0,00000000;20251121
99;1O;46938;SE0020050417;BOLIDEN AB;SEK;STOCCOLMA;111111;201;O;2050,000;0,000;0,000;0,000;319,0749;28,2928;654103,7000;58000,31;11,277590;410,1000;37,1989;840705,0000;76257,88;840705,0000;76257,88;419,8000;28,528;-2,244;31,478;16,475;0,281;0,093;-2,311;0,094;0,000;0,000;0,0000;0,00;;;;DSEK;N068000;T300;;099907      BOLIDEN AB;319,07497561;28,29283414;410,10000000;37,19896593;419,80000000;2050,00000000;0,00000000;0,00000000;0,00000000;0,00000000;20251121
99;1O;02738;US67066G1040;NVIDIA CORP.;USD;OTC;111111;201;O;24704,000;0,000;0,000;0,000;140,5188;131,0984;3471377,4190;3238655,14;1,071858;178,8800;155,5072;4419051,5200;3841651,33;4419051,5200;3841651,33;180,6400;27,300;7,318;18,619;18,377;14,150;4,708;-0,974;4,727;0,000;0,000;0,0000;0,00;;;;DUSD;N069000;T300;;095292      NVIDIA CORP.;140,51883982;131,09841078;178,88000000;155,50725897;180,64000000;24704,00000000;0,00000000;0,00000000;0,00000000;0,00000000;20251121
99;1O;14741;US00287Y1091;ABBVIE INC;USD;NEW YORK;111111;201;O;4816,000;0,000;0,000;0,000;186,8416;173,7857;899829,2700;836952,28;1,075126;236,2800;205,4072;1137924,4800;989241,48;1137924,4800;989241,48;229,4500;26,460;6,992;18,196;4,732;3,644;1,212;2,977;1,217;0,000;0,000;0,0000;0,00;;;;DUSD;N069000;T300;;098788      ABBVIE INC;186,84162583;173,78577242;236,28000000;205,40728505;229,45000000;4816,00000000;0,00000000;0,00000000;0,00000000;0,00000000;20251121
99;1O;00448;US68389X1054;ORACLE CORP.;USD;OTC;111111;201;O;4551,000;0,000;0,000;0,000;180,9179;167,6965;823357,7760;763187,10;1,078841;198,7600;172,7897;904556,7600;786365,96;904556,7600;786365,96;210,6900;9,862;6,624;3,037;3,762;2,896;0,964;-5,662;0,968;0,000;0,000;0,0000;0,00;;;;DUSD;N069000;T300;;099036      ORACLE CORP.;180,91799077;167,69657218;198,76000000;172,78970703;210,69000000;4551,00000000;0,00000000;0,00000000;0,00000000;0,00000000;20251121
99;1O;00423;US0382221051;APPLIED MATERIALS INC.;USD;OTC;111111;201;O;3817,000;0,000;0,000;0,000;193,4695;173,2799;738473,4000;661409,44;1,116515;224,0050;194,7361;855027,0850;743307,91;855027,0850;743307,91;220,2300;15,783;3,026;12,382;3,556;2,738;0,911;1,714;0,915;0,000;0,000;0,0000;0,00;;;;DUSD;N069000;T300;;099089      APPLIED MATERIALS INC.;193,46958344;173,27991616;224,00500000;194,73615578;220,23000000;3817,00000000;0,00000000;0,00000000;0,00000000;0,00000000;20251121
99;1O;00174;US7427181091;PROCTER & GAMBLE CO.;USD;NEW YORK;111111;201;O;5110,000;0,000;0,000;0,000;163,7570;154,1916;836798,4570;787919,56;1,062035;150,9200;131,2005;771201,2000;670434,84;771201,2000;670434,84;148,1900;-7,839;8,311;-14,911;3,207;2,469;0,822;1,842;0,825;0,000;0,000;0,0000;0,00;;;;DUSD;N069000;T300;;099178      PROCTER & GAMBLE CO.;163,75703659;154,19169471;150,92000000;131,20055637;148,19000000;5110,00000000;0,00000000;0,00000000;0,00000000;0,00000000;20251121
99;1O;00095;US4370761029;HOME DEPOT INC.;USD;NEW YORK;111111;201;O;1959,000;0,000;0,000;0,000;381,1356;354,3200;746644,6600;694113,03;1,075682;343,3200;298,4612;672563,8800;584685,63;672563,8800;584685,63;332,3800;-9,922;6,937;-15,765;2,797;2,154;0,717;3,291;0,719;0,000;0,000;0,0000;0,00;;;;DUSD;N069000;T300;;099283      HOME DEPOT INC.;381,13561000;354,32007657;343,32000000;298,46127097;332,38000000;1959,00000000;0,00000000;0,00000000;0,00000000;0,00000000;20251121
99;1O;00261;US5486611073;LOWE'S COMPANIES INC.;USD;NEW YORK;111111;201;O;2611,000;0,000;0,000;0,000;241,8576;225,9895;631490,2790;590058,76;1,070216;234,2900;203,6773;611731,1900;531801,43;611731,1900;531801,43;228,4300;-3,129;7,483;-9,873;2,544;1,959;0,652;2,565;0,654;0,000;0,000;0,0000;0,00;;;;DUSD;N069000;T300;;099348      LOWE'S COMPANIES INC.;241,85763270;225,98956721;234,29000000;203,67730157;228,43000000;2611,00000000;0,00000000;0,00000000;0,00000000;0,00000000;20251121
99;1O;00035;US1011371077;BOSTON SCIENTIFIC CORP.;USD;NEW YORK;111111;201;O;6082,000;0,000;0,000;0,000;92,9987;86,5912;565618,3500;526648,00;1,073997;96,8800;84,2215;589224,1600;512235,21;589224,1600;512235,21;96,6000;4,173;7,105;-2,737;2,450;1,887;0,628;0,290;0,630;0,000;0,000;0,0000;0,00;;;;DUSD;N069000;T300;;099372      BOSTON SCIENTIFIC CORP.;92,99874219;86,59125287;96,88000000;84,22150743;96,60000000;6082,00000000;0,00000000;0,00000000;0,00000000;0,00000000;20251121
99;1O;17264;US81762P1021;SERVICENOW INC;USD;NEW YORK;111111;201;O;697,000;0,000;0,000;0,000;977,5296;882,3946;681338,1430;615029,04;1,107815;813,4300;707,1459;566960,7100;492880,74;566960,7100;492880,74;800,4600;-16,787;3,835;-19,861;2,358;1,815;0,604;1,620;0,606;0,000;0,000;0,0000;0,00;;;;DUSD;N069000;T300;;099396      SERVICENOW INC;977,52961693;882,39460545;813,43000000;707,14596192;800,46000000;697,00000000;0,00000000;0,00000000;0,00000000;0,00000000;20251121
99;1O;00263;US17275R1023;CISCO SYSTEM INC.;USD;OTC;111111;201;O;7099,000;0,000;0,000;0,000;61,4706;57,2224;436379,8750;406222,41;1,074239;76,1000;66,1566;540233,9000;469646,09;540233,9000;469646,09;75,4400;23,799;7,080;15,613;2,247;1,730;0,576;0,875;0,578;0,000;0,000;0,0000;0,00;;;;DUSD;N069000;T300;;099424      CISCO SYSTEM INC.;61,47061205;57,22248344;76,10000000;66,15665478;75,44000000;7099,00000000;0,00000000;0,00000000;0,00000000;0,00000000;20251121
99;1O;04319;US79466L3024;SALESFORCE COM INC.;USD;NEW YORK;111111;201;O;2361,000;0,000;0,000;0,000;303,8396;285,4168;717365,3900;673869,14;1,064547;227,1100;197,4354;536206,7100;466145,10;536206,7100;466145,10;225,3700;-25,253;8,055;-30,826;2,230;1,717;0,571;0,772;0,574;0,000;0,000;0,0000;0,00;;;;DUSD;N069000;T300;;099429      SALESFORCE COM INC.;303,83963998;285,41683185;227,11000000;197,43545162;225,37000000;2361,00000000;0,00000000;0,00000000;0,00000000;0,00000000;20251121
99;1O;01191;US4612021034;INTUIT INC.;USD;OTC;111111;201;O;790,000;0,000;0,000;0,000;641,7191;598,0793;506958,1300;472482,65;1,072967;663,1500;576,5017;523888,5000;455436,41;523888,5000;455436,41;637,4400;3,340;7,207;-3,608;2,179;1,677;0,558;4,033;0,560;0,000;0,000;0,0000;0,00;;;;DUSD;N069000;T300;;099442      INTUIT INC.;641,71915189;598,07930379;663,15000000;576,50178214;637,44000000;790,00000000;0,00000000;0,00000000;0,00000000;0,00000000;20251121
99;1O;00017;US0311621009;AMGEN INC;USD;OTC;111111;201;O;1453,000;0,000;0,000;0,000;272,9977;254,1384;396665,7900;369263,13;1,074209;337,5400;293,4364;490445,6200;426363,23;490445,6200;426363,23;336,0700;23,642;7,083;15,463;2,040;1,570;0,522;0,437;0,525;0,000;0,000;0,0000;0,00;;;;DUSD;N069000;T300;;099478      AMGEN INC;272,99779077;254,13842395;337,54000000;293,43649482;336,07000000;1453,00000000;0,00000000;0,00000000;0,00000000;0,00000000;20251121
99;1O;00222;US8825081040;TEXAS INSTRUMENTS INC.;USD;OTC;111111;201;O;2757,000;0,000;0,000;0,000;180,9509;169,1632;498881,7250;466383,00;1,069682;159,4000;138,5725;439465,8000;382044,51;439465,8000;382044,51;153,3300;-11,910;7,537;-18,084;1,828;1,407;0,468;3,959;0,470;0,000;0,000;0,0000;0,00;;;;DUSD;N069000;T300;;099532      TEXAS INSTRUMENTS INC.;180,95093398;169,16322089;159,40000000;138,57254629;153,33000000;2757,00000000;0,00000000;0,00000000;0,00000000;0,00000000;20251121
99;1O;00007;US0028241000;ABBOTT LABORATORIES CORP.;USD;NEW YORK;111111;201;O;3373,000;0,000;0,000;0,000;118,5040;110,3232;399714,2050;372120,33;1,074153;128,1100;111,3709;432115,0300;375654,20;432115,0300;375654,20;123,9700;8,106;7,089;0,950;1,797;1,384;0,460;3,340;0,462;0,000;0,000;0,0000;0,00;;;;DUSD;N069000;T300;;099540      ABBOTT LABORATORIES CORP.;118,50406314;110,32325229;128,11000000;111,37094670;123,97000000;3373,00000000;0,00000000;0,00000000;0,00000000;0,00000000;20251121
99;1O;00103;US4581401001;INTEL CORP.;USD;OTC;111111;201;O;12242,000;0,000;0,000;0,000;22,0837;20,4741;270349,4920;250644,63;1,078617;34,5000;29,9921;422349,0000;367164,22;422349,0000;367164,22;33,6200;56,223;6,646;46,488;1,756;1,352;0,450;2,617;0,452;0,000;0,000;0,0000;0,00;;;;DUSD;N069000;T300;;099550      INTEL CORP.;22,08376833;20,47415700;34,50000000;29,99217595;33,62000000;12242,00000000;0,00000000;0,00000000;0,00000000;0,00000000;20251121
99;1O;00426;US5951121038;MICRON TECHNOLOGY INC.;USD;OTC;111111;201;O;2020,000;0,000;0,000;0,000;106,3342;97,3003;214795,2700;196546,69;1,092846;207,3700;180,2747;418887,4000;364154,92;418887,4000;364154,92;201,3700;95,017;5,257;85,277;1,742;1,341;0,446;2,980;0,448;0,000;0,000;0,0000;0,00;;;;DUSD;N069000;T300;;099554      MICRON TECHNOLOGY INC.;106,33429207;97,30034158;207,37000000;180,27471094;201,37000000;2020,00000000;0,00000000;0,00000000;0,00000000;0,00000000;20251121
99;1O;11964;US74340W1036;PROLOGIS INC;USD;NEW YORK;111111;201;O;3288,000;0,000;0,000;0,000;107,2482;99,9688;352632,2600;328697,71;1,072816;125,7900;109,3540;413597,5200;359556,22;413597,5200;359556,22;123,1200;17,289;7,222;9,388;1,720;1,324;0,441;2,169;0,442;0,000;0,000;0,0000;0,00;;;;DUSD;N069000;T300;;099559      PROLOGIS INC;107,24825425;99,96888990;125,79000000;109,35408154;123,12000000;3288,00000000;0,00000000;0,00000000;0,00000000;0,00000000;20251121
99;1O;00060;US2358511028;DANAHER CORP.;USD;NEW YORK;111111;201;O;1771,000;0,000;0,000;0,000;218,8888;204,8907;387652,1600;362861,53;1,068320;227,3900;197,6788;402707,6900;350089,27;402707,6900;350089,27;222,1800;3,884;7,674;-3,520;1,675;1,289;0,429;2,345;0,431;0,000;0,000;0,0000;0,00;;;;DUSD;N069000;T300;;099571      DANAHER CORP.;218,88885375;204,89075663;227,39000000;197,67886638;222,18000000;1771,00000000;0,00000000;0,00000000;0,00000000;0,00000000;20251121
99;1O;10451;US58933Y1055;MERCK E CO INC;USD;NEW YORK;111111;201;O;3970,000;0,000;0,000;0,000;85,8996;74,1109;341021,6100;294220,52;1,159068;97,7600;84,9865;388107,2000;337396,51;388107,2000;337396,51;94,9700;13,807;-0,756;14,675;1,614;1,243;0,413;2,938;0,415;0,000;0,000;0,0000;0,00;;;;DUSD;N069000;T300;;099587      MERCK E CO INC;85,89964987;74,11096221;97,76000000;84,98652525;94,97000000;3970,00000000;0,00000000;0,00000000;0,00000000;0,00000000;20251121
99;1O;00180;US7739031091;ROCKWELL AUTOMATION INC.;USD;NEW YORK;111111;201;O;958,000;0,000;0,000;0,000;296,8302;276,1338;284363,4000;264536,25;1,074951;378,7300;329,2445;362823,3400;315416,27;362823,3400;315416,27;368,7000;27,591;7,010;19,234;1,509;1,162;0,387;2,720;0,388;0,000;0,000;0,0000;0,00;;;;DUSD;N069000;T300;;099613      ROCKWELL AUTOMATION INC.;296,83027139;276,13387265;378,73000000;329,24454490;368,70000000;958,00000000;0,00000000;0,00000000;0,00000000;0,00000000;20251121
99;1O;00481;US7475251036;QUALCOMM INC.;USD;OTC;111111;201;O;2176,000;0,000;0,000;0,000;169,0383;143,8887;367827,4690;313101,98;1,174785;163,3000;141,9629;355340,8000;308911,41;355340,8000;308911,41;159,5900;-3,395;-2,084;-1,338;1,478;1,138;0,379;2,325;0,380;0,000;0,000;0,0000;0,00;;;;DUSD;N069000;T300;;099621      QUALCOMM INC.;169,03835891;143,88877757;163,30000000;141,96296618;159,59000000;2176,00000000;0,00000000;0,00000000;0,00000000;0,00000000;20251121
99;1O;02840;US8636671013;STRYKER CORP.;USD;NEW YORK;111111;201;O;931,000;0,000;0,000;0,000;363,6086;339,1873;338519,6800;315783,40;1,072000;368,2700;320,1512;342859,3700;298060,83;342859,3700;298060,83;360,4800;1,282;7,304;-5,612;1,426;1,098;0,365;2,161;0,367;0,000;0,000;0,0000;0,00;;;;DUSD;N069000;T300;;099635      STRYKER CORP.;363,60867884;339,18732545;368,27000000;320,15126488;360,48000000;931,00000000;0,00000000;0,00000000;0,00000000;0,00000000;20251121
99;1O;00575;US0527691069;AUTODESK INC.;USD;OTC;111111;201;O;1166,000;0,000;0,000;0,000;293,2849;273,7850;341970,2200;319233,40;1,071223;290,8000;252,8036;339072,8000;294769,02;339072,8000;294769,02;286,9450;-0,847;7,382;-7,663;1,410;1,086;0,361;1,343;0,363;0,000;0,000;0,0000;0,00;;;;DUSD;N069000;T300;;099639      AUTODESK INC.;293,28492281;273,78507718;290,80000000;252,80361644;286,94500000;1166,00000000;0,00000000;0,00000000;0,00000000;0,00000000;20251121
99;1O;02996;US1729081059;CINTAS CORP.;USD;OTC;111111;201;O;1513,000;0,000;0,000;0,000;189,7667;176,7689;287117,1300;267451,38;1,073530;185,8000;161,5230;281115,4000;244384,42;281115,4000;244384,42;183,2000;-2,090;7,151;-8,625;1,169;0,900;0,299;1,419;0,301;0,000;0,000;0,0000;0,00;;;;DUSD;N069000;T300;;099701      CINTAS CORP.;189,76677462;176,76892267;185,80000000;161,52308093;183,20000000;1513,00000000;0,00000000;0,00000000;0,00000000;0,00000000;20251121
99;1O;00897;US94106L1098;WASTE MANAGEMENT INC.;USD;NEW YORK;111111;201;O;1290,000;0,000;0,000;0,000;209,1869;194,9139;269851,1100;251438,97;1,073227;216,6200;188,3160;279439,8000;242927,76;279439,8000;242927,76;216,8000;3,553;7,181;-3,385;1,162;0,895;0,298;-0,083;0,299;0,000;0,000;0,0000;0,00;;;;DUSD;N069000;T300;;099702      WASTE MANAGEMENT INC.;209,18690697;194,91393023;216,62000000;188,31609145;216,80000000;1290,00000000;0,00000000;0,00000000;0,00000000;0,00000000;20251121
99;1O;19628;US0367521038;ELEVANCE HEALTH INC;USD;NEW YORK;111111;201;O;846,000;0,000;0,000;0,000;364,1606;340,6082;308079,9100;288154,61;1,069148;321,7300;279,6922;272183,5800;236619,65;272183,5800;236619,65;313,9900;-11,652;7,590;-17,884;1,132;0,872;0,290;2,465;0,291;0,000;0,000;0,0000;0,00;;;;DUSD;N069000;T300;;099710      ELEVANCE HEALTH INC;364,16065011;340,60828605;321,73000000;279,69225419;313,99000000;846,00000000;0,00000000;0,00000000;0,00000000;0,00000000;20251121
99;1O;33729;US58733R1023;MERCADOLIBRE INC;USD;OTC;111111;201;O;135,000;0,000;0,000;0,000;1862,0365;1728,6341;251374,9400;233365,61;1,077172;1951,7800;1696,7573;263490,3000;229062,24;263490,3000;229062,24;1899,7500;4,820;6,789;-1,844;1,096;0,844;0,281;2,739;0,282;0,000;0,000;0,0000;0,00;;;;DUSD;N069000;T300;;099719      MERCADOLIBRE INC;1862,03659259;1728,63414814;1951,78000000;1696,75736764;1899,75000000;135,00000000;0,00000000;0,00000000;0,00000000;0,00000000;20251121
99;1O;01215;US00846U1016;AGILENT TECHNOLOGIES INC.;USD;NEW YORK;111111;201;O;1698,000;0,000;0,000;0,000;130,2738;121,7675;221205,0400;206761,37;1,069857;151,2500;131,4874;256822,5000;223265,67;256822,5000;223265,67;145,0600;16,102;7,519;7,982;1,068;0,822;0,274;4,267;0,275;0,000;0,000;0,0000;0,00;;;;DUSD;N069000;T300;;099726      AGILENT TECHNOLOGIES INC.;130,27387514;121,76759128;151,25000000;131,48743805;145,06000000;1698,00000000;0,00000000;0,00000000;0,00000000;0,00000000;20251121
99;1O;03191;US3755581036;GILEAD SCIENCES INC.;USD;OTC;111111;201;O;1971,000;0,000;0,000;0,000;100,1190;92,9939;197334,5630;183291,06;1,076619;126,6400;110,0930;249607,4400;216993,34;249607,4400;216993,34;124,9900;26,489;6,844;18,387;1,038;0,799;0,266;1,320;0,267;0,000;0,000;0,0000;0,00;;;;DUSD;N069000;T300;;099734      GILEAD SCIENCES INC.;100,11900710;92,99394216;126,64000000;110,09301921;124,99000000;1971,00000000;0,00000000;0,00000000;0,00000000;0,00000000;20251121
99;1O;12344;US98419M1009;XYLEM INC;USD;NEW YORK;111111;201;O;1717,000;0,000;0,000;0,000;121,2432;112,7963;208174,6800;193671,30;1,074887;140,3900;122,0464;241049,6300;209553,71;241049,6300;209553,71;138,0400;15,792;7,016;8,201;1,002;0,772;0,257;1,702;0,258;0,000;0,000;0,0000;0,00;;;;DUSD;N069000;T300;;099743      XYLEM INC;121,24326150;112,79633081;140,39000000;122,04642267;138,04000000;1717,00000000;0,00000000;0,00000000;0,00000000;0,00000000;20251121
99;1O;00432;US0326541051;ANALOG DEVICES;USD;OTC;111111;201;O;1004,000;0,000;0,000;0,000;212,5689;199,2605;213419,2300;200057,58;1,066789;232,3200;201,9647;233249,2800;202772,56;233249,2800;202772,56;225,2000;9,292;7,828;1,357;0,970;0,747;0,248;3,162;0,249;0,000;0,000;0,0000;0,00;;;;DUSD;N069000;T300;;099752      ANALOG DEVICES;212,56895418;199,26053784;232,32000000;201,96470485;225,20000000;1004,00000000;0,00000000;0,00000000;0,00000000;0,00000000;20251121
99;1O;02043;US00724F1012;ADOBE SYSTEM INC.;USD;OTC;111111;201;O;682,000;0,000;0,000;0,000;359,9924;306,3995;245514,8300;208964,46;1,174912;324,1900;281,8308;221097,5800;192208,62;221097,5800;192208,62;312,4000;-9,945;-2,095;-8,019;0,919;0,708;0,236;3,774;0,237;0,000;0,000;0,0000;0,00;;;;DUSD;N069000;T300;;099764      ADOBE SYSTEM INC.;359,99241935;306,39950146;324,19000000;281,83082674;312,40000000;682,00000000;0,00000000;0,00000000;0,00000000;0,00000000;20251121
99;1O;19892;US29444U7000;EQUINIX INC;USD;OTC;111111;201;O;284,000;0,000;0,000;0,000;889,3366;833,2349;252571,6200;236638,73;1,067330;754,6800;656,0723;214329,1200;186324,54;214329,1200;186324,54;752,8100;-15,141;7,774;-21,262;0,891;0,686;0,228;0,248;0,229;0,000;0,000;0,0000;0,00;;;;DUSD;N069000;T300;;099772      EQUINIX INC;889,33669014;833,23496478;754,68000000;656,07232895;752,81000000;284,00000000;0,00000000;0,00000000;0,00000000;0,00000000;20251121
99;1O;01205;US9113121068;UNITED PARCEL SERVICE CL.B;USD;NEW YORK;111111;201;O;1991,000;0,000;0,000;0,000;113,6451;106,8360;226267,5300;212710,59;1,063734;94,6600;82,2915;188468,0600;163842,53;188468,0600;163842,53;90,8700;-16,706;8,138;-22,974;0,784;0,603;0,201;4,171;0,202;0,000;0,000;0,0000;0,00;;;;DUSD;N069000;T300;;099799      UNITED PARCEL SERVICE CL.B;113,64516825;106,83605725;94,66000000;82,29157611;90,87000000;1991,00000000;0,00000000;0,00000000;0,00000000;0,00000000;20251121
99;1O;00069;US2910111044;EMERSON ELECTRIC CO.;USD;NEW YORK;111111;201;O;1392,000;0,000;0,000;0,000;132,7583;113,0070;184799,5900;157305,79;1,174779;128,2200;111,4665;178482,2400;155161,47;178482,2400;155161,47;123,7200;-3,418;-2,084;-1,363;0,742;0,572;0,190;3,637;0,191;0,000;0,000;0,0000;0,00;;;;DUSD;N069000;T300;;099810      EMERSON ELECTRIC CO.;132,75832614;113,00703304;128,22000000;111,46657393;123,72000000;1392,00000000;0,00000000;0,00000000;0,00000000;0,00000000;20251121
99;1O;05634;US3119001044;FASTENAL CO;USD;OTC;111111;201;O;4442,000;0,000;0,000;0,000;37,9448;35,2926;168550,9500;156770,12;1,075147;39,9100;34,6952;177280,2200;154116,51;177280,2200;154116,51;39,1500;5,179;6,990;-1,693;0,737;0,568;0,189;1,941;0,190;0,000;0,000;0,0000;0,00;;;;DUSD;N069000;T300;;099811      FASTENAL CO;37,94483340;35,29268797;39,91000000;34,69529687;39,15000000;4442,00000000;0,00000000;0,00000000;0,00000000;0,00000000;20251121
99;1O;33782;US24703L2025;DELL TECHS-ORD SHS CL C;USD;NEW YORK;111111;201;O;1258,000;0,000;0,000;0,000;130,7344;116,0775;164463,9900;146025,50;1,126269;122,5100;106,5026;154117,5800;133980,34;154117,5800;133980,34;117,4000;-6,291;2,134;-8,249;0,641;0,493;0,164;4,353;0,165;0,000;0,000;0,0000;0,00;;;;DUSD;N069000;T300;;099836      DELL TECHS-ORD SHS CL C;130,73449125;116,07750397;122,51000000;106,50265148;117,40000000;1258,00000000;0,00000000;0,00000000;0,00000000;0,00000000;20251121
99;1O;09902;US28176E1082;EDWARDS LIFESCIENCES CORP;USD;NEW YORK;111111;201;O;1762,000;0,000;0,000;0,000;74,8063;69,7717;131808,7200;122937,88;1,072157;85,1300;74,0067;149999,0600;130399,95;149999,0600;130399,95;84,0900;13,801;7,288;6,070;0,624;0,480;0,160;1,237;0,160;0,000;0,000;0,0000;0,00;;;;DUSD;N069000;T300;;099840      EDWARDS LIFESCIENCES CORP;74,80631101;69,77178206;85,13000000;74,00678083;84,09000000;1762,00000000;0,00000000;0,00000000;0,00000000;0,00000000;20251121
99;1O;08129;US90384S3031;ULTA BEAUTY INC;USD;OTC;111111;201;O;272,000;0,000;0,000;0,000;511,9767;440,4286;139257,6800;119796,58;1,162451;515,5800;448,2135;140237,7600;121914,07;140237,7600;121914,07;496,4400;0,704;-1,045;1,768;0,583;0,449;0,149;3,855;0,150;0,000;0,000;0,0000;0,00;;;;DUSD;N069000;T300;;099851      ULTA BEAUTY INC;511,97676470;440,42860294;515,58000000;448,21350951;496,44000000;272,00000000;0,00000000;0,00000000;0,00000000;0,00000000;20251121
99;1O;00530;US0758871091;BECTON DICKINSON;USD;NEW YORK;111111;201;O;719,000;0,000;0,000;0,000;213,2807;199,9435;153348,8400;143759,40;1,066705;192,7200;167,5389;138565,6800;120460,47;138565,6800;120460,47;189,5800;-9,640;7,837;-16,207;0,576;0,444;0,148;1,656;0,148;0,000;0,000;0,0000;0,00;;;;DUSD;N069000;T300;;099852      BECTON DICKINSON;213,28072322;199,94353268;192,72000000;167,53890289;189,58000000;719,00000000;0,00000000;0,00000000;0,00000000;0,00000000;20251121
99;1O;00567;US2788651006;ECOLAB INC.;USD;NEW YORK;111111;201;O;514,000;0,000;0,000;0,000;242,9127;226,1862;124857,1600;116259,71;1,073950;267,0700;232,1742;137273,9800;119337,55;137273,9800;119337,55;261,7400;9,945;7,109;2,647;0,571;0,440;0,146;2,036;0,147;0,000;0,000;0,0000;0,00;;;;DUSD;N069000;T300;;099854      ECOLAB INC.;242,91276264;226,18620622;267,07000000;232,17421542;261,74000000;514,00000000;0,00000000;0,00000000;0,00000000;0,00000000;20251121
99;1O;04564;US5797802064;MCCORMICK & CO NON VTG;USD;NEW YORK;111111;201;O;1894,000;0,000;0,000;0,000;71,2117;64,6792;134875,0300;122502,45;1,100999;68,1600;59,2541;129095,0400;112227,28;129095,0400;112227,28;67,4800;-4,285;4,478;-8,388;0,537;0,413;0,138;1,008;0,138;0,000;0,000;0,0000;0,00;;;;DUSD;N069000;T300;;099862      MCCORMICK & CO NON VTG;71,21173706;64,67922386;68,16000000;59,25410762;67,48000000;1894,00000000;0,00000000;0,00000000;0,00000000;0,00000000;20251121
99;1O;00053;US1941621039;COLGATE PALMOLIVE CO.;USD;NEW YORK;111111;201;O;1535,000;0,000;0,000;0,000;88,8320;83,0548;136357,1710;127489,19;1,069559;80,9300;70,3555;124227,5500;107995,78;124227,5500;107995,78;78,8600;-8,895;7,549;-15,290;0,517;0,398;0,132;2,625;0,133;0,000;0,000;0,0000;0,00;;;;DUSD;N069000;T300;;099868      COLGATE PALMOLIVE CO.;88,83203322;83,05484690;80,93000000;70,35555941;78,86000000;1535,00000000;0,00000000;0,00000000;0,00000000;0,00000000;20251121
99;1O;04293;US12504L1098;CB RICHARD ELLIS GROUP INC. -CL A;USD;NEW YORK;111111;201;O;736,000;0,000;0,000;0,000;135,2887;125,9517;99572,5200;92700,49;1,074132;156,7900;136,3035;115397,4400;100319,43;115397,4400;100319,43;151,5800;15,893;7,091;8,219;0,480;0,370;0,123;3,437;0,123;0,000;0,000;0,0000;0,00;;;;DUSD;N069000;T300;;099877      CB RICHARD ELLIS GROUP INC. -CL A;135,28875000;125,95175271;156,79000000;136,30357298;151,58000000;736,00000000;0,00000000;0,00000000;0,00000000;0,00000000;20251121
99;1O;08879;US0304201033;AMERICAN WATER WORKS CO INC;USD;NEW YORK;111111;201;O;842,000;0,000;0,000;0,000;130,0402;121,0909;109493,8800;101958,56;1,073906;132,7400;115,3959;111767,0800;97163,42;111767,0800;97163,42;128,1300;2,076;7,114;-4,703;0,465;0,358;0,119;3,598;0,120;0,000;0,000;0,0000;0,00;;;;DUSD;N069000;T300;;099881      AMERICAN WATER WORKS CO INC;130,04023753;121,09092636;132,74000000;115,39598365;128,13000000;842,00000000;0,00000000;0,00000000;0,00000000;0,00000000;20251121
99;1O;32178;US3802371076;GODADDY-ORD SHS CL A;USD;NEW YORK;111111;201;O;638,000;0,000;0,000;0,000;181,3065;170,2700;115673,6100;108632,28;1,064818;127,0600;110,4581;81064,2800;70472,29;81064,2800;70472,29;124,2300;-29,920;8,028;-35,128;0,337;0,260;0,086;2,278;0,087;0,000;0,000;0,0000;0,00;;;;DUSD;N069000;T300;;099914      GODADDY-ORD SHS CL A;181,30659874;170,27003134;127,06000000;110,45814135;124,23000000;638,00000000;0,00000000;0,00000000;0,00000000;0,00000000;20251121
99;1O;00525;US4278661081;HERSHEY CO.;USD;NEW YORK;111111;201;O;434,000;0,000;0,000;0,000;174,6061;150,6581;75779,0800;65385,65;1,158956;186,0000;161,6969;80724,0000;70176,48;80724,0000;70176,48;182,6600;6,525;-0,747;7,327;0,336;0,258;0,086;1,829;0,086;0,000;0,000;0,0000;0,00;;;;DUSD;N069000;T300;;099914      HERSHEY CO.;174,60617511;150,65817972;186,00000000;161,69694862;182,66000000;434,00000000;0,00000000;0,00000000;0,00000000;0,00000000;20251121
99;1O;01310;US0865161014;BEST BUY COMPANY INC.;USD;NEW YORK;111111;201;O;1021,000;0,000;0,000;0,000;77,2994;65,9381;78922,7000;67322,87;1,172301;76,4500;66,4609;78055,4500;67856,60;78055,4500;67856,60;73,7800;-1,099;-1,877;0,793;0,325;0,250;0,083;3,619;0,083;0,000;0,000;0,0000;0,00;;;;DUSD;N069000;T300;;099917      BEST BUY COMPANY INC.;77,29941234;65,93816846;76,45000000;66,46092323;73,78000000;1021,00000000;0,00000000;0,00000000;0,00000000;0,00000000;20251121
99;1O;05346;US1924461023;COGNIZANT TECH SOLUTIONS A;USD;OTC;111111;201;O;888,000;0,000;0,000;0,000;75,1883;70,2935;66767,2600;62420,70;1,069633;75,9800;66,0523;67470,2400;58654,47;67470,2400;58654,47;72,3500;1,053;7,542;-6,034;0,281;0,216;0,072;5,017;0,072;0,000;0,000;0,0000;0,00;;;;DUSD;N069000;T300;;099928      COGNIZANT TECH SOLUTIONS A;75,18835585;70,29358108;75,98000000;66,05233417;72,35000000;888,00000000;0,00000000;0,00000000;0,00000000;0,00000000;20251121
99;1O;02976;US9884981013;YUM BRANDS INC.;USD;NEW YORK;111111;201;O;431,000;0,000;0,000;0,000;146,1101;126,3474;62973,4800;54455,77;1,156415;152,9800;132,9913;65934,3800;57319,29;65934,3800;57319,29;149,2100;4,702;-0,529;5,258;0,274;0,211;0,070;2,527;0,071;0,000;0,000;0,0000;0,00;;;;DUSD;N069000;T300;;099930      YUM BRANDS INC.;146,11016241;126,34749420;152,98000000;132,99139354;149,21000000;431,00000000;0,00000000;0,00000000;0,00000000;0,00000000;20251121
99;1O;08920;US49271V1008;KUERIG DR PEPPER;USD;NEW YORK;111111;201;O;2207,000;0,000;0,000;0,000;29,7623;25,5937;65685,5000;56485,40;1,162876;27,7400;24,1154;61222,1800;53222,79;61222,1800;53222,79;27,2100;-6,795;-1,081;-5,776;0,255;0,196;0,065;1,948;0,065;0,000;0,000;0,0000;0,00;;;;DUSD;N069000;T300;;099935      KUERIG DR PEPPER;29,76234707;25,59374716;27,74000000;24,11544814;27,21000000;2207,00000000;0,00000000;0,00000000;0,00000000;0,00000000;20251121
99;1O;03754;US09062X1037;BIOGEN  INC.;USD;OTC;111111;201;O;282,000;0,000;0,000;0,000;148,8282;139,6647;41969,5800;39385,46;1,065611;175,3000;152,3950;49434,6000;42975,40;49434,6000;42975,40;168,1800;17,787;7,947;9,115;0,206;0,158;0,053;4,234;0,053;0,000;0,000;0,0000;0,00;;;;DUSD;N069000;T300;;099947      BIOGEN  INC.;148,82829787;139,66475177;175,30000000;152,39502738;168,18000000;282,00000000;0,00000000;0,00000000;0,00000000;0,00000000;20251121
99;1O;03392;CH0013841017;LONZA GROUP AG-REG;CHF;VIRTX;111111;201;O;532,000;0,000;0,000;0,000;538,4852;575,3404;286474,1700;306081,14;0,935942;534,8000;574,8065;284513,6000;305797,08;284513,6000;305797,08;530,0000;-0,684;-0,592;-0,093;43,136;1,126;0,375;0,906;0,376;0,000;0,000;0,0000;0,00;;;;DCHF;N071000;T300;;099625      LONZA GROUP AG-REG;538,48528195;575,34048872;534,80000000;574,80653482;530,00000000;532,00000000;0,00000000;0,00000000;0,00000000;0,00000000;20251121
99;1O;01930;CH0012221716;ABB LTD - NOM;CHF;VIRTX;111111;201;O;2548,000;0,000;0,000;0,000;58,3674;62,5999;148720,3600;159504,77;0,932388;54,6200;58,7059;139171,7600;149582,72;139171,7600;149582,72;55,6400;-6,421;-0,213;-6,221;21,100;0,551;0,183;-1,833;0,184;0,000;0,000;0,0000;0,00;;;;DCHF;N071000;T300;;099817      ABB LTD - NOM;58,36748822;62,59998822;54,62000000;58,70593293;55,64000000;2548,00000000;0,00000000;0,00000000;0,00000000;0,00000000;20251121
99;1O;01931;CH0012005267;NOVARTIS AG - NOM.;CHF;VIRTX;111111;201;O;1166,000;0,000;0,000;0,000;101,5524;108,4821;118410,1500;126490,16;0,936121;102,8800;110,5760;119958,0800;128931,73;119958,0800;128931,73;100,4200;1,307;-0,611;1,930;18,187;0,475;0,158;2,450;0,159;0,000;0,000;0,0000;0,00;;;;DCHF;N071000;T300;;099842      NOVARTIS AG - NOM.;101,55244425;108,48212693;102,88000000;110,57609630;100,42000000;1166,00000000;0,00000000;0,00000000;0,00000000;0,00000000;20251121
99;1O;60381;IE000IVNQZ81;TE CONNECTIVITY PLC;USD;NEW YORK;111111;201;O;498,000;0,000;0,000;0,000;142,9700;138,0552;71199,0600;68751,51;1,035600;218,9300;190,3242;109027,1400;94781,48;109027,1400;94781,48;214,4900;53,130;11,076;37,861;0,453;0,349;0,116;2,070;0,117;0,000;0,000;0,0000;0,00;;;;DUSD;N071000;T300;;099884      TE CONNECTIVITY PLC;142,97000000;138,05524096;218,93000000;190,32426323;214,49000000;498,00000000;0,00000000;0,00000000;0,00000000;0,00000000;20251121
99;1O;09635;JP3651210001;NABTESCO CORP;JPY;TOKYO;111111;201;O;21174,000;0,000;0,000;0,000;2799,8623;16,9867;59284286,0000;359677,96;164,826018;3282,0000;18,2229;69493068,0000;385852,88;69493068,0000;385852,88;3272,0000;17,220;9,268;7,277;16,594;1,421;0,473;0,306;0,475;0,000;0,000;0,0000;0,00;;;;DJPY;N088000;T300;;099527      NABTESCO CORP;2799,86237838;16,98677434;3282,00000000;18,22295637;3272,00000000;21174,00000000;0,00000000;0,00000000;0,00000000;0,00000000;20251121
99;1O;01207;JP3102000001;AISIN SEIKI CO.LTD.;JPY;TOKYO;111111;201;O;18000,000;0,000;0,000;0,000;1861,4313;11,2796;33505765,0000;203032,87;165,026308;2674,5000;14,8498;48141000,0000;267297,79;48141000,0000;267297,79;2683,0000;43,680;9,136;31,652;11,495;0,985;0,328;-0,317;0,329;0,000;0,000;0,0000;0,00;;;;DJPY;N088000;T300;;099672      AISIN SEIKI CO.LTD.;1861,43138888;11,27960388;2674,50000000;14,84987715;2683,00000000;18000,00000000;0,00000000;0,00000000;0,00000000;0,00000000;20251121
99;1O;00117;JP3270000007;KURITA WATER INDUSTRIES LTD.;JPY;TOKYO;111111;201;O;7700,000;0,000;0,000;0,000;5428,4476;33,0088;41799047,0000;254168,47;164,454100;6094,0000;33,8362;46923800,0000;260539,42;46923800,0000;260539,42;6134,0000;12,260;9,515;2,507;11,205;0,960;0,319;-0,652;0,321;0,000;0,000;0,0000;0,00;;;;DJPY;N088000;T300;;099681      KURITA WATER INDUSTRIES LTD.;5428,44766233;33,00889220;6094,00000000;33,83628766;6134,00000000;7700,00000000;0,00000000;0,00000000;0,00000000;0,00000000;20251121
99;1O;00148;JP3733000008;NEC CORP.;JPY;TOKYO;111111;201;O;7300,000;0,000;0,000;0,000;5489,4409;30,6886;40072919,0000;224027,28;178,875175;6074,0000;33,7252;44340200,0000;246194,25;44340200,0000;246194,25;5980,0000;10,649;0,686;9,895;10,588;0,907;0,302;1,572;0,303;0,000;0,000;0,0000;0,00;;;;DJPY;N088000;T300;;099698      NEC CORP.;5489,44095890;30,68866849;6074,00000000;33,72523979;5980,00000000;7300,00000000;0,00000000;0,00000000;0,00000000;0,00000000;20251121
99;1O;03334;JP3148800000;IBIDEN CO. LTD.;JPY;TOKYO;111111;201;O;3472,000;0,000;0,000;0,000;5266,2066;31,8245;18284269,4890;110494,76;165,476349;11330,0000;62,9086;39337760,0000;218418,73;39337760,0000;218418,73;12535,0000;115,145;8,839;97,673;9,393;0,804;0,268;-9,613;0,269;0,000;0,000;0,0000;0,00;;;;DJPY;N088000;T300;;099732      IBIDEN CO. LTD.;5266,20665005;31,82452765;11330,00000000;62,90862147;12535,00000000;3472,00000000;0,00000000;0,00000000;0,00000000;0,00000000;20251121
99;1O;00447;JP3571400005;TOKYO ELECTRON LTD.;JPY;TOKYO;111111;201;O;1200,000;0,000;0,000;0,000;29263,1258;165,3677;35115751,0000;198441,29;176,957885;30180,0000;167,5712;36216000,0000;201085,49;36216000,0000;201085,49;32500,0000;3,133;1,777;1,332;8,648;0,741;0,246;-7,138;0,247;0,000;0,000;0,0000;0,00;;;;DJPY;N088000;T300;;099754      TOKYO ELECTRON LTD.;29263,12583333;165,36774166;30180,00000000;167,57124415;32500,00000000;1200,00000000;0,00000000;0,00000000;0,00000000;0,00000000;20251121
99;1O;00128;JP3866800000;PANASONIC CORPORATION;JPY;TOKYO;111111;201;O;18100,000;0,000;0,000;0,000;1628,9104;9,9077;29483279,0000;179330,10;164,407866;1737,5000;9,6472;31448750,0000;174615,84;31448750,0000;174615,84;1755,0000;6,666;9,546;-2,629;7,509;0,643;0,214;-0,997;0,215;0,000;0,000;0,0000;0,00;;;;DJPY;N088000;T300;;099786      PANASONIC CORPORATION;1628,91044198;9,90774033;1737,50000000;9,64728418;1755,00000000;18100,00000000;0,00000000;0,00000000;0,00000000;0,00000000;20251121
99;1O;00215;JP3463000004;TAKEDA PHARMACEUTICAL CO LTD.;JPY;TOKYO;111111;201;O;7000,000;0,000;0,000;0,000;4204,9928;25,5711;29434950,0000;178997,70;164,443174;4437,0000;24,6359;31059000,0000;172451,80;31059000,0000;172451,80;4451,0000;5,517;9,523;-3,657;7,416;0,635;0,211;-0,315;0,212;0,000;0,000;0,0000;0,00;;;;DJPY;N088000;T300;;099789      TAKEDA PHARMACEUTICAL CO LTD.;4204,99285714;25,57110000;4437,00000000;24,63597118;4451,00000000;7000,00000000;0,00000000;0,00000000;0,00000000;0,00000000;20251121
99;1O;00433;JP3596200000;TOTO LTD.;JPY;TOKYO;111111;201;O;6700,000;0,000;0,000;0,000;3776,1119;23,0175;25299950,0000;154217,51;164,053680;3897,0000;21,6376;26109900,0000;144972,45;26109900,0000;144972,45;3834,0000;3,201;9,783;-5,995;6,235;0,534;0,178;1,643;0,178;0,000;0,000;0,0000;0,00;;;;DJPY;N088000;T300;;099822      TOTO LTD.;3776,11194029;23,01753880;3897,00000000;21,63767854;3834,00000000;6700,00000000;0,00000000;0,00000000;0,00000000;0,00000000;20251121
99;1O;00251;JP3942400007;ASTELLAS PHARMA INC.;JPY;TOKYO;111111;201;O;12700,000;0,000;0,000;0,000;1519,5256;9,2392;19297976,0000;117339,08;164,463331;1964,5000;10,9076;24949150,0000;138527,51;24949150,0000;138527,51;1979,5000;29,284;9,509;18,057;5,957;0,510;0,170;-0,758;0,170;0,000;0,000;0,0000;0,00;;;;DJPY;N088000;T300;;099830      ASTELLAS PHARMA INC.;1519,52566929;9,23929763;1964,50000000;10,90767757;1979,50000000;12700,00000000;0,00000000;0,00000000;0,00000000;0,00000000;20251121
99;1O;02625;JP3734800000;NIDEC CORPORATION;JPY;TOKYO;111111;201;O;10100,000;0,000;0,000;0,000;2748,0904;16,7173;27755714,0000;168845,11;164,385655;1921,0000;10,6661;19402100,0000;107728,10;19402100,0000;107728,10;1975,0000;-30,097;9,561;-36,197;4,633;0,397;0,132;-2,734;0,133;0,000;0,000;0,0000;0,00;;;;DJPY;N088000;T300;;099868      NIDEC CORPORATION;2748,09049505;16,71733762;1921,00000000;10,66614844;1975,00000000;10100,00000000;0,00000000;0,00000000;0,00000000;0,00000000;20251121
99;1O;00208;HK0016000132;SUN HUNG KAI PROPERTIES LTD.;HKD;HONG KONG;111111;201;O;16690,000;0,000;0,000;0,000;75,3630;9,1588;1257808,5000;152861,92;8,228397;96,9500;10,8251;1618095,5000;180671,67;1618095,5000;180671,67;98,7500;28,644;8,843;18,193;94,499;0,665;0,221;-1,823;0,222;0,000;0,000;0,0000;0,00;;;;DHKD;N103000;T300;;099779      SUN HUNG KAI PROPERTIES LTD.;75,36300179;9,15889275;96,95000000;10,82514515;98,75000000;16690,00000000;0,00000000;0,00000000;0,00000000;0,00000000;20251121
99;2;00001;;LIQUIDITA';EUR;;;610;;0,000;0,000;0,000;0,000;0,0000;0,0000;0,0000;0,00;0,000000;0,0000;0,0000;0,0000;2574912,64;0,0000;2574912,64;0,0000;0,000;0,000;0,000;0,000;0,000;3,155;0,000;3,168;0,000;0,000;0,0000;0,00;2;;;;;;;;0,00000000;0,00000000;0,00000000;0,00000000;0,00000000;0,00000000;0,00000000;0,00000000;0,00000000;0,00000000;20251121
99;2;00002;;LIQUIDITA' A SCADERE;EUR;;;620;;0,000;0,000;0,000;0,000;0,0000;0,0000;0,0000;0,00;0,000000;0,0000;0,0000;0,0000;-587559,89;0,0000;-587559,89;0,0000;0,000;0,000;0,000;0,000;0,000;-0,720;0,000;-0,723;0,000;0,000;0,0000;0,00;3;;;;;;;;0,00000000;0,00000000;0,00000000;0,00000000;0,00000000;0,00000000;0,00000000;0,00000000;0,00000000;0,00000000;20251121
99;2;00009;;GIACENZE DI DOLLARI CANADESI         CAD;CAD;;;621;;9393,560;0,000;0,000;0,000;0,0000;0,6309;9393,5600;5926,86;1,584913;0,0000;1,6250;9393,5600;5780,65;9393,5600;5780,65;0,0000;0,000;0,000;0,000;0,000;0,000;0,007;0,000;0,007;0,000;0,000;0,0000;0,00;3CAD1;;;;;;;;0,00000000;0,63094928;0,00000000;1,62500000;0,00000000;9393,56000000;0,00000000;0,00000000;0,00000000;0,00000000;20251121
99;2;00009;;IMPEGNI IN DIVISA DOLLARI CANADESI   CAD;CAD;;;622;;-21,080;0,000;0,000;0,000;0,0000;-1,0431;-21,0800;21,99;-0,958618;0,0000;1,6250;-21,0800;-12,97;-21,0800;-12,97;0,0000;0,000;0,000;0,000;0,000;0,000;0,000;0,000;0,000;0,000;0,000;0,0000;0,00;3CAD2;;;;;;;;0,00000000;-1,04316888;0,00000000;1,62500000;0,00000000;-21,08000000;0,00000000;0,00000000;0,00000000;0,00000000;20251121
99;2;00007;;GIACENZE DI FRANCHI SVIZZERI         CHF;CHF;;;621;;151524,140;0,000;0,000;0,000;0,0000;1,0742;151524,1400;162774,86;0,930882;0,0000;0,9304;151524,1400;162859,14;151524,1400;162859,14;0,0000;0,000;0,000;0,000;0,000;0,000;0,200;0,000;0,200;0,000;0,000;0,0000;0,00;3CHF1;;;;;;;;0,00000000;1,07425034;0,00000000;0,93040000;0,00000000;151524,14000000;0,00000000;0,00000000;0,00000000;0,00000000;20251121
99;2;00007;;IMPEGNI IN DIVISA FRANCHI SVIZZERI   CHF;CHF;;;622;;-35599,440;0,000;0,000;0,000;0,0000;1,0748;-35599,4400;-38262,51;0,930400;0,0000;0,9304;-35599,4400;-38262,51;-35599,4400;-38262,51;0,0000;0,000;0,000;0,000;0,000;0,000;-0,047;0,000;-0,047;0,000;0,000;0,0000;0,00;3CHF2;;;;;;;;0,00000000;1,07480651;0,00000000;0,93040000;0,00000000;-35599,44000000;0,00000000;0,00000000;0,00000000;0,00000000;20251121
99;2;00035;;GIACENZE DI CORONA DANESE            DKK;DKK;;;621;;9749046,160;0,000;0,000;0,000;0,0000;0,1338;9749046,1600;1305342,47;7,468573;0,0000;7,4690;9749046,1600;1305267,93;9749046,1600;1305267,93;0,0000;0,000;0,000;0,000;0,000;0,000;1,600;0,000;1,606;0,000;0,000;0,0000;0,00;3DKK1;;;;;;;;0,00000000;0,13389437;0,00000000;7,46900000;0,00000000;9749046,16000000;0,00000000;0,00000000;0,00000000;0,00000000;20251121
99;2;00035;;IMPEGNI IN DIVISA CORONA DANESE      DKK;DKK;;;622;;-99874,060;0,000;0,000;0,000;0,0000;0,1338;-99874,0600;-13371,81;7,469001;0,0000;7,4690;-99874,0600;-13371,81;-99874,0600;-13371,81;0,0000;0,000;0,000;0,000;0,000;0,000;-0,016;0,000;-0,016;0,000;0,000;0,0000;0,00;3DKK2;;;;;;;;0,00000000;0,13388671;0,00000000;7,46900000;0,00000000;-99874,06000000;0,00000000;0,00000000;0,00000000;0,00000000;20251121
99;2;00006;;GIACENZE DI STERLINE INGLESI         GBP;GBP;;;621;;299708,140;0,000;0,000;0,000;0,0000;1,1423;299708,1400;342358,77;0,875421;0,0000;0,8792;299708,1400;340887,33;299708,1400;340887,33;0,0000;0,000;0,000;0,000;0,000;0,000;0,418;0,000;0,419;0,000;0,000;0,0000;0,00;3GBP1;;;;;;;;0,00000000;1,14230721;0,00000000;0,87920000;0,00000000;299708,14000000;0,00000000;0,00000000;0,00000000;0,00000000;20251121
99;2;00006;;IMPEGNI IN DIVISA STERLINE INGLESI   LST;GBP;;;622;;-69549,400;0,000;0,000;0,000;0,0000;1,1373;-69549,4000;-79105,32;0,879200;0,0000;0,8792;-69549,4000;-79105,32;-69549,4000;-79105,32;0,0000;0,000;0,000;0,000;0,000;0,000;-0,097;0,000;-0,097;0,000;0,000;0,0000;0,00;3GBP2;;;;;;;;0,00000000;1,13739759;0,00000000;0,87920000;0,00000000;-69549,40000000;0,00000000;0,00000000;0,00000000;0,00000000;20251121
99;2;00014;;GIACENZE DI HONG KONG DOLLAR         HKD;HKD;;;621;;94194,790;0,000;0,000;0,000;0,0000;0,1122;94194,7900;10576,91;8,905700;0,0000;8,9560;94194,7900;10517,51;94194,7900;10517,51;0,0000;0,000;0,000;0,000;0,000;0,000;0,013;0,000;0,013;0,000;0,000;0,0000;0,00;3HKD1;;;;;;;;0,00000000;0,11228763;0,00000000;8,95600000;0,00000000;94194,79000000;0,00000000;0,00000000;0,00000000;0,00000000;20251121
99;2;00008;;GIACENZE DI YEN GIAPPONESI           JPY;JPY;;;621;;11091337,000;0,000;0,000;0,000;0,0000;0,0055;11091337,0000;61717,16;179,712368;0,0000;180,1025;11091337,0000;61583,47;11091337,0000;61583,47;0,0000;0,000;0,000;0,000;0,000;0,000;0,075;0,000;0,076;0,000;0,000;0,0000;0,00;3JPY1;;;;;;;;0,00000000;0,00556444;0,00000000;180,10250000;0,00000000;11091337,00000000;0,00000000;0,00000000;0,00000000;0,00000000;20251121
99;2;00008;;IMPEGNI IN DIVISA YEN GIAPPONESI     JPY;JPY;;;622;;-9723342,000;0,000;0,000;0,000;0,0000;0,0054;-9723342,0000;-53461,81;181,874538;0,0000;180,1025;-9723342,0000;-53987,82;-9723342,0000;-53987,82;0,0000;0,000;0,000;0,000;0,000;0,000;-0,066;0,000;-0,066;0,000;0,000;0,0000;0,00;3JPY2;;;;;;;;0,00000000;0,00549829;0,00000000;180,10250000;0,00000000;-9723342,00000000;0,00000000;0,00000000;0,00000000;0,00000000;20251121
99;2;00031;;GIACENZE DI CORONA NORVEGESE         NOK;NOK;;;621;;564943,210;0,000;0,000;0,000;0,0000;0,0849;564943,2100;48003,83;11,768711;0,0000;11,8258;564943,2100;47772,09;564943,2100;47772,09;0,0000;0,000;0,000;0,000;0,000;0,000;0,059;0,000;0,059;0,000;0,000;0,0000;0,00;3NOK1;;;;;;;;0,00000000;0,08497107;0,00000000;11,82580000;0,00000000;564943,21000000;0,00000000;0,00000000;0,00000000;0,00000000;20251121
99;2;00031;;IMPEGNI IN DIVISA CORONA NORVEGESE   NOK;NOK;;;622;;-40812,680;0,000;0,000;0,000;0,0000;0,0845;-40812,6800;-3451,16;11,825786;0,0000;11,8258;-40812,6800;-3451,16;-40812,6800;-3451,16;0,0000;0,000;0,000;0,000;0,000;0,000;-0,004;0,000;-0,004;0,000;0,000;0,0000;0,00;3NOK2;;;;;;;;0,00000000;0,08456097;0,00000000;11,82580000;0,00000000;-40812,68000000;0,00000000;0,00000000;0,00000000;0,00000000;20251121
99;2;00011;;GIACENZE DI CORONE SVEDESI           SEK;SEK;;;621;;417316,880;0,000;0,000;0,000;0,0000;0,0909;417316,8800;37941,07;10,999080;0,0000;11,0245;417316,8800;37853,59;417316,8800;37853,59;0,0000;0,000;0,000;0,000;0,000;0,000;0,046;0,000;0,047;0,000;0,000;0,0000;0,00;3SEK1;;;;;;;;0,00000000;0,09091669;0,00000000;11,02450000;0,00000000;417316,88000000;0,00000000;0,00000000;0,00000000;0,00000000;20251121
99;2;00011;;IMPEGNI IN DIVISA CORONE SVEDESI     SEK;SEK;;;622;;-327353,730;0,000;0,000;0,000;0,0000;0,0907;-327353,7300;-29693,30;11,024498;0,0000;11,0245;-327353,7300;-29693,29;-327353,7300;-29693,29;0,0000;0,000;0,000;0,000;0,000;0,000;-0,036;0,000;-0,037;0,000;0,000;0,0000;0,00;3SEK2;;;;;;;;0,00000000;0,09070707;0,00000000;11,02450000;0,00000000;-327353,73000000;0,00000000;0,00000000;0,00000000;0,00000000;20251121
99;2;00001;;GIACENZE DI DOLLARI USA              USD;USD;;;621;;1263788,670;0,000;0,000;0,000;0,0000;0,8654;1263788,6700;1093759,31;1,155454;0,0000;1,1503;1263788,6700;1098660,06;1263788,6700;1098660,06;0,0000;0,000;0,000;0,000;0,000;0,000;1,346;0,000;1,352;0,000;0,000;0,0000;0,00;3USD1;;;;;;;;0,00000000;0,86546060;0,00000000;1,15030000;0,00000000;1263788,67000000;0,00000000;0,00000000;0,00000000;0,00000000;20251121
99;2;00001;;IMPEGNI IN DIVISA DOLLARI USA        USD;USD;;;622;;-1209426,420;0,000;0,000;0,000;0,0000;0,8693;-1209426,4200;-1051355,15;1,150350;0,0000;1,1503;-1209426,4200;-1051400,87;-1209426,4200;-1051400,87;0,0000;0,000;0,000;0,000;0,000;0,000;-1,288;0,000;-1,294;0,000;0,000;0,0000;0,00;3USD2;;;;;;;;0,00000000;0,86930063;0,00000000;1,15030000;0,00000000;-1209426,42000000;0,00000000;0,00000000;0,00000000;0,00000000;20251121
99;4;;;DIRITTI MATURATI NON RISCOSSI;;;;700;;0,000;0,000;0,000;0,000;0,0000;0,0000;0,0000;0,00;0,000000;0,0000;0,0000;0,0000;387913,64;0,0000;47549,24;0,0000;0,000;0,000;0,000;0,000;0,000;0,475;0,000;0,477;0,000;0,000;0,0000;0,00;;;;;;;;;0,00000000;0,00000000;0,00000000;0,00000000;0,00000000;0,00000000;0,00000000;0,00000000;0,00000000;0,00000000;20251121
99;5;;;DEPOSITI MARGINI INIZ.FUTURES;;;;8;;0,000;0,000;0,000;0,000;0,0000;0,0000;0,0000;0,00;0,000000;0,0000;0,0000;0,0000;0,00;0,0000;0,00;0,0000;0,000;0,000;0,000;0,000;0,000;0,000;0,000;0,000;0,000;0,000;0,0000;0,00;;;;;;;;;0,00000000;0,00000000;0,00000000;0,00000000;0,00000000;0,00000000;0,00000000;0,00000000;0,00000000;0,00000000;20251121
99;5;;;MARGINI DI VARIAZIONE FUTURES;;;;8;;0,000;0,000;0,000;0,000;0,0000;0,0000;0,0000;0,00;0,000000;0,0000;0,0000;0,0000;0,00;0,0000;0,00;0,0000;0,000;0,000;0,000;0,000;0,000;0,000;0,000;0,000;0,000;0,000;0,0000;0,00;;;;;;;;;0,00000000;0,00000000;0,00000000;0,00000000;0,00000000;0,00000000;0,00000000;0,00000000;0,00000000;0,00000000;20251121
99;5;;;DEPOSITI BANCARI;;;;8;;0,000;0,000;0,000;0,000;0,0000;0,0000;0,0000;0,00;0,000000;0,0000;0,0000;0,0000;0,00;0,0000;0,00;0,0000;0,000;0,000;0,000;0,000;0,000;0,000;0,000;0,000;0,000;0,000;0,0000;0,00;;;;;;;;;0,00000000;0,00000000;0,00000000;0,00000000;0,00000000;0,00000000;0,00000000;0,00000000;0,00000000;0,00000000;20251121
99;9;;;RIMBORSI DA REGOLARE;;;;;;0,000;0,000;0,000;0,000;0,0000;0,0000;0,0000;0,00;0,000000;0,0000;0,0000;0,0000;-169735,53;0,0000;-169735,53;0,0000;0,000;0,000;0,000;0,000;0,000;0,000;0,000;0,000;0,000;0,000;0,0000;0,00;;;;;;;;;0,00000000;0,00000000;0,00000000;0,00000000;0,00000000;0,00000000;0,00000000;0,00000000;0,00000000;0,00000000;20251121
