FONDO;TIPO CODICE;CODICE TITOLO/DIVISA;CODICE ISIN;DESCRIZIONE;SIGLA DIVISA;CODICE BORSA QUOTAZIONE;CLASS.PATR/NAZIONE=COMPARTO;CODICE PER ANALISI RISCHIO;FLAG ITALIA/ESTERO;QTA IN PORTAFOGLIO;QTA IN GARANZIA;QTA IN PRESTITO;QTA VENDUTA A PREMIO;COSTO STORICO UNIT.DIVISA;COSTO STORICO UNIT.EURO;COSTO STORICO TOTALE DIVISA;COSTO STORICO TOTALE EURO;CAMBIO STORICO;PREZZO ATTUALE UNIT.DIVISA;PREZZO ATTUALE UNIT.EURO;VALORE ATT.TOTALE C/S DIVISA;VALORE ATT.TOTALE C/S EURO;VALORE ATT.TOTALE T/Q DIVISA;VALORE ATT.TOTALE T/Q EURO;PREZZO PRECED. UNIT LIT/DIV;PERCENT.PL/MIN SU TITOLO;PERCENT.PL/MIN SU CAMBIO;PERCENT.PL/MIN GLOB.TITOLO;PERCENT.PESO TIT SU TOT.DIVI;PERCENT.PESO TIT SU COMPARTO;PERCENT.PESO TIT SU ATT.FDO;PERCENT.SCOSTAM PRZ PRECED;PERCENT.PESO TIT SU NAV;PERCENT.PERSONALIZZATA 1;PERCENT.PERSONALIZZATA 2;RATEI TOTALI X TITOLO DIVISA;RATEI TOTALI X TITOLO EURO;CODICI RAGGRUPPAM.LIVELLO 1;CODICI RAGGRUPPAM.LIVELLO 2;CODICI RAGGRUPPAM.LIVELLO 3;CODICI RAGGRUPPAM.LIVELLO 4;CODICI RAGGRUPPAM.LIVELLO 5;CODICI RAGGRUPPAM.LIVELLO 6;CODICI RAGGRUPPAM.LIVELLO 7;CAMPO ORDINAMENTO;COSTO STORICO UNIT.DIVISA;COSTO STORICO UNIT.EURO;PREZZO ATTUALE UNIT.DIVISA;PREZZO ATTUALE UNIT.EURO;PREZZO PRECED. UNIT LIT/DIV;QTA IN PORTAFOGLIO;QTA IN GARANZIA;QTA IN PRESTITO;QTA VENDUTA A PREMIO;QTA RICEVUTA A PRESTITO;DATA RIFERIMENTO -AAAAMMGG-
81;1I;41363;IT0005445306;BTP 0.50% 2021/15.07.2028;EUR;MTS;086000;001;I;30000000,000;0,000;0,000;0,000;93,0490;93,0490;27914700,0000;27914700,00;0,000000;95,5230;95,5230;28656900,0000;28656900,00;28705405,4300;28705405,43;95,5200;2,659;0,000;2,659;9,967;19,782;9,762;0,003;9,783;0,000;0,000;48505,4300;48505,43;;;;DEUR;N111111;T000;;090238      BTP 0.50% 2021/15.07.2028;93,04900000;93,04900000;95,52300000;95,52300000;95,52000000;30000000,00000000;0,00000000;0,00000000;0,00000000;0,00000000;20251111
81;1I;46882;IT0005548315;BTP  3,800% 2023-01/08/2028;EUR;MTS;086000;001;I;25000000,000;0,000;0,000;0,000;103,9290;103,9290;25982250,0000;25982250,00;0,000000;103,9790;103,9790;25994750,0000;25994750,00;26258065,2200;26258065,22;103,9770;0,048;0,000;0,048;9,117;18,095;8,855;0,002;8,874;0,000;0,000;263315,2200;263315,22;;;;DEUR;N111111;T000;;091145      BTP  3,800% 2023-01/08/2028;103,92900000;103,92900000;103,97900000;103,97900000;103,97700000;25000000,00000000;0,00000000;0,00000000;0,00000000;0,00000000;20251111
81;1I;62859;IT0005657330;BTPS 2,100% 2025-26/08/2027;EUR;MTSBOT;086000;001;I;25000000,000;0,000;0,000;0,000;99,7800;99,7800;24945000,0000;24945000,00;0,000000;99,8660;99,8660;24966500,0000;24966500,00;25076350,5400;25076350,54;99,8630;0,086;0,000;0,086;8,707;17,281;8,505;0,003;8,523;0,000;0,000;109850,5400;109850,54;;;;DEUR;N111111;T000;;091495      BTPS 2,100% 2025-26/08/2027;99,78000000;99,78000000;99,86600000;99,86600000;99,86300000;25000000,00000000;0,00000000;0,00000000;0,00000000;0,00000000;20251111
81;1I;60574;IT0005620460;CCTS TV (4,164%) 15.04.2033;EUR;MOT;086000;002;I;15000000,000;0,000;0,000;0,000;100,5300;100,5300;15079500,0000;15079500,00;0,000000;102,7450;102,7450;15411750,0000;15411750,00;15447783,7500;15447783,75;102,7610;2,203;0,000;2,203;5,364;10,646;5,250;-0,016;5,261;0,000;0,000;36033,7500;36033,75;;;;DEUR;N111111;T000;;094750      CCTS TV (4,164%) 15.04.2033;100,53000000;100,53000000;102,74500000;102,74500000;102,76100000;15000000,00000000;0,00000000;0,00000000;0,00000000;0,00000000;20251111
81;1I;47975;IT0005580045;BTPS  2,950% 2024-15/02/2027;EUR;MTS;086000;001;I;15000000,000;0,000;0,000;0,000;101,0750;101,0750;15161250,0000;15161250,00;0,000000;101,0240;101,0240;15153600,0000;15153600,00;15259415,2200;15259415,22;101,0220;-0,050;0,000;-0,050;5,298;10,516;5,162;0,002;5,173;0,000;0,000;105815,2200;105815,22;;;;DEUR;N111111;T000;;094838      BTPS  2,950% 2024-15/02/2027;101,07500000;101,07500000;101,02400000;101,02400000;101,02200000;15000000,00000000;0,00000000;0,00000000;0,00000000;0,00000000;20251111
81;1I;60625;IT0005622128;BTPS 2,700% 2024-15/10/2027;EUR;MTS;086000;001;I;13000000,000;0,000;0,000;0,000;100,4650;100,4650;13060450,0000;13060450,00;0,000000;100,9590;100,9590;13124670,0000;13124670,00;13150705,7100;13150705,71;100,9640;0,492;0,000;0,492;4,566;9,063;4,471;-0,005;4,481;0,000;0,000;26035,7100;26035,71;;;;DEUR;N111111;T000;;095529      BTPS 2,700% 2024-15/10/2027;100,46500000;100,46500000;100,95900000;100,95900000;100,96400000;13000000,00000000;0,00000000;0,00000000;0,00000000;0,00000000;20251111
81;1I;39722;IT0005433690;BTPS  0.25% 2021/15.03.2028;EUR;MTSBOT;086000;001;I;11000000,000;0,000;0,000;0,000;93,0190;93,0190;10232090,0000;10232090,00;0,000000;95,6400;95,6400;10520400,0000;10520400,00;10524730,1100;10524730,11;95,6350;2,818;0,000;2,818;3,654;7,253;3,584;0,005;3,592;0,000;0,000;4330,1100;4330,11;;;;DEUR;N111111;T000;;096416      BTPS  0.25% 2021/15.03.2028;93,01900000;93,01900000;95,64000000;95,64000000;95,63500000;11000000,00000000;0,00000000;0,00000000;0,00000000;0,00000000;20251111
81;1I;61078;IT0005633794;BTP 2,550% 2025-25/02/2027;EUR;MTS;086000;001;I;10000000,000;0,000;0,000;0,000;100,7990;100,7990;10079900,0000;10079900,00;0,000000;100,5360;100,5360;10053600,0000;10053600,00;10107648,9100;10107648,91;100,5400;-0,261;0,000;-0,261;3,509;6,966;3,425;-0,004;3,432;0,000;0,000;54048,9100;54048,91;;;;DEUR;N111111;T000;;096575      BTP 2,550% 2025-25/02/2027;100,79900000;100,79900000;100,53600000;100,53600000;100,54000000;10000000,00000000;0,00000000;0,00000000;0,00000000;0,00000000;20251111
81;1I;63384;AT0000A3MUA7;AUSTRIAN T-BILL ZC 2025-27/11/2025;EUR;VIENNA;008000;100;I;12500000,000;0,000;0,000;0,000;99,5065;99,5065;12438322,7500;12438322,75;0,000000;99,9250;99,9250;12439113,8900;12439113,89;12490625,0000;12490625,00;99,9190;0,006;0,000;0,006;4,337;55,710;4,237;0,006;4,247;0,000;0,000;51511,1100;51511,11;;;;DEUR;N008000;T100;;095763      AUSTRIAN T-BILL ZC 2025-27/11/2025;99,50658200;99,50658200;99,92500000;99,92500000;99,91900000;12500000,00000000;0,00000000;0,00000000;0,00000000;0,00000000;20251111
81;1I;63661;AT0000A3MUC3;AUSTRIAN T-BILL ZC   2025-26/03/2026;EUR;VIENNA;008000;100;I;10000000,000;0,000;0,000;0,000;99,0233;99,0233;9902335,3700;9902335,37;0,000000;99,3010;99,3010;9904206,6700;9904206,67;9930100,0000;9930100,00;99,3030;0,019;0,000;0,019;3,448;44,290;3,374;-0,002;3,381;0,000;0,000;25893,3300;25893,33;;;;DEUR;N008000;T100;;096626      AUSTRIAN T-BILL ZC   2025-26/03/2026;99,02335370;99,02335370;99,30100000;99,30100000;99,30300000;10000000,00000000;0,00000000;0,00000000;0,00000000;0,00000000;20251111
81;1I;61258;BE0312809818;TREASURY CERTIFICATE ZC 25-12/02/2026;EUR;BRUXELLES;009000;100;I;15000000,000;0,000;0,000;0,000;97,7392;97,7392;14660880,2900;14660880,29;0,000000;99,5060;99,5060;14677020,0000;14677020,00;14925900,0000;14925900,00;99,4940;0,110;0,000;0,110;5,182;100,000;5,000;0,012;5,011;0,000;0,000;248880,0000;248880,00;;;;DEUR;N009000;T100;;095000      TREASURY CERTIFICATE ZC 25-12/02/2026;97,73920190;97,73920190;99,50600000;99,50600000;99,49400000;15000000,00000000;0,00000000;0,00000000;0,00000000;0,00000000;20251111
81;1I;61333;FR0128838507;FRENCH DISCOUNT ZC 2025-25/02/2026;EUR;BANQFRANCE;029000;100;I;25000000,000;0,000;0,000;0,000;99,0466;99,0466;24761655,9900;24761655,99;0,000000;99,4130;99,4130;24853250,0000;24853250,00;24853250,0000;24853250,00;99,4100;0,370;0,000;0,370;8,629;60,186;8,466;0,003;8,485;0,000;0,000;0,0000;0,00;;;;DEUR;N029000;T100;;091534      FRENCH DISCOUNT ZC 2025-25/02/2026;99,04662400;99,04662400;99,41300000;99,41300000;99,41000000;25000000,00000000;0,00000000;0,00000000;0,00000000;0,00000000;20251111
81;1I;32434;FR0013341682;FRANCE OAT 0.75%2018/25.11.2028;EUR;PARIGI;029000;100;I;15000000,000;0,000;0,000;0,000;93,3780;93,3780;14006700,0000;14006700,00;0,000000;95,3580;95,3580;14303700,0000;14303700,00;14411884,9300;14411884,93;95,3120;2,120;0,000;2,120;5,004;34,901;4,872;0,048;4,883;0,000;0,000;108184,9300;108184,93;;;;DEUR;N029000;T100;;095128      FRANCE OAT 0.75%2018/25.11.2028;93,37800000;93,37800000;95,35800000;95,35800000;95,31200000;15000000,00000000;0,00000000;0,00000000;0,00000000;0,00000000;20251111
81;1I;26396;FR0012938116;FRANCE GOV  1% 2015  25/11/2025;EUR;EUROTLX;029000;100;I;1250000,000;0,000;0,000;0,000;98,8380;98,8380;1235475,0000;1235475,00;0,000000;99,9570;99,9570;1249462,5000;1249462,50;1261483,0500;1261483,05;99,9500;1,132;0,000;1,132;0,438;3,055;0,426;0,007;0,427;0,000;0,000;12020,5500;12020,55;;;;DEUR;N029000;T100;;099574      FRANCE GOV  1% 2015  25/11/2025;98,83800000;98,83800000;99,95700000;99,95700000;99,95000000;1250000,00000000;0,00000000;0,00000000;0,00000000;0,00000000;20251111
81;1I;45881;ES0000012L29;SPAIN BONOS  2,800% 2023-31/05/2026;EUR;MADRID;067000;100;I;15000000,000;0,000;0,000;0,000;100,6380;100,6380;15095700,0000;15095700,00;0,000000;100,3820;100,3820;15057300,0000;15057300,00;15246012,3300;15246012,33;100,3930;-0,254;0,000;-0,254;5,293;100,000;5,129;-0,011;5,140;0,000;0,000;188712,3300;188712,33;;;;DEUR;N067000;T100;;094871      SPAIN BONOS  2,800% 2023-31/05/2026;100,63800000;100,63800000;100,38200000;100,38200000;100,39300000;15000000,00000000;0,00000000;0,00000000;0,00000000;0,00000000;20251111
81;1I;48904;DE000BU35025;BUNDESOBLIGATION  2,100% 2024-12/04/2029;EUR;FRANCOFORT;094000;100;I;27000000,000;0,000;0,000;0,000;99,9323;99,9323;26981730,0000;26981730,00;0,000000;99,9760;99,9760;26993520,0000;26993520,00;27324399,4500;27324399,45;99,9580;0,044;0,000;0,044;9,487;55,740;9,195;0,018;9,215;0,000;0,000;330879,4500;330879,45;;;;DEUR;N094000;T100;;090805      BUNDESOBLIGATION  2,100% 2024-12/04/2029;99,93233330;99,93233330;99,97600000;99,97600000;99,95800000;27000000,00000000;0,00000000;0,00000000;0,00000000;0,00000000;20251111
81;1I;60575;DE000BU22072;BUNDESREPUBLIK 2% 10.12.2026;EUR;FRANCOFORT;094000;100;I;20000000,000;0,000;0,000;0,000;99,8510;99,8510;19970200,0000;19970200,00;0,000000;100,0180;100,0180;20003600,0000;20003600,00;20423185,1200;20423185,12;100,0280;0,167;0,000;0,167;7,091;41,662;6,814;-0,010;6,829;0,000;0,000;419585,1200;419585,12;;;;DEUR;N094000;T100;;093186      BUNDESREPUBLIK 2% 10.12.2026;99,85100000;99,85100000;100,01800000;100,01800000;100,02800000;20000000,00000000;0,00000000;0,00000000;0,00000000;0,00000000;20251111
81;1I;60360;DE000BU25034;BUNDESOBLIGATION 2,500% 2024-11/10/2029;EUR;FRANCOFORT;094000;100;I;500000,000;0,000;0,000;0,000;100,6270;100,6270;503135,0000;503135,00;0,000000;101,2460;101,2460;506230,0000;506230,00;507291,6400;507291,64;101,2210;0,615;0,000;0,615;0,176;1,035;0,172;0,025;0,173;0,000;0,000;1061,6400;1061,64;;;;DEUR;N094000;T100;;099828      BUNDESOBLIGATION 2,500% 2024-11/10/2029;100,62700000;100,62700000;101,24600000;101,24600000;101,22100000;500000,00000000;0,00000000;0,00000000;0,00000000;0,00000000;20251111
81;1I;45149;DE0001030740;BUNDESREPUBLIK 1,300% 2022-15/10/2027;EUR;FRANCOFORT;094000;100;I;500000,000;0,000;0,000;0,000;97,6190;97,6190;488095,0000;488095,00;0,000000;98,7810;98,7810;493905,0000;493905,00;494385,8200;494385,82;98,7760;1,190;0,000;1,190;0,172;1,009;0,168;0,005;0,169;0,000;0,000;480,8200;480,82;;;;DEUR;N094000;T100;;099832      BUNDESREPUBLIK 1,300% 2022-15/10/2027;97,61900000;97,61900000;98,78100000;98,78100000;98,77600000;500000,00000000;0,00000000;0,00000000;0,00000000;0,00000000;20251111
81;1I;01109;DE0001135085;BUNDES 4,75% 1998/4.7.2028;EUR;FRANCOFORT;094000;100;I;250000,000;0,000;0,000;0,000;108,1670;108,1670;270417,5000;270417,50;0,000000;106,9600;106,9600;267400,0000;267400,00;271629,4500;271629,45;106,9520;-1,116;0,000;-1,116;0,094;0,554;0,091;0,007;0,091;0,000;0,000;4229,4500;4229,45;;;;DEUR;N094000;T100;;099909      BUNDES 4,75% 1998/4.7.2028;108,16700000;108,16700000;106,96000000;106,96000000;106,95200000;250000,00000000;0,00000000;0,00000000;0,00000000;0,00000000;20251111
81;1I;38859;FR00140005L7;ORANGE SA 1.75% 2020/31.12.2049;EUR;PARIGI;029000;301;I;500000,000;0,000;0,000;0,000;92,8860;92,8860;464430,0000;464430,00;0,000000;95,6850;95,6850;478425,0000;478425,00;479072,2600;479072,26;95,6650;3,013;0,000;3,013;0,166;1,160;0,163;0,021;0,163;0,000;0,000;647,2600;647,26;;;;DEUR;N029000;T200;;099837      ORANGE SA 1.75% 2020/31.12.2049;92,88600000;92,88600000;95,68500000;95,68500000;95,66500000;500000,00000000;0,00000000;0,00000000;0,00000000;0,00000000;20251111
81;1I;19194;XS1115498260;ORANGE SA 5% 2014/29.10.2049;EUR;PARIGI;029000;301;I;282000,000;0,000;0,000;0,000;102,4920;102,4920;289027,4400;289027,44;0,000000;101,6450;101,6450;286638,9000;286638,90;288222,7400;288222,74;101,6700;-0,826;0,000;-0,826;0,100;0,698;0,098;-0,025;0,098;0,000;0,000;1583,8400;1583,84;;;;DEUR;N029000;T200;;099902      ORANGE SA 5% 2014/29.10.2049;102,49200000;102,49200000;101,64500000;101,64500000;101,67000000;282000,00000000;0,00000000;0,00000000;0,00000000;0,00000000;20251111
81;1I;38550;XS2229434852;ERG SPA 0,5% 2020/11.09.2027;EUR;LUXEMBOURG;086000;301;I;600000,000;0,000;0,000;0,000;93,7390;93,7390;562434,0000;562434,00;0,000000;96,3110;96,3110;577866,0000;577866,00;578367,3700;578367,37;96,2630;2,744;0,000;2,744;0,201;0,399;0,197;0,050;0,197;0,000;0,000;501,3700;501,37;;;;DEUR;N086000;T200;;099803      ERG SPA 0,5% 2020/11.09.2027;93,73900000;93,73900000;96,31100000;96,31100000;96,26300000;600000,00000000;0,00000000;0,00000000;0,00000000;0,00000000;20251111
81;2;00001;;LIQUIDITA';EUR;;;610;;0,000;0,000;0,000;0,000;0,0000;0,0000;0,0000;0,00;0,000000;0,0000;0,0000;0,0000;5491303,07;0,0000;5491303,07;0,0000;0,000;0,000;0,000;0,000;0,000;1,871;0,000;1,875;0,000;0,000;0,0000;0,00;2;;;;;;;;0,00000000;0,00000000;0,00000000;0,00000000;0,00000000;0,00000000;0,00000000;0,00000000;0,00000000;0,00000000;20251111
81;2;00007;;GIACENZE DI FRANCHI SVIZZERI         CHF;CHF;;;621;;16383,440;0,000;0,000;0,000;0,0000;1,0653;16383,4400;17453,36;0,938698;0,0000;0,9276;16383,4400;17662,18;16383,4400;17662,18;0,0000;0,000;0,000;0,000;0,000;0,000;0,006;0,000;0,006;0,000;0,000;0,0000;0,00;3CHF1;;;;;;;;0,00000000;1,06530496;0,00000000;0,92760000;0,00000000;16383,44000000;0,00000000;0,00000000;0,00000000;0,00000000;20251111
81;2;00006;;GIACENZE DI STERLINE INGLESI         GBP;GBP;;;621;;17098,030;0,000;0,000;0,000;0,0000;1,2081;17098,0300;20657,02;0,827710;0,0000;0,8802;17098,0300;19425,16;17098,0300;19425,16;0,0000;0,000;0,000;0,000;0,000;0,000;0,007;0,000;0,007;0,000;0,000;0,0000;0,00;3GBP1;;;;;;;;0,00000000;1,20815205;0,00000000;0,88020000;0,00000000;17098,03000000;0,00000000;0,00000000;0,00000000;0,00000000;20251111
81;2;00001;;GIACENZE DI DOLLARI USA              USD;USD;;;621;;17011,450;0,000;0,000;0,000;0,0000;0,9633;17011,4500;16388,50;1,038011;0,0000;1,1596;17011,4500;14670,10;17011,4500;14670,10;0,0000;0,000;0,000;0,000;0,000;0,000;0,005;0,000;0,005;0,000;0,000;0,0000;0,00;3USD1;;;;;;;;0,00000000;0,96338054;0,00000000;1,15960000;0,00000000;17011,45000000;0,00000000;0,00000000;0,00000000;0,00000000;20251111
81;4;;;DIRITTI MATURATI NON RISCOSSI;;;;700;;0,000;0,000;0,000;0,000;0,0000;0,0000;0,0000;0,00;0,000000;0,0000;0,0000;0,0000;1717713,72;0,0000;1892,07;0,0000;0,000;0,000;0,000;0,000;0,000;0,585;0,000;0,586;0,000;0,000;0,0000;0,00;;;;;;;;;0,00000000;0,00000000;0,00000000;0,00000000;0,00000000;0,00000000;0,00000000;0,00000000;0,00000000;0,00000000;20251111
81;5;;;DEPOSITI MARGINI INIZ.FUTURES;;;;8;;0,000;0,000;0,000;0,000;0,0000;0,0000;0,0000;0,00;0,000000;0,0000;0,0000;0,0000;0,00;0,0000;0,00;0,0000;0,000;0,000;0,000;0,000;0,000;0,000;0,000;0,000;0,000;0,000;0,0000;0,00;;;;;;;;;0,00000000;0,00000000;0,00000000;0,00000000;0,00000000;0,00000000;0,00000000;0,00000000;0,00000000;0,00000000;20251111
81;5;;;MARGINI DI VARIAZIONE FUTURES;;;;8;;0,000;0,000;0,000;0,000;0,0000;0,0000;0,0000;0,00;0,000000;0,0000;0,0000;0,0000;0,00;0,0000;0,00;0,0000;0,000;0,000;0,000;0,000;0,000;0,000;0,000;0,000;0,000;0,000;0,0000;0,00;;;;;;;;;0,00000000;0,00000000;0,00000000;0,00000000;0,00000000;0,00000000;0,00000000;0,00000000;0,00000000;0,00000000;20251111
81;5;;;DEPOSITI BANCARI;;;;8;;0,000;0,000;0,000;0,000;0,0000;0,0000;0,0000;0,00;0,000000;0,0000;0,0000;0,0000;0,00;0,0000;0,00;0,0000;0,000;0,000;0,000;0,000;0,000;0,000;0,000;0,000;0,000;0,000;0,0000;0,00;;;;;;;;;0,00000000;0,00000000;0,00000000;0,00000000;0,00000000;0,00000000;0,00000000;0,00000000;0,00000000;0,00000000;20251111
81;9;;;RIMBORSI DA REGOLARE;;;;;;0,000;0,000;0,000;0,000;0,0000;0,0000;0,0000;0,00;0,000000;0,0000;0,0000;0,0000;-404252,36;0,0000;-404252,36;0,0000;0,000;0,000;0,000;0,000;0,000;0,000;0,000;0,000;0,000;0,000;0,0000;0,00;;;;;;;;;0,00000000;0,00000000;0,00000000;0,00000000;0,00000000;0,00000000;0,00000000;0,00000000;0,00000000;0,00000000;20251111
82;IF;63412;OEZ5;EURO BOBL DEC25;EUR;;;335;;-84,000;0,000;0,000;0,000;0,0000;0,0000;0,0000;0,00;0,000000;118,1300;0,0000;0,0000;-9922920,00;0,0000;-9922920,00;0,0000;0,000;0,000;0,000;0,000;0,000;0,000;0,000;0,000;0,000;0,000;0,0000;0,00;3;;;;;;;;0,00000000;0,00000000;118,13000000;0,00000000;0,00000000;0,00000000;0,00000000;0,00000000;0,00000000;0,00000000;20251111
82;IF;63416;IKZ5;EURO BTP DEC25;EUR;;;335;;-265,000;0,000;0,000;0,000;0,0000;0,0000;0,0000;0,00;0,000000;121,3400;0,0000;0,0000;-32155100,00;0,0000;-32155100,00;0,0000;0,000;0,000;0,000;0,000;0,000;0,000;0,000;0,000;0,000;0,000;0,0000;0,00;3;;;;;;;;0,00000000;0,00000000;121,34000000;0,00000000;0,00000000;0,00000000;0,00000000;0,00000000;0,00000000;0,00000000;20251111
82;1I;48808;IT0005596470;BTP  4,050% 2024-30/10/2037;EUR;MOT;086000;001;I;42500000,000;0,000;0,000;0,000;104,1690;104,1690;44271825,0000;44271825,00;0,000000;104,8320;104,8320;44553600,0000;44553600,00;44610344,5100;44610344,51;104,7570;0,636;0,000;0,636;4,466;18,447;3,922;0,072;3,937;0,000;0,000;56744,5100;56744,51;;;;DEUR;N111111;T000;;096078      BTP  4,050% 2024-30/10/2037;104,16900000;104,16900000;104,83200000;104,83200000;104,75700000;42500000,00000000;0,00000000;0,00000000;0,00000000;0,00000000;20251111
82;1I;63469;IT0005668220;BTPS 3,25% 15.11.2032;EUR;MTSBOT;086000;001;I;35185000,000;0,000;0,000;0,000;101,4200;101,4200;35684627,0000;35684627,00;0,000000;101,4580;101,4580;35697997,3000;35697997,30;35893761,6700;35893761,67;101,4020;0,037;0,000;0,037;3,593;14,843;3,142;0,055;3,154;0,000;0,000;195764,3700;195764,37;;;;DEUR;N111111;T000;;096858      BTPS 3,25% 15.11.2032;101,42000000;101,42000000;101,45800000;101,45800000;101,40200000;35185000,00000000;0,00000000;0,00000000;0,00000000;0,00000000;20251111
82;1I;64016;IT0005676504;BTP 3,450% 2025-01/02/2036;EUR;MTS;086000;001;I;35000000,000;0,000;0,000;0,000;100,1900;100,1900;35066500,0000;35066500,00;0,000000;100,2290;100,2290;35080150,0000;35080150,00;35106400,0000;35106400,00;100,1490;0,039;0,000;0,039;3,514;14,517;3,088;0,080;3,099;0,000;0,000;26250,0000;26250,00;;;;DEUR;N111111;T000;;096912      BTP 3,450% 2025-01/02/2036;100,19000000;100,19000000;100,22900000;100,22900000;100,14900000;35000000,00000000;0,00000000;0,00000000;0,00000000;0,00000000;20251111
82;1I;46541;IT0005542359;BTPS  4,000% 2023-30/10/2031;EUR;MTS;086000;001;I;32010000,000;0,000;0,000;0,000;104,3845;104,3845;33413496,0400;33413496,04;0,000000;106,6520;106,6520;34139305,2000;34139305,20;34181516,1900;34181516,19;106,6190;2,172;0,000;2,172;3,422;14,135;3,005;0,031;3,016;0,000;0,000;42210,9900;42210,99;;;;DEUR;N111111;T000;;096995      BTPS  4,000% 2023-30/10/2031;104,38455500;104,38455500;106,65200000;106,65200000;106,61900000;32010000,00000000;0,00000000;0,00000000;0,00000000;0,00000000;20251111
82;1I;61747;IT0005648149;BTPS 3,6% 01.10.2035;EUR;MTSBOT;086000;001;I;25000000,000;0,000;0,000;0,000;100,6509;100,6509;25162729,1700;25162729,17;0,000000;101,8750;101,8750;25468750,0000;25468750,00;25570123,6300;25570123,63;101,8000;1,216;0,000;1,216;2,560;10,574;2,242;0,074;2,250;0,000;0,000;101373,6300;101373,63;;;;DEUR;N111111;T000;;097758      BTPS 3,6% 01.10.2035;100,65091670;100,65091670;101,87500000;101,87500000;101,80000000;25000000,00000000;0,00000000;0,00000000;0,00000000;0,00000000;20251111
82;1I;39057;IT0005413171;BTPS 1.65% 2020/01.12.2030;EUR;MTS;086000;001;I;22500000,000;0,000;0,000;0,000;92,7980;92,7980;20879550,0000;20879550,00;0,000000;95,2510;95,2510;21431475,0000;21431475,00;21596813,1100;21596813,11;95,2180;2,643;0,000;2,643;2,162;8,931;1,886;0,035;1,894;0,000;0,000;165338,1100;165338,11;;;;DEUR;N111111;T000;;098114      BTPS 1.65% 2020/01.12.2030;92,79800000;92,79800000;95,25100000;95,25100000;95,21800000;22500000,00000000;0,00000000;0,00000000;0,00000000;0,00000000;20251111
82;1I;45169;IT0005508590;BTP 4% 2022/30.04.2035;EUR;MOT;086000;001;I;11175000,000;0,000;0,000;0,000;105,0530;105,0530;11739672,7500;11739672,75;0,000000;106,2100;106,2100;11868967,5000;11868967,50;11883703,7600;11883703,76;106,1450;1,101;0,000;1,101;1,190;4,914;1,045;0,061;1,049;0,000;0,000;14736,2600;14736,26;;;;DEUR;N111111;T000;;098955      BTP 4% 2022/30.04.2035;105,05300000;105,05300000;106,21000000;106,21000000;106,14500000;11175000,00000000;0,00000000;0,00000000;0,00000000;0,00000000;20251111
82;1I;40175;IT0005438004;BTP 1,5%  2021-30.04.2045;EUR;MOT;086000;001;I;11000000,000;0,000;0,000;0,000;67,3880;67,3880;7412680,0000;7412680,00;0,000000;66,8860;66,8860;7357460,0000;7357460,00;7362899,5600;7362899,56;66,8060;-0,745;0,000;-0,745;0,737;3,045;0,648;0,120;0,650;0,000;0,000;5439,5600;5439,56;;;;DEUR;N111111;T000;;099352      BTP 1,5%  2021-30.04.2045;67,38800000;67,38800000;66,88600000;66,88600000;66,80600000;11000000,00000000;0,00000000;0,00000000;0,00000000;0,00000000;20251111
82;1I;62859;IT0005657330;BTPS 2,100% 2025-26/08/2027;EUR;MTSBOT;086000;001;I;5000000,000;0,000;0,000;0,000;99,9300;99,9300;4996500,0000;4996500,00;0,000000;99,8660;99,8660;4993300,0000;4993300,00;5015270,1100;5015270,11;99,8630;-0,064;0,000;-0,064;0,502;2,074;0,440;0,003;0,441;0,000;0,000;21970,1100;21970,11;;;;DEUR;N111111;T000;;099560      BTPS 2,100% 2025-26/08/2027;99,93000000;99,93000000;99,86600000;99,86600000;99,86300000;5000000,00000000;0,00000000;0,00000000;0,00000000;0,00000000;20251111
82;1I;49814;IT0005607970;BTPS 3,850% 2024-01/02/2035;EUR;MTSBOT;086000;001;I;3450000,000;0,000;0,000;0,000;102,3500;102,3500;3531075,0000;3531075,00;0,000000;104,4380;104,4380;3603111,0000;3603111,00;3639926,6300;3639926,63;104,3610;2,040;0,000;2,040;0,364;1,505;0,317;0,074;0,318;0,000;0,000;36815,6300;36815,63;;;;DEUR;N111111;T000;;099683      BTPS 3,850% 2024-01/02/2035;102,35000000;102,35000000;104,43800000;104,43800000;104,36100000;3450000,00000000;0,00000000;0,00000000;0,00000000;0,00000000;20251111
82;1I;46612;AT0000A33SH3;REP OF AUSTRIA 2,900% 2023-23/05/2029;EUR;VIENNA;008000;100;I;41444000,000;0,000;0,000;0,000;102,1390;102,1390;42330487,1600;42330487,16;0,000000;102,2030;102,2030;42357011,3200;42357011,32;42923374,8000;42923374,80;102,1740;0,063;0,000;0,063;4,297;62,583;3,728;0,028;3,742;0,000;0,000;566363,4800;566363,48;;;;DEUR;N008000;T100;;096272      REP OF AUSTRIA 2,900% 2023-23/05/2029;102,13900000;102,13900000;102,20300000;102,20300000;102,17400000;41444000,00000000;0,00000000;0,00000000;0,00000000;0,00000000;20251111
82;1I;63384;AT0000A3MUA7;AUSTRIAN T-BILL ZC 2025-27/11/2025;EUR;VIENNA;008000;100;I;25000000,000;0,000;0,000;0,000;99,5065;99,5065;24876645,5000;24876645,50;0,000000;99,9250;99,9250;24878227,7800;24878227,78;24981250,0000;24981250,00;99,9190;0,006;0,000;0,006;2,501;36,423;2,190;0,006;2,198;0,000;0,000;103022,2200;103022,22;;;;DEUR;N008000;T100;;097810      AUSTRIAN T-BILL ZC 2025-27/11/2025;99,50658200;99,50658200;99,92500000;99,92500000;99,91900000;25000000,00000000;0,00000000;0,00000000;0,00000000;0,00000000;20251111
82;1I;46204;BE0000358672;BELGIUM KINGDOM 3,300% 2023-22/06/2054;EUR;LUXEMBOURG;009000;100;I;20000000,000;0,000;0,000;0,000;95,6580;95,6580;19131600,0000;19131600,00;0,000000;86,4570;86,4570;17291400,0000;17291400,00;17548167,1200;17548167,12;86,3300;-9,619;0,000;-9,619;1,757;71,392;1,522;0,147;1,528;0,000;0,000;256767,1200;256767,12;;;;DEUR;N009000;T100;;098478      BELGIUM KINGDOM 3,300% 2023-22/06/2054;95,65800000;95,65800000;86,45700000;86,45700000;86,33000000;20000000,00000000;0,00000000;0,00000000;0,00000000;0,00000000;20251111
82;1I;45229;BE0000356650;BELGIUM  KINGDOM 2.75% 202/22.04.2039;EUR;LUXEMBOURG;009000;100;I;6900000,000;0,000;0,000;0,000;94,7300;94,7300;6536370,0000;6536370,00;0,000000;91,8490;91,8490;6337581,0000;6337581,00;6443113,1900;6443113,19;91,7410;-3,041;0,000;-3,041;0,645;26,213;0,558;0,118;0,560;0,000;0,000;105532,1900;105532,19;;;;DEUR;N009000;T100;;099442      BELGIUM  KINGDOM 2.75% 202/22.04.2039;94,73000000;94,73000000;91,84900000;91,84900000;91,74100000;6900000,00000000;0,00000000;0,00000000;0,00000000;0,00000000;20251111
82;1I;28193;FR0013234333;FRANCE O.A.T 1,75% 2016/25.06.2039;EUR;PARIGI;029000;100;I;50000000,000;0,000;0,000;0,000;80,3140;80,3140;40157000,0000;40157000,00;0,000000;79,2860;79,2860;39643000,0000;39643000,00;39976219,1800;39976219,18;79,1310;-1,280;0,000;-1,280;4,002;25,397;3,489;0,196;3,503;0,000;0,000;333219,1800;333219,18;;;;DEUR;N029000;T100;;096511      FRANCE O.A.T 1,75% 2016/25.06.2039;80,31400000;80,31400000;79,28600000;79,28600000;79,13100000;50000000,00000000;0,00000000;0,00000000;0,00000000;0,00000000;20251111
82;1I;61155;FR001400X8V5;FRANCE GOVT 3,200% 2025-25/05/2035;EUR;PARIGI;029000;100;I;34500000,000;0,000;0,000;0,000;98,7413;98,7413;34065750,0100;34065750,01;0,000000;98,7330;98,7330;34062885,0000;34062885,00;34577076,7800;34577076,78;98,6060;-0,008;0,000;-0,008;3,461;21,967;2,998;0,129;3,010;0,000;0,000;514191,7800;514191,78;;;;DEUR;N029000;T100;;097002      FRANCE GOVT 3,200% 2025-25/05/2035;98,74130440;98,74130440;98,73300000;98,73300000;98,60600000;34500000,00000000;0,00000000;0,00000000;0,00000000;0,00000000;20251111
82;1I;40325;FR0014002JM6;FRANCE OAT  0,500% 2020-25/06/2044;EUR;MTS;029000;100;I;11322000,000;0,000;0,000;0,000;58,1010;58,1010;6578195,2200;6578195,22;0,000000;54,9140;54,9140;6217363,0800;6217363,08;6238921,4100;6238921,41;54,7580;-5,485;0,000;-5,485;0,625;3,964;0,547;0,285;0,549;0,000;0,000;21558,3300;21558,33;;;;DEUR;N029000;T100;;099453      FRANCE OAT  0,500% 2020-25/06/2044;58,10100000;58,10100000;54,91400000;54,91400000;54,75800000;11322000,00000000;0,00000000;0,00000000;0,00000000;0,00000000;20251111
82;1I;33142;IE00BFZRQ242;IRISH 1,35% 2018/18.03.2031;EUR;DUBLINO;040000;100;I;20000000,000;0,000;0,000;0,000;94,1280;94,1280;18825600,0000;18825600,00;0,000000;94,7230;94,7230;18944600,0000;18944600,00;19120654,7900;19120654,79;94,6900;0,632;0,000;0,632;1,914;100,000;1,668;0,035;1,674;0,000;0,000;176054,7900;176054,79;;;;DEUR;N040000;T100;;098332      IRISH 1,35% 2018/18.03.2031;94,12800000;94,12800000;94,72300000;94,72300000;94,69000000;20000000,00000000;0,00000000;0,00000000;0,00000000;0,00000000;20251111
82;1I;35096;NL0013552060;NETHERLAND 0.50% 2019/15.01.2040;EUR;AMSTERDAM;050000;100;I;22000000,000;0,000;0,000;0,000;71,1986;71,1986;15663700,0000;15663700,00;0,000000;70,4960;70,4960;15509120,0000;15509120,00;15599530,9600;15599530,96;70,3290;-0,987;0,000;-0,987;1,562;28,681;1,365;0,237;1,370;0,000;0,000;90410,9600;90410,96;;;;DEUR;N050000;T100;;098635      NETHERLAND 0.50% 2019/15.01.2040;71,19863640;71,19863640;70,49600000;70,49600000;70,32900000;22000000,00000000;0,00000000;0,00000000;0,00000000;0,00000000;20251111
82;1I;31930;PTOTEWOE0017;PORTUGAL 2,25% 2018/18.04.2034;EUR;LISBONA;055000;100;I;2000000,000;0,000;0,000;0,000;95,8810;95,8810;1917620,0000;1917620,00;0,000000;95,3820;95,3820;1907640,0000;1907640,00;1933160,5500;1933160,55;95,3190;-0,520;0,000;-0,520;0,194;9,232;0,168;0,066;0,169;0,000;0,000;25520,5500;25520,55;;;;DEUR;N055000;T100;;099832      PORTUGAL 2,25% 2018/18.04.2034;95,88100000;95,88100000;95,38200000;95,38200000;95,31900000;2000000,00000000;0,00000000;0,00000000;0,00000000;0,00000000;20251111
82;1I;39911;PTOTECOE0037;PORTUGAL-OT 12-4-2052 1% EUR;EUR;LUXEMBOURG;055000;100;I;3000000,000;0,000;0,000;0,000;59,1530;59,1530;1774590,0000;1774590,00;0,000000;54,2860;54,2860;1628580,0000;1628580,00;1646086,8500;1646086,85;54,2480;-8,228;0,000;-8,228;0,165;7,861;0,143;0,070;0,144;0,000;0,000;17506,8500;17506,85;;;;DEUR;N055000;T100;;099857      PORTUGAL-OT 12-4-2052 1% EUR;59,15300000;59,15300000;54,28600000;54,28600000;54,24800000;3000000,00000000;0,00000000;0,00000000;0,00000000;0,00000000;20251111
82;1I;41969;ES0000012J07;SPAIN BONOS % 2021/30.07.2042;EUR;AIAF;067000;100;I;40000000,000;0,000;0,000;0,000;66,8976;66,8976;26759050,0000;26759050,00;0,000000;67,0970;67,0970;26838800,0000;26838800,00;26952772,6000;26952772,60;67,0160;0,298;0,000;0,298;2,698;28,881;2,362;0,121;2,371;0,000;0,000;113972,6000;113972,60;;;;DEUR;N067000;T100;;097638      SPAIN BONOS % 2021/30.07.2042;66,89762500;66,89762500;67,09700000;67,09700000;67,01600000;40000000,00000000;0,00000000;0,00000000;0,00000000;0,00000000;20251111
82;1I;37577;ES0000012G26;SPAIN BONOS 0.80% 2020/ 30.07.2027;EUR;MADRID;067000;100;I;20000000,000;0,000;0,000;0,000;96,1930;96,1930;19238600,0000;19238600,00;0,000000;97,9180;97,9180;19583600,0000;19583600,00;19629189,0400;19629189,04;97,9180;1,793;0,000;1,793;1,965;21,034;1,724;0,000;1,730;0,000;0,000;45589,0400;45589,04;;;;DEUR;N067000;T100;;098276      SPAIN BONOS 0.80% 2020/ 30.07.2027;96,19300000;96,19300000;97,91800000;97,91800000;97,91800000;20000000,00000000;0,00000000;0,00000000;0,00000000;0,00000000;20251111
82;1I;34219;ES0000012E69;SPAIN BONOS 1.85% 2019/30.07.2035;EUR;MADRID;067000;100;I;15000000,000;0,000;0,000;0,000;89,5560;89,5560;13433400,0000;13433400,00;0,000000;89,5010;89,5010;13425150,0000;13425150,00;13504218,4900;13504218,49;89,4270;-0,061;0,000;-0,061;1,352;14,471;1,182;0,083;1,186;0,000;0,000;79068,4900;79068,49;;;;DEUR;N067000;T100;;098818      SPAIN BONOS 1.85% 2019/30.07.2035;89,55600000;89,55600000;89,50100000;89,50100000;89,42700000;15000000,00000000;0,00000000;0,00000000;0,00000000;0,00000000;20251111
82;1I;38523;ES0000012G34;SPAIN BONOS 1.25% 2020/31.10.2030;EUR;MADRID;067000;100;I;7000000,000;0,000;0,000;0,000;92,5460;92,5460;6478220,0000;6478220,00;0,000000;94,1080;94,1080;6587560,0000;6587560,00;6590196,9900;6590196,99;94,0740;1,688;0,000;1,688;0,660;7,062;0,580;0,036;0,582;0,000;0,000;2636,9900;2636,99;;;;DEUR;N067000;T100;;099420      SPAIN BONOS 1.25% 2020/31.10.2030;92,54600000;92,54600000;94,10800000;94,10800000;94,07400000;7000000,00000000;0,00000000;0,00000000;0,00000000;0,00000000;20251111
82;1I;37992;ES0000012G42;SPAIN BONOS 1,200% 2020-31/10/2040;EUR;MADRID;067000;100;I;9000000,000;0,000;0,000;0,000;72,9930;72,9930;6569370,0000;6569370,00;0,000000;72,7450;72,7450;6547050,0000;6547050,00;6550304,7900;6550304,79;72,6530;-0,340;0,000;-0,340;0,656;7,019;0,576;0,127;0,578;0,000;0,000;3254,7900;3254,79;;;;DEUR;N067000;T100;;099424      SPAIN BONOS 1,200% 2020-31/10/2040;72,99300000;72,99300000;72,74500000;72,74500000;72,65300000;9000000,00000000;0,00000000;0,00000000;0,00000000;0,00000000;20251111
82;1I;27021;ES00000128E2;SPAIN BONOS 3.45% 2016 - 30/07/2066;EUR;MADRID;067000;100;I;7000000,000;0,000;0,000;0,000;93,7390;93,7390;6561730,0000;6561730,00;0,000000;87,6050;87,6050;6132350,0000;6132350,00;6201160,9600;6201160,96;87,4820;-6,544;0,000;-6,544;0,621;6,645;0,540;0,141;0,542;0,000;0,000;68810,9600;68810,96;;;;DEUR;N067000;T100;;099460      SPAIN BONOS 3.45% 2016 - 30/07/2066;93,73900000;93,73900000;87,60500000;87,60500000;87,48200000;7000000,00000000;0,00000000;0,00000000;0,00000000;0,00000000;20251111
82;1I;44811;ES0000012K61;SPAIN BONOS ZC 2.55% 2022/31.10.2032;EUR;AIAF;067000;100;I;6000000,000;0,000;0,000;0,000;97,9350;97,9350;5876100,0000;5876100,00;0,000000;98,4530;98,4530;5907180,0000;5907180,00;5911790,9600;5911790,96;98,4030;0,529;0,000;0,529;0,592;6,335;0,520;0,051;0,522;0,000;0,000;4610,9600;4610,96;;;;DEUR;N067000;T100;;099480      SPAIN BONOS ZC 2.55% 2022/31.10.2032;97,93500000;97,93500000;98,45300000;98,45300000;98,40300000;6000000,00000000;0,00000000;0,00000000;0,00000000;0,00000000;20251111
82;1I;10177;ES00000120N0;SPAIN BONOS 4,9% 2007/30.7.2040;EUR;AIAF;067000;100;I;5000000,000;0,000;0,000;0,000;117,7480;117,7480;5887400,0000;5887400,00;0,000000;115,3190;115,3190;5765950,0000;5765950,00;5835758,2200;5835758,22;115,2050;-2,063;0,000;-2,063;0,584;6,253;0,508;0,099;0,509;0,000;0,000;69808,2200;69808,22;;;;DEUR;N067000;T100;;099492      SPAIN BONOS 4,9% 2007/30.7.2040;117,74800000;117,74800000;115,31900000;115,31900000;115,20500000;5000000,00000000;0,00000000;0,00000000;0,00000000;0,00000000;20251111
82;1I;43456;ES0000012K46;SPAIN BONOS 1.9% 2022/31.10.2052;EUR;AIAF;067000;100;I;2500000,000;0,000;0,000;0,000;70,0700;70,0700;1751750,0000;1751750,00;0,000000;66,7780;66,7780;1669450,0000;1669450,00;1670881,5100;1670881,51;66,6570;-4,698;0,000;-4,698;0,167;1,790;0,147;0,182;0,148;0,000;0,000;1431,5100;1431,51;;;;DEUR;N067000;T100;;099853      SPAIN BONOS 1.9% 2022/31.10.2052;70,07000000;70,07000000;66,77800000;66,77800000;66,65700000;2500000,00000000;0,00000000;0,00000000;0,00000000;0,00000000;20251111
82;1I;36809;ES0000012F76;SPAIN BONOS 0.50% 2020/30.04.2030;EUR;MADRID;067000;100;I;311000,000;0,000;0,000;0,000;89,7570;89,7570;279144,2700;279144,27;0,000000;91,8560;91,8560;285672,1600;285672,16;286502,9100;286502,91;91,8270;2,339;0,000;2,339;0,029;0,307;0,025;0,032;0,025;0,000;0,000;830,7500;830,75;;;;DEUR;N067000;T100;;099975      SPAIN BONOS 0.50% 2020/30.04.2030;89,75700000;89,75700000;91,85600000;91,85600000;91,82700000;311000,00000000;0,00000000;0,00000000;0,00000000;0,00000000;20251111
82;1I;48904;DE000BU35025;BUNDESOBLIGATION  2,100% 2024-12/04/2029;EUR;FRANCOFORT;094000;100;I;73500000,000;0,000;0,000;0,000;99,9703;99,9703;73478190,0000;73478190,00;0,000000;99,9760;99,9760;73482360,0000;73482360,00;74383087,4000;74383087,40;99,9580;0,006;0,000;0,006;7,446;28,624;6,468;0,018;6,493;0,000;0,000;900727,4000;900727,40;;;;DEUR;N094000;T100;;093532      BUNDESOBLIGATION  2,100% 2024-12/04/2029;99,97032650;99,97032650;99,97600000;99,97600000;99,95800000;73500000,00000000;0,00000000;0,00000000;0,00000000;0,00000000;20251111
82;1I;46637;DE000BU3Z005;BUNDESREPUBLIC 2,300% 2023-15/02/2033;EUR;FRANCOFORT;094000;100;I;70000000,000;0,000;0,000;0,000;100,2240;100,2240;70156800,0000;70156800,00;0,000000;99,0050;99,0050;69303500,0000;69303500,00;70490047,9500;70490047,95;98,9400;-1,216;0,000;-1,216;7,056;27,126;6,100;0,066;6,123;0,000;0,000;1186547,9500;1186547,95;;;;DEUR;N094000;T100;;093900      BUNDESREPUBLIC 2,300% 2023-15/02/2033;100,22400000;100,22400000;99,00500000;99,00500000;98,94000000;70000000,00000000;0,00000000;0,00000000;0,00000000;0,00000000;20251111
82;1I;45149;DE0001030740;BUNDESREPUBLIK 1,300% 2022-15/10/2027;EUR;FRANCOFORT;094000;100;I;38000000,000;0,000;0,000;0,000;98,7721;98,7721;37533432,7100;37533432,71;0,000000;98,7810;98,7810;37536780,0000;37536780,00;37573322,4700;37573322,47;98,7760;0,009;0,000;0,009;3,761;14,459;3,304;0,005;3,317;0,000;0,000;36542,4700;36542,47;;;;DEUR;N094000;T100;;096696      BUNDESREPUBLIK 1,300% 2022-15/10/2027;98,77219130;98,77219130;98,78100000;98,78100000;98,77600000;38000000,00000000;0,00000000;0,00000000;0,00000000;0,00000000;20251111
82;1I;38532;DE0001030708;BUNDESREPUBLIK 0% 2020/15.08.2030;EUR;LUXEMBOURG;094000;100;I;36800000,000;0,000;0,000;0,000;89,0620;89,0620;32774816,0000;32774816,00;0,000000;90,1770;90,1770;33185136,0000;33185136,00;33185136,0000;33185136,00;90,1330;1,252;0,000;1,252;3,322;12,770;2,921;0,049;2,932;0,000;0,000;0,0000;0,00;;;;DEUR;N094000;T100;;097079      BUNDESREPUBLIK 0% 2020/15.08.2030;89,06200000;89,06200000;90,17700000;90,17700000;90,13300000;36800000,00000000;0,00000000;0,00000000;0,00000000;0,00000000;20251111
82;1I;41972;DE0001030732;BUNDESREPUBLIK 0% 2021/15.08.2031;EUR;FRANCOFORT;094000;100;I;20000000,000;0,000;0,000;0,000;86,9090;86,9090;17381800,0000;17381800,00;0,000000;87,7800;87,7800;17556000,0000;17556000,00;17556000,0000;17556000,00;87,7270;1,002;0,000;1,002;1,757;6,756;1,545;0,060;1,551;0,000;0,000;0,0000;0,00;;;;DEUR;N094000;T100;;098455      BUNDESREPUBLIK 0% 2021/15.08.2031;86,90900000;86,90900000;87,78000000;87,78000000;87,72700000;20000000,00000000;0,00000000;0,00000000;0,00000000;0,00000000;20251111
82;1I;40880;DE0001030724;BUNDES  ZC 2021/15.08.2050;EUR;FRANCOFORT;094000;100;I;25400000,000;0,000;0,000;0,000;52,6170;52,6170;13364718,0000;13364718,00;0,000000;45,6930;45,6930;11606022,0000;11606022,00;11606022,0000;11606022,00;45,6080;-13,159;0,000;-13,159;1,162;4,466;1,022;0,186;1,025;0,000;0,000;0,0000;0,00;;;;DEUR;N094000;T100;;098978      BUNDES  ZC 2021/15.08.2050;52,61700000;52,61700000;45,69300000;45,69300000;45,60800000;25400000,00000000;0,00000000;0,00000000;0,00000000;0,00000000;20251111
82;1I;41448;SI0002104196;REP  OF SLOVENIA 0.125% 21-01.07.31;EUR;LUBIANA;260000;100;I;4390000,000;0,000;0,000;0,000;85,0350;85,0350;3733036,5000;3733036,50;0,000000;87,7580;87,7580;3852576,2000;3852576,20;3854575,7500;3854575,75;87,7080;3,202;0,000;3,202;0,386;100,000;0,339;0,057;0,340;0,000;0,000;1999,5500;1999,55;;;;DEUR;N260000;T100;;099661      REP  OF SLOVENIA 0.125% 21-01.07.31;85,03500000;85,03500000;87,75800000;87,75800000;87,70800000;4390000,00000000;0,00000000;0,00000000;0,00000000;0,00000000;20251111
82;1I;44551;XS2489343793;KOMMUNEKREDIT 1.5% 2022/16.05.2029;EUR;LUXEMBOURG;021000;301;I;5900000,000;0,000;0,000;0,000;96,1040;96,1040;5670136,0000;5670136,00;0,000000;97,0240;97,0240;5724416,0000;5724416,00;5767817,3700;5767817,37;97,0060;0,957;0,000;0,957;0,577;44,440;0,504;0,019;0,506;0,000;0,000;43401,3700;43401,37;;;;DEUR;N021000;T200;;099496      KOMMUNEKREDIT 1.5% 2022/16.05.2029;96,10400000;96,10400000;97,02400000;97,02400000;97,00600000;5900000,00000000;0,00000000;0,00000000;0,00000000;0,00000000;20251111
82;1I;45694;XS2563353361;ORSTED A/S  5,250% 2022-31.12.2049;EUR;LUXEMBOURG;021000;301;I;2500000,000;0,000;0,000;0,000;103,3760;103,3760;2584400,0000;2584400,00;0,000000;102,1440;102,1440;2553600,0000;2553600,00;2675141,1000;2675141,10;102,1400;-1,192;0,000;-1,192;0,268;20,612;0,225;0,004;0,226;0,000;0,000;121541,1000;121541,10;;;;DEUR;N021000;T200;;099775      ORSTED A/S  5,250% 2022-31.12.2049;103,37600000;103,37600000;102,14400000;102,14400000;102,14000000;2500000,00000000;0,00000000;0,00000000;0,00000000;0,00000000;20251111
82;1I;39984;XS2293075680;ORSTED 1.50% 2021/18.02.2051;EUR;LUXEMBOURG;021000;301;I;2000000,000;0,000;0,000;0,000;83,6250;83,6250;1672500,0000;1672500,00;0,000000;84,7570;84,7570;1695140,0000;1695140,00;1717003,0100;1717003,01;84,7150;1,354;0,000;1,354;0,172;13,229;0,149;0,050;0,150;0,000;0,000;21863,0100;21863,01;;;;DEUR;N021000;T200;;099851      ORSTED 1.50% 2021/18.02.2051;83,62500000;83,62500000;84,75700000;84,75700000;84,71500000;2000000,00000000;0,00000000;0,00000000;0,00000000;0,00000000;20251111
82;1I;36584;XS2010036874;ORSTED A/S 1.75% 2019/09.12.20.3019;EUR;LUXEMBOURG;021000;301;I;1500000,000;0,000;0,000;0,000;93,8510;93,8510;1407765,0000;1407765,00;0,000000;95,7100;95,7100;1435650,0000;1435650,00;1459886,3000;1459886,30;95,6680;1,981;0,000;1,981;0,146;11,248;0,126;0,044;0,127;0,000;0,000;24236,3000;24236,30;;;;DEUR;N021000;T200;;099874      ORSTED A/S 1.75% 2019/09.12.20.3019;93,85100000;93,85100000;95,71000000;95,71000000;95,66800000;1500000,00000000;0,00000000;0,00000000;0,00000000;0,00000000;20251111
82;1I;46225;XS2591029876;ORSTED A/S 3,750% 2023-01/03/2030;EUR;LUXEMBOURG;021000;301;I;1300000,000;0,000;0,000;0,000;102,7150;102,7150;1335295,0000;1335295,00;0,000000;101,9130;101,9130;1324869,0000;1324869,00;1358927,2200;1358927,22;101,8760;-0,781;0,000;-0,781;0,136;10,470;0,117;0,036;0,117;0,000;0,000;34058,2200;34058,22;;;;DEUR;N021000;T200;;099883      ORSTED A/S 3,750% 2023-01/03/2030;102,71500000;102,71500000;101,91300000;101,91300000;101,87600000;1300000,00000000;0,00000000;0,00000000;0,00000000;0,00000000;20251111
82;1I;46138;XS2488809612;NOKIA   4,375% 2023-21/08/2031;EUR;FIPS;028000;301;I;3000000,000;0,000;0,000;0,000;104,4490;104,4490;3133470,0000;3133470,00;0,000000;104,8560;104,8560;3145680,0000;3145680,00;3175166,3000;3175166,30;104,7680;0,390;0,000;0,390;0,318;50,813;0,277;0,084;0,278;0,000;0,000;29486,3000;29486,30;;;;DEUR;N028000;T200;;099723      NOKIA   4,375% 2023-21/08/2031;104,44900000;104,44900000;104,85600000;104,85600000;104,76800000;3000000,00000000;0,00000000;0,00000000;0,00000000;0,00000000;20251111
82;1I;37637;XS2171872570;NOKIA OYJ 3,125% 2020/15.05.2028;EUR;DUBLINO;028000;301;I;2000000,000;0,000;0,000;0,000;100,1730;100,1730;2003460,0000;2003460,00;0,000000;100,9160;100,9160;2018320,0000;2018320,00;2049141,9200;2049141,92;100,9080;0,742;0,000;0,742;0,205;32,793;0,178;0,008;0,178;0,000;0,000;30821,9200;30821,92;;;;DEUR;N028000;T200;;099822      NOKIA OYJ 3,125% 2020/15.05.2028;100,17300000;100,17300000;100,91600000;100,91600000;100,90800000;2000000,00000000;0,00000000;0,00000000;0,00000000;0,00000000;20251111
82;1I;39333;XS2265360359;STORA ENSO 0.625% 2020/02.12.2030;EUR;LUXEMBOURG;028000;301;I;300000,000;0,000;0,000;0,000;85,2100;85,2100;255630,0000;255630,00;0,000000;89,4610;89,4610;268383,0000;268383,00;270150,1200;270150,12;89,4160;4,989;0,000;4,989;0,027;4,323;0,024;0,050;0,024;0,000;0,000;1767,1200;1767,12;;;;DEUR;N028000;T200;;099976      STORA ENSO 0.625% 2020/02.12.2030;85,21000000;85,21000000;89,46100000;89,46100000;89,41600000;300000,00000000;0,00000000;0,00000000;0,00000000;0,00000000;20251111
82;1I;41183;FR0014004016;CADES 0% 2021 25/11/206;EUR;LUXEMBOURG;029000;301;I;20400000,000;0,000;0,000;0,000;95,6160;95,6160;19505664,0000;19505664,00;0,000000;97,8130;97,8130;19953852,0000;19953852,00;19953852,0000;19953852,00;97,8150;2,298;0,000;2,298;1,997;12,677;1,756;-0,002;1,763;0,000;0,000;0,0000;0,00;;;;DEUR;N029000;T200;;098244      CADES 0% 2021 25/11/206;95,61600000;95,61600000;97,81300000;97,81300000;97,81500000;20400000,00000000;0,00000000;0,00000000;0,00000000;0,00000000;20251111
82;1I;41157;FR0014003YN1;AGENCE FRANCAISE DEV 0,01% 2021/25.11.28;EUR;PARIGI;029000;301;I;16000000,000;0,000;0,000;0,000;89,7100;89,7100;14353600,0000;14353600,00;0,000000;92,5330;92,5330;14805280,0000;14805280,00;14806818,6300;14806818,63;92,4920;3,147;0,000;3,147;1,482;9,407;1,303;0,044;1,308;0,000;0,000;1538,6300;1538,63;;;;DEUR;N029000;T200;;098697      AGENCE FRANCAISE DEV 0,01% 2021/25.11.28;89,71000000;89,71000000;92,53300000;92,53300000;92,49200000;16000000,00000000;0,00000000;0,00000000;0,00000000;0,00000000;20251111
82;1I;43209;FR0014007RB1;CAISSE AMORT DETTE  0,45% 2022/19.01.203;EUR;PARIGI;029000;301;I;10700000,000;0,000;0,000;0,000;84,2030;84,2030;9009721,0000;9009721,00;0,000000;86,2280;86,2280;9226396,0000;9226396,00;9265443,6700;9265443,67;86,1540;2,405;0,000;2,405;0,927;5,886;0,812;0,086;0,815;0,000;0,000;39047,6700;39047,67;;;;DEUR;N029000;T200;;099188      CAISSE AMORT DETTE  0,45% 2022/19.01.203;84,20300000;84,20300000;86,22800000;86,22800000;86,15400000;10700000,00000000;0,00000000;0,00000000;0,00000000;0,00000000;20251111
82;1I;42158;FR0014005NA6;AFD 0.125% 2021/29.09.2031;EUR;PARIGI;029000;301;I;9000000,000;0,000;0,000;0,000;81,8530;81,8530;7366770,0000;7366770,00;0,000000;83,9720;83,9720;7557480,0000;7557480,00;7558805,3400;7558805,34;83,8970;2,589;0,000;2,589;0,757;4,802;0,665;0,089;0,668;0,000;0,000;1325,3400;1325,34;;;;DEUR;N029000;T200;;099335      AFD 0.125% 2021/29.09.2031;81,85300000;81,85300000;83,97200000;83,97200000;83,89700000;9000000,00000000;0,00000000;0,00000000;0,00000000;0,00000000;20251111
82;1I;44194;FR001400A3H2;CAISSE AMORT DET 1.5% 2022/25.05.2032;EUR;PARIGI;029000;301;I;6500000,000;0,000;0,000;0,000;90,1050;90,1050;5856825,0000;5856825,00;0,000000;91,2950;91,2950;5934175,0000;5934175,00;5979585,9600;5979585,96;91,2130;1,321;0,000;1,321;0,599;3,799;0,522;0,090;0,524;0,000;0,000;45410,9600;45410,96;;;;DEUR;N029000;T200;;099478      CAISSE AMORT DET 1.5% 2022/25.05.2032;90,10500000;90,10500000;91,29500000;91,29500000;91,21300000;6500000,00000000;0,00000000;0,00000000;0,00000000;0,00000000;20251111
82;1I;40673;FR00140033E4;CAISSE FRANCAISE DE FIN0,01% 21/27.04.29;EUR;PARIGI;029000;301;I;5500000,000;0,000;0,000;0,000;88,7960;88,7960;4883780,0000;4883780,00;0,000000;91,5770;91,5770;5036735,0000;5036735,00;5037033,3600;5037033,36;91,5310;3,132;0,000;3,132;0,504;3,200;0,443;0,050;0,445;0,000;0,000;298,3600;298,36;;;;DEUR;N029000;T200;;099557      CAISSE FRANCAISE DE FIN0,01% 21/27.04.29;88,79600000;88,79600000;91,57700000;91,57700000;91,53100000;5500000,00000000;0,00000000;0,00000000;0,00000000;0,00000000;20251111
82;1I;40332;XS2312733871;FORVIA EX FAURECIA 2,375% 21-15.06.2029;EUR;DUBLINO;029000;301;I;2500000,000;0,000;0,000;0,000;89,5330;89,5330;2238325,0000;2238325,00;0,000000;96,4730;96,4730;2411825,0000;2411825,00;2435904,8600;2435904,86;96,3410;7,751;0,000;7,751;0,244;1,548;0,212;0,137;0,213;0,000;0,000;24079,8600;24079,86;;;;DEUR;N029000;T200;;099788      FORVIA EX FAURECIA 2,375% 21-15.06.2029;89,53300000;89,53300000;96,47300000;96,47300000;96,34100000;2500000,00000000;0,00000000;0,00000000;0,00000000;0,00000000;20251111
82;1I;38859;FR00140005L7;ORANGE SA 1.75% 2020/31.12.2049;EUR;PARIGI;029000;301;I;2500000,000;0,000;0,000;0,000;92,8860;92,8860;2322150,0000;2322150,00;0,000000;95,6850;95,6850;2392125,0000;2392125,00;2395361,3000;2395361,30;95,6650;3,013;0,000;3,013;0,240;1,522;0,211;0,021;0,211;0,000;0,000;3236,3000;3236,30;;;;DEUR;N029000;T200;;099789      ORANGE SA 1.75% 2020/31.12.2049;92,88600000;92,88600000;95,68500000;95,68500000;95,66500000;2500000,00000000;0,00000000;0,00000000;0,00000000;0,00000000;20251111
82;1I;37625;FR0013512233;KLEPIERRE 2% 2020/12.05.2029;EUR;PARIGI;029000;301;I;2000000,000;0,000;0,000;0,000;96,4790;96,4790;1929580,0000;1929580,00;0,000000;97,0910;97,0910;1941820,0000;1941820,00;1961874,7900;1961874,79;97,0410;0,634;0,000;0,634;0,196;1,246;0,171;0,052;0,172;0,000;0,000;20054,7900;20054,79;;;;DEUR;N029000;T200;;099829      KLEPIERRE 2% 2020/12.05.2029;96,47900000;96,47900000;97,09100000;97,09100000;97,04100000;2000000,00000000;0,00000000;0,00000000;0,00000000;0,00000000;20251111
82;1I;42502;XS2405483301;FORVIA EX FAURECIA 2,750% 15/02/2027;EUR;DUBLINO;029000;301;I;1656000,000;0,000;0,000;0,000;95,9690;95,9690;1589246,6400;1589246,64;0,000000;99,4880;99,4880;1647521,2800;1647521,28;1665990,2800;1665990,28;99,4700;3,667;0,000;3,667;0,167;1,058;0,145;0,018;0,146;0,000;0,000;18469,0000;18469,00;;;;DEUR;N029000;T200;;099855      FORVIA EX FAURECIA 2,750% 15/02/2027;95,96900000;95,96900000;99,48800000;99,48800000;99,47000000;1656000,00000000;0,00000000;0,00000000;0,00000000;0,00000000;20251111
82;1I;63669;FR0014010DR1;RENAULT SA 3,875% 2025-30/09/2030;EUR;DUBLINO;029000;301;I;1000000,000;0,000;0,000;0,000;100,0000;100,0000;1000000,0000;1000000,00;0,000000;100,0920;100,0920;1000920,0000;1000920,00;1005378,9000;1005378,90;100,0690;0,092;0,000;0,092;0,101;0,639;0,088;0,023;0,088;0,000;0,000;4458,9000;4458,90;;;;DEUR;N029000;T200;;099912      RENAULT SA 3,875% 2025-30/09/2030;100,00000000;100,00000000;100,09200000;100,09200000;100,06900000;1000000,00000000;0,00000000;0,00000000;0,00000000;0,00000000;20251111
82;1I;44193;FR00140060E7;FONCIERE LYONNAISE 0.5% 2021/21.04.2028;EUR;PARIGI;029000;301;I;1000000,000;0,000;0,000;0,000;93,3190;93,3190;933190,0000;933190,00;0,000000;95,1500;95,1500;951500,0000;951500,00;954294,5200;954294,52;95,1170;1,962;0,000;1,962;0,096;0,606;0,084;0,035;0,084;0,000;0,000;2794,5200;2794,52;;;;DEUR;N029000;T200;;099916      FONCIERE LYONNAISE 0.5% 2021/21.04.2028;93,31900000;93,31900000;95,15000000;95,15000000;95,11700000;1000000,00000000;0,00000000;0,00000000;0,00000000;0,00000000;20251111
82;1I;19194;XS1115498260;ORANGE SA 5% 2014/29.10.2049;EUR;PARIGI;029000;301;I;769000,000;0,000;0,000;0,000;102,4920;102,4920;788163,4800;788163,48;0,000000;101,6450;101,6450;781650,0500;781650,05;785969,0900;785969,09;101,6700;-0,826;0,000;-0,826;0,079;0,499;0,069;-0,025;0,069;0,000;0,000;4319,0400;4319,04;;;;DEUR;N029000;T200;;099931      ORANGE SA 5% 2014/29.10.2049;102,49200000;102,49200000;101,64500000;101,64500000;101,67000000;769000,00000000;0,00000000;0,00000000;0,00000000;0,00000000;20251111
82;1I;38143;XS2195190520;SSE PLC 3,125% 2020/31.12.2049;EUR;LONDRAEST;031000;301;I;3500000,000;0,000;0,000;0,000;98,4100;98,4100;3444350,0000;3444350,00;0,000000;99,8380;99,8380;3494330,0000;3494330,00;3530288,9000;3530288,90;99,8110;1,451;0,000;1,451;0,353;66,154;0,308;0,027;0,309;0,000;0,000;35958,9000;35958,90;;;;DEUR;N031000;T200;;099692      SSE PLC 3,125% 2020/31.12.2049;98,41000000;98,41000000;99,83800000;99,83800000;99,81100000;3500000,00000000;0,00000000;0,00000000;0,00000000;0,00000000;20251111
82;1I;48462;XS2794589403;BRITISH TELECOM TV (5,125) 03.10.2054;EUR;LONDRAEST;031000;301;I;1000000,000;0,000;0,000;0,000;103,3970;103,3970;1033970,0000;1033970,00;0,000000;104,2420;104,2420;1042420,0000;1042420,00;1047896,0300;1047896,03;104,2280;0,817;0,000;0,817;0,105;19,637;0,092;0,013;0,092;0,000;0,000;5476,0300;5476,03;;;;DEUR;N031000;T200;;099908      BRITISH TELECOM TV (5,125) 03.10.2054;103,39700000;103,39700000;104,24200000;104,24200000;104,22800000;1000000,00000000;0,00000000;0,00000000;0,00000000;0,00000000;20251111
82;1I;44959;XS2510903862;SSE PLC 2.875% 01.08.2029;EUR;LONDRAEST;031000;301;I;750000,000;0,000;0,000;0,000;99,7420;99,7420;748065,0000;748065,00;0,000000;100,2990;100,2990;752242,5000;752242,50;758268,1800;758268,18;100,2780;0,558;0,000;0,558;0,076;14,209;0,066;0,021;0,066;0,000;0,000;6025,6800;6025,68;;;;DEUR;N031000;T200;;099934      SSE PLC 2.875% 01.08.2029;99,74200000;99,74200000;100,29900000;100,29900000;100,27800000;750000,00000000;0,00000000;0,00000000;0,00000000;0,00000000;20251111
82;1I;45987;XS2579321337;NEDER WATERSCHAPSBANK 2% 2023/17.12.2029;EUR;LUXEMBOURG;050000;301;I;10000000,000;0,000;0,000;0,000;100,8560;100,8560;10085600,0000;10085600,00;0,000000;101,1740;101,1740;10117400,0000;10117400,00;10365276,7100;10365276,71;101,1510;0,315;0,000;0,315;1,038;19,058;0,891;0,023;0,894;0,000;0,000;247876,7100;247876,71;;;;DEUR;N050000;T200;;099109      NEDER WATERSCHAPSBANK 2% 2023/17.12.2029;100,85600000;100,85600000;101,17400000;101,17400000;101,15100000;10000000,00000000;0,00000000;0,00000000;0,00000000;0,00000000;20251111
82;1I;45197;XS2486270858;KONINKLIJKE KPN 6 2022/31.12.2049;EUR;DUBLINO;050000;301;I;7500000,000;0,000;0,000;0,000;106,1250;106,1250;7959375,0000;7959375,00;0,000000;105,2780;105,2780;7895850,0000;7895850,00;8296534,9300;8296534,93;105,2520;-0,798;0,000;-0,798;0,830;15,254;0,695;0,025;0,698;0,000;0,000;400684,9300;400684,93;;;;DEUR;N050000;T200;;099305      KONINKLIJKE KPN 6 2022/31.12.2049;106,12500000;106,12500000;105,27800000;105,27800000;105,25200000;7500000,00000000;0,00000000;0,00000000;0,00000000;0,00000000;20251111
82;1I;36892;XS2109819859;TELEFONICA TV 05.02.2027;EUR;DUBLINO;050000;301;I;5000000,000;0,000;0,000;0,000;97,3330;97,3330;4866650,0000;4866650,00;0,000000;98,4490;98,4490;4922450,0000;4922450,00;4987570,5500;4987570,55;98,4220;1,147;0,000;1,147;0,499;9,170;0,433;0,027;0,435;0,000;0,000;65120,5500;65120,55;;;;DEUR;N050000;T200;;099567      TELEFONICA TV 05.02.2027;97,33300000;97,33300000;98,44900000;98,44900000;98,42200000;5000000,00000000;0,00000000;0,00000000;0,00000000;0,00000000;20251111
82;1I;48326;XS2755535577;TELEFONICA EUR TV (5,752%) 24-31/12/2049;EUR;DUBLINO;050000;301;I;4000000,000;0,000;0,000;0,000;106,9210;106,9210;4276840,0000;4276840,00;0,000000;105,9460;105,9460;4237840,0000;4237840,00;4370219,4000;4370219,40;105,8960;-0,912;0,000;-0,912;0,437;8,035;0,373;0,047;0,374;0,000;0,000;132379,4000;132379,40;;;;DEUR;N050000;T200;;099627      TELEFONICA EUR TV (5,752%) 24-31/12/2049;106,92100000;106,92100000;105,94600000;105,94600000;105,89600000;4000000,00000000;0,00000000;0,00000000;0,00000000;0,00000000;20251111
82;1I;46032;XS2582389156;TELEFONICA EUR BV TV 23-31.12.49;EUR;DUBLINO;050000;301;I;3000000,000;0,000;0,000;0,000;107,8640;107,8640;3235920,0000;3235920,00;0,000000;106,8580;106,8580;3205740,0000;3205740,00;3302555,3400;3302555,34;106,8400;-0,933;0,000;-0,933;0,331;6,072;0,282;0,017;0,283;0,000;0,000;96815,3400;96815,34;;;;DEUR;N050000;T200;;099718      TELEFONICA EUR BV TV 23-31.12.49;107,86400000;107,86400000;106,85800000;106,85800000;106,84000000;3000000,00000000;0,00000000;0,00000000;0,00000000;0,00000000;20251111
82;1I;45616;XS2462605671;TELEFONICA EM TV 2022/31.12.2049;EUR;LONDRAEST;050000;301;I;2500000,000;0,000;0,000;0,000;109,8700;109,8700;2746750,0000;2746750,00;0,000000;109,2620;109,2620;2731550,0000;2731550,00;2903818,8400;2903818,84;109,2340;-0,553;0,000;-0,553;0,291;5,339;0,240;0,026;0,241;0,000;0,000;172268,8400;172268,84;;;;DEUR;N050000;T200;;099760      TELEFONICA EM TV 2022/31.12.2049;109,87000000;109,87000000;109,26200000;109,26200000;109,23400000;2500000,00000000;0,00000000;0,00000000;0,00000000;0,00000000;20251111
82;1I;45980;PTEDP4OM0025;ENERGIAS DE PORT  2023-23/04/2083;EUR;DUBLINO;055000;301;I;8000000,000;0,000;0,000;0,000;105,0310;105,0310;8402480,0000;8402480,00;0,000000;105,6610;105,6610;8452880,0000;8452880,00;8716000,2200;8716000,22;105,6400;0,600;0,000;0,600;0,872;41,622;0,744;0,020;0,747;0,000;0,000;263120,2200;263120,22;;;;DEUR;N055000;T200;;099256      ENERGIAS DE PORT  2023-23/04/2083;105,03100000;105,03100000;105,66100000;105,66100000;105,64000000;8000000,00000000;0,00000000;0,00000000;0,00000000;0,00000000;20251111
82;1I;41944;PTEDPXOM0021;ENERGIAS DE PORTUGAL SA 20218/14.03.2082;EUR;DUBLINO;055000;301;I;6300000,000;0,000;0,000;0,000;95,3850;95,3850;6009255,0000;6009255,00;0,000000;97,8300;97,8300;6163290,0000;6163290,00;6225944,7900;6225944,79;97,8240;2,563;0,000;2,563;0,623;29,731;0,543;0,006;0,545;0,000;0,000;62654,7900;62654,79;;;;DEUR;N055000;T200;;099457      ENERGIAS DE PORTUGAL SA 20218/14.03.2082;95,38500000;95,38500000;97,83000000;97,83000000;97,82400000;6300000,00000000;0,00000000;0,00000000;0,00000000;0,00000000;20251111
82;1I;49005;PTEDPZOM0011;ENERGIAS DE PORT (4,750%) TV 29/05/2054;EUR;DUBLINO;055000;301;I;1200000,000;0,000;0,000;0,000;102,2090;102,2090;1226508,0000;1226508,00;0,000000;103,6800;103,6800;1244160,0000;1244160,00;1270083,2900;1270083,29;103,6390;1,439;0,000;1,439;0,127;6,065;0,110;0,040;0,110;0,000;0,000;25923,2900;25923,29;;;;DEUR;N055000;T200;;099890      ENERGIAS DE PORT (4,750%) TV 29/05/2054;102,20900000;102,20900000;103,68000000;103,68000000;103,63900000;1200000,00000000;0,00000000;0,00000000;0,00000000;0,00000000;20251111
82;1I;39819;PTEDPROM0029;ENERGIAS DE PORT 1.875% 2021/02.08.2081;EUR;DUBLINO;055000;301;I;1100000,000;0,000;0,000;0,000;97,4210;97,4210;1071631,0000;1071631,00;0,000000;99,1170;99,1170;1090287,0000;1090287,00;1095994,1900;1095994,19;99,1200;1,741;0,000;1,741;0,110;5,234;0,096;-0,003;0,096;0,000;0,000;5707,1900;5707,19;;;;DEUR;N055000;T200;;099904      ENERGIAS DE PORT 1.875% 2021/02.08.2081;97,42100000;97,42100000;99,11700000;99,11700000;99,12000000;1100000,00000000;0,00000000;0,00000000;0,00000000;0,00000000;20251111
82;1I;43961;XS2443749648;TELIA CO AB 2,75 % 2022/30.06.2083;EUR;STOCCOLMA;068000;301;I;1400000,000;0,000;0,000;0,000;96,5120;96,5120;1351168,0000;1351168,00;0,000000;99,7650;99,7650;1396710,0000;1396710,00;1410844,2500;1410844,25;99,7480;3,371;0,000;3,371;0,141;100,000;0,123;0,017;0,123;0,000;0,000;14134,2500;14134,25;;;;DEUR;N068000;T200;;099877      TELIA CO AB 2,75 % 2022/30.06.2083;96,51200000;96,51200000;99,76500000;99,76500000;99,74800000;1400000,00000000;0,00000000;0,00000000;0,00000000;0,00000000;20251111
82;1I;48521;XS2798269069;TERNA - RETE ELET TV 11-04-24/31/12/2049;EUR;LUXEMBOURG;086000;301;I;3800000,000;0,000;0,000;0,000;102,9960;102,9960;3913848,0000;3913848,00;0,000000;103,5140;103,5140;3933532,0000;3933532,00;4039359,4000;4039359,40;103,4320;0,503;0,000;0,503;0,404;1,670;0,346;0,079;0,348;0,000;0,000;105827,4000;105827,40;;;;DEUR;N086000;T200;;099654      TERNA - RETE ELET TV 11-04-24/31/12/2049;102,99600000;102,99600000;103,51400000;103,51400000;103,43200000;3800000,00000000;0,00000000;0,00000000;0,00000000;0,00000000;20251111
82;1I;41977;XS2386650274;ERG SPA 0.875% 2021/15.09.2031;EUR;LUXEMBOURG;086000;301;I;3000000,000;0,000;0,000;0,000;84,3420;84,3420;2530260,0000;2530260,00;0,000000;87,9110;87,9110;2637330,0000;2637330,00;2641429,3200;2641429,32;87,8580;4,232;0,000;4,232;0,264;1,092;0,232;0,060;0,233;0,000;0,000;4099,3200;4099,32;;;;DEUR;N086000;T200;;099768      ERG SPA 0.875% 2021/15.09.2031;84,34200000;84,34200000;87,91100000;87,91100000;87,85800000;3000000,00000000;0,00000000;0,00000000;0,00000000;0,00000000;20251111
82;1I;38550;XS2229434852;ERG SPA 0,5% 2020/11.09.2027;EUR;LUXEMBOURG;086000;301;I;2400000,000;0,000;0,000;0,000;93,7390;93,7390;2249736,0000;2249736,00;0,000000;96,3110;96,3110;2311464,0000;2311464,00;2313469,4800;2313469,48;96,2630;2,744;0,000;2,744;0,232;0,957;0,203;0,050;0,204;0,000;0,000;2005,4800;2005,48;;;;DEUR;N086000;T200;;099797      ERG SPA 0,5% 2020/11.09.2027;93,73900000;93,73900000;96,31100000;96,31100000;96,26300000;2400000,00000000;0,00000000;0,00000000;0,00000000;0,00000000;20251111
82;1I;60711;XS2948434266;PRYSMIAN SPA 3,875% 2024-28/11/2031;EUR;LUXEMBOURG;086000;301;I;1500000,000;0,000;0,000;0,000;101,0770;101,0770;1516155,0000;1516155,00;0,000000;102,8710;102,8710;1543065,0000;1543065,00;1598482,8100;1598482,81;102,8430;1,775;0,000;1,775;0,160;0,661;0,136;0,027;0,136;0,000;0,000;55417,8100;55417,81;;;;DEUR;N086000;T200;;099864      PRYSMIAN SPA 3,875% 2024-28/11/2031;101,07700000;101,07700000;102,87100000;102,87100000;102,84300000;1500000,00000000;0,00000000;0,00000000;0,00000000;0,00000000;20251111
82;1I;49606;XS2853679053;ERG SPA 4,125% 2024-03/07/2030;EUR;LUXEMBOURG;086000;301;I;1000000,000;0,000;0,000;0,000;102,9310;102,9310;1029310,0000;1029310,00;0,000000;104,3690;104,3690;1043690,0000;1043690,00;1058494,7900;1058494,79;104,3310;1,397;0,000;1,397;0,106;0,438;0,092;0,036;0,092;0,000;0,000;14804,7900;14804,79;;;;DEUR;N086000;T200;;099908      ERG SPA 4,125% 2024-03/07/2030;102,93100000;102,93100000;104,36900000;104,36900000;104,33100000;1000000,00000000;0,00000000;0,00000000;0,00000000;0,00000000;20251111
82;1I;46047;XS2583205906;A2A SPA 4,375% 2023-03/02/2034;EUR;LUXEMBOURG;086000;301;I;700000,000;0,000;0,000;0,000;105,7230;105,7230;740061,0000;740061,00;0,000000;105,8090;105,8090;740663,0000;740663,00;764240,0500;764240,05;105,7320;0,081;0,000;0,081;0,077;0,316;0,065;0,073;0,065;0,000;0,000;23577,0500;23577,05;;;;DEUR;N086000;T200;;099935      A2A SPA 4,375% 2023-03/02/2034;105,72300000;105,72300000;105,80900000;105,80900000;105,73200000;700000,00000000;0,00000000;0,00000000;0,00000000;0,00000000;20251111
82;1I;38139;XS2197348597;TAKEDA PHARMA 1% 2020/09.07.2029;EUR;NEW YORK;088000;301;I;3000000,000;0,000;0,000;0,000;91,9600;91,9600;2758800,0000;2758800,00;0,000000;93,4170;93,4170;2802510,0000;2802510,00;2812783,9700;2812783,97;93,3740;1,584;0,000;1,584;0,282;100,000;0,247;0,046;0,248;0,000;0,000;10273,9700;10273,97;;;;DEUR;N088000;T200;;099753      TAKEDA PHARMA 1% 2020/09.07.2029;91,96000000;91,96000000;93,41700000;93,41700000;93,37400000;3000000,00000000;0,00000000;0,00000000;0,00000000;0,00000000;20251111
82;1I;41454;XS2359292955;LANDWIRTSCH 0% 21-30.06.22;EUR;LUXEMBOURG;094000;301;I;9000000,000;0,000;0,000;0,000;84,6800;84,6800;7621200,0000;7621200,00;0,000000;86,5580;86,5580;7790220,0000;7790220,00;7790220,0000;7790220,00;86,5120;2,218;0,000;2,218;0,780;2,998;0,686;0,053;0,688;0,000;0,000;0,0000;0,00;;;;DEUR;N094000;T200;;099314      LANDWIRTSCH 0% 21-30.06.22;84,68000000;84,68000000;86,55800000;86,55800000;86,51200000;9000000,00000000;0,00000000;0,00000000;0,00000000;0,00000000;20251111
82;1I;36023;XS2056730679;INFINEON TEC 3.625% 2019-31/12/2049;EUR;DUBLINO;094000;301;I;4000000,000;0,000;0,000;0,000;99,1040;99,1040;3964160,0000;3964160,00;0,000000;100,6060;100,6060;4024240,0000;4024240,00;4113226,3000;4113226,30;100,5770;1,516;0,000;1,516;0,412;1,583;0,354;0,029;0,356;0,000;0,000;88986,3000;88986,30;;;;DEUR;N094000;T200;;099646      INFINEON TEC 3.625% 2019-31/12/2049;99,10400000;99,10400000;100,60600000;100,60600000;100,57700000;4000000,00000000;0,00000000;0,00000000;0,00000000;0,00000000;20251111
82;1I;40683;EU000A3KM903;EUROPEAN UNION 0.20% 2021/04.06.2036;EUR;LUXEMBOURG;921000;301;I;8806000,000;0,000;0,000;0,000;73,8140;73,8140;6500060,8400;6500060,84;0,000000;73,7130;73,7130;6491166,7800;6491166,78;6498887,1100;6498887,11;73,6590;-0,137;0,000;-0,137;0,651;100,000;0,571;0,073;0,574;0,000;0,000;7720,3300;7720,33;;;;DEUR;N921000;T200;;099429      EUROPEAN UNION 0.20% 2021/04.06.2036;73,81400000;73,81400000;73,71300000;73,71300000;73,65900000;8806000,00000000;0,00000000;0,00000000;0,00000000;0,00000000;20251111
82;1I;48399;XS2610236528;COUNCIL OF EUROPE 2.875% 2024/13.04.2030;EUR;FRANCOFORT;974000;301;I;6000000,000;0,000;0,000;0,000;101,7660;101,7660;6105960,0000;6105960,00;0,000000;101,3950;101,3950;6083700,0000;6083700,00;6183891,7800;6183891,78;101,3710;-0,365;0,000;-0,365;0,619;100,000;0,536;0,024;0,538;0,000;0,000;100191,7800;100191,78;;;;DEUR;N974000;T200;;099464      COUNCIL OF EUROPE 2.875% 2024/13.04.2030;101,76600000;101,76600000;101,39500000;101,39500000;101,37100000;6000000,00000000;0,00000000;0,00000000;0,00000000;0,00000000;20251111
82;1I;06036;AT0000937503;VOEST ALPINE AG;EUR;VIENNA;008000;201;I;21196,000;0,000;0,000;0,000;20,5539;20,5539;435660,6200;435660,62;0,000000;32,1800;32,1800;682087,2800;682087,28;682087,2800;682087,28;32,3200;56,564;0,000;56,564;0,068;0,994;0,060;-0,433;0,060;0,000;0,000;0,0000;0,00;;;;DEUR;N008000;T300;;099940      VOEST ALPINE AG;20,55390734;20,55390734;32,18000000;32,18000000;32,32000000;21196,00000000;0,00000000;0,00000000;0,00000000;0,00000000;20251111
82;1I;27230;BE0974293251;ANHEUSER-BUSCH INBEV;EUR;BRUXELLES;009000;201;I;10541,000;0,000;0,000;0,000;51,6229;51,6229;544157,0000;544157,00;0,000000;55,8400;55,8400;588609,4400;588609,44;588609,4400;588609,44;54,5200;8,169;0,000;8,169;0,059;2,395;0,052;2,421;0,052;0,000;0,000;0,0000;0,00;;;;DEUR;N009000;T300;;099948      ANHEUSER-BUSCH INBEV;51,62290105;51,62290105;55,84000000;55,84000000;54,52000000;10541,00000000;0,00000000;0,00000000;0,00000000;0,00000000;20251111
82;1I;08457;FI0009000681;NOKIA OYJ;EUR;HELSINKI;028000;201;I;127585,000;0,000;0,000;0,000;4,8391;4,8391;617402,6800;617402,68;0,000000;5,9120;5,9120;754282,5200;754282,52;754282,5200;754282,52;5,8560;22,170;0,000;22,170;0,076;12,071;0,066;0,956;0,067;0,000;0,000;0,0000;0,00;;;;DEUR;N028000;T300;;099934      NOKIA OYJ;4,83914786;4,83914786;5,91200000;5,91200000;5,85600000;127585,00000000;0,00000000;0,00000000;0,00000000;0,00000000;20251111
82;1I;08436;FR0000120321;L'OREAL;EUR;PARIGI;029000;201;I;2046,000;0,000;0,000;0,000;395,9190;395,9190;810050,3300;810050,33;0,000000;356,7000;356,7000;729808,2000;729808,20;729808,2000;729808,20;353,9500;-9,906;0,000;-9,906;0,073;0,464;0,064;0,777;0,064;0,000;0,000;0,0000;0,00;;;;DEUR;N029000;T300;;099936      L'OREAL;395,91902737;395,91902737;356,70000000;356,70000000;353,95000000;2046,00000000;0,00000000;0,00000000;0,00000000;0,00000000;20251111
82;1I;33385;FR0013154002;SARTORIUS STEDIM BIOTECH;EUR;PARIGI;029000;201;I;3794,000;0,000;0,000;0,000;177,7793;177,7793;674494,7200;674494,72;0,000000;192,6000;192,6000;730724,4000;730724,40;730724,4000;730724,40;187,2000;8,337;0,000;8,337;0,073;0,464;0,064;2,885;0,065;0,000;0,000;0,0000;0,00;;;;DEUR;N029000;T300;;099936      SARTORIUS STEDIM BIOTECH;177,77931470;177,77931470;192,60000000;192,60000000;187,20000000;3794,00000000;0,00000000;0,00000000;0,00000000;0,00000000;20251111
82;1I;01606;FR0000121667;ESSILOR LUXOTTICA;EUR;PARIGI;029000;201;I;1880,000;0,000;0,000;0,000;257,5537;257,5537;484201,0000;484201,00;0,000000;315,4000;315,4000;592952,0000;592952,00;592952,0000;592952,00;311,8000;22,460;0,000;22,460;0,059;0,377;0,052;1,155;0,052;0,000;0,000;0,0000;0,00;;;;DEUR;N029000;T300;;099948      ESSILOR LUXOTTICA;257,55372340;257,55372340;315,40000000;315,40000000;311,80000000;1880,00000000;0,00000000;0,00000000;0,00000000;0,00000000;20251111
82;1I;06469;FR0010307819;LEGRAND PROMESSES;EUR;PARIGI;029000;201;I;3093,000;0,000;0,000;0,000;131,5315;131,5315;406826,9500;406826,95;0,000000;131,4000;131,4000;406420,2000;406420,20;406420,2000;406420,20;131,0000;-0,100;0,000;-0,100;0,041;0,258;0,036;0,305;0,036;0,000;0,000;0,0000;0,00;;;;DEUR;N029000;T300;;099964      LEGRAND PROMESSES;131,53150662;131,53150662;131,40000000;131,40000000;131,00000000;3093,00000000;0,00000000;0,00000000;0,00000000;0,00000000;20251111
82;1I;14112;FR0010451203;REXEL SA;EUR;PARIGI;029000;201;I;11606,000;0,000;0,000;0,000;25,0982;25,0982;291289,9800;291289,98;0,000000;29,9700;29,9700;347831,8200;347831,82;347831,8200;347831,82;29,5600;19,411;0,000;19,411;0,035;0,221;0,031;1,387;0,031;0,000;0,000;0,0000;0,00;;;;DEUR;N029000;T300;;099969      REXEL SA;25,09822333;25,09822333;29,97000000;29,97000000;29,56000000;11606,00000000;0,00000000;0,00000000;0,00000000;0,00000000;20251111
82;1I;14500;NL0010273215;ASML HLDG NV NEW;EUR;AMSTERDAM;050000;201;I;1618,000;0,000;0,000;0,000;724,2434;724,2434;1171825,9700;1171825,97;0,000000;886,9000;886,9000;1435004,2000;1435004,20;1435004,2000;1435004,20;886,7000;22,459;0,000;22,459;0,144;2,638;0,126;0,023;0,127;0,000;0,000;0,0000;0,00;;;;DEUR;N050000;T300;;099874      ASML HLDG NV NEW;724,24349196;724,24349196;886,90000000;886,90000000;886,70000000;1618,00000000;0,00000000;0,00000000;0,00000000;0,00000000;20251111
82;1I;35896;NL0013654783;PROSUS;EUR;AMSTERDAM;050000;201;I;15740,000;0,000;0,000;0,000;41,6909;41,6909;656214,8000;656214,80;0,000000;61,4800;61,4800;967695,2000;967695,20;967695,2000;967695,20;61,7000;47,466;0,000;47,466;0,097;1,779;0,085;-0,357;0,086;0,000;0,000;0,0000;0,00;;;;DEUR;N050000;T300;;099915      PROSUS;41,69090216;41,69090216;61,48000000;61,48000000;61,70000000;15740,00000000;0,00000000;0,00000000;0,00000000;0,00000000;20251111
82;1I;27009;NL0010801007;IMCD GROUP NV;EUR;AMSTERDAM;050000;201;I;8797,000;0,000;0,000;0,000;128,1374;128,1374;1127225,4900;1127225,49;0,000000;83,4800;83,4800;734373,5600;734373,56;734373,5600;734373,56;82,3800;-34,851;0,000;-34,851;0,074;1,350;0,065;1,335;0,065;0,000;0,000;0,0000;0,00;;;;DEUR;N050000;T300;;099935      IMCD GROUP NV;128,13748891;128,13748891;83,48000000;83,48000000;82,38000000;8797,00000000;0,00000000;0,00000000;0,00000000;0,00000000;20251111
82;1I;01895;NL0000226223;STMICROELECTRONICS - MILANO;EUR;MILANO;050000;201;I;29382,000;0,000;0,000;0,000;24,6301;24,6301;723684,0800;723684,08;0,000000;20,6400;20,6400;606444,4800;606444,48;606444,4800;606444,48;20,3850;-16,200;0,000;-16,200;0,061;1,115;0,053;1,251;0,054;0,000;0,000;0,0000;0,00;;;;DEUR;N050000;T300;;099947      STMICROELECTRONICS - MILANO;24,63018446;24,63018446;20,64000000;20,64000000;20,38500000;29382,00000000;0,00000000;0,00000000;0,00000000;0,00000000;20251111
82;1I;48620;NL0015001KT6;BREMBO N.V.;EUR;MILANO;050000;201;I;51761,000;0,000;0,000;0,000;8,7831;8,7831;454623,7700;454623,77;0,000000;9,8800;9,8800;511398,6800;511398,68;511398,6800;511398,68;9,8600;12,488;0,000;12,488;0,051;0,940;0,045;0,203;0,045;0,000;0,000;0,0000;0,00;;;;DEUR;N050000;T300;;099955      BREMBO N.V.;8,78313344;8,78313344;9,88000000;9,88000000;9,86000000;51761,00000000;0,00000000;0,00000000;0,00000000;0,00000000;20251111
82;1I;38577;NL0012866412;BE SEMICONDUCTOR INDS-ORD SHS;EUR;AMSTERDAM;050000;201;I;1584,000;0,000;0,000;0,000;144,3943;144,3943;228720,6300;228720,63;0,000000;137,8000;137,8000;218275,2000;218275,20;218275,2000;218275,20;136,4500;-4,567;0,000;-4,567;0,022;0,401;0,019;0,989;0,019;0,000;0,000;0,0000;0,00;;;;DEUR;N050000;T300;;099981      BE SEMICONDUCTOR INDS-ORD SHS;144,39433712;144,39433712;137,80000000;137,80000000;136,45000000;1584,00000000;0,00000000;0,00000000;0,00000000;0,00000000;20251111
82;1I;40120;NL0010583399;CORBION-ORD SHS;EUR;AMSTERDAM;050000;201;I;4977,000;0,000;0,000;0,000;20,7787;20,7787;103415,9800;103415,98;0,000000;18,1200;18,1200;90183,2400;90183,24;90183,2400;90183,24;17,8800;-12,796;0,000;-12,796;0,009;0,166;0,008;1,342;0,008;0,000;0,000;0,0000;0,00;;;;DEUR;N050000;T300;;099992      CORBION-ORD SHS;20,77877838;20,77877838;18,12000000;18,12000000;17,88000000;4977,00000000;0,00000000;0,00000000;0,00000000;0,00000000;20251111
82;1I;02400;PTEDP0AM0009;ENERGIAS DE PORTUGAL SA;EUR;LISBONA;055000;201;I;14352,000;0,000;0,000;0,000;3,1215;3,1215;44800,1000;44800,10;0,000000;3,7210;3,7210;53403,7900;53403,79;53403,7900;53403,79;3,9670;19,205;0,000;19,205;0,005;0,255;0,005;-6,201;0,005;0,000;0,000;0,0000;0,00;;;;DEUR;N055000;T300;;099995      ENERGIAS DE PORTUGAL SA;3,12152313;3,12152313;3,72100000;3,72100000;3,96700000;14352,00000000;0,00000000;0,00000000;0,00000000;0,00000000;20251111
82;1I;23311;ES0105025003;MERLIN PROPERTIES SOCIMI SA;EUR;MADRID;067000;201;I;14208,000;0,000;0,000;0,000;10,0619;10,0619;142959,5600;142959,56;0,000000;13,3200;13,3200;189250,5600;189250,56;189250,5600;189250,56;13,2300;32,380;0,000;32,380;0,019;0,203;0,017;0,680;0,017;0,000;0,000;0,0000;0,00;;;;DEUR;N067000;T300;;099983      MERLIN PROPERTIES SOCIMI SA;10,06190596;10,06190596;13,32000000;13,32000000;13,23000000;14208,00000000;0,00000000;0,00000000;0,00000000;0,00000000;20251111
82;1I;36841;LU2052491334;MULTILABEL ETICA ESG GLOBAL EQUITY;EUR;LUXEMBOURG;092000;223;I;37106,669;0,000;0,000;0,000;140,2299;140,2299;5203468,1900;5203468,19;0,000000;143,6900;143,6900;5331857,2700;5331857,27;5331857,2700;5331857,27;142,0100;2,467;0,000;2,467;0,534;39,114;0,469;1,183;0,471;0,000;0,000;0,0000;0,00;;;;DEUR;N092000;T300;;099531      MULTILABEL ETICA ESG GLOBAL EQUITY;140,22999989;140,22999989;143,69000000;143,69000000;142,01000000;37106,66900000;0,00000000;0,00000000;0,00000000;0,00000000;20251111
82;1I;36843;LU2052490872;MULTILABEL ETICA ESG DYNAMIC ALLOCATION;EUR;LUXEMBOURG;092000;223;I;36953,094;0,000;0,000;0,000;121,7399;121,7399;4498669,6600;4498669,66;0,000000;124,4600;124,4600;4599182,0800;4599182,08;4599182,0800;4599182,08;123,4500;2,234;0,000;2,234;0,460;33,739;0,405;0,818;0,406;0,000;0,000;0,0000;0,00;;;;DEUR;N092000;T300;;099595      MULTILABEL ETICA ESG DYNAMIC ALLOCATION;121,73999990;121,73999990;124,46000000;124,46000000;123,45000000;36953,09400000;0,00000000;0,00000000;0,00000000;0,00000000;20251111
82;1I;36842;LU2052490286;MULTILABEL ETICA ESG CONSERVATIVE ALLOC;EUR;LUXEMBOURG;092000;223;I;37206,072;0,000;0,000;0,000;98,1699;98,1699;3652520,0800;3652520,08;0,000000;99,4600;99,4600;3700515,9200;3700515,92;3700515,9200;3700515,92;99,2500;1,314;0,000;1,314;0,370;27,147;0,326;0,212;0,327;0,000;0,000;0,0000;0,00;;;;DEUR;N092000;T300;;099674      MULTILABEL ETICA ESG CONSERVATIVE ALLOC;98,16999977;98,16999977;99,46000000;99,46000000;99,25000000;37206,07200000;0,00000000;0,00000000;0,00000000;0,00000000;20251111
82;1I;33682;DE000KBX1006;KNORR-BREMSE AG;EUR;NEUERMKT;094000;201;I;8915,000;0,000;0,000;0,000;83,0035;83,0035;739976,8200;739976,82;0,000000;84,1000;84,1000;749751,5000;749751,50;749751,5000;749751,50;81,2000;1,321;0,000;1,321;0,075;0,289;0,066;3,571;0,066;0,000;0,000;0,0000;0,00;;;;DEUR;N094000;T300;;099934      KNORR-BREMSE AG;83,00356926;83,00356926;84,10000000;84,10000000;81,20000000;8915,00000000;0,00000000;0,00000000;0,00000000;0,00000000;20251111
82;1I;24199;DE000ZAL1111;ZALANDO-ORD SHS;EUR;NEUERMKT;094000;201;I;31205,000;0,000;0,000;0,000;26,5135;26,5135;827355,1700;827355,17;0,000000;23,0100;23,0100;718027,0500;718027,05;718027,0500;718027,05;22,5800;-13,214;0,000;-13,214;0,072;0,276;0,063;1,904;0,063;0,000;0,000;0,0000;0,00;;;;DEUR;N094000;T300;;099937      ZALANDO-ORD SHS;26,51354494;26,51354494;23,01000000;23,01000000;22,58000000;31205,00000000;0,00000000;0,00000000;0,00000000;0,00000000;20251111
82;1I;08512;DE0007164600;SAP SE;EUR;NEUERMKT;094000;201;I;3193,000;0,000;0,000;0,000;247,0144;247,0144;788717,0700;788717,07;0,000000;217,0500;217,0500;693040,6500;693040,65;693040,6500;693040,65;216,2500;-12,131;0,000;-12,131;0,069;0,267;0,061;0,370;0,061;0,000;0,000;0,0000;0,00;;;;DEUR;N094000;T300;;099939      SAP SE;247,01442843;247,01442843;217,05000000;217,05000000;216,25000000;3193,00000000;0,00000000;0,00000000;0,00000000;0,00000000;20251111
82;1I;08529;DE0005557508;DEUTSCHE TELEKOM - NOMINATIVE;EUR;NEUERMKT;094000;201;I;18653,000;0,000;0,000;0,000;31,7833;31,7833;592855,4300;592855,43;0,000000;27,0700;27,0700;504936,7100;504936,71;504936,7100;504936,71;26,6900;-14,830;0,000;-14,830;0,051;0,194;0,044;1,424;0,045;0,000;0,000;0,0000;0,00;;;;DEUR;N094000;T300;;099956      DEUTSCHE TELEKOM - NOMINATIVE;31,78338229;31,78338229;27,07000000;27,07000000;26,69000000;18653,00000000;0,00000000;0,00000000;0,00000000;0,00000000;20251111
82;1I;19412;DE000A1ML7J1;VONOVIA SE;EUR;NEUERMKT;094000;201;I;19414,000;0,000;0,000;0,000;27,3093;27,3093;530183,7500;530183,75;0,000000;25,7300;25,7300;499522,2200;499522,22;499522,2200;499522,22;25,1000;-5,783;0,000;-5,783;0,050;0,192;0,044;2,510;0,044;0,000;0,000;0,0000;0,00;;;;DEUR;N094000;T300;;099956      VONOVIA SE;27,30935149;27,30935149;25,73000000;25,73000000;25,10000000;19414,00000000;0,00000000;0,00000000;0,00000000;0,00000000;20251111
82;1I;17410;IT0004965148;MONCLER SPA;EUR;MILANO;086000;201;I;24372,000;0,000;0,000;0,000;54,7186;54,7186;1333603,4500;1333603,45;0,000000;57,6000;57,6000;1403827,2000;1403827,20;1403827,2000;1403827,20;56,4200;5,266;0,000;5,266;0,141;0,581;0,124;2,091;0,124;0,000;0,000;0,0000;0,00;;;;DEUR;N111111;T300;;099876      MONCLER SPA;54,71867101;54,71867101;57,60000000;57,60000000;56,42000000;24372,00000000;0,00000000;0,00000000;0,00000000;0,00000000;20251111
82;1I;03565;IT0003497168;TELECOM ITALIA SPA ORD.;EUR;MILANO;086000;201;I;2485969,000;0,000;0,000;0,000;0,2618;0,2618;650970,1800;650970,18;0,000000;0,4958;0,4958;1232543,4300;1232543,43;1232543,4300;1232543,43;0,4921;89,339;0,000;89,339;0,123;0,510;0,108;0,752;0,109;0,000;0,000;0,0000;0,00;;;;DEUR;N111111;T300;;099892      TELECOM ITALIA SPA ORD.;0,26185772;0,26185772;0,49580000;0,49580000;0,49210000;2485969,00000000;0,00000000;0,00000000;0,00000000;0,00000000;20251111
82;1I;08531;IT0001078911;INTERPUMP GROUP;EUR;MILANO;086000;201;I;8702,000;0,000;0,000;0,000;40,0165;40,0165;348224,3800;348224,38;0,000000;43,7400;43,7400;380625,4800;380625,48;380625,4800;380625,48;43,2200;9,305;0,000;9,305;0,038;0,157;0,034;1,203;0,034;0,000;0,000;0,0000;0,00;;;;DEUR;N111111;T300;;099966      INTERPUMP GROUP;40,01659158;40,01659158;43,74000000;43,74000000;43,22000000;8702,00000000;0,00000000;0,00000000;0,00000000;0,00000000;20251111
82;1I;08544;IT0001157020;ERG ORD.;EUR;MILANO;086000;201;I;14753,000;0,000;0,000;0,000;19,2273;19,2273;283660,7500;283660,75;0,000000;22,3600;22,3600;329877,0800;329877,08;329877,0800;329877,08;22,4000;16,293;0,000;16,293;0,033;0,136;0,029;-0,179;0,029;0,000;0,000;0,0000;0,00;;;;DEUR;N111111;T300;;099971      ERG ORD.;19,22732664;19,22732664;22,36000000;22,36000000;22,40000000;14753,00000000;0,00000000;0,00000000;0,00000000;0,00000000;20251111
82;1I;04321;IT0003242622;TERNA SPA;EUR;MILANO;086000;201;I;25217,000;0,000;0,000;0,000;7,8225;7,8225;197260,3200;197260,32;0,000000;9,0460;9,0460;228112,9800;228112,98;228112,9800;228112,98;8,9940;15,641;0,000;15,641;0,023;0,094;0,020;0,578;0,020;0,000;0,000;0,0000;0,00;;;;DEUR;N111111;T300;;099980      TERNA SPA;7,82251338;7,82251338;9,04600000;9,04600000;8,99400000;25217,00000000;0,00000000;0,00000000;0,00000000;0,00000000;20251111
82;1I;34530;IT0005366767;NEXI SPA;EUR;MILANO;086000;201;I;48588,000;0,000;0,000;0,000;5,3272;5,3272;258841,0900;258841,09;0,000000;4,1200;4,1200;200182,5600;200182,56;200182,5600;200182,56;4,0250;-22,662;0,000;-22,662;0,020;0,083;0,018;2,360;0,018;0,000;0,000;0,0000;0,00;;;;DEUR;N111111;T300;;099982      NEXI SPA;5,32726372;5,32726372;4,12000000;4,12000000;4,02500000;48588,00000000;0,00000000;0,00000000;0,00000000;0,00000000;20251111
82;1I;19402;IT0005054967;RAI WAY SPA;EUR;MILANO;086000;201;I;25305,000;0,000;0,000;0,000;5,5343;5,5343;140046,1800;140046,18;0,000000;5,7700;5,7700;146009,8500;146009,85;146009,8500;146009,85;5,8400;4,258;0,000;4,258;0,015;0,060;0,013;-1,199;0,013;0,000;0,000;0,0000;0,00;;;;DEUR;N111111;T300;;099987      RAI WAY SPA;5,53432839;5,53432839;5,77000000;5,77000000;5,84000000;25305,00000000;0,00000000;0,00000000;0,00000000;0,00000000;20251111
82;1I;25525;IT0005162406;TECHNOGYM  SPA;EUR;MILANO;086000;201;I;9337,000;0,000;0,000;0,000;10,5505;10,5505;98510,6500;98510,65;0,000000;16,0800;16,0800;150138,9600;150138,96;150138,9600;150138,96;15,8700;52,409;0,000;52,409;0,015;0,062;0,013;1,323;0,013;0,000;0,000;0,0000;0,00;;;;DEUR;N111111;T300;;099987      TECHNOGYM  SPA;10,55056763;10,55056763;16,08000000;16,08000000;15,87000000;9337,00000000;0,00000000;0,00000000;0,00000000;0,00000000;20251111
82;1I;07862;IT0003492391;DIASORIN;EUR;MILANO;086000;201;I;2299,000;0,000;0,000;0,000;99,2619;99,2619;228203,3300;228203,33;0,000000;60,1600;60,1600;138307,8400;138307,84;138307,8400;138307,84;59,0000;-39,393;0,000;-39,393;0,014;0,057;0,012;1,966;0,012;0,000;0,000;0,0000;0,00;;;;DEUR;N111111;T300;;099988      DIASORIN;99,26199652;99,26199652;60,16000000;60,16000000;59,00000000;2299,00000000;0,00000000;0,00000000;0,00000000;0,00000000;20251111
82;1I;06568;IT0004056880;AMPLIFON NEW;EUR;MILANO;086000;201;I;5493,000;0,000;0,000;0,000;21,2013;21,2013;116458,8800;116458,88;0,000000;14,4850;14,4850;79566,1100;79566,11;79566,1100;79566,11;14,0900;-31,679;0,000;-31,679;0,008;0,033;0,007;2,803;0,007;0,000;0,000;0,0000;0,00;;;;DEUR;N111111;T300;;099993      AMPLIFON NEW;21,20132532;21,20132532;14,48500000;14,48500000;14,09000000;5493,00000000;0,00000000;0,00000000;0,00000000;0,00000000;20251111
82;1I;03436;IT0001250932;HERA SPA;EUR;MILANO;086000;201;I;18012,000;0,000;0,000;0,000;3,5513;3,5513;63966,1300;63966,13;0,000000;3,9820;3,9820;71723,7800;71723,78;71723,7800;71723,78;4,0080;12,128;0,000;12,128;0,007;0,030;0,006;-0,649;0,006;0,000;0,000;0,0000;0,00;;;;DEUR;N111111;T300;;099994      HERA SPA;3,55130635;3,55130635;3,98200000;3,98200000;4,00800000;18012,00000000;0,00000000;0,00000000;0,00000000;0,00000000;20251111
82;1I;23184;IT0005090300;INFRASTRUTTURE WIRELESS ITAL;EUR;MILANO;086000;201;I;8159,000;0,000;0,000;0,000;9,8524;9,8524;80385,8700;80385,87;0,000000;8,3300;8,3300;67964,4700;67964,47;67964,4700;67964,47;9,4400;-15,452;0,000;-15,452;0,007;0,028;0,006;-11,758;0,006;0,000;0,000;0,0000;0,00;;;;DEUR;N111111;T300;;099994      INFRASTRUTTURE WIRELESS ITAL;9,85241696;9,85241696;8,33000000;8,33000000;9,44000000;8159,00000000;0,00000000;0,00000000;0,00000000;0,00000000;20251111
82;1I;07639;IT0004176001;PRYSMIAN SPA;EUR;MILANO;086000;201;I;673,000;0,000;0,000;0,000;58,7602;58,7602;39545,6700;39545,67;0,000000;84,3000;84,3000;56733,9000;56733,90;56733,9000;56733,90;83,5600;43,464;0,000;43,464;0,006;0,023;0,005;0,886;0,005;0,000;0,000;0,0000;0,00;;;;DEUR;N111111;T300;;099995      PRYSMIAN SPA;58,76028231;58,76028231;84,30000000;84,30000000;83,56000000;673,00000000;0,00000000;0,00000000;0,00000000;0,00000000;20251111
82;1I;08573;IT0001233417;A2A SPA;EUR;MILANO;086000;201;I;16202,000;0,000;0,000;0,000;2,1376;2,1376;34634,0700;34634,07;0,000000;2,7100;2,7100;43907,4200;43907,42;43907,4200;43907,42;2,6960;26,775;0,000;26,775;0,004;0,018;0,004;0,519;0,004;0,000;0,000;0,0000;0,00;;;;DEUR;N111111;T300;;099996      A2A SPA;2,13764164;2,13764164;2,71000000;2,71000000;2,69600000;16202,00000000;0,00000000;0,00000000;0,00000000;0,00000000;20251111
82;1I;30238;IT0005278236;PIRELLI & C SPA;EUR;MILANO;086000;201;I;2918,000;0,000;0,000;0,000;5,4913;5,4913;16023,7400;16023,74;0,000000;6,1100;6,1100;17828,9800;17828,98;17828,9800;17828,98;6,1260;11,266;0,000;11,266;0,002;0,007;0,002;-0,261;0,002;0,000;0,000;0,0000;0,00;;;;DEUR;N111111;T300;;099998      PIRELLI & C SPA;5,49134338;5,49134338;6,11000000;6,11000000;6,12600000;2918,00000000;0,00000000;0,00000000;0,00000000;0,00000000;20251111
82;1O;38140;XS2195190876;SSE PLC 3.74% 2020/31.12.2049;GBP;LONDRAEST;111111;301;O;3000000,000;0,000;0,000;0,000;97,6180;118,0386;2928540,0000;3541160,82;0,827000;99,5970;113,1526;2987910,0000;3394580,78;3052770,8200;3468269,51;99,5900;2,027;6,433;-4,139;60,397;3,326;0,299;0,007;0,300;0,000;0,000;64860,8200;73688,73;;;;DGBP;N031000;T200;;099701      SSE PLC 3.74% 2020/31.12.2049;97,61800000;118,03869400;99,59700000;113,15269256;99,59000000;3000000,00000000;0,00000000;0,00000000;0,00000000;0,00000000;20251111
82;1O;46721;US458140CA64;INTEL CORP  4,15% 2022/05.08.2032;USD;FIPS;111111;301;O;3000000,000;0,000;0,000;0,000;91,9706;85,0860;2759118,0000;2552581,98;1,080913;96,3640;83,1010;2890920,0000;2493032,08;2924119,9970;2521662,64;96,2030;4,777;7,280;-2,333;3,110;2,418;0,219;0,167;0,220;0,000;0,000;33199,9970;28630,56;;;;DUSD;N069000;T200;;099781      INTEL CORP  4,15% 2022/05.08.2032;91,97060000;85,08606600;96,36400000;83,10106933;96,20300000;3000000,00000000;0,00000000;0,00000000;0,00000000;0,00000000;20251111
82;1O;43392;US595112BS19;MICRON TECHNOLOGY 2.703% 2021/15.04.2032;USD;FIPS;111111;301;O;1600000,000;0,000;0,000;0,000;84,5800;74,5460;1353280,0000;1192737,53;1,134600;88,8800;76,6471;1422080,0000;1226353,92;1425203,4750;1229047,50;88,8990;5,084;2,203;2,818;1,516;1,179;0,108;-0,021;0,108;0,000;0,000;3123,4750;2693,58;;;;DUSD;N069000;T200;;099892      MICRON TECHNOLOGY 2.703% 2021/15.04.2032;84,58000000;74,54609560;88,88000000;76,64711969;88,89900000;1600000,00000000;0,00000000;0,00000000;0,00000000;0,00000000;20251111
82;1O;47055;US031162DD92;AMGEN INC 3% 2023/22.02.2029;USD;FIPS;111111;301;O;300000,000;0,000;0,000;0,000;93,5513;87,1901;280654,0000;261570,55;1,072957;96,4930;83,2123;289479,0000;249636,94;291453,9950;251340,11;96,3370;3,144;8,075;-4,562;0,310;0,241;0,022;0,162;0,022;0,000;0,000;1974,9950;1703,17;;;;DUSD;N069000;T200;;099978      AMGEN INC 3% 2023/22.02.2029;93,55133330;87,19018330;96,49300000;83,21231459;96,33700000;300000,00000000;0,00000000;0,00000000;0,00000000;0,00000000;20251111
82;1O;01076;AU000000ORI1;ORICA LTD.;AUD;AUSTRALIA;111111;201;O;28648,000;0,000;0,000;0,000;16,8448;10,0014;482571,7640;286520,92;1,684246;22,8100;12,8254;653460,8800;367422,48;653460,8800;367422,48;22,9000;35,412;5,596;28,236;24,694;0,352;0,032;-0,393;0,032;0,000;0,000;0,0000;0,00;;;;DAUD;N007000;T300;;099968      ORICA LTD.;16,84486749;10,00142837;22,81000000;12,82541467;22,90000000;28648,00000000;0,00000000;0,00000000;0,00000000;0,00000000;20251111
82;1O;17478;AU000000ORA8;ORORA LTD;AUD;AUSTRALIA;111111;201;O;156809,000;0,000;0,000;0,000;2,1769;1,2611;341369,6500;197752,80;1,726244;2,2100;1,2426;346547,8900;194854,03;346547,8900;194854,03;2,0900;1,517;3,027;-1,466;13,096;0,187;0,017;5,742;0,017;0,000;0,000;0,0000;0,00;;;;DAUD;N007000;T300;;099983      ORORA LTD;2,17697740;1,26110618;2,21000000;1,24262018;2,09000000;156809,00000000;0,00000000;0,00000000;0,00000000;0,00000000;20251111
82;1O;31244;AU000000LLC3;LEND LEASE GROUP STAPLED SECURITIES;AUD;AUSTRALIA;111111;223;O;36200,000;0,000;0,000;0,000;6,2266;3,7207;225405,3400;134691,11;1,673498;5,4700;3,0756;198014,0000;111337,64;198014,0000;111337,64;5,4600;-12,152;6,274;-17,339;7,483;0,107;0,010;0,183;0,010;0,000;0,000;0,0000;0,00;;;;DAUD;N007000;T300;;099990      LEND LEASE GROUP STAPLED SECURITIES;6,22666685;3,72074889;5,47000000;3,07562552;5,46000000;36200,00000000;0,00000000;0,00000000;0,00000000;0,00000000;20251111
82;1O;03510;CA1363751027;CANADIAN NATIONAL RAILWAY CAD;CAD;TORONTO;111111;201;O;3420,000;0,000;0,000;0,000;143,9929;95,5796;492455,8790;326882,35;1,506523;134,4300;82,7312;459750,6000;282940,86;459750,6000;282940,86;132,5000;-6,641;7,858;-13,443;28,635;0,271;0,025;1,457;0,025;0,000;0,000;0,0000;0,00;;;;DCAD;N013000;T300;;099975      CANADIAN NATIONAL RAILWAY CAD;143,99294707;95,57963450;134,43000000;82,73124499;132,50000000;3420,00000000;0,00000000;0,00000000;0,00000000;0,00000000;20251111
82;1O;10636;DK0060079531;DSV A/S;DKK;COPENHAGEN;111111;201;O;3343,000;0,000;0,000;0,000;1444,7769;193,6039;4829889,3700;647218,15;7,462537;1465,0000;196,1834;4897495,0000;655841,31;4897495,0000;655841,31;1429,5000;1,400;0,067;1,332;47,441;0,629;0,058;2,483;0,058;0,000;0,000;0,0000;0,00;;;;DDKK;N021000;T300;;099942      DSV A/S;1444,77695782;193,60399341;1465,00000000;196,18346166;1429,50000000;3343,00000000;0,00000000;0,00000000;0,00000000;0,00000000;20251111
82;1O;47417;DK0062498333;NOVO NORDISK A/S-B;DKK;COPENHAGEN;111111;201;O;14640,000;0,000;0,000;0,000;533,9151;71,5829;7816517,5000;1047974,82;7,458688;313,6500;42,0020;4591836,0000;614909,41;4591836,0000;614909,41;294,7000;-41,255;0,118;-41,324;44,480;0,590;0,054;6,430;0,054;0,000;0,000;0,0000;0,00;;;;DDKK;N021000;T300;;099946      NOVO NORDISK A/S-B;533,91512978;71,58297950;313,65000000;42,00200870;294,70000000;14640,00000000;0,00000000;0,00000000;0,00000000;0,00000000;20251111
82;1O;44229;GB00BP92CJ43;TATE & LYLE PLC;GBP;LONDRA;111111;201;O;106825,000;0,000;0,000;0,000;5,5063;6,4580;588217,4000;689876,82;0,852641;3,9460;4,4830;421531,4500;478904,17;421531,4500;478904,17;3,8840;-28,337;3,232;-30,581;8,340;0,459;0,042;1,596;0,042;0,000;0,000;0,0000;0,00;;;;DGBP;N031000;T300;;099958      TATE & LYLE PLC;5,50636461;6,45800908;3,94600000;4,48307202;3,88400000;106825,00000000;0,00000000;0,00000000;0,00000000;0,00000000;20251111
82;1O;03729;GB0006825383;PERSIMMON PLC.;GBP;LONDRA;111111;201;O;25963,000;0,000;0,000;0,000;11,7090;13,9913;304002,2520;363257,86;0,836877;12,5600;14,2694;326095,2800;370478,62;326095,2800;370478,62;12,3150;7,267;5,177;1,988;6,452;0,355;0,033;1,989;0,033;0,000;0,000;0,0000;0,00;;;;DGBP;N031000;T300;;099967      PERSIMMON PLC.;11,70905719;13,99136694;12,56000000;14,26948420;12,31500000;25963,00000000;0,00000000;0,00000000;0,00000000;0,00000000;20251111
82;1O;09739;GB00B2B0DG97;REED ELSEVIER PLC A;GBP;LONDRA;111111;201;O;5139,000;0,000;0,000;0,000;38,9574;46,0967;200202,1450;236891,22;0,845123;32,2700;36,6621;165835,5300;188406,65;165835,5300;188406,65;31,8000;-17,166;4,151;-20,467;3,281;0,181;0,017;1,478;0,017;0,000;0,000;0,0000;0,00;;;;DGBP;N031000;T300;;099983      REED ELSEVIER PLC A;38,95741292;46,09675423;32,27000000;36,66212224;31,80000000;5139,00000000;0,00000000;0,00000000;0,00000000;0,00000000;20251111
82;1O;01504;GB0007908733;SSE PLC;GBP;LONDRA;111111;201;O;4736,000;0,000;0,000;0,000;16,1035;19,2354;76266,4350;91098,92;0,837183;19,7450;22,4324;93512,3200;106239,85;93512,3200;106239,85;19,4300;22,613;5,138;16,620;1,850;0,102;0,009;1,621;0,009;0,000;0,000;0,0000;0,00;;;;DGBP;N031000;T300;;099991      SSE PLC;16,10355468;19,23541385;19,74500000;22,43240172;19,43000000;4736,00000000;0,00000000;0,00000000;0,00000000;0,00000000;20251111
82;1O;12368;IE0001827041;CRH PLC.- LONDRA GBP;GBP;LONDRA;111111;201;O;9737,000;0,000;0,000;0,000;71,7362;85,5797;698496,2870;833290,42;0,838239;85,8400;97,5232;835824,0800;949584,28;835824,0800;949584,28;86,3600;19,660;5,006;13,956;16,536;0,911;0,084;-0,602;0,084;0,000;0,000;0,0000;0,00;;;;DGBP;N040000;T300;;099916      CRH PLC.- LONDRA GBP;71,73629321;85,57979049;85,84000000;97,52329016;86,36000000;9737,00000000;0,00000000;0,00000000;0,00000000;0,00000000;20251111
82;1O;19903;IE00BTN1Y115;MEDTRONIC PLC;USD;NEW YORK;111111;201;O;14848,000;0,000;0,000;0,000;80,1816;76,7320;1190537,6630;1139317,23;1,044957;95,4000;82,2697;1416499,2000;1221541,22;1416499,2000;1221541,22;92,6600;18,980;10,971;7,217;1,506;1,171;0,108;2,957;0,108;0,000;0,000;0,0000;0,00;;;;DUSD;N040000;T300;;099892      MEDTRONIC PLC;80,18168527;76,73203327;95,40000000;82,26974818;92,66000000;14848,00000000;0,00000000;0,00000000;0,00000000;0,00000000;20251111
82;1O;46296;IE000S9YS762;LINDE PLC NEW - USD;USD;OTC;111111;201;O;3230,000;0,000;0,000;0,000;424,9692;402,3360;1372650,8190;1299545,39;1,056255;426,6500;367,9285;1378079,5000;1188409,37;1378079,5000;1188409,37;420,6700;0,395;9,784;-8,552;1,465;1,140;0,105;1,422;0,105;0,000;0,000;0,0000;0,00;;;;DUSD;N040000;T300;;099895      LINDE PLC NEW - USD;424,96929380;402,33603405;426,65000000;367,92859606;420,67000000;3230,00000000;0,00000000;0,00000000;0,00000000;0,00000000;20251111
82;1O;37185;IE00BK9ZQ967;TRANE TECH PLC;USD;NEW YORK;111111;201;O;2572,000;0,000;0,000;0,000;362,7046;345,1953;932876,2380;887842,52;1,050723;421,6400;363,6081;1084458,0800;935200,14;1084458,0800;935200,14;433,5000;16,249;10,362;5,334;1,153;0,897;0,082;-2,736;0,083;0,000;0,000;0,0000;0,00;;;;DUSD;N040000;T300;;099918      TRANE TECH PLC;362,70460264;345,19538102;421,64000000;363,60814073;433,50000000;2572,00000000;0,00000000;0,00000000;0,00000000;0,00000000;20251111
82;1O;18593;IE00BLS09M33;PENTAIR PLC;USD;NEW YORK;111111;201;O;1601,000;0,000;0,000;0,000;96,9987;92,3870;155295,0390;147911,72;1,049917;108,2400;93,3425;173292,2400;149441,39;173292,2400;149441,39;108,6900;11,589;10,447;1,034;0,184;0,143;0,013;-0,414;0,013;0,000;0,000;0,0000;0,00;;;;DUSD;N040000;T300;;099987      PENTAIR PLC;96,99877514;92,38708307;108,24000000;93,34253190;108,69000000;1601,00000000;0,00000000;0,00000000;0,00000000;0,00000000;20251111
82;1O;00158;NO0005052605;NORSK HYDRO;NOK;OSLO;111111;201;O;49218,000;0,000;0,000;0,000;69,6883;5,9692;3429923,6700;293796,19;11,674500;71,7800;6,1565;3532868,0400;303013,79;3532868,0400;303013,79;71,5600;3,001;-0,132;3,137;60,996;0,291;0,027;0,307;0,027;0,000;0,000;0,0000;0,00;;;;DNOK;N048000;T300;;099973      NORSK HYDRO;69,68839997;5,96928339;71,78000000;6,15656440;71,56000000;49218,00000000;0,00000000;0,00000000;0,00000000;0,00000000;20251111
82;1O;24521;NL0011585146;FERRARI NV - USD -;USD;NEW YORK;111111;201;O;743,000;0,000;0,000;0,000;426,5999;404,1927;316963,7590;300315,25;1,055437;422,4600;364,3152;313887,7800;270686,25;313887,7800;270686,25;411,4000;-0,970;9,869;-9,866;0,334;0,260;0,024;2,688;0,024;0,000;0,000;0,0000;0,00;;;;DUSD;N050000;T300;;099976      FERRARI NV - USD -;426,59994481;404,19279946;422,46000000;364,31528113;411,40000000;743,00000000;0,00000000;0,00000000;0,00000000;0,00000000;20251111
82;1O;44332;SE0017486889;ATLAS COPCO AB-A SHS;SEK;STOCCOLMA;111111;201;O;45859,000;0,000;0,000;0,000;159,6586;14,4819;7321783,7940;664128,50;11,024649;159,6500;14,5614;7321389,3500;667772,36;7321389,3500;667772,36;157,3500;-0,005;-0,551;0,549;35,185;0,640;0,059;1,462;0,059;0,000;0,000;0,0000;0,00;;;;DSEK;N068000;T300;;099941      ATLAS COPCO AB-A SHS;159,65860123;14,48196646;159,65000000;14,56142431;157,35000000;45859,00000000;0,00000000;0,00000000;0,00000000;0,00000000;20251111
82;1O;00418;SE0000108227;S.K.F. AB CL.B;SEK;STOCCOLMA;111111;201;O;29400,000;0,000;0,000;0,000;251,3115;22,8350;7388558,8000;671350,85;11,005510;241,0000;21,9812;7085400,0000;646248,14;7085400,0000;646248,14;258,5000;-4,103;-0,378;-3,739;34,051;0,620;0,057;-6,770;0,057;0,000;0,000;0,0000;0,00;;;;DSEK;N068000;T300;;099943      S.K.F. AB CL.B;251,31152381;22,83506292;241,00000000;21,98122930;258,50000000;29400,00000000;0,00000000;0,00000000;0,00000000;0,00000000;20251111
82;1O;23094;SE0007100581;ASSA ABLOY AB-B;SEK;STOCCOLMA;111111;201;O;11672,000;0,000;0,000;0,000;331,0961;30,1010;3864553,8000;351339,05;10,999500;358,5000;32,6982;4184412,0000;381653,61;4184412,0000;381653,61;352,9000;8,277;-0,324;8,628;20,110;0,366;0,034;1,587;0,034;0,000;0,000;0,0000;0,00;;;;DSEK;N068000;T300;;099966      ASSA ABLOY AB-B;331,09611035;30,10101525;358,50000000;32,69821869;352,90000000;11672,00000000;0,00000000;0,00000000;0,00000000;0,00000000;20251111
82;1O;02738;US67066G1040;NVIDIA CORP.;USD;OTC;111111;201;O;56158,000;0,000;0,000;0,000;128,2718;122,1128;7203493,0570;6857614,05;1,050437;193,1600;166,5746;10847479,2800;9354500,93;10847479,2800;9354500,93;199,0500;50,586;10,392;36,410;11,536;8,970;0,823;-2,959;0,827;0,000;0,000;0,0000;0,00;;;;DUSD;N069000;T300;;099177      NVIDIA CORP.;128,27189460;122,11286103;193,16000000;166,57468092;199,05000000;56158,00000000;0,00000000;0,00000000;0,00000000;0,00000000;20251111
82;1O;08768;US92826C8394;VISA INC CLASS A SHS;USD;NEW YORK;111111;201;O;12207,000;0,000;0,000;0,000;319,1842;302,6528;3896281,8250;3694483,79;1,054621;338,9200;292,2731;4137196,4400;3567778,92;4137196,4400;3567778,92;334,8500;6,183;9,954;-3,430;4,400;3,421;0,314;1,215;0,315;0,000;0,000;0,0000;0,00;;;;DUSD;N069000;T300;;099686      VISA INC CLASS A SHS;319,18422421;302,65288686;338,92000000;292,27319765;334,85000000;12207,00000000;0,00000000;0,00000000;0,00000000;0,00000000;20251111
82;1O;06606;US57636Q1040;MASTERCARD INC CL A;USD;NEW YORK;111111;201;O;7002,000;0,000;0,000;0,000;524,1636;496,9464;3670194,1700;3479618,97;1,054769;558,3500;481,5022;3909566,7000;3371478,70;3909566,7000;3371478,70;552,9600;6,522;9,939;-3,108;4,158;3,233;0,297;0,975;0,298;0,000;0,000;0,0000;0,00;;;;DUSD;N069000;T300;;099703      MASTERCARD INC CL A;524,16369180;496,94643958;558,35000000;481,50224215;552,96000000;7002,00000000;0,00000000;0,00000000;0,00000000;0,00000000;20251111
82;1O;00448;US68389X1054;ORACLE CORP.;USD;OTC;111111;201;O;13921,000;0,000;0,000;0,000;162,4913;155,6194;2262042,5360;2166377,68;1,044159;236,1500;203,6478;3287444,1500;2834981,16;3287444,1500;2834981,16;240,8300;45,331;11,056;30,863;3,496;2,719;0,250;-1,943;0,250;0,000;0,000;0,0000;0,00;;;;DUSD;N069000;T300;;099750      ORACLE CORP.;162,49138251;155,61940090;236,15000000;203,64780958;240,83000000;13921,00000000;0,00000000;0,00000000;0,00000000;0,00000000;20251111
82;1O;14741;US00287Y1091;ABBVIE INC;USD;NEW YORK;111111;201;O;8883,000;0,000;0,000;0,000;177,1874;169,8652;1573956,0290;1508912,65;1,043106;225,1700;194,1790;2000185,1100;1724892,30;2000185,1100;1724892,30;218,7100;27,080;11,168;14,314;2,127;1,654;0,152;2,954;0,152;0,000;0,000;0,0000;0,00;;;;DUSD;N069000;T300;;099848      ABBVIE INC;177,18743994;169,86520882;225,17000000;194,17902725;218,71000000;8883,00000000;0,00000000;0,00000000;0,00000000;0,00000000;20251111
82;1O;00095;US4370761029;HOME DEPOT INC.;USD;NEW YORK;111111;201;O;5113,000;0,000;0,000;0,000;383,6415;363,5085;1961559,3490;1858619,27;1,055385;374,2400;322,7319;1913489,1200;1650128,60;1913489,1200;1650128,60;370,4300;-2,451;9,875;-11,218;2,035;1,582;0,145;1,029;0,146;0,000;0,000;0,0000;0,00;;;;DUSD;N069000;T300;;099855      HOME DEPOT INC.;383,64157031;363,50856053;374,24000000;322,73197654;370,43000000;5113,00000000;0,00000000;0,00000000;0,00000000;0,00000000;20251111
82;1O;00423;US0382221051;APPLIED MATERIALS INC.;USD;OTC;111111;201;O;7871,000;0,000;0,000;0,000;179,7340;163,9629;1414686,5660;1290552,32;1,096187;228,6700;197,1973;1799861,5700;1552140,02;1799861,5700;1552140,02;235,0800;27,227;5,785;20,269;1,914;1,488;0,137;-2,727;0,137;0,000;0,000;0,0000;0,00;;;;DUSD;N069000;T300;;099863      APPLIED MATERIALS INC.;179,73403201;163,96294244;228,67000000;197,19730941;235,08000000;7871,00000000;0,00000000;0,00000000;0,00000000;0,00000000;20251111
82;1O;00174;US7427181091;PROCTER & GAMBLE CO.;USD;NEW YORK;111111;201;O;11853,000;0,000;0,000;0,000;162,9873;151,6194;1931889,1270;1797145,46;1,074976;148,5400;128,0958;1760644,6200;1518320,65;1760644,6200;1518320,65;145,5000;-8,864;7,872;-15,515;1,872;1,456;0,134;2,089;0,134;0,000;0,000;0,0000;0,00;;;;DUSD;N069000;T300;;099866      PROCTER & GAMBLE CO.;162,98735569;151,61946005;148,54000000;128,09589513;145,50000000;11853,00000000;0,00000000;0,00000000;0,00000000;0,00000000;20251111
82;1O;00222;US8825081040;TEXAS INSTRUMENTS INC.;USD;OTC;111111;201;O;9802,000;0,000;0,000;0,000;185,0704;173,3924;1814060,9940;1699592,47;1,067351;159,7300;137,7457;1565673,4600;1350184,08;1565673,4600;1350184,08;160,5800;-13,692;8,643;-20,558;1,665;1,295;0,119;-0,529;0,119;0,000;0,000;0,0000;0,00;;;;DUSD;N069000;T300;;099881      TEXAS INSTRUMENTS INC.;185,07049520;173,39241685;159,73000000;137,74577440;160,58000000;9802,00000000;0,00000000;0,00000000;0,00000000;0,00000000;20251111
82;1O;60431;US5128073062;LAM RESEARCH CORP;USD;OTC;111111;201;O;9400,000;0,000;0,000;0,000;72,2300;69,7470;678962,0000;655621,86;1,035600;159,1800;137,2714;1496292,0000;1290351,85;1496292,0000;1290351,85;166,3700;120,379;11,974;96,813;1,591;1,237;0,114;-4,322;0,114;0,000;0,000;0,0000;0,00;;;;DUSD;N069000;T300;;099886      LAM RESEARCH CORP;72,23000000;69,74700638;159,18000000;137,27147292;166,37000000;9400,00000000;0,00000000;0,00000000;0,00000000;0,00000000;20251111
82;1O;04319;US79466L3024;SALESFORCE COM INC.;USD;NEW YORK;111111;201;O;6044,000;0,000;0,000;0,000;321,1460;306,6383;1941006,9820;1853321,90;1,047312;244,5000;210,8485;1477758,0000;1274368,75;1477758,0000;1274368,75;241,7100;-23,866;10,722;-31,239;1,571;1,222;0,112;1,154;0,113;0,000;0,000;0,0000;0,00;;;;DUSD;N069000;T300;;099888      SALESFORCE COM INC.;321,14609232;306,63830244;244,50000000;210,84856847;241,71000000;6044,00000000;0,00000000;0,00000000;0,00000000;0,00000000;20251111
82;1O;10451;US58933Y1055;MERCK E CO INC;USD;NEW YORK;111111;201;O;15927,000;0,000;0,000;0,000;94,6016;89,4273;1506719,7020;1424310,10;1,057859;90,9500;78,4322;1448560,6500;1249189,94;1448560,6500;1249189,94;86,7500;-3,860;9,618;-12,295;1,540;1,198;0,110;4,841;0,110;0,000;0,000;0,0000;0,00;;;;DUSD;N069000;T300;;099890      MERCK E CO INC;94,60160118;89,42739373;90,95000000;78,43221800;86,75000000;15927,00000000;0,00000000;0,00000000;0,00000000;0,00000000;20251111
82;1O;17264;US81762P1021;SERVICENOW INC;USD;NEW YORK;111111;201;O;1690,000;0,000;0,000;0,000;1057,7501;993,0565;1787597,7520;1678265,57;1,065146;860,6700;742,2128;1454532,3000;1254339,69;1454532,3000;1254339,69;866,3000;-18,632;8,868;-25,260;1,547;1,203;0,110;-0,650;0,111;0,000;0,000;0,0000;0,00;;;;DUSD;N069000;T300;;099890      SERVICENOW INC;1057,75014911;993,05655029;860,67000000;742,21283201;866,30000000;1690,00000000;0,00000000;0,00000000;0,00000000;0,00000000;20251111
82;1O;00060;US2358511028;DANAHER CORP.;USD;NEW YORK;111111;201;O;6535,000;0,000;0,000;0,000;222,5042;211,7972;1454065,3510;1384094,83;1,050553;215,7900;186,0900;1410187,6500;1216098,35;1410187,6500;1216098,35;211,1700;-3,018;10,380;-12,138;1,500;1,166;0,107;2,188;0,107;0,000;0,000;0,0000;0,00;;;;DUSD;N069000;T300;;099893      DANAHER CORP.;222,50426182;211,79721958;215,79000000;186,09003104;211,17000000;6535,00000000;0,00000000;0,00000000;0,00000000;0,00000000;20251111
82;1O;00481;US7475251036;QUALCOMM INC.;USD;OTC;111111;201;O;8011,000;0,000;0,000;0,000;150,6271;143,5503;1206674,1790;1149982,12;1,049298;173,9800;150,0344;1393753,7800;1201926,34;1393753,7800;1201926,34;171,5700;15,504;10,512;4,517;1,482;1,153;0,106;1,405;0,106;0,000;0,000;0,0000;0,00;;;;DUSD;N069000;T300;;099894      QUALCOMM INC.;150,62716003;143,55038322;173,98000000;150,03449465;171,57000000;8011,00000000;0,00000000;0,00000000;0,00000000;0,00000000;20251111
82;1O;00061;US2441991054;DEERE & CO.;USD;NEW YORK;111111;201;O;2690,000;0,000;0,000;0,000;429,4233;407,1907;1155148,7830;1095343,24;1,054600;477,9500;412,1679;1285685,5000;1108731,89;1285685,5000;1108731,89;474,3900;11,300;9,956;1,222;1,367;1,063;0,098;0,750;0,098;0,000;0,000;0,0000;0,00;;;;DUSD;N069000;T300;;099902      DEERE & CO.;429,42333940;407,19079553;477,95000000;412,16798896;474,39000000;2690,00000000;0,00000000;0,00000000;0,00000000;0,00000000;20251111
82;1O;00263;US17275R1023;CISCO SYSTEM INC.;USD;OTC;111111;201;O;17441,000;0,000;0,000;0,000;59,5884;55,8556;1039281,5340;974178,50;1,066829;71,7100;61,8402;1250694,1100;1078556,49;1250694,1100;1078556,49;72,0900;20,342;8,696;10,714;1,330;1,034;0,095;-0,527;0,095;0,000;0,000;0,0000;0,00;;;;DUSD;N069000;T300;;099905      CISCO SYSTEM INC.;59,58841431;55,85565621;71,71000000;61,84028975;72,09000000;17441,00000000;0,00000000;0,00000000;0,00000000;0,00000000;20251111
82;1O;01191;US4612021034;INTUIT INC.;USD;OTC;111111;201;O;1803,000;0,000;0,000;0,000;620,3707;588,5245;1118528,5240;1061109,77;1,054112;654,3200;564,2635;1179738,9600;1017367,16;1179738,9600;1017367,16;653,2700;5,472;10,007;-4,122;1,255;0,976;0,090;0,161;0,090;0,000;0,000;0,0000;0,00;;;;DUSD;N069000;T300;;099910      INTUIT INC.;620,37078424;588,52455352;654,32000000;564,26353915;653,27000000;1803,00000000;0,00000000;0,00000000;0,00000000;0,00000000;20251111
82;1O;25523;US78409V1044;S&P GLOBAL-ORD SHS;USD;NEW YORK;111111;201;O;2333,000;0,000;0,000;0,000;491,2054;466,0253;1145982,2750;1087237,11;1,054032;497,7300;429,2255;1161204,0900;1001383,31;1161204,0900;1001383,31;493,8400;1,328;10,016;-7,897;1,235;0,960;0,088;0,788;0,088;0,000;0,000;0,0000;0,00;;;;DUSD;N069000;T300;;099912      S&P GLOBAL-ORD SHS;491,20543291;466,02533647;497,73000000;429,22559503;493,84000000;2333,00000000;0,00000000;0,00000000;0,00000000;0,00000000;20251111
82;1O;00007;US0028241000;ABBOTT LABORATORIES CORP.;USD;NEW YORK;111111;201;O;8422,000;0,000;0,000;0,000;120,6549;111,4689;1016155,5970;938791,90;1,082408;127,0000;109,5205;1069594,0000;922381,86;1069594,0000;922381,86;125,8900;5,259;7,132;-1,748;1,137;0,884;0,081;0,882;0,081;0,000;0,000;0,0000;0,00;;;;DUSD;N069000;T300;;099919      ABBOTT LABORATORIES CORP.;120,65490346;111,46899786;127,00000000;109,52052431;125,89000000;8422,00000000;0,00000000;0,00000000;0,00000000;0,00000000;20251111
82;1O;00103;US4581401001;INTEL CORP.;USD;OTC;111111;201;O;27734,000;0,000;0,000;0,000;19,8850;18,8965;551493,3210;524077,86;1,052312;37,8800;32,6664;1050563,9200;905970,96;1050563,9200;905970,96;38,4500;90,494;10,195;72,870;1,117;0,869;0,080;-1,482;0,080;0,000;0,000;0,0000;0,00;;;;DUSD;N069000;T300;;099920      INTEL CORP.;19,88509847;18,89658397;37,88000000;32,66643670;38,45000000;27734,00000000;0,00000000;0,00000000;0,00000000;0,00000000;20251111
82;1O;00017;US0311621009;AMGEN INC;USD;OTC;111111;201;O;3007,000;0,000;0,000;0,000;264,8677;251,2277;796457,2700;755441,84;1,054293;338,4500;291,8678;1017719,1500;877646,73;1017719,1500;877646,73;323,6600;27,781;9,988;16,177;1,082;0,842;0,077;4,570;0,078;0,000;0,000;0,0000;0,00;;;;DUSD;N069000;T300;;099923      AMGEN INC;264,86773195;251,22774858;338,45000000;291,86788547;323,66000000;3007,00000000;0,00000000;0,00000000;0,00000000;0,00000000;20251111
82;1O;00525;US4278661081;HERSHEY CO.;USD;NEW YORK;111111;201;O;5660,000;0,000;0,000;0,000;173,8151;149,8922;983793,4700;848390,36;1,159600;172,7200;148,9479;977595,2000;843045,19;977595,2000;843045,19;168,9100;-0,630;0,000;-0,630;1,040;0,808;0,074;2,256;0,074;0,000;0,000;0,0000;0,00;;;;DUSD;N069000;T300;;099926      HERSHEY CO.;173,81510070;149,89228975;172,72000000;148,94791307;168,91000000;5660,00000000;0,00000000;0,00000000;0,00000000;0,00000000;20251111
82;1O;00492;US9078181081;UNION PACIFIC CORP.;USD;NEW YORK;111111;201;O;4249,000;0,000;0,000;0,000;226,0546;214,8074;960506,2650;912716,70;1,052360;224,8000;193,8599;955175,2000;823710,93;955175,2000;823710,93;223,8800;-0,555;10,190;-9,752;1,016;0,790;0,073;0,411;0,073;0,000;0,000;0,0000;0,00;;;;DUSD;N069000;T300;;099927      UNION PACIFIC CORP.;226,05466345;214,80741350;224,80000000;193,85995170;223,88000000;4249,00000000;0,00000000;0,00000000;0,00000000;0,00000000;20251111
82;1O;19426;US6974351057;PALO ALTO NETWORKS INC;USD;NEW YORK;111111;201;O;4273,000;0,000;0,000;0,000;179,7204;170,6565;767945,3990;729215,57;1,053112;218,2700;188,2286;932667,7100;804301,23;932667,7100;804301,23;216,5400;21,450;10,112;10,297;0,992;0,771;0,071;0,799;0,071;0,000;0,000;0,0000;0,00;;;;DUSD;N069000;T300;;099929      PALO ALTO NETWORKS INC;179,72043037;170,65658085;218,27000000;188,22869955;216,54000000;4273,00000000;0,00000000;0,00000000;0,00000000;0,00000000;20251111
82;1O;11964;US74340W1036;PROLOGIS INC;USD;NEW YORK;111111;201;O;7163,000;0,000;0,000;0,000;104,6170;99,2262;749372,1000;710757,63;1,054329;126,2600;108,8823;904400,3800;779924,44;904400,3800;779924,44;124,9000;20,688;9,985;9,731;0,962;0,748;0,069;1,089;0,069;0,000;0,000;0,0000;0,00;;;;DUSD;N069000;T300;;099931      PROLOGIS INC;104,61707385;99,22625017;126,26000000;108,88237323;124,90000000;7163,00000000;0,00000000;0,00000000;0,00000000;0,00000000;20251111
82;1O;03448;US8716071076;SYNOPSYS INC.;USD;OTC;111111;201;O;2286,000;0,000;0,000;0,000;496,7333;450,1325;1135532,5520;1029002,97;1,103527;395,6000;341,1521;904341,6000;779873,75;904341,6000;779873,75;400,7700;-20,360;5,081;-24,211;0,962;0,748;0,069;-1,290;0,069;0,000;0,000;0,0000;0,00;;;;DUSD;N069000;T300;;099931      SYNOPSYS INC.;496,73339982;450,13253280;395,60000000;341,15212142;400,77000000;2286,00000000;0,00000000;0,00000000;0,00000000;0,00000000;20251111
82;1O;01458;US92343V1044;VERIZON COMMUNICATION;USD;NEW YORK;111111;201;O;22233,000;0,000;0,000;0,000;43,1539;36,6549;959440,6600;814950,02;1,177300;40,7000;35,0983;904883,1000;780340,72;904883,1000;780340,72;39,8500;-5,686;-1,503;-4,247;0,962;0,748;0,069;2,133;0,069;0,000;0,000;0,0000;0,00;;;;DUSD;N069000;T300;;099931      VERIZON COMMUNICATION;43,15390005;36,65497323;40,70000000;35,09830976;39,85000000;22233,00000000;0,00000000;0,00000000;0,00000000;0,00000000;20251111
82;1O;02840;US8636671013;STRYKER CORP.;USD;NEW YORK;111111;201;O;2425,000;0,000;0,000;0,000;358,2320;341,6371;868712,6530;828470,20;1,048574;363,7000;313,6426;881972,5000;760583,39;881972,5000;760583,39;355,0200;1,526;10,588;-8,194;0,938;0,729;0,067;2,445;0,067;0,000;0,000;0,0000;0,00;;;;DUSD;N069000;T300;;099933      STRYKER CORP.;358,23202185;341,63719587;363,70000000;313,64263539;355,02000000;2425,00000000;0,00000000;0,00000000;0,00000000;0,00000000;20251111
82;1O;00349;US8725401090;TJX COMPANIES INC.;USD;NEW YORK;111111;201;O;6051,000;0,000;0,000;0,000;120,8454;114,2201;731235,9680;691146,39;1,058004;146,1600;126,0434;884414,1600;762689,00;884414,1600;762689,00;146,7200;20,948;9,603;10,351;0,941;0,731;0,067;-0,382;0,067;0,000;0,000;0,0000;0,00;;;;DUSD;N069000;T300;;099933      TJX COMPANIES INC.;120,84547479;114,22019335;146,16000000;126,04346326;146,72000000;6051,00000000;0,00000000;0,00000000;0,00000000;0,00000000;20251111
82;1O;01357;US0530151036;AUTOMATIC DATA PROCESSING;USD;OTC;111111;201;O;3425,000;0,000;0,000;0,000;293,1801;277,9939;1004141,8680;952129,11;1,054628;255,2000;220,0758;874060,0000;753759,92;874060,0000;753759,92;254,0600;-12,955;9,953;-20,834;0,930;0,723;0,066;0,449;0,067;0,000;0,000;0,0000;0,00;;;;DUSD;N069000;T300;;099934      AUTOMATIC DATA PROCESSING;293,18010744;277,99390073;255,20000000;220,07588823;254,06000000;3425,00000000;0,00000000;0,00000000;0,00000000;0,00000000;20251111
82;1O;06874;US9581021055;WESTERN DIGITAL CORP;USD;NEW YORK;111111;201;O;4979,000;0,000;0,000;0,000;43,4317;42,1090;216246,6640;209660,89;1,031412;169,9900;146,5936;846380,2100;729889,80;846380,2100;729889,80;174,2200;291,396;12,428;248,129;0,900;0,700;0,064;-2,428;0,064;0,000;0,000;0,0000;0,00;;;;DUSD;N069000;T300;;099936      WESTERN DIGITAL CORP;43,43174613;42,10903595;169,99000000;146,59365298;174,22000000;4979,00000000;0,00000000;0,00000000;0,00000000;0,00000000;20251111
82;1O;00432;US0326541051;ANALOG DEVICES;USD;OTC;111111;201;O;3559,000;0,000;0,000;0,000;205,5843;195,7297;731674,5550;696602,01;1,050348;233,4100;201,2849;830706,1900;716373,05;830706,1900;716373,05;232,0000;13,535;10,402;2,838;0,883;0,687;0,063;0,608;0,063;0,000;0,000;0,0000;0,00;;;;DUSD;N069000;T300;;099937      ANALOG DEVICES;205,58430879;195,72970216;233,41000000;201,28492583;232,00000000;3559,00000000;0,00000000;0,00000000;0,00000000;0,00000000;20251111
82;1O;02043;US00724F1012;ADOBE SYSTEM INC.;USD;OTC;111111;201;O;2360,000;0,000;0,000;0,000;358,0708;304,9945;845047,3000;719787,25;1,174024;333,2200;287,3577;786399,2000;678164,19;786399,2000;678164,19;328,8500;-6,940;-1,229;-5,783;0,836;0,650;0,060;1,329;0,060;0,000;0,000;0,0000;0,00;;;;DUSD;N069000;T300;;099940      ADOBE SYSTEM INC.;358,07088983;304,99459745;333,22000000;287,35770955;328,85000000;2360,00000000;0,00000000;0,00000000;0,00000000;0,00000000;20251111
82;1O;00035;US1011371077;BOSTON SCIENTIFIC CORP.;USD;NEW YORK;111111;201;O;7741,000;0,000;0,000;0,000;90,4334;85,7987;700045,4830;664167,95;1,054019;102,5000;88,3925;793452,5000;684246,72;793452,5000;684246,72;100,9100;13,343;10,017;3,023;0,844;0,656;0,060;1,576;0,060;0,000;0,000;0,0000;0,00;;;;DUSD;N069000;T300;;099940      BOSTON SCIENTIFIC CORP.;90,43346893;85,79872755;102,50000000;88,39254915;100,91000000;7741,00000000;0,00000000;0,00000000;0,00000000;0,00000000;20251111
82;1O;23879;US95040Q1040;WELLTOWER INC;USD;NEW YORK;111111;201;O;4028,000;0,000;0,000;0,000;129,1934;122,7410;520391,0630;494401,06;1,052569;192,3100;165,8416;774624,6800;668010,24;774624,6800;668010,24;191,0600;48,854;10,169;35,115;0,824;0,641;0,059;0,654;0,059;0,000;0,000;0,0000;0,00;;;;DUSD;N069000;T300;;099941      WELLTOWER INC;129,19341186;122,74107745;192,31000000;165,84166954;191,06000000;4028,00000000;0,00000000;0,00000000;0,00000000;0,00000000;20251111
82;1O;03191;US3755581036;GILEAD SCIENCES INC.;USD;OTC;111111;201;O;6264,000;0,000;0,000;0,000;105,6135;95,3531;661563,1810;597292,42;1,107604;122,5600;105,6916;767715,8400;662052,29;767715,8400;662052,29;118,1500;16,046;4,694;10,842;0,816;0,635;0,058;3,733;0,058;0,000;0,000;0,0000;0,00;;;;DUSD;N069000;T300;;099942      GILEAD SCIENCES INC.;105,61353464;95,35319604;122,56000000;105,69161779;118,15000000;6264,00000000;0,00000000;0,00000000;0,00000000;0,00000000;20251111
82;1O;04140;US92532F1003;VERTEX PHARMACEUTICALS INC.;USD;OTC;111111;201;O;1683,000;0,000;0,000;0,000;418,3499;396,1647;704082,9660;666745,29;1,056000;429,2200;370,1448;722377,2600;622953,83;722377,2600;622953,83;421,2000;2,598;9,811;-6,568;0,768;0,597;0,055;1,904;0,055;0,000;0,000;0,0000;0,00;;;;DUSD;N069000;T300;;099945      VERTEX PHARMACEUTICALS INC.;418,34995008;396,16475935;429,22000000;370,14487754;421,20000000;1683,00000000;0,00000000;0,00000000;0,00000000;0,00000000;20251111
82;1O;00575;US0527691069;AUTODESK INC.;USD;OTC;111111;201;O;2357,000;0,000;0,000;0,000;293,1955;270,0388;691061,8800;636481,48;1,085753;301,8600;260,3139;711484,0200;613559,87;711484,0200;613559,87;298,7200;2,955;6,801;-3,601;0,757;0,588;0,054;1,051;0,054;0,000;0,000;0,0000;0,00;;;;DUSD;N069000;T300;;099946      AUTODESK INC.;293,19553669;270,03881204;301,86000000;260,31390134;298,72000000;2357,00000000;0,00000000;0,00000000;0,00000000;0,00000000;20251111
82;1O;00261;US5486611073;LOWE'S COMPANIES INC.;USD;NEW YORK;111111;201;O;3015,000;0,000;0,000;0,000;238,3129;223,1699;718513,6620;672857,33;1,067854;235,3400;202,9492;709550,1000;611892,12;709550,1000;611892,12;233,0300;-1,248;8,592;-9,061;0,755;0,587;0,054;0,991;0,054;0,000;0,000;0,0000;0,00;;;;DUSD;N069000;T300;;099946      LOWE'S COMPANIES INC.;238,31298905;223,16992703;235,34000000;202,94929285;233,03000000;3015,00000000;0,00000000;0,00000000;0,00000000;0,00000000;20251111
82;1O;37453;US68902V1070;OTIS WORLDWIDE;USD;NEW YORK;111111;201;O;7855,000;0,000;0,000;0,000;93,4665;86,9377;734180,0810;682896,00;1,075098;90,3200;77,8889;709463,6000;611817,52;709463,6000;611817,52;90,2600;-3,367;7,860;-10,408;0,754;0,587;0,054;0,066;0,054;0,000;0,000;0,0000;0,00;;;;DUSD;N069000;T300;;099946      OTIS WORLDWIDE;93,46659210;86,93774665;90,32000000;77,88892721;90,26000000;7855,00000000;0,00000000;0,00000000;0,00000000;0,00000000;20251111
82;1O;01205;US9113121068;UNITED PARCEL SERVICE CL.B;USD;NEW YORK;111111;201;O;7343,000;0,000;0,000;0,000;120,0688;114,3589;881665,7030;839737,93;1,049930;95,0300;81,9506;697805,2900;601763,79;697805,2900;601763,79;93,0600;-20,854;10,445;-28,339;0,742;0,577;0,053;2,117;0,053;0,000;0,000;0,0000;0,00;;;;DUSD;N069000;T300;;099947      UNITED PARCEL SERVICE CL.B;120,06886871;114,35897181;95,03000000;81,95067264;93,06000000;7343,00000000;0,00000000;0,00000000;0,00000000;0,00000000;20251111
82;1O;12344;US98419M1009;XYLEM INC;USD;NEW YORK;111111;201;O;4226,000;0,000;0,000;0,000;119,1070;111,0612;503346,3550;469344,68;1,072445;149,7800;129,1652;632970,2800;545852,26;632970,2800;545852,26;151,0500;25,752;8,127;16,301;0,673;0,523;0,048;-0,841;0,048;0,000;0,000;0,0000;0,00;;;;DUSD;N069000;T300;;099952      XYLEM INC;119,10704093;111,06121154;149,78000000;129,16522938;151,05000000;4226,00000000;0,00000000;0,00000000;0,00000000;0,00000000;20251111
82;1O;00567;US2788651006;ECOLAB INC.;USD;NEW YORK;111111;201;O;2354,000;0,000;0,000;0,000;234,7205;222,4296;552532,2210;523599,32;1,055258;262,0500;225,9830;616865,7000;531964,21;616865,7000;531964,21;258,5600;11,643;9,888;1,598;0,656;0,510;0,047;1,350;0,047;0,000;0,000;0,0000;0,00;;;;DUSD;N069000;T300;;099953      ECOLAB INC.;234,72056966;222,42961767;262,05000000;225,98309761;258,56000000;2354,00000000;0,00000000;0,00000000;0,00000000;0,00000000;20251111
82;1O;37454;US14448C1045;CARRIER GLOBAL CORP;USD;NEW YORK;111111;201;O;10390,000;0,000;0,000;0,000;66,4879;61,8335;690809,2920;642450,65;1,075272;56,9700;49,1290;591918,3000;510450,41;591918,3000;510450,41;57,3300;-14,315;7,842;-20,546;0,629;0,489;0,045;-0,628;0,045;0,000;0,000;0,0000;0,00;;;;DUSD;N069000;T300;;099955      CARRIER GLOBAL CORP;66,48790105;61,83355630;56,97000000;49,12901000;57,33000000;10390,00000000;0,00000000;0,00000000;0,00000000;0,00000000;20251111
82;1O;00053;US1941621039;COLGATE PALMOLIVE CO.;USD;NEW YORK;111111;201;O;7331,000;0,000;0,000;0,000;80,0220;70,0287;586641,9850;513380,48;1,142704;79,4700;68,5322;582594,5700;502409,94;582594,5700;502409,94;78,4700;-0,690;1,479;-2,137;0,620;0,482;0,044;1,274;0,044;0,000;0,000;0,0000;0,00;;;;DUSD;N069000;T300;;099956      COLGATE PALMOLIVE CO.;80,02209589;70,02871095;79,47000000;68,53225250;78,47000000;7331,00000000;0,00000000;0,00000000;0,00000000;0,00000000;20251111
82;1O;19892;US29444U7000;EQUINIX INC;USD;OTC;111111;201;O;673,000;0,000;0,000;0,000;909,4699;864,2572;612073,2530;581645,15;1,052314;821,0400;708,0372;552559,9200;476509,07;552559,9200;476509,07;828,1300;-9,723;10,195;-18,076;0,588;0,457;0,042;-0,856;0,042;0,000;0,000;0,0000;0,00;;;;DUSD;N069000;T300;;099958      EQUINIX INC;909,46991530;864,25728083;821,04000000;708,03725422;828,13000000;673,00000000;0,00000000;0,00000000;0,00000000;0,00000000;20251111
82;1O;12297;US7512121010;POLO RALPH LAUREN CORP. NEW;USD;NEW YORK;111111;201;O;1593,000;0,000;0,000;0,000;284,8791;247,1559;453812,4900;393719,45;1,152629;333,7800;287,8406;531711,5400;458530,13;531711,5400;458530,13;334,7100;17,165;0,605;16,461;0,565;0,440;0,040;-0,278;0,041;0,000;0,000;0,0000;0,00;;;;DUSD;N069000;T300;;099960      POLO RALPH LAUREN CORP. NEW;284,87915254;247,15596359;333,78000000;287,84063470;334,71000000;1593,00000000;0,00000000;0,00000000;0,00000000;0,00000000;20251111
82;1O;16468;US98978V1035;ZOETIS INC;USD;NEW YORK;111111;201;O;4266,000;0,000;0,000;0,000;160,4722;152,9343;684574,5240;652417,90;1,049288;120,1200;103,5874;512431,9200;441904,04;512431,9200;441904,04;119,7900;-25,146;10,513;-32,267;0,545;0,424;0,039;0,275;0,039;0,000;0,000;0,0000;0,00;;;;DUSD;N069000;T300;;099961      ZOETIS INC;160,47222784;152,93434130;120,12000000;103,58744394;119,79000000;4266,00000000;0,00000000;0,00000000;0,00000000;0,00000000;20251111
82;1O;00572;US2371941053;DARDEN RESTAURANTS;USD;NEW YORK;111111;201;O;2869,000;0,000;0,000;0,000;196,6356;178,3861;564147,7630;511789,97;1,102303;171,5900;147,9734;492291,7100;424535,80;492291,7100;424535,80;173,5900;-12,737;5,198;-17,049;0,524;0,407;0,037;-1,152;0,038;0,000;0,000;0,0000;0,00;;;;DUSD;N069000;T300;;099963      DARDEN RESTAURANTS;196,63567898;178,38618682;171,59000000;147,97343911;173,59000000;2869,00000000;0,00000000;0,00000000;0,00000000;0,00000000;20251111
82;1O;04564;US5797802064;MCCORMICK & CO NON VTG;USD;NEW YORK;111111;201;O;7167,000;0,000;0,000;0,000;69,6206;63,0020;498971,0060;451535,43;1,105054;65,7100;56,6660;470943,5700;406125,88;470943,5700;406125,88;64,3100;-5,617;4,936;-10,057;0,501;0,389;0,036;2,177;0,036;0,000;0,000;0,0000;0,00;;;;DUSD;N069000;T300;;099964      MCCORMICK & CO NON VTG;69,62062313;63,00201339;65,71000000;56,66609175;64,31000000;7167,00000000;0,00000000;0,00000000;0,00000000;0,00000000;20251111
82;1O;33770;US1255231003;CIGNA CORP ORD;USD;NEW YORK;111111;201;O;1664,000;0,000;0,000;0,000;286,2702;271,1240;476353,7060;451150,44;1,055864;268,0000;231,1141;445952,0000;384573,99;445952,0000;384573,99;258,1600;-6,382;9,825;-14,757;0,474;0,369;0,034;3,812;0,034;0,000;0,000;0,0000;0,00;;;;DUSD;N069000;T300;;099966      CIGNA CORP ORD;286,27025601;271,12406250;268,00000000;231,11417730;258,16000000;1664,00000000;0,00000000;0,00000000;0,00000000;0,00000000;20251111
82;1O;03366;US3021301094;EXPEDITORS INTL WASH INC.;USD;NEW YORK;111111;201;O;3199,000;0,000;0,000;0,000;109,8257;104,1540;351332,4730;333188,92;1,054454;139,5100;120,3087;446292,4900;384867,62;446292,4900;384867,62;140,4400;27,029;9,972;15,510;0,475;0,369;0,034;-0,662;0,034;0,000;0,000;0,0000;0,00;;;;DUSD;N069000;T300;;099966      EXPEDITORS INTL WASH INC.;109,82571834;104,15408565;139,51000000;120,30872714;140,44000000;3199,00000000;0,00000000;0,00000000;0,00000000;0,00000000;20251111
82;1O;08879;US0304201033;AMERICAN WATER WORKS CO INC;USD;NEW YORK;111111;201;O;3316,000;0,000;0,000;0,000;129,0834;122,0193;428040,7720;404616,17;1,057893;130,0100;112,1162;431113,1600;371777,47;431113,1600;371777,47;128,9400;0,718;9,614;-8,116;0,458;0,357;0,033;0,830;0,033;0,000;0,000;0,0000;0,00;;;;DUSD;N069000;T300;;099967      AMERICAN WATER WORKS CO INC;129,08346562;122,01935162;130,01000000;112,11624698;128,94000000;3316,00000000;0,00000000;0,00000000;0,00000000;0,00000000;20251111
82;1O;33782;US24703L2025;DELL TECHS-ORD SHS CL C;USD;NEW YORK;111111;201;O;3123,000;0,000;0,000;0,000;130,4379;118,0399;407357,7400;368638,86;1,105032;138,7600;119,6619;433347,4800;373704,28;433347,4800;373704,28;142,6900;6,380;4,938;1,374;0,461;0,358;0,033;-2,754;0,033;0,000;0,000;0,0000;0,00;;;;DUSD;N069000;T300;;099967      DELL TECHS-ORD SHS CL C;130,43795709;118,03998078;138,76000000;119,66195239;142,69000000;3123,00000000;0,00000000;0,00000000;0,00000000;0,00000000;20251111
82;1O;00549;US4180561072;HASBRO INC.;USD;NEW YORK;111111;201;O;5465,000;0,000;0,000;0,000;65,8716;57,9940;359988,4640;316937,38;1,135835;78,4300;67,6353;428619,9500;369627,41;428619,9500;369627,41;78,1500;19,065;2,092;16,625;0,456;0,354;0,033;0,358;0,033;0,000;0,000;0,0000;0,00;;;;DUSD;N069000;T300;;099967      HASBRO INC.;65,87163110;57,99403110;78,43000000;67,63539151;78,15000000;5465,00000000;0,00000000;0,00000000;0,00000000;0,00000000;20251111
82;1O;00104;US4595061015;INTERNATIONAL FLAVORS & FRAGRANCES INC.;USD;NEW YORK;111111;201;O;6556,000;0,000;0,000;0,000;80,5710;74,5697;528223,6950;488879,12;1,080479;65,3100;56,3211;428172,3600;369241,43;428172,3600;369241,43;62,7800;-18,941;7,323;-24,472;0,455;0,354;0,033;4,030;0,033;0,000;0,000;0,0000;0,00;;;;DUSD;N069000;T300;;099967      INTERNATIONAL FLAVORS & FRAGRANCES INC.;80,57103340;74,56972544;65,31000000;56,32114522;62,78000000;6556,00000000;0,00000000;0,00000000;0,00000000;0,00000000;20251111
82;1O;00530;US0758871091;BECTON DICKINSON;USD;NEW YORK;111111;201;O;2223,000;0,000;0,000;0,000;222,1456;211,2879;493829,8400;469693,18;1,051388;189,0200;163,0044;420191,4600;362358,97;420191,4600;362358,97;181,6400;-14,912;10,292;-22,852;0,447;0,347;0,032;4,063;0,032;0,000;0,000;0,0000;0,00;;;;DUSD;N069000;T300;;099968      BECTON DICKINSON;222,14567701;211,28798020;189,02000000;163,00448430;181,64000000;2223,00000000;0,00000000;0,00000000;0,00000000;0,00000000;20251111
82;1O;19628;US0367521038;ELEVANCE HEALTH INC;USD;NEW YORK;111111;201;O;1357,000;0,000;0,000;0,000;381,2107;361,1398;517302,9810;490066,78;1,055577;315,2500;271,8609;427794,2500;368915,36;427794,2500;368915,36;303,7800;-17,303;9,855;-24,721;0,455;0,354;0,032;3,776;0,033;0,000;0,000;0,0000;0,00;;;;DUSD;N069000;T300;;099968      ELEVANCE HEALTH INC;381,21074502;361,13985261;315,25000000;271,86098654;303,78000000;1357,00000000;0,00000000;0,00000000;0,00000000;0,00000000;20251111
82;1O;08129;US90384S3031;ULTA BEAUTY INC;USD;OTC;111111;201;O;810,000;0,000;0,000;0,000;507,5908;435,9883;411148,5600;353150,58;1,164230;522,8300;450,8709;423492,3000;365205,50;423492,3000;365205,50;516,5600;3,002;-0,398;3,414;0,450;0,350;0,032;1,214;0,032;0,000;0,000;0,0000;0,00;;;;DUSD;N069000;T300;;099968      ULTA BEAUTY INC;507,59081481;435,98837037;522,83000000;450,87098999;516,56000000;810,00000000;0,00000000;0,00000000;0,00000000;0,00000000;20251111
82;1O;00316;US5745991068;MASCO CORP.;USD;NEW YORK;111111;201;O;6629,000;0,000;0,000;0,000;73,4956;66,9100;487202,4040;443546,57;1,098424;61,9300;53,4063;410533,9700;354030,67;410533,9700;354030,67;61,4700;-15,736;5,569;-20,182;0,437;0,339;0,031;0,748;0,031;0,000;0,000;0,0000;0,00;;;;DUSD;N069000;T300;;099969      MASCO CORP.;73,49561080;66,91002715;61,93000000;53,40634701;61,47000000;6629,00000000;0,00000000;0,00000000;0,00000000;0,00000000;20251111
82;1O;00426;US5951121038;MICRON TECHNOLOGY INC.;USD;OTC;111111;201;O;1687,000;0,000;0,000;0,000;97,9641;86,3089;165265,5920;145603,23;1,135041;241,1100;207,9251;406752,5700;350769,72;406752,5700;350769,72;253,3000;146,121;2,164;140,908;0,433;0,336;0,031;-4,812;0,031;0,000;0,000;0,0000;0,00;;;;DUSD;N069000;T300;;099969      MICRON TECHNOLOGY INC.;97,96419205;86,30896858;241,11000000;207,92514660;253,30000000;1687,00000000;0,00000000;0,00000000;0,00000000;0,00000000;20251111
82;1O;00212;US8718291078;SYSCO CORP.;USD;NEW YORK;111111;201;O;5219,000;0,000;0,000;0,000;75,4061;71,6422;393544,7610;373900,69;1,052538;75,4900;65,1000;393982,3100;339757,08;393982,3100;339757,08;74,5800;0,111;10,172;-9,132;0,419;0,326;0,030;1,220;0,030;0,000;0,000;0,0000;0,00;;;;DUSD;N069000;T300;;099970      SYSCO CORP.;75,40616229;71,64220923;75,49000000;65,10003449;74,58000000;5219,00000000;0,00000000;0,00000000;0,00000000;0,00000000;20251111
82;1O;01310;US0865161014;BEST BUY COMPANY INC.;USD;NEW YORK;111111;201;O;5000,000;0,000;0,000;0,000;76,9775;65,5350;384887,5000;327675,38;1,174600;77,6800;66,9886;388400,0000;334943,08;388400,0000;334943,08;78,1500;0,913;-1,277;2,218;0,413;0,321;0,029;-0,601;0,030;0,000;0,000;0,0000;0,00;;;;DUSD;N069000;T300;;099971      BEST BUY COMPANY INC.;76,97750000;65,53507600;77,68000000;66,98861676;78,15000000;5000,00000000;0,00000000;0,00000000;0,00000000;0,00000000;20251111
82;1O;04388;US2533931026;DICK'S SPORTING GOODS INC.;USD;NEW YORK;111111;201;O;1760,000;0,000;0,000;0,000;218,5121;194,5051;384581,4360;342329,05;1,123426;217,9900;187,9872;383662,4000;330857,54;383662,4000;330857,54;219,6200;-0,239;3,220;-3,351;0,408;0,317;0,029;-0,742;0,029;0,000;0,000;0,0000;0,00;;;;DUSD;N069000;T300;;099971      DICK'S SPORTING GOODS INC.;218,51217954;194,50514204;217,99000000;187,98723697;219,62000000;1760,00000000;0,00000000;0,00000000;0,00000000;0,00000000;20251111
82;1O;00399;US5184391044;ESTEE LAUDER COMPANIES CLA;USD;NEW YORK;111111;201;O;3937,000;0,000;0,000;0,000;91,9239;78,4521;361904,5950;308865,94;1,171721;90,8400;78,3373;357637,0800;308414,18;357637,0800;308414,18;89,6300;-1,179;-1,034;-0,146;0,380;0,296;0,027;1,350;0,027;0,000;0,000;0,0000;0,00;;;;DUSD;N069000;T300;;099973      ESTEE LAUDER COMPANIES CLA;91,92395097;78,45210566;90,84000000;78,33735770;89,63000000;3937,00000000;0,00000000;0,00000000;0,00000000;0,00000000;20251111
82;1O;07927;US2538681030;DIGITAL REALTY TRUST INC;USD;NEW YORK;111111;201;O;2027,000;0,000;0,000;0,000;171,9642;163,6950;348571,5710;331809,92;1,050516;168,5700;145,3690;341691,3900;294663,15;341691,3900;294663,15;169,2100;-1,974;10,384;-11,195;0,363;0,283;0,026;-0,378;0,026;0,000;0,000;0,0000;0,00;;;;DUSD;N069000;T300;;099974      DIGITAL REALTY TRUST INC;171,96426788;163,69507646;168,57000000;145,36909279;169,21000000;2027,00000000;0,00000000;0,00000000;0,00000000;0,00000000;20251111
82;1O;23399;US70450Y1038;PAYPAL HOLDINGS INC-W/I;USD;OTC;111111;201;O;5078,000;0,000;0,000;0,000;67,5125;57,3451;342828,4800;291198,91;1,177300;67,4000;58,1234;342257,2000;295151,09;342257,2000;295151,09;66,2500;-0,167;-1,503;1,357;0,364;0,283;0,026;1,736;0,026;0,000;0,000;0,0000;0,00;;;;DUSD;N069000;T300;;099974      PAYPAL HOLDINGS INC-W/I;67,51250098;57,34519692;67,40000000;58,12349085;66,25000000;5078,00000000;0,00000000;0,00000000;0,00000000;0,00000000;20251111
82;1O;13633;US8923561067;TRACTOR SUPPLY COMPANY;USD;OTC;111111;201;O;5776,000;0,000;0,000;0,000;57,7542;51,4188;333588,6090;296995,39;1,123211;55,9400;48,2407;323109,4400;278638,70;323109,4400;278638,70;55,4600;-3,141;3,240;-6,181;0,344;0,267;0,025;0,865;0,025;0,000;0,000;0,0000;0,00;;;;DUSD;N069000;T300;;099975      TRACTOR SUPPLY COMPANY;57,75426056;51,41886946;55,94000000;48,24077268;55,46000000;5776,00000000;0,00000000;0,00000000;0,00000000;0,00000000;20251111
82;1O;04293;US12504L1098;CB RICHARD ELLIS GROUP INC. -CL A;USD;NEW YORK;111111;201;O;2020,000;0,000;0,000;0,000;128,6935;122,4018;259961,0270;247251,74;1,051402;154,9000;133,5805;312898,0000;269832,70;312898,0000;269832,70;151,8300;20,363;10,291;9,133;0,333;0,259;0,024;2,022;0,024;0,000;0,000;0,0000;0,00;;;;DUSD;N069000;T300;;099976      CB RICHARD ELLIS GROUP INC. -CL A;128,69357772;122,40185148;154,90000000;133,58054501;151,83000000;2020,00000000;0,00000000;0,00000000;0,00000000;0,00000000;20251111
82;1O;36719;US52736R1023;LEVI STRAUSS & CO CLASS A;USD;NEW YORK;111111;201;O;14697,000;0,000;0,000;0,000;19,9470;17,2456;293162,2200;253458,93;1,156646;21,3700;18,4287;314074,8900;270847,61;314074,8900;270847,61;21,0900;7,133;0,255;6,861;0,334;0,260;0,024;1,328;0,024;0,000;0,000;0,0000;0,00;;;;DUSD;N069000;T300;;099976      LEVI STRAUSS & CO CLASS A;19,94707899;17,24562359;21,37000000;18,42876854;21,09000000;14697,00000000;0,00000000;0,00000000;0,00000000;0,00000000;20251111
82;1O;02976;US9884981013;YUM BRANDS INC.;USD;NEW YORK;111111;201;O;1917,000;0,000;0,000;0,000;145,5700;125,9691;279057,6900;241482,94;1,155600;150,7500;130,0017;288987,7500;249213,31;288987,7500;249213,31;148,2600;3,558;0,346;3,201;0,307;0,239;0,022;1,679;0,022;0,000;0,000;0,0000;0,00;;;;DUSD;N069000;T300;;099978      YUM BRANDS INC.;145,57000000;125,96919144;150,75000000;130,00172473;148,26000000;1917,00000000;0,00000000;0,00000000;0,00000000;0,00000000;20251111
82;1O;01215;US00846U1016;AGILENT TECHNOLOGIES INC.;USD;NEW YORK;111111;201;O;1892,000;0,000;0,000;0,000;128,5548;122,4893;243225,8590;231749,76;1,049519;149,4200;128,8547;282702,6400;243793,24;282702,6400;243793,24;146,3600;16,231;10,489;5,197;0,301;0,234;0,021;2,091;0,022;0,000;0,000;0,0000;0,00;;;;DUSD;N069000;T300;;099979      AGILENT TECHNOLOGIES INC.;128,55489376;122,48930232;149,42000000;128,85477750;146,36000000;1892,00000000;0,00000000;0,00000000;0,00000000;0,00000000;20251111
82;1O;09755;US92276F1003;VENTAS INC;USD;NEW YORK;111111;201;O;3568,000;0,000;0,000;0,000;60,5059;57,3507;215885,2660;204627,63;1,055015;76,1700;65,6864;271774,5600;234369,23;271774,5600;234369,23;75,9700;25,888;9,913;14,534;0,289;0,225;0,021;0,263;0,021;0,000;0,000;0,0000;0,00;;;;DUSD;N069000;T300;;099979      VENTAS INC;60,50596020;57,35079316;76,17000000;65,68644360;75,97000000;3568,00000000;0,00000000;0,00000000;0,00000000;0,00000000;20251111
82;1O;32178;US3802371076;GODADDY-ORD SHS CL A;USD;NEW YORK;111111;201;O;1967,000;0,000;0,000;0,000;192,6945;183,2520;379030,1330;360456,84;1,051527;131,6700;113,5477;258994,8900;223348,47;258994,8900;223348,47;131,4500;-31,669;10,278;-38,037;0,275;0,214;0,020;0,167;0,020;0,000;0,000;0,0000;0,00;;;;DUSD;N069000;T300;;099980      GODADDY-ORD SHS CL A;192,69452618;183,25207930;131,67000000;113,54777509;131,45000000;1967,00000000;0,00000000;0,00000000;0,00000000;0,00000000;20251111
82;1O;08920;US49271V1008;KUERIG DR PEPPER;USD;NEW YORK;111111;201;O;9783,000;0,000;0,000;0,000;29,9020;25,6956;292531,2660;251380,31;1,163700;26,7300;23,0510;261499,5900;225508,44;261499,5900;225508,44;26,1200;-10,608;-0,352;-10,292;0,278;0,216;0,020;2,335;0,020;0,000;0,000;0,0000;0,00;;;;DUSD;N069000;T300;;099980      KUERIG DR PEPPER;29,90200000;25,69562608;26,73000000;23,05105208;26,12000000;9783,00000000;0,00000000;0,00000000;0,00000000;0,00000000;20251111
82;1O;07900;US5500211090;LULULEMON ATHLETICA INC;USD;OTC;111111;201;O;1587,000;0,000;0,000;0,000;172,5206;148,0229;273790,3500;234912,35;1,165500;169,8100;146,4384;269488,4700;232397,78;269488,4700;232397,78;170,3500;-1,571;-0,506;-1,070;0,287;0,223;0,020;-0,317;0,021;0,000;0,000;0,0000;0,00;;;;DUSD;N069000;T300;;099980      LULULEMON ATHLETICA INC;172,52069943;148,02290485;169,81000000;146,43842704;170,35000000;1587,00000000;0,00000000;0,00000000;0,00000000;0,00000000;20251111
82;1O;09902;US28176E1082;EDWARDS LIFESCIENCES CORP;USD;NEW YORK;111111;201;O;2876,000;0,000;0,000;0,000;73,5148;69,8483;211428,6880;200883,91;1,052492;85,1600;73,4391;244920,1600;211210,90;244920,1600;211210,90;84,0800;15,841;10,177;5,141;0,260;0,203;0,019;1,284;0,019;0,000;0,000;0,0000;0,00;;;;DUSD;N069000;T300;;099981      EDWARDS LIFESCIENCES CORP;73,51484283;69,84836926;85,16000000;73,43911693;84,08000000;2876,00000000;0,00000000;0,00000000;0,00000000;0,00000000;20251111
82;1O;03963;US1273871087;CADENCE DESIGN SYS INC.;USD;OTC;111111;201;O;744,000;0,000;0,000;0,000;372,5422;316,4377;277171,4000;235429,71;1,177300;318,5100;274,6723;236971,4400;204356,19;236971,4400;204356,19;328,9400;-14,504;-1,503;-13,199;0,252;0,196;0,018;-3,171;0,018;0,000;0,000;0,0000;0,00;;;;DUSD;N069000;T300;;099982      CADENCE DESIGN SYS INC.;372,54220430;316,43778225;318,51000000;274,67230079;328,94000000;744,00000000;0,00000000;0,00000000;0,00000000;0,00000000;20251111
82;1O;05346;US1924461023;COGNIZANT TECH SOLUTIONS A;USD;OTC;111111;201;O;2784,000;0,000;0,000;0,000;75,5533;71,6993;210340,4860;199610,98;1,053752;73,1300;63,0648;203593,9200;175572,54;203593,9200;175572,54;72,8800;-3,207;10,045;-12,043;0,217;0,168;0,015;0,343;0,016;0,000;0,000;0,0000;0,00;;;;DUSD;N069000;T300;;099985      COGNIZANT TECH SOLUTIONS A;75,55333548;71,69934626;73,13000000;63,06484994;72,88000000;2784,00000000;0,00000000;0,00000000;0,00000000;0,00000000;20251111
82;1O;37182;US45687V1061;INGERSOLL RAND-ORD SHS;USD;NEW YORK;111111;201;O;2614,000;0,000;0,000;0,000;87,0011;82,8710;227420,8950;216624,93;1,049837;77,3300;66,6867;202140,6200;174319,27;202140,6200;174319,27;77,2500;-11,116;10,455;-19,529;0,215;0,167;0,015;0,104;0,015;0,000;0,000;0,0000;0,00;;;;DUSD;N069000;T300;;099985      INGERSOLL RAND-ORD SHS;87,00110749;82,87105202;77,33000000;66,68678854;77,25000000;2614,00000000;0,00000000;0,00000000;0,00000000;0,00000000;20251111
82;1O;04020;US0534841012;AVALONBAY COMMUNITIES INC.;USD;NEW YORK;111111;201;O;1042,000;0,000;0,000;0,000;216,4083;205,7867;225497,5190;214429,76;1,051615;178,8400;154,2255;186351,2800;160703,07;186351,2800;160703,07;176,7500;-17,360;10,268;-25,056;0,198;0,154;0,014;1,182;0,014;0,000;0,000;0,0000;0,00;;;;DUSD;N069000;T300;;099986      AVALONBAY COMMUNITIES INC.;216,40836756;205,78671785;178,84000000;154,22559503;176,75000000;1042,00000000;0,00000000;0,00000000;0,00000000;0,00000000;20251111
82;1O;02074;US98956P1021;ZIMMER HOLDINGS INC.;USD;NEW YORK;111111;201;O;2002,000;0,000;0,000;0,000;104,4597;99,6665;209128,3730;199532,36;1,048093;88,5000;76,3194;177177,0000;152791,48;177177,0000;152791,48;88,7300;-15,278;10,639;-23,425;0,188;0,147;0,013;-0,259;0,013;0,000;0,000;0,0000;0,00;;;;DUSD;N069000;T300;;099987      ZIMMER HOLDINGS INC.;104,45972677;99,66651348;88,50000000;76,31942048;88,73000000;2002,00000000;0,00000000;0,00000000;0,00000000;0,00000000;20251111
82;1O;03754;US09062X1037;BIOGEN  INC.;USD;OTC;111111;201;O;682,000;0,000;0,000;0,000;146,1326;139,2482;99662,4770;94967,29;1,049440;159,5600;137,5991;108819,9200;93842,64;108819,9200;93842,64;156,2600;9,188;10,497;-1,184;0,116;0,090;0,008;2,112;0,008;0,000;0,000;0,0000;0,00;;;;DUSD;N069000;T300;;099992      BIOGEN  INC.;146,13266422;139,24822580;159,56000000;137,59917212;156,26000000;682,00000000;0,00000000;0,00000000;0,00000000;0,00000000;20251111
82;1O;06332;US48020Q1076;JONES LANG LASALLE INC;USD;NEW YORK;111111;201;O;304,000;0,000;0,000;0,000;252,8225;243,8954;76858,0400;74144,21;1,036602;308,5400;266,0745;93796,1600;80886,65;93796,1600;80886,65;299,7700;22,038;11,865;9,094;0,100;0,078;0,007;2,926;0,007;0,000;0,000;0,0000;0,00;;;;DUSD;N069000;T300;;099993      JONES LANG LASALLE INC;252,82250000;243,89542763;308,54000000;266,07450845;299,77000000;304,00000000;0,00000000;0,00000000;0,00000000;0,00000000;20251111
82;1O;00814;US1011211018;BOSTON PROPERTIES INC.;USD;NEW YORK;111111;201;O;930,000;0,000;0,000;0,000;74,2682;71,6409;69069,4500;66626,08;1,036673;72,4200;62,4525;67350,6000;58080,89;67350,6000;58080,89;71,6100;-2,489;11,858;-12,826;0,072;0,056;0,005;1,131;0,005;0,000;0,000;0,0000;0,00;;;;DUSD;N069000;T300;;099995      BOSTON PROPERTIES INC.;74,26822580;71,64094623;72,42000000;62,45256985;71,61000000;930,00000000;0,00000000;0,00000000;0,00000000;0,00000000;20251111
82;1O;03392;CH0013841017;LONZA GROUP AG-REG;CHF;VIRTX;111111;201;O;1924,000;0,000;0,000;0,000;537,0324;573,4491;1033250,4710;1103316,25;0,936495;552,8000;595,9465;1063587,2000;1146601,12;1063587,2000;1146601,12;534,0000;2,936;-0,950;3,923;37,755;1,100;0,101;3,521;0,101;0,000;0,000;0,0000;0,00;;;;DCHF;N071000;T300;;099899      LONZA GROUP AG-REG;537,03246933;573,44919438;552,80000000;595,94652867;534,00000000;1924,00000000;0,00000000;0,00000000;0,00000000;0,00000000;20251111
82;1O;01930;CH0012221716;ABB LTD - NOM;CHF;VIRTX;111111;201;O;11174,000;0,000;0,000;0,000;58,6011;62,8104;654809,6700;701844,22;0,932984;57,0800;61,5351;637811,9200;687593,70;637811,9200;687593,70;56,8200;-2,596;-0,577;-2,030;22,641;0,659;0,061;0,458;0,061;0,000;0,000;0,0000;0,00;;;;DCHF;N071000;T300;;099939      ABB LTD - NOM;58,60118757;62,81047252;57,08000000;61,53514445;56,82000000;11174,00000000;0,00000000;0,00000000;0,00000000;0,00000000;20251111
82;1O;01931;CH0012005267;NOVARTIS AG - NOM.;CHF;VIRTX;111111;201;O;5466,000;0,000;0,000;0,000;101,4822;108,2592;554701,7100;591744,94;0,937400;104,0800;112,2035;568901,2800;613304,53;568901,2800;613304,53;102,2000;2,560;-1,045;3,643;20,195;0,588;0,054;1,840;0,054;0,000;0,000;0,0000;0,00;;;;DCHF;N071000;T300;;099946      NOVARTIS AG - NOM.;101,48220087;108,25922795;104,08000000;112,20353600;102,20000000;5466,00000000;0,00000000;0,00000000;0,00000000;0,00000000;20251111
82;1O;39064;CH0025751329;LOGITECH INTL SA;USD;OTC;111111;201;O;7857,000;0,000;0,000;0,000;82,3500;79,5191;647023,9500;624781,72;1,035600;119,9700;103,4580;942604,2900;812870,21;942604,2900;812870,21;122,0300;45,683;11,974;30,105;1,002;0,779;0,072;-1,688;0,072;0,000;0,000;0,0000;0,00;;;;DUSD;N071000;T300;;099928      LOGITECH INTL SA;82,35000000;79,51911925;119,97000000;103,45808899;122,03000000;7857,00000000;0,00000000;0,00000000;0,00000000;0,00000000;20251111
82;1O;60381;IE000IVNQZ81;TE CONNECTIVITY PLC;USD;NEW YORK;111111;201;O;2527,000;0,000;0,000;0,000;142,9700;138,0552;361285,1900;348865,58;1,035600;247,1600;213,1424;624573,3200;538611,00;624573,3200;538611,00;247,7600;72,875;11,974;54,389;0,664;0,516;0,047;-0,242;0,048;0,000;0,000;0,0000;0,00;;;;DUSD;N071000;T300;;099953      TE CONNECTIVITY PLC;142,97000000;138,05523545;247,16000000;213,14246291;247,76000000;2527,00000000;0,00000000;0,00000000;0,00000000;0,00000000;20251111
82;1O;00872;KR7000660001;SK HYNIX INC.;KRW;SEOUL;111111;201;O;1343,000;0,000;0,000;0,000;354762,8436;216,8825;476446499,0000;291273,20;1635,737510;619000,0000;364,6954;831317000,0000;489786,02;831317000,0000;489786,02;606000,0000;74,483;3,764;68,153;67,594;0,470;0,043;2,145;0,043;0,000;0,000;0,0000;0,00;;;;DKRW;N084000;T300;;099957      SK HYNIX INC.;354762,84363365;216,88250186;619000,00000000;364,69547485;606000,00000000;1343,00000000;0,00000000;0,00000000;0,00000000;0,00000000;20251111
82;1O;02748;KR7066570003;LG ELECTRONICS INC.;KRW;SEOUL;111111;201;O;4399,000;0,000;0,000;0,000;83144,7033;54,4846;365753550,0000;239678,13;1526,019708;90600,0000;53,3786;398549400,0000;234812,86;398549400,0000;234812,86;89600,0000;8,967;11,224;-2,030;32,406;0,225;0,021;1,116;0,021;0,000;0,000;0,0000;0,00;;;;DKRW;N084000;T300;;099979      LG ELECTRONICS INC.;83144,70334166;54,48468515;90600,00000000;53,37869147;89600,00000000;4399,00000000;0,00000000;0,00000000;0,00000000;0,00000000;20251111
82;1O;09635;JP3651210001;NABTESCO CORP;JPY;TOKYO;111111;201;O;48723,000;0,000;0,000;0,000;2808,0000;17,2507;136814184,0000;840507,94;162,775600;3449,0000;19,3123;168045627,0000;940957,65;168045627,0000;940957,65;3418,0000;22,828;9,715;11,951;8,301;0,902;0,083;0,907;0,083;0,000;0,000;0,0000;0,00;;;;DJPY;N088000;T300;;099917      NABTESCO CORP;2808,00000000;17,25074277;3449,00000000;19,31239151;3418,00000000;48723,00000000;0,00000000;0,00000000;0,00000000;0,00000000;20251111
82;1O;00664;JP3266400005;KUBOTA CORP.;JPY;TOKYO;111111;201;O;68700,000;0,000;0,000;0,000;1687,7212;10,1259;115946450,2860;695652,52;166,672939;2123,5000;11,8903;145884450,0000;816867,97;145884450,0000;816867,97;2105,5000;25,821;7,150;17,425;7,207;0,783;0,072;0,855;0,072;0,000;0,000;0,0000;0,00;;;;DJPY;N088000;T300;;099928      KUBOTA CORP.;1687,72125598;10,12594643;2123,50000000;11,89036340;2105,50000000;68700,00000000;0,00000000;0,00000000;0,00000000;0,00000000;20251111
82;1O;00117;JP3270000007;KURITA WATER INDUSTRIES LTD.;JPY;TOKYO;111111;201;O;22500,000;0,000;0,000;0,000;5327,2371;32,1903;119862836,3240;724282,95;165,491727;6374,0000;35,6906;143415000,0000;803040,48;143415000,0000;803040,48;6545,0000;19,649;7,915;10,874;7,085;0,770;0,071;-2,613;0,071;0,000;0,000;0,0000;0,00;;;;DJPY;N088000;T300;;099929      KURITA WATER INDUSTRIES LTD.;5327,23716995;32,19035333;6374,00000000;35,69068816;6545,00000000;22500,00000000;0,00000000;0,00000000;0,00000000;0,00000000;20251111
82;1O;00810;JP3205800000;KAO CORP.;JPY;TOKYO;111111;201;O;20600,000;0,000;0,000;0,000;6286,6740;38,9673;129505486,1170;802727,78;161,331761;6610,0000;37,0121;136166000,0000;762450,31;136166000,0000;762450,31;6605,0000;5,143;10,697;-5,018;6,727;0,731;0,067;0,076;0,067;0,000;0,000;0,0000;0,00;;;;DJPY;N088000;T300;;099933      KAO CORP.;6286,67408335;38,96736796;6610,00000000;37,01215073;6605,00000000;20600,00000000;0,00000000;0,00000000;0,00000000;0,00000000;20251111
82;1O;00196;JP3435000009;SONY CORP.;JPY;TOKYO;111111;201;O;27100,000;0,000;0,000;0,000;3195,2000;19,7005;86589920,0000;533884,61;162,188455;4520,0000;25,3093;122492000,0000;685883,87;122492000,0000;685883,87;4284,0000;41,462;10,113;28,470;6,051;0,658;0,060;5,509;0,061;0,000;0,000;0,0000;0,00;;;;DJPY;N088000;T300;;099940      SONY CORP.;3195,20000000;19,70053911;4520,00000000;25,30936782;4284,00000000;27100,00000000;0,00000000;0,00000000;0,00000000;0,00000000;20251111
82;1O;00433;JP3596200000;TOTO LTD.;JPY;TOKYO;111111;201;O;30500,000;0,000;0,000;0,000;3863,1203;23,4388;117825170,0000;714886,22;164,816675;3877,0000;21,7089;118248500,0000;662122,74;118248500,0000;662122,74;3918,0000;0,359;8,357;-7,381;5,841;0,635;0,058;-1,046;0,059;0,000;0,000;0,0000;0,00;;;;DJPY;N088000;T300;;099942      TOTO LTD.;3863,12032786;23,43889245;3877,00000000;21,70894227;3918,00000000;30500,00000000;0,00000000;0,00000000;0,00000000;0,00000000;20251111
82;1O;00144;JP3914400001;MURATA MANUFACTURING CO.LTD.;JPY;TOKYO;111111;201;O;35100,000;0,000;0,000;0,000;2479,2506;15,0796;87021698,6130;529295,64;164,410382;3178,0000;17,7949;111547800,0000;624602,72;111547800,0000;624602,72;3229,0000;28,184;8,625;18,006;5,510;0,599;0,055;-1,579;0,055;0,000;0,000;0,0000;0,00;;;;DJPY;N088000;T300;;099945      MURATA MANUFACTURING CO.LTD.;2479,25067273;15,07964786;3178,00000000;17,79494932;3229,00000000;35100,00000000;0,00000000;0,00000000;0,00000000;0,00000000;20251111
82;1O;00163;JP3190000004;OBAYASHI CORP.;JPY;TOKYO;111111;201;O;39200,000;0,000;0,000;0,000;2093,0000;12,8581;82045600,0000;504041,15;162,775599;2863,0000;16,0311;112229600,0000;628420,40;112229600,0000;628420,40;2832,5000;36,789;9,715;24,676;5,544;0,603;0,055;1,077;0,056;0,000;0,000;0,0000;0,00;;;;DJPY;N088000;T300;;099945      OBAYASHI CORP.;2093,00000000;12,85819260;2863,00000000;16,03113276;2832,50000000;39200,00000000;0,00000000;0,00000000;0,00000000;0,00000000;20251111
82;1O;00447;JP3571400005;TOKYO ELECTRON LTD.;JPY;TOKYO;111111;201;O;3000,000;0,000;0,000;0,000;27438,8316;157,0074;82316495,0000;471022,44;174,761302;34190,0000;191,4440;102570000,0000;574332,27;102570000,0000;574332,27;34200,0000;24,604;2,191;21,933;5,067;0,551;0,051;-0,029;0,051;0,000;0,000;0,0000;0,00;;;;DJPY;N088000;T300;;099949      TOKYO ELECTRON LTD.;27438,83166666;157,00748000;34190,00000000;191,44408981;34200,00000000;3000,00000000;0,00000000;0,00000000;0,00000000;0,00000000;20251111
82;1O;00096;JP3854600008;HONDA MOTOR CO.;JPY;TOKYO;111111;201;O;61200,000;0,000;0,000;0,000;1538,6981;9,1116;94168326,0670;557632,94;168,871527;1523,5000;8,5307;93238200,0000;522079,62;93238200,0000;522079,62;1511,0000;-0,988;5,755;-6,376;4,606;0,501;0,046;0,827;0,046;0,000;0,000;0,0000;0,00;;;;DJPY;N088000;T300;;099954      HONDA MOTOR CO.;1538,69813835;9,11164934;1523,50000000;8,53071280;1511,00000000;61200,00000000;0,00000000;0,00000000;0,00000000;0,00000000;20251111
82;1O;00216;JP3538800008;TDK CORP.;JPY;TOKYO;111111;201;O;37300,000;0,000;0,000;0,000;1996,4782;12,2698;74468640,2320;457666,62;162,713724;2448,5000;13,7101;91329050,0000;511389,50;91329050,0000;511389,50;2505,5000;22,641;9,757;11,738;4,512;0,490;0,045;-2,275;0,045;0,000;0,000;0,0000;0,00;;;;DJPY;N088000;T300;;099955      TDK CORP.;1996,47829040;12,26988257;2448,50000000;13,71017414;2505,50000000;37300,00000000;0,00000000;0,00000000;0,00000000;0,00000000;20251111
82;1O;03334;JP3148800000;IBIDEN CO. LTD.;JPY;TOKYO;111111;201;O;6449,000;0,000;0,000;0,000;4501,3433;27,8952;29029163,2810;179896,77;161,365673;13375,0000;74,8922;86255375,0000;482979,87;86255375,0000;482979,87;13035,0000;197,134;10,674;168,476;4,261;0,463;0,043;2,608;0,043;0,000;0,000;0,0000;0,00;;;;DJPY;N088000;T300;;099957      IBIDEN CO. LTD.;4501,34335261;27,89529694;13375,00000000;74,89221121;13035,00000000;6449,00000000;0,00000000;0,00000000;0,00000000;0,00000000;20251111
82;1O;00037;JP3830800003;BRIDGESTONE CORP.;JPY;TOKYO;111111;201;O;11400,000;0,000;0,000;0,000;6430,7843;37,2729;73310941,4000;424912,10;172,532016;6982,0000;39,0951;79594800,0000;445684,53;79594800,0000;445684,53;6916,0000;8,572;3,511;4,889;3,932;0,427;0,039;0,954;0,039;0,000;0,000;0,0000;0,00;;;;DJPY;N088000;T300;;099961      BRIDGESTONE CORP.;6430,78433333;37,27299122;6982,00000000;39,09513410;6916,00000000;11400,00000000;0,00000000;0,00000000;0,00000000;0,00000000;20251111
82;1O;00251;JP3942400007;ASTELLAS PHARMA INC.;JPY;TOKYO;111111;201;O;42400,000;0,000;0,000;0,000;1533,0389;9,4180;65000850,0000;399323,86;162,777276;1790,5000;10,0257;75917200,0000;425092,11;75917200,0000;425092,11;1765,5000;16,794;9,714;6,453;3,750;0,408;0,037;1,416;0,038;0,000;0,000;0,0000;0,00;;;;DJPY;N088000;T300;;099963      ASTELLAS PHARMA INC.;1533,03891509;9,41801556;1790,50000000;10,02575732;1765,50000000;42400,00000000;0,00000000;0,00000000;0,00000000;0,00000000;20251111
82;1O;00148;JP3733000008;NEC CORP.;JPY;TOKYO;111111;201;O;12500,000;0,000;0,000;0,000;4988,1756;28,2773;62352195,0000;353467,49;176,401499;5732,0000;32,0958;71650000,0000;401198,28;71650000,0000;401198,28;5612,0000;14,912;1,241;13,504;3,539;0,385;0,035;2,138;0,035;0,000;0,000;0,0000;0,00;;;;DJPY;N088000;T300;;099965      NEC CORP.;4988,17560000;28,27739920;5732,00000000;32,09586203;5612,00000000;12500,00000000;0,00000000;0,00000000;0,00000000;0,00000000;20251111
82;1O;00618;JP3358800005;SHIMIZU CORP.;JPY;TOKYO;111111;201;O;29100,000;0,000;0,000;0,000;1252,5000;7,6946;36447750,0000;223914,08;162,775606;2312,5000;12,9486;67293750,0000;376805,81;67293750,0000;376805,81;2271,0000;84,631;9,715;68,281;3,324;0,361;0,033;1,827;0,033;0,000;0,000;0,0000;0,00;;;;DJPY;N088000;T300;;099967      SHIMIZU CORP.;1252,50000000;7,69464192;2312,50000000;12,94865334;2271,00000000;29100,00000000;0,00000000;0,00000000;0,00000000;0,00000000;20251111
82;1O;05704;JP3475350009;DAIICHI SANKYO CO LTD;JPY;TOKYO;111111;201;O;15100,000;0,000;0,000;0,000;4339,1721;26,6568;65521499,0000;402518,26;162,778948;3392,0000;18,9932;51219200,0000;286797,69;51219200,0000;286797,69;3305,0000;-21,828;9,713;-28,749;2,530;0,275;0,025;2,632;0,025;0,000;0,000;0,0000;0,00;;;;DJPY;N088000;T300;;099975      DAIICHI SANKYO CO LTD;4339,17211920;26,65683841;3392,00000000;18,99322470;3305,00000000;15100,00000000;0,00000000;0,00000000;0,00000000;0,00000000;20251111
82;1O;05558;JP3118000003;ASICS CORP;JPY;TOKYO;111111;201;O;12100,000;0,000;0,000;0,000;4021,9135;22,6868;48665154,3060;274510,59;177,279697;3768,0000;21,0986;45592800,0000;255293,13;45592800,0000;255293,13;3713,0000;-6,313;0,739;-7,001;2,252;0,245;0,022;1,481;0,023;0,000;0,000;0,0000;0,00;;;;DJPY;N088000;T300;;099978      ASICS CORP;4021,91357900;22,68682562;3768,00000000;21,09860574;3713,00000000;12100,00000000;0,00000000;0,00000000;0,00000000;0,00000000;20251111
82;1O;01057;JP3937200008;YAMATAKE CORP.;JPY;TOKYO;111111;201;O;21000,000;0,000;0,000;0,000;1227,5000;7,5410;25777500,0000;158362,19;162,775597;1466,0000;8,2087;30786000,0000;172383,67;30786000,0000;172383,67;1474,5000;19,430;9,715;8,854;1,521;0,165;0,015;-0,576;0,015;0,000;0,000;0,0000;0,00;;;;DJPY;N088000;T300;;099985      YAMATAKE CORP.;1227,50000000;7,54105666;1466,00000000;8,20874629;1474,50000000;21000,00000000;0,00000000;0,00000000;0,00000000;0,00000000;20251111
82;1O;17960;JP3351100007;SYSMEX CORP;JPY;TOKYO;111111;201;O;14300,000;0,000;0,000;0,000;2916,5000;17,9173;41705950,0000;256217,45;162,775603;1630,0000;9,1270;23309000,0000;130516,83;23309000,0000;130516,83;1668,5000;-44,111;9,715;-49,060;1,151;0,125;0,011;-2,307;0,012;0,000;0,000;0,0000;0,00;;;;DJPY;N088000;T300;;099989      SYSMEX CORP;2916,50000000;17,91730419;1630,00000000;9,12705078;1668,50000000;14300,00000000;0,00000000;0,00000000;0,00000000;0,00000000;20251111
82;1O;03500;JP3164720009;RENEAS  ELECTRONICS CORP.;JPY;TOKYO;111111;201;O;11100,000;0,000;0,000;0,000;2046,5000;12,5725;22716150,0000;139555,01;162,775597;1871,0000;10,4765;20768100,0000;116289,27;20768100,0000;116289,27;1850,0000;-8,576;9,715;-16,671;1,026;0,112;0,010;1,135;0,010;0,000;0,000;0,0000;0,00;;;;DJPY;N088000;T300;;099990      RENEAS  ELECTRONICS CORP.;2046,50000000;12,57252342;1871,00000000;10,47651044;1850,00000000;11100,00000000;0,00000000;0,00000000;0,00000000;0,00000000;20251111
82;1O;00192;JP3351600006;SHISEIDO CO.;JPY;TOKYO;111111;201;O;1600,000;0,000;0,000;0,000;2786,5000;17,1186;4458400,0000;27389,86;162,775567;2562,5000;14,3485;4100000,0000;22957,61;4100000,0000;22957,61;2585,5000;-8,039;9,715;-16,182;0,203;0,022;0,002;-0,890;0,002;0,000;0,000;0,0000;0,00;;;;DJPY;N088000;T300;;099998      SHISEIDO CO.;2786,50000000;17,11866250;2562,50000000;14,34850775;2585,50000000;1600,00000000;0,00000000;0,00000000;0,00000000;0,00000000;20251111
82;1O;01571;HK0066009694;MTR CORP.;HKD;HONG KONG;111111;201;O;233025,000;0,000;0,000;0,000;27,1220;3,3625;6320126,0100;783560,03;8,065912;30,0400;3,3334;7000071,0000;776775,86;7000071,0000;776775,86;29,9200;10,758;11,726;-0,866;34,345;0,745;0,068;0,401;0,069;0,000;0,000;0,0000;0,00;;;;DHKD;N103000;T300;;099932      MTR CORP.;27,12209423;3,36255779;30,04000000;3,33344430;29,92000000;233025,00000000;0,00000000;0,00000000;0,00000000;0,00000000;20251111
82;1O;01620;HK0992009065;LENOVO GROUP LTD.;HKD;HONG KONG;111111;201;O;528000,000;0,000;0,000;0,000;10,0800;1,2529;5322240,0000;661583,40;8,044700;10,8500;1,2039;5728800,0000;635706,91;5728800,0000;635706,91;10,9900;7,639;12,020;-3,911;28,108;0,610;0,056;-1,274;0,056;0,000;0,000;0,0000;0,00;;;;DHKD;N103000;T300;;099944      LENOVO GROUP LTD.;10,08000000;1,25299886;10,85000000;1,20399036;10,99000000;528000,00000000;0,00000000;0,00000000;0,00000000;0,00000000;20251111
82;1O;03896;HK0688002218;CHINA OVERSEAS LAND & INVESTMENT LTD;HKD;HONG KONG;111111;201;O;346000,000;0,000;0,000;0,000;12,4240;1,5401;4298720,1000;532875,28;8,067029;13,2900;1,4747;4598340,0000;510263,32;4598340,0000;510263,32;13,2300;6,970;11,710;-4,243;22,561;0,489;0,045;0,454;0,045;0,000;0,000;0,0000;0,00;;;;DHKD;N103000;T300;;099955      CHINA OVERSEAS LAND & INVESTMENT LTD;12,42404653;1,54010196;13,29000000;1,47474949;13,23000000;346000,00000000;0,00000000;0,00000000;0,00000000;0,00000000;20251111
82;1O;00211;HK0019000162;SWIRE PACIFIC LTD. CLA;HKD;HONG KONG;111111;201;O;29602,000;0,000;0,000;0,000;70,4500;8,7573;2085460,9000;259234,14;8,044700;68,6000;7,6123;2030697,2000;225340,08;2030697,2000;225340,08;68,0500;-2,626;12,020;-13,075;9,963;0,216;0,020;0,808;0,020;0,000;0,000;0,0000;0,00;;;;DHKD;N103000;T300;;099980      SWIRE PACIFIC LTD. CLA;70,45000000;8,75731842;68,60000000;7,61232619;68,05000000;29602,00000000;0,00000000;0,00000000;0,00000000;0,00000000;20251111
82;2;00001;;LIQUIDITA';EUR;;;610;;0,000;0,000;0,000;0,000;0,0000;0,0000;0,0000;0,00;0,000000;0,0000;0,0000;0,0000;4648885,30;0,0000;4648885,30;0,0000;0,000;0,000;0,000;0,000;0,000;0,409;0,000;0,411;0,000;0,000;0,0000;0,00;2;;;;;;;;0,00000000;0,00000000;0,00000000;0,00000000;0,00000000;0,00000000;0,00000000;0,00000000;0,00000000;0,00000000;20251111
82;2;00002;;LIQUIDITA' A SCADERE;EUR;;;620;;0,000;0,000;0,000;0,000;0,0000;0,0000;0,0000;0,00;0,000000;0,0000;0,0000;0,0000;20220529,02;0,0000;20220529,02;0,0000;0,000;0,000;0,000;0,000;0,000;1,780;0,000;1,787;0,000;0,000;0,0000;0,00;3;;;;;;;;0,00000000;0,00000000;0,00000000;0,00000000;0,00000000;0,00000000;0,00000000;0,00000000;0,00000000;0,00000000;20251111
82;2;00016;;GIACENZE DI DOLLARI AUSTRALIANI      AUD;AUD;;;621;;1448258,280;0,000;0,000;0,000;0,0000;0,5777;1448258,2800;836778,99;1,730754;0,0000;1,7785;1448258,2800;814314,47;1448258,2800;814314,47;0,0000;0,000;0,000;0,000;0,000;0,000;0,072;0,000;0,072;0,000;0,000;0,0000;0,00;3AUD1;;;;;;;;0,00000000;0,57778298;0,00000000;1,77850000;0,00000000;1448258,28000000;0,00000000;0,00000000;0,00000000;0,00000000;20251111
82;2;00009;;GIACENZE DI DOLLARI CANADESI         CAD;CAD;;;621;;1145777,470;0,000;0,000;0,000;0,0000;0,6670;1145777,4700;764261,85;1,499195;0,0000;1,6249;1145777,4700;705137,22;1145777,4700;705137,22;0,0000;0,000;0,000;0,000;0,000;0,000;0,062;0,000;0,062;0,000;0,000;0,0000;0,00;3CAD1;;;;;;;;0,00000000;0,66702467;0,00000000;1,62490000;0,00000000;1145777,47000000;0,00000000;0,00000000;0,00000000;0,00000000;20251111
82;2;00007;;GIACENZE DI FRANCHI SVIZZERI         CHF;CHF;;;621;;316563,290;0,000;0,000;0,000;0,0000;1,0738;316563,2900;339944,13;0,931222;0,0000;0,9276;316563,2900;341271,33;316563,2900;341271,33;0,0000;0,000;0,000;0,000;0,000;0,000;0,030;0,000;0,030;0,000;0,000;0,0000;0,00;3CHF1;;;;;;;;0,00000000;1,07385834;0,00000000;0,92760000;0,00000000;316563,29000000;0,00000000;0,00000000;0,00000000;0,00000000;20251111
82;2;00007;;IMPEGNI IN DIVISA FRANCHI SVIZZERI   CHF;CHF;;;622;;230240,210;0,000;0,000;0,000;0,0000;1,0735;230240,2100;247171,45;0,931500;0,0000;0,9276;230240,2100;248210,66;230240,2100;248210,66;0,0000;0,000;0,000;0,000;0,000;0,000;0,022;0,000;0,022;0,000;0,000;0,0000;0,00;3CHF2;;;;;;;;0,00000000;1,07353728;0,00000000;0,92760000;0,00000000;230240,21000000;0,00000000;0,00000000;0,00000000;0,00000000;20251111
82;2;00035;;GIACENZE DI CORONA DANESE            DKK;DKK;;;621;;834055,320;0,000;0,000;0,000;0,0000;0,1340;834055,3200;111785,87;7,461187;0,0000;7,4675;834055,3200;111691,37;834055,3200;111691,37;0,0000;0,000;0,000;0,000;0,000;0,000;0,010;0,000;0,010;0,000;0,000;0,0000;0,00;3DKK1;;;;;;;;0,00000000;0,13402692;0,00000000;7,46750000;0,00000000;834055,32000000;0,00000000;0,00000000;0,00000000;0,00000000;20251111
82;2;00006;;GIACENZE DI STERLINE INGLESI         GBP;GBP;;;621;;158965,190;0,000;0,000;0,000;0,0000;1,1463;158965,1900;182225,20;0,872356;0,0000;0,8802;158965,1900;180601,22;158965,1900;180601,22;0,0000;0,000;0,000;0,000;0,000;0,000;0,016;0,000;0,016;0,000;0,000;0,0000;0,00;3GBP1;;;;;;;;0,00000000;1,14632140;0,00000000;0,88020000;0,00000000;158965,19000000;0,00000000;0,00000000;0,00000000;0,00000000;20251111
82;2;00014;;GIACENZE DI HONG KONG DOLLAR         HKD;HKD;;;621;;1023821,940;0,000;0,000;0,000;0,0000;0,1127;1023821,9400;115457,17;8,867548;0,0000;9,0117;1023821,9400;113610,30;1023821,9400;113610,30;0,0000;0,000;0,000;0,000;0,000;0,000;0,010;0,000;0,010;0,000;0,000;0,0000;0,00;3HKD1;;;;;;;;0,00000000;0,11277075;0,00000000;9,01170000;0,00000000;1023821,94000000;0,00000000;0,00000000;0,00000000;0,00000000;20251111
82;2;00008;;GIACENZE DI YEN GIAPPONESI           JPY;JPY;;;621;;96647540,000;0,000;0,000;0,000;0,0000;0,0056;96647540,0000;545900,54;177,042397;0,0000;178,5900;96647540,0000;541169,94;96647540,0000;541169,94;0,0000;0,000;0,000;0,000;0,000;0,000;0,048;0,000;0,048;0,000;0,000;0,0000;0,00;3JPY1;;;;;;;;0,00000000;0,00564836;0,00000000;178,59000000;0,00000000;96647540,00000000;0,00000000;0,00000000;0,00000000;0,00000000;20251111
82;2;00008;;IMPEGNI IN DIVISA YEN GIAPPONESI     JPY;JPY;;;622;;25998279,000;0,000;0,000;0,000;0,0000;0,0056;25998279,0000;146132,87;177,908495;0,0000;178,5900;25998279,0000;145575,22;25998279,0000;145575,22;0,0000;0,000;0,000;0,000;0,000;0,000;0,013;0,000;0,013;0,000;0,000;0,0000;0,00;3JPY2;;;;;;;;0,00000000;0,00562086;0,00000000;178,59000000;0,00000000;25998279,00000000;0,00000000;0,00000000;0,00000000;0,00000000;20251111
82;2;00031;;GIACENZE DI CORONA NORVEGESE         NOK;NOK;;;621;;2259115,450;0,000;0,000;0,000;0,0000;0,0855;2259115,4500;193339,05;11,684734;0,0000;11,6591;2259115,4500;193764,14;2259115,4500;193764,14;0,0000;0,000;0,000;0,000;0,000;0,000;0,017;0,000;0,017;0,000;0,000;0,0000;0,00;3NOK1;;;;;;;;0,00000000;0,08558174;0,00000000;11,65910000;0,00000000;2259115,45000000;0,00000000;0,00000000;0,00000000;0,00000000;20251111
82;2;00011;;GIACENZE DI CORONE SVEDESI           SEK;SEK;;;621;;2037910,470;0,000;0,000;0,000;0,0000;0,0906;2037910,4700;184763,12;11,029855;0,0000;10,9639;2037910,4700;185874,59;2037910,4700;185874,59;0,0000;0,000;0,000;0,000;0,000;0,000;0,016;0,000;0,016;0,000;0,000;0,0000;0,00;3SEK1;;;;;;;;0,00000000;0,09066302;0,00000000;10,96390000;0,00000000;2037910,47000000;0,00000000;0,00000000;0,00000000;0,00000000;20251111
82;2;00011;;IMPEGNI IN DIVISA CORONE SVEDESI     SEK;SEK;;;622;;178940,580;0,000;0,000;0,000;0,0000;0,0928;178940,5800;16621,47;10,765629;0,0000;10,9639;178940,5800;16320,89;178940,5800;16320,89;0,0000;0,000;0,000;0,000;0,000;0,000;0,001;0,000;0,001;0,000;0,000;0,0000;0,00;3SEK2;;;;;;;;0,00000000;0,09288820;0,00000000;10,96390000;0,00000000;178940,58000000;0,00000000;0,00000000;0,00000000;0,00000000;20251111
82;2;00022;;GIACENZE DI DOLLARI SINGAPORE        SGD;SGD;;;621;;781801,880;0,000;0,000;0,000;0,0000;0,7074;781801,8800;553112,49;1,413459;0,0000;1,5086;781801,8800;518230,07;781801,8800;518230,07;0,0000;0,000;0,000;0,000;0,000;0,000;0,046;0,000;0,046;0,000;0,000;0,0000;0,00;3SGD1;;;;;;;;0,00000000;0,70748421;0,00000000;1,50860000;0,00000000;781801,88000000;0,00000000;0,00000000;0,00000000;0,00000000;20251111
82;2;00001;;GIACENZE DI DOLLARI USA              USD;USD;;;621;;4090166,960;0,000;0,000;0,000;0,0000;0,8665;4090166,9600;3544247,84;1,154030;0,0000;1,1596;4090166,9600;3527222,28;4090166,9600;3527222,28;0,0000;0,000;0,000;0,000;0,000;0,000;0,310;0,000;0,312;0,000;0,000;0,0000;0,00;3USD1;;;;;;;;0,00000000;0,86652889;0,00000000;1,15960000;0,00000000;4090166,96000000;0,00000000;0,00000000;0,00000000;0,00000000;20251111
82;2;00001;;IMPEGNI IN DIVISA DOLLARI USA        USD;USD;;;622;;-1115133,980;0,000;0,000;0,000;0,0000;0,8623;-1115133,9800;-961654,00;1,159600;0,0000;1,1596;-1115133,9800;-961654,00;-1115133,9800;-961654,00;0,0000;0,000;0,000;0,000;0,000;0,000;-0,085;0,000;-0,085;0,000;0,000;0,0000;0,00;3USD2;;;;;;;;0,00000000;0,86236633;0,00000000;1,15960000;0,00000000;-1115133,98000000;0,00000000;0,00000000;0,00000000;0,00000000;20251111
82;4;;;DIRITTI MATURATI NON RISCOSSI;;;;700;;0,000;0,000;0,000;0,000;0,0000;0,0000;0,0000;0,00;0,000000;0,0000;0,0000;0,0000;7968089,48;0,0000;152514,30;0,0000;0,000;0,000;0,000;0,000;0,000;0,701;0,000;0,704;0,000;0,000;0,0000;0,00;;;;;;;;;0,00000000;0,00000000;0,00000000;0,00000000;0,00000000;0,00000000;0,00000000;0,00000000;0,00000000;0,00000000;20251111
82;5;;;DEPOSITI MARGINI INIZ.FUTURES;;;;8;;0,000;0,000;0,000;0,000;0,0000;0,0000;0,0000;0,00;0,000000;0,0000;0,0000;0,0000;1097806,20;0,0000;1097806,20;0,0000;0,000;0,000;0,000;0,000;0,000;0,097;0,000;0,097;0,000;0,000;0,0000;0,00;;;;;;;;;0,00000000;0,00000000;0,00000000;0,00000000;0,00000000;0,00000000;0,00000000;0,00000000;0,00000000;0,00000000;20251111
82;5;;;MARGINI DI VARIAZIONE FUTURES;;;;8;;0,000;0,000;0,000;0,000;0,0000;0,0000;0,0000;0,00;0,000000;0,0000;0,0000;0,0000;0,00;0,0000;0,00;0,0000;0,000;0,000;0,000;0,000;0,000;0,000;0,000;0,000;0,000;0,000;0,0000;0,00;;;;;;;;;0,00000000;0,00000000;0,00000000;0,00000000;0,00000000;0,00000000;0,00000000;0,00000000;0,00000000;0,00000000;20251111
82;5;;;DEPOSITI BANCARI;;;;8;;0,000;0,000;0,000;0,000;0,0000;0,0000;0,0000;0,00;0,000000;0,0000;0,0000;0,0000;0,00;0,0000;0,00;0,0000;0,000;0,000;0,000;0,000;0,000;0,000;0,000;0,000;0,000;0,000;0,0000;0,00;;;;;;;;;0,00000000;0,00000000;0,00000000;0,00000000;0,00000000;0,00000000;0,00000000;0,00000000;0,00000000;0,00000000;20251111
82;9;;;RIMBORSI DA REGOLARE;;;;;;0,000;0,000;0,000;0,000;0,0000;0,0000;0,0000;0,00;0,000000;0,0000;0,0000;0,0000;-2533914,52;0,0000;-2533914,52;0,0000;0,000;0,000;0,000;0,000;0,000;0,000;0,000;0,000;0,000;0,000;0,0000;0,00;;;;;;;;;0,00000000;0,00000000;0,00000000;0,00000000;0,00000000;0,00000000;0,00000000;0,00000000;0,00000000;0,00000000;20251111
83;IF;63416;IKZ5;EURO BTP DEC25;EUR;;;335;;-76,000;0,000;0,000;0,000;0,0000;0,0000;0,0000;0,00;0,000000;121,3400;0,0000;0,0000;-9221840,00;0,0000;-9221840,00;0,0000;0,000;0,000;0,000;0,000;0,000;0,000;0,000;0,000;0,000;0,000;0,0000;0,00;3;;;;;;;;0,00000000;0,00000000;121,34000000;0,00000000;0,00000000;0,00000000;0,00000000;0,00000000;0,00000000;0,00000000;20251111
83;1I;46541;IT0005542359;BTPS  4,000% 2023-30/10/2031;EUR;MTS;086000;001;I;46000000,000;0,000;0,000;0,000;105,2738;105,2738;48425969,5700;48425969,57;0,000000;106,6520;106,6520;49059920,0000;49059920,00;49120579,3400;49120579,34;106,6190;1,309;0,000;1,309;5,665;19,694;2,525;0,031;2,536;0,000;0,000;60659,3400;60659,34;;;;DEUR;N111111;T000;;097475      BTPS  4,000% 2023-30/10/2031;105,27384690;105,27384690;106,65200000;106,65200000;106,61900000;46000000,00000000;0,00000000;0,00000000;0,00000000;0,00000000;20251111
83;1I;61747;IT0005648149;BTPS 3,6% 01.10.2035;EUR;MTSBOT;086000;001;I;44500000,000;0,000;0,000;0,000;100,8255;100,8255;44867360,0000;44867360,00;0,000000;101,8750;101,8750;45334375,0000;45334375,00;45514820,0500;45514820,05;101,8000;1,041;0,000;1,041;5,249;18,248;2,333;0,074;2,343;0,000;0,000;180445,0500;180445,05;;;;DEUR;N111111;T000;;097667      BTPS 3,6% 01.10.2035;100,82552810;100,82552810;101,87500000;101,87500000;101,80000000;44500000,00000000;0,00000000;0,00000000;0,00000000;0,00000000;20251111
83;1I;45169;IT0005508590;BTP 4% 2022/30.04.2035;EUR;MOT;086000;001;I;31208000,000;0,000;0,000;0,000;105,0530;105,0530;32784940,2400;32784940,24;0,000000;106,2100;106,2100;33146016,8000;33146016,80;33187170,2100;33187170,21;106,1450;1,101;0,000;1,101;3,827;13,306;1,706;0,061;1,713;0,000;0,000;41153,4100;41153,41;;;;DEUR;N111111;T000;;098294      BTP 4% 2022/30.04.2035;105,05300000;105,05300000;106,21000000;106,21000000;106,14500000;31208000,00000000;0,00000000;0,00000000;0,00000000;0,00000000;20251111
83;1I;45554;IT0005518128;BTPS  4,400% 2022-01/05/2033;EUR;MTS;086000;001;I;18800000,000;0,000;0,000;0,000;108,1080;108,1080;20324304,0000;20324304,00;0,000000;109,0190;109,0190;20495572,0000;20495572,00;20518422,8300;20518422,83;108,9610;0,843;0,000;0,843;2,366;8,226;1,055;0,053;1,059;0,000;0,000;22850,8300;22850,83;;;;DEUR;N111111;T000;;098945      BTPS  4,400% 2022-01/05/2033;108,10800000;108,10800000;109,01900000;109,01900000;108,96100000;18800000,00000000;0,00000000;0,00000000;0,00000000;0,00000000;20251111
83;1I;49814;IT0005607970;BTPS 3,850% 2024-01/02/2035;EUR;MTSBOT;086000;001;I;18450000,000;0,000;0,000;0,000;102,3500;102,3500;18883575,0000;18883575,00;0,000000;104,4380;104,4380;19268811,0000;19268811,00;19465694,5600;19465694,56;104,3610;2,040;0,000;2,040;2,245;7,804;0,992;0,074;0,996;0,000;0,000;196883,5600;196883,56;;;;DEUR;N111111;T000;;099008      BTPS 3,850% 2024-01/02/2035;102,35000000;102,35000000;104,43800000;104,43800000;104,36100000;18450000,00000000;0,00000000;0,00000000;0,00000000;0,00000000;20251111
83;1I;40175;IT0005438004;BTP 1,5%  2021-30.04.2045;EUR;MOT;086000;001;I;19000000,000;0,000;0,000;0,000;67,3880;67,3880;12803720,0000;12803720,00;0,000000;66,8860;66,8860;12708340,0000;12708340,00;12717735,6000;12717735,60;66,8060;-0,745;0,000;-0,745;1,467;5,099;0,654;0,120;0,657;0,000;0,000;9395,6000;9395,60;;;;DEUR;N111111;T000;;099346      BTP 1,5%  2021-30.04.2045;67,38800000;67,38800000;66,88600000;66,88600000;66,80600000;19000000,00000000;0,00000000;0,00000000;0,00000000;0,00000000;20251111
83;1I;44215;IT0005494239;BTPS 2,5% 2022/01.12.2032;EUR;MTSBOT;086000;001;I;10000000,000;0,000;0,000;0,000;95,0490;95,0490;9504900,0000;9504900,00;0,000000;96,9980;96,9980;9699800,0000;9699800,00;9811138,8000;9811138,80;96,9430;2,051;0,000;2,051;1,131;3,934;0,499;0,057;0,501;0,000;0,000;111338,8000;111338,80;;;;DEUR;N111111;T000;;099501      BTPS 2,5% 2022/01.12.2032;95,04900000;95,04900000;96,99800000;96,99800000;96,94300000;10000000,00000000;0,00000000;0,00000000;0,00000000;0,00000000;20251111
83;1I;48025;AT0000A39UW5;REP OF AUSTRIA 2,900% 2024-20/02/2034;EUR;VIENNA;008000;100;I;20000000,000;0,000;0,000;0,000;100,9960;100,9960;20199200,0000;20199200,00;0,000000;100,3820;100,3820;20076400,0000;20076400,00;20495906,8500;20495906,85;100,3060;-0,608;0,000;-0,608;2,364;48,217;1,033;0,076;1,038;0,000;0,000;419506,8500;419506,85;;;;DEUR;N008000;T100;;098967      REP OF AUSTRIA 2,900% 2024-20/02/2034;100,99600000;100,99600000;100,38200000;100,38200000;100,30600000;20000000,00000000;0,00000000;0,00000000;0,00000000;0,00000000;20251111
83;1I;46612;AT0000A33SH3;REP OF AUSTRIA 2,900% 2023-23/05/2029;EUR;VIENNA;008000;100;I;15000000,000;0,000;0,000;0,000;102,8603;102,8603;15429045,0000;15429045,00;0,000000;102,2030;102,2030;15330450,0000;15330450,00;15535436,3000;15535436,30;102,1740;-0,639;0,000;-0,639;1,792;36,547;0,789;0,028;0,792;0,000;0,000;204986,3000;204986,30;;;;DEUR;N008000;T100;;099211      REP OF AUSTRIA 2,900% 2023-23/05/2029;102,86030000;102,86030000;102,20300000;102,20300000;102,17400000;15000000,00000000;0,00000000;0,00000000;0,00000000;0,00000000;20251111
83;1I;31588;BE0000346552;BELGIUM 1,25% 2018/22.04.2033;EUR;BRUXELLES;009000;100;I;25000000,000;0,000;0,000;0,000;88,7150;88,7150;22178750,0000;22178750,00;0,000000;89,3750;89,3750;22343750,0000;22343750,00;22517551,3700;22517551,37;89,3300;0,744;0,000;0,744;2,597;63,253;1,150;0,050;1,155;0,000;0,000;173801,3700;173801,37;;;;DEUR;N009000;T100;;098850      BELGIUM 1,25% 2018/22.04.2033;88,71500000;88,71500000;89,37500000;89,37500000;89,33000000;25000000,00000000;0,00000000;0,00000000;0,00000000;0,00000000;20251111
83;1I;46204;BE0000358672;BELGIUM KINGDOM 3,300% 2023-22/06/2054;EUR;LUXEMBOURG;009000;100;I;7750000,000;0,000;0,000;0,000;95,6580;95,6580;7413495,0000;7413495,00;0,000000;86,4570;86,4570;6700417,5000;6700417,50;6799914,7600;6799914,76;86,3300;-9,619;0,000;-9,619;0,784;19,101;0,345;0,147;0,346;0,000;0,000;99497,2600;99497,26;;;;DEUR;N009000;T100;;099655      BELGIUM KINGDOM 3,300% 2023-22/06/2054;95,65800000;95,65800000;86,45700000;86,45700000;86,33000000;7750000,00000000;0,00000000;0,00000000;0,00000000;0,00000000;20251111
83;1I;40325;FR0014002JM6;FRANCE OAT  0,500% 2020-25/06/2044;EUR;MTS;029000;100;I;74000000,000;0,000;0,000;0,000;58,1010;58,1010;42994740,0000;42994740,00;0,000000;54,9140;54,9140;40636360,0000;40636360,00;40777264,1100;40777264,11;54,7580;-5,485;0,000;-5,485;4,702;22,641;2,091;0,285;2,100;0,000;0,000;140904,1100;140904,11;;;;DEUR;N029000;T100;;097909      FRANCE OAT  0,500% 2020-25/06/2044;58,10100000;58,10100000;54,91400000;54,91400000;54,75800000;74000000,00000000;0,00000000;0,00000000;0,00000000;0,00000000;20251111
83;1I;02969;FR0000188799;FRANCE O.A.T.3,15% 2002/25.7.2032 I/L;EUR;PARIGI;029000;100;I;15000000,000;0,000;0,000;0,000;113,4593;113,4593;27034191,4200;27034191,42;0,000000;113,5130;113,5130;27046969,5400;27046969,54;27271108,4200;27271108,42;113,4700;0,047;0,000;0,047;3,145;15,142;1,392;0,038;1,398;0,000;0,000;224138,8800;224138,88;;;;DEUR;N029000;T100;;098608      FRANCE O.A.T.3,15% 2002/25.7.2032 I/L;113,45937170;113,45937170;113,51300000;113,51300000;113,47000000;15000000,00000000;0,00000000;0,00000000;0,00000000;0,00000000;20251111
83;1I;61693;FR001400Z2L7;FRANCE GOVT 2,7% 25.02.2031;EUR;PARIGI;029000;100;I;18000000,000;0,000;0,000;0,000;100,0500;100,0500;18009000,0000;18009000,00;0,000000;99,8200;99,8200;17967600,0000;17967600,00;18312460,2700;18312460,27;99,7490;-0,230;0,000;-0,230;2,112;10,168;0,925;0,071;0,929;0,000;0,000;344860,2700;344860,27;;;;DEUR;N029000;T100;;099075      FRANCE GOVT 2,7% 25.02.2031;100,05000000;100,05000000;99,82000000;99,82000000;99,74900000;18000000,00000000;0,00000000;0,00000000;0,00000000;0,00000000;20251111
83;1I;28193;FR0013234333;FRANCE O.A.T 1,75% 2016/25.06.2039;EUR;PARIGI;029000;100;I;17000000,000;0,000;0,000;0,000;80,0200;80,0200;13603400,0000;13603400,00;0,000000;79,2860;79,2860;13478620,0000;13478620,00;13591914,5200;13591914,52;79,1310;-0,917;0,000;-0,917;1,567;7,547;0,694;0,196;0,697;0,000;0,000;113294,5200;113294,52;;;;DEUR;N029000;T100;;099306      FRANCE O.A.T 1,75% 2016/25.06.2039;80,02000000;80,02000000;79,28600000;79,28600000;79,13100000;17000000,00000000;0,00000000;0,00000000;0,00000000;0,00000000;20251111
83;1I;61155;FR001400X8V5;FRANCE GOVT 3,200% 2025-25/05/2035;EUR;PARIGI;029000;100;I;10500000,000;0,000;0,000;0,000;99,6500;99,6500;10463250,0000;10463250,00;0,000000;98,7330;98,7330;10366965,0000;10366965,00;10523458,1500;10523458,15;98,6060;-0,920;0,000;-0,920;1,214;5,843;0,534;0,129;0,536;0,000;0,000;156493,1500;156493,15;;;;DEUR;N029000;T100;;099466      FRANCE GOVT 3,200% 2025-25/05/2035;99,65000000;99,65000000;98,73300000;98,73300000;98,60600000;10500000,00000000;0,00000000;0,00000000;0,00000000;0,00000000;20251111
83;1I;33142;IE00BFZRQ242;IRISH 1,35% 2018/18.03.2031;EUR;DUBLINO;040000;100;I;5000000,000;0,000;0,000;0,000;94,1280;94,1280;4706400,0000;4706400,00;0,000000;94,7230;94,7230;4736150,0000;4736150,00;4780163,7000;4780163,70;94,6900;0,632;0,000;0,632;0,551;100,000;0,244;0,035;0,245;0,000;0,000;44013,7000;44013,70;;;;DEUR;N040000;T100;;099756      IRISH 1,35% 2018/18.03.2031;94,12800000;94,12800000;94,72300000;94,72300000;94,69000000;5000000,00000000;0,00000000;0,00000000;0,00000000;0,00000000;20251111
83;1I;35096;NL0013552060;NETHERLAND 0.50% 2019/15.01.2040;EUR;AMSTERDAM;050000;100;I;500000,000;0,000;0,000;0,000;72,8950;72,8950;364475,0000;364475,00;0,000000;70,4960;70,4960;352480,0000;352480,00;354534,7900;354534,79;70,3290;-3,291;0,000;-3,291;0,041;0,432;0,018;0,237;0,018;0,000;0,000;2054,7900;2054,79;;;;DEUR;N050000;T100;;099982      NETHERLAND 0.50% 2019/15.01.2040;72,89500000;72,89500000;70,49600000;70,49600000;70,32900000;500000,00000000;0,00000000;0,00000000;0,00000000;0,00000000;20251111
83;1I;31930;PTOTEWOE0017;PORTUGAL 2,25% 2018/18.04.2034;EUR;LISBONA;055000;100;I;1000000,000;0,000;0,000;0,000;95,8810;95,8810;958810,0000;958810,00;0,000000;95,3820;95,3820;953820,0000;953820,00;966580,2700;966580,27;95,3190;-0,520;0,000;-0,520;0,111;4,517;0,049;0,066;0,049;0,000;0,000;12760,2700;12760,27;;;;DEUR;N055000;T100;;099951      PORTUGAL 2,25% 2018/18.04.2034;95,88100000;95,88100000;95,38200000;95,38200000;95,31900000;1000000,00000000;0,00000000;0,00000000;0,00000000;0,00000000;20251111
83;1I;34219;ES0000012E69;SPAIN BONOS 1.85% 2019/30.07.2035;EUR;MADRID;067000;100;I;35000000,000;0,000;0,000;0,000;89,5560;89,5560;31344600,0000;31344600,00;0,000000;89,5010;89,5010;31325350,0000;31325350,00;31509843,1500;31509843,15;89,4270;-0,061;0,000;-0,061;3,634;34,767;1,612;0,083;1,619;0,000;0,000;184493,1500;184493,15;;;;DEUR;N067000;T100;;098388      SPAIN BONOS 1.85% 2019/30.07.2035;89,55600000;89,55600000;89,50100000;89,50100000;89,42700000;35000000,00000000;0,00000000;0,00000000;0,00000000;0,00000000;20251111
83;1I;41969;ES0000012J07;SPAIN BONOS % 2021/30.07.2042;EUR;AIAF;067000;100;I;30600000,000;0,000;0,000;0,000;67,1841;67,1841;20558362,0000;20558362,00;0,000000;67,0970;67,0970;20531682,0000;20531682,00;20618871,0400;20618871,04;67,0160;-0,130;0,000;-0,130;2,378;22,750;1,057;0,121;1,061;0,000;0,000;87189,0400;87189,04;;;;DEUR;N067000;T100;;098943      SPAIN BONOS % 2021/30.07.2042;67,18418950;67,18418950;67,09700000;67,09700000;67,01600000;30600000,00000000;0,00000000;0,00000000;0,00000000;0,00000000;20251111
83;1I;27021;ES00000128E2;SPAIN BONOS 3.45% 2016 - 30/07/2066;EUR;MADRID;067000;100;I;12500000,000;0,000;0,000;0,000;93,7390;93,7390;11717375,0000;11717375,00;0,000000;87,6050;87,6050;10950625,0000;10950625,00;11073501,7100;11073501,71;87,4820;-6,544;0,000;-6,544;1,277;12,218;0,564;0,141;0,566;0,000;0,000;122876,7100;122876,71;;;;DEUR;N067000;T100;;099436      SPAIN BONOS 3.45% 2016 - 30/07/2066;93,73900000;93,73900000;87,60500000;87,60500000;87,48200000;12500000,00000000;0,00000000;0,00000000;0,00000000;0,00000000;20251111
83;1I;28565;ES00000128Q6;SPAIN BONOS 2,35% 2017/30.07.2033;EUR;MADRID;067000;100;I;9250000,000;0,000;0,000;0,000;95,7170;95,7170;8853822,5000;8853822,50;0,000000;96,2970;96,2970;8907472,5000;8907472,50;8969409,4900;8969409,49;96,2370;0,606;0,000;0,606;1,034;9,896;0,458;0,062;0,460;0,000;0,000;61936,9900;61936,99;;;;DEUR;N067000;T100;;099542      SPAIN BONOS 2,35% 2017/30.07.2033;95,71700000;95,71700000;96,29700000;96,29700000;96,23700000;9250000,00000000;0,00000000;0,00000000;0,00000000;0,00000000;20251111
83;1I;46954;ES0000012L78;SPGB 3.55% 2023/31.10.2033;EUR;MADRID;067000;100;I;7500000,000;0,000;0,000;0,000;103,6492;103,6492;7773690,0000;7773690,00;0,000000;104,2940;104,2940;7822050,0000;7822050,00;7830073,9700;7830073,97;104,2310;0,622;0,000;0,622;0,903;8,639;0,403;0,060;0,404;0,000;0,000;8023,9700;8023,97;;;;DEUR;N067000;T100;;099597      SPGB 3.55% 2023/31.10.2033;103,64920000;103,64920000;104,29400000;104,29400000;104,23100000;7500000,00000000;0,00000000;0,00000000;0,00000000;0,00000000;20251111
83;1I;62397;ES0000012P33;SPAIN BONOS 3,20% 31.10.2035;EUR;MADRID;067000;100;I;5000000,000;0,000;0,000;0,000;99,9270;99,9270;4996350,0000;4996350,00;0,000000;100,2970;100,2970;5014850,0000;5014850,00;5019671,9200;5019671,92;100,2160;0,370;0,000;0,370;0,579;5,538;0,258;0,081;0,259;0,000;0,000;4821,9200;4821,92;;;;DEUR;N067000;T100;;099742      SPAIN BONOS 3,20% 31.10.2035;99,92700000;99,92700000;100,29700000;100,29700000;100,21600000;5000000,00000000;0,00000000;0,00000000;0,00000000;0,00000000;20251111
83;1I;46259;ES0000012L60;SPAIN BONOS 3,900% 2023-30/07/2039;EUR;MADRID;067000;100;I;1500000,000;0,000;0,000;0,000;105,8940;105,8940;1588410,0000;1588410,00;0,000000;104,2750;104,2750;1564125,0000;1564125,00;1580793,4900;1580793,49;104,1740;-1,529;0,000;-1,529;0,182;1,744;0,081;0,097;0,081;0,000;0,000;16668,4900;16668,49;;;;DEUR;N067000;T100;;099919      SPAIN BONOS 3,900% 2023-30/07/2039;105,89400000;105,89400000;104,27500000;104,27500000;104,17400000;1500000,00000000;0,00000000;0,00000000;0,00000000;0,00000000;20251111
83;1I;40880;DE0001030724;BUNDES  ZC 2021/15.08.2050;EUR;FRANCOFORT;094000;100;I;49526712,330;0,000;0,000;0,000;52,6170;52,6170;26059470,2200;26059470,22;0,000000;45,6930;45,6930;22630240,6600;22630240,66;22630240,6600;22630240,66;45,6080;-13,159;0,000;-13,159;2,610;22,509;1,165;0,186;1,170;0,000;0,000;0,0000;0,00;;;;DEUR;N094000;T100;;098835      BUNDES  ZC 2021/15.08.2050;52,61700000;52,61700000;45,69300000;45,69300000;45,60800000;49526712,33000000;0,00000000;0,00000000;0,00000000;0,00000000;20251111
83;1I;46637;DE000BU3Z005;BUNDESREPUBLIC 2,300% 2023-15/02/2033;EUR;FRANCOFORT;094000;100;I;19000000,000;0,000;0,000;0,000;100,2240;100,2240;19042560,0000;19042560,00;0,000000;99,0050;99,0050;18810950,0000;18810950,00;19133013,0100;19133013,01;98,9400;-1,216;0,000;-1,216;2,206;19,030;0,968;0,066;0,972;0,000;0,000;322063,0100;322063,01;;;;DEUR;N094000;T100;;099032      BUNDESREPUBLIC 2,300% 2023-15/02/2033;100,22400000;100,22400000;99,00500000;99,00500000;98,94000000;19000000,00000000;0,00000000;0,00000000;0,00000000;0,00000000;20251111
83;1I;38532;DE0001030708;BUNDESREPUBLIK 0% 2020/15.08.2030;EUR;LUXEMBOURG;094000;100;I;15000000,000;0,000;0,000;0,000;89,0620;89,0620;13359300,0000;13359300,00;0,000000;90,1770;90,1770;13526550,0000;13526550,00;13526550,0000;13526550,00;90,1330;1,252;0,000;1,252;1,560;13,454;0,696;0,049;0,699;0,000;0,000;0,0000;0,00;;;;DEUR;N094000;T100;;099304      BUNDESREPUBLIK 0% 2020/15.08.2030;89,06200000;89,06200000;90,17700000;90,17700000;90,13300000;15000000,00000000;0,00000000;0,00000000;0,00000000;0,00000000;20251111
83;1I;41972;DE0001030732;BUNDESREPUBLIK 0% 2021/15.08.2031;EUR;FRANCOFORT;094000;100;I;6000000,000;0,000;0,000;0,000;86,9090;86,9090;5214540,0000;5214540,00;0,000000;87,7800;87,7800;5266800,0000;5266800,00;5266800,0000;5266800,00;87,7270;1,002;0,000;1,002;0,607;5,239;0,271;0,060;0,272;0,000;0,000;0,0000;0,00;;;;DEUR;N094000;T100;;099729      BUNDESREPUBLIK 0% 2021/15.08.2031;86,90900000;86,90900000;87,78000000;87,78000000;87,72700000;6000000,00000000;0,00000000;0,00000000;0,00000000;0,00000000;20251111
83;1I;47139;DE0001030757;BUNDESREPUBLIK DEU 1,8% 2023-15/08/2053;EUR;FRANCOFORT;094000;100;I;6250000,000;0,000;0,000;0,000;84,4800;84,4800;5280000,0000;5280000,00;0,000000;74,0680;74,0680;4629250,0000;4629250,00;4656373,2900;4656373,29;73,9540;-12,325;0,000;-12,325;0,537;4,631;0,238;0,154;0,239;0,000;0,000;27123,2900;27123,29;;;;DEUR;N094000;T100;;099762      BUNDESREPUBLIK DEU 1,8% 2023-15/08/2053;84,48000000;84,48000000;74,06800000;74,06800000;73,95400000;6250000,00000000;0,00000000;0,00000000;0,00000000;0,00000000;20251111
83;1I;41448;SI0002104196;REP  OF SLOVENIA 0.125% 21-01.07.31;EUR;LUBIANA;260000;100;I;4390000,000;0,000;0,000;0,000;85,0350;85,0350;3733036,5000;3733036,50;0,000000;87,7580;87,7580;3852576,2000;3852576,20;3854575,7500;3854575,75;87,7080;3,202;0,000;3,202;0,445;100,000;0,198;0,057;0,199;0,000;0,000;1999,5500;1999,55;;;;DEUR;N260000;T100;;099802      REP  OF SLOVENIA 0.125% 21-01.07.31;85,03500000;85,03500000;87,75800000;87,75800000;87,70800000;4390000,00000000;0,00000000;0,00000000;0,00000000;0,00000000;20251111
83;1I;45694;XS2563353361;ORSTED A/S  5,250% 2022-31.12.2049;EUR;LUXEMBOURG;021000;301;I;3000000,000;0,000;0,000;0,000;103,3760;103,3760;3101280,0000;3101280,00;0,000000;102,1440;102,1440;3064320,0000;3064320,00;3210169,3200;3210169,32;102,1400;-1,192;0,000;-1,192;0,370;27,309;0,158;0,004;0,158;0,000;0,000;145849,3200;145849,32;;;;DEUR;N021000;T200;;099842      ORSTED A/S  5,250% 2022-31.12.2049;103,37600000;103,37600000;102,14400000;102,14400000;102,14000000;3000000,00000000;0,00000000;0,00000000;0,00000000;0,00000000;20251111
83;1I;44551;XS2489343793;KOMMUNEKREDIT 1.5% 2022/16.05.2029;EUR;LUXEMBOURG;021000;301;I;2950000,000;0,000;0,000;0,000;96,1040;96,1040;2835068,0000;2835068,00;0,000000;97,0240;97,0240;2862208,0000;2862208,00;2883908,6800;2883908,68;97,0060;0,957;0,000;0,957;0,333;24,534;0,147;0,019;0,148;0,000;0,000;21700,6800;21700,68;;;;DEUR;N021000;T200;;099853      KOMMUNEKREDIT 1.5% 2022/16.05.2029;96,10400000;96,10400000;97,02400000;97,02400000;97,00600000;2950000,00000000;0,00000000;0,00000000;0,00000000;0,00000000;20251111
83;1I;39984;XS2293075680;ORSTED 1.50% 2021/18.02.2051;EUR;LUXEMBOURG;021000;301;I;2500000,000;0,000;0,000;0,000;83,6250;83,6250;2090625,0000;2090625,00;0,000000;84,7570;84,7570;2118925,0000;2118925,00;2146253,7700;2146253,77;84,7150;1,354;0,000;1,354;0,248;18,258;0,109;0,050;0,110;0,000;0,000;27328,7700;27328,77;;;;DEUR;N021000;T200;;099891      ORSTED 1.50% 2021/18.02.2051;83,62500000;83,62500000;84,75700000;84,75700000;84,71500000;2500000,00000000;0,00000000;0,00000000;0,00000000;0,00000000;20251111
83;1I;36584;XS2010036874;ORSTED A/S 1.75% 2019/09.12.20.3019;EUR;LUXEMBOURG;021000;301;I;2000000,000;0,000;0,000;0,000;93,8510;93,8510;1877020,0000;1877020,00;0,000000;95,7100;95,7100;1914200,0000;1914200,00;1946515,0700;1946515,07;95,6680;1,981;0,000;1,981;0,224;16,559;0,099;0,044;0,099;0,000;0,000;32315,0700;32315,07;;;;DEUR;N021000;T200;;099901      ORSTED A/S 1.75% 2019/09.12.20.3019;93,85100000;93,85100000;95,71000000;95,71000000;95,66800000;2000000,00000000;0,00000000;0,00000000;0,00000000;0,00000000;20251111
83;1I;46225;XS2591029876;ORSTED A/S 3,750% 2023-01/03/2030;EUR;LUXEMBOURG;021000;301;I;1500000,000;0,000;0,000;0,000;102,7150;102,7150;1540725,0000;1540725,00;0,000000;101,9130;101,9130;1528695,0000;1528695,00;1567992,9500;1567992,95;101,8760;-0,781;0,000;-0,781;0,181;13,339;0,079;0,036;0,079;0,000;0,000;39297,9500;39297,95;;;;DEUR;N021000;T200;;099921      ORSTED A/S 3,750% 2023-01/03/2030;102,71500000;102,71500000;101,91300000;101,91300000;101,87600000;1500000,00000000;0,00000000;0,00000000;0,00000000;0,00000000;20251111
83;1I;46138;XS2488809612;NOKIA   4,375% 2023-21/08/2031;EUR;FIPS;028000;301;I;2000000,000;0,000;0,000;0,000;104,4490;104,4490;2088980,0000;2088980,00;0,000000;104,8560;104,8560;2097120,0000;2097120,00;2116777,5300;2116777,53;104,7680;0,390;0,000;0,390;0,244;17,147;0,108;0,084;0,108;0,000;0,000;19657,5300;19657,53;;;;DEUR;N028000;T200;;099892      NOKIA   4,375% 2023-21/08/2031;104,44900000;104,44900000;104,85600000;104,85600000;104,76800000;2000000,00000000;0,00000000;0,00000000;0,00000000;0,00000000;20251111
83;1I;37637;XS2171872570;NOKIA OYJ 3,125% 2020/15.05.2028;EUR;DUBLINO;028000;301;I;2000000,000;0,000;0,000;0,000;100,1730;100,1730;2003460,0000;2003460,00;0,000000;100,9160;100,9160;2018320,0000;2018320,00;2049141,9200;2049141,92;100,9080;0,742;0,000;0,742;0,236;16,599;0,104;0,008;0,104;0,000;0,000;30821,9200;30821,92;;;;DEUR;N028000;T200;;099896      NOKIA OYJ 3,125% 2020/15.05.2028;100,17300000;100,17300000;100,91600000;100,91600000;100,90800000;2000000,00000000;0,00000000;0,00000000;0,00000000;0,00000000;20251111
83;1I;34244;XS1960685383;NOKIA OVJ 2% 2019/11.03.2026;EUR;DUBLINO;028000;301;I;1695000,000;0,000;0,000;0,000;98,7330;98,7330;1673524,3500;1673524,35;0,000000;99,6220;99,6220;1688592,9000;1688592,90;1711347,6900;1711347,69;99,6380;0,900;0,000;0,900;0,197;13,863;0,087;-0,016;0,087;0,000;0,000;22754,7900;22754,79;;;;DEUR;N028000;T200;;099913      NOKIA OVJ 2% 2019/11.03.2026;98,73300000;98,73300000;99,62200000;99,62200000;99,63800000;1695000,00000000;0,00000000;0,00000000;0,00000000;0,00000000;20251111
83;1I;39333;XS2265360359;STORA ENSO 0.625% 2020/02.12.2030;EUR;LUXEMBOURG;028000;301;I;300000,000;0,000;0,000;0,000;85,2100;85,2100;255630,0000;255630,00;0,000000;89,4610;89,4610;268383,0000;268383,00;270150,1200;270150,12;89,4160;4,989;0,000;4,989;0,031;2,188;0,014;0,050;0,014;0,000;0,000;1767,1200;1767,12;;;;DEUR;N028000;T200;;099986      STORA ENSO 0.625% 2020/02.12.2030;85,21000000;85,21000000;89,46100000;89,46100000;89,41600000;300000,00000000;0,00000000;0,00000000;0,00000000;0,00000000;20251111
83;1I;41157;FR0014003YN1;AGENCE FRANCAISE DEV 0,01% 2021/25.11.28;EUR;PARIGI;029000;301;I;20000000,000;0,000;0,000;0,000;89,7100;89,7100;17942000,0000;17942000,00;0,000000;92,5330;92,5330;18506600,0000;18506600,00;18508523,2900;18508523,29;92,4920;3,147;0,000;3,147;2,134;10,277;0,952;0,044;0,957;0,000;0,000;1923,2900;1923,29;;;;DEUR;N029000;T200;;099048      AGENCE FRANCAISE DEV 0,01% 2021/25.11.28;89,71000000;89,71000000;92,53300000;92,53300000;92,49200000;20000000,00000000;0,00000000;0,00000000;0,00000000;0,00000000;20251111
83;1I;42158;FR0014005NA6;AFD 0.125% 2021/29.09.2031;EUR;PARIGI;029000;301;I;9000000,000;0,000;0,000;0,000;81,8530;81,8530;7366770,0000;7366770,00;0,000000;83,9720;83,9720;7557480,0000;7557480,00;7558805,3400;7558805,34;83,8970;2,589;0,000;2,589;0,872;4,197;0,389;0,089;0,391;0,000;0,000;1325,3400;1325,34;;;;DEUR;N029000;T200;;099611      AFD 0.125% 2021/29.09.2031;81,85300000;81,85300000;83,97200000;83,97200000;83,89700000;9000000,00000000;0,00000000;0,00000000;0,00000000;0,00000000;20251111
83;1I;41183;FR0014004016;CADES 0% 2021 25/11/206;EUR;LUXEMBOURG;029000;301;I;3000000,000;0,000;0,000;0,000;95,6160;95,6160;2868480,0000;2868480,00;0,000000;97,8130;97,8130;2934390,0000;2934390,00;2934390,0000;2934390,00;97,8150;2,298;0,000;2,298;0,338;1,629;0,151;-0,002;0,152;0,000;0,000;0,0000;0,00;;;;DEUR;N029000;T200;;099849      CADES 0% 2021 25/11/206;95,61600000;95,61600000;97,81300000;97,81300000;97,81500000;3000000,00000000;0,00000000;0,00000000;0,00000000;0,00000000;20251111
83;1I;40332;XS2312733871;FORVIA EX FAURECIA 2,375% 21-15.06.2029;EUR;DUBLINO;029000;301;I;2600000,000;0,000;0,000;0,000;89,5330;89,5330;2327858,0000;2327858,00;0,000000;96,4730;96,4730;2508298,0000;2508298,00;2533341,0600;2533341,06;96,3410;7,751;0,000;7,751;0,292;1,407;0,129;0,137;0,130;0,000;0,000;25043,0600;25043,06;;;;DEUR;N029000;T200;;099871      FORVIA EX FAURECIA 2,375% 21-15.06.2029;89,53300000;89,53300000;96,47300000;96,47300000;96,34100000;2600000,00000000;0,00000000;0,00000000;0,00000000;0,00000000;20251111
83;1I;40673;FR00140033E4;CAISSE FRANCAISE DE FIN0,01% 21/27.04.29;EUR;PARIGI;029000;301;I;2300000,000;0,000;0,000;0,000;88,7960;88,7960;2042308,0000;2042308,00;0,000000;91,5770;91,5770;2106271,0000;2106271,00;2106395,7700;2106395,77;91,5310;3,132;0,000;3,132;0,243;1,170;0,108;0,050;0,109;0,000;0,000;124,7700;124,77;;;;DEUR;N029000;T200;;099892      CAISSE FRANCAISE DE FIN0,01% 21/27.04.29;88,79600000;88,79600000;91,57700000;91,57700000;91,53100000;2300000,00000000;0,00000000;0,00000000;0,00000000;0,00000000;20251111
83;1I;38859;FR00140005L7;ORANGE SA 1.75% 2020/31.12.2049;EUR;PARIGI;029000;301;I;2000000,000;0,000;0,000;0,000;92,8860;92,8860;1857720,0000;1857720,00;0,000000;95,6850;95,6850;1913700,0000;1913700,00;1916289,0400;1916289,04;95,6650;3,013;0,000;3,013;0,221;1,064;0,098;0,021;0,099;0,000;0,000;2589,0400;2589,04;;;;DEUR;N029000;T200;;099902      ORANGE SA 1.75% 2020/31.12.2049;92,88600000;92,88600000;95,68500000;95,68500000;95,66500000;2000000,00000000;0,00000000;0,00000000;0,00000000;0,00000000;20251111
83;1I;43209;FR0014007RB1;CAISSE AMORT DETTE  0,45% 2022/19.01.203;EUR;PARIGI;029000;301;I;2000000,000;0,000;0,000;0,000;84,2030;84,2030;1684060,0000;1684060,00;0,000000;86,2280;86,2280;1724560,0000;1724560,00;1731858,6300;1731858,63;86,1540;2,405;0,000;2,405;0,200;0,962;0,089;0,086;0,089;0,000;0,000;7298,6300;7298,63;;;;DEUR;N029000;T200;;099911      CAISSE AMORT DETTE  0,45% 2022/19.01.203;84,20300000;84,20300000;86,22800000;86,22800000;86,15400000;2000000,00000000;0,00000000;0,00000000;0,00000000;0,00000000;20251111
83;1I;44193;FR00140060E7;FONCIERE LYONNAISE 0.5% 2021/21.04.2028;EUR;PARIGI;029000;301;I;1200000,000;0,000;0,000;0,000;93,3190;93,3190;1119828,0000;1119828,00;0,000000;95,1500;95,1500;1141800,0000;1141800,00;1145153,4200;1145153,42;95,1170;1,962;0,000;1,962;0,132;0,636;0,059;0,035;0,059;0,000;0,000;3353,4200;3353,42;;;;DEUR;N029000;T200;;099941      FONCIERE LYONNAISE 0.5% 2021/21.04.2028;93,31900000;93,31900000;95,15000000;95,15000000;95,11700000;1200000,00000000;0,00000000;0,00000000;0,00000000;0,00000000;20251111
83;1I;37625;FR0013512233;KLEPIERRE 2% 2020/12.05.2029;EUR;PARIGI;029000;301;I;1000000,000;0,000;0,000;0,000;96,4790;96,4790;964790,0000;964790,00;0,000000;97,0910;97,0910;970910,0000;970910,00;980937,4000;980937,40;97,0410;0,634;0,000;0,634;0,113;0,545;0,050;0,052;0,050;0,000;0,000;10027,4000;10027,40;;;;DEUR;N029000;T200;;099950      KLEPIERRE 2% 2020/12.05.2029;96,47900000;96,47900000;97,09100000;97,09100000;97,04100000;1000000,00000000;0,00000000;0,00000000;0,00000000;0,00000000;20251111
83;1I;63669;FR0014010DR1;RENAULT SA 3,875% 2025-30/09/2030;EUR;DUBLINO;029000;301;I;800000,000;0,000;0,000;0,000;100,0000;100,0000;800000,0000;800000,00;0,000000;100,0920;100,0920;800736,0000;800736,00;804303,1200;804303,12;100,0690;0,092;0,000;0,092;0,093;0,447;0,041;0,023;0,041;0,000;0,000;3567,1200;3567,12;;;;DEUR;N029000;T200;;099959      RENAULT SA 3,875% 2025-30/09/2030;100,00000000;100,00000000;100,09200000;100,09200000;100,06900000;800000,00000000;0,00000000;0,00000000;0,00000000;0,00000000;20251111
83;1I;19194;XS1115498260;ORANGE SA 5% 2014/29.10.2049;EUR;PARIGI;029000;301;I;675000,000;0,000;0,000;0,000;102,4920;102,4920;691821,0000;691821,00;0,000000;101,6450;101,6450;686103,7500;686103,75;689894,8500;689894,85;101,6700;-0,826;0,000;-0,826;0,080;0,383;0,035;-0,025;0,035;0,000;0,000;3791,1000;3791,10;;;;DEUR;N029000;T200;;099965      ORANGE SA 5% 2014/29.10.2049;102,49200000;102,49200000;101,64500000;101,64500000;101,67000000;675000,00000000;0,00000000;0,00000000;0,00000000;0,00000000;20251111
83;1I;38143;XS2195190520;SSE PLC 3,125% 2020/31.12.2049;EUR;LONDRAEST;031000;301;I;4000000,000;0,000;0,000;0,000;98,4100;98,4100;3936400,0000;3936400,00;0,000000;99,8380;99,8380;3993520,0000;3993520,00;4034615,8900;4034615,89;99,8110;1,451;0,000;1,451;0,465;72,201;0,206;0,027;0,206;0,000;0,000;41095,8900;41095,89;;;;DEUR;N031000;T200;;099794      SSE PLC 3,125% 2020/31.12.2049;98,41000000;98,41000000;99,83800000;99,83800000;99,81100000;4000000,00000000;0,00000000;0,00000000;0,00000000;0,00000000;20251111
83;1I;48462;XS2794589403;BRITISH TELECOM TV (5,125) 03.10.2054;EUR;LONDRAEST;031000;301;I;1000000,000;0,000;0,000;0,000;103,3970;103,3970;1033970,0000;1033970,00;0,000000;104,2420;104,2420;1042420,0000;1042420,00;1047896,0300;1047896,03;104,2280;0,817;0,000;0,817;0,121;18,753;0,054;0,013;0,054;0,000;0,000;5476,0300;5476,03;;;;DEUR;N031000;T200;;099946      BRITISH TELECOM TV (5,125) 03.10.2054;103,39700000;103,39700000;104,24200000;104,24200000;104,22800000;1000000,00000000;0,00000000;0,00000000;0,00000000;0,00000000;20251111
83;1I;44959;XS2510903862;SSE PLC 2.875% 01.08.2029;EUR;LONDRAEST;031000;301;I;500000,000;0,000;0,000;0,000;99,7420;99,7420;498710,0000;498710,00;0,000000;100,2990;100,2990;501495,0000;501495,00;505512,1200;505512,12;100,2780;0,558;0,000;0,558;0,058;9,046;0,026;0,021;0,026;0,000;0,000;4017,1200;4017,12;;;;DEUR;N031000;T200;;099974      SSE PLC 2.875% 01.08.2029;99,74200000;99,74200000;100,29900000;100,29900000;100,27800000;500000,00000000;0,00000000;0,00000000;0,00000000;0,00000000;20251111
83;1I;45987;XS2579321337;NEDER WATERSCHAPSBANK 2% 2023/17.12.2029;EUR;LUXEMBOURG;050000;301;I;10000000,000;0,000;0,000;0,000;100,8560;100,8560;10085600,0000;10085600,00;0,000000;101,1740;101,1740;10117400,0000;10117400,00;10365276,7100;10365276,71;101,1510;0,315;0,000;0,315;1,195;12,618;0,521;0,023;0,523;0,000;0,000;247876,7100;247876,71;;;;DEUR;N050000;T200;;099479      NEDER WATERSCHAPSBANK 2% 2023/17.12.2029;100,85600000;100,85600000;101,17400000;101,17400000;101,15100000;10000000,00000000;0,00000000;0,00000000;0,00000000;0,00000000;20251111
83;1I;45197;XS2486270858;KONINKLIJKE KPN 6 2022/31.12.2049;EUR;DUBLINO;050000;301;I;7800000,000;0,000;0,000;0,000;106,1250;106,1250;8277750,0000;8277750,00;0,000000;105,2780;105,2780;8211684,0000;8211684,00;8628396,3300;8628396,33;105,2520;-0,798;0,000;-0,798;0,995;10,504;0,423;0,025;0,424;0,000;0,000;416712,3300;416712,33;;;;DEUR;N050000;T200;;099577      KONINKLIJKE KPN 6 2022/31.12.2049;106,12500000;106,12500000;105,27800000;105,27800000;105,25200000;7800000,00000000;0,00000000;0,00000000;0,00000000;0,00000000;20251111
83;1I;36892;XS2109819859;TELEFONICA TV 05.02.2027;EUR;DUBLINO;050000;301;I;6500000,000;0,000;0,000;0,000;97,3330;97,3330;6326645,0000;6326645,00;0,000000;98,4490;98,4490;6399185,0000;6399185,00;6483841,7100;6483841,71;98,4220;1,147;0,000;1,147;0,748;7,893;0,329;0,027;0,331;0,000;0,000;84656,7100;84656,71;;;;DEUR;N050000;T200;;099671      TELEFONICA TV 05.02.2027;97,33300000;97,33300000;98,44900000;98,44900000;98,42200000;6500000,00000000;0,00000000;0,00000000;0,00000000;0,00000000;20251111
83;1I;46032;XS2582389156;TELEFONICA EUR BV TV 23-31.12.49;EUR;DUBLINO;050000;301;I;4000000,000;0,000;0,000;0,000;107,8640;107,8640;4314560,0000;4314560,00;0,000000;106,8580;106,8580;4274320,0000;4274320,00;4403407,1200;4403407,12;106,8400;-0,933;0,000;-0,933;0,508;5,360;0,220;0,017;0,221;0,000;0,000;129087,1200;129087,12;;;;DEUR;N050000;T200;;099780      TELEFONICA EUR BV TV 23-31.12.49;107,86400000;107,86400000;106,85800000;106,85800000;106,84000000;4000000,00000000;0,00000000;0,00000000;0,00000000;0,00000000;20251111
83;1I;45616;XS2462605671;TELEFONICA EM TV 2022/31.12.2049;EUR;LONDRAEST;050000;301;I;3000000,000;0,000;0,000;0,000;109,8700;109,8700;3296100,0000;3296100,00;0,000000;109,2620;109,2620;3277860,0000;3277860,00;3484582,6000;3484582,60;109,2340;-0,553;0,000;-0,553;0,402;4,242;0,169;0,026;0,169;0,000;0,000;206722,6000;206722,60;;;;DEUR;N050000;T200;;099831      TELEFONICA EM TV 2022/31.12.2049;109,87000000;109,87000000;109,26200000;109,26200000;109,23400000;3000000,00000000;0,00000000;0,00000000;0,00000000;0,00000000;20251111
83;1I;48326;XS2755535577;TELEFONICA EUR TV (5,752%) 24-31/12/2049;EUR;DUBLINO;050000;301;I;3000000,000;0,000;0,000;0,000;106,9210;106,9210;3207630,0000;3207630,00;0,000000;105,9460;105,9460;3178380,0000;3178380,00;3277664,5500;3277664,55;105,8960;-0,912;0,000;-0,912;0,378;3,990;0,164;0,047;0,164;0,000;0,000;99284,5500;99284,55;;;;DEUR;N050000;T200;;099836      TELEFONICA EUR TV (5,752%) 24-31/12/2049;106,92100000;106,92100000;105,94600000;105,94600000;105,89600000;3000000,00000000;0,00000000;0,00000000;0,00000000;0,00000000;20251111
83;1I;41944;PTEDPXOM0021;ENERGIAS DE PORTUGAL SA 20218/14.03.2082;EUR;DUBLINO;055000;301;I;9000000,000;0,000;0,000;0,000;95,3850;95,3850;8584650,0000;8584650,00;0,000000;97,8300;97,8300;8804700,0000;8804700,00;8894206,8500;8894206,85;97,8240;2,563;0,000;2,563;1,026;41,568;0,453;0,006;0,455;0,000;0,000;89506,8500;89506,85;;;;DEUR;N055000;T200;;099547      ENERGIAS DE PORTUGAL SA 20218/14.03.2082;95,38500000;95,38500000;97,83000000;97,83000000;97,82400000;9000000,00000000;0,00000000;0,00000000;0,00000000;0,00000000;20251111
83;1I;45980;PTEDP4OM0025;ENERGIAS DE PORT  2023-23/04/2083;EUR;DUBLINO;055000;301;I;7500000,000;0,000;0,000;0,000;105,0310;105,0310;7877325,0000;7877325,00;0,000000;105,6610;105,6610;7924575,0000;7924575,00;8171250,2100;8171250,21;105,6400;0,600;0,000;0,600;0,942;38,189;0,408;0,020;0,410;0,000;0,000;246675,2100;246675,21;;;;DEUR;N055000;T200;;099592      ENERGIAS DE PORT  2023-23/04/2083;105,03100000;105,03100000;105,66100000;105,66100000;105,64000000;7500000,00000000;0,00000000;0,00000000;0,00000000;0,00000000;20251111
83;1I;39819;PTEDPROM0029;ENERGIAS DE PORT 1.875% 2021/02.08.2081;EUR;DUBLINO;055000;301;I;1500000,000;0,000;0,000;0,000;97,4210;97,4210;1461315,0000;1461315,00;0,000000;99,1170;99,1170;1486755,0000;1486755,00;1494537,5300;1494537,53;99,1200;1,741;0,000;1,741;0,172;6,985;0,077;-0,003;0,077;0,000;0,000;7782,5300;7782,53;;;;DEUR;N055000;T200;;099923      ENERGIAS DE PORT 1.875% 2021/02.08.2081;97,42100000;97,42100000;99,11700000;99,11700000;99,12000000;1500000,00000000;0,00000000;0,00000000;0,00000000;0,00000000;20251111
83;1I;49005;PTEDPZOM0011;ENERGIAS DE PORT (4,750%) TV 29/05/2054;EUR;DUBLINO;055000;301;I;1200000,000;0,000;0,000;0,000;102,2090;102,2090;1226508,0000;1226508,00;0,000000;103,6800;103,6800;1244160,0000;1244160,00;1270083,2900;1270083,29;103,6390;1,439;0,000;1,439;0,146;5,936;0,064;0,040;0,064;0,000;0,000;25923,2900;25923,29;;;;DEUR;N055000;T200;;099936      ENERGIAS DE PORT (4,750%) TV 29/05/2054;102,20900000;102,20900000;103,68000000;103,68000000;103,63900000;1200000,00000000;0,00000000;0,00000000;0,00000000;0,00000000;20251111
83;1I;30714;XS1725677543;INMOBILIARIA COL SO 1,625% 2017/28.11.25;EUR;DUBLINO;067000;301;I;2000000,000;0,000;0,000;0,000;98,9310;98,9310;1978620,0000;1978620,00;0,000000;99,8640;99,8640;1997280,0000;1997280,00;2028266,3000;2028266,30;99,8440;0,943;0,000;0,943;0,234;2,238;0,103;0,020;0,103;0,000;0,000;30986,3000;30986,30;;;;DEUR;N067000;T200;;099897      INMOBILIARIA COL SO 1,625% 2017/28.11.25;98,93100000;98,93100000;99,86400000;99,86400000;99,84400000;2000000,00000000;0,00000000;0,00000000;0,00000000;0,00000000;20251111
83;1I;43961;XS2443749648;TELIA CO AB 2,75 % 2022/30.06.2083;EUR;STOCCOLMA;068000;301;I;1500000,000;0,000;0,000;0,000;96,5120;96,5120;1447680,0000;1447680,00;0,000000;99,7650;99,7650;1496475,0000;1496475,00;1511618,8400;1511618,84;99,7480;3,371;0,000;3,371;0,174;100,000;0,077;0,017;0,077;0,000;0,000;15143,8400;15143,84;;;;DEUR;N068000;T200;;099923      TELIA CO AB 2,75 % 2022/30.06.2083;96,51200000;96,51200000;99,76500000;99,76500000;99,74800000;1500000,00000000;0,00000000;0,00000000;0,00000000;0,00000000;20251111
83;1I;48521;XS2798269069;TERNA - RETE ELET TV 11-04-24/31/12/2049;EUR;LUXEMBOURG;086000;301;I;3800000,000;0,000;0,000;0,000;102,9960;102,9960;3913848,0000;3913848,00;0,000000;103,5140;103,5140;3933532,0000;3933532,00;4039359,4000;4039359,40;103,4320;0,503;0,000;0,503;0,466;1,619;0,202;0,079;0,203;0,000;0,000;105827,4000;105827,40;;;;DEUR;N086000;T200;;099798      TERNA - RETE ELET TV 11-04-24/31/12/2049;102,99600000;102,99600000;103,51400000;103,51400000;103,43200000;3800000,00000000;0,00000000;0,00000000;0,00000000;0,00000000;20251111
83;1I;41977;XS2386650274;ERG SPA 0.875% 2021/15.09.2031;EUR;LUXEMBOURG;086000;301;I;3000000,000;0,000;0,000;0,000;84,3420;84,3420;2530260,0000;2530260,00;0,000000;87,9110;87,9110;2637330,0000;2637330,00;2641429,3200;2641429,32;87,8580;4,232;0,000;4,232;0,305;1,059;0,136;0,060;0,136;0,000;0,000;4099,3200;4099,32;;;;DEUR;N086000;T200;;099864      ERG SPA 0.875% 2021/15.09.2031;84,34200000;84,34200000;87,91100000;87,91100000;87,85800000;3000000,00000000;0,00000000;0,00000000;0,00000000;0,00000000;20251111
83;1I;38550;XS2229434852;ERG SPA 0,5% 2020/11.09.2027;EUR;LUXEMBOURG;086000;301;I;2600000,000;0,000;0,000;0,000;93,7390;93,7390;2437214,0000;2437214,00;0,000000;96,3110;96,3110;2504086,0000;2504086,00;2506258,6000;2506258,60;96,2630;2,744;0,000;2,744;0,289;1,005;0,129;0,050;0,129;0,000;0,000;2172,6000;2172,60;;;;DEUR;N086000;T200;;099871      ERG SPA 0,5% 2020/11.09.2027;93,73900000;93,73900000;96,31100000;96,31100000;96,26300000;2600000,00000000;0,00000000;0,00000000;0,00000000;0,00000000;20251111
83;1I;60711;XS2948434266;PRYSMIAN SPA 3,875% 2024-28/11/2031;EUR;LUXEMBOURG;086000;301;I;1300000,000;0,000;0,000;0,000;101,0770;101,0770;1314001,0000;1314001,00;0,000000;102,8710;102,8710;1337323,0000;1337323,00;1385351,7700;1385351,77;102,8430;1,775;0,000;1,775;0,160;0,555;0,069;0,027;0,069;0,000;0,000;48028,7700;48028,77;;;;DEUR;N086000;T200;;099931      PRYSMIAN SPA 3,875% 2024-28/11/2031;101,07700000;101,07700000;102,87100000;102,87100000;102,84300000;1300000,00000000;0,00000000;0,00000000;0,00000000;0,00000000;20251111
83;1I;49606;XS2853679053;ERG SPA 4,125% 2024-03/07/2030;EUR;LUXEMBOURG;086000;301;I;1000000,000;0,000;0,000;0,000;102,9310;102,9310;1029310,0000;1029310,00;0,000000;104,3690;104,3690;1043690,0000;1043690,00;1058494,7900;1058494,79;104,3310;1,397;0,000;1,397;0,122;0,424;0,054;0,036;0,054;0,000;0,000;14804,7900;14804,79;;;;DEUR;N086000;T200;;099946      ERG SPA 4,125% 2024-03/07/2030;102,93100000;102,93100000;104,36900000;104,36900000;104,33100000;1000000,00000000;0,00000000;0,00000000;0,00000000;0,00000000;20251111
83;1I;46047;XS2583205906;A2A SPA 4,375% 2023-03/02/2034;EUR;LUXEMBOURG;086000;301;I;800000,000;0,000;0,000;0,000;105,7230;105,7230;845784,0000;845784,00;0,000000;105,8090;105,8090;846472,0000;846472,00;873417,2100;873417,21;105,7320;0,081;0,000;0,081;0,101;0,350;0,044;0,073;0,044;0,000;0,000;26945,2100;26945,21;;;;DEUR;N086000;T200;;099956      A2A SPA 4,375% 2023-03/02/2034;105,72300000;105,72300000;105,80900000;105,80900000;105,73200000;800000,00000000;0,00000000;0,00000000;0,00000000;0,00000000;20251111
83;1I;38139;XS2197348597;TAKEDA PHARMA 1% 2020/09.07.2029;EUR;NEW YORK;088000;301;I;2500000,000;0,000;0,000;0,000;91,9600;91,9600;2299000,0000;2299000,00;0,000000;93,4170;93,4170;2335425,0000;2335425,00;2343986,6400;2343986,64;93,3740;1,584;0,000;1,584;0,270;100,000;0,120;0,046;0,121;0,000;0,000;8561,6400;8561,64;;;;DEUR;N088000;T200;;099880      TAKEDA PHARMA 1% 2020/09.07.2029;91,96000000;91,96000000;93,41700000;93,41700000;93,37400000;2500000,00000000;0,00000000;0,00000000;0,00000000;0,00000000;20251111
83;1I;36023;XS2056730679;INFINEON TEC 3.625% 2019-31/12/2049;EUR;DUBLINO;094000;301;I;2500000,000;0,000;0,000;0,000;99,1040;99,1040;2477600,0000;2477600,00;0,000000;100,6060;100,6060;2515150,0000;2515150,00;2570766,4400;2570766,44;100,5770;1,516;0,000;1,516;0,296;2,557;0,129;0,029;0,130;0,000;0,000;55616,4400;55616,44;;;;DEUR;N094000;T200;;099871      INFINEON TEC 3.625% 2019-31/12/2049;99,10400000;99,10400000;100,60600000;100,60600000;100,57700000;2500000,00000000;0,00000000;0,00000000;0,00000000;0,00000000;20251111
83;1I;40683;EU000A3KM903;EUROPEAN UNION 0.20% 2021/04.06.2036;EUR;LUXEMBOURG;921000;301;I;12194000,000;0,000;0,000;0,000;73,8140;73,8140;9000879,1600;9000879,16;0,000000;73,7130;73,7130;8988563,2200;8988563,22;8999253,8500;8999253,85;73,6590;-0,137;0,000;-0,137;1,038;100,000;0,463;0,073;0,465;0,000;0,000;10690,6300;10690,63;;;;DEUR;N921000;T200;;099537      EUROPEAN UNION 0.20% 2021/04.06.2036;73,81400000;73,81400000;73,71300000;73,71300000;73,65900000;12194000,00000000;0,00000000;0,00000000;0,00000000;0,00000000;20251111
83;1I;06036;AT0000937503;VOEST ALPINE AG;EUR;VIENNA;008000;201;I;201260,000;0,000;0,000;0,000;20,3863;20,3863;4102953,1400;4102953,14;0,000000;32,1800;32,1800;6476546,8000;6476546,80;6476546,8000;6476546,80;32,3200;57,851;0,000;57,851;0,747;15,236;0,333;-0,433;0,335;0,000;0,000;0,0000;0,00;;;;DEUR;N008000;T300;;099667      VOEST ALPINE AG;20,38633181;20,38633181;32,18000000;32,18000000;32,32000000;201260,00000000;0,00000000;0,00000000;0,00000000;0,00000000;20251111
83;1I;27230;BE0974293251;ANHEUSER-BUSCH INBEV;EUR;BRUXELLES;009000;201;I;112493,000;0,000;0,000;0,000;50,7067;50,7067;5704156,3600;5704156,36;0,000000;55,8400;55,8400;6281609,1200;6281609,12;6281609,1200;6281609,12;54,5200;10,123;0,000;10,123;0,724;17,645;0,323;2,421;0,325;0,000;0,000;0,0000;0,00;;;;DEUR;N009000;T300;;099677      ANHEUSER-BUSCH INBEV;50,70676717;50,70676717;55,84000000;55,84000000;54,52000000;112493,00000000;0,00000000;0,00000000;0,00000000;0,00000000;20251111
83;1I;08457;FI0009000681;NOKIA OYJ;EUR;HELSINKI;028000;201;I;1048315,000;0,000;0,000;0,000;4,8373;4,8373;5071096,3900;5071096,39;0,000000;5,9120;5,9120;6197638,2800;6197638,28;6197638,2800;6197638,28;5,8560;22,215;0,000;22,215;0,715;50,203;0,319;0,956;0,320;0,000;0,000;0,0000;0,00;;;;DEUR;N028000;T300;;099681      NOKIA OYJ;4,83737845;4,83737845;5,91200000;5,91200000;5,85600000;1048315,00000000;0,00000000;0,00000000;0,00000000;0,00000000;20251111
83;1I;33385;FR0013154002;SARTORIUS STEDIM BIOTECH;EUR;PARIGI;029000;201;I;42548,000;0,000;0,000;0,000;177,5768;177,5768;7555537,7300;7555537,73;0,000000;192,6000;192,6000;8194744,8000;8194744,80;8194744,8000;8194744,80;187,2000;8,460;0,000;8,460;0,945;4,550;0,422;2,885;0,424;0,000;0,000;0,0000;0,00;;;;DEUR;N029000;T300;;099578      SARTORIUS STEDIM BIOTECH;177,57680102;177,57680102;192,60000000;192,60000000;187,20000000;42548,00000000;0,00000000;0,00000000;0,00000000;0,00000000;20251111
83;1I;08436;FR0000120321;L'OREAL;EUR;PARIGI;029000;201;I;21392,000;0,000;0,000;0,000;396,0736;396,0736;8472807,7500;8472807,75;0,000000;356,7000;356,7000;7630526,4000;7630526,40;7630526,4000;7630526,40;353,9500;-9,941;0,000;-9,941;0,880;4,237;0,393;0,777;0,394;0,000;0,000;0,0000;0,00;;;;DEUR;N029000;T300;;099607      L'OREAL;396,07366071;396,07366071;356,70000000;356,70000000;353,95000000;21392,00000000;0,00000000;0,00000000;0,00000000;0,00000000;20251111
83;1I;01606;FR0000121667;ESSILOR LUXOTTICA;EUR;PARIGI;029000;201;I;18087,000;0,000;0,000;0,000;257,2124;257,2124;4652200,7500;4652200,75;0,000000;315,4000;315,4000;5704639,8000;5704639,80;5704639,8000;5704639,80;311,8000;22,622;0,000;22,622;0,658;3,167;0,294;1,155;0,295;0,000;0,000;0,0000;0,00;;;;DEUR;N029000;T300;;099706      ESSILOR LUXOTTICA;257,21240393;257,21240393;315,40000000;315,40000000;311,80000000;18087,00000000;0,00000000;0,00000000;0,00000000;0,00000000;20251111
83;1I;14112;FR0010451203;REXEL SA;EUR;PARIGI;029000;201;I;122784,000;0,000;0,000;0,000;25,5198;25,5198;3133426,4600;3133426,46;0,000000;29,9700;29,9700;3679836,4800;3679836,48;3679836,4800;3679836,48;29,5600;17,438;0,000;17,438;0,424;2,043;0,189;1,387;0,190;0,000;0,000;0,0000;0,00;;;;DEUR;N029000;T300;;099811      REXEL SA;25,51982717;25,51982717;29,97000000;29,97000000;29,56000000;122784,00000000;0,00000000;0,00000000;0,00000000;0,00000000;20251111
83;1I;06469;FR0010307819;LEGRAND PROMESSES;EUR;PARIGI;029000;201;I;26707,000;0,000;0,000;0,000;131,5355;131,5355;3512920,1100;3512920,11;0,000000;131,4000;131,4000;3509299,8000;3509299,80;3509299,8000;3509299,80;131,0000;-0,103;0,000;-0,103;0,405;1,948;0,181;0,305;0,181;0,000;0,000;0,0000;0,00;;;;DEUR;N029000;T300;;099819      LEGRAND PROMESSES;131,53555659;131,53555659;131,40000000;131,40000000;131,00000000;26707,00000000;0,00000000;0,00000000;0,00000000;0,00000000;20251111
83;1I;14500;NL0010273215;ASML HLDG NV NEW;EUR;AMSTERDAM;050000;201;I;15761,000;0,000;0,000;0,000;718,8721;718,8721;11330144,4200;11330144,42;0,000000;886,9000;886,9000;13978430,9000;13978430,90;13978430,9000;13978430,90;886,7000;23,374;0,000;23,374;1,612;17,017;0,719;0,023;0,723;0,000;0,000;0,0000;0,00;;;;DEUR;N050000;T300;;099281      ASML HLDG NV NEW;718,87217943;718,87217943;886,90000000;886,90000000;886,70000000;15761,00000000;0,00000000;0,00000000;0,00000000;0,00000000;20251111
83;1I;35896;NL0013654783;PROSUS;EUR;AMSTERDAM;050000;201;I;148507,000;0,000;0,000;0,000;41,8893;41,8893;6220867,0800;6220867,08;0,000000;61,4800;61,4800;9130210,3600;9130210,36;9130210,3600;9130210,36;61,7000;46,767;0,000;46,767;1,053;11,115;0,470;-0,357;0,472;0,000;0,000;0,0000;0,00;;;;DEUR;N050000;T300;;099530      PROSUS;41,88938622;41,88938622;61,48000000;61,48000000;61,70000000;148507,00000000;0,00000000;0,00000000;0,00000000;0,00000000;20251111
83;1I;27009;NL0010801007;IMCD GROUP NV;EUR;AMSTERDAM;050000;201;I;93020,000;0,000;0,000;0,000;129,0568;129,0568;12004868,3200;12004868,32;0,000000;83,4800;83,4800;7765309,6000;7765309,60;7765309,6000;7765309,60;82,3800;-35,315;0,000;-35,315;0,895;9,453;0,400;1,335;0,401;0,000;0,000;0,0000;0,00;;;;DEUR;N050000;T300;;099600      IMCD GROUP NV;129,05685143;129,05685143;83,48000000;83,48000000;82,38000000;93020,00000000;0,00000000;0,00000000;0,00000000;0,00000000;20251111
83;1I;01895;NL0000226223;STMICROELECTRONICS - MILANO;EUR;MILANO;050000;201;I;316595,000;0,000;0,000;0,000;24,6288;24,6288;7797380,8900;7797380,89;0,000000;20,6400;20,6400;6534520,8000;6534520,80;6534520,8000;6534520,80;20,3850;-16,196;0,000;-16,196;0,754;7,955;0,336;1,251;0,338;0,000;0,000;0,0000;0,00;;;;DEUR;N050000;T300;;099664      STMICROELECTRONICS - MILANO;24,62888197;24,62888197;20,64000000;20,64000000;20,38500000;316595,00000000;0,00000000;0,00000000;0,00000000;0,00000000;20251111
83;1I;48620;NL0015001KT6;BREMBO N.V.;EUR;MILANO;050000;201;I;498912,000;0,000;0,000;0,000;9,0930;9,0930;4536606,8300;4536606,83;0,000000;9,8800;9,8800;4929250,5600;4929250,56;4929250,5600;4929250,56;9,8600;8,655;0,000;8,655;0,568;6,001;0,254;0,203;0,255;0,000;0,000;0,0000;0,00;;;;DEUR;N050000;T300;;099746      BREMBO N.V.;9,09300002;9,09300002;9,88000000;9,88000000;9,86000000;498912,00000000;0,00000000;0,00000000;0,00000000;0,00000000;20251111
83;1I;38577;NL0012866412;BE SEMICONDUCTOR INDS-ORD SHS;EUR;AMSTERDAM;050000;201;I;13472,000;0,000;0,000;0,000;144,3943;144,3943;1945280,4800;1945280,48;0,000000;137,8000;137,8000;1856441,6000;1856441,60;1856441,6000;1856441,60;136,4500;-4,567;0,000;-4,567;0,214;2,260;0,096;0,989;0,096;0,000;0,000;0,0000;0,00;;;;DEUR;N050000;T300;;099904      BE SEMICONDUCTOR INDS-ORD SHS;144,39433491;144,39433491;137,80000000;137,80000000;136,45000000;13472,00000000;0,00000000;0,00000000;0,00000000;0,00000000;20251111
83;1I;40120;NL0010583399;CORBION-ORD SHS;EUR;AMSTERDAM;050000;201;I;52651,000;0,000;0,000;0,000;21,3650;21,3650;1124893,6400;1124893,64;0,000000;18,1200;18,1200;954036,1200;954036,12;954036,1200;954036,12;17,8800;-15,189;0,000;-15,189;0,110;1,161;0,049;1,342;0,049;0,000;0,000;0,0000;0,00;;;;DEUR;N050000;T300;;099951      CORBION-ORD SHS;21,36509544;21,36509544;18,12000000;18,12000000;17,88000000;52651,00000000;0,00000000;0,00000000;0,00000000;0,00000000;20251111
83;1I;02400;PTEDP0AM0009;ENERGIAS DE PORTUGAL SA;EUR;LISBONA;055000;201;I;161261,000;0,000;0,000;0,000;3,0796;3,0796;496628,3600;496628,36;0,000000;3,7210;3,7210;600052,1800;600052,18;600052,1800;600052,18;3,9670;20,825;0,000;20,825;0,069;2,804;0,031;-6,201;0,031;0,000;0,000;0,0000;0,00;;;;DEUR;N055000;T300;;099969      ENERGIAS DE PORTUGAL SA;3,07965571;3,07965571;3,72100000;3,72100000;3,96700000;161261,00000000;0,00000000;0,00000000;0,00000000;0,00000000;20251111
83;1I;23311;ES0105025003;MERLIN PROPERTIES SOCIMI SA;EUR;MADRID;067000;201;I;150314,000;0,000;0,000;0,000;10,0741;10,0741;1514291,1200;1514291,12;0,000000;13,3200;13,3200;2002182,4800;2002182,48;2002182,4800;2002182,48;13,2300;32,219;0,000;32,219;0,231;2,209;0,103;0,680;0,103;0,000;0,000;0,0000;0,00;;;;DEUR;N067000;T300;;099897      MERLIN PROPERTIES SOCIMI SA;10,07418550;10,07418550;13,32000000;13,32000000;13,23000000;150314,00000000;0,00000000;0,00000000;0,00000000;0,00000000;20251111
83;1I;36841;LU2052491334;MULTILABEL ETICA ESG GLOBAL EQUITY;EUR;LUXEMBOURG;092000;223;I;37106,669;0,000;0,000;0,000;140,2299;140,2299;5203468,1900;5203468,19;0,000000;143,6900;143,6900;5331857,2700;5331857,27;5331857,2700;5331857,27;142,0100;2,467;0,000;2,467;0,615;39,114;0,274;1,183;0,276;0,000;0,000;0,0000;0,00;;;;DEUR;N092000;T300;;099726      MULTILABEL ETICA ESG GLOBAL EQUITY;140,22999989;140,22999989;143,69000000;143,69000000;142,01000000;37106,66900000;0,00000000;0,00000000;0,00000000;0,00000000;20251111
83;1I;36843;LU2052490872;MULTILABEL ETICA ESG DYNAMIC ALLOCATION;EUR;LUXEMBOURG;092000;223;I;36953,094;0,000;0,000;0,000;121,7399;121,7399;4498669,6600;4498669,66;0,000000;124,4600;124,4600;4599182,0800;4599182,08;4599182,0800;4599182,08;123,4500;2,234;0,000;2,234;0,530;33,739;0,237;0,818;0,238;0,000;0,000;0,0000;0,00;;;;DEUR;N092000;T300;;099763      MULTILABEL ETICA ESG DYNAMIC ALLOCATION;121,73999990;121,73999990;124,46000000;124,46000000;123,45000000;36953,09400000;0,00000000;0,00000000;0,00000000;0,00000000;20251111
83;1I;36842;LU2052490286;MULTILABEL ETICA ESG CONSERVATIVE ALLOC;EUR;LUXEMBOURG;092000;223;I;37206,072;0,000;0,000;0,000;98,1699;98,1699;3652520,0800;3652520,08;0,000000;99,4600;99,4600;3700515,9200;3700515,92;3700515,9200;3700515,92;99,2500;1,314;0,000;1,314;0,427;27,147;0,190;0,212;0,191;0,000;0,000;0,0000;0,00;;;;DEUR;N092000;T300;;099810      MULTILABEL ETICA ESG CONSERVATIVE ALLOC;98,16999977;98,16999977;99,46000000;99,46000000;99,25000000;37206,07200000;0,00000000;0,00000000;0,00000000;0,00000000;20251111
83;1I;33682;DE000KBX1006;KNORR-BREMSE AG;EUR;NEUERMKT;094000;201;I;98497,000;0,000;0,000;0,000;83,0112;83,0112;8176355,6700;8176355,67;0,000000;84,1000;84,1000;8283597,7000;8283597,70;8283597,7000;8283597,70;81,2000;1,312;0,000;1,312;0,955;8,239;0,426;3,571;0,428;0,000;0,000;0,0000;0,00;;;;DEUR;N094000;T300;;099574      KNORR-BREMSE AG;83,01121526;83,01121526;84,10000000;84,10000000;81,20000000;98497,00000000;0,00000000;0,00000000;0,00000000;0,00000000;20251111
83;1I;08512;DE0007164600;SAP SE;EUR;NEUERMKT;094000;201;I;33779,000;0,000;0,000;0,000;247,8400;247,8400;8371787,7000;8371787,70;0,000000;217,0500;217,0500;7331731,9500;7331731,95;7331731,9500;7331731,95;216,2500;-12,423;0,000;-12,423;0,845;7,292;0,377;0,370;0,379;0,000;0,000;0,0000;0,00;;;;DEUR;N094000;T300;;099623      SAP SE;247,84001006;247,84001006;217,05000000;217,05000000;216,25000000;33779,00000000;0,00000000;0,00000000;0,00000000;0,00000000;20251111
83;1I;24199;DE000ZAL1111;ZALANDO-ORD SHS;EUR;NEUERMKT;094000;201;I;279728,000;0,000;0,000;0,000;26,8021;26,8021;7497322,6400;7497322,64;0,000000;23,0100;23,0100;6436541,2800;6436541,28;6436541,2800;6436541,28;22,5800;-14,149;0,000;-14,149;0,742;6,402;0,331;1,904;0,333;0,000;0,000;0,0000;0,00;;;;DEUR;N094000;T300;;099669      ZALANDO-ORD SHS;26,80218869;26,80218869;23,01000000;23,01000000;22,58000000;279728,00000000;0,00000000;0,00000000;0,00000000;0,00000000;20251111
83;1I;19412;DE000A1ML7J1;VONOVIA SE;EUR;NEUERMKT;094000;201;I;208935,000;0,000;0,000;0,000;27,3076;27,3076;5705517,2000;5705517,20;0,000000;25,7300;25,7300;5375897,5500;5375897,55;5375897,5500;5375897,55;25,1000;-5,777;0,000;-5,777;0,620;5,347;0,277;2,510;0,278;0,000;0,000;0,0000;0,00;;;;DEUR;N094000;T300;;099723      VONOVIA SE;27,30761815;27,30761815;25,73000000;25,73000000;25,10000000;208935,00000000;0,00000000;0,00000000;0,00000000;0,00000000;20251111
83;1I;08529;DE0005557508;DEUTSCHE TELEKOM - NOMINATIVE;EUR;NEUERMKT;094000;201;I;196845,000;0,000;0,000;0,000;31,7967;31,7967;6259032,3500;6259032,35;0,000000;27,0700;27,0700;5328594,1500;5328594,15;5328594,1500;5328594,15;26,6900;-14,866;0,000;-14,866;0,614;5,300;0,274;1,424;0,275;0,000;0,000;0,0000;0,00;;;;DEUR;N094000;T300;;099726      DEUTSCHE TELEKOM - NOMINATIVE;31,79675556;31,79675556;27,07000000;27,07000000;26,69000000;196845,00000000;0,00000000;0,00000000;0,00000000;0,00000000;20251111
83;1I;17410;IT0004965148;MONCLER SPA;EUR;MILANO;086000;201;I;246221,000;0,000;0,000;0,000;54,9899;54,9899;13539689,7900;13539689,79;0,000000;57,6000;57,6000;14182329,6000;14182329,60;14182329,6000;14182329,60;56,4200;4,746;0,000;4,746;1,635;5,686;0,730;2,091;0,733;0,000;0,000;0,0000;0,00;;;;DEUR;N111111;T300;;099270      MONCLER SPA;54,98998781;54,98998781;57,60000000;57,60000000;56,42000000;246221,00000000;0,00000000;0,00000000;0,00000000;0,00000000;20251111
83;1I;03565;IT0003497168;TELECOM ITALIA SPA ORD.;EUR;MILANO;086000;201;I;23477405,000;0,000;0,000;0,000;0,2512;0,2512;5898986,7900;5898986,79;0,000000;0,4958;0,4958;11640097,4000;11640097,40;11640097,4000;11640097,40;0,4921;97,324;0,000;97,324;1,342;4,667;0,599;0,752;0,602;0,000;0,000;0,0000;0,00;;;;DEUR;N111111;T300;;099401      TELECOM ITALIA SPA ORD.;0,25126230;0,25126230;0,49580000;0,49580000;0,49210000;23477405,00000000;0,00000000;0,00000000;0,00000000;0,00000000;20251111
83;1I;08531;IT0001078911;INTERPUMP GROUP;EUR;MILANO;086000;201;I;85439,000;0,000;0,000;0,000;39,7502;39,7502;3396225,8200;3396225,82;0,000000;43,7400;43,7400;3737101,8600;3737101,86;3737101,8600;3737101,86;43,2200;10,037;0,000;10,037;0,431;1,498;0,192;1,203;0,193;0,000;0,000;0,0000;0,00;;;;DEUR;N111111;T300;;099808      INTERPUMP GROUP;39,75029927;39,75029927;43,74000000;43,74000000;43,22000000;85439,00000000;0,00000000;0,00000000;0,00000000;0,00000000;20251111
83;1I;08544;IT0001157020;ERG ORD.;EUR;MILANO;086000;201;I;157083,000;0,000;0,000;0,000;19,4820;19,4820;3060300,8200;3060300,82;0,000000;22,3600;22,3600;3512375,8800;3512375,88;3512375,8800;3512375,88;22,4000;14,772;0,000;14,772;0,405;1,408;0,181;-0,179;0,182;0,000;0,000;0,0000;0,00;;;;DEUR;N111111;T300;;099819      ERG ORD.;19,48206247;19,48206247;22,36000000;22,36000000;22,40000000;157083,00000000;0,00000000;0,00000000;0,00000000;0,00000000;20251111
83;1I;34530;IT0005366767;NEXI SPA;EUR;MILANO;086000;201;I;536945,000;0,000;0,000;0,000;5,2970;5,2970;2844204,9800;2844204,98;0,000000;4,1200;4,1200;2212213,4000;2212213,40;2212213,4000;2212213,40;4,0250;-22,220;0,000;-22,220;0,255;0,887;0,114;2,360;0,114;0,000;0,000;0,0000;0,00;;;;DEUR;N111111;T300;;099886      NEXI SPA;5,29701362;5,29701362;4,12000000;4,12000000;4,02500000;536945,00000000;0,00000000;0,00000000;0,00000000;0,00000000;20251111
83;1I;04321;IT0003242622;TERNA SPA;EUR;MILANO;086000;201;I;218113,000;0,000;0,000;0,000;7,6214;7,6214;1662344,1300;1662344,13;0,000000;9,0460;9,0460;1973050,2000;1973050,20;1973050,2000;1973050,20;8,9940;18,691;0,000;18,691;0,228;0,791;0,102;0,578;0,102;0,000;0,000;0,0000;0,00;;;;DEUR;N111111;T300;;099898      TERNA SPA;7,62148120;7,62148120;9,04600000;9,04600000;8,99400000;218113,00000000;0,00000000;0,00000000;0,00000000;0,00000000;20251111
83;1I;19402;IT0005054967;RAI WAY SPA;EUR;MILANO;086000;201;I;267717,000;0,000;0,000;0,000;5,4891;5,4891;1469546,6500;1469546,65;0,000000;5,7700;5,7700;1544727,0900;1544727,09;1544727,0900;1544727,09;5,8400;5,116;0,000;5,116;0,178;0,619;0,080;-1,199;0,080;0,000;0,000;0,0000;0,00;;;;DEUR;N111111;T300;;099920      RAI WAY SPA;5,48917943;5,48917943;5,77000000;5,77000000;5,84000000;267717,00000000;0,00000000;0,00000000;0,00000000;0,00000000;20251111
83;1I;08569;IT0001206769;SOL SPA;EUR;MILANO;086000;201;I;30293,000;0,000;0,000;0,000;36,9791;36,9791;1120210,0000;1120210,00;0,000000;49,7000;49,7000;1505562,1000;1505562,10;1505562,1000;1505562,10;49,0000;34,400;0,000;34,400;0,174;0,604;0,077;1,429;0,078;0,000;0,000;0,0000;0,00;;;;DEUR;N111111;T300;;099923      SOL SPA;36,97917010;36,97917010;49,70000000;49,70000000;49,00000000;30293,00000000;0,00000000;0,00000000;0,00000000;0,00000000;20251111
83;1I;07862;IT0003492391;DIASORIN;EUR;MILANO;086000;201;I;24320,000;0,000;0,000;0,000;98,9895;98,9895;2407424,9400;2407424,94;0,000000;60,1600;60,1600;1463091,2000;1463091,20;1463091,2000;1463091,20;59,0000;-39,226;0,000;-39,226;0,169;0,587;0,075;1,966;0,076;0,000;0,000;0,0000;0,00;;;;DEUR;N111111;T300;;099925      DIASORIN;98,98951233;98,98951233;60,16000000;60,16000000;59,00000000;24320,00000000;0,00000000;0,00000000;0,00000000;0,00000000;20251111
83;1I;25525;IT0005162406;TECHNOGYM  SPA;EUR;MILANO;086000;201;I;88773,000;0,000;0,000;0,000;10,4436;10,4436;927113,9200;927113,92;0,000000;16,0800;16,0800;1427469,8400;1427469,84;1427469,8400;1427469,84;15,8700;53,969;0,000;53,969;0,165;0,572;0,073;1,323;0,074;0,000;0,000;0,0000;0,00;;;;DEUR;N111111;T300;;099927      TECHNOGYM  SPA;10,44364750;10,44364750;16,08000000;16,08000000;15,87000000;88773,00000000;0,00000000;0,00000000;0,00000000;0,00000000;20251111
83;1I;06568;IT0004056880;AMPLIFON NEW;EUR;MILANO;086000;201;I;57215,000;0,000;0,000;0,000;21,1738;21,1738;1211464,2800;1211464,28;0,000000;14,4850;14,4850;828759,2800;828759,28;828759,2800;828759,28;14,0900;-31,590;0,000;-31,590;0,096;0,332;0,043;2,803;0,043;0,000;0,000;0,0000;0,00;;;;DEUR;N111111;T300;;099957      AMPLIFON NEW;21,17389286;21,17389286;14,48500000;14,48500000;14,09000000;57215,00000000;0,00000000;0,00000000;0,00000000;0,00000000;20251111
83;1I;23184;IT0005090300;INFRASTRUTTURE WIRELESS ITAL;EUR;MILANO;086000;201;I;86323,000;0,000;0,000;0,000;9,7588;9,7588;842417,1200;842417,12;0,000000;8,3300;8,3300;719070,5900;719070,59;719070,5900;719070,59;9,4400;-14,642;0,000;-14,642;0,083;0,288;0,037;-11,758;0,037;0,000;0,000;0,0000;0,00;;;;DEUR;N111111;T300;;099963      INFRASTRUTTURE WIRELESS ITAL;9,75889531;9,75889531;8,33000000;8,33000000;9,44000000;86323,00000000;0,00000000;0,00000000;0,00000000;0,00000000;20251111
83;1I;03436;IT0001250932;HERA SPA;EUR;MILANO;086000;201;I;159441,000;0,000;0,000;0,000;3,4521;3,4521;550416,2200;550416,22;0,000000;3,9820;3,9820;634894,0600;634894,06;634894,0600;634894,06;4,0080;15,348;0,000;15,348;0,073;0,255;0,033;-0,649;0,033;0,000;0,000;0,0000;0,00;;;;DEUR;N111111;T300;;099967      HERA SPA;3,45216236;3,45216236;3,98200000;3,98200000;4,00800000;159441,00000000;0,00000000;0,00000000;0,00000000;0,00000000;20251111
83;1I;07639;IT0004176001;PRYSMIAN SPA;EUR;MILANO;086000;201;I;6544,000;0,000;0,000;0,000;60,1938;60,1938;393908,8000;393908,80;0,000000;84,3000;84,3000;551659,2000;551659,20;551659,2000;551659,20;83,5600;40,047;0,000;40,047;0,064;0,221;0,028;0,886;0,029;0,000;0,000;0,0000;0,00;;;;DEUR;N111111;T300;;099972      PRYSMIAN SPA;60,19388753;60,19388753;84,30000000;84,30000000;83,56000000;6544,00000000;0,00000000;0,00000000;0,00000000;0,00000000;20251111
83;1I;08573;IT0001233417;A2A SPA;EUR;MILANO;086000;201;I;170686,000;0,000;0,000;0,000;2,1450;2,1450;366121,4700;366121,47;0,000000;2,7100;2,7100;462559,0600;462559,06;462559,0600;462559,06;2,6960;26,340;0,000;26,340;0,053;0,185;0,024;0,519;0,024;0,000;0,000;0,0000;0,00;;;;DEUR;N111111;T300;;099976      A2A SPA;2,14500000;2,14500000;2,71000000;2,71000000;2,69600000;170686,00000000;0,00000000;0,00000000;0,00000000;0,00000000;20251111
83;1I;30238;IT0005278236;PIRELLI & C SPA;EUR;MILANO;086000;201;I;30876,000;0,000;0,000;0,000;5,4243;5,4243;167481,5500;167481,55;0,000000;6,1100;6,1100;188652,3600;188652,36;188652,3600;188652,36;6,1260;12,641;0,000;12,641;0,022;0,076;0,010;-0,261;0,010;0,000;0,000;0,0000;0,00;;;;DEUR;N111111;T300;;099990      PIRELLI & C SPA;5,42432795;5,42432795;6,11000000;6,11000000;6,12600000;30876,00000000;0,00000000;0,00000000;0,00000000;0,00000000;20251111
83;1O;38140;XS2195190876;SSE PLC 3.74% 2020/31.12.2049;GBP;LONDRAEST;111111;301;O;3000000,000;0,000;0,000;0,000;97,6180;118,0386;2928540,0000;3541160,82;0,827000;99,5970;113,1526;2987910,0000;3394580,78;3052770,8200;3468269,51;99,5900;2,027;6,433;-4,139;8,388;0,352;0,175;0,007;0,175;0,000;0,000;64860,8200;73688,73;;;;DGBP;N031000;T200;;099825      SSE PLC 3.74% 2020/31.12.2049;97,61800000;118,03869400;99,59700000;113,15269256;99,59000000;3000000,00000000;0,00000000;0,00000000;0,00000000;0,00000000;20251111
83;1O;01076;AU000000ORI1;ORICA LTD.;AUD;AUSTRALIA;111111;201;O;254370,000;0,000;0,000;0,000;16,5800;9,9103;4217454,6000;2520893,37;1,673000;22,8100;12,8254;5802179,7000;3262400,73;5802179,7000;3262400,73;22,9000;37,575;6,306;29,414;18,988;0,331;0,168;-0,393;0,169;0,000;0,000;0,0000;0,00;;;;DAUD;N007000;T300;;099832      ORICA LTD.;16,58000000;9,91034072;22,81000000;12,82541467;22,90000000;254370,00000000;0,00000000;0,00000000;0,00000000;0,00000000;20251111
83;1O;17478;AU000000ORA8;ORORA LTD;AUD;AUSTRALIA;111111;201;O;1512442,000;0,000;0,000;0,000;2,1868;1,2691;3307414,4400;1919491,58;1,723068;2,2100;1,2426;3342496,8200;1879390,96;3342496,8200;1879390,96;2,0900;1,061;3,217;-2,089;10,939;0,191;0,097;5,742;0,097;0,000;0,000;0,0000;0,00;;;;DAUD;N007000;T300;;099903      ORORA LTD;2,18680414;1,26913401;2,21000000;1,24262018;2,09000000;1512442,00000000;0,00000000;0,00000000;0,00000000;0,00000000;20251111
83;1O;31244;AU000000LLC3;LEND LEASE GROUP STAPLED SECURITIES;AUD;AUSTRALIA;111111;223;O;382983,000;0,000;0,000;0,000;6,1842;3,6846;2368473,3420;1411149,78;1,678400;5,4700;3,0756;2094917,0100;1177912,29;2094917,0100;1177912,29;5,4600;-11,550;5,964;-16,528;6,856;0,120;0,061;0,183;0,061;0,000;0,000;0,0000;0,00;;;;DAUD;N007000;T300;;099939      LEND LEASE GROUP STAPLED SECURITIES;6,18427800;3,68462772;5,47000000;3,07562552;5,46000000;382983,00000000;0,00000000;0,00000000;0,00000000;0,00000000;20251111
83;1O;03510;CA1363751027;CANADIAN NATIONAL RAILWAY CAD;CAD;TORONTO;111111;201;O;36187,000;0,000;0,000;0,000;145,4341;97,3773;5262826,8320;3523795,78;1,493511;134,4300;82,7312;4864618,4100;2993795,56;4864618,4100;2993795,56;132,5000;-7,566;8,797;-15,041;9,307;0,304;0,154;1,457;0,155;0,000;0,000;0,0000;0,00;;;;DCAD;N013000;T300;;099846      CANADIAN NATIONAL RAILWAY CAD;145,43418443;97,37739464;134,43000000;82,73124499;132,50000000;36187,00000000;0,00000000;0,00000000;0,00000000;0,00000000;20251111
83;1O;10636;DK0060079531;DSV A/S;DKK;COPENHAGEN;111111;201;O;36655,000;0,000;0,000;0,000;1459,7152;195,6225;53505863,6420;7170546,40;7,461895;1465,0000;196,1834;53699575,0000;7191104,79;53699575,0000;7191104,79;1429,5000;0,362;0,075;0,287;51,608;0,730;0,370;2,483;0,372;0,000;0,000;0,0000;0,00;;;;DDKK;N021000;T300;;099630      DSV A/S;1459,71528146;195,62259991;1465,00000000;196,18346166;1429,50000000;36655,00000000;0,00000000;0,00000000;0,00000000;0,00000000;20251111
83;1O;47417;DK0062498333;NOVO NORDISK A/S-B;DKK;COPENHAGEN;111111;201;O;152985,000;0,000;0,000;0,000;536,0733;71,8726;82011177,9000;10995441,72;7,458652;313,6500;42,0020;47983745,2500;6425677,30;47983745,2500;6425677,30;294,7000;-41,491;0,119;-41,561;46,115;0,653;0,331;6,430;0,332;0,000;0,000;0,0000;0,00;;;;DDKK;N021000;T300;;099669      NOVO NORDISK A/S-B;536,07332679;71,87267849;313,65000000;42,00200870;294,70000000;152985,00000000;0,00000000;0,00000000;0,00000000;0,00000000;20251111
83;1O;44229;GB00BP92CJ43;TATE & LYLE PLC;GBP;LONDRA;111111;201;O;1038445,000;0,000;0,000;0,000;5,5390;6,5048;5752049,1950;6754915,31;0,851535;3,9460;4,4830;4097703,9700;4655423,73;4097703,9700;4655423,73;3,8840;-28,761;3,366;-31,081;11,260;0,473;0,240;1,596;0,241;0,000;0,000;0,0000;0,00;;;;DGBP;N031000;T300;;099760      TATE & LYLE PLC;5,53909855;6,50483685;3,94600000;4,48307202;3,88400000;1038445,00000000;0,00000000;0,00000000;0,00000000;0,00000000;20251111
83;1O;03729;GB0006825383;PERSIMMON PLC.;GBP;LONDRA;111111;201;O;282672,000;0,000;0,000;0,000;11,6307;13,9701;3287690,1300;3948963,69;0,832545;12,5600;14,2694;3550360,3200;4033583,64;3550360,3200;4033583,64;12,3150;7,990;5,724;2,143;9,756;0,410;0,208;1,989;0,208;0,000;0,000;0,0000;0,00;;;;DGBP;N031000;T300;;099792      PERSIMMON PLC.;11,63075978;13,97012682;12,56000000;14,26948420;12,31500000;282672,00000000;0,00000000;0,00000000;0,00000000;0,00000000;20251111
83;1O;09739;GB00B2B0DG97;REED ELSEVIER PLC A;GBP;LONDRA;111111;201;O;54366,000;0,000;0,000;0,000;38,7965;46,0270;2109210,5250;2502307,23;0,842906;32,2700;36,6621;1754390,8200;1993172,94;1754390,8200;1993172,94;31,8000;-16,822;4,424;-20,347;4,821;0,202;0,103;1,478;0,103;0,000;0,000;0,0000;0,00;;;;DGBP;N031000;T300;;099897      REED ELSEVIER PLC A;38,79650011;46,02706158;32,27000000;36,66212224;31,80000000;54366,00000000;0,00000000;0,00000000;0,00000000;0,00000000;20251111
83;1O;01504;GB0007908733;SSE PLC;GBP;LONDRA;111111;201;O;50493,000;0,000;0,000;0,000;15,9858;19,1808;807175,0910;968499,64;0,833428;19,7450;22,4324;996984,2850;1132679,26;996984,2850;1132679,26;19,4300;23,515;5,612;16,952;2,739;0,115;0,058;1,621;0,059;0,000;0,000;0,0000;0,00;;;;DGBP;N031000;T300;;099942      SSE PLC;15,98588103;19,18086942;19,74500000;22,43240172;19,43000000;50493,00000000;0,00000000;0,00000000;0,00000000;0,00000000;20251111
83;1O;12368;IE0001827041;CRH PLC.- LONDRA GBP;GBP;LONDRA;111111;201;O;96834,000;0,000;0,000;0,000;71,5520;85,2333;6928670,6290;8253487,70;0,839484;85,8400;97,5232;8312230,5600;9443570,28;8312230,5600;9443570,28;86,3600;19,969;4,850;14,419;22,840;0,959;0,486;-0,602;0,488;0,000;0,000;0,0000;0,00;;;;DGBP;N040000;T300;;099514      CRH PLC.- LONDRA GBP;71,55204400;85,23336534;85,84000000;97,52329016;86,36000000;96834,00000000;0,00000000;0,00000000;0,00000000;0,00000000;20251111
83;1O;19903;IE00BTN1Y115;MEDTRONIC PLC;USD;NEW YORK;111111;201;O;157086,000;0,000;0,000;0,000;79,8800;77,1340;12548029,6800;12116676,02;1,035600;95,4000;82,2697;14986004,4000;12923425,66;14986004,4000;12923425,66;92,6600;19,429;11,974;6,658;1,684;1,313;0,665;2,957;0,668;0,000;0,000;0,0000;0,00;;;;DUSD;N040000;T300;;099335      MEDTRONIC PLC;79,88000000;77,13402862;95,40000000;82,26974818;92,66000000;157086,00000000;0,00000000;0,00000000;0,00000000;0,00000000;20251111
83;1O;46296;IE000S9YS762;LINDE PLC NEW - USD;USD;OTC;111111;201;O;34176,000;0,000;0,000;0,000;419,7282;403,8390;14344631,9570;13801604,03;1,039345;426,6500;367,9285;14581190,4000;12574327,70;14581190,4000;12574327,70;420,6700;1,649;11,570;-8,892;1,638;1,277;0,647;1,422;0,650;0,000;0,000;0,0000;0,00;;;;DUSD;N040000;T300;;099353      LINDE PLC NEW - USD;419,72822907;403,83906923;426,65000000;367,92859606;420,67000000;34176,00000000;0,00000000;0,00000000;0,00000000;0,00000000;20251111
83;1O;37185;IE00BK9ZQ967;TRANE TECH PLC;USD;NEW YORK;111111;201;O;27209,000;0,000;0,000;0,000;367,3361;353,5966;9994850,0500;9621010,29;1,038857;421,6400;363,6081;11472402,7600;9893413,90;11472402,7600;9893413,90;433,5000;14,783;11,623;2,831;1,289;1,005;0,509;-2,736;0,511;0,000;0,000;0,0000;0,00;;;;DUSD;N040000;T300;;099491      TRANE TECH PLC;367,33617736;353,59661472;421,64000000;363,60814073;433,50000000;27209,00000000;0,00000000;0,00000000;0,00000000;0,00000000;20251111
83;1O;18593;IE00BLS09M33;PENTAIR PLC;USD;NEW YORK;111111;201;O;16943,000;0,000;0,000;0,000;99,5973;95,9001;1687477,1960;1624835,76;1,038552;108,2400;93,3425;1833910,3200;1581502,52;1833910,3200;1581502,52;108,6900;8,678;11,655;-2,667;0,206;0,161;0,081;-0,414;0,082;0,000;0,000;0,0000;0,00;;;;DUSD;N040000;T300;;099919      PENTAIR PLC;99,59730838;95,90012158;108,24000000;93,34253190;108,69000000;16943,00000000;0,00000000;0,00000000;0,00000000;0,00000000;20251111
83;1O;00158;NO0005052605;NORSK HYDRO;NOK;OSLO;111111;201;O;386332,000;0,000;0,000;0,000;69,6884;5,9692;26922858,9500;2306125,23;11,674500;71,7800;6,1565;27730910,9600;2378477,84;27730910,9600;2378477,84;71,5600;3,001;-0,132;3,137;91,851;0,242;0,122;0,307;0,123;0,000;0,000;0,0000;0,00;;;;DNOK;N048000;T300;;099878      NORSK HYDRO;69,68840000;5,96928349;71,78000000;6,15656440;71,56000000;386332,00000000;0,00000000;0,00000000;0,00000000;0,00000000;20251111
83;1O;24521;NL0011585146;FERRARI NV - USD -;USD;NEW YORK;111111;201;O;7489,000;0,000;0,000;0,000;424,4850;408,4964;3178968,8040;3059229,99;1,039140;422,4600;364,3152;3163802,9400;2728357,14;3163802,9400;2728357,14;411,4000;-0,477;11,592;-10,816;0,355;0,277;0,140;2,688;0,141;0,000;0,000;0,0000;0,00;;;;DUSD;N050000;T300;;099860      FERRARI NV - USD -;424,48508532;408,49646014;422,46000000;364,31528113;411,40000000;7489,00000000;0,00000000;0,00000000;0,00000000;0,00000000;20251111
83;1O;44332;SE0017486889;ATLAS COPCO AB-A SHS;SEK;STOCCOLMA;111111;201;O;494236,000;0,000;0,000;0,000;159,6615;14,4822;78910497,5220;7157628,83;11,024670;159,6500;14,5614;78904777,4000;7196780,11;78904777,4000;7196780,11;157,3500;-0,007;-0,551;0,547;43,810;0,731;0,370;1,462;0,372;0,000;0,000;0,0000;0,00;;;;DSEK;N068000;T300;;099630      ATLAS COPCO AB-A SHS;159,66157366;14,48220856;159,65000000;14,56142431;157,35000000;494236,00000000;0,00000000;0,00000000;0,00000000;0,00000000;20251111
83;1O;00418;SE0000108227;S.K.F. AB CL.B;SEK;STOCCOLMA;111111;201;O;248015,000;0,000;0,000;0,000;251,3985;22,8422;62350606,3900;5665227,13;11,005844;241,0000;21,9812;59771615,0000;5451674,59;59771615,0000;5451674,59;258,5000;-4,136;-0,381;-3,770;33,187;0,554;0,281;-6,770;0,282;0,000;0,000;0,0000;0,00;;;;DSEK;N068000;T300;;099719      S.K.F. AB CL.B;251,39852988;22,84227619;241,00000000;21,98122930;258,50000000;248015,00000000;0,00000000;0,00000000;0,00000000;0,00000000;20251111
83;1O;23094;SE0007100581;ASSA ABLOY AB-B;SEK;STOCCOLMA;111111;201;O;111595,000;0,000;0,000;0,000;331,0961;30,1010;36948670,4000;3359122,73;10,999500;358,5000;32,6982;40006807,5000;3648957,72;40006807,5000;3648957,72;352,9000;8,277;-0,324;8,628;22,213;0,371;0,188;1,587;0,189;0,000;0,000;0,0000;0,00;;;;DSEK;N068000;T300;;099812      ASSA ABLOY AB-B;331,09611004;30,10101465;358,50000000;32,69821869;352,90000000;111595,00000000;0,00000000;0,00000000;0,00000000;0,00000000;20251111
83;1O;02738;US67066G1040;NVIDIA CORP.;USD;OTC;111111;201;O;575037,000;0,000;0,000;0,000;132,9437;128,0595;76447592,0180;73638963,01;1,038141;193,1600;166,5746;111074146,9200;95786604,79;111074146,9200;95786604,79;199,0500;45,295;11,700;30,076;12,479;9,730;4,930;-2,959;4,951;0,000;0,000;0,0000;0,00;;;;DUSD;N069000;T300;;095070      NVIDIA CORP.;132,94377930;128,05952140;193,16000000;166,57468092;199,05000000;575037,00000000;0,00000000;0,00000000;0,00000000;0,00000000;20251111
83;1O;08768;US92826C8394;VISA INC CLASS A SHS;USD;NEW YORK;111111;201;O;117311,000;0,000;0,000;0,000;316,3717;304,7318;37113885,9660;35748395,65;1,038197;338,9200;292,2731;39759044,1200;34286861,09;39759044,1200;34286861,09;334,8500;7,127;11,694;-4,088;4,467;3,483;1,765;1,215;1,772;0,000;0,000;0,0000;0,00;;;;DUSD;N069000;T300;;098235      VISA INC CLASS A SHS;316,37174660;304,73182949;338,92000000;292,27319765;334,85000000;117311,00000000;0,00000000;0,00000000;0,00000000;0,00000000;20251111
83;1O;06606;US57636Q1040;MASTERCARD INC CL A;USD;NEW YORK;111111;201;O;71082,000;0,000;0,000;0,000;525,1671;505,4406;37329932,2460;35927730,90;1,039028;558,3500;481,5022;39688634,7000;34226142,38;39688634,7000;34226142,38;552,9600;6,319;11,604;-4,736;4,459;3,477;1,762;0,975;1,769;0,000;0,000;0,0000;0,00;;;;DUSD;N069000;T300;;098238      MASTERCARD INC CL A;525,16716251;505,44063053;558,35000000;481,50224215;552,96000000;71082,00000000;0,00000000;0,00000000;0,00000000;0,00000000;20251111
83;1O;00448;US68389X1054;ORACLE CORP.;USD;OTC;111111;201;O;139276,000;0,000;0,000;0,000;165,3071;159,2816;23023323,8330;22184108,63;1,037830;236,1500;203,6478;32890027,4000;28363252,33;32890027,4000;28363252,33;240,8300;42,855;11,733;27,854;3,695;2,881;1,460;-1,943;1,466;0,000;0,000;0,0000;0,00;;;;DUSD;N069000;T300;;098540      ORACLE CORP.;165,30718740;159,28163237;236,15000000;203,64780958;240,83000000;139276,00000000;0,00000000;0,00000000;0,00000000;0,00000000;20251111
83;1O;14741;US00287Y1091;ABBVIE INC;USD;NEW YORK;111111;201;O;93976,000;0,000;0,000;0,000;177,7000;171,5913;16699535,2000;16125468,52;1,035600;225,1700;194,1790;21160575,9200;18248168,26;21160575,9200;18248168,26;218,7100;26,714;11,974;13,164;2,377;1,854;0,939;2,954;0,943;0,000;0,000;0,0000;0,00;;;;DUSD;N069000;T300;;099061      ABBVIE INC;177,70000000;171,59134800;225,17000000;194,17902725;218,71000000;93976,00000000;0,00000000;0,00000000;0,00000000;0,00000000;20251111
83;1O;00095;US4370761029;HOME DEPOT INC.;USD;NEW YORK;111111;201;O;51660,000;0,000;0,000;0,000;387,2241;371,7483;20003999,8250;19204518,57;1,041630;374,2400;322,7319;19333238,4000;16672333,91;19333238,4000;16672333,91;370,4300;-3,353;11,326;-13,185;2,172;1,694;0,858;1,029;0,862;0,000;0,000;0,0000;0,00;;;;DUSD;N069000;T300;;099142      HOME DEPOT INC.;387,22415456;371,74832694;374,24000000;322,73197654;370,43000000;51660,00000000;0,00000000;0,00000000;0,00000000;0,00000000;20251111
83;1O;00423;US0382221051;APPLIED MATERIALS INC.;USD;OTC;111111;201;O;80368,000;0,000;0,000;0,000;181,0757;167,2025;14552696,1470;13437734,10;1,082972;228,6700;197,1973;18377750,5600;15848353,36;18377750,5600;15848353,36;235,0800;26,284;7,076;17,939;2,065;1,610;0,816;-2,727;0,819;0,000;0,000;0,0000;0,00;;;;DUSD;N069000;T300;;099184      APPLIED MATERIALS INC.;181,07575337;167,20254454;228,67000000;197,19730941;235,08000000;80368,00000000;0,00000000;0,00000000;0,00000000;0,00000000;20251111
83;1O;00174;US7427181091;PROCTER & GAMBLE CO.;USD;NEW YORK;111111;201;O;119944,000;0,000;0,000;0,000;162,4313;152,2470;19482669,5170;18261120,19;1,066893;148,5400;128,0958;17816481,7600;15364334,05;17816481,7600;15364334,05;145,5000;-8,552;8,689;-15,863;2,002;1,561;0,791;2,089;0,794;0,000;0,000;0,0000;0,00;;;;DUSD;N069000;T300;;099209      PROCTER & GAMBLE CO.;162,43138061;152,24705020;148,54000000;128,09589513;145,50000000;119944,00000000;0,00000000;0,00000000;0,00000000;0,00000000;20251111
83;1O;00222;US8825081040;TEXAS INSTRUMENTS INC.;USD;OTC;111111;201;O;99314,000;0,000;0,000;0,000;187,0992;176,2006;18581574,8760;17499194,51;1,061853;159,7300;137,7457;15863425,2200;13680083,84;15863425,2200;13680083,84;160,5800;-14,628;9,205;-21,824;1,782;1,390;0,704;-0,529;0,707;0,000;0,000;0,0000;0,00;;;;DUSD;N069000;T300;;099296      TEXAS INSTRUMENTS INC.;187,09924961;176,20068177;159,73000000;137,74577440;160,58000000;99314,00000000;0,00000000;0,00000000;0,00000000;0,00000000;20251111
83;1O;17264;US81762P1021;SERVICENOW INC;USD;NEW YORK;111111;201;O;18357,000;0,000;0,000;0,000;1048,0202;980,1378;19238507,0820;17992391,07;1,069258;860,6700;742,2128;15799319,1900;13624800,96;15799319,1900;13624800,96;866,3000;-17,877;8,449;-24,275;1,775;1,384;0,701;-0,650;0,704;0,000;0,000;0,0000;0,00;;;;DUSD;N069000;T300;;099299      SERVICENOW INC;1048,02021474;980,13788037;860,67000000;742,21283201;866,30000000;18357,00000000;0,00000000;0,00000000;0,00000000;0,00000000;20251111
83;1O;00481;US7475251036;QUALCOMM INC.;USD;OTC;111111;201;O;87484,000;0,000;0,000;0,000;153,6052;147,9210;13437997,9510;12940727,85;1,038427;173,9800;150,0344;15220466,3200;13125617,73;15220466,3200;13125617,73;171,5700;13,264;11,669;1,429;1,710;1,333;0,676;1,405;0,678;0,000;0,000;0,0000;0,00;;;;DUSD;N069000;T300;;099324      QUALCOMM INC.;153,60520724;147,92108099;173,98000000;150,03449465;171,57000000;87484,00000000;0,00000000;0,00000000;0,00000000;0,00000000;20251111
83;1O;00060;US2358511028;DANAHER CORP.;USD;NEW YORK;111111;201;O;69136,000;0,000;0,000;0,000;229,5500;221,6589;15870168,8000;15324612,59;1,035600;215,7900;186,0900;14918857,4400;12865520,39;14918857,4400;12865520,39;211,1700;-5,994;11,974;-16,047;1,676;1,307;0,662;2,188;0,665;0,000;0,000;0,0000;0,00;;;;DUSD;N069000;T300;;099338      DANAHER CORP.;229,55000000;221,65894165;215,79000000;186,09003104;211,17000000;69136,00000000;0,00000000;0,00000000;0,00000000;0,00000000;20251111
83;1O;04319;US79466L3024;SALESFORCE COM INC.;USD;NEW YORK;111111;201;O;59949,000;0,000;0,000;0,000;329,9755;317,7772;19781702,1490;19050426,14;1,038386;244,5000;210,8485;14657530,5000;12640160,83;14657530,5000;12640160,83;241,7100;-25,904;11,673;-33,649;1,647;1,284;0,651;1,154;0,653;0,000;0,000;0,0000;0,00;;;;DUSD;N069000;T300;;099349      SALESFORCE COM INC.;329,97551500;317,77721296;244,50000000;210,84856847;241,71000000;59949,00000000;0,00000000;0,00000000;0,00000000;0,00000000;20251111
83;1O;60431;US5128073062;LAM RESEARCH CORP;USD;OTC;111111;201;O;91197,000;0,000;0,000;0,000;72,2300;69,7470;6587159,3100;6360717,76;1,035600;159,1800;137,2714;14516738,4600;12518746,52;14516738,4600;12518746,52;166,3700;120,379;11,974;96,813;1,631;1,272;0,644;-4,322;0,647;0,000;0,000;0,0000;0,00;;;;DUSD;N069000;T300;;099356      LAM RESEARCH CORP;72,23000000;69,74700659;159,18000000;137,27147292;166,37000000;91197,00000000;0,00000000;0,00000000;0,00000000;0,00000000;20251111
83;1O;10451;US58933Y1055;MERCK E CO INC;USD;NEW YORK;111111;201;O;158363,000;0,000;0,000;0,000;98,9060;95,1400;15663063,8900;15066669,78;1,039584;90,9500;78,4322;14403114,8500;12420761,34;14403114,8500;12420761,34;86,7500;-8,044;11,545;-17,561;1,618;1,262;0,639;4,841;0,642;0,000;0,000;0,0000;0,00;;;;DUSD;N069000;T300;;099361      MERCK E CO INC;98,90608216;95,14008815;90,95000000;78,43221800;86,75000000;158363,00000000;0,00000000;0,00000000;0,00000000;0,00000000;20251111
83;1O;00061;US2441991054;DEERE & CO.;USD;NEW YORK;111111;201;O;28464,000;0,000;0,000;0,000;424,5665;408,5065;12084862,9520;11627730,61;1,039314;477,9500;412,1679;13604368,8000;11731949,64;13604368,8000;11731949,64;474,3900;12,574;11,574;0,896;1,528;1,192;0,604;0,750;0,606;0,000;0,000;0,0000;0,00;;;;DUSD;N069000;T300;;099396      DEERE & CO.;424,56657363;408,50655600;477,95000000;412,16798896;474,39000000;28464,00000000;0,00000000;0,00000000;0,00000000;0,00000000;20251111
83;1O;25523;US78409V1044;S&P GLOBAL-ORD SHS;USD;NEW YORK;111111;201;O;24680,000;0,000;0,000;0,000;495,8746;477,2963;12238185,6100;11779673,66;1,038924;497,7300;429,2255;12283976,4000;10593287,69;12283976,4000;10593287,69;493,8400;0,374;11,615;-10,071;1,380;1,076;0,545;0,788;0,548;0,000;0,000;0,0000;0,00;;;;DUSD;N069000;T300;;099455      S&P GLOBAL-ORD SHS;495,87461953;477,29633954;497,73000000;429,22559503;493,84000000;24680,00000000;0,00000000;0,00000000;0,00000000;0,00000000;20251111
83;1O;01191;US4612021034;INTUIT INC.;USD;OTC;111111;201;O;17477,000;0,000;0,000;0,000;625,6275;602,1952;10934092,1290;10524566,67;1,038911;654,3200;564,2635;11435550,6400;9861633,87;11435550,6400;9861633,87;653,2700;4,586;11,617;-6,299;1,285;1,002;0,508;0,161;0,510;0,000;0,000;0,0000;0,00;;;;DUSD;N069000;T300;;099492      INTUIT INC.;625,62751782;602,19526635;654,32000000;564,26353915;653,27000000;17477,00000000;0,00000000;0,00000000;0,00000000;0,00000000;20251111
83;1O;00007;US0028241000;ABBOTT LABORATORIES CORP.;USD;NEW YORK;111111;201;O;87715,000;0,000;0,000;0,000;119,9577;111,2530;10522094,4700;9758561,68;1,078242;127,0000;109,5205;11139805,0000;9606592,79;11139805,0000;9606592,79;125,8900;5,871;7,545;-1,557;1,252;0,976;0,494;0,882;0,497;0,000;0,000;0,0000;0,00;;;;DUSD;N069000;T300;;099506      ABBOTT LABORATORIES CORP.;119,95775488;111,25305455;127,00000000;109,52052431;125,89000000;87715,00000000;0,00000000;0,00000000;0,00000000;0,00000000;20251111
83;1O;00103;US4581401001;INTEL CORP.;USD;OTC;111111;201;O;293422,000;0,000;0,000;0,000;20,0689;19,3110;5888673,8110;5666279,65;1,039249;37,8800;32,6664;11114825,3600;9585051,19;11114825,3600;9585051,19;38,4500;88,749;11,581;69,160;1,249;0,974;0,493;-1,482;0,495;0,000;0,000;0,0000;0,00;;;;DUSD;N069000;T300;;099507      INTEL CORP.;20,06895805;19,31102524;37,88000000;32,66643670;38,45000000;293422,00000000;0,00000000;0,00000000;0,00000000;0,00000000;20251111
83;1O;00263;US17275R1023;CISCO SYSTEM INC.;USD;OTC;111111;201;O;153943,000;0,000;0,000;0,000;60,2252;56,9780;9271249,1750;8771366,61;1,056990;71,7100;61,8402;11039252,5300;9519879,73;11039252,5300;9519879,73;72,0900;19,070;9,708;8,534;1,240;0,967;0,490;-0,527;0,492;0,000;0,000;0,0000;0,00;;;;DUSD;N069000;T300;;099510      CISCO SYSTEM INC.;60,22520786;56,97801530;71,71000000;61,84028975;72,09000000;153943,00000000;0,00000000;0,00000000;0,00000000;0,00000000;20251111
83;1O;00017;US0311621009;AMGEN INC;USD;OTC;111111;201;O;31817,000;0,000;0,000;0,000;260,6400;251,6801;8292782,8800;8007708,45;1,035600;338,4500;291,8678;10768463,6500;9286360,51;10768463,6500;9286360,51;323,6600;29,853;11,974;15,968;1,210;0,943;0,478;4,570;0,480;0,000;0,000;0,0000;0,00;;;;DUSD;N069000;T300;;099522      AMGEN INC;260,64000000;251,68018512;338,45000000;291,86788547;323,66000000;31817,00000000;0,00000000;0,00000000;0,00000000;0,00000000;20251111
83;1O;00492;US9078181081;UNION PACIFIC CORP.;USD;NEW YORK;111111;201;O;47253,000;0,000;0,000;0,000;227,5024;218,9531;10750173,5100;10346193,97;1,039046;224,8000;193,8599;10622474,4000;9160464,30;10622474,4000;9160464,30;223,8800;-1,188;11,602;-11,461;1,193;0,930;0,471;0,411;0,473;0,000;0,000;0,0000;0,00;;;;DUSD;N069000;T300;;099529      UNION PACIFIC CORP.;227,50245508;218,95316636;224,80000000;193,85995170;223,88000000;47253,00000000;0,00000000;0,00000000;0,00000000;0,00000000;20251111
83;1O;19426;US6974351057;PALO ALTO NETWORKS INC;USD;NEW YORK;111111;201;O;45207,000;0,000;0,000;0,000;181,0792;174,3000;8186048,6480;7879582,30;1,038894;218,2700;188,2286;9867331,8900;8509254,82;9867331,8900;8509254,82;216,5400;20,538;11,619;7,991;1,109;0,864;0,438;0,799;0,440;0,000;0,000;0,0000;0,00;;;;DUSD;N069000;T300;;099562      PALO ALTO NETWORKS INC;181,07922773;174,30004866;218,27000000;188,22869955;216,54000000;45207,00000000;0,00000000;0,00000000;0,00000000;0,00000000;20251111
83;1O;02840;US8636671013;STRYKER CORP.;USD;NEW YORK;111111;201;O;25658,000;0,000;0,000;0,000;360,0500;347,6728;9238162,9000;8920589,90;1,035600;363,7000;313,6426;9331814,6000;8047442,74;9331814,6000;8047442,74;355,0200;1,014;11,974;-9,788;1,048;0,817;0,414;2,445;0,416;0,000;0,000;0,0000;0,00;;;;DUSD;N069000;T300;;099586      STRYKER CORP.;360,05000000;347,67284667;363,70000000;313,64263539;355,02000000;25658,00000000;0,00000000;0,00000000;0,00000000;0,00000000;20251111
83;1O;01357;US0530151036;AUTOMATIC DATA PROCESSING;USD;OTC;111111;201;O;36240,000;0,000;0,000;0,000;292,4992;281,4810;10600172,6900;10200874,16;1,039144;255,2000;220,0758;9248448,0000;7975550,19;9248448,0000;7975550,19;254,0600;-12,752;11,592;-21,815;1,039;0,810;0,410;0,449;0,412;0,000;0,000;0,0000;0,00;;;;DUSD;N069000;T300;;099590      AUTOMATIC DATA PROCESSING;292,49924641;281,48107505;255,20000000;220,07588823;254,06000000;36240,00000000;0,00000000;0,00000000;0,00000000;0,00000000;20251111
83;1O;00349;US8725401090;TJX COMPANIES INC.;USD;NEW YORK;111111;201;O;62897,000;0,000;0,000;0,000;120,2424;114,9420;7562890,5550;7229507,42;1,046114;146,1600;126,0434;9193025,5200;7927755,71;9193025,5200;7927755,71;146,7200;21,554;10,848;9,658;1,033;0,805;0,408;-0,382;0,410;0,000;0,000;0,0000;0,00;;;;DUSD;N069000;T300;;099592      TJX COMPANIES INC.;120,24246871;114,94200709;146,16000000;126,04346326;146,72000000;62897,00000000;0,00000000;0,00000000;0,00000000;0,00000000;20251111
83;1O;01458;US92343V1044;VERIZON COMMUNICATION;USD;NEW YORK;111111;201;O;222885,000;0,000;0,000;0,000;43,1538;36,6549;9618357,0000;8169843,71;1,177300;40,7000;35,0983;9071419,5000;7822886,77;9071419,5000;7822886,77;39,8500;-5,686;-1,503;-4,247;1,019;0,795;0,403;2,133;0,404;0,000;0,000;0,0000;0,00;;;;DUSD;N069000;T300;;099597      VERIZON COMMUNICATION;43,15389999;36,65497323;40,70000000;35,09830976;39,85000000;222885,00000000;0,00000000;0,00000000;0,00000000;0,00000000;20251111
83;1O;03448;US8716071076;SYNOPSYS INC.;USD;OTC;111111;201;O;22693,000;0,000;0,000;0,000;494,9288;453,9773;11231421,4690;10302108,23;1,090206;395,6000;341,1521;8977350,8000;7741765,09;8977350,8000;7741765,09;400,7700;-20,069;6,365;-24,853;1,009;0,786;0,398;-1,290;0,400;0,000;0,000;0,0000;0,00;;;;DUSD;N069000;T300;;099602      SYNOPSYS INC.;494,92889741;453,97735997;395,60000000;341,15212142;400,77000000;22693,00000000;0,00000000;0,00000000;0,00000000;0,00000000;20251111
83;1O;00035;US1011371077;BOSTON SCIENTIFIC CORP.;USD;NEW YORK;111111;201;O;81903,000;0,000;0,000;0,000;89,3200;86,2495;7315575,9600;7064094,21;1,035600;102,5000;88,3925;8395057,5000;7239614,95;8395057,5000;7239614,95;100,9100;14,756;11,974;2,485;0,943;0,735;0,373;1,576;0,374;0,000;0,000;0,0000;0,00;;;;DUSD;N069000;T300;;099627      BOSTON SCIENTIFIC CORP.;89,32000000;86,24951723;102,50000000;88,39254915;100,91000000;81903,00000000;0,00000000;0,00000000;0,00000000;0,00000000;20251111
83;1O;23879;US95040Q1040;WELLTOWER INC;USD;NEW YORK;111111;201;O;42613,000;0,000;0,000;0,000;126,7779;121,9545;5402388,8930;5196850,89;1,039550;192,3100;165,8416;8194906,0300;7067011,06;8194906,0300;7067011,06;191,0600;51,690;11,548;35,986;0,921;0,718;0,364;0,654;0,365;0,000;0,000;0,0000;0,00;;;;DUSD;N069000;T300;;099636      WELLTOWER INC;126,77795257;121,95458874;192,31000000;165,84166954;191,06000000;42613,00000000;0,00000000;0,00000000;0,00000000;0,00000000;20251111
83;1O;04140;US92532F1003;VERTEX PHARMACEUTICALS INC.;USD;OTC;111111;201;O;19004,000;0,000;0,000;0,000;402,7000;388,8567;7652910,8000;7389832,75;1,035600;429,2200;370,1448;8156896,8800;7034233,25;8156896,8800;7034233,25;421,2000;6,586;11,974;-4,812;0,916;0,715;0,362;1,904;0,364;0,000;0,000;0,0000;0,00;;;;DUSD;N069000;T300;;099638      VERTEX PHARMACEUTICALS INC.;402,70000000;388,85670122;429,22000000;370,14487754;421,20000000;19004,00000000;0,00000000;0,00000000;0,00000000;0,00000000;20251111
83;1O;00432;US0326541051;ANALOG DEVICES;USD;OTC;111111;201;O;34656,000;0,000;0,000;0,000;210,9948;203,1204;7312237,4100;7039343,64;1,038767;233,4100;201,2849;8089056,9600;6975730,39;8089056,9600;6975730,39;232,0000;10,624;11,632;-0,904;0,909;0,709;0,359;0,608;0,361;0,000;0,000;0,0000;0,00;;;;DUSD;N069000;T300;;099641      ANALOG DEVICES;210,99484678;203,12048822;233,41000000;201,28492583;232,00000000;34656,00000000;0,00000000;0,00000000;0,00000000;0,00000000;20251111
83;1O;02043;US00724F1012;ADOBE SYSTEM INC.;USD;OTC;111111;201;O;23879,000;0,000;0,000;0,000;357,8657;304,8539;8545475,8900;7279606,61;1,173893;333,2200;287,3577;7956960,3800;6861814,75;7956960,3800;6861814,75;328,8500;-6,887;-1,218;-5,739;0,894;0,697;0,353;1,329;0,355;0,000;0,000;0,0000;0,00;;;;DUSD;N069000;T300;;099647      ADOBE SYSTEM INC.;357,86573516;304,85391389;333,22000000;287,35770955;328,85000000;23879,00000000;0,00000000;0,00000000;0,00000000;0,00000000;20251111
83;1O;11964;US74340W1036;PROLOGIS INC;USD;NEW YORK;111111;201;O;61957,000;0,000;0,000;0,000;105,1168;101,1855;6512726,2510;6269155,69;1,038852;126,2600;108,8823;7822690,8200;6746025,20;7822690,8200;6746025,20;124,9000;20,114;11,623;7,607;0,879;0,685;0,347;1,089;0,349;0,000;0,000;0,0000;0,00;;;;DUSD;N069000;T300;;099653      PROLOGIS INC;105,11687543;101,18559145;126,26000000;108,88237323;124,90000000;61957,00000000;0,00000000;0,00000000;0,00000000;0,00000000;20251111
83;1O;03191;US3755581036;GILEAD SCIENCES INC.;USD;OTC;111111;201;O;63384,000;0,000;0,000;0,000;103,1741;94,5657;6539588,4800;5993958,52;1,091030;122,5600;105,6916;7768343,0400;6699157,50;7768343,0400;6699157,50;118,1500;18,789;6,285;11,765;0,873;0,680;0,345;3,733;0,346;0,000;0,000;0,0000;0,00;;;;DUSD;N069000;T300;;099655      GILEAD SCIENCES INC.;103,17412091;94,56579767;122,56000000;105,69161779;118,15000000;63384,00000000;0,00000000;0,00000000;0,00000000;0,00000000;20251111
83;1O;00575;US0527691069;AUTODESK INC.;USD;OTC;111111;201;O;25566,000;0,000;0,000;0,000;295,1175;273,1258;7544974,6800;6982734,37;1,080519;301,8600;260,3139;7717352,7600;6655185,20;7717352,7600;6655185,20;298,7200;2,285;7,319;-4,691;0,867;0,676;0,343;1,051;0,344;0,000;0,000;0,0000;0,00;;;;DUSD;N069000;T300;;099657      AUTODESK INC.;295,11752640;273,12580654;301,86000000;260,31390134;298,72000000;25566,00000000;0,00000000;0,00000000;0,00000000;0,00000000;20251111
83;1O;01205;US9113121068;UNITED PARCEL SERVICE CL.B;USD;NEW YORK;111111;201;O;77684,000;0,000;0,000;0,000;124,4576;119,8567;9668365,6810;9310951,63;1,038386;95,0300;81,9506;7382310,5200;6366256,05;7382310,5200;6366256,05;93,0600;-23,645;11,673;-31,626;0,829;0,647;0,328;2,117;0,329;0,000;0,000;0,0000;0,00;;;;DUSD;N069000;T300;;099672      UNITED PARCEL SERVICE CL.B;124,45761908;119,85674823;95,03000000;81,95067264;93,06000000;77684,00000000;0,00000000;0,00000000;0,00000000;0,00000000;20251111
83;1O;00261;US5486611073;LOWE'S COMPANIES INC.;USD;NEW YORK;111111;201;O;30914,000;0,000;0,000;0,000;243,6328;232,5260;7531664,9490;7188310,81;1,047766;235,3400;202,9492;7275300,7600;6273974,44;7275300,7600;6273974,44;233,0300;-3,404;10,674;-12,720;0,817;0,637;0,323;0,991;0,324;0,000;0,000;0,0000;0,00;;;;DUSD;N069000;T300;;099677      LOWE'S COMPANIES INC.;243,63281843;232,52606618;235,34000000;202,94929285;233,03000000;30914,00000000;0,00000000;0,00000000;0,00000000;0,00000000;20251111
83;1O;06874;US9581021055;WESTERN DIGITAL CORP;USD;NEW YORK;111111;201;O;42864,000;0,000;0,000;0,000;42,9581;41,5255;1841356,9730;1779950,65;1,034499;169,9900;146,5936;7286451,3600;6283590,34;7286451,3600;6283590,34;174,2200;295,711;12,093;253,020;0,819;0,638;0,323;-2,428;0,325;0,000;0,000;0,0000;0,00;;;;DUSD;N069000;T300;;099677      WESTERN DIGITAL CORP;42,95812273;41,52553774;169,99000000;146,59365298;174,22000000;42864,00000000;0,00000000;0,00000000;0,00000000;0,00000000;20251111
83;1O;37453;US68902V1070;OTIS WORLDWIDE;USD;NEW YORK;111111;201;O;78100,000;0,000;0,000;0,000;93,4241;88,4744;7296423,6570;6909857,40;1,055944;90,3200;77,8889;7053992,0000;6083125,22;7053992,0000;6083125,22;90,2600;-3,323;9,816;-11,965;0,793;0,618;0,313;0,066;0,314;0,000;0,000;0,0000;0,00;;;;DUSD;N069000;T300;;099687      OTIS WORLDWIDE;93,42411852;88,47448655;90,32000000;77,88892721;90,26000000;78100,00000000;0,00000000;0,00000000;0,00000000;0,00000000;20251111
83;1O;00567;US2788651006;ECOLAB INC.;USD;NEW YORK;111111;201;O;24905,000;0,000;0,000;0,000;234,2322;225,4033;5833554,2370;5613671,05;1,039169;262,0500;225,9830;6526355,2500;5628109,05;6526355,2500;5628109,05;258,5600;11,876;11,589;0,257;0,733;0,572;0,290;1,350;0,291;0,000;0,000;0,0000;0,00;;;;DUSD;N069000;T300;;099710      ECOLAB INC.;234,23225203;225,40337482;262,05000000;225,98309761;258,56000000;24905,00000000;0,00000000;0,00000000;0,00000000;0,00000000;20251111
83;1O;12344;US98419M1009;XYLEM INC;USD;NEW YORK;111111;201;O;41565,000;0,000;0,000;0,000;118,1760;112,3777;4911985,8580;4670981,96;1,051596;149,7800;129,1652;6225605,7000;5368752,76;6225605,7000;5368752,76;151,0500;26,743;10,270;14,938;0,699;0,545;0,276;-0,841;0,278;0,000;0,000;0,0000;0,00;;;;DUSD;N069000;T300;;099724      XYLEM INC;118,17601005;112,37776879;149,78000000;129,16522938;151,05000000;41565,00000000;0,00000000;0,00000000;0,00000000;0,00000000;20251111
83;1O;00053;US1941621039;COLGATE PALMOLIVE CO.;USD;NEW YORK;111111;201;O;75525,000;0,000;0,000;0,000;81,5498;72,2927;6159049,8340;5459912,03;1,128049;79,4700;68,5322;6001971,7500;5175898,37;6001971,7500;5175898,37;78,4700;-2,550;2,797;-5,202;0,674;0,526;0,266;1,274;0,268;0,000;0,000;0,0000;0,00;;;;DUSD;N069000;T300;;099734      COLGATE PALMOLIVE CO.;81,54981574;72,29277762;79,47000000;68,53225250;78,47000000;75525,00000000;0,00000000;0,00000000;0,00000000;0,00000000;20251111
83;1O;19892;US29444U7000;EQUINIX INC;USD;OTC;111111;201;O;7123,000;0,000;0,000;0,000;933,7118;899,0214;6650829,6980;6403729,75;1,038587;821,0400;708,0372;5848267,9200;5043349,36;5848267,9200;5043349,36;828,1300;-12,067;11,652;-21,244;0,657;0,512;0,260;-0,856;0,261;0,000;0,000;0,0000;0,00;;;;DUSD;N069000;T300;;099740      EQUINIX INC;933,71187673;899,02144461;821,04000000;708,03725422;828,13000000;7123,00000000;0,00000000;0,00000000;0,00000000;0,00000000;20251111
83;1O;37454;US14448C1045;CARRIER GLOBAL CORP;USD;NEW YORK;111111;201;O;100978,000;0,000;0,000;0,000;67,5868;64,0035;6824785,6430;6462952,47;1,055986;56,9700;49,1290;5752716,6600;4960949,17;5752716,6600;4960949,17;57,3300;-15,708;9,812;-23,240;0,646;0,504;0,255;-0,628;0,256;0,000;0,000;0,0000;0,00;;;;DUSD;N069000;T300;;099745      CARRIER GLOBAL CORP;67,58685696;64,00356978;56,97000000;49,12901000;57,33000000;100978,00000000;0,00000000;0,00000000;0,00000000;0,00000000;20251111
83;1O;16468;US98978V1035;ZOETIS INC;USD;NEW YORK;111111;201;O;45135,000;0,000;0,000;0,000;162,9300;157,3290;7353845,5500;7101048,23;1,035600;120,1200;103,5874;5421616,2000;4675419,28;5421616,2000;4675419,28;119,7900;-26,275;11,974;-34,159;0,609;0,475;0,241;0,275;0,242;0,000;0,000;0,0000;0,00;;;;DUSD;N069000;T300;;099759      ZOETIS INC;162,93000000;157,32908452;120,12000000;103,58744394;119,79000000;45135,00000000;0,00000000;0,00000000;0,00000000;0,00000000;20251111
83;1O;12297;US7512121010;POLO RALPH LAUREN CORP. NEW;USD;NEW YORK;111111;201;O;15665,000;0,000;0,000;0,000;286,1682;247,8271;4482826,2100;3882212,37;1,154709;333,7800;287,8406;5228663,7000;4509023,54;5228663,7000;4509023,54;334,7100;16,638;0,424;16,146;0,587;0,458;0,232;-0,278;0,233;0,000;0,000;0,0000;0,00;;;;DUSD;N069000;T300;;099768      POLO RALPH LAUREN CORP. NEW;286,16828662;247,82715416;333,78000000;287,84063470;334,71000000;15665,00000000;0,00000000;0,00000000;0,00000000;0,00000000;20251111
83;1O;00572;US2371941053;DARDEN RESTAURANTS;USD;NEW YORK;111111;201;O;28523,000;0,000;0,000;0,000;195,2401;178,7503;5568833,8630;5098495,60;1,092250;171,5900;147,9734;4894261,5700;4220646,40;4894261,5700;4220646,40;173,5900;-12,113;6,166;-17,218;0,550;0,429;0,217;-1,152;0,218;0,000;0,000;0,0000;0,00;;;;DUSD;N069000;T300;;099783      DARDEN RESTAURANTS;195,24011720;178,75032780;171,59000000;147,97343911;173,59000000;28523,00000000;0,00000000;0,00000000;0,00000000;0,00000000;20251111
83;1O;04564;US5797802064;MCCORMICK & CO NON VTG;USD;NEW YORK;111111;201;O;73825,000;0,000;0,000;0,000;69,4631;62,9644;5128113,7780;4648347,48;1,103212;65,7100;56,6660;4851040,7500;4183374,22;4851040,7500;4183374,22;64,3100;-5,403;5,111;-10,003;0,545;0,425;0,215;2,177;0,216;0,000;0,000;0,0000;0,00;;;;DUSD;N069000;T300;;099785      MCCORMICK & CO NON VTG;69,46310569;62,96440880;65,71000000;56,66609175;64,31000000;73825,00000000;0,00000000;0,00000000;0,00000000;0,00000000;20251111
83;1O;33770;US1255231003;CIGNA CORP ORD;USD;NEW YORK;111111;201;O;17605,000;0,000;0,000;0,000;276,1400;266,6473;4861444,7000;4694326,67;1,035600;268,0000;231,1141;4718140,0000;4068765,09;4718140,0000;4068765,09;258,1600;-2,948;11,974;-13,326;0,530;0,413;0,209;3,812;0,210;0,000;0,000;0,0000;0,00;;;;DUSD;N069000;T300;;099791      CIGNA CORP ORD;276,14000000;266,64735416;268,00000000;231,11417730;258,16000000;17605,00000000;0,00000000;0,00000000;0,00000000;0,00000000;20251111
83;1O;08879;US0304201033;AMERICAN WATER WORKS CO INC;USD;NEW YORK;111111;201;O;35087,000;0,000;0,000;0,000;125,3418;120,5666;4397869,4210;4230322,70;1,039606;130,0100;112,1162;4561660,8700;3933822,76;4561660,8700;3933822,76;128,9400;3,724;11,542;-7,009;0,512;0,400;0,202;0,830;0,203;0,000;0,000;0,0000;0,00;;;;DUSD;N069000;T300;;099798      AMERICAN WATER WORKS CO INC;125,34184800;120,56666856;130,01000000;112,11624698;128,94000000;35087,00000000;0,00000000;0,00000000;0,00000000;0,00000000;20251111
83;1O;19628;US0367521038;ELEVANCE HEALTH INC;USD;NEW YORK;111111;201;O;14359,000;0,000;0,000;0,000;368,9000;356,2186;5297035,1000;5114943,12;1,035600;315,2500;271,8609;4526674,7500;3903651,91;4526674,7500;3903651,91;303,7800;-14,543;11,974;-23,681;0,509;0,397;0,201;3,776;0,202;0,000;0,000;0,0000;0,00;;;;DUSD;N069000;T300;;099799      ELEVANCE HEALTH INC;368,90000000;356,21861689;315,25000000;271,86098654;303,78000000;14359,00000000;0,00000000;0,00000000;0,00000000;0,00000000;20251111
83;1O;03366;US3021301094;EXPEDITORS INTL WASH INC.;USD;NEW YORK;111111;201;O;32090,000;0,000;0,000;0,000;110,5876;106,4272;3548756,0850;3415249,51;1,039091;139,5100;120,3087;4476875,9000;3860707,05;4476875,9000;3860707,05;140,4400;26,153;11,598;13,043;0,503;0,392;0,199;-0,662;0,200;0,000;0,000;0,0000;0,00;;;;DUSD;N069000;T300;;099801      EXPEDITORS INTL WASH INC.;110,58760003;106,42722062;139,51000000;120,30872714;140,44000000;32090,00000000;0,00000000;0,00000000;0,00000000;0,00000000;20251111
83;1O;00530;US0758871091;BECTON DICKINSON;USD;NEW YORK;111111;201;O;23518,000;0,000;0,000;0,000;226,8700;219,0710;5335528,6600;5152113,42;1,035600;189,0200;163,0044;4445372,3600;3833539,46;4445372,3600;3833539,46;181,6400;-16,684;11,974;-25,593;0,499;0,389;0,197;4,063;0,198;0,000;0,000;0,0000;0,00;;;;DUSD;N069000;T300;;099803      BECTON DICKINSON;226,87000000;219,07106981;189,02000000;163,00448430;181,64000000;23518,00000000;0,00000000;0,00000000;0,00000000;0,00000000;20251111
83;1O;33782;US24703L2025;DELL TECHS-ORD SHS CL C;USD;NEW YORK;111111;201;O;31241,000;0,000;0,000;0,000;128,7654;116,8544;4022762,3070;3650650,32;1,101930;138,7600;119,6619;4335001,1600;3738359,05;4335001,1600;3738359,05;142,6900;7,762;5,234;2,403;0,487;0,380;0,192;-2,754;0,193;0,000;0,000;0,0000;0,00;;;;DUSD;N069000;T300;;099808      DELL TECHS-ORD SHS CL C;128,76547828;116,85446432;138,76000000;119,66195239;142,69000000;31241,00000000;0,00000000;0,00000000;0,00000000;0,00000000;20251111
83;1O;08129;US90384S3031;ULTA BEAUTY INC;USD;OTC;111111;201;O;8269,000;0,000;0,000;0,000;508,0789;436,4655;4201304,5300;3609133,81;1,164076;522,8300;450,8709;4323281,2700;3728252,22;4323281,2700;3728252,22;516,5600;2,903;-0,385;3,300;0,486;0,379;0,192;1,214;0,193;0,000;0,000;0,0000;0,00;;;;DUSD;N069000;T300;;099808      ULTA BEAUTY INC;508,07891280;436,46557141;522,83000000;450,87098999;516,56000000;8269,00000000;0,00000000;0,00000000;0,00000000;0,00000000;20251111
83;1O;00212;US8718291078;SYSCO CORP.;USD;NEW YORK;111111;201;O;55217,000;0,000;0,000;0,000;76,0960;73,2468;4201798,0270;4044469,61;1,038900;75,4900;65,1000;4168331,3300;3594628,60;4168331,3300;3594628,60;74,5800;-0,796;11,618;-11,122;0,468;0,365;0,185;1,220;0,186;0,000;0,000;0,0000;0,00;;;;DUSD;N069000;T300;;099815      SYSCO CORP.;76,09609408;73,24681909;75,49000000;65,10003449;74,58000000;55217,00000000;0,00000000;0,00000000;0,00000000;0,00000000;20251111
83;1O;00549;US4180561072;HASBRO INC.;USD;NEW YORK;111111;201;O;52505,000;0,000;0,000;0,000;65,8680;57,9865;3458402,9900;3044585,01;1,135919;78,4300;67,6353;4117967,1500;3551196,23;4117967,1500;3551196,23;78,1500;19,071;2,085;16,640;0,463;0,361;0,183;0,358;0,184;0,000;0,000;0,0000;0,00;;;;DUSD;N069000;T300;;099817      HASBRO INC.;65,86806951;57,98657289;78,43000000;67,63539151;78,15000000;52505,00000000;0,00000000;0,00000000;0,00000000;0,00000000;20251111
83;1O;00104;US4595061015;INTERNATIONAL FLAVORS & FRAGRANCES INC.;USD;NEW YORK;111111;201;O;62979,000;0,000;0,000;0,000;82,2212;77,2594;5178211,2430;4865724,16;1,064222;65,3100;56,3211;4113158,4900;3547049,40;4113158,4900;3547049,40;62,7800;-20,568;8,962;-27,101;0,462;0,360;0,183;4,030;0,183;0,000;0,000;0,0000;0,00;;;;DUSD;N069000;T300;;099817      INTERNATIONAL FLAVORS & FRAGRANCES INC.;82,22123633;77,25946998;65,31000000;56,32114522;62,78000000;62979,00000000;0,00000000;0,00000000;0,00000000;0,00000000;20251111
83;1O;00316;US5745991068;MASCO CORP.;USD;NEW YORK;111111;201;O;65904,000;0,000;0,000;0,000;74,9131;69,0597;4937078,0670;4551311,84;1,084759;61,9300;53,4063;4081434,7200;3519691,89;4081434,7200;3519691,89;61,4700;-17,331;6,899;-22,666;0,459;0,358;0,181;0,748;0,182;0,000;0,000;0,0000;0,00;;;;DUSD;N069000;T300;;099819      MASCO CORP.;74,91317775;69,05972080;61,93000000;53,40634701;61,47000000;65904,00000000;0,00000000;0,00000000;0,00000000;0,00000000;20251111
83;1O;00426;US5951121038;MICRON TECHNOLOGY INC.;USD;OTC;111111;201;O;16924,000;0,000;0,000;0,000;99,0448;87,3622;1676235,4830;1478518,31;1,133727;241,1100;207,9251;4080545,6400;3518925,18;4080545,6400;3518925,18;253,3000;143,435;2,282;138,003;0,458;0,357;0,181;-4,812;0,182;0,000;0,000;0,0000;0,00;;;;DUSD;N069000;T300;;099819      MICRON TECHNOLOGY INC.;99,04487609;87,36222583;241,11000000;207,92514660;253,30000000;16924,00000000;0,00000000;0,00000000;0,00000000;0,00000000;20251111
83;1O;04388;US2533931026;DICK'S SPORTING GOODS INC.;USD;NEW YORK;111111;201;O;18143,000;0,000;0,000;0,000;218,2610;194,8498;3959909,8630;3535161,17;1,120150;217,9900;187,9872;3954992,5700;3410652,44;3954992,5700;3410652,44;219,6200;-0,124;3,522;-3,522;0,444;0,346;0,176;-0,742;0,176;0,000;0,000;0,0000;0,00;;;;DUSD;N069000;T300;;099824      DICK'S SPORTING GOODS INC.;218,26102976;194,84986882;217,99000000;187,98723697;219,62000000;18143,00000000;0,00000000;0,00000000;0,00000000;0,00000000;20251111
83;1O;13633;US8923561067;TRACTOR SUPPLY COMPANY;USD;OTC;111111;201;O;66373,000;0,000;0,000;0,000;57,0445;50,7239;3786219,7350;3366699,25;1,124609;55,9400;48,2407;3712905,6200;3201884,81;3712905,6200;3201884,81;55,4600;-1,936;3,111;-4,895;0,417;0,325;0,165;0,865;0,165;0,000;0,000;0,0000;0,00;;;;DUSD;N069000;T300;;099835      TRACTOR SUPPLY COMPANY;57,04457738;50,72392765;55,94000000;48,24077268;55,46000000;66373,00000000;0,00000000;0,00000000;0,00000000;0,00000000;20251111
83;1O;00399;US5184391044;ESTEE LAUDER COMPANIES CLA;USD;NEW YORK;111111;201;O;40539,000;0,000;0,000;0,000;92,0051;78,5329;3729795,3520;3183646,74;1,171548;90,8400;78,3373;3682562,7600;3175718,14;3682562,7600;3175718,14;89,6300;-1,266;-1,020;-0,249;0,414;0,323;0,163;1,350;0,164;0,000;0,000;0,0000;0,00;;;;DUSD;N069000;T300;;099837      ESTEE LAUDER COMPANIES CLA;92,00511487;78,53293717;90,84000000;78,33735770;89,63000000;40539,00000000;0,00000000;0,00000000;0,00000000;0,00000000;20251111
83;1O;07927;US2538681030;DIGITAL REALTY TRUST INC;USD;NEW YORK;111111;201;O;21440,000;0,000;0,000;0,000;175,3450;168,8442;3759397,6650;3620020,93;1,038502;168,5700;145,3690;3614140,8000;3116713,35;3614140,8000;3116713,35;169,2100;-3,864;11,661;-13,903;0,406;0,317;0,160;-0,378;0,161;0,000;0,000;0,0000;0,00;;;;DUSD;N069000;T300;;099840      DIGITAL REALTY TRUST INC;175,34504034;168,84425979;168,57000000;145,36909279;169,21000000;21440,00000000;0,00000000;0,00000000;0,00000000;0,00000000;20251111
83;1O;01310;US0865161014;BEST BUY COMPANY INC.;USD;NEW YORK;111111;201;O;45156,000;0,000;0,000;0,000;76,9775;65,5350;3475995,9900;2959301,88;1,174600;77,6800;66,9886;3507718,0800;3024937,98;3507718,0800;3024937,98;78,1500;0,913;-1,277;2,218;0,394;0,307;0,156;-0,601;0,156;0,000;0,000;0,0000;0,00;;;;DUSD;N069000;T300;;099844      BEST BUY COMPANY INC.;76,97750000;65,53507573;77,68000000;66,98861676;78,15000000;45156,00000000;0,00000000;0,00000000;0,00000000;0,00000000;20251111
83;1O;23399;US70450Y1038;PAYPAL HOLDINGS INC-W/I;USD;OTC;111111;201;O;50889,000;0,000;0,000;0,000;67,5124;57,3451;3435643,6100;2918239,71;1,177300;67,4000;58,1234;3429918,6000;2957846,33;3429918,6000;2957846,33;66,2500;-0,167;-1,503;1,357;0,385;0,300;0,152;1,736;0,153;0,000;0,000;0,0000;0,00;;;;DUSD;N069000;T300;;099848      PAYPAL HOLDINGS INC-W/I;67,51249995;57,34519660;67,40000000;58,12349085;66,25000000;50889,00000000;0,00000000;0,00000000;0,00000000;0,00000000;20251111
83;1O;00525;US4278661081;HERSHEY CO.;USD;NEW YORK;111111;201;O;19326,000;0,000;0,000;0,000;173,8150;149,8922;3359150,6200;2896818,40;1,159600;172,7200;148,9479;3337986,7200;2878567,37;3337986,7200;2878567,37;168,9100;-0,630;0,000;-0,630;0,375;0,292;0,148;2,256;0,149;0,000;0,000;0,0000;0,00;;;;DUSD;N069000;T300;;099852      HERSHEY CO.;173,81509986;149,89229017;172,72000000;148,94791307;168,91000000;19326,00000000;0,00000000;0,00000000;0,00000000;0,00000000;20251111
83;1O;04293;US12504L1098;CB RICHARD ELLIS GROUP INC. -CL A;USD;NEW YORK;111111;201;O;21370,000;0,000;0,000;0,000;130,5178;125,6391;2789166,5040;2684909,14;1,038831;154,9000;133,5805;3310213,0000;2854616,25;3310213,0000;2854616,25;151,8300;18,681;11,625;6,321;0,372;0,290;0,147;2,022;0,148;0,000;0,000;0,0000;0,00;;;;DUSD;N069000;T300;;099853      CB RICHARD ELLIS GROUP INC. -CL A;130,51785231;125,63917360;154,90000000;133,58054501;151,83000000;21370,00000000;0,00000000;0,00000000;0,00000000;0,00000000;20251111
83;1O;36719;US52736R1023;LEVI STRAUSS & CO CLASS A;USD;NEW YORK;111111;201;O;143070,000;0,000;0,000;0,000;19,9471;17,2457;2853845,6300;2467345,88;1,156646;21,3700;18,4287;3057405,9000;2636603,92;3057405,9000;2636603,92;21,0900;7,133;0,255;6,860;0,343;0,268;0,136;1,328;0,136;0,000;0,000;0,0000;0,00;;;;DUSD;N069000;T300;;099864      LEVI STRAUSS & CO CLASS A;19,94719808;17,24572503;21,37000000;18,42876854;21,09000000;143070,00000000;0,00000000;0,00000000;0,00000000;0,00000000;20251111
83;1O;01215;US00846U1016;AGILENT TECHNOLOGIES INC.;USD;NEW YORK;111111;201;O;20020,000;0,000;0,000;0,000;134,3400;129,7219;2689486,8000;2597032,45;1,035600;149,4200;128,8547;2991388,4000;2579672,65;2991388,4000;2579672,65;146,3600;11,225;11,974;-0,668;0,336;0,262;0,133;2,091;0,133;0,000;0,000;0,0000;0,00;;;;DUSD;N069000;T300;;099867      AGILENT TECHNOLOGIES INC.;134,34000000;129,72190059;149,42000000;128,85477750;146,36000000;20020,00000000;0,00000000;0,00000000;0,00000000;0,00000000;20251111
83;1O;09755;US92276F1003;VENTAS INC;USD;NEW YORK;111111;201;O;37749,000;0,000;0,000;0,000;59,2186;56,9667;2235445,7520;2150438,58;1,039530;76,1700;65,6864;2875341,3300;2479597,56;2875341,3300;2479597,56;75,9700;28,625;11,550;15,307;0,323;0,252;0,128;0,263;0,128;0,000;0,000;0,0000;0,00;;;;DUSD;N069000;T300;;099872      VENTAS INC;59,21867472;56,96676945;76,17000000;65,68644360;75,97000000;37749,00000000;0,00000000;0,00000000;0,00000000;0,00000000;20251111
83;1O;02976;US9884981013;YUM BRANDS INC.;USD;NEW YORK;111111;201;O;18846,000;0,000;0,000;0,000;145,5700;125,9691;2743412,2200;2374015,42;1,155600;150,7500;130,0017;2841034,5000;2450012,50;2841034,5000;2450012,50;148,2600;3,558;0,346;3,201;0,319;0,249;0,126;1,679;0,127;0,000;0,000;0,0000;0,00;;;;DUSD;N069000;T300;;099874      YUM BRANDS INC.;145,57000000;125,96919346;150,75000000;130,00172473;148,26000000;18846,00000000;0,00000000;0,00000000;0,00000000;0,00000000;20251111
83;1O;07900;US5500211090;LULULEMON ATHLETICA INC;USD;OTC;111111;201;O;16273,000;0,000;0,000;0,000;172,5206;148,0229;2807429,3500;2408776,79;1,165500;169,8100;146,4384;2763318,1300;2382992,52;2763318,1300;2382992,52;170,3500;-1,571;-0,506;-1,070;0,310;0,242;0,123;-0,317;0,123;0,000;0,000;0,0000;0,00;;;;DUSD;N069000;T300;;099877      LULULEMON ATHLETICA INC;172,52069993;148,02290849;169,81000000;146,43842704;170,35000000;16273,00000000;0,00000000;0,00000000;0,00000000;0,00000000;20251111
83;1O;32178;US3802371076;GODADDY-ORD SHS CL A;USD;NEW YORK;111111;201;O;20808,000;0,000;0,000;0,000;195,8516;188,5511;4075282,0920;3923373,00;1,038719;131,6700;113,5477;2739789,3600;2362702,10;2739789,3600;2362702,10;131,4500;-32,771;11,638;-39,779;0,308;0,240;0,122;0,167;0,122;0,000;0,000;0,0000;0,00;;;;DUSD;N069000;T300;;099878      GODADDY-ORD SHS CL A;195,85169607;188,55118223;131,67000000;113,54777509;131,45000000;20808,00000000;0,00000000;0,00000000;0,00000000;0,00000000;20251111
83;1O;08920;US49271V1008;KUERIG DR PEPPER;USD;NEW YORK;111111;201;O;100600,000;0,000;0,000;0,000;29,9020;25,6956;3008141,2000;2584979,98;1,163700;26,7300;23,0510;2689038,0000;2318935,84;2689038,0000;2318935,84;26,1200;-10,608;-0,352;-10,292;0,302;0,236;0,119;2,335;0,120;0,000;0,000;0,0000;0,00;;;;DUSD;N069000;T300;;099881      KUERIG DR PEPPER;29,90200000;25,69562604;26,73000000;23,05105208;26,12000000;100600,00000000;0,00000000;0,00000000;0,00000000;0,00000000;20251111
83;1O;09902;US28176E1082;EDWARDS LIFESCIENCES CORP;USD;NEW YORK;111111;201;O;30428,000;0,000;0,000;0,000;74,0300;71,4851;2252584,8400;2175149,52;1,035600;85,1600;73,4391;2591248,4800;2234605,45;2591248,4800;2234605,45;84,0800;15,034;11,974;2,733;0,291;0,227;0,115;1,284;0,116;0,000;0,000;0,0000;0,00;;;;DUSD;N069000;T300;;099885      EDWARDS LIFESCIENCES CORP;74,03000000;71,48512948;85,16000000;73,43911693;84,08000000;30428,00000000;0,00000000;0,00000000;0,00000000;0,00000000;20251111
83;1O;03963;US1273871087;CADENCE DESIGN SYS INC.;USD;OTC;111111;201;O;7464,000;0,000;0,000;0,000;372,5421;316,4377;2780654,9800;2361891,60;1,177300;318,5100;274,6723;2377358,6400;2050154,05;2377358,6400;2050154,05;328,9400;-14,504;-1,503;-13,199;0,267;0,208;0,106;-3,171;0,106;0,000;0,000;0,0000;0,00;;;;DUSD;N069000;T300;;099894      CADENCE DESIGN SYS INC.;372,54219989;316,43778135;318,51000000;274,67230079;328,94000000;7464,00000000;0,00000000;0,00000000;0,00000000;0,00000000;20251111
83;1O;05346;US1924461023;COGNIZANT TECH SOLUTIONS A;USD;OTC;111111;201;O;29458,000;0,000;0,000;0,000;76,5781;73,7082;2255838,8160;2171297,89;1,038936;73,1300;63,0648;2154263,5400;1857764,35;2154263,5400;1857764,35;72,8800;-4,503;11,614;-14,440;0,242;0,189;0,096;0,343;0,096;0,000;0,000;0,0000;0,00;;;;DUSD;N069000;T300;;099904      COGNIZANT TECH SOLUTIONS A;76,57813891;73,70825887;73,13000000;63,06484994;72,88000000;29458,00000000;0,00000000;0,00000000;0,00000000;0,00000000;20251111
83;1O;37182;US45687V1061;INGERSOLL RAND-ORD SHS;USD;NEW YORK;111111;201;O;27653,000;0,000;0,000;0,000;89,3908;86,0799;2471925,3170;2380368,62;1,038463;77,3300;66,6867;2138406,4900;1844089,76;2138406,4900;1844089,76;77,2500;-13,492;11,665;-22,529;0,240;0,187;0,095;0,104;0,095;0,000;0,000;0,0000;0,00;;;;DUSD;N069000;T300;;099905      INGERSOLL RAND-ORD SHS;89,39085513;86,07994141;77,33000000;66,68678854;77,25000000;27653,00000000;0,00000000;0,00000000;0,00000000;0,00000000;20251111
83;1O;04020;US0534841012;AVALONBAY COMMUNITIES INC.;USD;NEW YORK;111111;201;O;11021,000;0,000;0,000;0,000;218,6676;210,4946;2409936,3500;2319861,52;1,038828;178,8400;154,2255;1970995,6400;1699720,28;1970995,6400;1699720,28;176,7500;-18,214;11,626;-26,732;0,221;0,173;0,087;1,182;0,088;0,000;0,000;0,0000;0,00;;;;DUSD;N069000;T300;;099913      AVALONBAY COMMUNITIES INC.;218,66766627;210,49464839;178,84000000;154,22559503;176,75000000;11021,00000000;0,00000000;0,00000000;0,00000000;0,00000000;20251111
83;1O;02074;US98956P1021;ZIMMER HOLDINGS INC.;USD;NEW YORK;111111;201;O;21185,000;0,000;0,000;0,000;105,6300;101,9988;2237771,5500;2160845,46;1,035600;88,5000;76,3194;1874872,5000;1616826,92;1874872,5000;1616826,92;88,7300;-16,217;11,974;-25,176;0,211;0,164;0,083;-0,259;0,084;0,000;0,000;0,0000;0,00;;;;DUSD;N069000;T300;;099917      ZIMMER HOLDINGS INC.;105,63000000;101,99884163;88,50000000;76,31942048;88,73000000;21185,00000000;0,00000000;0,00000000;0,00000000;0,00000000;20251111
83;1O;03754;US09062X1037;BIOGEN  INC.;USD;OTC;111111;201;O;7214,000;0,000;0,000;0,000;152,9200;147,6631;1103164,8800;1065242,25;1,035600;159,5600;137,5991;1151065,8400;992640,43;1151065,8400;992640,43;156,2600;4,342;11,974;-6,816;0,129;0,101;0,051;2,112;0,051;0,000;0,000;0,0000;0,00;;;;DUSD;N069000;T300;;099949      BIOGEN  INC.;152,92000000;147,66318963;159,56000000;137,59917212;156,26000000;7214,00000000;0,00000000;0,00000000;0,00000000;0,00000000;20251111
83;1O;06332;US48020Q1076;JONES LANG LASALLE INC;USD;NEW YORK;111111;201;O;3221,000;0,000;0,000;0,000;250,1807;240,6370;805832,1440;775091,96;1,039660;308,5400;266,0745;993807,3400;857025,99;993807,3400;857025,99;299,7700;23,327;11,536;10,571;0,112;0,087;0,044;2,926;0,044;0,000;0,000;0,0000;0,00;;;;DUSD;N069000;T300;;099956      JONES LANG LASALLE INC;250,18073393;240,63705681;308,54000000;266,07450845;299,77000000;3221,00000000;0,00000000;0,00000000;0,00000000;0,00000000;20251111
83;1O;00814;US1011211018;BOSTON PROPERTIES INC.;USD;NEW YORK;111111;201;O;9838,000;0,000;0,000;0,000;73,2524;70,4741;720658,0050;693324,20;1,039424;72,4200;62,4525;712467,9600;614408,38;712467,9600;614408,38;71,6100;-1,136;11,562;-11,382;0,080;0,062;0,032;1,131;0,032;0,000;0,000;0,0000;0,00;;;;DUSD;N069000;T300;;099968      BOSTON PROPERTIES INC.;73,25249085;70,47410042;72,42000000;62,45256985;71,61000000;9838,00000000;0,00000000;0,00000000;0,00000000;0,00000000;20251111
83;1O;03392;CH0013841017;LONZA GROUP AG-REG;CHF;VIRTX;111111;201;O;20350,000;0,000;0,000;0,000;534,0800;569,2995;10868528,0200;11585245,82;0,938135;552,8000;595,9465;11249480,0000;12127511,86;11249480,0000;12127511,86;534,0000;3,505;-1,123;4,681;39,408;1,232;0,624;3,521;0,627;0,000;0,000;0,0000;0,00;;;;DCHF;N071000;T300;;099376      LONZA GROUP AG-REG;534,08000098;569,29954889;552,80000000;595,94652867;534,00000000;20350,00000000;0,00000000;0,00000000;0,00000000;0,00000000;20251111
83;1O;01930;CH0012221716;ABB LTD - NOM;CHF;VIRTX;111111;201;O;106546,000;0,000;0,000;0,000;58,6011;62,8104;6243722,1300;6692204,60;0,932984;57,0800;61,5351;6081645,6800;6556323,50;6081645,6800;6556323,50;56,8200;-2,596;-0,577;-2,030;21,305;0,666;0,337;0,458;0,339;0,000;0,000;0,0000;0,00;;;;DCHF;N071000;T300;;099663      ABB LTD - NOM;58,60118756;62,81047247;57,08000000;61,53514445;56,82000000;106546,00000000;0,00000000;0,00000000;0,00000000;0,00000000;20251111
83;1O;01931;CH0012005267;NOVARTIS AG - NOM.;CHF;VIRTX;111111;201;O;48723,000;0,000;0,000;0,000;101,4821;108,2592;4944517,2300;5274714,35;0,937400;104,0800;112,2035;5071089,8400;5466892,88;5071089,8400;5466892,88;102,2000;2,560;-1,045;3,643;17,765;0,555;0,281;1,840;0,283;0,000;0,000;0,0000;0,00;;;;DCHF;N071000;T300;;099719      NOVARTIS AG - NOM.;101,48219998;108,25922767;104,08000000;112,20353600;102,20000000;48723,00000000;0,00000000;0,00000000;0,00000000;0,00000000;20251111
83;1O;39064;CH0025751329;LOGITECH INTL SA;USD;OTC;111111;201;O;83127,000;0,000;0,000;0,000;82,3500;79,5191;6845508,4500;6610185,84;1,035600;119,9700;103,4580;9972746,1900;8600160,56;9972746,1900;8600160,56;122,0300;45,683;11,974;30,105;1,120;0,874;0,443;-1,688;0,445;0,000;0,000;0,0000;0,00;;;;DUSD;N071000;T300;;099557      LOGITECH INTL SA;82,35000000;79,51911942;119,97000000;103,45808899;122,03000000;83127,00000000;0,00000000;0,00000000;0,00000000;0,00000000;20251111
83;1O;60381;IE000IVNQZ81;TE CONNECTIVITY PLC;USD;NEW YORK;111111;201;O;22152,000;0,000;0,000;0,000;142,9700;138,0552;3167071,4400;3058199,54;1,035600;247,1600;213,1424;5475088,3200;4721531,84;5475088,3200;4721531,84;247,7600;72,875;11,974;54,389;0,615;0,480;0,243;-0,242;0,244;0,000;0,000;0,0000;0,00;;;;DUSD;N071000;T300;;099757      TE CONNECTIVITY PLC;142,97000000;138,05523383;247,16000000;213,14246291;247,76000000;22152,00000000;0,00000000;0,00000000;0,00000000;0,00000000;20251111
83;1O;00872;KR7000660001;SK HYNIX INC.;KRW;SEOUL;111111;201;O;13444,000;0,000;0,000;0,000;354762,8433;216,8825;4769431666,0000;2915768,37;1635,737501;619000,0000;364,6954;8321836000,0000;4902965,96;8321836000,0000;4902965,96;606000,0000;74,483;3,764;68,153;66,370;0,498;0,252;2,145;0,253;0,000;0,000;0,0000;0,00;;;;DKRW;N084000;T300;;099748      SK HYNIX INC.;354762,84335019;216,88250297;619000,00000000;364,69547485;606000,00000000;13444,00000000;0,00000000;0,00000000;0,00000000;0,00000000;20251111
83;1O;02748;KR7066570003;LG ELECTRONICS INC.;KRW;SEOUL;111111;201;O;46543,000;0,000;0,000;0,000;82665,8185;54,0497;3847515191,0040;2515639,43;1529,438259;90600,0000;53,3786;4216795800,0000;2484404,44;4216795800,0000;2484404,44;89600,0000;9,598;10,976;-1,242;33,630;0,252;0,128;1,116;0,128;0,000;0,000;0,0000;0,00;;;;DKRW;N084000;T300;;099872      LG ELECTRONICS INC.;82665,81851200;54,04979116;90600,00000000;53,37869147;89600,00000000;46543,00000000;0,00000000;0,00000000;0,00000000;0,00000000;20251111
83;1O;09635;JP3651210001;NABTESCO CORP;JPY;TOKYO;111111;201;O;483100,000;0,000;0,000;0,000;2779,1256;17,0766;1342595586,2590;8249752,41;162,743743;3449,0000;19,3123;1666211900,0000;9329816,34;1666211900,0000;9329816,34;3418,0000;24,104;9,737;13,092;8,466;0,948;0,480;0,907;0,482;0,000;0,000;0,0000;0,00;;;;DJPY;N088000;T300;;099520      NABTESCO CORP;2779,12561842;17,07669718;3449,00000000;19,31239151;3418,00000000;483100,00000000;0,00000000;0,00000000;0,00000000;0,00000000;20251111
83;1O;00664;JP3266400005;KUBOTA CORP.;JPY;TOKYO;111111;201;O;682400,000;0,000;0,000;0,000;1695,2786;10,1564;1156858118,3200;6930759,46;166,916501;2123,5000;11,8903;1449076400,0000;8113983,99;1449076400,0000;8113983,99;2105,5000;25,260;6,994;17,072;7,363;0,824;0,418;0,855;0,419;0,000;0,000;0,0000;0,00;;;;DJPY;N088000;T300;;099582      KUBOTA CORP.;1695,27860246;10,15644704;2123,50000000;11,89036340;2105,50000000;682400,00000000;0,00000000;0,00000000;0,00000000;0,00000000;20251111
83;1O;00810;JP3205800000;KAO CORP.;JPY;TOKYO;111111;201;O;218000,000;0,000;0,000;0,000;6346,2162;39,3910;1383475132,9000;8587257,30;161,107917;6610,0000;37,0121;1440980000,0000;8068648,86;1440980000,0000;8068648,86;6605,0000;4,157;10,851;-6,039;7,322;0,820;0,415;0,076;0,417;0,000;0,000;0,0000;0,00;;;;DJPY;N088000;T300;;099585      KAO CORP.;6346,21620596;39,39108853;6610,00000000;37,01215073;6605,00000000;218000,00000000;0,00000000;0,00000000;0,00000000;0,00000000;20251111
83;1O;00117;JP3270000007;KURITA WATER INDUSTRIES LTD.;JPY;TOKYO;111111;201;O;222200,000;0,000;0,000;0,000;5317,0391;32,2363;1181446098,1010;7162924,60;164,939067;6374,0000;35,6906;1416302800,0000;7930470,91;1416302800,0000;7930470,91;6545,0000;19,879;8,276;10,716;7,196;0,806;0,408;-2,613;0,410;0,000;0,000;0,0000;0,00;;;;DJPY;N088000;T300;;099592      KURITA WATER INDUSTRIES LTD.;5317,03914536;32,23638433;6374,00000000;35,69068816;6545,00000000;222200,00000000;0,00000000;0,00000000;0,00000000;0,00000000;20251111
83;1O;00196;JP3435000009;SONY CORP.;JPY;TOKYO;111111;201;O;286300,000;0,000;0,000;0,000;3206,4169;19,7801;917997165,9040;5663055,80;162,102794;4520,0000;25,3093;1294076000,0000;7246072,01;1294076000,0000;7246072,01;4284,0000;40,967;10,171;27,953;6,575;0,736;0,373;5,509;0,375;0,000;0,000;0,0000;0,00;;;;DJPY;N088000;T300;;099627      SONY CORP.;3206,41692596;19,78014600;4520,00000000;25,30936782;4284,00000000;286300,00000000;0,00000000;0,00000000;0,00000000;0,00000000;20251111
83;1O;00163;JP3190000004;OBAYASHI CORP.;JPY;TOKYO;111111;201;O;415100,000;0,000;0,000;0,000;2086,6174;12,8232;866154914,9680;5322948,03;162,720904;2863,0000;16,0311;1188431300,0000;6654523,21;1188431300,0000;6654523,21;2832,5000;37,208;9,752;25,016;6,039;0,676;0,342;1,077;0,344;0,000;0,000;0,0000;0,00;;;;DJPY;N088000;T300;;099658      OBAYASHI CORP.;2086,61747763;12,82329084;2863,00000000;16,03113276;2832,50000000;415100,00000000;0,00000000;0,00000000;0,00000000;0,00000000;20251111
83;1O;00433;JP3596200000;TOTO LTD.;JPY;TOKYO;111111;201;O;302300,000;0,000;0,000;0,000;3824,9281;23,3597;1156275767,0000;7061649,95;163,740171;3877,0000;21,7089;1172017100,0000;6562613,25;1172017100,0000;6562613,25;3918,0000;1,361;9,069;-7,067;5,955;0,667;0,338;-1,046;0,339;0,000;0,000;0,0000;0,00;;;;DJPY;N088000;T300;;099662      TOTO LTD.;3824,92810784;23,35974181;3877,00000000;21,70894227;3918,00000000;302300,00000000;0,00000000;0,00000000;0,00000000;0,00000000;20251111
83;1O;00144;JP3914400001;MURATA MANUFACTURING CO.LTD.;JPY;TOKYO;111111;201;O;345200,000;0,000;0,000;0,000;2484,4940;15,1507;857647337,5550;5230026,06;163,985290;3178,0000;17,7949;1097045600,0000;6142816,51;1097045600,0000;6142816,51;3229,0000;27,913;8,906;17,453;5,574;0,624;0,316;-1,579;0,318;0,000;0,000;0,0000;0,00;;;;DJPY;N088000;T300;;099684      MURATA MANUFACTURING CO.LTD.;2484,49402536;15,15071280;3178,00000000;17,79494932;3229,00000000;345200,00000000;0,00000000;0,00000000;0,00000000;0,00000000;20251111
83;1O;00447;JP3571400005;TOKYO ELECTRON LTD.;JPY;TOKYO;111111;201;O;29900,000;0,000;0,000;0,000;27438,8316;157,0074;820421067,0000;4694523,71;174,761300;34190,0000;191,4440;1022281000,0000;5724178,29;1022281000,0000;5724178,29;34200,0000;24,604;2,191;21,933;5,194;0,581;0,295;-0,029;0,296;0,000;0,000;0,0000;0,00;;;;DJPY;N088000;T300;;099705      TOKYO ELECTRON LTD.;27438,83167224;157,00748194;34190,00000000;191,44408981;34200,00000000;29900,00000000;0,00000000;0,00000000;0,00000000;0,00000000;20251111
83;1O;00216;JP3538800008;TDK CORP.;JPY;TOKYO;111111;201;O;394400,000;0,000;0,000;0,000;1808,7858;11,1283;713385155,2190;4389010,70;162,538942;2448,5000;13,7101;965688400,0000;5407292,68;965688400,0000;5407292,68;2505,5000;35,367;9,875;23,201;4,907;0,549;0,278;-2,275;0,279;0,000;0,000;0,0000;0,00;;;;DJPY;N088000;T300;;099722      TDK CORP.;1808,78589051;11,12832327;2448,50000000;13,71017414;2505,50000000;394400,00000000;0,00000000;0,00000000;0,00000000;0,00000000;20251111
83;1O;00096;JP3854600008;HONDA MOTOR CO.;JPY;TOKYO;111111;201;O;606700,000;0,000;0,000;0,000;1542,1196;9,1386;935603994,8830;5544410,29;168,747251;1523,5000;8,5307;924307450,0000;5175583,46;924307450,0000;5175583,46;1511,0000;-1,207;5,833;-6,652;4,697;0,526;0,266;0,827;0,268;0,000;0,000;0,0000;0,00;;;;DJPY;N088000;T300;;099734      HONDA MOTOR CO.;1542,11965532;9,13863571;1523,50000000;8,53071280;1511,00000000;606700,00000000;0,00000000;0,00000000;0,00000000;0,00000000;20251111
83;1O;03334;JP3148800000;IBIDEN CO. LTD.;JPY;TOKYO;111111;201;O;66228,000;0,000;0,000;0,000;4502,9904;27,9041;298224049,7300;1848033,84;161,373695;13375,0000;74,8922;885799500,0000;4959961,36;885799500,0000;4959961,36;13035,0000;197,025;10,669;168,391;4,501;0,504;0,255;2,608;0,256;0,000;0,000;0,0000;0,00;;;;DJPY;N088000;T300;;099745      IBIDEN CO. LTD.;4502,99042293;27,90411668;13375,00000000;74,89221121;13035,00000000;66228,00000000;0,00000000;0,00000000;0,00000000;0,00000000;20251111
83;1O;00251;JP3942400007;ASTELLAS PHARMA INC.;JPY;TOKYO;111111;201;O;448600,000;0,000;0,000;0,000;1523,3641;9,3616;683381162,7240;4199620,52;162,724503;1790,5000;10,0257;803218300,0000;4497554,73;803218300,0000;4497554,73;1765,5000;17,536;9,750;7,094;4,081;0,457;0,231;1,416;0,232;0,000;0,000;0,0000;0,00;;;;DJPY;N088000;T300;;099769      ASTELLAS PHARMA INC.;1523,36416122;9,36161506;1790,50000000;10,02575732;1765,50000000;448600,00000000;0,00000000;0,00000000;0,00000000;0,00000000;20251111
83;1O;00037;JP3830800003;BRIDGESTONE CORP.;JPY;TOKYO;111111;201;O;114600,000;0,000;0,000;0,000;6472,4273;37,4968;741740174,4670;4297143,59;172,612378;6982,0000;39,0951;800137200,0000;4480302,37;800137200,0000;4480302,37;6916,0000;7,873;3,463;4,262;4,066;0,455;0,231;0,954;0,232;0,000;0,000;0,0000;0,00;;;;DJPY;N088000;T300;;099769      BRIDGESTONE CORP.;6472,42735137;37,49688996;6982,00000000;39,09513410;6916,00000000;114600,00000000;0,00000000;0,00000000;0,00000000;0,00000000;20251111
83;1O;00148;JP3733000008;NEC CORP.;JPY;TOKYO;111111;201;O;126400,000;0,000;0,000;0,000;4988,1755;28,2773;630505395,0000;3574263,23;176,401500;5732,0000;32,0958;724524800,0000;4056916,96;724524800,0000;4056916,96;5612,0000;14,912;1,241;13,504;3,681;0,412;0,209;2,138;0,210;0,000;0,000;0,0000;0,00;;;;DJPY;N088000;T300;;099791      NEC CORP.;4988,17559335;28,27739897;5732,00000000;32,09586203;5612,00000000;126400,00000000;0,00000000;0,00000000;0,00000000;0,00000000;20251111
83;1O;00618;JP3358800005;SHIMIZU CORP.;JPY;TOKYO;111111;201;O;307700,000;0,000;0,000;0,000;1252,5000;7,6946;385394250,0000;2367641,44;162,775597;2312,5000;12,9486;711556250,0000;3984300,63;711556250,0000;3984300,63;2271,0000;84,631;9,715;68,281;3,616;0,405;0,205;1,827;0,206;0,000;0,000;0,0000;0,00;;;;DJPY;N088000;T300;;099795      SHIMIZU CORP.;1252,50000000;7,69464231;2312,50000000;12,94865334;2271,00000000;307700,00000000;0,00000000;0,00000000;0,00000000;0,00000000;20251111
83;1O;05704;JP3475350009;DAIICHI SANKYO CO LTD;JPY;TOKYO;111111;201;O;159900,000;0,000;0,000;0,000;4293,9033;26,3866;686595147,2330;4219224,16;162,730190;3392,0000;18,9932;542380800,0000;3037016,63;542380800,0000;3037016,63;3305,0000;-21,004;9,746;-28,020;2,756;0,308;0,156;2,632;0,157;0,000;0,000;0,0000;0,00;;;;DJPY;N088000;T300;;099844      DAIICHI SANKYO CO LTD;4293,90335980;26,38664265;3392,00000000;18,99322470;3305,00000000;159900,00000000;0,00000000;0,00000000;0,00000000;0,00000000;20251111
83;1O;05558;JP3118000003;ASICS CORP;JPY;TOKYO;111111;201;O;130000,000;0,000;0,000;0,000;4021,9136;22,6868;522848768,0000;2949287,30;177,279700;3768,0000;21,0986;489840000,0000;2742818,75;489840000,0000;2742818,75;3713,0000;-6,313;0,739;-7,001;2,489;0,279;0,141;1,481;0,142;0,000;0,000;0,0000;0,00;;;;DJPY;N088000;T300;;099859      ASICS CORP;4021,91360000;22,68682538;3768,00000000;21,09860574;3713,00000000;130000,00000000;0,00000000;0,00000000;0,00000000;0,00000000;20251111
83;1O;01057;JP3937200008;YAMATAKE CORP.;JPY;TOKYO;111111;201;O;224700,000;0,000;0,000;0,000;1219,0147;7,4928;273912621,0000;1683641,44;162,690591;1466,0000;8,2087;329410200,0000;1844505,29;329410200,0000;1844505,29;1474,5000;20,261;9,773;9,555;1,674;0,187;0,095;-0,576;0,095;0,000;0,000;0,0000;0,00;;;;DJPY;N088000;T300;;099905      YAMATAKE CORP.;1219,01477970;7,49284130;1466,00000000;8,20874629;1474,50000000;224700,00000000;0,00000000;0,00000000;0,00000000;0,00000000;20251111
83;1O;03500;JP3164720009;RENEAS  ELECTRONICS CORP.;JPY;TOKYO;111111;201;O;169300,000;0,000;0,000;0,000;2046,5000;12,5725;346472450,0000;2128528,18;162,775599;1871,0000;10,4765;316760300,0000;1773673,22;316760300,0000;1773673,22;1850,0000;-8,576;9,715;-16,671;1,610;0,180;0,091;1,135;0,092;0,000;0,000;0,0000;0,00;;;;DJPY;N088000;T300;;099909      RENEAS  ELECTRONICS CORP.;2046,50000000;12,57252321;1871,00000000;10,47651044;1850,00000000;169300,00000000;0,00000000;0,00000000;0,00000000;0,00000000;20251111
83;1O;17960;JP3351100007;SYSMEX CORP;JPY;TOKYO;111111;201;O;151800,000;0,000;0,000;0,000;2916,5000;17,9173;442724700,0000;2719846,83;162,775600;1630,0000;9,1270;247434000,0000;1385486,31;247434000,0000;1385486,31;1668,5000;-44,111;9,715;-49,060;1,257;0,141;0,071;-2,307;0,072;0,000;0,000;0,0000;0,00;;;;DJPY;N088000;T300;;099929      SYSMEX CORP;2916,50000000;17,91730454;1630,00000000;9,12705078;1668,50000000;151800,00000000;0,00000000;0,00000000;0,00000000;0,00000000;20251111
83;1O;00192;JP3351600006;SHISEIDO CO.;JPY;TOKYO;111111;201;O;17200,000;0,000;0,000;0,000;2786,5000;17,1186;47927800,0000;294440,94;162,775598;2562,5000;14,3485;44075000,0000;246794,33;44075000,0000;246794,33;2585,5000;-8,039;9,715;-16,182;0,224;0,025;0,013;-0,890;0,013;0,000;0,000;0,0000;0,00;;;;DJPY;N088000;T300;;099987      SHISEIDO CO.;2786,50000000;17,11865930;2562,50000000;14,34850775;2585,50000000;17200,00000000;0,00000000;0,00000000;0,00000000;0,00000000;20251111
83;1O;01571;HK0066009694;MTR CORP.;HKD;HONG KONG;111111;201;O;2465748,000;0,000;0,000;0,000;26,9592;3,3387;66474735,8030;8232492,57;8,074679;30,0400;3,3334;74071069,9200;8219433,62;74071069,9200;8219433,62;29,9200;11,427;11,604;-0,159;35,482;0,835;0,423;0,401;0,425;0,000;0,000;0,0000;0,00;;;;DHKD;N103000;T300;;099577      MTR CORP.;26,95925771;3,33874044;30,04000000;3,33344430;29,92000000;2465748,00000000;0,00000000;0,00000000;0,00000000;0,00000000;20251111
83;1O;01620;HK0992009065;LENOVO GROUP LTD.;HKD;HONG KONG;111111;201;O;5582000,000;0,000;0,000;0,000;9,9711;1,2353;55659188,4060;6895613,99;8,071680;10,8500;1,2039;60564700,0000;6720674,23;60564700,0000;6720674,23;10,9900;8,813;11,646;-2,537;29,012;0,683;0,346;-1,274;0,347;0,000;0,000;0,0000;0,00;;;;DHKD;N103000;T300;;099654      LENOVO GROUP LTD.;9,97119104;1,23533034;10,85000000;1,20399036;10,99000000;5582000,00000000;0,00000000;0,00000000;0,00000000;0,00000000;20251111
83;1O;03896;HK0688002218;CHINA OVERSEAS LAND & INVESTMENT LTD;HKD;HONG KONG;111111;201;O;3661000,000;0,000;0,000;0,000;12,4546;1,5416;45596477,2300;5643984,45;8,078774;13,2900;1,4747;48654690,0000;5399057,89;48654690,0000;5399057,89;13,2300;6,707;11,548;-4,340;23,307;0,548;0,278;0,454;0,279;0,000;0,000;0,0000;0,00;;;;DHKD;N103000;T300;;099722      CHINA OVERSEAS LAND & INVESTMENT LTD;12,45465097;1,54165103;13,29000000;1,47474949;13,23000000;3661000,00000000;0,00000000;0,00000000;0,00000000;0,00000000;20251111
83;1O;00211;HK0019000162;SWIRE PACIFIC LTD. CLA;HKD;HONG KONG;111111;201;O;312741,000;0,000;0,000;0,000;70,0305;8,6738;21901420,3860;2712652,91;8,073801;68,6000;7,6123;21454032,6000;2380686,51;21454032,6000;2380686,51;68,0500;-2,043;11,617;-12,238;10,277;0,242;0,123;0,808;0,123;0,000;0,000;0,0000;0,00;;;;DHKD;N103000;T300;;099877      SWIRE PACIFIC LTD. CLA;70,03053768;8,67380007;68,60000000;7,61232619;68,05000000;312741,00000000;0,00000000;0,00000000;0,00000000;0,00000000;20251111
83;2;00001;;LIQUIDITA';EUR;;;610;;0,000;0,000;0,000;0,000;0,0000;0,0000;0,0000;0,00;0,000000;0,0000;0,0000;0,0000;10058585,88;0,0000;10058585,88;0,0000;0,000;0,000;0,000;0,000;0,000;0,518;0,000;0,520;0,000;0,000;0,0000;0,00;2;;;;;;;;0,00000000;0,00000000;0,00000000;0,00000000;0,00000000;0,00000000;0,00000000;0,00000000;0,00000000;0,00000000;20251111
83;2;00002;;LIQUIDITA' A SCADERE;EUR;;;620;;0,000;0,000;0,000;0,000;0,0000;0,0000;0,0000;0,00;0,000000;0,0000;0,0000;0,0000;-3289910,34;0,0000;-3289910,34;0,0000;0,000;0,000;0,000;0,000;0,000;-0,169;0,000;-0,170;0,000;0,000;0,0000;0,00;3;;;;;;;;0,00000000;0,00000000;0,00000000;0,00000000;0,00000000;0,00000000;0,00000000;0,00000000;0,00000000;0,00000000;20251111
83;2;00016;;GIACENZE DI DOLLARI AUSTRALIANI      AUD;AUD;;;621;;19317371,060;0,000;0,000;0,000;0,0000;0,5755;19317371,0600;11118482,66;1,737411;0,0000;1,7785;19317371,0600;10861608,69;19317371,0600;10861608,69;0,0000;0,000;0,000;0,000;0,000;0,000;0,559;0,000;0,561;0,000;0,000;0,0000;0,00;3AUD1;;;;;;;;0,00000000;0,57556914;0,00000000;1,77850000;0,00000000;19317371,06000000;0,00000000;0,00000000;0,00000000;0,00000000;20251111
83;2;00009;;GIACENZE DI DOLLARI CANADESI         CAD;CAD;;;621;;47402861,550;0,000;0,000;0,000;0,0000;0,6706;47402861,5500;31788713,23;1,491185;0,0000;1,6249;47402861,5500;29172786,97;47402861,5500;29172786,97;0,0000;0,000;0,000;0,000;0,000;0,000;1,501;0,000;1,508;0,000;0,000;0,0000;0,00;3CAD1;;;;;;;;0,00000000;0,67060747;0,00000000;1,62490000;0,00000000;47402861,55000000;0,00000000;0,00000000;0,00000000;0,00000000;20251111
83;2;00007;;GIACENZE DI FRANCHI SVIZZERI         CHF;CHF;;;621;;3794200,710;0,000;0,000;0,000;0,0000;1,0726;3794200,7100;4069892,30;0,932261;0,0000;0,9276;3794200,7100;4090341,43;3794200,7100;4090341,43;0,0000;0,000;0,000;0,000;0,000;0,000;0,211;0,000;0,211;0,000;0,000;0,0000;0,00;3CHF1;;;;;;;;0,00000000;1,07266130;0,00000000;0,92760000;0,00000000;3794200,71000000;0,00000000;0,00000000;0,00000000;0,00000000;20251111
83;2;00007;;IMPEGNI IN DIVISA FRANCHI SVIZZERI   CHF;CHF;;;622;;2349708,030;0,000;0,000;0,000;0,0000;1,0735;2349708,0300;2522499,23;0,931500;0,0000;0,9276;2349708,0300;2533104,82;2349708,0300;2533104,82;0,0000;0,000;0,000;0,000;0,000;0,000;0,130;0,000;0,131;0,000;0,000;0,0000;0,00;3CHF2;;;;;;;;0,00000000;1,07353730;0,00000000;0,92760000;0,00000000;2349708,03000000;0,00000000;0,00000000;0,00000000;0,00000000;20251111
83;2;00035;;GIACENZE DI CORONA DANESE            DKK;DKK;;;621;;2370083,140;0,000;0,000;0,000;0,0000;0,1338;2370083,1400;317343,71;7,468505;0,0000;7,4675;2370083,1400;317386,43;2370083,1400;317386,43;0,0000;0,000;0,000;0,000;0,000;0,000;0,016;0,000;0,016;0,000;0,000;0,0000;0,00;3DKK1;;;;;;;;0,00000000;0,13389560;0,00000000;7,46750000;0,00000000;2370083,14000000;0,00000000;0,00000000;0,00000000;0,00000000;20251111
83;2;00006;;GIACENZE DI STERLINE INGLESI         GBP;GBP;;;621;;14628612,350;0,000;0,000;0,000;0,0000;1,1445;14628612,3500;16743784,30;0,873674;0,0000;0,8802;14628612,3500;16619645,93;14628612,3500;16619645,93;0,0000;0,000;0,000;0,000;0,000;0,000;0,855;0,000;0,859;0,000;0,000;0,0000;0,00;3GBP1;;;;;;;;0,00000000;1,14459142;0,00000000;0,88020000;0,00000000;14628612,35000000;0,00000000;0,00000000;0,00000000;0,00000000;20251111
83;2;00014;;GIACENZE DI HONG KONG DOLLAR         HKD;HKD;;;621;;4010211,570;0,000;0,000;0,000;0,0000;0,1125;4010211,5700;451189,16;8,888094;0,0000;9,0117;4010211,5700;445000,56;4010211,5700;445000,56;0,0000;0,000;0,000;0,000;0,000;0,000;0,023;0,000;0,023;0,000;0,000;0,0000;0,00;3HKD1;;;;;;;;0,00000000;0,11251006;0,00000000;9,01170000;0,00000000;4010211,57000000;0,00000000;0,00000000;0,00000000;0,00000000;20251111
83;2;00008;;GIACENZE DI YEN GIAPPONESI           JPY;JPY;;;621;;689791587,000;0,000;0,000;0,000;0,0000;0,0056;689791587,0000;3902408,01;176,760499;0,0000;178,5900;689791587,0000;3862431,19;689791587,0000;3862431,19;0,0000;0,000;0,000;0,000;0,000;0,000;0,199;0,000;0,200;0,000;0,000;0,0000;0,00;3JPY1;;;;;;;;0,00000000;0,00565737;0,00000000;178,59000000;0,00000000;689791587,00000000;0,00000000;0,00000000;0,00000000;0,00000000;20251111
83;2;00008;;IMPEGNI IN DIVISA YEN GIAPPONESI     JPY;JPY;;;622;;-540729493,000;0,000;0,000;0,000;0,0000;0,0055;-540729493,0000;-3024593,25;178,777590;0,0000;178,5900;-540729493,0000;-3027770,27;-540729493,0000;-3027770,27;0,0000;0,000;0,000;0,000;0,000;0,000;-0,156;0,000;-0,157;0,000;0,000;0,0000;0,00;3JPY2;;;;;;;;0,00000000;0,00559354;0,00000000;178,59000000;0,00000000;-540729493,00000000;0,00000000;0,00000000;0,00000000;0,00000000;20251111
83;2;00031;;GIACENZE DI CORONA NORVEGESE         NOK;NOK;;;621;;2460367,030;0,000;0,000;0,000;0,0000;0,0850;2460367,0300;209322,07;11,753978;0,0000;11,6591;2460367,0300;211025,47;2460367,0300;211025,47;0,0000;0,000;0,000;0,000;0,000;0,000;0,011;0,000;0,011;0,000;0,000;0,0000;0,00;3NOK1;;;;;;;;0,00000000;0,08507757;0,00000000;11,65910000;0,00000000;2460367,03000000;0,00000000;0,00000000;0,00000000;0,00000000;20251111
83;2;00011;;GIACENZE DI CORONE SVEDESI           SEK;SEK;;;621;;1384440,950;0,000;0,000;0,000;0,0000;0,0912;1384440,9500;126339,56;10,958095;0,0000;10,9639;1384440,9500;126272,67;1384440,9500;126272,67;0,0000;0,000;0,000;0,000;0,000;0,000;0,006;0,000;0,007;0,000;0,000;0,0000;0,00;3SEK1;;;;;;;;0,00000000;0,09125673;0,00000000;10,96390000;0,00000000;1384440,95000000;0,00000000;0,00000000;0,00000000;0,00000000;20251111
83;2;00011;;IMPEGNI IN DIVISA CORONE SVEDESI     SEK;SEK;;;622;;39974,190;0,000;0,000;0,000;0,0000;0,1579;39974,1900;6315,55;6,329487;0,0000;10,9639;39974,1900;3645,98;39974,1900;3645,98;0,0000;0,000;0,000;0,000;0,000;0,000;0,000;0,000;0,000;0,000;0,000;0,0000;0,00;3SEK2;;;;;;;;0,00000000;0,15799069;0,00000000;10,96390000;0,00000000;39974,19000000;0,00000000;0,00000000;0,00000000;0,00000000;20251111
83;2;00022;;GIACENZE DI DOLLARI SINGAPORE        SGD;SGD;;;621;;6801972,450;0,000;0,000;0,000;0,0000;0,7074;6801972,4500;4812365,88;1,413436;0,0000;1,5086;6801972,4500;4508797,86;6801972,4500;4508797,86;0,0000;0,000;0,000;0,000;0,000;0,000;0,232;0,000;0,233;0,000;0,000;0,0000;0,00;3SGD1;;;;;;;;0,00000000;0,70749564;0,00000000;1,50860000;0,00000000;6801972,45000000;0,00000000;0,00000000;0,00000000;0,00000000;20251111
83;2;00001;;GIACENZE DI DOLLARI USA              USD;USD;;;621;;19951531,140;0,000;0,000;0,000;0,0000;0,8675;19951531,1400;17308023,96;1,152733;0,0000;1,1596;19951531,1400;17205528,75;19951531,1400;17205528,75;0,0000;0,000;0,000;0,000;0,000;0,000;0,886;0,000;0,889;0,000;0,000;0,0000;0,00;3USD1;;;;;;;;0,00000000;0,86750354;0,00000000;1,15960000;0,00000000;19951531,14000000;0,00000000;0,00000000;0,00000000;0,00000000;20251111
83;2;00001;;IMPEGNI IN DIVISA DOLLARI USA        USD;USD;;;622;;-4792619,610;0,000;0,000;0,000;0,0000;0,8623;-4792619,6100;-4132993,80;1,159600;0,0000;1,1596;-4792619,6100;-4132993,80;-4792619,6100;-4132993,80;0,0000;0,000;0,000;0,000;0,000;0,000;-0,213;0,000;-0,214;0,000;0,000;0,0000;0,00;3USD2;;;;;;;;0,00000000;0,86236633;0,00000000;1,15960000;0,00000000;-4792619,61000000;0,00000000;0,00000000;0,00000000;0,00000000;20251111
83;4;;;DIRITTI MATURATI NON RISCOSSI;;;;700;;0,000;0,000;0,000;0,000;0,0000;0,0000;0,0000;0,00;0,000000;0,0000;0,0000;0,0000;7317355,49;0,0000;1519202,38;0,0000;0,000;0,000;0,000;0,000;0,000;0,377;0,000;0,378;0,000;0,000;0,0000;0,00;;;;;;;;;0,00000000;0,00000000;0,00000000;0,00000000;0,00000000;0,00000000;0,00000000;0,00000000;0,00000000;0,00000000;20251111
83;5;;;DEPOSITI MARGINI INIZ.FUTURES;;;;8;;0,000;0,000;0,000;0,000;0,0000;0,0000;0,0000;0,00;0,000000;0,0000;0,0000;0,0000;284862,00;0,0000;284862,00;0,0000;0,000;0,000;0,000;0,000;0,000;0,015;0,000;0,015;0,000;0,000;0,0000;0,00;;;;;;;;;0,00000000;0,00000000;0,00000000;0,00000000;0,00000000;0,00000000;0,00000000;0,00000000;0,00000000;0,00000000;20251111
83;5;;;MARGINI DI VARIAZIONE FUTURES;;;;8;;0,000;0,000;0,000;0,000;0,0000;0,0000;0,0000;0,00;0,000000;0,0000;0,0000;0,0000;0,00;0,0000;0,00;0,0000;0,000;0,000;0,000;0,000;0,000;0,000;0,000;0,000;0,000;0,000;0,0000;0,00;;;;;;;;;0,00000000;0,00000000;0,00000000;0,00000000;0,00000000;0,00000000;0,00000000;0,00000000;0,00000000;0,00000000;20251111
83;5;;;DEPOSITI BANCARI;;;;8;;0,000;0,000;0,000;0,000;0,0000;0,0000;0,0000;0,00;0,000000;0,0000;0,0000;0,0000;0,00;0,0000;0,00;0,0000;0,000;0,000;0,000;0,000;0,000;0,000;0,000;0,000;0,000;0,000;0,0000;0,00;;;;;;;;;0,00000000;0,00000000;0,00000000;0,00000000;0,00000000;0,00000000;0,00000000;0,00000000;0,00000000;0,00000000;20251111
83;9;;;RIMBORSI DA REGOLARE;;;;;;0,000;0,000;0,000;0,000;0,0000;0,0000;0,0000;0,00;0,000000;0,0000;0,0000;0,0000;-3983776,27;0,0000;-3983776,27;0,0000;0,000;0,000;0,000;0,000;0,000;0,000;0,000;0,000;0,000;0,000;0,0000;0,00;;;;;;;;;0,00000000;0,00000000;0,00000000;0,00000000;0,00000000;0,00000000;0,00000000;0,00000000;0,00000000;0,00000000;20251111
88;1I;63384;AT0000A3MUA7;AUSTRIAN T-BILL ZC 2025-27/11/2025;EUR;VIENNA;008000;100;I;17000000,000;0,000;0,000;0,000;99,5065;99,5065;16916118,9400;16916118,94;0,000000;99,9250;99,9250;16917194,8900;16917194,89;16987250,0000;16987250,00;99,9190;0,006;0,000;0,006;14,194;59,029;2,804;0,006;2,817;0,000;0,000;70055,1100;70055,11;;;;DEUR;N008000;T100;;097196      AUSTRIAN T-BILL ZC 2025-27/11/2025;99,50658200;99,50658200;99,92500000;99,92500000;99,91900000;17000000,00000000;0,00000000;0,00000000;0,00000000;0,00000000;20251111
88;1I;63661;AT0000A3MUC3;AUSTRIAN T-BILL ZC   2025-26/03/2026;EUR;VIENNA;008000;100;I;9000000,000;0,000;0,000;0,000;99,0233;99,0233;8912101,8300;8912101,83;0,000000;99,3010;99,3010;8913786,0000;8913786,00;8937090,0000;8937090,00;99,3030;0,019;0,000;0,019;7,467;31,055;1,477;-0,002;1,484;0,000;0,000;23304,0000;23304,00;;;;DEUR;N008000;T100;;098523      AUSTRIAN T-BILL ZC   2025-26/03/2026;99,02335370;99,02335370;99,30100000;99,30100000;99,30300000;9000000,00000000;0,00000000;0,00000000;0,00000000;0,00000000;20251111
88;1I;06036;AT0000937503;VOEST ALPINE AG;EUR;VIENNA;008000;201;I;88674,000;0,000;0,000;0,000;20,6393;20,6393;1830172,6300;1830172,63;0,000000;32,1800;32,1800;2853529,3200;2853529,32;2853529,3200;2853529,32;32,3200;55,916;0,000;55,916;2,384;9,916;0,473;-0,433;0,475;0,000;0,000;0,0000;0,00;;;;DEUR;N008000;T300;;099527      VOEST ALPINE AG;20,63933768;20,63933768;32,18000000;32,18000000;32,32000000;88674,00000000;0,00000000;0,00000000;0,00000000;0,00000000;20251111
88;1I;27230;BE0974293251;ANHEUSER-BUSCH INBEV;EUR;BRUXELLES;009000;201;I;49514,000;0,000;0,000;0,000;50,6177;50,6177;2506288,1300;2506288,13;0,000000;55,8400;55,8400;2764861,7600;2764861,76;2764861,7600;2764861,76;54,5200;10,317;0,000;10,317;2,310;100,000;0,458;2,421;0,460;0,000;0,000;0,0000;0,00;;;;DEUR;N009000;T300;;099542      ANHEUSER-BUSCH INBEV;50,61776729;50,61776729;55,84000000;55,84000000;54,52000000;49514,00000000;0,00000000;0,00000000;0,00000000;0,00000000;20251111
88;1I;08457;FI0009000681;NOKIA OYJ;EUR;HELSINKI;028000;201;I;490406,000;0,000;0,000;0,000;4,8359;4,8359;2371559,5300;2371559,53;0,000000;5,9120;5,9120;2899280,2700;2899280,27;2899280,2700;2899280,27;5,8560;22,252;0,000;22,252;2,423;100,000;0,481;0,956;0,483;0,000;0,000;0,0000;0,00;;;;DEUR;N028000;T300;;099519      NOKIA OYJ;4,83591051;4,83591051;5,91200000;5,91200000;5,85600000;490406,00000000;0,00000000;0,00000000;0,00000000;0,00000000;20251111
88;1I;08436;FR0000120321;L'OREAL;EUR;PARIGI;029000;201;I;10439,000;0,000;0,000;0,000;395,6368;395,6368;4130053,5200;4130053,52;0,000000;356,7000;356,7000;3723591,3000;3723591,30;3723591,3000;3723591,30;353,9500;-9,842;0,000;-9,842;3,111;28,358;0,617;0,777;0,620;0,000;0,000;0,0000;0,00;;;;DEUR;N029000;T300;;099383      L'OREAL;395,63689242;395,63689242;356,70000000;356,70000000;353,95000000;10439,00000000;0,00000000;0,00000000;0,00000000;0,00000000;20251111
88;1I;33385;FR0013154002;SARTORIUS STEDIM BIOTECH;EUR;PARIGI;029000;201;I;18570,000;0,000;0,000;0,000;177,5001;177,5001;3296178,1900;3296178,19;0,000000;192,6000;192,6000;3576582,0000;3576582,00;3576582,0000;3576582,00;187,2000;8,507;0,000;8,507;2,988;27,238;0,593;2,885;0,595;0,000;0,000;0,0000;0,00;;;;DEUR;N029000;T300;;099407      SARTORIUS STEDIM BIOTECH;177,50017178;177,50017178;192,60000000;192,60000000;187,20000000;18570,00000000;0,00000000;0,00000000;0,00000000;0,00000000;20251111
88;1I;01606;FR0000121667;ESSILOR LUXOTTICA;EUR;PARIGI;029000;201;I;8166,000;0,000;0,000;0,000;257,4360;257,4360;2102222,7200;2102222,72;0,000000;315,4000;315,4000;2575556,4000;2575556,40;2575556,4000;2575556,40;311,8000;22,516;0,000;22,516;2,152;19,615;0,427;1,155;0,429;0,000;0,000;0,0000;0,00;;;;DEUR;N029000;T300;;099573      ESSILOR LUXOTTICA;257,43604212;257,43604212;315,40000000;315,40000000;311,80000000;8166,00000000;0,00000000;0,00000000;0,00000000;0,00000000;20251111
88;1I;14112;FR0010451203;REXEL SA;EUR;PARIGI;029000;201;I;54415,000;0,000;0,000;0,000;25,6897;25,6897;1397906,0000;1397906,00;0,000000;29,9700;29,9700;1630817,5500;1630817,55;1630817,5500;1630817,55;29,5600;16,661;0,000;16,661;1,363;12,420;0,270;1,387;0,272;0,000;0,000;0,0000;0,00;;;;DEUR;N029000;T300;;099730      REXEL SA;25,68971790;25,68971790;29,97000000;29,97000000;29,56000000;54415,00000000;0,00000000;0,00000000;0,00000000;0,00000000;20251111
88;1I;06469;FR0010307819;LEGRAND PROMESSES;EUR;PARIGI;029000;201;I;12361,000;0,000;0,000;0,000;131,5319;131,5319;1625866,0500;1625866,05;0,000000;131,4000;131,4000;1624235,4000;1624235,40;1624235,4000;1624235,40;131,0000;-0,100;0,000;-0,100;1,357;12,370;0,269;0,305;0,270;0,000;0,000;0,0000;0,00;;;;DEUR;N029000;T300;;099731      LEGRAND PROMESSES;131,53191893;131,53191893;131,40000000;131,40000000;131,00000000;12361,00000000;0,00000000;0,00000000;0,00000000;0,00000000;20251111
88;1I;14500;NL0010273215;ASML HLDG NV NEW;EUR;AMSTERDAM;050000;201;I;7281,000;0,000;0,000;0,000;726,6151;726,6151;5290484,6200;5290484,62;0,000000;886,9000;886,9000;6457518,9000;6457518,90;6457518,9000;6457518,90;886,7000;22,059;0,000;22,059;5,396;31,070;1,070;0,023;1,075;0,000;0,000;0,0000;0,00;;;;DEUR;N050000;T300;;098930      ASML HLDG NV NEW;726,61511056;726,61511056;886,90000000;886,90000000;886,70000000;7281,00000000;0,00000000;0,00000000;0,00000000;0,00000000;20251111
88;1I;35896;NL0013654783;PROSUS;EUR;AMSTERDAM;050000;201;I;69664,000;0,000;0,000;0,000;42,4128;42,4128;2954649,5200;2954649,52;0,000000;61,4800;61,4800;4282942,7200;4282942,72;4282942,7200;4282942,72;61,7000;44,956;0,000;44,956;3,579;20,607;0,710;-0,357;0,713;0,000;0,000;0,0000;0,00;;;;DEUR;N050000;T300;;099290      PROSUS;42,41286058;42,41286058;61,48000000;61,48000000;61,70000000;69664,00000000;0,00000000;0,00000000;0,00000000;0,00000000;20251111
88;1I;27009;NL0010801007;IMCD GROUP NV;EUR;AMSTERDAM;050000;201;I;41216,000;0,000;0,000;0,000;128,3203;128,3203;5288849,4900;5288849,49;0,000000;83,4800;83,4800;3440711,6800;3440711,68;3440711,6800;3440711,68;82,3800;-34,944;0,000;-34,944;2,875;16,555;0,570;1,335;0,573;0,000;0,000;0,0000;0,00;;;;DEUR;N050000;T300;;099430      IMCD GROUP NV;128,32030012;128,32030012;83,48000000;83,48000000;82,38000000;41216,00000000;0,00000000;0,00000000;0,00000000;0,00000000;20251111
88;1I;01895;NL0000226223;STMICROELECTRONICS - MILANO;EUR;MILANO;050000;201;I;149897,000;0,000;0,000;0,000;24,6291;24,6291;3691838,8600;3691838,86;0,000000;20,6400;20,6400;3093874,0800;3093874,08;3093874,0800;3093874,08;20,3850;-16,197;0,000;-16,197;2,585;14,886;0,513;1,251;0,515;0,000;0,000;0,0000;0,00;;;;DEUR;N050000;T300;;099487      STMICROELECTRONICS - MILANO;24,62917109;24,62917109;20,64000000;20,64000000;20,38500000;149897,00000000;0,00000000;0,00000000;0,00000000;0,00000000;20251111
88;1I;48620;NL0015001KT6;BREMBO N.V.;EUR;MILANO;050000;201;I;225207,000;0,000;0,000;0,000;9,0467;9,0467;2037392,2500;2037392,25;0,000000;9,8800;9,8800;2225045,1600;2225045,16;2225045,1600;2225045,16;9,8600;9,210;0,000;9,210;1,859;10,706;0,369;0,203;0,370;0,000;0,000;0,0000;0,00;;;;DEUR;N050000;T300;;099631      BREMBO N.V.;9,04675365;9,04675365;9,88000000;9,88000000;9,86000000;225207,00000000;0,00000000;0,00000000;0,00000000;0,00000000;20251111
88;1I;38577;NL0012866412;BE SEMICONDUCTOR INDS-ORD SHS;EUR;AMSTERDAM;050000;201;I;6249,000;0,000;0,000;0,000;144,3943;144,3943;902320,2000;902320,20;0,000000;137,8000;137,8000;861112,2000;861112,20;861112,2000;861112,20;136,4500;-4,567;0,000;-4,567;0,720;4,143;0,143;0,989;0,143;0,000;0,000;0,0000;0,00;;;;DEUR;N050000;T300;;099857      BE SEMICONDUCTOR INDS-ORD SHS;144,39433509;144,39433509;137,80000000;137,80000000;136,45000000;6249,00000000;0,00000000;0,00000000;0,00000000;0,00000000;20251111
88;1I;40120;NL0010583399;CORBION-ORD SHS;EUR;AMSTERDAM;050000;201;I;23334,000;0,000;0,000;0,000;21,3683;21,3683;498608,4800;498608,48;0,000000;18,1200;18,1200;422812,0800;422812,08;422812,0800;422812,08;17,8800;-15,202;0,000;-15,202;0,353;2,034;0,070;1,342;0,070;0,000;0,000;0,0000;0,00;;;;DEUR;N050000;T300;;099930      CORBION-ORD SHS;21,36832433;21,36832433;18,12000000;18,12000000;17,88000000;23334,00000000;0,00000000;0,00000000;0,00000000;0,00000000;20251111
88;1I;02400;PTEDP0AM0009;ENERGIAS DE PORTUGAL SA;EUR;LISBONA;055000;201;I;71189,000;0,000;0,000;0,000;3,1081;3,1081;221268,2300;221268,23;0,000000;3,7210;3,7210;264894,2700;264894,27;264894,2700;264894,27;3,9670;19,716;0,000;19,716;0,221;100,000;0,044;-6,201;0,044;0,000;0,000;0,0000;0,00;;;;DEUR;N055000;T300;;099956      ENERGIAS DE PORTUGAL SA;3,10818005;3,10818005;3,72100000;3,72100000;3,96700000;71189,00000000;0,00000000;0,00000000;0,00000000;0,00000000;20251111
88;1I;23311;ES0105025003;MERLIN PROPERTIES SOCIMI SA;EUR;MADRID;067000;201;I;66615,000;0,000;0,000;0,000;10,2036;10,2036;679714,9400;679714,94;0,000000;13,3200;13,3200;887311,8000;887311,80;887311,8000;887311,80;13,2300;30,542;0,000;30,542;0,741;100,000;0,147;0,680;0,148;0,000;0,000;0,0000;0,00;;;;DEUR;N067000;T300;;099853      MERLIN PROPERTIES SOCIMI SA;10,20363191;10,20363191;13,32000000;13,32000000;13,23000000;66615,00000000;0,00000000;0,00000000;0,00000000;0,00000000;20251111
88;1I;36841;LU2052491334;MULTILABEL ETICA ESG GLOBAL EQUITY;EUR;LUXEMBOURG;092000;223;I;37106,669;0,000;0,000;0,000;140,2299;140,2299;5203468,1900;5203468,19;0,000000;143,6900;143,6900;5331857,2700;5331857,27;5331857,2700;5331857,27;142,0100;2,467;0,000;2,467;4,455;39,114;0,884;1,183;0,888;0,000;0,000;0,0000;0,00;;;;DEUR;N092000;T300;;099116      MULTILABEL ETICA ESG GLOBAL EQUITY;140,22999989;140,22999989;143,69000000;143,69000000;142,01000000;37106,66900000;0,00000000;0,00000000;0,00000000;0,00000000;20251111
88;1I;36843;LU2052490872;MULTILABEL ETICA ESG DYNAMIC ALLOCATION;EUR;LUXEMBOURG;092000;223;I;36953,094;0,000;0,000;0,000;121,7399;121,7399;4498669,6600;4498669,66;0,000000;124,4600;124,4600;4599182,0800;4599182,08;4599182,0800;4599182,08;123,4500;2,234;0,000;2,234;3,843;33,739;0,762;0,818;0,766;0,000;0,000;0,0000;0,00;;;;DEUR;N092000;T300;;099238      MULTILABEL ETICA ESG DYNAMIC ALLOCATION;121,73999990;121,73999990;124,46000000;124,46000000;123,45000000;36953,09400000;0,00000000;0,00000000;0,00000000;0,00000000;20251111
88;1I;36842;LU2052490286;MULTILABEL ETICA ESG CONSERVATIVE ALLOC;EUR;LUXEMBOURG;092000;223;I;37206,072;0,000;0,000;0,000;98,1699;98,1699;3652520,0800;3652520,08;0,000000;99,4600;99,4600;3700515,9200;3700515,92;3700515,9200;3700515,92;99,2500;1,314;0,000;1,314;3,092;27,147;0,613;0,212;0,616;0,000;0,000;0,0000;0,00;;;;DEUR;N092000;T300;;099387      MULTILABEL ETICA ESG CONSERVATIVE ALLOC;98,16999977;98,16999977;99,46000000;99,46000000;99,25000000;37206,07200000;0,00000000;0,00000000;0,00000000;0,00000000;20251111
88;1I;33682;DE000KBX1006;KNORR-BREMSE AG;EUR;NEUERMKT;094000;201;I;42522,000;0,000;0,000;0,000;83,0614;83,0614;3531940,3400;3531940,34;0,000000;84,1000;84,1000;3576100,2000;3576100,20;3576100,2000;3576100,20;81,2000;1,250;0,000;1,250;2,988;24,045;0,593;3,571;0,595;0,000;0,000;0,0000;0,00;;;;DEUR;N094000;T300;;099407      KNORR-BREMSE AG;83,06148205;83,06148205;84,10000000;84,10000000;81,20000000;42522,00000000;0,00000000;0,00000000;0,00000000;0,00000000;20251111
88;1I;08512;DE0007164600;SAP SE;EUR;NEUERMKT;094000;201;I;14970,000;0,000;0,000;0,000;248,0994;248,0994;3714049,5000;3714049,50;0,000000;217,0500;217,0500;3249238,5000;3249238,50;3249238,5000;3249238,50;216,2500;-12,515;0,000;-12,515;2,715;21,847;0,539;0,370;0,541;0,000;0,000;0,0000;0,00;;;;DEUR;N094000;T300;;099461      SAP SE;248,09949899;248,09949899;217,05000000;217,05000000;216,25000000;14970,00000000;0,00000000;0,00000000;0,00000000;0,00000000;20251111
88;1I;24199;DE000ZAL1111;ZALANDO-ORD SHS;EUR;NEUERMKT;094000;201;I;132037,000;0,000;0,000;0,000;26,9377;26,9377;3556783,9500;3556783,95;0,000000;23,0100;23,0100;3038171,3700;3038171,37;3038171,3700;3038171,37;22,5800;-14,581;0,000;-14,581;2,539;20,428;0,504;1,904;0,506;0,000;0,000;0,0000;0,00;;;;DEUR;N094000;T300;;099496      ZALANDO-ORD SHS;26,93778221;26,93778221;23,01000000;23,01000000;22,58000000;132037,00000000;0,00000000;0,00000000;0,00000000;0,00000000;20251111
88;1I;19412;DE000A1ML7J1;VONOVIA SE;EUR;NEUERMKT;094000;201;I;100745,000;0,000;0,000;0,000;27,2934;27,2934;2749680,1200;2749680,12;0,000000;25,7300;25,7300;2592168,8500;2592168,85;2592168,8500;2592168,85;25,1000;-5,728;0,000;-5,728;2,166;17,429;0,430;2,510;0,432;0,000;0,000;0,0000;0,00;;;;DEUR;N094000;T300;;099570      VONOVIA SE;27,29346488;27,29346488;25,73000000;25,73000000;25,10000000;100745,00000000;0,00000000;0,00000000;0,00000000;0,00000000;20251111
88;1I;08529;DE0005557508;DEUTSCHE TELEKOM - NOMINATIVE;EUR;NEUERMKT;094000;201;I;88371,000;0,000;0,000;0,000;31,7311;31,7311;2804111,9400;2804111,94;0,000000;27,0700;27,0700;2392202,9700;2392202,97;2392202,9700;2392202,97;26,6900;-14,689;0,000;-14,689;1,999;16,085;0,396;1,424;0,398;0,000;0,000;0,0000;0,00;;;;DEUR;N094000;T300;;099604      DEUTSCHE TELEKOM - NOMINATIVE;31,73113283;31,73113283;27,07000000;27,07000000;26,69000000;88371,00000000;0,00000000;0,00000000;0,00000000;0,00000000;20251111
88;1I;17956;DE0005570808;UMWELTBANK AG;EUR;NEUERMKT;094000;201;I;6392,000;0,000;0,000;0,000;6,1445;6,1445;39275,8000;39275,80;0,000000;3,8600;3,8600;24673,1200;24673,12;24673,1200;24673,12;3,8600;-37,180;0,000;-37,180;0,021;0,166;0,004;0,000;0,004;0,000;0,000;0,0000;0,00;;;;DEUR;N094000;T300;;099996      UMWELTBANK AG;6,14452440;6,14452440;3,86000000;3,86000000;3,86000000;6392,00000000;0,00000000;0,00000000;0,00000000;0,00000000;20251111
88;1I;17410;IT0004965148;MONCLER SPA;EUR;MILANO;086000;201;I;112600,000;0,000;0,000;0,000;54,8070;54,8070;6171279,3100;6171279,31;0,000000;57,6000;57,6000;6485760,0000;6485760,00;6485760,0000;6485760,00;56,4200;5,096;0,000;5,096;5,419;29,932;1,075;2,091;1,080;0,000;0,000;0,0000;0,00;;;;DEUR;N111111;T300;;098925      MONCLER SPA;54,80709866;54,80709866;57,60000000;57,60000000;56,42000000;112600,00000000;0,00000000;0,00000000;0,00000000;0,00000000;20251111
88;1I;03565;IT0003497168;TELECOM ITALIA SPA ORD.;EUR;MILANO;086000;201;I;10813807,000;0,000;0,000;0,000;0,2530;0,2530;2736582,1200;2736582,12;0,000000;0,4958;0,4958;5361485,5100;5361485,51;5361485,5100;5361485,51;0,4921;95,919;0,000;95,919;4,480;24,744;0,889;0,752;0,893;0,000;0,000;0,0000;0,00;;;;DEUR;N111111;T300;;099111      TELECOM ITALIA SPA ORD.;0,25306371;0,25306371;0,49580000;0,49580000;0,49210000;10813807,00000000;0,00000000;0,00000000;0,00000000;0,00000000;20251111
88;1I;08531;IT0001078911;INTERPUMP GROUP;EUR;MILANO;086000;201;I;51676,000;0,000;0,000;0,000;40,2096;40,2096;2077871,3100;2077871,31;0,000000;43,7400;43,7400;2260308,2400;2260308,24;2260308,2400;2260308,24;43,2200;8,780;0,000;8,780;1,889;10,432;0,375;1,203;0,376;0,000;0,000;0,0000;0,00;;;;DEUR;N111111;T300;;099625      INTERPUMP GROUP;40,20960039;40,20960039;43,74000000;43,74000000;43,22000000;51676,00000000;0,00000000;0,00000000;0,00000000;0,00000000;20251111
88;1I;08544;IT0001157020;ERG ORD.;EUR;MILANO;086000;201;I;68878,000;0,000;0,000;0,000;19,5904;19,5904;1349348,3500;1349348,35;0,000000;22,3600;22,3600;1540112,0800;1540112,08;1540112,0800;1540112,08;22,4000;14,137;0,000;14,137;1,287;7,108;0,255;-0,179;0,256;0,000;0,000;0,0000;0,00;;;;DEUR;N111111;T300;;099745      ERG ORD.;19,59041130;19,59041130;22,36000000;22,36000000;22,40000000;68878,00000000;0,00000000;0,00000000;0,00000000;0,00000000;20251111
88;1I;34530;IT0005366767;NEXI SPA;EUR;MILANO;086000;201;I;224774,000;0,000;0,000;0,000;5,3107;5,3107;1193715,4000;1193715,40;0,000000;4,1200;4,1200;926068,8800;926068,88;926068,8800;926068,88;4,0250;-22,421;0,000;-22,421;0,774;4,274;0,153;2,360;0,154;0,000;0,000;0,0000;0,00;;;;DEUR;N111111;T300;;099847      NEXI SPA;5,31073611;5,31073611;4,12000000;4,12000000;4,02500000;224774,00000000;0,00000000;0,00000000;0,00000000;0,00000000;20251111
88;1I;04321;IT0003242622;TERNA SPA;EUR;MILANO;086000;201;I;96662,000;0,000;0,000;0,000;7,6507;7,6507;739540,1500;739540,15;0,000000;9,0460;9,0460;874404,4500;874404,45;874404,4500;874404,45;8,9940;18,236;0,000;18,236;0,731;4,035;0,145;0,578;0,146;0,000;0,000;0,0000;0,00;;;;DEUR;N111111;T300;;099855      TERNA SPA;7,65078469;7,65078469;9,04600000;9,04600000;8,99400000;96662,00000000;0,00000000;0,00000000;0,00000000;0,00000000;20251111
88;1I;25525;IT0005162406;TECHNOGYM  SPA;EUR;MILANO;086000;201;I;45185,000;0,000;0,000;0,000;10,5773;10,5773;477939,6400;477939,64;0,000000;16,0800;16,0800;726574,8000;726574,80;726574,8000;726574,80;15,8700;52,022;0,000;52,022;0,607;3,353;0,120;1,323;0,121;0,000;0,000;0,0000;0,00;;;;DEUR;N111111;T300;;099880      TECHNOGYM  SPA;10,57739603;10,57739603;16,08000000;16,08000000;15,87000000;45185,00000000;0,00000000;0,00000000;0,00000000;0,00000000;20251111
88;1I;19402;IT0005054967;RAI WAY SPA;EUR;MILANO;086000;201;I;118646,000;0,000;0,000;0,000;5,5167;5,5167;654539,7800;654539,78;0,000000;5,7700;5,7700;684587,4200;684587,42;684587,4200;684587,42;5,8400;4,591;0,000;4,591;0,572;3,159;0,113;-1,199;0,114;0,000;0,000;0,0000;0,00;;;;DEUR;N111111;T300;;099887      RAI WAY SPA;5,51674544;5,51674544;5,77000000;5,77000000;5,84000000;118646,00000000;0,00000000;0,00000000;0,00000000;0,00000000;20251111
88;1I;08569;IT0001206769;SOL SPA;EUR;MILANO;086000;201;I;13118,000;0,000;0,000;0,000;37,5029;37,5029;491964,3500;491964,35;0,000000;49,7000;49,7000;651964,6000;651964,60;651964,6000;651964,60;49,0000;32,523;0,000;32,523;0,545;3,009;0,108;1,429;0,109;0,000;0,000;0,0000;0,00;;;;DEUR;N111111;T300;;099892      SOL SPA;37,50299969;37,50299969;49,70000000;49,70000000;49,00000000;13118,00000000;0,00000000;0,00000000;0,00000000;0,00000000;20251111
88;1I;07862;IT0003492391;DIASORIN;EUR;MILANO;086000;201;I;10778,000;0,000;0,000;0,000;98,7496;98,7496;1064323,3600;1064323,36;0,000000;60,1600;60,1600;648404,4800;648404,48;648404,4800;648404,48;59,0000;-39,078;0,000;-39,078;0,542;2,992;0,107;1,966;0,108;0,000;0,000;0,0000;0,00;;;;DEUR;N111111;T300;;099893      DIASORIN;98,74961588;98,74961588;60,16000000;60,16000000;59,00000000;10778,00000000;0,00000000;0,00000000;0,00000000;0,00000000;20251111
88;1I;06568;IT0004056880;AMPLIFON NEW;EUR;MILANO;086000;201;I;25486,000;0,000;0,000;0,000;21,0276;21,0276;535910,1400;535910,14;0,000000;14,4850;14,4850;369164,7100;369164,71;369164,7100;369164,71;14,0900;-31,114;0,000;-31,114;0,308;1,704;0,061;2,803;0,061;0,000;0,000;0,0000;0,00;;;;DEUR;N111111;T300;;099939      AMPLIFON NEW;21,02762850;21,02762850;14,48500000;14,48500000;14,09000000;25486,00000000;0,00000000;0,00000000;0,00000000;0,00000000;20251111
88;1I;23184;IT0005090300;INFRASTRUTTURE WIRELESS ITAL;EUR;MILANO;086000;201;I;38256,000;0,000;0,000;0,000;9,8051;9,8051;375106,3600;375106,36;0,000000;8,3300;8,3300;318672,4800;318672,48;318672,4800;318672,48;9,4400;-15,045;0,000;-15,045;0,266;1,471;0,053;-11,758;0,053;0,000;0,000;0,0000;0,00;;;;DEUR;N111111;T300;;099947      INFRASTRUTTURE WIRELESS ITAL;9,80516415;9,80516415;8,33000000;8,33000000;9,44000000;38256,00000000;0,00000000;0,00000000;0,00000000;0,00000000;20251111
88;1I;03436;IT0001250932;HERA SPA;EUR;MILANO;086000;201;I;69043,000;0,000;0,000;0,000;3,4449;3,4449;237851,6600;237851,66;0,000000;3,9820;3,9820;274929,2300;274929,23;274929,2300;274929,23;4,0080;15,589;0,000;15,589;0,230;1,269;0,046;-0,649;0,046;0,000;0,000;0,0000;0,00;;;;DEUR;N111111;T300;;099954      HERA SPA;3,44497863;3,44497863;3,98200000;3,98200000;4,00800000;69043,00000000;0,00000000;0,00000000;0,00000000;0,00000000;20251111
88;1I;07639;IT0004176001;PRYSMIAN SPA;EUR;MILANO;086000;201;I;3038,000;0,000;0,000;0,000;62,2362;62,2362;189073,7400;189073,74;0,000000;84,3000;84,3000;256103,4000;256103,40;256103,4000;256103,40;83,5600;35,452;0,000;35,452;0,214;1,182;0,042;0,886;0,043;0,000;0,000;0,0000;0,00;;;;DEUR;N111111;T300;;099958      PRYSMIAN SPA;62,23625411;62,23625411;84,30000000;84,30000000;83,56000000;3038,00000000;0,00000000;0,00000000;0,00000000;0,00000000;20251111
88;1I;08573;IT0001233417;A2A SPA;EUR;MILANO;086000;201;I;75984,000;0,000;0,000;0,000;2,1399;2,1399;162604,6400;162604,64;0,000000;2,7100;2,7100;205916,6400;205916,64;205916,6400;205916,64;2,6960;26,636;0,000;26,636;0,172;0,950;0,034;0,519;0,034;0,000;0,000;0,0000;0,00;;;;DEUR;N111111;T300;;099966      A2A SPA;2,13998526;2,13998526;2,71000000;2,71000000;2,69600000;75984,00000000;0,00000000;0,00000000;0,00000000;0,00000000;20251111
88;1I;30238;IT0005278236;PIRELLI & C SPA;EUR;MILANO;086000;201;I;13684,000;0,000;0,000;0,000;5,4716;5,4716;74873,6000;74873,60;0,000000;6,1100;6,1100;83609,2400;83609,24;83609,2400;83609,24;6,1260;11,667;0,000;11,667;0,070;0,386;0,014;-0,261;0,014;0,000;0,000;0,0000;0,00;;;;DEUR;N111111;T300;;099986      PIRELLI & C SPA;5,47161648;5,47161648;6,11000000;6,11000000;6,12600000;13684,00000000;0,00000000;0,00000000;0,00000000;0,00000000;20251111
88;1O;01076;AU000000ORI1;ORICA LTD.;AUD;AUSTRALIA;111111;201;O;124539,000;0,000;0,000;0,000;16,6981;9,9454;2079574,6680;1238600,20;1,678972;22,8100;12,8254;2840734,5900;1597264,32;2840734,5900;1597264,32;22,9000;36,602;5,928;28,957;20,630;0,355;0,265;-0,393;0,266;0,000;0,000;0,0000;0,00;;;;DAUD;N007000;T300;;099735      ORICA LTD.;16,69818023;9,94548053;22,81000000;12,82541467;22,90000000;124539,00000000;0,00000000;0,00000000;0,00000000;0,00000000;20251111
88;1O;17478;AU000000ORA8;ORORA LTD;AUD;AUSTRALIA;111111;201;O;759999,000;0,000;0,000;0,000;2,1629;1,2503;1643828,4400;950284,32;1,729828;2,2100;1,2426;1679597,7900;944390,10;1679597,7900;944390,10;2,0900;2,176;2,814;-0,620;12,198;0,210;0,157;5,742;0,157;0,000;0,000;0,0000;0,00;;;;DAUD;N007000;T300;;099843      ORORA LTD;2,16293500;1,25037575;2,21000000;1,24262018;2,09000000;759999,00000000;0,00000000;0,00000000;0,00000000;0,00000000;20251111
88;1O;31244;AU000000LLC3;LEND LEASE GROUP STAPLED SECURITIES;AUD;AUSTRALIA;111111;223;O;169729,000;0,000;0,000;0,000;6,1867;3,6875;1050071,9900;625883,02;1,677745;5,4700;3,0756;928417,6300;522022,85;928417,6300;522022,85;5,4600;-11,585;6,005;-16,594;6,742;0,116;0,087;0,183;0,087;0,000;0,000;0,0000;0,00;;;;DAUD;N007000;T300;;099913      LEND LEASE GROUP STAPLED SECURITIES;6,18675647;3,68754320;5,47000000;3,07562552;5,46000000;169729,00000000;0,00000000;0,00000000;0,00000000;0,00000000;20251111
88;1O;03510;CA1363751027;CANADIAN NATIONAL RAILWAY CAD;CAD;TORONTO;111111;201;O;16037,000;0,000;0,000;0,000;145,2248;97,1659;2328970,4800;1558250,04;1,494606;134,4300;82,7312;2155853,9100;1326760,98;2155853,9100;1326760,98;132,5000;-7,433;8,718;-14,856;50,736;0,295;0,220;1,457;0,221;0,000;0,000;0,0000;0,00;;;;DCAD;N013000;T300;;099780      CANADIAN NATIONAL RAILWAY CAD;145,22482259;97,16593128;134,43000000;82,73124499;132,50000000;16037,00000000;0,00000000;0,00000000;0,00000000;0,00000000;20251111
88;1O;10636;DK0060079531;DSV A/S;DKK;COPENHAGEN;111111;201;O;16238,000;0,000;0,000;0,000;1464,4623;196,2593;23779939,3740;3186859,21;7,461873;1465,0000;196,1834;23788670,0000;3185627,05;23788670,0000;3185627,05;1429,5000;0,037;0,075;-0,039;52,429;0,708;0,528;2,483;0,530;0,000;0,000;0,0000;0,00;;;;DDKK;N021000;T300;;099472      DSV A/S;1464,46233366;196,25934289;1465,00000000;196,18346166;1429,50000000;16238,00000000;0,00000000;0,00000000;0,00000000;0,00000000;20251111
88;1O;47417;DK0062498333;NOVO NORDISK A/S-B;DKK;COPENHAGEN;111111;201;O;67857,000;0,000;0,000;0,000;530,4827;71,1220;35996965,2300;4826129,47;7,458765;313,6500;42,0020;21283348,0500;2850130,30;21283348,0500;2850130,30;294,7000;-40,875;0,117;-40,944;46,908;0,634;0,472;6,430;0,475;0,000;0,000;0,0000;0,00;;;;DDKK;N021000;T300;;099528      NOVO NORDISK A/S-B;530,48270966;71,12205771;313,65000000;42,00200870;294,70000000;67857,00000000;0,00000000;0,00000000;0,00000000;0,00000000;20251111
88;1O;44229;GB00BP92CJ43;TATE & LYLE PLC;GBP;LONDRA;111111;201;O;468148,000;0,000;0,000;0,000;5,5188;6,4763;2583627,3450;3031907,67;0,852146;3,9460;4,4830;1847312,0080;2098741,20;1847312,0080;2098741,20;3,8840;-28,499;3,292;-30,778;10,012;0,467;0,348;1,596;0,349;0,000;0,000;0,0000;0,00;;;;DGBP;N031000;T300;;099652      TATE & LYLE PLC;5,51882598;6,47638710;3,94600000;4,48307202;3,88400000;468148,00000000;0,00000000;0,00000000;0,00000000;0,00000000;20251111
88;1O;03729;GB0006825383;PERSIMMON PLC.;GBP;LONDRA;111111;201;O;124368,000;0,000;0,000;0,000;11,5778;13,9148;1439911,7490;1730565,28;0,832047;12,5600;14,2694;1562062,0800;1774667,21;1562062,0800;1774667,21;12,3150;8,483;5,787;2,548;8,466;0,395;0,294;1,989;0,295;0,000;0,000;0,0000;0,00;;;;DGBP;N031000;T300;;099706      PERSIMMON PLC.;11,57783150;13,91487585;12,56000000;14,26948420;12,31500000;124368,00000000;0,00000000;0,00000000;0,00000000;0,00000000;20251111
88;1O;09739;GB00B2B0DG97;REED ELSEVIER PLC A;GBP;LONDRA;111111;201;O;24094,000;0,000;0,000;0,000;38,7059;45,9022;932580,8000;1105969,70;0,843225;32,2700;36,6621;777513,3800;883337,17;777513,3800;883337,17;31,8000;-16,628;4,385;-20,130;4,214;0,196;0,146;1,478;0,147;0,000;0,000;0,0000;0,00;;;;DGBP;N031000;T300;;099854      REED ELSEVIER PLC A;38,70593508;45,90228687;32,27000000;36,66212224;31,80000000;24094,00000000;0,00000000;0,00000000;0,00000000;0,00000000;20251111
88;1O;01504;GB0007908733;SSE PLC;GBP;LONDRA;111111;201;O;22500,000;0,000;0,000;0,000;16,0388;19,2431;360874,2890;432971,62;0,833483;19,7450;22,4324;444262,5000;504729,04;444262,5000;504729,04;19,4300;23,107;5,605;16,573;2,408;0,112;0,084;1,621;0,084;0,000;0,000;0,0000;0,00;;;;DGBP;N031000;T300;;099916      SSE PLC;16,03885728;19,24318311;19,74500000;22,43240172;19,43000000;22500,00000000;0,00000000;0,00000000;0,00000000;0,00000000;20251111
88;1O;12368;IE0001827041;CRH PLC.- LONDRA GBP;GBP;LONDRA;111111;201;O;44957,000;0,000;0,000;0,000;72,0630;85,7638;3239740,5000;3855686,86;0,840250;85,8400;97,5232;3859108,8800;4384354,56;3859108,8800;4384354,56;86,3600;19,118;4,755;13,711;20,915;0,975;0,727;-0,602;0,730;0,000;0,000;0,0000;0,00;;;;DGBP;N040000;T300;;099273      CRH PLC.- LONDRA GBP;72,06309362;85,76388237;85,84000000;97,52329016;86,36000000;44957,00000000;0,00000000;0,00000000;0,00000000;0,00000000;20251111
88;1O;19903;IE00BTN1Y115;MEDTRONIC PLC;USD;NEW YORK;111111;201;O;69617,000;0,000;0,000;0,000;80,3017;77,2307;5590367,1400;5376575,08;1,039764;95,4000;82,2697;6641461,8000;5727373,06;6641461,8000;5727373,06;92,6600;18,802;11,525;6,525;1,601;1,274;0,949;2,957;0,954;0,000;0,000;0,0000;0,00;;;;DUSD;N040000;T300;;099051      MEDTRONIC PLC;80,30175302;77,23077811;95,40000000;82,26974818;92,66000000;69617,00000000;0,00000000;0,00000000;0,00000000;0,00000000;20251111
88;1O;46296;IE000S9YS762;LINDE PLC NEW - USD;USD;OTC;111111;201;O;15146,000;0,000;0,000;0,000;420,8665;404,1524;6374445,4600;6121293,76;1,041356;426,6500;367,9285;6462040,9000;5572646,52;6462040,9000;5572646,52;420,6700;1,374;11,355;-8,963;1,558;1,239;0,924;1,422;0,928;0,000;0,000;0,0000;0,00;;;;DUSD;N040000;T300;;099076      LINDE PLC NEW - USD;420,86659580;404,15249967;426,65000000;367,92859606;420,67000000;15146,00000000;0,00000000;0,00000000;0,00000000;0,00000000;20251111
88;1O;37185;IE00BK9ZQ967;TRANE TECH PLC;USD;NEW YORK;111111;201;O;12058,000;0,000;0,000;0,000;370,3658;356,3047;4465871,1800;4296322,99;1,039464;421,6400;363,6081;5084135,1200;4384386,96;5084135,1200;4384386,96;433,5000;13,844;11,557;2,050;1,226;0,975;0,727;-2,736;0,730;0,000;0,000;0,0000;0,00;;;;DUSD;N040000;T300;;099273      TRANE TECH PLC;370,36583015;356,30477608;421,64000000;363,60814073;433,50000000;12058,00000000;0,00000000;0,00000000;0,00000000;0,00000000;20251111
88;1O;18593;IE00BLS09M33;PENTAIR PLC;USD;NEW YORK;111111;201;O;7509,000;0,000;0,000;0,000;100,4430;96,4998;754227,1600;724617,35;1,040863;108,2400;93,3425;812774,1600;700909,07;812774,1600;700909,07;108,6900;7,763;11,408;-3,272;0,196;0,156;0,116;-0,414;0,117;0,000;0,000;0,0000;0,00;;;;DUSD;N040000;T300;;099884      PENTAIR PLC;100,44308962;96,49984685;108,24000000;93,34253190;108,69000000;7509,00000000;0,00000000;0,00000000;0,00000000;0,00000000;20251111
88;1O;00158;NO0005052605;NORSK HYDRO;NOK;OSLO;111111;201;O;169723,000;0,000;0,000;0,000;69,6883;5,9692;11827724,3100;1013124,70;11,674500;71,7800;6,1565;12182716,9400;1044910,58;12182716,9400;1044910,58;71,5600;3,001;-0,132;3,137;82,311;0,232;0,173;0,307;0,174;0,000;0,000;0,0000;0,00;;;;DNOK;N048000;T300;;099827      NORSK HYDRO;69,68839998;5,96928348;71,78000000;6,15656440;71,56000000;169723,00000000;0,00000000;0,00000000;0,00000000;0,00000000;20251111
88;1O;24521;NL0011585146;FERRARI NV - USD -;USD;NEW YORK;111111;201;O;3417,000;0,000;0,000;0,000;426,1529;409,2965;1456164,5540;1398566,30;1,041184;422,4600;364,3152;1443545,8200;1244865,32;1443545,8200;1244865,32;411,4000;-0,867;11,373;-10,990;0,348;0,277;0,206;2,688;0,207;0,000;0,000;0,0000;0,00;;;;DUSD;N050000;T300;;099794      FERRARI NV - USD -;426,15292771;409,29654667;422,46000000;364,31528113;411,40000000;3417,00000000;0,00000000;0,00000000;0,00000000;0,00000000;20251111
88;1O;44332;SE0017486889;ATLAS COPCO AB-A SHS;SEK;STOCCOLMA;111111;201;O;237265,000;0,000;0,000;0,000;159,6796;14,4845;37886402,9000;3436674,87;11,024145;159,6500;14,5614;37879357,2500;3454916,34;37879357,2500;3454916,34;157,3500;-0,019;-0,546;0,531;42,026;0,768;0,573;1,462;0,575;0,000;0,000;0,0000;0,00;;;;DSEK;N068000;T300;;099427      ATLAS COPCO AB-A SHS;159,67969527;14,48454205;159,65000000;14,56142431;157,35000000;237265,00000000;0,00000000;0,00000000;0,00000000;0,00000000;20251111
88;1O;00418;SE0000108227;S.K.F. AB CL.B;SEK;STOCCOLMA;111111;201;O;116847,000;0,000;0,000;0,000;251,2793;22,8324;29361235,9500;2667905,72;11,005350;241,0000;21,9812;28160127,0000;2568440,70;28160127,0000;2568440,70;258,5000;-4,091;-0,377;-3,728;31,242;0,571;0,426;-6,770;0,428;0,000;0,000;0,0000;0,00;;;;DSEK;N068000;T300;;099574      S.K.F. AB CL.B;251,27933066;22,83247083;241,00000000;21,98122930;258,50000000;116847,00000000;0,00000000;0,00000000;0,00000000;0,00000000;20251111
88;1O;23094;SE0007100581;ASSA ABLOY AB-B;SEK;STOCCOLMA;111111;201;O;50641,000;0,000;0,000;0,000;331,0961;30,1010;16767038,1100;1524345,48;10,999500;358,5000;32,6982;18154798,5000;1655870,49;18154798,5000;1655870,49;352,9000;8,277;-0,324;8,628;20,142;0,368;0,274;1,587;0,276;0,000;0,000;0,0000;0,00;;;;DSEK;N068000;T300;;099726      ASSA ABLOY AB-B;331,09611006;30,10101459;358,50000000;32,69821869;352,90000000;50641,00000000;0,00000000;0,00000000;0,00000000;0,00000000;20251111
88;1O;02738;US67066G1040;NVIDIA CORP.;USD;OTC;111111;201;O;267914,000;0,000;0,000;0,000;133,5472;128,7896;35779185,4870;34504549,58;1,036941;193,1600;166,5746;51750268,2400;44627689,07;51750268,2400;44627689,07;199,0500;44,638;11,829;29,339;12,476;9,925;7,396;-2,959;7,430;0,000;0,000;0,0000;0,00;;;;DUSD;N069000;T300;;092604      NVIDIA CORP.;133,54727818;128,78964735;193,16000000;166,57468092;199,05000000;267914,00000000;0,00000000;0,00000000;0,00000000;0,00000000;20251111
88;1O;08768;US92826C8394;VISA INC CLASS A SHS;USD;NEW YORK;111111;201;O;54693,000;0,000;0,000;0,000;317,4808;304,3370;17363980,9720;16645107,43;1,043188;338,9200;292,2731;18536551,5600;15985298,00;18536551,5600;15985298,00;334,8500;6,753;11,159;-3,964;4,469;3,555;2,649;1,215;2,662;0,000;0,000;0,0000;0,00;;;;DUSD;N069000;T300;;097351      VISA INC CLASS A SHS;317,48086541;304,33707110;338,92000000;292,27319765;334,85000000;54693,00000000;0,00000000;0,00000000;0,00000000;0,00000000;20251111
88;1O;06606;US57636Q1040;MASTERCARD INC CL A;USD;NEW YORK;111111;201;O;32831,000;0,000;0,000;0,000;527,4585;506,6496;17316991,7800;16633815,73;1,041072;558,3500;481,5022;18331188,8500;15808200,11;18331188,8500;15808200,11;552,9600;5,857;11,385;-4,963;4,419;3,516;2,620;0,975;2,632;0,000;0,000;0,0000;0,00;;;;DUSD;N069000;T300;;097380      MASTERCARD INC CL A;527,45855380;506,64968261;558,35000000;481,50224215;552,96000000;32831,00000000;0,00000000;0,00000000;0,00000000;0,00000000;20251111
88;1O;00448;US68389X1054;ORACLE CORP.;USD;OTC;111111;201;O;65269,000;0,000;0,000;0,000;169,5400;162,5365;11065712,7700;10608596,07;1,043089;236,1500;203,6478;15413274,3500;13291888,88;15413274,3500;13291888,88;240,8300;39,289;11,170;25,294;3,716;2,956;2,203;-1,943;2,213;0,000;0,000;0,0000;0,00;;;;DUSD;N069000;T300;;097797      ORACLE CORP.;169,54009974;162,53651917;236,15000000;203,64780958;240,83000000;65269,00000000;0,00000000;0,00000000;0,00000000;0,00000000;20251111
88;1O;14741;US00287Y1091;ABBVIE INC;USD;NEW YORK;111111;201;O;41648,000;0,000;0,000;0,000;178,9063;172,0353;7451091,7000;7164926,62;1,039940;225,1700;194,1790;9377880,1600;8087168,13;9377880,1600;8087168,13;218,7100;25,859;11,506;12,872;2,261;1,799;1,340;2,954;1,347;0,000;0,000;0,0000;0,00;;;;DUSD;N069000;T300;;098660      ABBVIE INC;178,90635084;172,03531069;225,17000000;194,17902725;218,71000000;41648,00000000;0,00000000;0,00000000;0,00000000;0,00000000;20251111
88;1O;00095;US4370761029;HOME DEPOT INC.;USD;NEW YORK;111111;201;O;23839,000;0,000;0,000;0,000;388,7785;370,7427;9268093,0400;8838135,63;1,048648;374,2400;322,7319;8921507,3600;7693607,59;8921507,3600;7693607,59;370,4300;-3,740;10,580;-12,950;2,151;1,711;1,275;1,029;1,281;0,000;0,000;0,0000;0,00;;;;DUSD;N069000;T300;;098725      HOME DEPOT INC.;388,77859977;370,74271697;374,24000000;322,73197654;370,43000000;23839,00000000;0,00000000;0,00000000;0,00000000;0,00000000;20251111
88;1O;00423;US0382221051;APPLIED MATERIALS INC.;USD;OTC;111111;201;O;37283,000;0,000;0,000;0,000;183,3296;168,4217;6835079,1200;6279269,59;1,088515;228,6700;197,1973;8525503,6100;7352107,29;8525503,6100;7352107,29;235,0800;24,732;6,530;17,085;2,055;1,635;1,218;-2,727;1,224;0,000;0,000;0,0000;0,00;;;;DUSD;N069000;T300;;098782      APPLIED MATERIALS INC.;183,32964407;168,42178982;228,67000000;197,19730941;235,08000000;37283,00000000;0,00000000;0,00000000;0,00000000;0,00000000;20251111
88;1O;00174;US7427181091;PROCTER & GAMBLE CO.;USD;NEW YORK;111111;201;O;55406,000;0,000;0,000;0,000;162,4895;152,2055;9002894,8380;8433101,57;1,067566;148,5400;128,0958;8230007,2400;7097281,17;8230007,2400;7097281,17;145,5000;-8,585;8,621;-15,840;1,984;1,578;1,176;2,089;1,182;0,000;0,000;0,0000;0,00;;;;DUSD;N069000;T300;;098824      PROCTER & GAMBLE CO.;162,48952889;152,20556564;148,54000000;128,09589513;145,50000000;55406,00000000;0,00000000;0,00000000;0,00000000;0,00000000;20251111
88;1O;00222;US8825081040;TEXAS INSTRUMENTS INC.;USD;OTC;111111;201;O;45983,000;0,000;0,000;0,000;187,8401;176,1347;8637451,7700;8099202,41;1,066457;159,7300;137,7457;7344864,5900;6333963,94;7344864,5900;6333963,94;160,5800;-14,965;8,734;-21,795;1,771;1,409;1,050;-0,529;1,055;0,000;0,000;0,0000;0,00;;;;DUSD;N069000;T300;;098950      TEXAS INSTRUMENTS INC.;187,84010982;176,13471087;159,73000000;137,74577440;160,58000000;45983,00000000;0,00000000;0,00000000;0,00000000;0,00000000;20251111
88;1O;17264;US81762P1021;SERVICENOW INC;USD;NEW YORK;111111;201;O;8513,000;0,000;0,000;0,000;1040,2205;966,9054;8855397,2390;8231266,20;1,075824;860,6700;742,2128;7326883,7100;6318457,84;7326883,7100;6318457,84;866,3000;-17,261;7,787;-23,238;1,766;1,405;1,047;-0,650;1,052;0,000;0,000;0,0000;0,00;;;;DUSD;N069000;T300;;098953      SERVICENOW INC;1040,22051439;966,90546223;860,67000000;742,21283201;866,30000000;8513,00000000;0,00000000;0,00000000;0,00000000;0,00000000;20251111
88;1O;00481;US7475251036;QUALCOMM INC.;USD;OTC;111111;201;O;40580,000;0,000;0,000;0,000;153,3618;147,3533;6223421,9250;5979597,14;1,040776;173,9800;150,0344;7060108,4000;6088399,79;7060108,4000;6088399,79;171,5700;13,444;11,417;1,820;1,702;1,354;1,009;1,405;1,014;0,000;0,000;0,0000;0,00;;;;DUSD;N069000;T300;;098991      QUALCOMM INC.;153,36180199;147,35330556;173,98000000;150,03449465;171,57000000;40580,00000000;0,00000000;0,00000000;0,00000000;0,00000000;20251111
88;1O;04319;US79466L3024;SALESFORCE COM INC.;USD;NEW YORK;111111;201;O;28340,000;0,000;0,000;0,000;329,6794;317,1546;9343115,8600;8988162,83;1,039491;244,5000;210,8485;6929130,0000;5975448,43;6929130,0000;5975448,43;241,7100;-25,837;11,555;-33,519;1,670;1,329;0,990;1,154;0,995;0,000;0,000;0,0000;0,00;;;;DUSD;N069000;T300;;099010      SALESFORCE COM INC.;329,67945871;317,15465172;244,50000000;210,84856847;241,71000000;28340,00000000;0,00000000;0,00000000;0,00000000;0,00000000;20251111
88;1O;60431;US5128073062;LAM RESEARCH CORP;USD;OTC;111111;201;O;42790,000;0,000;0,000;0,000;72,2300;69,7470;3090721,7000;2984474,41;1,035600;159,1800;137,2714;6811312,2000;5873846,33;6811312,2000;5873846,33;166,3700;120,379;11,974;96,813;1,642;1,306;0,973;-4,322;0,978;0,000;0,000;0,0000;0,00;;;;DUSD;N069000;T300;;099027      LAM RESEARCH CORP;72,23000000;69,74700654;159,18000000;137,27147292;166,37000000;42790,00000000;0,00000000;0,00000000;0,00000000;0,00000000;20251111
88;1O;10451;US58933Y1055;MERCK E CO INC;USD;NEW YORK;111111;201;O;74539,000;0,000;0,000;0,000;97,6772;93,1901;7280765,5400;6946299,22;1,048150;90,9500;78,4322;6779322,0500;5846259,10;6779322,0500;5846259,10;86,7500;-6,887;10,633;-15,836;1,634;1,300;0,969;4,841;0,973;0,000;0,000;0,0000;0,00;;;;DUSD;N069000;T300;;099031      MERCK E CO INC;97,67726344;93,19013160;90,95000000;78,43221800;86,75000000;74539,00000000;0,00000000;0,00000000;0,00000000;0,00000000;20251111
88;1O;00060;US2358511028;DANAHER CORP.;USD;NEW YORK;111111;201;O;30639,000;0,000;0,000;0,000;228,4328;219,9514;6998952,9300;6739091,92;1,038560;215,7900;186,0900;6611589,8100;5701612,46;6611589,8100;5701612,46;211,1700;-5,535;11,655;-15,395;1,594;1,268;0,945;2,188;0,949;0,000;0,000;0,0000;0,00;;;;DUSD;N069000;T300;;099055      DANAHER CORP.;228,43281210;219,95143183;215,79000000;186,09003104;211,17000000;30639,00000000;0,00000000;0,00000000;0,00000000;0,00000000;20251111
88;1O;00263;US17275R1023;CISCO SYSTEM INC.;USD;OTC;111111;201;O;89723,000;0,000;0,000;0,000;60,5313;57,1241;5431057,3060;5125348,41;1,059646;71,7100;61,8402;6434036,3300;5548496,32;6434036,3300;5548496,32;72,0900;18,467;9,433;8,256;1,551;1,234;0,920;-0,527;0,924;0,000;0,000;0,0000;0,00;;;;DUSD;N069000;T300;;099080      CISCO SYSTEM INC.;60,53138332;57,12413104;71,71000000;61,84028975;72,09000000;89723,00000000;0,00000000;0,00000000;0,00000000;0,00000000;20251111
88;1O;00061;US2441991054;DEERE & CO.;USD;NEW YORK;111111;201;O;12614,000;0,000;0,000;0,000;425,3721;408,5353;5365644,7900;5153265,39;1,041213;477,9500;412,1679;6028861,3000;5199087,01;6028861,3000;5199087,01;474,3900;12,360;11,370;0,889;1,453;1,156;0,862;0,750;0,866;0,000;0,000;0,0000;0,00;;;;DUSD;N069000;T300;;099138      DEERE & CO.;425,37218883;408,53538845;477,95000000;412,16798896;474,39000000;12614,00000000;0,00000000;0,00000000;0,00000000;0,00000000;20251111
88;1O;01191;US4612021034;INTUIT INC.;USD;OTC;111111;201;O;8454,000;0,000;0,000;0,000;627,6675;603,0800;5306301,0600;5098439,08;1,040770;654,3200;564,2635;5531621,2800;4770283,96;5531621,2800;4770283,96;653,2700;4,246;11,418;-6,436;1,334;1,061;0,791;0,161;0,794;0,000;0,000;0,0000;0,00;;;;DUSD;N069000;T300;;099209      INTUIT INC.;627,66750177;603,08008989;654,32000000;564,26353915;653,27000000;8454,00000000;0,00000000;0,00000000;0,00000000;0,00000000;20251111
88;1O;25523;US78409V1044;S&P GLOBAL-ORD SHS;USD;NEW YORK;111111;201;O;10938,000;0,000;0,000;0,000;498,3192;478,6961;5450616,2700;5235978,86;1,040993;497,7300;429,2255;5444170,7400;4694869,56;5444170,7400;4694869,56;493,8400;-0,118;11,394;-10,334;1,312;1,044;0,778;0,788;0,782;0,000;0,000;0,0000;0,00;;;;DUSD;N069000;T300;;099222      S&P GLOBAL-ORD SHS;498,31927866;478,69618394;497,73000000;429,22559503;493,84000000;10938,00000000;0,00000000;0,00000000;0,00000000;0,00000000;20251111
88;1O;00007;US0028241000;ABBOTT LABORATORIES CORP.;USD;NEW YORK;111111;201;O;39306,000;0,000;0,000;0,000;120,5668;111,4065;4739000,2100;4378947,58;1,082224;127,0000;109,5205;4991862,0000;4304813,73;4991862,0000;4304813,73;125,8900;5,336;7,150;-1,693;1,203;0,957;0,713;0,882;0,717;0,000;0,000;0,0000;0,00;;;;DUSD;N069000;T300;;099287      ABBOTT LABORATORIES CORP.;120,56683992;111,40659390;127,00000000;109,52052431;125,89000000;39306,00000000;0,00000000;0,00000000;0,00000000;0,00000000;20251111
88;1O;00103;US4581401001;INTEL CORP.;USD;OTC;111111;201;O;130038,000;0,000;0,000;0,000;20,1739;19,3698;2623377,3500;2518822,60;1,041509;37,8800;32,6664;4925839,4400;4247878,10;4925839,4400;4247878,10;38,4500;87,767;11,338;68,645;1,187;0,945;0,704;-1,482;0,707;0,000;0,000;0,0000;0,00;;;;DUSD;N069000;T300;;099296      INTEL CORP.;20,17392877;19,36989649;37,88000000;32,66643670;38,45000000;130038,00000000;0,00000000;0,00000000;0,00000000;0,00000000;20251111
88;1O;00017;US0311621009;AMGEN INC;USD;OTC;111111;201;O;14101,000;0,000;0,000;0,000;261,1494;251,2563;3682467,7300;3542966,03;1,039374;338,4500;291,8678;4772483,4500;4115629,05;4772483,4500;4115629,05;323,6600;29,600;11,567;16,163;1,151;0,915;0,682;4,570;0,685;0,000;0,000;0,0000;0,00;;;;DUSD;N069000;T300;;099318      AMGEN INC;261,14940287;251,25636692;338,45000000;291,86788547;323,66000000;14101,00000000;0,00000000;0,00000000;0,00000000;0,00000000;20251111
88;1O;00492;US9078181081;UNION PACIFIC CORP.;USD;NEW YORK;111111;201;O;19924,000;0,000;0,000;0,000;227,6516;219,1198;4535730,9500;4365742,93;1,038937;224,8000;193,8599;4478915,2000;3862465,68;4478915,2000;3862465,68;223,8800;-1,253;11,614;-11,528;1,080;0,859;0,640;0,411;0,643;0,000;0,000;0,0000;0,00;;;;DUSD;N069000;T300;;099360      UNION PACIFIC CORP.;227,65162367;219,11980174;224,80000000;193,85995170;223,88000000;19924,00000000;0,00000000;0,00000000;0,00000000;0,00000000;20251111
88;1O;19426;US6974351057;PALO ALTO NETWORKS INC;USD;NEW YORK;111111;201;O;20035,000;0,000;0,000;0,000;181,9662;174,8096;3645692,9400;3502310,67;1,040939;218,2700;188,2286;4373039,4500;3771162,00;4373039,4500;3771162,00;216,5400;19,951;11,399;7,676;1,054;0,839;0,625;0,799;0,628;0,000;0,000;0,0000;0,00;;;;DUSD;N069000;T300;;099375      PALO ALTO NETWORKS INC;181,96620613;174,80961667;218,27000000;188,22869955;216,54000000;20035,00000000;0,00000000;0,00000000;0,00000000;0,00000000;20251111
88;1O;01458;US92343V1044;VERIZON COMMUNICATION;USD;NEW YORK;111111;201;O;102592,000;0,000;0,000;0,000;43,1539;36,6549;4427244,9100;3760507,01;1,177300;40,7000;35,0983;4175494,4000;3600805,80;4175494,4000;3600805,80;39,8500;-5,686;-1,503;-4,247;1,007;0,801;0,597;2,133;0,600;0,000;0,000;0,0000;0,00;;;;DUSD;N069000;T300;;099403      VERIZON COMMUNICATION;43,15390001;36,65497319;40,70000000;35,09830976;39,85000000;102592,00000000;0,00000000;0,00000000;0,00000000;0,00000000;20251111
88;1O;00349;US8725401090;TJX COMPANIES INC.;USD;NEW YORK;111111;201;O;28371,000;0,000;0,000;0,000;120,6829;115,0791;3423896,3000;3264909,52;1,048696;146,1600;126,0434;4146705,3600;3575979,10;4146705,3600;3575979,10;146,7200;21,111;10,575;9,528;1,000;0,795;0,593;-0,382;0,595;0,000;0,000;0,0000;0,00;;;;DUSD;N069000;T300;;099407      TJX COMPANIES INC.;120,68296147;115,07911317;146,16000000;126,04346326;146,72000000;28371,00000000;0,00000000;0,00000000;0,00000000;0,00000000;20251111
88;1O;02840;US8636671013;STRYKER CORP.;USD;NEW YORK;111111;201;O;11371,000;0,000;0,000;0,000;360,7567;347,0914;4102164,4400;3946777,22;1,039371;363,7000;313,6426;4135632,7000;3566430,41;4135632,7000;3566430,41;355,0200;0,816;11,567;-9,637;0,997;0,793;0,591;2,445;0,594;0,000;0,000;0,0000;0,00;;;;DUSD;N069000;T300;;099409      STRYKER CORP.;360,75670037;347,09148008;363,70000000;313,64263539;355,02000000;11371,00000000;0,00000000;0,00000000;0,00000000;0,00000000;20251111
88;1O;01357;US0530151036;AUTOMATIC DATA PROCESSING;USD;OTC;111111;201;O;16061,000;0,000;0,000;0,000;292,6021;281,1388;4699482,9400;4515371,20;1,040774;255,2000;220,0758;4098767,2000;3534638,84;4098767,2000;3534638,84;254,0600;-12,783;11,417;-21,720;0,988;0,786;0,586;0,449;0,589;0,000;0,000;0,0000;0,00;;;;DUSD;N069000;T300;;099414      AUTOMATIC DATA PROCESSING;292,60213809;281,13885810;255,20000000;220,07588823;254,06000000;16061,00000000;0,00000000;0,00000000;0,00000000;0,00000000;20251111
88;1O;03448;US8716071076;SYNOPSYS INC.;USD;OTC;111111;201;O;10367,000;0,000;0,000;0,000;499,4981;456,8260;5178297,3900;4735915,15;1,093410;395,6000;341,1521;4101185,2000;3536724,04;4101185,2000;3536724,04;400,7700;-20,801;6,054;-25,321;0,989;0,787;0,586;-1,290;0,589;0,000;0,000;0,0000;0,00;;;;DUSD;N069000;T300;;099414      SYNOPSYS INC.;499,49815665;456,82600077;395,60000000;341,15212142;400,77000000;10367,00000000;0,00000000;0,00000000;0,00000000;0,00000000;20251111
88;1O;06874;US9581021055;WESTERN DIGITAL CORP;USD;NEW YORK;111111;201;O;22953,000;0,000;0,000;0,000;44,7603;43,0103;1027384,5070;987217,51;1,040687;169,9900;146,5936;3901780,4700;3364764,12;3901780,4700;3364764,12;174,2200;279,778;11,426;240,833;0,941;0,748;0,558;-2,428;0,560;0,000;0,000;0,0000;0,00;;;;DUSD;N069000;T300;;099442      WESTERN DIGITAL CORP;44,76035842;43,01039123;169,99000000;146,59365298;174,22000000;22953,00000000;0,00000000;0,00000000;0,00000000;0,00000000;20251111
88;1O;00432;US0326541051;ANALOG DEVICES;USD;OTC;111111;201;O;16688,000;0,000;0,000;0,000;212,6646;204,2666;3548948,3000;3408802,61;1,041113;233,4100;201,2849;3895146,0800;3359042,84;3895146,0800;3359042,84;232,0000;9,755;11,381;-1,460;0,939;0,747;0,557;0,608;0,559;0,000;0,000;0,0000;0,00;;;;DUSD;N069000;T300;;099443      ANALOG DEVICES;212,66468720;204,26669523;233,41000000;201,28492583;232,00000000;16688,00000000;0,00000000;0,00000000;0,00000000;0,00000000;20251111
88;1O;00035;US1011371077;BOSTON SCIENTIFIC CORP.;USD;NEW YORK;111111;201;O;36297,000;0,000;0,000;0,000;89,7172;86,2944;3256468,4800;3132229,43;1,039665;102,5000;88,3925;3720442,5000;3208384,36;3720442,5000;3208384,36;100,9100;14,248;11,536;2,431;0,897;0,714;0,532;1,576;0,534;0,000;0,000;0,0000;0,00;;;;DUSD;N069000;T300;;099468      BOSTON SCIENTIFIC CORP.;89,71729013;86,29444389;102,50000000;88,39254915;100,91000000;36297,00000000;0,00000000;0,00000000;0,00000000;0,00000000;20251111
88;1O;02043;US00724F1012;ADOBE SYSTEM INC.;USD;OTC;111111;201;O;11030,000;0,000;0,000;0,000;357,7910;304,8027;3946435,5100;3361973,95;1,173845;333,2200;287,3577;3675416,6000;3169555,54;3675416,6000;3169555,54;328,8500;-6,867;-1,214;-5,723;0,886;0,705;0,525;1,329;0,528;0,000;0,000;0,0000;0,00;;;;DUSD;N069000;T300;;099475      ADOBE SYSTEM INC.;357,79107071;304,80271532;333,22000000;287,35770955;328,85000000;11030,00000000;0,00000000;0,00000000;0,00000000;0,00000000;20251111
88;1O;23879;US95040Q1040;WELLTOWER INC;USD;NEW YORK;111111;201;O;18885,000;0,000;0,000;0,000;127,5869;122,4343;2409479,7600;2312172,04;1,042085;192,3100;165,8416;3631774,3500;3131919,93;3631774,3500;3131919,93;191,0600;50,729;11,277;35,454;0,876;0,697;0,519;0,654;0,521;0,000;0,000;0,0000;0,00;;;;DUSD;N069000;T300;;099481      WELLTOWER INC;127,58696108;122,43431506;192,31000000;165,84166954;191,06000000;18885,00000000;0,00000000;0,00000000;0,00000000;0,00000000;20251111
88;1O;03191;US3755581036;GILEAD SCIENCES INC.;USD;OTC;111111;201;O;29279,000;0,000;0,000;0,000;104,1819;95,0331;3050342,7800;2782474,14;1,096270;122,5600;105,6916;3588434,2400;3094544,88;3588434,2400;3094544,88;118,1500;17,640;5,777;11,216;0,865;0,688;0,513;3,733;0,515;0,000;0,000;0,0000;0,00;;;;DUSD;N069000;T300;;099487      GILEAD SCIENCES INC.;104,18193176;95,03310017;122,56000000;105,69161779;118,15000000;29279,00000000;0,00000000;0,00000000;0,00000000;0,00000000;20251111
88;1O;00575;US0527691069;AUTODESK INC.;USD;OTC;111111;201;O;11615,000;0,000;0,000;0,000;296,5205;273,6689;3444086,3500;3178665,03;1,083501;301,8600;260,3139;3506103,9000;3023545,96;3506103,9000;3023545,96;298,7200;1,801;7,023;-4,880;0,845;0,672;0,501;1,051;0,503;0,000;0,000;0,0000;0,00;;;;DUSD;N069000;T300;;099499      AUTODESK INC.;296,52056392;273,66896513;301,86000000;260,31390134;298,72000000;11615,00000000;0,00000000;0,00000000;0,00000000;0,00000000;20251111
88;1O;11964;US74340W1036;PROLOGIS INC;USD;NEW YORK;111111;201;O;27458,000;0,000;0,000;0,000;105,6780;101,5226;2901707,6200;2787608,22;1,040931;126,2600;108,8823;3466847,0800;2989692,20;3466847,0800;2989692,20;124,9000;19,476;11,400;7,249;0,836;0,665;0,495;1,089;0,498;0,000;0,000;0,0000;0,00;;;;DUSD;N069000;T300;;099505      PROLOGIS INC;105,67803991;101,52262437;126,26000000;108,88237323;124,90000000;27458,00000000;0,00000000;0,00000000;0,00000000;0,00000000;20251111
88;1O;00261;US5486611073;LOWE'S COMPANIES INC.;USD;NEW YORK;111111;201;O;14418,000;0,000;0,000;0,000;244,8387;232,8597;3530084,4370;3357372,30;1,051443;235,3400;202,9492;3393132,1200;2926122,90;3393132,1200;2926122,90;233,0300;-3,880;10,287;-12,845;0,818;0,651;0,485;0,991;0,487;0,000;0,000;0,0000;0,00;;;;DUSD;N069000;T300;;099515      LOWE'S COMPANIES INC.;244,83870418;232,85977944;235,34000000;202,94929285;233,03000000;14418,00000000;0,00000000;0,00000000;0,00000000;0,00000000;20251111
88;1O;04140;US92532F1003;VERTEX PHARMACEUTICALS INC.;USD;OTC;111111;201;O;7892,000;0,000;0,000;0,000;402,4694;387,3343;3176288,9400;3056842,91;1,039075;429,2200;370,1448;3387404,2400;2921183,37;3387404,2400;2921183,37;421,2000;6,647;11,599;-4,438;0,817;0,650;0,484;1,904;0,486;0,000;0,000;0,0000;0,00;;;;DUSD;N069000;T300;;099516      VERTEX PHARMACEUTICALS INC.;402,46945514;387,33437785;429,22000000;370,14487754;421,20000000;7892,00000000;0,00000000;0,00000000;0,00000000;0,00000000;20251111
88;1O;37453;US68902V1070;OTIS WORLDWIDE;USD;NEW YORK;111111;201;O;36761,000;0,000;0,000;0,000;92,9479;87,4123;3416860,5700;3213365,37;1,063328;90,3200;77,8889;3320253,5200;2863274,85;3320253,5200;2863274,85;90,2600;-2,827;9,054;-10,895;0,800;0,637;0,475;0,066;0,477;0,000;0,000;0,0000;0,00;;;;DUSD;N069000;T300;;099525      OTIS WORLDWIDE;92,94797666;87,41234922;90,32000000;77,88892721;90,26000000;36761,00000000;0,00000000;0,00000000;0,00000000;0,00000000;20251111
88;1O;01205;US9113121068;UNITED PARCEL SERVICE CL.B;USD;NEW YORK;111111;201;O;34428,000;0,000;0,000;0,000;124,1132;119,4222;4272970,1900;4111468,06;1,039281;95,0300;81,9506;3271692,8400;2821397,76;3271692,8400;2821397,76;93,0600;-23,433;11,577;-31,377;0,789;0,627;0,468;2,117;0,470;0,000;0,000;0,0000;0,00;;;;DUSD;N069000;T300;;099532      UNITED PARCEL SERVICE CL.B;124,11322731;119,42221621;95,03000000;81,95067264;93,06000000;34428,00000000;0,00000000;0,00000000;0,00000000;0,00000000;20251111
88;1O;12344;US98419M1009;XYLEM INC;USD;NEW YORK;111111;201;O;19522,000;0,000;0,000;0,000;120,3262;113,5129;2349009,4100;2215999,71;1,060022;149,7800;129,1652;2924005,1600;2521563,61;2924005,1600;2521563,61;151,0500;24,478;9,394;13,789;0,705;0,561;0,418;-0,841;0,420;0,000;0,000;0,0000;0,00;;;;DUSD;N069000;T300;;099582      XYLEM INC;120,32626831;113,51294488;149,78000000;129,16522938;151,05000000;19522,00000000;0,00000000;0,00000000;0,00000000;0,00000000;20251111
88;1O;00567;US2788651006;ECOLAB INC.;USD;NEW YORK;111111;201;O;11037,000;0,000;0,000;0,000;235,3590;226,0176;2597657,4900;2494557,24;1,041330;262,0500;225,9830;2892245,8500;2494175,45;2892245,8500;2494175,45;258,5600;11,341;11,358;-0,015;0,697;0,555;0,413;1,350;0,415;0,000;0,000;0,0000;0,00;;;;DUSD;N069000;T300;;099587      ECOLAB INC.;235,35901875;226,01768959;262,05000000;225,98309761;258,56000000;11037,00000000;0,00000000;0,00000000;0,00000000;0,00000000;20251111
88;1O;00053;US1941621039;COLGATE PALMOLIVE CO.;USD;NEW YORK;111111;201;O;35304,000;0,000;0,000;0,000;81,6237;72,3135;2881644,1070;2552958,90;1,128747;79,4700;68,5322;2805608,8800;2419462,64;2805608,8800;2419462,64;78,4700;-2,639;2,733;-5,229;0,676;0,538;0,401;1,274;0,403;0,000;0,000;0,0000;0,00;;;;DUSD;N069000;T300;;099599      COLGATE PALMOLIVE CO.;81,62372838;72,31358769;79,47000000;68,53225250;78,47000000;35304,00000000;0,00000000;0,00000000;0,00000000;0,00000000;20251111
88;1O;37454;US14448C1045;CARRIER GLOBAL CORP;USD;NEW YORK;111111;201;O;47134,000;0,000;0,000;0,000;67,5558;63,6202;3184179,6600;2998676,99;1,061862;56,9700;49,1290;2685223,9800;2315646,76;2685223,9800;2315646,76;57,3300;-15,670;9,204;-22,778;0,647;0,515;0,384;-0,628;0,386;0,000;0,000;0,0000;0,00;;;;DUSD;N069000;T300;;099616      CARRIER GLOBAL CORP;67,55589722;63,62025268;56,97000000;49,12901000;57,33000000;47134,00000000;0,00000000;0,00000000;0,00000000;0,00000000;20251111
88;1O;19892;US29444U7000;EQUINIX INC;USD;OTC;111111;201;O;3157,000;0,000;0,000;0,000;933,9306;898,0446;2948418,9500;2835127,09;1,039960;821,0400;708,0372;2592023,2800;2235273,61;2592023,2800;2235273,61;828,1300;-12,088;11,504;-21,158;0,625;0,497;0,370;-0,856;0,372;0,000;0,000;0,0000;0,00;;;;DUSD;N069000;T300;;099630      EQUINIX INC;933,93061450;898,04469116;821,04000000;708,03725422;828,13000000;3157,00000000;0,00000000;0,00000000;0,00000000;0,00000000;20251111
88;1O;12297;US7512121010;POLO RALPH LAUREN CORP. NEW;USD;NEW YORK;111111;201;O;7357,000;0,000;0,000;0,000;286,4244;248,1595;2107224,9600;1825710,04;1,154195;333,7800;287,8406;2455619,4600;2117643,55;2455619,4600;2117643,55;334,7100;16,533;0,468;15,990;0,592;0,471;0,351;-0,278;0,353;0,000;0,000;0,0000;0,00;;;;DUSD;N069000;T300;;099649      POLO RALPH LAUREN CORP. NEW;286,42448824;248,15958135;333,78000000;287,84063470;334,71000000;7357,00000000;0,00000000;0,00000000;0,00000000;0,00000000;20251111
88;1O;16468;US98978V1035;ZOETIS INC;USD;NEW YORK;111111;201;O;20003,000;0,000;0,000;0,000;162,5023;156,4279;3250534,0800;3129029,22;1,038831;120,1200;103,5874;2402760,3600;2072059,64;2402760,3600;2072059,64;119,7900;-26,081;11,625;-33,779;0,579;0,461;0,343;0,275;0,345;0,000;0,000;0,0000;0,00;;;;DUSD;N069000;T300;;099657      ZOETIS INC;162,50232865;156,42799680;120,12000000;103,58744394;119,79000000;20003,00000000;0,00000000;0,00000000;0,00000000;0,00000000;20251111
88;1O;00572;US2371941053;DARDEN RESTAURANTS;USD;NEW YORK;111111;201;O;13426,000;0,000;0,000;0,000;195,9990;178,8649;2631483,8340;2401440,69;1,095794;171,5900;147,9734;2303767,3400;1986691,39;2303767,3400;1986691,39;173,5900;-12,454;5,823;-17,271;0,555;0,442;0,329;-1,152;0,331;0,000;0,000;0,0000;0,00;;;;DUSD;N069000;T300;;099671      DARDEN RESTAURANTS;195,99909384;178,86494041;171,59000000;147,97343911;173,59000000;13426,00000000;0,00000000;0,00000000;0,00000000;0,00000000;20251111
88;1O;04564;US5797802064;MCCORMICK & CO NON VTG;USD;NEW YORK;111111;201;O;34509,000;0,000;0,000;0,000;69,2857;62,6839;2390980,6180;2163159,78;1,105319;65,7100;56,6660;2267586,3900;1955490,16;2267586,3900;1955490,16;64,3100;-5,161;4,911;-9,600;0,547;0,435;0,324;2,177;0,326;0,000;0,000;0,0000;0,00;;;;DUSD;N069000;T300;;099676      MCCORMICK & CO NON VTG;69,28571149;62,68393114;65,71000000;56,66609175;64,31000000;34509,00000000;0,00000000;0,00000000;0,00000000;0,00000000;20251111
88;1O;33770;US1255231003;CIGNA CORP ORD;USD;NEW YORK;111111;201;O;7802,000;0,000;0,000;0,000;276,9745;266,4513;2160955,4300;2078853,48;1,039494;268,0000;231,1141;2090936,0000;1803152,81;2090936,0000;1803152,81;258,1600;-3,240;11,554;-13,262;0,504;0,401;0,299;3,812;0,300;0,000;0,000;0,0000;0,00;;;;DUSD;N069000;T300;;099701      CIGNA CORP ORD;276,97454883;266,45135606;268,00000000;231,11417730;258,16000000;7802,00000000;0,00000000;0,00000000;0,00000000;0,00000000;20251111
88;1O;03366;US3021301094;EXPEDITORS INTL WASH INC.;USD;NEW YORK;111111;201;O;14771,000;0,000;0,000;0,000;111,0223;106,6378;1639910,3970;1575147,24;1,041116;139,5100;120,3087;2060702,2100;1777080,21;2060702,2100;1777080,21;140,4400;25,659;11,380;12,820;0,497;0,395;0,295;-0,662;0,296;0,000;0,000;0,0000;0,00;;;;DUSD;N069000;T300;;099705      EXPEDITORS INTL WASH INC.;111,02230025;106,63782005;139,51000000;120,30872714;140,44000000;14771,00000000;0,00000000;0,00000000;0,00000000;0,00000000;20251111
88;1O;08879;US0304201033;AMERICAN WATER WORKS CO INC;USD;NEW YORK;111111;201;O;15550,000;0,000;0,000;0,000;125,3086;120,3293;1948549,2500;1871120,78;1,041381;130,0100;112,1162;2021655,5000;1743407,64;2021655,5000;1743407,64;128,9400;3,752;11,352;-6,825;0,487;0,388;0,289;0,830;0,290;0,000;0,000;0,0000;0,00;;;;DUSD;N069000;T300;;099711      AMERICAN WATER WORKS CO INC;125,30863344;120,32931061;130,01000000;112,11624698;128,94000000;15550,00000000;0,00000000;0,00000000;0,00000000;0,00000000;20251111
88;1O;08129;US90384S3031;ULTA BEAUTY INC;USD;OTC;111111;201;O;3848,000;0,000;0,000;0,000;508,2093;436,5108;1955589,5700;1679693,84;1,164254;522,8300;450,8709;2011849,8400;1734951,57;2011849,8400;1734951,57;516,5600;2,877;-0,400;3,290;0,485;0,386;0,288;1,214;0,289;0,000;0,000;0,0000;0,00;;;;DUSD;N069000;T300;;099712      ULTA BEAUTY INC;508,20934771;436,51087318;522,83000000;450,87098999;516,56000000;3848,00000000;0,00000000;0,00000000;0,00000000;0,00000000;20251111
88;1O;19628;US0367521038;ELEVANCE HEALTH INC;USD;NEW YORK;111111;201;O;6363,000;0,000;0,000;0,000;367,3196;353,6595;2337254,7800;2250335,40;1,038625;315,2500;271,8609;2005935,7500;1729851,46;2005935,7500;1729851,46;303,7800;-14,176;11,648;-23,129;0,484;0,385;0,287;3,776;0,288;0,000;0,000;0,0000;0,00;;;;DUSD;N069000;T300;;099713      ELEVANCE HEALTH INC;367,31962596;353,65950023;315,25000000;271,86098654;303,78000000;6363,00000000;0,00000000;0,00000000;0,00000000;0,00000000;20251111
88;1O;33782;US24703L2025;DELL TECHS-ORD SHS CL C;USD;NEW YORK;111111;201;O;14389,000;0,000;0,000;0,000;129,7935;117,2877;1867598,7400;1687653,64;1,106624;138,7600;119,6619;1996617,6400;1721815,83;1996617,6400;1721815,83;142,6900;6,908;4,787;2,024;0,481;0,383;0,285;-2,754;0,287;0,000;0,000;0,0000;0,00;;;;DUSD;N069000;T300;;099715      DELL TECHS-ORD SHS CL C;129,79350476;117,28776426;138,76000000;119,66195239;142,69000000;14389,00000000;0,00000000;0,00000000;0,00000000;0,00000000;20251111
88;1O;00530;US0758871091;BECTON DICKINSON;USD;NEW YORK;111111;201;O;10423,000;0,000;0,000;0,000;225,7338;217,3548;2352823,6600;2265489,33;1,038550;189,0200;163,0044;1970155,4600;1698995,74;1970155,4600;1698995,74;181,6400;-16,264;11,656;-25,005;0,475;0,378;0,282;4,063;0,283;0,000;0,000;0,0000;0,00;;;;DUSD;N069000;T300;;099718      BECTON DICKINSON;225,73382519;217,35482394;189,02000000;163,00448430;181,64000000;10423,00000000;0,00000000;0,00000000;0,00000000;0,00000000;20251111
88;1O;00316;US5745991068;MASCO CORP.;USD;NEW YORK;111111;201;O;31021,000;0,000;0,000;0,000;74,9639;68,7281;2325456,0300;2132015,56;1,090731;61,9300;53,4063;1921130,5300;1656718,29;1921130,5300;1656718,29;61,4700;-17,387;6,314;-22,293;0,463;0,368;0,275;0,748;0,276;0,000;0,000;0,0000;0,00;;;;DUSD;N069000;T300;;099725      MASCO CORP.;74,96392862;68,72813771;61,93000000;53,40634701;61,47000000;31021,00000000;0,00000000;0,00000000;0,00000000;0,00000000;20251111
88;1O;00426;US5951121038;MICRON TECHNOLOGY INC.;USD;OTC;111111;201;O;7790,000;0,000;0,000;0,000;101,2473;89,0584;788716,9980;693765,00;1,136865;241,1100;207,9251;1878246,9000;1619736,89;1878246,9000;1619736,89;253,3000;138,140;2,000;133,471;0,453;0,360;0,268;-4,812;0,270;0,000;0,000;0,0000;0,00;;;;DUSD;N069000;T300;;099732      MICRON TECHNOLOGY INC.;101,24736816;89,05840821;241,11000000;207,92514660;253,30000000;7790,00000000;0,00000000;0,00000000;0,00000000;0,00000000;20251111
88;1O;00549;US4180561072;HASBRO INC.;USD;NEW YORK;111111;201;O;23739,000;0,000;0,000;0,000;66,2478;58,2567;1572658,1000;1382957,46;1,137170;78,4300;67,6353;1861849,7700;1605596,56;1861849,7700;1605596,56;78,1500;18,389;1,972;16,099;0,449;0,357;0,266;0,358;0,267;0,000;0,000;0,0000;0,00;;;;DUSD;N069000;T300;;099734      HASBRO INC.;66,24786638;58,25676987;78,43000000;67,63539151;78,15000000;23739,00000000;0,00000000;0,00000000;0,00000000;0,00000000;20251111
88;1O;00104;US4595061015;INTERNATIONAL FLAVORS & FRAGRANCES INC.;USD;NEW YORK;111111;201;O;28475,000;0,000;0,000;0,000;81,7932;76,6446;2329063,1000;2182457,54;1,067175;65,3100;56,3211;1859702,2500;1603744,61;1859702,2500;1603744,61;62,7800;-20,152;8,661;-26,517;0,448;0,357;0,266;4,030;0,267;0,000;0,000;0,0000;0,00;;;;DUSD;N069000;T300;;099734      INTERNATIONAL FLAVORS & FRAGRANCES INC.;81,79326075;76,64468972;65,31000000;56,32114522;62,78000000;28475,00000000;0,00000000;0,00000000;0,00000000;0,00000000;20251111
88;1O;04388;US2533931026;DICK'S SPORTING GOODS INC.;USD;NEW YORK;111111;201;O;8484,000;0,000;0,000;0,000;218,6598;194,4734;1855110,5550;1649912,58;1,124369;217,9900;187,9872;1849427,1600;1594883,72;1849427,1600;1594883,72;219,6200;-0,306;3,133;-3,335;0,446;0,355;0,264;-0,742;0,266;0,000;0,000;0,0000;0,00;;;;DUSD;N069000;T300;;099736      DICK'S SPORTING GOODS INC.;218,65989568;194,47342998;217,99000000;187,98723697;219,62000000;8484,00000000;0,00000000;0,00000000;0,00000000;0,00000000;20251111
88;1O;00212;US8718291078;SYSCO CORP.;USD;NEW YORK;111111;201;O;24471,000;0,000;0,000;0,000;76,4173;73,4172;1870007,7600;1796594,27;1,040863;75,4900;65,1000;1847315,7900;1593062,94;1847315,7900;1593062,94;74,5800;-1,213;11,408;-11,329;0,445;0,354;0,264;1,220;0,265;0,000;0,000;0,0000;0,00;;;;DUSD;N069000;T300;;099736      SYSCO CORP.;76,41730047;73,41728045;75,49000000;65,10003449;74,58000000;24471,00000000;0,00000000;0,00000000;0,00000000;0,00000000;20251111
88;1O;00399;US5184391044;ESTEE LAUDER COMPANIES CLA;USD;NEW YORK;111111;201;O;18932,000;0,000;0,000;0,000;92,0171;78,5571;1742068,7240;1487244,50;1,171340;90,8400;78,3373;1719782,8800;1483082,86;1719782,8800;1483082,86;89,6300;-1,279;-1,002;-0,280;0,415;0,330;0,246;1,350;0,247;0,000;0,000;0,0000;0,00;;;;DUSD;N069000;T300;;099754      ESTEE LAUDER COMPANIES CLA;92,01715212;78,55717832;90,84000000;78,33735770;89,63000000;18932,00000000;0,00000000;0,00000000;0,00000000;0,00000000;20251111
88;1O;13633;US8923561067;TRACTOR SUPPLY COMPANY;USD;OTC;111111;201;O;30712,000;0,000;0,000;0,000;57,3030;50,7160;1759890,4940;1557590,92;1,129880;55,9400;48,2407;1718029,2800;1481570,61;1718029,2800;1481570,61;55,4600;-2,379;2,630;-4,881;0,414;0,330;0,246;0,865;0,247;0,000;0,000;0,0000;0,00;;;;DUSD;N069000;T300;;099754      TRACTOR SUPPLY COMPANY;57,30302468;50,71603672;55,94000000;48,24077268;55,46000000;30712,00000000;0,00000000;0,00000000;0,00000000;0,00000000;20251111
88;1O;01310;US0865161014;BEST BUY COMPANY INC.;USD;NEW YORK;111111;201;O;20744,000;0,000;0,000;0,000;71,9131;61,9607;1491766,1300;1285314,00;1,160624;77,6800;66,9886;1611393,9200;1389611,87;1611393,9200;1389611,87;78,1500;8,019;-0,088;8,115;0,388;0,309;0,230;-0,601;0,231;0,000;0,000;0,0000;0,00;;;;DUSD;N069000;T300;;099770      BEST BUY COMPANY INC.;71,91313777;61,96075973;77,68000000;66,98861676;78,15000000;20744,00000000;0,00000000;0,00000000;0,00000000;0,00000000;20251111
88;1O;07927;US2538681030;DIGITAL REALTY TRUST INC;USD;NEW YORK;111111;201;O;9502,000;0,000;0,000;0,000;176,2775;169,4302;1674989,3900;1609926,11;1,040414;168,5700;145,3690;1601752,1400;1381297,12;1601752,1400;1381297,12;169,2100;-4,372;11,456;-14,201;0,386;0,307;0,229;-0,378;0,230;0,000;0,000;0,0000;0,00;;;;DUSD;N069000;T300;;099771      DIGITAL REALTY TRUST INC;176,27756156;169,43023679;168,57000000;145,36909279;169,21000000;9502,00000000;0,00000000;0,00000000;0,00000000;0,00000000;20251111
88;1O;23399;US70450Y1038;PAYPAL HOLDINGS INC-W/I;USD;OTC;111111;201;O;23433,000;0,000;0,000;0,000;67,5124;57,3451;1582020,4100;1343769,99;1,177300;67,4000;58,1234;1579384,2000;1362007,76;1579384,2000;1362007,76;66,2500;-0,167;-1,503;1,357;0,381;0,303;0,226;1,736;0,227;0,000;0,000;0,0000;0,00;;;;DUSD;N069000;T300;;099774      PAYPAL HOLDINGS INC-W/I;67,51249989;57,34519651;67,40000000;58,12349085;66,25000000;23433,00000000;0,00000000;0,00000000;0,00000000;0,00000000;20251111
88;1O;00525;US4278661081;HERSHEY CO.;USD;NEW YORK;111111;201;O;9000,000;0,000;0,000;0,000;173,8151;149,8922;1564335,9000;1349030,61;1,159600;172,7200;148,9479;1554480,0000;1340531,22;1554480,0000;1340531,22;168,9100;-0,630;0,000;-0,630;0,375;0,298;0,222;2,256;0,223;0,000;0,000;0,0000;0,00;;;;DUSD;N069000;T300;;099778      HERSHEY CO.;173,81510000;149,89229000;172,72000000;148,94791307;168,91000000;9000,00000000;0,00000000;0,00000000;0,00000000;0,00000000;20251111
88;1O;04293;US12504L1098;CB RICHARD ELLIS GROUP INC. -CL A;USD;NEW YORK;111111;201;O;9471,000;0,000;0,000;0,000;131,8735;126,6209;1248974,5100;1199227,22;1,041483;154,9000;133,5805;1467057,9000;1265141,34;1467057,9000;1265141,34;151,8300;17,461;11,341;5,496;0,354;0,281;0,210;2,022;0,211;0,000;0,000;0,0000;0,00;;;;DUSD;N069000;T300;;099790      CB RICHARD ELLIS GROUP INC. -CL A;131,87356245;126,62097138;154,90000000;133,58054501;151,83000000;9471,00000000;0,00000000;0,00000000;0,00000000;0,00000000;20251111
88;1O;36719;US52736R1023;LEVI STRAUSS & CO CLASS A;USD;NEW YORK;111111;201;O;63678,000;0,000;0,000;0,000;20,0011;17,2848;1273634,5500;1100662,96;1,157152;21,3700;18,4287;1360798,8600;1173507,12;1360798,8600;1173507,12;21,0900;6,844;0,212;6,618;0,328;0,261;0,194;1,328;0,195;0,000;0,000;0,0000;0,00;;;;DUSD;N069000;T300;;099806      LEVI STRAUSS & CO CLASS A;20,00117073;17,28482301;21,37000000;18,42876854;21,09000000;63678,00000000;0,00000000;0,00000000;0,00000000;0,00000000;20251111
88;1O;02976;US9884981013;YUM BRANDS INC.;USD;NEW YORK;111111;201;O;8852,000;0,000;0,000;0,000;145,6845;126,0130;1289599,7600;1115467,36;1,156107;150,7500;130,0017;1334439,0000;1150775,27;1334439,0000;1150775,27;148,2600;3,477;0,302;3,165;0,322;0,256;0,191;1,679;0,192;0,000;0,000;0,0000;0,00;;;;DUSD;N069000;T300;;099809      YUM BRANDS INC.;145,68456394;126,01303208;150,75000000;130,00172473;148,26000000;8852,00000000;0,00000000;0,00000000;0,00000000;0,00000000;20251111
88;1O;01215;US00846U1016;AGILENT TECHNOLOGIES INC.;USD;NEW YORK;111111;201;O;8872,000;0,000;0,000;0,000;134,0471;129,0309;1189266,4700;1144762,19;1,038876;149,4200;128,8547;1325654,2400;1143199,59;1325654,2400;1143199,59;146,3600;11,468;11,621;-0,136;0,320;0,254;0,189;2,091;0,190;0,000;0,000;0,0000;0,00;;;;DUSD;N069000;T300;;099811      AGILENT TECHNOLOGIES INC.;134,04716749;129,03090509;149,42000000;128,85477750;146,36000000;8872,00000000;0,00000000;0,00000000;0,00000000;0,00000000;20251111
88;1O;07900;US5500211090;LULULEMON ATHLETICA INC;USD;OTC;111111;201;O;7520,000;0,000;0,000;0,000;172,5206;148,0229;1297355,6600;1113132,27;1,165500;169,8100;146,4384;1276971,2000;1101216,97;1276971,2000;1101216,97;170,3500;-1,571;-0,506;-1,070;0,308;0,245;0,183;-0,317;0,183;0,000;0,000;0,0000;0,00;;;;DUSD;N069000;T300;;099817      LULULEMON ATHLETICA INC;172,52069946;148,02290824;169,81000000;146,43842704;170,35000000;7520,00000000;0,00000000;0,00000000;0,00000000;0,00000000;20251111
88;1O;09755;US92276F1003;VENTAS INC;USD;NEW YORK;111111;201;O;16729,000;0,000;0,000;0,000;59,3362;56,9695;992636,1800;953043,84;1,041543;76,1700;65,6864;1274247,9300;1098868,52;1274247,9300;1098868,52;75,9700;28,370;11,335;15,301;0,307;0,244;0,182;0,263;0,183;0,000;0,000;0,0000;0,00;;;;DUSD;N069000;T300;;099818      VENTAS INC;59,33625321;56,96956423;76,17000000;65,68644360;75,97000000;16729,00000000;0,00000000;0,00000000;0,00000000;0,00000000;20251111
88;1O;08920;US49271V1008;KUERIG DR PEPPER;USD;NEW YORK;111111;201;O;46900,000;0,000;0,000;0,000;29,9020;25,6956;1402403,8000;1205124,86;1,163700;26,7300;23,0510;1253637,0000;1081094,34;1253637,0000;1081094,34;26,1200;-10,608;-0,352;-10,292;0,302;0,240;0,179;2,335;0,180;0,000;0,000;0,0000;0,00;;;;DUSD;N069000;T300;;099821      KUERIG DR PEPPER;29,90200000;25,69562601;26,73000000;23,05105208;26,12000000;46900,00000000;0,00000000;0,00000000;0,00000000;0,00000000;20251111
88;1O;32178;US3802371076;GODADDY-ORD SHS CL A;USD;NEW YORK;111111;201;O;9222,000;0,000;0,000;0,000;195,1462;187,6991;1799639,0000;1730961,54;1,039676;131,6700;113,5477;1214260,7400;1047137,58;1214260,7400;1047137,58;131,4500;-32,528;11,535;-39,505;0,293;0,233;0,174;0,167;0,174;0,000;0,000;0,0000;0,00;;;;DUSD;N069000;T300;;099826      GODADDY-ORD SHS CL A;195,14628063;187,69914769;131,67000000;113,54777509;131,45000000;9222,00000000;0,00000000;0,00000000;0,00000000;0,00000000;20251111
88;1O;09902;US28176E1082;EDWARDS LIFESCIENCES CORP;USD;NEW YORK;111111;201;O;13485,000;0,000;0,000;0,000;74,1235;71,3211;999556,0000;961766,02;1,039292;85,1600;73,4391;1148382,6000;990326,49;1148382,6000;990326,49;84,0800;14,889;11,576;2,970;0,277;0,220;0,164;1,284;0,165;0,000;0,000;0,0000;0,00;;;;DUSD;N069000;T300;;099836      EDWARDS LIFESCIENCES CORP;74,12354467;71,32117315;85,16000000;73,43911693;84,08000000;13485,00000000;0,00000000;0,00000000;0,00000000;0,00000000;20251111
88;1O;03963;US1273871087;CADENCE DESIGN SYS INC.;USD;OTC;111111;201;O;3436,000;0,000;0,000;0,000;372,5422;316,4377;1280055,0000;1087280,21;1,177300;318,5100;274,6723;1094400,3600;943774,03;1094400,3600;943774,03;328,9400;-14,504;-1,503;-13,199;0,264;0,210;0,156;-3,171;0,157;0,000;0,000;0,0000;0,00;;;;DUSD;N069000;T300;;099844      CADENCE DESIGN SYS INC.;372,54220023;316,43777939;318,51000000;274,67230079;328,94000000;3436,00000000;0,00000000;0,00000000;0,00000000;0,00000000;20251111
88;1O;05346;US1924461023;COGNIZANT TECH SOLUTIONS A;USD;OTC;111111;201;O;13055,000;0,000;0,000;0,000;76,5034;73,5385;998752,7300;960045,88;1,040318;73,1300;63,0648;954712,1500;823311,62;954712,1500;823311,62;72,8800;-4,410;11,466;-14,242;0,230;0,183;0,136;0,343;0,137;0,000;0,000;0,0000;0,00;;;;DUSD;N069000;T300;;099864      COGNIZANT TECH SOLUTIONS A;76,50346457;73,53855840;73,13000000;63,06484994;72,88000000;13055,00000000;0,00000000;0,00000000;0,00000000;0,00000000;20251111
88;1O;37182;US45687V1061;INGERSOLL RAND-ORD SHS;USD;NEW YORK;111111;201;O;12255,000;0,000;0,000;0,000;89,6290;86,1786;1098404,0400;1056118,89;1,040038;77,3300;66,6867;947679,1500;817246,59;947679,1500;817246,59;77,2500;-13,722;11,496;-22,618;0,228;0,182;0,135;0,104;0,136;0,000;0,000;0,0000;0,00;;;;DUSD;N069000;T300;;099865      INGERSOLL RAND-ORD SHS;89,62905263;86,17861199;77,33000000;66,68678854;77,25000000;12255,00000000;0,00000000;0,00000000;0,00000000;0,00000000;20251111
88;1O;04020;US0534841012;AVALONBAY COMMUNITIES INC.;USD;NEW YORK;111111;201;O;4884,000;0,000;0,000;0,000;218,6182;210,1618;1067731,5900;1026430,25;1,040238;178,8400;154,2255;873454,5600;753237,81;873454,5600;753237,81;176,7500;-18,195;11,474;-26,616;0,211;0,168;0,125;1,182;0,125;0,000;0,000;0,0000;0,00;;;;DUSD;N069000;T300;;099875      AVALONBAY COMMUNITIES INC.;218,61826167;210,16180384;178,84000000;154,22559503;176,75000000;4884,00000000;0,00000000;0,00000000;0,00000000;0,00000000;20251111
88;1O;02074;US98956P1021;ZIMMER HOLDINGS INC.;USD;NEW YORK;111111;201;O;9388,000;0,000;0,000;0,000;105,5618;101,5937;991014,7700;953762,17;1,039059;88,5000;76,3194;830838,0000;716486,72;830838,0000;716486,72;88,7300;-16,163;11,601;-24,878;0,200;0,159;0,119;-0,259;0,119;0,000;0,000;0,0000;0,00;;;;DUSD;N069000;T300;;099881      ZIMMER HOLDINGS INC.;105,56186301;101,59375479;88,50000000;76,31942048;88,73000000;9388,00000000;0,00000000;0,00000000;0,00000000;0,00000000;20251111
88;1O;03754;US09062X1037;BIOGEN  INC.;USD;OTC;111111;201;O;3197,000;0,000;0,000;0,000;152,7409;147,0079;488312,7300;469984,55;1,038997;159,5600;137,5991;510113,3200;439904,55;510113,3200;439904,55;156,2600;4,464;11,608;-6,400;0,123;0,098;0,073;2,112;0,073;0,000;0,000;0,0000;0,00;;;;DUSD;N069000;T300;;099927      BIOGEN  INC.;152,74092274;147,00799186;159,56000000;137,59917212;156,26000000;3197,00000000;0,00000000;0,00000000;0,00000000;0,00000000;20251111
88;1O;06332;US48020Q1076;JONES LANG LASALLE INC;USD;NEW YORK;111111;201;O;1428,000;0,000;0,000;0,000;253,8510;243,7657;362499,2500;348097,55;1,041373;308,5400;266,0745;440595,1200;379954,40;440595,1200;379954,40;299,7700;21,544;11,353;9,152;0,106;0,085;0,063;2,926;0,063;0,000;0,000;0,0000;0,00;;;;DUSD;N069000;T300;;099937      JONES LANG LASALLE INC;253,85101540;243,76579131;308,54000000;266,07450845;299,77000000;1428,00000000;0,00000000;0,00000000;0,00000000;0,00000000;20251111
88;1O;00814;US1011211018;BOSTON PROPERTIES INC.;USD;NEW YORK;111111;201;O;4360,000;0,000;0,000;0,000;74,0332;71,1455;322784,9800;310194,52;1,040589;72,4200;62,4525;315751,2000;272293,20;315751,2000;272293,20;71,6100;-2,179;11,437;-12,219;0,076;0,061;0,045;1,131;0,045;0,000;0,000;0,0000;0,00;;;;DUSD;N069000;T300;;099955      BOSTON PROPERTIES INC.;74,03325229;71,14553211;72,42000000;62,45256985;71,61000000;4360,00000000;0,00000000;0,00000000;0,00000000;0,00000000;20251111
88;1O;03392;CH0013841017;LONZA GROUP AG-REG;CHF;VIRTX;111111;201;O;9019,000;0,000;0,000;0,000;535,4626;570,6622;4829337,9100;5146802,87;0,938318;552,8000;595,9465;4985703,2000;5374841,74;4985703,2000;5374841,74;534,0000;3,238;-1,142;4,431;42,100;1,195;0,891;3,521;0,895;0,000;0,000;0,0000;0,00;;;;DCHF;N071000;T300;;099109      LONZA GROUP AG-REG;535,46267989;570,66225413;552,80000000;595,94652867;534,00000000;9019,00000000;0,00000000;0,00000000;0,00000000;0,00000000;20251111
88;1O;01930;CH0012221716;ABB LTD - NOM;CHF;VIRTX;111111;201;O;48308,000;0,000;0,000;0,000;58,6011;62,8104;2830906,1600;3034248,28;0,932984;57,0800;61,5351;2757420,6400;2972639,76;2757420,6400;2972639,76;56,8200;-2,596;-0,577;-2,030;23,284;0,661;0,493;0,458;0,495;0,000;0,000;0,0000;0,00;;;;DCHF;N071000;T300;;099507      ABB LTD - NOM;58,60118738;62,81047197;57,08000000;61,53514445;56,82000000;48308,00000000;0,00000000;0,00000000;0,00000000;0,00000000;20251111
88;1O;01931;CH0012005267;NOVARTIS AG - NOM.;CHF;VIRTX;111111;201;O;22580,000;0,000;0,000;0,000;101,4106;108,1921;2289853,4100;2442979,12;0,937320;104,0800;112,2035;2350126,4000;2533555,84;2350126,4000;2533555,84;102,2000;2,632;-1,037;3,708;19,845;0,563;0,420;1,840;0,422;0,000;0,000;0,0000;0,00;;;;DCHF;N071000;T300;;099580      NOVARTIS AG - NOM.;101,41069132;108,19216651;104,08000000;112,20353600;102,20000000;22580,00000000;0,00000000;0,00000000;0,00000000;0,00000000;20251111
88;1O;39064;CH0025751329;LOGITECH INTL SA;USD;OTC;111111;201;O;36840,000;0,000;0,000;0,000;82,7796;79,4720;3049603,5500;2927748,74;1,041621;119,9700;103,4580;4419694,8000;3811396,00;4419694,8000;3811396,00;122,0300;44,927;11,326;30,182;1,065;0,848;0,632;-1,688;0,635;0,000;0,000;0,0000;0,00;;;;DUSD;N071000;T300;;099368      LOGITECH INTL SA;82,77968376;79,47200705;119,97000000;103,45808899;122,03000000;36840,00000000;0,00000000;0,00000000;0,00000000;0,00000000;20251111
88;1O;60381;IE000IVNQZ81;TE CONNECTIVITY PLC;USD;NEW YORK;111111;201;O;11516,000;0,000;0,000;0,000;142,9700;138,0552;1646442,5200;1589844,07;1,035600;247,1600;213,1424;2846294,5600;2454548,60;2846294,5600;2454548,60;247,7600;72,875;11,974;54,389;0,686;0,546;0,407;-0,242;0,409;0,000;0,000;0,0000;0,00;;;;DUSD;N071000;T300;;099593      TE CONNECTIVITY PLC;142,97000000;138,05523358;247,16000000;213,14246291;247,76000000;11516,00000000;0,00000000;0,00000000;0,00000000;0,00000000;20251111
88;1O;00872;KR7000660001;SK HYNIX INC.;KRW;SEOUL;111111;201;O;6190,000;0,000;0,000;0,000;354762,8432;216,8825;2195982000,0000;1342502,70;1635,737492;619000,0000;364,6954;3831610000,0000;2257464,99;3831610000,0000;2257464,99;606000,0000;74,483;3,764;68,153;67,216;0,502;0,374;2,145;0,376;0,000;0,000;0,0000;0,00;;;;DKRW;N084000;T300;;099626      SK HYNIX INC.;354762,84329563;216,88250403;619000,00000000;364,69547485;606000,00000000;6190,00000000;0,00000000;0,00000000;0,00000000;0,00000000;20251111
88;1O;02748;KR7066570003;LG ELECTRONICS INC.;KRW;SEOUL;111111;201;O;20627,000;0,000;0,000;0,000;82932,4234;54,2130;1710647099,0000;1118252,04;1529,750931;90600,0000;53,3786;1868806200,0000;1101042,27;1868806200,0000;1101042,27;89600,0000;9,246;10,953;-1,539;32,784;0,245;0,182;1,116;0,183;0,000;0,000;0,0000;0,00;;;;DKRW;N084000;T300;;099818      LG ELECTRONICS INC.;82932,42347408;54,21302370;90600,00000000;53,37869147;89600,00000000;20627,00000000;0,00000000;0,00000000;0,00000000;0,00000000;20251111
88;1O;09635;JP3651210001;NABTESCO CORP;JPY;TOKYO;111111;201;O;227039,000;0,000;0,000;0,000;2761,7974;17,0004;627035725,2790;3859757,73;162,454685;3449,0000;19,3123;783057511,0000;4384666,06;783057511,0000;4384666,06;3418,0000;24,882;9,932;13,600;8,759;0,975;0,727;0,907;0,730;0,000;0,000;0,0000;0,00;;;;DJPY;N088000;T300;;099273      NABTESCO CORP;2761,79742369;17,00041724;3449,00000000;19,31239151;3418,00000000;227039,00000000;0,00000000;0,00000000;0,00000000;0,00000000;20251111
88;1O;00664;JP3266400005;KUBOTA CORP.;JPY;TOKYO;111111;201;O;319300,000;0,000;0,000;0,000;1690,2401;10,1137;539693680,0000;3229334,47;167,122262;2123,5000;11,8903;678033550,0000;3796593,03;678033550,0000;3796593,03;2105,5000;25,633;6,862;17,566;7,584;0,844;0,629;0,855;0,632;0,000;0,000;0,0000;0,00;;;;DJPY;N088000;T300;;099371      KUBOTA CORP.;1690,24015032;10,11379414;2123,50000000;11,89036340;2105,50000000;319300,00000000;0,00000000;0,00000000;0,00000000;0,00000000;20251111
88;1O;00810;JP3205800000;KAO CORP.;JPY;TOKYO;111111;201;O;96600,000;0,000;0,000;0,000;6358,9943;39,3788;614278857,0000;3803998,60;161,482409;6610,0000;37,0121;638526000,0000;3575373,76;638526000,0000;3575373,76;6605,0000;3,947;10,594;-6,010;7,142;0,795;0,593;0,076;0,595;0,000;0,000;0,0000;0,00;;;;DJPY;N088000;T300;;099407      KAO CORP.;6358,99437888;39,37886749;6610,00000000;37,01215073;6605,00000000;96600,00000000;0,00000000;0,00000000;0,00000000;0,00000000;20251111
88;1O;00117;JP3270000007;KURITA WATER INDUSTRIES LTD.;JPY;TOKYO;111111;201;O;100300,000;0,000;0,000;0,000;5328,3763;32,2304;534436152,0000;3232714,17;165,321190;6374,0000;35,6906;639312200,0000;3579776,02;639312200,0000;3579776,02;6545,0000;19,624;8,026;10,736;7,151;0,796;0,593;-2,613;0,596;0,000;0,000;0,0000;0,00;;;;DJPY;N088000;T300;;099407      KURITA WATER INDUSTRIES LTD.;5328,37639082;32,23045034;6374,00000000;35,69068816;6545,00000000;100300,00000000;0,00000000;0,00000000;0,00000000;0,00000000;20251111
88;1O;00196;JP3435000009;SONY CORP.;JPY;TOKYO;111111;201;O;126900,000;0,000;0,000;0,000;3224,0194;19,8332;409128065,0000;2516844,69;162,555944;4520,0000;25,3093;573588000,0000;3211758,78;573588000,0000;3211758,78;4284,0000;40,198;9,864;27,611;6,416;0,714;0,532;5,509;0,535;0,000;0,000;0,0000;0,00;;;;DJPY;N088000;T300;;099468      SONY CORP.;3224,01942474;19,83329148;4520,00000000;25,30936782;4284,00000000;126900,00000000;0,00000000;0,00000000;0,00000000;0,00000000;20251111
88;1O;00433;JP3596200000;TOTO LTD.;JPY;TOKYO;111111;201;O;142000,000;0,000;0,000;0,000;3866,6151;23,4302;549059358,0000;3327100,93;165,026361;3877,0000;21,7089;550534000,0000;3082669,80;550534000,0000;3082669,80;3918,0000;0,269;8,219;-7,347;6,158;0,686;0,511;-1,046;0,513;0,000;0,000;0,0000;0,00;;;;DJPY;N088000;T300;;099489      TOTO LTD.;3866,61519718;23,43028823;3877,00000000;21,70894227;3918,00000000;142000,00000000;0,00000000;0,00000000;0,00000000;0,00000000;20251111
88;1O;00163;JP3190000004;OBAYASHI CORP.;JPY;TOKYO;111111;201;O;184000,000;0,000;0,000;0,000;2102,3550;12,8890;386833330,6840;2371591,53;163,111280;2863,0000;16,0311;526792000,0000;2949728,43;526792000,0000;2949728,43;2832,5000;36,181;9,490;24,378;5,892;0,656;0,489;1,077;0,491;0,000;0,000;0,0000;0,00;;;;DJPY;N088000;T300;;099511      OBAYASHI CORP.;2102,35505806;12,88908440;2863,00000000;16,03113276;2832,50000000;184000,00000000;0,00000000;0,00000000;0,00000000;0,00000000;20251111
88;1O;00144;JP3914400001;MURATA MANUFACTURING CO.LTD.;JPY;TOKYO;111111;201;O;162800,000;0,000;0,000;0,000;2476,5429;15,0419;403181187,0800;2448837,09;164,641898;3178,0000;17,7949;517378400,0000;2897017,75;517378400,0000;2897017,75;3229,0000;28,324;8,472;18,302;5,787;0,644;0,480;-1,579;0,482;0,000;0,000;0,0000;0,00;;;;DJPY;N088000;T300;;099520      MURATA MANUFACTURING CO.LTD.;2476,54291818;15,04199686;3178,00000000;17,79494932;3229,00000000;162800,00000000;0,00000000;0,00000000;0,00000000;0,00000000;20251111
88;1O;00447;JP3571400005;TOKYO ELECTRON LTD.;JPY;TOKYO;111111;201;O;13800,000;0,000;0,000;0,000;27438,8316;157,0074;378655877,0000;2166703,25;174,761300;34190,0000;191,4440;471822000,0000;2641928,44;471822000,0000;2641928,44;34200,0000;24,604;2,191;21,933;5,278;0,588;0,438;-0,029;0,440;0,000;0,000;0,0000;0,00;;;;DJPY;N088000;T300;;099562      TOKYO ELECTRON LTD.;27438,83166666;157,00748188;34190,00000000;191,44408981;34200,00000000;13800,00000000;0,00000000;0,00000000;0,00000000;0,00000000;20251111
88;1O;00096;JP3854600008;HONDA MOTOR CO.;JPY;TOKYO;111111;201;O;285100,000;0,000;0,000;0,000;1546,1950;9,1470;440820215,4070;2607811,29;169,038388;1523,5000;8,5307;434349850,0000;2432106,22;434349850,0000;2432106,22;1511,0000;-1,468;5,651;-6,738;4,858;0,541;0,403;0,827;0,405;0,000;0,000;0,0000;0,00;;;;DJPY;N088000;T300;;099597      HONDA MOTOR CO.;1546,19507333;9,14700557;1523,50000000;8,53071280;1511,00000000;285100,00000000;0,00000000;0,00000000;0,00000000;0,00000000;20251111
88;1O;00216;JP3538800008;TDK CORP.;JPY;TOKYO;111111;201;O;174800,000;0,000;0,000;0,000;1801,0618;11,0585;314825609,0000;1933037,83;162,865726;2448,5000;13,7101;427997800,0000;2396538,44;427997800,0000;2396538,44;2505,5000;35,948;9,655;23,978;4,787;0,533;0,397;-2,275;0,399;0,000;0,000;0,0000;0,00;;;;DJPY;N088000;T300;;099603      TDK CORP.;1801,06183638;11,05856882;2448,50000000;13,71017414;2505,50000000;174800,00000000;0,00000000;0,00000000;0,00000000;0,00000000;20251111
88;1O;03334;JP3148800000;IBIDEN CO. LTD.;JPY;TOKYO;111111;201;O;30873,000;0,000;0,000;0,000;4598,6155;28,3834;141973058,6140;876281,82;162,017579;13375,0000;74,8922;412926375,0000;2312147,24;412926375,0000;2312147,24;13035,0000;190,848;10,229;163,859;4,619;0,514;0,383;2,608;0,385;0,000;0,000;0,0000;0,00;;;;DJPY;N088000;T300;;099617      IBIDEN CO. LTD.;4598,61557393;28,38343601;13375,00000000;74,89221121;13035,00000000;30873,00000000;0,00000000;0,00000000;0,00000000;0,00000000;20251111
88;1O;00037;JP3830800003;BRIDGESTONE CORP.;JPY;TOKYO;111111;201;O;52900,000;0,000;0,000;0,000;6463,8723;37,4498;341938848,5390;1981099,52;172,600541;6982,0000;39,0951;369347800,0000;2068132,59;369347800,0000;2068132,59;6916,0000;8,016;3,470;4,393;4,131;0,460;0,343;0,954;0,344;0,000;0,000;0,0000;0,00;;;;DJPY;N088000;T300;;099657      BRIDGESTONE CORP.;6463,87237313;37,44989640;6982,00000000;39,09513410;6916,00000000;52900,00000000;0,00000000;0,00000000;0,00000000;0,00000000;20251111
88;1O;00251;JP3942400007;ASTELLAS PHARMA INC.;JPY;TOKYO;111111;201;O;198800,000;0,000;0,000;0,000;1533,7730;9,4049;304914084,0000;1869702,37;163,081616;1790,5000;10,0257;355951400,0000;1993120,56;355951400,0000;1993120,56;1765,5000;16,738;9,510;6,601;3,981;0,443;0,330;1,416;0,332;0,000;0,000;0,0000;0,00;;;;DJPY;N088000;T300;;099670      ASTELLAS PHARMA INC.;1533,77305835;9,40494149;1790,50000000;10,02575732;1765,50000000;198800,00000000;0,00000000;0,00000000;0,00000000;0,00000000;20251111
88;1O;00148;JP3733000008;NEC CORP.;JPY;TOKYO;111111;201;O;58400,000;0,000;0,000;0,000;4988,1755;28,2773;291309455,0000;1651400,10;176,401500;5732,0000;32,0958;334748800,0000;1874398,34;334748800,0000;1874398,34;5612,0000;14,912;1,241;13,504;3,744;0,417;0,311;2,138;0,312;0,000;0,000;0,0000;0,00;;;;DJPY;N088000;T300;;099689      NEC CORP.;4988,17559931;28,27739897;5732,00000000;32,09586203;5612,00000000;58400,00000000;0,00000000;0,00000000;0,00000000;0,00000000;20251111
88;1O;00618;JP3358800005;SHIMIZU CORP.;JPY;TOKYO;111111;201;O;136400,000;0,000;0,000;0,000;1279,6496;7,8386;174544215,0000;1069191,37;163,248806;2312,5000;12,9486;315425000,0000;1766196,32;315425000,0000;1766196,32;2271,0000;80,714;9,397;65,190;3,528;0,393;0,293;1,827;0,294;0,000;0,000;0,0000;0,00;;;;DJPY;N088000;T300;;099707      SHIMIZU CORP.;1279,64967008;7,83864640;2312,50000000;12,94865334;2271,00000000;136400,00000000;0,00000000;0,00000000;0,00000000;0,00000000;20251111
88;1O;05704;JP3475350009;DAIICHI SANKYO CO LTD;JPY;TOKYO;111111;201;O;70900,000;0,000;0,000;0,000;4302,6197;26,3953;305055740,0000;1871432,12;163,006575;3392,0000;18,9932;240492800,0000;1346619,63;240492800,0000;1346619,63;3305,0000;-21,164;9,560;-28,043;2,690;0,299;0,223;2,632;0,224;0,000;0,000;0,0000;0,00;;;;DJPY;N088000;T300;;099777      DAIICHI SANKYO CO LTD;4302,61974612;26,39537545;3392,00000000;18,99322470;3305,00000000;70900,00000000;0,00000000;0,00000000;0,00000000;0,00000000;20251111
88;1O;05558;JP3118000003;ASICS CORP;JPY;TOKYO;111111;201;O;60000,000;0,000;0,000;0,000;4021,9136;22,6868;241314816,0000;1361209,52;177,279700;3768,0000;21,0986;226080000,0000;1265916,34;226080000,0000;1265916,34;3713,0000;-6,313;0,739;-7,001;2,529;0,282;0,210;1,481;0,211;0,000;0,000;0,0000;0,00;;;;DJPY;N088000;T300;;099790      ASICS CORP;4021,91360000;22,68682533;3768,00000000;21,09860574;3713,00000000;60000,00000000;0,00000000;0,00000000;0,00000000;0,00000000;20251111
88;1O;03500;JP3164720009;RENEAS  ELECTRONICS CORP.;JPY;TOKYO;111111;201;O;76900,000;0,000;0,000;0,000;2029,2531;12,4486;156049565,8060;957297,89;163,010456;1871,0000;10,4765;143879900,0000;805643,65;143879900,0000;805643,65;1850,0000;-7,799;9,557;-15,842;1,609;0,179;0,134;1,135;0,134;0,000;0,000;0,0000;0,00;;;;DJPY;N088000;T300;;099866      RENEAS  ELECTRONICS CORP.;2029,25313141;12,44860715;1871,00000000;10,47651044;1850,00000000;76900,00000000;0,00000000;0,00000000;0,00000000;0,00000000;20251111
88;1O;01057;JP3937200008;YAMATAKE CORP.;JPY;TOKYO;111111;201;O;97300,000;0,000;0,000;0,000;1232,3487;7,5554;119907530,0000;735147,68;163,106724;1466,0000;8,2087;142641800,0000;798711,01;142641800,0000;798711,01;1474,5000;18,960;9,493;8,646;1,596;0,178;0,132;-0,576;0,133;0,000;0,000;0,0000;0,00;;;;DJPY;N088000;T300;;099868      YAMATAKE CORP.;1232,34871531;7,55547461;1466,00000000;8,20874629;1474,50000000;97300,00000000;0,00000000;0,00000000;0,00000000;0,00000000;20251111
88;1O;17960;JP3351100007;SYSMEX CORP;JPY;TOKYO;111111;201;O;67300,000;0,000;0,000;0,000;2882,0211;17,6865;193960024,0000;1190303,28;162,950088;1630,0000;9,1270;109699000,0000;614250,52;109699000,0000;614250,52;1668,5000;-43,442;9,598;-48,395;1,227;0,137;0,102;-2,307;0,102;0,000;0,000;0,0000;0,00;;;;DJPY;N088000;T300;;099898      SYSMEX CORP;2882,02115899;17,68652719;1630,00000000;9,12705078;1668,50000000;67300,00000000;0,00000000;0,00000000;0,00000000;0,00000000;20251111
88;1O;00192;JP3351600006;SHISEIDO CO.;JPY;TOKYO;111111;201;O;7600,000;0,000;0,000;0,000;2769,0657;16,9899;21044900,0000;129123,74;162,982423;2562,5000;14,3485;19475000,0000;109048,66;19475000,0000;109048,66;2585,5000;-7,460;9,576;-15,547;0,218;0,024;0,018;-0,890;0,018;0,000;0,000;0,0000;0,00;;;;DJPY;N088000;T300;;099982      SHISEIDO CO.;2769,06578947;16,98996578;2562,50000000;14,34850775;2585,50000000;7600,00000000;0,00000000;0,00000000;0,00000000;0,00000000;20251111
88;1O;01571;HK0066009694;MTR CORP.;HKD;HONG KONG;111111;201;O;1092256,000;0,000;0,000;0,000;27,0248;3,3421;29518081,4000;3650517,27;8,086000;30,0400;3,3334;32811370,2400;3640974,54;32811370,2400;3640974,54;29,9200;11,157;11,448;-0,261;36,292;0,810;0,603;0,401;0,606;0,000;0,000;0,0000;0,00;;;;DHKD;N103000;T300;;099397      MTR CORP.;27,02487457;3,34218101;30,04000000;3,33344430;29,92000000;1092256,00000000;0,00000000;0,00000000;0,00000000;0,00000000;20251111
88;1O;01620;HK0992009065;LENOVO GROUP LTD.;HKD;HONG KONG;111111;201;O;2402000,000;0,000;0,000;0,000;10,0295;1,2448;24090881,8000;2990046,54;8,057026;10,8500;1,2039;26061700,0000;2891984,86;26061700,0000;2891984,86;10,9900;8,181;11,849;-3,280;28,826;0,643;0,479;-1,274;0,482;0,000;0,000;0,0000;0,00;;;;DHKD;N103000;T300;;099521      LENOVO GROUP LTD.;10,02950949;1,24481537;10,85000000;1,20399036;10,99000000;2402000,00000000;0,00000000;0,00000000;0,00000000;0,00000000;20251111
88;1O;03896;HK0688002218;CHINA OVERSEAS LAND & INVESTMENT LTD;HKD;HONG KONG;111111;201;O;1575000,000;0,000;0,000;0,000;12,4261;1,5414;19571200,9000;2427807,95;8,061264;13,2900;1,4747;20931750,0000;2322730,45;20931750,0000;2322730,45;13,2300;6,952;11,790;-4,328;23,152;0,517;0,385;0,454;0,387;0,000;0,000;0,0000;0,00;;;;DHKD;N103000;T300;;099615      CHINA OVERSEAS LAND & INVESTMENT LTD;12,42615930;1,54146536;13,29000000;1,47474949;13,23000000;1575000,00000000;0,00000000;0,00000000;0,00000000;0,00000000;20251111
88;1O;00211;HK0019000162;SWIRE PACIFIC LTD. CLA;HKD;HONG KONG;111111;201;O;134343,000;0,000;0,000;0,000;70,4500;8,7573;9464464,3500;1176484,44;8,044700;68,6000;7,6123;9215929,8000;1022662,74;9215929,8000;1022662,74;68,0500;-2,626;12,020;-13,075;10,194;0,227;0,169;0,808;0,170;0,000;0,000;0,0000;0,00;;;;DHKD;N103000;T300;;099831      SWIRE PACIFIC LTD. CLA;70,45000000;8,75731850;68,60000000;7,61232619;68,05000000;134343,00000000;0,00000000;0,00000000;0,00000000;0,00000000;20251111
88;2;00001;;LIQUIDITA';EUR;;;610;;0,000;0,000;0,000;0,000;0,0000;0,0000;0,0000;0,00;0,000000;0,0000;0,0000;0,0000;1272185,58;0,0000;1272185,58;0,0000;0,000;0,000;0,000;0,000;0,000;0,211;0,000;0,212;0,000;0,000;0,0000;0,00;2;;;;;;;;0,00000000;0,00000000;0,00000000;0,00000000;0,00000000;0,00000000;0,00000000;0,00000000;0,00000000;0,00000000;20251111
88;2;00002;;LIQUIDITA' A SCADERE;EUR;;;620;;0,000;0,000;0,000;0,000;0,0000;0,0000;0,0000;0,00;0,000000;0,0000;0,0000;0,0000;-149303,99;0,0000;-149303,99;0,0000;0,000;0,000;0,000;0,000;0,000;-0,025;0,000;-0,025;0,000;0,000;0,0000;0,00;3;;;;;;;;0,00000000;0,00000000;0,00000000;0,00000000;0,00000000;0,00000000;0,00000000;0,00000000;0,00000000;0,00000000;20251111
88;2;00016;;GIACENZE DI DOLLARI AUSTRALIANI      AUD;AUD;;;621;;9321010,450;0,000;0,000;0,000;0,0000;0,5787;9321010,4500;5394146,52;1,727986;0,0000;1,7785;9321010,4500;5240939,25;9321010,4500;5240939,25;0,0000;0,000;0,000;0,000;0,000;0,000;0,869;0,000;0,873;0,000;0,000;0,0000;0,00;3AUD1;;;;;;;;0,00000000;0,57870834;0,00000000;1,77850000;0,00000000;9321010,45000000;0,00000000;0,00000000;0,00000000;0,00000000;20251111
88;2;00016;;IMPEGNI IN DOLLARI AUSTRALIANI       AUD;AUD;;;622;;-1000000,000;0,000;0,000;0,000;0,0000;0,5651;-1000000,0000;-565109,04;1,769570;0,0000;1,7785;-1000000,0000;-562271,58;-1000000,0000;-562271,58;0,0000;0,000;0,000;0,000;0,000;0,000;-0,093;0,000;-0,094;0,000;0,000;0,0000;0,00;3AUD2;;;;;;;;0,00000000;0,56510904;0,00000000;1,77850000;0,00000000;-1000000,00000000;0,00000000;0,00000000;0,00000000;0,00000000;20251111
88;2;00009;;GIACENZE DI DOLLARI CANADESI         CAD;CAD;;;621;;2093328,690;0,000;0,000;0,000;0,0000;0,6701;2093328,6900;1402782,19;1,492269;0,0000;1,6249;2093328,6900;1288281,55;2093328,6900;1288281,55;0,0000;0,000;0,000;0,000;0,000;0,000;0,214;0,000;0,214;0,000;0,000;0,0000;0,00;3CAD1;;;;;;;;0,00000000;0,67012036;0,00000000;1,62490000;0,00000000;2093328,69000000;0,00000000;0,00000000;0,00000000;0,00000000;20251111
88;2;00007;;GIACENZE DI FRANCHI SVIZZERI         CHF;CHF;;;621;;1293564,880;0,000;0,000;0,000;0,0000;1,0729;1293564,8800;1387985,50;0,931973;0,0000;0,9276;1293564,8800;1394528,76;1293564,8800;1394528,76;0,0000;0,000;0,000;0,000;0,000;0,000;0,231;0,000;0,232;0,000;0,000;0,0000;0,00;3CHF1;;;;;;;;0,00000000;1,07299256;0,00000000;0,92760000;0,00000000;1293564,88000000;0,00000000;0,00000000;0,00000000;0,00000000;20251111
88;2;00007;;IMPEGNI IN DIVISA FRANCHI SVIZZERI   CHF;CHF;;;622;;455576,180;0,000;0,000;0,000;0,0000;1,0714;455576,1800;488124,87;0,933319;0,0000;0,9276;455576,1800;491134,30;455576,1800;491134,30;0,0000;0,000;0,000;0,000;0,000;0,000;0,081;0,000;0,082;0,000;0,000;0,0000;0,00;3CHF2;;;;;;;;0,00000000;1,07144510;0,00000000;0,92760000;0,00000000;455576,18000000;0,00000000;0,00000000;0,00000000;0,00000000;20251111
88;2;00035;;GIACENZE DI CORONA DANESE            DKK;DKK;;;621;;300973,480;0,000;0,000;0,000;0,0000;0,1338;300973,4800;40296,02;7,469062;0,0000;7,4675;300973,4800;40304,45;300973,4800;40304,45;0,0000;0,000;0,000;0,000;0,000;0,000;0,007;0,000;0,007;0,000;0,000;0,0000;0,00;3DKK1;;;;;;;;0,00000000;0,13388561;0,00000000;7,46750000;0,00000000;300973,48000000;0,00000000;0,00000000;0,00000000;0,00000000;20251111
88;2;00006;;GIACENZE DI STERLINE INGLESI         GBP;GBP;;;621;;9960968,970;0,000;0,000;0,000;0,0000;1,1478;9960968,9700;11433747,00;0,871190;0,0000;0,8802;9960968,9700;11316710,94;9960968,9700;11316710,94;0,0000;0,000;0,000;0,000;0,000;0,000;1,876;0,000;1,884;0,000;0,000;0,0000;0,00;3GBP1;;;;;;;;0,00000000;1,14785489;0,00000000;0,88020000;0,00000000;9960968,97000000;0,00000000;0,00000000;0,00000000;0,00000000;20251111
88;2;00014;;GIACENZE DI HONG KONG DOLLAR         HKD;HKD;;;621;;1388195,690;0,000;0,000;0,000;0,0000;0,1105;1388195,6900;153429,02;9,047804;0,0000;9,0117;1388195,6900;154043,71;1388195,6900;154043,71;0,0000;0,000;0,000;0,000;0,000;0,000;0,026;0,000;0,026;0,000;0,000;0,0000;0,00;3HKD1;;;;;;;;0,00000000;0,11052405;0,00000000;9,01170000;0,00000000;1388195,69000000;0,00000000;0,00000000;0,00000000;0,00000000;20251111
88;2;00008;;GIACENZE DI YEN GIAPPONESI           JPY;JPY;;;621;;298800132,000;0,000;0,000;0,000;0,0000;0,0056;298800132,0000;1690819,57;176,719111;0,0000;178,5900;298800132,0000;1673106,74;298800132,0000;1673106,74;0,0000;0,000;0,000;0,000;0,000;0,000;0,277;0,000;0,279;0,000;0,000;0,0000;0,00;3JPY1;;;;;;;;0,00000000;0,00565869;0,00000000;178,59000000;0,00000000;298800132,00000000;0,00000000;0,00000000;0,00000000;0,00000000;20251111
88;2;00008;;IMPEGNI IN DIVISA YEN GIAPPONESI     JPY;JPY;;;622;;-270692830,000;0,000;0,000;0,000;0,0000;0,0056;-270692830,0000;-1522915,44;177,746461;0,0000;178,5900;-270692830,0000;-1515722,21;-270692830,0000;-1515722,21;0,0000;0,000;0,000;0,000;0,000;0,000;-0,251;0,000;-0,252;0,000;0,000;0,0000;0,00;3JPY2;;;;;;;;0,00000000;0,00562599;0,00000000;178,59000000;0,00000000;-270692830,00000000;0,00000000;0,00000000;0,00000000;0,00000000;20251111
88;2;00031;;GIACENZE DI CORONA NORVEGESE         NOK;NOK;;;621;;2618120,310;0,000;0,000;0,000;0,0000;0,0856;2618120,3100;224174,85;11,678921;0,0000;11,6591;2618120,3100;224555,95;2618120,3100;224555,95;0,0000;0,000;0,000;0,000;0,000;0,000;0,037;0,000;0,037;0,000;0,000;0,0000;0,00;3NOK1;;;;;;;;0,00000000;0,08562435;0,00000000;11,65910000;0,00000000;2618120,31000000;0,00000000;0,00000000;0,00000000;0,00000000;20251111
88;2;00011;;GIACENZE DI CORONE SVEDESI           SEK;SEK;;;621;;5846410,930;0,000;0,000;0,000;0,0000;0,0909;5846410,9300;531609,49;10,997567;0,0000;10,9639;5846410,9300;533241,91;5846410,9300;533241,91;0,0000;0,000;0,000;0,000;0,000;0,000;0,088;0,000;0,089;0,000;0,000;0,0000;0,00;3SEK1;;;;;;;;0,00000000;0,09092920;0,00000000;10,96390000;0,00000000;5846410,93000000;0,00000000;0,00000000;0,00000000;0,00000000;20251111
88;2;00011;;IMPEGNI IN DIVISA CORONE SVEDESI     SEK;SEK;;;622;;93435,600;0,000;0,000;0,000;0,0000;0,1047;93435,6000;9789,08;9,544881;0,0000;10,9639;93435,6000;8522,11;93435,6000;8522,11;0,0000;0,000;0,000;0,000;0,000;0,000;0,001;0,000;0,001;0,000;0,000;0,0000;0,00;3SEK2;;;;;;;;0,00000000;0,10476820;0,00000000;10,96390000;0,00000000;93435,60000000;0,00000000;0,00000000;0,00000000;0,00000000;20251111
88;2;00022;;GIACENZE DI DOLLARI SINGAPORE        SGD;SGD;;;621;;1618463,070;0,000;0,000;0,000;0,0000;0,7074;1618463,0700;1145055,55;1,413436;0,0000;1,5086;1618463,0700;1072824,52;1618463,0700;1072824,52;0,0000;0,000;0,000;0,000;0,000;0,000;0,178;0,000;0,179;0,000;0,000;0,0000;0,00;3SGD1;;;;;;;;0,00000000;0,70749563;0,00000000;1,50860000;0,00000000;1618463,07000000;0,00000000;0,00000000;0,00000000;0,00000000;20251111
88;2;00001;;GIACENZE DI DOLLARI USA              USD;USD;;;621;;14856589,060;0,000;0,000;0,000;0,0000;0,8676;14856589,0600;12890541,88;1,152519;0,0000;1,1596;14856589,0600;12811822,23;14856589,0600;12811822,23;0,0000;0,000;0,000;0,000;0,000;0,000;2,123;0,000;2,133;0,000;0,000;0,0000;0,00;3USD1;;;;;;;;0,00000000;0,86766496;0,00000000;1,15960000;0,00000000;14856589,06000000;0,00000000;0,00000000;0,00000000;0,00000000;20251111
88;2;00001;;IMPEGNI IN DIVISA DOLLARI USA        USD;USD;;;622;;-2216933,640;0,000;0,000;0,000;0,0000;0,8623;-2216933,6400;-1911808,93;1,159600;0,0000;1,1596;-2216933,6400;-1911808,93;-2216933,6400;-1911808,93;0,0000;0,000;0,000;0,000;0,000;0,000;-0,317;0,000;-0,318;0,000;0,000;0,0000;0,00;3USD2;;;;;;;;0,00000000;0,86236633;0,00000000;1,15960000;0,00000000;-2216933,64000000;0,00000000;0,00000000;0,00000000;0,00000000;20251111
88;4;;;DIRITTI MATURATI NON RISCOSSI;;;;700;;0,000;0,000;0,000;0,000;0,0000;0,0000;0,0000;0,00;0,000000;0,0000;0,0000;0,0000;686304,31;0,0000;686304,31;0,0000;0,000;0,000;0,000;0,000;0,000;0,114;0,000;0,114;0,000;0,000;0,0000;0,00;;;;;;;;;0,00000000;0,00000000;0,00000000;0,00000000;0,00000000;0,00000000;0,00000000;0,00000000;0,00000000;0,00000000;20251111
88;5;;;DEPOSITI MARGINI INIZ.FUTURES;;;;8;;0,000;0,000;0,000;0,000;0,0000;0,0000;0,0000;0,00;0,000000;0,0000;0,0000;0,0000;0,00;0,0000;0,00;0,0000;0,000;0,000;0,000;0,000;0,000;0,000;0,000;0,000;0,000;0,000;0,0000;0,00;;;;;;;;;0,00000000;0,00000000;0,00000000;0,00000000;0,00000000;0,00000000;0,00000000;0,00000000;0,00000000;0,00000000;20251111
88;5;;;MARGINI DI VARIAZIONE FUTURES;;;;8;;0,000;0,000;0,000;0,000;0,0000;0,0000;0,0000;0,00;0,000000;0,0000;0,0000;0,0000;0,00;0,0000;0,00;0,0000;0,000;0,000;0,000;0,000;0,000;0,000;0,000;0,000;0,000;0,000;0,0000;0,00;;;;;;;;;0,00000000;0,00000000;0,00000000;0,00000000;0,00000000;0,00000000;0,00000000;0,00000000;0,00000000;0,00000000;20251111
88;5;;;DEPOSITI BANCARI;;;;8;;0,000;0,000;0,000;0,000;0,0000;0,0000;0,0000;0,00;0,000000;0,0000;0,0000;0,0000;0,00;0,0000;0,00;0,0000;0,000;0,000;0,000;0,000;0,000;0,000;0,000;0,000;0,000;0,000;0,0000;0,00;;;;;;;;;0,00000000;0,00000000;0,00000000;0,00000000;0,00000000;0,00000000;0,00000000;0,00000000;0,00000000;0,00000000;20251111
88;9;;;RIMBORSI DA REGOLARE;;;;;;0,000;0,000;0,000;0,000;0,0000;0,0000;0,0000;0,00;0,000000;0,0000;0,0000;0,0000;-1393004,77;0,0000;-1393004,77;0,0000;0,000;0,000;0,000;0,000;0,000;0,000;0,000;0,000;0,000;0,000;0,0000;0,00;;;;;;;;;0,00000000;0,00000000;0,00000000;0,00000000;0,00000000;0,00000000;0,00000000;0,00000000;0,00000000;0,00000000;20251111
89;IF;63412;OEZ5;EURO BOBL DEC25;EUR;;;335;;-251,000;0,000;0,000;0,000;0,0000;0,0000;0,0000;0,00;0,000000;118,1300;0,0000;0,0000;-29650630,00;0,0000;-29650630,00;0,0000;0,000;0,000;0,000;0,000;0,000;0,000;0,000;0,000;0,000;0,000;0,0000;0,00;3;;;;;;;;0,00000000;0,00000000;118,13000000;0,00000000;0,00000000;0,00000000;0,00000000;0,00000000;0,00000000;0,00000000;20251111
89;IF;63416;IKZ5;EURO BTP DEC25;EUR;;;335;;-50,000;0,000;0,000;0,000;0,0000;0,0000;0,0000;0,00;0,000000;121,3400;0,0000;0,0000;-6067000,00;0,0000;-6067000,00;0,0000;0,000;0,000;0,000;0,000;0,000;0,000;0,000;0,000;0,000;0,000;0,0000;0,00;3;;;;;;;;0,00000000;0,00000000;121,34000000;0,00000000;0,00000000;0,00000000;0,00000000;0,00000000;0,00000000;0,00000000;20251111
89;1I;48808;IT0005596470;BTP  4,050% 2024-30/10/2037;EUR;MOT;086000;001;I;25000000,000;0,000;0,000;0,000;104,1690;104,1690;26042250,0000;26042250,00;0,000000;104,8320;104,8320;26208000,0000;26208000,00;26241379,1200;26241379,12;104,7570;0,636;0,000;0,636;4,302;18,673;2,939;0,072;2,951;0,000;0,000;33379,1200;33379,12;;;;DEUR;N111111;T000;;097061      BTP  4,050% 2024-30/10/2037;104,16900000;104,16900000;104,83200000;104,83200000;104,75700000;25000000,00000000;0,00000000;0,00000000;0,00000000;0,00000000;20251111
89;1I;64016;IT0005676504;BTP 3,450% 2025-01/02/2036;EUR;MTS;086000;001;I;25000000,000;0,000;0,000;0,000;100,1900;100,1900;25047500,0000;25047500,00;0,000000;100,2290;100,2290;25057250,0000;25057250,00;25076000,0000;25076000,00;100,1490;0,039;0,000;0,039;4,111;17,844;2,810;0,080;2,822;0,000;0,000;18750,0000;18750,00;;;;DEUR;N111111;T000;;097190      BTP 3,450% 2025-01/02/2036;100,19000000;100,19000000;100,22900000;100,22900000;100,14900000;25000000,00000000;0,00000000;0,00000000;0,00000000;0,00000000;20251111
89;1I;46541;IT0005542359;BTPS  4,000% 2023-30/10/2031;EUR;MTS;086000;001;I;16000000,000;0,000;0,000;0,000;104,3601;104,3601;16697631,2500;16697631,25;0,000000;106,6520;106,6520;17064320,0000;17064320,00;17085418,9000;17085418,90;106,6190;2,196;0,000;2,196;2,801;12,158;1,913;0,031;1,922;0,000;0,000;21098,9000;21098,90;;;;DEUR;N111111;T000;;098087      BTPS  4,000% 2023-30/10/2031;104,36019530;104,36019530;106,65200000;106,65200000;106,61900000;16000000,00000000;0,00000000;0,00000000;0,00000000;0,00000000;20251111
89;1I;40175;IT0005438004;BTP 1,5%  2021-30.04.2045;EUR;MOT;086000;001;I;20000000,000;0,000;0,000;0,000;67,3345;67,3345;13466900,0000;13466900,00;0,000000;66,8860;66,8860;13377200,0000;13377200,00;13387090,1100;13387090,11;66,8060;-0,666;0,000;-0,666;2,195;9,526;1,500;0,120;1,506;0,000;0,000;9890,1100;9890,11;;;;DEUR;N111111;T000;;098500      BTP 1,5%  2021-30.04.2045;67,33450000;67,33450000;66,88600000;66,88600000;66,80600000;20000000,00000000;0,00000000;0,00000000;0,00000000;0,00000000;20251111
89;1I;48714;IT0005595803;BTPS  3,450% 2024-15/07/2031;EUR;MOT;086000;001;I;12025000,000;0,000;0,000;0,000;101,9779;101,9779;12262848,9700;12262848,97;0,000000;103,4150;103,4150;12435653,7500;12435653,75;12569807,6600;12569807,66;103,3680;1,409;0,000;1,409;2,061;8,945;1,394;0,045;1,400;0,000;0,000;134153,9100;134153,91;;;;DEUR;N111111;T000;;098606      BTPS  3,450% 2024-15/07/2031;101,97795400;101,97795400;103,41500000;103,41500000;103,36800000;12025000,00000000;0,00000000;0,00000000;0,00000000;0,00000000;20251111
89;1I;63527;IT0005669269;BOTS ZC 2025-14/09/2026;EUR;MTSBOT;086000;005;I;10000000,000;0,000;0,000;0,000;97,9722;97,9722;9797224,3000;9797224,30;0,000000;98,3020;98,3020;9795836,6700;9795836,67;9830200,0000;9830200,00;98,2980;-0,014;0,000;-0,014;1,612;6,995;1,098;0,004;1,103;0,000;0,000;34363,3300;34363,33;;;;DEUR;N111111;T000;;098902      BOTS ZC 2025-14/09/2026;97,97224300;97,97224300;98,30200000;98,30200000;98,29800000;10000000,00000000;0,00000000;0,00000000;0,00000000;0,00000000;20251111
89;1I;60625;IT0005622128;BTPS 2,700% 2024-15/10/2027;EUR;MTS;086000;001;I;8000000,000;0,000;0,000;0,000;100,4650;100,4650;8037200,0000;8037200,00;0,000000;100,9590;100,9590;8076720,0000;8076720,00;8092741,9800;8092741,98;100,9640;0,492;0,000;0,492;1,327;5,759;0,906;-0,005;0,910;0,000;0,000;16021,9800;16021,98;;;;DEUR;N111111;T000;;099094      BTPS 2,700% 2024-15/10/2027;100,46500000;100,46500000;100,95900000;100,95900000;100,96400000;8000000,00000000;0,00000000;0,00000000;0,00000000;0,00000000;20251111
89;1I;45169;IT0005508590;BTP 4% 2022/30.04.2035;EUR;MOT;086000;001;I;6405000,000;0,000;0,000;0,000;105,0530;105,0530;6728644,6500;6728644,65;0,000000;106,2100;106,2100;6802750,5000;6802750,50;6811196,6500;6811196,65;106,1450;1,101;0,000;1,101;1,117;4,847;0,763;0,061;0,766;0,000;0,000;8446,1500;8446,15;;;;DEUR;N111111;T000;;099237      BTP 4% 2022/30.04.2035;105,05300000;105,05300000;106,21000000;106,21000000;106,14500000;6405000,00000000;0,00000000;0,00000000;0,00000000;0,00000000;20251111
89;1I;46612;AT0000A33SH3;REP OF AUSTRIA 2,900% 2023-23/05/2029;EUR;VIENNA;008000;100;I;10000000,000;0,000;0,000;0,000;102,8603;102,8603;10286030,0000;10286030,00;0,000000;102,2030;102,2030;10220300,0000;10220300,00;10356957,5300;10356957,53;102,1740;-0,639;0,000;-0,639;1,698;74,717;1,146;0,028;1,151;0,000;0,000;136657,5300;136657,53;;;;DEUR;N008000;T100;;098854      REP OF AUSTRIA 2,900% 2023-23/05/2029;102,86030000;102,86030000;102,20300000;102,20300000;102,17400000;10000000,00000000;0,00000000;0,00000000;0,00000000;0,00000000;20251111
89;1I;48025;AT0000A39UW5;REP OF AUSTRIA 2,900% 2024-20/02/2034;EUR;VIENNA;008000;100;I;2000000,000;0,000;0,000;0,000;100,9960;100,9960;2019920,0000;2019920,00;0,000000;100,3820;100,3820;2007640,0000;2007640,00;2049590,6800;2049590,68;100,3060;-0,608;0,000;-0,608;0,336;14,786;0,225;0,076;0,226;0,000;0,000;41950,6800;41950,68;;;;DEUR;N008000;T100;;099775      REP OF AUSTRIA 2,900% 2024-20/02/2034;100,99600000;100,99600000;100,38200000;100,38200000;100,30600000;2000000,00000000;0,00000000;0,00000000;0,00000000;0,00000000;20251111
89;1I;45229;BE0000356650;BELGIUM  KINGDOM 2.75% 202/22.04.2039;EUR;LUXEMBOURG;009000;100;I;5000000,000;0,000;0,000;0,000;94,7300;94,7300;4736500,0000;4736500,00;0,000000;91,8490;91,8490;4592450,0000;4592450,00;4668922,6000;4668922,60;91,7410;-3,041;0,000;-3,041;0,765;76,817;0,515;0,118;0,517;0,000;0,000;76472,6000;76472,60;;;;DEUR;N009000;T100;;099485      BELGIUM  KINGDOM 2.75% 202/22.04.2039;94,73000000;94,73000000;91,84900000;91,84900000;91,74100000;5000000,00000000;0,00000000;0,00000000;0,00000000;0,00000000;20251111
89;1I;40325;FR0014002JM6;FRANCE OAT  0,500% 2020-25/06/2044;EUR;MTS;029000;100;I;27000000,000;0,000;0,000;0,000;58,1010;58,1010;15687270,0000;15687270,00;0,000000;54,9140;54,9140;14826780,0000;14826780,00;14878190,9600;14878190,96;54,7580;-5,485;0,000;-5,485;2,439;18,588;1,662;0,285;1,670;0,000;0,000;51410,9600;51410,96;;;;DEUR;N029000;T100;;098338      FRANCE OAT  0,500% 2020-25/06/2044;58,10100000;58,10100000;54,91400000;54,91400000;54,75800000;27000000,00000000;0,00000000;0,00000000;0,00000000;0,00000000;20251111
89;1I;28193;FR0013234333;FRANCE O.A.T 1,75% 2016/25.06.2039;EUR;PARIGI;029000;100;I;14000000,000;0,000;0,000;0,000;81,4900;81,4900;11408600,0000;11408600,00;0,000000;79,2860;79,2860;11100040,0000;11100040,00;11193341,3700;11193341,37;79,1310;-2,705;0,000;-2,705;1,835;13,984;1,245;0,196;1,250;0,000;0,000;93301,3700;93301,37;;;;DEUR;N029000;T100;;098755      FRANCE O.A.T 1,75% 2016/25.06.2039;81,49000000;81,49000000;79,28600000;79,28600000;79,13100000;14000000,00000000;0,00000000;0,00000000;0,00000000;0,00000000;20251111
89;1I;61155;FR001400X8V5;FRANCE GOVT 3,200% 2025-25/05/2035;EUR;PARIGI;029000;100;I;10000000,000;0,000;0,000;0,000;98,5500;98,5500;9855000,0000;9855000,00;0,000000;98,7330;98,7330;9873300,0000;9873300,00;10022341,1000;10022341,10;98,6060;0,186;0,000;0,186;1,643;12,521;1,107;0,129;1,112;0,000;0,000;149041,1000;149041,10;;;;DEUR;N029000;T100;;098893      FRANCE GOVT 3,200% 2025-25/05/2035;98,55000000;98,55000000;98,73300000;98,73300000;98,60600000;10000000,00000000;0,00000000;0,00000000;0,00000000;0,00000000;20251111
89;1I;48592;FR001400PM68;FRANCE GOVT 2,75% 2024-25/02/2030;EUR;PARIGI;029000;100;I;8500000,000;0,000;0,000;0,000;100,0100;100,0100;8500850,0000;8500850,00;0,000000;100,7410;100,7410;8562985,0000;8562985,00;8728851,4400;8728851,44;100,6820;0,731;0,000;0,731;1,431;10,905;0,960;0,059;0,964;0,000;0,000;165866,4400;165866,44;;;;DEUR;N029000;T100;;099040      FRANCE GOVT 2,75% 2024-25/02/2030;100,01000000;100,01000000;100,74100000;100,74100000;100,68200000;8500000,00000000;0,00000000;0,00000000;0,00000000;0,00000000;20251111
89;1I;33142;IE00BFZRQ242;IRISH 1,35% 2018/18.03.2031;EUR;DUBLINO;040000;100;I;5000000,000;0,000;0,000;0,000;94,1280;94,1280;4706400,0000;4706400,00;0,000000;94,7230;94,7230;4736150,0000;4736150,00;4780163,7000;4780163,70;94,6900;0,632;0,000;0,632;0,784;100,000;0,531;0,035;0,533;0,000;0,000;44013,7000;44013,70;;;;DEUR;N040000;T100;;099469      IRISH 1,35% 2018/18.03.2031;94,12800000;94,12800000;94,72300000;94,72300000;94,69000000;5000000,00000000;0,00000000;0,00000000;0,00000000;0,00000000;20251111
89;1I;35096;NL0013552060;NETHERLAND 0.50% 2019/15.01.2040;EUR;AMSTERDAM;050000;100;I;16000000,000;0,000;0,000;0,000;71,1456;71,1456;11383300,0000;11383300,00;0,000000;70,4960;70,4960;11279360,0000;11279360,00;11345113,4200;11345113,42;70,3290;-0,913;0,000;-0,913;1,860;28,429;1,265;0,237;1,270;0,000;0,000;65753,4200;65753,42;;;;DEUR;N050000;T100;;098735      NETHERLAND 0.50% 2019/15.01.2040;71,14562500;71,14562500;70,49600000;70,49600000;70,32900000;16000000,00000000;0,00000000;0,00000000;0,00000000;0,00000000;20251111
89;1I;31930;PTOTEWOE0017;PORTUGAL 2,25% 2018/18.04.2034;EUR;LISBONA;055000;100;I;1000000,000;0,000;0,000;0,000;95,8810;95,8810;958810,0000;958810,00;0,000000;95,3820;95,3820;953820,0000;953820,00;966580,2700;966580,27;95,3190;-0,520;0,000;-0,520;0,158;5,660;0,107;0,066;0,107;0,000;0,000;12760,2700;12760,27;;;;DEUR;N055000;T100;;099893      PORTUGAL 2,25% 2018/18.04.2034;95,88100000;95,88100000;95,38200000;95,38200000;95,31900000;1000000,00000000;0,00000000;0,00000000;0,00000000;0,00000000;20251111
89;1I;34219;ES0000012E69;SPAIN BONOS 1.85% 2019/30.07.2035;EUR;MADRID;067000;100;I;14502000,000;0,000;0,000;0,000;89,3237;89,3237;12953736,1600;12953736,16;0,000000;89,5010;89,5010;12979435,0200;12979435,02;13055878,4400;13055878,44;89,4270;0,198;0,000;0,198;2,140;30,242;1,455;0,083;1,462;0,000;0,000;76443,4200;76443,42;;;;DEUR;N067000;T100;;098545      SPAIN BONOS 1.85% 2019/30.07.2035;89,32379090;89,32379090;89,50100000;89,50100000;89,42700000;14502000,00000000;0,00000000;0,00000000;0,00000000;0,00000000;20251111
89;1I;27021;ES00000128E2;SPAIN BONOS 3.45% 2016 - 30/07/2066;EUR;MADRID;067000;100;I;6000000,000;0,000;0,000;0,000;93,7390;93,7390;5624340,0000;5624340,00;0,000000;87,6050;87,6050;5256300,0000;5256300,00;5315280,8200;5315280,82;87,4820;-6,544;0,000;-6,544;0,871;12,312;0,589;0,141;0,592;0,000;0,000;58980,8200;58980,82;;;;DEUR;N067000;T100;;099411      SPAIN BONOS 3.45% 2016 - 30/07/2066;93,73900000;93,73900000;87,60500000;87,60500000;87,48200000;6000000,00000000;0,00000000;0,00000000;0,00000000;0,00000000;20251111
89;1I;62397;ES0000012P33;SPAIN BONOS 3,20% 31.10.2035;EUR;MADRID;067000;100;I;5000000,000;0,000;0,000;0,000;99,9270;99,9270;4996350,0000;4996350,00;0,000000;100,2970;100,2970;5014850,0000;5014850,00;5019671,9200;5019671,92;100,2160;0,370;0,000;0,370;0,823;11,627;0,562;0,081;0,565;0,000;0,000;4821,9200;4821,92;;;;DEUR;N067000;T100;;099438      SPAIN BONOS 3,20% 31.10.2035;99,92700000;99,92700000;100,29700000;100,29700000;100,21600000;5000000,00000000;0,00000000;0,00000000;0,00000000;0,00000000;20251111
89;1I;43197;ES0000012K20;SPAIN BONOS 0.7% 2022/30.04.2032;EUR;AIAF;067000;100;I;5000000,000;0,000;0,000;0,000;86,3580;86,3580;4317900,0000;4317900,00;0,000000;88,0980;88,0980;4404900,0000;4404900,00;4423598,6300;4423598,63;88,0510;2,015;0,000;2,015;0,725;10,247;0,494;0,053;0,496;0,000;0,000;18698,6300;18698,63;;;;DEUR;N067000;T100;;099506      SPAIN BONOS 0.7% 2022/30.04.2032;86,35800000;86,35800000;88,09800000;88,09800000;88,05100000;5000000,00000000;0,00000000;0,00000000;0,00000000;0,00000000;20251111
89;1I;41969;ES0000012J07;SPAIN BONOS % 2021/30.07.2042;EUR;AIAF;067000;100;I;6100000,000;0,000;0,000;0,000;67,9670;67,9670;4145987,0000;4145987,00;0,000000;67,0970;67,0970;4092917,0000;4092917,00;4110297,8200;4110297,82;67,0160;-1,280;0,000;-1,280;0,674;9,521;0,459;0,121;0,461;0,000;0,000;17380,8200;17380,82;;;;DEUR;N067000;T100;;099541      SPAIN BONOS % 2021/30.07.2042;67,96700000;67,96700000;67,09700000;67,09700000;67,01600000;6100000,00000000;0,00000000;0,00000000;0,00000000;0,00000000;20251111
89;1I;44811;ES0000012K61;SPAIN BONOS ZC 2.55% 2022/31.10.2032;EUR;AIAF;067000;100;I;4000000,000;0,000;0,000;0,000;97,9350;97,9350;3917400,0000;3917400,00;0,000000;98,4530;98,4530;3938120,0000;3938120,00;3941193,9700;3941193,97;98,4030;0,529;0,000;0,529;0,646;9,129;0,442;0,051;0,443;0,000;0,000;3073,9700;3073,97;;;;DEUR;N067000;T100;;099558      SPAIN BONOS ZC 2.55% 2022/31.10.2032;97,93500000;97,93500000;98,45300000;98,45300000;98,40300000;4000000,00000000;0,00000000;0,00000000;0,00000000;0,00000000;20251111
89;1I;43456;ES0000012K46;SPAIN BONOS 1.9% 2022/31.10.2052;EUR;AIAF;067000;100;I;5800000,000;0,000;0,000;0,000;70,0700;70,0700;4064060,0000;4064060,00;0,000000;66,7780;66,7780;3873124,0000;3873124,00;3876445,1000;3876445,10;66,6570;-4,698;0,000;-4,698;0,635;8,979;0,434;0,182;0,436;0,000;0,000;3321,1000;3321,10;;;;DEUR;N067000;T100;;099566      SPAIN BONOS 1.9% 2022/31.10.2052;70,07000000;70,07000000;66,77800000;66,77800000;66,65700000;5800000,00000000;0,00000000;0,00000000;0,00000000;0,00000000;20251111
89;1I;10177;ES00000120N0;SPAIN BONOS 4,9% 2007/30.7.2040;EUR;AIAF;067000;100;I;1000000,000;0,000;0,000;0,000;117,7480;117,7480;1177480,0000;1177480,00;0,000000;115,3190;115,3190;1153190,0000;1153190,00;1167151,6400;1167151,64;115,2050;-2,063;0,000;-2,063;0,191;2,704;0,129;0,099;0,130;0,000;0,000;13961,6400;13961,64;;;;DEUR;N067000;T100;;099871      SPAIN BONOS 4,9% 2007/30.7.2040;117,74800000;117,74800000;115,31900000;115,31900000;115,20500000;1000000,00000000;0,00000000;0,00000000;0,00000000;0,00000000;20251111
89;1I;36809;ES0000012F76;SPAIN BONOS 0.50% 2020/30.04.2030;EUR;MADRID;067000;100;I;313000,000;0,000;0,000;0,000;89,7570;89,7570;280939,4100;280939,41;0,000000;91,8560;91,8560;287509,2800;287509,28;288345,3800;288345,38;91,8270;2,339;0,000;2,339;0,047;0,668;0,032;0,032;0,032;0,000;0,000;836,1000;836,10;;;;DEUR;N067000;T100;;099968      SPAIN BONOS 0.50% 2020/30.04.2030;89,75700000;89,75700000;91,85600000;91,85600000;91,82700000;313000,00000000;0,00000000;0,00000000;0,00000000;0,00000000;20251111
89;1I;45149;DE0001030740;BUNDESREPUBLIK 1,300% 2022-15/10/2027;EUR;FRANCOFORT;094000;100;I;62000000,000;0,000;0,000;0,000;98,7721;98,7721;61238758,6200;61238758,62;0,000000;98,7810;98,7810;61244220,0000;61244220,00;61303841,9200;61303841,92;98,7760;0,009;0,000;0,009;10,050;27,587;6,867;0,005;6,897;0,000;0,000;59621,9200;59621,92;;;;DEUR;N094000;T100;;093133      BUNDESREPUBLIK 1,300% 2022-15/10/2027;98,77219130;98,77219130;98,78100000;98,78100000;98,77600000;62000000,00000000;0,00000000;0,00000000;0,00000000;0,00000000;20251111
89;1I;38532;DE0001030708;BUNDESREPUBLIK 0% 2020/15.08.2030;EUR;LUXEMBOURG;094000;100;I;61300000,000;0,000;0,000;0,000;89,0620;89,0620;54595006,0000;54595006,00;0,000000;90,1770;90,1770;55278501,0000;55278501,00;55278501,0000;55278501,00;90,1330;1,252;0,000;1,252;9,062;24,876;6,198;0,049;6,225;0,000;0,000;0,0000;0,00;;;;DEUR;N094000;T100;;093802      BUNDESREPUBLIK 0% 2020/15.08.2030;89,06200000;89,06200000;90,17700000;90,17700000;90,13300000;61300000,00000000;0,00000000;0,00000000;0,00000000;0,00000000;20251111
89;1I;46637;DE000BU3Z005;BUNDESREPUBLIC 2,300% 2023-15/02/2033;EUR;FRANCOFORT;094000;100;I;43000000,000;0,000;0,000;0,000;100,2240;100,2240;43096320,0000;43096320,00;0,000000;99,0050;99,0050;42572150,0000;42572150,00;43301029,4500;43301029,45;98,9400;-1,216;0,000;-1,216;7,099;19,486;4,774;0,066;4,794;0,000;0,000;728879,4500;728879,45;;;;DEUR;N094000;T100;;095226      BUNDESREPUBLIC 2,300% 2023-15/02/2033;100,22400000;100,22400000;99,00500000;99,00500000;98,94000000;43000000,00000000;0,00000000;0,00000000;0,00000000;0,00000000;20251111
89;1I;48904;DE000BU35025;BUNDESOBLIGATION  2,100% 2024-12/04/2029;EUR;FRANCOFORT;094000;100;I;27500000,000;0,000;0,000;0,000;100,0930;100,0930;27525600,0000;27525600,00;0,000000;99,9760;99,9760;27493400,0000;27493400,00;27830406,8500;27830406,85;99,9580;-0,117;0,000;-0,117;4,562;12,524;3,083;0,018;3,096;0,000;0,000;337006,8500;337006,85;;;;DEUR;N094000;T100;;096917      BUNDESOBLIGATION  2,100% 2024-12/04/2029;100,09309090;100,09309090;99,97600000;99,97600000;99,95800000;27500000,00000000;0,00000000;0,00000000;0,00000000;0,00000000;20251111
89;1I;40880;DE0001030724;BUNDES  ZC 2021/15.08.2050;EUR;FRANCOFORT;094000;100;I;25000000,000;0,000;0,000;0,000;52,6170;52,6170;13154250,0000;13154250,00;0,000000;45,6930;45,6930;11423250,0000;11423250,00;11423250,0000;11423250,00;45,6080;-13,159;0,000;-13,159;1,873;5,141;1,281;0,186;1,286;0,000;0,000;0,0000;0,00;;;;DEUR;N094000;T100;;098719      BUNDES  ZC 2021/15.08.2050;52,61700000;52,61700000;45,69300000;45,69300000;45,60800000;25000000,00000000;0,00000000;0,00000000;0,00000000;0,00000000;20251111
89;1I;49805;DE000BU22064;BUNDESREPUBLIK 2,700% 2024-17/09/2026;EUR;FRANCOFORT;094000;100;I;5000000,000;0,000;0,000;0,000;100,9940;100,9940;5049700,0000;5049700,00;0,000000;100,5890;100,5890;5029450,0000;5029450,00;5049792,4700;5049792,47;100,5980;-0,401;0,000;-0,401;0,828;2,272;0,564;-0,009;0,566;0,000;0,000;20342,4700;20342,47;;;;DEUR;N094000;T100;;099436      BUNDESREPUBLIK 2,700% 2024-17/09/2026;100,99400000;100,99400000;100,58900000;100,58900000;100,59800000;5000000,00000000;0,00000000;0,00000000;0,00000000;0,00000000;20251111
89;1I;03171;DE0001135226;BUNDES 4,75% 2003/4.7.2034;EUR;FRANCOFORT;094000;100;I;3000000,000;0,000;0,000;0,000;120,3650;120,3650;3610950,0000;3610950,00;0,000000;116,9660;116,9660;3508980,0000;3508980,00;3559733,4200;3559733,42;116,8820;-2,824;0,000;-2,824;0,584;1,602;0,393;0,072;0,395;0,000;0,000;50753,4200;50753,42;;;;DEUR;N094000;T100;;099607      BUNDES 4,75% 2003/4.7.2034;120,36500000;120,36500000;116,96600000;116,96600000;116,88200000;3000000,00000000;0,00000000;0,00000000;0,00000000;0,00000000;20251111
89;1I;41448;SI0002104196;REP  OF SLOVENIA 0.125% 21-01.07.31;EUR;LUBIANA;260000;100;I;2400000,000;0,000;0,000;0,000;85,0350;85,0350;2040840,0000;2040840,00;0,000000;87,7580;87,7580;2106192,0000;2106192,00;2107285,1500;2107285,15;87,7080;3,202;0,000;3,202;0,345;100,000;0,236;0,057;0,237;0,000;0,000;1093,1500;1093,15;;;;DEUR;N260000;T100;;099764      REP  OF SLOVENIA 0.125% 21-01.07.31;85,03500000;85,03500000;87,75800000;87,75800000;87,70800000;2400000,00000000;0,00000000;0,00000000;0,00000000;0,00000000;20251111
89;1I;44551;XS2489343793;KOMMUNEKREDIT 1.5% 2022/16.05.2029;EUR;LUXEMBOURG;021000;301;I;2950000,000;0,000;0,000;0,000;96,1040;96,1040;2835068,0000;2835068,00;0,000000;97,0240;97,0240;2862208,0000;2862208,00;2883908,6800;2883908,68;97,0060;0,957;0,000;0,957;0,473;33,414;0,321;0,019;0,322;0,000;0,000;21700,6800;21700,68;;;;DEUR;N021000;T200;;099679      KOMMUNEKREDIT 1.5% 2022/16.05.2029;96,10400000;96,10400000;97,02400000;97,02400000;97,00600000;2950000,00000000;0,00000000;0,00000000;0,00000000;0,00000000;20251111
89;1I;45694;XS2563353361;ORSTED A/S  5,250% 2022-31.12.2049;EUR;LUXEMBOURG;021000;301;I;2500000,000;0,000;0,000;0,000;103,3760;103,3760;2584400,0000;2584400,00;0,000000;102,1440;102,1440;2553600,0000;2553600,00;2675141,1000;2675141,10;102,1400;-1,192;0,000;-1,192;0,439;30,995;0,286;0,004;0,288;0,000;0,000;121541,1000;121541,10;;;;DEUR;N021000;T200;;099714      ORSTED A/S  5,250% 2022-31.12.2049;103,37600000;103,37600000;102,14400000;102,14400000;102,14000000;2500000,00000000;0,00000000;0,00000000;0,00000000;0,00000000;20251111
89;1I;36584;XS2010036874;ORSTED A/S 1.75% 2019/09.12.20.3019;EUR;LUXEMBOURG;021000;301;I;1200000,000;0,000;0,000;0,000;93,8510;93,8510;1126212,0000;1126212,00;0,000000;95,7100;95,7100;1148520,0000;1148520,00;1167909,0400;1167909,04;95,6680;1,981;0,000;1,981;0,191;13,532;0,129;0,044;0,129;0,000;0,000;19389,0400;19389,04;;;;DEUR;N021000;T200;;099871      ORSTED A/S 1.75% 2019/09.12.20.3019;93,85100000;93,85100000;95,71000000;95,71000000;95,66800000;1200000,00000000;0,00000000;0,00000000;0,00000000;0,00000000;20251111
89;1I;46225;XS2591029876;ORSTED A/S 3,750% 2023-01/03/2030;EUR;LUXEMBOURG;021000;301;I;1000000,000;0,000;0,000;0,000;102,7150;102,7150;1027150,0000;1027150,00;0,000000;101,9130;101,9130;1019130,0000;1019130,00;1045328,6300;1045328,63;101,8760;-0,781;0,000;-0,781;0,171;12,112;0,114;0,036;0,115;0,000;0,000;26198,6300;26198,63;;;;DEUR;N021000;T200;;099886      ORSTED A/S 3,750% 2023-01/03/2030;102,71500000;102,71500000;101,91300000;101,91300000;101,87600000;1000000,00000000;0,00000000;0,00000000;0,00000000;0,00000000;20251111
89;1I;39984;XS2293075680;ORSTED 1.50% 2021/18.02.2051;EUR;LUXEMBOURG;021000;301;I;1000000,000;0,000;0,000;0,000;83,6250;83,6250;836250,0000;836250,00;0,000000;84,7570;84,7570;847570,0000;847570,00;858501,5100;858501,51;84,7150;1,354;0,000;1,354;0,141;9,947;0,095;0,050;0,095;0,000;0,000;10931,5100;10931,51;;;;DEUR;N021000;T200;;099905      ORSTED 1.50% 2021/18.02.2051;83,62500000;83,62500000;84,75700000;84,75700000;84,71500000;1000000,00000000;0,00000000;0,00000000;0,00000000;0,00000000;20251111
89;1I;37637;XS2171872570;NOKIA OYJ 3,125% 2020/15.05.2028;EUR;DUBLINO;028000;301;I;2500000,000;0,000;0,000;0,000;100,1730;100,1730;2504325,0000;2504325,00;0,000000;100,9160;100,9160;2522900,0000;2522900,00;2561427,4000;2561427,40;100,9080;0,742;0,000;0,742;0,420;33,201;0,283;0,008;0,284;0,000;0,000;38527,4000;38527,40;;;;DEUR;N028000;T200;;099717      NOKIA OYJ 3,125% 2020/15.05.2028;100,17300000;100,17300000;100,91600000;100,91600000;100,90800000;2500000,00000000;0,00000000;0,00000000;0,00000000;0,00000000;20251111
89;1I;34244;XS1960685383;NOKIA OVJ 2% 2019/11.03.2026;EUR;DUBLINO;028000;301;I;1978000,000;0,000;0,000;0,000;98,7330;98,7330;1952938,7400;1952938,74;0,000000;99,6220;99,6220;1970523,1600;1970523,16;1997077,1300;1997077,13;99,6380;0,900;0,000;0,900;0,327;25,886;0,221;-0,016;0,222;0,000;0,000;26553,9700;26553,97;;;;DEUR;N028000;T200;;099779      NOKIA OVJ 2% 2019/11.03.2026;98,73300000;98,73300000;99,62200000;99,62200000;99,63800000;1978000,00000000;0,00000000;0,00000000;0,00000000;0,00000000;20251111
89;1I;46138;XS2488809612;NOKIA   4,375% 2023-21/08/2031;EUR;FIPS;028000;301;I;1500000,000;0,000;0,000;0,000;104,4490;104,4490;1566735,0000;1566735,00;0,000000;104,8560;104,8560;1572840,0000;1572840,00;1587583,1500;1587583,15;104,7680;0,390;0,000;0,390;0,260;20,578;0,176;0,084;0,177;0,000;0,000;14743,1500;14743,15;;;;DEUR;N028000;T200;;099824      NOKIA   4,375% 2023-21/08/2031;104,44900000;104,44900000;104,85600000;104,85600000;104,76800000;1500000,00000000;0,00000000;0,00000000;0,00000000;0,00000000;20251111
89;1I;39333;XS2265360359;STORA ENSO 0.625% 2020/02.12.2030;EUR;LUXEMBOURG;028000;301;I;100000,000;0,000;0,000;0,000;85,2100;85,2100;85210,0000;85210,00;0,000000;89,4610;89,4610;89461,0000;89461,00;90050,0400;90050,04;89,4160;4,989;0,000;4,989;0,015;1,167;0,010;0,050;0,010;0,000;0,000;589,0400;589,04;;;;DEUR;N028000;T200;;099990      STORA ENSO 0.625% 2020/02.12.2030;85,21000000;85,21000000;89,46100000;89,46100000;89,41600000;100000,00000000;0,00000000;0,00000000;0,00000000;0,00000000;20251111
89;1I;41157;FR0014003YN1;AGENCE FRANCAISE DEV 0,01% 2021/25.11.28;EUR;PARIGI;029000;301;I;7000000,000;0,000;0,000;0,000;89,7100;89,7100;6279700,0000;6279700,00;0,000000;92,5330;92,5330;6477310,0000;6477310,00;6477983,1500;6477983,15;92,4920;3,147;0,000;3,147;1,062;8,093;0,726;0,044;0,729;0,000;0,000;673,1500;673,15;;;;DEUR;N029000;T200;;099274      AGENCE FRANCAISE DEV 0,01% 2021/25.11.28;89,71000000;89,71000000;92,53300000;92,53300000;92,49200000;7000000,00000000;0,00000000;0,00000000;0,00000000;0,00000000;20251111
89;1I;44194;FR001400A3H2;CAISSE AMORT DET 1.5% 2022/25.05.2032;EUR;PARIGI;029000;301;I;6500000,000;0,000;0,000;0,000;90,1050;90,1050;5856825,0000;5856825,00;0,000000;91,2950;91,2950;5934175,0000;5934175,00;5979585,9600;5979585,96;91,2130;1,321;0,000;1,321;0,980;7,470;0,665;0,090;0,668;0,000;0,000;45410,9600;45410,96;;;;DEUR;N029000;T200;;099335      CAISSE AMORT DET 1.5% 2022/25.05.2032;90,10500000;90,10500000;91,29500000;91,29500000;91,21300000;6500000,00000000;0,00000000;0,00000000;0,00000000;0,00000000;20251111
89;1I;42158;FR0014005NA6;AFD 0.125% 2021/29.09.2031;EUR;PARIGI;029000;301;I;5000000,000;0,000;0,000;0,000;81,8530;81,8530;4092650,0000;4092650,00;0,000000;83,9720;83,9720;4198600,0000;4198600,00;4199336,3000;4199336,30;83,8970;2,589;0,000;2,589;0,688;5,246;0,471;0,089;0,473;0,000;0,000;736,3000;736,30;;;;DEUR;N029000;T200;;099529      AFD 0.125% 2021/29.09.2031;81,85300000;81,85300000;83,97200000;83,97200000;83,89700000;5000000,00000000;0,00000000;0,00000000;0,00000000;0,00000000;20251111
89;1I;41183;FR0014004016;CADES 0% 2021 25/11/206;EUR;LUXEMBOURG;029000;301;I;3800000,000;0,000;0,000;0,000;95,6160;95,6160;3633408,0000;3633408,00;0,000000;97,8130;97,8130;3716894,0000;3716894,00;3716894,0000;3716894,00;97,8150;2,298;0,000;2,298;0,609;4,644;0,417;-0,002;0,419;0,000;0,000;0,0000;0,00;;;;DEUR;N029000;T200;;099583      CADES 0% 2021 25/11/206;95,61600000;95,61600000;97,81300000;97,81300000;97,81500000;3800000,00000000;0,00000000;0,00000000;0,00000000;0,00000000;20251111
89;1I;40332;XS2312733871;FORVIA EX FAURECIA 2,375% 21-15.06.2029;EUR;DUBLINO;029000;301;I;2600000,000;0,000;0,000;0,000;89,5330;89,5330;2327858,0000;2327858,00;0,000000;96,4730;96,4730;2508298,0000;2508298,00;2533341,0600;2533341,06;96,3410;7,751;0,000;7,751;0,415;3,165;0,281;0,137;0,282;0,000;0,000;25043,0600;25043,06;;;;DEUR;N029000;T200;;099719      FORVIA EX FAURECIA 2,375% 21-15.06.2029;89,53300000;89,53300000;96,47300000;96,47300000;96,34100000;2600000,00000000;0,00000000;0,00000000;0,00000000;0,00000000;20251111
89;1I;40673;FR00140033E4;CAISSE FRANCAISE DE FIN0,01% 21/27.04.29;EUR;PARIGI;029000;301;I;2000000,000;0,000;0,000;0,000;88,7960;88,7960;1775920,0000;1775920,00;0,000000;91,5770;91,5770;1831540,0000;1831540,00;1831648,4900;1831648,49;91,5310;3,132;0,000;3,132;0,300;2,288;0,205;0,050;0,206;0,000;0,000;108,4900;108,49;;;;DEUR;N029000;T200;;099795      CAISSE FRANCAISE DE FIN0,01% 21/27.04.29;88,79600000;88,79600000;91,57700000;91,57700000;91,53100000;2000000,00000000;0,00000000;0,00000000;0,00000000;0,00000000;20251111
89;1I;43209;FR0014007RB1;CAISSE AMORT DETTE  0,45% 2022/19.01.203;EUR;PARIGI;029000;301;I;2000000,000;0,000;0,000;0,000;84,2030;84,2030;1684060,0000;1684060,00;0,000000;86,2280;86,2280;1724560,0000;1724560,00;1731858,6300;1731858,63;86,1540;2,405;0,000;2,405;0,284;2,164;0,193;0,086;0,194;0,000;0,000;7298,6300;7298,63;;;;DEUR;N029000;T200;;099807      CAISSE AMORT DETTE  0,45% 2022/19.01.203;84,20300000;84,20300000;86,22800000;86,22800000;86,15400000;2000000,00000000;0,00000000;0,00000000;0,00000000;0,00000000;20251111
89;1I;37625;FR0013512233;KLEPIERRE 2% 2020/12.05.2029;EUR;PARIGI;029000;301;I;1000000,000;0,000;0,000;0,000;96,4790;96,4790;964790,0000;964790,00;0,000000;97,0910;97,0910;970910,0000;970910,00;980937,4000;980937,40;97,0410;0,634;0,000;0,634;0,161;1,226;0,109;0,052;0,109;0,000;0,000;10027,4000;10027,40;;;;DEUR;N029000;T200;;099891      KLEPIERRE 2% 2020/12.05.2029;96,47900000;96,47900000;97,09100000;97,09100000;97,04100000;1000000,00000000;0,00000000;0,00000000;0,00000000;0,00000000;20251111
89;1I;44193;FR00140060E7;FONCIERE LYONNAISE 0.5% 2021/21.04.2028;EUR;PARIGI;029000;301;I;800000,000;0,000;0,000;0,000;93,3190;93,3190;746552,0000;746552,00;0,000000;95,1500;95,1500;761200,0000;761200,00;763435,6200;763435,62;95,1170;1,962;0,000;1,962;0,125;0,954;0,085;0,035;0,086;0,000;0,000;2235,6200;2235,62;;;;DEUR;N029000;T200;;099915      FONCIERE LYONNAISE 0.5% 2021/21.04.2028;93,31900000;93,31900000;95,15000000;95,15000000;95,11700000;800000,00000000;0,00000000;0,00000000;0,00000000;0,00000000;20251111
89;1I;19194;XS1115498260;ORANGE SA 5% 2014/29.10.2049;EUR;PARIGI;029000;301;I;338000,000;0,000;0,000;0,000;102,4920;102,4920;346422,9600;346422,96;0,000000;101,6450;101,6450;343560,1000;343560,10;345458,4600;345458,46;101,6700;-0,826;0,000;-0,826;0,057;0,432;0,039;-0,025;0,039;0,000;0,000;1898,3600;1898,36;;;;DEUR;N029000;T200;;099961      ORANGE SA 5% 2014/29.10.2049;102,49200000;102,49200000;101,64500000;101,64500000;101,67000000;338000,00000000;0,00000000;0,00000000;0,00000000;0,00000000;20251111
89;1I;38143;XS2195190520;SSE PLC 3,125% 2020/31.12.2049;EUR;LONDRAEST;031000;301;I;2500000,000;0,000;0,000;0,000;98,4100;98,4100;2460250,0000;2460250,00;0,000000;99,8380;99,8380;2495950,0000;2495950,00;2521634,9300;2521634,93;99,8110;1,451;0,000;1,451;0,413;61,880;0,280;0,027;0,281;0,000;0,000;25684,9300;25684,93;;;;DEUR;N031000;T200;;099720      SSE PLC 3,125% 2020/31.12.2049;98,41000000;98,41000000;99,83800000;99,83800000;99,81100000;2500000,00000000;0,00000000;0,00000000;0,00000000;0,00000000;20251111
89;1I;48462;XS2794589403;BRITISH TELECOM TV (5,125) 03.10.2054;EUR;LONDRAEST;031000;301;I;1000000,000;0,000;0,000;0,000;103,3970;103,3970;1033970,0000;1033970,00;0,000000;104,2420;104,2420;1042420,0000;1042420,00;1047896,0300;1047896,03;104,2280;0,817;0,000;0,817;0,172;25,715;0,117;0,013;0,117;0,000;0,000;5476,0300;5476,03;;;;DEUR;N031000;T200;;099883      BRITISH TELECOM TV (5,125) 03.10.2054;103,39700000;103,39700000;104,24200000;104,24200000;104,22800000;1000000,00000000;0,00000000;0,00000000;0,00000000;0,00000000;20251111
89;1I;44959;XS2510903862;SSE PLC 2.875% 01.08.2029;EUR;LONDRAEST;031000;301;I;500000,000;0,000;0,000;0,000;99,7420;99,7420;498710,0000;498710,00;0,000000;100,2990;100,2990;501495,0000;501495,00;505512,1200;505512,12;100,2780;0,558;0,000;0,558;0,083;12,405;0,056;0,021;0,056;0,000;0,000;4017,1200;4017,12;;;;DEUR;N031000;T200;;099944      SSE PLC 2.875% 01.08.2029;99,74200000;99,74200000;100,29900000;100,29900000;100,27800000;500000,00000000;0,00000000;0,00000000;0,00000000;0,00000000;20251111
89;1I;45197;XS2486270858;KONINKLIJKE KPN 6 2022/31.12.2049;EUR;DUBLINO;050000;301;I;5200000,000;0,000;0,000;0,000;106,1250;106,1250;5518500,0000;5518500,00;0,000000;105,2780;105,2780;5474456,0000;5474456,00;5752264,2200;5752264,22;105,2520;-0,798;0,000;-0,798;0,943;14,414;0,614;0,025;0,617;0,000;0,000;277808,2200;277808,22;;;;DEUR;N050000;T200;;099386      KONINKLIJKE KPN 6 2022/31.12.2049;106,12500000;106,12500000;105,27800000;105,27800000;105,25200000;5200000,00000000;0,00000000;0,00000000;0,00000000;0,00000000;20251111
89;1I;36892;XS2109819859;TELEFONICA TV 05.02.2027;EUR;DUBLINO;050000;301;I;4500000,000;0,000;0,000;0,000;97,3330;97,3330;4379985,0000;4379985,00;0,000000;98,4490;98,4490;4430205,0000;4430205,00;4488813,4900;4488813,49;98,4220;1,147;0,000;1,147;0,736;11,248;0,497;0,027;0,499;0,000;0,000;58608,4900;58608,49;;;;DEUR;N050000;T200;;099503      TELEFONICA TV 05.02.2027;97,33300000;97,33300000;98,44900000;98,44900000;98,42200000;4500000,00000000;0,00000000;0,00000000;0,00000000;0,00000000;20251111
89;1I;48326;XS2755535577;TELEFONICA EUR TV (5,752%) 24-31/12/2049;EUR;DUBLINO;050000;301;I;3000000,000;0,000;0,000;0,000;106,9210;106,9210;3207630,0000;3207630,00;0,000000;105,9460;105,9460;3178380,0000;3178380,00;3277664,5500;3277664,55;105,8960;-0,912;0,000;-0,912;0,537;8,213;0,356;0,047;0,358;0,000;0,000;99284,5500;99284,55;;;;DEUR;N050000;T200;;099644      TELEFONICA EUR TV (5,752%) 24-31/12/2049;106,92100000;106,92100000;105,94600000;105,94600000;105,89600000;3000000,00000000;0,00000000;0,00000000;0,00000000;0,00000000;20251111
89;1I;45616;XS2462605671;TELEFONICA EM TV 2022/31.12.2049;EUR;LONDRAEST;050000;301;I;2000000,000;0,000;0,000;0,000;109,8700;109,8700;2197400,0000;2197400,00;0,000000;109,2620;109,2620;2185240,0000;2185240,00;2323055,0700;2323055,07;109,2340;-0,553;0,000;-0,553;0,381;5,821;0,245;0,026;0,246;0,000;0,000;137815,0700;137815,07;;;;DEUR;N050000;T200;;099755      TELEFONICA EM TV 2022/31.12.2049;109,87000000;109,87000000;109,26200000;109,26200000;109,23400000;2000000,00000000;0,00000000;0,00000000;0,00000000;0,00000000;20251111
89;1I;46032;XS2582389156;TELEFONICA EUR BV TV 23-31.12.49;EUR;DUBLINO;050000;301;I;2000000,000;0,000;0,000;0,000;107,8640;107,8640;2157280,0000;2157280,00;0,000000;106,8580;106,8580;2137160,0000;2137160,00;2201703,5600;2201703,56;106,8400;-0,933;0,000;-0,933;0,361;5,517;0,240;0,017;0,241;0,000;0,000;64543,5600;64543,56;;;;DEUR;N050000;T200;;099760      TELEFONICA EUR BV TV 23-31.12.49;107,86400000;107,86400000;106,85800000;106,85800000;106,84000000;2000000,00000000;0,00000000;0,00000000;0,00000000;0,00000000;20251111
89;1I;45980;PTEDP4OM0025;ENERGIAS DE PORT  2023-23/04/2083;EUR;DUBLINO;055000;301;I;7500000,000;0,000;0,000;0,000;105,0310;105,0310;7877325,0000;7877325,00;0,000000;105,6610;105,6610;7924575,0000;7924575,00;8171250,2100;8171250,21;105,6400;0,600;0,000;0,600;1,340;47,851;0,889;0,020;0,892;0,000;0,000;246675,2100;246675,21;;;;DEUR;N055000;T200;;099111      ENERGIAS DE PORT  2023-23/04/2083;105,03100000;105,03100000;105,66100000;105,66100000;105,64000000;7500000,00000000;0,00000000;0,00000000;0,00000000;0,00000000;20251111
89;1I;41944;PTEDPXOM0021;ENERGIAS DE PORTUGAL SA 20218/14.03.2082;EUR;DUBLINO;055000;301;I;5500000,000;0,000;0,000;0,000;95,3850;95,3850;5246175,0000;5246175,00;0,000000;97,8300;97,8300;5380650,0000;5380650,00;5435348,6300;5435348,63;97,8240;2,563;0,000;2,563;0,891;31,829;0,603;0,006;0,606;0,000;0,000;54698,6300;54698,63;;;;DEUR;N055000;T200;;099397      ENERGIAS DE PORTUGAL SA 20218/14.03.2082;95,38500000;95,38500000;97,83000000;97,83000000;97,82400000;5500000,00000000;0,00000000;0,00000000;0,00000000;0,00000000;20251111
89;1I;49005;PTEDPZOM0011;ENERGIAS DE PORT (4,750%) TV 29/05/2054;EUR;DUBLINO;055000;301;I;1200000,000;0,000;0,000;0,000;102,2090;102,2090;1226508,0000;1226508,00;0,000000;103,6800;103,6800;1244160,0000;1244160,00;1270083,2900;1270083,29;103,6390;1,439;0,000;1,439;0,208;7,438;0,140;0,040;0,140;0,000;0,000;25923,2900;25923,29;;;;DEUR;N055000;T200;;099860      ENERGIAS DE PORT (4,750%) TV 29/05/2054;102,20900000;102,20900000;103,68000000;103,68000000;103,63900000;1200000,00000000;0,00000000;0,00000000;0,00000000;0,00000000;20251111
89;1I;39819;PTEDPROM0029;ENERGIAS DE PORT 1.875% 2021/02.08.2081;EUR;DUBLINO;055000;301;I;1100000,000;0,000;0,000;0,000;97,4210;97,4210;1071631,0000;1071631,00;0,000000;99,1170;99,1170;1090287,0000;1090287,00;1095994,1900;1095994,19;99,1200;1,741;0,000;1,741;0,180;6,418;0,122;-0,003;0,123;0,000;0,000;5707,1900;5707,19;;;;DEUR;N055000;T200;;099878      ENERGIAS DE PORT 1.875% 2021/02.08.2081;97,42100000;97,42100000;99,11700000;99,11700000;99,12000000;1100000,00000000;0,00000000;0,00000000;0,00000000;0,00000000;20251111
89;1I;30714;XS1725677543;INMOBILIARIA COL SO 1,625% 2017/28.11.25;EUR;DUBLINO;067000;301;I;1500000,000;0,000;0,000;0,000;98,9310;98,9310;1483965,0000;1483965,00;0,000000;99,8640;99,8640;1497960,0000;1497960,00;1521199,7300;1521199,73;99,8440;0,943;0,000;0,943;0,249;3,524;0,168;0,020;0,169;0,000;0,000;23239,7300;23239,73;;;;DEUR;N067000;T200;;099832      INMOBILIARIA COL SO 1,625% 2017/28.11.25;98,93100000;98,93100000;99,86400000;99,86400000;99,84400000;1500000,00000000;0,00000000;0,00000000;0,00000000;0,00000000;20251111
89;1I;43961;XS2443749648;TELIA CO AB 2,75 % 2022/30.06.2083;EUR;STOCCOLMA;068000;301;I;1200000,000;0,000;0,000;0,000;96,5120;96,5120;1158144,0000;1158144,00;0,000000;99,7650;99,7650;1197180,0000;1197180,00;1209295,0700;1209295,07;99,7480;3,371;0,000;3,371;0,198;100,000;0,134;0,017;0,135;0,000;0,000;12115,0700;12115,07;;;;DEUR;N068000;T200;;099866      TELIA CO AB 2,75 % 2022/30.06.2083;96,51200000;96,51200000;99,76500000;99,76500000;99,74800000;1200000,00000000;0,00000000;0,00000000;0,00000000;0,00000000;20251111
89;1I;48521;XS2798269069;TERNA - RETE ELET TV 11-04-24/31/12/2049;EUR;LUXEMBOURG;086000;301;I;3800000,000;0,000;0,000;0,000;102,9960;102,9960;3913848,0000;3913848,00;0,000000;103,5140;103,5140;3933532,0000;3933532,00;4039359,4000;4039359,40;103,4320;0,503;0,000;0,503;0,662;2,874;0,441;0,079;0,443;0,000;0,000;105827,4000;105827,40;;;;DEUR;N086000;T200;;099559      TERNA - RETE ELET TV 11-04-24/31/12/2049;102,99600000;102,99600000;103,51400000;103,51400000;103,43200000;3800000,00000000;0,00000000;0,00000000;0,00000000;0,00000000;20251111
89;1I;49606;XS2853679053;ERG SPA 4,125% 2024-03/07/2030;EUR;LUXEMBOURG;086000;301;I;2000000,000;0,000;0,000;0,000;102,9310;102,9310;2058620,0000;2058620,00;0,000000;104,3690;104,3690;2087380,0000;2087380,00;2116989,5900;2116989,59;104,3310;1,397;0,000;1,397;0,347;1,506;0,234;0,036;0,235;0,000;0,000;29609,5900;29609,59;;;;DEUR;N086000;T200;;099766      ERG SPA 4,125% 2024-03/07/2030;102,93100000;102,93100000;104,36900000;104,36900000;104,33100000;2000000,00000000;0,00000000;0,00000000;0,00000000;0,00000000;20251111
89;1I;41977;XS2386650274;ERG SPA 0.875% 2021/15.09.2031;EUR;LUXEMBOURG;086000;301;I;2000000,000;0,000;0,000;0,000;84,3420;84,3420;1686840,0000;1686840,00;0,000000;87,9110;87,9110;1758220,0000;1758220,00;1760952,8800;1760952,88;87,8580;4,232;0,000;4,232;0,289;1,253;0,197;0,060;0,198;0,000;0,000;2732,8800;2732,88;;;;DEUR;N086000;T200;;099803      ERG SPA 0.875% 2021/15.09.2031;84,34200000;84,34200000;87,91100000;87,91100000;87,85800000;2000000,00000000;0,00000000;0,00000000;0,00000000;0,00000000;20251111
89;1I;38550;XS2229434852;ERG SPA 0,5% 2020/11.09.2027;EUR;LUXEMBOURG;086000;301;I;1200000,000;0,000;0,000;0,000;93,7390;93,7390;1124868,0000;1124868,00;0,000000;96,3110;96,3110;1155732,0000;1155732,00;1156734,7400;1156734,74;96,2630;2,744;0,000;2,744;0,190;0,823;0,130;0,050;0,130;0,000;0,000;1002,7400;1002,74;;;;DEUR;N086000;T200;;099870      ERG SPA 0,5% 2020/11.09.2027;93,73900000;93,73900000;96,31100000;96,31100000;96,26300000;1200000,00000000;0,00000000;0,00000000;0,00000000;0,00000000;20251111
89;1I;60711;XS2948434266;PRYSMIAN SPA 3,875% 2024-28/11/2031;EUR;LUXEMBOURG;086000;301;I;1000000,000;0,000;0,000;0,000;101,0770;101,0770;1010770,0000;1010770,00;0,000000;102,8710;102,8710;1028710,0000;1028710,00;1065655,2100;1065655,21;102,8430;1,775;0,000;1,775;0,175;0,758;0,115;0,027;0,116;0,000;0,000;36945,2100;36945,21;;;;DEUR;N086000;T200;;099885      PRYSMIAN SPA 3,875% 2024-28/11/2031;101,07700000;101,07700000;102,87100000;102,87100000;102,84300000;1000000,00000000;0,00000000;0,00000000;0,00000000;0,00000000;20251111
89;1I;46047;XS2583205906;A2A SPA 4,375% 2023-03/02/2034;EUR;LUXEMBOURG;086000;301;I;500000,000;0,000;0,000;0,000;105,7230;105,7230;528615,0000;528615,00;0,000000;105,8090;105,8090;529045,0000;529045,00;545885,7500;545885,75;105,7320;0,081;0,000;0,081;0,089;0,388;0,059;0,073;0,060;0,000;0,000;16840,7500;16840,75;;;;DEUR;N086000;T200;;099941      A2A SPA 4,375% 2023-03/02/2034;105,72300000;105,72300000;105,80900000;105,80900000;105,73200000;500000,00000000;0,00000000;0,00000000;0,00000000;0,00000000;20251111
89;1I;38139;XS2197348597;TAKEDA PHARMA 1% 2020/09.07.2029;EUR;NEW YORK;088000;301;I;2000000,000;0,000;0,000;0,000;91,9600;91,9600;1839200,0000;1839200,00;0,000000;93,4170;93,4170;1868340,0000;1868340,00;1875189,3200;1875189,32;93,3740;1,584;0,000;1,584;0,307;100,000;0,209;0,046;0,210;0,000;0,000;6849,3200;6849,32;;;;DEUR;N088000;T200;;099791      TAKEDA PHARMA 1% 2020/09.07.2029;91,96000000;91,96000000;93,41700000;93,41700000;93,37400000;2000000,00000000;0,00000000;0,00000000;0,00000000;0,00000000;20251111
89;1I;41454;XS2359292955;LANDWIRTSCH 0% 21-30.06.22;EUR;LUXEMBOURG;094000;301;I;5000000,000;0,000;0,000;0,000;84,6800;84,6800;4234000,0000;4234000,00;0,000000;86,5580;86,5580;4327900,0000;4327900,00;4327900,0000;4327900,00;86,5120;2,218;0,000;2,218;0,709;1,948;0,485;0,053;0,487;0,000;0,000;0,0000;0,00;;;;DEUR;N094000;T200;;099515      LANDWIRTSCH 0% 21-30.06.22;84,68000000;84,68000000;86,55800000;86,55800000;86,51200000;5000000,00000000;0,00000000;0,00000000;0,00000000;0,00000000;20251111
89;1I;36023;XS2056730679;INFINEON TEC 3.625% 2019-31/12/2049;EUR;DUBLINO;094000;301;I;2500000,000;0,000;0,000;0,000;99,1040;99,1040;2477600,0000;2477600,00;0,000000;100,6060;100,6060;2515150,0000;2515150,00;2570766,4400;2570766,44;100,5770;1,516;0,000;1,516;0,421;1,157;0,282;0,029;0,283;0,000;0,000;55616,4400;55616,44;;;;DEUR;N094000;T200;;099718      INFINEON TEC 3.625% 2019-31/12/2049;99,10400000;99,10400000;100,60600000;100,60600000;100,57700000;2500000,00000000;0,00000000;0,00000000;0,00000000;0,00000000;20251111
89;1I;48399;XS2610236528;COUNCIL OF EUROPE 2.875% 2024/13.04.2030;EUR;FRANCOFORT;974000;301;I;3000000,000;0,000;0,000;0,000;101,7660;101,7660;3052980,0000;3052980,00;0,000000;101,3950;101,3950;3041850,0000;3041850,00;3091945,8900;3091945,89;101,3710;-0,365;0,000;-0,365;0,507;100,000;0,341;0,024;0,343;0,000;0,000;50095,8900;50095,89;;;;DEUR;N974000;T200;;099659      COUNCIL OF EUROPE 2.875% 2024/13.04.2030;101,76600000;101,76600000;101,39500000;101,39500000;101,37100000;3000000,00000000;0,00000000;0,00000000;0,00000000;0,00000000;20251111
89;1I;06036;AT0000937503;VOEST ALPINE AG;EUR;VIENNA;008000;201;I;45215,000;0,000;0,000;0,000;20,4806;20,4806;926031,9900;926031,99;0,000000;32,1800;32,1800;1455018,7000;1455018,70;1455018,7000;1455018,70;32,3200;57,124;0,000;57,124;0,239;10,497;0,163;-0,433;0,164;0,000;0,000;0,0000;0,00;;;;DEUR;N008000;T300;;099837      VOEST ALPINE AG;20,48063673;20,48063673;32,18000000;32,18000000;32,32000000;45215,00000000;0,00000000;0,00000000;0,00000000;0,00000000;20251111
89;1I;27230;BE0974293251;ANHEUSER-BUSCH INBEV;EUR;BRUXELLES;009000;201;I;25234,000;0,000;0,000;0,000;50,7984;50,7984;1281849,0800;1281849,08;0,000000;55,8400;55,8400;1409066,5600;1409066,56;1409066,5600;1409066,56;54,5200;9,925;0,000;9,925;0,231;23,183;0,158;2,421;0,159;0,000;0,000;0,0000;0,00;;;;DEUR;N009000;T300;;099842      ANHEUSER-BUSCH INBEV;50,79848934;50,79848934;55,84000000;55,84000000;54,52000000;25234,00000000;0,00000000;0,00000000;0,00000000;0,00000000;20251111
89;1I;08457;FI0009000681;NOKIA OYJ;EUR;HELSINKI;028000;201;I;250132,000;0,000;0,000;0,000;4,8486;4,8486;1212808,3900;1212808,39;0,000000;5,9120;5,9120;1478780,3800;1478780,38;1478780,3800;1478780,38;5,8560;21,930;0,000;21,930;0,242;19,168;0,166;0,956;0,167;0,000;0,000;0,0000;0,00;;;;DEUR;N028000;T300;;099834      NOKIA OYJ;4,84867346;4,84867346;5,91200000;5,91200000;5,85600000;250132,00000000;0,00000000;0,00000000;0,00000000;0,00000000;20251111
89;1I;08436;FR0000120321;L'OREAL;EUR;PARIGI;029000;201;I;5323,000;0,000;0,000;0,000;396,0149;396,0149;2107987,7800;2107987,78;0,000000;356,7000;356,7000;1898714,1000;1898714,10;1898714,1000;1898714,10;353,9500;-9,928;0,000;-9,928;0,311;2,372;0,213;0,777;0,214;0,000;0,000;0,0000;0,00;;;;DEUR;N029000;T300;;099787      L'OREAL;396,01498778;396,01498778;356,70000000;356,70000000;353,95000000;5323,00000000;0,00000000;0,00000000;0,00000000;0,00000000;20251111
89;1I;33385;FR0013154002;SARTORIUS STEDIM BIOTECH;EUR;PARIGI;029000;201;I;9469,000;0,000;0,000;0,000;180,3574;180,3574;1707804,5000;1707804,50;0,000000;192,6000;192,6000;1823729,4000;1823729,40;1823729,4000;1823729,40;187,2000;6,788;0,000;6,788;0,299;2,278;0,204;2,885;0,205;0,000;0,000;0,0000;0,00;;;;DEUR;N029000;T300;;099796      SARTORIUS STEDIM BIOTECH;180,35742950;180,35742950;192,60000000;192,60000000;187,20000000;9469,00000000;0,00000000;0,00000000;0,00000000;0,00000000;20251111
89;1I;01606;FR0000121667;ESSILOR LUXOTTICA;EUR;PARIGI;029000;201;I;4164,000;0,000;0,000;0,000;257,2724;257,2724;1071282,5200;1071282,52;0,000000;315,4000;315,4000;1313325,6000;1313325,60;1313325,6000;1313325,60;311,8000;22,594;0,000;22,594;0,215;1,641;0,147;1,155;0,148;0,000;0,000;0,0000;0,00;;;;DEUR;N029000;T300;;099853      ESSILOR LUXOTTICA;257,27245917;257,27245917;315,40000000;315,40000000;311,80000000;4164,00000000;0,00000000;0,00000000;0,00000000;0,00000000;20251111
89;1I;14112;FR0010451203;REXEL SA;EUR;PARIGI;029000;201;I;27746,000;0,000;0,000;0,000;25,5305;25,5305;708371,9100;708371,91;0,000000;29,9700;29,9700;831547,6200;831547,62;831547,6200;831547,62;29,5600;17,389;0,000;17,389;0,136;1,039;0,093;1,387;0,094;0,000;0,000;0,0000;0,00;;;;DEUR;N029000;T300;;099907      REXEL SA;25,53059576;25,53059576;29,97000000;29,97000000;29,56000000;27746,00000000;0,00000000;0,00000000;0,00000000;0,00000000;20251111
89;1I;06469;FR0010307819;LEGRAND PROMESSES;EUR;PARIGI;029000;201;I;6031,000;0,000;0,000;0,000;131,5280;131,5280;793245,7200;793245,72;0,000000;131,4000;131,4000;792473,4000;792473,40;792473,4000;792473,40;131,0000;-0,097;0,000;-0,097;0,130;0,990;0,089;0,305;0,089;0,000;0,000;0,0000;0,00;;;;DEUR;N029000;T300;;099911      LEGRAND PROMESSES;131,52805836;131,52805836;131,40000000;131,40000000;131,00000000;6031,00000000;0,00000000;0,00000000;0,00000000;0,00000000;20251111
89;1I;14500;NL0010273215;ASML HLDG NV NEW;EUR;AMSTERDAM;050000;201;I;3623,000;0,000;0,000;0,000;722,3000;722,3000;2616893,0700;2616893,07;0,000000;886,9000;886,9000;3213238,7000;3213238,70;3213238,7000;3213238,70;886,7000;22,788;0,000;22,788;0,527;8,052;0,360;0,023;0,362;0,000;0,000;0,0000;0,00;;;;DEUR;N050000;T300;;099640      ASML HLDG NV NEW;722,30004692;722,30004692;886,90000000;886,90000000;886,70000000;3623,00000000;0,00000000;0,00000000;0,00000000;0,00000000;20251111
89;1I;35896;NL0013654783;PROSUS;EUR;AMSTERDAM;050000;201;I;35521,000;0,000;0,000;0,000;42,3784;42,3784;1505325,6700;1505325,67;0,000000;61,4800;61,4800;2183831,0800;2183831,08;2183831,0800;2183831,08;61,7000;45,074;0,000;45,074;0,358;5,472;0,245;-0,357;0,246;0,000;0,000;0,0000;0,00;;;;DEUR;N050000;T300;;099755      PROSUS;42,37847104;42,37847104;61,48000000;61,48000000;61,70000000;35521,00000000;0,00000000;0,00000000;0,00000000;0,00000000;20251111
89;1I;27009;NL0010801007;IMCD GROUP NV;EUR;AMSTERDAM;050000;201;I;21016,000;0,000;0,000;0,000;128,1048;128,1048;2692251,2300;2692251,23;0,000000;83,4800;83,4800;1754415,6800;1754415,68;1754415,6800;1754415,68;82,3800;-34,835;0,000;-34,835;0,288;4,396;0,197;1,335;0,198;0,000;0,000;0,0000;0,00;;;;DEUR;N050000;T300;;099803      IMCD GROUP NV;128,10483583;128,10483583;83,48000000;83,48000000;82,38000000;21016,00000000;0,00000000;0,00000000;0,00000000;0,00000000;20251111
89;1I;01895;NL0000226223;STMICROELECTRONICS - MILANO;EUR;MILANO;050000;201;I;76432,000;0,000;0,000;0,000;24,6291;24,6291;1882451,3900;1882451,39;0,000000;20,6400;20,6400;1577556,4800;1577556,48;1577556,4800;1577556,48;20,3850;-16,197;0,000;-16,197;0,259;3,953;0,177;1,251;0,178;0,000;0,000;0,0000;0,00;;;;DEUR;N050000;T300;;099823      STMICROELECTRONICS - MILANO;24,62910024;24,62910024;20,64000000;20,64000000;20,38500000;76432,00000000;0,00000000;0,00000000;0,00000000;0,00000000;20251111
89;1I;48620;NL0015001KT6;BREMBO N.V.;EUR;MILANO;050000;201;I;114832,000;0,000;0,000;0,000;9,0930;9,0930;1044167,3800;1044167,38;0,000000;9,8800;9,8800;1134540,1600;1134540,16;1134540,1600;1134540,16;9,8600;8,655;0,000;8,655;0,186;2,843;0,127;0,203;0,128;0,000;0,000;0,0000;0,00;;;;DEUR;N050000;T300;;099873      BREMBO N.V.;9,09300003;9,09300003;9,88000000;9,88000000;9,86000000;114832,00000000;0,00000000;0,00000000;0,00000000;0,00000000;20251111
89;1I;38577;NL0012866412;BE SEMICONDUCTOR INDS-ORD SHS;EUR;AMSTERDAM;050000;201;I;3186,000;0,000;0,000;0,000;144,4691;144,4691;460278,6800;460278,68;0,000000;137,8000;137,8000;439030,8000;439030,80;439030,8000;439030,80;136,4500;-4,616;0,000;-4,616;0,072;1,100;0,049;0,989;0,049;0,000;0,000;0,0000;0,00;;;;DEUR;N050000;T300;;099951      BE SEMICONDUCTOR INDS-ORD SHS;144,46913998;144,46913998;137,80000000;137,80000000;136,45000000;3186,00000000;0,00000000;0,00000000;0,00000000;0,00000000;20251111
89;1I;40120;NL0010583399;CORBION-ORD SHS;EUR;AMSTERDAM;050000;201;I;11898,000;0,000;0,000;0,000;21,3403;21,3403;253907,2700;253907,27;0,000000;18,1200;18,1200;215591,7600;215591,76;215591,7600;215591,76;17,8800;-15,090;0,000;-15,090;0,035;0,540;0,024;1,342;0,024;0,000;0,000;0,0000;0,00;;;;DEUR;N050000;T300;;099976      CORBION-ORD SHS;21,34033198;21,34033198;18,12000000;18,12000000;17,88000000;11898,00000000;0,00000000;0,00000000;0,00000000;0,00000000;20251111
89;1I;02400;PTEDP0AM0009;ENERGIAS DE PORTUGAL SA;EUR;LISBONA;055000;201;I;36887,000;0,000;0,000;0,000;3,0892;3,0892;113951,8100;113951,81;0,000000;3,7210;3,7210;137256,5300;137256,53;137256,5300;137256,53;3,9670;20,451;0,000;20,451;0,023;0,804;0,015;-6,201;0,015;0,000;0,000;0,0000;0,00;;;;DEUR;N055000;T300;;099985      ENERGIAS DE PORTUGAL SA;3,08921327;3,08921327;3,72100000;3,72100000;3,96700000;36887,00000000;0,00000000;0,00000000;0,00000000;0,00000000;20251111
89;1I;23311;ES0105025003;MERLIN PROPERTIES SOCIMI SA;EUR;MADRID;067000;201;I;33967,000;0,000;0,000;0,000;10,0925;10,0925;342812,3900;342812,39;0,000000;13,3200;13,3200;452440,4400;452440,44;452440,4400;452440,44;13,2300;31,979;0,000;31,979;0,074;1,048;0,051;0,680;0,051;0,000;0,000;0,0000;0,00;;;;DEUR;N067000;T300;;099949      MERLIN PROPERTIES SOCIMI SA;10,09251302;10,09251302;13,32000000;13,32000000;13,23000000;33967,00000000;0,00000000;0,00000000;0,00000000;0,00000000;20251111
89;1I;36841;LU2052491334;MULTILABEL ETICA ESG GLOBAL EQUITY;EUR;LUXEMBOURG;092000;223;I;37106,669;0,000;0,000;0,000;140,2299;140,2299;5203468,1900;5203468,19;0,000000;143,6900;143,6900;5331857,2700;5331857,27;5331857,2700;5331857,27;142,0100;2,467;0,000;2,467;0,874;39,114;0,598;1,183;0,600;0,000;0,000;0,0000;0,00;;;;DEUR;N092000;T300;;099402      MULTILABEL ETICA ESG GLOBAL EQUITY;140,22999989;140,22999989;143,69000000;143,69000000;142,01000000;37106,66900000;0,00000000;0,00000000;0,00000000;0,00000000;20251111
89;1I;36843;LU2052490872;MULTILABEL ETICA ESG DYNAMIC ALLOCATION;EUR;LUXEMBOURG;092000;223;I;36953,094;0,000;0,000;0,000;121,7399;121,7399;4498669,6600;4498669,66;0,000000;124,4600;124,4600;4599182,0800;4599182,08;4599182,0800;4599182,08;123,4500;2,234;0,000;2,234;0,754;33,739;0,516;0,818;0,518;0,000;0,000;0,0000;0,00;;;;DEUR;N092000;T300;;099484      MULTILABEL ETICA ESG DYNAMIC ALLOCATION;121,73999990;121,73999990;124,46000000;124,46000000;123,45000000;36953,09400000;0,00000000;0,00000000;0,00000000;0,00000000;20251111
89;1I;36842;LU2052490286;MULTILABEL ETICA ESG CONSERVATIVE ALLOC;EUR;LUXEMBOURG;092000;223;I;37206,072;0,000;0,000;0,000;98,1699;98,1699;3652520,0800;3652520,08;0,000000;99,4600;99,4600;3700515,9200;3700515,92;3700515,9200;3700515,92;99,2500;1,314;0,000;1,314;0,607;27,147;0,415;0,212;0,417;0,000;0,000;0,0000;0,00;;;;DEUR;N092000;T300;;099585      MULTILABEL ETICA ESG CONSERVATIVE ALLOC;98,16999977;98,16999977;99,46000000;99,46000000;99,25000000;37206,07200000;0,00000000;0,00000000;0,00000000;0,00000000;20251111
89;1I;33682;DE000KBX1006;KNORR-BREMSE AG;EUR;NEUERMKT;094000;201;I;21682,000;0,000;0,000;0,000;83,0198;83,0198;1800037,3900;1800037,39;0,000000;84,1000;84,1000;1823456,2000;1823456,20;1823456,2000;1823456,20;81,2000;1,301;0,000;1,301;0,299;0,821;0,204;3,571;0,205;0,000;0,000;0,0000;0,00;;;;DEUR;N094000;T300;;099796      KNORR-BREMSE AG;83,01989622;83,01989622;84,10000000;84,10000000;81,20000000;21682,00000000;0,00000000;0,00000000;0,00000000;0,00000000;20251111
89;1I;08512;DE0007164600;SAP SE;EUR;NEUERMKT;094000;201;I;7633,000;0,000;0,000;0,000;248,4415;248,4415;1896354,2200;1896354,22;0,000000;217,0500;217,0500;1656742,6500;1656742,65;1656742,6500;1656742,65;216,2500;-12,635;0,000;-12,635;0,272;0,746;0,186;0,370;0,187;0,000;0,000;0,0000;0,00;;;;DEUR;N094000;T300;;099814      SAP SE;248,44153281;248,44153281;217,05000000;217,05000000;216,25000000;7633,00000000;0,00000000;0,00000000;0,00000000;0,00000000;20251111
89;1I;24199;DE000ZAL1111;ZALANDO-ORD SHS;EUR;NEUERMKT;094000;201;I;67325,000;0,000;0,000;0,000;27,7938;27,7938;1871220,7600;1871220,76;0,000000;23,0100;23,0100;1549148,2500;1549148,25;1549148,2500;1549148,25;22,5800;-17,212;0,000;-17,212;0,254;0,697;0,174;1,904;0,174;0,000;0,000;0,0000;0,00;;;;DEUR;N094000;T300;;099826      ZALANDO-ORD SHS;27,79384715;27,79384715;23,01000000;23,01000000;22,58000000;67325,00000000;0,00000000;0,00000000;0,00000000;0,00000000;20251111
89;1I;19412;DE000A1ML7J1;VONOVIA SE;EUR;NEUERMKT;094000;201;I;51370,000;0,000;0,000;0,000;27,3023;27,3023;1402521,6100;1402521,61;0,000000;25,7300;25,7300;1321750,1000;1321750,10;1321750,1000;1321750,10;25,1000;-5,759;0,000;-5,759;0,217;0,595;0,148;2,510;0,149;0,000;0,000;0,0000;0,00;;;;DEUR;N094000;T300;;099852      VONOVIA SE;27,30234786;27,30234786;25,73000000;25,73000000;25,10000000;51370,00000000;0,00000000;0,00000000;0,00000000;0,00000000;20251111
89;1I;08529;DE0005557508;DEUTSCHE TELEKOM - NOMINATIVE;EUR;NEUERMKT;094000;201;I;45060,000;0,000;0,000;0,000;31,7857;31,7857;1432266,7400;1432266,74;0,000000;27,0700;27,0700;1219774,2000;1219774,20;1219774,2000;1219774,20;26,6900;-14,836;0,000;-14,836;0,200;0,549;0,137;1,424;0,137;0,000;0,000;0,0000;0,00;;;;DEUR;N094000;T300;;099863      DEUTSCHE TELEKOM - NOMINATIVE;31,78576875;31,78576875;27,07000000;27,07000000;26,69000000;45060,00000000;0,00000000;0,00000000;0,00000000;0,00000000;20251111
89;1I;17410;IT0004965148;MONCLER SPA;EUR;MILANO;086000;201;I;57326,000;0,000;0,000;0,000;55,1463;55,1463;3161319,4300;3161319,43;0,000000;57,6000;57,6000;3301977,6000;3301977,60;3301977,6000;3301977,60;56,4200;4,449;0,000;4,449;0,541;2,350;0,370;2,091;0,372;0,000;0,000;0,0000;0,00;;;;DEUR;N111111;T300;;099630      MONCLER SPA;55,14634598;55,14634598;57,60000000;57,60000000;56,42000000;57326,00000000;0,00000000;0,00000000;0,00000000;0,00000000;20251111
89;1I;03565;IT0003497168;TELECOM ITALIA SPA ORD.;EUR;MILANO;086000;201;I;5513932,000;0,000;0,000;0,000;0,2502;0,2502;1379783,2700;1379783,27;0,000000;0,4958;0,4958;2733807,4900;2733807,49;2733807,4900;2733807,49;0,4921;98,133;0,000;98,133;0,448;1,945;0,307;0,752;0,308;0,000;0,000;0,0000;0,00;;;;DEUR;N111111;T300;;099693      TELECOM ITALIA SPA ORD.;0,25023581;0,25023581;0,49580000;0,49580000;0,49210000;5513932,00000000;0,00000000;0,00000000;0,00000000;0,00000000;20251111
89;1I;08531;IT0001078911;INTERPUMP GROUP;EUR;MILANO;086000;201;I;26378,000;0,000;0,000;0,000;40,1909;40,1909;1060157,0000;1060157,00;0,000000;43,7400;43,7400;1153773,7200;1153773,72;1153773,7200;1153773,72;43,2200;8,830;0,000;8,830;0,189;0,821;0,129;1,203;0,130;0,000;0,000;0,0000;0,00;;;;DEUR;N111111;T300;;099871      INTERPUMP GROUP;40,19095458;40,19095458;43,74000000;43,74000000;43,22000000;26378,00000000;0,00000000;0,00000000;0,00000000;0,00000000;20251111
89;1I;08544;IT0001157020;ERG ORD.;EUR;MILANO;086000;201;I;35007,000;0,000;0,000;0,000;19,4116;19,4116;679544,6500;679544,65;0,000000;22,3600;22,3600;782756,5200;782756,52;782756,5200;782756,52;22,4000;15,188;0,000;15,188;0,128;0,557;0,088;-0,179;0,088;0,000;0,000;0,0000;0,00;;;;DEUR;N111111;T300;;099912      ERG ORD.;19,41167909;19,41167909;22,36000000;22,36000000;22,40000000;35007,00000000;0,00000000;0,00000000;0,00000000;0,00000000;20251111
89;1I;34530;IT0005366767;NEXI SPA;EUR;MILANO;086000;201;I;116888,000;0,000;0,000;0,000;5,3024;5,3024;619789,8500;619789,85;0,000000;4,1200;4,1200;481578,5600;481578,56;481578,5600;481578,56;4,0250;-22,300;0,000;-22,300;0,079;0,343;0,054;2,360;0,054;0,000;0,000;0,0000;0,00;;;;DEUR;N111111;T300;;099946      NEXI SPA;5,30242497;5,30242497;4,12000000;4,12000000;4,02500000;116888,00000000;0,00000000;0,00000000;0,00000000;0,00000000;20251111
89;1I;04321;IT0003242622;TERNA SPA;EUR;MILANO;086000;201;I;49288,000;0,000;0,000;0,000;7,6207;7,6207;375611,8100;375611,81;0,000000;9,0460;9,0460;445859,2500;445859,25;445859,2500;445859,25;8,9940;18,702;0,000;18,702;0,073;0,317;0,050;0,578;0,050;0,000;0,000;0,0000;0,00;;;;DEUR;N111111;T300;;099950      TERNA SPA;7,62075576;7,62075576;9,04600000;9,04600000;8,99400000;49288,00000000;0,00000000;0,00000000;0,00000000;0,00000000;20251111
89;1I;25525;IT0005162406;TECHNOGYM  SPA;EUR;MILANO;086000;201;I;24198,000;0,000;0,000;0,000;10,4478;10,4478;252816,7800;252816,78;0,000000;16,0800;16,0800;389103,8400;389103,84;389103,8400;389103,84;15,8700;53,907;0,000;53,907;0,064;0,277;0,044;1,323;0,044;0,000;0,000;0,0000;0,00;;;;DEUR;N111111;T300;;099956      TECHNOGYM  SPA;10,44783783;10,44783783;16,08000000;16,08000000;15,87000000;24198,00000000;0,00000000;0,00000000;0,00000000;0,00000000;20251111
89;1I;19402;IT0005054967;RAI WAY SPA;EUR;MILANO;086000;201;I;60497,000;0,000;0,000;0,000;5,4946;5,4946;332409,7600;332409,76;0,000000;5,7700;5,7700;349067,6900;349067,69;349067,6900;349067,69;5,8400;5,011;0,000;5,011;0,057;0,248;0,039;-1,199;0,039;0,000;0,000;0,0000;0,00;;;;DEUR;N111111;T300;;099961      RAI WAY SPA;5,49464866;5,49464866;5,77000000;5,77000000;5,84000000;60497,00000000;0,00000000;0,00000000;0,00000000;0,00000000;20251111
89;1I;07862;IT0003492391;DIASORIN;EUR;MILANO;086000;201;I;5496,000;0,000;0,000;0,000;99,4637;99,4637;546652,6400;546652,64;0,000000;60,1600;60,1600;330639,3600;330639,36;330639,3600;330639,36;59,0000;-39,516;0,000;-39,516;0,054;0,235;0,037;1,966;0,037;0,000;0,000;0,0000;0,00;;;;DEUR;N111111;T300;;099963      DIASORIN;99,46372634;99,46372634;60,16000000;60,16000000;59,00000000;5496,00000000;0,00000000;0,00000000;0,00000000;0,00000000;20251111
89;1I;06568;IT0004056880;AMPLIFON NEW;EUR;MILANO;086000;201;I;12995,000;0,000;0,000;0,000;21,1965;21,1965;275448,5800;275448,58;0,000000;14,4850;14,4850;188232,5800;188232,58;188232,5800;188232,58;14,0900;-31,663;0,000;-31,663;0,031;0,134;0,021;2,803;0,021;0,000;0,000;0,0000;0,00;;;;DEUR;N111111;T300;;099979      AMPLIFON NEW;21,19650481;21,19650481;14,48500000;14,48500000;14,09000000;12995,00000000;0,00000000;0,00000000;0,00000000;0,00000000;20251111
89;1I;23184;IT0005090300;INFRASTRUTTURE WIRELESS ITAL;EUR;MILANO;086000;201;I;19507,000;0,000;0,000;0,000;9,7744;9,7744;190670,5800;190670,58;0,000000;8,3300;8,3300;162493,3100;162493,31;162493,3100;162493,31;9,4400;-14,778;0,000;-14,778;0,027;0,116;0,018;-11,758;0,018;0,000;0,000;0,0000;0,00;;;;DEUR;N111111;T300;;099982      INFRASTRUTTURE WIRELESS ITAL;9,77446967;9,77446967;8,33000000;8,33000000;9,44000000;19507,00000000;0,00000000;0,00000000;0,00000000;0,00000000;20251111
89;1I;03436;IT0001250932;HERA SPA;EUR;MILANO;086000;201;I;37609,000;0,000;0,000;0,000;3,4569;3,4569;130013,7600;130013,76;0,000000;3,9820;3,9820;149759,0400;149759,04;149759,0400;149759,04;4,0080;15,187;0,000;15,187;0,025;0,107;0,017;-0,649;0,017;0,000;0,000;0,0000;0,00;;;;DEUR;N111111;T300;;099983      HERA SPA;3,45698529;3,45698529;3,98200000;3,98200000;4,00800000;37609,00000000;0,00000000;0,00000000;0,00000000;0,00000000;20251111
89;1I;07639;IT0004176001;PRYSMIAN SPA;EUR;MILANO;086000;201;I;1630,000;0,000;0,000;0,000;60,8600;60,8600;99201,8400;99201,84;0,000000;84,3000;84,3000;137409,0000;137409,00;137409,0000;137409,00;83,5600;38,515;0,000;38,515;0,023;0,098;0,015;0,886;0,015;0,000;0,000;0,0000;0,00;;;;DEUR;N111111;T300;;099985      PRYSMIAN SPA;60,86002454;60,86002454;84,30000000;84,30000000;83,56000000;1630,00000000;0,00000000;0,00000000;0,00000000;0,00000000;20251111
89;1I;08573;IT0001233417;A2A SPA;EUR;MILANO;086000;201;I;36986,000;0,000;0,000;0,000;2,1339;2,1339;78924,6700;78924,67;0,000000;2,7100;2,7100;100232,0600;100232,06;100232,0600;100232,06;2,6960;26,997;0,000;26,997;0,016;0,071;0,011;0,519;0,011;0,000;0,000;0,0000;0,00;;;;DEUR;N111111;T300;;099989      A2A SPA;2,13390661;2,13390661;2,71000000;2,71000000;2,69600000;36986,00000000;0,00000000;0,00000000;0,00000000;0,00000000;20251111
89;1I;30238;IT0005278236;PIRELLI & C SPA;EUR;MILANO;086000;201;I;7281,000;0,000;0,000;0,000;5,5036;5,5036;40072,2600;40072,26;0,000000;6,1100;6,1100;44486,9100;44486,91;44486,9100;44486,91;6,1260;11,017;0,000;11,017;0,007;0,032;0,005;-0,261;0,005;0,000;0,000;0,0000;0,00;;;;DEUR;N111111;T300;;099995      PIRELLI & C SPA;5,50367531;5,50367531;6,11000000;6,11000000;6,12600000;7281,00000000;0,00000000;0,00000000;0,00000000;0,00000000;20251111
89;1O;40774;US654902AE56;NOKIA OYJ 4.375% 2017/12.06.2027;USD;FIPS;111111;301;O;1000000,000;0,000;0,000;0,000;97,3460;93,9996;973460,0000;939996,14;1,035600;99,8390;86,0977;998390,0000;860977,92;1016497,6410;876593,34;99,7020;2,561;11,974;-8,406;0,452;0,373;0,097;0,137;0,097;0,000;0,000;18107,6410;15615,42;;;;DUSD;N028000;T200;;099903      NOKIA OYJ 4.375% 2017/12.06.2027;97,34600000;93,99961400;99,83900000;86,09779234;99,70200000;1000000,00000000;0,00000000;0,00000000;0,00000000;0,00000000;20251111
89;1O;38140;XS2195190876;SSE PLC 3.74% 2020/31.12.2049;GBP;LONDRAEST;111111;301;O;1500000,000;0,000;0,000;0,000;97,6180;118,0386;1464270,0000;1770580,41;0,827000;99,5970;113,1526;1493955,0000;1697290,39;1526385,4050;1734134,75;99,5900;2,027;6,433;-4,139;18,432;0,737;0,190;0,007;0,191;0,000;0,000;32430,4050;36844,36;;;;DGBP;N031000;T200;;099810      SSE PLC 3.74% 2020/31.12.2049;97,61800000;118,03869400;99,59700000;113,15269256;99,59000000;1500000,00000000;0,00000000;0,00000000;0,00000000;0,00000000;20251111
89;1O;46721;US458140CA64;INTEL CORP  4,15% 2022/05.08.2032;USD;FIPS;111111;301;O;3000000,000;0,000;0,000;0,000;91,7906;85,5328;2753720,0000;2565984,20;1,073163;96,3640;83,1010;2890920,0000;2493032,08;2924119,9970;2521662,64;96,2030;4,982;8,054;-2,843;1,301;1,072;0,280;0,167;0,281;0,000;0,000;33199,9970;28630,56;;;;DUSD;N069000;T200;;099720      INTEL CORP  4,15% 2022/05.08.2032;91,79066670;85,53280670;96,36400000;83,10106933;96,20300000;3000000,00000000;0,00000000;0,00000000;0,00000000;0,00000000;20251111
89;1O;43392;US595112BS19;MICRON TECHNOLOGY 2.703% 2021/15.04.2032;USD;FIPS;111111;301;O;1400000,000;0,000;0,000;0,000;84,5800;74,5460;1184120,0000;1043645,34;1,134600;88,8800;76,6471;1244320,0000;1073059,68;1247053,0260;1075416,55;88,8990;5,084;2,203;2,818;0,555;0,457;0,120;-0,021;0,121;0,000;0,000;2733,0260;2356,87;;;;DUSD;N069000;T200;;099880      MICRON TECHNOLOGY 2.703% 2021/15.04.2032;84,58000000;74,54609570;88,88000000;76,64711969;88,89900000;1400000,00000000;0,00000000;0,00000000;0,00000000;0,00000000;20251111
89;1O;47055;US031162DD92;AMGEN INC 3% 2023/22.02.2029;USD;FIPS;111111;301;O;300000,000;0,000;0,000;0,000;93,5513;87,1901;280654,0000;261570,55;1,072957;96,4930;83,2123;289479,0000;249636,94;291453,9950;251340,11;96,3370;3,144;8,075;-4,562;0,130;0,107;0,028;0,162;0,028;0,000;0,000;1974,9950;1703,17;;;;DUSD;N069000;T200;;099972      AMGEN INC 3% 2023/22.02.2029;93,55133330;87,19018330;96,49300000;83,21231459;96,33700000;300000,00000000;0,00000000;0,00000000;0,00000000;0,00000000;20251111
89;1O;01076;AU000000ORI1;ORICA LTD.;AUD;AUSTRALIA;111111;201;O;63502,000;0,000;0,000;0,000;16,7590;9,9008;1064230,8210;628726,63;1,692677;22,8100;12,8254;1448480,6200;814439,48;1448480,6200;814439,48;22,9000;36,106;5,070;29,538;25,694;0,346;0,091;-0,393;0,092;0,000;0,000;0,0000;0,00;;;;DAUD;N007000;T300;;099909      ORICA LTD.;16,75901264;9,90089493;22,81000000;12,82541467;22,90000000;63502,00000000;0,00000000;0,00000000;0,00000000;0,00000000;20251111
89;1O;17478;AU000000ORA8;ORORA LTD;AUD;AUSTRALIA;111111;201;O;387522,000;0,000;0,000;0,000;2,1593;1,2490;836783,6860;484027,61;1,728793;2,2100;1,2426;856423,6200;481542,66;856423,6200;481542,66;2,0900;2,347;2,875;-0,513;15,192;0,205;0,054;5,742;0,054;0,000;0,000;0,0000;0,00;;;;DAUD;N007000;T300;;099946      ORORA LTD;2,15931917;1,24903259;2,21000000;1,24262018;2,09000000;387522,00000000;0,00000000;0,00000000;0,00000000;0,00000000;20251111
89;1O;31244;AU000000LLC3;LEND LEASE GROUP STAPLED SECURITIES;AUD;AUSTRALIA;111111;223;O;86544,000;0,000;0,000;0,000;6,1609;3,6630;533191,4400;317011,92;1,681929;5,4700;3,0756;473395,6800;266176,94;473395,6800;266176,94;5,4600;-11,215;5,742;-16,036;8,397;0,113;0,030;0,183;0,030;0,000;0,000;0,0000;0,00;;;;DAUD;N007000;T300;;099970      LEND LEASE GROUP STAPLED SECURITIES;6,16092900;3,66301442;5,47000000;3,07562552;5,46000000;86544,00000000;0,00000000;0,00000000;0,00000000;0,00000000;20251111
89;1O;03510;CA1363751027;CANADIAN NATIONAL RAILWAY CAD;CAD;TORONTO;111111;201;O;8177,000;0,000;0,000;0,000;145,3936;97,2589;1188884,0390;795286,84;1,494912;134,4300;82,7312;1099234,1100;676493,39;1099234,1100;676493,39;132,5000;-7,541;8,695;-14,937;24,603;0,288;0,076;1,457;0,076;0,000;0,000;0,0000;0,00;;;;DCAD;N013000;T300;;099924      CANADIAN NATIONAL RAILWAY CAD;145,39366992;97,25899963;134,43000000;82,73124499;132,50000000;8177,00000000;0,00000000;0,00000000;0,00000000;0,00000000;20251111
89;1O;10636;DK0060079531;DSV A/S;DKK;COPENHAGEN;111111;201;O;8280,000;0,000;0,000;0,000;1463,9745;196,1937;12121709,2790;1624484,64;7,461880;1465,0000;196,1834;12130200,0000;1624399,06;12130200,0000;1624399,06;1429,5000;0,070;0,075;-0,005;47,458;0,691;0,182;2,483;0,183;0,000;0,000;0,0000;0,00;;;;DDKK;N021000;T300;;099818      DSV A/S;1463,97455060;196,19379710;1465,00000000;196,18346166;1429,50000000;8280,00000000;0,00000000;0,00000000;0,00000000;0,00000000;20251111
89;1O;47417;DK0062498333;NOVO NORDISK A/S-B;DKK;COPENHAGEN;111111;201;O;34600,000;0,000;0,000;0,000;536,0763;71,8730;18548239,9910;2486808,64;7,458652;313,6500;42,0020;10852290,0000;1453269,50;10852290,0000;1453269,50;294,7000;-41,492;0,119;-41,561;42,458;0,618;0,163;6,430;0,164;0,000;0,000;0,0000;0,00;;;;DDKK;N021000;T300;;099837      NOVO NORDISK A/S-B;536,07630031;71,87308208;313,65000000;42,00200870;294,70000000;34600,00000000;0,00000000;0,00000000;0,00000000;0,00000000;20251111
89;1O;44229;GB00BP92CJ43;TATE & LYLE PLC;GBP;LONDRA;111111;201;O;238707,000;0,000;0,000;0,000;5,5255;6,4858;1318998,2350;1548214,51;0,851948;3,9460;4,4830;941937,8220;1070140,67;941937,8220;1070140,67;3,8840;-28,587;3,316;-30,879;11,375;0,455;0,120;1,596;0,121;0,000;0,000;0,0000;0,00;;;;DGBP;N031000;T300;;099880      TATE & LYLE PLC;5,52559512;6,48583623;3,94600000;4,48307202;3,88400000;238707,00000000;0,00000000;0,00000000;0,00000000;0,00000000;20251111
89;1O;03729;GB0006825383;PERSIMMON PLC.;GBP;LONDRA;111111;201;O;63415,000;0,000;0,000;0,000;11,5871;13,9139;734801,9200;882355,55;0,832773;12,5600;14,2694;796492,4000;904899,34;796492,4000;904899,34;12,3150;8,396;5,695;2,555;9,618;0,385;0,101;1,989;0,102;0,000;0,000;0,0000;0,00;;;;DGBP;N031000;T300;;099899      PERSIMMON PLC.;11,58719419;13,91398801;12,56000000;14,26948420;12,31500000;63415,00000000;0,00000000;0,00000000;0,00000000;0,00000000;20251111
89;1O;09739;GB00B2B0DG97;REED ELSEVIER PLC A;GBP;LONDRA;111111;201;O;12285,000;0,000;0,000;0,000;38,8126;46,0009;476813,8750;565121,38;0,843737;32,2700;36,6621;396436,9500;450394,17;396436,9500;450394,17;31,8000;-16,857;4,322;-20,301;4,787;0,191;0,051;1,478;0,051;0,000;0,000;0,0000;0,00;;;;DGBP;N031000;T300;;099949      REED ELSEVIER PLC A;38,81268823;46,00092633;32,27000000;36,66212224;31,80000000;12285,00000000;0,00000000;0,00000000;0,00000000;0,00000000;20251111
89;1O;01504;GB0007908733;SSE PLC;GBP;LONDRA;111111;201;O;10146,000;0,000;0,000;0,000;16,0157;19,2088;162495,3180;194893,28;0,833766;19,7450;22,4324;200332,7700;227599,15;200332,7700;227599,15;19,4300;23,285;5,569;16,781;2,419;0,097;0,026;1,621;0,026;0,000;0,000;0,0000;0,00;;;;DGBP;N031000;T300;;099974      SSE PLC;16,01570254;19,20887837;19,74500000;22,43240172;19,43000000;10146,00000000;0,00000000;0,00000000;0,00000000;0,00000000;20251111
89;1O;12368;IE0001827041;CRH PLC.- LONDRA GBP;GBP;LONDRA;111111;201;O;22634,000;0,000;0,000;0,000;72,0709;86,0449;1631254,7470;1947542,44;0,837597;85,8400;97,5232;1942902,5600;2207342,15;1942902,5600;2207342,15;86,3600;19,105;5,086;13,340;23,462;0,938;0,248;-0,602;0,249;0,000;0,000;0,0000;0,00;;;;DGBP;N040000;T300;;099752      CRH PLC.- LONDRA GBP;72,07098820;86,04499602;85,84000000;97,52329016;86,36000000;22634,00000000;0,00000000;0,00000000;0,00000000;0,00000000;20251111
89;1O;19903;IE00BTN1Y115;MEDTRONIC PLC;USD;NEW YORK;111111;201;O;35498,000;0,000;0,000;0,000;79,8800;77,1340;2835580,2400;2738103,74;1,035600;95,4000;82,2697;3386509,2000;2920411,52;3386509,2000;2920411,52;92,6600;19,429;11,974;6,658;1,507;1,242;0,327;2,957;0,329;0,000;0,000;0,0000;0,00;;;;DUSD;N040000;T300;;099673      MEDTRONIC PLC;79,88000000;77,13402839;95,40000000;82,26974818;92,66000000;35498,00000000;0,00000000;0,00000000;0,00000000;0,00000000;20251111
89;1O;46296;IE000S9YS762;LINDE PLC NEW - USD;USD;OTC;111111;201;O;7723,000;0,000;0,000;0,000;420,3533;403,3512;3246389,2890;3115081,52;1,042152;426,6500;367,9285;3295017,9500;2841512,55;3295017,9500;2841512,55;420,6700;1,498;11,270;-8,782;1,466;1,208;0,319;1,422;0,320;0,000;0,000;0,0000;0,00;;;;DUSD;N040000;T300;;099681      LINDE PLC NEW - USD;420,35339751;403,35122620;426,65000000;367,92859606;420,67000000;7723,00000000;0,00000000;0,00000000;0,00000000;0,00000000;20251111
89;1O;37185;IE00BK9ZQ967;TRANE TECH PLC;USD;NEW YORK;111111;201;O;6148,000;0,000;0,000;0,000;367,8185;353,4320;2261348,7480;2172900,47;1,040705;421,6400;363,6081;2592242,7200;2235462,85;2592242,7200;2235462,85;433,5000;14,633;11,424;2,879;1,153;0,950;0,251;-2,736;0,252;0,000;0,000;0,0000;0,00;;;;DUSD;N040000;T300;;099749      TRANE TECH PLC;367,81859921;353,43208685;421,64000000;363,60814073;433,50000000;6148,00000000;0,00000000;0,00000000;0,00000000;0,00000000;20251111
89;1O;18593;IE00BLS09M33;PENTAIR PLC;USD;NEW YORK;111111;201;O;3829,000;0,000;0,000;0,000;99,2629;95,3516;380077,6900;365101,33;1,041020;108,2400;93,3425;414450,9600;357408,55;414450,9600;357408,55;108,6900;9,044;11,391;-2,107;0,184;0,152;0,040;-0,414;0,040;0,000;0,000;0,0000;0,00;;;;DUSD;N040000;T300;;099960      PENTAIR PLC;99,26291198;95,35161399;108,24000000;93,34253190;108,69000000;3829,00000000;0,00000000;0,00000000;0,00000000;0,00000000;20251111
89;1O;00158;NO0005052605;NORSK HYDRO;NOK;OSLO;111111;201;O;86541,000;0,000;0,000;0,000;69,6884;5,9692;6030903,8280;516587,75;11,674500;71,7800;6,1565;6211912,9800;532795,24;6211912,9800;532795,24;71,5600;3,001;-0,132;3,137;78,927;0,227;0,060;0,307;0,060;0,000;0,000;0,0000;0,00;;;;DNOK;N048000;T300;;099940      NORSK HYDRO;69,68840004;5,96928334;71,78000000;6,15656440;71,56000000;86541,00000000;0,00000000;0,00000000;0,00000000;0,00000000;20251111
89;1O;24521;NL0011585146;FERRARI NV - USD -;USD;NEW YORK;111111;201;O;1767,000;0,000;0,000;0,000;424,5741;407,0418;750222,5500;719242,98;1,043072;422,4600;364,3152;746486,8200;643745,10;746486,8200;643745,10;411,4000;-0,498;11,172;-10,497;0,332;0,274;0,072;2,688;0,072;0,000;0,000;0,0000;0,00;;;;DUSD;N050000;T300;;099928      FERRARI NV - USD -;424,57416525;407,04186757;422,46000000;364,31528113;411,40000000;1767,00000000;0,00000000;0,00000000;0,00000000;0,00000000;20251111
89;1O;44332;SE0017486889;ATLAS COPCO AB-A SHS;SEK;STOCCOLMA;111111;201;O;120981,000;0,000;0,000;0,000;159,6563;14,4819;19315380,7550;1752034,87;11,024541;159,6500;14,5614;19314616,6500;1761655,67;19314616,6500;1761655,67;157,3500;-0,004;-0,550;0,549;44,407;0,749;0,198;1,462;0,198;0,000;0,000;0,0000;0,00;;;;DSEK;N068000;T300;;099802      ATLAS COPCO AB-A SHS;159,65631590;14,48190104;159,65000000;14,56142431;157,35000000;120981,00000000;0,00000000;0,00000000;0,00000000;0,00000000;20251111
89;1O;00418;SE0000108227;S.K.F. AB CL.B;SEK;STOCCOLMA;111111;201;O;56999,000;0,000;0,000;0,000;251,4196;22,8440;14330668,5400;1302087,02;11,005922;241,0000;21,9812;13736759,0000;1252908,09;13736759,0000;1252908,09;258,5000;-4,144;-0,382;-3,777;31,583;0,533;0,140;-6,770;0,141;0,000;0,000;0,0000;0,00;;;;DSEK;N068000;T300;;099860      S.K.F. AB CL.B;251,41964841;22,84403270;241,00000000;21,98122930;258,50000000;56999,00000000;0,00000000;0,00000000;0,00000000;0,00000000;20251111
89;1O;23094;SE0007100581;ASSA ABLOY AB-B;SEK;STOCCOLMA;111111;201;O;25822,000;0,000;0,000;0,000;331,0961;30,1010;8549563,7570;777268,40;10,999500;358,5000;32,6982;9257187,0000;844333,40;9257187,0000;844333,40;352,9000;8,277;-0,324;8,628;21,283;0,359;0,095;1,587;0,095;0,000;0,000;0,0000;0,00;;;;DSEK;N068000;T300;;099905      ASSA ABLOY AB-B;331,09611017;30,10101463;358,50000000;32,69821869;352,90000000;25822,00000000;0,00000000;0,00000000;0,00000000;0,00000000;20251111
89;1O;02738;US67066G1040;NVIDIA CORP.;USD;OTC;111111;201;O;136712,000;0,000;0,000;0,000;132,2983;126,9888;18086771,2500;17360900,82;1,041811;193,1600;166,5746;26407289,9200;22772757,78;26407289,9200;22772757,78;199,0500;46,003;11,306;31,173;11,750;9,681;2,553;-2,959;2,565;0,000;0,000;0,0000;0,00;;;;DUSD;N069000;T300;;097447      NVIDIA CORP.;132,29834433;126,98885847;193,16000000;166,57468092;199,05000000;136712,00000000;0,00000000;0,00000000;0,00000000;0,00000000;20251111
89;1O;08768;US92826C8394;VISA INC CLASS A SHS;USD;NEW YORK;111111;201;O;27888,000;0,000;0,000;0,000;317,2238;304,4011;8846740,0280;8489138,88;1,042125;338,9200;292,2731;9451800,9600;8150914,94;9451800,9600;8150914,94;334,8500;6,839;11,273;-3,984;4,206;3,465;0,914;1,215;0,918;0,000;0,000;0,0000;0,00;;;;DUSD;N069000;T300;;099086      VISA INC CLASS A SHS;317,22389658;304,40113597;338,92000000;292,27319765;334,85000000;27888,00000000;0,00000000;0,00000000;0,00000000;0,00000000;20251111
89;1O;06606;US57636Q1040;MASTERCARD INC CL A;USD;NEW YORK;111111;201;O;16740,000;0,000;0,000;0,000;525,4197;504,4197;8795526,8600;8443985,90;1,041632;558,3500;481,5022;9346779,0000;8060347,53;9346779,0000;8060347,53;552,9600;6,267;11,325;-4,543;4,159;3,427;0,904;0,975;0,908;0,000;0,000;0,0000;0,00;;;;DUSD;N069000;T300;;099096      MASTERCARD INC CL A;525,41976463;504,41970728;558,35000000;481,50224215;552,96000000;16740,00000000;0,00000000;0,00000000;0,00000000;0,00000000;20251111
89;1O;00448;US68389X1054;ORACLE CORP.;USD;OTC;111111;201;O;33280,000;0,000;0,000;0,000;165,1302;158,9773;5495534,2160;5290766,12;1,038703;236,1500;203,6478;7859072,0000;6777399,10;7859072,0000;6777399,10;240,8300;43,008;11,639;28,099;3,497;2,881;0,760;-1,943;0,763;0,000;0,000;0,0000;0,00;;;;DUSD;N069000;T300;;099240      ORACLE CORP.;165,13023485;158,97734735;236,15000000;203,64780958;240,83000000;33280,00000000;0,00000000;0,00000000;0,00000000;0,00000000;20251111
89;1O;14741;US00287Y1091;ABBVIE INC;USD;NEW YORK;111111;201;O;21236,000;0,000;0,000;0,000;177,7000;171,5913;3773637,2000;3643913,87;1,035600;225,1700;194,1790;4781710,1200;4123585,82;4781710,1200;4123585,82;218,7100;26,714;11,974;13,164;2,128;1,753;0,462;2,954;0,464;0,000;0,000;0,0000;0,00;;;;DUSD;N069000;T300;;099538      ABBVIE INC;177,70000000;171,59134818;225,17000000;194,17902725;218,71000000;21236,00000000;0,00000000;0,00000000;0,00000000;0,00000000;20251111
89;1O;00095;US4370761029;HOME DEPOT INC.;USD;NEW YORK;111111;201;O;12155,000;0,000;0,000;0,000;388,0892;372,8229;4717224,7760;4531663,16;1,040948;374,2400;322,7319;4548887,2000;3922807,17;4548887,2000;3922807,17;370,4300;-3,569;11,398;-13,436;2,024;1,668;0,440;1,029;0,442;0,000;0,000;0,0000;0,00;;;;DUSD;N069000;T300;;099560      HOME DEPOT INC.;388,08924524;372,82296668;374,24000000;322,73197654;370,43000000;12155,00000000;0,00000000;0,00000000;0,00000000;0,00000000;20251111
89;1O;00423;US0382221051;APPLIED MATERIALS INC.;USD;OTC;111111;201;O;19011,000;0,000;0,000;0,000;181,3428;167,0104;3447509,7840;3175036,47;1,085817;228,6700;197,1973;4347245,3700;3748918,05;4347245,3700;3748918,05;235,0800;26,098;6,795;18,075;1,934;1,594;0,420;-2,727;0,422;0,000;0,000;0,0000;0,00;;;;DUSD;N069000;T300;;099580      APPLIED MATERIALS INC.;181,34289537;167,01049234;228,67000000;197,19730941;235,08000000;19011,00000000;0,00000000;0,00000000;0,00000000;0,00000000;20251111
89;1O;00174;US7427181091;PROCTER & GAMBLE CO.;USD;NEW YORK;111111;201;O;27910,000;0,000;0,000;0,000;162,9287;152,8311;4547340,0430;4265517,49;1,066070;148,5400;128,0958;4145751,4000;3575156,43;4145751,4000;3575156,43;145,5000;-8,831;8,773;-16,185;1,845;1,520;0,401;2,089;0,403;0,000;0,000;0,0000;0,00;;;;DUSD;N069000;T300;;099599      PROCTER & GAMBLE CO.;162,92870093;152,83115335;148,54000000;128,09589513;145,50000000;27910,00000000;0,00000000;0,00000000;0,00000000;0,00000000;20251111
89;1O;00222;US8825081040;TEXAS INSTRUMENTS INC.;USD;OTC;111111;201;O;23447,000;0,000;0,000;0,000;188,0968;175,7654;4410305,7840;4121173,63;1,070158;159,7300;137,7457;3745189,3100;3229725,17;3745189,3100;3229725,17;160,5800;-15,081;8,358;-21,631;1,666;1,373;0,362;-0,529;0,364;0,000;0,000;0,0000;0,00;;;;DUSD;N069000;T300;;099638      TEXAS INSTRUMENTS INC.;188,09680487;175,76549793;159,73000000;137,74577440;160,58000000;23447,00000000;0,00000000;0,00000000;0,00000000;0,00000000;20251111
89;1O;17264;US81762P1021;SERVICENOW INC;USD;NEW YORK;111111;201;O;4341,000;0,000;0,000;0,000;1046,4650;974,6684;4542704,7310;4231035,54;1,073663;860,6700;742,2128;3736168,4700;3221945,90;3736168,4700;3221945,90;866,3000;-17,755;8,004;-23,850;1,662;1,370;0,361;-0,650;0,363;0,000;0,000;0,0000;0,00;;;;DUSD;N069000;T300;;099639      SERVICENOW INC;1046,46503824;974,66840359;860,67000000;742,21283201;866,30000000;4341,00000000;0,00000000;0,00000000;0,00000000;0,00000000;20251111
89;1O;00481;US7475251036;QUALCOMM INC.;USD;OTC;111111;201;O;20692,000;0,000;0,000;0,000;153,6105;147,9115;3178509,2180;3060585,62;1,038530;173,9800;150,0344;3599994,1600;3104513,76;3599994,1600;3104513,76;171,5700;13,260;11,658;1,435;1,602;1,320;0,348;1,405;0,350;0,000;0,000;0,0000;0,00;;;;DUSD;N069000;T300;;099652      QUALCOMM INC.;153,61053634;147,91154165;173,98000000;150,03449465;171,57000000;20692,00000000;0,00000000;0,00000000;0,00000000;0,00000000;20251111
89;1O;04319;US79466L3024;SALESFORCE COM INC.;USD;NEW YORK;111111;201;O;14450,000;0,000;0,000;0,000;329,9574;317,4549;4767885,0450;4587224,43;1,039383;244,5000;210,8485;3533025,0000;3046761,81;3533025,0000;3046761,81;241,7100;-25,900;11,566;-33,582;1,572;1,295;0,342;1,154;0,343;0,000;0,000;0,0000;0,00;;;;DUSD;N069000;T300;;099658      SALESFORCE COM INC.;329,95744256;317,45497785;244,50000000;210,84856847;241,71000000;14450,00000000;0,00000000;0,00000000;0,00000000;0,00000000;20251111
89;1O;60431;US5128073062;LAM RESEARCH CORP;USD;OTC;111111;201;O;21819,000;0,000;0,000;0,000;72,2300;69,7470;1575986,3700;1521809,93;1,035600;159,1800;137,2714;3473148,4200;2995126,27;3473148,4200;2995126,27;166,3700;120,379;11,974;96,813;1,545;1,273;0,336;-4,322;0,337;0,000;0,000;0,0000;0,00;;;;DUSD;N069000;T300;;099664      LAM RESEARCH CORP;72,23000000;69,74700627;159,18000000;137,27147292;166,37000000;21819,00000000;0,00000000;0,00000000;0,00000000;0,00000000;20251111
89;1O;10451;US58933Y1055;MERCK E CO INC;USD;NEW YORK;111111;201;O;38007,000;0,000;0,000;0,000;97,5991;93,3673;3709450,0940;3548611,84;1,045324;90,9500;78,4322;3456736,6500;2980973,31;3456736,6500;2980973,31;86,7500;-6,813;10,932;-15,996;1,538;1,267;0,334;4,841;0,336;0,000;0,000;0,0000;0,00;;;;DUSD;N069000;T300;;099666      MERCK E CO INC;97,59912895;93,36732286;90,95000000;78,43221800;86,75000000;38007,00000000;0,00000000;0,00000000;0,00000000;0,00000000;20251111
89;1O;00060;US2358511028;DANAHER CORP.;USD;NEW YORK;111111;201;O;15623,000;0,000;0,000;0,000;227,7277;219,2128;3557791,3340;3424762,61;1,038843;215,7900;186,0900;3371287,1700;2907284,56;3371287,1700;2907284,56;211,1700;-5,242;11,624;-15,110;1,500;1,236;0,326;2,188;0,327;0,000;0,000;0,0000;0,00;;;;DUSD;N069000;T300;;099674      DANAHER CORP.;227,72779453;219,21286628;215,79000000;186,09003104;211,17000000;15623,00000000;0,00000000;0,00000000;0,00000000;0,00000000;20251111
89;1O;00263;US17275R1023;CISCO SYSTEM INC.;USD;OTC;111111;201;O;45750,000;0,000;0,000;0,000;60,4919;56,9321;2767505,2040;2604644,04;1,062527;71,7100;61,8402;3280732,5000;2829193,26;3280732,5000;2829193,26;72,0900;18,545;9,136;8,621;1,460;1,203;0,317;-0,527;0,319;0,000;0,000;0,0000;0,00;;;;DUSD;N069000;T300;;099683      CISCO SYSTEM INC.;60,49191702;56,93211016;71,71000000;61,84028975;72,09000000;45750,00000000;0,00000000;0,00000000;0,00000000;0,00000000;20251111
89;1O;00061;US2441991054;DEERE & CO.;USD;NEW YORK;111111;201;O;6432,000;0,000;0,000;0,000;426,1629;408,7129;2741080,1520;2628841,68;1,042695;477,9500;412,1679;3074174,4000;2651064,51;3074174,4000;2651064,51;474,3900;12,152;11,212;0,845;1,368;1,127;0,297;0,750;0,299;0,000;0,000;0,0000;0,00;;;;DUSD;N069000;T300;;099703      DEERE & CO.;426,16295895;408,71294776;477,95000000;412,16798896;474,39000000;6432,00000000;0,00000000;0,00000000;0,00000000;0,00000000;20251111
89;1O;01191;US4612021034;INTUIT INC.;USD;OTC;111111;201;O;4311,000;0,000;0,000;0,000;625,4759;600,6027;2696427,0170;2589198,43;1,041414;654,3200;564,2635;2820773,5200;2432540,12;2820773,5200;2432540,12;653,2700;4,612;11,349;-6,050;1,255;1,034;0,273;0,161;0,274;0,000;0,000;0,0000;0,00;;;;DUSD;N069000;T300;;099727      INTUIT INC.;625,47599559;600,60274414;654,32000000;564,26353915;653,27000000;4311,00000000;0,00000000;0,00000000;0,00000000;0,00000000;20251111
89;1O;25523;US78409V1044;S&P GLOBAL-ORD SHS;USD;NEW YORK;111111;201;O;5577,000;0,000;0,000;0,000;495,6485;475,9378;2764231,6910;2654305,66;1,041414;497,7300;429,2255;2775840,2100;2393791,14;2775840,2100;2393791,14;493,8400;0,420;11,349;-9,815;1,235;1,018;0,268;0,788;0,270;0,000;0,000;0,0000;0,00;;;;DUSD;N069000;T300;;099732      S&P GLOBAL-ORD SHS;495,64850116;475,93789851;497,73000000;429,22559503;493,84000000;5577,00000000;0,00000000;0,00000000;0,00000000;0,00000000;20251111
89;1O;00007;US0028241000;ABBOTT LABORATORIES CORP.;USD;NEW YORK;111111;201;O;20042,000;0,000;0,000;0,000;120,5204;111,3814;2415470,9970;2232307,49;1,082051;127,0000;109,5205;2545334,0000;2195010,35;2545334,0000;2195010,35;125,8900;5,376;7,167;-1,671;1,133;0,933;0,246;0,882;0,247;0,000;0,000;0,0000;0,00;;;;DUSD;N069000;T300;;099754      ABBOTT LABORATORIES CORP.;120,52045689;111,38147340;127,00000000;109,52052431;125,89000000;20042,00000000;0,00000000;0,00000000;0,00000000;0,00000000;20251111
89;1O;00103;US4581401001;INTEL CORP.;USD;OTC;111111;201;O;66306,000;0,000;0,000;0,000;19,9972;19,1901;1325939,5130;1272423,74;1,042058;37,8800;32,6664;2511671,2800;2165980,75;2511671,2800;2165980,75;38,4500;89,426;11,280;70,225;1,118;0,921;0,243;-1,482;0,244;0,000;0,000;0,0000;0,00;;;;DUSD;N069000;T300;;099757      INTEL CORP.;19,99727796;19,19017494;37,88000000;32,66643670;38,45000000;66306,00000000;0,00000000;0,00000000;0,00000000;0,00000000;20251111
89;1O;00017;US0311621009;AMGEN INC;USD;OTC;111111;201;O;7190,000;0,000;0,000;0,000;261,7050;251,6674;1881659,1200;1809488,81;1,039884;338,4500;291,8678;2433455,5000;2098530,10;2433455,5000;2098530,10;323,6600;29,325;11,512;15,974;1,083;0,892;0,235;4,570;0,236;0,000;0,000;0,0000;0,00;;;;DUSD;N069000;T300;;099765      AMGEN INC;261,70502364;251,66742837;338,45000000;291,86788547;323,66000000;7190,00000000;0,00000000;0,00000000;0,00000000;0,00000000;20251111
89;1O;00492;US9078181081;UNION PACIFIC CORP.;USD;NEW YORK;111111;201;O;10159,000;0,000;0,000;0,000;227,6184;218,9963;2312376,1440;2224784,36;1,039371;224,8000;193,8599;2283743,2000;1969423,25;2283743,2000;1969423,25;223,8800;-1,238;11,567;-11,478;1,016;0,837;0,221;0,411;0,222;0,000;0,000;0,0000;0,00;;;;DUSD;N069000;T300;;099779      UNION PACIFIC CORP.;227,61848055;218,99639334;224,80000000;193,85995170;223,88000000;10159,00000000;0,00000000;0,00000000;0,00000000;0,00000000;20251111
89;1O;19426;US6974351057;PALO ALTO NETWORKS INC;USD;NEW YORK;111111;201;O;10216,000;0,000;0,000;0,000;180,7437;173,3568;1846478,0060;1771013,34;1,042611;218,2700;188,2286;2229846,3200;1922944,39;2229846,3200;1922944,39;216,5400;20,762;11,221;8,579;0,992;0,818;0,216;0,799;0,217;0,000;0,000;0,0000;0,00;;;;DUSD;N069000;T300;;099784      PALO ALTO NETWORKS INC;180,74373590;173,35682654;218,27000000;188,22869955;216,54000000;10216,00000000;0,00000000;0,00000000;0,00000000;0,00000000;20251111
89;1O;01458;US92343V1044;VERIZON COMMUNICATION;USD;NEW YORK;111111;201;O;52311,000;0,000;0,000;0,000;43,1539;36,6549;2257423,6640;1917458,30;1,177300;40,7000;35,0983;2129057,7000;1836027,68;2129057,7000;1836027,68;39,8500;-5,686;-1,503;-4,247;0,947;0,781;0,206;2,133;0,207;0,000;0,000;0,0000;0,00;;;;DUSD;N069000;T300;;099794      VERIZON COMMUNICATION;43,15390002;36,65497314;40,70000000;35,09830976;39,85000000;52311,00000000;0,00000000;0,00000000;0,00000000;0,00000000;20251111
89;1O;02840;US8636671013;STRYKER CORP.;USD;NEW YORK;111111;201;O;5798,000;0,000;0,000;0,000;359,7052;346,3813;2085570,9480;2008318,92;1,038466;363,7000;313,6426;2108732,6000;1818500,00;2108732,6000;1818500,00;355,0200;1,111;11,665;-9,452;0,938;0,773;0,204;2,445;0,205;0,000;0,000;0,0000;0,00;;;;DUSD;N069000;T300;;099796      STRYKER CORP.;359,70523421;346,38132459;363,70000000;313,64263539;355,02000000;5798,00000000;0,00000000;0,00000000;0,00000000;0,00000000;20251111
89;1O;00349;US8725401090;TJX COMPANIES INC.;USD;NEW YORK;111111;201;O;14466,000;0,000;0,000;0,000;120,1513;114,7711;1738109,7910;1660278,81;1,046878;146,1600;126,0434;2114350,5600;1823344,74;2114350,5600;1823344,74;146,7200;21,647;10,767;9,822;0,941;0,775;0,204;-0,382;0,205;0,000;0,000;0,0000;0,00;;;;DUSD;N069000;T300;;099796      TJX COMPANIES INC.;120,15137501;114,77110535;146,16000000;126,04346326;146,72000000;14466,00000000;0,00000000;0,00000000;0,00000000;0,00000000;20251111
89;1O;01357;US0530151036;AUTOMATIC DATA PROCESSING;USD;OTC;111111;201;O;8189,000;0,000;0,000;0,000;293,2872;281,0166;2401729,6370;2301245,15;1,043665;255,2000;220,0758;2089832,8000;1802201,45;2089832,8000;1802201,45;254,0600;-12,986;11,108;-21,686;0,930;0,766;0,202;0,449;0,203;0,000;0,000;0,0000;0,00;;;;DUSD;N069000;T300;;099798      AUTOMATIC DATA PROCESSING;293,28729234;281,01662596;255,20000000;220,07588823;254,06000000;8189,00000000;0,00000000;0,00000000;0,00000000;0,00000000;20251111
89;1O;03448;US8716071076;SYNOPSYS INC.;USD;OTC;111111;201;O;5286,000;0,000;0,000;0,000;498,1833;454,9332;2633397,4370;2404777,28;1,095069;395,6000;341,1521;2091141,6000;1803330,11;2091141,6000;1803330,11;400,7700;-20,591;5,893;-25,011;0,930;0,767;0,202;-1,290;0,203;0,000;0,000;0,0000;0,00;;;;DUSD;N069000;T300;;099798      SYNOPSYS INC.;498,18339708;454,93327279;395,60000000;341,15212142;400,77000000;5286,00000000;0,00000000;0,00000000;0,00000000;0,00000000;20251111
89;1O;00432;US0326541051;ANALOG DEVICES;USD;OTC;111111;201;O;8509,000;0,000;0,000;0,000;209,9380;201,6183;1786362,6110;1715570,70;1,041264;233,4100;201,2849;1986085,6900;1712733,43;1986085,6900;1712733,43;232,0000;11,180;11,365;-0,165;0,884;0,728;0,192;0,608;0,193;0,000;0,000;0,0000;0,00;;;;DUSD;N069000;T300;;099808      ANALOG DEVICES;209,93801986;201,61836878;233,41000000;201,28492583;232,00000000;8509,00000000;0,00000000;0,00000000;0,00000000;0,00000000;20251111
89;1O;06874;US9581021055;WESTERN DIGITAL CORP;USD;NEW YORK;111111;201;O;11704,000;0,000;0,000;0,000;42,9315;41,4566;502470,9250;485208,59;1,035577;169,9900;146,5936;1989562,9600;1715732,11;1989562,9600;1715732,11;174,2200;295,956;11,976;253,607;0,885;0,729;0,192;-2,428;0,193;0,000;0,000;0,0000;0,00;;;;DUSD;N069000;T300;;099808      WESTERN DIGITAL CORP;42,93155545;41,45664644;169,99000000;146,59365298;174,22000000;11704,00000000;0,00000000;0,00000000;0,00000000;0,00000000;20251111
89;1O;00035;US1011371077;BOSTON SCIENTIFIC CORP.;USD;NEW YORK;111111;201;O;18508,000;0,000;0,000;0,000;89,5096;86,0904;1656644,6990;1593361,74;1,039717;102,5000;88,3925;1897070,0000;1635969,30;1897070,0000;1635969,30;100,9100;14,513;11,530;2,674;0,844;0,696;0,183;1,576;0,184;0,000;0,000;0,0000;0,00;;;;DUSD;N069000;T300;;099817      BOSTON SCIENTIFIC CORP.;89,50965523;86,09043332;102,50000000;88,39254915;100,91000000;18508,00000000;0,00000000;0,00000000;0,00000000;0,00000000;20251111
89;1O;02043;US00724F1012;ADOBE SYSTEM INC.;USD;OTC;111111;201;O;5624,000;0,000;0,000;0,000;358,0233;304,9620;2013523,5400;1715106,41;1,173993;333,2200;287,3577;1874029,2800;1616099,76;1874029,2800;1616099,76;328,8500;-6,928;-1,226;-5,773;0,834;0,687;0,181;1,329;0,182;0,000;0,000;0,0000;0,00;;;;DUSD;N069000;T300;;099819      ADOBE SYSTEM INC.;358,02338904;304,96202169;333,22000000;287,35770955;328,85000000;5624,00000000;0,00000000;0,00000000;0,00000000;0,00000000;20251111
89;1O;23879;US95040Q1040;WELLTOWER INC;USD;NEW YORK;111111;201;O;9629,000;0,000;0,000;0,000;126,9230;121,9040;1222142,3430;1173814,53;1,041172;192,3100;165,8416;1851752,9900;1596889,44;1851752,9900;1596889,44;191,0600;51,517;11,374;36,043;0,824;0,679;0,179;0,654;0,180;0,000;0,000;0,0000;0,00;;;;DUSD;N069000;T300;;099821      WELLTOWER INC;126,92308059;121,90409492;192,31000000;165,84166954;191,06000000;9629,00000000;0,00000000;0,00000000;0,00000000;0,00000000;20251111
89;1O;11964;US74340W1036;PROLOGIS INC;USD;NEW YORK;111111;201;O;14610,000;0,000;0,000;0,000;104,9866;100,8280;1533854,2490;1473097,51;1,041244;126,2600;108,8823;1844658,6000;1590771,47;1844658,6000;1590771,47;124,9000;20,263;11,367;7,988;0,821;0,676;0,178;1,089;0,179;0,000;0,000;0,0000;0,00;;;;DUSD;N069000;T300;;099822      PROLOGIS INC;104,98660157;100,82802943;126,26000000;108,88237323;124,90000000;14610,00000000;0,00000000;0,00000000;0,00000000;0,00000000;20251111
89;1O;03191;US3755581036;GILEAD SCIENCES INC.;USD;OTC;111111;201;O;14929,000;0,000;0,000;0,000;104,4133;94,9078;1558786,3290;1416879,42;1,100155;122,5600;105,6916;1829698,2400;1577870,16;1829698,2400;1577870,16;118,1500;17,380;5,403;11,362;0,814;0,671;0,177;3,733;0,178;0,000;0,000;0,0000;0,00;;;;DUSD;N069000;T300;;099823      GILEAD SCIENCES INC.;104,41331160;94,90785853;122,56000000;105,69161779;118,15000000;14929,00000000;0,00000000;0,00000000;0,00000000;0,00000000;20251111
89;1O;00575;US0527691069;AUTODESK INC.;USD;OTC;111111;201;O;5922,000;0,000;0,000;0,000;295,3926;272,4174;1749315,3510;1613256,30;1,084338;301,8600;260,3139;1787614,9200;1541578,92;1787614,9200;1541578,92;298,7200;2,189;6,941;-4,443;0,795;0,655;0,173;1,051;0,174;0,000;0,000;0,0000;0,00;;;;DUSD;N069000;T300;;099827      AUTODESK INC.;295,39266312;272,41747720;301,86000000;260,31390134;298,72000000;5922,00000000;0,00000000;0,00000000;0,00000000;0,00000000;20251111
89;1O;04140;US92532F1003;VERTEX PHARMACEUTICALS INC.;USD;OTC;111111;201;O;4024,000;0,000;0,000;0,000;406,2200;390,4864;1634629,2890;1571317,34;1,040292;429,2200;370,1448;1727181,2800;1489462,99;1727181,2800;1489462,99;421,2000;5,662;11,469;-5,209;0,769;0,633;0,167;1,904;0,168;0,000;0,000;0,0000;0,00;;;;DUSD;N069000;T300;;099833      VERTEX PHARMACEUTICALS INC.;406,22000223;390,48641650;429,22000000;370,14487754;421,20000000;4024,00000000;0,00000000;0,00000000;0,00000000;0,00000000;20251111
89;1O;37453;US68902V1070;OTIS WORLDWIDE;USD;NEW YORK;111111;201;O;18744,000;0,000;0,000;0,000;93,5591;88,1558;1753671,9330;1652393,50;1,061292;90,3200;77,8889;1692958,0800;1459950,05;1692958,0800;1459950,05;90,2600;-3,462;9,263;-11,646;0,753;0,621;0,164;0,066;0,164;0,000;0,000;0,0000;0,00;;;;DUSD;N069000;T300;;099836      OTIS WORLDWIDE;93,55910867;88,15586321;90,32000000;77,88892721;90,26000000;18744,00000000;0,00000000;0,00000000;0,00000000;0,00000000;20251111
89;1O;00261;US5486611073;LOWE'S COMPANIES INC.;USD;NEW YORK;111111;201;O;7111,000;0,000;0,000;0,000;242,9450;230,8973;1727582,3250;1641911,35;1,052178;235,3400;202,9492;1673502,7400;1443172,42;1673502,7400;1443172,42;233,0300;-3,130;10,209;-12,104;0,745;0,614;0,162;0,991;0,163;0,000;0,000;0,0000;0,00;;;;DUSD;N069000;T300;;099838      LOWE'S COMPANIES INC.;242,94506047;230,89739136;235,34000000;202,94929285;233,03000000;7111,00000000;0,00000000;0,00000000;0,00000000;0,00000000;20251111
89;1O;01205;US9113121068;UNITED PARCEL SERVICE CL.B;USD;NEW YORK;111111;201;O;17555,000;0,000;0,000;0,000;123,7028;118,7914;2171603,2640;2085384,35;1,041344;95,0300;81,9506;1668251,6500;1438644,06;1668251,6500;1438644,06;93,0600;-23,179;11,356;-31,013;0,742;0,612;0,161;2,117;0,162;0,000;0,000;0,0000;0,00;;;;DUSD;N069000;T300;;099839      UNITED PARCEL SERVICE CL.B;123,70283474;118,79147536;95,03000000;81,95067264;93,06000000;17555,00000000;0,00000000;0,00000000;0,00000000;0,00000000;20251111
89;1O;12344;US98419M1009;XYLEM INC;USD;NEW YORK;111111;201;O;9954,000;0,000;0,000;0,000;118,5914;112,3327;1180459,6770;1118159,82;1,055716;149,7800;129,1652;1490910,1200;1285710,69;1490910,1200;1285710,69;151,0500;26,299;9,840;14,985;0,663;0,547;0,144;-0,841;0,145;0,000;0,000;0,0000;0,00;;;;DUSD;N069000;T300;;099856      XYLEM INC;118,59148854;112,33271247;149,78000000;129,16522938;151,05000000;9954,00000000;0,00000000;0,00000000;0,00000000;0,00000000;20251111
89;1O;00567;US2788651006;ECOLAB INC.;USD;NEW YORK;111111;201;O;5628,000;0,000;0,000;0,000;234,3779;224,9673;1319079,0700;1266116,07;1,041831;262,0500;225,9830;1474817,4000;1271832,87;1474817,4000;1271832,87;258,5600;11,807;11,304;0,452;0,656;0,541;0,143;1,350;0,143;0,000;0,000;0,0000;0,00;;;;DUSD;N069000;T300;;099857      ECOLAB INC.;234,37794420;224,96731876;262,05000000;225,98309761;258,56000000;5628,00000000;0,00000000;0,00000000;0,00000000;0,00000000;20251111
89;1O;00053;US1941621039;COLGATE PALMOLIVE CO.;USD;NEW YORK;111111;201;O;17323,000;0,000;0,000;0,000;82,4671;73,3226;1428577,7600;1270169,07;1,124715;79,4700;68,5322;1376658,8100;1187184,21;1376658,8100;1187184,21;78,4700;-3,634;3,102;-6,533;0,613;0,505;0,133;1,274;0,134;0,000;0,000;0,0000;0,00;;;;DUSD;N069000;T300;;099867      COLGATE PALMOLIVE CO.;82,46711077;73,32269641;79,47000000;68,53225250;78,47000000;17323,00000000;0,00000000;0,00000000;0,00000000;0,00000000;20251111
89;1O;37454;US14448C1045;CARRIER GLOBAL CORP;USD;NEW YORK;111111;201;O;24034,000;0,000;0,000;0,000;67,4654;63,6882;1621463,9470;1530682,58;1,059308;56,9700;49,1290;1369216,9800;1180766,63;1369216,9800;1180766,63;57,3300;-15,557;9,468;-22,860;0,609;0,502;0,132;-0,628;0,133;0,000;0,000;0,0000;0,00;;;;DUSD;N069000;T300;;099868      CARRIER GLOBAL CORP;67,46542177;63,68821586;56,97000000;49,12901000;57,33000000;24034,00000000;0,00000000;0,00000000;0,00000000;0,00000000;20251111
89;1O;19892;US29444U7000;EQUINIX INC;USD;OTC;111111;201;O;1610,000;0,000;0,000;0,000;931,1829;894,6873;1499204,5460;1440446,63;1,040791;821,0400;708,0372;1321874,4000;1139939,98;1321874,4000;1139939,98;828,1300;-11,828;11,415;-20,862;0,588;0,485;0,128;-0,856;0,128;0,000;0,000;0,0000;0,00;;;;DUSD;N069000;T300;;099872      EQUINIX INC;931,18294782;894,68734782;821,04000000;708,03725422;828,13000000;1610,00000000;0,00000000;0,00000000;0,00000000;0,00000000;20251111
89;1O;12297;US7512121010;POLO RALPH LAUREN CORP. NEW;USD;NEW YORK;111111;201;O;3751,000;0,000;0,000;0,000;285,2850;247,4694;1070104,2400;928257,93;1,152809;333,7800;287,8406;1252008,7800;1079690,22;1252008,7800;1079690,22;334,7100;16,999;0,589;16,314;0,557;0,459;0,121;-0,278;0,122;0,000;0,000;0,0000;0,00;;;;DUSD;N069000;T300;;099879      POLO RALPH LAUREN CORP. NEW;285,28505465;247,46945614;333,78000000;287,84063470;334,71000000;3751,00000000;0,00000000;0,00000000;0,00000000;0,00000000;20251111
89;1O;16468;US98978V1035;ZOETIS INC;USD;NEW YORK;111111;201;O;10199,000;0,000;0,000;0,000;162,2815;156,1385;1655110,0170;1592457,22;1,039343;120,1200;103,5874;1225103,8800;1056488,34;1225103,8800;1056488,34;119,7900;-25,981;11,570;-33,657;0,545;0,449;0,118;0,275;0,119;0,000;0,000;0,0000;0,00;;;;DUSD;N069000;T300;;099882      ZOETIS INC;162,28159790;156,13856456;120,12000000;103,58744394;119,79000000;10199,00000000;0,00000000;0,00000000;0,00000000;0,00000000;20251111
89;1O;00572;US2371941053;DARDEN RESTAURANTS;USD;NEW YORK;111111;201;O;6846,000;0,000;0,000;0,000;194,4863;178,4329;1331453,5370;1221551,79;1,089969;171,5900;147,9734;1174705,1400;1013026,16;1174705,1400;1013026,16;173,5900;-11,773;6,388;-17,071;0,523;0,431;0,114;-1,152;0,114;0,000;0,000;0,0000;0,00;;;;DUSD;N069000;T300;;099886      DARDEN RESTAURANTS;194,48634779;178,43292287;171,59000000;147,97343911;173,59000000;6846,00000000;0,00000000;0,00000000;0,00000000;0,00000000;20251111
89;1O;04564;US5797802064;MCCORMICK & CO NON VTG;USD;NEW YORK;111111;201;O;16933,000;0,000;0,000;0,000;69,7511;63,3617;1181095,9620;1072904,49;1,100840;65,7100;56,6660;1112667,4300;959526,93;1112667,4300;959526,93;64,3100;-5,794;5,338;-10,567;0,495;0,408;0,108;2,177;0,108;0,000;0,000;0,0000;0,00;;;;DUSD;N069000;T300;;099892      MCCORMICK & CO NON VTG;69,75113458;63,36174865;65,71000000;56,66609175;64,31000000;16933,00000000;0,00000000;0,00000000;0,00000000;0,00000000;20251111
89;1O;33770;US1255231003;CIGNA CORP ORD;USD;NEW YORK;111111;201;O;3978,000;0,000;0,000;0,000;278,4969;267,7132;1107861,0230;1064963,27;1,040281;268,0000;231,1141;1066104,0000;919372,20;1066104,0000;919372,20;258,1600;-3,769;11,470;-13,671;0,474;0,391;0,103;3,812;0,104;0,000;0,000;0,0000;0,00;;;;DUSD;N069000;T300;;099897      CIGNA CORP ORD;278,49698919;267,71324032;268,00000000;231,11417730;258,16000000;3978,00000000;0,00000000;0,00000000;0,00000000;0,00000000;20251111
89;1O;03366;US3021301094;EXPEDITORS INTL WASH INC.;USD;NEW YORK;111111;201;O;7532,000;0,000;0,000;0,000;110,7424;106,2998;834112,1550;800650,81;1,041793;139,5100;120,3087;1050789,3200;906165,33;1050789,3200;906165,33;140,4400;25,977;11,308;13,179;0,468;0,385;0,102;-0,662;0,102;0,000;0,000;0,0000;0,00;;;;DUSD;N069000;T300;;099898      EXPEDITORS INTL WASH INC.;110,74245286;106,29989511;139,51000000;120,30872714;140,44000000;7532,00000000;0,00000000;0,00000000;0,00000000;0,00000000;20251111
89;1O;08879;US0304201033;AMERICAN WATER WORKS CO INC;USD;NEW YORK;111111;201;O;7929,000;0,000;0,000;0,000;125,9625;120,7923;998757,0600;957762,20;1,042803;130,0100;112,1162;1030849,2900;888969,72;1030849,2900;888969,72;128,9400;3,213;11,200;-7,183;0,459;0,378;0,100;0,830;0,100;0,000;0,000;0,0000;0,00;;;;DUSD;N069000;T300;;099900      AMERICAN WATER WORKS CO INC;125,96255013;120,79230672;130,01000000;112,11624698;128,94000000;7929,00000000;0,00000000;0,00000000;0,00000000;0,00000000;20251111
89;1O;19628;US0367521038;ELEVANCE HEALTH INC;USD;NEW YORK;111111;201;O;3244,000;0,000;0,000;0,000;371,9418;357,5574;1206579,3660;1159916,45;1,040230;315,2500;271,8609;1022671,0000;881917,04;1022671,0000;881917,04;303,7800;-15,242;11,475;-23,967;0,455;0,375;0,099;3,776;0,099;0,000;0,000;0,0000;0,00;;;;DUSD;N069000;T300;;099901      ELEVANCE HEALTH INC;371,94185141;357,55747533;315,25000000;271,86098654;303,78000000;3244,00000000;0,00000000;0,00000000;0,00000000;0,00000000;20251111
89;1O;33782;US24703L2025;DELL TECHS-ORD SHS CL C;USD;NEW YORK;111111;201;O;7337,000;0,000;0,000;0,000;129,9465;117,8213;953418,0770;864455,39;1,102912;138,7600;119,6619;1018082,1200;877959,74;1018082,1200;877959,74;142,6900;6,782;5,140;1,562;0,453;0,373;0,098;-2,754;0,099;0,000;0,000;0,0000;0,00;;;;DUSD;N069000;T300;;099902      DELL TECHS-ORD SHS CL C;129,94658266;117,82136977;138,76000000;119,66195239;142,69000000;7337,00000000;0,00000000;0,00000000;0,00000000;0,00000000;20251111
89;1O;00530;US0758871091;BECTON DICKINSON;USD;NEW YORK;111111;201;O;5315,000;0,000;0,000;0,000;225,7538;217,2585;1199881,6830;1154729,21;1,039102;189,0200;163,0044;1004641,3000;866368,83;1004641,3000;866368,83;181,6400;-16,272;11,596;-24,972;0,447;0,368;0,097;4,063;0,098;0,000;0,000;0,0000;0,00;;;;DUSD;N069000;T300;;099903      BECTON DICKINSON;225,75384440;217,25855315;189,02000000;163,00448430;181,64000000;5315,00000000;0,00000000;0,00000000;0,00000000;0,00000000;20251111
89;1O;08129;US90384S3031;ULTA BEAUTY INC;USD;OTC;111111;201;O;1899,000;0,000;0,000;0,000;507,6129;435,9892;963957,0700;827943,68;1,164279;522,8300;450,8709;992854,1700;856204,01;992854,1700;856204,01;516,5600;2,998;-0,402;3,413;0,442;0,364;0,096;1,214;0,096;0,000;0,000;0,0000;0,00;;;;DUSD;N069000;T300;;099904      ULTA BEAUTY INC;507,61299104;435,98929963;522,83000000;450,87098999;516,56000000;1899,00000000;0,00000000;0,00000000;0,00000000;0,00000000;20251111
89;1O;00316;US5745991068;MASCO CORP.;USD;NEW YORK;111111;201;O;15818,000;0,000;0,000;0,000;74,4919;68,4438;1178313,4430;1082645,42;1,088365;61,9300;53,4063;979608,7400;844781,60;979608,7400;844781,60;61,4700;-16,863;6,545;-21,971;0,436;0,359;0,095;0,748;0,095;0,000;0,000;0,0000;0,00;;;;DUSD;N069000;T300;;099905      MASCO CORP.;74,49193595;68,44388797;61,93000000;53,40634701;61,47000000;15818,00000000;0,00000000;0,00000000;0,00000000;0,00000000;20251111
89;1O;00426;US5951121038;MICRON TECHNOLOGY INC.;USD;OTC;111111;201;O;3972,000;0,000;0,000;0,000;99,2648;87,5687;394280,0530;347822,91;1,133566;241,1100;207,9251;957688,9200;825878,68;957688,9200;825878,68;253,3000;142,896;2,297;137,442;0,426;0,351;0,093;-4,812;0,093;0,000;0,000;0,0000;0,00;;;;DUSD;N069000;T300;;099907      MICRON TECHNOLOGY INC.;99,26486732;87,56870845;241,11000000;207,92514660;253,30000000;3972,00000000;0,00000000;0,00000000;0,00000000;0,00000000;20251111
89;1O;00549;US4180561072;HASBRO INC.;USD;NEW YORK;111111;201;O;12104,000;0,000;0,000;0,000;65,8689;57,9883;797277,3410;701890,88;1,135899;78,4300;67,6353;949316,7200;818658,78;949316,7200;818658,78;78,1500;19,070;2,087;16,636;0,422;0,348;0,092;0,358;0,092;0,000;0,000;0,0000;0,00;;;;DUSD;N069000;T300;;099908      HASBRO INC.;65,86891449;57,98834104;78,43000000;67,63539151;78,15000000;12104,00000000;0,00000000;0,00000000;0,00000000;0,00000000;20251111
89;1O;00104;US4595061015;INTERNATIONAL FLAVORS & FRAGRANCES INC.;USD;NEW YORK;111111;201;O;14519,000;0,000;0,000;0,000;82,0541;76,8596;1191344,8120;1115925,11;1,067585;65,3100;56,3211;948235,8900;817726,71;948235,8900;817726,71;62,7800;-20,406;8,619;-26,722;0,422;0,348;0,092;4,030;0,092;0,000;0,000;0,0000;0,00;;;;DUSD;N069000;T300;;099908      INTERNATIONAL FLAVORS & FRAGRANCES INC.;82,05419188;76,85963978;65,31000000;56,32114522;62,78000000;14519,00000000;0,00000000;0,00000000;0,00000000;0,00000000;20251111
89;1O;00212;US8718291078;SYSCO CORP.;USD;NEW YORK;111111;201;O;12478,000;0,000;0,000;0,000;75,9834;72,9038;948121,4720;909693,98;1,042242;75,4900;65,1000;941964,2200;812318,23;941964,2200;812318,23;74,5800;-0,649;11,260;-10,704;0,419;0,345;0,091;1,220;0,091;0,000;0,000;0,0000;0,00;;;;DUSD;N069000;T300;;099909      SYSCO CORP.;75,98344863;72,90382913;75,49000000;65,10003449;74,58000000;12478,00000000;0,00000000;0,00000000;0,00000000;0,00000000;20251111
89;1O;04388;US2533931026;DICK'S SPORTING GOODS INC.;USD;NEW YORK;111111;201;O;4162,000;0,000;0,000;0,000;218,5230;194,9768;909492,9560;811493,47;1,120764;217,9900;187,9872;907274,3800;782402,88;907274,3800;782402,88;219,6200;-0,244;3,465;-3,585;0,404;0,333;0,088;-0,742;0,088;0,000;0,000;0,0000;0,00;;;;DUSD;N069000;T300;;099912      DICK'S SPORTING GOODS INC.;218,52305526;194,97680682;217,99000000;187,98723697;219,62000000;4162,00000000;0,00000000;0,00000000;0,00000000;0,00000000;20251111
89;1O;13633;US8923561067;TRACTOR SUPPLY COMPANY;USD;OTC;111111;201;O;15660,000;0,000;0,000;0,000;56,8716;50,4152;890610,7880;789503,54;1,128064;55,9400;48,2407;876020,4000;755450,50;876020,4000;755450,50;55,4600;-1,638;2,796;-4,313;0,390;0,321;0,085;0,865;0,085;0,000;0,000;0,0000;0,00;;;;DUSD;N069000;T300;;099915      TRACTOR SUPPLY COMPANY;56,87169782;50,41529629;55,94000000;48,24077268;55,46000000;15660,00000000;0,00000000;0,00000000;0,00000000;0,00000000;20251111
89;1O;00399;US5184391044;ESTEE LAUDER COMPANIES CLA;USD;NEW YORK;111111;201;O;9314,000;0,000;0,000;0,000;92,0889;78,6110;857716,2450;732182,94;1,171451;90,8400;78,3373;846083,7600;729634,15;846083,7600;729634,15;89,6300;-1,356;-1,012;-0,348;0,376;0,310;0,082;1,350;0,082;0,000;0,000;0,0000;0,00;;;;DUSD;N069000;T300;;099918      ESTEE LAUDER COMPANIES CLA;92,08892473;78,61100923;90,84000000;78,33735770;89,63000000;9314,00000000;0,00000000;0,00000000;0,00000000;0,00000000;20251111
89;1O;01310;US0865161014;BEST BUY COMPANY INC.;USD;NEW YORK;111111;201;O;10577,000;0,000;0,000;0,000;76,9821;65,5393;814239,7300;693209,66;1,174594;77,6800;66,9886;821621,3600;708538,60;821621,3600;708538,60;78,1500;0,907;-1,277;2,211;0,366;0,301;0,079;-0,601;0,080;0,000;0,000;0,0000;0,00;;;;DUSD;N069000;T300;;099921      BEST BUY COMPANY INC.;76,98210551;65,53934575;77,68000000;66,98861676;78,15000000;10577,00000000;0,00000000;0,00000000;0,00000000;0,00000000;20251111
89;1O;07927;US2538681030;DIGITAL REALTY TRUST INC;USD;NEW YORK;111111;201;O;4845,000;0,000;0,000;0,000;174,8956;167,9936;847369,4100;813929,28;1,041085;168,5700;145,3690;816721,6500;704313,25;816721,6500;704313,25;169,2100;-3,617;11,384;-13,468;0,363;0,299;0,079;-0,378;0,079;0,000;0,000;0,0000;0,00;;;;DUSD;N069000;T300;;099921      DIGITAL REALTY TRUST INC;174,89564705;167,99365944;168,57000000;145,36909279;169,21000000;4845,00000000;0,00000000;0,00000000;0,00000000;0,00000000;20251111
89;1O;23399;US70450Y1038;PAYPAL HOLDINGS INC-W/I;USD;OTC;111111;201;O;11948,000;0,000;0,000;0,000;67,5125;57,3451;806639,3500;685160,40;1,177300;67,4000;58,1234;805295,2000;694459,47;805295,2000;694459,47;66,2500;-0,167;-1,503;1,357;0,358;0,295;0,078;1,736;0,078;0,000;0,000;0,0000;0,00;;;;DUSD;N069000;T300;;099922      PAYPAL HOLDINGS INC-W/I;67,51250000;57,34519584;67,40000000;58,12349085;66,25000000;11948,00000000;0,00000000;0,00000000;0,00000000;0,00000000;20251111
89;1O;04293;US12504L1098;CB RICHARD ELLIS GROUP INC. -CL A;USD;NEW YORK;111111;201;O;4829,000;0,000;0,000;0,000;130,1069;124,9210;628286,5690;603243,95;1,041513;154,9000;133,5805;748012,1000;645060,45;748012,1000;645060,45;151,8300;19,056;11,338;6,932;0,333;0,274;0,072;2,022;0,073;0,000;0,000;0,0000;0,00;;;;DUSD;N069000;T300;;099928      CB RICHARD ELLIS GROUP INC. -CL A;130,10697225;124,92109132;154,90000000;133,58054501;151,83000000;4829,00000000;0,00000000;0,00000000;0,00000000;0,00000000;20251111
89;1O;36719;US52736R1023;LEVI STRAUSS & CO CLASS A;USD;NEW YORK;111111;201;O;32469,000;0,000;0,000;0,000;19,9470;17,2455;647659,5140;559946,28;1,156646;21,3700;18,4287;693862,5300;598363,69;693862,5300;598363,69;21,0900;7,134;0,255;6,861;0,309;0,254;0,067;1,328;0,067;0,000;0,000;0,0000;0,00;;;;DUSD;N069000;T300;;099933      LEVI STRAUSS & CO CLASS A;19,94701142;17,24556592;21,37000000;18,42876854;21,09000000;32469,00000000;0,00000000;0,00000000;0,00000000;0,00000000;20251111
89;1O;02976;US9884981013;YUM BRANDS INC.;USD;NEW YORK;111111;201;O;4514,000;0,000;0,000;0,000;145,5405;125,9356;656969,9000;568473,73;1,155673;150,7500;130,0017;680485,5000;586827,79;680485,5000;586827,79;148,2600;3,579;0,340;3,229;0,303;0,249;0,066;1,679;0,066;0,000;0,000;0,0000;0,00;;;;DUSD;N069000;T300;;099934      YUM BRANDS INC.;145,54051838;125,93569561;150,75000000;130,00172473;148,26000000;4514,00000000;0,00000000;0,00000000;0,00000000;0,00000000;20251111
89;1O;01215;US00846U1016;AGILENT TECHNOLOGIES INC.;USD;NEW YORK;111111;201;O;4524,000;0,000;0,000;0,000;132,9368;127,9949;601406,4030;579049,29;1,038610;149,4200;128,8547;675976,0800;582939,01;675976,0800;582939,01;146,3600;12,399;11,649;0,672;0,301;0,248;0,065;2,091;0,066;0,000;0,000;0,0000;0,00;;;;DUSD;N069000;T300;;099935      AGILENT TECHNOLOGIES INC.;132,93687069;127,99498010;149,42000000;128,85477750;146,36000000;4524,00000000;0,00000000;0,00000000;0,00000000;0,00000000;20251111
89;1O;07900;US5500211090;LULULEMON ATHLETICA INC;USD;OTC;111111;201;O;3834,000;0,000;0,000;0,000;176,2529;151,5816;675753,8200;581163,87;1,162760;169,8100;146,4384;651051,5400;561444,93;651051,5400;561444,93;170,3500;-3,656;-0,272;-3,393;0,290;0,239;0,063;-0,317;0,063;0,000;0,000;0,0000;0,00;;;;DUSD;N069000;T300;;099937      LULULEMON ATHLETICA INC;176,25295253;151,58160406;169,81000000;146,43842704;170,35000000;3834,00000000;0,00000000;0,00000000;0,00000000;0,00000000;20251111
89;1O;09755;US92276F1003;VENTAS INC;USD;NEW YORK;111111;201;O;8530,000;0,000;0,000;0,000;59,4046;56,9577;506721,5750;485849,29;1,042960;76,1700;65,6864;649730,1000;560305,36;649730,1000;560305,36;75,9700;28,222;11,184;15,325;0,289;0,238;0,063;0,263;0,063;0,000;0,000;0,0000;0,00;;;;DUSD;N069000;T300;;099937      VENTAS INC;59,40463950;56,95771277;76,17000000;65,68644360;75,97000000;8530,00000000;0,00000000;0,00000000;0,00000000;0,00000000;20251111
89;1O;08920;US49271V1008;KUERIG DR PEPPER;USD;NEW YORK;111111;201;O;23914,000;0,000;0,000;0,000;29,1755;25,0382;697704,7500;598764,85;1,165240;26,7300;23,0510;639221,2200;551242,86;639221,2200;551242,86;26,1200;-8,382;-0,484;-7,937;0,284;0,234;0,062;2,335;0,062;0,000;0,000;0,0000;0,00;;;;DUSD;N069000;T300;;099938      KUERIG DR PEPPER;29,17557706;25,03825583;26,73000000;23,05105208;26,12000000;23914,00000000;0,00000000;0,00000000;0,00000000;0,00000000;20251111
89;1O;32178;US3802371076;GODADDY-ORD SHS CL A;USD;NEW YORK;111111;201;O;4702,000;0,000;0,000;0,000;195,3495;187,5161;918533,7340;881701,07;1,041775;131,6700;113,5477;619112,3400;533901,64;619112,3400;533901,64;131,4500;-32,598;11,310;-39,446;0,275;0,227;0,060;0,167;0,060;0,000;0,000;0,0000;0,00;;;;DUSD;N069000;T300;;099940      GODADDY-ORD SHS CL A;195,34958188;187,51617822;131,67000000;113,54777509;131,45000000;4702,00000000;0,00000000;0,00000000;0,00000000;0,00000000;20251111
89;1O;09902;US28176E1082;EDWARDS LIFESCIENCES CORP;USD;NEW YORK;111111;201;O;6876,000;0,000;0,000;0,000;73,8145;71,0241;507548,9280;488362,35;1,039288;85,1600;73,4391;585560,1600;504967,37;585560,1600;504967,37;84,0800;15,370;11,576;3,400;0,261;0,215;0,057;1,284;0,057;0,000;0,000;0,0000;0,00;;;;DUSD;N069000;T300;;099943      EDWARDS LIFESCIENCES CORP;73,81456195;71,02419284;85,16000000;73,43911693;84,08000000;6876,00000000;0,00000000;0,00000000;0,00000000;0,00000000;20251111
89;1O;03963;US1273871087;CADENCE DESIGN SYS INC.;USD;OTC;111111;201;O;1752,000;0,000;0,000;0,000;372,5422;316,4377;652693,9390;554399,00;1,177300;318,5100;274,6723;558029,5200;481225,87;558029,5200;481225,87;328,9400;-14,504;-1,503;-13,199;0,248;0,205;0,054;-3,171;0,054;0,000;0,000;0,0000;0,00;;;;DUSD;N069000;T300;;099946      CADENCE DESIGN SYS INC.;372,54220262;316,43778538;318,51000000;274,67230079;328,94000000;1752,00000000;0,00000000;0,00000000;0,00000000;0,00000000;20251111
89;1O;05346;US1924461023;COGNIZANT TECH SOLUTIONS A;USD;OTC;111111;201;O;6657,000;0,000;0,000;0,000;76,4175;73,3887;508711,3040;488549,24;1,041269;73,1300;63,0648;486826,4100;419822,71;486826,4100;419822,71;72,8800;-4,302;11,364;-14,067;0,217;0,178;0,047;0,343;0,047;0,000;0,000;0,0000;0,00;;;;DUSD;N069000;T300;;099953      COGNIZANT TECH SOLUTIONS A;76,41750097;73,38879976;73,13000000;63,06484994;72,88000000;6657,00000000;0,00000000;0,00000000;0,00000000;0,00000000;20251111
89;1O;37182;US45687V1061;INGERSOLL RAND-ORD SHS;USD;NEW YORK;111111;201;O;6249,000;0,000;0,000;0,000;89,1405;85,6269;557039,1830;535082,91;1,041033;77,3300;66,6867;483235,1700;416725,74;483235,1700;416725,74;77,2500;-13,249;11,389;-22,119;0,215;0,177;0,047;0,104;0,047;0,000;0,000;0,0000;0,00;;;;DUSD;N069000;T300;;099953      INGERSOLL RAND-ORD SHS;89,14053176;85,62696591;77,33000000;66,68678854;77,25000000;6249,00000000;0,00000000;0,00000000;0,00000000;0,00000000;20251111
89;1O;04020;US0534841012;AVALONBAY COMMUNITIES INC.;USD;NEW YORK;111111;201;O;2490,000;0,000;0,000;0,000;217,9485;209,2680;542691,8040;521077,51;1,041480;178,8400;154,2255;445311,6000;384021,73;445311,6000;384021,73;176,7500;-17,944;11,342;-26,302;0,198;0,163;0,043;1,182;0,043;0,000;0,000;0,0000;0,00;;;;DUSD;N069000;T300;;099957      AVALONBAY COMMUNITIES INC.;217,94851566;209,26807630;178,84000000;154,22559503;176,75000000;2490,00000000;0,00000000;0,00000000;0,00000000;0,00000000;20251111
89;1O;02074;US98956P1021;ZIMMER HOLDINGS INC.;USD;NEW YORK;111111;201;O;4787,000;0,000;0,000;0,000;105,5077;101,5981;505065,6620;486350,20;1,038481;88,5000;76,3194;423649,5000;365341,07;423649,5000;365341,07;88,7300;-16,120;11,663;-24,881;0,189;0,155;0,041;-0,259;0,041;0,000;0,000;0,0000;0,00;;;;DUSD;N069000;T300;;099959      ZIMMER HOLDINGS INC.;105,50776310;101,59811990;88,50000000;76,31942048;88,73000000;4787,00000000;0,00000000;0,00000000;0,00000000;0,00000000;20251111
89;1O;03754;US09062X1037;BIOGEN  INC.;USD;OTC;111111;201;O;1630,000;0,000;0,000;0,000;151,2565;145,6353;246548,1520;237385,59;1,038598;159,5600;137,5991;260082,8000;224286,65;260082,8000;224286,65;156,2600;5,490;11,651;-5,518;0,116;0,095;0,025;2,112;0,025;0,000;0,000;0,0000;0,00;;;;DUSD;N069000;T300;;099975      BIOGEN  INC.;151,25653496;145,63533128;159,56000000;137,59917212;156,26000000;1630,00000000;0,00000000;0,00000000;0,00000000;0,00000000;20251111
89;1O;00525;US4278661081;HERSHEY CO.;USD;NEW YORK;111111;201;O;1480,000;0,000;0,000;0,000;173,8151;149,8922;257246,3500;221840,59;1,159600;172,7200;148,9479;255625,6000;220442,91;255625,6000;220442,91;168,9100;-0,630;0,000;-0,630;0,114;0,094;0,025;2,256;0,025;0,000;0,000;0,0000;0,00;;;;DUSD;N069000;T300;;099975      HERSHEY CO.;173,81510135;149,89229054;172,72000000;148,94791307;168,91000000;1480,00000000;0,00000000;0,00000000;0,00000000;0,00000000;20251111
89;1O;06332;US48020Q1076;JONES LANG LASALLE INC;USD;NEW YORK;111111;201;O;728,000;0,000;0,000;0,000;249,5325;239,4847;181659,7120;174344,91;1,041956;308,5400;266,0745;224617,1200;193702,24;224617,1200;193702,24;299,7700;23,647;11,291;11,103;0,100;0,082;0,022;2,926;0,022;0,000;0,000;0,0000;0,00;;;;DUSD;N069000;T300;;099978      JONES LANG LASALLE INC;249,53257142;239,48476648;308,54000000;266,07450845;299,77000000;728,00000000;0,00000000;0,00000000;0,00000000;0,00000000;20251111
89;1O;00814;US1011211018;BOSTON PROPERTIES INC.;USD;NEW YORK;111111;201;O;2223,000;0,000;0,000;0,000;73,9595;71,0920;164412,1790;158037,68;1,040335;72,4200;62,4525;160989,6600;138832,06;160989,6600;138832,06;71,6100;-2,082;11,464;-12,153;0,072;0,059;0,016;1,131;0,016;0,000;0,000;0,0000;0,00;;;;DUSD;N069000;T300;;099984      BOSTON PROPERTIES INC.;73,95959469;71,09207377;72,42000000;62,45256985;71,61000000;2223,00000000;0,00000000;0,00000000;0,00000000;0,00000000;20251111
89;1O;03392;CH0013841017;LONZA GROUP AG-REG;CHF;VIRTX;111111;201;O;4599,000;0,000;0,000;0,000;534,7297;570,4062;2459222,0630;2623298,14;0,937454;552,8000;595,9465;2542327,2000;2740758,09;2542327,2000;2740758,09;534,0000;3,379;-1,051;4,478;37,159;1,165;0,307;3,521;0,309;0,000;0,000;0,0000;0,00;;;;DCHF;N071000;T300;;099693      LONZA GROUP AG-REG;534,72973755;570,40620569;552,80000000;595,94652867;534,00000000;4599,00000000;0,00000000;0,00000000;0,00000000;0,00000000;20251111
89;1O;01930;CH0012221716;ABB LTD - NOM;CHF;VIRTX;111111;201;O;24632,000;0,000;0,000;0,000;58,6011;62,8104;1443464,4430;1547147,54;0,932984;57,0800;61,5351;1405994,5600;1515733,68;1405994,5600;1515733,68;56,8200;-2,596;-0,577;-2,030;20,550;0,644;0,170;0,458;0,171;0,000;0,000;0,0000;0,00;;;;DCHF;N071000;T300;;099830      ABB LTD - NOM;58,60118719;62,81047174;57,08000000;61,53514445;56,82000000;24632,00000000;0,00000000;0,00000000;0,00000000;0,00000000;20251111
89;1O;01931;CH0012005267;NOVARTIS AG - NOM.;CHF;VIRTX;111111;201;O;11513,000;0,000;0,000;0,000;101,4821;108,2592;1168364,5680;1246388,49;0,937400;104,0800;112,2035;1198273,0400;1291799,31;1198273,0400;1291799,31;102,2000;2,560;-1,045;3,643;17,514;0,549;0,145;1,840;0,145;0,000;0,000;0,0000;0,00;;;;DCHF;N071000;T300;;099855      NOVARTIS AG - NOM.;101,48219994;108,25922782;104,08000000;112,20353600;102,20000000;11513,00000000;0,00000000;0,00000000;0,00000000;0,00000000;20251111
89;1O;39064;CH0025751329;LOGITECH INTL SA;USD;OTC;111111;201;O;18785,000;0,000;0,000;0,000;82,3500;79,5191;1546944,7500;1493766,66;1,035600;119,9700;103,4580;2253636,4500;1943460,20;2253636,4500;1943460,20;122,0300;45,683;11,974;30,105;1,003;0,826;0,218;-1,688;0,219;0,000;0,000;0,0000;0,00;;;;DUSD;N071000;T300;;099782      LOGITECH INTL SA;82,35000000;79,51911951;119,97000000;103,45808899;122,03000000;18785,00000000;0,00000000;0,00000000;0,00000000;0,00000000;20251111
89;1O;60381;IE000IVNQZ81;TE CONNECTIVITY PLC;USD;NEW YORK;111111;201;O;5872,000;0,000;0,000;0,000;142,9700;138,0552;839519,8400;810660,33;1,035600;247,1600;213,1424;1451323,5200;1251572,54;1451323,5200;1251572,54;247,7600;72,875;11,974;54,389;0,646;0,532;0,140;-0,242;0,141;0,000;0,000;0,0000;0,00;;;;DUSD;N071000;T300;;099860      TE CONNECTIVITY PLC;142,97000000;138,05523331;247,16000000;213,14246291;247,76000000;5872,00000000;0,00000000;0,00000000;0,00000000;0,00000000;20251111
89;1O;00872;KR7000660001;SK HYNIX INC.;KRW;SEOUL;111111;201;O;3156,000;0,000;0,000;0,000;354949,6974;216,9901;1120221245,0000;684820,77;1635,787485;619000,0000;364,6954;1953564000,0000;1150978,92;1953564000,0000;1150978,92;606000,0000;74,391;3,761;68,070;67,214;0,489;0,129;2,145;0,130;0,000;0,000;0,0000;0,00;;;;DKRW;N084000;T300;;099871      SK HYNIX INC.;354949,69740177;216,99010456;619000,00000000;364,69547485;606000,00000000;3156,00000000;0,00000000;0,00000000;0,00000000;0,00000000;20251111
89;1O;02748;KR7066570003;LG ELECTRONICS INC.;KRW;SEOUL;111111;201;O;10518,000;0,000;0,000;0,000;82505,8561;53,9236;867796595,2650;567169,16;1530,048981;90600,0000;53,3786;952930800,0000;561437,08;952930800,0000;561437,08;89600,0000;9,810;10,932;-1,011;32,786;0,239;0,063;1,116;0,063;0,000;0,000;0,0000;0,00;;;;DKRW;N084000;T300;;099937      LG ELECTRONICS INC.;82505,85617655;53,92366989;90600,00000000;53,37869147;89600,00000000;10518,00000000;0,00000000;0,00000000;0,00000000;0,00000000;20251111
89;1O;09635;JP3651210001;NABTESCO CORP;JPY;TOKYO;111111;201;O;115808,000;0,000;0,000;0,000;2798,4724;17,1920;324085497,6240;1990978,88;162,776964;3449,0000;19,3123;399421792,0000;2236529,44;399421792,0000;2236529,44;3418,0000;23,246;9,715;12,333;8,200;0,951;0,251;0,907;0,252;0,000;0,000;0,0000;0,00;;;;DJPY;N088000;T300;;099749      NABTESCO CORP;2798,47245116;17,19206686;3449,00000000;19,31239151;3418,00000000;115808,00000000;0,00000000;0,00000000;0,00000000;0,00000000;20251111
89;1O;00664;JP3266400005;KUBOTA CORP.;JPY;TOKYO;111111;201;O;162800,000;0,000;0,000;0,000;1694,3036;10,1535;275832633,1100;1652997,02;166,868197;2123,5000;11,8903;345705800,0000;1935751,16;345705800,0000;1935751,16;2105,5000;25,332;7,025;17,106;7,097;0,823;0,217;0,855;0,218;0,000;0,000;0,0000;0,00;;;;DJPY;N088000;T300;;099783      KUBOTA CORP.;1694,30364318;10,15354434;2123,50000000;11,89036340;2105,50000000;162800,00000000;0,00000000;0,00000000;0,00000000;0,00000000;20251111
89;1O;00810;JP3205800000;KAO CORP.;JPY;TOKYO;111111;201;O;49300,000;0,000;0,000;0,000;6306,3047;39,0963;310900823,9970;1927447,99;161,301797;6610,0000;37,0121;325873000,0000;1824699,03;325873000,0000;1824699,03;6605,0000;4,816;10,718;-5,331;6,690;0,776;0,205;0,076;0,205;0,000;0,000;0,0000;0,00;;;;DJPY;N088000;T300;;099795      KAO CORP.;6306,30474638;39,09630811;6610,00000000;37,01215073;6605,00000000;49300,00000000;0,00000000;0,00000000;0,00000000;0,00000000;20251111
89;1O;00117;JP3270000007;KURITA WATER INDUSTRIES LTD.;JPY;TOKYO;111111;201;O;51100,000;0,000;0,000;0,000;5310,0641;32,1746;271344277,0170;1644123,70;165,038845;6374,0000;35,6906;325711400,0000;1823794,17;325711400,0000;1823794,17;6545,0000;20,036;8,211;10,928;6,687;0,775;0,204;-2,613;0,205;0,000;0,000;0,0000;0,00;;;;DJPY;N088000;T300;;099796      KURITA WATER INDUSTRIES LTD.;5310,06412949;32,17463209;6374,00000000;35,69068816;6545,00000000;51100,00000000;0,00000000;0,00000000;0,00000000;0,00000000;20251111
89;1O;00196;JP3435000009;SONY CORP.;JPY;TOKYO;111111;201;O;64700,000;0,000;0,000;0,000;3192,2477;19,6814;206538428,9330;1273391,53;162,195542;4520,0000;25,3093;292444000,0000;1637516,10;292444000,0000;1637516,10;4284,0000;41,593;10,108;28,595;6,004;0,696;0,184;5,509;0,184;0,000;0,000;0,0000;0,00;;;;DJPY;N088000;T300;;099816      SONY CORP.;3192,24774239;19,68147650;4520,00000000;25,30936782;4284,00000000;64700,00000000;0,00000000;0,00000000;0,00000000;0,00000000;20251111
89;1O;00433;JP3596200000;TOTO LTD.;JPY;TOKYO;111111;201;O;72400,000;0,000;0,000;0,000;3842,1388;23,3965;278170856,0000;1693907,96;164,218401;3877,0000;21,7089;280694800,0000;1571727,42;280694800,0000;1571727,42;3918,0000;0,907;8,752;-7,213;5,763;0,668;0,176;-1,046;0,177;0,000;0,000;0,0000;0,00;;;;DJPY;N088000;T300;;099824      TOTO LTD.;3842,13889502;23,39651878;3877,00000000;21,70894227;3918,00000000;72400,00000000;0,00000000;0,00000000;0,00000000;0,00000000;20251111
89;1O;00163;JP3190000004;OBAYASHI CORP.;JPY;TOKYO;111111;201;O;93800,000;0,000;0,000;0,000;2088,7865;12,8313;195928181,8140;1203578,12;162,788089;2863,0000;16,0311;268549400,0000;1503720,25;268549400,0000;1503720,25;2832,5000;37,065;9,707;24,937;5,513;0,639;0,169;1,077;0,169;0,000;0,000;0,0000;0,00;;;;DJPY;N088000;T300;;099831      OBAYASHI CORP.;2088,78658650;12,83132324;2863,00000000;16,03113276;2832,50000000;93800,00000000;0,00000000;0,00000000;0,00000000;0,00000000;20251111
89;1O;00144;JP3914400001;MURATA MANUFACTURING CO.LTD.;JPY;TOKYO;111111;201;O;83000,000;0,000;0,000;0,000;2492,8009;15,1854;206902480,8880;1260390,16;164,157487;3178,0000;17,7949;263774000,0000;1476980,79;263774000,0000;1476980,79;3229,0000;27,487;8,792;17,184;5,415;0,628;0,166;-1,579;0,166;0,000;0,000;0,0000;0,00;;;;DJPY;N088000;T300;;099834      MURATA MANUFACTURING CO.LTD.;2492,80097455;15,18542361;3178,00000000;17,79494932;3229,00000000;83000,00000000;0,00000000;0,00000000;0,00000000;0,00000000;20251111
89;1O;00447;JP3571400005;TOKYO ELECTRON LTD.;JPY;TOKYO;111111;201;O;7000,000;0,000;0,000;0,000;27438,8315;157,0074;192071821,0000;1099052,37;174,761300;34190,0000;191,4440;239330000,0000;1340108,63;239330000,0000;1340108,63;34200,0000;24,604;2,191;21,933;4,913;0,570;0,150;-0,029;0,151;0,000;0,000;0,0000;0,00;;;;DJPY;N088000;T300;;099850      TOKYO ELECTRON LTD.;27438,83157142;157,00748142;34190,00000000;191,44408981;34200,00000000;7000,00000000;0,00000000;0,00000000;0,00000000;0,00000000;20251111
89;1O;00096;JP3854600008;HONDA MOTOR CO.;JPY;TOKYO;111111;201;O;145400,000;0,000;0,000;0,000;1541,7300;9,1304;224167542,0960;1327562,92;168,856435;1523,5000;8,5307;221516900,0000;1240365,64;221516900,0000;1240365,64;1511,0000;-1,182;5,764;-6,568;4,548;0,527;0,139;0,827;0,140;0,000;0,000;0,0000;0,00;;;;DJPY;N088000;T300;;099861      HONDA MOTOR CO.;1541,73000066;9,13041898;1523,50000000;8,53071280;1511,00000000;145400,00000000;0,00000000;0,00000000;0,00000000;0,00000000;20251111
89;1O;03334;JP3148800000;IBIDEN CO. LTD.;JPY;TOKYO;111111;201;O;16271,000;0,000;0,000;0,000;4739,1530;29,1287;77110759,3530;473954,39;162,696582;13375,0000;74,8922;217624625,0000;1218571,17;217624625,0000;1218571,17;13035,0000;182,223;9,769;157,107;4,468;0,518;0,137;2,608;0,137;0,000;0,000;0,0000;0,00;;;;DJPY;N088000;T300;;099863      IBIDEN CO. LTD.;4739,15305469;29,12878065;13375,00000000;74,89221121;13035,00000000;16271,00000000;0,00000000;0,00000000;0,00000000;0,00000000;20251111
89;1O;00216;JP3538800008;TDK CORP.;JPY;TOKYO;111111;201;O;89100,000;0,000;0,000;0,000;1793,7811;11,0370;159825904,5240;983402,37;162,523408;2448,5000;13,7101;218161350,0000;1221576,52;218161350,0000;1221576,52;2505,5000;36,499;9,886;24,219;4,479;0,519;0,137;-2,275;0,138;0,000;0,000;0,0000;0,00;;;;DJPY;N088000;T300;;099863      TDK CORP.;1793,78119555;11,03706363;2448,50000000;13,71017414;2505,50000000;89100,00000000;0,00000000;0,00000000;0,00000000;0,00000000;20251111
89;1O;00037;JP3830800003;BRIDGESTONE CORP.;JPY;TOKYO;111111;201;O;27000,000;0,000;0,000;0,000;6464,2769;37,4429;174535478,0260;1010959,76;172,643348;6982,0000;39,0951;188514000,0000;1055568,62;188514000,0000;1055568,62;6916,0000;8,009;3,444;4,413;3,870;0,449;0,118;0,954;0,119;0,000;0,000;0,0000;0,00;;;;DJPY;N088000;T300;;099882      BRIDGESTONE CORP.;6464,27696392;37,44295407;6982,00000000;39,09513410;6916,00000000;27000,00000000;0,00000000;0,00000000;0,00000000;0,00000000;20251111
89;1O;00251;JP3942400007;ASTELLAS PHARMA INC.;JPY;TOKYO;111111;201;O;101400,000;0,000;0,000;0,000;1515,6840;9,3109;153690367,7120;944125,66;162,785924;1790,5000;10,0257;181556700,0000;1016611,79;181556700,0000;1016611,79;1765,5000;18,131;9,709;7,678;3,727;0,432;0,114;1,416;0,114;0,000;0,000;0,0000;0,00;;;;DJPY;N088000;T300;;099886      ASTELLAS PHARMA INC.;1515,68409972;9,31090394;1790,50000000;10,02575732;1765,50000000;101400,00000000;0,00000000;0,00000000;0,00000000;0,00000000;20251111
89;1O;00148;JP3733000008;NEC CORP.;JPY;TOKYO;111111;201;O;29800,000;0,000;0,000;0,000;4988,1756;28,2773;148647632,8800;842666,49;176,401500;5732,0000;32,0958;170813600,0000;956456,69;170813600,0000;956456,69;5612,0000;14,912;1,241;13,504;3,507;0,407;0,107;2,138;0,108;0,000;0,000;0,0000;0,00;;;;DJPY;N088000;T300;;099893      NEC CORP.;4988,17560000;28,27739899;5732,00000000;32,09586203;5612,00000000;29800,00000000;0,00000000;0,00000000;0,00000000;0,00000000;20251111
89;1O;00618;JP3358800005;SHIMIZU CORP.;JPY;TOKYO;111111;201;O;69600,000;0,000;0,000;0,000;1287,3352;7,9061;89598531,4570;550264,82;162,828021;2312,5000;12,9486;160950000,0000;901226,27;160950000,0000;901226,27;2271,0000;79,635;9,680;63,780;3,304;0,383;0,101;1,827;0,101;0,000;0,000;0,0000;0,00;;;;DJPY;N088000;T300;;099899      SHIMIZU CORP.;1287,33522208;7,90610373;2312,50000000;12,94865334;2271,00000000;69600,00000000;0,00000000;0,00000000;0,00000000;0,00000000;20251111
89;1O;05704;JP3475350009;DAIICHI SANKYO CO LTD;JPY;TOKYO;111111;201;O;36200,000;0,000;0,000;0,000;4227,8375;25,9715;153047718,9070;940171,84;162,786963;3392,0000;18,9932;122790400,0000;687554,73;122790400,0000;687554,73;3305,0000;-19,770;9,708;-26,869;2,521;0,292;0,077;2,632;0,077;0,000;0,000;0,0000;0,00;;;;DJPY;N088000;T300;;099923      DAIICHI SANKYO CO LTD;4227,83753886;25,97159779;3392,00000000;18,99322470;3305,00000000;36200,00000000;0,00000000;0,00000000;0,00000000;0,00000000;20251111
89;1O;05558;JP3118000003;ASICS CORP;JPY;TOKYO;111111;201;O;30600,000;0,000;0,000;0,000;3954,8671;22,3121;121018936,0000;682751,30;177,251857;3768,0000;21,0986;115300800,0000;645617,34;115300800,0000;645617,34;3713,0000;-4,725;0,755;-5,439;2,367;0,274;0,072;1,481;0,073;0,000;0,000;0,0000;0,00;;;;DJPY;N088000;T300;;099928      ASICS CORP;3954,86718954;22,31213398;3768,00000000;21,09860574;3713,00000000;30600,00000000;0,00000000;0,00000000;0,00000000;0,00000000;20251111
89;1O;01057;JP3937200008;YAMATAKE CORP.;JPY;TOKYO;111111;201;O;53000,000;0,000;0,000;0,000;1220,3363;7,4964;64677826,0000;397312,62;162,788250;1466,0000;8,2087;77698000,0000;435063,55;77698000,0000;435063,55;1474,5000;20,131;9,707;9,502;1,595;0,185;0,049;-0,576;0,049;0,000;0,000;0,0000;0,00;;;;DJPY;N088000;T300;;099951      YAMATAKE CORP.;1220,33633962;7,49646452;1466,00000000;8,20874629;1474,50000000;53000,00000000;0,00000000;0,00000000;0,00000000;0,00000000;20251111
89;1O;03500;JP3164720009;RENEAS  ELECTRONICS CORP.;JPY;TOKYO;111111;201;O;39200,000;0,000;0,000;0,000;2046,5000;12,5725;80222800,0000;492842,91;162,775599;1871,0000;10,4765;73343200,0000;410679,21;73343200,0000;410679,21;1850,0000;-8,576;9,715;-16,671;1,506;0,175;0,046;1,135;0,046;0,000;0,000;0,0000;0,00;;;;DJPY;N088000;T300;;099954      RENEAS  ELECTRONICS CORP.;2046,50000000;12,57252321;1871,00000000;10,47651044;1850,00000000;39200,00000000;0,00000000;0,00000000;0,00000000;0,00000000;20251111
89;1O;17960;JP3351100007;SYSMEX CORP;JPY;TOKYO;111111;201;O;34300,000;0,000;0,000;0,000;2916,5000;17,9173;100035950,0000;614563,55;162,775599;1630,0000;9,1270;55909000,0000;313057,84;55909000,0000;313057,84;1668,5000;-44,111;9,715;-49,060;1,148;0,133;0,035;-2,307;0,035;0,000;0,000;0,0000;0,00;;;;DJPY;N088000;T300;;099965      SYSMEX CORP;2916,50000000;17,91730466;1630,00000000;9,12705078;1668,50000000;34300,00000000;0,00000000;0,00000000;0,00000000;0,00000000;20251111
89;1O;01571;HK0066009694;MTR CORP.;HKD;HONG KONG;111111;201;O;556938,000;0,000;0,000;0,000;26,9781;3,3346;15025154,7850;1857199,51;8,090221;30,0400;3,3334;16730417,5200;1856521,80;16730417,5200;1856521,80;29,9200;11,349;11,390;-0,036;32,000;0,789;0,208;0,401;0,209;0,000;0,000;0,0000;0,00;;;;DHKD;N103000;T300;;099792      MTR CORP.;26,97814619;3,33466114;30,04000000;3,33344430;29,92000000;556938,00000000;0,00000000;0,00000000;0,00000000;0,00000000;20251111
89;1O;01620;HK0992009065;LENOVO GROUP LTD.;HKD;HONG KONG;111111;201;O;1316000,000;0,000;0,000;0,000;9,9923;1,2373;13149949,1150;1628350,84;8,075624;10,8500;1,2039;14278600,0000;1584451,32;14278600,0000;1584451,32;10,9900;8,583;11,591;-2,696;27,311;0,674;0,178;-1,274;0,178;0,000;0,000;0,0000;0,00;;;;DHKD;N103000;T300;;099822      LENOVO GROUP LTD.;9,99236254;1,23734866;10,85000000;1,20399036;10,99000000;1316000,00000000;0,00000000;0,00000000;0,00000000;0,00000000;20251111
89;1O;03896;HK0688002218;CHINA OVERSEAS LAND & INVESTMENT LTD;HKD;HONG KONG;111111;201;O;862500,000;0,000;0,000;0,000;12,4927;1,5427;10775021,6670;1330609,11;8,097811;13,2900;1,4747;11462625,0000;1271971,44;11462625,0000;1271971,44;13,2300;6,381;11,286;-4,407;21,924;0,541;0,143;0,454;0,143;0,000;0,000;0,0000;0,00;;;;DHKD;N103000;T300;;099857      CHINA OVERSEAS LAND & INVESTMENT LTD;12,49277874;1,54273520;13,29000000;1,47474949;13,23000000;862500,00000000;0,00000000;0,00000000;0,00000000;0,00000000;20251111
89;1O;00211;HK0019000162;SWIRE PACIFIC LTD. CLA;HKD;HONG KONG;111111;201;O;73586,000;0,000;0,000;0,000;70,1656;8,6944;5163210,2110;639786,51;8,070208;68,6000;7,6123;5047999,6000;560160,64;5047999,6000;560160,64;68,0500;-2,231;11,666;-12,446;9,655;0,238;0,063;0,808;0,063;0,000;0,000;0,0000;0,00;;;;DHKD;N103000;T300;;099937      SWIRE PACIFIC LTD. CLA;70,16565937;8,69440532;68,60000000;7,61232619;68,05000000;73586,00000000;0,00000000;0,00000000;0,00000000;0,00000000;20251111
89;2;00001;;LIQUIDITA';EUR;;;610;;0,000;0,000;0,000;0,000;0,0000;0,0000;0,0000;0,00;0,000000;0,0000;0,0000;0,0000;13466179,01;0,0000;13466179,01;0,0000;0,000;0,000;0,000;0,000;0,000;1,510;0,000;1,517;0,000;0,000;0,0000;0,00;2;;;;;;;;0,00000000;0,00000000;0,00000000;0,00000000;0,00000000;0,00000000;0,00000000;0,00000000;0,00000000;0,00000000;20251111
89;2;00002;;LIQUIDITA' A SCADERE;EUR;;;620;;0,000;0,000;0,000;0,000;0,0000;0,0000;0,0000;0,00;0,000000;0,0000;0,0000;0,0000;6811107,20;0,0000;6811107,20;0,0000;0,000;0,000;0,000;0,000;0,000;0,764;0,000;0,767;0,000;0,000;0,0000;0,00;3;;;;;;;;0,00000000;0,00000000;0,00000000;0,00000000;0,00000000;0,00000000;0,00000000;0,00000000;0,00000000;0,00000000;20251111
89;2;00016;;GIACENZE DI DOLLARI AUSTRALIANI      AUD;AUD;;;621;;2859087,230;0,000;0,000;0,000;0,0000;0,5715;2859087,2300;1634045,98;1,749698;0,0000;1,7785;2859087,2300;1607583,49;2859087,2300;1607583,49;0,0000;0,000;0,000;0,000;0,000;0,000;0,180;0,000;0,181;0,000;0,000;0,0000;0,00;3AUD1;;;;;;;;0,00000000;0,57152715;0,00000000;1,77850000;0,00000000;2859087,23000000;0,00000000;0,00000000;0,00000000;0,00000000;20251111
89;2;00009;;GIACENZE DI DOLLARI CANADESI         CAD;CAD;;;621;;3368706,750;0,000;0,000;0,000;0,0000;0,6694;3368706,7500;2255195,01;1,493754;0,0000;1,6249;3368706,7500;2073177,89;3368706,7500;2073177,89;0,0000;0,000;0,000;0,000;0,000;0,000;0,232;0,000;0,233;0,000;0,000;0,0000;0,00;3CAD1;;;;;;;;0,00000000;0,66945423;0,00000000;1,62490000;0,00000000;3368706,75000000;0,00000000;0,00000000;0,00000000;0,00000000;20251111
89;2;00007;;GIACENZE DI FRANCHI SVIZZERI         CHF;CHF;;;621;;1108151,730;0,000;0,000;0,000;0,0000;1,0744;1108151,7300;1190639,32;0,930720;0,0000;0,9276;1108151,7300;1194643,95;1108151,7300;1194643,95;0,0000;0,000;0,000;0,000;0,000;0,000;0,134;0,000;0,135;0,000;0,000;0,0000;0,00;3CHF1;;;;;;;;0,00000000;1,07443708;0,00000000;0,92760000;0,00000000;1108151,73000000;0,00000000;0,00000000;0,00000000;0,00000000;20251111
89;2;00007;;IMPEGNI IN DIVISA FRANCHI SVIZZERI   CHF;CHF;;;622;;587085,200;0,000;0,000;0,000;0,0000;1,0735;587085,2000;630257,86;0,931500;0,0000;0,9276;587085,2000;632907,72;587085,2000;632907,72;0,0000;0,000;0,000;0,000;0,000;0,000;0,071;0,000;0,071;0,000;0,000;0,0000;0,00;3CHF2;;;;;;;;0,00000000;1,07353729;0,00000000;0,92760000;0,00000000;587085,20000000;0,00000000;0,00000000;0,00000000;0,00000000;20251111
89;2;00035;;GIACENZE DI CORONA DANESE            DKK;DKK;;;621;;2577406,180;0,000;0,000;0,000;0,0000;0,1339;2577406,1800;345131,20;7,467903;0,0000;7,4675;2577406,1800;345149,81;2577406,1800;345149,81;0,0000;0,000;0,000;0,000;0,000;0,000;0,039;0,000;0,039;0,000;0,000;0,0000;0,00;3DKK1;;;;;;;;0,00000000;0,13390640;0,00000000;7,46750000;0,00000000;2577406,18000000;0,00000000;0,00000000;0,00000000;0,00000000;20251111
89;2;00006;;GIACENZE DI STERLINE INGLESI         GBP;GBP;;;621;;2476476,140;0,000;0,000;0,000;0,0000;1,1419;2476476,1400;2827993,07;0,875701;0,0000;0,8802;2476476,1400;2813537,99;2476476,1400;2813537,99;0,0000;0,000;0,000;0,000;0,000;0,000;0,315;0,000;0,317;0,000;0,000;0,0000;0,00;3GBP1;;;;;;;;0,00000000;1,14194238;0,00000000;0,88020000;0,00000000;2476476,14000000;0,00000000;0,00000000;0,00000000;0,00000000;20251111
89;2;00014;;GIACENZE DI HONG KONG DOLLAR         HKD;HKD;;;621;;4762755,160;0,000;0,000;0,000;0,0000;0,1151;4762755,1600;548259,02;8,687053;0,0000;9,0117;4762755,1600;528507,96;4762755,1600;528507,96;0,0000;0,000;0,000;0,000;0,000;0,000;0,059;0,000;0,060;0,000;0,000;0,0000;0,00;3HKD1;;;;;;;;0,00000000;0,11511383;0,00000000;9,01170000;0,00000000;4762755,16000000;0,00000000;0,00000000;0,00000000;0,00000000;20251111
89;2;00008;;GIACENZE DI YEN GIAPPONESI           JPY;JPY;;;621;;264452974,000;0,000;0,000;0,000;0,0000;0,0056;264452974,0000;1494807,08;176,914451;0,0000;178,5900;264452974,0000;1480782,65;264452974,0000;1480782,65;0,0000;0,000;0,000;0,000;0,000;0,000;0,166;0,000;0,167;0,000;0,000;0,0000;0,00;3JPY1;;;;;;;;0,00000000;0,00565244;0,00000000;178,59000000;0,00000000;264452974,00000000;0,00000000;0,00000000;0,00000000;0,00000000;20251111
89;2;00008;;IMPEGNI IN DIVISA YEN GIAPPONESI     JPY;JPY;;;622;;60900078,000;0,000;0,000;0,000;0,0000;0,0056;60900078,0000;342311,23;177,908502;0,0000;178,5900;60900078,0000;341004,97;60900078,0000;341004,97;0,0000;0,000;0,000;0,000;0,000;0,000;0,038;0,000;0,038;0,000;0,000;0,0000;0,00;3JPY2;;;;;;;;0,00000000;0,00562086;0,00000000;178,59000000;0,00000000;60900078,00000000;0,00000000;0,00000000;0,00000000;0,00000000;20251111
89;2;00031;;GIACENZE DI CORONA NORVEGESE         NOK;NOK;;;621;;1658560,110;0,000;0,000;0,000;0,0000;0,0855;1658560,1100;141972,71;11,682246;0,0000;11,6591;1658560,1100;142254,56;1658560,1100;142254,56;0,0000;0,000;0,000;0,000;0,000;0,000;0,016;0,000;0,016;0,000;0,000;0,0000;0,00;3NOK1;;;;;;;;0,00000000;0,08559997;0,00000000;11,65910000;0,00000000;1658560,11000000;0,00000000;0,00000000;0,00000000;0,00000000;20251111
89;2;00011;;GIACENZE DI CORONE SVEDESI           SEK;SEK;;;621;;1083794,630;0,000;0,000;0,000;0,0000;0,0913;1083794,6300;99047,94;10,942122;0,0000;10,9639;1083794,6300;98851,20;1083794,6300;98851,20;0,0000;0,000;0,000;0,000;0,000;0,000;0,011;0,000;0,011;0,000;0,000;0,0000;0,00;3SEK1;;;;;;;;0,00000000;0,09138995;0,00000000;10,96390000;0,00000000;1083794,63000000;0,00000000;0,00000000;0,00000000;0,00000000;20251111
89;2;00011;;IMPEGNI IN DIVISA CORONE SVEDESI     SEK;SEK;;;622;;102407,910;0,000;0,000;0,000;0,0000;0,0970;102407,9100;9934,93;10,307864;0,0000;10,9639;102407,9100;9340,46;102407,9100;9340,46;0,0000;0,000;0,000;0,000;0,000;0,000;0,001;0,000;0,001;0,000;0,000;0,0000;0,00;3SEK2;;;;;;;;0,00000000;0,09701330;0,00000000;10,96390000;0,00000000;102407,91000000;0,00000000;0,00000000;0,00000000;0,00000000;20251111
89;2;00022;;GIACENZE DI DOLLARI SINGAPORE        SGD;SGD;;;621;;2061347,900;0,000;0,000;0,000;0,0000;0,7074;2061347,9000;1458394,67;1,413436;0,0000;1,5086;2061347,9000;1366397,92;2061347,9000;1366397,92;0,0000;0,000;0,000;0,000;0,000;0,000;0,153;0,000;0,154;0,000;0,000;0,0000;0,00;3SGD1;;;;;;;;0,00000000;0,70749564;0,00000000;1,50860000;0,00000000;2061347,90000000;0,00000000;0,00000000;0,00000000;0,00000000;20251111
89;2;00001;;GIACENZE DI DOLLARI USA              USD;USD;;;621;;15486762,140;0,000;0,000;0,000;0,0000;0,8631;15486762,1400;13367498,73;1,158539;0,0000;1,1596;15486762,1400;13355262,28;15486762,1400;13355262,28;0,0000;0,000;0,000;0,000;0,000;0,000;1,497;0,000;1,504;0,000;0,000;0,0000;0,00;3USD1;;;;;;;;0,00000000;0,86315645;0,00000000;1,15960000;0,00000000;15486762,14000000;0,00000000;0,00000000;0,00000000;0,00000000;20251111
89;2;00001;;IMPEGNI IN DIVISA DOLLARI USA        USD;USD;;;622;;-556557,230;0,000;0,000;0,000;0,0000;0,8623;-556557,2300;-479956,22;1,159600;0,0000;1,1596;-556557,2300;-479956,22;-556557,2300;-479956,22;0,0000;0,000;0,000;0,000;0,000;0,000;-0,054;0,000;-0,054;0,000;0,000;0,0000;0,00;3USD2;;;;;;;;0,00000000;0,86236633;0,00000000;1,15960000;0,00000000;-556557,23000000;0,00000000;0,00000000;0,00000000;0,00000000;20251111
89;4;;;DIRITTI MATURATI NON RISCOSSI;;;;700;;0,000;0,000;0,000;0,000;0,0000;0,0000;0,0000;0,00;0,000000;0,0000;0,0000;0,0000;4645101,28;0,0000;365043,18;0,0000;0,000;0,000;0,000;0,000;0,000;0,521;0,000;0,523;0,000;0,000;0,0000;0,00;;;;;;;;;0,00000000;0,00000000;0,00000000;0,00000000;0,00000000;0,00000000;0,00000000;0,00000000;0,00000000;0,00000000;20251111
89;5;;;DEPOSITI MARGINI INIZ.FUTURES;;;;8;;0,000;0,000;0,000;0,000;0,0000;0,0000;0,0000;0,00;0,000000;0,0000;0,0000;0,0000;463688,50;0,0000;463688,50;0,0000;0,000;0,000;0,000;0,000;0,000;0,052;0,000;0,052;0,000;0,000;0,0000;0,00;;;;;;;;;0,00000000;0,00000000;0,00000000;0,00000000;0,00000000;0,00000000;0,00000000;0,00000000;0,00000000;0,00000000;20251111
89;5;;;MARGINI DI VARIAZIONE FUTURES;;;;8;;0,000;0,000;0,000;0,000;0,0000;0,0000;0,0000;0,00;0,000000;0,0000;0,0000;0,0000;0,00;0,0000;0,00;0,0000;0,000;0,000;0,000;0,000;0,000;0,000;0,000;0,000;0,000;0,000;0,0000;0,00;;;;;;;;;0,00000000;0,00000000;0,00000000;0,00000000;0,00000000;0,00000000;0,00000000;0,00000000;0,00000000;0,00000000;20251111
89;5;;;DEPOSITI BANCARI;;;;8;;0,000;0,000;0,000;0,000;0,0000;0,0000;0,0000;0,00;0,000000;0,0000;0,0000;0,0000;0,00;0,0000;0,00;0,0000;0,000;0,000;0,000;0,000;0,000;0,000;0,000;0,000;0,000;0,000;0,0000;0,00;;;;;;;;;0,00000000;0,00000000;0,00000000;0,00000000;0,00000000;0,00000000;0,00000000;0,00000000;0,00000000;0,00000000;20251111
89;9;;;RIMBORSI DA REGOLARE;;;;;;0,000;0,000;0,000;0,000;0,0000;0,0000;0,0000;0,00;0,000000;0,0000;0,0000;0,0000;-2174570,75;0,0000;-2174570,75;0,0000;0,000;0,000;0,000;0,000;0,000;0,000;0,000;0,000;0,000;0,000;0,0000;0,00;;;;;;;;;0,00000000;0,00000000;0,00000000;0,00000000;0,00000000;0,00000000;0,00000000;0,00000000;0,00000000;0,00000000;20251111
98;1I;46541;IT0005542359;BTPS  4,000% 2023-30/10/2031;EUR;MTS;086000;001;I;35600000,000;0,000;0,000;0,000;105,4679;105,4679;37546591,5500;37546591,55;0,000000;106,6520;106,6520;37968112,0000;37968112,00;38015057,0500;38015057,05;106,6190;1,123;0,000;1,123;8,688;30,378;4,357;0,031;4,379;0,000;0,000;46945,0500;46945,05;;;;DEUR;N111111;T000;;095643      BTPS  4,000% 2023-30/10/2031;105,46795380;105,46795380;106,65200000;106,65200000;106,61900000;35600000,00000000;0,00000000;0,00000000;0,00000000;0,00000000;20251111
98;1I;62859;IT0005657330;BTPS 2,100% 2025-26/08/2027;EUR;MTSBOT;086000;001;I;20000000,000;0,000;0,000;0,000;99,9300;99,9300;19986000,0000;19986000,00;0,000000;99,8660;99,8660;19973200,0000;19973200,00;20061080,4300;20061080,43;99,8630;-0,064;0,000;-0,064;4,585;16,031;2,292;0,003;2,304;0,000;0,000;87880,4300;87880,43;;;;DEUR;N111111;T000;;097708      BTPS 2,100% 2025-26/08/2027;99,93000000;99,93000000;99,86600000;99,86600000;99,86300000;20000000,00000000;0,00000000;0,00000000;0,00000000;0,00000000;20251111
98;1I;63469;IT0005668220;BTPS 3,25% 15.11.2032;EUR;MTSBOT;086000;001;I;17095000,000;0,000;0,000;0,000;101,4200;101,4200;17337749,0000;17337749,00;0,000000;101,4580;101,4580;17344245,1000;17344245,10;17439359,2600;17439359,26;101,4020;0,037;0,000;0,037;3,986;13,936;1,990;0,055;2,001;0,000;0,000;95114,1600;95114,16;;;;DEUR;N111111;T000;;098010      BTPS 3,25% 15.11.2032;101,42000000;101,42000000;101,45800000;101,45800000;101,40200000;17095000,00000000;0,00000000;0,00000000;0,00000000;0,00000000;20251111
98;1I;48808;IT0005596470;BTP  4,050% 2024-30/10/2037;EUR;MOT;086000;001;I;10000000,000;0,000;0,000;0,000;104,1690;104,1690;10416900,0000;10416900,00;0,000000;104,8320;104,8320;10483200,0000;10483200,00;10496551,6500;10496551,65;104,7570;0,636;0,000;0,636;2,399;8,388;1,203;0,072;1,209;0,000;0,000;13351,6500;13351,65;;;;DEUR;N111111;T000;;098797      BTP  4,050% 2024-30/10/2037;104,16900000;104,16900000;104,83200000;104,83200000;104,75700000;10000000,00000000;0,00000000;0,00000000;0,00000000;0,00000000;20251111
98;1I;40016;IT0005436693;BTP 0.60% 2021/01.08.2031;EUR;MTS;086000;001;I;4500000,000;0,000;0,000;0,000;85,4530;85,4530;3845385,0000;3845385,00;0,000000;88,6010;88,6010;3987045,0000;3987045,00;3994528,7000;3994528,70;88,5550;3,684;0,000;3,684;0,913;3,192;0,457;0,052;0,460;0,000;0,000;7483,7000;7483,70;;;;DEUR;N111111;T000;;099543      BTP 0.60% 2021/01.08.2031;85,45300000;85,45300000;88,60100000;88,60100000;88,55500000;4500000,00000000;0,00000000;0,00000000;0,00000000;0,00000000;20251111
98;1I;40175;IT0005438004;BTP 1,5%  2021-30.04.2045;EUR;MOT;086000;001;I;1500000,000;0,000;0,000;0,000;67,3880;67,3880;1010820,0000;1010820,00;0,000000;66,8860;66,8860;1003290,0000;1003290,00;1004031,7600;1004031,76;66,8060;-0,745;0,000;-0,745;0,229;0,802;0,115;0,120;0,116;0,000;0,000;741,7600;741,76;;;;DEUR;N111111;T000;;099885      BTP 1,5%  2021-30.04.2045;67,38800000;67,38800000;66,88600000;66,88600000;66,80600000;1500000,00000000;0,00000000;0,00000000;0,00000000;0,00000000;20251111
98;1I;24661;IT0005162828;BTPS 2,7% 2016.01.03.2047;EUR;MOT;086000;001;I;500000,000;0,000;0,000;0,000;82,0710;82,0710;410355,0000;410355,00;0,000000;81,1920;81,1920;405960,0000;405960,00;408607,7900;408607,79;81,1260;-1,071;0,000;-1,071;0,093;0,327;0,047;0,081;0,047;0,000;0,000;2647,7900;2647,79;;;;DEUR;N111111;T000;;099953      BTPS 2,7% 2016.01.03.2047;82,07100000;82,07100000;81,19200000;81,19200000;81,12600000;500000,00000000;0,00000000;0,00000000;0,00000000;0,00000000;20251111
98;1I;63384;AT0000A3MUA7;AUSTRIAN T-BILL ZC 2025-27/11/2025;EUR;VIENNA;008000;100;I;10500000,000;0,000;0,000;0,000;99,5065;99,5065;10448191,1100;10448191,11;0,000000;99,9250;99,9250;10448855,6700;10448855,67;10492125,0000;10492125,00;99,9190;0,006;0,000;0,006;2,398;66,954;1,199;0,006;1,205;0,000;0,000;43269,3300;43269,33;;;;DEUR;N008000;T100;;098801      AUSTRIAN T-BILL ZC 2025-27/11/2025;99,50658200;99,50658200;99,92500000;99,92500000;99,91900000;10500000,00000000;0,00000000;0,00000000;0,00000000;0,00000000;20251111
98;1I;46612;AT0000A33SH3;REP OF AUSTRIA 2,900% 2023-23/05/2029;EUR;VIENNA;008000;100;I;5000000,000;0,000;0,000;0,000;102,8603;102,8603;5143015,0000;5143015,00;0,000000;102,2030;102,2030;5110150,0000;5110150,00;5178478,7700;5178478,77;102,1740;-0,639;0,000;-0,639;1,183;33,046;0,586;0,028;0,589;0,000;0,000;68328,7700;68328,77;;;;DEUR;N008000;T100;;099414      REP OF AUSTRIA 2,900% 2023-23/05/2029;102,86030000;102,86030000;102,20300000;102,20300000;102,17400000;5000000,00000000;0,00000000;0,00000000;0,00000000;0,00000000;20251111
98;1I;46204;BE0000358672;BELGIUM KINGDOM 3,300% 2023-22/06/2054;EUR;LUXEMBOURG;009000;100;I;250000,000;0,000;0,000;0,000;95,6580;95,6580;239145,0000;239145,00;0,000000;86,4570;86,4570;216142,5000;216142,50;219352,0900;219352,09;86,3300;-9,619;0,000;-9,619;0,050;100,000;0,025;0,147;0,025;0,000;0,000;3209,5900;3209,59;;;;DEUR;N009000;T100;;099975      BELGIUM KINGDOM 3,300% 2023-22/06/2054;95,65800000;95,65800000;86,45700000;86,45700000;86,33000000;250000,00000000;0,00000000;0,00000000;0,00000000;0,00000000;20251111
98;1I;28193;FR0013234333;FRANCE O.A.T 1,75% 2016/25.06.2039;EUR;PARIGI;029000;100;I;25000000,000;0,000;0,000;0,000;81,4900;81,4900;20372500,0000;20372500,00;0,000000;79,2860;79,2860;19821500,0000;19821500,00;19988109,5900;19988109,59;79,1310;-2,705;0,000;-2,705;4,568;23,708;2,274;0,196;2,286;0,000;0,000;166609,5900;166609,59;;;;DEUR;N029000;T100;;097726      FRANCE O.A.T 1,75% 2016/25.06.2039;81,49000000;81,49000000;79,28600000;79,28600000;79,13100000;25000000,00000000;0,00000000;0,00000000;0,00000000;0,00000000;20251111
98;1I;61693;FR001400Z2L7;FRANCE GOVT 2,7% 25.02.2031;EUR;PARIGI;029000;100;I;16000000,000;0,000;0,000;0,000;100,0500;100,0500;16008000,0000;16008000,00;0,000000;99,8200;99,8200;15971200,0000;15971200,00;16277742,4700;16277742,47;99,7490;-0,230;0,000;-0,230;3,720;19,307;1,833;0,071;1,842;0,000;0,000;306542,4700;306542,47;;;;DEUR;N029000;T100;;098167      FRANCE GOVT 2,7% 25.02.2031;100,05000000;100,05000000;99,82000000;99,82000000;99,74900000;16000000,00000000;0,00000000;0,00000000;0,00000000;0,00000000;20251111
98;1I;37946;FR0013516549;FRANCE-OAT 0% 2019/25.11.2030;EUR;PARIGI;029000;100;I;11000000,000;0,000;0,000;0,000;85,1580;85,1580;9367380,0000;9367380,00;0,000000;87,5500;87,5500;9630500,0000;9630500,00;9630500,0000;9630500,00;87,4690;2,809;0,000;2,809;2,201;11,423;1,105;0,093;1,111;0,000;0,000;0,0000;0,00;;;;DEUR;N029000;T100;;098895      FRANCE-OAT 0% 2019/25.11.2030;85,15800000;85,15800000;87,55000000;87,55000000;87,46900000;11000000,00000000;0,00000000;0,00000000;0,00000000;0,00000000;20251111
98;1I;31930;PTOTEWOE0017;PORTUGAL 2,25% 2018/18.04.2034;EUR;LISBONA;055000;100;I;500000,000;0,000;0,000;0,000;95,8810;95,8810;479405,0000;479405,00;0,000000;95,3820;95,3820;476910,0000;476910,00;483290,1400;483290,14;95,3190;-0,520;0,000;-0,520;0,110;5,557;0,055;0,066;0,055;0,000;0,000;6380,1400;6380,14;;;;DEUR;N055000;T100;;099945      PORTUGAL 2,25% 2018/18.04.2034;95,88100000;95,88100000;95,38200000;95,38200000;95,31900000;500000,00000000;0,00000000;0,00000000;0,00000000;0,00000000;20251111
98;1I;41969;ES0000012J07;SPAIN BONOS % 2021/30.07.2042;EUR;AIAF;067000;100;I;17355000,000;0,000;0,000;0,000;67,9670;67,9670;11795672,8500;11795672,85;0,000000;67,0970;67,0970;11644684,3500;11644684,35;11694134,2100;11694134,21;67,0160;-1,280;0,000;-1,280;2,673;29,479;1,336;0,121;1,343;0,000;0,000;49449,8600;49449,86;;;;DEUR;N067000;T100;;098664      SPAIN BONOS % 2021/30.07.2042;67,96700000;67,96700000;67,09700000;67,09700000;67,01600000;17355000,00000000;0,00000000;0,00000000;0,00000000;0,00000000;20251111
98;1I;31538;ES0000012B47;SPAIN BONOS 2.70% 2018/31.10.2048;EUR;MADRID;067000;100;I;2500000,000;0,000;0,000;0,000;86,2690;86,2690;2156725,0000;2156725,00;0,000000;83,1240;83,1240;2078100,0000;2078100,00;2080134,2500;2080134,25;82,9990;-3,646;0,000;-3,646;0,475;5,244;0,238;0,151;0,240;0,000;0,000;2034,2500;2034,25;;;;DEUR;N067000;T100;;099762      SPAIN BONOS 2.70% 2018/31.10.2048;86,26900000;86,26900000;83,12400000;83,12400000;82,99900000;2500000,00000000;0,00000000;0,00000000;0,00000000;0,00000000;20251111
98;1I;26342;ES00000128C6;SPAIN   BONOS  2,9% 2016  31/10/2046;EUR;EUROTLX;067000;100;I;2000000,000;0,000;0,000;0,000;90,5500;90,5500;1811000,0000;1811000,00;0,000000;87,6440;87,6440;1752880,0000;1752880,00;1754627,9500;1754627,95;87,5110;-3,209;0,000;-3,209;0,401;4,423;0,201;0,152;0,202;0,000;0,000;1747,9500;1747,95;;;;DEUR;N067000;T100;;099799      SPAIN   BONOS  2,9% 2016  31/10/2046;90,55000000;90,55000000;87,64400000;87,64400000;87,51100000;2000000,00000000;0,00000000;0,00000000;0,00000000;0,00000000;20251111
98;1I;43456;ES0000012K46;SPAIN BONOS 1.9% 2022/31.10.2052;EUR;AIAF;067000;100;I;2500000,000;0,000;0,000;0,000;70,0700;70,0700;1751750,0000;1751750,00;0,000000;66,7780;66,7780;1669450,0000;1669450,00;1670881,5100;1670881,51;66,6570;-4,698;0,000;-4,698;0,382;4,212;0,192;0,182;0,193;0,000;0,000;1431,5100;1431,51;;;;DEUR;N067000;T100;;099808      SPAIN BONOS 1.9% 2022/31.10.2052;70,07000000;70,07000000;66,77800000;66,77800000;66,65700000;2500000,00000000;0,00000000;0,00000000;0,00000000;0,00000000;20251111
98;1I;34219;ES0000012E69;SPAIN BONOS 1.85% 2019/30.07.2035;EUR;MADRID;067000;100;I;750000,000;0,000;0,000;0,000;88,8080;88,8080;666060,0000;666060,00;0,000000;89,5010;89,5010;671257,5000;671257,50;675210,9200;675210,92;89,4270;0,780;0,000;0,780;0,154;1,702;0,077;0,083;0,077;0,000;0,000;3953,4200;3953,42;;;;DEUR;N067000;T100;;099923      SPAIN BONOS 1.85% 2019/30.07.2035;88,80800000;88,80800000;89,50100000;89,50100000;89,42700000;750000,00000000;0,00000000;0,00000000;0,00000000;0,00000000;20251111
98;1I;45149;DE0001030740;BUNDESREPUBLIK 1,300% 2022-15/10/2027;EUR;FRANCOFORT;094000;100;I;35000000,000;0,000;0,000;0,000;98,7721;98,7721;34570266,9600;34570266,96;0,000000;98,7810;98,7810;34573350,0000;34573350,00;34607007,5300;34607007,53;98,7760;0,009;0,000;0,009;7,909;37,956;3,967;0,005;3,988;0,000;0,000;33657,5300;33657,53;;;;DEUR;N094000;T100;;096033      BUNDESREPUBLIK 1,300% 2022-15/10/2027;98,77219130;98,77219130;98,78100000;98,78100000;98,77600000;35000000,00000000;0,00000000;0,00000000;0,00000000;0,00000000;20251111
98;1I;46637;DE000BU3Z005;BUNDESREPUBLIC 2,300% 2023-15/02/2033;EUR;FRANCOFORT;094000;100;I;15000000,000;0,000;0,000;0,000;100,2240;100,2240;15033600,0000;15033600,00;0,000000;99,0050;99,0050;14850750,0000;14850750,00;15105010,2700;15105010,27;98,9400;-1,216;0,000;-1,216;3,452;16,567;1,704;0,066;1,713;0,000;0,000;254260,2700;254260,27;;;;DEUR;N094000;T100;;098296      BUNDESREPUBLIC 2,300% 2023-15/02/2033;100,22400000;100,22400000;99,00500000;99,00500000;98,94000000;15000000,00000000;0,00000000;0,00000000;0,00000000;0,00000000;20251111
98;1I;40880;DE0001030724;BUNDES  ZC 2021/15.08.2050;EUR;FRANCOFORT;094000;100;I;25123287,670;0,000;0,000;0,000;52,6170;52,6170;13219120,2700;13219120,27;0,000000;45,6930;45,6930;11479583,8400;11479583,84;11479583,8400;11479583,84;45,6080;-13,159;0,000;-13,159;2,624;12,590;1,317;0,186;1,324;0,000;0,000;0,0000;0,00;;;;DEUR;N094000;T100;;098683      BUNDES  ZC 2021/15.08.2050;52,61700000;52,61700000;45,69300000;45,69300000;45,60800000;25123287,67000000;0,00000000;0,00000000;0,00000000;0,00000000;20251111
98;1I;47139;DE0001030757;BUNDESREPUBLIK DEU 1,8% 2023-15/08/2053;EUR;FRANCOFORT;094000;100;I;7500000,000;0,000;0,000;0,000;77,2400;77,2400;5793000,0000;5793000,00;0,000000;74,0680;74,0680;5555100,0000;5555100,00;5587647,9500;5587647,95;73,9540;-4,107;0,000;-4,107;1,277;6,128;0,637;0,154;0,641;0,000;0,000;32547,9500;32547,95;;;;DEUR;N094000;T100;;099363      BUNDESREPUBLIK DEU 1,8% 2023-15/08/2053;77,24000000;77,24000000;74,06800000;74,06800000;73,95400000;7500000,00000000;0,00000000;0,00000000;0,00000000;0,00000000;20251111
98;1I;48904;DE000BU35025;BUNDESOBLIGATION  2,100% 2024-12/04/2029;EUR;FRANCOFORT;094000;100;I;2500000,000;0,000;0,000;0,000;100,0340;100,0340;2500850,0000;2500850,00;0,000000;99,9760;99,9760;2499400,0000;2499400,00;2530036,9900;2530036,99;99,9580;-0,058;0,000;-0,058;0,578;2,775;0,287;0,018;0,288;0,000;0,000;30636,9900;30636,99;;;;DEUR;N094000;T100;;099713      BUNDESOBLIGATION  2,100% 2024-12/04/2029;100,03400000;100,03400000;99,97600000;99,97600000;99,95800000;2500000,00000000;0,00000000;0,00000000;0,00000000;0,00000000;20251111
98;1I;36584;XS2010036874;ORSTED A/S 1.75% 2019/09.12.20.3019;EUR;LUXEMBOURG;021000;301;I;6000000,000;0,000;0,000;0,000;93,8510;93,8510;5631060,0000;5631060,00;0,000000;95,7100;95,7100;5742600,0000;5742600,00;5839545,2100;5839545,21;95,6680;1,981;0,000;1,981;1,335;46,133;0,659;0,044;0,662;0,000;0,000;96945,2100;96945,21;;;;DEUR;N021000;T200;;099341      ORSTED A/S 1.75% 2019/09.12.20.3019;93,85100000;93,85100000;95,71000000;95,71000000;95,66800000;6000000,00000000;0,00000000;0,00000000;0,00000000;0,00000000;20251111
98;1I;45694;XS2563353361;ORSTED A/S  5,250% 2022-31.12.2049;EUR;LUXEMBOURG;021000;301;I;2500000,000;0,000;0,000;0,000;103,3760;103,3760;2584400,0000;2584400,00;0,000000;102,1440;102,1440;2553600,0000;2553600,00;2675141,1000;2675141,10;102,1400;-1,192;0,000;-1,192;0,611;21,134;0,293;0,004;0,295;0,000;0,000;121541,1000;121541,10;;;;DEUR;N021000;T200;;099707      ORSTED A/S  5,250% 2022-31.12.2049;103,37600000;103,37600000;102,14400000;102,14400000;102,14000000;2500000,00000000;0,00000000;0,00000000;0,00000000;0,00000000;20251111
98;1I;39984;XS2293075680;ORSTED 1.50% 2021/18.02.2051;EUR;LUXEMBOURG;021000;301;I;3000000,000;0,000;0,000;0,000;83,6250;83,6250;2508750,0000;2508750,00;0,000000;84,7570;84,7570;2542710,0000;2542710,00;2575504,5200;2575504,52;84,7150;1,354;0,000;1,354;0,589;20,347;0,292;0,050;0,293;0,000;0,000;32794,5200;32794,52;;;;DEUR;N021000;T200;;099708      ORSTED 1.50% 2021/18.02.2051;83,62500000;83,62500000;84,75700000;84,75700000;84,71500000;3000000,00000000;0,00000000;0,00000000;0,00000000;0,00000000;20251111
98;1I;46225;XS2591029876;ORSTED A/S 3,750% 2023-01/03/2030;EUR;LUXEMBOURG;021000;301;I;1500000,000;0,000;0,000;0,000;102,7150;102,7150;1540725,0000;1540725,00;0,000000;101,9130;101,9130;1528695,0000;1528695,00;1567992,9500;1567992,95;101,8760;-0,781;0,000;-0,781;0,358;12,387;0,175;0,036;0,176;0,000;0,000;39297,9500;39297,95;;;;DEUR;N021000;T200;;099825      ORSTED A/S 3,750% 2023-01/03/2030;102,71500000;102,71500000;101,91300000;101,91300000;101,87600000;1500000,00000000;0,00000000;0,00000000;0,00000000;0,00000000;20251111
98;1I;48328;FI4000567094;VALMET CORP 4% 2024/13.03.2029;EUR;HELSINKI;028000;301;I;1500000,000;0,000;0,000;0,000;101,4740;101,4740;1522110,0000;1522110,00;0,000000;101,8450;101,8450;1527675,0000;1527675,00;1567620,2100;1567620,21;101,8320;0,366;0,000;0,366;0,358;28,614;0,175;0,013;0,176;0,000;0,000;39945,2100;39945,21;;;;DEUR;N028000;T200;;099825      VALMET CORP 4% 2024/13.03.2029;101,47400000;101,47400000;101,84500000;101,84500000;101,83200000;1500000,00000000;0,00000000;0,00000000;0,00000000;0,00000000;20251111
98;1I;46138;XS2488809612;NOKIA   4,375% 2023-21/08/2031;EUR;FIPS;028000;301;I;1000000,000;0,000;0,000;0,000;104,4490;104,4490;1044490,0000;1044490,00;0,000000;104,8560;104,8560;1048560,0000;1048560,00;1058388,7700;1058388,77;104,7680;0,390;0,000;0,390;0,242;19,319;0,120;0,084;0,121;0,000;0,000;9828,7700;9828,77;;;;DEUR;N028000;T200;;099880      NOKIA   4,375% 2023-21/08/2031;104,44900000;104,44900000;104,85600000;104,85600000;104,76800000;1000000,00000000;0,00000000;0,00000000;0,00000000;0,00000000;20251111
98;1I;34244;XS1960685383;NOKIA OVJ 2% 2019/11.03.2026;EUR;DUBLINO;028000;301;I;565000,000;0,000;0,000;0,000;98,7330;98,7330;557841,4500;557841,45;0,000000;99,6220;99,6220;562864,3000;562864,30;570449,2300;570449,23;99,6380;0,900;0,000;0,900;0,130;10,412;0,065;-0,016;0,065;0,000;0,000;7584,9300;7584,93;;;;DEUR;N028000;T200;;099935      NOKIA OVJ 2% 2019/11.03.2026;98,73300000;98,73300000;99,62200000;99,62200000;99,63800000;565000,00000000;0,00000000;0,00000000;0,00000000;0,00000000;20251111
98;1I;42678;FR0014006V25;SFIL SA 0,25% 2022-01/12/2031;EUR;PARIGI;029000;301;I;10000000,000;0,000;0,000;0,000;82,3370;82,3370;8233700,0000;8233700,00;0,000000;84,6520;84,6520;8465200,0000;8465200,00;8488830,1400;8488830,14;84,5780;2,812;0,000;2,812;1,940;10,068;0,971;0,087;0,976;0,000;0,000;23630,1400;23630,14;;;;DEUR;N029000;T200;;099029      SFIL SA 0,25% 2022-01/12/2031;82,33700000;82,33700000;84,65200000;84,65200000;84,57800000;10000000,00000000;0,00000000;0,00000000;0,00000000;0,00000000;20251111
98;1I;40332;XS2312733871;FORVIA EX FAURECIA 2,375% 21-15.06.2029;EUR;DUBLINO;029000;301;I;6600000,000;0,000;0,000;0,000;89,5330;89,5330;5909178,0000;5909178,00;0,000000;96,4730;96,4730;6367218,0000;6367218,00;6430788,8300;6430788,83;96,3410;7,751;0,000;7,751;1,470;7,627;0,731;0,137;0,734;0,000;0,000;63570,8300;63570,83;;;;DEUR;N029000;T200;;099269      FORVIA EX FAURECIA 2,375% 21-15.06.2029;89,53300000;89,53300000;96,47300000;96,47300000;96,34100000;6600000,00000000;0,00000000;0,00000000;0,00000000;0,00000000;20251111
98;1I;63590;FR0014012SJ2;VALEO SA 4,625% 23.03,2032;EUR;PARIGI;029000;301;I;3000000,000;0,000;0,000;0,000;99,3410;99,3410;2980230,0000;2980230,00;0,000000;99,9990;99,9990;2999970,0000;2999970,00;3018596,7100;3018596,71;99,9890;0,662;0,000;0,662;0,690;3,580;0,344;0,010;0,346;0,000;0,000;18626,7100;18626,71;;;;DEUR;N029000;T200;;099656      VALEO SA 4,625% 23.03,2032;99,34100000;99,34100000;99,99900000;99,99900000;99,98900000;3000000,00000000;0,00000000;0,00000000;0,00000000;0,00000000;20251111
98;1I;36536;FR0013463775;CNP ASSURANCE TV 2019/27.07.2050;EUR;PARIGI;029000;301;I;2500000,000;0,000;0,000;0,000;90,6860;90,6860;2267150,0000;2267150,00;0,000000;93,3920;93,3920;2334800,0000;2334800,00;2349457,5300;2349457,53;93,3420;2,984;0,000;2,984;0,537;2,787;0,268;0,054;0,269;0,000;0,000;14657,5300;14657,53;;;;DEUR;N029000;T200;;099732      CNP ASSURANCE TV 2019/27.07.2050;90,68600000;90,68600000;93,39200000;93,39200000;93,34200000;2500000,00000000;0,00000000;0,00000000;0,00000000;0,00000000;20251111
98;1I;39979;FR0014001LV5;COVIVIO 0.875% 2021/20.01.2033;EUR;LUXEMBOURG;029000;301;I;2000000,000;0,000;0,000;0,000;78,2550;78,2550;1565100,0000;1565100,00;0,000000;79,1000;79,1000;1582000,0000;1582000,00;1596143,8400;1596143,84;79,0610;1,080;0,000;1,080;0,365;1,893;0,182;0,049;0,182;0,000;0,000;14143,8400;14143,84;;;;DEUR;N029000;T200;;099818      COVIVIO 0.875% 2021/20.01.2033;78,25500000;78,25500000;79,10000000;79,10000000;79,06100000;2000000,00000000;0,00000000;0,00000000;0,00000000;0,00000000;20251111
98;1I;63669;FR0014010DR1;RENAULT SA 3,875% 2025-30/09/2030;EUR;DUBLINO;029000;301;I;1000000,000;0,000;0,000;0,000;100,0500;100,0500;1000500,0000;1000500,00;0,000000;100,0920;100,0920;1000920,0000;1000920,00;1005378,9000;1005378,90;100,0690;0,042;0,000;0,042;0,230;1,192;0,115;0,023;0,115;0,000;0,000;4458,9000;4458,90;;;;DEUR;N029000;T200;;099885      RENAULT SA 3,875% 2025-30/09/2030;100,05000000;100,05000000;100,09200000;100,09200000;100,06900000;1000000,00000000;0,00000000;0,00000000;0,00000000;0,00000000;20251111
98;1I;27668;FR0013170834;FONCIERE DES REGIONS 1,875% 2016/20.05.2;EUR;LUXEMBOURG;029000;301;I;1000000,000;0,000;0,000;0,000;98,8830;98,8830;988830,0000;988830,00;0,000000;99,7420;99,7420;997420,0000;997420,00;1006409,7300;1006409,73;99,7580;0,869;0,000;0,869;0,230;1,194;0,114;-0,016;0,115;0,000;0,000;8989,7300;8989,73;;;;DEUR;N029000;T200;;099886      FONCIERE DES REGIONS 1,875% 2016/20.05.2;98,88300000;98,88300000;99,74200000;99,74200000;99,75800000;1000000,00000000;0,00000000;0,00000000;0,00000000;0,00000000;20251111
98;1I;37625;FR0013512233;KLEPIERRE 2% 2020/12.05.2029;EUR;PARIGI;029000;301;I;1000000,000;0,000;0,000;0,000;96,4790;96,4790;964790,0000;964790,00;0,000000;97,0910;97,0910;970910,0000;970910,00;980937,4000;980937,40;97,0410;0,634;0,000;0,634;0,224;1,163;0,111;0,052;0,112;0,000;0,000;10027,4000;10027,40;;;;DEUR;N029000;T200;;099889      KLEPIERRE 2% 2020/12.05.2029;96,47900000;96,47900000;97,09100000;97,09100000;97,04100000;1000000,00000000;0,00000000;0,00000000;0,00000000;0,00000000;20251111
98;1I;40254;XS2230399441;AIB GROUP PLC TV  2020-30/05/2031;EUR;DUBLINO;040000;301;I;4000000,000;0,000;0,000;0,000;99,0860;99,0860;3963440,0000;3963440,00;0,000000;100,0480;100,0480;4001920,0000;4001920,00;4053906,3000;4053906,30;100,0520;0,971;0,000;0,971;0,926;86,395;0,459;-0,004;0,462;0,000;0,000;51986,3000;51986,30;;;;DEUR;N040000;T200;;099541      AIB GROUP PLC TV  2020-30/05/2031;99,08600000;99,08600000;100,04800000;100,04800000;100,05200000;4000000,00000000;0,00000000;0,00000000;0,00000000;0,00000000;20251111
98;1I;48755;XS2823235085;AIB GROUP PLC TV (4,625%) 20.05.2035;EUR;DUBLINO;040000;301;I;600000,000;0,000;0,000;0,000;102,8430;102,8430;617058,0000;617058,00;0,000000;104,1790;104,1790;625074,0000;625074,00;638378,7900;638378,79;104,1180;1,299;0,000;1,299;0,146;13,605;0,072;0,059;0,072;0,000;0,000;13304,7900;13304,79;;;;DEUR;N040000;T200;;099928      AIB GROUP PLC TV (4,625%) 20.05.2035;102,84300000;102,84300000;104,17900000;104,17900000;104,11800000;600000,00000000;0,00000000;0,00000000;0,00000000;0,00000000;20251111
98;1I;36892;XS2109819859;TELEFONICA TV 05.02.2027;EUR;DUBLINO;050000;301;I;12000000,000;0,000;0,000;0,000;97,3330;97,3330;11679960,0000;11679960,00;0,000000;98,4490;98,4490;11813880,0000;11813880,00;11970169,3200;11970169,32;98,4220;1,147;0,000;1,147;2,736;25,451;1,356;0,027;1,363;0,000;0,000;156289,3200;156289,32;;;;DEUR;N050000;T200;;098644      TELEFONICA TV 05.02.2027;97,33300000;97,33300000;98,44900000;98,44900000;98,42200000;12000000,00000000;0,00000000;0,00000000;0,00000000;0,00000000;20251111
98;1I;45197;XS2486270858;KONINKLIJKE KPN 6 2022/31.12.2049;EUR;DUBLINO;050000;301;I;8500000,000;0,000;0,000;0,000;106,1250;106,1250;9020625,0000;9020625,00;0,000000;105,2780;105,2780;8948630,0000;8948630,00;9402739,5900;9402739,59;105,2520;-0,798;0,000;-0,798;2,149;19,992;1,027;0,025;1,032;0,000;0,000;454109,5900;454109,59;;;;DEUR;N050000;T200;;098973      KONINKLIJKE KPN 6 2022/31.12.2049;106,12500000;106,12500000;105,27800000;105,27800000;105,25200000;8500000,00000000;0,00000000;0,00000000;0,00000000;0,00000000;20251111
98;1I;48326;XS2755535577;TELEFONICA EUR TV (5,752%) 24-31/12/2049;EUR;DUBLINO;050000;301;I;5000000,000;0,000;0,000;0,000;106,9210;106,9210;5346050,0000;5346050,00;0,000000;105,9460;105,9460;5297300,0000;5297300,00;5462774,2500;5462774,25;105,8960;-0,912;0,000;-0,912;1,248;11,615;0,608;0,047;0,611;0,000;0,000;165474,2500;165474,25;;;;DEUR;N050000;T200;;099392      TELEFONICA EUR TV (5,752%) 24-31/12/2049;106,92100000;106,92100000;105,94600000;105,94600000;105,89600000;5000000,00000000;0,00000000;0,00000000;0,00000000;0,00000000;20251111
98;1I;42117;XS2389343380;ABN AMRO BK 0.50% 2021/23.09.2029;EUR;LUXEMBOURG;050000;301;I;5000000,000;0,000;0,000;0,000;88,3460;88,3460;4417300,0000;4417300,00;0,000000;91,4110;91,4110;4570550,0000;4570550,00;4573906,1600;4573906,16;91,3560;3,469;0,000;3,469;1,045;9,725;0,524;0,060;0,527;0,000;0,000;3356,1600;3356,16;;;;DEUR;N050000;T200;;099476      ABN AMRO BK 0.50% 2021/23.09.2029;88,34600000;88,34600000;91,41100000;91,41100000;91,35600000;5000000,00000000;0,00000000;0,00000000;0,00000000;0,00000000;20251111
98;1I;45616;XS2462605671;TELEFONICA EM TV 2022/31.12.2049;EUR;LONDRAEST;050000;301;I;2100000,000;0,000;0,000;0,000;109,8700;109,8700;2307270,0000;2307270,00;0,000000;109,2620;109,2620;2294502,0000;2294502,00;2439207,8200;2439207,82;109,2340;-0,553;0,000;-0,553;0,557;5,186;0,263;0,026;0,265;0,000;0,000;144705,8200;144705,82;;;;DEUR;N050000;T200;;099737      TELEFONICA EM TV 2022/31.12.2049;109,87000000;109,87000000;109,26200000;109,26200000;109,23400000;2100000,00000000;0,00000000;0,00000000;0,00000000;0,00000000;20251111
98;1I;46032;XS2582389156;TELEFONICA EUR BV TV 23-31.12.49;EUR;DUBLINO;050000;301;I;1500000,000;0,000;0,000;0,000;107,8640;107,8640;1617960,0000;1617960,00;0,000000;106,8580;106,8580;1602870,0000;1602870,00;1651277,6700;1651277,67;106,8400;-0,933;0,000;-0,933;0,377;3,511;0,184;0,017;0,185;0,000;0,000;48407,6700;48407,67;;;;DEUR;N050000;T200;;099816      TELEFONICA EUR BV TV 23-31.12.49;107,86400000;107,86400000;106,85800000;106,85800000;106,84000000;1500000,00000000;0,00000000;0,00000000;0,00000000;0,00000000;20251111
98;1I;45980;PTEDP4OM0025;ENERGIAS DE PORT  2023-23/04/2083;EUR;DUBLINO;055000;301;I;5000000,000;0,000;0,000;0,000;105,0310;105,0310;5251550,0000;5251550,00;0,000000;105,6610;105,6610;5283050,0000;5283050,00;5447500,1400;5447500,14;105,6400;0,600;0,000;0,600;1,245;62,637;0,606;0,020;0,609;0,000;0,000;164450,1400;164450,14;;;;DEUR;N055000;T200;;099394      ENERGIAS DE PORT  2023-23/04/2083;105,03100000;105,03100000;105,66100000;105,66100000;105,64000000;5000000,00000000;0,00000000;0,00000000;0,00000000;0,00000000;20251111
98;1I;49005;PTEDPZOM0011;ENERGIAS DE PORT (4,750%) TV 29/05/2054;EUR;DUBLINO;055000;301;I;1200000,000;0,000;0,000;0,000;102,2090;102,2090;1226508,0000;1226508,00;0,000000;103,6800;103,6800;1244160,0000;1244160,00;1270083,2900;1270083,29;103,6390;1,439;0,000;1,439;0,290;14,604;0,143;0,040;0,144;0,000;0,000;25923,2900;25923,29;;;;DEUR;N055000;T200;;099857      ENERGIAS DE PORT (4,750%) TV 29/05/2054;102,20900000;102,20900000;103,68000000;103,68000000;103,63900000;1200000,00000000;0,00000000;0,00000000;0,00000000;0,00000000;20251111
98;1I;39819;PTEDPROM0029;ENERGIAS DE PORT 1.875% 2021/02.08.2081;EUR;DUBLINO;055000;301;I;1000000,000;0,000;0,000;0,000;97,4210;97,4210;974210,0000;974210,00;0,000000;99,1170;99,1170;991170,0000;991170,00;996358,3600;996358,36;99,1200;1,741;0,000;1,741;0,228;11,456;0,114;-0,003;0,114;0,000;0,000;5188,3600;5188,36;;;;DEUR;N055000;T200;;099886      ENERGIAS DE PORT 1.875% 2021/02.08.2081;97,42100000;97,42100000;99,11700000;99,11700000;99,12000000;1000000,00000000;0,00000000;0,00000000;0,00000000;0,00000000;20251111
98;1I;37494;PTEDPNOM0015;ENERGIAS DE PORTUGAL1.625% 2020/15.04.27;EUR;DUBLINO;055000;301;I;500000,000;0,000;0,000;0,000;97,6210;97,6210;488105,0000;488105,00;0,000000;99,0030;99,0030;495015,0000;495015,00;499689,6600;499689,66;99,0090;1,416;0,000;1,416;0,114;5,746;0,057;-0,006;0,057;0,000;0,000;4674,6600;4674,66;;;;DEUR;N055000;T200;;099943      ENERGIAS DE PORTUGAL1.625% 2020/15.04.27;97,62100000;97,62100000;99,00300000;99,00300000;99,00900000;500000,00000000;0,00000000;0,00000000;0,00000000;0,00000000;20251111
98;1I;45565;XS2553801502;BANCO DE SABADELL SA  TV 2022/10.11.2027;EUR;LUXEMBOURG;067000;301;I;4000000,000;0,000;0,000;0,000;105,6520;105,6520;4226080,0000;4226080,00;0,000000;104,8180;104,8180;4192720,0000;4192720,00;4193281,6400;4193281,64;104,8210;-0,789;0,000;-0,789;0,958;10,570;0,481;-0,003;0,484;0,000;0,000;561,6400;561,64;;;;DEUR;N067000;T200;;099519      BANCO DE SABADELL SA  TV 2022/10.11.2027;105,65200000;105,65200000;104,81800000;104,81800000;104,82100000;4000000,00000000;0,00000000;0,00000000;0,00000000;0,00000000;20251111
98;1I;41174;XS2353366268;BANCO DE SABADELL SA  0.875% 2116.06.28;EUR;DUBLINO;067000;301;I;4000000,000;0,000;0,000;0,000;95,1400;95,1400;3805600,0000;3805600,00;0,000000;97,4300;97,4300;3897200,0000;3897200,00;3911391,7800;3911391,78;97,4250;2,407;0,000;2,407;0,894;9,860;0,447;0,005;0,450;0,000;0,000;14191,7800;14191,78;;;;DEUR;N067000;T200;;099553      BANCO DE SABADELL SA  0.875% 2116.06.28;95,14000000;95,14000000;97,43000000;97,43000000;97,42500000;4000000,00000000;0,00000000;0,00000000;0,00000000;0,00000000;20251111
98;1I;39175;XS2258971071;CAIXABANK 2020/18.11.2026 TV;EUR;DUBLINO;067000;301;I;3500000,000;0,000;0,000;0,000;97,8090;97,8090;3423315,0000;3423315,00;0,000000;99,9590;99,9590;3498565,0000;3498565,00;3511438,2900;3511438,29;99,9540;2,198;0,000;2,198;0,803;8,852;0,401;0,005;0,404;0,000;0,000;12873,2900;12873,29;;;;DEUR;N067000;T200;;099599      CAIXABANK 2020/18.11.2026 TV;97,80900000;97,80900000;99,95900000;99,95900000;99,95400000;3500000,00000000;0,00000000;0,00000000;0,00000000;0,00000000;20251111
98;1I;36890;XS2112289207;TELEFONICA 0,664% 2020/03.02.2030;EUR;DUBLINO;067000;301;I;3000000,000;0,000;0,000;0,000;89,4530;89,4530;2683590,0000;2683590,00;0,000000;91,2940;91,2940;2738820,0000;2738820,00;2754155,6700;2754155,67;91,2580;2,058;0,000;2,058;0,629;6,943;0,314;0,039;0,316;0,000;0,000;15335,6700;15335,67;;;;DEUR;N067000;T200;;099686      TELEFONICA 0,664% 2020/03.02.2030;89,45300000;89,45300000;91,29400000;91,29400000;91,25800000;3000000,00000000;0,00000000;0,00000000;0,00000000;0,00000000;20251111
98;1I;40260;XS2310118976;CAIXABANK TV  2021-18/06/2031;EUR;DUBLINO;067000;301;I;2500000,000;0,000;0,000;0,000;97,3720;97,3720;2434300,0000;2434300,00;0,000000;99,4130;99,4130;2485325,0000;2485325,00;2497825,0000;2497825,00;99,4100;2,096;0,000;2,096;0,571;6,297;0,285;0,003;0,287;0,000;0,000;12500,0000;12500,00;;;;DEUR;N067000;T200;;099715      CAIXABANK TV  2021-18/06/2031;97,37200000;97,37200000;99,41300000;99,41300000;99,41000000;2500000,00000000;0,00000000;0,00000000;0,00000000;0,00000000;20251111
98;1I;45689;XS2530034649;CAIXABANK  3,750% 2022-07/09/2029;EUR;DUBLINO;067000;301;I;2000000,000;0,000;0,000;0,000;103,7830;103,7830;2075660,0000;2075660,00;0,000000;103,6140;103,6140;2072280,0000;2072280,00;2085636,1600;2085636,16;103,5850;-0,163;0,000;-0,163;0,477;5,257;0,238;0,028;0,239;0,000;0,000;13356,1600;13356,16;;;;DEUR;N067000;T200;;099762      CAIXABANK  3,750% 2022-07/09/2029;103,78300000;103,78300000;103,61400000;103,61400000;103,58500000;2000000,00000000;0,00000000;0,00000000;0,00000000;0,00000000;20251111
98;1I;46901;XS2598331242;BANCO DE SABADELL TV 2023-07/06/2029;EUR;DUBLINO;067000;301;I;1000000,000;0,000;0,000;0,000;106,1680;106,1680;1061680,0000;1061680,00;0,000000;105,5950;105,5950;1055950,0000;1055950,00;1077456,8500;1077456,85;105,5800;-0,540;0,000;-0,540;0,246;2,716;0,121;0,014;0,122;0,000;0,000;21506,8500;21506,85;;;;DEUR;N067000;T200;;099879      BANCO DE SABADELL TV 2023-07/06/2029;106,16800000;106,16800000;105,59500000;105,59500000;105,58000000;1000000,00000000;0,00000000;0,00000000;0,00000000;0,00000000;20251111
98;1I;38194;XS2201857534;GENERALI 2.429% 2020/14.07.2031;EUR;LUXEMBOURG;086000;301;I;5000000,000;0,000;0,000;0,000;93,7780;93,7780;4688900,0000;4688900,00;0,000000;95,5910;95,5910;4779550,0000;4779550,00;4819478,7700;4819478,77;95,5260;1,933;0,000;1,933;1,101;3,851;0,548;0,068;0,551;0,000;0,000;39928,7700;39928,77;;;;DEUR;N086000;T200;;099452      GENERALI 2.429% 2020/14.07.2031;93,77800000;93,77800000;95,59100000;95,59100000;95,52600000;5000000,00000000;0,00000000;0,00000000;0,00000000;0,00000000;20251111
98;1I;43391;XS2437854487;TERNA RETE ELETTR 2,375% 2022-31/12/2049;EUR;LUXEMBOURG;086000;301;I;4000000,000;0,000;0,000;0,000;95,7560;95,7560;3830240,0000;3830240,00;0,000000;97,9940;97,9940;3919760,0000;3919760,00;3991335,3400;3991335,34;97,9210;2,337;0,000;2,337;0,912;3,189;0,450;0,075;0,452;0,000;0,000;71575,3400;71575,34;;;;DEUR;N086000;T200;;099550      TERNA RETE ELETTR 2,375% 2022-31/12/2049;95,75600000;95,75600000;97,99400000;97,99400000;97,92100000;4000000,00000000;0,00000000;0,00000000;0,00000000;0,00000000;20251111
98;1I;35975;XS2056491587;GENERALI 2,124% 2019/01.10.2030;EUR;MOT;086000;301;I;2500000,000;0,000;0,000;0,000;94,0850;94,0850;2352125,0000;2352125,00;0,000000;95,5160;95,5160;2387900,0000;2387900,00;2393864,6600;2393864,66;95,4600;1,521;0,000;1,521;0,547;1,913;0,274;0,059;0,275;0,000;0,000;5964,6600;5964,66;;;;DEUR;N086000;T200;;099726      GENERALI 2,124% 2019/01.10.2030;94,08500000;94,08500000;95,51600000;95,51600000;95,46000000;2500000,00000000;0,00000000;0,00000000;0,00000000;0,00000000;20251111
98;1I;35597;XS2026150313;A2A SPA 1% 2019/16.07.2029;EUR;LUXEMBOURG;086000;301;I;2000000,000;0,000;0,000;0,000;92,0050;92,0050;1840100,0000;1840100,00;0,000000;94,2100;94,2100;1884200,0000;1884200,00;1890665,7500;1890665,75;94,1830;2,397;0,000;2,397;0,432;1,511;0,216;0,029;0,217;0,000;0,000;6465,7500;6465,75;;;;DEUR;N086000;T200;;099784      A2A SPA 1% 2019/16.07.2029;92,00500000;92,00500000;94,21000000;94,21000000;94,18300000;2000000,00000000;0,00000000;0,00000000;0,00000000;0,00000000;20251111
98;1I;46851;XS2606341787;CREDITO EMILIANO 5,625% 2023-30/05/2029;EUR;LUXEMBOURG;086000;301;I;1000000,000;0,000;0,000;0,000;107,1790;107,1790;1071790,0000;1071790,00;0,000000;106,5350;106,5350;1065350,0000;1065350,00;1090778,0800;1090778,08;106,5240;-0,601;0,000;-0,601;0,249;0,872;0,122;0,010;0,123;0,000;0,000;25428,0800;25428,08;;;;DEUR;N086000;T200;;099878      CREDITO EMILIANO 5,625% 2023-30/05/2029;107,17900000;107,17900000;106,53500000;106,53500000;106,52400000;1000000,00000000;0,00000000;0,00000000;0,00000000;0,00000000;20251111
98;1I;34606;XS1980270810;TERNA 1% 2019/10.04.2026;EUR;LUXEMBOURG;086000;301;I;1000000,000;0,000;0,000;0,000;97,9310;97,9310;979310,0000;979310,00;0,000000;99,4600;99,4600;994600,0000;994600,00;1000490,4100;1000490,41;99,4670;1,561;0,000;1,561;0,229;0,799;0,114;-0,007;0,115;0,000;0,000;5890,4100;5890,41;;;;DEUR;N086000;T200;;099886      TERNA 1% 2019/10.04.2026;97,93100000;97,93100000;99,46000000;99,46000000;99,46700000;1000000,00000000;0,00000000;0,00000000;0,00000000;0,00000000;20251111
98;1I;46047;XS2583205906;A2A SPA 4,375% 2023-03/02/2034;EUR;LUXEMBOURG;086000;301;I;300000,000;0,000;0,000;0,000;105,7230;105,7230;317169,0000;317169,00;0,000000;105,8090;105,8090;317427,0000;317427,00;327531,4500;327531,45;105,7320;0,081;0,000;0,081;0,075;0,262;0,036;0,073;0,037;0,000;0,000;10104,4500;10104,45;;;;DEUR;N086000;T200;;099964      A2A SPA 4,375% 2023-03/02/2034;105,72300000;105,72300000;105,80900000;105,80900000;105,73200000;300000,00000000;0,00000000;0,00000000;0,00000000;0,00000000;20251111
98;1I;38139;XS2197348597;TAKEDA PHARMA 1% 2020/09.07.2029;EUR;NEW YORK;088000;301;I;3000000,000;0,000;0,000;0,000;91,9600;91,9600;2758800,0000;2758800,00;0,000000;93,4170;93,4170;2802510,0000;2802510,00;2812783,9700;2812783,97;93,3740;1,584;0,000;1,584;0,643;100,000;0,322;0,046;0,323;0,000;0,000;10273,9700;10273,97;;;;DEUR;N088000;T200;;099678      TAKEDA PHARMA 1% 2020/09.07.2029;91,96000000;91,96000000;93,41700000;93,41700000;93,37400000;3000000,00000000;0,00000000;0,00000000;0,00000000;0,00000000;20251111
98;1I;63474;DE000A4DFWV3;EVONIK IND TV (4,25%) 09.09.2055;EUR;LUXEMBOURG;094000;301;I;6000000,000;0,000;0,000;0,000;99,7660;99,7660;5985960,0000;5985960,00;0,000000;98,9500;98,9500;5937000,0000;5937000,00;5981013,7000;5981013,70;98,9110;-0,818;0,000;-0,818;1,367;6,560;0,681;0,039;0,685;0,000;0,000;44013,7000;44013,70;;;;DEUR;N094000;T200;;099319      EVONIK IND TV (4,25%) 09.09.2055;99,76600000;99,76600000;98,95000000;98,95000000;98,91100000;6000000,00000000;0,00000000;0,00000000;0,00000000;0,00000000;20251111
98;1I;40342;DE000A3E5FR9;VONOVIA SE 0,625% 2021-24/03/2031;EUR;LUXEMBOURG;094000;301;I;3000000,000;0,000;0,000;0,000;84,3770;84,3770;2531310,0000;2531310,00;0,000000;87,2250;87,2250;2616750,0000;2616750,00;2628667,8100;2628667,81;87,1700;3,375;0,000;3,375;0,601;2,883;0,300;0,063;0,302;0,000;0,000;11917,8100;11917,81;;;;DEUR;N094000;T200;;099700      VONOVIA SE 0,625% 2021-24/03/2031;84,37700000;84,37700000;87,22500000;87,22500000;87,17000000;3000000,00000000;0,00000000;0,00000000;0,00000000;0,00000000;20251111
98;1I;36023;XS2056730679;INFINEON TEC 3.625% 2019-31/12/2049;EUR;DUBLINO;094000;301;I;2000000,000;0,000;0,000;0,000;99,1040;99,1040;1982080,0000;1982080,00;0,000000;100,6060;100,6060;2012120,0000;2012120,00;2056613,1500;2056613,15;100,5770;1,516;0,000;1,516;0,470;2,256;0,231;0,029;0,232;0,000;0,000;44493,1500;44493,15;;;;DEUR;N094000;T200;;099769      INFINEON TEC 3.625% 2019-31/12/2049;99,10400000;99,10400000;100,60600000;100,60600000;100,57700000;2000000,00000000;0,00000000;0,00000000;0,00000000;0,00000000;20251111
98;1I;08457;FI0009000681;NOKIA OYJ;EUR;HELSINKI;028000;201;I;386016,000;0,000;0,000;0,000;4,8356;4,8356;1866621,0600;1866621,06;0,000000;5,9120;5,9120;2282126,5900;2282126,59;2282126,5900;2282126,59;5,8560;22,260;0,000;22,260;0,522;41,655;0,262;0,956;0,263;0,000;0,000;0,0000;0,00;;;;DEUR;N028000;T300;;099738      NOKIA OYJ;4,83560541;4,83560541;5,91200000;5,91200000;5,85600000;386016,00000000;0,00000000;0,00000000;0,00000000;0,00000000;20251111
98;1I;33385;FR0013154002;SARTORIUS STEDIM BIOTECH;EUR;PARIGI;029000;201;I;16688,000;0,000;0,000;0,000;177,5678;177,5678;2963252,8300;2963252,83;0,000000;192,6000;192,6000;3214108,8000;3214108,80;3214108,8000;3214108,80;187,2000;8,466;0,000;8,466;0,735;3,812;0,369;2,885;0,371;0,000;0,000;0,0000;0,00;;;;DEUR;N029000;T300;;099631      SARTORIUS STEDIM BIOTECH;177,56788291;177,56788291;192,60000000;192,60000000;187,20000000;16688,00000000;0,00000000;0,00000000;0,00000000;0,00000000;20251111
98;1I;08436;FR0000120321;L'OREAL;EUR;PARIGI;029000;201;I;8642,000;0,000;0,000;0,000;395,8781;395,8781;3421178,6900;3421178,69;0,000000;356,7000;356,7000;3082601,4000;3082601,40;3082601,4000;3082601,40;353,9500;-9,897;0,000;-9,897;0,704;3,656;0,354;0,777;0,356;0,000;0,000;0,0000;0,00;;;;DEUR;N029000;T300;;099646      L'OREAL;395,87811733;395,87811733;356,70000000;356,70000000;353,95000000;8642,00000000;0,00000000;0,00000000;0,00000000;0,00000000;20251111
98;1I;06647;FR0010313833;ARKEMA;EUR;PARIGI;029000;201;I;43005,000;0,000;0,000;0,000;74,8591;74,8591;3219316,8600;3219316,86;0,000000;52,6000;52,6000;2262063,0000;2262063,00;2262063,0000;2262063,00;51,5500;-29,735;0,000;-29,735;0,517;2,683;0,260;2,037;0,261;0,000;0,000;0,0000;0,00;;;;DEUR;N029000;T300;;099740      ARKEMA;74,85912940;74,85912940;52,60000000;52,60000000;51,55000000;43005,00000000;0,00000000;0,00000000;0,00000000;0,00000000;20251111
98;1I;01606;FR0000121667;ESSILOR LUXOTTICA;EUR;PARIGI;029000;201;I;6835,000;0,000;0,000;0,000;257,1988;257,1988;1757954,1500;1757954,15;0,000000;315,4000;315,4000;2155759,0000;2155759,00;2155759,0000;2155759,00;311,8000;22,629;0,000;22,629;0,493;2,557;0,247;1,155;0,249;0,000;0,000;0,0000;0,00;;;;DEUR;N029000;T300;;099753      ESSILOR LUXOTTICA;257,19885150;257,19885150;315,40000000;315,40000000;311,80000000;6835,00000000;0,00000000;0,00000000;0,00000000;0,00000000;20251111
98;1I;06469;FR0010307819;LEGRAND PROMESSES;EUR;PARIGI;029000;201;I;10746,000;0,000;0,000;0,000;131,5327;131,5327;1413451,3500;1413451,35;0,000000;131,4000;131,4000;1412024,4000;1412024,40;1412024,4000;1412024,40;131,0000;-0,101;0,000;-0,101;0,323;1,675;0,162;0,305;0,163;0,000;0,000;0,0000;0,00;;;;DEUR;N029000;T300;;099838      LEGRAND PROMESSES;131,53278894;131,53278894;131,40000000;131,40000000;131,00000000;10746,00000000;0,00000000;0,00000000;0,00000000;0,00000000;20251111
98;1I;14112;FR0010451203;REXEL SA;EUR;PARIGI;029000;201;I;47105,000;0,000;0,000;0,000;25,5018;25,5018;1201263,0500;1201263,05;0,000000;29,9700;29,9700;1411736,8500;1411736,85;1411736,8500;1411736,85;29,5600;17,521;0,000;17,521;0,323;1,674;0,162;1,387;0,163;0,000;0,000;0,0000;0,00;;;;DEUR;N029000;T300;;099838      REXEL SA;25,50181615;25,50181615;29,97000000;29,97000000;29,56000000;47105,00000000;0,00000000;0,00000000;0,00000000;0,00000000;20251111
98;1I;14500;NL0010273215;ASML HLDG NV NEW;EUR;AMSTERDAM;050000;201;I;5952,000;0,000;0,000;0,000;713,2848;713,2848;4245471,6400;4245471,64;0,000000;886,9000;886,9000;5278828,8000;5278828,80;5278828,8000;5278828,80;886,7000;24,340;0,000;24,340;1,206;11,224;0,606;0,023;0,609;0,000;0,000;0,0000;0,00;;;;DEUR;N050000;T300;;099394      ASML HLDG NV NEW;713,28488575;713,28488575;886,90000000;886,90000000;886,70000000;5952,00000000;0,00000000;0,00000000;0,00000000;0,00000000;20251111
98;1I;35896;NL0013654783;PROSUS;EUR;AMSTERDAM;050000;201;I;56430,000;0,000;0,000;0,000;41,9251;41,9251;2365837,7600;2365837,76;0,000000;61,4800;61,4800;3469316,4000;3469316,40;3469316,4000;3469316,40;61,7000;46,642;0,000;46,642;0,793;7,376;0,398;-0,357;0,400;0,000;0,000;0,0000;0,00;;;;DEUR;N050000;T300;;099602      PROSUS;41,92517738;41,92517738;61,48000000;61,48000000;61,70000000;56430,00000000;0,00000000;0,00000000;0,00000000;0,00000000;20251111
98;1I;01895;NL0000226223;STMICROELECTRONICS - MILANO;EUR;MILANO;050000;201;I;134917,000;0,000;0,000;0,000;24,6291;24,6291;3322893,4600;3322893,46;0,000000;20,6400;20,6400;2784686,8800;2784686,88;2784686,8800;2784686,88;20,3850;-16,197;0,000;-16,197;0,636;5,921;0,320;1,251;0,321;0,000;0,000;0,0000;0,00;;;;DEUR;N050000;T300;;099680      STMICROELECTRONICS - MILANO;24,62916800;24,62916800;20,64000000;20,64000000;20,38500000;134917,00000000;0,00000000;0,00000000;0,00000000;0,00000000;20251111
98;1I;09439;ES0127797019;EDP RENOVAVEIS SA;EUR;LISBONA;067000;201;I;87482,000;0,000;0,000;0,000;9,9297;9,9297;868672,0700;868672,07;0,000000;11,5300;11,5300;1008667,4600;1008667,46;1008667,4600;1008667,46;12,0000;16,116;0,000;16,116;0,231;2,543;0,116;-3,917;0,116;0,000;0,000;0,0000;0,00;;;;DEUR;N067000;T300;;099884      EDP RENOVAVEIS SA;9,92972348;9,92972348;11,53000000;11,53000000;12,00000000;87482,00000000;0,00000000;0,00000000;0,00000000;0,00000000;20251111
98;1I;23311;ES0105025003;MERLIN PROPERTIES SOCIMI SA;EUR;MADRID;067000;201;I;56681,000;0,000;0,000;0,000;10,0875;10,0875;571770,2200;571770,22;0,000000;13,3200;13,3200;754990,9200;754990,92;754990,9200;754990,92;13,2300;32,044;0,000;32,044;0,173;1,903;0,087;0,680;0,087;0,000;0,000;0,0000;0,00;;;;DEUR;N067000;T300;;099913      MERLIN PROPERTIES SOCIMI SA;10,08751115;10,08751115;13,32000000;13,32000000;13,23000000;56681,00000000;0,00000000;0,00000000;0,00000000;0,00000000;20251111
98;1I;08512;DE0007164600;SAP SE;EUR;NEUERMKT;094000;201;I;12833,000;0,000;0,000;0,000;248,1732;248,1732;3184807,7600;3184807,76;0,000000;217,0500;217,0500;2785402,6500;2785402,65;2785402,6500;2785402,65;216,2500;-12,541;0,000;-12,541;0,637;3,055;0,320;0,370;0,321;0,000;0,000;0,0000;0,00;;;;DEUR;N094000;T300;;099680      SAP SE;248,17328450;248,17328450;217,05000000;217,05000000;216,25000000;12833,00000000;0,00000000;0,00000000;0,00000000;0,00000000;20251111
98;1I;24199;DE000ZAL1111;ZALANDO-ORD SHS;EUR;NEUERMKT;094000;201;I;109844,000;0,000;0,000;0,000;27,4143;27,4143;3011303,9300;3011303,93;0,000000;23,0100;23,0100;2527510,4400;2527510,44;2527510,4400;2527510,44;22,5800;-16,066;0,000;-16,066;0,578;2,772;0,290;1,904;0,292;0,000;0,000;0,0000;0,00;;;;DEUR;N094000;T300;;099710      ZALANDO-ORD SHS;27,41436883;27,41436883;23,01000000;23,01000000;22,58000000;109844,00000000;0,00000000;0,00000000;0,00000000;0,00000000;20251111
98;1I;19412;DE000A1ML7J1;VONOVIA SE;EUR;NEUERMKT;094000;201;I;81362,000;0,000;0,000;0,000;27,3086;27,3086;2221889,2600;2221889,26;0,000000;25,7300;25,7300;2093444,2600;2093444,26;2093444,2600;2093444,26;25,1000;-5,781;0,000;-5,781;0,478;2,296;0,240;2,510;0,241;0,000;0,000;0,0000;0,00;;;;DEUR;N094000;T300;;099760      VONOVIA SE;27,30868538;27,30868538;25,73000000;25,73000000;25,10000000;81362,00000000;0,00000000;0,00000000;0,00000000;0,00000000;20251111
98;1I;08529;DE0005557508;DEUTSCHE TELEKOM - NOMINATIVE;EUR;NEUERMKT;094000;201;I;72679,000;0,000;0,000;0,000;31,7848;31,7848;2310088,5900;2310088,59;0,000000;27,0700;27,0700;1967420,5300;1967420,53;1967420,5300;1967420,53;26,6900;-14,834;0,000;-14,834;0,450;2,158;0,226;1,424;0,227;0,000;0,000;0,0000;0,00;;;;DEUR;N094000;T300;;099774      DEUTSCHE TELEKOM - NOMINATIVE;31,78481528;31,78481528;27,07000000;27,07000000;26,69000000;72679,00000000;0,00000000;0,00000000;0,00000000;0,00000000;20251111
98;1I;02206;DE0005200000;BEIERSDORF AG;EUR;NEUERMKT;094000;201;I;19479,000;0,000;0,000;0,000;123,4743;123,4743;2405156,2700;2405156,27;0,000000;93,8600;93,8600;1828298,9400;1828298,94;1828298,9400;1828298,94;92,7200;-23,984;0,000;-23,984;0,418;2,005;0,210;1,230;0,211;0,000;0,000;0,0000;0,00;;;;DEUR;N094000;T300;;099790      BEIERSDORF AG;123,47431952;123,47431952;93,86000000;93,86000000;92,72000000;19479,00000000;0,00000000;0,00000000;0,00000000;0,00000000;20251111
98;1I;17410;IT0004965148;MONCLER SPA;EUR;MILANO;086000;201;I;94118,000;0,000;0,000;0,000;54,9778;54,9778;5174404,0900;5174404,09;0,000000;57,6000;57,6000;5421196,8000;5421196,80;5421196,8000;5421196,80;56,4200;4,769;0,000;4,769;1,239;4,332;0,622;2,091;0,625;0,000;0,000;0,0000;0,00;;;;DEUR;N111111;T300;;099378      MONCLER SPA;54,97783728;54,97783728;57,60000000;57,60000000;56,42000000;94118,00000000;0,00000000;0,00000000;0,00000000;0,00000000;20251111
98;1I;03566;IT0003497176;TELECOM ITALIA RNC.;EUR;MILANO;086000;204;I;9173477,000;0,000;0,000;0,000;0,2910;0,2910;2669569,2400;2669569,24;0,000000;0,5574;0,5574;5113296,0800;5113296,08;5113296,0800;5113296,08;0,5572;91,540;0,000;91,540;1,169;4,086;0,587;0,036;0,590;0,000;0,000;0,0000;0,00;;;;DEUR;N111111;T300;;099413      TELECOM ITALIA RNC.;0,29100953;0,29100953;0,55740000;0,55740000;0,55720000;9173477,00000000;0,00000000;0,00000000;0,00000000;0,00000000;20251111
98;1I;03565;IT0003497168;TELECOM ITALIA SPA ORD.;EUR;MILANO;086000;201;I;8826947,000;0,000;0,000;0,000;0,2480;0,2480;2189377,3000;2189377,30;0,000000;0,4958;0,4958;4376400,3200;4376400,32;4376400,3200;4376400,32;0,4921;99,892;0,000;99,892;1,000;3,497;0,502;0,752;0,505;0,000;0,000;0,0000;0,00;;;;DEUR;N111111;T300;;099498      TELECOM ITALIA SPA ORD.;0,24803335;0,24803335;0,49580000;0,49580000;0,49210000;8826947,00000000;0,00000000;0,00000000;0,00000000;0,00000000;20251111
98;1I;04321;IT0003242622;TERNA SPA;EUR;MILANO;086000;201;I;86851,000;0,000;0,000;0,000;7,6294;7,6294;662629,2700;662629,27;0,000000;9,0460;9,0460;785654,1500;785654,15;785654,1500;785654,15;8,9940;18,566;0,000;18,566;0,180;0,628;0,090;0,578;0,091;0,000;0,000;0,0000;0,00;;;;DEUR;N111111;T300;;099910      TERNA SPA;7,62949499;7,62949499;9,04600000;9,04600000;8,99400000;86851,00000000;0,00000000;0,00000000;0,00000000;0,00000000;20251111
98;1I;34530;IT0005366767;NEXI SPA;EUR;MILANO;086000;201;I;162778,000;0,000;0,000;0,000;5,3064;5,3064;863775,9200;863775,92;0,000000;4,1200;4,1200;670645,3600;670645,36;670645,3600;670645,36;4,0250;-22,359;0,000;-22,359;0,153;0,536;0,077;2,360;0,077;0,000;0,000;0,0000;0,00;;;;DEUR;N111111;T300;;099923      NEXI SPA;5,30646598;5,30646598;4,12000000;4,12000000;4,02500000;162778,00000000;0,00000000;0,00000000;0,00000000;0,00000000;20251111
98;1I;03436;IT0001250932;HERA SPA;EUR;MILANO;086000;201;I;142374,000;0,000;0,000;0,000;3,4411;3,4411;489936,7300;489936,73;0,000000;3,9820;3,9820;566933,2700;566933,27;566933,2700;566933,27;4,0080;15,716;0,000;15,716;0,130;0,453;0,065;-0,649;0,065;0,000;0,000;0,0000;0,00;;;;DEUR;N111111;T300;;099935      HERA SPA;3,44119523;3,44119523;3,98200000;3,98200000;4,00800000;142374,00000000;0,00000000;0,00000000;0,00000000;0,00000000;20251111
98;1I;07639;IT0004176001;PRYSMIAN SPA;EUR;MILANO;086000;201;I;5148,000;0,000;0,000;0,000;61,2302;61,2302;315213,4000;315213,40;0,000000;84,3000;84,3000;433976,4000;433976,40;433976,4000;433976,40;83,5600;37,677;0,000;37,677;0,099;0,347;0,050;0,886;0,050;0,000;0,000;0,0000;0,00;;;;DEUR;N111111;T300;;099950      PRYSMIAN SPA;61,23026418;61,23026418;84,30000000;84,30000000;83,56000000;5148,00000000;0,00000000;0,00000000;0,00000000;0,00000000;20251111
98;1I;08573;IT0001233417;A2A SPA;EUR;MILANO;086000;201;I;154847,000;0,000;0,000;0,000;2,1345;2,1345;330522,4000;330522,40;0,000000;2,7100;2,7100;419635,3700;419635,37;419635,3700;419635,37;2,6960;26,961;0,000;26,961;0,096;0,335;0,048;0,519;0,048;0,000;0,000;0,0000;0,00;;;;DEUR;N111111;T300;;099952      A2A SPA;2,13450954;2,13450954;2,71000000;2,71000000;2,69600000;154847,00000000;0,00000000;0,00000000;0,00000000;0,00000000;20251111
98;1I;08544;IT0001157020;ERG ORD.;EUR;MILANO;086000;201;I;12769,000;0,000;0,000;0,000;19,5071;19,5071;249086,6100;249086,61;0,000000;22,3600;22,3600;285514,8400;285514,84;285514,8400;285514,84;22,4000;14,625;0,000;14,625;0,065;0,228;0,033;-0,179;0,033;0,000;0,000;0,0000;0,00;;;;DEUR;N111111;T300;;099967      ERG ORD.;19,50713524;19,50713524;22,36000000;22,36000000;22,40000000;12769,00000000;0,00000000;0,00000000;0,00000000;0,00000000;20251111
98;1I;30238;IT0005278236;PIRELLI & C SPA;EUR;MILANO;086000;201;I;21893,000;0,000;0,000;0,000;5,4387;5,4387;119070,1400;119070,14;0,000000;6,1100;6,1100;133766,2300;133766,23;133766,2300;133766,23;6,1260;12,342;0,000;12,342;0,031;0,107;0,015;-0,261;0,015;0,000;0,000;0,0000;0,00;;;;DEUR;N111111;T300;;099985      PIRELLI & C SPA;5,43873110;5,43873110;6,11000000;6,11000000;6,12600000;21893,00000000;0,00000000;0,00000000;0,00000000;0,00000000;20251111
98;1O;02360;CA9611485090;WESTON GEORGE LTD.;CAD;TORONTO;111111;201;O;34809,000;0,000;0,000;0,000;74,7618;50,0615;2602383,6930;1742592,05;1,493398;86,2900;53,1048;3003668,6100;1848525,21;3003668,6100;1848525,21;87,0800;15,420;8,806;6,079;49,056;0,453;0,212;-0,907;0,213;0,000;0,000;0,0000;0,00;;;;DCAD;N013000;T300;;099788      WESTON GEORGE LTD.;74,76180565;50,06153724;86,29000000;53,10480644;87,08000000;34809,00000000;0,00000000;0,00000000;0,00000000;0,00000000;20251111
98;1O;03510;CA1363751027;CANADIAN NATIONAL RAILWAY CAD;CAD;TORONTO;111111;201;O;15346,000;0,000;0,000;0,000;145,5013;97,4602;2232863,4910;1495624,51;1,492931;134,4300;82,7312;2062962,7800;1269593,69;2062962,7800;1269593,69;132,5000;-7,609;8,840;-15,113;33,693;0,311;0,146;1,457;0,146;0,000;0,000;0,0000;0,00;;;;DCAD;N013000;T300;;099854      CANADIAN NATIONAL RAILWAY CAD;145,50133526;97,46021829;134,43000000;82,73124499;132,50000000;15346,00000000;0,00000000;0,00000000;0,00000000;0,00000000;20251111
98;1O;10636;DK0060079531;DSV A/S;DKK;COPENHAGEN;111111;201;O;14045,000;0,000;0,000;0,000;1461,3736;195,8455;20524992,7730;2750651,25;7,461867;1465,0000;196,1834;20575925,0000;2755396,72;20575925,0000;2755396,72;1429,5000;0,248;0,075;0,173;49,421;0,676;0,316;2,483;0,318;0,000;0,000;0,0000;0,00;;;;DDKK;N021000;T300;;099684      DSV A/S;1461,37363994;195,84558561;1465,00000000;196,18346166;1429,50000000;14045,00000000;0,00000000;0,00000000;0,00000000;0,00000000;20251111
98;1O;47417;DK0062498333;NOVO NORDISK A/S-B;DKK;COPENHAGEN;111111;201;O;59464,000;0,000;0,000;0,000;535,2876;71,7672;31830346,8000;4267565,97;7,458665;313,6500;42,0020;18650883,6000;2497607,45;18650883,6000;2497607,45;294,7000;-41,405;0,118;-41,475;44,797;0,613;0,287;6,430;0,288;0,000;0,000;0,0000;0,00;;;;DDKK;N021000;T300;;099713      NOVO NORDISK A/S-B;535,28768330;71,76721999;313,65000000;42,00200870;294,70000000;59464,00000000;0,00000000;0,00000000;0,00000000;0,00000000;20251111
98;1O;44229;GB00BP92CJ43;TATE & LYLE PLC;GBP;LONDRA;111111;201;O;402874,000;0,000;0,000;0,000;5,5230;6,4794;2225098,7950;2610400,29;0,852398;3,9460;4,4830;1589740,8040;1806113,16;1589740,8040;1806113,16;3,8840;-28,554;3,262;-30,811;11,945;0,443;0,207;1,596;0,208;0,000;0,000;0,0000;0,00;;;;DGBP;N031000;T300;;099793      TATE & LYLE PLC;5,52306377;6,47944590;3,94600000;4,48307202;3,88400000;402874,00000000;0,00000000;0,00000000;0,00000000;0,00000000;20251111
98;1O;03729;GB0006825383;PERSIMMON PLC.;GBP;LONDRA;111111;201;O;103620,000;0,000;0,000;0,000;11,5789;13,9193;1199809,0700;1442321,69;0,831860;12,5600;14,2694;1301467,2000;1478603,95;1301467,2000;1478603,95;12,3150;8,473;5,811;2,516;9,779;0,363;0,170;1,989;0,171;0,000;0,000;0,0000;0,00;;;;DGBP;N031000;T300;;099830      PERSIMMON PLC.;11,57893331;13,91933690;12,56000000;14,26948420;12,31500000;103620,00000000;0,00000000;0,00000000;0,00000000;0,00000000;20251111
98;1O;34897;GB00BJFFLV09;CRODA INTL-ORD SHS;GBP;LONDRA;111111;201;O;34148,000;0,000;0,000;0,000;33,8500;40,9310;1155909,8000;1397714,39;0,827000;27,5900;31,3451;942143,3200;1070374,14;942143,3200;1070374,14;27,8100;-18,493;6,433;-23,420;7,079;0,263;0,123;-0,791;0,123;0,000;0,000;0,0000;0,00;;;;DGBP;N031000;T300;;099877      CRODA INTL-ORD SHS;33,85000000;40,93107619;27,59000000;31,34514882;27,81000000;34148,00000000;0,00000000;0,00000000;0,00000000;0,00000000;20251111
98;1O;09739;GB00B2B0DG97;REED ELSEVIER PLC A;GBP;LONDRA;111111;201;O;21191,000;0,000;0,000;0,000;38,7697;45,9843;821569,2810;974453,33;0,843108;32,2700;36,6621;683833,5700;776907,03;683833,5700;776907,03;31,8000;-16,765;4,399;-20,273;5,138;0,191;0,089;1,478;0,090;0,000;0,000;0,0000;0,00;;;;DGBP;N031000;T300;;099911      REED ELSEVIER PLC A;38,76972681;45,98430135;32,27000000;36,66212224;31,80000000;21191,00000000;0,00000000;0,00000000;0,00000000;0,00000000;20251111
98;1O;01504;GB0007908733;SSE PLC;GBP;LONDRA;111111;201;O;19461,000;0,000;0,000;0,000;15,9969;19,1998;311317,0760;373647,56;0,833184;19,7450;22,4324;384257,4450;436556,97;384257,4450;436556,97;19,4300;23,430;5,643;16,837;2,887;0,107;0,050;1,621;0,050;0,000;0,000;0,0000;0,00;;;;DGBP;N031000;T300;;099950      SSE PLC;15,99697220;19,19981295;19,74500000;22,43240172;19,43000000;19461,00000000;0,00000000;0,00000000;0,00000000;0,00000000;20251111
98;1O;12368;IE0001827041;CRH PLC.- LONDRA GBP;GBP;LONDRA;111111;201;O;55129,000;0,000;0,000;0,000;71,5186;85,1378;3942750,8730;4693563,45;0,840034;85,8400;97,5232;4732273,3600;5376361,46;4732273,3600;5376361,46;86,3600;20,025;4,781;14,548;35,557;1,319;0,617;-0,602;0,620;0,000;0,000;0,0000;0,00;;;;DGBP;N040000;T300;;099383      CRH PLC.- LONDRA GBP;71,51863580;85,13783036;85,84000000;97,52329016;86,36000000;55129,00000000;0,00000000;0,00000000;0,00000000;0,00000000;20251111
98;1O;46296;IE000S9YS762;LINDE PLC NEW - USD;USD;OTC;111111;201;O;17743,000;0,000;0,000;0,000;419,4898;403,8275;7443009,2400;7165112,47;1,038785;426,6500;367,9285;7570050,9500;6528157,08;7570050,9500;6528157,08;420,6700;1,707;11,630;-8,890;2,256;1,601;0,749;1,422;0,753;0,000;0,000;0,0000;0,00;;;;DUSD;N040000;T300;;099251      LINDE PLC NEW - USD;419,48989686;403,82756411;426,65000000;367,92859606;420,67000000;17743,00000000;0,00000000;0,00000000;0,00000000;0,00000000;20251111
98;1O;37185;IE00BK9ZQ967;TRANE TECH PLC;USD;NEW YORK;111111;201;O;13191,000;0,000;0,000;0,000;367,5659;353,9844;4848563,0160;4669408,58;1,038368;421,6400;363,6081;5561853,2400;4796354,98;5561853,2400;4796354,98;433,5000;14,711;11,675;2,719;1,658;1,176;0,550;-2,736;0,553;0,000;0,000;0,0000;0,00;;;;DUSD;N040000;T300;;099450      TRANE TECH PLC;367,56599317;353,98442726;421,64000000;363,60814073;433,50000000;13191,00000000;0,00000000;0,00000000;0,00000000;0,00000000;20251111
98;1O;19903;IE00BTN1Y115;MEDTRONIC PLC;USD;NEW YORK;111111;201;O;42345,000;0,000;0,000;0,000;79,8800;77,1340;3382518,6000;3266240,44;1,035600;95,4000;82,2697;4039713,0000;3483712,49;4039713,0000;3483712,49;92,6600;19,429;11,974;6,658;1,204;0,854;0,400;2,957;0,402;0,000;0,000;0,0000;0,00;;;;DUSD;N040000;T300;;099600      MEDTRONIC PLC;79,88000000;77,13402857;95,40000000;82,26974818;92,66000000;42345,00000000;0,00000000;0,00000000;0,00000000;0,00000000;20251111
98;1O;00158;NO0005052605;NORSK HYDRO;NOK;OSLO;111111;201;O;152482,000;0,000;0,000;0,000;69,6884;5,9692;10626226,6100;910208,29;11,674500;71,7800;6,1565;10945157,9600;938765,25;10945157,9600;938765,25;71,5600;3,001;-0,132;3,137;88,487;0,230;0,108;0,307;0,108;0,000;0,000;0,0000;0,00;;;;DNOK;N048000;T300;;099892      NORSK HYDRO;69,68840000;5,96928352;71,78000000;6,15656440;71,56000000;152482,00000000;0,00000000;0,00000000;0,00000000;0,00000000;20251111
98;1O;11203;NL0009538784;NXP SEMICONDUCTORS NV;USD;OTC;111111;201;O;39847,000;0,000;0,000;0,000;208,8529;193,0980;8322162,7750;7694376,38;1,081590;202,8600;174,9396;8083362,4200;6970819,61;8083362,4200;6970819,61;205,1300;-2,869;7,213;-9,404;2,409;1,710;0,800;-1,107;0,804;0,000;0,000;0,0000;0,00;;;;DUSD;N050000;T300;;099200      NXP SEMICONDUCTORS NV;208,85293183;193,09800938;202,86000000;174,93963435;205,13000000;39847,00000000;0,00000000;0,00000000;0,00000000;0,00000000;20251111
98;1O;11501;NL0009434992;LYONDELLBASELL INDUSTRIES A;USD;NEW YORK;111111;201;O;16735,000;0,000;0,000;0,000;73,4733;70,7836;1229576,1760;1184564,11;1,037999;43,8200;37,7888;733327,7000;632397,12;733327,7000;632397,12;42,7700;-40,359;11,715;-46,614;0,219;0,155;0,073;2,455;0,073;0,000;0,000;0,0000;0,00;;;;DUSD;N050000;T300;;099927      LYONDELLBASELL INDUSTRIES A;73,47332990;70,78363370;43,82000000;37,78889272;42,77000000;16735,00000000;0,00000000;0,00000000;0,00000000;0,00000000;20251111
98;1O;24521;NL0011585146;FERRARI NV - USD -;USD;NEW YORK;111111;201;O;1413,000;0,000;0,000;0,000;424,4020;408,6268;599680,1310;577389,70;1,038606;422,4600;364,3152;596935,9800;514777,49;596935,9800;514777,49;411,4000;-0,458;11,650;-10,844;0,178;0,126;0,059;2,688;0,059;0,000;0,000;0,0000;0,00;;;;DUSD;N050000;T300;;099941      FERRARI NV - USD -;424,40207431;408,62682236;422,46000000;364,31528113;411,40000000;1413,00000000;0,00000000;0,00000000;0,00000000;0,00000000;20251111
98;1O;44332;SE0017486889;ATLAS COPCO AB-A SHS;SEK;STOCCOLMA;111111;201;O;194034,000;0,000;0,000;0,000;159,6626;14,4822;30979990,1660;2810058,48;11,024678;159,6500;14,5614;30977528,1000;2825411,40;30977528,1000;2825411,40;157,3500;-0,008;-0,551;0,546;42,221;0,693;0,324;1,462;0,326;0,000;0,000;0,0000;0,00;;;;DSEK;N068000;T300;;099676      ATLAS COPCO AB-A SHS;159,66268883;14,48229939;159,65000000;14,56142431;157,35000000;194034,00000000;0,00000000;0,00000000;0,00000000;0,00000000;20251111
98;1O;00418;SE0000108227;S.K.F. AB CL.B;SEK;STOCCOLMA;111111;201;O;89654,000;0,000;0,000;0,000;251,4071;22,8432;22539652,2900;2047986,27;11,005763;241,0000;21,9812;21606614,0000;1970705,13;21606614,0000;1970705,13;258,5000;-4,140;-0,380;-3,774;29,449;0,483;0,226;-6,770;0,227;0,000;0,000;0,0000;0,00;;;;DSEK;N068000;T300;;099774      S.K.F. AB CL.B;251,40710163;22,84322250;241,00000000;21,98122930;258,50000000;89654,00000000;0,00000000;0,00000000;0,00000000;0,00000000;20251111
98;1O;23094;SE0007100581;ASSA ABLOY AB-B;SEK;STOCCOLMA;111111;201;O;42119,000;0,000;0,000;0,000;331,0961;30,1010;13945437,0600;1267824,64;10,999500;358,5000;32,6982;15099661,5000;1377216,27;15099661,5000;1377216,27;352,9000;8,277;-0,324;8,628;20,580;0,338;0,158;1,587;0,159;0,000;0,000;0,0000;0,00;;;;DSEK;N068000;T300;;099842      ASSA ABLOY AB-B;331,09611006;30,10101474;358,50000000;32,69821869;352,90000000;42119,00000000;0,00000000;0,00000000;0,00000000;0,00000000;20251111
98;1O;00008;US0079031078;ADVANCED MICRO DEVICES INC.;USD;NEW YORK;111111;201;O;111923,000;0,000;0,000;0,000;131,0320;117,9269;14665501,3680;13198739,73;1,111129;237,5200;204,8292;26583950,9600;22925104,31;26583950,9600;22925104,31;243,9800;81,269;4,362;73,692;7,924;5,623;2,631;-2,648;2,644;0,000;0,000;0,0000;0,00;;;;DUSD;N069000;T300;;097369      ADVANCED MICRO DEVICES INC.;131,03206104;117,92696523;237,52000000;204,82925146;243,98000000;111923,00000000;0,00000000;0,00000000;0,00000000;0,00000000;20251111
98;1O;08768;US92826C8394;VISA INC CLASS A SHS;USD;NEW YORK;111111;201;O;66814,000;0,000;0,000;0,000;317,1434;304,5047;21189624,7710;20345180,48;1,041506;338,9200;292,2731;22644600,8800;19527941,43;22644600,8800;19527941,43;334,8500;6,866;11,339;-4,017;6,750;4,789;2,241;1,215;2,252;0,000;0,000;0,0000;0,00;;;;DUSD;N069000;T300;;097759      VISA INC CLASS A SHS;317,14348446;304,50475169;338,92000000;292,27319765;334,85000000;66814,00000000;0,00000000;0,00000000;0,00000000;0,00000000;20251111
98;1O;06606;US57636Q1040;MASTERCARD INC CL A;USD;NEW YORK;111111;201;O;38894,000;0,000;0,000;0,000;527,6689;505,9500;20523155,4560;19678421,89;1,042927;558,3500;481,5022;21716464,9000;18727548,21;21716464,9000;18727548,21;552,9600;5,814;11,187;-4,832;6,473;4,593;2,149;0,975;2,160;0,000;0,000;0,0000;0,00;;;;DUSD;N069000;T300;;097851      MASTERCARD INC CL A;527,66893238;505,95006659;558,35000000;481,50224215;552,96000000;38894,00000000;0,00000000;0,00000000;0,00000000;0,00000000;20251111
98;1O;00448;US68389X1054;ORACLE CORP.;USD;OTC;111111;201;O;79380,000;0,000;0,000;0,000;165,0911;159,0338;13104934,1070;12624109,21;1,038088;236,1500;203,6478;18745587,0000;16165563,13;18745587,0000;16165563,13;240,8300;43,042;11,705;28,053;5,588;3,965;1,855;-1,943;1,865;0,000;0,000;0,0000;0,00;;;;DUSD;N069000;T300;;098145      ORACLE CORP.;165,09113261;159,03387767;236,15000000;203,64780958;240,83000000;79380,00000000;0,00000000;0,00000000;0,00000000;0,00000000;20251111
98;1O;00095;US4370761029;HOME DEPOT INC.;USD;NEW YORK;111111;201;O;33860,000;0,000;0,000;0,000;387,2300;364,1491;13111609,8430;12330089,80;1,063383;374,2400;322,7319;12671766,4000;10927704,73;12671766,4000;10927704,73;370,4300;-3,355;9,048;-11,374;3,777;2,680;1,254;1,029;1,260;0,000;0,000;0,0000;0,00;;;;DUSD;N069000;T300;;098746      HOME DEPOT INC.;387,23006033;364,14913762;374,24000000;322,73197654;370,43000000;33860,00000000;0,00000000;0,00000000;0,00000000;0,00000000;20251111
98;1O;14741;US00287Y1091;ABBVIE INC;USD;NEW YORK;111111;201;O;44899,000;0,000;0,000;0,000;177,7000;171,5913;7978552,3000;7704279,94;1,035600;225,1700;194,1790;10109907,8300;8718444,14;10109907,8300;8718444,14;218,7100;26,714;11,974;13,164;3,014;2,138;1,000;2,954;1,006;0,000;0,000;0,0000;0,00;;;;DUSD;N069000;T300;;099000      ABBVIE INC;177,70000000;171,59134813;225,17000000;194,17902725;218,71000000;44899,00000000;0,00000000;0,00000000;0,00000000;0,00000000;20251111
98;1O;10451;US58933Y1055;MERCK E CO INC;USD;NEW YORK;111111;201;O;105253,000;0,000;0,000;0,000;98,6802;94,7779;10386389,5400;9975665,35;1,041173;90,9500;78,4322;9572760,3500;8255226,24;9572760,3500;8255226,24;86,7500;-7,834;11,374;-17,246;2,853;2,025;0,947;4,841;0,952;0,000;0,000;0,0000;0,00;;;;DUSD;N069000;T300;;099053      MERCK E CO INC;98,68022327;94,77796689;90,95000000;78,43221800;86,75000000;105253,00000000;0,00000000;0,00000000;0,00000000;0,00000000;20251111
98;1O;19097;US8725901040;T-MOBILE US INC;USD;OTC;111111;201;O;39327,000;0,000;0,000;0,000;222,0812;213,7371;8733787,8490;8405641,59;1,039039;211,9800;182,8044;8336537,4600;7189149,24;8336537,4600;7189149,24;205,8700;-4,548;11,603;-14,472;2,485;1,763;0,825;2,968;0,829;0,000;0,000;0,0000;0,00;;;;DUSD;N069000;T300;;099175      T-MOBILE US INC;222,08121262;213,73716759;211,98000000;182,80441531;205,87000000;39327,00000000;0,00000000;0,00000000;0,00000000;0,00000000;20251111
98;1O;00263;US17275R1023;CISCO SYSTEM INC.;USD;OTC;111111;201;O;114307,000;0,000;0,000;0,000;59,0631;56,8723;6751335,1330;6500906,58;1,038522;71,7100;61,8402;8196954,9700;7068778,00;8196954,9700;7068778,00;72,0900;21,412;11,659;8,735;2,443;1,734;0,811;-0,527;0,815;0,000;0,000;0,0000;0,00;;;;DUSD;N069000;T300;;099189      CISCO SYSTEM INC.;59,06318189;56,87234010;71,71000000;61,84028975;72,09000000;114307,00000000;0,00000000;0,00000000;0,00000000;0,00000000;20251111
98;1O;00174;US7427181091;PROCTER & GAMBLE CO.;USD;NEW YORK;111111;201;O;54140,000;0,000;0,000;0,000;164,8386;156,7919;8924366,0520;8488715,02;1,051321;148,5400;128,0958;8041955,6000;6935111,76;8041955,6000;6935111,76;145,5000;-9,888;10,299;-18,302;2,397;1,701;0,796;2,089;0,800;0,000;0,000;0,0000;0,00;;;;DUSD;N069000;T300;;099204      PROCTER & GAMBLE CO.;164,83867846;156,79192870;148,54000000;128,09589513;145,50000000;54140,00000000;0,00000000;0,00000000;0,00000000;0,00000000;20251111
98;1O;04319;US79466L3024;SALESFORCE COM INC.;USD;NEW YORK;111111;201;O;32309,000;0,000;0,000;0,000;330,6022;318,5079;10681428,9080;10290673,12;1,037972;244,5000;210,8485;7899550,5000;6812306,40;7899550,5000;6812306,40;241,7100;-26,044;11,718;-33,801;2,355;1,671;0,782;1,154;0,786;0,000;0,000;0,0000;0,00;;;;DUSD;N069000;T300;;099218      SALESFORCE COM INC.;330,60227515;318,50794267;244,50000000;210,84856847;241,71000000;32309,00000000;0,00000000;0,00000000;0,00000000;0,00000000;20251111
98;1O;00333;US91324P1021;UNITEDHEALTH GROUP INC.;USD;NEW YORK;111111;201;O;21844,000;0,000;0,000;0,000;417,0886;381,3355;9110884,5000;8329894,50;1,093757;327,4500;282,3818;7152817,8000;6168349,26;7152817,8000;6168349,26;321,5800;-21,492;6,020;-25,949;2,132;1,513;0,708;1,825;0,711;0,000;0,000;0,0000;0,00;;;;DUSD;N069000;T300;;099292      UNITEDHEALTH GROUP INC.;417,08865134;381,33558414;327,45000000;282,38185581;321,58000000;21844,00000000;0,00000000;0,00000000;0,00000000;0,00000000;20251111
98;1O;01458;US92343V1044;VERIZON COMMUNICATION;USD;NEW YORK;111111;201;O;166982,000;0,000;0,000;0,000;40,0429;36,7310;6686445,2150;6133429,50;1,090164;40,7000;35,0983;6796167,4000;5860785,96;6796167,4000;5860785,96;39,8500;1,641;6,369;-4,445;2,026;1,437;0,672;2,133;0,676;0,000;0,000;0,0000;0,00;;;;DUSD;N069000;T300;;099328      VERIZON COMMUNICATION;40,04291010;36,73108179;40,70000000;35,09830976;39,85000000;166982,00000000;0,00000000;0,00000000;0,00000000;0,00000000;20251111
98;1O;00432;US0326541051;ANALOG DEVICES;USD;OTC;111111;201;O;27270,000;0,000;0,000;0,000;211,2112;203,4198;5759730,8430;5547258,79;1,038302;233,4100;201,2849;6365090,7000;5489039,93;6365090,7000;5489039,93;232,0000;10,510;11,682;-1,050;1,897;1,346;0,630;0,608;0,633;0,000;0,000;0,0000;0,00;;;;DUSD;N069000;T300;;099370      ANALOG DEVICES;211,21125203;203,41983095;233,41000000;201,28492583;232,00000000;27270,00000000;0,00000000;0,00000000;0,00000000;0,00000000;20251111
98;1O;25523;US78409V1044;S&P GLOBAL-ORD SHS;USD;NEW YORK;111111;201;O;12722,000;0,000;0,000;0,000;496,0536;477,7015;6310795,0600;6077318,54;1,038418;497,7300;429,2255;6332121,0600;5460608,02;6332121,0600;5460608,02;493,8400;0,338;11,670;-10,148;1,887;1,339;0,627;0,788;0,630;0,000;0,000;0,0000;0,00;;;;DUSD;N069000;T300;;099373      S&P GLOBAL-ORD SHS;496,05369124;477,70150448;497,73000000;429,22559503;493,84000000;12722,00000000;0,00000000;0,00000000;0,00000000;0,00000000;20251111
98;1O;00060;US2358511028;DANAHER CORP.;USD;NEW YORK;111111;201;O;28858,000;0,000;0,000;0,000;229,5500;221,6589;6624353,9000;6396633,74;1,035600;215,7900;186,0900;6227267,8200;5370186,12;6227267,8200;5370186,12;211,1700;-5,994;11,974;-16,047;1,856;1,317;0,616;2,188;0,619;0,000;0,000;0,0000;0,00;;;;DUSD;N069000;T300;;099384      DANAHER CORP.;229,55000000;221,65894171;215,79000000;186,09003104;211,17000000;28858,00000000;0,00000000;0,00000000;0,00000000;0,00000000;20251111
98;1O;60431;US5128073062;LAM RESEARCH CORP;USD;OTC;111111;201;O;37694,000;0,000;0,000;0,000;72,2300;69,7470;2722637,6200;2629043,66;1,035600;159,1800;137,2714;6000130,9200;5174310,90;6000130,9200;5174310,90;166,3700;120,379;11,974;96,813;1,789;1,269;0,594;-4,322;0,597;0,000;0,000;0,0000;0,00;;;;DUSD;N069000;T300;;099406      LAM RESEARCH CORP;72,23000000;69,74700642;159,18000000;137,27147292;166,37000000;37694,00000000;0,00000000;0,00000000;0,00000000;0,00000000;20251111
98;1O;01205;US9113121068;UNITED PARCEL SERVICE CL.B;USD;NEW YORK;111111;201;O;62804,000;0,000;0,000;0,000;124,6721;120,1125;7829909,2990;7543547,95;1,037961;95,0300;81,9506;5968264,1200;5146830,04;5968264,1200;5146830,04;93,0600;-23,776;11,719;-31,772;1,779;1,262;0,591;2,117;0,594;0,000;0,000;0,0000;0,00;;;;DUSD;N069000;T300;;099409      UNITED PARCEL SERVICE CL.B;124,67214347;120,11253980;95,03000000;81,95067264;93,06000000;62804,00000000;0,00000000;0,00000000;0,00000000;0,00000000;20251111
98;1O;01191;US4612021034;INTUIT INC.;USD;OTC;111111;201;O;8467,000;0,000;0,000;0,000;625,9698;602,8115;5300086,3230;5104005,60;1,038417;654,3200;564,2635;5540127,4400;4777619,39;5540127,4400;4777619,39;653,2700;4,529;11,670;-6,395;1,651;1,172;0,548;0,161;0,551;0,000;0,000;0,0000;0,00;;;;DUSD;N069000;T300;;099452      INTUIT INC.;625,96980311;602,81157434;654,32000000;564,26353915;653,27000000;8467,00000000;0,00000000;0,00000000;0,00000000;0,00000000;20251111
98;1O;00103;US4581401001;INTEL CORP.;USD;OTC;111111;201;O;139589,000;0,000;0,000;0,000;20,0508;19,3044;2798881,1010;2694685,27;1,038667;37,8800;32,6664;5287631,3200;4559875,23;5287631,3200;4559875,23;38,4500;88,919;11,643;69,217;1,576;1,118;0,523;-1,482;0,526;0,000;0,000;0,0000;0,00;;;;DUSD;N069000;T300;;099477      INTEL CORP.;20,05087149;19,30442420;37,88000000;32,66643670;38,45000000;139589,00000000;0,00000000;0,00000000;0,00000000;0,00000000;20251111
98;1O;00061;US2441991054;DEERE & CO.;USD;NEW YORK;111111;201;O;10811,000;0,000;0,000;0,000;424,3066;408,4780;4587178,7380;4416056,15;1,038750;477,9500;412,1679;5167117,4500;4455948,13;5167117,4500;4455948,13;474,3900;12,643;11,634;0,903;1,540;1,093;0,511;0,750;0,514;0,000;0,000;0,0000;0,00;;;;DUSD;N069000;T300;;099489      DEERE & CO.;424,30660789;408,47804550;477,95000000;412,16798896;474,39000000;10811,00000000;0,00000000;0,00000000;0,00000000;0,00000000;20251111
98;1O;17264;US81762P1021;SERVICENOW INC;USD;NEW YORK;111111;201;O;5812,000;0,000;0,000;0,000;1008,0030;923,3874;5858513,9280;5366728,07;1,091636;860,6700;742,2128;5002214,0400;4313740,98;5002214,0400;4313740,98;866,3000;-14,616;6,226;-19,621;1,491;1,058;0,495;-0,650;0,498;0,000;0,000;0,0000;0,00;;;;DUSD;N069000;T300;;099505      SERVICENOW INC;1008,00308465;923,38748623;860,67000000;742,21283201;866,30000000;5812,00000000;0,00000000;0,00000000;0,00000000;0,00000000;20251111
98;1O;19426;US6974351057;PALO ALTO NETWORKS INC;USD;NEW YORK;111111;201;O;21417,000;0,000;0,000;0,000;181,1765;174,4767;3880259,0220;3736767,53;1,038400;218,2700;188,2286;4674688,5900;4031294,06;4674688,5900;4031294,06;216,5400;20,474;11,672;7,882;1,393;0,989;0,463;0,799;0,465;0,000;0,000;0,0000;0,00;;;;DUSD;N069000;T300;;099537      PALO ALTO NETWORKS INC;181,17658971;174,47670215;218,27000000;188,22869955;216,54000000;21417,00000000;0,00000000;0,00000000;0,00000000;0,00000000;20251111
98;1O;00529;US2600031080;DOVER CORP.;USD;NEW YORK;111111;201;O;25273,000;0,000;0,000;0,000;186,2826;179,4234;4707921,2890;4534568,00;1,038229;183,9700;158,6495;4649473,8100;4009549,68;4649473,8100;4009549,68;182,0900;-1,241;11,690;-11,578;1,386;0,983;0,460;1,032;0,462;0,000;0,000;0,0000;0,00;;;;DUSD;N069000;T300;;099540      DOVER CORP.;186,28264507;179,42341629;183,97000000;158,64953432;182,09000000;25273,00000000;0,00000000;0,00000000;0,00000000;0,00000000;20251111
98;1O;00222;US8825081040;TEXAS INSTRUMENTS INC.;USD;OTC;111111;201;O;28874,000;0,000;0,000;0,000;186,4106;176,9556;5382421,8270;5109416,11;1,053432;159,7300;137,7457;4612044,0200;3977271,49;4612044,0200;3977271,49;160,5800;-14,313;10,078;-22,158;1,375;0,975;0,456;-0,529;0,459;0,000;0,000;0,0000;0,00;;;;DUSD;N069000;T300;;099544      TEXAS INSTRUMENTS INC.;186,41067489;176,95560400;159,73000000;137,74577440;160,58000000;28874,00000000;0,00000000;0,00000000;0,00000000;0,00000000;20251111
98;1O;60781;US0404132054;ARISTA NETWORKS INC;USD;NEW YORK;111111;201;O;32952,000;0,000;0,000;0,000;110,5300;106,7303;3642184,5600;3516980,08;1,035600;134,9300;116,3590;4446213,3600;3834264,71;4446213,3600;3834264,71;137,2600;22,075;11,974;9,022;1,325;0,940;0,440;-1,698;0,442;0,000;0,000;0,0000;0,00;;;;DUSD;N069000;T300;;099560      ARISTA NETWORKS INC;110,53000000;106,73039815;134,93000000;116,35908934;137,26000000;32952,00000000;0,00000000;0,00000000;0,00000000;0,00000000;20251111
98;1O;00069;US2910111044;EMERSON ELECTRIC CO.;USD;NEW YORK;111111;201;O;34226,000;0,000;0,000;0,000;124,0657;119,3735;4246273,9900;4085678,02;1,039307;129,5300;111,7023;4433293,7800;3823123,30;4433293,7800;3823123,30;129,9900;4,404;11,574;-6,426;1,321;0,938;0,439;-0,354;0,441;0,000;0,000;0,0000;0,00;;;;DUSD;N069000;T300;;099561      EMERSON ELECTRIC CO.;124,06573920;119,37351779;129,53000000;111,70231114;129,99000000;34226,00000000;0,00000000;0,00000000;0,00000000;0,00000000;20251111
98;1O;00035;US1011371077;BOSTON SCIENTIFIC CORP.;USD;NEW YORK;111111;201;O;43147,000;0,000;0,000;0,000;89,3200;86,2495;3853890,0400;3721407,91;1,035600;102,5000;88,3925;4422567,5000;3813873,32;4422567,5000;3813873,32;100,9100;14,756;11,974;2,485;1,318;0,935;0,438;1,576;0,440;0,000;0,000;0,0000;0,00;;;;DUSD;N069000;T300;;099562      BOSTON SCIENTIFIC CORP.;89,32000000;86,24951700;102,50000000;88,39254915;100,91000000;43147,00000000;0,00000000;0,00000000;0,00000000;0,00000000;20251111
98;1O;37454;US14448C1045;CARRIER GLOBAL CORP;USD;NEW YORK;111111;201;O;75751,000;0,000;0,000;0,000;67,6905;64,4945;5127630,2060;4885524,62;1,049556;56,9700;49,1290;4315534,4700;3721571,64;4315534,4700;3721571,64;57,3300;-15,838;10,485;-23,825;1,286;0,913;0,427;-0,628;0,429;0,000;0,000;0,0000;0,00;;;;DUSD;N069000;T300;;099573      CARRIER GLOBAL CORP;67,69059426;64,49452310;56,97000000;49,12901000;57,33000000;75751,00000000;0,00000000;0,00000000;0,00000000;0,00000000;20251111
98;1O;00492;US9078181081;UNION PACIFIC CORP.;USD;NEW YORK;111111;201;O;18900,000;0,000;0,000;0,000;232,6575;223,7800;4397228,0190;4229443,12;1,039671;224,8000;193,8599;4248720,0000;3663953,09;4248720,0000;3663953,09;223,8800;-3,377;11,535;-13,370;1,266;0,899;0,420;0,411;0,423;0,000;0,000;0,0000;0,00;;;;DUSD;N069000;T300;;099580      UNION PACIFIC CORP.;232,65756714;223,78005925;224,80000000;193,85995170;223,88000000;18900,00000000;0,00000000;0,00000000;0,00000000;0,00000000;20251111
98;1O;12344;US98419M1009;XYLEM INC;USD;NEW YORK;111111;201;O;28085,000;0,000;0,000;0,000;117,7241;107,8644;3306281,5900;3029374,39;1,091407;149,7800;129,1652;4206571,3000;3627605,47;4206571,3000;3627605,47;151,0500;27,230;6,248;19,748;1,254;0,890;0,416;-0,841;0,418;0,000;0,000;0,0000;0,00;;;;DUSD;N069000;T300;;099584      XYLEM INC;117,72410859;107,86449670;149,78000000;129,16522938;151,05000000;28085,00000000;0,00000000;0,00000000;0,00000000;0,00000000;20251111
98;1O;00261;US5486611073;LOWE'S COMPANIES INC.;USD;NEW YORK;111111;201;O;16093,000;0,000;0,000;0,000;245,4154;236,3586;3949470,3390;3803720,50;1,038318;235,3400;202,9492;3787326,6200;3266062,97;3787326,6200;3266062,97;233,0300;-4,105;11,681;-14,135;1,129;0,801;0,375;0,991;0,377;0,000;0,000;0,0000;0,00;;;;DUSD;N069000;T300;;099625      LOWE'S COMPANIES INC.;245,41541906;236,35869632;235,34000000;202,94929285;233,03000000;16093,00000000;0,00000000;0,00000000;0,00000000;0,00000000;20251111
98;1O;08147;US55354G1004;MSCI INC CLASS A;USD;NEW YORK;111111;201;O;6317,000;0,000;0,000;0,000;596,7137;574,6888;3769440,8670;3630309,48;1,038325;584,3900;503,9582;3691591,6300;3183504,34;3691591,6300;3183504,34;576,9500;-2,065;11,680;-12,308;1,100;0,781;0,365;1,290;0,367;0,000;0,000;0,0000;0,00;;;;DUSD;N069000;T300;;099635      MSCI INC CLASS A;596,71376713;574,68885230;584,39000000;503,95826146;576,95000000;6317,00000000;0,00000000;0,00000000;0,00000000;0,00000000;20251111
98;1O;11964;US74340W1036;PROLOGIS INC;USD;NEW YORK;111111;201;O;27344,000;0,000;0,000;0,000;105,1608;101,2769;2875517,2850;2769317,08;1,038349;126,2600;108,8823;3452453,4400;2977279,61;3452453,4400;2977279,61;124,9000;20,064;11,677;7,510;1,029;0,730;0,342;1,089;0,343;0,000;0,000;0,0000;0,00;;;;DUSD;N069000;T300;;099658      PROLOGIS INC;105,16081352;101,27695582;126,26000000;108,88237323;124,90000000;27344,00000000;0,00000000;0,00000000;0,00000000;0,00000000;20251111
98;1O;02043;US00724F1012;ADOBE SYSTEM INC.;USD;OTC;111111;201;O;10165,000;0,000;0,000;0,000;363,2564;308,5504;3692502,3200;3136415,80;1,177300;333,2200;287,3577;3387181,3000;2920991,12;3387181,3000;2920991,12;328,8500;-8,269;-1,503;-6,868;1,010;0,716;0,335;1,329;0,337;0,000;0,000;0,0000;0,00;;;;DUSD;N069000;T300;;099665      ADOBE SYSTEM INC.;363,25649975;308,55049680;333,22000000;287,35770955;328,85000000;10165,00000000;0,00000000;0,00000000;0,00000000;0,00000000;20251111
98;1O;03191;US3755581036;GILEAD SCIENCES INC.;USD;OTC;111111;201;O;27627,000;0,000;0,000;0,000;105,2311;93,3027;2907219,9900;2577674,16;1,127846;122,5600;105,6916;3385965,1200;2919942,32;3385965,1200;2919942,32;118,1500;16,467;2,815;13,278;1,009;0,716;0,335;3,733;0,337;0,000;0,000;0,0000;0,00;;;;DUSD;N069000;T300;;099665      GILEAD SCIENCES INC.;105,23111412;93,30271690;122,56000000;105,69161779;118,15000000;27627,00000000;0,00000000;0,00000000;0,00000000;0,00000000;20251111
98;1O;00017;US0311621009;AMGEN INC;USD;OTC;111111;201;O;9712,000;0,000;0,000;0,000;260,6400;251,6801;2531335,6800;2444317,96;1,035600;338,4500;291,8678;3287026,4000;2834620,90;3287026,4000;2834620,90;323,6600;29,853;11,974;15,968;0,980;0,695;0,325;4,570;0,327;0,000;0,000;0,0000;0,00;;;;DUSD;N069000;T300;;099675      AMGEN INC;260,64000000;251,68018533;338,45000000;291,86788547;323,66000000;9712,00000000;0,00000000;0,00000000;0,00000000;0,00000000;20251111
98;1O;03026;US20030N1019;COMCAST CORP. CLA;USD;OTC;111111;201;O;119771,000;0,000;0,000;0,000;37,3658;35,9842;4475340,6520;4309867,07;1,038394;27,4500;23,6719;3287713,9500;2835213,82;3287713,9500;2835213,82;27,1200;-26,537;11,672;-34,216;0,980;0,695;0,325;1,217;0,327;0,000;0,000;0,0000;0,00;;;;DUSD;N069000;T300;;099675      COMCAST CORP. CLA;37,36581185;35,98422882;27,45000000;23,67195584;27,12000000;119771,00000000;0,00000000;0,00000000;0,00000000;0,00000000;20251111
98;1O;16468;US98978V1035;ZOETIS INC;USD;NEW YORK;111111;201;O;25693,000;0,000;0,000;0,000;162,9300;157,3290;4186160,4900;4042256,17;1,035600;120,1200;103,5874;3086243,1600;2661472,20;3086243,1600;2661472,20;119,7900;-26,275;11,974;-34,159;0,920;0,653;0,305;0,275;0,307;0,000;0,000;0,0000;0,00;;;;DUSD;N069000;T300;;099695      ZOETIS INC;162,93000000;157,32908457;120,12000000;103,58744394;119,79000000;25693,00000000;0,00000000;0,00000000;0,00000000;0,00000000;20251111
98;1O;00567;US2788651006;ECOLAB INC.;USD;NEW YORK;111111;201;O;11585,000;0,000;0,000;0,000;234,2317;225,5173;2713575,0990;2612618,31;1,038642;262,0500;225,9830;3035849,2500;2618014,19;3035849,2500;2618014,19;258,5600;11,876;11,646;0,207;0,905;0,642;0,300;1,350;0,302;0,000;0,000;0,0000;0,00;;;;DUSD;N069000;T300;;099700      ECOLAB INC.;234,23177375;225,51733362;262,05000000;225,98309761;258,56000000;11585,00000000;0,00000000;0,00000000;0,00000000;0,00000000;20251111
98;1O;00180;US7739031091;ROCKWELL AUTOMATION INC.;USD;NEW YORK;111111;201;O;6738,000;0,000;0,000;0,000;283,2633;272,8625;1908628,4130;1838548,00;1,038117;392,0800;338,1165;2641835,0400;2278229,60;2641835,0400;2278229,60;391,2400;38,415;11,702;23,915;0,787;0,559;0,261;0,215;0,263;0,000;0,000;0,0000;0,00;;;;DUSD;N069000;T300;;099739      ROCKWELL AUTOMATION INC.;283,26334416;272,86257049;392,08000000;338,11659192;391,24000000;6738,00000000;0,00000000;0,00000000;0,00000000;0,00000000;20251111
98;1O;10012;US1713401024;CHURCH AND DWIGHT CO INC;USD;NEW YORK;111111;201;O;30034,000;0,000;0,000;0,000;104,5675;100,6830;3140580,5900;3023915,44;1,038581;85,5100;73,7409;2568207,3400;2214735,55;2568207,3400;2214735,55;84,6400;-18,225;11,652;-26,759;0,766;0,543;0,254;1,028;0,255;0,000;0,000;0,0000;0,00;;;;DUSD;N069000;T300;;099746      CHURCH AND DWIGHT CO INC;104,56750982;100,68307385;85,51000000;73,74094515;84,64000000;30034,00000000;0,00000000;0,00000000;0,00000000;0,00000000;20251111
98;1O;04293;US12504L1098;CB RICHARD ELLIS GROUP INC. -CL A;USD;NEW YORK;111111;201;O;15248,000;0,000;0,000;0,000;125,6482;117,5385;1915884,9130;1792228,20;1,068996;154,9000;133,5805;2361915,2000;2036836,15;2361915,2000;2036836,15;151,8300;23,281;8,476;13,648;0,704;0,500;0,234;2,022;0,235;0,000;0,000;0,0000;0,00;;;;DUSD;N069000;T300;;099766      CB RICHARD ELLIS GROUP INC. -CL A;125,64827603;117,53857555;154,90000000;133,58054501;151,83000000;15248,00000000;0,00000000;0,00000000;0,00000000;0,00000000;20251111
98;1O;04564;US5797802064;MCCORMICK & CO NON VTG;USD;NEW YORK;111111;201;O;35564,000;0,000;0,000;0,000;70,2512;61,8779;2498414,9510;2200627,74;1,135319;65,7100;56,6660;2336910,4400;2015272,89;2336910,4400;2015272,89;64,3100;-6,464;2,139;-8,423;0,697;0,494;0,231;2,177;0,232;0,000;0,000;0,0000;0,00;;;;DUSD;N069000;T300;;099769      MCCORMICK & CO NON VTG;70,25123582;61,87795917;65,71000000;56,66609175;64,31000000;35564,00000000;0,00000000;0,00000000;0,00000000;0,00000000;20251111
98;1O;19892;US29444U7000;EQUINIX INC;USD;OTC;111111;201;O;2795,000;0,000;0,000;0,000;934,8272;900,4866;2612842,0240;2516860,17;1,038136;821,0400;708,0372;2294806,8000;1978964,13;2294806,8000;1978964,13;828,1300;-12,172;11,700;-21,372;0,684;0,485;0,227;-0,856;0,228;0,000;0,000;0,0000;0,00;;;;DUSD;N069000;T300;;099773      EQUINIX INC;934,82720000;900,48664400;821,04000000;708,03725422;828,13000000;2795,00000000;0,00000000;0,00000000;0,00000000;0,00000000;20251111
98;1O;03963;US1273871087;CADENCE DESIGN SYS INC.;USD;OTC;111111;201;O;7113,000;0,000;0,000;0,000;372,5422;316,4377;2649892,6700;2250821,94;1,177300;318,5100;274,6723;2265561,6300;1953744,08;2265561,6300;1953744,08;328,9400;-14,504;-1,503;-13,199;0,675;0,479;0,224;-3,171;0,225;0,000;0,000;0,0000;0,00;;;;DUSD;N069000;T300;;099776      CADENCE DESIGN SYS INC.;372,54220019;316,43778152;318,51000000;274,67230079;328,94000000;7113,00000000;0,00000000;0,00000000;0,00000000;0,00000000;20251111
98;1O;05346;US1924461023;COGNIZANT TECH SOLUTIONS A;USD;OTC;111111;201;O;30300,000;0,000;0,000;0,000;76,6011;73,7666;2321013,4730;2235129,97;1,038424;73,1300;63,0648;2215839,0000;1910864,95;2215839,0000;1910864,95;72,8800;-4,531;11,669;-14,508;0,660;0,469;0,219;0,343;0,220;0,000;0,000;0,0000;0,00;;;;DUSD;N069000;T300;;099781      COGNIZANT TECH SOLUTIONS A;76,60110471;73,76666567;73,13000000;63,06484994;72,88000000;30300,00000000;0,00000000;0,00000000;0,00000000;0,00000000;20251111
98;1O;23399;US70450Y1038;PAYPAL HOLDINGS INC-W/I;USD;OTC;111111;201;O;32207,000;0,000;0,000;0,000;84,1782;81,1114;2711128,1060;2612355,94;1,037810;67,4000;58,1234;2170751,8000;1871983,27;2170751,8000;1871983,27;66,2500;-19,932;11,735;-28,341;0,647;0,459;0,215;1,736;0,216;0,000;0,000;0,0000;0,00;;;;DUSD;N069000;T300;;099785      PAYPAL HOLDINGS INC-W/I;84,17822541;81,11143353;67,40000000;58,12349085;66,25000000;32207,00000000;0,00000000;0,00000000;0,00000000;0,00000000;20251111
98;1O;00548;US3848021040;GRAINGER(W.W.);USD;NEW YORK;111111;201;O;2225,000;0,000;0,000;0,000;1049,1555;1010,3691;2334371,0770;2248071,37;1,038388;945,6100;815,4622;2103982,2500;1814403,46;2103982,2500;1814403,46;949,9600;-9,869;11,673;-19,291;0,627;0,445;0,208;-0,458;0,209;0,000;0,000;0,0000;0,00;;;;DUSD;N069000;T300;;099792      GRAINGER(W.W.);1049,15554022;1010,36915505;945,61000000;815,46222835;949,96000000;2225,00000000;0,00000000;0,00000000;0,00000000;0,00000000;20251111
98;1O;00530;US0758871091;BECTON DICKINSON;USD;NEW YORK;111111;201;O;10895,000;0,000;0,000;0,000;226,8700;219,0710;2471748,6500;2386779,31;1,035600;189,0200;163,0044;2059372,9000;1775933,86;2059372,9000;1775933,86;181,6400;-16,684;11,974;-25,593;0,614;0,436;0,204;4,063;0,205;0,000;0,000;0,0000;0,00;;;;DUSD;N069000;T300;;099796      BECTON DICKINSON;226,87000000;219,07107021;189,02000000;163,00448430;181,64000000;10895,00000000;0,00000000;0,00000000;0,00000000;0,00000000;20251111
98;1O;18083;US9113631090;UNITED RENTALS INC;USD;NEW YORK;111111;201;O;2390,000;0,000;0,000;0,000;698,5566;672,8848;1669550,4680;1608194,77;1,038152;855,0100;737,3318;2043473,9000;1762223,09;2043473,9000;1762223,09;854,5300;22,397;11,698;9,578;0,609;0,432;0,202;0,056;0,203;0,000;0,000;0,0000;0,00;;;;DUSD;N069000;T300;;099798      UNITED RENTALS INC;698,55668117;672,88484100;855,01000000;737,33183856;854,53000000;2390,00000000;0,00000000;0,00000000;0,00000000;0,00000000;20251111
98;1O;33729;US58733R1023;MERCADOLIBRE INC;USD;OTC;111111;201;O;917,000;0,000;0,000;0,000;1710,2323;1645,9652;1568283,0280;1509350,13;1,039045;2099,5700;1810,5984;1925305,6900;1660318,81;1925305,6900;1660318,81;2092,0400;22,765;11,602;10,002;0,574;0,407;0,191;0,360;0,192;0,000;0,000;0,0000;0,00;;;;DUSD;N069000;T300;;099809      MERCADOLIBRE INC;1710,23230970;1645,96524536;2099,57000000;1810,59848223;2092,04000000;917,00000000;0,00000000;0,00000000;0,00000000;0,00000000;20251111
98;1O;00575;US0527691069;AUTODESK INC.;USD;OTC;111111;201;O;6216,000;0,000;0,000;0,000;293,6086;282,7907;1825071,3210;1757827,52;1,038254;301,8600;260,3139;1876361,7600;1618111,21;1876361,7600;1618111,21;298,7200;2,810;11,688;-7,948;0,559;0,397;0,186;1,051;0,187;0,000;0,000;0,0000;0,00;;;;DUSD;N069000;T300;;099814      AUTODESK INC.;293,60864237;282,79078507;301,86000000;260,31390134;298,72000000;6216,00000000;0,00000000;0,00000000;0,00000000;0,00000000;20251111
98;1O;00053;US1941621039;COLGATE PALMOLIVE CO.;USD;NEW YORK;111111;201;O;23033,000;0,000;0,000;0,000;81,0238;72,1436;1866222,6480;1661685,69;1,123090;79,4700;68,5322;1830432,5100;1578503,37;1830432,5100;1578503,37;78,4700;-1,918;3,251;-5,006;0,546;0,387;0,181;1,274;0,182;0,000;0,000;0,0000;0,00;;;;DUSD;N069000;T300;;099819      COLGATE PALMOLIVE CO.;81,02386350;72,14369339;79,47000000;68,53225250;78,47000000;23033,00000000;0,00000000;0,00000000;0,00000000;0,00000000;20251111
98;1O;05856;US75886F1075;REGENERON PHARMACEUTICALS;USD;OTC;111111;201;O;2646,000;0,000;0,000;0,000;597,1370;507,2088;1580024,5500;1342074,71;1,177300;674,5500;581,7092;1784859,3000;1539202,57;1784859,3000;1539202,57;654,7400;12,964;-1,503;14,688;0,532;0,378;0,177;3,026;0,178;0,000;0,000;0,0000;0,00;;;;DUSD;N069000;T300;;099823      REGENERON PHARMACEUTICALS;597,13701814;507,20888511;674,55000000;581,70921007;654,74000000;2646,00000000;0,00000000;0,00000000;0,00000000;0,00000000;20251111
98;1O;13633;US8923561067;TRACTOR SUPPLY COMPANY;USD;OTC;111111;201;O;31923,000;0,000;0,000;0,000;55,8905;50,4763;1784193,6750;1611357,09;1,107262;55,9400;48,2407;1785772,6200;1539990,19;1785772,6200;1539990,19;55,4600;0,088;4,727;-4,429;0,532;0,378;0,177;0,865;0,178;0,000;0,000;0,0000;0,00;;;;DUSD;N069000;T300;;099823      TRACTOR SUPPLY COMPANY;55,89053895;50,47636782;55,94000000;48,24077268;55,46000000;31923,00000000;0,00000000;0,00000000;0,00000000;0,00000000;20251111
98;1O;28019;US43300A2033;HILTON WORLDWIDE HLDGS-ORD SHS;USD;NEW YORK;111111;201;O;6316,000;0,000;0,000;0,000;245,3533;236,3226;1549651,9820;1492613,87;1,038214;273,6100;235,9520;1728120,7600;1490273,16;1728120,7600;1490273,16;274,5400;11,517;11,692;-0,157;0,515;0,366;0,171;-0,339;0,172;0,000;0,000;0,0000;0,00;;;;DUSD;N069000;T300;;099829      HILTON WORLDWIDE HLDGS-ORD SHS;245,35338537;236,32265199;273,61000000;235,95205243;274,54000000;6316,00000000;0,00000000;0,00000000;0,00000000;0,00000000;20251111
98;1O;09902;US28176E1082;EDWARDS LIFESCIENCES CORP;USD;NEW YORK;111111;201;O;19918,000;0,000;0,000;0,000;74,0300;71,4851;1474529,5400;1423840,81;1,035600;85,1600;73,4391;1696216,8800;1462760,33;1696216,8800;1462760,33;84,0800;15,034;11,974;2,733;0,506;0,359;0,168;1,284;0,169;0,000;0,000;0,0000;0,00;;;;DUSD;N069000;T300;;099832      EDWARDS LIFESCIENCES CORP;74,03000000;71,48512953;85,16000000;73,43911693;84,08000000;19918,00000000;0,00000000;0,00000000;0,00000000;0,00000000;20251111
98;1O;33770;US1255231003;CIGNA CORP ORD;USD;NEW YORK;111111;201;O;6303,000;0,000;0,000;0,000;276,1400;266,6473;1740510,4200;1680678,27;1,035600;268,0000;231,1141;1689204,0000;1456712,66;1689204,0000;1456712,66;258,1600;-2,948;11,974;-13,326;0,504;0,357;0,167;3,812;0,168;0,000;0,000;0,0000;0,00;;;;DUSD;N069000;T300;;099833      CIGNA CORP ORD;276,14000000;266,64735364;268,00000000;231,11417730;258,16000000;6303,00000000;0,00000000;0,00000000;0,00000000;0,00000000;20251111
98;1O;02372;US8288061091;SIMON PROPERTY GROUP INC.;USD;NEW YORK;111111;201;O;8880,000;0,000;0,000;0,000;171,0356;164,7361;1518796,5530;1462857,14;1,038240;185,0000;159,5377;1642800,0000;1416695,41;1642800,0000;1416695,41;182,9400;8,165;11,689;-3,156;0,490;0,347;0,163;1,126;0,163;0,000;0,000;0,0000;0,00;;;;DUSD;N069000;T300;;099837      SIMON PROPERTY GROUP INC.;171,03564786;164,73616441;185,00000000;159,53777164;182,94000000;8880,00000000;0,00000000;0,00000000;0,00000000;0,00000000;20251111
98;1O;00399;US5184391044;ESTEE LAUDER COMPANIES CLA;USD;NEW YORK;111111;201;O;17390,000;0,000;0,000;0,000;92,0194;79,1366;1600217,7450;1376186,61;1,162791;90,8400;78,3373;1579707,6000;1362286,65;1579707,6000;1362286,65;89,6300;-1,282;-0,274;-1,010;0,471;0,334;0,156;1,350;0,157;0,000;0,000;0,0000;0,00;;;;DUSD;N069000;T300;;099844      ESTEE LAUDER COMPANIES CLA;92,01942179;79,13666532;90,84000000;78,33735770;89,63000000;17390,00000000;0,00000000;0,00000000;0,00000000;0,00000000;20251111
98;1O;02361;US7043261079;PAYCHEX INC.;USD;OTC;111111;201;O;13724,000;0,000;0,000;0,000;140,3261;135,0965;1925836,2310;1854065,30;1,038710;111,6400;96,2745;1532147,3600;1321272,30;1532147,3600;1321272,30;111,4800;-20,442;11,638;-28,736;0,457;0,324;0,152;0,144;0,152;0,000;0,000;0,0000;0,00;;;;DUSD;N069000;T300;;099848      PAYCHEX INC.;140,32616081;135,09656805;111,64000000;96,27457744;111,48000000;13724,00000000;0,00000000;0,00000000;0,00000000;0,00000000;20251111
98;1O;04388;US2533931026;DICK'S SPORTING GOODS INC.;USD;NEW YORK;111111;201;O;6815,000;0,000;0,000;0,000;218,5838;194,2752;1489649,0410;1323985,76;1,125125;217,9900;187,9872;1485601,8500;1281133,02;1485601,8500;1281133,02;219,6200;-0,272;3,064;-3,237;0,443;0,314;0,147;-0,742;0,148;0,000;0,000;0,0000;0,00;;;;DUSD;N069000;T300;;099853      DICK'S SPORTING GOODS INC.;218,58386515;194,27523991;217,99000000;187,98723697;219,62000000;6815,00000000;0,00000000;0,00000000;0,00000000;0,00000000;20251111
98;1O;19628;US0367521038;ELEVANCE HEALTH INC;USD;NEW YORK;111111;201;O;4268,000;0,000;0,000;0,000;368,9000;356,2186;1574465,2000;1520341,06;1,035600;315,2500;271,8609;1345487,0000;1160302,69;1345487,0000;1160302,69;303,7800;-14,543;11,974;-23,681;0,401;0,285;0,133;3,776;0,134;0,000;0,000;0,0000;0,00;;;;DUSD;N069000;T300;;099867      ELEVANCE HEALTH INC;368,90000000;356,21861761;315,25000000;271,86098654;303,78000000;4268,00000000;0,00000000;0,00000000;0,00000000;0,00000000;20251111
98;1O;01310;US0865161014;BEST BUY COMPANY INC.;USD;NEW YORK;111111;201;O;17136,000;0,000;0,000;0,000;76,9775;65,5350;1319086,4400;1123009,06;1,174600;77,6800;66,9886;1331124,4800;1147916,94;1331124,4800;1147916,94;78,1500;0,913;-1,277;2,218;0,397;0,282;0,132;-0,601;0,132;0,000;0,000;0,0000;0,00;;;;DUSD;N069000;T300;;099868      BEST BUY COMPANY INC.;76,97750000;65,53507586;77,68000000;66,98861676;78,15000000;17136,00000000;0,00000000;0,00000000;0,00000000;0,00000000;20251111
98;1O;07445;US6907421019;OWENS CORNING INC;USD;NEW YORK;111111;201;O;12948,000;0,000;0,000;0,000;168,6853;162,4988;2184138,2470;2104035,71;1,038071;103,0100;88,8323;1333773,4800;1150201,35;1333773,4800;1150201,35;103,3700;-38,934;11,707;-45,334;0,398;0,282;0,132;-0,348;0,133;0,000;0,000;0,0000;0,00;;;;DUSD;N069000;T300;;099868      OWENS CORNING INC;168,68537588;162,49889635;103,01000000;88,83235598;103,37000000;12948,00000000;0,00000000;0,00000000;0,00000000;0,00000000;20251111
98;1O;00525;US4278661081;HERSHEY CO.;USD;NEW YORK;111111;201;O;7205,000;0,000;0,000;0,000;173,8151;149,8922;1252337,8000;1079973,96;1,159600;172,7200;148,9479;1244447,6000;1073169,71;1244447,6000;1073169,71;168,9100;-0,630;0,000;-0,630;0,371;0,263;0,123;2,256;0,124;0,000;0,000;0,0000;0,00;;;;DUSD;N069000;T300;;099877      HERSHEY CO.;173,81510062;149,89229146;172,72000000;148,94791307;168,91000000;7205,00000000;0,00000000;0,00000000;0,00000000;0,00000000;20251111
98;1O;02976;US9884981013;YUM BRANDS INC.;USD;NEW YORK;111111;201;O;7277,000;0,000;0,000;0,000;145,5700;125,9691;1059312,8900;916677,82;1,155600;150,7500;130,0017;1097007,7500;946022,55;1097007,7500;946022,55;148,2600;3,558;0,346;3,201;0,327;0,232;0,109;1,679;0,109;0,000;0,000;0,0000;0,00;;;;DUSD;N069000;T300;;099891      YUM BRANDS INC.;145,57000000;125,96919334;150,75000000;130,00172473;148,26000000;7277,00000000;0,00000000;0,00000000;0,00000000;0,00000000;20251111
98;1O;37182;US45687V1061;INGERSOLL RAND-ORD SHS;USD;NEW YORK;111111;201;O;13786,000;0,000;0,000;0,000;89,5379;86,2574;1234369,9000;1189145,88;1,038031;77,3300;66,6867;1066071,3800;919344,07;1066071,3800;919344,07;77,2500;-13,634;11,711;-22,689;0,318;0,225;0,105;0,104;0,106;0,000;0,000;0,0000;0,00;;;;DUSD;N069000;T300;;099895      INGERSOLL RAND-ORD SHS;89,53792978;86,25749891;77,33000000;66,68678854;77,25000000;13786,00000000;0,00000000;0,00000000;0,00000000;0,00000000;20251111
98;1O;07900;US5500211090;LULULEMON ATHLETICA INC;USD;OTC;111111;201;O;6178,000;0,000;0,000;0,000;172,5206;148,0229;1065832,8800;914485,53;1,165500;169,8100;146,4384;1049086,1800;904696,60;1049086,1800;904696,60;170,3500;-1,571;-0,506;-1,070;0,313;0,222;0,104;-0,317;0,104;0,000;0,000;0,0000;0,00;;;;DUSD;N069000;T300;;099896      LULULEMON ATHLETICA INC;172,52069925;148,02290870;169,81000000;146,43842704;170,35000000;6178,00000000;0,00000000;0,00000000;0,00000000;0,00000000;20251111
98;1O;04020;US0534841012;AVALONBAY COMMUNITIES INC.;USD;NEW YORK;111111;201;O;5759,000;0,000;0,000;0,000;218,8164;210,7372;1260164,0210;1213635,81;1,038338;178,8400;154,2255;1029939,5600;888185,20;1029939,5600;888185,20;176,7500;-18,269;11,678;-26,816;0,307;0,218;0,102;1,182;0,102;0,000;0,000;0,0000;0,00;;;;DUSD;N069000;T300;;099898      AVALONBAY COMMUNITIES INC.;218,81646483;210,73724778;178,84000000;154,22559503;176,75000000;5759,00000000;0,00000000;0,00000000;0,00000000;0,00000000;20251111
98;1O;08920;US49271V1008;KUERIG DR PEPPER;USD;NEW YORK;111111;201;O;38000,000;0,000;0,000;0,000;29,9020;25,6956;1136276,0000;976433,79;1,163700;26,7300;23,0510;1015740,0000;875939,98;1015740,0000;875939,98;26,1200;-10,608;-0,352;-10,292;0,303;0,215;0,101;2,335;0,101;0,000;0,000;0,0000;0,00;;;;DUSD;N069000;T300;;099899      KUERIG DR PEPPER;29,90200000;25,69562605;26,73000000;23,05105208;26,12000000;38000,00000000;0,00000000;0,00000000;0,00000000;0,00000000;20251111
98;1O;00104;US4595061015;INTERNATIONAL FLAVORS & FRAGRANCES INC.;USD;NEW YORK;111111;201;O;13841,000;0,000;0,000;0,000;83,9078;80,8209;1161368,5840;1118642,95;1,038194;65,3100;56,3211;903955,7100;779540,97;903955,7100;779540,97;62,7800;-22,165;11,694;-30,314;0,269;0,191;0,089;4,030;0,090;0,000;0,000;0,0000;0,00;;;;DUSD;N069000;T300;;099911      INTERNATIONAL FLAVORS & FRAGRANCES INC.;83,90785232;80,82096308;65,31000000;56,32114522;62,78000000;13841,00000000;0,00000000;0,00000000;0,00000000;0,00000000;20251111
98;1O;09755;US92276F1003;VENTAS INC;USD;NEW YORK;111111;201;O;9690,000;0,000;0,000;0,000;59,1592;56,9416;573253,5790;551764,35;1,038946;76,1700;65,6864;738087,3000;636501,64;738087,3000;636501,64;75,9700;28,754;11,613;15,358;0,220;0,156;0,073;0,263;0,073;0,000;0,000;0,0000;0,00;;;;DUSD;N069000;T300;;099927      VENTAS INC;59,15929607;56,94162538;76,17000000;65,68644360;75,97000000;9690,00000000;0,00000000;0,00000000;0,00000000;0,00000000;20251111
98;1O;03754;US09062X1037;BIOGEN  INC.;USD;OTC;111111;201;O;2929,000;0,000;0,000;0,000;152,9200;147,6631;447902,6800;432505,48;1,035600;159,5600;137,5991;467351,2400;403027,98;467351,2400;403027,98;156,2600;4,342;11,974;-6,816;0,139;0,099;0,046;2,112;0,046;0,000;0,000;0,0000;0,00;;;;DUSD;N069000;T300;;099954      BIOGEN  INC.;152,92000000;147,66318880;159,56000000;137,59917212;156,26000000;2929,00000000;0,00000000;0,00000000;0,00000000;0,00000000;20251111
98;1O;03392;CH0013841017;LONZA GROUP AG-REG;CHF;VIRTX;111111;201;O;7799,000;0,000;0,000;0,000;534,3679;569,5570;4167535,5740;4441975,74;0,938217;552,8000;595,9465;4311287,2000;4647786,98;4311287,2000;4647786,98;534,0000;3,449;-1,132;4,633;36,887;1,140;0,533;3,521;0,536;0,000;0,000;0,0000;0,00;;;;DCHF;N071000;T300;;099467      LONZA GROUP AG-REG;534,36794127;569,55708937;552,80000000;595,94652867;534,00000000;7799,00000000;0,00000000;0,00000000;0,00000000;0,00000000;20251111
98;1O;46566;CH1256740924;SGS SOCIETE GENERALE SA REG;CHF;VIRTX;111111;201;O;28937,000;0,000;0,000;0,000;90,0051;95,9247;2604479,7340;2775775,53;0,938289;91,7000;98,8572;2653522,9000;2860632,71;2653522,9000;2860632,71;90,6000;1,883;-1,139;3,057;22,703;0,702;0,328;1,214;0,330;0,000;0,000;0,0000;0,00;;;;DCHF;N071000;T300;;099672      SGS SOCIETE GENERALE SA REG;90,00517448;95,92478591;91,70000000;98,85726606;90,60000000;28937,00000000;0,00000000;0,00000000;0,00000000;0,00000000;20251111
98;1O;01930;CH0012221716;ABB LTD - NOM;CHF;VIRTX;111111;201;O;40260,000;0,000;0,000;0,000;58,6011;62,8104;2359283,8100;2528749,62;0,932984;57,0800;61,5351;2298040,8000;2477404,92;2298040,8000;2477404,92;56,8200;-2,596;-0,577;-2,030;19,662;0,608;0,284;0,458;0,286;0,000;0,000;0,0000;0,00;;;;DCHF;N071000;T300;;099716      ABB LTD - NOM;58,60118753;62,81047242;57,08000000;61,53514445;56,82000000;40260,00000000;0,00000000;0,00000000;0,00000000;0,00000000;20251111
98;1O;01931;CH0012005267;NOVARTIS AG - NOM.;CHF;VIRTX;111111;201;O;19122,000;0,000;0,000;0,000;101,4822;108,2592;1940542,6300;2070132,96;0,937400;104,0800;112,2035;1990217,7600;2145556,02;1990217,7600;2145556,02;102,2000;2,560;-1,045;3,643;17,028;0,526;0,246;1,840;0,247;0,000;0,000;0,0000;0,00;;;;DCHF;N071000;T300;;099754      NOVARTIS AG - NOM.;101,48220008;108,25922811;104,08000000;112,20353600;102,20000000;19122,00000000;0,00000000;0,00000000;0,00000000;0,00000000;20251111
98;1O;00872;KR7000660001;SK HYNIX INC.;KRW;SEOUL;111111;201;O;6280,000;0,000;0,000;0,000;349975,7563;212,2328;2197847750,0000;1332822,33;1649,017803;619000,0000;364,6954;3887320000,0000;2290287,58;3887320000,0000;2290287,58;606000,0000;76,869;2,928;71,837;72,299;0,562;0,263;2,145;0,264;0,000;0,000;0,0000;0,00;;;;DKRW;N084000;T300;;099737      SK HYNIX INC.;349975,75636942;212,23285509;619000,00000000;364,69547485;606000,00000000;6280,00000000;0,00000000;0,00000000;0,00000000;0,00000000;20251111
98;1O;02748;KR7066570003;LG ELECTRONICS INC.;KRW;SEOUL;111111;201;O;16439,000;0,000;0,000;0,000;83500,0000;54,7569;1372656500,0000;900149,25;1524,921006;90600,0000;53,3786;1489373400,0000;877492,31;1489373400,0000;877492,31;89600,0000;8,503;11,305;-2,517;27,701;0,215;0,101;1,116;0,101;0,000;0,000;0,0000;0,00;;;;DKRW;N084000;T300;;099899      LG ELECTRONICS INC.;83500,00000000;54,75693472;90600,00000000;53,37869147;89600,00000000;16439,00000000;0,00000000;0,00000000;0,00000000;0,00000000;20251111
98;1O;00163;JP3190000004;OBAYASHI CORP.;JPY;TOKYO;111111;201;O;287100,000;0,000;0,000;0,000;2087,4077;12,8275;599294761,5050;3682791,95;162,728378;2863,0000;16,0311;821967300,0000;4602538,22;821967300,0000;4602538,22;2832,5000;37,156;9,747;24,974;12,112;1,129;0,528;1,077;0,531;0,000;0,000;0,0000;0,00;;;;DJPY;N088000;T300;;099472      OBAYASHI CORP.;2087,40773773;12,82755816;2863,00000000;16,03113276;2832,50000000;287100,00000000;0,00000000;0,00000000;0,00000000;0,00000000;20251111
98;1O;00754;JP3659000008;WEST JAPAN RAILWAYS CO.LTD.;JPY;TOKYO;111111;201;O;183600,000;0,000;0,000;0,000;2902,3060;17,8211;532863387,7330;3271962,46;162,857427;3011,0000;16,8598;552819600,0000;3095467,83;552819600,0000;3095467,83;3091,0000;3,745;9,660;-5,394;8,146;0,759;0,355;-2,588;0,357;0,000;0,000;0,0000;0,00;;;;DJPY;N088000;T300;;099645      WEST JAPAN RAILWAYS CO.LTD.;2902,30603340;17,82114629;3011,00000000;16,85984657;3091,00000000;183600,00000000;0,00000000;0,00000000;0,00000000;0,00000000;20251111
98;1O;00612;JP3893200000;MITSUI FUDOSAN CO.LTD.;JPY;TOKYO;111111;201;O;317700,000;0,000;0,000;0,000;1347,7072;8,2323;428166604,3670;2615404,80;163,709497;1694,5000;9,4882;538342650,0000;3014405,34;538342650,0000;3014405,34;1658,5000;25,732;9,090;15,256;7,933;0,739;0,346;2,171;0,348;0,000;0,000;0,0000;0,00;;;;DJPY;N088000;T300;;099654      MITSUI FUDOSAN CO.LTD.;1347,70728475;8,23230972;1694,50000000;9,48821322;1658,50000000;317700,00000000;0,00000000;0,00000000;0,00000000;0,00000000;20251111
98;1O;33021;JP3635400009;TOYOTA BOSHOKU-ORD SHS;JPY;TOKYO;111111;201;O;217100,000;0,000;0,000;0,000;2030,9092;12,4660;440910392,6380;2706373,33;162,915584;2318,0000;12,9794;503237800,0000;2817838,62;503237800,0000;2817838,62;2311,0000;14,136;9,621;4,119;7,415;0,691;0,323;0,303;0,325;0,000;0,000;0,0000;0,00;;;;DJPY;N088000;T300;;099677      TOYOTA BOSHOKU-ORD SHS;2030,90922449;12,46602178;2318,00000000;12,97945013;2311,00000000;217100,00000000;0,00000000;0,00000000;0,00000000;0,00000000;20251111
98;1O;00196;JP3435000009;SONY CORP.;JPY;TOKYO;111111;201;O;110100,000;0,000;0,000;0,000;3202,0476;19,7492;352545450,1120;2174391,65;162,135212;4520,0000;25,3093;497652000,0000;2786561,40;497652000,0000;2786561,40;4284,0000;41,160;10,149;28,154;7,333;0,683;0,320;5,509;0,321;0,000;0,000;0,0000;0,00;;;;DJPY;N088000;T300;;099680      SONY CORP.;3202,04768494;19,74924296;4520,00000000;25,30936782;4284,00000000;110100,00000000;0,00000000;0,00000000;0,00000000;0,00000000;20251111
98;1O;00313;JP3197800000;OMRON CORP.;JPY;TOKYO;111111;201;O;101500,000;0,000;0,000;0,000;3643,5843;22,0692;369823816,2170;2240024,66;165,098100;3861,0000;21,6193;391891500,0000;2194364,19;391891500,0000;2194364,19;3864,0000;5,967;8,172;-2,038;5,775;0,538;0,252;-0,078;0,253;0,000;0,000;0,0000;0,00;;;;DJPY;N088000;T300;;099748      OMRON CORP.;3643,58439622;22,06920847;3861,00000000;21,61935158;3864,00000000;101500,00000000;0,00000000;0,00000000;0,00000000;0,00000000;20251111
98;1O;01201;JP3932000007;YASKAWA ELECTRIC CORP.;JPY;TOKYO;111111;201;O;85900,000;0,000;0,000;0,000;4152,7283;25,4761;356719368,3070;2188404,65;163,004300;4108,0000;23,0024;352877200,0000;1975906,83;352877200,0000;1975906,83;4119,0000;-1,077;9,562;-9,710;5,200;0,485;0,227;-0,267;0,228;0,000;0,000;0,0000;0,00;;;;DJPY;N088000;T300;;099773      YASKAWA ELECTRIC CORP.;4152,72838541;25,47618917;4108,00000000;23,00240774;4119,00000000;85900,00000000;0,00000000;0,00000000;0,00000000;0,00000000;20251111
98;1O;34535;JP3965400009;LION CORP;JPY;TOKYO;111111;201;O;223500,000;0,000;0,000;0,000;1763,3968;10,8366;394119186,2950;2421990,14;162,725347;1547,5000;8,6650;345866250,0000;1936649,59;345866250,0000;1936649,59;1570,5000;-12,243;9,749;-20,039;5,096;0,475;0,222;-1,465;0,223;0,000;0,000;0,0000;0,00;;;;DJPY;N088000;T300;;099778      LION CORP;1763,39680668;10,83664492;1547,50000000;8,66509882;1570,50000000;223500,00000000;0,00000000;0,00000000;0,00000000;0,00000000;20251111
98;1O;03334;JP3148800000;IBIDEN CO. LTD.;JPY;TOKYO;111111;201;O;24981,000;0,000;0,000;0,000;4719,8468;29,0027;117906493,4790;724518,69;162,737684;13375,0000;74,8922;334120875,0000;1870882,33;334120875,0000;1870882,33;13035,0000;183,378;9,741;158,224;4,923;0,459;0,215;2,608;0,216;0,000;0,000;0,0000;0,00;;;;DJPY;N088000;T300;;099785      IBIDEN CO. LTD.;4719,84682274;29,00278972;13375,00000000;74,89221121;13035,00000000;24981,00000000;0,00000000;0,00000000;0,00000000;0,00000000;20251111
98;1O;00144;JP3914400001;MURATA MANUFACTURING CO.LTD.;JPY;TOKYO;111111;201;O;101000,000;0,000;0,000;0,000;2529,7776;15,5154;255507542,3200;1567062,33;163,048742;3178,0000;17,7949;320978000,0000;1797289,88;320978000,0000;1797289,88;3229,0000;25,624;9,532;14,692;4,730;0,441;0,206;-1,579;0,207;0,000;0,000;0,0000;0,00;;;;DJPY;N088000;T300;;099794      MURATA MANUFACTURING CO.LTD.;2529,77764673;15,51546861;3178,00000000;17,79494932;3229,00000000;101000,00000000;0,00000000;0,00000000;0,00000000;0,00000000;20251111
98;1O;05840;JP3322930003;SUMCO CORP;JPY;TOKYO;111111;201;O;204400,000;0,000;0,000;0,000;1021,2457;6,3268;208742628,3600;1293202,62;161,415253;1473,0000;8,2479;301081200,0000;1685879,39;301081200,0000;1685879,39;1476,0000;44,236;10,640;30,365;4,436;0,413;0,193;-0,203;0,194;0,000;0,000;0,0000;0,00;;;;DJPY;N088000;T300;;099807      SUMCO CORP;1021,24573561;6,32682299;1473,00000000;8,24794221;1476,00000000;204400,00000000;0,00000000;0,00000000;0,00000000;0,00000000;20251111
98;1O;00447;JP3571400005;TOKYO ELECTRON LTD.;JPY;TOKYO;111111;201;O;8800,000;0,000;0,000;0,000;26570,1595;153,0871;233817404,0000;1347167,00;173,562301;34190,0000;191,4440;300872000,0000;1684707,99;300872000,0000;1684707,99;34200,0000;28,678;2,897;25,056;4,433;0,413;0,193;-0,029;0,194;0,000;0,000;0,0000;0,00;;;;DJPY;N088000;T300;;099807      TOKYO ELECTRON LTD.;26570,15954545;153,08715909;34190,00000000;191,44408981;34200,00000000;8800,00000000;0,00000000;0,00000000;0,00000000;0,00000000;20251111
98;1O;00148;JP3733000008;NEC CORP.;JPY;TOKYO;111111;201;O;48000,000;0,000;0,000;0,000;4988,1755;28,2773;239432428,0000;1357315,14;176,401501;5732,0000;32,0958;275136000,0000;1540601,38;275136000,0000;1540601,38;5612,0000;14,912;1,241;13,504;4,054;0,378;0,177;2,138;0,178;0,000;0,000;0,0000;0,00;;;;DJPY;N088000;T300;;099823      NEC CORP.;4988,17558333;28,27739875;5732,00000000;32,09586203;5612,00000000;48000,00000000;0,00000000;0,00000000;0,00000000;0,00000000;20251111
98;1O;00215;JP3463000004;TAKEDA PHARMACEUTICAL CO LTD.;JPY;TOKYO;111111;201;O;57400,000;0,000;0,000;0,000;4179,3079;25,6831;239892279,0090;1474215,49;162,725382;4225,0000;23,6575;242515000,0000;1357942,77;242515000,0000;1357942,77;4182,0000;1,093;9,749;-7,887;3,573;0,333;0,156;1,028;0,157;0,000;0,000;0,0000;0,00;;;;DJPY;N088000;T300;;099844      TAKEDA PHARMACEUTICAL CO LTD.;4179,30799667;25,68319669;4225,00000000;23,65753961;4182,00000000;57400,00000000;0,00000000;0,00000000;0,00000000;0,00000000;20251111
98;1O;00117;JP3270000007;KURITA WATER INDUSTRIES LTD.;JPY;TOKYO;111111;201;O;34900,000;0,000;0,000;0,000;5284,7392;32,4342;184437398,4330;1131956,28;162,936857;6374,0000;35,6906;222452600,0000;1245605,02;222452600,0000;1245605,02;6545,0000;20,611;9,607;10,040;3,278;0,305;0,143;-2,613;0,144;0,000;0,000;0,0000;0,00;;;;DJPY;N088000;T300;;099857      KURITA WATER INDUSTRIES LTD.;5284,73921011;32,43427736;6374,00000000;35,69068816;6545,00000000;34900,00000000;0,00000000;0,00000000;0,00000000;0,00000000;20251111
98;1O;25708;JP3855900001;POLA ORBIS HLDGS INC;JPY;TOKYO;111111;201;O;158100,000;0,000;0,000;0,000;1422,2639;8,7400;224859927,8600;1381795,48;162,730253;1317,0000;7,3744;208217700,0000;1165897,87;208217700,0000;1165897,87;1320,5000;-7,401;9,746;-15,624;3,068;0,286;0,134;-0,265;0,134;0,000;0,000;0,0000;0,00;;;;DJPY;N088000;T300;;099866      POLA ORBIS HLDGS INC;1422,26393333;8,74000936;1317,00000000;7,37443305;1320,50000000;158100,00000000;0,00000000;0,00000000;0,00000000;0,00000000;20251111
98;1O;00128;JP3866800000;PANASONIC CORPORATION;JPY;TOKYO;111111;201;O;112000,000;0,000;0,000;0,000;1639,1847;10,0731;183588693,6530;1128194,83;162,727827;1706,5000;9,5554;191128000,0000;1070205,50;191128000,0000;1070205,50;1723,0000;4,107;9,748;-5,140;2,816;0,262;0,123;-0,958;0,123;0,000;0,000;0,0000;0,00;;;;DJPY;N088000;T300;;099877      PANASONIC CORPORATION;1639,18476475;10,07316812;1706,50000000;9,55540623;1723,00000000;112000,00000000;0,00000000;0,00000000;0,00000000;0,00000000;20251111
98;1O;05558;JP3118000003;ASICS CORP;JPY;TOKYO;111111;201;O;49000,000;0,000;0,000;0,000;4021,9135;22,6868;197073766,0000;1111654,44;177,279700;3768,0000;21,0986;184632000,0000;1033831,68;184632000,0000;1033831,68;3713,0000;-6,313;0,739;-7,001;2,721;0,254;0,119;1,481;0,119;0,000;0,000;0,0000;0,00;;;;DJPY;N088000;T300;;099881      ASICS CORP;4021,91359183;22,68682530;3768,00000000;21,09860574;3713,00000000;49000,00000000;0,00000000;0,00000000;0,00000000;0,00000000;20251111
98;1O;00613;JP3676800000;NISSHIN SEIFIN GROUP INC.;JPY;TOKYO;111111;201;O;88934,000;0,000;0,000;0,000;1838,7701;11,2996;163529186,2330;1004927,03;162,727423;1804,0000;10,1013;160436936,0000;898353,41;160436936,0000;898353,41;1800,5000;-1,891;9,748;-10,605;2,364;0,220;0,103;0,194;0,104;0,000;0,000;0,0000;0,00;;;;DJPY;N088000;T300;;099897      NISSHIN SEIFIN GROUP INC.;1838,77016926;11,29969449;1804,00000000;10,10134945;1800,50000000;88934,00000000;0,00000000;0,00000000;0,00000000;0,00000000;20251111
98;1O;01571;HK0066009694;MTR CORP.;HKD;HONG KONG;111111;201;O;757660,000;0,000;0,000;0,000;26,9792;3,3430;20441120,9730;2532919,53;8,070182;30,0400;3,3334;22760106,4000;2525617,41;22760106,4000;2525617,41;29,9200;11,345;11,667;-0,288;52,623;0,619;0,290;0,401;0,291;0,000;0,000;0,0000;0,00;;;;DHKD;N103000;T300;;099710      MTR CORP.;26,97927958;3,34308202;30,04000000;3,33344430;29,92000000;757660,00000000;0,00000000;0,00000000;0,00000000;0,00000000;20251111
98;1O;12695;HK0000063609;SWIRE PROPERTIES LTD;HKD;HONG KONG;111111;201;O;739600,000;0,000;0,000;0,000;15,8055;1,9579;11689798,8640;1448102,25;8,072495;21,9200;2,4323;16212032,0000;1798998,19;16212032,0000;1798998,19;22,0200;38,685;11,635;24,231;37,484;0,441;0,206;-0,454;0,208;0,000;0,000;0,0000;0,00;;;;DHKD;N103000;T300;;099794      SWIRE PROPERTIES LTD;15,80556904;1,95795328;21,92000000;2,43239344;22,02000000;739600,00000000;0,00000000;0,00000000;0,00000000;0,00000000;20251111
98;2;00001;;LIQUIDITA';EUR;;;610;;0,000;0,000;0,000;0,000;0,0000;0,0000;0,0000;0,00;0,000000;0,0000;0,0000;0,0000;1005851,16;0,0000;1005851,16;0,0000;0,000;0,000;0,000;0,000;0,000;0,115;0,000;0,116;0,000;0,000;0,0000;0,00;2;;;;;;;;0,00000000;0,00000000;0,00000000;0,00000000;0,00000000;0,00000000;0,00000000;0,00000000;0,00000000;0,00000000;20251111
98;2;00002;;LIQUIDITA' A SCADERE;EUR;;;620;;0,000;0,000;0,000;0,000;0,0000;0,0000;0,0000;0,00;0,000000;0,0000;0,0000;0,0000;46437138,82;0,0000;46437138,82;0,0000;0,000;0,000;0,000;0,000;0,000;5,328;0,000;5,356;0,000;0,000;0,0000;0,00;3;;;;;;;;0,00000000;0,00000000;0,00000000;0,00000000;0,00000000;0,00000000;0,00000000;0,00000000;0,00000000;0,00000000;20251111
98;2;00016;;GIACENZE DI DOLLARI AUSTRALIANI      AUD;AUD;;;621;;8560592,710;0,000;0,000;0,000;0,0000;0,5970;8560592,7100;5111263,82;1,674849;0,0000;1,7785;8560592,7100;4813377,96;8560592,7100;4813377,96;0,0000;0,000;0,000;0,000;0,000;0,000;0,552;0,000;0,555;0,000;0,000;0,0000;0,00;3AUD1;;;;;;;;0,00000000;0,59706891;0,00000000;1,77850000;0,00000000;8560592,71000000;0,00000000;0,00000000;0,00000000;0,00000000;20251111
98;2;00009;;GIACENZE DI DOLLARI CANADESI         CAD;CAD;;;621;;1056271,720;0,000;0,000;0,000;0,0000;0,6571;1056271,7200;694092,59;1,521802;0,0000;1,6249;1056271,7200;650053,37;1056271,7200;650053,37;0,0000;0,000;0,000;0,000;0,000;0,000;0,075;0,000;0,075;0,000;0,000;0,0000;0,00;3CAD1;;;;;;;;0,00000000;0,65711556;0,00000000;1,62490000;0,00000000;1056271,72000000;0,00000000;0,00000000;0,00000000;0,00000000;20251111
98;2;00007;;GIACENZE DI FRANCHI SVIZZERI         CHF;CHF;;;621;;434788,010;0,000;0,000;0,000;0,0000;1,0712;434788,0100;465777,80;0,933467;0,0000;0,9276;434788,0100;468723,60;434788,0100;468723,60;0,0000;0,000;0,000;0,000;0,000;0,000;0,054;0,000;0,054;0,000;0,000;0,0000;0,00;3CHF1;;;;;;;;0,00000000;1,07127563;0,00000000;0,92760000;0,00000000;434788,01000000;0,00000000;0,00000000;0,00000000;0,00000000;20251111
98;2;00035;;GIACENZE DI CORONA DANESE            DKK;DKK;;;621;;2407520,760;0,000;0,000;0,000;0,0000;0,1339;2407520,7600;322422,76;7,466969;0,0000;7,4675;2407520,7600;322399,83;2407520,7600;322399,83;0,0000;0,000;0,000;0,000;0,000;0,000;0,037;0,000;0,037;0,000;0,000;0,0000;0,00;3DKK1;;;;;;;;0,00000000;0,13392314;0,00000000;7,46750000;0,00000000;2407520,76000000;0,00000000;0,00000000;0,00000000;0,00000000;20251111
98;2;00006;;GIACENZE DI STERLINE INGLESI         GBP;GBP;;;621;;6975208,930;0,000;0,000;0,000;0,0000;1,1482;6975208,9300;8009376,98;0,870880;0,0000;0,8802;6975208,9300;7924572,74;6975208,9300;7924572,74;0,0000;0,000;0,000;0,000;0,000;0,000;0,909;0,000;0,914;0,000;0,000;0,0000;0,00;3GBP1;;;;;;;;0,00000000;1,14826337;0,00000000;0,88020000;0,00000000;6975208,93000000;0,00000000;0,00000000;0,00000000;0,00000000;20251111
98;2;00006;;IMPEGNI IN DIVISA STERLINE INGLESI   LST;GBP;;;622;;-3300000,000;0,000;0,000;0,000;0,0000;1,1397;-3300000,0000;-3761240,98;0,877370;0,0000;0,8802;-3300000,0000;-3749147,92;-3300000,0000;-3749147,92;0,0000;0,000;0,000;0,000;0,000;0,000;-0,430;0,000;-0,432;0,000;0,000;0,0000;0,00;3GBP2;;;;;;;;0,00000000;1,13976999;0,00000000;0,88020000;0,00000000;-3300000,00000000;0,00000000;0,00000000;0,00000000;0,00000000;20251111
98;2;00014;;GIACENZE DI HONG KONG DOLLAR         HKD;HKD;;;621;;4278768,220;0,000;0,000;0,000;0,0000;0,1139;4278768,2200;487618,24;8,774832;0,0000;9,0117;4278768,2200;474801,45;4278768,2200;474801,45;0,0000;0,000;0,000;0,000;0,000;0,000;0,054;0,000;0,055;0,000;0,000;0,0000;0,00;3HKD1;;;;;;;;0,00000000;0,11396229;0,00000000;9,01170000;0,00000000;4278768,22000000;0,00000000;0,00000000;0,00000000;0,00000000;20251111
98;2;00008;;GIACENZE DI YEN GIAPPONESI           JPY;JPY;;;621;;51298042,000;0,000;0,000;0,000;0,0000;0,0056;51298042,0000;290590,70;176,530226;0,0000;178,5900;51298042,0000;287239,16;51298042,0000;287239,16;0,0000;0,000;0,000;0,000;0,000;0,000;0,033;0,000;0,033;0,000;0,000;0,0000;0,00;3JPY1;;;;;;;;0,00000000;0,00566475;0,00000000;178,59000000;0,00000000;51298042,00000000;0,00000000;0,00000000;0,00000000;0,00000000;20251111
98;2;00008;;IMPEGNI IN DIVISA YEN GIAPPONESI     JPY;JPY;;;622;;-10992856,000;0,000;0,000;0,000;0,0000;0,0056;-10992856,0000;-62180,60;176,789159;0,0000;178,5900;-10992856,0000;-61553,59;-10992856,0000;-61553,59;0,0000;0,000;0,000;0,000;0,000;0,000;-0,007;0,000;-0,007;0,000;0,000;0,0000;0,00;3JPY2;;;;;;;;0,00000000;0,00565645;0,00000000;178,59000000;0,00000000;-10992856,00000000;0,00000000;0,00000000;0,00000000;0,00000000;20251111
98;2;00031;;GIACENZE DI CORONA NORVEGESE         NOK;NOK;;;621;;1424107,670;0,000;0,000;0,000;0,0000;0,0855;1424107,6700;121841,21;11,688227;0,0000;11,6591;1424107,6700;122145,59;1424107,6700;122145,59;0,0000;0,000;0,000;0,000;0,000;0,000;0,014;0,000;0,014;0,000;0,000;0,0000;0,00;3NOK1;;;;;;;;0,00000000;0,08555617;0,00000000;11,65910000;0,00000000;1424107,67000000;0,00000000;0,00000000;0,00000000;0,00000000;20251111
98;2;00011;;GIACENZE DI CORONE SVEDESI           SEK;SEK;;;621;;5581806,580;0,000;0,000;0,000;0,0000;0,0908;5581806,5800;506844,26;11,012863;0,0000;10,9639;5581806,5800;509107,76;5581806,5800;509107,76;0,0000;0,000;0,000;0,000;0,000;0,000;0,058;0,000;0,059;0,000;0,000;0,0000;0,00;3SEK1;;;;;;;;0,00000000;0,09080290;0,00000000;10,96390000;0,00000000;5581806,58000000;0,00000000;0,00000000;0,00000000;0,00000000;20251111
98;2;00011;;IMPEGNI IN DIVISA CORONE SVEDESI     SEK;SEK;;;622;;103801,960;0,000;0,000;0,000;0,0000;0,1005;103801,9600;10435,14;9,947347;0,0000;10,9639;103801,9600;9467,61;103801,9600;9467,61;0,0000;0,000;0,000;0,000;0,000;0,000;0,001;0,000;0,001;0,000;0,000;0,0000;0,00;3SEK2;;;;;;;;0,00000000;0,10052931;0,00000000;10,96390000;0,00000000;103801,96000000;0,00000000;0,00000000;0,00000000;0,00000000;20251111
98;2;00001;;GIACENZE DI DOLLARI USA              USD;USD;;;621;;9737387,440;0,000;0,000;0,000;0,0000;0,8641;9737387,4400;8414991,69;1,157148;0,0000;1,1596;9737387,4400;8397195,10;9737387,4400;8397195,10;0,0000;0,000;0,000;0,000;0,000;0,000;0,964;0,000;0,969;0,000;0,000;0,0000;0,00;3USD1;;;;;;;;0,00000000;0,86419398;0,00000000;1,15960000;0,00000000;9737387,44000000;0,00000000;0,00000000;0,00000000;0,00000000;20251111
98;2;00001;;IMPEGNI IN DIVISA DOLLARI USA        USD;USD;;;622;;-49849819,150;0,000;0,000;0,000;0,0000;0,8521;-49849819,1500;-42479101,18;1,173514;0,0000;1,1596;-49849819,1500;-42455438,25;-49849819,1500;-42455438,25;0,0000;0,000;0,000;0,000;0,000;0,000;-4,871;0,000;-4,897;0,000;0,000;0,0000;0,00;3USD2;;;;;;;;0,00000000;0,85214153;0,00000000;1,15960000;0,00000000;-49849819,15000000;0,00000000;0,00000000;0,00000000;0,00000000;20251111
98;4;;;DIRITTI MATURATI NON RISCOSSI;;;;700;;0,000;0,000;0,000;0,000;0,0000;0,0000;0,0000;0,00;0,000000;0,0000;0,0000;0,0000;4893621,98;0,0000;1568372,55;0,0000;0,000;0,000;0,000;0,000;0,000;0,562;0,000;0,564;0,000;0,000;0,0000;0,00;;;;;;;;;0,00000000;0,00000000;0,00000000;0,00000000;0,00000000;0,00000000;0,00000000;0,00000000;0,00000000;0,00000000;20251111
98;5;;;DEPOSITI MARGINI INIZ.FUTURES;;;;8;;0,000;0,000;0,000;0,000;0,0000;0,0000;0,0000;0,00;0,000000;0,0000;0,0000;0,0000;0,00;0,0000;0,00;0,0000;0,000;0,000;0,000;0,000;0,000;0,000;0,000;0,000;0,000;0,000;0,0000;0,00;;;;;;;;;0,00000000;0,00000000;0,00000000;0,00000000;0,00000000;0,00000000;0,00000000;0,00000000;0,00000000;0,00000000;20251111
98;5;;;MARGINI DI VARIAZIONE FUTURES;;;;8;;0,000;0,000;0,000;0,000;0,0000;0,0000;0,0000;0,00;0,000000;0,0000;0,0000;0,0000;0,00;0,0000;0,00;0,0000;0,000;0,000;0,000;0,000;0,000;0,000;0,000;0,000;0,000;0,000;0,0000;0,00;;;;;;;;;0,00000000;0,00000000;0,00000000;0,00000000;0,00000000;0,00000000;0,00000000;0,00000000;0,00000000;0,00000000;20251111
98;5;;;DEPOSITI BANCARI;;;;8;;0,000;0,000;0,000;0,000;0,0000;0,0000;0,0000;0,00;0,000000;0,0000;0,0000;0,0000;0,00;0,0000;0,00;0,0000;0,000;0,000;0,000;0,000;0,000;0,000;0,000;0,000;0,000;0,000;0,0000;0,00;;;;;;;;;0,00000000;0,00000000;0,00000000;0,00000000;0,00000000;0,00000000;0,00000000;0,00000000;0,00000000;0,00000000;20251111
98;9;;;RIMBORSI DA REGOLARE;;;;;;0,000;0,000;0,000;0,000;0,0000;0,0000;0,0000;0,00;0,000000;0,0000;0,0000;0,0000;-2267125,61;0,0000;-2267125,61;0,0000;0,000;0,000;0,000;0,000;0,000;0,000;0,000;0,000;0,000;0,000;0,0000;0,00;;;;;;;;;0,00000000;0,00000000;0,00000000;0,00000000;0,00000000;0,00000000;0,00000000;0,00000000;0,00000000;0,00000000;20251111
99;1I;48808;IT0005596470;BTP  4,050% 2024-30/10/2037;EUR;MOT;086000;001;I;2500000,000;0,000;0,000;0,000;104,1690;104,1690;2604225,0000;2604225,00;0,000000;104,8320;104,8320;2620800,0000;2620800,00;2624137,9100;2624137,91;104,7570;0,636;0,000;0,636;5,189;31,372;3,226;0,072;3,232;0,000;0,000;3337,9100;3337,91;;;;DEUR;N111111;T000;;096774      BTP  4,050% 2024-30/10/2037;104,16900000;104,16900000;104,83200000;104,83200000;104,75700000;2500000,00000000;0,00000000;0,00000000;0,00000000;0,00000000;20251111
99;1I;61747;IT0005648149;BTPS 3,6% 01.10.2035;EUR;MTSBOT;086000;001;I;2000000,000;0,000;0,000;0,000;100,8900;100,8900;2017800,0000;2017800,00;0,000000;101,8750;101,8750;2037500,0000;2037500,00;2045609,8900;2045609,89;101,8000;0,976;0,000;0,976;4,045;24,455;2,508;0,074;2,513;0,000;0,000;8109,8900;8109,89;;;;DEUR;N111111;T000;;097492      BTPS 3,6% 01.10.2035;100,89000000;100,89000000;101,87500000;101,87500000;101,80000000;2000000,00000000;0,00000000;0,00000000;0,00000000;0,00000000;20251111
99;1I;46541;IT0005542359;BTPS  4,000% 2023-30/10/2031;EUR;MTS;086000;001;I;900000,000;0,000;0,000;0,000;105,8400;105,8400;952560,0000;952560,00;0,000000;106,6520;106,6520;959868,0000;959868,00;961054,8100;961054,81;106,6190;0,767;0,000;0,767;1,900;11,489;1,181;0,031;1,184;0,000;0,000;1186,8100;1186,81;;;;DEUR;N111111;T000;;098819      BTPS  4,000% 2023-30/10/2031;105,84000000;105,84000000;106,65200000;106,65200000;106,61900000;900000,00000000;0,00000000;0,00000000;0,00000000;0,00000000;20251111
99;1I;40175;IT0005438004;BTP 1,5%  2021-30.04.2045;EUR;MOT;086000;001;I;800000,000;0,000;0,000;0,000;67,3880;67,3880;539104,0000;539104,00;0,000000;66,8860;66,8860;535088,0000;535088,00;535483,6000;535483,60;66,8060;-0,745;0,000;-0,745;1,059;6,402;0,659;0,120;0,660;0,000;0,000;395,6000;395,60;;;;DEUR;N111111;T000;;099341      BTP 1,5%  2021-30.04.2045;67,38800000;67,38800000;66,88600000;66,88600000;66,80600000;800000,00000000;0,00000000;0,00000000;0,00000000;0,00000000;20251111
99;1I;45169;IT0005508590;BTP 4% 2022/30.04.2035;EUR;MOT;086000;001;I;400000,000;0,000;0,000;0,000;105,0530;105,0530;420212,0000;420212,00;0,000000;106,2100;106,2100;424840,0000;424840,00;425367,4700;425367,47;106,1450;1,101;0,000;1,101;0,841;5,085;0,523;0,061;0,524;0,000;0,000;527,4700;527,47;;;;DEUR;N111111;T000;;099477      BTP 4% 2022/30.04.2035;105,05300000;105,05300000;106,21000000;106,21000000;106,14500000;400000,00000000;0,00000000;0,00000000;0,00000000;0,00000000;20251111
99;1I;63384;AT0000A3MUA7;AUSTRIAN T-BILL ZC 2025-27/11/2025;EUR;VIENNA;008000;100;I;7000000,000;0,000;0,000;0,000;99,5065;99,5065;6965460,7400;6965460,74;0,000000;99,9250;99,9250;6965903,7800;6965903,78;6994750,0000;6994750,00;99,9190;0,006;0,000;0,006;13,831;57,384;8,573;0,006;8,591;0,000;0,000;28846,2200;28846,22;;;;DEUR;N008000;T100;;091427      AUSTRIAN T-BILL ZC 2025-27/11/2025;99,50658200;99,50658200;99,92500000;99,92500000;99,91900000;7000000,00000000;0,00000000;0,00000000;0,00000000;0,00000000;20251111
99;1I;63661;AT0000A3MUC3;AUSTRIAN T-BILL ZC   2025-26/03/2026;EUR;VIENNA;008000;100;I;5000000,000;0,000;0,000;0,000;99,0733;99,0733;4953668,4400;4953668,44;0,000000;99,3010;99,3010;4952103,3300;4952103,33;4965050,0000;4965050,00;99,3030;-0,032;0,000;-0,032;9,817;40,733;6,095;-0,002;6,107;0,000;0,000;12946,6700;12946,67;;;;DEUR;N008000;T100;;093905      AUSTRIAN T-BILL ZC   2025-26/03/2026;99,07336880;99,07336880;99,30100000;99,30100000;99,30300000;5000000,00000000;0,00000000;0,00000000;0,00000000;0,00000000;20251111
99;1I;44610;AT0000A2Y8G4;REP OF AUSTRIA 1,85% 22-23/05/2049;EUR;VIENNA;008000;100;I;100000,000;0,000;0,000;0,000;80,7270;80,7270;80727,0000;80727,00;0,000000;73,2870;73,2870;73287,0000;73287,00;74158,7800;74158,78;73,1320;-9,216;0,000;-9,216;0,147;0,608;0,090;0,212;0,090;0,000;0,000;871,7800;871,78;;;;DEUR;N008000;T100;;099910      REP OF AUSTRIA 1,85% 22-23/05/2049;80,72700000;80,72700000;73,28700000;73,28700000;73,13200000;100000,00000000;0,00000000;0,00000000;0,00000000;0,00000000;20251111
99;1I;31588;BE0000346552;BELGIUM 1,25% 2018/22.04.2033;EUR;BRUXELLES;009000;100;I;300000,000;0,000;0,000;0,000;88,7150;88,7150;266145,0000;266145,00;0,000000;89,3750;89,3750;268125,0000;268125,00;270210,6200;270210,62;89,3300;0,744;0,000;0,744;0,534;89,210;0,330;0,050;0,331;0,000;0,000;2085,6200;2085,62;;;;DEUR;N009000;T100;;099670      BELGIUM 1,25% 2018/22.04.2033;88,71500000;88,71500000;89,37500000;89,37500000;89,33000000;300000,00000000;0,00000000;0,00000000;0,00000000;0,00000000;20251111
99;1I;45229;BE0000356650;BELGIUM  KINGDOM 2.75% 202/22.04.2039;EUR;LUXEMBOURG;009000;100;I;35000,000;0,000;0,000;0,000;94,7300;94,7300;33155,5000;33155,50;0,000000;91,8490;91,8490;32147,1500;32147,15;32682,4600;32682,46;91,7410;-3,041;0,000;-3,041;0,065;10,790;0,040;0,118;0,040;0,000;0,000;535,3100;535,31;;;;DEUR;N009000;T100;;099960      BELGIUM  KINGDOM 2.75% 202/22.04.2039;94,73000000;94,73000000;91,84900000;91,84900000;91,74100000;35000,00000000;0,00000000;0,00000000;0,00000000;0,00000000;20251111
99;1I;47558;FR001400L834;FRANCE GOVT 3.5% 2023/25.11.2033;EUR;MTS;029000;100;I;2000000,000;0,000;0,000;0,000;102,9710;102,9710;2059420,0000;2059420,00;0,000000;102,4160;102,4160;2048320,0000;2048320,00;2115635,0700;2115635,07;102,3140;-0,539;0,000;-0,539;4,183;33,603;2,521;0,100;2,526;0,000;0,000;67315,0700;67315,07;;;;DEUR;N029000;T100;;097479      FRANCE GOVT 3.5% 2023/25.11.2033;102,97100000;102,97100000;102,41600000;102,41600000;102,31400000;2000000,00000000;0,00000000;0,00000000;0,00000000;0,00000000;20251111
99;1I;02969;FR0000188799;FRANCE O.A.T.3,15% 2002/25.7.2032 I/L;EUR;PARIGI;029000;100;I;500000,000;0,000;0,000;0,000;113,4593;113,4593;901139,7100;901139,71;0,000000;113,5130;113,5130;901565,6500;901565,65;909036,9500;909036,95;113,4700;0,047;0,000;0,047;1,797;14,438;1,110;0,038;1,112;0,000;0,000;7471,3000;7471,30;;;;DEUR;N029000;T100;;098890      FRANCE O.A.T.3,15% 2002/25.7.2032 I/L;113,45937120;113,45937120;113,51300000;113,51300000;113,47000000;500000,00000000;0,00000000;0,00000000;0,00000000;0,00000000;20251111
99;1I;40325;FR0014002JM6;FRANCE OAT  0,500% 2020-25/06/2044;EUR;MTS;029000;100;I;1400000,000;0,000;0,000;0,000;58,1010;58,1010;813414,0000;813414,00;0,000000;54,9140;54,9140;768796,0000;768796,00;771461,7500;771461,75;54,7580;-5,485;0,000;-5,485;1,525;12,253;0,946;0,285;0,948;0,000;0,000;2665,7500;2665,75;;;;DEUR;N029000;T100;;099054      FRANCE OAT  0,500% 2020-25/06/2044;58,10100000;58,10100000;54,91400000;54,91400000;54,75800000;1400000,00000000;0,00000000;0,00000000;0,00000000;0,00000000;20251111
99;1I;43300;FR0014007L00;FRTR 0% 25.05.2032;EUR;PARIGI;029000;100;I;400000,000;0,000;0,000;0,000;80,6810;80,6810;322724,0000;322724,00;0,000000;82,7970;82,7970;331188,0000;331188,00;331188,0000;331188,00;82,7090;2,623;0,000;2,623;0,655;5,260;0,408;0,106;0,408;0,000;0,000;0,0000;0,00;;;;DEUR;N029000;T100;;099592      FRTR 0% 25.05.2032;80,68100000;80,68100000;82,79700000;82,79700000;82,70900000;400000,00000000;0,00000000;0,00000000;0,00000000;0,00000000;20251111
99;1I;44064;FR0014009O62;FRANCE GOVT 1.25% 2021/25.05.2038;EUR;PARIGI;029000;100;I;400000,000;0,000;0,000;0,000;77,1620;77,1620;308648,0000;308648,00;0,000000;75,8770;75,8770;303508,0000;303508,00;305836,7700;305836,77;75,7430;-1,665;0,000;-1,665;0,605;4,858;0,374;0,177;0,374;0,000;0,000;2328,7700;2328,77;;;;DEUR;N029000;T100;;099626      FRANCE GOVT 1.25% 2021/25.05.2038;77,16200000;77,16200000;75,87700000;75,87700000;75,74300000;400000,00000000;0,00000000;0,00000000;0,00000000;0,00000000;20251111
99;1I;28193;FR0013234333;FRANCE O.A.T 1,75% 2016/25.06.2039;EUR;PARIGI;029000;100;I;180000,000;0,000;0,000;0,000;81,4900;81,4900;146682,0000;146682,00;0,000000;79,2860;79,2860;142714,8000;142714,80;143914,3900;143914,39;79,1310;-2,705;0,000;-2,705;0,285;2,286;0,176;0,196;0,176;0,000;0,000;1199,5900;1199,59;;;;DEUR;N029000;T100;;099824      FRANCE O.A.T 1,75% 2016/25.06.2039;81,49000000;81,49000000;79,28600000;79,28600000;79,13100000;180000,00000000;0,00000000;0,00000000;0,00000000;0,00000000;20251111
99;1I;33142;IE00BFZRQ242;IRISH 1,35% 2018/18.03.2031;EUR;DUBLINO;040000;100;I;100000,000;0,000;0,000;0,000;94,1280;94,1280;94128,0000;94128,00;0,000000;94,7230;94,7230;94723,0000;94723,00;95603,2700;95603,27;94,6900;0,632;0,000;0,632;0,189;10,580;0,117;0,035;0,117;0,000;0,000;880,2700;880,27;;;;DEUR;N040000;T100;;099883      IRISH 1,35% 2018/18.03.2031;94,12800000;94,12800000;94,72300000;94,72300000;94,69000000;100000,00000000;0,00000000;0,00000000;0,00000000;0,00000000;20251111
99;1I;27021;ES00000128E2;SPAIN BONOS 3.45% 2016 - 30/07/2066;EUR;MADRID;067000;100;I;700000,000;0,000;0,000;0,000;93,7390;93,7390;656173,0000;656173,00;0,000000;87,6050;87,6050;613235,0000;613235,00;620116,1000;620116,10;87,4820;-6,544;0,000;-6,544;1,226;22,712;0,755;0,141;0,756;0,000;0,000;6881,1000;6881,10;;;;DEUR;N067000;T100;;099245      SPAIN BONOS 3.45% 2016 - 30/07/2066;93,73900000;93,73900000;87,60500000;87,60500000;87,48200000;700000,00000000;0,00000000;0,00000000;0,00000000;0,00000000;20251111
99;1I;35823;ES0000012F43;SPAIN-BONOS 0,6% 2019/31.10.2029;EUR;MADRID;067000;100;I;550000,000;0,000;0,000;0,000;91,2560;91,2560;501908,0000;501908,00;0,000000;93,3240;93,3240;513282,0000;513282,00;513381,4500;513381,45;93,3020;2,266;0,000;2,266;1,015;18,803;0,632;0,024;0,633;0,000;0,000;99,4500;99,45;;;;DEUR;N067000;T100;;099368      SPAIN-BONOS 0,6% 2019/31.10.2029;91,25600000;91,25600000;93,32400000;93,32400000;93,30200000;550000,00000000;0,00000000;0,00000000;0,00000000;0,00000000;20251111
99;1I;40346;ES0000012I08;SPAIN BONOS 0% 21-31.01.2028;EUR;MADRID;067000;100;I;400000,000;0,000;0,000;0,000;93,0020;93,0020;372008,0000;372008,00;0,000000;95,5010;95,5010;382004,0000;382004,00;382004,0000;382004,00;95,4950;2,687;0,000;2,687;0,755;13,991;0,470;0,006;0,471;0,000;0,000;0,0000;0,00;;;;DEUR;N067000;T100;;099530      SPAIN BONOS 0% 21-31.01.2028;93,00200000;93,00200000;95,50100000;95,50100000;95,49500000;400000,00000000;0,00000000;0,00000000;0,00000000;0,00000000;20251111
99;1I;43197;ES0000012K20;SPAIN BONOS 0.7% 2022/30.04.2032;EUR;AIAF;067000;100;I;200000,000;0,000;0,000;0,000;86,3580;86,3580;172716,0000;172716,00;0,000000;88,0980;88,0980;176196,0000;176196,00;176943,9500;176943,95;88,0510;2,015;0,000;2,015;0,350;6,481;0,217;0,053;0,217;0,000;0,000;747,9500;747,95;;;;DEUR;N067000;T100;;099783      SPAIN BONOS 0.7% 2022/30.04.2032;86,35800000;86,35800000;88,09800000;88,09800000;88,05100000;200000,00000000;0,00000000;0,00000000;0,00000000;0,00000000;20251111
99;1I;43456;ES0000012K46;SPAIN BONOS 1.9% 2022/31.10.2052;EUR;AIAF;067000;100;I;250000,000;0,000;0,000;0,000;70,0700;70,0700;175175,0000;175175,00;0,000000;66,7780;66,7780;166945,0000;166945,00;167088,1500;167088,15;66,6570;-4,698;0,000;-4,698;0,330;6,120;0,205;0,182;0,206;0,000;0,000;143,1500;143,15;;;;DEUR;N067000;T100;;099795      SPAIN BONOS 1.9% 2022/31.10.2052;70,07000000;70,07000000;66,77800000;66,77800000;66,65700000;250000,00000000;0,00000000;0,00000000;0,00000000;0,00000000;20251111
99;1I;26342;ES00000128C6;SPAIN   BONOS  2,9% 2016  31/10/2046;EUR;EUROTLX;067000;100;I;144000,000;0,000;0,000;0,000;90,5500;90,5500;130392,0000;130392,00;0,000000;87,6440;87,6440;126207,3600;126207,36;126333,2100;126333,21;87,5110;-3,209;0,000;-3,209;0,250;4,627;0,155;0,152;0,156;0,000;0,000;125,8500;125,85;;;;DEUR;N067000;T100;;099845      SPAIN   BONOS  2,9% 2016  31/10/2046;90,55000000;90,55000000;87,64400000;87,64400000;87,51100000;144000,00000000;0,00000000;0,00000000;0,00000000;0,00000000;20251111
99;1I;45149;DE0001030740;BUNDESREPUBLIK 1,300% 2022-15/10/2027;EUR;FRANCOFORT;094000;100;I;7800000,000;0,000;0,000;0,000;98,7721;98,7721;7704230,9300;7704230,93;0,000000;98,7810;98,7810;7704918,0000;7704918,00;7712418,8200;7712418,82;98,7760;0,009;0,000;0,009;15,250;59,961;9,483;0,005;9,502;0,000;0,000;7500,8200;7500,82;;;;DEUR;N094000;T100;;090517      BUNDESREPUBLIK 1,300% 2022-15/10/2027;98,77219140;98,77219140;98,78100000;98,78100000;98,77600000;7800000,00000000;0,00000000;0,00000000;0,00000000;0,00000000;20251111
99;1I;48904;DE000BU35025;BUNDESOBLIGATION  2,100% 2024-12/04/2029;EUR;FRANCOFORT;094000;100;I;1000000,000;0,000;0,000;0,000;99,9540;99,9540;999540,0000;999540,00;0,000000;99,9760;99,9760;999760,0000;999760,00;1012014,7900;1012014,79;99,9580;0,022;0,000;0,022;2,001;7,868;1,230;0,018;1,233;0,000;0,000;12254,7900;12254,79;;;;DEUR;N094000;T100;;098770      BUNDESOBLIGATION  2,100% 2024-12/04/2029;99,95400000;99,95400000;99,97600000;99,97600000;99,95800000;1000000,00000000;0,00000000;0,00000000;0,00000000;0,00000000;20251111
99;1I;46637;DE000BU3Z005;BUNDESREPUBLIC 2,300% 2023-15/02/2033;EUR;FRANCOFORT;094000;100;I;800000,000;0,000;0,000;0,000;100,2240;100,2240;801792,0000;801792,00;0,000000;99,0050;99,0050;792040,0000;792040,00;805600,5500;805600,55;98,9400;-1,216;0,000;-1,216;1,593;6,263;0,975;0,066;0,977;0,000;0,000;13560,5500;13560,55;;;;DEUR;N094000;T100;;099025      BUNDESREPUBLIC 2,300% 2023-15/02/2033;100,22400000;100,22400000;99,00500000;99,00500000;98,94000000;800000,00000000;0,00000000;0,00000000;0,00000000;0,00000000;20251111
99;1I;41972;DE0001030732;BUNDESREPUBLIK 0% 2021/15.08.2031;EUR;FRANCOFORT;094000;100;I;650000,000;0,000;0,000;0,000;86,9090;86,9090;564908,5000;564908,50;0,000000;87,7800;87,7800;570570,0000;570570,00;570570,0000;570570,00;87,7270;1,002;0,000;1,002;1,128;4,436;0,702;0,060;0,704;0,000;0,000;0,0000;0,00;;;;DEUR;N094000;T100;;099298      BUNDESREPUBLIK 0% 2021/15.08.2031;86,90900000;86,90900000;87,78000000;87,78000000;87,72700000;650000,00000000;0,00000000;0,00000000;0,00000000;0,00000000;20251111
99;1I;47139;DE0001030757;BUNDESREPUBLIK DEU 1,8% 2023-15/08/2053;EUR;FRANCOFORT;094000;100;I;600000,000;0,000;0,000;0,000;84,4800;84,4800;506880,0000;506880,00;0,000000;74,0680;74,0680;444408,0000;444408,00;447011,8400;447011,84;73,9540;-12,325;0,000;-12,325;0,884;3,475;0,547;0,154;0,548;0,000;0,000;2603,8400;2603,84;;;;DEUR;N094000;T100;;099453      BUNDESREPUBLIK DEU 1,8% 2023-15/08/2053;84,48000000;84,48000000;74,06800000;74,06800000;73,95400000;600000,00000000;0,00000000;0,00000000;0,00000000;0,00000000;20251111
99;1I;40880;DE0001030724;BUNDES  ZC 2021/15.08.2050;EUR;FRANCOFORT;094000;100;I;475000,000;0,000;0,000;0,000;52,6170;52,6170;249930,7500;249930,75;0,000000;45,6930;45,6930;217041,7500;217041,75;217041,7500;217041,75;45,6080;-13,159;0,000;-13,159;0,429;1,687;0,267;0,186;0,268;0,000;0,000;0,0000;0,00;;;;DEUR;N094000;T100;;099733      BUNDES  ZC 2021/15.08.2050;52,61700000;52,61700000;45,69300000;45,69300000;45,60800000;475000,00000000;0,00000000;0,00000000;0,00000000;0,00000000;20251111
99;1I;46225;XS2591029876;ORSTED A/S 3,750% 2023-01/03/2030;EUR;LUXEMBOURG;021000;301;I;200000,000;0,000;0,000;0,000;102,7150;102,7150;205430,0000;205430,00;0,000000;101,9130;101,9130;203826,0000;203826,00;209065,7300;209065,73;101,8760;-0,781;0,000;-0,781;0,413;100,000;0,251;0,036;0,251;0,000;0,000;5239,7300;5239,73;;;;DEUR;N021000;T200;;099749      ORSTED A/S 3,750% 2023-01/03/2030;102,71500000;102,71500000;101,91300000;101,91300000;101,87600000;200000,00000000;0,00000000;0,00000000;0,00000000;0,00000000;20251111
99;1I;47589;FR001400LPZ1;BPIFRANCE  3,5% 27.09.2027;EUR;PARIGI;029000;301;I;800000,000;0,000;0,000;0,000;102,4850;102,4850;819880,0000;819880,00;0,000000;102,0610;102,0610;816488,0000;816488,00;819940,0500;819940,05;102,0650;-0,414;0,000;-0,414;1,621;13,023;1,005;-0,004;1,007;0,000;0,000;3452,0500;3452,05;;;;DEUR;N029000;T200;;098995      BPIFRANCE  3,5% 27.09.2027;102,48500000;102,48500000;102,06100000;102,06100000;102,06500000;800000,00000000;0,00000000;0,00000000;0,00000000;0,00000000;20251111
99;1I;46922;FR0013535150;ICADE SANTE SAS 1,375% 2020-17/09/2030;EUR;PARIGI;029000;301;I;600000,000;0,000;0,000;0,000;87,5580;87,5580;525348,0000;525348,00;0,000000;90,8280;90,8280;544968,0000;544968,00;546211,1500;546211,15;90,7220;3,735;0,000;3,735;1,080;8,676;0,671;0,117;0,672;0,000;0,000;1243,1500;1243,15;;;;DEUR;N029000;T200;;099329      ICADE SANTE SAS 1,375% 2020-17/09/2030;87,55800000;87,55800000;90,82800000;90,82800000;90,72200000;600000,00000000;0,00000000;0,00000000;0,00000000;0,00000000;20251111
99;1I;60522;XS2898838516;NATWEST GROUP PLC TV (3,575) 09.12.2032;EUR;LONDRAEST;031000;301;I;500000,000;0,000;0,000;0,000;100,7090;100,7090;503545,0000;503545,00;0,000000;102,0510;102,0510;510255,0000;510255,00;513193,3600;513193,36;101,9440;1,333;0,000;1,333;1,015;70,767;0,628;0,105;0,629;0,000;0,000;2938,3600;2938,36;;;;DEUR;N031000;T200;;099372      NATWEST GROUP PLC TV (3,575) 09.12.2032;100,70900000;100,70900000;102,05100000;102,05100000;101,94400000;500000,00000000;0,00000000;0,00000000;0,00000000;0,00000000;20251111
99;1I;46334;XS2596599063;NATWEST GRP PLC 4.699% 2023/14.03.2028;EUR;LONDRA;031000;301;I;200000,000;0,000;0,000;0,000;103,6580;103,6580;207316,0000;207316,00;0,000000;102,8830;102,8830;205766,0000;205766,00;211997,0000;211997,00;102,8880;-0,748;0,000;-0,748;0,419;29,233;0,253;-0,005;0,254;0,000;0,000;6231,0000;6231,00;;;;DEUR;N031000;T200;;099747      NATWEST GRP PLC 4.699% 2023/14.03.2028;103,65800000;103,65800000;102,88300000;102,88300000;102,88800000;200000,00000000;0,00000000;0,00000000;0,00000000;0,00000000;20251111
99;1I;45931;XS2464405229;AIB GROUP PLC TV (2.25%) 2023/04.04.2028;EUR;DUBLINO;040000;301;I;800000,000;0,000;0,000;0,000;98,4560;98,4560;787648,0000;787648,00;0,000000;99,6440;99,6440;797152,0000;797152,00;808050,6300;808050,63;99,6550;1,207;0,000;1,207;1,598;89,420;0,981;-0,011;0,983;0,000;0,000;10898,6300;10898,63;;;;DEUR;N040000;T200;;099019      AIB GROUP PLC TV (2.25%) 2023/04.04.2028;98,45600000;98,45600000;99,64400000;99,64400000;99,65500000;800000,00000000;0,00000000;0,00000000;0,00000000;0,00000000;20251111
99;1I;48032;XS2744491874;NEDER WATERSCHAPSBANK 2,625% 10.01.2034;EUR;STOCCARDA;050000;301;I;1000000,000;0,000;0,000;0,000;98,3230;98,3230;983230,0000;983230,00;0,000000;97,8980;97,8980;978980,0000;978980,00;1000914,9300;1000914,93;97,8580;-0,432;0,000;-0,432;1,979;45,242;1,205;0,041;1,207;0,000;0,000;21934,9300;21934,93;;;;DEUR;N050000;T200;;098795      NEDER WATERSCHAPSBANK 2,625% 10.01.2034;98,32300000;98,32300000;97,89800000;97,89800000;97,85800000;1000000,00000000;0,00000000;0,00000000;0,00000000;0,00000000;20251111
99;1I;45987;XS2579321337;NEDER WATERSCHAPSBANK 2% 2023/17.12.2029;EUR;LUXEMBOURG;050000;301;I;250000,000;0,000;0,000;0,000;100,8560;100,8560;252140,0000;252140,00;0,000000;101,1740;101,1740;252935,0000;252935,00;259131,9200;259131,92;101,1510;0,315;0,000;0,315;0,512;11,713;0,311;0,023;0,312;0,000;0,000;6196,9200;6196,92;;;;DEUR;N050000;T200;;099689      NEDER WATERSCHAPSBANK 2% 2023/17.12.2029;100,85600000;100,85600000;101,17400000;101,17400000;101,15100000;250000,00000000;0,00000000;0,00000000;0,00000000;0,00000000;20251111
99;1I;42206;PTBCPEOM0069;BCO COMERCIAL PORTUGUES 1,75%21/07.04.28;EUR;DUBLINO;055000;301;I;600000,000;0,000;0,000;0,000;97,1250;97,1250;582750,0000;582750,00;0,000000;98,8380;98,8380;593028,0000;593028,00;599299,2300;599299,23;98,8340;1,764;0,000;1,764;1,185;58,644;0,730;0,004;0,731;0,000;0,000;6271,2300;6271,23;;;;DEUR;N055000;T200;;099270      BCO COMERCIAL PORTUGUES 1,75%21/07.04.28;97,12500000;97,12500000;98,83800000;98,83800000;98,83400000;600000,00000000;0,00000000;0,00000000;0,00000000;0,00000000;20251111
99;1I;39819;PTEDPROM0029;ENERGIAS DE PORT 1.875% 2021/02.08.2081;EUR;DUBLINO;055000;301;I;300000,000;0,000;0,000;0,000;97,4210;97,4210;292263,0000;292263,00;0,000000;99,1170;99,1170;297351,0000;297351,00;298907,5100;298907,51;99,1200;1,741;0,000;1,741;0,591;29,250;0,366;-0,003;0,367;0,000;0,000;1556,5100;1556,51;;;;DEUR;N055000;T200;;099634      ENERGIAS DE PORT 1.875% 2021/02.08.2081;97,42100000;97,42100000;99,11700000;99,11700000;99,12000000;300000,00000000;0,00000000;0,00000000;0,00000000;0,00000000;20251111
99;1I;49005;PTEDPZOM0011;ENERGIAS DE PORT (4,750%) TV 29/05/2054;EUR;DUBLINO;055000;301;I;100000,000;0,000;0,000;0,000;102,2090;102,2090;102209,0000;102209,00;0,000000;103,6800;103,6800;103680,0000;103680,00;105840,2700;105840,27;103,6390;1,439;0,000;1,439;0,209;10,357;0,128;0,040;0,128;0,000;0,000;2160,2700;2160,27;;;;DEUR;N055000;T200;;099872      ENERGIAS DE PORT (4,750%) TV 29/05/2054;102,20900000;102,20900000;103,68000000;103,68000000;103,63900000;100000,00000000;0,00000000;0,00000000;0,00000000;0,00000000;20251111
99;1I;46835;XS2623501181;CAIXABANK TV 4,625% 2023-16/05/2027;EUR;DUBLINO;067000;301;I;300000,000;0,000;0,000;0,000;102,2840;102,2840;306852,0000;306852,00;0,000000;101,1080;101,1080;303324,0000;303324,00;310128,4500;310128,45;101,1160;-1,150;0,000;-1,150;0,613;11,359;0,373;-0,008;0,374;0,000;0,000;6804,4500;6804,45;;;;DEUR;N067000;T200;;099627      CAIXABANK TV 4,625% 2023-16/05/2027;102,28400000;102,28400000;101,10800000;101,10800000;101,11600000;300000,00000000;0,00000000;0,00000000;0,00000000;0,00000000;20251111
99;1I;45312;XS2538778478;INSTITUTO DE CREDIT 2.65% 2022/31.0.2028;EUR;AIAF;067000;301;I;200000,000;0,000;0,000;0,000;100,3390;100,3390;200678,0000;200678,00;0,000000;101,0050;101,0050;202010,0000;202010,00;206133,8400;206133,84;101,0030;0,664;0,000;0,664;0,408;7,550;0,249;0,002;0,249;0,000;0,000;4123,8400;4123,84;;;;DEUR;N067000;T200;;099751      INSTITUTO DE CREDIT 2.65% 2022/31.0.2028;100,33900000;100,33900000;101,00500000;101,00500000;101,00300000;200000,00000000;0,00000000;0,00000000;0,00000000;0,00000000;20251111
99;1I;47444;XS2684860203;CREDITO EMILIANO (TV) 4.875% 26.03.2030;EUR;DUBLINO;086000;301;I;300000,000;0,000;0,000;0,000;106,5840;106,5840;319752,0000;319752,00;0,000000;106,1820;106,1820;318546,0000;318546,00;327761,7500;327761,75;106,0930;-0,377;0,000;-0,377;0,648;3,918;0,392;0,084;0,393;0,000;0,000;9215,7500;9215,75;;;;DEUR;N086000;T200;;099608      CREDITO EMILIANO (TV) 4.875% 26.03.2030;106,58400000;106,58400000;106,18200000;106,18200000;106,09300000;300000,00000000;0,00000000;0,00000000;0,00000000;0,00000000;20251111
99;1I;46047;XS2583205906;A2A SPA 4,375% 2023-03/02/2034;EUR;LUXEMBOURG;086000;301;I;200000,000;0,000;0,000;0,000;105,7230;105,7230;211446,0000;211446,00;0,000000;105,8090;105,8090;211618,0000;211618,00;218354,3000;218354,30;105,7320;0,081;0,000;0,081;0,432;2,610;0,260;0,073;0,261;0,000;0,000;6736,3000;6736,30;;;;DEUR;N086000;T200;;099740      A2A SPA 4,375% 2023-03/02/2034;105,72300000;105,72300000;105,80900000;105,80900000;105,73200000;200000,00000000;0,00000000;0,00000000;0,00000000;0,00000000;20251111
99;1I;60711;XS2948434266;PRYSMIAN SPA 3,875% 2024-28/11/2031;EUR;LUXEMBOURG;086000;301;I;200000,000;0,000;0,000;0,000;101,0770;101,0770;202154,0000;202154,00;0,000000;102,8710;102,8710;205742,0000;205742,00;213131,0400;213131,04;102,8430;1,775;0,000;1,775;0,421;2,548;0,253;0,027;0,254;0,000;0,000;7389,0400;7389,04;;;;DEUR;N086000;T200;;099747      PRYSMIAN SPA 3,875% 2024-28/11/2031;101,07700000;101,07700000;102,87100000;102,87100000;102,84300000;200000,00000000;0,00000000;0,00000000;0,00000000;0,00000000;20251111
99;1I;48514;DE000A3829J7;VONOVIA FINANCE B 4,250% 2024-10/04/2034;EUR;LUXEMBOURG;094000;301;I;800000,000;0,000;0,000;0,000;102,9940;102,9940;823952,0000;823952,00;0,000000;102,8510;102,8510;822808,0000;822808,00;842835,4000;842835,40;102,7850;-0,139;0,000;-0,139;1,667;6,553;1,013;0,064;1,015;0,000;0,000;20027,4000;20027,40;;;;DEUR;N094000;T200;;098987      VONOVIA FINANCE B 4,250% 2024-10/04/2034;102,99400000;102,99400000;102,85100000;102,85100000;102,78500000;800000,00000000;0,00000000;0,00000000;0,00000000;0,00000000;20251111
99;1I;45627;DE000A30VQA4;VONOVIA SE 4,75% 2022/23.05.2027;EUR;LUXEMBOURG;094000;301;I;300000,000;0,000;0,000;0,000;104,0200;104,0200;312060,0000;312060,00;0,000000;103,2280;103,2280;309684,0000;309684,00;316399,0700;316399,07;103,2380;-0,761;0,000;-0,761;0,626;2,460;0,381;-0,010;0,382;0,000;0,000;6715,0700;6715,07;;;;DEUR;N094000;T200;;099619      VONOVIA SE 4,75% 2022/23.05.2027;104,02000000;104,02000000;103,22800000;103,22800000;103,23800000;300000,00000000;0,00000000;0,00000000;0,00000000;0,00000000;20251111
99;1I;38968;EU000A283859;EUROPEAN UNION 0% 2020/04.10.2020;EUR;LUXEMBOURG;921000;301;I;1000000,000;0,000;0,000;0,000;86,4750;86,4750;864750,0000;864750,00;0,000000;88,6730;88,6730;886730,0000;886730,00;886730,0000;886730,00;88,6390;2,542;0,000;2,542;1,753;100,000;1,091;0,038;1,094;0,000;0,000;0,0000;0,00;;;;DEUR;N921000;T200;;098909      EUROPEAN UNION 0% 2020/04.10.2020;86,47500000;86,47500000;88,67300000;88,67300000;88,63900000;1000000,00000000;0,00000000;0,00000000;0,00000000;0,00000000;20251111
99;1I;48399;XS2610236528;COUNCIL OF EUROPE 2.875% 2024/13.04.2030;EUR;FRANCOFORT;974000;301;I;1000000,000;0,000;0,000;0,000;101,7660;101,7660;1017660,0000;1017660,00;0,000000;101,3950;101,3950;1013950,0000;1013950,00;1030648,6300;1030648,63;101,3710;-0,365;0,000;-0,365;2,038;84,298;1,248;0,024;1,250;0,000;0,000;16698,6300;16698,63;;;;DEUR;N974000;T200;;098752      COUNCIL OF EUROPE 2.875% 2024/13.04.2030;101,76600000;101,76600000;101,39500000;101,39500000;101,37100000;1000000,00000000;0,00000000;0,00000000;0,00000000;0,00000000;20251111
99;1I;45313;XS2468525451;COUNCIL OF EUROPE 1% 2022/13.04.2029;EUR;STOCCARDA;974000;301;I;200000,000;0,000;0,000;0,000;94,1970;94,1970;188394,0000;188394,00;0,000000;95,4050;95,4050;190810,0000;190810,00;191971,6400;191971,64;95,3870;1,282;0,000;1,282;0,380;15,702;0,235;0,019;0,235;0,000;0,000;1161,6400;1161,64;;;;DEUR;N974000;T200;;099765      COUNCIL OF EUROPE 1% 2022/13.04.2029;94,19700000;94,19700000;95,40500000;95,40500000;95,38700000;200000,00000000;0,00000000;0,00000000;0,00000000;0,00000000;20251111
99;1I;06036;AT0000937503;VOEST ALPINE AG;EUR;VIENNA;008000;201;I;4828,000;0,000;0,000;0,000;21,7357;21,7357;104940,4000;104940,40;0,000000;32,1800;32,1800;155365,0400;155365,04;155365,0400;155365,04;32,3200;48,051;0,000;48,051;0,307;1,275;0,191;-0,433;0,192;0,000;0,000;0,0000;0,00;;;;DEUR;N008000;T300;;099809      VOEST ALPINE AG;21,73579121;21,73579121;32,18000000;32,18000000;32,32000000;4828,00000000;0,00000000;0,00000000;0,00000000;0,00000000;20251111
99;1I;08457;FI0009000681;NOKIA OYJ;EUR;HELSINKI;028000;201;I;22841,000;0,000;0,000;0,000;4,8882;4,8882;111652,2200;111652,22;0,000000;5,9120;5,9120;135035,9900;135035,99;135035,9900;135035,99;5,8560;20,943;0,000;20,943;0,267;100,000;0,166;0,956;0,167;0,000;0,000;0,0000;0,00;;;;DEUR;N028000;T300;;099834      NOKIA OYJ;4,88823694;4,88823694;5,91200000;5,91200000;5,85600000;22841,00000000;0,00000000;0,00000000;0,00000000;0,00000000;20251111
99;1I;08436;FR0000120321;L'OREAL;EUR;PARIGI;029000;201;I;545,000;0,000;0,000;0,000;393,7187;393,7187;214576,7300;214576,73;0,000000;356,7000;356,7000;194401,5000;194401,50;194401,5000;194401,50;353,9500;-9,402;0,000;-9,402;0,384;3,088;0,239;0,777;0,240;0,000;0,000;0,0000;0,00;;;;DEUR;N029000;T300;;099761      L'OREAL;393,71877064;393,71877064;356,70000000;356,70000000;353,95000000;545,00000000;0,00000000;0,00000000;0,00000000;0,00000000;20251111
99;1I;14112;FR0010451203;REXEL SA;EUR;PARIGI;029000;201;I;2753,000;0,000;0,000;0,000;25,4292;25,4292;70006,7900;70006,79;0,000000;29,9700;29,9700;82507,4100;82507,41;82507,4100;82507,41;29,5600;17,856;0,000;17,856;0,163;1,310;0,102;1,387;0,102;0,000;0,000;0,0000;0,00;;;;DEUR;N029000;T300;;099898      REXEL SA;25,42927352;25,42927352;29,97000000;29,97000000;29,56000000;2753,00000000;0,00000000;0,00000000;0,00000000;0,00000000;20251111
99;1I;06469;FR0010307819;LEGRAND PROMESSES;EUR;PARIGI;029000;201;I;577,000;0,000;0,000;0,000;131,5490;131,5490;75903,7800;75903,78;0,000000;131,4000;131,4000;75817,8000;75817,80;75817,8000;75817,80;131,0000;-0,113;0,000;-0,113;0,150;1,204;0,093;0,305;0,094;0,000;0,000;0,0000;0,00;;;;DEUR;N029000;T300;;099907      LEGRAND PROMESSES;131,54901213;131,54901213;131,40000000;131,40000000;131,00000000;577,00000000;0,00000000;0,00000000;0,00000000;0,00000000;20251111
99;1I;14500;NL0010273215;ASML HLDG NV NEW;EUR;AMSTERDAM;050000;201;I;357,000;0,000;0,000;0,000;710,1374;710,1374;253519,0700;253519,07;0,000000;886,9000;886,9000;316623,3000;316623,30;316623,3000;316623,30;886,7000;24,891;0,000;24,891;0,626;14,312;0,390;0,023;0,390;0,000;0,000;0,0000;0,00;;;;DEUR;N050000;T300;;099610      ASML HLDG NV NEW;710,13745098;710,13745098;886,90000000;886,90000000;886,70000000;357,00000000;0,00000000;0,00000000;0,00000000;0,00000000;20251111
99;1I;27009;NL0010801007;IMCD GROUP NV;EUR;AMSTERDAM;050000;201;I;2831,000;0,000;0,000;0,000;122,2026;122,2026;345955,6800;345955,68;0,000000;83,4800;83,4800;236331,8800;236331,88;236331,8800;236331,88;82,3800;-31,687;0,000;-31,687;0,467;10,682;0,291;1,335;0,291;0,000;0,000;0,0000;0,00;;;;DEUR;N050000;T300;;099709      IMCD GROUP NV;122,20264217;122,20264217;83,48000000;83,48000000;82,38000000;2831,00000000;0,00000000;0,00000000;0,00000000;0,00000000;20251111
99;1I;35896;NL0013654783;PROSUS;EUR;AMSTERDAM;050000;201;I;3199,000;0,000;0,000;0,000;43,6674;43,6674;139692,1200;139692,12;0,000000;61,4800;61,4800;196674,5200;196674,52;196674,5200;196674,52;61,7000;40,791;0,000;40,791;0,389;8,890;0,242;-0,357;0,243;0,000;0,000;0,0000;0,00;;;;DEUR;N050000;T300;;099758      PROSUS;43,66743357;43,66743357;61,48000000;61,48000000;61,70000000;3199,00000000;0,00000000;0,00000000;0,00000000;0,00000000;20251111
99;1I;01895;NL0000226223;STMICROELECTRONICS - MILANO;EUR;MILANO;050000;201;I;7195,000;0,000;0,000;0,000;24,4565;24,4565;175964,5200;175964,52;0,000000;20,6400;20,6400;148504,8000;148504,80;148504,8000;148504,80;20,3850;-15,605;0,000;-15,605;0,294;6,713;0,183;1,251;0,183;0,000;0,000;0,0000;0,00;;;;DEUR;N050000;T300;;099817      STMICROELECTRONICS - MILANO;24,45650034;24,45650034;20,64000000;20,64000000;20,38500000;7195,00000000;0,00000000;0,00000000;0,00000000;0,00000000;20251111
99;1I;48620;NL0015001KT6;BREMBO N.V.;EUR;MILANO;050000;201;I;5483,000;0,000;0,000;0,000;8,8782;8,8782;48679,2600;48679,26;0,000000;9,8800;9,8800;54172,0400;54172,04;54172,0400;54172,04;9,8600;11,284;0,000;11,284;0,107;2,449;0,067;0,203;0,067;0,000;0,000;0,0000;0,00;;;;DEUR;N050000;T300;;099933      BREMBO N.V.;8,87821630;8,87821630;9,88000000;9,88000000;9,86000000;5483,00000000;0,00000000;0,00000000;0,00000000;0,00000000;20251111
99;1I;02400;PTEDP0AM0009;ENERGIAS DE PORTUGAL SA;EUR;LISBONA;055000;201;I;4804,000;0,000;0,000;0,000;3,2353;3,2353;15542,5900;15542,59;0,000000;3,7210;3,7210;17875,6800;17875,68;17875,6800;17875,68;3,9670;15,011;0,000;15,011;0,035;1,749;0,022;-6,201;0,022;0,000;0,000;0,0000;0,00;;;;DEUR;N055000;T300;;099978      ENERGIAS DE PORTUGAL SA;3,23534346;3,23534346;3,72100000;3,72100000;3,96700000;4804,00000000;0,00000000;0,00000000;0,00000000;0,00000000;20251111
99;1I;09439;ES0127797019;EDP RENOVAVEIS SA;EUR;LISBONA;067000;201;I;15512,000;0,000;0,000;0,000;9,7375;9,7375;151049,2600;151049,26;0,000000;11,5300;11,5300;178853,3600;178853,36;178853,3600;178853,36;12,0000;18,407;0,000;18,407;0,354;6,551;0,220;-3,917;0,221;0,000;0,000;0,0000;0,00;;;;DEUR;N067000;T300;;099780      EDP RENOVAVEIS SA;9,73757478;9,73757478;11,53000000;11,53000000;12,00000000;15512,00000000;0,00000000;0,00000000;0,00000000;0,00000000;20251111
99;1I;23311;ES0105025003;MERLIN PROPERTIES SOCIMI SA;EUR;MADRID;067000;201;I;3705,000;0,000;0,000;0,000;10,4582;10,4582;38747,7300;38747,73;0,000000;13,3200;13,3200;49350,6000;49350,60;49350,6000;49350,60;13,2300;27,364;0,000;27,364;0,098;1,807;0,061;0,680;0,061;0,000;0,000;0,0000;0,00;;;;DEUR;N067000;T300;;099939      MERLIN PROPERTIES SOCIMI SA;10,45822672;10,45822672;13,32000000;13,32000000;13,23000000;3705,00000000;0,00000000;0,00000000;0,00000000;0,00000000;20251111
99;1I;46596;CH1216478797;DSM-FIRMENICH AG;EUR;AMSTERDAM;071000;201;I;7067,000;0,000;0,000;0,000;91,7364;91,7364;648301,5700;648301,57;0,000000;72,5200;72,5200;512498,8400;512498,84;512498,8400;512498,84;70,4000;-20,947;0,000;-20,947;1,013;100,000;0,631;3,011;0,632;0,000;0,000;0,0000;0,00;;;;DEUR;N071000;T300;;099369      DSM-FIRMENICH AG;91,73646101;91,73646101;72,52000000;72,52000000;70,40000000;7067,00000000;0,00000000;0,00000000;0,00000000;0,00000000;20251111
99;1I;02206;DE0005200000;BEIERSDORF AG;EUR;NEUERMKT;094000;201;I;1971,000;0,000;0,000;0,000;118,7446;118,7446;234045,7200;234045,72;0,000000;93,8600;93,8600;184998,0600;184998,06;184998,0600;184998,06;92,7200;-20,956;0,000;-20,956;0,366;1,438;0,228;1,230;0,228;0,000;0,000;0,0000;0,00;;;;DEUR;N094000;T300;;099772      BEIERSDORF AG;118,74465753;118,74465753;93,86000000;93,86000000;92,72000000;1971,00000000;0,00000000;0,00000000;0,00000000;0,00000000;20251111
99;1I;08512;DE0007164600;SAP SE;EUR;NEUERMKT;094000;201;I;738,000;0,000;0,000;0,000;244,3468;244,3468;180327,9900;180327,99;0,000000;217,0500;217,0500;160182,9000;160182,90;160182,9000;160182,90;216,2500;-11,171;0,000;-11,171;0,317;1,245;0,197;0,370;0,198;0,000;0,000;0,0000;0,00;;;;DEUR;N094000;T300;;099803      SAP SE;244,34686991;244,34686991;217,05000000;217,05000000;216,25000000;738,00000000;0,00000000;0,00000000;0,00000000;0,00000000;20251111
99;1I;33682;DE000KBX1006;KNORR-BREMSE AG;EUR;NEUERMKT;094000;201;I;1868,000;0,000;0,000;0,000;83,0274;83,0274;155095,2000;155095,20;0,000000;84,1000;84,1000;157098,8000;157098,80;157098,8000;157098,80;81,2000;1,292;0,000;1,292;0,311;1,221;0,193;3,571;0,194;0,000;0,000;0,0000;0,00;;;;DEUR;N094000;T300;;099807      KNORR-BREMSE AG;83,02740899;83,02740899;84,10000000;84,10000000;81,20000000;1868,00000000;0,00000000;0,00000000;0,00000000;0,00000000;20251111
99;1I;24199;DE000ZAL1111;ZALANDO-ORD SHS;EUR;NEUERMKT;094000;201;I;6188,000;0,000;0,000;0,000;27,5996;27,5996;170786,7200;170786,72;0,000000;23,0100;23,0100;142385,8800;142385,88;142385,8800;142385,88;22,5800;-16,629;0,000;-16,629;0,282;1,107;0,175;1,904;0,176;0,000;0,000;0,0000;0,00;;;;DEUR;N094000;T300;;099825      ZALANDO-ORD SHS;27,59966386;27,59966386;23,01000000;23,01000000;22,58000000;6188,00000000;0,00000000;0,00000000;0,00000000;0,00000000;20251111
99;1I;19412;DE000A1ML7J1;VONOVIA SE;EUR;NEUERMKT;094000;201;I;4961,000;0,000;0,000;0,000;27,3069;27,3069;135469,6600;135469,66;0,000000;25,7300;25,7300;127646,5300;127646,53;127646,5300;127646,53;25,1000;-5,775;0,000;-5,775;0,252;0,992;0,157;2,510;0,157;0,000;0,000;0,0000;0,00;;;;DEUR;N094000;T300;;099843      VONOVIA SE;27,30692602;27,30692602;25,73000000;25,73000000;25,10000000;4961,00000000;0,00000000;0,00000000;0,00000000;0,00000000;20251111
99;1I;08529;DE0005557508;DEUTSCHE TELEKOM - NOMINATIVE;EUR;NEUERMKT;094000;201;I;4377,000;0,000;0,000;0,000;31,5728;31,5728;138194,4200;138194,42;0,000000;27,0700;27,0700;118485,3900;118485,39;118485,3900;118485,39;26,6900;-14,262;0,000;-14,262;0,234;0,921;0,146;1,424;0,146;0,000;0,000;0,0000;0,00;;;;DEUR;N094000;T300;;099854      DEUTSCHE TELEKOM - NOMINATIVE;31,57286269;31,57286269;27,07000000;27,07000000;26,69000000;4377,00000000;0,00000000;0,00000000;0,00000000;0,00000000;20251111
99;1I;12154;DE000KSAG888;K+S AG NEW;EUR;NEUERMKT;094000;201;I;2883,000;0,000;0,000;0,000;11,2189;11,2189;32344,3100;32344,31;0,000000;11,0900;11,0900;31972,4700;31972,47;31972,4700;31972,47;10,8900;-1,150;0,000;-1,150;0,063;0,249;0,039;1,837;0,039;0,000;0,000;0,0000;0,00;;;;DEUR;N094000;T300;;099961      K+S AG NEW;11,21897676;11,21897676;11,09000000;11,09000000;10,89000000;2883,00000000;0,00000000;0,00000000;0,00000000;0,00000000;20251111
99;1I;07217;DE000SYM9999;SYMRISE AG;EUR;NEUERMKT;094000;201;I;216,000;0,000;0,000;0,000;98,0604;98,0604;21181,0600;21181,06;0,000000;72,4600;72,4600;15651,3600;15651,36;15651,3600;15651,36;71,5000;-26,107;0,000;-26,107;0,031;0,122;0,019;1,343;0,019;0,000;0,000;0,0000;0,00;;;;DEUR;N094000;T300;;099981      SYMRISE AG;98,06046296;98,06046296;72,46000000;72,46000000;71,50000000;216,00000000;0,00000000;0,00000000;0,00000000;0,00000000;20251111
99;1I;03565;IT0003497168;TELECOM ITALIA SPA ORD.;EUR;MILANO;086000;201;I;735073,000;0,000;0,000;0,000;0,2885;0,2885;212115,5800;212115,58;0,000000;0,4958;0,4958;364449,1900;364449,19;364449,1900;364449,19;0,4921;71,816;0,000;71,816;0,721;4,357;0,449;0,752;0,449;0,000;0,000;0,0000;0,00;;;;DEUR;N111111;T300;;099551      TELECOM ITALIA SPA ORD.;0,28856396;0,28856396;0,49580000;0,49580000;0,49210000;735073,00000000;0,00000000;0,00000000;0,00000000;0,00000000;20251111
99;1I;17410;IT0004965148;MONCLER SPA;EUR;MILANO;086000;201;I;5298,000;0,000;0,000;0,000;53,0806;53,0806;281221,1400;281221,14;0,000000;57,6000;57,6000;305164,8000;305164,80;305164,8000;305164,80;56,4200;8,514;0,000;8,514;0,603;3,648;0,376;2,091;0,376;0,000;0,000;0,0000;0,00;;;;DEUR;N111111;T300;;099624      MONCLER SPA;53,08062287;53,08062287;57,60000000;57,60000000;56,42000000;5298,00000000;0,00000000;0,00000000;0,00000000;0,00000000;20251111
99;1I;08544;IT0001157020;ERG ORD.;EUR;MILANO;086000;201;I;5855,000;0,000;0,000;0,000;19,3965;19,3965;113566,6400;113566,64;0,000000;22,3600;22,3600;130917,8000;130917,80;130917,8000;130917,80;22,4000;15,278;0,000;15,278;0,259;1,565;0,161;-0,179;0,161;0,000;0,000;0,0000;0,00;;;;DEUR;N111111;T300;;099839      ERG ORD.;19,39652263;19,39652263;22,36000000;22,36000000;22,40000000;5855,00000000;0,00000000;0,00000000;0,00000000;0,00000000;20251111
99;1I;08531;IT0001078911;INTERPUMP GROUP;EUR;MILANO;086000;201;I;1694,000;0,000;0,000;0,000;38,5664;38,5664;65331,5900;65331,59;0,000000;43,7400;43,7400;74095,5600;74095,56;74095,5600;74095,56;43,2200;13,415;0,000;13,415;0,147;0,886;0,091;1,203;0,091;0,000;0,000;0,0000;0,00;;;;DEUR;N111111;T300;;099909      INTERPUMP GROUP;38,56646399;38,56646399;43,74000000;43,74000000;43,22000000;1694,00000000;0,00000000;0,00000000;0,00000000;0,00000000;20251111
99;1I;04321;IT0003242622;TERNA SPA;EUR;MILANO;086000;201;I;6177,000;0,000;0,000;0,000;7,8104;7,8104;48245,3700;48245,37;0,000000;9,0460;9,0460;55877,1400;55877,14;55877,1400;55877,14;8,9940;15,819;0,000;15,819;0,110;0,668;0,069;0,578;0,069;0,000;0,000;0,0000;0,00;;;;DEUR;N111111;T300;;099931      TERNA SPA;7,81048567;7,81048567;9,04600000;9,04600000;8,99400000;6177,00000000;0,00000000;0,00000000;0,00000000;0,00000000;20251111
99;1I;07862;IT0003492391;DIASORIN;EUR;MILANO;086000;201;I;542,000;0,000;0,000;0,000;95,3772;95,3772;51694,4500;51694,45;0,000000;60,1600;60,1600;32606,7200;32606,72;32606,7200;32606,72;59,0000;-36,924;0,000;-36,924;0,064;0,390;0,040;1,966;0,040;0,000;0,000;0,0000;0,00;;;;DEUR;N111111;T300;;099960      DIASORIN;95,37721402;95,37721402;60,16000000;60,16000000;59,00000000;542,00000000;0,00000000;0,00000000;0,00000000;0,00000000;20251111
99;1I;03436;IT0001250932;HERA SPA;EUR;MILANO;086000;201;I;4657,000;0,000;0,000;0,000;3,5600;3,5600;16579,1700;16579,17;0,000000;3,9820;3,9820;18544,1700;18544,17;18544,1700;18544,17;4,0080;11,852;0,000;11,852;0,037;0,222;0,023;-0,649;0,023;0,000;0,000;0,0000;0,00;;;;DEUR;N111111;T300;;099977      HERA SPA;3,56005368;3,56005368;3,98200000;3,98200000;4,00800000;4657,00000000;0,00000000;0,00000000;0,00000000;0,00000000;20251111
99;1I;23184;IT0005090300;INFRASTRUTTURE WIRELESS ITAL;EUR;MILANO;086000;201;I;2184,000;0,000;0,000;0,000;9,8047;9,8047;21413,4800;21413,48;0,000000;8,3300;8,3300;18192,7200;18192,72;18192,7200;18192,72;9,4400;-15,041;0,000;-15,041;0,036;0,217;0,022;-11,758;0,022;0,000;0,000;0,0000;0,00;;;;DEUR;N111111;T300;;099978      INFRASTRUTTURE WIRELESS ITAL;9,80470696;9,80470696;8,33000000;8,33000000;9,44000000;2184,00000000;0,00000000;0,00000000;0,00000000;0,00000000;20251111
99;1I;34530;IT0005366767;NEXI SPA;EUR;MILANO;086000;201;I;3385,000;0,000;0,000;0,000;5,1404;5,1404;17400,4000;17400,40;0,000000;4,1200;4,1200;13946,2000;13946,20;13946,2000;13946,20;4,0250;-19,851;0,000;-19,851;0,028;0,167;0,017;2,360;0,017;0,000;0,000;0,0000;0,00;;;;DEUR;N111111;T300;;099983      NEXI SPA;5,14044313;5,14044313;4,12000000;4,12000000;4,02500000;3385,00000000;0,00000000;0,00000000;0,00000000;0,00000000;20251111
99;1O;38515;XS2044910466;PEARSON FNDG 3.75% 2020/04.06.2030;GBP;DUBLINO;111111;301;O;800000,000;0,000;0,000;0,000;93,4780;113,0326;747824,0000;904261,19;0,827000;96,4430;109,5694;771544,0000;876555,33;784694,6800;891495,89;96,1510;3,172;6,433;-3,064;36,303;3,419;1,079;0,304;1,081;0,000;0,000;13150,6800;14940,56;;;;DGBP;N031000;T200;;098921      PEARSON FNDG 3.75% 2020/04.06.2030;93,47800000;113,03264880;96,44300000;109,56941604;96,15100000;800000,00000000;0,00000000;0,00000000;0,00000000;0,00000000;20251111
99;1O;46848;USP3772WAK82;BANCO DO BRASIL (CAY)4.875%.23/11.01.29;USD;FIPS;111111;301;O;800000,000;0,000;0,000;0,000;95,0460;91,7786;760368,0000;734229,43;1,035600;99,4720;85,7813;795776,0000;686250,43;808775,9970;697461,19;99,3940;4,657;11,974;-6,535;3,305;2,675;0,845;0,078;0,846;0,000;0,000;12999,9970;11210,76;;;;DUSD;N211000;T200;;099155      BANCO DO BRASIL (CAY)4.875%.23/11.01.29;95,04600000;91,77867880;99,47200000;85,78130389;99,39400000;800000,00000000;0,00000000;0,00000000;0,00000000;0,00000000;20251111
99;1O;03510;CA1363751027;CANADIAN NATIONAL RAILWAY CAD;CAD;TORONTO;111111;201;O;2726,000;0,000;0,000;0,000;142,1793;93,6509;387580,8300;255292,37;1,518184;134,4300;82,7312;366456,1800;225525,37;366456,1800;225525,37;132,5000;-5,450;7,029;-11,660;97,501;0,865;0,278;1,457;0,278;0,000;0,000;0,0000;0,00;;;;DCAD;N013000;T300;;099722      CANADIAN NATIONAL RAILWAY CAD;142,17932135;93,65090609;134,43000000;82,73124499;132,50000000;2726,00000000;0,00000000;0,00000000;0,00000000;0,00000000;20251111
99;1O;31128;CA67077M1086;NUTRIEN-ORD SHS USD;USD;NEW YORK;111111;201;O;3183,000;0,000;0,000;0,000;47,9285;44,7473;152556,4500;142430,66;1,071093;59,3300;51,1641;188847,3900;162855,63;188847,3900;162855,63;58,9400;23,789;8,263;14,340;0,772;0,624;0,200;0,662;0,201;0,000;0,000;0,0000;0,00;;;;DUSD;N013000;T300;;099800      NUTRIEN-ORD SHS USD;47,92851083;44,74730128;59,33000000;51,16419454;58,94000000;3183,00000000;0,00000000;0,00000000;0,00000000;0,00000000;20251111
99;1O;10636;DK0060079531;DSV A/S;DKK;COPENHAGEN;111111;201;O;1022,000;0,000;0,000;0,000;1419,9116;190,1405;1451149,7170;194323,64;7,467695;1465,0000;196,1834;1497230,0000;200499,50;1497230,0000;200499,50;1429,5000;3,175;-0,003;3,178;12,642;0,769;0,247;2,483;0,247;0,000;0,000;0,0000;0,00;;;;DDKK;N021000;T300;;099753      DSV A/S;1419,91166047;190,14054794;1465,00000000;196,18346166;1429,50000000;1022,00000000;0,00000000;0,00000000;0,00000000;0,00000000;20251111
99;1O;47417;DK0062498333;NOVO NORDISK A/S-B;DKK;COPENHAGEN;111111;201;O;1904,000;0,000;0,000;0,000;594,0216;79,6445;1131017,3100;151643,25;7,458409;313,6500;42,0020;597189,6000;79971,82;597189,6000;79971,82;294,7000;-47,199;0,122;-47,263;5,042;0,307;0,098;6,430;0,099;0,000;0,000;0,0000;0,00;;;;DDKK;N021000;T300;;099902      NOVO NORDISK A/S-B;594,02169642;79,64456407;313,65000000;42,00200870;294,70000000;1904,00000000;0,00000000;0,00000000;0,00000000;0,00000000;20251111
99;1O;01165;GB0009895292;ASTRAZENECA PLC. GBP;GBP;LONDRA;111111;201;O;2497,000;0,000;0,000;0,000;122,4992;141,0186;305880,5500;352123,62;0,868674;134,6600;152,9879;336246,0200;382010,93;336246,0200;382010,93;131,2600;9,927;1,327;8,488;15,556;1,465;0,470;2,590;0,471;0,000;0,000;0,0000;0,00;;;;DGBP;N031000;T300;;099530      ASTRAZENECA PLC. GBP;122,49921906;141,01867040;134,66000000;152,98795728;131,26000000;2497,00000000;0,00000000;0,00000000;0,00000000;0,00000000;20251111
99;1O;29175;GB00BDR05C01;NATIONAL GRID PLC - ORD SHS;GBP;LONDRA;111111;201;O;12680,000;0,000;0,000;0,000;9,8257;11,7100;124590,3800;148482,82;0,839090;11,6300;13,2129;147468,4000;167539,65;147468,4000;167539,65;11,6500;18,363;4,899;12,834;6,822;0,642;0,206;-0,172;0,207;0,000;0,000;0,0000;0,00;;;;DGBP;N031000;T300;;099794      NATIONAL GRID PLC - ORD SHS;9,82573974;11,71000157;11,63000000;13,21290615;11,65000000;12680,00000000;0,00000000;0,00000000;0,00000000;0,00000000;20251111
99;1O;44229;GB00BP92CJ43;TATE & LYLE PLC;GBP;LONDRA;111111;201;O;22066,000;0,000;0,000;0,000;5,3565;6,2657;118197,2950;138260,01;0,854891;3,9460;4,4830;87072,4360;98923,47;87072,4360;98923,47;3,8840;-26,333;2,960;-28,451;4,028;0,379;0,122;1,596;0,122;0,000;0,000;0,0000;0,00;;;;DGBP;N031000;T300;;099878      TATE & LYLE PLC;5,35653471;6,26574866;3,94600000;4,48307202;3,88400000;22066,00000000;0,00000000;0,00000000;0,00000000;0,00000000;20251111
99;1O;34897;GB00BJFFLV09;CRODA INTL-ORD SHS;GBP;LONDRA;111111;201;O;2934,000;0,000;0,000;0,000;32,8302;39,5010;96323,8900;115895,97;0,831124;27,5900;31,3451;80949,0600;91966,67;80949,0600;91966,67;27,8100;-15,962;5,905;-20,647;3,745;0,353;0,113;-0,791;0,113;0,000;0,000;0,0000;0,00;;;;DGBP;N031000;T300;;099887      CRODA INTL-ORD SHS;32,83022835;39,50101227;27,59000000;31,34514882;27,81000000;2934,00000000;0,00000000;0,00000000;0,00000000;0,00000000;20251111
99;1O;03729;GB0006825383;PERSIMMON PLC.;GBP;LONDRA;111111;201;O;6163,000;0,000;0,000;0,000;11,6503;13,8615;71801,1260;85428,63;0,840481;12,5600;14,2694;77407,2800;87942,83;77407,2800;87942,83;12,3150;7,808;4,726;2,943;3,581;0,337;0,108;1,989;0,108;0,000;0,000;0,0000;0,00;;;;DGBP;N031000;T300;;099892      PERSIMMON PLC.;11,65035307;13,86153334;12,56000000;14,26948420;12,31500000;6163,00000000;0,00000000;0,00000000;0,00000000;0,00000000;20251111
99;1O;09739;GB00B2B0DG97;REED ELSEVIER PLC A;GBP;LONDRA;111111;201;O;1201,000;0,000;0,000;0,000;38,2443;45,1510;45931,4970;54226,43;0,847032;32,2700;36,6621;38756,2700;44031,21;38756,2700;44031,21;31,8000;-15,622;3,916;-18,801;1,793;0,169;0,054;1,478;0,054;0,000;0,000;0,0000;0,00;;;;DGBP;N031000;T300;;099946      REED ELSEVIER PLC A;38,24437718;45,15106577;32,27000000;36,66212224;31,80000000;1201,00000000;0,00000000;0,00000000;0,00000000;0,00000000;20251111
99;1O;01504;GB0007908733;SSE PLC;GBP;LONDRA;111111;201;O;1234,000;0,000;0,000;0,000;16,3420;19,4085;20166,0920;23950,09;0,842005;19,7450;22,4324;24365,3300;27681,58;24365,3300;27681,58;19,4300;20,823;4,536;15,580;1,127;0,106;0,034;1,621;0,034;0,000;0,000;0,0000;0,00;;;;DGBP;N031000;T300;;099966      SSE PLC;16,34205186;19,40850081;19,74500000;22,43240172;19,43000000;1234,00000000;0,00000000;0,00000000;0,00000000;0,00000000;20251111
99;1O;12368;IE0001827041;CRH PLC.- LONDRA GBP;GBP;LONDRA;111111;201;O;3332,000;0,000;0,000;0,000;72,8513;86,1920;242740,8290;287192,01;0,845221;85,8400;97,5232;286018,8800;324947,60;286018,8800;324947,60;86,3600;17,829;4,138;13,146;13,232;1,246;0,400;-0,602;0,401;0,000;0,000;0,0000;0,00;;;;DGBP;N040000;T300;;099600      CRH PLC.- LONDRA GBP;72,85138925;86,19207983;85,84000000;97,52329016;86,36000000;3332,00000000;0,00000000;0,00000000;0,00000000;0,00000000;20251111
99;1O;46296;IE000S9YS762;LINDE PLC NEW - USD;USD;OTC;111111;201;O;1080,000;0,000;0,000;0,000;429,4767;402,1689;463834,8800;434342,50;1,067901;426,6500;367,9285;460782,0000;397362,88;460782,0000;397362,88;420,6700;-0,658;8,587;-8,514;1,883;1,524;0,489;1,422;0,490;0,000;0,000;0,0000;0,00;;;;DUSD;N040000;T300;;099511      LINDE PLC NEW - USD;429,47674074;402,16898148;426,65000000;367,92859606;420,67000000;1080,00000000;0,00000000;0,00000000;0,00000000;0,00000000;20251111
99;1O;19903;IE00BTN1Y115;MEDTRONIC PLC;USD;NEW YORK;111111;201;O;3058,000;0,000;0,000;0,000;82,2417;76,9862;251495,1300;235423,97;1,068265;95,4000;82,2697;291733,2000;251580,89;291733,2000;251580,89;92,6600;16,000;8,550;6,863;1,192;0,965;0,310;2,957;0,310;0,000;0,000;0,0000;0,00;;;;DUSD;N040000;T300;;099690      MEDTRONIC PLC;82,24170372;76,98625572;95,40000000;82,26974818;92,66000000;3058,00000000;0,00000000;0,00000000;0,00000000;0,00000000;20251111
99;1O;37185;IE00BK9ZQ967;TRANE TECH PLC;USD;NEW YORK;111111;201;O;550,000;0,000;0,000;0,000;376,6599;352,7002;207162,9800;193985,14;1,067932;421,6400;363,6081;231902,0000;199984,48;231902,0000;199984,48;433,5000;11,942;8,584;3,093;0,948;0,767;0,246;-2,736;0,247;0,000;0,000;0,0000;0,00;;;;DUSD;N040000;T300;;099754      TRANE TECH PLC;376,65996363;352,70025454;421,64000000;363,60814073;433,50000000;550,00000000;0,00000000;0,00000000;0,00000000;0,00000000;20251111
99;1O;00158;NO0005052605;NORSK HYDRO;NOK;OSLO;111111;201;O;8282,000;0,000;0,000;0,000;69,6128;5,9635;576533,3100;49390,48;11,672964;71,7800;6,1565;594481,9600;50988,67;594481,9600;50988,67;71,5600;3,113;-0,119;3,236;51,274;0,196;0,063;0,307;0,063;0,000;0,000;0,0000;0,00;;;;DNOK;N048000;T300;;099937      NORSK HYDRO;69,61281212;5,96359333;71,78000000;6,15656440;71,56000000;8282,00000000;0,00000000;0,00000000;0,00000000;0,00000000;20251111
99;1O;24521;NL0011585146;FERRARI NV - USD -;USD;NEW YORK;111111;201;O;227,000;0,000;0,000;0,000;428,7623;401,9394;97329,0500;91240,25;1,066734;422,4600;364,3152;95898,4200;82699,57;95898,4200;82699,57;411,4000;-1,470;8,706;-9,361;0,392;0,317;0,102;2,688;0,102;0,000;0,000;0,0000;0,00;;;;DUSD;N050000;T300;;099898      FERRARI NV - USD -;428,76233480;401,93942731;422,46000000;364,31528113;411,40000000;227,00000000;0,00000000;0,00000000;0,00000000;0,00000000;20251111
99;1O;11203;NL0009538784;NXP SEMICONDUCTORS NV;USD;OTC;111111;201;O;308,000;0,000;0,000;0,000;204,8252;192,1940;63086,1700;59195,78;1,065721;202,8600;174,9396;62480,8800;53881,41;62480,8800;53881,41;205,1300;-0,959;8,809;-8,978;0,255;0,207;0,066;-1,107;0,066;0,000;0,000;0,0000;0,00;;;;DUSD;N050000;T300;;099934      NXP SEMICONDUCTORS NV;204,82522727;192,19409090;202,86000000;174,93963435;205,13000000;308,00000000;0,00000000;0,00000000;0,00000000;0,00000000;20251111
99;1O;44332;SE0017486889;ATLAS COPCO AB-A SHS;SEK;STOCCOLMA;111111;201;O;11674,000;0,000;0,000;0,000;160,0900;14,5296;1868891,7870;169619,21;11,018161;159,6500;14,5614;1863754,1000;169990,07;1863754,1000;169990,07;157,3500;-0,275;-0,492;0,219;39,247;0,652;0,209;1,462;0,210;0,000;0,000;0,0000;0,00;;;;DSEK;N068000;T300;;099791      ATLAS COPCO AB-A SHS;160,09009653;14,52965650;159,65000000;14,56142431;157,35000000;11674,00000000;0,00000000;0,00000000;0,00000000;0,00000000;20251111
99;1O;00418;SE0000108227;S.K.F. AB CL.B;SEK;STOCCOLMA;111111;201;O;5234,000;0,000;0,000;0,000;251,4097;22,8433;1315878,4900;119562,31;11,005797;241,0000;21,9812;1261394,0000;115049,75;1261394,0000;115049,75;258,5000;-4,141;-0,381;-3,774;26,562;0,441;0,142;-6,770;0,142;0,000;0,000;0,0000;0,00;;;;DSEK;N068000;T300;;099858      S.K.F. AB CL.B;251,40972296;22,84339128;241,00000000;21,98122930;258,50000000;5234,00000000;0,00000000;0,00000000;0,00000000;0,00000000;20251111
99;1O;23094;SE0007100581;ASSA ABLOY AB-B;SEK;STOCCOLMA;111111;201;O;2494,000;0,000;0,000;0,000;332,8160;30,2692;830043,2700;75491,45;10,995196;358,5000;32,6982;894099,0000;81549,36;894099,0000;81549,36;352,9000;7,717;-0,285;8,025;18,828;0,313;0,100;1,587;0,101;0,000;0,000;0,0000;0,00;;;;DSEK;N068000;T300;;099900      ASSA ABLOY AB-B;332,81606656;30,26922614;358,50000000;32,69821869;352,90000000;2494,00000000;0,00000000;0,00000000;0,00000000;0,00000000;20251111
99;1O;46938;SE0020050417;BOLIDEN AB;SEK;STOCCOLMA;111111;201;O;1916,000;0,000;0,000;0,000;312,8057;27,6787;599335,9000;53032,48;11,301299;427,2000;38,9642;818515,2000;74655,48;818515,2000;74655,48;424,5000;36,570;-2,985;40,773;17,236;0,286;0,092;0,636;0,092;0,000;0,000;0,0000;0,00;;;;DSEK;N068000;T300;;099908      BOLIDEN AB;312,80579331;27,67874739;427,20000000;38,96423717;424,50000000;1916,00000000;0,00000000;0,00000000;0,00000000;0,00000000;20251111
99;1O;02738;US67066G1040;NVIDIA CORP.;USD;OTC;111111;201;O;23088,000;0,000;0,000;0,000;137,8002;129,3607;3181532,2990;2986681,64;1,065240;193,1600;166,5746;4459678,0800;3845876,23;4459678,0800;3845876,23;199,0500;40,174;8,858;28,768;18,226;14,748;4,733;-2,959;4,743;0,000;0,000;0,0000;0,00;;;;DUSD;N069000;T300;;095267      NVIDIA CORP.;137,80025550;129,36077789;193,16000000;166,57468092;199,05000000;23088,00000000;0,00000000;0,00000000;0,00000000;0,00000000;20251111
99;1O;14741;US00287Y1091;ABBVIE INC;USD;NEW YORK;111111;201;O;4501,000;0,000;0,000;0,000;183,4234;171,6090;825588,7800;772412,17;1,068845;225,1700;194,1790;1013490,1700;873999,80;1013490,1700;873999,80;218,7100;22,760;8,491;13,152;4,142;3,351;1,076;2,954;1,078;0,000;0,000;0,0000;0,00;;;;DUSD;N069000;T300;;098924      ABBVIE INC;183,42341257;171,60901355;225,17000000;194,17902725;218,71000000;4501,00000000;0,00000000;0,00000000;0,00000000;0,00000000;20251111
99;1O;00448;US68389X1054;ORACLE CORP.;USD;OTC;111111;201;O;4253,000;0,000;0,000;0,000;179,6054;167,2854;763861,8460;711465,01;1,073646;236,1500;203,6478;1004345,9500;866114,13;1004345,9500;866114,13;240,8300;31,483;8,006;21,737;4,105;3,321;1,066;-1,943;1,068;0,000;0,000;0,0000;0,00;;;;DUSD;N069000;T300;;098934      ORACLE CORP.;179,60541876;167,28544791;236,15000000;203,64780958;240,83000000;4253,00000000;0,00000000;0,00000000;0,00000000;0,00000000;20251111
99;1O;00423;US0382221051;APPLIED MATERIALS INC.;USD;OTC;111111;201;O;3567,000;0,000;0,000;0,000;191,3994;171,8369;682721,6800;612942,33;1,113843;228,6700;197,1973;815665,8900;703402,80;815665,8900;703402,80;235,0800;19,473;4,108;14,758;3,334;2,697;0,866;-2,727;0,867;0,000;0,000;0,0000;0,00;;;;DUSD;N069000;T300;;099134      APPLIED MATERIALS INC.;191,39940566;171,83693019;228,67000000;197,19730941;235,08000000;3567,00000000;0,00000000;0,00000000;0,00000000;0,00000000;20251111
99;1O;00174;US7427181091;PROCTER & GAMBLE CO.;USD;NEW YORK;111111;201;O;4776,000;0,000;0,000;0,000;164,6932;155,8329;786574,9970;744258,37;1,056857;148,5400;128,0958;709427,0400;611786,00;709427,0400;611786,00;145,5000;-9,808;9,722;-17,799;2,899;2,346;0,753;2,089;0,754;0,000;0,000;0,0000;0,00;;;;DUSD;N069000;T300;;099247      PROCTER & GAMBLE CO.;164,69325732;155,83299204;148,54000000;128,09589513;145,50000000;4776,00000000;0,00000000;0,00000000;0,00000000;0,00000000;20251111
99;1O;00095;US4370761029;HOME DEPOT INC.;USD;NEW YORK;111111;201;O;1831,000;0,000;0,000;0,000;383,9043;358,3338;702928,8800;656109,22;1,071360;374,2400;322,7319;685233,4400;590922,25;685233,4400;590922,25;370,4300;-2,517;8,236;-9,935;2,800;2,266;0,727;1,029;0,729;0,000;0,000;0,0000;0,00;;;;DUSD;N069000;T300;;099273      HOME DEPOT INC.;383,90435827;358,33381758;374,24000000;322,73197654;370,43000000;1831,00000000;0,00000000;0,00000000;0,00000000;0,00000000;20251111
99;1O;00035;US1011371077;BOSTON SCIENTIFIC CORP.;USD;NEW YORK;111111;201;O;5684,000;0,000;0,000;0,000;92,7074;86,7401;526948,9700;493031,22;1,068794;102,5000;88,3925;582610,0000;502423,25;582610,0000;502423,25;100,9100;10,563;8,496;1,905;2,381;1,927;0,618;1,576;0,620;0,000;0,000;0,0000;0,00;;;;DUSD;N069000;T300;;099382      BOSTON SCIENTIFIC CORP.;92,70741907;86,74018648;102,50000000;88,39254915;100,91000000;5684,00000000;0,00000000;0,00000000;0,00000000;0,00000000;20251111
99;1O;00261;US5486611073;LOWE'S COMPANIES INC.;USD;NEW YORK;111111;201;O;2440,000;0,000;0,000;0,000;242,3956;227,5599;591445,3990;555246,21;1,065195;235,3400;202,9492;574229,6000;495196,27;574229,6000;495196,27;233,0300;-2,911;8,863;-10,815;2,347;1,899;0,609;0,991;0,611;0,000;0,000;0,0000;0,00;;;;DUSD;N069000;T300;;099391      LOWE'S COMPANIES INC.;242,39565532;227,55992213;235,34000000;202,94929285;233,03000000;2440,00000000;0,00000000;0,00000000;0,00000000;0,00000000;20251111
99;1O;17264;US81762P1021;SERVICENOW INC;USD;NEW YORK;111111;201;O;651,000;0,000;0,000;0,000;989,4179;895,0324;644111,0730;582666,12;1,105455;860,6700;742,2128;560296,1700;483180,55;560296,1700;483180,55;866,3000;-13,012;4,898;-17,074;2,290;1,853;0,595;-0,650;0,596;0,000;0,000;0,0000;0,00;;;;DUSD;N069000;T300;;099405      SERVICENOW INC;989,41793087;895,03244239;860,67000000;742,21283201;866,30000000;651,00000000;0,00000000;0,00000000;0,00000000;0,00000000;20251111
99;1O;04319;US79466L3024;SALESFORCE COM INC.;USD;NEW YORK;111111;201;O;2207,000;0,000;0,000;0,000;309,2663;291,6191;682550,8300;643603,50;1,060514;244,5000;210,8485;539611,5000;465342,79;539611,5000;465342,79;241,7100;-20,942;9,343;-27,697;2,205;1,784;0,573;1,154;0,574;0,000;0,000;0,0000;0,00;;;;DUSD;N069000;T300;;099427      SALESFORCE COM INC.;309,26634798;291,61916628;244,50000000;210,84856847;241,71000000;2207,00000000;0,00000000;0,00000000;0,00000000;0,00000000;20251111
99;1O;01191;US4612021034;INTUIT INC.;USD;OTC;111111;201;O;738,000;0,000;0,000;0,000;639,8228;599,2638;472189,2300;442256,70;1,067681;654,3200;564,2635;482888,1600;416426,49;482888,1600;416426,49;653,2700;2,266;8,609;-5,841;1,974;1,597;0,513;0,161;0,514;0,000;0,000;0,0000;0,00;;;;DUSD;N069000;T300;;099487      INTUIT INC.;639,82280487;599,26382113;654,32000000;564,26353915;653,27000000;738,00000000;0,00000000;0,00000000;0,00000000;0,00000000;20251111
99;1O;00263;US17275R1023;CISCO SYSTEM INC.;USD;OTC;111111;201;O;6635,000;0,000;0,000;0,000;60,4418;56,5927;401031,9450;375493,10;1,068014;71,7100;61,8402;475795,8500;410310,32;475795,8500;410310,32;72,0900;18,643;8,575;9,272;1,945;1,573;0,505;-0,527;0,506;0,000;0,000;0,0000;0,00;;;;DUSD;N069000;T300;;099495      CISCO SYSTEM INC.;60,44189073;56,59278070;71,71000000;61,84028975;72,09000000;6635,00000000;0,00000000;0,00000000;0,00000000;0,00000000;20251111
99;1O;00017;US0311621009;AMGEN INC;USD;OTC;111111;201;O;1358,000;0,000;0,000;0,000;268,3783;251,2986;364457,8300;341263,52;1,067966;338,4500;291,8678;459615,1000;396356,59;459615,1000;396356,59;323,6600;26,109;8,580;16,144;1,878;1,520;0,488;4,570;0,489;0,000;0,000;0,0000;0,00;;;;DUSD;N069000;T300;;099512      AMGEN INC;268,37837260;251,29861561;338,45000000;291,86788547;323,66000000;1358,00000000;0,00000000;0,00000000;0,00000000;0,00000000;20251111
99;1O;00426;US5951121038;MICRON TECHNOLOGY INC.;USD;OTC;111111;201;O;1888,000;0,000;0,000;0,000;99,5378;91,7317;187927,5500;173189,54;1,085098;241,1100;207,9251;455215,6800;392562,68;455215,6800;392562,68;253,3000;142,229;6,866;126,667;1,860;1,505;0,483;-4,812;0,484;0,000;0,000;0,0000;0,00;;;;DUSD;N069000;T300;;099517      MICRON TECHNOLOGY INC.;99,53789724;91,73174788;241,11000000;207,92514660;253,30000000;1888,00000000;0,00000000;0,00000000;0,00000000;0,00000000;20251111
99;1O;00103;US4581401001;INTEL CORP.;USD;OTC;111111;201;O;11441,000;0,000;0,000;0,000;21,2519;19,8403;243143,1520;226993,12;1,071148;37,8800;32,6664;433385,0800;373736,70;433385,0800;373736,70;38,4500;78,243;8,258;64,647;1,771;1,433;0,460;-1,482;0,461;0,000;0,000;0,0000;0,00;;;;DUSD;N069000;T300;;099540      INTEL CORP.;21,25191434;19,84032165;37,88000000;32,66643670;38,45000000;11441,00000000;0,00000000;0,00000000;0,00000000;0,00000000;20251111
99;1O;00222;US8825081040;TEXAS INSTRUMENTS INC.;USD;OTC;111111;201;O;2577,000;0,000;0,000;0,000;182,5480;171,3797;470426,3750;441645,67;1,065167;159,7300;137,7457;411624,2100;354970,86;411624,2100;354970,86;160,5800;-12,500;8,866;-19,625;1,682;1,361;0,437;-0,529;0,438;0,000;0,000;0,0000;0,00;;;;DUSD;N069000;T300;;099563      TEXAS INSTRUMENTS INC.;182,54806946;171,37977105;159,73000000;137,74577440;160,58000000;2577,00000000;0,00000000;0,00000000;0,00000000;0,00000000;20251111
99;1O;00007;US0028241000;ABBOTT LABORATORIES CORP.;USD;NEW YORK;111111;201;O;3152,000;0,000;0,000;0,000;117,8855;110,2976;371575,3650;347658,15;1,068795;127,0000;109,5205;400304,0000;345208,69;400304,0000;345208,69;125,8900;7,732;8,496;-0,705;1,636;1,324;0,425;0,882;0,426;0,000;0,000;0,0000;0,00;;;;DUSD;N069000;T300;;099575      ABBOTT LABORATORIES CORP.;117,88558534;110,29763642;127,00000000;109,52052431;125,89000000;3152,00000000;0,00000000;0,00000000;0,00000000;0,00000000;20251111
99;1O;11964;US74340W1036;PROLOGIS INC;USD;NEW YORK;111111;201;O;3073,000;0,000;0,000;0,000;105,9811;99,3384;325680,0000;305267,08;1,066869;126,2600;108,8823;387996,9800;334595,53;387996,9800;334595,53;124,9000;19,134;8,692;9,607;1,586;1,283;0,412;1,089;0,413;0,000;0,000;0,0000;0,00;;;;DUSD;N069000;T300;;099588      PROLOGIS INC;105,98112593;99,33845753;126,26000000;108,88237323;124,90000000;3073,00000000;0,00000000;0,00000000;0,00000000;0,00000000;20251111
99;1O;00060;US2358511028;DANAHER CORP.;USD;NEW YORK;111111;201;O;1655,000;0,000;0,000;0,000;218,3793;205,4712;361417,8000;340054,99;1,062822;215,7900;186,0900;357132,4500;307979,00;357132,4500;307979,00;211,1700;-1,186;9,106;-9,433;1,460;1,181;0,379;2,188;0,380;0,000;0,000;0,0000;0,00;;;;DUSD;N069000;T300;;099621      DANAHER CORP.;218,37933534;205,47129305;215,79000000;186,09003104;211,17000000;1655,00000000;0,00000000;0,00000000;0,00000000;0,00000000;20251111
99;1O;00481;US7475251036;QUALCOMM INC.;USD;OTC;111111;201;O;2034,000;0,000;0,000;0,000;169,4923;144,0696;344747,4290;293037,61;1,176461;173,9800;150,0344;353875,3200;305170,16;353875,3200;305170,16;171,5700;2,648;-1,433;4,140;1,446;1,170;0,376;1,405;0,376;0,000;0,000;0,0000;0,00;;;;DUSD;N069000;T300;;099624      QUALCOMM INC.;169,49234464;144,06962143;173,98000000;150,03449465;171,57000000;2034,00000000;0,00000000;0,00000000;0,00000000;0,00000000;20251111
99;1O;00180;US7739031091;ROCKWELL AUTOMATION INC.;USD;NEW YORK;111111;201;O;895,000;0,000;0,000;0,000;291,0810;272,4090;260517,5500;243806,14;1,068544;392,0800;338,1165;350911,6000;302614,35;350911,6000;302614,35;391,2400;34,698;8,522;24,121;1,434;1,160;0,372;0,215;0,373;0,000;0,000;0,0000;0,00;;;;DUSD;N069000;T300;;099628      ROCKWELL AUTOMATION INC.;291,08106145;272,40909497;392,08000000;338,11659192;391,24000000;895,00000000;0,00000000;0,00000000;0,00000000;0,00000000;20251111
99;1O;10451;US58933Y1055;MERCK E CO INC;USD;NEW YORK;111111;201;O;3710,000;0,000;0,000;0,000;85,0656;73,3463;315593,4200;272114,82;1,159780;90,9500;78,4322;337424,5000;290983,53;337424,5000;290983,53;86,7500;6,917;-0,016;6,934;1,379;1,116;0,358;4,841;0,359;0,000;0,000;0,0000;0,00;;;;DUSD;N069000;T300;;099642      MERCK E CO INC;85,06561186;73,34631266;90,95000000;78,43221800;86,75000000;3710,00000000;0,00000000;0,00000000;0,00000000;0,00000000;20251111
99;1O;00575;US0527691069;AUTODESK INC.;USD;OTC;111111;201;O;1090,000;0,000;0,000;0,000;293,4748;275,2625;319887,6000;300036,13;1,066164;301,8600;260,3139;329027,4000;283742,15;329027,4000;283742,15;298,7200;2,857;8,764;-5,431;1,345;1,088;0,349;1,051;0,350;0,000;0,000;0,0000;0,00;;;;DUSD;N069000;T300;;099651      AUTODESK INC.;293,47486238;275,26250458;301,86000000;260,31390134;298,72000000;1090,00000000;0,00000000;0,00000000;0,00000000;0,00000000;20251111
99;1O;02840;US8636671013;STRYKER CORP.;USD;NEW YORK;111111;201;O;870,000;0,000;0,000;0,000;363,2890;340,5282;316061,4500;296259,60;1,066840;363,7000;313,6426;316419,0000;272869,09;316419,0000;272869,09;355,0200;0,113;8,695;-7,895;1,293;1,046;0,336;2,445;0,337;0,000;0,000;0,0000;0,00;;;;DUSD;N069000;T300;;099664      STRYKER CORP.;363,28902298;340,52827586;363,70000000;313,64263539;355,02000000;870,00000000;0,00000000;0,00000000;0,00000000;0,00000000;20251111
99;1O;33729;US58733R1023;MERCADOLIBRE INC;USD;OTC;111111;201;O;126,000;0,000;0,000;0,000;1856,8272;1731,9550;233960,2300;218226,33;1,072099;2099,5700;1810,5984;264545,8200;228135,41;264545,8200;228135,41;2092,0400;13,073;8,162;4,541;1,081;0,875;0,281;0,360;0,281;0,000;0,000;0,0000;0,00;;;;DUSD;N069000;T300;;099719      MERCADOLIBRE INC;1856,82722222;1731,95500000;2099,57000000;1810,59848223;2092,04000000;126,00000000;0,00000000;0,00000000;0,00000000;0,00000000;20251111
99;1O;02996;US1729081059;CINTAS CORP.;USD;OTC;111111;201;O;1414,000;0,000;0,000;0,000;190,0478;177,8392;268727,6100;251464,66;1,068650;185,7600;160,1931;262664,6400;226513,14;262664,6400;226513,14;185,2500;-2,256;8,511;-9,922;1,073;0,869;0,279;0,275;0,279;0,000;0,000;0,0000;0,00;;;;DUSD;N069000;T300;;099721      CINTAS CORP.;190,04781471;177,83922206;185,76000000;160,19317005;185,25000000;1414,00000000;0,00000000;0,00000000;0,00000000;0,00000000;20251111
99;1O;19628;US0367521038;ELEVANCE HEALTH INC;USD;NEW YORK;111111;201;O;791,000;0,000;0,000;0,000;367,1584;344,8851;290422,3000;272804,17;1,064582;315,2500;271,8609;249362,7500;215042,04;249362,7500;215042,04;303,7800;-14,138;8,925;-21,173;1,019;0,825;0,265;3,776;0,265;0,000;0,000;0,0000;0,00;;;;DUSD;N069000;T300;;099735      ELEVANCE HEALTH INC;367,15840708;344,88517067;315,25000000;271,86098654;303,78000000;791,00000000;0,00000000;0,00000000;0,00000000;0,00000000;20251111
99;1O;00897;US94106L1098;WASTE MANAGEMENT INC.;USD;NEW YORK;111111;201;O;1206,000;0,000;0,000;0,000;208,6705;195,3746;251656,6300;235621,81;1,068053;203,2700;175,2932;245143,6200;211403,60;245143,6200;211403,60;200,4700;-2,588;8,571;-10,278;1,002;0,811;0,260;1,397;0,261;0,000;0,000;0,0000;0,00;;;;DUSD;N069000;T300;;099740      WASTE MANAGEMENT INC.;208,67050580;195,37463515;203,27000000;175,29320455;200,47000000;1206,00000000;0,00000000;0,00000000;0,00000000;0,00000000;20251111
99;1O;12344;US98419M1009;XYLEM INC;USD;NEW YORK;111111;201;O;1605,000;0,000;0,000;0,000;119,9473;112,1857;192515,4500;180058,13;1,069185;149,7800;129,1652;240396,9000;207310,19;240396,9000;207310,19;151,0500;24,871;8,456;15,135;0,982;0,795;0,255;-0,841;0,256;0,000;0,000;0,0000;0,00;;;;DUSD;N069000;T300;;099745      XYLEM INC;119,94732087;112,18575077;149,78000000;129,16522938;151,05000000;1605,00000000;0,00000000;0,00000000;0,00000000;0,00000000;20251111
99;1O;01215;US00846U1016;AGILENT TECHNOLOGIES INC.;USD;NEW YORK;111111;201;O;1587,000;0,000;0,000;0,000;128,8978;121,1669;204560,8200;192291,91;1,063804;149,4200;128,8547;237129,5400;204492,53;237129,5400;204492,53;146,3600;15,921;9,005;6,345;0,969;0,784;0,252;2,091;0,252;0,000;0,000;0,0000;0,00;;;;DUSD;N069000;T300;;099748      AGILENT TECHNOLOGIES INC.;128,89780718;121,16692501;149,42000000;128,85477750;146,36000000;1587,00000000;0,00000000;0,00000000;0,00000000;0,00000000;20251111
99;1O;03191;US3755581036;GILEAD SCIENCES INC.;USD;OTC;111111;201;O;1842,000;0,000;0,000;0,000;98,2507;91,7869;180977,9730;169071,65;1,070422;122,5600;105,6916;225755,5200;194683,96;225755,5200;194683,96;118,1500;24,742;8,331;15,149;0,923;0,747;0,240;3,733;0,240;0,000;0,000;0,0000;0,00;;;;DUSD;N069000;T300;;099760      GILEAD SCIENCES INC.;98,25079967;91,78699782;122,56000000;105,69161779;118,15000000;1842,00000000;0,00000000;0,00000000;0,00000000;0,00000000;20251111
99;1O;00432;US0326541051;ANALOG DEVICES;USD;OTC;111111;201;O;938,000;0,000;0,000;0,000;211,2828;199,1603;198183,3500;186812,45;1,060868;233,4100;201,2849;218938,5800;188805,26;218938,5800;188805,26;232,0000;10,473;9,307;1,067;0,895;0,724;0,232;0,608;0,233;0,000;0,000;0,0000;0,00;;;;DUSD;N069000;T300;;099768      ANALOG DEVICES;211,28288912;199,16039445;233,41000000;201,28492583;232,00000000;938,00000000;0,00000000;0,00000000;0,00000000;0,00000000;20251111
99;1O;19892;US29444U7000;EQUINIX INC;USD;OTC;111111;201;O;265,000;0,000;0,000;0,000;899,0235;845,9652;238241,2500;224180,79;1,062719;821,0400;708,0372;217575,6000;187629,87;217575,6000;187629,87;828,1300;-8,674;9,116;-16,304;0,889;0,719;0,231;-0,856;0,231;0,000;0,000;0,0000;0,00;;;;DUSD;N069000;T300;;099769      EQUINIX INC;899,02358490;845,96524528;821,04000000;708,03725422;828,13000000;265,00000000;0,00000000;0,00000000;0,00000000;0,00000000;20251111
99;1O;02043;US00724F1012;ADOBE SYSTEM INC.;USD;OTC;111111;201;O;637,000;0,000;0,000;0,000;362,7703;308,3513;231084,7100;196419,80;1,176484;333,2200;287,3577;212261,1400;183046,86;212261,1400;183046,86;328,8500;-8,146;-1,435;-6,808;0,867;0,702;0,225;1,329;0,226;0,000;0,000;0,0000;0,00;;;;DUSD;N069000;T300;;099775      ADOBE SYSTEM INC.;362,77034536;308,35133438;333,22000000;287,35770955;328,85000000;637,00000000;0,00000000;0,00000000;0,00000000;0,00000000;20251111
99;1O;01205;US9113121068;UNITED PARCEL SERVICE CL.B;USD;NEW YORK;111111;201;O;1861,000;0,000;0,000;0,000;114,9926;108,5691;214001,3300;202047,11;1,059166;95,0300;81,9506;176850,8300;152510,20;176850,8300;152510,20;93,0600;-17,360;9,482;-24,518;0,723;0,585;0,188;2,117;0,188;0,000;0,000;0,0000;0,00;;;;DUSD;N069000;T300;;099812      UNITED PARCEL SERVICE CL.B;114,99265448;108,56910800;95,03000000;81,95067264;93,06000000;1861,00000000;0,00000000;0,00000000;0,00000000;0,00000000;20251111
99;1O;05634;US3119001044;FASTENAL CO;USD;OTC;111111;201;O;4151,000;0,000;0,000;0,000;37,8094;35,3366;156947,2200;146682,55;1,069979;41,2600;35,5812;171270,2600;147697,71;171270,2600;147697,71;41,3500;9,126;8,376;0,692;0,700;0,566;0,182;-0,218;0,182;0,000;0,000;0,0000;0,00;;;;DUSD;N069000;T300;;099818      FASTENAL CO;37,80949650;35,33667790;41,26000000;35,58123490;41,35000000;4151,00000000;0,00000000;0,00000000;0,00000000;0,00000000;20251111
99;1O;00069;US2910111044;EMERSON ELECTRIC CO.;USD;NEW YORK;111111;201;O;1301,000;0,000;0,000;0,000;133,1169;113,1506;173185,2100;147208,96;1,176458;129,5300;111,7023;168518,5300;145324,71;168518,5300;145324,71;129,9900;-2,695;-1,433;-1,280;0,689;0,557;0,179;-0,354;0,179;0,000;0,000;0,0000;0,00;;;;DUSD;N069000;T300;;099821      EMERSON ELECTRIC CO.;133,11699462;113,15062259;129,53000000;111,70231114;129,99000000;1301,00000000;0,00000000;0,00000000;0,00000000;0,00000000;20251111
99;1O;33782;US24703L2025;DELL TECHS-ORD SHS CL C;USD;NEW YORK;111111;201;O;1176,000;0,000;0,000;0,000;131,4339;116,8546;154566,2900;137421,05;1,124764;138,7600;119,6619;163181,7600;140722,46;163181,7600;140722,46;142,6900;5,574;3,097;2,402;0,667;0,540;0,173;-2,754;0,174;0,000;0,000;0,0000;0,00;;;;DUSD;N069000;T300;;099827      DELL TECHS-ORD SHS CL C;131,43392006;116,85463435;138,76000000;119,66195239;142,69000000;1176,00000000;0,00000000;0,00000000;0,00000000;0,00000000;20251111
99;1O;09902;US28176E1082;EDWARDS LIFESCIENCES CORP;USD;NEW YORK;111111;201;O;1647,000;0,000;0,000;0,000;74,0928;69,4825;122030,9900;114437,72;1,066353;85,1600;73,4391;140258,5200;120954,23;140258,5200;120954,23;84,0800;14,937;8,744;5,694;0,573;0,464;0,149;1,284;0,149;0,000;0,000;0,0000;0,00;;;;DUSD;N069000;T300;;099851      EDWARDS LIFESCIENCES CORP;74,09289010;69,48252580;85,16000000;73,43911693;84,08000000;1647,00000000;0,00000000;0,00000000;0,00000000;0,00000000;20251111
99;1O;08129;US90384S3031;ULTA BEAUTY INC;USD;OTC;111111;201;O;254,000;0,000;0,000;0,000;511,6607;439,8241;129961,8300;111715,34;1,163330;522,8300;450,8709;132798,8200;114521,23;132798,8200;114521,23;516,5600;2,183;-0,321;2,512;0,543;0,439;0,141;1,214;0,141;0,000;0,000;0,0000;0,00;;;;DUSD;N069000;T300;;099859      ULTA BEAUTY INC;511,66074803;439,82417322;522,83000000;450,87098999;516,56000000;254,00000000;0,00000000;0,00000000;0,00000000;0,00000000;20251111
99;1O;00530;US0758871091;BECTON DICKINSON;USD;NEW YORK;111111;201;O;672,000;0,000;0,000;0,000;214,6891;202,1841;144271,1000;135867,77;1,061849;189,0200;163,0044;127021,4400;109539,01;127021,4400;109539,01;181,6400;-11,956;9,206;-19,378;0,519;0,420;0,135;4,063;0,135;0,000;0,000;0,0000;0,00;;;;DUSD;N069000;T300;;099865      BECTON DICKINSON;214,68913690;202,18418154;189,02000000;163,00448430;181,64000000;672,00000000;0,00000000;0,00000000;0,00000000;0,00000000;20251111
99;1O;00567;US2788651006;ECOLAB INC.;USD;NEW YORK;111111;201;O;480,000;0,000;0,000;0,000;241,2449;225,7997;115797,5800;108383,87;1,068402;262,0500;225,9830;125784,0000;108471,89;125784,0000;108471,89;258,5600;8,624;8,536;0,081;0,514;0,416;0,134;1,350;0,134;0,000;0,000;0,0000;0,00;;;;DUSD;N069000;T300;;099866      ECOLAB INC.;241,24495833;225,79972916;262,05000000;225,98309761;258,56000000;480,00000000;0,00000000;0,00000000;0,00000000;0,00000000;20251111
99;1O;04564;US5797802064;MCCORMICK & CO NON VTG;USD;NEW YORK;111111;201;O;1770,000;0,000;0,000;0,000;71,4223;65,0565;126417,5900;115150,07;1,097851;65,7100;56,6660;116306,7000;100298,98;116306,7000;100298,98;64,3100;-7,998;5,625;-12,897;0,475;0,385;0,123;2,177;0,124;0,000;0,000;0,0000;0,00;;;;DUSD;N069000;T300;;099877      MCCORMICK & CO NON VTG;71,42236723;65,05653672;65,71000000;56,66609175;64,31000000;1770,00000000;0,00000000;0,00000000;0,00000000;0,00000000;20251111
99;1O;00053;US1941621039;COLGATE PALMOLIVE CO.;USD;NEW YORK;111111;201;O;1435,000;0,000;0,000;0,000;89,3953;83,9507;128282,2810;120469,38;1,064854;79,4700;68,5322;114039,4500;98343,78;114039,4500;98343,78;78,4700;-11,103;8,898;-18,366;0,466;0,377;0,121;1,274;0,121;0,000;0,000;0,0000;0,00;;;;DUSD;N069000;T300;;099879      COLGATE PALMOLIVE CO.;89,39531777;83,95078745;79,47000000;68,53225250;78,47000000;1435,00000000;0,00000000;0,00000000;0,00000000;0,00000000;20251111
99;1O;04293;US12504L1098;CB RICHARD ELLIS GROUP INC. -CL A;USD;NEW YORK;111111;201;O;688,000;0,000;0,000;0,000;133,8468;125,2801;92086,6400;86192,72;1,068381;154,9000;133,5805;106571,2000;91903,41;106571,2000;91903,41;151,8300;15,729;8,538;6,625;0,436;0,352;0,113;2,022;0,113;0,000;0,000;0,0000;0,00;;;;DUSD;N069000;T300;;099887      CB RICHARD ELLIS GROUP INC. -CL A;133,84686046;125,28011627;154,90000000;133,58054501;151,83000000;688,00000000;0,00000000;0,00000000;0,00000000;0,00000000;20251111
99;1O;08879;US0304201033;AMERICAN WATER WORKS CO INC;USD;NEW YORK;111111;201;O;787,000;0,000;0,000;0,000;129,8873;121,5200;102221,3700;95636,29;1,068855;130,0100;112,1162;102317,8700;88235,49;102317,8700;88235,49;128,9400;0,094;8,490;-7,738;0,418;0,338;0,109;0,830;0,109;0,000;0,000;0,0000;0,00;;;;DUSD;N069000;T300;;099891      AMERICAN WATER WORKS CO INC;129,88738246;121,52006353;130,01000000;112,11624698;128,94000000;787,00000000;0,00000000;0,00000000;0,00000000;0,00000000;20251111
99;1O;32178;US3802371076;GODADDY-ORD SHS CL A;USD;NEW YORK;111111;201;O;596,000;0,000;0,000;0,000;185,1567;174,5087;110353,4300;104007,24;1,061017;131,6700;113,5477;78475,3200;67674,47;78475,3200;67674,47;131,4500;-28,887;9,291;-34,933;0,321;0,260;0,083;0,167;0,083;0,000;0,000;0,0000;0,00;;;;DUSD;N069000;T300;;099917      GODADDY-ORD SHS CL A;185,15676174;174,50879194;131,67000000;113,54777509;131,45000000;596,00000000;0,00000000;0,00000000;0,00000000;0,00000000;20251111
99;1O;01310;US0865161014;BEST BUY COMPANY INC.;USD;NEW YORK;111111;201;O;954,000;0,000;0,000;0,000;77,3335;65,8792;73776,1600;62848,79;1,173868;77,6800;66,9886;74106,7200;63907,14;74106,7200;63907,14;78,1500;0,448;-1,215;1,684;0,303;0,245;0,079;-0,601;0,079;0,000;0,000;0,0000;0,00;;;;DUSD;N069000;T300;;099921      BEST BUY COMPANY INC.;77,33350104;65,87923480;77,68000000;66,98861676;78,15000000;954,00000000;0,00000000;0,00000000;0,00000000;0,00000000;20251111
99;1O;00525;US4278661081;HERSHEY CO.;USD;NEW YORK;111111;201;O;406,000;0,000;0,000;0,000;173,8150;149,8922;70568,9300;60856,27;1,159600;172,7200;148,9479;70124,3200;60472,85;70124,3200;60472,85;168,9100;-0,630;0,000;-0,630;0,287;0,232;0,074;2,256;0,075;0,000;0,000;0,0000;0,00;;;;DUSD;N069000;T300;;099926      HERSHEY CO.;173,81509852;149,89229064;172,72000000;148,94791307;168,91000000;406,00000000;0,00000000;0,00000000;0,00000000;0,00000000;20251111
99;1O;05346;US1924461023;COGNIZANT TECH SOLUTIONS A;USD;OTC;111111;201;O;830,000;0,000;0,000;0,000;75,1591;70,6126;62382,1100;58608,52;1,064386;73,1300;63,0648;60697,9000;52343,83;60697,9000;52343,83;72,8800;-2,700;8,945;-10,689;0,248;0,201;0,064;0,343;0,065;0,000;0,000;0,0000;0,00;;;;DUSD;N069000;T300;;099936      COGNIZANT TECH SOLUTIONS A;75,15916867;70,61267469;73,13000000;63,06484994;72,88000000;830,00000000;0,00000000;0,00000000;0,00000000;0,00000000;20251111
99;1O;02976;US9884981013;YUM BRANDS INC.;USD;NEW YORK;111111;201;O;403,000;0,000;0,000;0,000;145,6668;125,9154;58703,7500;50743,93;1,156863;150,7500;130,0017;60752,2500;52390,70;60752,2500;52390,70;148,2600;3,490;0,237;3,245;0,248;0,201;0,064;1,679;0,065;0,000;0,000;0,0000;0,00;;;;DUSD;N069000;T300;;099936      YUM BRANDS INC.;145,66687344;125,91545905;150,75000000;130,00172473;148,26000000;403,00000000;0,00000000;0,00000000;0,00000000;0,00000000;20251111
99;1O;08920;US49271V1008;KUERIG DR PEPPER;USD;NEW YORK;111111;201;O;2063,000;0,000;0,000;0,000;29,9020;25,6956;61687,8300;53010,08;1,163700;26,7300;23,0510;55143,9900;47554,32;55143,9900;47554,32;26,1200;-10,608;-0,352;-10,292;0,225;0,182;0,059;2,335;0,059;0,000;0,000;0,0000;0,00;;;;DUSD;N069000;T300;;099941      KUERIG DR PEPPER;29,90200193;25,69562772;26,73000000;23,05105208;26,12000000;2063,00000000;0,00000000;0,00000000;0,00000000;0,00000000;20251111
99;1O;03754;US09062X1037;BIOGEN  INC.;USD;OTC;111111;201;O;264,000;0,000;0,000;0,000;147,1049;138,8676;38835,7000;36661,05;1,059318;159,5600;137,5991;42123,8400;36326,18;42123,8400;36326,18;156,2600;8,467;9,467;-0,913;0,172;0,139;0,045;2,112;0,045;0,000;0,000;0,0000;0,00;;;;DUSD;N069000;T300;;099955      BIOGEN  INC.;147,10492424;138,86761363;159,56000000;137,59917212;156,26000000;264,00000000;0,00000000;0,00000000;0,00000000;0,00000000;20251111
99;1O;03392;CH0013841017;LONZA GROUP AG-REG;CHF;VIRTX;111111;201;O;497,000;0,000;0,000;0,000;538,8127;575,4511;267789,9300;285999,20;0,936331;552,8000;595,9465;274741,6000;296185,42;274741,6000;296185,42;534,0000;2,596;-0,932;3,562;40,665;1,136;0,365;3,521;0,365;0,000;0,000;0,0000;0,00;;;;DCHF;N071000;T300;;099635      LONZA GROUP AG-REG;538,81273641;575,45110664;552,80000000;595,94652867;534,00000000;497,00000000;0,00000000;0,00000000;0,00000000;0,00000000;20251111
99;1O;01930;CH0012221716;ABB LTD - NOM;CHF;VIRTX;111111;201;O;2381,000;0,000;0,000;0,000;58,6308;62,8736;139599,9400;149702,08;0,932518;57,0800;61,5351;135907,4800;146515,18;135907,4800;146515,18;56,8200;-2,645;-0,527;-2,129;20,116;0,562;0,180;0,458;0,181;0,000;0,000;0,0000;0,00;;;;DCHF;N071000;T300;;099820      ABB LTD - NOM;58,63080218;62,87361612;57,08000000;61,53514445;56,82000000;2381,00000000;0,00000000;0,00000000;0,00000000;0,00000000;20251111
99;1O;01931;CH0012005267;NOVARTIS AG - NOM.;CHF;VIRTX;111111;201;O;1090,000;0,000;0,000;0,000;101,5015;108,3809;110636,7100;118135,22;0,936526;104,0800;112,2035;113447,2000;122301,85;113447,2000;122301,85;102,2000;2,540;-0,953;3,527;16,792;0,469;0,151;1,840;0,151;0,000;0,000;0,0000;0,00;;;;DCHF;N071000;T300;;099849      NOVARTIS AG - NOM.;101,50156880;108,38093578;104,08000000;112,20353600;102,20000000;1090,00000000;0,00000000;0,00000000;0,00000000;0,00000000;20251111
99;1O;60381;IE000IVNQZ81;TE CONNECTIVITY PLC;USD;NEW YORK;111111;201;O;498,000;0,000;0,000;0,000;142,9700;138,0552;71199,0600;68751,51;1,035600;247,1600;213,1424;123085,6800;106144,95;123085,6800;106144,95;247,7600;72,875;11,974;54,389;0,503;0,407;0,131;-0,242;0,131;0,000;0,000;0,0000;0,00;;;;DUSD;N071000;T300;;099869      TE CONNECTIVITY PLC;142,97000000;138,05524096;247,16000000;213,14246291;247,76000000;498,00000000;0,00000000;0,00000000;0,00000000;0,00000000;20251111
99;1O;09635;JP3651210001;NABTESCO CORP;JPY;TOKYO;111111;201;O;21174,000;0,000;0,000;0,000;2799,8623;16,9867;59284286,0000;359677,96;164,826018;3449,0000;19,3123;73029126,0000;408920,58;73029126,0000;408920,58;3418,0000;23,185;8,351;13,691;16,942;1,568;0,503;0,907;0,504;0,000;0,000;0,0000;0,00;;;;DJPY;N088000;T300;;099497      NABTESCO CORP;2799,86237838;16,98677434;3449,00000000;19,31239151;3418,00000000;21174,00000000;0,00000000;0,00000000;0,00000000;0,00000000;20251111
99;1O;01207;JP3102000001;AISIN SEIKI CO.LTD.;JPY;TOKYO;111111;201;O;18000,000;0,000;0,000;0,000;1861,4313;11,2796;33505765,0000;203032,87;165,026308;2803,0000;15,6951;50454000,0000;282513,02;50454000,0000;282513,02;2802,5000;50,583;8,219;39,146;11,705;1,083;0,348;0,018;0,348;0,000;0,000;0,0000;0,00;;;;DJPY;N088000;T300;;099652      AISIN SEIKI CO.LTD.;1861,43138888;11,27960388;2803,00000000;15,69516770;2802,50000000;18000,00000000;0,00000000;0,00000000;0,00000000;0,00000000;20251111
99;1O;00117;JP3270000007;KURITA WATER INDUSTRIES LTD.;JPY;TOKYO;111111;201;O;7700,000;0,000;0,000;0,000;5428,4476;33,0088;41799047,0000;254168,47;164,454100;6374,0000;35,6906;49079800,0000;274818,30;49079800,0000;274818,30;6545,0000;17,418;8,596;8,124;11,386;1,054;0,338;-2,613;0,339;0,000;0,000;0,0000;0,00;;;;DJPY;N088000;T300;;099662      KURITA WATER INDUSTRIES LTD.;5428,44766233;33,00889220;6374,00000000;35,69068816;6545,00000000;7700,00000000;0,00000000;0,00000000;0,00000000;0,00000000;20251111
99;1O;03334;JP3148800000;IBIDEN CO. LTD.;JPY;TOKYO;111111;201;O;3472,000;0,000;0,000;0,000;5266,2066;31,8245;18284269,4890;110494,76;165,476349;13375,0000;74,8922;46438000,0000;260025,76;46438000,0000;260025,76;13035,0000;153,978;7,925;135,329;10,773;0,997;0,320;2,608;0,321;0,000;0,000;0,0000;0,00;;;;DJPY;N088000;T300;;099680      IBIDEN CO. LTD.;5266,20665005;31,82452765;13375,00000000;74,89221121;13035,00000000;3472,00000000;0,00000000;0,00000000;0,00000000;0,00000000;20251111
99;1O;00128;JP3866800000;PANASONIC CORPORATION;JPY;TOKYO;111111;201;O;18100,000;0,000;0,000;0,000;1628,9104;9,9077;29483279,0000;179330,10;164,407866;1706,5000;9,5554;30887650,0000;172952,85;30887650,0000;172952,85;1723,0000;4,763;8,626;-3,556;7,166;0,663;0,213;-0,958;0,213;0,000;0,000;0,0000;0,00;;;;DJPY;N088000;T300;;099787      PANASONIC CORPORATION;1628,91044198;9,90774033;1706,50000000;9,55540623;1723,00000000;18100,00000000;0,00000000;0,00000000;0,00000000;0,00000000;20251111
99;1O;00215;JP3463000004;TAKEDA PHARMACEUTICAL CO LTD.;JPY;TOKYO;111111;201;O;7000,000;0,000;0,000;0,000;4204,9928;25,5711;29434950,0000;178997,70;164,443174;4225,0000;23,6575;29575000,0000;165602,78;29575000,0000;165602,78;4182,0000;0,476;8,603;-7,483;6,861;0,635;0,204;1,028;0,204;0,000;0,000;0,0000;0,00;;;;DJPY;N088000;T300;;099796      TAKEDA PHARMACEUTICAL CO LTD.;4204,99285714;25,57110000;4225,00000000;23,65753961;4182,00000000;7000,00000000;0,00000000;0,00000000;0,00000000;0,00000000;20251111
99;1O;00433;JP3596200000;TOTO LTD.;JPY;TOKYO;111111;201;O;6700,000;0,000;0,000;0,000;3776,1119;23,0175;25299950,0000;154217,51;164,053680;3877,0000;21,7089;25975900,0000;145449,91;25975900,0000;145449,91;3918,0000;2,672;8,861;-5,685;6,026;0,558;0,179;-1,046;0,179;0,000;0,000;0,0000;0,00;;;;DJPY;N088000;T300;;099821      TOTO LTD.;3776,11194029;23,01753880;3877,00000000;21,70894227;3918,00000000;6700,00000000;0,00000000;0,00000000;0,00000000;0,00000000;20251111
99;1O;00251;JP3942400007;ASTELLAS PHARMA INC.;JPY;TOKYO;111111;201;O;12700,000;0,000;0,000;0,000;1519,5256;9,2392;19297976,0000;117339,08;164,463331;1790,5000;10,0257;22739350,0000;127327,12;22739350,0000;127327,12;1765,5000;17,833;8,590;8,512;5,275;0,488;0,157;1,416;0,157;0,000;0,000;0,0000;0,00;;;;DJPY;N088000;T300;;099843      ASTELLAS PHARMA INC.;1519,52566929;9,23929763;1790,50000000;10,02575732;1765,50000000;12700,00000000;0,00000000;0,00000000;0,00000000;0,00000000;20251111
99;1O;02625;JP3734800000;NIDEC CORPORATION;JPY;TOKYO;111111;201;O;10100,000;0,000;0,000;0,000;2748,0904;16,7173;27755714,0000;168845,11;164,385655;2191,0000;12,2683;22129100,0000;123910,07;22129100,0000;123910,07;2073,0000;-20,272;8,641;-26,613;5,134;0,475;0,153;5,692;0,153;0,000;0,000;0,0000;0,00;;;;DJPY;N088000;T300;;099847      NIDEC CORPORATION;2748,09049505;16,71733762;2191,00000000;12,26832409;2073,00000000;10100,00000000;0,00000000;0,00000000;0,00000000;0,00000000;20251111
99;1O;00148;JP3733000008;NEC CORP.;JPY;TOKYO;111111;201;O;3600,000;0,000;0,000;0,000;4995,4436;28,3025;17983597,0000;101889,21;176,501486;5732,0000;32,0958;20635200,0000;115545,10;20635200,0000;115545,10;5612,0000;14,745;1,183;13,403;4,787;0,443;0,142;2,138;0,142;0,000;0,000;0,0000;0,00;;;;DJPY;N088000;T300;;099858      NEC CORP.;4995,44361111;28,30255833;5732,00000000;32,09586203;5612,00000000;3600,00000000;0,00000000;0,00000000;0,00000000;0,00000000;20251111
99;1O;00447;JP3571400005;TOKYO ELECTRON LTD.;JPY;TOKYO;111111;201;O;600,000;0,000;0,000;0,000;26570,1583;153,0871;15942095,0000;91852,29;173,562303;34190,0000;191,4440;20514000,0000;114866,45;20514000,0000;114866,45;34200,0000;28,678;2,897;25,056;4,759;0,440;0,141;-0,029;0,142;0,000;0,000;0,0000;0,00;;;;DJPY;N088000;T300;;099859      TOKYO ELECTRON LTD.;26570,15833333;153,08715000;34190,00000000;191,44408981;34200,00000000;600,00000000;0,00000000;0,00000000;0,00000000;0,00000000;20251111
99;1O;00208;HK0016000132;SUN HUNG KAI PROPERTIES LTD.;HKD;HONG KONG;111111;201;O;16690,000;0,000;0,000;0,000;75,3630;9,1588;1257808,5000;152861,92;8,228397;98,5000;10,9302;1643965,0000;182425,62;1643965,0000;182425,62;95,8500;30,701;9,520;19,340;94,581;0,700;0,225;2,765;0,225;0,000;0,000;0,0000;0,00;;;;DHKD;N103000;T300;;099775      SUN HUNG KAI PROPERTIES LTD.;75,36300179;9,15889275;98,50000000;10,93023513;95,85000000;16690,00000000;0,00000000;0,00000000;0,00000000;0,00000000;20251111
99;2;00001;;LIQUIDITA';EUR;;;610;;0,000;0,000;0,000;0,000;0,0000;0,0000;0,0000;0,00;0,000000;0,0000;0,0000;0,0000;1463640,82;0,0000;1463640,82;0,0000;0,000;0,000;0,000;0,000;0,000;1,801;0,000;1,805;0,000;0,000;0,0000;0,00;2;;;;;;;;0,00000000;0,00000000;0,00000000;0,00000000;0,00000000;0,00000000;0,00000000;0,00000000;0,00000000;0,00000000;20251111
99;2;00002;;LIQUIDITA' A SCADERE;EUR;;;620;;0,000;0,000;0,000;0,000;0,0000;0,0000;0,0000;0,00;0,000000;0,0000;0,0000;0,0000;-74005,48;0,0000;-74005,48;0,0000;0,000;0,000;0,000;0,000;0,000;-0,091;0,000;-0,091;0,000;0,000;0,0000;0,00;3;;;;;;;;0,00000000;0,00000000;0,00000000;0,00000000;0,00000000;0,00000000;0,00000000;0,00000000;0,00000000;0,00000000;20251111
99;2;00009;;GIACENZE DI DOLLARI CANADESI         CAD;CAD;;;621;;9393,560;0,000;0,000;0,000;0,0000;0,6309;9393,5600;5926,86;1,584913;0,0000;1,6249;9393,5600;5781,01;9393,5600;5781,01;0,0000;0,000;0,000;0,000;0,000;0,000;0,007;0,000;0,007;0,000;0,000;0,0000;0,00;3CAD1;;;;;;;;0,00000000;0,63094928;0,00000000;1,62490000;0,00000000;9393,56000000;0,00000000;0,00000000;0,00000000;0,00000000;20251111
99;2;00007;;GIACENZE DI FRANCHI SVIZZERI         CHF;CHF;;;621;;91913,260;0,000;0,000;0,000;0,0000;1,0747;91913,2600;98780,36;0,930481;0,0000;0,9276;91913,2600;99087,17;91913,2600;99087,17;0,0000;0,000;0,000;0,000;0,000;0,000;0,122;0,000;0,122;0,000;0,000;0,0000;0,00;3CHF1;;;;;;;;0,00000000;1,07471283;0,00000000;0,92760000;0,00000000;91913,26000000;0,00000000;0,00000000;0,00000000;0,00000000;20251111
99;2;00007;;IMPEGNI IN DIVISA FRANCHI SVIZZERI   CHF;CHF;;;622;;59610,880;0,000;0,000;0,000;0,0000;1,0735;59610,8800;63994,50;0,931500;0,0000;0,9276;59610,8800;64263,56;59610,8800;64263,56;0,0000;0,000;0,000;0,000;0,000;0,000;0,079;0,000;0,079;0,000;0,000;0,0000;0,00;3CHF2;;;;;;;;0,00000000;1,07353724;0,00000000;0,92760000;0,00000000;59610,88000000;0,00000000;0,00000000;0,00000000;0,00000000;20251111
99;2;00035;;GIACENZE DI CORONA DANESE            DKK;DKK;;;621;;9749046,160;0,000;0,000;0,000;0,0000;0,1338;9749046,1600;1305342,47;7,468573;0,0000;7,4675;9749046,1600;1305530,12;9749046,1600;1305530,12;0,0000;0,000;0,000;0,000;0,000;0,000;1,607;0,000;1,610;0,000;0,000;0,0000;0,00;3DKK1;;;;;;;;0,00000000;0,13389437;0,00000000;7,46750000;0,00000000;9749046,16000000;0,00000000;0,00000000;0,00000000;0,00000000;20251111
99;2;00006;;GIACENZE DI STERLINE INGLESI         GBP;GBP;;;621;;298545,340;0,000;0,000;0,000;0,0000;1,1422;298545,3400;341021,30;0,875445;0,0000;0,8802;298545,3400;339178,98;298545,3400;339178,98;0,0000;0,000;0,000;0,000;0,000;0,000;0,417;0,000;0,418;0,000;0,000;0,0000;0,00;3GBP1;;;;;;;;0,00000000;1,14227641;0,00000000;0,88020000;0,00000000;298545,34000000;0,00000000;0,00000000;0,00000000;0,00000000;20251111
99;2;00014;;GIACENZE DI HONG KONG DOLLAR         HKD;HKD;;;621;;94194,790;0,000;0,000;0,000;0,0000;0,1122;94194,7900;10576,91;8,905700;0,0000;9,0117;94194,7900;10452,50;94194,7900;10452,50;0,0000;0,000;0,000;0,000;0,000;0,000;0,013;0,000;0,013;0,000;0,000;0,0000;0,00;3HKD1;;;;;;;;0,00000000;0,11228763;0,00000000;9,01170000;0,00000000;94194,79000000;0,00000000;0,00000000;0,00000000;0,00000000;20251111
99;2;00008;;GIACENZE DI YEN GIAPPONESI           JPY;JPY;;;621;;33890359,000;0,000;0,000;0,000;0,0000;0,0056;33890359,0000;191321,48;177,138286;0,0000;178,5900;33890359,0000;189766,27;33890359,0000;189766,27;0,0000;0,000;0,000;0,000;0,000;0,000;0,234;0,000;0,234;0,000;0,000;0,0000;0,00;3JPY1;;;;;;;;0,00000000;0,00564530;0,00000000;178,59000000;0,00000000;33890359,00000000;0,00000000;0,00000000;0,00000000;0,00000000;20251111
99;2;00008;;IMPEGNI IN DIVISA YEN GIAPPONESI     JPY;JPY;;;622;;5698252,000;0,000;0,000;0,000;0,0000;0,0056;5698252,0000;32029,12;177,908478;0,0000;178,5900;5698252,0000;31906,89;5698252,0000;31906,89;0,0000;0,000;0,000;0,000;0,000;0,000;0,039;0,000;0,039;0,000;0,000;0,0000;0,00;3JPY2;;;;;;;;0,00000000;0,00562086;0,00000000;178,59000000;0,00000000;5698252,00000000;0,00000000;0,00000000;0,00000000;0,00000000;20251111
99;2;00031;;GIACENZE DI CORONA NORVEGESE         NOK;NOK;;;621;;564943,210;0,000;0,000;0,000;0,0000;0,0849;564943,2100;48003,83;11,768711;0,0000;11,6591;564943,2100;48455,13;564943,2100;48455,13;0,0000;0,000;0,000;0,000;0,000;0,000;0,060;0,000;0,060;0,000;0,000;0,0000;0,00;3NOK1;;;;;;;;0,00000000;0,08497107;0,00000000;11,65910000;0,00000000;564943,21000000;0,00000000;0,00000000;0,00000000;0,00000000;20251111
99;2;00011;;GIACENZE DI CORONE SVEDESI           SEK;SEK;;;621;;785841,400;0,000;0,000;0,000;0,0000;0,0895;785841,4000;70408,45;11,161180;0,0000;10,9639;785841,4000;71675,35;785841,4000;71675,35;0,0000;0,000;0,000;0,000;0,000;0,000;0,088;0,000;0,088;0,000;0,000;0,0000;0,00;3SEK1;;;;;;;;0,00000000;0,08959625;0,00000000;10,96390000;0,00000000;785841,40000000;0,00000000;0,00000000;0,00000000;0,00000000;20251111
99;2;00011;;IMPEGNI IN DIVISA CORONE SVEDESI     SEK;SEK;;;622;;-874778,220;0,000;0,000;0,000;0,0000;0,0910;-874778,2200;-79632,80;10,985150;0,0000;10,9639;-874778,2200;-79787,14;-874778,2200;-79787,14;0,0000;0,000;0,000;0,000;0,000;0,000;-0,098;0,000;-0,098;0,000;0,000;0,0000;0,00;3SEK2;;;;;;;;0,00000000;0,09103198;0,00000000;10,96390000;0,00000000;-874778,22000000;0,00000000;0,00000000;0,00000000;0,00000000;20251111
99;2;00001;;GIACENZE DI DOLLARI USA              USD;USD;;;621;;1037443,370;0,000;0,000;0,000;0,0000;0,8653;1037443,3700;897768,68;1,155580;0,0000;1,1596;1037443,3700;894656,23;1037443,3700;894656,23;0,0000;0,000;0,000;0,000;0,000;0,000;1,101;0,000;1,103;0,000;0,000;0,0000;0,00;3USD1;;;;;;;;0,00000000;0,86536644;0,00000000;1,15960000;0,00000000;1037443,37000000;0,00000000;0,00000000;0,00000000;0,00000000;20251111
99;2;00001;;IMPEGNI IN DIVISA DOLLARI USA        USD;USD;;;622;;211178,360;0,000;0,000;0,000;0,0000;0,8681;211178,3600;183336,90;1,151860;0,0000;1,1596;211178,3600;182113,11;211178,3600;182113,11;0,0000;0,000;0,000;0,000;0,000;0,000;0,224;0,000;0,225;0,000;0,000;0,0000;0,00;3USD2;;;;;;;;0,00000000;0,86816139;0,00000000;1,15960000;0,00000000;211178,36000000;0,00000000;0,00000000;0,00000000;0,00000000;20251111
99;4;;;DIRITTI MATURATI NON RISCOSSI;;;;700;;0,000;0,000;0,000;0,000;0,0000;0,0000;0,0000;0,00;0,000000;0,0000;0,0000;0,0000;361115,40;0,0000;45140,54;0,0000;0,000;0,000;0,000;0,000;0,000;0,444;0,000;0,445;0,000;0,000;0,0000;0,00;;;;;;;;;0,00000000;0,00000000;0,00000000;0,00000000;0,00000000;0,00000000;0,00000000;0,00000000;0,00000000;0,00000000;20251111
99;5;;;DEPOSITI MARGINI INIZ.FUTURES;;;;8;;0,000;0,000;0,000;0,000;0,0000;0,0000;0,0000;0,00;0,000000;0,0000;0,0000;0,0000;0,00;0,0000;0,00;0,0000;0,000;0,000;0,000;0,000;0,000;0,000;0,000;0,000;0,000;0,000;0,0000;0,00;;;;;;;;;0,00000000;0,00000000;0,00000000;0,00000000;0,00000000;0,00000000;0,00000000;0,00000000;0,00000000;0,00000000;20251111
99;5;;;MARGINI DI VARIAZIONE FUTURES;;;;8;;0,000;0,000;0,000;0,000;0,0000;0,0000;0,0000;0,00;0,000000;0,0000;0,0000;0,0000;0,00;0,0000;0,00;0,0000;0,000;0,000;0,000;0,000;0,000;0,000;0,000;0,000;0,000;0,000;0,0000;0,00;;;;;;;;;0,00000000;0,00000000;0,00000000;0,00000000;0,00000000;0,00000000;0,00000000;0,00000000;0,00000000;0,00000000;20251111
99;5;;;DEPOSITI BANCARI;;;;8;;0,000;0,000;0,000;0,000;0,0000;0,0000;0,0000;0,00;0,000000;0,0000;0,0000;0,0000;0,00;0,0000;0,00;0,0000;0,000;0,000;0,000;0,000;0,000;0,000;0,000;0,000;0,000;0,000;0,0000;0,00;;;;;;;;;0,00000000;0,00000000;0,00000000;0,00000000;0,00000000;0,00000000;0,00000000;0,00000000;0,00000000;0,00000000;20251111
99;9;;;RIMBORSI DA REGOLARE;;;;;;0,000;0,000;0,000;0,000;0,0000;0,0000;0,0000;0,00;0,000000;0,0000;0,0000;0,0000;-32900,44;0,0000;-32900,44;0,0000;0,000;0,000;0,000;0,000;0,000;0,000;0,000;0,000;0,000;0,000;0,0000;0,00;;;;;;;;;0,00000000;0,00000000;0,00000000;0,00000000;0,00000000;0,00000000;0,00000000;0,00000000;0,00000000;0,00000000;20251111
