FONDO;TIPO CODICE;CODICE TITOLO/DIVISA;CODICE ISIN;DESCRIZIONE;SIGLA DIVISA;CODICE BORSA QUOTAZIONE;CLASS.PATR/NAZIONE=COMPARTO;CODICE PER ANALISI RISCHIO;FLAG ITALIA/ESTERO;QTA IN PORTAFOGLIO;QTA IN GARANZIA;QTA IN PRESTITO;QTA VENDUTA A PREMIO;COSTO STORICO UNIT.DIVISA;COSTO STORICO UNIT.EURO;COSTO STORICO TOTALE DIVISA;COSTO STORICO TOTALE EURO;CAMBIO STORICO;PREZZO ATTUALE UNIT.DIVISA;PREZZO ATTUALE UNIT.EURO;VALORE ATT.TOTALE C/S DIVISA;VALORE ATT.TOTALE C/S EURO;VALORE ATT.TOTALE T/Q DIVISA;VALORE ATT.TOTALE T/Q EURO;PREZZO PRECED. UNIT LIT/DIV;PERCENT.PL/MIN SU TITOLO;PERCENT.PL/MIN SU CAMBIO;PERCENT.PL/MIN GLOB.TITOLO;PERCENT.PESO TIT SU TOT.DIVI;PERCENT.PESO TIT SU COMPARTO;PERCENT.PESO TIT SU ATT.FDO;PERCENT.SCOSTAM PRZ PRECED;PERCENT.PESO TIT SU NAV;PERCENT.PERSONALIZZATA 1;PERCENT.PERSONALIZZATA 2;RATEI TOTALI X TITOLO DIVISA;RATEI TOTALI X TITOLO EURO;CODICI RAGGRUPPAM.LIVELLO 1;CODICI RAGGRUPPAM.LIVELLO 2;CODICI RAGGRUPPAM.LIVELLO 3;CODICI RAGGRUPPAM.LIVELLO 4;CODICI RAGGRUPPAM.LIVELLO 5;CODICI RAGGRUPPAM.LIVELLO 6;CODICI RAGGRUPPAM.LIVELLO 7;CAMPO ORDINAMENTO;COSTO STORICO UNIT.DIVISA;COSTO STORICO UNIT.EURO;PREZZO ATTUALE UNIT.DIVISA;PREZZO ATTUALE UNIT.EURO;PREZZO PRECED. UNIT LIT/DIV;QTA IN PORTAFOGLIO;QTA IN GARANZIA;QTA IN PRESTITO;QTA VENDUTA A PREMIO;QTA RICEVUTA A PRESTITO;DATA RIFERIMENTO -AAAAMMGG-
81;1I;41363;IT0005445306;BTP 0.50% 2021/15.07.2028;EUR;MTS;086000;001;I;30000000,000;0,000;0,000;0,000;93,0490;93,0490;27914700,0000;27914700,00;0,000000;95,4490;95,4490;28634700,0000;28634700,00;28684020,6500;28684020,65;95,5650;2,579;0,000;2,579;9,961;19,774;9,733;-0,121;9,755;0,000;0,000;49320,6500;49320,65;;;;DEUR;N111111;T000;;090267      BTP 0.50% 2021/15.07.2028;93,04900000;93,04900000;95,44900000;95,44900000;95,56500000;30000000,00000000;0,00000000;0,00000000;0,00000000;0,00000000;20251113
81;1I;46882;IT0005548315;BTP  3,800% 2023-01/08/2028;EUR;MTS;086000;001;I;25000000,000;0,000;0,000;0,000;103,9290;103,9290;25982250,0000;25982250,00;0,000000;103,8640;103,8640;25966000,0000;25966000,00;26234478,2600;26234478,26;104,0100;-0,063;0,000;-0,063;9,111;18,086;8,826;-0,140;8,846;0,000;0,000;268478,2600;268478,26;;;;DEUR;N111111;T000;;091174      BTP  3,800% 2023-01/08/2028;103,92900000;103,92900000;103,86400000;103,86400000;104,01000000;25000000,00000000;0,00000000;0,00000000;0,00000000;0,00000000;20251113
81;1I;62859;IT0005657330;BTPS 2,100% 2025-26/08/2027;EUR;MTSBOT;086000;001;I;25000000,000;0,000;0,000;0,000;99,7800;99,7800;24945000,0000;24945000,00;0,000000;99,8100;99,8100;24952500,0000;24952500,00;25065203,8000;25065203,80;99,8860;0,030;0,000;0,030;8,705;17,280;8,482;-0,076;8,501;0,000;0,000;112703,8000;112703,80;;;;DEUR;N111111;T000;;091518      BTPS 2,100% 2025-26/08/2027;99,78000000;99,78000000;99,81000000;99,81000000;99,88600000;25000000,00000000;0,00000000;0,00000000;0,00000000;0,00000000;20251113
81;1I;60574;IT0005620460;CCTS TV (4,164%) 15.04.2033;EUR;MOT;086000;002;I;15000000,000;0,000;0,000;0,000;100,5300;100,5300;15079500,0000;15079500,00;0,000000;102,8940;102,8940;15434100,0000;15434100,00;15472802,9200;15472802,92;102,9040;2,352;0,000;2,352;5,373;10,667;5,246;-0,010;5,258;0,000;0,000;38702,9200;38702,92;;;;DEUR;N111111;T000;;094754      CCTS TV (4,164%) 15.04.2033;100,53000000;100,53000000;102,89400000;102,89400000;102,90400000;15000000,00000000;0,00000000;0,00000000;0,00000000;0,00000000;20251113
81;1I;47975;IT0005580045;BTPS  2,950% 2024-15/02/2027;EUR;MTS;086000;001;I;15000000,000;0,000;0,000;0,000;101,0750;101,0750;15161250,0000;15161250,00;0,000000;100,9830;100,9830;15147450,0000;15147450,00;15255670,1100;15255670,11;101,0300;-0,091;0,000;-0,091;5,298;10,517;5,149;-0,047;5,160;0,000;0,000;108220,1100;108220,11;;;;DEUR;N111111;T000;;094851      BTPS  2,950% 2024-15/02/2027;101,07500000;101,07500000;100,98300000;100,98300000;101,03000000;15000000,00000000;0,00000000;0,00000000;0,00000000;0,00000000;20251113
81;1I;60625;IT0005622128;BTPS 2,700% 2024-15/10/2027;EUR;MTS;086000;001;I;13000000,000;0,000;0,000;0,000;100,4650;100,4650;13060450,0000;13060450,00;0,000000;100,8940;100,8940;13116220,0000;13116220,00;13144184,2900;13144184,29;100,9780;0,427;0,000;0,427;4,565;9,061;4,458;-0,083;4,468;0,000;0,000;27964,2900;27964,29;;;;DEUR;N111111;T000;;095542      BTPS 2,700% 2024-15/10/2027;100,46500000;100,46500000;100,89400000;100,89400000;100,97800000;13000000,00000000;0,00000000;0,00000000;0,00000000;0,00000000;20251113
81;1I;39722;IT0005433690;BTPS  0.25% 2021/15.03.2028;EUR;MTSBOT;086000;001;I;11000000,000;0,000;0,000;0,000;93,0190;93,0190;10232090,0000;10232090,00;0,000000;95,5680;95,5680;10512480,0000;10512480,00;10516962,0400;10516962,04;95,6640;2,740;0,000;2,740;3,652;7,250;3,573;-0,100;3,581;0,000;0,000;4482,0400;4482,04;;;;DEUR;N111111;T000;;096427      BTPS  0.25% 2021/15.03.2028;93,01900000;93,01900000;95,56800000;95,56800000;95,66400000;11000000,00000000;0,00000000;0,00000000;0,00000000;0,00000000;20251113
81;1I;61078;IT0005633794;BTP 2,550% 2025-25/02/2027;EUR;MTS;086000;001;I;10000000,000;0,000;0,000;0,000;100,7990;100,7990;10079900,0000;10079900,00;0,000000;100,4860;100,4860;10048600,0000;10048600,00;10104034,7800;10104034,78;100,5400;-0,311;0,000;-0,311;3,509;6,966;3,416;-0,054;3,423;0,000;0,000;55434,7800;55434,78;;;;DEUR;N111111;T000;;096584      BTP 2,550% 2025-25/02/2027;100,79900000;100,79900000;100,48600000;100,48600000;100,54000000;10000000,00000000;0,00000000;0,00000000;0,00000000;0,00000000;20251113
81;1I;63384;AT0000A3MUA7;AUSTRIAN T-BILL ZC 2025-27/11/2025;EUR;VIENNA;008000;100;I;12500000,000;0,000;0,000;0,000;99,5065;99,5065;12438322,7500;12438322,75;0,000000;99,9460;99,9460;12440383,3300;12440383,33;12493250,0000;12493250,00;99,9310;0,017;0,000;0,017;4,339;55,709;4,229;0,015;4,238;0,000;0,000;52866,6700;52866,67;;;;DEUR;N008000;T100;;095771      AUSTRIAN T-BILL ZC 2025-27/11/2025;99,50658200;99,50658200;99,94600000;99,94600000;99,93100000;12500000,00000000;0,00000000;0,00000000;0,00000000;0,00000000;20251113
81;1I;63661;AT0000A3MUC3;AUSTRIAN T-BILL ZC   2025-26/03/2026;EUR;VIENNA;008000;100;I;10000000,000;0,000;0,000;0,000;99,0233;99,0233;9902335,3700;9902335,37;0,000000;99,3250;99,3250;9905527,7800;9905527,78;9932500,0000;9932500,00;99,3050;0,032;0,000;0,032;3,449;44,291;3,367;0,020;3,375;0,000;0,000;26972,2200;26972,22;;;;DEUR;N008000;T100;;096633      AUSTRIAN T-BILL ZC   2025-26/03/2026;99,02335370;99,02335370;99,32500000;99,32500000;99,30500000;10000000,00000000;0,00000000;0,00000000;0,00000000;0,00000000;20251113
81;1I;61258;BE0312809818;TREASURY CERTIFICATE ZC 25-12/02/2026;EUR;BRUXELLES;009000;100;I;15000000,000;0,000;0,000;0,000;97,7392;97,7392;14660880,2900;14660880,29;0,000000;99,5280;99,5280;14678490,0000;14678490,00;14929200,0000;14929200,00;99,5120;0,120;0,000;0,120;5,185;100,000;4,989;0,016;5,001;0,000;0,000;250710,0000;250710,00;;;;DEUR;N009000;T100;;095011      TREASURY CERTIFICATE ZC 25-12/02/2026;97,73920190;97,73920190;99,52800000;99,52800000;99,51200000;15000000,00000000;0,00000000;0,00000000;0,00000000;0,00000000;20251113
81;1I;61333;FR0128838507;FRENCH DISCOUNT ZC 2025-25/02/2026;EUR;BANQFRANCE;029000;100;I;25000000,000;0,000;0,000;0,000;99,0466;99,0466;24761655,9900;24761655,99;0,000000;99,4360;99,4360;24859000,0000;24859000,00;24859000,0000;24859000,00;99,4230;0,393;0,000;0,393;8,633;60,196;8,450;0,013;8,469;0,000;0,000;0,0000;0,00;;;;DEUR;N029000;T100;;091550      FRENCH DISCOUNT ZC 2025-25/02/2026;99,04662400;99,04662400;99,43600000;99,43600000;99,42300000;25000000,00000000;0,00000000;0,00000000;0,00000000;0,00000000;20251113
81;1I;32434;FR0013341682;FRANCE OAT 0.75%2018/25.11.2028;EUR;PARIGI;029000;100;I;15000000,000;0,000;0,000;0,000;93,3780;93,3780;14006700,0000;14006700,00;0,000000;95,3340;95,3340;14300100,0000;14300100,00;14408901,3700;14408901,37;95,4100;2,095;0,000;2,095;5,004;34,891;4,861;-0,080;4,872;0,000;0,000;108801,3700;108801,37;;;;DEUR;N029000;T100;;095139      FRANCE OAT 0.75%2018/25.11.2028;93,37800000;93,37800000;95,33400000;95,33400000;95,41000000;15000000,00000000;0,00000000;0,00000000;0,00000000;0,00000000;20251113
81;1I;26396;FR0012938116;FRANCE GOV  1% 2015  25/11/2025;EUR;EUROTLX;029000;100;I;1250000,000;0,000;0,000;0,000;98,8380;98,8380;1235475,0000;1235475,00;0,000000;99,9670;99,9670;1249587,5000;1249587,50;1261676,5400;1261676,54;99,9600;1,142;0,000;1,142;0,438;3,055;0,425;0,007;0,426;0,000;0,000;12089,0400;12089,04;;;;DEUR;N029000;T100;;099575      FRANCE GOV  1% 2015  25/11/2025;98,83800000;98,83800000;99,96700000;99,96700000;99,96000000;1250000,00000000;0,00000000;0,00000000;0,00000000;0,00000000;20251113
81;1I;45881;ES0000012L29;SPAIN BONOS  2,800% 2023-31/05/2026;EUR;MADRID;067000;100;I;15000000,000;0,000;0,000;0,000;100,6380;100,6380;15095700,0000;15095700,00;0,000000;100,3680;100,3680;15055200,0000;15055200,00;15246213,7000;15246213,70;100,3640;-0,268;0,000;-0,268;5,295;100,000;5,117;0,004;5,129;0,000;0,000;191013,7000;191013,70;;;;DEUR;N067000;T100;;094883      SPAIN BONOS  2,800% 2023-31/05/2026;100,63800000;100,63800000;100,36800000;100,36800000;100,36400000;15000000,00000000;0,00000000;0,00000000;0,00000000;0,00000000;20251113
81;1I;48904;DE000BU35025;BUNDESOBLIGATION  2,100% 2024-12/04/2029;EUR;FRANCOFORT;094000;100;I;27000000,000;0,000;0,000;0,000;99,9323;99,9323;26981730,0000;26981730,00;0,000000;99,8740;99,8740;26965980,0000;26965980,00;27299966,3000;27299966,30;99,9960;-0,058;0,000;-0,058;9,481;55,719;9,166;-0,122;9,187;0,000;0,000;333986,3000;333986,30;;;;DEUR;N094000;T100;;090834      BUNDESOBLIGATION  2,100% 2024-12/04/2029;99,93233330;99,93233330;99,87400000;99,87400000;99,99600000;27000000,00000000;0,00000000;0,00000000;0,00000000;0,00000000;20251113
81;1I;60575;DE000BU22072;BUNDESREPUBLIK 2% 10.12.2026;EUR;FRANCOFORT;094000;100;I;20000000,000;0,000;0,000;0,000;99,8510;99,8510;19970200,0000;19970200,00;0,000000;100,0070;100,0070;20001400,0000;20001400,00;20423176,9200;20423176,92;100,0230;0,156;0,000;0,156;7,093;41,684;6,799;-0,016;6,814;0,000;0,000;421776,9200;421776,92;;;;DEUR;N094000;T100;;093201      BUNDESREPUBLIK 2% 10.12.2026;99,85100000;99,85100000;100,00700000;100,00700000;100,02300000;20000000,00000000;0,00000000;0,00000000;0,00000000;0,00000000;20251113
81;1I;60360;DE000BU25034;BUNDESOBLIGATION 2,500% 2024-11/10/2029;EUR;FRANCOFORT;094000;100;I;500000,000;0,000;0,000;0,000;100,6270;100,6270;503135,0000;503135,00;0,000000;101,1240;101,1240;505620,0000;505620,00;506750,1400;506750,14;101,2780;0,494;0,000;0,494;0,176;1,034;0,172;-0,152;0,172;0,000;0,000;1130,1400;1130,14;;;;DEUR;N094000;T100;;099828      BUNDESOBLIGATION 2,500% 2024-11/10/2029;100,62700000;100,62700000;101,12400000;101,12400000;101,27800000;500000,00000000;0,00000000;0,00000000;0,00000000;0,00000000;20251113
81;1I;45149;DE0001030740;BUNDESREPUBLIK 1,300% 2022-15/10/2027;EUR;FRANCOFORT;094000;100;I;500000,000;0,000;0,000;0,000;97,6190;97,6190;488095,0000;488095,00;0,000000;98,7430;98,7430;493715,0000;493715,00;494231,4400;494231,44;98,7810;1,151;0,000;1,151;0,172;1,009;0,168;-0,038;0,168;0,000;0,000;516,4400;516,44;;;;DEUR;N094000;T100;;099832      BUNDESREPUBLIK 1,300% 2022-15/10/2027;97,61900000;97,61900000;98,74300000;98,74300000;98,78100000;500000,00000000;0,00000000;0,00000000;0,00000000;0,00000000;20251113
81;1I;01109;DE0001135085;BUNDES 4,75% 1998/4.7.2028;EUR;FRANCOFORT;094000;100;I;250000,000;0,000;0,000;0,000;108,1670;108,1670;270417,5000;270417,50;0,000000;106,8620;106,8620;267155,0000;267155,00;271449,5200;271449,52;106,9710;-1,206;0,000;-1,206;0,094;0,554;0,091;-0,102;0,091;0,000;0,000;4294,5200;4294,52;;;;DEUR;N094000;T100;;099909      BUNDES 4,75% 1998/4.7.2028;108,16700000;108,16700000;106,86200000;106,86200000;106,97100000;250000,00000000;0,00000000;0,00000000;0,00000000;0,00000000;20251113
81;1I;38859;FR00140005L7;ORANGE SA 1.75% 2020/31.12.2049;EUR;PARIGI;029000;301;I;500000,000;0,000;0,000;0,000;92,8860;92,8860;464430,0000;464430,00;0,000000;95,7070;95,7070;478535,0000;478535,00;479230,2100;479230,21;95,7230;3,037;0,000;3,037;0,166;1,160;0,163;-0,017;0,163;0,000;0,000;695,2100;695,21;;;;DEUR;N029000;T200;;099837      ORANGE SA 1.75% 2020/31.12.2049;92,88600000;92,88600000;95,70700000;95,70700000;95,72300000;500000,00000000;0,00000000;0,00000000;0,00000000;0,00000000;20251113
81;1I;19194;XS1115498260;ORANGE SA 5% 2014/29.10.2049;EUR;PARIGI;029000;301;I;282000,000;0,000;0,000;0,000;102,4920;102,4920;289027,4400;289027,44;0,000000;101,6420;101,6420;286630,4400;286630,44;288291,5400;288291,54;101,6420;-0,829;0,000;-0,829;0,100;0,698;0,097;0,000;0,098;0,000;0,000;1661,1000;1661,10;;;;DEUR;N029000;T200;;099903      ORANGE SA 5% 2014/29.10.2049;102,49200000;102,49200000;101,64200000;101,64200000;101,64200000;282000,00000000;0,00000000;0,00000000;0,00000000;0,00000000;20251113
81;1I;38550;XS2229434852;ERG SPA 0,5% 2020/11.09.2027;EUR;LUXEMBOURG;086000;301;I;600000,000;0,000;0,000;0,000;93,7390;93,7390;562434,0000;562434,00;0,000000;96,2930;96,2930;577758,0000;577758,00;578275,8100;578275,81;96,3470;2,725;0,000;2,725;0,201;0,399;0,196;-0,056;0,197;0,000;0,000;517,8100;517,81;;;;DEUR;N086000;T200;;099804      ERG SPA 0,5% 2020/11.09.2027;93,73900000;93,73900000;96,29300000;96,29300000;96,34700000;600000,00000000;0,00000000;0,00000000;0,00000000;0,00000000;20251113
81;2;00001;;LIQUIDITA';EUR;;;610;;0,000;0,000;0,000;0,000;0,0000;0,0000;0,0000;0,00;0,000000;0,0000;0,0000;0,0000;6192729,75;0,0000;6192729,75;0,0000;0,000;0,000;0,000;0,000;0,000;2,105;0,000;2,110;0,000;0,000;0,0000;0,00;2;;;;;;;;0,00000000;0,00000000;0,00000000;0,00000000;0,00000000;0,00000000;0,00000000;0,00000000;0,00000000;0,00000000;20251113
81;2;00007;;GIACENZE DI FRANCHI SVIZZERI         CHF;CHF;;;621;;16383,440;0,000;0,000;0,000;0,0000;1,0653;16383,4400;17453,36;0,938698;0,0000;0,9231;16383,4400;17748,28;16383,4400;17748,28;0,0000;0,000;0,000;0,000;0,000;0,000;0,006;0,000;0,006;0,000;0,000;0,0000;0,00;3CHF1;;;;;;;;0,00000000;1,06530496;0,00000000;0,92310000;0,00000000;16383,44000000;0,00000000;0,00000000;0,00000000;0,00000000;20251113
81;2;00006;;GIACENZE DI STERLINE INGLESI         GBP;GBP;;;621;;17098,030;0,000;0,000;0,000;0,0000;1,2081;17098,0300;20657,02;0,827710;0,0000;0,8822;17098,0300;19381,13;17098,0300;19381,13;0,0000;0,000;0,000;0,000;0,000;0,000;0,007;0,000;0,007;0,000;0,000;0,0000;0,00;3GBP1;;;;;;;;0,00000000;1,20815205;0,00000000;0,88220000;0,00000000;17098,03000000;0,00000000;0,00000000;0,00000000;0,00000000;20251113
81;2;00001;;GIACENZE DI DOLLARI USA              USD;USD;;;621;;17011,450;0,000;0,000;0,000;0,0000;0,9633;17011,4500;16388,50;1,038011;0,0000;1,1641;17011,4500;14613,39;17011,4500;14613,39;0,0000;0,000;0,000;0,000;0,000;0,000;0,005;0,000;0,005;0,000;0,000;0,0000;0,00;3USD1;;;;;;;;0,00000000;0,96338054;0,00000000;1,16410000;0,00000000;17011,45000000;0,00000000;0,00000000;0,00000000;0,00000000;20251113
81;4;;;DIRITTI MATURATI NON RISCOSSI;;;;700;;0,000;0,000;0,000;0,000;0,0000;0,0000;0,0000;0,00;0,000000;0,0000;0,0000;0,0000;1744081,54;0,0000;2292,14;0,0000;0,000;0,000;0,000;0,000;0,000;0,593;0,000;0,594;0,000;0,000;0,0000;0,00;;;;;;;;;0,00000000;0,00000000;0,00000000;0,00000000;0,00000000;0,00000000;0,00000000;0,00000000;0,00000000;0,00000000;20251113
81;5;;;DEPOSITI MARGINI INIZ.FUTURES;;;;8;;0,000;0,000;0,000;0,000;0,0000;0,0000;0,0000;0,00;0,000000;0,0000;0,0000;0,0000;0,00;0,0000;0,00;0,0000;0,000;0,000;0,000;0,000;0,000;0,000;0,000;0,000;0,000;0,000;0,0000;0,00;;;;;;;;;0,00000000;0,00000000;0,00000000;0,00000000;0,00000000;0,00000000;0,00000000;0,00000000;0,00000000;0,00000000;20251113
81;5;;;MARGINI DI VARIAZIONE FUTURES;;;;8;;0,000;0,000;0,000;0,000;0,0000;0,0000;0,0000;0,00;0,000000;0,0000;0,0000;0,0000;0,00;0,0000;0,00;0,0000;0,000;0,000;0,000;0,000;0,000;0,000;0,000;0,000;0,000;0,000;0,0000;0,00;;;;;;;;;0,00000000;0,00000000;0,00000000;0,00000000;0,00000000;0,00000000;0,00000000;0,00000000;0,00000000;0,00000000;20251113
81;5;;;DEPOSITI BANCARI;;;;8;;0,000;0,000;0,000;0,000;0,0000;0,0000;0,0000;0,00;0,000000;0,0000;0,0000;0,0000;0,00;0,0000;0,00;0,0000;0,000;0,000;0,000;0,000;0,000;0,000;0,000;0,000;0,000;0,000;0,0000;0,00;;;;;;;;;0,00000000;0,00000000;0,00000000;0,00000000;0,00000000;0,00000000;0,00000000;0,00000000;0,00000000;0,00000000;20251113
81;9;;;RIMBORSI DA REGOLARE;;;;;;0,000;0,000;0,000;0,000;0,0000;0,0000;0,0000;0,00;0,000000;0,0000;0,0000;0,0000;-421797,39;0,0000;-421797,39;0,0000;0,000;0,000;0,000;0,000;0,000;0,000;0,000;0,000;0,000;0,000;0,0000;0,00;;;;;;;;;0,00000000;0,00000000;0,00000000;0,00000000;0,00000000;0,00000000;0,00000000;0,00000000;0,00000000;0,00000000;20251113
82;IF;63412;OEZ5;EURO BOBL DEC25;EUR;;;335;;-84,000;0,000;0,000;0,000;0,0000;0,0000;0,0000;0,00;0,000000;117,9300;0,0000;0,0000;-9906120,00;0,0000;-9906120,00;0,0000;0,000;0,000;0,000;0,000;0,000;0,000;0,000;0,000;0,000;0,000;0,0000;0,00;3;;;;;;;;0,00000000;0,00000000;117,93000000;0,00000000;0,00000000;0,00000000;0,00000000;0,00000000;0,00000000;0,00000000;20251113
82;IF;63416;IKZ5;EURO BTP DEC25;EUR;;;335;;-265,000;0,000;0,000;0,000;0,0000;0,0000;0,0000;0,00;0,000000;121,1700;0,0000;0,0000;-32110050,00;0,0000;-32110050,00;0,0000;0,000;0,000;0,000;0,000;0,000;0,000;0,000;0,000;0,000;0,000;0,0000;0,00;3;;;;;;;;0,00000000;0,00000000;121,17000000;0,00000000;0,00000000;0,00000000;0,00000000;0,00000000;0,00000000;0,00000000;20251113
82;1I;63469;IT0005668220;BTPS 3,25% 15.11.2032;EUR;MTSBOT;086000;001;I;50185000,000;0,000;0,000;0,000;101,5066;101,5066;50941127,0000;50941127,00;0,000000;101,3230;101,3230;50848947,5500;50848947,55;51053620,6600;51053620,66;101,6330;-0,181;0,000;-0,181;4,996;19,240;4,491;-0,305;4,509;0,000;0,000;204673,1100;204673,11;;;;DEUR;N111111;T000;;095509      BTPS 3,25% 15.11.2032;101,50667930;101,50667930;101,32300000;101,32300000;101,63300000;50185000,00000000;0,00000000;0,00000000;0,00000000;0,00000000;20251113
82;1I;48808;IT0005596470;BTP  4,050% 2024-30/10/2037;EUR;MOT;086000;001;I;42500000,000;0,000;0,000;0,000;104,1690;104,1690;44271825,0000;44271825,00;0,000000;104,6880;104,6880;44492400,0000;44492400,00;44558601,9200;44558601,92;105,1680;0,498;0,000;0,498;4,361;16,792;3,930;-0,456;3,946;0,000;0,000;66201,9200;66201,92;;;;DEUR;N111111;T000;;096070      BTP  4,050% 2024-30/10/2037;104,16900000;104,16900000;104,68800000;104,68800000;105,16800000;42500000,00000000;0,00000000;0,00000000;0,00000000;0,00000000;20251113
82;1I;64016;IT0005676504;BTP 3,450% 2025-01/02/2036;EUR;MTS;086000;001;I;35000000,000;0,000;0,000;0,000;100,1900;100,1900;35066500,0000;35066500,00;0,000000;100,0850;100,0850;35029750,0000;35029750,00;35062562,5000;35062562,50;100,4990;-0,105;0,000;-0,105;3,431;13,214;3,094;-0,412;3,106;0,000;0,000;32812,5000;32812,50;;;;DEUR;N111111;T000;;096906      BTP 3,450% 2025-01/02/2036;100,19000000;100,19000000;100,08500000;100,08500000;100,49900000;35000000,00000000;0,00000000;0,00000000;0,00000000;0,00000000;20251113
82;1I;46541;IT0005542359;BTPS  4,000% 2023-30/10/2031;EUR;MTS;086000;001;I;32010000,000;0,000;0,000;0,000;104,3845;104,3845;33413496,0400;33413496,04;0,000000;106,4810;106,4810;34084568,1000;34084568,10;34133814,2500;34133814,25;106,7980;2,008;0,000;2,008;3,340;12,864;3,011;-0,297;3,023;0,000;0,000;49246,1500;49246,15;;;;DEUR;N111111;T000;;096989      BTPS  4,000% 2023-30/10/2031;104,38455500;104,38455500;106,48100000;106,48100000;106,79800000;32010000,00000000;0,00000000;0,00000000;0,00000000;0,00000000;20251113
82;1I;61747;IT0005648149;BTPS 3,6% 01.10.2035;EUR;MTSBOT;086000;001;I;25000000,000;0,000;0,000;0,000;100,6509;100,6509;25162729,1700;25162729,17;0,000000;101,7430;101,7430;25435750,0000;25435750,00;25542068,6800;25542068,68;102,1430;1,085;0,000;1,085;2,500;9,626;2,247;-0,392;2,256;0,000;0,000;106318,6800;106318,68;;;;DEUR;N111111;T000;;097753      BTPS 3,6% 01.10.2035;100,65091670;100,65091670;101,74300000;101,74300000;102,14300000;25000000,00000000;0,00000000;0,00000000;0,00000000;0,00000000;20251113
82;1I;39057;IT0005413171;BTPS 1.65% 2020/01.12.2030;EUR;MTS;086000;001;I;22500000,000;0,000;0,000;0,000;92,7980;92,7980;20879550,0000;20879550,00;0,000000;95,1350;95,1350;21405375,0000;21405375,00;21572741,8000;21572741,80;95,3650;2,518;0,000;2,518;2,111;8,130;1,891;-0,241;1,898;0,000;0,000;167366,8000;167366,80;;;;DEUR;N111111;T000;;098109      BTPS 1.65% 2020/01.12.2030;92,79800000;92,79800000;95,13500000;95,13500000;95,36500000;22500000,00000000;0,00000000;0,00000000;0,00000000;0,00000000;20251113
82;1I;45169;IT0005508590;BTP 4% 2022/30.04.2035;EUR;MOT;086000;001;I;11175000,000;0,000;0,000;0,000;105,0530;105,0530;11739672,7500;11739672,75;0,000000;105,9840;105,9840;11843712,0000;11843712,00;11860904,3100;11860904,31;106,4560;0,886;0,000;0,886;1,161;4,470;1,046;-0,443;1,050;0,000;0,000;17192,3100;17192,31;;;;DEUR;N111111;T000;;098954      BTP 4% 2022/30.04.2035;105,05300000;105,05300000;105,98400000;105,98400000;106,45600000;11175000,00000000;0,00000000;0,00000000;0,00000000;0,00000000;20251113
82;1I;61681;IT0005647265;BTPS 3,250% 2025-15/07/2032;EUR;MTS;086000;001;I;8500000,000;0,000;0,000;0,000;101,9200;101,9200;8663200,0000;8663200,00;0,000000;101,6010;101,6010;8636085,0000;8636085,00;8729919,9000;8729919,90;101,9070;-0,313;0,000;-0,313;0,854;3,290;0,763;-0,300;0,766;0,000;0,000;93834,9000;93834,90;;;;DEUR;N111111;T000;;099237      BTPS 3,250% 2025-15/07/2032;101,92000000;101,92000000;101,60100000;101,60100000;101,90700000;8500000,00000000;0,00000000;0,00000000;0,00000000;0,00000000;20251113
82;1I;40175;IT0005438004;BTP 1,5%  2021-30.04.2045;EUR;MOT;086000;001;I;11000000,000;0,000;0,000;0,000;67,3880;67,3880;7412680,0000;7412680,00;0,000000;66,7800;66,7800;7345800,0000;7345800,00;7352146,1500;7352146,15;67,3130;-0,902;0,000;-0,902;0,719;2,771;0,649;-0,792;0,651;0,000;0,000;6346,1500;6346,15;;;;DEUR;N111111;T000;;099351      BTP 1,5%  2021-30.04.2045;67,38800000;67,38800000;66,78000000;66,78000000;67,31300000;11000000,00000000;0,00000000;0,00000000;0,00000000;0,00000000;20251113
82;1I;62859;IT0005657330;BTPS 2,100% 2025-26/08/2027;EUR;MTSBOT;086000;001;I;5000000,000;0,000;0,000;0,000;99,9300;99,9300;4996500,0000;4996500,00;0,000000;99,8100;99,8100;4990500,0000;4990500,00;5013040,7600;5013040,76;99,8860;-0,120;0,000;-0,120;0,491;1,889;0,441;-0,076;0,443;0,000;0,000;22540,7600;22540,76;;;;DEUR;N111111;T000;;099559      BTPS 2,100% 2025-26/08/2027;99,93000000;99,93000000;99,81000000;99,81000000;99,88600000;5000000,00000000;0,00000000;0,00000000;0,00000000;0,00000000;20251113
82;1I;49814;IT0005607970;BTPS 3,850% 2024-01/02/2035;EUR;MTSBOT;086000;001;I;3450000,000;0,000;0,000;0,000;102,3500;102,3500;3531075,0000;3531075,00;0,000000;104,3020;104,3020;3598419,0000;3598419,00;3635956,5000;3635956,50;104,6930;1,907;0,000;1,907;0,356;1,370;0,318;-0,373;0,319;0,000;0,000;37537,5000;37537,50;;;;DEUR;N111111;T000;;099682      BTPS 3,850% 2024-01/02/2035;102,35000000;102,35000000;104,30200000;104,30200000;104,69300000;3450000,00000000;0,00000000;0,00000000;0,00000000;0,00000000;20251113
82;1I;46612;AT0000A33SH3;REP OF AUSTRIA 2,900% 2023-23/05/2029;EUR;VIENNA;008000;100;I;41444000,000;0,000;0,000;0,000;102,1390;102,1390;42330487,1600;42330487,16;0,000000;102,1630;102,1630;42340433,7200;42340433,72;42913382,8300;42913382,83;102,2590;0,023;0,000;0,023;4,200;62,522;3,740;-0,094;3,755;0,000;0,000;572949,1100;572949,11;;;;DEUR;N008000;T100;;096260      REP OF AUSTRIA 2,900% 2023-23/05/2029;102,13900000;102,13900000;102,16300000;102,16300000;102,25900000;41444000,00000000;0,00000000;0,00000000;0,00000000;0,00000000;20251113
82;1I;63384;AT0000A3MUA7;AUSTRIAN T-BILL ZC 2025-27/11/2025;EUR;VIENNA;008000;100;I;25000000,000;0,000;0,000;0,000;99,5065;99,5065;24876645,5000;24876645,50;0,000000;99,9460;99,9460;24880766,6700;24880766,67;24986500,0000;24986500,00;99,9310;0,017;0,000;0,017;2,445;36,404;2,198;0,015;2,206;0,000;0,000;105733,3300;105733,33;;;;DEUR;N008000;T100;;097802      AUSTRIAN T-BILL ZC 2025-27/11/2025;99,50658200;99,50658200;99,94600000;99,94600000;99,93100000;25000000,00000000;0,00000000;0,00000000;0,00000000;0,00000000;20251113
82;1I;46204;BE0000358672;BELGIUM KINGDOM 3,300% 2023-22/06/2054;EUR;LUXEMBOURG;009000;100;I;20000000,000;0,000;0,000;0,000;95,6580;95,6580;19131600,0000;19131600,00;0,000000;86,2840;86,2840;17256800,0000;17256800,00;17517183,5600;17517183,56;87,1260;-9,799;0,000;-9,799;1,714;71,382;1,524;-0,966;1,530;0,000;0,000;260383,5600;260383,56;;;;DEUR;N009000;T100;;098476      BELGIUM KINGDOM 3,300% 2023-22/06/2054;95,65800000;95,65800000;86,28400000;86,28400000;87,12600000;20000000,00000000;0,00000000;0,00000000;0,00000000;0,00000000;20251113
82;1I;45229;BE0000356650;BELGIUM  KINGDOM 2.75% 202/22.04.2039;EUR;LUXEMBOURG;009000;100;I;6900000,000;0,000;0,000;0,000;94,7300;94,7300;6536370,0000;6536370,00;0,000000;91,7240;91,7240;6328956,0000;6328956,00;6435527,9200;6435527,92;92,2200;-3,173;0,000;-3,173;0,630;26,225;0,559;-0,538;0,561;0,000;0,000;106571,9200;106571,92;;;;DEUR;N009000;T100;;099441      BELGIUM  KINGDOM 2.75% 202/22.04.2039;94,73000000;94,73000000;91,72400000;91,72400000;92,22000000;6900000,00000000;0,00000000;0,00000000;0,00000000;0,00000000;20251113
82;1I;28193;FR0013234333;FRANCE O.A.T 1,75% 2016/25.06.2039;EUR;PARIGI;029000;100;I;50000000,000;0,000;0,000;0,000;80,3140;80,3140;40157000,0000;40157000,00;0,000000;79,3710;79,3710;39685500,0000;39685500,00;40023513,7000;40023513,70;79,7320;-1,174;0,000;-1,174;3,917;25,412;3,505;-0,453;3,519;0,000;0,000;338013,7000;338013,70;;;;DEUR;N029000;T100;;096495      FRANCE O.A.T 1,75% 2016/25.06.2039;80,31400000;80,31400000;79,37100000;79,37100000;79,73200000;50000000,00000000;0,00000000;0,00000000;0,00000000;0,00000000;20251113
82;1I;61155;FR001400X8V5;FRANCE GOVT 3,200% 2025-25/05/2035;EUR;PARIGI;029000;100;I;34500000,000;0,000;0,000;0,000;98,7413;98,7413;34065750,0100;34065750,01;0,000000;98,7930;98,7930;34083585,0000;34083585,00;34603826,1000;34603826,10;99,1060;0,052;0,000;0,052;3,386;21,971;3,010;-0,316;3,023;0,000;0,000;520241,1000;520241,10;;;;DEUR;N029000;T100;;096990      FRANCE GOVT 3,200% 2025-25/05/2035;98,74130440;98,74130440;98,79300000;98,79300000;99,10600000;34500000,00000000;0,00000000;0,00000000;0,00000000;0,00000000;20251113
82;1I;40325;FR0014002JM6;FRANCE OAT  0,500% 2020-25/06/2044;EUR;MTS;029000;100;I;11322000,000;0,000;0,000;0,000;58,1010;58,1010;6578195,2200;6578195,22;0,000000;54,9820;54,9820;6225062,0400;6225062,04;6246930,5600;6246930,56;55,3850;-5,368;0,000;-5,368;0,611;3,966;0,550;-0,728;0,552;0,000;0,000;21868,5200;21868,52;;;;DEUR;N029000;T100;;099450      FRANCE OAT  0,500% 2020-25/06/2044;58,10100000;58,10100000;54,98200000;54,98200000;55,38500000;11322000,00000000;0,00000000;0,00000000;0,00000000;0,00000000;20251113
82;1I;33142;IE00BFZRQ242;IRISH 1,35% 2018/18.03.2031;EUR;DUBLINO;040000;100;I;20000000,000;0,000;0,000;0,000;94,1280;94,1280;18825600,0000;18825600,00;0,000000;94,5730;94,5730;18914600,0000;18914600,00;19092134,2500;19092134,25;94,7740;0,473;0,000;0,473;1,868;100,000;1,671;-0,212;1,677;0,000;0,000;177534,2500;177534,25;;;;DEUR;N040000;T100;;098329      IRISH 1,35% 2018/18.03.2031;94,12800000;94,12800000;94,57300000;94,57300000;94,77400000;20000000,00000000;0,00000000;0,00000000;0,00000000;0,00000000;20251113
82;1I;35096;NL0013552060;NETHERLAND 0.50% 2019/15.01.2040;EUR;AMSTERDAM;050000;100;I;22000000,000;0,000;0,000;0,000;71,1986;71,1986;15663700,0000;15663700,00;0,000000;70,2870;70,2870;15463140,0000;15463140,00;15554153,7000;15554153,70;70,7400;-1,280;0,000;-1,280;1,522;28,745;1,366;-0,640;1,371;0,000;0,000;91013,7000;91013,70;;;;DEUR;N050000;T100;;098634      NETHERLAND 0.50% 2019/15.01.2040;71,19863640;71,19863640;70,28700000;70,28700000;70,74000000;22000000,00000000;0,00000000;0,00000000;0,00000000;0,00000000;20251113
82;1I;31930;PTOTEWOE0017;PORTUGAL 2,25% 2018/18.04.2034;EUR;LISBONA;055000;100;I;2000000,000;0,000;0,000;0,000;95,8810;95,8810;1917620,0000;1917620,00;0,000000;95,2500;95,2500;1905000,0000;1905000,00;1930767,1200;1930767,12;95,5840;-0,658;0,000;-0,658;0,189;9,220;0,168;-0,349;0,169;0,000;0,000;25767,1200;25767,12;;;;DEUR;N055000;T100;;099832      PORTUGAL 2,25% 2018/18.04.2034;95,88100000;95,88100000;95,25000000;95,25000000;95,58400000;2000000,00000000;0,00000000;0,00000000;0,00000000;0,00000000;20251113
82;1I;39911;PTOTECOE0037;PORTUGAL-OT 12-4-2052 1% EUR;EUR;LUXEMBOURG;055000;100;I;3000000,000;0,000;0,000;0,000;59,1530;59,1530;1774590,0000;1774590,00;0,000000;54,2940;54,2940;1628820,0000;1628820,00;1646491,2300;1646491,23;54,7870;-8,214;0,000;-8,214;0,161;7,862;0,144;-0,900;0,144;0,000;0,000;17671,2300;17671,23;;;;DEUR;N055000;T100;;099856      PORTUGAL-OT 12-4-2052 1% EUR;59,15300000;59,15300000;54,29400000;54,29400000;54,78700000;3000000,00000000;0,00000000;0,00000000;0,00000000;0,00000000;20251113
82;1I;41969;ES0000012J07;SPAIN BONOS % 2021/30.07.2042;EUR;AIAF;067000;100;I;40000000,000;0,000;0,000;0,000;66,8976;66,8976;26759050,0000;26759050,00;0,000000;66,9220;66,9220;26768800,0000;26768800,00;26884964,3800;26884964,38;67,3970;0,036;0,000;0,036;2,631;28,858;2,364;-0,705;2,374;0,000;0,000;116164,3800;116164,38;;;;DEUR;N067000;T100;;097636      SPAIN BONOS % 2021/30.07.2042;66,89762500;66,89762500;66,92200000;66,92200000;67,39700000;40000000,00000000;0,00000000;0,00000000;0,00000000;0,00000000;20251113
82;1I;37577;ES0000012G26;SPAIN BONOS 0.80% 2020/ 30.07.2027;EUR;MADRID;067000;100;I;20000000,000;0,000;0,000;0,000;96,1930;96,1930;19238600,0000;19238600,00;0,000000;97,8800;97,8800;19576000,0000;19576000,00;19622465,7500;19622465,75;97,9410;1,754;0,000;1,754;1,920;21,062;1,729;-0,062;1,736;0,000;0,000;46465,7500;46465,75;;;;DEUR;N067000;T100;;098271      SPAIN BONOS 0.80% 2020/ 30.07.2027;96,19300000;96,19300000;97,88000000;97,88000000;97,94100000;20000000,00000000;0,00000000;0,00000000;0,00000000;0,00000000;20251113
82;1I;34219;ES0000012E69;SPAIN BONOS 1.85% 2019/30.07.2035;EUR;MADRID;067000;100;I;15000000,000;0,000;0,000;0,000;89,5560;89,5560;13433400,0000;13433400,00;0,000000;89,3450;89,3450;13401750,0000;13401750,00;13482339,0400;13482339,04;89,7000;-0,236;0,000;-0,236;1,319;14,472;1,184;-0,396;1,188;0,000;0,000;80589,0400;80589,04;;;;DEUR;N067000;T100;;098816      SPAIN BONOS 1.85% 2019/30.07.2035;89,55600000;89,55600000;89,34500000;89,34500000;89,70000000;15000000,00000000;0,00000000;0,00000000;0,00000000;0,00000000;20251113
82;1I;38523;ES0000012G34;SPAIN BONOS 1.25% 2020/31.10.2030;EUR;MADRID;067000;100;I;7000000,000;0,000;0,000;0,000;92,5460;92,5460;6478220,0000;6478220,00;0,000000;93,9960;93,9960;6579720,0000;6579720,00;6582836,4400;6582836,44;94,2060;1,567;0,000;1,567;0,644;7,066;0,581;-0,223;0,583;0,000;0,000;3116,4400;3116,44;;;;DEUR;N067000;T100;;099419      SPAIN BONOS 1.25% 2020/31.10.2030;92,54600000;92,54600000;93,99600000;93,99600000;94,20600000;7000000,00000000;0,00000000;0,00000000;0,00000000;0,00000000;20251113
82;1I;37992;ES0000012G42;SPAIN BONOS 1,200% 2020-31/10/2040;EUR;MADRID;067000;100;I;9000000,000;0,000;0,000;0,000;72,9930;72,9930;6569370,0000;6569370,00;0,000000;72,5550;72,5550;6529950,0000;6529950,00;6533796,5800;6533796,58;73,0240;-0,600;0,000;-0,600;0,639;7,013;0,577;-0,642;0,579;0,000;0,000;3846,5800;3846,58;;;;DEUR;N067000;T100;;099423      SPAIN BONOS 1,200% 2020-31/10/2040;72,99300000;72,99300000;72,55500000;72,55500000;73,02400000;9000000,00000000;0,00000000;0,00000000;0,00000000;0,00000000;20251113
82;1I;27021;ES00000128E2;SPAIN BONOS 3.45% 2016 - 30/07/2066;EUR;MADRID;067000;100;I;7000000,000;0,000;0,000;0,000;93,7390;93,7390;6561730,0000;6561730,00;0,000000;87,3980;87,3980;6117860,0000;6117860,00;6187994,2500;6187994,25;88,2530;-6,765;0,000;-6,765;0,606;6,642;0,540;-0,969;0,543;0,000;0,000;70134,2500;70134,25;;;;DEUR;N067000;T100;;099460      SPAIN BONOS 3.45% 2016 - 30/07/2066;93,73900000;93,73900000;87,39800000;87,39800000;88,25300000;7000000,00000000;0,00000000;0,00000000;0,00000000;0,00000000;20251113
82;1I;44811;ES0000012K61;SPAIN BONOS ZC 2.55% 2022/31.10.2032;EUR;AIAF;067000;100;I;6000000,000;0,000;0,000;0,000;97,9350;97,9350;5876100,0000;5876100,00;0,000000;98,3020;98,3020;5898120,0000;5898120,00;5903569,3200;5903569,32;98,5950;0,375;0,000;0,375;0,578;6,337;0,521;-0,297;0,523;0,000;0,000;5449,3200;5449,32;;;;DEUR;N067000;T100;;099479      SPAIN BONOS ZC 2.55% 2022/31.10.2032;97,93500000;97,93500000;98,30200000;98,30200000;98,59500000;6000000,00000000;0,00000000;0,00000000;0,00000000;0,00000000;20251113
82;1I;10177;ES00000120N0;SPAIN BONOS 4,9% 2007/30.7.2040;EUR;AIAF;067000;100;I;5000000,000;0,000;0,000;0,000;117,7480;117,7480;5887400,0000;5887400,00;0,000000;115,0670;115,0670;5753350,0000;5753350,00;5824500,6800;5824500,68;115,6570;-2,277;0,000;-2,277;0,570;6,252;0,508;-0,510;0,510;0,000;0,000;71150,6800;71150,68;;;;DEUR;N067000;T100;;099492      SPAIN BONOS 4,9% 2007/30.7.2040;117,74800000;117,74800000;115,06700000;115,06700000;115,65700000;5000000,00000000;0,00000000;0,00000000;0,00000000;0,00000000;20251113
82;1I;43456;ES0000012K46;SPAIN BONOS 1.9% 2022/31.10.2052;EUR;AIAF;067000;100;I;2500000,000;0,000;0,000;0,000;70,0700;70,0700;1751750,0000;1751750,00;0,000000;66,5600;66,5600;1664000,0000;1664000,00;1665691,7800;1665691,78;67,2050;-5,009;0,000;-5,009;0,163;1,788;0,147;-0,960;0,148;0,000;0,000;1691,7800;1691,78;;;;DEUR;N067000;T100;;099853      SPAIN BONOS 1.9% 2022/31.10.2052;70,07000000;70,07000000;66,56000000;66,56000000;67,20500000;2500000,00000000;0,00000000;0,00000000;0,00000000;0,00000000;20251113
82;1I;36809;ES0000012F76;SPAIN BONOS 0.50% 2020/30.04.2030;EUR;MADRID;067000;100;I;311000,000;0,000;0,000;0,000;89,7570;89,7570;279144,2700;279144,27;0,000000;91,7590;91,7590;285370,4900;285370,49;286209,7600;286209,76;91,9370;2,230;0,000;2,230;0,028;0,307;0,025;-0,194;0,025;0,000;0,000;839,2700;839,27;;;;DEUR;N067000;T100;;099975      SPAIN BONOS 0.50% 2020/30.04.2030;89,75700000;89,75700000;91,75900000;91,75900000;91,93700000;311000,00000000;0,00000000;0,00000000;0,00000000;0,00000000;20251113
82;1I;48904;DE000BU35025;BUNDESOBLIGATION  2,100% 2024-12/04/2029;EUR;FRANCOFORT;094000;100;I;73500000,000;0,000;0,000;0,000;99,9703;99,9703;73478190,0000;73478190,00;0,000000;99,8740;99,8740;73407390,0000;73407390,00;74316574,9300;74316574,93;99,9960;-0,096;0,000;-0,096;7,273;28,635;6,484;-0,122;6,510;0,000;0,000;909184,9300;909184,93;;;;DEUR;N094000;T100;;093516      BUNDESOBLIGATION  2,100% 2024-12/04/2029;99,97032650;99,97032650;99,87400000;99,87400000;99,99600000;73500000,00000000;0,00000000;0,00000000;0,00000000;0,00000000;20251113
82;1I;46637;DE000BU3Z005;BUNDESREPUBLIC 2,300% 2023-15/02/2033;EUR;FRANCOFORT;094000;100;I;70000000,000;0,000;0,000;0,000;100,2240;100,2240;70156800,0000;70156800,00;0,000000;98,8000;98,8000;69160000,0000;69160000,00;70355369,8600;70355369,86;99,0870;-1,421;0,000;-1,421;6,885;27,108;6,109;-0,290;6,133;0,000;0,000;1195369,8600;1195369,86;;;;DEUR;N094000;T100;;093891      BUNDESREPUBLIC 2,300% 2023-15/02/2033;100,22400000;100,22400000;98,80000000;98,80000000;99,08700000;70000000,00000000;0,00000000;0,00000000;0,00000000;0,00000000;20251113
82;1I;45149;DE0001030740;BUNDESREPUBLIK 1,300% 2022-15/10/2027;EUR;FRANCOFORT;094000;100;I;38000000,000;0,000;0,000;0,000;98,7721;98,7721;37533432,7100;37533432,71;0,000000;98,7430;98,7430;37522340,0000;37522340,00;37561589,3200;37561589,32;98,7810;-0,030;0,000;-0,030;3,676;14,473;3,314;-0,038;3,327;0,000;0,000;39249,3200;39249,32;;;;DEUR;N094000;T100;;096686      BUNDESREPUBLIK 1,300% 2022-15/10/2027;98,77219130;98,77219130;98,74300000;98,74300000;98,78100000;38000000,00000000;0,00000000;0,00000000;0,00000000;0,00000000;20251113
82;1I;38532;DE0001030708;BUNDESREPUBLIK 0% 2020/15.08.2030;EUR;LUXEMBOURG;094000;100;I;36800000,000;0,000;0,000;0,000;89,0620;89,0620;32774816,0000;32774816,00;0,000000;90,0570;90,0570;33140976,0000;33140976,00;33140976,0000;33140976,00;90,2270;1,117;0,000;1,117;3,243;12,769;2,927;-0,188;2,939;0,000;0,000;0,0000;0,00;;;;DEUR;N094000;T100;;097073      BUNDESREPUBLIK 0% 2020/15.08.2030;89,06200000;89,06200000;90,05700000;90,05700000;90,22700000;36800000,00000000;0,00000000;0,00000000;0,00000000;0,00000000;20251113
82;1I;41972;DE0001030732;BUNDESREPUBLIK 0% 2021/15.08.2031;EUR;FRANCOFORT;094000;100;I;20000000,000;0,000;0,000;0,000;86,9090;86,9090;17381800,0000;17381800,00;0,000000;87,6220;87,6220;17524400,0000;17524400,00;17524400,0000;17524400,00;87,8380;0,820;0,000;0,820;1,715;6,752;1,548;-0,246;1,554;0,000;0,000;0,0000;0,00;;;;DEUR;N094000;T100;;098452      BUNDESREPUBLIK 0% 2021/15.08.2031;86,90900000;86,90900000;87,62200000;87,62200000;87,83800000;20000000,00000000;0,00000000;0,00000000;0,00000000;0,00000000;20251113
82;1I;40880;DE0001030724;BUNDES  ZC 2021/15.08.2050;EUR;FRANCOFORT;094000;100;I;25400000,000;0,000;0,000;0,000;52,6170;52,6170;13364718,0000;13364718,00;0,000000;45,4180;45,4180;11536172,0000;11536172,00;11536172,0000;11536172,00;45,9620;-13,682;0,000;-13,682;1,129;4,445;1,019;-1,184;1,023;0,000;0,000;0,0000;0,00;;;;DEUR;N094000;T100;;098981      BUNDES  ZC 2021/15.08.2050;52,61700000;52,61700000;45,41800000;45,41800000;45,96200000;25400000,00000000;0,00000000;0,00000000;0,00000000;0,00000000;20251113
82;1I;41448;SI0002104196;REP  OF SLOVENIA 0.125% 21-01.07.31;EUR;LUBIANA;260000;100;I;4390000,000;0,000;0,000;0,000;85,0350;85,0350;3733036,5000;3733036,50;0,000000;87,6900;87,6900;3849591,0000;3849591,00;3851620,6200;3851620,62;87,9070;3,122;0,000;3,122;0,377;100,000;0,340;-0,247;0,341;0,000;0,000;2029,6200;2029,62;;;;DEUR;N260000;T100;;099660      REP  OF SLOVENIA 0.125% 21-01.07.31;85,03500000;85,03500000;87,69000000;87,69000000;87,90700000;4390000,00000000;0,00000000;0,00000000;0,00000000;0,00000000;20251113
82;1I;44551;XS2489343793;KOMMUNEKREDIT 1.5% 2022/16.05.2029;EUR;LUXEMBOURG;021000;301;I;5900000,000;0,000;0,000;0,000;96,1040;96,1040;5670136,0000;5670136,00;0,000000;96,9010;96,9010;5717159,0000;5717159,00;5761045,3000;5761045,30;97,0310;0,829;0,000;0,829;0,564;44,410;0,505;-0,134;0,507;0,000;0,000;43886,3000;43886,30;;;;DEUR;N021000;T200;;099495      KOMMUNEKREDIT 1.5% 2022/16.05.2029;96,10400000;96,10400000;96,90100000;96,90100000;97,03100000;5900000,00000000;0,00000000;0,00000000;0,00000000;0,00000000;20251113
82;1I;45694;XS2563353361;ORSTED A/S  5,250% 2022-31.12.2049;EUR;LUXEMBOURG;021000;301;I;2500000,000;0,000;0,000;0,000;103,3760;103,3760;2584400,0000;2584400,00;0,000000;102,1500;102,1500;2553750,0000;2553750,00;2676010,2700;2676010,27;102,1720;-1,186;0,000;-1,186;0,262;20,629;0,226;-0,022;0,226;0,000;0,000;122260,2700;122260,27;;;;DEUR;N021000;T200;;099774      ORSTED A/S  5,250% 2022-31.12.2049;103,37600000;103,37600000;102,15000000;102,15000000;102,17200000;2500000,00000000;0,00000000;0,00000000;0,00000000;0,00000000;20251113
82;1I;39984;XS2293075680;ORSTED 1.50% 2021/18.02.2051;EUR;LUXEMBOURG;021000;301;I;2000000,000;0,000;0,000;0,000;83,6250;83,6250;1672500,0000;1672500,00;0,000000;84,8000;84,8000;1696000,0000;1696000,00;1718027,4000;1718027,40;84,8010;1,405;0,000;1,405;0,168;13,244;0,150;-0,001;0,150;0,000;0,000;22027,4000;22027,40;;;;DEUR;N021000;T200;;099850      ORSTED 1.50% 2021/18.02.2051;83,62500000;83,62500000;84,80000000;84,80000000;84,80100000;2000000,00000000;0,00000000;0,00000000;0,00000000;0,00000000;20251113
82;1I;36584;XS2010036874;ORSTED A/S 1.75% 2019/09.12.20.3019;EUR;LUXEMBOURG;021000;301;I;1500000,000;0,000;0,000;0,000;93,8510;93,8510;1407765,0000;1407765,00;0,000000;95,6970;95,6970;1435455,0000;1435455,00;1459835,1400;1459835,14;95,6980;1,967;0,000;1,967;0,143;11,253;0,127;-0,001;0,127;0,000;0,000;24380,1400;24380,14;;;;DEUR;N021000;T200;;099873      ORSTED A/S 1.75% 2019/09.12.20.3019;93,85100000;93,85100000;95,69700000;95,69700000;95,69800000;1500000,00000000;0,00000000;0,00000000;0,00000000;0,00000000;20251113
82;1I;46225;XS2591029876;ORSTED A/S 3,750% 2023-01/03/2030;EUR;LUXEMBOURG;021000;301;I;1300000,000;0,000;0,000;0,000;102,7150;102,7150;1335295,0000;1335295,00;0,000000;101,7770;101,7770;1323101,0000;1323101,00;1357426,3400;1357426,34;101,9410;-0,913;0,000;-0,913;0,133;10,464;0,117;-0,161;0,117;0,000;0,000;34325,3400;34325,34;;;;DEUR;N021000;T200;;099883      ORSTED A/S 3,750% 2023-01/03/2030;102,71500000;102,71500000;101,77700000;101,77700000;101,94100000;1300000,00000000;0,00000000;0,00000000;0,00000000;0,00000000;20251113
82;1I;46138;XS2488809612;NOKIA   4,375% 2023-21/08/2031;EUR;FIPS;028000;301;I;3000000,000;0,000;0,000;0,000;104,4490;104,4490;3133470,0000;3133470,00;0,000000;104,6600;104,6600;3139800,0000;3139800,00;3170005,4800;3170005,48;104,9230;0,202;0,000;0,202;0,310;50,716;0,277;-0,251;0,278;0,000;0,000;30205,4800;30205,48;;;;DEUR;N028000;T200;;099723      NOKIA   4,375% 2023-21/08/2031;104,44900000;104,44900000;104,66000000;104,66000000;104,92300000;3000000,00000000;0,00000000;0,00000000;0,00000000;0,00000000;20251113
82;1I;37637;XS2171872570;NOKIA OYJ 3,125% 2020/15.05.2028;EUR;DUBLINO;028000;301;I;2000000,000;0,000;0,000;0,000;100,1730;100,1730;2003460,0000;2003460,00;0,000000;100,8410;100,8410;2016820,0000;2016820,00;2047984,3800;2047984,38;100,8810;0,667;0,000;0,667;0,200;32,765;0,178;-0,040;0,179;0,000;0,000;31164,3800;31164,38;;;;DEUR;N028000;T200;;099822      NOKIA OYJ 3,125% 2020/15.05.2028;100,17300000;100,17300000;100,84100000;100,84100000;100,88100000;2000000,00000000;0,00000000;0,00000000;0,00000000;0,00000000;20251113
82;1I;39333;XS2265360359;STORA ENSO 0.625% 2020/02.12.2030;EUR;LUXEMBOURG;028000;301;I;300000,000;0,000;0,000;0,000;85,2100;85,2100;255630,0000;255630,00;0,000000;89,3280;89,3280;267984,0000;267984,00;269761,4000;269761,40;89,4760;4,833;0,000;4,833;0,026;4,316;0,024;-0,165;0,024;0,000;0,000;1777,4000;1777,40;;;;DEUR;N028000;T200;;099976      STORA ENSO 0.625% 2020/02.12.2030;85,21000000;85,21000000;89,32800000;89,32800000;89,47600000;300000,00000000;0,00000000;0,00000000;0,00000000;0,00000000;20251113
82;1I;41183;FR0014004016;CADES 0% 2021 25/11/206;EUR;LUXEMBOURG;029000;301;I;20400000,000;0,000;0,000;0,000;95,6160;95,6160;19505664,0000;19505664,00;0,000000;97,8140;97,8140;19954056,0000;19954056,00;19954056,0000;19954056,00;97,8140;2,299;0,000;2,299;1,953;12,670;1,762;0,000;1,770;0,000;0,000;0,0000;0,00;;;;DEUR;N029000;T200;;098238      CADES 0% 2021 25/11/206;95,61600000;95,61600000;97,81400000;97,81400000;97,81400000;20400000,00000000;0,00000000;0,00000000;0,00000000;0,00000000;20251113
82;1I;41157;FR0014003YN1;AGENCE FRANCAISE DEV 0,01% 2021/25.11.28;EUR;PARIGI;029000;301;I;16000000,000;0,000;0,000;0,000;89,7100;89,7100;14353600,0000;14353600,00;0,000000;92,5260;92,5260;14804160,0000;14804160,00;14805707,4000;14805707,40;92,5870;3,139;0,000;3,139;1,449;9,401;1,308;-0,066;1,313;0,000;0,000;1547,4000;1547,40;;;;DEUR;N029000;T200;;098692      AGENCE FRANCAISE DEV 0,01% 2021/25.11.28;89,71000000;89,71000000;92,52600000;92,52600000;92,58700000;16000000,00000000;0,00000000;0,00000000;0,00000000;0,00000000;20251113
82;1I;43209;FR0014007RB1;CAISSE AMORT DETTE  0,45% 2022/19.01.203;EUR;PARIGI;029000;301;I;10700000,000;0,000;0,000;0,000;84,2030;84,2030;9009721,0000;9009721,00;0,000000;86,2180;86,2180;9225326,0000;9225326,00;9264637,5100;9264637,51;86,4130;2,393;0,000;2,393;0,907;5,882;0,815;-0,226;0,818;0,000;0,000;39311,5100;39311,51;;;;DEUR;N029000;T200;;099185      CAISSE AMORT DETTE  0,45% 2022/19.01.203;84,20300000;84,20300000;86,21800000;86,21800000;86,41300000;10700000,00000000;0,00000000;0,00000000;0,00000000;0,00000000;20251113
82;1I;42158;FR0014005NA6;AFD 0.125% 2021/29.09.2031;EUR;PARIGI;029000;301;I;9000000,000;0,000;0,000;0,000;81,8530;81,8530;7366770,0000;7366770,00;0,000000;83,9480;83,9480;7555320,0000;7555320,00;7556706,9900;7556706,99;84,1440;2,559;0,000;2,559;0,740;4,798;0,667;-0,233;0,670;0,000;0,000;1386,9900;1386,99;;;;DEUR;N029000;T200;;099333      AFD 0.125% 2021/29.09.2031;81,85300000;81,85300000;83,94800000;83,94800000;84,14400000;9000000,00000000;0,00000000;0,00000000;0,00000000;0,00000000;20251113
82;1I;44194;FR001400A3H2;CAISSE AMORT DET 1.5% 2022/25.05.2032;EUR;PARIGI;029000;301;I;6500000,000;0,000;0,000;0,000;90,1050;90,1050;5856825,0000;5856825,00;0,000000;91,2780;91,2780;5933070,0000;5933070,00;5979015,2100;5979015,21;91,5070;1,302;0,000;1,302;0,585;3,796;0,524;-0,250;0,526;0,000;0,000;45945,2100;45945,21;;;;DEUR;N029000;T200;;099476      CAISSE AMORT DET 1.5% 2022/25.05.2032;90,10500000;90,10500000;91,27800000;91,27800000;91,50700000;6500000,00000000;0,00000000;0,00000000;0,00000000;0,00000000;20251113
82;1I;40673;FR00140033E4;CAISSE FRANCAISE DE FIN0,01% 21/27.04.29;EUR;PARIGI;029000;301;I;5500000,000;0,000;0,000;0,000;88,7960;88,7960;4883780,0000;4883780,00;0,000000;91,5370;91,5370;5034535,0000;5034535,00;5034836,3700;5034836,37;91,6070;3,087;0,000;3,087;0,493;3,197;0,445;-0,076;0,446;0,000;0,000;301,3700;301,37;;;;DEUR;N029000;T200;;099555      CAISSE FRANCAISE DE FIN0,01% 21/27.04.29;88,79600000;88,79600000;91,53700000;91,53700000;91,60700000;5500000,00000000;0,00000000;0,00000000;0,00000000;0,00000000;20251113
82;1I;40332;XS2312733871;FORVIA EX FAURECIA 2,375% 21-15.06.2029;EUR;DUBLINO;029000;301;I;2500000,000;0,000;0,000;0,000;89,5330;89,5330;2238325,0000;2238325,00;0,000000;96,4450;96,4450;2411125,0000;2411125,00;2435534,7200;2435534,72;96,4760;7,720;0,000;7,720;0,238;1,546;0,213;-0,032;0,214;0,000;0,000;24409,7200;24409,72;;;;DEUR;N029000;T200;;099787      FORVIA EX FAURECIA 2,375% 21-15.06.2029;89,53300000;89,53300000;96,44500000;96,44500000;96,47600000;2500000,00000000;0,00000000;0,00000000;0,00000000;0,00000000;20251113
82;1I;38859;FR00140005L7;ORANGE SA 1.75% 2020/31.12.2049;EUR;PARIGI;029000;301;I;2500000,000;0,000;0,000;0,000;92,8860;92,8860;2322150,0000;2322150,00;0,000000;95,7070;95,7070;2392675,0000;2392675,00;2396151,0300;2396151,03;95,7230;3,037;0,000;3,037;0,234;1,521;0,211;-0,017;0,212;0,000;0,000;3476,0300;3476,03;;;;DEUR;N029000;T200;;099789      ORANGE SA 1.75% 2020/31.12.2049;92,88600000;92,88600000;95,70700000;95,70700000;95,72300000;2500000,00000000;0,00000000;0,00000000;0,00000000;0,00000000;20251113
82;1I;37625;FR0013512233;KLEPIERRE 2% 2020/12.05.2029;EUR;PARIGI;029000;301;I;2000000,000;0,000;0,000;0,000;96,4790;96,4790;1929580,0000;1929580,00;0,000000;96,9870;96,9870;1939740,0000;1939740,00;1960013,9700;1960013,97;97,0760;0,527;0,000;0,527;0,192;1,244;0,171;-0,092;0,172;0,000;0,000;20273,9700;20273,97;;;;DEUR;N029000;T200;;099829      KLEPIERRE 2% 2020/12.05.2029;96,47900000;96,47900000;96,98700000;96,98700000;97,07600000;2000000,00000000;0,00000000;0,00000000;0,00000000;0,00000000;20251113
82;1I;42502;XS2405483301;FORVIA EX FAURECIA 2,750% 15/02/2027;EUR;DUBLINO;029000;301;I;1656000,000;0,000;0,000;0,000;95,9690;95,9690;1589246,6400;1589246,64;0,000000;99,4920;99,4920;1647587,5200;1647587,52;1666309,5200;1666309,52;99,4910;3,671;0,000;3,671;0,163;1,058;0,146;0,001;0,146;0,000;0,000;18722,0000;18722,00;;;;DEUR;N029000;T200;;099854      FORVIA EX FAURECIA 2,750% 15/02/2027;95,96900000;95,96900000;99,49200000;99,49200000;99,49100000;1656000,00000000;0,00000000;0,00000000;0,00000000;0,00000000;20251113
82;1I;63669;FR0014010DR1;RENAULT SA 3,875% 2025-30/09/2030;EUR;DUBLINO;029000;301;I;1000000,000;0,000;0,000;0,000;100,0000;100,0000;1000000,0000;1000000,00;0,000000;100,0910;100,0910;1000910,0000;1000910,00;1005581,2300;1005581,23;100,1670;0,091;0,000;0,091;0,098;0,638;0,088;-0,076;0,089;0,000;0,000;4671,2300;4671,23;;;;DEUR;N029000;T200;;099912      RENAULT SA 3,875% 2025-30/09/2030;100,00000000;100,00000000;100,09100000;100,09100000;100,16700000;1000000,00000000;0,00000000;0,00000000;0,00000000;0,00000000;20251113
82;1I;44193;FR00140060E7;FONCIERE LYONNAISE 0.5% 2021/21.04.2028;EUR;PARIGI;029000;301;I;1000000,000;0,000;0,000;0,000;93,3190;93,3190;933190,0000;933190,00;0,000000;95,2270;95,2270;952270,0000;952270,00;955091,9200;955091,92;95,2580;2,045;0,000;2,045;0,093;0,606;0,084;-0,033;0,084;0,000;0,000;2821,9200;2821,92;;;;DEUR;N029000;T200;;099916      FONCIERE LYONNAISE 0.5% 2021/21.04.2028;93,31900000;93,31900000;95,22700000;95,22700000;95,25800000;1000000,00000000;0,00000000;0,00000000;0,00000000;0,00000000;20251113
82;1I;19194;XS1115498260;ORANGE SA 5% 2014/29.10.2049;EUR;PARIGI;029000;301;I;769000,000;0,000;0,000;0,000;102,4920;102,4920;788163,4800;788163,48;0,000000;101,6420;101,6420;781626,9800;781626,98;786156,7100;786156,71;101,6420;-0,829;0,000;-0,829;0,077;0,499;0,069;0,000;0,069;0,000;0,000;4529,7300;4529,73;;;;DEUR;N029000;T200;;099931      ORANGE SA 5% 2014/29.10.2049;102,49200000;102,49200000;101,64200000;101,64200000;101,64200000;769000,00000000;0,00000000;0,00000000;0,00000000;0,00000000;20251113
82;1I;38143;XS2195190520;SSE PLC 3,125% 2020/31.12.2049;EUR;LONDRAEST;031000;301;I;3500000,000;0,000;0,000;0,000;98,4100;98,4100;3444350,0000;3444350,00;0,000000;99,8430;99,8430;3494505,0000;3494505,00;3531063,2200;3531063,22;99,8540;1,456;0,000;1,456;0,346;66,170;0,309;-0,011;0,310;0,000;0,000;36558,2200;36558,22;;;;DEUR;N031000;T200;;099691      SSE PLC 3,125% 2020/31.12.2049;98,41000000;98,41000000;99,84300000;99,84300000;99,85400000;3500000,00000000;0,00000000;0,00000000;0,00000000;0,00000000;20251113
82;1I;48462;XS2794589403;BRITISH TELECOM TV (5,125) 03.10.2054;EUR;LONDRAEST;031000;301;I;1000000,000;0,000;0,000;0,000;103,3970;103,3970;1033970,0000;1033970,00;0,000000;104,1690;104,1690;1041690,0000;1041690,00;1047446,8500;1047446,85;104,2530;0,747;0,000;0,747;0,103;19,629;0,092;-0,081;0,092;0,000;0,000;5756,8500;5756,85;;;;DEUR;N031000;T200;;099908      BRITISH TELECOM TV (5,125) 03.10.2054;103,39700000;103,39700000;104,16900000;104,16900000;104,25300000;1000000,00000000;0,00000000;0,00000000;0,00000000;0,00000000;20251113
82;1I;44959;XS2510903862;SSE PLC 2.875% 01.08.2029;EUR;LONDRAEST;031000;301;I;750000,000;0,000;0,000;0,000;99,7420;99,7420;748065,0000;748065,00;0,000000;100,2230;100,2230;751672,5000;751672,50;757816,3400;757816,34;100,3320;0,482;0,000;0,482;0,074;14,201;0,066;-0,109;0,067;0,000;0,000;6143,8400;6143,84;;;;DEUR;N031000;T200;;099934      SSE PLC 2.875% 01.08.2029;99,74200000;99,74200000;100,22300000;100,22300000;100,33200000;750000,00000000;0,00000000;0,00000000;0,00000000;0,00000000;20251113
82;1I;45987;XS2579321337;NEDER WATERSCHAPSBANK 2% 2023/17.12.2029;EUR;LUXEMBOURG;050000;301;I;10000000,000;0,000;0,000;0,000;100,8560;100,8560;10085600,0000;10085600,00;0,000000;101,0220;101,0220;10102200,0000;10102200,00;10351583,5600;10351583,56;101,1820;0,165;0,000;0,165;1,013;19,130;0,892;-0,158;0,896;0,000;0,000;249383,5600;249383,56;;;;DEUR;N050000;T200;;099108      NEDER WATERSCHAPSBANK 2% 2023/17.12.2029;100,85600000;100,85600000;101,02200000;101,02200000;101,18200000;10000000,00000000;0,00000000;0,00000000;0,00000000;0,00000000;20251113
82;1I;45197;XS2486270858;KONINKLIJKE KPN 6 2022/31.12.2049;EUR;DUBLINO;050000;301;I;7500000,000;0,000;0,000;0,000;106,1250;106,1250;7959375,0000;7959375,00;0,000000;105,2260;105,2260;7891950,0000;7891950,00;8295100,6800;8295100,68;105,2400;-0,847;0,000;-0,847;0,812;15,330;0,697;-0,013;0,700;0,000;0,000;403150,6800;403150,68;;;;DEUR;N050000;T200;;099303      KONINKLIJKE KPN 6 2022/31.12.2049;106,12500000;106,12500000;105,22600000;105,22600000;105,24000000;7500000,00000000;0,00000000;0,00000000;0,00000000;0,00000000;20251113
82;1I;36892;XS2109819859;TELEFONICA TV 05.02.2027;EUR;DUBLINO;050000;301;I;5000000,000;0,000;0,000;0,000;97,3330;97,3330;4866650,0000;4866650,00;0,000000;98,5060;98,5060;4925300,0000;4925300,00;4991106,0300;4991106,03;98,4840;1,205;0,000;1,205;0,488;9,224;0,435;0,022;0,437;0,000;0,000;65806,0300;65806,03;;;;DEUR;N050000;T200;;099565      TELEFONICA TV 05.02.2027;97,33300000;97,33300000;98,50600000;98,50600000;98,48400000;5000000,00000000;0,00000000;0,00000000;0,00000000;0,00000000;20251113
82;1I;48326;XS2755535577;TELEFONICA EUR TV (5,752%) 24-31/12/2049;EUR;DUBLINO;050000;301;I;4000000,000;0,000;0,000;0,000;106,9210;106,9210;4276840,0000;4276840,00;0,000000;106,0990;106,0990;4243960,0000;4243960,00;4377600,1500;4377600,15;106,1010;-0,769;0,000;-0,769;0,428;8,090;0,375;-0,002;0,376;0,000;0,000;133640,1500;133640,15;;;;DEUR;N050000;T200;;099625      TELEFONICA EUR TV (5,752%) 24-31/12/2049;106,92100000;106,92100000;106,09900000;106,09900000;106,10100000;4000000,00000000;0,00000000;0,00000000;0,00000000;0,00000000;20251113
82;1I;46032;XS2582389156;TELEFONICA EUR BV TV 23-31.12.49;EUR;DUBLINO;050000;301;I;3000000,000;0,000;0,000;0,000;107,8640;107,8640;3235920,0000;3235920,00;0,000000;106,8670;106,8670;3206010,0000;3206010,00;3303833,8400;3303833,84;106,8430;-0,924;0,000;-0,924;0,323;6,106;0,283;0,022;0,284;0,000;0,000;97823,8400;97823,84;;;;DEUR;N050000;T200;;099717      TELEFONICA EUR BV TV 23-31.12.49;107,86400000;107,86400000;106,86700000;106,86700000;106,84300000;3000000,00000000;0,00000000;0,00000000;0,00000000;0,00000000;20251113
82;1I;45616;XS2462605671;TELEFONICA EM TV 2022/31.12.2049;EUR;LONDRAEST;050000;301;I;2500000,000;0,000;0,000;0,000;109,8700;109,8700;2746750,0000;2746750,00;0,000000;109,1530;109,1530;2728825,0000;2728825,00;2902069,8600;2902069,86;109,2590;-0,653;0,000;-0,653;0,284;5,363;0,241;-0,097;0,242;0,000;0,000;173244,8600;173244,86;;;;DEUR;N050000;T200;;099759      TELEFONICA EM TV 2022/31.12.2049;109,87000000;109,87000000;109,15300000;109,15300000;109,25900000;2500000,00000000;0,00000000;0,00000000;0,00000000;0,00000000;20251113
82;1I;45980;PTEDP4OM0025;ENERGIAS DE PORT  2023-23/04/2083;EUR;DUBLINO;055000;301;I;8000000,000;0,000;0,000;0,000;105,0310;105,0310;8402480,0000;8402480,00;0,000000;105,6390;105,6390;8451120,0000;8451120,00;8716845,3700;8716845,37;105,6490;0,579;0,000;0,579;0,853;41,626;0,746;-0,009;0,749;0,000;0,000;265725,3700;265725,37;;;;DEUR;N055000;T200;;099254      ENERGIAS DE PORT  2023-23/04/2083;105,03100000;105,03100000;105,63900000;105,63900000;105,64900000;8000000,00000000;0,00000000;0,00000000;0,00000000;0,00000000;20251113
82;1I;41944;PTEDPXOM0021;ENERGIAS DE PORTUGAL SA 20218/14.03.2082;EUR;DUBLINO;055000;301;I;6300000,000;0,000;0,000;0,000;95,3850;95,3850;6009255,0000;6009255,00;0,000000;97,8110;97,8110;6162093,0000;6162093,00;6225265,6000;6225265,60;97,8250;2,543;0,000;2,543;0,609;29,728;0,544;-0,014;0,546;0,000;0,000;63172,6000;63172,60;;;;DEUR;N055000;T200;;099456      ENERGIAS DE PORTUGAL SA 20218/14.03.2082;95,38500000;95,38500000;97,81100000;97,81100000;97,82500000;6300000,00000000;0,00000000;0,00000000;0,00000000;0,00000000;20251113
82;1I;49005;PTEDPZOM0011;ENERGIAS DE PORT (4,750%) TV 29/05/2054;EUR;DUBLINO;055000;301;I;1200000,000;0,000;0,000;0,000;102,2090;102,2090;1226508,0000;1226508,00;0,000000;103,6630;103,6630;1243956,0000;1243956,00;1270191,6200;1270191,62;103,6770;1,423;0,000;1,423;0,124;6,066;0,110;-0,014;0,110;0,000;0,000;26235,6200;26235,62;;;;DEUR;N055000;T200;;099890      ENERGIAS DE PORT (4,750%) TV 29/05/2054;102,20900000;102,20900000;103,66300000;103,66300000;103,67700000;1200000,00000000;0,00000000;0,00000000;0,00000000;0,00000000;20251113
82;1I;39819;PTEDPROM0029;ENERGIAS DE PORT 1.875% 2021/02.08.2081;EUR;DUBLINO;055000;301;I;1100000,000;0,000;0,000;0,000;97,4210;97,4210;1071631,0000;1071631,00;0,000000;99,1560;99,1560;1090716,0000;1090716,00;1096536,2100;1096536,21;99,1380;1,781;0,000;1,781;0,107;5,236;0,096;0,018;0,097;0,000;0,000;5820,2100;5820,21;;;;DEUR;N055000;T200;;099904      ENERGIAS DE PORT 1.875% 2021/02.08.2081;97,42100000;97,42100000;99,15600000;99,15600000;99,13800000;1100000,00000000;0,00000000;0,00000000;0,00000000;0,00000000;20251113
82;1I;43961;XS2443749648;TELIA CO AB 2,75 % 2022/30.06.2083;EUR;STOCCOLMA;068000;301;I;1400000,000;0,000;0,000;0,000;96,5120;96,5120;1351168,0000;1351168,00;0,000000;99,6330;99,6330;1394862,0000;1394862,00;1409207,2100;1409207,21;99,7200;3,234;0,000;3,234;0,138;100,000;0,123;-0,087;0,124;0,000;0,000;14345,2100;14345,21;;;;DEUR;N068000;T200;;099877      TELIA CO AB 2,75 % 2022/30.06.2083;96,51200000;96,51200000;99,63300000;99,63300000;99,72000000;1400000,00000000;0,00000000;0,00000000;0,00000000;0,00000000;20251113
82;1I;48521;XS2798269069;TERNA - RETE ELET TV 11-04-24/31/12/2049;EUR;LUXEMBOURG;086000;301;I;3800000,000;0,000;0,000;0,000;102,9960;102,9960;3913848,0000;3913848,00;0,000000;103,5870;103,5870;3936306,0000;3936306,00;4043122,4400;4043122,44;103,6000;0,574;0,000;0,574;0,396;1,524;0,348;-0,013;0,349;0,000;0,000;106816,4400;106816,44;;;;DEUR;N086000;T200;;099652      TERNA - RETE ELET TV 11-04-24/31/12/2049;102,99600000;102,99600000;103,58700000;103,58700000;103,60000000;3800000,00000000;0,00000000;0,00000000;0,00000000;0,00000000;20251113
82;1I;41977;XS2386650274;ERG SPA 0.875% 2021/15.09.2031;EUR;LUXEMBOURG;086000;301;I;3000000,000;0,000;0,000;0,000;84,3420;84,3420;2530260,0000;2530260,00;0,000000;87,7140;87,7140;2631420,0000;2631420,00;2635663,1500;2635663,15;87,9600;3,998;0,000;3,998;0,258;0,993;0,232;-0,280;0,233;0,000;0,000;4243,1500;4243,15;;;;DEUR;N086000;T200;;099768      ERG SPA 0.875% 2021/15.09.2031;84,34200000;84,34200000;87,71400000;87,71400000;87,96000000;3000000,00000000;0,00000000;0,00000000;0,00000000;0,00000000;20251113
82;1I;38550;XS2229434852;ERG SPA 0,5% 2020/11.09.2027;EUR;LUXEMBOURG;086000;301;I;2400000,000;0,000;0,000;0,000;93,7390;93,7390;2249736,0000;2249736,00;0,000000;96,2930;96,2930;2311032,0000;2311032,00;2313103,2300;2313103,23;96,3470;2,725;0,000;2,725;0,226;0,872;0,204;-0,056;0,205;0,000;0,000;2071,2300;2071,23;;;;DEUR;N086000;T200;;099796      ERG SPA 0,5% 2020/11.09.2027;93,73900000;93,73900000;96,29300000;96,29300000;96,34700000;2400000,00000000;0,00000000;0,00000000;0,00000000;0,00000000;20251113
82;1I;60711;XS2948434266;PRYSMIAN SPA 3,875% 2024-28/11/2031;EUR;LUXEMBOURG;086000;301;I;1500000,000;0,000;0,000;0,000;101,0770;101,0770;1516155,0000;1516155,00;0,000000;102,5760;102,5760;1538640,0000;1538640,00;1594376,3000;1594376,30;102,8430;1,483;0,000;1,483;0,156;0,601;0,136;-0,260;0,136;0,000;0,000;55736,3000;55736,30;;;;DEUR;N086000;T200;;099864      PRYSMIAN SPA 3,875% 2024-28/11/2031;101,07700000;101,07700000;102,57600000;102,57600000;102,84300000;1500000,00000000;0,00000000;0,00000000;0,00000000;0,00000000;20251113
82;1I;49606;XS2853679053;ERG SPA 4,125% 2024-03/07/2030;EUR;LUXEMBOURG;086000;301;I;1000000,000;0,000;0,000;0,000;102,9310;102,9310;1029310,0000;1029310,00;0,000000;104,2020;104,2020;1042020,0000;1042020,00;1057050,8200;1057050,82;104,4430;1,235;0,000;1,235;0,103;0,398;0,092;-0,231;0,092;0,000;0,000;15030,8200;15030,82;;;;DEUR;N086000;T200;;099908      ERG SPA 4,125% 2024-03/07/2030;102,93100000;102,93100000;104,20200000;104,20200000;104,44300000;1000000,00000000;0,00000000;0,00000000;0,00000000;0,00000000;20251113
82;1I;46047;XS2583205906;A2A SPA 4,375% 2023-03/02/2034;EUR;LUXEMBOURG;086000;301;I;700000,000;0,000;0,000;0,000;105,7230;105,7230;740061,0000;740061,00;0,000000;105,5050;105,5050;738535,0000;738535,00;762279,8600;762279,86;105,8580;-0,206;0,000;-0,206;0,075;0,287;0,065;-0,333;0,065;0,000;0,000;23744,8600;23744,86;;;;DEUR;N086000;T200;;099935      A2A SPA 4,375% 2023-03/02/2034;105,72300000;105,72300000;105,50500000;105,50500000;105,85800000;700000,00000000;0,00000000;0,00000000;0,00000000;0,00000000;20251113
82;1I;38139;XS2197348597;TAKEDA PHARMA 1% 2020/09.07.2029;EUR;NEW YORK;088000;301;I;3000000,000;0,000;0,000;0,000;91,9600;91,9600;2758800,0000;2758800,00;0,000000;93,3400;93,3400;2800200,0000;2800200,00;2810638,3600;2810638,36;93,4710;1,501;0,000;1,501;0,275;100,000;0,247;-0,140;0,248;0,000;0,000;10438,3600;10438,36;;;;DEUR;N088000;T200;;099753      TAKEDA PHARMA 1% 2020/09.07.2029;91,96000000;91,96000000;93,34000000;93,34000000;93,47100000;3000000,00000000;0,00000000;0,00000000;0,00000000;0,00000000;20251113
82;1I;41454;XS2359292955;LANDWIRTSCH 0% 21-30.06.22;EUR;LUXEMBOURG;094000;301;I;9000000,000;0,000;0,000;0,000;84,6800;84,6800;7621200,0000;7621200,00;0,000000;86,3990;86,3990;7775910,0000;7775910,00;7775910,0000;7775910,00;86,5810;2,030;0,000;2,030;0,761;2,996;0,687;-0,210;0,690;0,000;0,000;0,0000;0,00;;;;DEUR;N094000;T200;;099313      LANDWIRTSCH 0% 21-30.06.22;84,68000000;84,68000000;86,39900000;86,39900000;86,58100000;9000000,00000000;0,00000000;0,00000000;0,00000000;0,00000000;20251113
82;1I;36023;XS2056730679;INFINEON TEC 3.625% 2019-31/12/2049;EUR;DUBLINO;094000;301;I;4000000,000;0,000;0,000;0,000;99,1040;99,1040;3964160,0000;3964160,00;0,000000;100,5550;100,5550;4022200,0000;4022200,00;4111980,8200;4111980,82;100,5830;1,464;0,000;1,464;0,402;1,584;0,355;-0,028;0,357;0,000;0,000;89780,8200;89780,82;;;;DEUR;N094000;T200;;099645      INFINEON TEC 3.625% 2019-31/12/2049;99,10400000;99,10400000;100,55500000;100,55500000;100,58300000;4000000,00000000;0,00000000;0,00000000;0,00000000;0,00000000;20251113
82;1I;40683;EU000A3KM903;EUROPEAN UNION 0.20% 2021/04.06.2036;EUR;LUXEMBOURG;921000;301;I;8806000,000;0,000;0,000;0,000;73,8140;73,8140;6500060,8400;6500060,84;0,000000;73,6490;73,6490;6485530,9400;6485530,94;6493347,7700;6493347,77;73,8620;-0,224;0,000;-0,224;0,635;100,000;0,573;-0,288;0,575;0,000;0,000;7816,8300;7816,83;;;;DEUR;N921000;T200;;099427      EUROPEAN UNION 0.20% 2021/04.06.2036;73,81400000;73,81400000;73,64900000;73,64900000;73,86200000;8806000,00000000;0,00000000;0,00000000;0,00000000;0,00000000;20251113
82;1I;48399;XS2610236528;COUNCIL OF EUROPE 2.875% 2024/13.04.2030;EUR;FRANCOFORT;974000;301;I;6000000,000;0,000;0,000;0,000;101,7660;101,7660;6105960,0000;6105960,00;0,000000;101,2250;101,2250;6073500,0000;6073500,00;6174636,9900;6174636,99;101,3980;-0,532;0,000;-0,532;0,604;100,000;0,536;-0,171;0,539;0,000;0,000;101136,9900;101136,99;;;;DEUR;N974000;T200;;099464      COUNCIL OF EUROPE 2.875% 2024/13.04.2030;101,76600000;101,76600000;101,22500000;101,22500000;101,39800000;6000000,00000000;0,00000000;0,00000000;0,00000000;0,00000000;20251113
82;1I;06036;AT0000937503;VOEST ALPINE AG;EUR;VIENNA;008000;201;I;21196,000;0,000;0,000;0,000;20,5539;20,5539;435660,6200;435660,62;0,000000;34,8000;34,8000;737620,8000;737620,80;737620,8000;737620,80;34,7800;69,311;0,000;69,311;0,072;1,075;0,065;0,058;0,065;0,000;0,000;0,0000;0,00;;;;DEUR;N008000;T300;;099935      VOEST ALPINE AG;20,55390734;20,55390734;34,80000000;34,80000000;34,78000000;21196,00000000;0,00000000;0,00000000;0,00000000;0,00000000;20251113
82;1I;27230;BE0974293251;ANHEUSER-BUSCH INBEV;EUR;BRUXELLES;009000;201;I;10541,000;0,000;0,000;0,000;51,6229;51,6229;544157,0000;544157,00;0,000000;55,7200;55,7200;587344,5200;587344,52;587344,5200;587344,52;56,1400;7,937;0,000;7,937;0,057;2,393;0,052;-0,748;0,052;0,000;0,000;0,0000;0,00;;;;DEUR;N009000;T300;;099948      ANHEUSER-BUSCH INBEV;51,62290105;51,62290105;55,72000000;55,72000000;56,14000000;10541,00000000;0,00000000;0,00000000;0,00000000;0,00000000;20251113
82;1I;08457;FI0009000681;NOKIA OYJ;EUR;HELSINKI;028000;201;I;127585,000;0,000;0,000;0,000;4,8391;4,8391;617402,6800;617402,68;0,000000;5,9780;5,9780;762703,1300;762703,13;762703,1300;762703,13;5,9920;23,534;0,000;23,534;0,075;12,202;0,067;-0,234;0,068;0,000;0,000;0,0000;0,00;;;;DEUR;N028000;T300;;099933      NOKIA OYJ;4,83914786;4,83914786;5,97800000;5,97800000;5,99200000;127585,00000000;0,00000000;0,00000000;0,00000000;0,00000000;20251113
82;1I;08436;FR0000120321;L'OREAL;EUR;PARIGI;029000;201;I;2046,000;0,000;0,000;0,000;395,9190;395,9190;810050,3300;810050,33;0,000000;359,1000;359,1000;734718,6000;734718,60;734718,6000;734718,60;356,9000;-9,300;0,000;-9,300;0,072;0,467;0,065;0,616;0,065;0,000;0,000;0,0000;0,00;;;;DEUR;N029000;T300;;099935      L'OREAL;395,91902737;395,91902737;359,10000000;359,10000000;356,90000000;2046,00000000;0,00000000;0,00000000;0,00000000;0,00000000;20251113
82;1I;33385;FR0013154002;SARTORIUS STEDIM BIOTECH;EUR;PARIGI;029000;201;I;3794,000;0,000;0,000;0,000;177,7793;177,7793;674494,7200;674494,72;0,000000;193,4500;193,4500;733949,3000;733949,30;733949,3000;733949,30;194,0000;8,815;0,000;8,815;0,072;0,466;0,065;-0,284;0,065;0,000;0,000;0,0000;0,00;;;;DEUR;N029000;T300;;099935      SARTORIUS STEDIM BIOTECH;177,77931470;177,77931470;193,45000000;193,45000000;194,00000000;3794,00000000;0,00000000;0,00000000;0,00000000;0,00000000;20251113
82;1I;01606;FR0000121667;ESSILOR LUXOTTICA;EUR;PARIGI;029000;201;I;1880,000;0,000;0,000;0,000;257,5537;257,5537;484201,0000;484201,00;0,000000;319,9000;319,9000;601412,0000;601412,00;601412,0000;601412,00;320,7000;24,207;0,000;24,207;0,059;0,382;0,053;-0,249;0,053;0,000;0,000;0,0000;0,00;;;;DEUR;N029000;T300;;099947      ESSILOR LUXOTTICA;257,55372340;257,55372340;319,90000000;319,90000000;320,70000000;1880,00000000;0,00000000;0,00000000;0,00000000;0,00000000;20251113
82;1I;06469;FR0010307819;LEGRAND PROMESSES;EUR;PARIGI;029000;201;I;3093,000;0,000;0,000;0,000;131,5315;131,5315;406826,9500;406826,95;0,000000;130,8000;130,8000;404564,4000;404564,40;404564,4000;404564,40;133,6500;-0,556;0,000;-0,556;0,040;0,257;0,036;-2,132;0,036;0,000;0,000;0,0000;0,00;;;;DEUR;N029000;T300;;099964      LEGRAND PROMESSES;131,53150662;131,53150662;130,80000000;130,80000000;133,65000000;3093,00000000;0,00000000;0,00000000;0,00000000;0,00000000;20251113
82;1I;14112;FR0010451203;REXEL SA;EUR;PARIGI;029000;201;I;11606,000;0,000;0,000;0,000;25,0982;25,0982;291289,9800;291289,98;0,000000;29,8700;29,8700;346671,2200;346671,22;346671,2200;346671,22;30,4800;19,012;0,000;19,012;0,034;0,220;0,031;-2,001;0,031;0,000;0,000;0,0000;0,00;;;;DEUR;N029000;T300;;099969      REXEL SA;25,09822333;25,09822333;29,87000000;29,87000000;30,48000000;11606,00000000;0,00000000;0,00000000;0,00000000;0,00000000;20251113
82;1I;14500;NL0010273215;ASML HLDG NV NEW;EUR;AMSTERDAM;050000;201;I;1618,000;0,000;0,000;0,000;724,2434;724,2434;1171825,9700;1171825,97;0,000000;881,5000;881,5000;1426267,0000;1426267,00;1426267,0000;1426267,00;891,8000;21,713;0,000;21,713;0,140;2,636;0,126;-1,155;0,126;0,000;0,000;0,0000;0,00;;;;DEUR;N050000;T300;;099874      ASML HLDG NV NEW;724,24349196;724,24349196;881,50000000;881,50000000;891,80000000;1618,00000000;0,00000000;0,00000000;0,00000000;0,00000000;20251113
82;1I;35896;NL0013654783;PROSUS;EUR;AMSTERDAM;050000;201;I;12527,000;0,000;0,000;0,000;41,6909;41,6909;522261,9300;522261,93;0,000000;62,1800;62,1800;778928,8600;778928,86;778928,8600;778928,86;61,7200;49,145;0,000;49,145;0,076;1,439;0,069;0,745;0,069;0,000;0,000;0,0000;0,00;;;;DEUR;N050000;T300;;099931      PROSUS;41,69090205;41,69090205;62,18000000;62,18000000;61,72000000;12527,00000000;0,00000000;0,00000000;0,00000000;0,00000000;20251113
82;1I;27009;NL0010801007;IMCD GROUP NV;EUR;AMSTERDAM;050000;201;I;8797,000;0,000;0,000;0,000;128,1374;128,1374;1127225,4900;1127225,49;0,000000;82,0800;82,0800;722057,7600;722057,76;722057,7600;722057,76;82,1400;-35,944;0,000;-35,944;0,071;1,334;0,064;-0,073;0,064;0,000;0,000;0,0000;0,00;;;;DEUR;N050000;T300;;099936      IMCD GROUP NV;128,13748891;128,13748891;82,08000000;82,08000000;82,14000000;8797,00000000;0,00000000;0,00000000;0,00000000;0,00000000;20251113
82;1I;01895;NL0000226223;STMICROELECTRONICS - MILANO;EUR;MILANO;050000;201;I;29382,000;0,000;0,000;0,000;24,6301;24,6301;723684,0800;723684,08;0,000000;20,6400;20,6400;606444,4800;606444,48;606444,4800;606444,48;20,6750;-16,200;0,000;-16,200;0,059;1,121;0,054;-0,169;0,054;0,000;0,000;0,0000;0,00;;;;DEUR;N050000;T300;;099946      STMICROELECTRONICS - MILANO;24,63018446;24,63018446;20,64000000;20,64000000;20,67500000;29382,00000000;0,00000000;0,00000000;0,00000000;0,00000000;20251113
82;1I;48620;NL0015001KT6;BREMBO N.V.;EUR;MILANO;050000;201;I;51761,000;0,000;0,000;0,000;8,7831;8,7831;454623,7700;454623,77;0,000000;9,6400;9,6400;498976,0400;498976,04;498976,0400;498976,04;9,7350;9,756;0,000;9,756;0,049;0,922;0,044;-0,976;0,044;0,000;0,000;0,0000;0,00;;;;DEUR;N050000;T300;;099956      BREMBO N.V.;8,78313344;8,78313344;9,64000000;9,64000000;9,73500000;51761,00000000;0,00000000;0,00000000;0,00000000;0,00000000;20251113
82;1I;38577;NL0012866412;BE SEMICONDUCTOR INDS-ORD SHS;EUR;AMSTERDAM;050000;201;I;1584,000;0,000;0,000;0,000;144,3943;144,3943;228720,6300;228720,63;0,000000;133,8000;133,8000;211939,2000;211939,20;211939,2000;211939,20;135,3500;-7,337;0,000;-7,337;0,021;0,392;0,019;-1,145;0,019;0,000;0,000;0,0000;0,00;;;;DEUR;N050000;T300;;099981      BE SEMICONDUCTOR INDS-ORD SHS;144,39433712;144,39433712;133,80000000;133,80000000;135,35000000;1584,00000000;0,00000000;0,00000000;0,00000000;0,00000000;20251113
82;1I;40120;NL0010583399;CORBION-ORD SHS;EUR;AMSTERDAM;050000;201;I;4977,000;0,000;0,000;0,000;20,7787;20,7787;103415,9800;103415,98;0,000000;18,4100;18,4100;91626,5700;91626,57;91626,5700;91626,57;18,3000;-11,400;0,000;-11,400;0,009;0,169;0,008;0,601;0,008;0,000;0,000;0,0000;0,00;;;;DEUR;N050000;T300;;099992      CORBION-ORD SHS;20,77877838;20,77877838;18,41000000;18,41000000;18,30000000;4977,00000000;0,00000000;0,00000000;0,00000000;0,00000000;20251113
82;1I;02400;PTEDP0AM0009;ENERGIAS DE PORTUGAL SA;EUR;LISBONA;055000;201;I;14352,000;0,000;0,000;0,000;3,1215;3,1215;44800,1000;44800,10;0,000000;3,8300;3,8300;54968,1600;54968,16;54968,1600;54968,16;3,8260;22,697;0,000;22,697;0,005;0,262;0,005;0,105;0,005;0,000;0,000;0,0000;0,00;;;;DEUR;N055000;T300;;099995      ENERGIAS DE PORTUGAL SA;3,12152313;3,12152313;3,83000000;3,83000000;3,82600000;14352,00000000;0,00000000;0,00000000;0,00000000;0,00000000;20251113
82;1I;23311;ES0105025003;MERLIN PROPERTIES SOCIMI SA;EUR;MADRID;067000;201;I;14208,000;0,000;0,000;0,000;10,0619;10,0619;142959,5600;142959,56;0,000000;13,3400;13,3400;189534,7200;189534,72;189534,7200;189534,72;13,3600;32,579;0,000;32,579;0,019;0,203;0,017;-0,150;0,017;0,000;0,000;0,0000;0,00;;;;DEUR;N067000;T300;;099983      MERLIN PROPERTIES SOCIMI SA;10,06190596;10,06190596;13,34000000;13,34000000;13,36000000;14208,00000000;0,00000000;0,00000000;0,00000000;0,00000000;20251113
82;1I;36841;LU2052491334;MULTILABEL ETICA ESG GLOBAL EQUITY;EUR;LUXEMBOURG;092000;223;I;37106,669;0,000;0,000;0,000;140,2299;140,2299;5203468,1900;5203468,19;0,000000;144,5000;144,5000;5361913,6700;5361913,67;5361913,6700;5361913,67;143,7500;3,045;0,000;3,045;0,525;39,161;0,474;0,522;0,475;0,000;0,000;0,0000;0,00;;;;DEUR;N092000;T300;;099526      MULTILABEL ETICA ESG GLOBAL EQUITY;140,22999989;140,22999989;144,50000000;144,50000000;143,75000000;37106,66900000;0,00000000;0,00000000;0,00000000;0,00000000;20251113
82;1I;36843;LU2052490872;MULTILABEL ETICA ESG DYNAMIC ALLOCATION;EUR;LUXEMBOURG;092000;223;I;36953,094;0,000;0,000;0,000;121,7399;121,7399;4498669,6600;4498669,66;0,000000;125,0200;125,0200;4619875,8100;4619875,81;4619875,8100;4619875,81;124,5000;2,694;0,000;2,694;0,452;33,741;0,408;0,418;0,410;0,000;0,000;0,0000;0,00;;;;DEUR;N092000;T300;;099592      MULTILABEL ETICA ESG DYNAMIC ALLOCATION;121,73999990;121,73999990;125,02000000;125,02000000;124,50000000;36953,09400000;0,00000000;0,00000000;0,00000000;0,00000000;20251113
82;1I;36842;LU2052490286;MULTILABEL ETICA ESG CONSERVATIVE ALLOC;EUR;LUXEMBOURG;092000;223;I;37206,072;0,000;0,000;0,000;98,1699;98,1699;3652520,0800;3652520,08;0,000000;99,7200;99,7200;3710189,5000;3710189,50;3710189,5000;3710189,50;99,5200;1,579;0,000;1,579;0,363;27,098;0,328;0,201;0,329;0,000;0,000;0,0000;0,00;;;;DEUR;N092000;T300;;099672      MULTILABEL ETICA ESG CONSERVATIVE ALLOC;98,16999977;98,16999977;99,72000000;99,72000000;99,52000000;37206,07200000;0,00000000;0,00000000;0,00000000;0,00000000;20251113
82;1I;33682;DE000KBX1006;KNORR-BREMSE AG;EUR;NEUERMKT;094000;201;I;8915,000;0,000;0,000;0,000;83,0035;83,0035;739976,8200;739976,82;0,000000;84,7000;84,7000;755100,5000;755100,50;755100,5000;755100,50;86,3500;2,044;0,000;2,044;0,074;0,291;0,067;-1,911;0,067;0,000;0,000;0,0000;0,00;;;;DEUR;N094000;T300;;099933      KNORR-BREMSE AG;83,00356926;83,00356926;84,70000000;84,70000000;86,35000000;8915,00000000;0,00000000;0,00000000;0,00000000;0,00000000;20251113
82;1I;24199;DE000ZAL1111;ZALANDO-ORD SHS;EUR;NEUERMKT;094000;201;I;31205,000;0,000;0,000;0,000;26,5135;26,5135;827355,1700;827355,17;0,000000;23,7200;23,7200;740182,6000;740182,60;740182,6000;740182,60;23,5500;-10,536;0,000;-10,536;0,072;0,285;0,065;0,722;0,066;0,000;0,000;0,0000;0,00;;;;DEUR;N094000;T300;;099935      ZALANDO-ORD SHS;26,51354494;26,51354494;23,72000000;23,72000000;23,55000000;31205,00000000;0,00000000;0,00000000;0,00000000;0,00000000;20251113
82;1I;08512;DE0007164600;SAP SE;EUR;NEUERMKT;094000;201;I;3193,000;0,000;0,000;0,000;247,0144;247,0144;788717,0700;788717,07;0,000000;218,1000;218,1000;696393,3000;696393,30;696393,3000;696393,30;218,4000;-11,706;0,000;-11,706;0,068;0,268;0,062;-0,137;0,062;0,000;0,000;0,0000;0,00;;;;DEUR;N094000;T300;;099938      SAP SE;247,01442843;247,01442843;218,10000000;218,10000000;218,40000000;3193,00000000;0,00000000;0,00000000;0,00000000;0,00000000;20251113
82;1I;08529;DE0005557508;DEUTSCHE TELEKOM - NOMINATIVE;EUR;NEUERMKT;094000;201;I;18653,000;0,000;0,000;0,000;31,7833;31,7833;592855,4300;592855,43;0,000000;27,2700;27,2700;508667,3100;508667,31;508667,3100;508667,31;27,3100;-14,200;0,000;-14,200;0,050;0,196;0,045;-0,146;0,045;0,000;0,000;0,0000;0,00;;;;DEUR;N094000;T300;;099955      DEUTSCHE TELEKOM - NOMINATIVE;31,78338229;31,78338229;27,27000000;27,27000000;27,31000000;18653,00000000;0,00000000;0,00000000;0,00000000;0,00000000;20251113
82;1I;19412;DE000A1ML7J1;VONOVIA SE;EUR;NEUERMKT;094000;201;I;19414,000;0,000;0,000;0,000;27,3093;27,3093;530183,7500;530183,75;0,000000;26,2900;26,2900;510394,0600;510394,06;510394,0600;510394,06;26,0600;-3,733;0,000;-3,733;0,050;0,197;0,045;0,883;0,045;0,000;0,000;0,0000;0,00;;;;DEUR;N094000;T300;;099955      VONOVIA SE;27,30935149;27,30935149;26,29000000;26,29000000;26,06000000;19414,00000000;0,00000000;0,00000000;0,00000000;0,00000000;20251113
82;1I;17410;IT0004965148;MONCLER SPA;EUR;MILANO;086000;201;I;24372,000;0,000;0,000;0,000;54,7186;54,7186;1333603,4500;1333603,45;0,000000;58,1000;58,1000;1416013,2000;1416013,20;1416013,2000;1416013,20;58,4600;6,179;0,000;6,179;0,139;0,534;0,125;-0,616;0,126;0,000;0,000;0,0000;0,00;;;;DEUR;N111111;T300;;099875      MONCLER SPA;54,71867101;54,71867101;58,10000000;58,10000000;58,46000000;24372,00000000;0,00000000;0,00000000;0,00000000;0,00000000;20251113
82;1I;03565;IT0003497168;TELECOM ITALIA SPA ORD.;EUR;MILANO;086000;201;I;2485969,000;0,000;0,000;0,000;0,2618;0,2618;650970,1800;650970,18;0,000000;0,4958;0,4958;1232543,4300;1232543,43;1232543,4300;1232543,43;0,4950;89,339;0,000;89,339;0,121;0,464;0,109;0,162;0,109;0,000;0,000;0,0000;0,00;;;;DEUR;N111111;T300;;099891      TELECOM ITALIA SPA ORD.;0,26185772;0,26185772;0,49580000;0,49580000;0,49500000;2485969,00000000;0,00000000;0,00000000;0,00000000;0,00000000;20251113
82;1I;08531;IT0001078911;INTERPUMP GROUP;EUR;MILANO;086000;201;I;8702,000;0,000;0,000;0,000;40,0165;40,0165;348224,3800;348224,38;0,000000;43,4000;43,4000;377666,8000;377666,80;377666,8000;377666,80;43,8400;8,455;0,000;8,455;0,037;0,142;0,033;-1,004;0,033;0,000;0,000;0,0000;0,00;;;;DEUR;N111111;T300;;099967      INTERPUMP GROUP;40,01659158;40,01659158;43,40000000;43,40000000;43,84000000;8702,00000000;0,00000000;0,00000000;0,00000000;0,00000000;20251113
82;1I;08544;IT0001157020;ERG ORD.;EUR;MILANO;086000;201;I;14753,000;0,000;0,000;0,000;19,2273;19,2273;283660,7500;283660,75;0,000000;22,2000;22,2000;327516,6000;327516,60;327516,6000;327516,60;22,6600;15,461;0,000;15,461;0,032;0,123;0,029;-2,030;0,029;0,000;0,000;0,0000;0,00;;;;DEUR;N111111;T300;;099971      ERG ORD.;19,22732664;19,22732664;22,20000000;22,20000000;22,66000000;14753,00000000;0,00000000;0,00000000;0,00000000;0,00000000;20251113
82;1I;34530;IT0005366767;NEXI SPA;EUR;MILANO;086000;201;I;48588,000;0,000;0,000;0,000;5,3272;5,3272;258841,0900;258841,09;0,000000;4,1220;4,1220;200279,7400;200279,74;200279,7400;200279,74;4,1760;-22,624;0,000;-22,624;0,020;0,075;0,018;-1,293;0,018;0,000;0,000;0,0000;0,00;;;;DEUR;N111111;T300;;099982      NEXI SPA;5,32726372;5,32726372;4,12200000;4,12200000;4,17600000;48588,00000000;0,00000000;0,00000000;0,00000000;0,00000000;20251113
82;1I;19402;IT0005054967;RAI WAY SPA;EUR;MILANO;086000;201;I;25305,000;0,000;0,000;0,000;5,5343;5,5343;140046,1800;140046,18;0,000000;5,7900;5,7900;146515,9500;146515,95;146515,9500;146515,95;5,7100;4,620;0,000;4,620;0,014;0,055;0,013;1,401;0,013;0,000;0,000;0,0000;0,00;;;;DEUR;N111111;T300;;099987      RAI WAY SPA;5,53432839;5,53432839;5,79000000;5,79000000;5,71000000;25305,00000000;0,00000000;0,00000000;0,00000000;0,00000000;20251113
82;1I;25525;IT0005162406;TECHNOGYM  SPA;EUR;MILANO;086000;201;I;9337,000;0,000;0,000;0,000;10,5505;10,5505;98510,6500;98510,65;0,000000;16,2300;16,2300;151539,5100;151539,51;151539,5100;151539,51;16,2000;53,831;0,000;53,831;0,015;0,057;0,013;0,185;0,013;0,000;0,000;0,0000;0,00;;;;DEUR;N111111;T300;;099987      TECHNOGYM  SPA;10,55056763;10,55056763;16,23000000;16,23000000;16,20000000;9337,00000000;0,00000000;0,00000000;0,00000000;0,00000000;20251113
82;1I;07862;IT0003492391;DIASORIN;EUR;MILANO;086000;201;I;2299,000;0,000;0,000;0,000;99,2619;99,2619;228203,3300;228203,33;0,000000;60,1800;60,1800;138353,8200;138353,82;138353,8200;138353,82;60,5000;-39,373;0,000;-39,373;0,014;0,052;0,012;-0,529;0,012;0,000;0,000;0,0000;0,00;;;;DEUR;N111111;T300;;099988      DIASORIN;99,26199652;99,26199652;60,18000000;60,18000000;60,50000000;2299,00000000;0,00000000;0,00000000;0,00000000;0,00000000;20251113
82;1I;04321;IT0003242622;TERNA SPA;EUR;MILANO;086000;201;I;12717,000;0,000;0,000;0,000;7,8225;7,8225;99478,9000;99478,90;0,000000;8,9000;8,9000;113181,3000;113181,30;113181,3000;113181,30;9,0140;13,774;0,000;13,774;0,011;0,043;0,010;-1,265;0,010;0,000;0,000;0,0000;0,00;;;;DEUR;N111111;T300;;099990      TERNA SPA;7,82251317;7,82251317;8,90000000;8,90000000;9,01400000;12717,00000000;0,00000000;0,00000000;0,00000000;0,00000000;20251113
82;1I;06568;IT0004056880;AMPLIFON NEW;EUR;MILANO;086000;201;I;5493,000;0,000;0,000;0,000;21,2013;21,2013;116458,8800;116458,88;0,000000;14,0600;14,0600;77231,5800;77231,58;77231,5800;77231,58;14,3050;-33,683;0,000;-33,683;0,008;0,029;0,007;-1,713;0,007;0,000;0,000;0,0000;0,00;;;;DEUR;N111111;T300;;099993      AMPLIFON NEW;21,20132532;21,20132532;14,06000000;14,06000000;14,30500000;5493,00000000;0,00000000;0,00000000;0,00000000;0,00000000;20251113
82;1I;03436;IT0001250932;HERA SPA;EUR;MILANO;086000;201;I;18012,000;0,000;0,000;0,000;3,5513;3,5513;63966,1300;63966,13;0,000000;4,0520;4,0520;72984,6200;72984,62;72984,6200;72984,62;3,9420;14,099;0,000;14,099;0,007;0,028;0,006;2,790;0,006;0,000;0,000;0,0000;0,00;;;;DEUR;N111111;T300;;099994      HERA SPA;3,55130635;3,55130635;4,05200000;4,05200000;3,94200000;18012,00000000;0,00000000;0,00000000;0,00000000;0,00000000;20251113
82;1I;23184;IT0005090300;INFRASTRUTTURE WIRELESS ITAL;EUR;MILANO;086000;201;I;8159,000;0,000;0,000;0,000;9,8524;9,8524;80385,8700;80385,87;0,000000;7,9400;7,9400;64782,4600;64782,46;64782,4600;64782,46;8,0100;-19,411;0,000;-19,411;0,006;0,024;0,006;-0,874;0,006;0,000;0,000;0,0000;0,00;;;;DEUR;N111111;T300;;099994      INFRASTRUTTURE WIRELESS ITAL;9,85241696;9,85241696;7,94000000;7,94000000;8,01000000;8159,00000000;0,00000000;0,00000000;0,00000000;0,00000000;20251113
82;1I;07639;IT0004176001;PRYSMIAN SPA;EUR;MILANO;086000;201;I;673,000;0,000;0,000;0,000;58,7602;58,7602;39545,6700;39545,67;0,000000;84,4800;84,4800;56855,0400;56855,04;56855,0400;56855,04;85,2600;43,771;0,000;43,771;0,006;0,021;0,005;-0,915;0,005;0,000;0,000;0,0000;0,00;;;;DEUR;N111111;T300;;099995      PRYSMIAN SPA;58,76028231;58,76028231;84,48000000;84,48000000;85,26000000;673,00000000;0,00000000;0,00000000;0,00000000;0,00000000;20251113
82;1I;08573;IT0001233417;A2A SPA;EUR;MILANO;086000;201;I;16202,000;0,000;0,000;0,000;2,1376;2,1376;34634,0700;34634,07;0,000000;2,4450;2,4450;39613,8900;39613,89;39613,8900;39613,89;2,4580;14,378;0,000;14,378;0,004;0,015;0,003;-0,529;0,004;0,000;0,000;0,0000;0,00;;;;DEUR;N111111;T300;;099997      A2A SPA;2,13764164;2,13764164;2,44500000;2,44500000;2,45800000;16202,00000000;0,00000000;0,00000000;0,00000000;0,00000000;20251113
82;1I;30238;IT0005278236;PIRELLI & C SPA;EUR;MILANO;086000;201;I;2918,000;0,000;0,000;0,000;5,4913;5,4913;16023,7400;16023,74;0,000000;6,1060;6,1060;17817,3100;17817,31;17817,3100;17817,31;6,0760;11,193;0,000;11,193;0,002;0,007;0,002;0,494;0,002;0,000;0,000;0,0000;0,00;;;;DEUR;N111111;T300;;099998      PIRELLI & C SPA;5,49134338;5,49134338;6,10600000;6,10600000;6,07600000;2918,00000000;0,00000000;0,00000000;0,00000000;0,00000000;20251113
82;1O;38140;XS2195190876;SSE PLC 3.74% 2020/31.12.2049;GBP;LONDRAEST;111111;301;O;3000000,000;0,000;0,000;0,000;97,6180;118,0386;2928540,0000;3541160,82;0,827000;99,6190;112,9211;2988570,0000;3387633,19;3054045,6220;3461851,76;99,6060;2,050;6,675;-4,336;60,386;3,326;0,299;0,013;0,300;0,000;0,000;65475,6220;74218,57;;;;DGBP;N031000;T200;;099701      SSE PLC 3.74% 2020/31.12.2049;97,61800000;118,03869400;99,61900000;112,92110632;99,60600000;3000000,00000000;0,00000000;0,00000000;0,00000000;0,00000000;20251113
82;1O;46721;US458140CA64;INTEL CORP  4,15% 2022/05.08.2032;USD;FIPS;111111;301;O;3000000,000;0,000;0,000;0,000;91,9706;85,0860;2759118,0000;2552581,98;1,080913;96,0220;82,4860;2880660,0000;2474581,22;2914551,6650;2503695,27;96,4290;4,405;7,696;-3,056;3,126;2,406;0,219;-0,422;0,219;0,000;0,000;33891,6650;29114,05;;;;DUSD;N069000;T200;;099781      INTEL CORP  4,15% 2022/05.08.2032;91,97060000;85,08606600;96,02200000;82,48604071;96,42900000;3000000,00000000;0,00000000;0,00000000;0,00000000;0,00000000;20251113
82;1O;43392;US595112BS19;MICRON TECHNOLOGY 2.703% 2021/15.04.2032;USD;FIPS;111111;301;O;1600000,000;0,000;0,000;0,000;84,5800;74,5460;1353280,0000;1192737,53;1,134600;88,8140;76,2941;1421024,0000;1220706,12;1424387,7250;1223595,67;89,0890;5,006;2,600;2,345;1,527;1,176;0,108;-0,309;0,108;0,000;0,000;3363,7250;2889,55;;;;DUSD;N069000;T200;;099892      MICRON TECHNOLOGY 2.703% 2021/15.04.2032;84,58000000;74,54609560;88,81400000;76,29413280;89,08900000;1600000,00000000;0,00000000;0,00000000;0,00000000;0,00000000;20251113
82;1O;47055;US031162DD92;AMGEN INC 3% 2023/22.02.2029;USD;FIPS;111111;301;O;300000,000;0,000;0,000;0,000;93,5513;87,1901;280654,0000;261570,55;1,072957;96,3100;82,7334;288930,0000;248200,33;290954,9980;249939,87;96,4250;2,949;8,495;-5,112;0,312;0,240;0,022;-0,119;0,022;0,000;0,000;2024,9980;1739,54;;;;DUSD;N069000;T200;;099978      AMGEN INC 3% 2023/22.02.2029;93,55133330;87,19018330;96,31000000;82,73344214;96,42500000;300000,00000000;0,00000000;0,00000000;0,00000000;0,00000000;20251113
82;1O;01076;AU000000ORI1;ORICA LTD.;AUD;AUSTRALIA;111111;201;O;28648,000;0,000;0,000;0,000;16,8448;10,0014;482571,7640;286520,92;1,684246;23,4000;13,1682;670363,2000;377244,34;670363,2000;377244,34;22,8200;38,915;5,507;31,664;25,144;0,362;0,033;2,542;0,033;0,000;0,000;0,0000;0,00;;;;DAUD;N007000;T300;;099967      ORICA LTD.;16,84486749;10,00142837;23,40000000;13,16826111;22,82000000;28648,00000000;0,00000000;0,00000000;0,00000000;0,00000000;20251113
82;1O;17478;AU000000ORA8;ORORA LTD;AUD;AUSTRALIA;111111;201;O;156809,000;0,000;0,000;0,000;2,1769;1,2611;341369,6500;197752,80;1,726244;2,2400;1,2605;351252,1600;197665,82;351252,1600;197665,82;2,2600;2,895;2,940;-0,044;13,175;0,190;0,017;-0,885;0,018;0,000;0,000;0,0000;0,00;;;;DAUD;N007000;T300;;099983      ORORA LTD;2,17697740;1,26110618;2,24000000;1,26055149;2,26000000;156809,00000000;0,00000000;0,00000000;0,00000000;0,00000000;20251113
82;1O;31244;AU000000LLC3;LEND LEASE GROUP STAPLED SECURITIES;AUD;AUSTRALIA;111111;223;O;36200,000;0,000;0,000;0,000;6,2266;3,7207;225405,3400;134691,11;1,673498;5,4200;3,0500;196204,0000;110413,06;196204,0000;110413,06;5,4500;-12,955;6,185;-18,025;7,359;0,106;0,010;-0,550;0,010;0,000;0,000;0,0000;0,00;;;;DAUD;N007000;T300;;099990      LEND LEASE GROUP STAPLED SECURITIES;6,22666685;3,72074889;5,42000000;3,05008441;5,45000000;36200,00000000;0,00000000;0,00000000;0,00000000;0,00000000;20251113
82;1O;03510;CA1363751027;CANADIAN NATIONAL RAILWAY CAD;CAD;TORONTO;111111;201;O;3420,000;0,000;0,000;0,000;143,9929;95,5796;492455,8790;326882,35;1,506523;135,4800;83,0605;463341,6000;284066,95;463341,6000;284066,95;137,1100;-5,912;8,269;-13,098;28,795;0,273;0,025;-1,189;0,025;0,000;0,000;0,0000;0,00;;;;DCAD;N013000;T300;;099975      CANADIAN NATIONAL RAILWAY CAD;143,99294707;95,57963450;135,48000000;83,06051131;137,11000000;3420,00000000;0,00000000;0,00000000;0,00000000;0,00000000;20251113
82;1O;10636;DK0060079531;DSV A/S;DKK;COPENHAGEN;111111;201;O;3343,000;0,000;0,000;0,000;1444,7769;193,6039;4829889,3700;647218,15;7,462537;1446,5000;193,7086;4835649,5000;647568,03;4835649,5000;647568,03;1477,0000;0,119;0,065;0,054;46,790;0,622;0,057;-2,065;0,057;0,000;0,000;0,0000;0,00;;;;DDKK;N021000;T300;;099943      DSV A/S;1444,77695782;193,60399341;1446,50000000;193,70865361;1477,00000000;3343,00000000;0,00000000;0,00000000;0,00000000;0,00000000;20251113
82;1O;47417;DK0062498333;NOVO NORDISK A/S-B;DKK;COPENHAGEN;111111;201;O;14640,000;0,000;0,000;0,000;533,9151;71,5829;7816517,5000;1047974,82;7,458688;318,6500;42,6721;4665036,0000;624720,25;4665036,0000;624720,25;321,0500;-40,318;0,117;-40,388;45,139;0,600;0,055;-0,748;0,055;0,000;0,000;0,0000;0,00;;;;DDKK;N021000;T300;;099945      NOVO NORDISK A/S-B;533,91512978;71,58297950;318,65000000;42,67214827;321,05000000;14640,00000000;0,00000000;0,00000000;0,00000000;0,00000000;20251113
82;1O;44229;GB00BP92CJ43;TATE & LYLE PLC;GBP;LONDRA;111111;201;O;106825,000;0,000;0,000;0,000;5,5063;6,4580;588217,4000;689876,82;0,852641;3,8820;4,4003;414694,6500;470068,75;414694,6500;470068,75;3,9440;-29,500;3,467;-31,862;8,200;0,452;0,042;-1,572;0,042;0,000;0,000;0,0000;0,00;;;;DGBP;N031000;T300;;099958      TATE & LYLE PLC;5,50636461;6,45800908;3,88200000;4,40036272;3,94400000;106825,00000000;0,00000000;0,00000000;0,00000000;0,00000000;20251113
82;1O;03729;GB0006825383;PERSIMMON PLC.;GBP;LONDRA;111111;201;O;25963,000;0,000;0,000;0,000;11,7090;13,9913;304002,2520;363257,86;0,836877;12,7400;14,4411;330768,6200;374936,09;330768,6200;374936,09;12,3300;8,805;5,416;3,215;6,540;0,360;0,033;3,325;0,033;0,000;0,000;0,0000;0,00;;;;DGBP;N031000;T300;;099967      PERSIMMON PLC.;11,70905719;13,99136694;12,74000000;14,44116980;12,33000000;25963,00000000;0,00000000;0,00000000;0,00000000;0,00000000;20251113
82;1O;09739;GB00B2B0DG97;REED ELSEVIER PLC A;GBP;LONDRA;111111;201;O;5139,000;0,000;0,000;0,000;38,9574;46,0967;200202,1450;236891,22;0,845123;31,4000;35,5928;161364,6000;182911,58;161364,6000;182911,58;31,3600;-19,399;4,387;-22,787;3,191;0,176;0,016;0,128;0,016;0,000;0,000;0,0000;0,00;;;;DGBP;N031000;T300;;099984      REED ELSEVIER PLC A;38,95741292;46,09675423;31,40000000;35,59283609;31,36000000;5139,00000000;0,00000000;0,00000000;0,00000000;0,00000000;20251113
82;1O;01504;GB0007908733;SSE PLC;GBP;LONDRA;111111;201;O;4736,000;0,000;0,000;0,000;16,1035;19,2354;76266,4350;91098,92;0,837183;22,6300;25,6517;107175,6800;121486,83;107175,6800;121486,83;23,0700;40,528;5,377;33,357;2,119;0,117;0,011;-1,907;0,011;0,000;0,000;0,0000;0,00;;;;DGBP;N031000;T300;;099989      SSE PLC;16,10355468;19,23541385;22,63000000;25,65177964;23,07000000;4736,00000000;0,00000000;0,00000000;0,00000000;0,00000000;20251113
82;1O;12368;IE0001827041;CRH PLC.- LONDRA GBP;GBP;LONDRA;111111;201;O;9737,000;0,000;0,000;0,000;71,7362;85,5797;698496,2870;833290,42;0,838239;84,7600;96,0779;825308,1200;935511,36;825308,1200;935511,36;86,6800;18,155;5,244;12,267;16,318;0,899;0,083;-2,215;0,083;0,000;0,000;0,0000;0,00;;;;DGBP;N040000;T300;;099917      CRH PLC.- LONDRA GBP;71,73629321;85,57979049;84,76000000;96,07798685;86,68000000;9737,00000000;0,00000000;0,00000000;0,00000000;0,00000000;20251113
82;1O;19903;IE00BTN1Y115;MEDTRONIC PLC;USD;NEW YORK;111111;201;O;14848,000;0,000;0,000;0,000;80,1816;76,7320;1190537,6630;1139317,23;1,044957;96,1400;82,5874;1427486,7200;1226257,81;1427486,7200;1226257,81;95,8100;19,903;11,402;7,631;1,531;1,178;0,108;0,344;0,109;0,000;0,000;0,0000;0,00;;;;DUSD;N040000;T300;;099892      MEDTRONIC PLC;80,18168527;76,73203327;96,14000000;82,58740658;95,81000000;14848,00000000;0,00000000;0,00000000;0,00000000;0,00000000;20251113
82;1O;46296;IE000S9YS762;LINDE PLC NEW - USD;USD;OTC;111111;201;O;3230,000;0,000;0,000;0,000;424,9692;402,3360;1372650,8190;1299545,39;1,056255;428,6400;368,2157;1384507,2000;1189337,00;1384507,2000;1189337,00;428,9600;0,864;10,210;-8,481;1,485;1,143;0,105;-0,075;0,105;0,000;0,000;0,0000;0,00;;;;DUSD;N040000;T300;;099895      LINDE PLC NEW - USD;424,96929380;402,33603405;428,64000000;368,21578902;428,96000000;3230,00000000;0,00000000;0,00000000;0,00000000;0,00000000;20251113
82;1O;37185;IE00BK9ZQ967;TRANE TECH PLC;USD;NEW YORK;111111;201;O;2572,000;0,000;0,000;0,000;362,7046;345,1953;932876,2380;887842,52;1,050723;414,8500;356,3697;1066994,2000;916582,94;1066994,2000;916582,94;421,7500;14,377;10,790;3,237;1,144;0,881;0,081;-1,636;0,081;0,000;0,000;0,0000;0,00;;;;DUSD;N040000;T300;;099919      TRANE TECH PLC;362,70460264;345,19538102;414,85000000;356,36972768;421,75000000;2572,00000000;0,00000000;0,00000000;0,00000000;0,00000000;20251113
82;1O;18593;IE00BLS09M33;PENTAIR PLC;USD;NEW YORK;111111;201;O;1601,000;0,000;0,000;0,000;96,9987;92,3870;155295,0390;147911,72;1,049917;106,7500;91,7017;170906,7500;146814,49;170906,7500;146814,49;108,6800;10,053;10,875;-0,742;0,183;0,141;0,013;-1,776;0,013;0,000;0,000;0,0000;0,00;;;;DUSD;N040000;T300;;099987      PENTAIR PLC;96,99877514;92,38708307;106,75000000;91,70174383;108,68000000;1601,00000000;0,00000000;0,00000000;0,00000000;0,00000000;20251113
82;1O;00158;NO0005052605;NORSK HYDRO;NOK;OSLO;111111;201;O;49218,000;0,000;0,000;0,000;69,6883;5,9692;3429923,6700;293796,19;11,674500;74,3800;6,3817;3660834,8400;314097,25;3660834,8400;314097,25;74,1600;6,732;-0,166;6,910;61,839;0,302;0,028;0,297;0,028;0,000;0,000;0,0000;0,00;;;;DNOK;N048000;T300;;099972      NORSK HYDRO;69,68839997;5,96928339;74,38000000;6,38175562;74,16000000;49218,00000000;0,00000000;0,00000000;0,00000000;0,00000000;20251113
82;1O;24521;NL0011585146;FERRARI NV - USD -;USD;NEW YORK;111111;201;O;743,000;0,000;0,000;0,000;426,5999;404,1927;316963,7590;300315,25;1,055437;417,8100;358,9124;310432,8300;266671,96;310432,8300;266671,96;419,5200;-2,060;10,296;-11,203;0,333;0,256;0,024;-0,408;0,024;0,000;0,000;0,0000;0,00;;;;DUSD;N050000;T300;;099976      FERRARI NV - USD -;426,59994481;404,19279946;417,81000000;358,91246456;419,52000000;743,00000000;0,00000000;0,00000000;0,00000000;0,00000000;20251113
82;1O;44332;SE0017486889;ATLAS COPCO AB-A SHS;SEK;STOCCOLMA;111111;201;O;45859,000;0,000;0,000;0,000;159,6586;14,4819;7321783,7940;664128,50;11,024649;157,5000;14,4018;7222792,5000;660454,14;7222792,5000;660454,14;160,9500;-1,352;-0,803;-0,553;34,966;0,635;0,058;-2,144;0,059;0,000;0,000;0,0000;0,00;;;;DSEK;N068000;T300;;099942      ATLAS COPCO AB-A SHS;159,65860123;14,48196646;157,50000000;14,40184343;160,95000000;45859,00000000;0,00000000;0,00000000;0,00000000;0,00000000;20251113
82;1O;00418;SE0000108227;S.K.F. AB CL.B;SEK;STOCCOLMA;111111;201;O;29400,000;0,000;0,000;0,000;251,3115;22,8350;7388558,8000;671350,85;11,005510;240,0000;21,9456;7056000,0000;645202,59;7056000,0000;645202,59;237,3000;-4,501;-0,631;-3,895;34,158;0,620;0,057;1,138;0,057;0,000;0,000;0,0000;0,00;;;;DSEK;N068000;T300;;099943      S.K.F. AB CL.B;251,31152381;22,83506292;240,00000000;21,94566618;237,30000000;29400,00000000;0,00000000;0,00000000;0,00000000;0,00000000;20251113
82;1O;23094;SE0007100581;ASSA ABLOY AB-B;SEK;STOCCOLMA;111111;201;O;11672,000;0,000;0,000;0,000;331,0961;30,1010;3864553,8000;351339,05;10,999500;356,5000;32,5984;4161068,0000;380489,21;4161068,0000;380489,21;361,8000;7,673;-0,576;8,297;20,144;0,366;0,034;-1,465;0,034;0,000;0,000;0,0000;0,00;;;;DSEK;N068000;T300;;099966      ASSA ABLOY AB-B;331,09611035;30,10101525;356,50000000;32,59845831;361,80000000;11672,00000000;0,00000000;0,00000000;0,00000000;0,00000000;20251113
82;1O;02738;US67066G1040;NVIDIA CORP.;USD;OTC;111111;201;O;56158,000;0,000;0,000;0,000;128,2718;122,1128;7203493,0570;6857614,05;1,050437;186,8600;160,5188;10493683,8800;9014417,90;10493683,8800;9014417,90;193,8000;45,675;10,821;31,451;11,253;8,662;0,796;-3,581;0,799;0,000;0,000;0,0000;0,00;;;;DUSD;N069000;T300;;099204      NVIDIA CORP.;128,27189460;122,11286103;186,86000000;160,51885576;193,80000000;56158,00000000;0,00000000;0,00000000;0,00000000;0,00000000;20251113
82;1O;08768;US92826C8394;VISA INC CLASS A SHS;USD;NEW YORK;111111;201;O;12207,000;0,000;0,000;0,000;319,1842;302,6528;3896281,8250;3694483,79;1,054621;336,0800;288,7037;4102528,5600;3524206,31;4102528,5600;3524206,31;338,8800;5,293;10,381;-4,609;4,399;3,386;0,311;-0,826;0,313;0,000;0,000;0,0000;0,00;;;;DUSD;N069000;T300;;099689      VISA INC CLASS A SHS;319,18422421;302,65288686;336,08000000;288,70371961;338,88000000;12207,00000000;0,00000000;0,00000000;0,00000000;0,00000000;20251113
82;1O;06606;US57636Q1040;MASTERCARD INC CL A;USD;NEW YORK;111111;201;O;7002,000;0,000;0,000;0,000;524,1636;496,9464;3670194,1700;3479618,97;1,054769;555,5700;477,2528;3890101,1400;3341724,20;3890101,1400;3341724,20;561,2300;5,992;10,365;-3,963;4,172;3,211;0,295;-1,008;0,296;0,000;0,000;0,0000;0,00;;;;DUSD;N069000;T300;;099705      MASTERCARD INC CL A;524,16369180;496,94643958;555,57000000;477,25281333;561,23000000;7002,00000000;0,00000000;0,00000000;0,00000000;0,00000000;20251113
82;1O;00448;US68389X1054;ORACLE CORP.;USD;OTC;111111;201;O;13921,000;0,000;0,000;0,000;162,4913;155,6194;2262042,5360;2166377,68;1,044159;217,5700;186,8997;3028791,9700;2601831,43;3028791,9700;2601831,43;226,9900;33,896;11,487;20,101;3,248;2,500;0,230;-4,150;0,231;0,000;0,000;0,0000;0,00;;;;DUSD;N069000;T300;;099770      ORACLE CORP.;162,49138251;155,61940090;217,57000000;186,89975088;226,99000000;13921,00000000;0,00000000;0,00000000;0,00000000;0,00000000;20251113
82;1O;14741;US00287Y1091;ABBVIE INC;USD;NEW YORK;111111;201;O;8883,000;0,000;0,000;0,000;177,1874;169,8652;1573956,0290;1508912,65;1,043106;232,2900;199,5447;2063432,0700;1772555,68;2063432,0700;1772555,68;233,2300;31,098;11,599;17,472;2,213;1,703;0,157;-0,403;0,157;0,000;0,000;0,0000;0,00;;;;DUSD;N069000;T300;;099843      ABBVIE INC;177,18743994;169,86520882;232,29000000;199,54471265;233,23000000;8883,00000000;0,00000000;0,00000000;0,00000000;0,00000000;20251113
82;1O;00095;US4370761029;HOME DEPOT INC.;USD;NEW YORK;111111;201;O;5113,000;0,000;0,000;0,000;383,6415;363,5085;1961559,3490;1858619,27;1,055385;368,0700;316,1841;1881941,9100;1616649,70;1881941,9100;1616649,70;371,1300;-4,059;10,301;-13,019;2,018;1,553;0,143;-0,825;0,143;0,000;0,000;0,0000;0,00;;;;DUSD;N069000;T300;;099857      HOME DEPOT INC.;383,64157031;363,50856053;368,07000000;316,18417661;371,13000000;5113,00000000;0,00000000;0,00000000;0,00000000;0,00000000;20251113
82;1O;00423;US0382221051;APPLIED MATERIALS INC.;USD;OTC;111111;201;O;7871,000;0,000;0,000;0,000;179,7340;163,9629;1414686,5660;1290552,32;1,096187;223,2300;191,7618;1757043,3300;1509357,73;1757043,3300;1509357,73;230,7300;24,200;6,195;16,954;1,884;1,450;0,133;-3,251;0,134;0,000;0,000;0,0000;0,00;;;;DUSD;N069000;T300;;099867      APPLIED MATERIALS INC.;179,73403201;163,96294244;223,23000000;191,76187612;230,73000000;7871,00000000;0,00000000;0,00000000;0,00000000;0,00000000;20251113
82;1O;00174;US7427181091;PROCTER & GAMBLE CO.;USD;NEW YORK;111111;201;O;11853,000;0,000;0,000;0,000;162,9873;151,6194;1931889,1270;1797145,46;1,074976;147,9600;127,1024;1753769,8800;1506545,73;1753769,8800;1506545,73;148,0100;-9,220;8,291;-16,170;1,881;1,448;0,133;-0,034;0,134;0,000;0,000;0,0000;0,00;;;;DUSD;N069000;T300;;099867      PROCTER & GAMBLE CO.;162,98735569;151,61946005;147,96000000;127,10248260;148,01000000;11853,00000000;0,00000000;0,00000000;0,00000000;0,00000000;20251113
82;1O;00222;US8825081040;TEXAS INSTRUMENTS INC.;USD;OTC;111111;201;O;9802,000;0,000;0,000;0,000;185,0704;173,3924;1814060,9940;1699592,47;1,067351;162,2300;139,3608;1590178,4600;1366015,34;1590178,4600;1366015,34;163,0900;-12,342;9,064;-19,627;1,705;1,313;0,121;-0,527;0,121;0,000;0,000;0,0000;0,00;;;;DUSD;N069000;T300;;099879      TEXAS INSTRUMENTS INC.;185,07049520;173,39241685;162,23000000;139,36087964;163,09000000;9802,00000000;0,00000000;0,00000000;0,00000000;0,00000000;20251113
82;1O;10451;US58933Y1055;MERCK E CO INC;USD;NEW YORK;111111;201;O;15927,000;0,000;0,000;0,000;94,6016;89,4273;1506719,7020;1424310,10;1,057859;92,9300;79,8299;1480096,1100;1271451,00;1480096,1100;1271451,00;91,4500;-1,767;10,043;-10,732;1,587;1,222;0,112;1,618;0,113;0,000;0,000;0,0000;0,00;;;;DUSD;N069000;T300;;099888      MERCK E CO INC;94,60160118;89,42739373;92,93000000;79,82991151;91,45000000;15927,00000000;0,00000000;0,00000000;0,00000000;0,00000000;20251113
82;1O;00060;US2358511028;DANAHER CORP.;USD;NEW YORK;111111;201;O;6535,000;0,000;0,000;0,000;222,5042;211,7972;1454065,3510;1384094,83;1,050553;221,2000;190,0180;1445542,0000;1241767,89;1445542,0000;1241767,89;219,4000;-0,586;10,808;-10,283;1,550;1,193;0,110;0,820;0,110;0,000;0,000;0,0000;0,00;;;;DUSD;N069000;T300;;099890      DANAHER CORP.;222,50426182;211,79721958;221,20000000;190,01803968;219,40000000;6535,00000000;0,00000000;0,00000000;0,00000000;0,00000000;20251113
82;1O;04319;US79466L3024;SALESFORCE COM INC.;USD;NEW YORK;111111;201;O;6044,000;0,000;0,000;0,000;321,1460;306,6383;1941006,9820;1853321,90;1,047312;240,4300;206,5372;1453158,9200;1248311,07;1453158,9200;1248311,07;246,0200;-25,134;11,151;-32,645;1,558;1,199;0,110;-2,272;0,111;0,000;0,000;0,0000;0,00;;;;DUSD;N069000;T300;;099890      SALESFORCE COM INC.;321,14609232;306,63830244;240,43000000;206,53723906;246,02000000;6044,00000000;0,00000000;0,00000000;0,00000000;0,00000000;20251113
82;1O;60431;US5128073062;LAM RESEARCH CORP;USD;OTC;111111;201;O;9400,000;0,000;0,000;0,000;72,2300;69,7470;678962,0000;655621,86;1,035600;153,3200;131,7068;1441208,0000;1238044,84;1441208,0000;1238044,84;161,4200;112,266;12,408;88,835;1,546;1,190;0,109;-5,018;0,110;0,000;0,000;0,0000;0,00;;;;DUSD;N069000;T300;;099891      LAM RESEARCH CORP;72,23000000;69,74700638;153,32000000;131,70689803;161,42000000;9400,00000000;0,00000000;0,00000000;0,00000000;0,00000000;20251113
82;1O;17264;US81762P1021;SERVICENOW INC;USD;NEW YORK;111111;201;O;1690,000;0,000;0,000;0,000;1057,7501;993,0565;1787597,7520;1678265,57;1,065146;849,6900;729,9115;1435976,1000;1233550,47;1435976,1000;1233550,47;864,0400;-19,670;9,290;-26,498;1,540;1,185;0,109;-1,661;0,109;0,000;0,000;0,0000;0,00;;;;DUSD;N069000;T300;;099891      SERVICENOW INC;1057,75014911;993,05655029;849,69000000;729,91151962;864,04000000;1690,00000000;0,00000000;0,00000000;0,00000000;0,00000000;20251113
82;1O;00481;US7475251036;QUALCOMM INC.;USD;OTC;111111;201;O;8011,000;0,000;0,000;0,000;150,6271;143,5503;1206674,1790;1149982,12;1,049298;174,5000;149,9012;1397919,5000;1200858,60;1397919,5000;1200858,60;176,6700;15,849;10,941;4,424;1,499;1,154;0,106;-1,228;0,106;0,000;0,000;0,0000;0,00;;;;DUSD;N069000;T300;;099894      QUALCOMM INC.;150,62716003;143,55038322;174,50000000;149,90121123;176,67000000;8011,00000000;0,00000000;0,00000000;0,00000000;0,00000000;20251113
82;1O;00263;US17275R1023;CISCO SYSTEM INC.;USD;OTC;111111;201;O;17441,000;0,000;0,000;0,000;59,5884;55,8556;1039281,5340;974178,50;1,066829;77,3800;66,4719;1349584,5800;1159337,32;1349584,5800;1159337,32;73,9600;29,857;9,118;19,007;1,447;1,114;0,102;4,624;0,103;0,000;0,000;0,0000;0,00;;;;DUSD;N069000;T300;;099898      CISCO SYSTEM INC.;59,58841431;55,85565621;77,38000000;66,47195258;73,96000000;17441,00000000;0,00000000;0,00000000;0,00000000;0,00000000;20251113
82;1O;00061;US2441991054;DEERE & CO.;USD;NEW YORK;111111;201;O;2690,000;0,000;0,000;0,000;429,4233;407,1907;1155148,7830;1095343,24;1,054600;473,4100;406,6746;1273472,9000;1093954,90;1273472,9000;1093954,90;480,7800;10,243;10,383;-0,127;1,366;1,051;0,097;-1,533;0,097;0,000;0,000;0,0000;0,00;;;;DUSD;N069000;T300;;099903      DEERE & CO.;429,42333940;407,19079553;473,41000000;406,67468430;480,78000000;2690,00000000;0,00000000;0,00000000;0,00000000;0,00000000;20251113
82;1O;01191;US4612021034;INTUIT INC.;USD;OTC;111111;201;O;1803,000;0,000;0,000;0,000;620,3707;588,5245;1118528,5240;1061109,77;1,054112;650,1100;558,4657;1172148,3300;1006913,78;1172148,3300;1006913,78;659,3000;4,794;10,434;-5,107;1,257;0,967;0,089;-1,394;0,089;0,000;0,000;0,0000;0,00;;;;DUSD;N069000;T300;;099911      INTUIT INC.;620,37078424;588,52455352;650,11000000;558,46576754;659,30000000;1803,00000000;0,00000000;0,00000000;0,00000000;0,00000000;20251113
82;1O;25523;US78409V1044;S&P GLOBAL-ORD SHS;USD;NEW YORK;111111;201;O;2333,000;0,000;0,000;0,000;491,2054;466,0253;1145982,2750;1087237,11;1,054032;502,9600;432,0591;1173405,6800;1007993,88;1173405,6800;1007993,88;495,8400;2,393;10,443;-7,288;1,258;0,969;0,089;1,436;0,089;0,000;0,000;0,0000;0,00;;;;DUSD;N069000;T300;;099911      S&P GLOBAL-ORD SHS;491,20543291;466,02533647;502,96000000;432,05910145;495,84000000;2333,00000000;0,00000000;0,00000000;0,00000000;0,00000000;20251113
82;1O;00007;US0028241000;ABBOTT LABORATORIES CORP.;USD;NEW YORK;111111;201;O;8422,000;0,000;0,000;0,000;120,6549;111,4689;1016155,5970;938791,90;1,082408;129,2600;111,0385;1088627,7200;935166,84;1088627,7200;935166,84;128,8200;7,132;7,547;-0,386;1,167;0,899;0,083;0,342;0,083;0,000;0,000;0,0000;0,00;;;;DUSD;N069000;T300;;099917      ABBOTT LABORATORIES CORP.;120,65490346;111,46899786;129,26000000;111,03857056;128,82000000;8422,00000000;0,00000000;0,00000000;0,00000000;0,00000000;20251113
82;1O;00017;US0311621009;AMGEN INC;USD;OTC;111111;201;O;3007,000;0,000;0,000;0,000;264,8677;251,2277;796457,2700;755441,84;1,054293;336,0000;288,6349;1010352,0000;867925,44;1010352,0000;867925,44;336,2800;26,856;10,415;14,890;1,083;0,834;0,077;-0,083;0,077;0,000;0,000;0,0000;0,00;;;;DUSD;N069000;T300;;099923      AMGEN INC;264,86773195;251,22774858;336,00000000;288,63499699;336,28000000;3007,00000000;0,00000000;0,00000000;0,00000000;0,00000000;20251113
82;1O;00525;US4278661081;HERSHEY CO.;USD;NEW YORK;111111;201;O;5660,000;0,000;0,000;0,000;173,8151;149,8922;983793,4700;848390,36;1,159600;178,1400;153,0280;1008272,4000;866138,99;1008272,4000;866138,99;178,2600;2,488;0,388;2,092;1,081;0,832;0,077;-0,067;0,077;0,000;0,000;0,0000;0,00;;;;DUSD;N069000;T300;;099923      HERSHEY CO.;173,81510070;149,89228975;178,14000000;153,02809037;178,26000000;5660,00000000;0,00000000;0,00000000;0,00000000;0,00000000;20251113
82;1O;00103;US4581401001;INTEL CORP.;USD;OTC;111111;201;O;27734,000;0,000;0,000;0,000;19,8850;18,8965;551493,3210;524077,86;1,052312;35,9100;30,8478;995927,9400;855534,70;995927,9400;855534,70;37,8900;80,587;10,623;63,246;1,068;0,822;0,076;-5,226;0,076;0,000;0,000;0,0000;0,00;;;;DUSD;N069000;T300;;099924      INTEL CORP.;19,88509847;18,89658397;35,91000000;30,84786530;37,89000000;27734,00000000;0,00000000;0,00000000;0,00000000;0,00000000;20251113
82;1O;00492;US9078181081;UNION PACIFIC CORP.;USD;NEW YORK;111111;201;O;4249,000;0,000;0,000;0,000;226,0546;214,8074;960506,2650;912716,70;1,052360;221,4800;190,2585;941068,5200;808408,66;941068,5200;808408,66;223,5500;-2,024;10,618;-11,428;1,009;0,777;0,071;-0,926;0,072;0,000;0,000;0,0000;0,00;;;;DUSD;N069000;T300;;099929      UNION PACIFIC CORP.;226,05466345;214,80741350;221,48000000;190,25856885;223,55000000;4249,00000000;0,00000000;0,00000000;0,00000000;0,00000000;20251113
82;1O;02840;US8636671013;STRYKER CORP.;USD;NEW YORK;111111;201;O;2425,000;0,000;0,000;0,000;358,2320;341,6371;868712,6530;828470,20;1,048574;373,4200;320,7800;905543,5000;777891,50;905543,5000;777891,50;367,3400;4,240;11,017;-6,105;0,971;0,747;0,069;1,655;0,069;0,000;0,000;0,0000;0,00;;;;DUSD;N069000;T300;;099931      STRYKER CORP.;358,23202185;341,63719587;373,42000000;320,78000171;367,34000000;2425,00000000;0,00000000;0,00000000;0,00000000;0,00000000;20251113
82;1O;01458;US92343V1044;VERIZON COMMUNICATION;USD;NEW YORK;111111;201;O;22233,000;0,000;0,000;0,000;43,1539;36,6549;959440,6600;814950,02;1,177300;41,1100;35,3148;913998,6300;785154,74;913998,6300;785154,74;40,8000;-4,736;-1,121;-3,656;0,980;0,754;0,069;0,760;0,070;0,000;0,000;0,0000;0,00;;;;DUSD;N069000;T300;;099931      VERIZON COMMUNICATION;43,15390005;36,65497323;41,11000000;35,31483549;40,80000000;22233,00000000;0,00000000;0,00000000;0,00000000;0,00000000;20251113
82;1O;03448;US8716071076;SYNOPSYS INC.;USD;OTC;111111;201;O;2286,000;0,000;0,000;0,000;496,7333;450,1325;1135532,5520;1029002,97;1,103527;393,9300;338,3987;900523,9800;773579,57;900523,9800;773579,57;398,8100;-20,696;5,489;-24,822;0,966;0,743;0,068;-1,224;0,069;0,000;0,000;0,0000;0,00;;;;DUSD;N069000;T300;;099932      SYNOPSYS INC.;496,73339982;450,13253280;393,93000000;338,39876299;398,81000000;2286,00000000;0,00000000;0,00000000;0,00000000;0,00000000;20251113
82;1O;11964;US74340W1036;PROLOGIS INC;USD;NEW YORK;111111;201;O;7163,000;0,000;0,000;0,000;104,6170;99,2262;749372,1000;710757,63;1,054329;124,0000;106,5200;888212,0000;763003,18;888212,0000;763003,18;124,8400;18,527;10,411;7,351;0,953;0,733;0,067;-0,673;0,068;0,000;0,000;0,0000;0,00;;;;DUSD;N069000;T300;;099933      PROLOGIS INC;104,61707385;99,22625017;124,00000000;106,52005841;124,84000000;7163,00000000;0,00000000;0,00000000;0,00000000;0,00000000;20251113
82;1O;00349;US8725401090;TJX COMPANIES INC.;USD;NEW YORK;111111;201;O;6051,000;0,000;0,000;0,000;120,8454;114,2201;731235,9680;691146,39;1,058004;146,4000;125,7623;885866,4000;760988,23;885866,4000;760988,23;147,6300;21,146;10,028;10,105;0,950;0,731;0,067;-0,833;0,067;0,000;0,000;0,0000;0,00;;;;DUSD;N069000;T300;;099933      TJX COMPANIES INC.;120,84547479;114,22019335;146,40000000;125,76239154;147,63000000;6051,00000000;0,00000000;0,00000000;0,00000000;0,00000000;20251113
82;1O;01357;US0530151036;AUTOMATIC DATA PROCESSING;USD;OTC;111111;201;O;3425,000;0,000;0,000;0,000;293,1801;277,9939;1004141,8680;952129,11;1,054628;254,6100;218,7183;872039,2500;749110,26;872039,2500;749110,26;254,5500;-13,156;10,380;-21,323;0,935;0,720;0,066;0,024;0,066;0,000;0,000;0,0000;0,00;;;;DUSD;N069000;T300;;099934      AUTOMATIC DATA PROCESSING;293,18010744;277,99390073;254,61000000;218,71832316;254,55000000;3425,00000000;0,00000000;0,00000000;0,00000000;0,00000000;20251113
82;1O;19426;US6974351057;PALO ALTO NETWORKS INC;USD;NEW YORK;111111;201;O;4273,000;0,000;0,000;0,000;179,7204;170,6565;767945,3990;729215,57;1,053112;204,7700;175,9041;874982,2100;751638,36;874982,2100;751638,36;210,0400;13,938;10,539;3,075;0,938;0,722;0,066;-2,509;0,067;0,000;0,000;0,0000;0,00;;;;DUSD;N069000;T300;;099934      PALO ALTO NETWORKS INC;179,72043037;170,65658085;204,77000000;175,90413194;210,04000000;4273,00000000;0,00000000;0,00000000;0,00000000;0,00000000;20251113
82;1O;00432;US0326541051;ANALOG DEVICES;USD;OTC;111111;201;O;3559,000;0,000;0,000;0,000;205,5843;195,7297;731674,5550;696602,01;1,050348;237,5300;204,0460;845369,2700;726199,87;845369,2700;726199,87;241,4400;15,539;10,830;4,249;0,907;0,698;0,064;-1,619;0,064;0,000;0,000;0,0000;0,00;;;;DUSD;N069000;T300;;099936      ANALOG DEVICES;205,58430879;195,72970216;237,53000000;204,04604415;241,44000000;3559,00000000;0,00000000;0,00000000;0,00000000;0,00000000;20251113
82;1O;00035;US1011371077;BOSTON SCIENTIFIC CORP.;USD;NEW YORK;111111;201;O;7741,000;0,000;0,000;0,000;90,4334;85,7987;700045,4830;664167,95;1,054019;104,9800;90,1812;812650,1800;698093,10;812650,1800;698093,10;104,1300;16,085;10,444;5,108;0,871;0,671;0,062;0,816;0,062;0,000;0,000;0,0000;0,00;;;;DUSD;N069000;T300;;099938      BOSTON SCIENTIFIC CORP.;90,43346893;85,79872755;104,98000000;90,18125590;104,13000000;7741,00000000;0,00000000;0,00000000;0,00000000;0,00000000;20251113
82;1O;02043;US00724F1012;ADOBE SYSTEM INC.;USD;OTC;111111;201;O;2360,000;0,000;0,000;0,000;358,0708;304,9945;845047,3000;719787,25;1,174024;333,6000;286,5733;787296,0000;676313,03;787296,0000;676313,03;337,0500;-6,834;-0,845;-6,040;0,844;0,650;0,060;-1,024;0,060;0,000;0,000;0,0000;0,00;;;;DUSD;N069000;T300;;099940      ADOBE SYSTEM INC.;358,07088983;304,99459745;333,60000000;286,57331844;337,05000000;2360,00000000;0,00000000;0,00000000;0,00000000;0,00000000;20251113
82;1O;03191;US3755581036;GILEAD SCIENCES INC.;USD;OTC;111111;201;O;6264,000;0,000;0,000;0,000;105,6135;95,3531;661563,1810;597292,42;1,107604;125,2000;107,5508;784252,8000;673698,82;784252,8000;673698,82;123,4000;18,545;5,101;12,792;0,841;0,647;0,060;1,459;0,060;0,000;0,000;0,0000;0,00;;;;DUSD;N069000;T300;;099940      GILEAD SCIENCES INC.;105,61353464;95,35319604;125,20000000;107,55089768;123,40000000;6264,00000000;0,00000000;0,00000000;0,00000000;0,00000000;20251113
82;1O;06874;US9581021055;WESTERN DIGITAL CORP;USD;NEW YORK;111111;201;O;4979,000;0,000;0,000;0,000;43,4317;42,1090;216246,6640;209660,89;1,031412;157,1600;135,0055;782499,6400;672192,80;782499,6400;672192,80;166,1100;261,855;12,865;220,610;0,839;0,646;0,059;-5,388;0,060;0,000;0,000;0,0000;0,00;;;;DUSD;N069000;T300;;099941      WESTERN DIGITAL CORP;43,43174613;42,10903595;157,16000000;135,00558371;166,11000000;4979,00000000;0,00000000;0,00000000;0,00000000;0,00000000;20251113
82;1O;23879;US95040Q1040;WELLTOWER INC;USD;NEW YORK;111111;201;O;4028,000;0,000;0,000;0,000;129,1934;122,7410;520391,0630;494401,06;1,052569;191,0700;164,1353;769629,9600;661137,32;769629,9600;661137,32;191,6400;47,895;10,596;33,725;0,825;0,635;0,058;-0,297;0,059;0,000;0,000;0,0000;0,00;;;;DUSD;N069000;T300;;099942      WELLTOWER INC;129,19341186;122,74107745;191,07000000;164,13538355;191,64000000;4028,00000000;0,00000000;0,00000000;0,00000000;0,00000000;20251113
82;1O;04140;US92532F1003;VERTEX PHARMACEUTICALS INC.;USD;OTC;111111;201;O;1683,000;0,000;0,000;0,000;418,3499;396,1647;704082,9660;666745,29;1,056000;434,5200;373,2669;731297,1600;628208,20;731297,1600;628208,20;434,1900;3,865;10,237;-5,780;0,784;0,604;0,055;0,076;0,056;0,000;0,000;0,0000;0,00;;;;DUSD;N069000;T300;;099945      VERTEX PHARMACEUTICALS INC.;418,34995008;396,16475935;434,52000000;373,26690146;434,19000000;1683,00000000;0,00000000;0,00000000;0,00000000;0,00000000;20251113
82;1O;37453;US68902V1070;OTIS WORLDWIDE;USD;NEW YORK;111111;201;O;7855,000;0,000;0,000;0,000;93,4665;86,9377;734180,0810;682896,00;1,075098;90,5900;77,8197;711584,4500;611274,33;711584,4500;611274,33;90,9800;-3,078;8,279;-10,488;0,763;0,587;0,054;-0,429;0,054;0,000;0,000;0,0000;0,00;;;;DUSD;N069000;T300;;099946      OTIS WORLDWIDE;93,46659210;86,93774665;90,59000000;77,81977493;90,98000000;7855,00000000;0,00000000;0,00000000;0,00000000;0,00000000;20251113
82;1O;00575;US0527691069;AUTODESK INC.;USD;OTC;111111;201;O;2357,000;0,000;0,000;0,000;293,1955;270,0388;691061,8800;636481,48;1,085753;297,1700;255,2787;700429,6900;601692,03;700429,6900;601692,03;301,7400;1,356;7,216;-5,466;0,751;0,578;0,053;-1,515;0,053;0,000;0,000;0,0000;0,00;;;;DUSD;N069000;T300;;099947      AUTODESK INC.;293,19553669;270,03881204;297,17000000;255,27875612;301,74000000;2357,00000000;0,00000000;0,00000000;0,00000000;0,00000000;20251113
82;1O;00261;US5486611073;LOWE'S COMPANIES INC.;USD;NEW YORK;111111;201;O;3015,000;0,000;0,000;0,000;238,3129;223,1699;718513,6620;672857,33;1,067854;231,4700;198,8403;697882,0500;599503,52;697882,0500;599503,52;234,7000;-2,871;9,013;-10,902;0,748;0,576;0,053;-1,376;0,053;0,000;0,000;0,0000;0,00;;;;DUSD;N069000;T300;;099947      LOWE'S COMPANIES INC.;238,31298905;223,16992703;231,47000000;198,84030581;234,70000000;3015,00000000;0,00000000;0,00000000;0,00000000;0,00000000;20251113
82;1O;01205;US9113121068;UNITED PARCEL SERVICE CL.B;USD;NEW YORK;111111;201;O;7343,000;0,000;0,000;0,000;120,0688;114,3589;881665,7030;839737,93;1,049930;95,9700;82,4413;704707,7100;605366,99;704707,7100;605366,99;96,1800;-20,071;10,874;-27,910;0,756;0,582;0,053;-0,218;0,054;0,000;0,000;0,0000;0,00;;;;DUSD;N069000;T300;;099947      UNITED PARCEL SERVICE CL.B;120,06886871;114,35897181;95,97000000;82,44137101;96,18000000;7343,00000000;0,00000000;0,00000000;0,00000000;0,00000000;20251113
82;1O;12297;US7512121010;POLO RALPH LAUREN CORP. NEW;USD;NEW YORK;111111;201;O;1964,000;0,000;0,000;0,000;295,3292;255,8871;580026,6500;502562,29;1,154139;332,7700;285,8603;653560,2800;561429,67;653560,2800;561429,67;340,2100;12,678;0,863;11,713;0,701;0,539;0,050;-2,187;0,050;0,000;0,000;0,0000;0,00;;;;DUSD;N069000;T300;;099950      POLO RALPH LAUREN CORP. NEW;295,32925152;255,88711303;332,77000000;285,86032127;340,21000000;1964,00000000;0,00000000;0,00000000;0,00000000;0,00000000;20251113
82;1O;00567;US2788651006;ECOLAB INC.;USD;NEW YORK;111111;201;O;2354,000;0,000;0,000;0,000;234,7205;222,4296;552532,2210;523599,32;1,055258;261,9800;225,0493;616700,9200;529766,27;616700,9200;529766,27;261,0600;11,614;10,314;1,178;0,661;0,509;0,047;0,352;0,047;0,000;0,000;0,0000;0,00;;;;DUSD;N069000;T300;;099953      ECOLAB INC.;234,72056966;222,42961767;261,98000000;225,04939438;261,06000000;2354,00000000;0,00000000;0,00000000;0,00000000;0,00000000;20251113
82;1O;12344;US98419M1009;XYLEM INC;USD;NEW YORK;111111;201;O;4226,000;0,000;0,000;0,000;119,1070;111,0612;503346,3550;469344,68;1,072445;147,2700;126,5097;622363,0200;534630,20;622363,0200;534630,20;149,8700;23,645;8,546;13,910;0,667;0,514;0,047;-1,735;0,047;0,000;0,000;0,0000;0,00;;;;DUSD;N069000;T300;;099953      XYLEM INC;119,10704093;111,06121154;147,27000000;126,50975002;149,87000000;4226,00000000;0,00000000;0,00000000;0,00000000;0,00000000;20251113
82;1O;00053;US1941621039;COLGATE PALMOLIVE CO.;USD;NEW YORK;111111;201;O;7331,000;0,000;0,000;0,000;80,0220;70,0287;586641,9850;513380,48;1,142704;78,7900;67,6831;577609,4900;496185,46;577609,4900;496185,46;78,5600;-1,540;1,872;-3,349;0,619;0,477;0,044;0,293;0,044;0,000;0,000;0,0000;0,00;;;;DUSD;N069000;T300;;099956      COLGATE PALMOLIVE CO.;80,02209589;70,02871095;78,79000000;67,68318872;78,56000000;7331,00000000;0,00000000;0,00000000;0,00000000;0,00000000;20251113
82;1O;37454;US14448C1045;CARRIER GLOBAL CORP;USD;NEW YORK;111111;201;O;10390,000;0,000;0,000;0,000;66,4879;61,8335;690809,2920;642450,65;1,075272;55,1600;47,3842;573112,4000;492322,31;573112,4000;492322,31;55,9900;-17,038;8,261;-23,368;0,615;0,473;0,043;-1,482;0,044;0,000;0,000;0,0000;0,00;;;;DUSD;N069000;T300;;099957      CARRIER GLOBAL CORP;66,48790105;61,83355630;55,16000000;47,38424533;55,99000000;10390,00000000;0,00000000;0,00000000;0,00000000;0,00000000;20251113
82;1O;19892;US29444U7000;EQUINIX INC;USD;OTC;111111;201;O;673,000;0,000;0,000;0,000;909,4699;864,2572;612073,2530;581645,15;1,052314;786,5400;675,6636;529341,4200;454721,60;529341,4200;454721,60;813,2400;-13,517;10,623;-21,821;0,568;0,437;0,040;-3,283;0,040;0,000;0,000;0,0000;0,00;;;;DUSD;N069000;T300;;099960      EQUINIX INC;909,46991530;864,25728083;786,54000000;675,66360278;813,24000000;673,00000000;0,00000000;0,00000000;0,00000000;0,00000000;20251113
82;1O;16468;US98978V1035;ZOETIS INC;USD;NEW YORK;111111;201;O;4266,000;0,000;0,000;0,000;160,4722;152,9343;684574,5240;652417,90;1,049288;121,1600;104,0804;516868,5600;444007,01;516868,5600;444007,01;121,2500;-24,498;10,942;-31,944;0,554;0,427;0,039;-0,074;0,039;0,000;0,000;0,0000;0,00;;;;DUSD;N069000;T300;;099961      ZOETIS INC;160,47222784;152,93434130;121,16000000;104,08040546;121,25000000;4266,00000000;0,00000000;0,00000000;0,00000000;0,00000000;20251113
82;1O;00572;US2371941053;DARDEN RESTAURANTS;USD;NEW YORK;111111;201;O;2869,000;0,000;0,000;0,000;196,6356;178,3861;564147,7630;511789,97;1,102303;175,4200;150,6915;503279,9800;432333,97;503279,9800;432333,97;175,6700;-10,789;5,606;-15,525;0,540;0,415;0,038;-0,142;0,038;0,000;0,000;0,0000;0,00;;;;DUSD;N069000;T300;;099962      DARDEN RESTAURANTS;196,63567898;178,38618682;175,42000000;150,69152134;175,67000000;2869,00000000;0,00000000;0,00000000;0,00000000;0,00000000;20251113
82;1O;04564;US5797802064;MCCORMICK & CO NON VTG;USD;NEW YORK;111111;201;O;7167,000;0,000;0,000;0,000;69,6206;63,0020;498971,0060;451535,43;1,105054;66,1000;56,7820;473738,7000;406957,05;473738,7000;406957,05;65,8800;-5,057;5,343;-9,873;0,508;0,391;0,036;0,334;0,036;0,000;0,000;0,0000;0,00;;;;DUSD;N069000;T300;;099964      MCCORMICK & CO NON VTG;69,62062313;63,00201339;66,10000000;56,78206339;65,88000000;7167,00000000;0,00000000;0,00000000;0,00000000;0,00000000;20251113
82;1O;33770;US1255231003;CIGNA CORP ORD;USD;NEW YORK;111111;201;O;1664,000;0,000;0,000;0,000;286,2702;271,1240;476353,7060;451150,44;1,055864;270,8900;232,7033;450760,9600;387218,42;450760,9600;387218,42;270,6100;-5,373;10,251;-14,171;0,483;0,372;0,034;0,103;0,034;0,000;0,000;0,0000;0,00;;;;DUSD;N069000;T300;;099966      CIGNA CORP ORD;286,27025601;271,12406250;270,89000000;232,70337599;270,61000000;1664,00000000;0,00000000;0,00000000;0,00000000;0,00000000;20251113
82;1O;19628;US0367521038;ELEVANCE HEALTH INC;USD;NEW YORK;111111;201;O;1357,000;0,000;0,000;0,000;381,2107;361,1398;517302,9810;490066,78;1,055577;328,2800;282,0032;445475,9600;382678,43;445475,9600;382678,43;327,6300;-13,885;10,281;-21,913;0,478;0,368;0,034;0,198;0,034;0,000;0,000;0,0000;0,00;;;;DUSD;N069000;T300;;099966      ELEVANCE HEALTH INC;381,21074502;361,13985261;328,28000000;282,00326432;327,63000000;1357,00000000;0,00000000;0,00000000;0,00000000;0,00000000;20251113
82;1O;03366;US3021301094;EXPEDITORS INTL WASH INC.;USD;NEW YORK;111111;201;O;3199,000;0,000;0,000;0,000;109,8257;104,1540;351332,4730;333188,92;1,054454;138,4400;118,9244;442869,5600;380439,45;442869,5600;380439,45;140,6800;26,054;10,398;14,181;0,475;0,366;0,034;-1,592;0,034;0,000;0,000;0,0000;0,00;;;;DUSD;N069000;T300;;099966      EXPEDITORS INTL WASH INC.;109,82571834;104,15408565;138,44000000;118,92449102;140,68000000;3199,00000000;0,00000000;0,00000000;0,00000000;0,00000000;20251113
82;1O;00104;US4595061015;INTERNATIONAL FLAVORS & FRAGRANCES INC.;USD;NEW YORK;111111;201;O;6556,000;0,000;0,000;0,000;80,5710;74,5697;528223,6950;488879,12;1,080479;67,4300;57,9245;442071,0800;379753,53;442071,0800;379753,53;65,4100;-16,310;7,739;-22,322;0,474;0,365;0,034;3,088;0,034;0,000;0,000;0,0000;0,00;;;;DUSD;N069000;T300;;099966      INTERNATIONAL FLAVORS & FRAGRANCES INC.;80,57103340;74,56972544;67,43000000;57,92457692;65,41000000;6556,00000000;0,00000000;0,00000000;0,00000000;0,00000000;20251113
82;1O;08879;US0304201033;AMERICAN WATER WORKS CO INC;USD;NEW YORK;111111;201;O;3316,000;0,000;0,000;0,000;129,0834;122,0193;428040,7720;404616,17;1,057893;131,4600;112,9284;435921,3600;374470,72;435921,3600;374470,72;129,7700;1,841;10,039;-7,450;0,467;0,360;0,033;1,302;0,033;0,000;0,000;0,0000;0,00;;;;DUSD;N069000;T300;;099967      AMERICAN WATER WORKS CO INC;129,08346562;122,01935162;131,46000000;112,92844257;129,77000000;3316,00000000;0,00000000;0,00000000;0,00000000;0,00000000;20251113
82;1O;00530;US0758871091;BECTON DICKINSON;USD;NEW YORK;111111;201;O;2223,000;0,000;0,000;0,000;222,1456;211,2879;493829,8400;469693,18;1,051388;193,0400;165,8276;429127,9200;368634,93;429127,9200;368634,93;192,1200;-13,102;10,720;-21,516;0,460;0,354;0,033;0,479;0,033;0,000;0,000;0,0000;0,00;;;;DUSD;N069000;T300;;099967      BECTON DICKINSON;222,14567701;211,28798020;193,04000000;165,82767803;192,12000000;2223,00000000;0,00000000;0,00000000;0,00000000;0,00000000;20251113
82;1O;00549;US4180561072;HASBRO INC.;USD;NEW YORK;111111;201;O;5465,000;0,000;0,000;0,000;65,8716;57,9940;359988,4640;316937,38;1,135835;78,9000;67,7776;431188,5000;370405,03;431188,5000;370405,03;79,1300;19,778;2,488;16,870;0,462;0,356;0,033;-0,291;0,033;0,000;0,000;0,0000;0,00;;;;DUSD;N069000;T300;;099967      HASBRO INC.;65,87163110;57,99403110;78,90000000;67,77768232;79,13000000;5465,00000000;0,00000000;0,00000000;0,00000000;0,00000000;20251113
82;1O;08129;US90384S3031;ULTA BEAUTY INC;USD;OTC;111111;201;O;810,000;0,000;0,000;0,000;507,5908;435,9883;411148,5600;353150,58;1,164230;533,8700;458,6118;432434,7000;371475,56;432434,7000;371475,56;535,4000;5,177;-0,011;5,189;0,464;0,357;0,033;-0,286;0,033;0,000;0,000;0,0000;0,00;;;;DUSD;N069000;T300;;099967      ULTA BEAUTY INC;507,59081481;435,98837037;533,87000000;458,61180310;535,40000000;810,00000000;0,00000000;0,00000000;0,00000000;0,00000000;20251113
82;1O;33782;US24703L2025;DELL TECHS-ORD SHS CL C;USD;NEW YORK;111111;201;O;3123,000;0,000;0,000;0,000;130,4379;118,0399;407357,7400;368638,86;1,105032;133,9400;115,0588;418294,6200;359328,77;418294,6200;359328,77;140,7100;2,685;5,345;-2,526;0,449;0,345;0,032;-4,811;0,032;0,000;0,000;0,0000;0,00;;;;DUSD;N069000;T300;;099968      DELL TECHS-ORD SHS CL C;130,43795709;118,03998078;133,94000000;115,05884374;140,71000000;3123,00000000;0,00000000;0,00000000;0,00000000;0,00000000;20251113
82;1O;00316;US5745991068;MASCO CORP.;USD;NEW YORK;111111;201;O;6629,000;0,000;0,000;0,000;73,4956;66,9100;487202,4040;443546,57;1,098424;61,8000;53,0882;409672,2000;351921,83;409672,2000;351921,83;62,5200;-15,913;5,979;-20,657;0,439;0,338;0,031;-1,152;0,031;0,000;0,000;0,0000;0,00;;;;DUSD;N069000;T300;;099969      MASCO CORP.;73,49561080;66,91002715;61,80000000;53,08822266;62,52000000;6629,00000000;0,00000000;0,00000000;0,00000000;0,00000000;20251113
82;1O;00426;US5951121038;MICRON TECHNOLOGY INC.;USD;OTC;111111;201;O;1687,000;0,000;0,000;0,000;97,9641;86,3089;165265,5920;145603,23;1,135041;236,9500;203,5478;399734,6500;343385,15;399734,6500;343385,15;244,9000;141,874;2,560;135,836;0,429;0,330;0,030;-3,246;0,030;0,000;0,000;0,0000;0,00;;;;DUSD;N069000;T300;;099970      MICRON TECHNOLOGY INC.;97,96419205;86,30896858;236,95000000;203,54780517;244,90000000;1687,00000000;0,00000000;0,00000000;0,00000000;0,00000000;20251113
82;1O;00212;US8718291078;SYSCO CORP.;USD;NEW YORK;111111;201;O;5219,000;0,000;0,000;0,000;75,4061;71,6422;393544,7610;373900,69;1,052538;75,0700;64,4875;391790,3300;336560,72;391790,3300;336560,72;75,4200;-0,446;10,599;-9,987;0,420;0,323;0,030;-0,464;0,030;0,000;0,000;0,0000;0,00;;;;DUSD;N069000;T300;;099970      SYSCO CORP.;75,40616229;71,64220923;75,07000000;64,48758697;75,42000000;5219,00000000;0,00000000;0,00000000;0,00000000;0,00000000;20251113
82;1O;01310;US0865161014;BEST BUY COMPANY INC.;USD;NEW YORK;111111;201;O;5000,000;0,000;0,000;0,000;76,9775;65,5350;384887,5000;327675,38;1,174600;76,1800;65,4411;380900,0000;327205,57;380900,0000;327205,57;77,7100;-1,036;-0,894;-0,143;0,408;0,314;0,029;-1,969;0,029;0,000;0,000;0,0000;0,00;;;;DUSD;N069000;T300;;099971      BEST BUY COMPANY INC.;76,97750000;65,53507600;76,18000000;65,44111330;77,71000000;5000,00000000;0,00000000;0,00000000;0,00000000;0,00000000;20251113
82;1O;04388;US2533931026;DICK'S SPORTING GOODS INC.;USD;NEW YORK;111111;201;O;1760,000;0,000;0,000;0,000;218,5121;194,5051;384581,4360;342329,05;1,123426;220,1000;189,0731;387376,0000;332768,66;387376,0000;332768,66;222,8600;0,727;3,621;-2,793;0,415;0,320;0,029;-1,238;0,030;0,000;0,000;0,0000;0,00;;;;DUSD;N069000;T300;;099971      DICK'S SPORTING GOODS INC.;218,51217954;194,50514204;220,10000000;189,07310368;222,86000000;1760,00000000;0,00000000;0,00000000;0,00000000;0,00000000;20251113
82;1O;00399;US5184391044;ESTEE LAUDER COMPANIES CLA;USD;NEW YORK;111111;201;O;3937,000;0,000;0,000;0,000;91,9239;78,4521;361904,5950;308865,94;1,171721;89,9200;77,2442;354015,0400;304110,51;354015,0400;304110,51;92,0100;-2,180;-0,650;-1,540;0,380;0,292;0,027;-2,271;0,027;0,000;0,000;0,0000;0,00;;;;DUSD;N069000;T300;;099973      ESTEE LAUDER COMPANIES CLA;91,92395097;78,45210566;89,92000000;77,24422300;92,01000000;3937,00000000;0,00000000;0,00000000;0,00000000;0,00000000;20251113
82;1O;23399;US70450Y1038;PAYPAL HOLDINGS INC-W/I;USD;OTC;111111;201;O;5078,000;0,000;0,000;0,000;67,5125;57,3451;342828,4800;291198,91;1,177300;65,3300;56,1206;331745,7400;284980,45;331745,7400;284980,45;67,2000;-3,233;-1,121;-2,135;0,356;0,274;0,025;-2,783;0,025;0,000;0,000;0,0000;0,00;;;;DUSD;N069000;T300;;099975      PAYPAL HOLDINGS INC-W/I;67,51250098;57,34519692;65,33000000;56,12060819;67,20000000;5078,00000000;0,00000000;0,00000000;0,00000000;0,00000000;20251113
82;1O;13633;US8923561067;TRACTOR SUPPLY COMPANY;USD;OTC;111111;201;O;5776,000;0,000;0,000;0,000;57,7542;51,4188;333588,6090;296995,39;1,123211;56,1800;48,2604;324495,6800;278752,41;324495,6800;278752,41;55,9800;-2,726;3,640;-6,143;0,348;0,268;0,025;0,357;0,025;0,000;0,000;0,0000;0,00;;;;DUSD;N069000;T300;;099975      TRACTOR SUPPLY COMPANY;57,75426056;51,41886946;56,18000000;48,26045872;55,98000000;5776,00000000;0,00000000;0,00000000;0,00000000;0,00000000;20251113
82;1O;07927;US2538681030;DIGITAL REALTY TRUST INC;USD;NEW YORK;111111;201;O;2027,000;0,000;0,000;0,000;171,9642;163,6950;348571,5710;331809,92;1,050516;158,1100;135,8216;320488,9700;275310,51;320488,9700;275310,51;163,9000;-8,056;10,812;-17,028;0,344;0,265;0,024;-3,533;0,024;0,000;0,000;0,0000;0,00;;;;DUSD;N069000;T300;;099976      DIGITAL REALTY TRUST INC;171,96426788;163,69507646;158,11000000;135,82166480;163,90000000;2027,00000000;0,00000000;0,00000000;0,00000000;0,00000000;20251113
82;1O;36719;US52736R1023;LEVI STRAUSS & CO CLASS A;USD;NEW YORK;111111;201;O;14697,000;0,000;0,000;0,000;19,9470;17,2456;293162,2200;253458,93;1,156646;21,6600;18,6066;318337,0200;273461,92;318337,0200;273461,92;21,7600;8,587;0,644;7,892;0,341;0,263;0,024;-0,460;0,024;0,000;0,000;0,0000;0,00;;;;DUSD;N069000;T300;;099976      LEVI STRAUSS & CO CLASS A;19,94707899;17,24562359;21,66000000;18,60664891;21,76000000;14697,00000000;0,00000000;0,00000000;0,00000000;0,00000000;20251113
82;1O;04293;US12504L1098;CB RICHARD ELLIS GROUP INC. -CL A;USD;NEW YORK;111111;201;O;2020,000;0,000;0,000;0,000;128,6935;122,4018;259961,0270;247251,74;1,051402;153,1700;131,5780;309403,4000;265787,65;309403,4000;265787,65;155,4000;19,019;10,719;7,497;0,332;0,255;0,023;-1,435;0,024;0,000;0,000;0,0000;0,00;;;;DUSD;N069000;T300;;099977      CB RICHARD ELLIS GROUP INC. -CL A;128,69357772;122,40185148;153,17000000;131,57804312;155,40000000;2020,00000000;0,00000000;0,00000000;0,00000000;0,00000000;20251113
82;1O;02976;US9884981013;YUM BRANDS INC.;USD;NEW YORK;111111;201;O;1917,000;0,000;0,000;0,000;145,5700;125,9691;279057,6900;241482,94;1,155600;149,7300;128,6229;287032,4100;246570,23;287032,4100;246570,23;149,3700;2,858;0,736;2,107;0,308;0,237;0,022;0,241;0,022;0,000;0,000;0,0000;0,00;;;;DUSD;N069000;T300;;099978      YUM BRANDS INC.;145,57000000;125,96919144;149,73000000;128,62297053;149,37000000;1917,00000000;0,00000000;0,00000000;0,00000000;0,00000000;20251113
82;1O;01215;US00846U1016;AGILENT TECHNOLOGIES INC.;USD;NEW YORK;111111;201;O;1892,000;0,000;0,000;0,000;128,5548;122,4893;243225,8590;231749,76;1,049519;146,8900;126,1833;277915,8800;238738,84;277915,8800;238738,84;151,5200;14,262;10,917;3,016;0,298;0,229;0,021;-3,056;0,021;0,000;0,000;0,0000;0,00;;;;DUSD;N069000;T300;;099979      AGILENT TECHNOLOGIES INC.;128,55489376;122,48930232;146,89000000;126,18331758;151,52000000;1892,00000000;0,00000000;0,00000000;0,00000000;0,00000000;20251113
82;1O;09755;US92276F1003;VENTAS INC;USD;NEW YORK;111111;201;O;3568,000;0,000;0,000;0,000;60,5059;57,3507;215885,2660;204627,63;1,055015;77,2400;66,3516;275592,3200;236742,82;275592,3200;236742,82;76,9000;27,657;10,340;15,694;0,296;0,227;0,021;0,442;0,021;0,000;0,000;0,0000;0,00;;;;DUSD;N069000;T300;;099979      VENTAS INC;60,50596020;57,35079316;77,24000000;66,35168799;76,90000000;3568,00000000;0,00000000;0,00000000;0,00000000;0,00000000;20251113
82;1O;32178;US3802371076;GODADDY-ORD SHS CL A;USD;NEW YORK;111111;201;O;1967,000;0,000;0,000;0,000;192,6945;183,2520;379030,1330;360456,84;1,051527;131,0700;112,5934;257814,6900;221471,26;257814,6900;221471,26;132,5300;-31,980;10,706;-38,558;0,276;0,213;0,020;-1,102;0,020;0,000;0,000;0,0000;0,00;;;;DUSD;N069000;T300;;099980      GODADDY-ORD SHS CL A;192,69452618;183,25207930;131,07000000;112,59341980;132,53000000;1967,00000000;0,00000000;0,00000000;0,00000000;0,00000000;20251113
82;1O;08920;US49271V1008;KUERIG DR PEPPER;USD;NEW YORK;111111;201;O;9783,000;0,000;0,000;0,000;29,9020;25,6956;292531,2660;251380,31;1,163700;27,0000;23,1938;264141,0000;226905,76;264141,0000;226905,76;26,9000;-9,705;0,034;-9,736;0,283;0,218;0,020;0,372;0,020;0,000;0,000;0,0000;0,00;;;;DUSD;N069000;T300;;099980      KUERIG DR PEPPER;29,90200000;25,69562608;27,00000000;23,19388368;26,90000000;9783,00000000;0,00000000;0,00000000;0,00000000;0,00000000;20251113
82;1O;07900;US5500211090;LULULEMON ATHLETICA INC;USD;OTC;111111;201;O;1587,000;0,000;0,000;0,000;172,5206;148,0229;273790,3500;234912,35;1,165500;169,6600;145,7434;269250,4200;231294,92;269250,4200;231294,92;170,9000;-1,658;-0,120;-1,540;0,289;0,222;0,020;-0,726;0,021;0,000;0,000;0,0000;0,00;;;;DUSD;N069000;T300;;099980      LULULEMON ATHLETICA INC;172,52069943;148,02290485;169,66000000;145,74349282;170,90000000;1587,00000000;0,00000000;0,00000000;0,00000000;0,00000000;20251113
82;1O;09902;US28176E1082;EDWARDS LIFESCIENCES CORP;USD;NEW YORK;111111;201;O;2876,000;0,000;0,000;0,000;73,5148;69,8483;211428,6880;200883,91;1,052492;86,1100;73,9713;247652,3600;212741,48;247652,3600;212741,48;85,5800;17,133;10,604;5,903;0,266;0,204;0,019;0,619;0,019;0,000;0,000;0,0000;0,00;;;;DUSD;N069000;T300;;099981      EDWARDS LIFESCIENCES CORP;73,51484283;69,84836926;86,11000000;73,97130830;85,58000000;2876,00000000;0,00000000;0,00000000;0,00000000;0,00000000;20251113
82;1O;03963;US1273871087;CADENCE DESIGN SYS INC.;USD;OTC;111111;201;O;744,000;0,000;0,000;0,000;372,5422;316,4377;277171,4000;235429,71;1,177300;315,9900;271,4457;235096,5600;201955,64;235096,5600;201955,64;315,5400;-15,180;-1,121;-14,218;0,252;0,194;0,018;0,143;0,018;0,000;0,000;0,0000;0,00;;;;DUSD;N069000;T300;;099982      CADENCE DESIGN SYS INC.;372,54220430;316,43778225;315,99000000;271,44575208;315,54000000;744,00000000;0,00000000;0,00000000;0,00000000;0,00000000;20251113
82;1O;05346;US1924461023;COGNIZANT TECH SOLUTIONS A;USD;OTC;111111;201;O;2784,000;0,000;0,000;0,000;75,5533;71,6993;210340,4860;199610,98;1,053752;73,5600;63,1904;204791,0400;175922,21;204791,0400;175922,21;74,2000;-2,638;10,472;-11,867;0,220;0,169;0,016;-0,863;0,016;0,000;0,000;0,0000;0,00;;;;DUSD;N069000;T300;;099984      COGNIZANT TECH SOLUTIONS A;75,55333548;71,69934626;73,56000000;63,19044755;74,20000000;2784,00000000;0,00000000;0,00000000;0,00000000;0,00000000;20251113
82;1O;37182;US45687V1061;INGERSOLL RAND-ORD SHS;USD;NEW YORK;111111;201;O;2614,000;0,000;0,000;0,000;87,0011;82,8710;227420,8950;216624,93;1,049837;76,2000;65,4582;199186,8000;171107,98;199186,8000;171107,98;77,7100;-12,415;10,884;-21,012;0,214;0,164;0,015;-1,943;0,015;0,000;0,000;0,0000;0,00;;;;DUSD;N069000;T300;;099985      INGERSOLL RAND-ORD SHS;87,00110749;82,87105202;76,20000000;65,45829396;77,71000000;2614,00000000;0,00000000;0,00000000;0,00000000;0,00000000;20251113
82;1O;04020;US0534841012;AVALONBAY COMMUNITIES INC.;USD;NEW YORK;111111;201;O;1042,000;0,000;0,000;0,000;216,4083;205,7867;225497,5190;214429,76;1,051615;176,9800;152,0316;184413,1600;158416,94;184413,1600;158416,94;178,0500;-18,219;10,696;-26,122;0,198;0,152;0,014;-0,601;0,014;0,000;0,000;0,0000;0,00;;;;DUSD;N069000;T300;;099986      AVALONBAY COMMUNITIES INC.;216,40836756;205,78671785;176,98000000;152,03161240;178,05000000;1042,00000000;0,00000000;0,00000000;0,00000000;0,00000000;20251113
82;1O;02074;US98956P1021;ZIMMER HOLDINGS INC.;USD;NEW YORK;111111;201;O;2002,000;0,000;0,000;0,000;104,4597;99,6665;209128,3730;199532,36;1,048093;90,5700;77,8025;181321,1400;155760,79;181321,1400;155760,79;90,0300;-13,297;11,068;-21,937;0,194;0,150;0,014;0,600;0,014;0,000;0,000;0,0000;0,00;;;;DUSD;N069000;T300;;099986      ZIMMER HOLDINGS INC.;104,45972677;99,66651348;90,57000000;77,80259427;90,03000000;2002,00000000;0,00000000;0,00000000;0,00000000;0,00000000;20251113
82;1O;03754;US09062X1037;BIOGEN  INC.;USD;OTC;111111;201;O;682,000;0,000;0,000;0,000;146,1326;139,2482;99662,4770;94967,29;1,049440;164,7300;141,5084;112345,8600;96508,77;112345,8600;96508,77;161,4800;12,726;10,926;1,623;0,120;0,093;0,009;2,013;0,009;0,000;0,000;0,0000;0,00;;;;DUSD;N069000;T300;;099991      BIOGEN  INC.;146,13266422;139,24822580;164,73000000;141,50846147;161,48000000;682,00000000;0,00000000;0,00000000;0,00000000;0,00000000;20251113
82;1O;06332;US48020Q1076;JONES LANG LASALLE INC;USD;NEW YORK;111111;201;O;304,000;0,000;0,000;0,000;252,8225;243,8954;76858,0400;74144,21;1,036602;301,8800;259,3248;91771,5200;78834,74;91771,5200;78834,74;307,2600;19,404;12,300;6,326;0,098;0,076;0,007;-1,751;0,007;0,000;0,000;0,0000;0,00;;;;DUSD;N069000;T300;;099993      JONES LANG LASALLE INC;252,82250000;243,89542763;301,88000000;259,32480027;307,26000000;304,00000000;0,00000000;0,00000000;0,00000000;0,00000000;20251113
82;1O;00814;US1011211018;BOSTON PROPERTIES INC.;USD;NEW YORK;111111;201;O;930,000;0,000;0,000;0,000;74,2682;71,6409;69069,4500;66626,08;1,036673;70,8000;60,8195;65844,0000;56562,15;65844,0000;56562,15;71,6500;-4,670;12,292;-15,105;0,071;0,054;0,005;-1,186;0,005;0,000;0,000;0,0000;0,00;;;;DUSD;N069000;T300;;099995      BOSTON PROPERTIES INC.;74,26822580;71,64094623;70,80000000;60,81951722;71,65000000;930,00000000;0,00000000;0,00000000;0,00000000;0,00000000;20251113
82;1O;03392;CH0013841017;LONZA GROUP AG-REG;CHF;VIRTX;111111;201;O;1924,000;0,000;0,000;0,000;537,0324;573,4491;1033250,4710;1103316,25;0,936495;552,6000;598,6350;1063202,4000;1151773,81;1063202,4000;1151773,81;554,6000;2,899;-1,430;4,392;37,762;1,107;0,102;-0,361;0,102;0,000;0,000;0,0000;0,00;;;;DCHF;N071000;T300;;099898      LONZA GROUP AG-REG;537,03246933;573,44919438;552,60000000;598,63503412;554,60000000;1924,00000000;0,00000000;0,00000000;0,00000000;0,00000000;20251113
82;1O;01930;CH0012221716;ABB LTD - NOM;CHF;VIRTX;111111;201;O;11174,000;0,000;0,000;0,000;58,6011;62,8104;654809,6700;701844,22;0,932984;56,1600;60,8384;627531,8400;679809,16;627531,8400;679809,16;57,4200;-4,166;-1,059;-3,140;22,288;0,653;0,060;-2,194;0,060;0,000;0,000;0,0000;0,00;;;;DCHF;N071000;T300;;099940      ABB LTD - NOM;58,60118757;62,81047252;56,16000000;60,83847903;57,42000000;11174,00000000;0,00000000;0,00000000;0,00000000;0,00000000;20251113
82;1O;01931;CH0012005267;NOVARTIS AG - NOM.;CHF;VIRTX;111111;201;O;5466,000;0,000;0,000;0,000;101,4822;108,2592;554701,7100;591744,94;0,937400;105,7400;114,5488;577974,8400;626123,76;577974,8400;626123,76;104,7000;4,196;-1,525;5,810;20,528;0,602;0,055;0,993;0,056;0,000;0,000;0,0000;0,00;;;;DCHF;N071000;T300;;099945      NOVARTIS AG - NOM.;101,48220087;108,25922795;105,74000000;114,54880294;104,70000000;5466,00000000;0,00000000;0,00000000;0,00000000;0,00000000;20251113
82;1O;39064;CH0025751329;LOGITECH INTL SA;USD;OTC;111111;201;O;7857,000;0,000;0,000;0,000;82,3500;79,5191;647023,9500;624781,72;1,035600;118,5900;101,8726;931761,6300;800413,74;931761,6300;800413,74;121,1300;44,007;12,408;28,111;0,999;0,769;0,071;-2,097;0,071;0,000;0,000;0,0000;0,00;;;;DUSD;N071000;T300;;099929      LOGITECH INTL SA;82,35000000;79,51911925;118,59000000;101,87269134;121,13000000;7857,00000000;0,00000000;0,00000000;0,00000000;0,00000000;20251113
82;1O;60381;IE000IVNQZ81;TE CONNECTIVITY PLC;USD;NEW YORK;111111;201;O;2527,000;0,000;0,000;0,000;142,9700;138,0552;361285,1900;348865,58;1,035600;236,2800;202,9722;597079,5600;512910,88;597079,5600;512910,88;246,3200;65,265;12,408;47,022;0,640;0,493;0,045;-4,076;0,045;0,000;0,000;0,0000;0,00;;;;DUSD;N071000;T300;;099955      TE CONNECTIVITY PLC;142,97000000;138,05523545;236,28000000;202,97225324;246,32000000;2527,00000000;0,00000000;0,00000000;0,00000000;0,00000000;20251113
82;1O;00872;KR7000660001;SK HYNIX INC.;KRW;SEOUL;111111;201;O;1343,000;0,000;0,000;0,000;354762,8436;216,8825;476446499,0000;291273,20;1635,737510;612000,0000;358,0521;821916000,0000;480864,10;821916000,0000;480864,10;617000,0000;72,510;4,494;65,090;66,886;0,462;0,042;-0,810;0,043;0,000;0,000;0,0000;0,00;;;;DKRW;N084000;T300;;099958      SK HYNIX INC.;354762,84363365;216,88250186;612000,00000000;358,05219605;617000,00000000;1343,00000000;0,00000000;0,00000000;0,00000000;0,00000000;20251113
82;1O;02748;KR7066570003;LG ELECTRONICS INC.;KRW;SEOUL;111111;201;O;4399,000;0,000;0,000;0,000;83144,7033;54,4846;365753550,0000;239678,13;1526,019708;92500,0000;54,1173;406907500,0000;238062,29;406907500,0000;238062,29;92900,0000;11,252;12,007;-0,674;33,114;0,229;0,021;-0,431;0,021;0,000;0,000;0,0000;0,00;;;;DKRW;N084000;T300;;099979      LG ELECTRONICS INC.;83144,70334166;54,48468515;92500,00000000;54,11736623;92900,00000000;4399,00000000;0,00000000;0,00000000;0,00000000;0,00000000;20251113
82;1O;09635;JP3651210001;NABTESCO CORP;JPY;TOKYO;111111;201;O;48723,000;0,000;0,000;0,000;2808,0000;17,2507;136814184,0000;840507,94;162,775600;3537,0000;19,7042;172333251,0000;960051,36;172333251,0000;960051,36;3574,0000;25,962;10,277;14,223;8,381;0,922;0,085;-1,035;0,085;0,000;0,000;0,0000;0,00;;;;DJPY;N088000;T300;;099915      NABTESCO CORP;2808,00000000;17,25074277;3537,00000000;19,70427432;3574,00000000;48723,00000000;0,00000000;0,00000000;0,00000000;0,00000000;20251113
82;1O;00664;JP3266400005;KUBOTA CORP.;JPY;TOKYO;111111;201;O;68700,000;0,000;0,000;0,000;1687,7212;10,1259;115946450,2860;695652,52;166,672939;2104,5000;11,7239;144579150,0000;805436,03;144579150,0000;805436,03;2112,5000;24,695;7,698;15,781;7,032;0,774;0,071;-0,379;0,071;0,000;0,000;0,0000;0,00;;;;DJPY;N088000;T300;;099929      KUBOTA CORP.;1687,72125598;10,12594643;2104,50000000;11,72395966;2112,50000000;68700,00000000;0,00000000;0,00000000;0,00000000;0,00000000;20251113
82;1O;00117;JP3270000007;KURITA WATER INDUSTRIES LTD.;JPY;TOKYO;111111;201;O;22500,000;0,000;0,000;0,000;5327,2371;32,1903;119862836,3240;724282,95;165,491727;6433,0000;35,8376;144742500,0000;806346,04;144742500,0000;806346,04;6514,0000;20,757;8,467;11,330;7,040;0,775;0,071;-1,243;0,072;0,000;0,000;0,0000;0,00;;;;DJPY;N088000;T300;;099929      KURITA WATER INDUSTRIES LTD.;5327,23716995;32,19035333;6433,00000000;35,83760157;6514,00000000;22500,00000000;0,00000000;0,00000000;0,00000000;0,00000000;20251113
82;1O;00810;JP3205800000;KAO CORP.;JPY;TOKYO;111111;201;O;20600,000;0,000;0,000;0,000;6286,6740;38,9673;129505486,1170;802727,78;161,331761;6548,0000;36,4782;134888800,0000;751452,06;134888800,0000;751452,06;6609,0000;4,157;11,264;-6,388;6,560;0,722;0,066;-0,923;0,067;0,000;0,000;0,0000;0,00;;;;DJPY;N088000;T300;;099934      KAO CORP.;6286,67408335;38,96736796;6548,00000000;36,47825510;6609,00000000;20600,00000000;0,00000000;0,00000000;0,00000000;0,00000000;20251113
82;1O;00196;JP3435000009;SONY CORP.;JPY;TOKYO;111111;201;O;27100,000;0,000;0,000;0,000;3195,2000;19,7005;86589920,0000;533884,61;162,188455;4669,0000;26,0105;126529900,0000;704885,46;126529900,0000;704885,46;4686,0000;46,125;10,676;32,030;6,154;0,677;0,062;-0,363;0,063;0,000;0,000;0,0000;0,00;;;;DJPY;N088000;T300;;099938      SONY CORP.;3195,20000000;19,70053911;4669,00000000;26,01053345;4686,00000000;27100,00000000;0,00000000;0,00000000;0,00000000;0,00000000;20251113
82;1O;00433;JP3596200000;TOTO LTD.;JPY;TOKYO;111111;201;O;30500,000;0,000;0,000;0,000;3863,1203;23,4388;117825170,0000;714886,22;164,816675;3862,0000;21,5148;117791000,0000;656201,92;117791000,0000;656201,92;3891,0000;-0,029;8,911;-8,209;5,729;0,631;0,058;-0,745;0,058;0,000;0,000;0,0000;0,00;;;;DJPY;N088000;T300;;099942      TOTO LTD.;3863,12032786;23,43889245;3862,00000000;21,51481692;3891,00000000;30500,00000000;0,00000000;0,00000000;0,00000000;0,00000000;20251113
82;1O;00163;JP3190000004;OBAYASHI CORP.;JPY;TOKYO;111111;201;O;39200,000;0,000;0,000;0,000;2093,0000;12,8581;82045600,0000;504041,15;162,775599;2883,0000;16,0609;113013600,0000;629587,50;113013600,0000;629587,50;2847,0000;37,745;10,277;24,908;5,496;0,605;0,056;1,264;0,056;0,000;0,000;0,0000;0,00;;;;DJPY;N088000;T300;;099944      OBAYASHI CORP.;2093,00000000;12,85819260;2883,00000000;16,06090553;2847,00000000;39200,00000000;0,00000000;0,00000000;0,00000000;0,00000000;20251113
82;1O;00144;JP3914400001;MURATA MANUFACTURING CO.LTD.;JPY;TOKYO;111111;201;O;35100,000;0,000;0,000;0,000;2479,2506;15,0796;87021698,6130;529295,64;164,410382;3169,0000;17,6541;111231900,0000;619661,82;111231900,0000;619661,82;3161,0000;27,821;9,181;17,073;5,410;0,595;0,055;0,253;0,055;0,000;0,000;0,0000;0,00;;;;DJPY;N088000;T300;;099945      MURATA MANUFACTURING CO.LTD.;2479,25067273;15,07964786;3169,00000000;17,65418302;3161,00000000;35100,00000000;0,00000000;0,00000000;0,00000000;0,00000000;20251113
82;1O;00447;JP3571400005;TOKYO ELECTRON LTD.;JPY;TOKYO;111111;201;O;3000,000;0,000;0,000;0,000;27438,8316;157,0074;82316495,0000;471022,44;174,761302;33910,0000;188,9092;101730000,0000;566727,69;101730000,0000;566727,69;33660,0000;23,584;2,714;20,319;4,948;0,545;0,050;0,743;0,050;0,000;0,000;0,0000;0,00;;;;DJPY;N088000;T300;;099950      TOKYO ELECTRON LTD.;27438,83166666;157,00748000;33910,00000000;188,90922886;33660,00000000;3000,00000000;0,00000000;0,00000000;0,00000000;0,00000000;20251113
82;1O;00096;JP3854600008;HONDA MOTOR CO.;JPY;TOKYO;111111;201;O;61200,000;0,000;0,000;0,000;1538,6981;9,1116;94168326,0670;557632,94;168,871527;1565,0000;8,7184;95778000,0000;533569,69;95778000,0000;533569,69;1544,5000;1,709;6,296;-4,315;4,658;0,513;0,047;1,327;0,047;0,000;0,000;0,0000;0,00;;;;DJPY;N088000;T300;;099953      HONDA MOTOR CO.;1538,69813835;9,11164934;1565,00000000;8,71845895;1544,50000000;61200,00000000;0,00000000;0,00000000;0,00000000;0,00000000;20251113
82;1O;00216;JP3538800008;TDK CORP.;JPY;TOKYO;111111;201;O;37300,000;0,000;0,000;0,000;1996,4782;12,2698;74468640,2320;457666,62;162,713724;2553,0000;14,2225;95226900,0000;530499,56;95226900,0000;530499,56;2569,0000;27,875;10,319;15,914;4,631;0,510;0,047;-0,623;0,047;0,000;0,000;0,0000;0,00;;;;DJPY;N088000;T300;;099953      TDK CORP.;1996,47829040;12,26988257;2553,00000000;14,22250844;2569,00000000;37300,00000000;0,00000000;0,00000000;0,00000000;0,00000000;20251113
82;1O;03334;JP3148800000;IBIDEN CO. LTD.;JPY;TOKYO;111111;201;O;6449,000;0,000;0,000;0,000;4501,3433;27,8952;29029163,2810;179896,77;161,365673;13620,0000;75,8756;87835380,0000;489322,14;87835380,0000;489322,14;13705,0000;202,576;11,241;172,002;4,272;0,470;0,043;-0,620;0,043;0,000;0,000;0,0000;0,00;;;;DJPY;N088000;T300;;099957      IBIDEN CO. LTD.;4501,34335261;27,89529694;13620,00000000;75,87566196;13705,00000000;6449,00000000;0,00000000;0,00000000;0,00000000;0,00000000;20251113
82;1O;00901;JP3976300008;RYOHIN KEIKAKU CO.LTD.;JPY;TOKYO;111111;201;O;26700,000;0,000;0,000;0,000;3356,9365;18,7057;89630207,0000;499444,76;179,459700;3305,0000;18,4118;88243500,0000;491595,74;88243500,0000;491595,74;3340,0000;-1,547;0,025;-1,572;4,292;0,472;0,043;-1,048;0,044;0,000;0,000;0,0000;0,00;;;;DJPY;N088000;T300;;099957      RYOHIN KEIKAKU CO.LTD.;3356,93659176;18,70579625;3305,00000000;18,41182546;3340,00000000;26700,00000000;0,00000000;0,00000000;0,00000000;0,00000000;20251113
82;1O;00037;JP3830800003;BRIDGESTONE CORP.;JPY;TOKYO;111111;201;O;11400,000;0,000;0,000;0,000;6430,7843;37,2729;73310941,4000;424912,10;172,532016;7250,0000;40,3890;82650000,0000;460434,91;82650000,0000;460434,91;7210,0000;12,739;4,041;8,360;4,020;0,442;0,041;0,555;0,041;0,000;0,000;0,0000;0,00;;;;DJPY;N088000;T300;;099959      BRIDGESTONE CORP.;6430,78433333;37,27299122;7250,00000000;40,38902710;7210,00000000;11400,00000000;0,00000000;0,00000000;0,00000000;0,00000000;20251113
82;1O;00251;JP3942400007;ASTELLAS PHARMA INC.;JPY;TOKYO;111111;201;O;42400,000;0,000;0,000;0,000;1533,0389;9,4180;65000850,0000;399323,86;162,777276;1874,5000;10,4426;79478800,0000;442768,47;79478800,0000;442768,47;1854,0000;22,273;10,276;10,880;3,865;0,425;0,039;1,106;0,039;0,000;0,000;0,0000;0,00;;;;DJPY;N088000;T300;;099961      ASTELLAS PHARMA INC.;1533,03891509;9,41801556;1874,50000000;10,44265259;1854,00000000;42400,00000000;0,00000000;0,00000000;0,00000000;0,00000000;20251113
82;1O;00148;JP3733000008;NEC CORP.;JPY;TOKYO;111111;201;O;12500,000;0,000;0,000;0,000;4988,1756;28,2773;62352195,0000;353467,49;176,401499;5990,0000;33,3696;74875000,0000;417121,16;74875000,0000;417121,16;5880,0000;20,084;1,759;18,008;3,642;0,401;0,037;1,871;0,037;0,000;0,000;0,0000;0,00;;;;DJPY;N088000;T300;;099963      NEC CORP.;4988,17560000;28,27739920;5990,00000000;33,36969274;5880,00000000;12500,00000000;0,00000000;0,00000000;0,00000000;0,00000000;20251113
82;1O;00618;JP3358800005;SHIMIZU CORP.;JPY;TOKYO;111111;201;O;29100,000;0,000;0,000;0,000;1252,5000;7,6946;36447750,0000;223914,08;162,775606;2515,0000;14,0108;73186500,0000;407714,69;73186500,0000;407714,69;2361,5000;100,798;10,277;82,085;3,559;0,392;0,036;6,500;0,036;0,000;0,000;0,0000;0,00;;;;DJPY;N088000;T300;;099964      SHIMIZU CORP.;1252,50000000;7,69464192;2515,00000000;14,01081423;2361,50000000;29100,00000000;0,00000000;0,00000000;0,00000000;0,00000000;20251113
82;1O;05704;JP3475350009;DAIICHI SANKYO CO LTD;JPY;TOKYO;111111;201;O;15100,000;0,000;0,000;0,000;4339,1721;26,6568;65521499,0000;402518,26;162,778948;3425,0000;19,0803;51717500,0000;288113,04;51717500,0000;288113,04;3465,0000;-21,068;10,275;-28,422;2,515;0,277;0,025;-1,154;0,026;0,000;0,000;0,0000;0,00;;;;DJPY;N088000;T300;;099975      DAIICHI SANKYO CO LTD;4339,17211920;26,65683841;3425,00000000;19,08033349;3465,00000000;15100,00000000;0,00000000;0,00000000;0,00000000;0,00000000;20251113
82;1O;05558;JP3118000003;ASICS CORP;JPY;TOKYO;111111;201;O;12100,000;0,000;0,000;0,000;4021,9135;22,6868;48665154,3060;274510,59;177,279697;3856,0000;21,4813;46657600,0000;259924,84;46657600,0000;259924,84;3791,0000;-4,125;1,255;-5,313;2,269;0,250;0,023;1,715;0,023;0,000;0,000;0,0000;0,00;;;;DJPY;N088000;T300;;099977      ASICS CORP;4021,91357900;22,68682562;3856,00000000;21,48139152;3791,00000000;12100,00000000;0,00000000;0,00000000;0,00000000;0,00000000;20251113
82;1O;01057;JP3937200008;YAMATAKE CORP.;JPY;TOKYO;111111;201;O;21000,000;0,000;0,000;0,000;1227,5000;7,5410;25777500,0000;158362,19;162,775597;1493,0000;8,3173;31353000,0000;174664,44;31353000,0000;174664,44;1504,5000;21,629;10,277;10,294;1,525;0,168;0,015;-0,764;0,015;0,000;0,000;0,0000;0,00;;;;DJPY;N088000;T300;;099985      YAMATAKE CORP.;1227,50000000;7,54105666;1493,00000000;8,31735413;1504,50000000;21000,00000000;0,00000000;0,00000000;0,00000000;0,00000000;20251113
82;1O;03500;JP3164720009;RENEAS  ELECTRONICS CORP.;JPY;TOKYO;111111;201;O;11100,000;0,000;0,000;0,000;2046,5000;12,5725;22716150,0000;139555,01;162,775597;2013,0000;11,2142;22344300,0000;124477,87;22344300,0000;124477,87;1943,5000;-1,637;10,277;-10,804;1,087;0,120;0,011;3,576;0,011;0,000;0,000;0,0000;0,00;;;;DJPY;N088000;T300;;099989      RENEAS  ELECTRONICS CORP.;2046,50000000;12,57252342;2013,00000000;11,21422228;1943,50000000;11100,00000000;0,00000000;0,00000000;0,00000000;0,00000000;20251113
82;1O;17960;JP3351100007;SYSMEX CORP;JPY;TOKYO;111111;201;O;14300,000;0,000;0,000;0,000;2916,5000;17,9173;41705950,0000;256217,45;162,775603;1588,5000;8,8493;22715550,0000;126546,06;22715550,0000;126546,06;1616,0000;-45,534;10,277;-50,610;1,105;0,122;0,011;-1,702;0,011;0,000;0,000;0,0000;0,00;;;;DJPY;N088000;T300;;099989      SYSMEX CORP;2916,50000000;17,91730419;1588,50000000;8,84937511;1616,00000000;14300,00000000;0,00000000;0,00000000;0,00000000;0,00000000;20251113
82;1O;00192;JP3351600006;SHISEIDO CO.;JPY;TOKYO;111111;201;O;1600,000;0,000;0,000;0,000;2786,5000;17,1186;4458400,0000;27389,86;162,775567;2675,0000;14,9021;4280000,0000;23843,45;4280000,0000;23843,45;2701,5000;-4,001;10,277;-12,948;0,208;0,023;0,002;-0,981;0,002;0,000;0,000;0,0000;0,00;;;;DJPY;N088000;T300;;099998      SHISEIDO CO.;2786,50000000;17,11866250;2675,00000000;14,90215827;2701,50000000;1600,00000000;0,00000000;0,00000000;0,00000000;0,00000000;20251113
82;1O;01571;HK0066009694;MTR CORP.;HKD;HONG KONG;111111;201;O;233025,000;0,000;0,000;0,000;27,1220;3,3625;6320126,0100;783560,03;8,065912;30,6800;3,3917;7149207,0000;790360,62;7149207,0000;790360,62;30,4600;13,118;12,145;0,868;34,358;0,759;0,070;0,722;0,070;0,000;0,000;0,0000;0,00;;;;DHKD;N103000;T300;;099930      MTR CORP.;27,12209423;3,36255779;30,68000000;3,39174175;30,46000000;233025,00000000;0,00000000;0,00000000;0,00000000;0,00000000;20251113
82;1O;01620;HK0992009065;LENOVO GROUP LTD.;HKD;HONG KONG;111111;201;O;528000,000;0,000;0,000;0,000;10,0800;1,2529;5322240,0000;661583,40;8,044700;10,8600;1,2005;5734080,0000;633915,21;5734080,0000;633915,21;10,9900;7,738;12,440;-4,182;27,557;0,609;0,056;-1,183;0,056;0,000;0,000;0,0000;0,00;;;;DHKD;N103000;T300;;099944      LENOVO GROUP LTD.;10,08000000;1,25299886;10,86000000;1,20059698;10,99000000;528000,00000000;0,00000000;0,00000000;0,00000000;0,00000000;20251113
82;1O;03896;HK0688002218;CHINA OVERSEAS LAND & INVESTMENT LTD;HKD;HONG KONG;111111;201;O;346000,000;0,000;0,000;0,000;12,4240;1,5401;4298720,1000;532875,28;8,067029;13,8700;1,5333;4799020,0000;530542,26;4799020,0000;530542,26;13,6700;11,638;12,129;-0,438;23,063;0,510;0,047;1,463;0,047;0,000;0,000;0,0000;0,00;;;;DHKD;N103000;T300;;099953      CHINA OVERSEAS LAND & INVESTMENT LTD;12,42404653;1,54010196;13,87000000;1,53335912;13,67000000;346000,00000000;0,00000000;0,00000000;0,00000000;0,00000000;20251113
82;1O;00211;HK0019000162;SWIRE PACIFIC LTD. CLA;HKD;HONG KONG;111111;201;O;29602,000;0,000;0,000;0,000;70,4500;8,7573;2085460,9000;259234,14;8,044700;71,0000;7,8492;2101742,0000;232352,22;2101742,0000;232352,22;70,0000;0,781;12,440;-10,370;10,101;0,223;0,021;1,429;0,021;0,000;0,000;0,0000;0,00;;;;DHKD;N103000;T300;;099979      SWIRE PACIFIC LTD. CLA;70,45000000;8,75731842;71,00000000;7,84920678;70,00000000;29602,00000000;0,00000000;0,00000000;0,00000000;0,00000000;20251113
82;2;00001;;LIQUIDITA';EUR;;;610;;0,000;0,000;0,000;0,000;0,0000;0,0000;0,0000;0,00;0,000000;0,0000;0,0000;0,0000;22489330,00;0,0000;22489330,00;0,0000;0,000;0,000;0,000;0,000;0,000;1,986;0,000;1,994;0,000;0,000;0,0000;0,00;2;;;;;;;;0,00000000;0,00000000;0,00000000;0,00000000;0,00000000;0,00000000;0,00000000;0,00000000;0,00000000;0,00000000;20251113
82;2;00002;;LIQUIDITA' A SCADERE;EUR;;;620;;0,000;0,000;0,000;0,000;0,0000;0,0000;0,0000;0,00;0,000000;0,0000;0,0000;0,0000;-23582027,96;0,0000;-23582027,96;0,0000;0,000;0,000;0,000;0,000;0,000;-2,083;0,000;-2,091;0,000;0,000;0,0000;0,00;3;;;;;;;;0,00000000;0,00000000;0,00000000;0,00000000;0,00000000;0,00000000;0,00000000;0,00000000;0,00000000;0,00000000;20251113
82;2;00016;;GIACENZE DI DOLLARI AUSTRALIANI      AUD;AUD;;;621;;1448258,280;0,000;0,000;0,000;0,0000;0,5777;1448258,2800;836778,99;1,730754;0,0000;1,7770;1448258,2800;815001,85;1448258,2800;815001,85;0,0000;0,000;0,000;0,000;0,000;0,000;0,072;0,000;0,072;0,000;0,000;0,0000;0,00;3AUD1;;;;;;;;0,00000000;0,57778298;0,00000000;1,77700000;0,00000000;1448258,28000000;0,00000000;0,00000000;0,00000000;0,00000000;20251113
82;2;00009;;GIACENZE DI DOLLARI CANADESI         CAD;CAD;;;621;;1145777,470;0,000;0,000;0,000;0,0000;0,6670;1145777,4700;764261,85;1,499195;0,0000;1,6311;1145777,4700;702456,91;1145777,4700;702456,91;0,0000;0,000;0,000;0,000;0,000;0,000;0,062;0,000;0,062;0,000;0,000;0,0000;0,00;3CAD1;;;;;;;;0,00000000;0,66702467;0,00000000;1,63110000;0,00000000;1145777,47000000;0,00000000;0,00000000;0,00000000;0,00000000;20251113
82;2;00007;;GIACENZE DI FRANCHI SVIZZERI         CHF;CHF;;;621;;546803,500;0,000;0,000;0,000;0,0000;1,0737;546803,5000;587115,58;0,931339;0,0000;0,9231;546803,5000;592355,65;546803,5000;592355,65;0,0000;0,000;0,000;0,000;0,000;0,000;0,052;0,000;0,053;0,000;0,000;0,0000;0,00;3CHF1;;;;;;;;0,00000000;1,07372315;0,00000000;0,92310000;0,00000000;546803,50000000;0,00000000;0,00000000;0,00000000;0,00000000;20251113
82;2;00035;;GIACENZE DI CORONA DANESE            DKK;DKK;;;621;;834055,320;0,000;0,000;0,000;0,0000;0,1340;834055,3200;111785,87;7,461187;0,0000;7,4674;834055,3200;111692,87;834055,3200;111692,87;0,0000;0,000;0,000;0,000;0,000;0,000;0,010;0,000;0,010;0,000;0,000;0,0000;0,00;3DKK1;;;;;;;;0,00000000;0,13402692;0,00000000;7,46740000;0,00000000;834055,32000000;0,00000000;0,00000000;0,00000000;0,00000000;20251113
82;2;00006;;GIACENZE DI STERLINE INGLESI         GBP;GBP;;;621;;164157,790;0,000;0,000;0,000;0,0000;1,1464;164157,7900;188197,82;0,872262;0,0000;0,8822;164157,7900;186077,75;164157,7900;186077,75;0,0000;0,000;0,000;0,000;0,000;0,000;0,016;0,000;0,017;0,000;0,000;0,0000;0,00;3GBP1;;;;;;;;0,00000000;1,14644464;0,00000000;0,88220000;0,00000000;164157,79000000;0,00000000;0,00000000;0,00000000;0,00000000;20251113
82;2;00014;;GIACENZE DI HONG KONG DOLLAR         HKD;HKD;;;621;;1023821,940;0,000;0,000;0,000;0,0000;0,1127;1023821,9400;115457,17;8,867548;0,0000;9,0455;1023821,9400;113185,78;1023821,9400;113185,78;0,0000;0,000;0,000;0,000;0,000;0,000;0,010;0,000;0,010;0,000;0,000;0,0000;0,00;3HKD1;;;;;;;;0,00000000;0,11277075;0,00000000;9,04550000;0,00000000;1023821,94000000;0,00000000;0,00000000;0,00000000;0,00000000;20251113
82;2;00008;;GIACENZE DI YEN GIAPPONESI           JPY;JPY;;;621;;122645819,000;0,000;0,000;0,000;0,0000;0,0056;122645819,0000;692033,41;177,225286;0,0000;179,5042;122645819,0000;683247,63;122645819,0000;683247,63;0,0000;0,000;0,000;0,000;0,000;0,000;0,060;0,000;0,061;0,000;0,000;0,0000;0,00;3JPY1;;;;;;;;0,00000000;0,00564253;0,00000000;179,50420000;0,00000000;122645819,00000000;0,00000000;0,00000000;0,00000000;0,00000000;20251113
82;2;00008;;IMPEGNI IN DIVISA YEN GIAPPONESI     JPY;JPY;;;622;;-89683985,000;0,000;0,000;0,000;0,0000;0,0055;-89683985,0000;-499744,43;179,459699;0,0000;179,5042;-89683985,0000;-499620,54;-89683985,0000;-499620,54;0,0000;0,000;0,000;0,000;0,000;0,000;-0,044;0,000;-0,044;0,000;0,000;0,0000;0,00;3JPY2;;;;;;;;0,00000000;0,00557228;0,00000000;179,50420000;0,00000000;-89683985,00000000;0,00000000;0,00000000;0,00000000;0,00000000;20251113
82;2;00031;;GIACENZE DI CORONA NORVEGESE         NOK;NOK;;;621;;2259115,450;0,000;0,000;0,000;0,0000;0,0855;2259115,4500;193339,05;11,684734;0,0000;11,6551;2259115,4500;193830,64;2259115,4500;193830,64;0,0000;0,000;0,000;0,000;0,000;0,000;0,017;0,000;0,017;0,000;0,000;0,0000;0,00;3NOK1;;;;;;;;0,00000000;0,08558174;0,00000000;11,65510000;0,00000000;2259115,45000000;0,00000000;0,00000000;0,00000000;0,00000000;20251113
82;2;00011;;GIACENZE DI CORONE SVEDESI           SEK;SEK;;;621;;2216851,050;0,000;0,000;0,000;0,0000;0,0910;2216851,0500;201873,40;10,981393;0,0000;10,9361;2216851,0500;202709,47;2216851,0500;202709,47;0,0000;0,000;0,000;0,000;0,000;0,000;0,018;0,000;0,018;0,000;0,000;0,0000;0,00;3SEK1;;;;;;;;0,00000000;0,09106313;0,00000000;10,93610000;0,00000000;2216851,05000000;0,00000000;0,00000000;0,00000000;0,00000000;20251113
82;2;00022;;GIACENZE DI DOLLARI SINGAPORE        SGD;SGD;;;621;;781801,880;0,000;0,000;0,000;0,0000;0,7074;781801,8800;553112,49;1,413459;0,0000;1,5129;781801,8800;516757,14;781801,8800;516757,14;0,0000;0,000;0,000;0,000;0,000;0,000;0,046;0,000;0,046;0,000;0,000;0,0000;0,00;3SGD1;;;;;;;;0,00000000;0,70748421;0,00000000;1,51290000;0,00000000;781801,88000000;0,00000000;0,00000000;0,00000000;0,00000000;20251113
82;2;00001;;GIACENZE DI DOLLARI USA              USD;USD;;;621;;2857370,760;0,000;0,000;0,000;0,0000;0,8665;2857370,7600;2475927,32;1,154061;0,0000;1,1641;2857370,7600;2454575,00;2857370,7600;2454575,00;0,0000;0,000;0,000;0,000;0,000;0,000;0,217;0,000;0,218;0,000;0,000;0,0000;0,00;3USD1;;;;;;;;0,00000000;0,86650544;0,00000000;1,16410000;0,00000000;2857370,76000000;0,00000000;0,00000000;0,00000000;0,00000000;20251113
82;4;;;DIRITTI MATURATI NON RISCOSSI;;;;700;;0,000;0,000;0,000;0,000;0,0000;0,0000;0,0000;0,00;0,000000;0,0000;0,0000;0,0000;8183010,46;0,0000;152635,91;0,0000;0,000;0,000;0,000;0,000;0,000;0,723;0,000;0,726;0,000;0,000;0,0000;0,00;;;;;;;;;0,00000000;0,00000000;0,00000000;0,00000000;0,00000000;0,00000000;0,00000000;0,00000000;0,00000000;0,00000000;20251113
82;5;;;DEPOSITI MARGINI INIZ.FUTURES;;;;8;;0,000;0,000;0,000;0,000;0,0000;0,0000;0,0000;0,00;0,000000;0,0000;0,0000;0,0000;1096221,40;0,0000;1096221,40;0,0000;0,000;0,000;0,000;0,000;0,000;0,097;0,000;0,097;0,000;0,000;0,0000;0,00;;;;;;;;;0,00000000;0,00000000;0,00000000;0,00000000;0,00000000;0,00000000;0,00000000;0,00000000;0,00000000;0,00000000;20251113
82;5;;;MARGINI DI VARIAZIONE FUTURES;;;;8;;0,000;0,000;0,000;0,000;0,0000;0,0000;0,0000;0,00;0,000000;0,0000;0,0000;0,0000;0,00;0,0000;0,00;0,0000;0,000;0,000;0,000;0,000;0,000;0,000;0,000;0,000;0,000;0,000;0,0000;0,00;;;;;;;;;0,00000000;0,00000000;0,00000000;0,00000000;0,00000000;0,00000000;0,00000000;0,00000000;0,00000000;0,00000000;20251113
82;5;;;DEPOSITI BANCARI;;;;8;;0,000;0,000;0,000;0,000;0,0000;0,0000;0,0000;0,00;0,000000;0,0000;0,0000;0,0000;0,00;0,0000;0,00;0,0000;0,000;0,000;0,000;0,000;0,000;0,000;0,000;0,000;0,000;0,000;0,0000;0,00;;;;;;;;;0,00000000;0,00000000;0,00000000;0,00000000;0,00000000;0,00000000;0,00000000;0,00000000;0,00000000;0,00000000;20251113
82;9;;;RIMBORSI DA REGOLARE;;;;;;0,000;0,000;0,000;0,000;0,0000;0,0000;0,0000;0,00;0,000000;0,0000;0,0000;0,0000;-2696022,24;0,0000;-2696022,24;0,0000;0,000;0,000;0,000;0,000;0,000;0,000;0,000;0,000;0,000;0,000;0,0000;0,00;;;;;;;;;0,00000000;0,00000000;0,00000000;0,00000000;0,00000000;0,00000000;0,00000000;0,00000000;0,00000000;0,00000000;20251113
83;IF;63416;IKZ5;EURO BTP DEC25;EUR;;;335;;-76,000;0,000;0,000;0,000;0,0000;0,0000;0,0000;0,00;0,000000;121,1700;0,0000;0,0000;-9208920,00;0,0000;-9208920,00;0,0000;0,000;0,000;0,000;0,000;0,000;0,000;0,000;0,000;0,000;0,000;0,0000;0,00;3;;;;;;;;0,00000000;0,00000000;121,17000000;0,00000000;0,00000000;0,00000000;0,00000000;0,00000000;0,00000000;0,00000000;20251113
83;1I;46541;IT0005542359;BTPS  4,000% 2023-30/10/2031;EUR;MTS;086000;001;I;46000000,000;0,000;0,000;0,000;105,2738;105,2738;48425969,5700;48425969,57;0,000000;106,4810;106,4810;48981260,0000;48981260,00;49052029,2300;49052029,23;106,7980;1,147;0,000;1,147;5,672;19,770;2,535;-0,297;2,546;0,000;0,000;70769,2300;70769,23;;;;DEUR;N111111;T000;;097465      BTPS  4,000% 2023-30/10/2031;105,27384690;105,27384690;106,48100000;106,48100000;106,79800000;46000000,00000000;0,00000000;0,00000000;0,00000000;0,00000000;20251113
83;1I;61747;IT0005648149;BTPS 3,6% 01.10.2035;EUR;MTSBOT;086000;001;I;44500000,000;0,000;0,000;0,000;100,8255;100,8255;44867360,0000;44867360,00;0,000000;101,7430;101,7430;45275635,0000;45275635,00;45464882,2500;45464882,25;102,1430;0,910;0,000;0,910;5,257;18,324;2,343;-0,392;2,353;0,000;0,000;189247,2500;189247,25;;;;DEUR;N111111;T000;;097657      BTPS 3,6% 01.10.2035;100,82552810;100,82552810;101,74300000;101,74300000;102,14300000;44500000,00000000;0,00000000;0,00000000;0,00000000;0,00000000;20251113
83;1I;45169;IT0005508590;BTP 4% 2022/30.04.2035;EUR;MOT;086000;001;I;31208000,000;0,000;0,000;0,000;105,0530;105,0530;32784940,2400;32784940,24;0,000000;105,9840;105,9840;33075486,7200;33075486,72;33123499,0300;33123499,03;106,4560;0,886;0,000;0,886;3,830;13,350;1,712;-0,443;1,719;0,000;0,000;48012,3100;48012,31;;;;DEUR;N111111;T000;;098288      BTP 4% 2022/30.04.2035;105,05300000;105,05300000;105,98400000;105,98400000;106,45600000;31208000,00000000;0,00000000;0,00000000;0,00000000;0,00000000;20251113
83;1I;45554;IT0005518128;BTPS  4,400% 2022-01/05/2033;EUR;MTS;086000;001;I;18800000,000;0,000;0,000;0,000;108,1080;108,1080;20324304,0000;20324304,00;0,000000;108,8710;108,8710;20467748,0000;20467748,00;20495168,9900;20495168,99;109,2150;0,706;0,000;0,706;2,370;8,260;1,059;-0,315;1,064;0,000;0,000;27420,9900;27420,99;;;;DEUR;N111111;T000;;098941      BTPS  4,400% 2022-01/05/2033;108,10800000;108,10800000;108,87100000;108,87100000;109,21500000;18800000,00000000;0,00000000;0,00000000;0,00000000;0,00000000;20251113
83;1I;49814;IT0005607970;BTPS 3,850% 2024-01/02/2035;EUR;MTSBOT;086000;001;I;18450000,000;0,000;0,000;0,000;102,3500;102,3500;18883575,0000;18883575,00;0,000000;104,3020;104,3020;19243719,0000;19243719,00;19444463,0200;19444463,02;104,6930;1,907;0,000;1,907;2,248;7,837;0,996;-0,373;1,000;0,000;0,000;200744,0200;200744,02;;;;DEUR;N111111;T000;;099004      BTPS 3,850% 2024-01/02/2035;102,35000000;102,35000000;104,30200000;104,30200000;104,69300000;18450000,00000000;0,00000000;0,00000000;0,00000000;0,00000000;20251113
83;1I;40175;IT0005438004;BTP 1,5%  2021-30.04.2045;EUR;MOT;086000;001;I;19000000,000;0,000;0,000;0,000;67,3880;67,3880;12803720,0000;12803720,00;0,000000;66,7800;66,7800;12688200,0000;12688200,00;12699161,5400;12699161,54;67,3130;-0,902;0,000;-0,902;1,468;5,118;0,657;-0,792;0,659;0,000;0,000;10961,5400;10961,54;;;;DEUR;N111111;T000;;099343      BTP 1,5%  2021-30.04.2045;67,38800000;67,38800000;66,78000000;66,78000000;67,31300000;19000000,00000000;0,00000000;0,00000000;0,00000000;0,00000000;20251113
83;1I;44215;IT0005494239;BTPS 2,5% 2022/01.12.2032;EUR;MTSBOT;086000;001;I;10000000,000;0,000;0,000;0,000;95,0490;95,0490;9504900,0000;9504900,00;0,000000;96,8550;96,8550;9685500,0000;9685500,00;9798204,9200;9798204,92;97,1730;1,900;0,000;1,900;1,133;3,949;0,501;-0,327;0,503;0,000;0,000;112704,9200;112704,92;;;;DEUR;N111111;T000;;099499      BTPS 2,5% 2022/01.12.2032;95,04900000;95,04900000;96,85500000;96,85500000;97,17300000;10000000,00000000;0,00000000;0,00000000;0,00000000;0,00000000;20251113
83;1I;48025;AT0000A39UW5;REP OF AUSTRIA 2,900% 2024-20/02/2034;EUR;VIENNA;008000;100;I;20000000,000;0,000;0,000;0,000;100,9960;100,9960;20199200,0000;20199200,00;0,000000;100,2330;100,2330;20046600,0000;20046600,00;20469284,9300;20469284,93;100,5400;-0,755;0,000;-0,755;2,367;47,598;1,037;-0,305;1,042;0,000;0,000;422684,9300;422684,93;;;;DEUR;N008000;T100;;098963      REP OF AUSTRIA 2,900% 2024-20/02/2034;100,99600000;100,99600000;100,23300000;100,23300000;100,54000000;20000000,00000000;0,00000000;0,00000000;0,00000000;0,00000000;20251113
83;1I;46612;AT0000A33SH3;REP OF AUSTRIA 2,900% 2023-23/05/2029;EUR;VIENNA;008000;100;I;15000000,000;0,000;0,000;0,000;102,8603;102,8603;15429045,0000;15429045,00;0,000000;102,1630;102,1630;15324450,0000;15324450,00;15531819,8600;15531819,86;102,2590;-0,678;0,000;-0,678;1,796;36,116;0,793;-0,094;0,797;0,000;0,000;207369,8600;207369,86;;;;DEUR;N008000;T100;;099207      REP OF AUSTRIA 2,900% 2023-23/05/2029;102,86030000;102,86030000;102,16300000;102,16300000;102,25900000;15000000,00000000;0,00000000;0,00000000;0,00000000;0,00000000;20251113
83;1I;31588;BE0000346552;BELGIUM 1,25% 2018/22.04.2033;EUR;BRUXELLES;009000;100;I;25000000,000;0,000;0,000;0,000;88,7150;88,7150;22178750,0000;22178750,00;0,000000;89,3050;89,3050;22326250,0000;22326250,00;22501763,7000;22501763,70;89,5570;0,665;0,000;0,665;2,602;63,282;1,155;-0,281;1,160;0,000;0,000;175513,7000;175513,70;;;;DEUR;N009000;T100;;098845      BELGIUM 1,25% 2018/22.04.2033;88,71500000;88,71500000;89,30500000;89,30500000;89,55700000;25000000,00000000;0,00000000;0,00000000;0,00000000;0,00000000;20251113
83;1I;46204;BE0000358672;BELGIUM KINGDOM 3,300% 2023-22/06/2054;EUR;LUXEMBOURG;009000;100;I;7750000,000;0,000;0,000;0,000;95,6580;95,6580;7413495,0000;7413495,00;0,000000;86,2840;86,2840;6687010,0000;6687010,00;6787908,6300;6787908,63;87,1260;-9,799;0,000;-9,799;0,785;19,090;0,346;-0,966;0,348;0,000;0,000;100898,6300;100898,63;;;;DEUR;N009000;T100;;099654      BELGIUM KINGDOM 3,300% 2023-22/06/2054;95,65800000;95,65800000;86,28400000;86,28400000;87,12600000;7750000,00000000;0,00000000;0,00000000;0,00000000;0,00000000;20251113
83;1I;40325;FR0014002JM6;FRANCE OAT  0,500% 2020-25/06/2044;EUR;MTS;029000;100;I;74000000,000;0,000;0,000;0,000;58,1010;58,1010;42994740,0000;42994740,00;0,000000;54,9820;54,9820;40686680,0000;40686680,00;40829611,5100;40829611,51;55,3850;-5,368;0,000;-5,368;4,721;22,641;2,106;-0,728;2,115;0,000;0,000;142931,5100;142931,51;;;;DEUR;N029000;T100;;097894      FRANCE OAT  0,500% 2020-25/06/2044;58,10100000;58,10100000;54,98200000;54,98200000;55,38500000;74000000,00000000;0,00000000;0,00000000;0,00000000;0,00000000;20251113
83;1I;02969;FR0000188799;FRANCE O.A.T.3,15% 2002/25.7.2032 I/L;EUR;PARIGI;029000;100;I;15000000,000;0,000;0,000;0,000;113,4450;113,4450;27034191,4200;27034191,42;0,000000;113,5740;113,5740;27064911,3500;27064911,35;27293191,6100;27293191,61;113,8430;0,114;0,000;0,114;3,156;15,135;1,401;-0,236;1,407;0,000;0,000;228280,2600;228280,26;;;;DEUR;N029000;T100;;098599      FRANCE O.A.T.3,15% 2002/25.7.2032 I/L;113,44508820;113,44508820;113,57400000;113,57400000;113,84300000;15000000,00000000;0,00000000;0,00000000;0,00000000;0,00000000;20251113
83;1I;61693;FR001400Z2L7;FRANCE GOVT 2,7% 25.02.2031;EUR;PARIGI;029000;100;I;18000000,000;0,000;0,000;0,000;100,0500;100,0500;18009000,0000;18009000,00;0,000000;99,7730;99,7730;17959140,0000;17959140,00;18306663,2900;18306663,29;99,9740;-0,277;0,000;-0,277;2,117;10,151;0,929;-0,201;0,933;0,000;0,000;347523,2900;347523,29;;;;DEUR;N029000;T100;;099071      FRANCE GOVT 2,7% 25.02.2031;100,05000000;100,05000000;99,77300000;99,77300000;99,97400000;18000000,00000000;0,00000000;0,00000000;0,00000000;0,00000000;20251113
83;1I;28193;FR0013234333;FRANCE O.A.T 1,75% 2016/25.06.2039;EUR;PARIGI;029000;100;I;17000000,000;0,000;0,000;0,000;80,0200;80,0200;13603400,0000;13603400,00;0,000000;79,3710;79,3710;13493070,0000;13493070,00;13607994,6600;13607994,66;79,7320;-0,811;0,000;-0,811;1,573;7,546;0,698;-0,453;0,701;0,000;0,000;114924,6600;114924,66;;;;DEUR;N029000;T100;;099302      FRANCE O.A.T 1,75% 2016/25.06.2039;80,02000000;80,02000000;79,37100000;79,37100000;79,73200000;17000000,00000000;0,00000000;0,00000000;0,00000000;0,00000000;20251113
83;1I;61155;FR001400X8V5;FRANCE GOVT 3,200% 2025-25/05/2035;EUR;PARIGI;029000;100;I;10500000,000;0,000;0,000;0,000;99,6500;99,6500;10463250,0000;10463250,00;0,000000;98,7930;98,7930;10373265,0000;10373265,00;10531599,2500;10531599,25;99,1060;-0,860;0,000;-0,860;1,218;5,840;0,537;-0,316;0,539;0,000;0,000;158334,2500;158334,25;;;;DEUR;N029000;T100;;099463      FRANCE GOVT 3,200% 2025-25/05/2035;99,65000000;99,65000000;98,79300000;98,79300000;99,10600000;10500000,00000000;0,00000000;0,00000000;0,00000000;0,00000000;20251113
83;1I;33142;IE00BFZRQ242;IRISH 1,35% 2018/18.03.2031;EUR;DUBLINO;040000;100;I;5000000,000;0,000;0,000;0,000;94,1280;94,1280;4706400,0000;4706400,00;0,000000;94,5730;94,5730;4728650,0000;4728650,00;4773033,5600;4773033,56;94,7740;0,473;0,000;0,473;0,552;100,000;0,245;-0,212;0,246;0,000;0,000;44383,5600;44383,56;;;;DEUR;N040000;T100;;099755      IRISH 1,35% 2018/18.03.2031;94,12800000;94,12800000;94,57300000;94,57300000;94,77400000;5000000,00000000;0,00000000;0,00000000;0,00000000;0,00000000;20251113
83;1I;35096;NL0013552060;NETHERLAND 0.50% 2019/15.01.2040;EUR;AMSTERDAM;050000;100;I;500000,000;0,000;0,000;0,000;72,8950;72,8950;364475,0000;364475,00;0,000000;70,2870;70,2870;351435,0000;351435,00;353503,4900;353503,49;70,7400;-3,578;0,000;-3,578;0,041;0,440;0,018;-0,640;0,018;0,000;0,000;2068,4900;2068,49;;;;DEUR;N050000;T100;;099982      NETHERLAND 0.50% 2019/15.01.2040;72,89500000;72,89500000;70,28700000;70,28700000;70,74000000;500000,00000000;0,00000000;0,00000000;0,00000000;0,00000000;20251113
83;1I;31930;PTOTEWOE0017;PORTUGAL 2,25% 2018/18.04.2034;EUR;LISBONA;055000;100;I;1000000,000;0,000;0,000;0,000;95,8810;95,8810;958810,0000;958810,00;0,000000;95,2500;95,2500;952500,0000;952500,00;965383,5600;965383,56;95,5840;-0,658;0,000;-0,658;0,112;4,508;0,049;-0,349;0,050;0,000;0,000;12883,5600;12883,56;;;;DEUR;N055000;T100;;099951      PORTUGAL 2,25% 2018/18.04.2034;95,88100000;95,88100000;95,25000000;95,25000000;95,58400000;1000000,00000000;0,00000000;0,00000000;0,00000000;0,00000000;20251113
83;1I;34219;ES0000012E69;SPAIN BONOS 1.85% 2019/30.07.2035;EUR;MADRID;067000;100;I;35000000,000;0,000;0,000;0,000;89,5560;89,5560;31344600,0000;31344600,00;0,000000;89,3450;89,3450;31270750,0000;31270750,00;31458791,1000;31458791,10;89,7000;-0,236;0,000;-0,236;3,638;34,772;1,618;-0,396;1,625;0,000;0,000;188041,1000;188041,10;;;;DEUR;N067000;T100;;098382      SPAIN BONOS 1.85% 2019/30.07.2035;89,55600000;89,55600000;89,34500000;89,34500000;89,70000000;35000000,00000000;0,00000000;0,00000000;0,00000000;0,00000000;20251113
83;1I;41969;ES0000012J07;SPAIN BONOS % 2021/30.07.2042;EUR;AIAF;067000;100;I;30600000,000;0,000;0,000;0,000;67,1841;67,1841;20558362,0000;20558362,00;0,000000;66,9220;66,9220;20478132,0000;20478132,00;20566997,7500;20566997,75;67,3970;-0,390;0,000;-0,390;2,378;22,733;1,060;-0,705;1,064;0,000;0,000;88865,7500;88865,75;;;;DEUR;N067000;T100;;098940      SPAIN BONOS % 2021/30.07.2042;67,18418950;67,18418950;66,92200000;66,92200000;67,39700000;30600000,00000000;0,00000000;0,00000000;0,00000000;0,00000000;20251113
83;1I;27021;ES00000128E2;SPAIN BONOS 3.45% 2016 - 30/07/2066;EUR;MADRID;067000;100;I;12500000,000;0,000;0,000;0,000;93,7390;93,7390;11717375,0000;11717375,00;0,000000;87,3980;87,3980;10924750,0000;10924750,00;11049989,7300;11049989,73;88,2530;-6,765;0,000;-6,765;1,278;12,214;0,565;-0,969;0,568;0,000;0,000;125239,7300;125239,73;;;;DEUR;N067000;T100;;099435      SPAIN BONOS 3.45% 2016 - 30/07/2066;93,73900000;93,73900000;87,39800000;87,39800000;88,25300000;12500000,00000000;0,00000000;0,00000000;0,00000000;0,00000000;20251113
83;1I;28565;ES00000128Q6;SPAIN BONOS 2,35% 2017/30.07.2033;EUR;MADRID;067000;100;I;9250000,000;0,000;0,000;0,000;95,7170;95,7170;8853822,5000;8853822,50;0,000000;96,1370;96,1370;8892672,5000;8892672,50;8955800,5800;8955800,58;96,4540;0,439;0,000;0,439;1,036;9,899;0,460;-0,329;0,462;0,000;0,000;63128,0800;63128,08;;;;DEUR;N067000;T100;;099540      SPAIN BONOS 2,35% 2017/30.07.2033;95,71700000;95,71700000;96,13700000;96,13700000;96,45400000;9250000,00000000;0,00000000;0,00000000;0,00000000;0,00000000;20251113
83;1I;46954;ES0000012L78;SPGB 3.55% 2023/31.10.2033;EUR;MADRID;067000;100;I;7500000,000;0,000;0,000;0,000;103,6492;103,6492;7773690,0000;7773690,00;0,000000;104,1050;104,1050;7807875,0000;7807875,00;7817357,8800;7817357,88;104,4580;0,440;0,000;0,440;0,904;8,641;0,404;-0,338;0,406;0,000;0,000;9482,8800;9482,88;;;;DEUR;N067000;T100;;099596      SPGB 3.55% 2023/31.10.2033;103,64920000;103,64920000;104,10500000;104,10500000;104,45800000;7500000,00000000;0,00000000;0,00000000;0,00000000;0,00000000;20251113
83;1I;62397;ES0000012P33;SPAIN BONOS 3,20% 31.10.2035;EUR;MADRID;067000;100;I;5000000,000;0,000;0,000;0,000;99,9270;99,9270;4996350,0000;4996350,00;0,000000;100,1200;100,1200;5006000,0000;5006000,00;5011698,6300;5011698,63;100,5020;0,193;0,000;0,193;0,579;5,540;0,259;-0,380;0,260;0,000;0,000;5698,6300;5698,63;;;;DEUR;N067000;T100;;099741      SPAIN BONOS 3,20% 31.10.2035;99,92700000;99,92700000;100,12000000;100,12000000;100,50200000;5000000,00000000;0,00000000;0,00000000;0,00000000;0,00000000;20251113
83;1I;46259;ES0000012L60;SPAIN BONOS 3,900% 2023-30/07/2039;EUR;MADRID;067000;100;I;1500000,000;0,000;0,000;0,000;105,8940;105,8940;1588410,0000;1588410,00;0,000000;104,0530;104,0530;1560795,0000;1560795,00;1577784,0400;1577784,04;104,5960;-1,739;0,000;-1,739;0,182;1,744;0,081;-0,519;0,081;0,000;0,000;16989,0400;16989,04;;;;DEUR;N067000;T100;;099919      SPAIN BONOS 3,900% 2023-30/07/2039;105,89400000;105,89400000;104,05300000;104,05300000;104,59600000;1500000,00000000;0,00000000;0,00000000;0,00000000;0,00000000;20251113
83;1I;40880;DE0001030724;BUNDES  ZC 2021/15.08.2050;EUR;FRANCOFORT;094000;100;I;49526712,330;0,000;0,000;0,000;52,6170;52,6170;26059470,2200;26059470,22;0,000000;45,4180;45,4180;22494042,2100;22494042,21;22494042,2100;22494042,21;45,9620;-13,682;0,000;-13,682;2,601;22,323;1,164;-1,184;1,169;0,000;0,000;0,0000;0,00;;;;DEUR;N094000;T100;;098836      BUNDES  ZC 2021/15.08.2050;52,61700000;52,61700000;45,41800000;45,41800000;45,96200000;49526712,33000000;0,00000000;0,00000000;0,00000000;0,00000000;20251113
83;1I;46637;DE000BU3Z005;BUNDESREPUBLIC 2,300% 2023-15/02/2033;EUR;FRANCOFORT;094000;100;I;19000000,000;0,000;0,000;0,000;100,2240;100,2240;19042560,0000;19042560,00;0,000000;98,8000;98,8000;18772000,0000;18772000,00;19096457,5300;19096457,53;99,0870;-1,421;0,000;-1,421;2,208;18,951;0,971;-0,290;0,976;0,000;0,000;324457,5300;324457,53;;;;DEUR;N094000;T100;;099029      BUNDESREPUBLIC 2,300% 2023-15/02/2033;100,22400000;100,22400000;98,80000000;98,80000000;99,08700000;19000000,00000000;0,00000000;0,00000000;0,00000000;0,00000000;20251113
83;1I;38532;DE0001030708;BUNDESREPUBLIK 0% 2020/15.08.2030;EUR;LUXEMBOURG;094000;100;I;15000000,000;0,000;0,000;0,000;89,0620;89,0620;13359300,0000;13359300,00;0,000000;90,0570;90,0570;13508550,0000;13508550,00;13508550,0000;13508550,00;90,2270;1,117;0,000;1,117;1,562;13,406;0,699;-0,188;0,702;0,000;0,000;0,0000;0,00;;;;DEUR;N094000;T100;;099301      BUNDESREPUBLIK 0% 2020/15.08.2030;89,06200000;89,06200000;90,05700000;90,05700000;90,22700000;15000000,00000000;0,00000000;0,00000000;0,00000000;0,00000000;20251113
83;1I;41972;DE0001030732;BUNDESREPUBLIK 0% 2021/15.08.2031;EUR;FRANCOFORT;094000;100;I;6000000,000;0,000;0,000;0,000;86,9090;86,9090;5214540,0000;5214540,00;0,000000;87,6220;87,6220;5257320,0000;5257320,00;5257320,0000;5257320,00;87,8380;0,820;0,000;0,820;0,608;5,217;0,272;-0,246;0,273;0,000;0,000;0,0000;0,00;;;;DEUR;N094000;T100;;099728      BUNDESREPUBLIK 0% 2021/15.08.2031;86,90900000;86,90900000;87,62200000;87,62200000;87,83800000;6000000,00000000;0,00000000;0,00000000;0,00000000;0,00000000;20251113
83;1I;47139;DE0001030757;BUNDESREPUBLIK DEU 1,8% 2023-15/08/2053;EUR;FRANCOFORT;094000;100;I;6250000,000;0,000;0,000;0,000;84,4800;84,4800;5280000,0000;5280000,00;0,000000;73,6830;73,6830;4605187,5000;4605187,50;4632927,2300;4632927,23;74,4510;-12,781;0,000;-12,781;0,536;4,598;0,238;-1,032;0,239;0,000;0,000;27739,7300;27739,73;;;;DEUR;N094000;T100;;099762      BUNDESREPUBLIK DEU 1,8% 2023-15/08/2053;84,48000000;84,48000000;73,68300000;73,68300000;74,45100000;6250000,00000000;0,00000000;0,00000000;0,00000000;0,00000000;20251113
83;1I;41448;SI0002104196;REP  OF SLOVENIA 0.125% 21-01.07.31;EUR;LUBIANA;260000;100;I;4390000,000;0,000;0,000;0,000;85,0350;85,0350;3733036,5000;3733036,50;0,000000;87,6900;87,6900;3849591,0000;3849591,00;3851620,6200;3851620,62;87,9070;3,122;0,000;3,122;0,445;100,000;0,199;-0,247;0,200;0,000;0,000;2029,6200;2029,62;;;;DEUR;N260000;T100;;099801      REP  OF SLOVENIA 0.125% 21-01.07.31;85,03500000;85,03500000;87,69000000;87,69000000;87,90700000;4390000,00000000;0,00000000;0,00000000;0,00000000;0,00000000;20251113
83;1I;45694;XS2563353361;ORSTED A/S  5,250% 2022-31.12.2049;EUR;LUXEMBOURG;021000;301;I;3000000,000;0,000;0,000;0,000;103,3760;103,3760;3101280,0000;3101280,00;0,000000;102,1500;102,1500;3064500,0000;3064500,00;3211212,3300;3211212,33;102,1720;-1,186;0,000;-1,186;0,371;27,325;0,159;-0,022;0,159;0,000;0,000;146712,3300;146712,33;;;;DEUR;N021000;T200;;099841      ORSTED A/S  5,250% 2022-31.12.2049;103,37600000;103,37600000;102,15000000;102,15000000;102,17200000;3000000,00000000;0,00000000;0,00000000;0,00000000;0,00000000;20251113
83;1I;44551;XS2489343793;KOMMUNEKREDIT 1.5% 2022/16.05.2029;EUR;LUXEMBOURG;021000;301;I;2950000,000;0,000;0,000;0,000;96,1040;96,1040;2835068,0000;2835068,00;0,000000;96,9010;96,9010;2858579,5000;2858579,50;2880522,6500;2880522,65;97,0310;0,829;0,000;0,829;0,333;24,511;0,148;-0,134;0,149;0,000;0,000;21943,1500;21943,15;;;;DEUR;N021000;T200;;099852      KOMMUNEKREDIT 1.5% 2022/16.05.2029;96,10400000;96,10400000;96,90100000;96,90100000;97,03100000;2950000,00000000;0,00000000;0,00000000;0,00000000;0,00000000;20251113
83;1I;39984;XS2293075680;ORSTED 1.50% 2021/18.02.2051;EUR;LUXEMBOURG;021000;301;I;2500000,000;0,000;0,000;0,000;83,6250;83,6250;2090625,0000;2090625,00;0,000000;84,8000;84,8000;2120000,0000;2120000,00;2147534,2500;2147534,25;84,8010;1,405;0,000;1,405;0,248;18,274;0,110;-0,001;0,110;0,000;0,000;27534,2500;27534,25;;;;DEUR;N021000;T200;;099890      ORSTED 1.50% 2021/18.02.2051;83,62500000;83,62500000;84,80000000;84,80000000;84,80100000;2500000,00000000;0,00000000;0,00000000;0,00000000;0,00000000;20251113
83;1I;36584;XS2010036874;ORSTED A/S 1.75% 2019/09.12.20.3019;EUR;LUXEMBOURG;021000;301;I;2000000,000;0,000;0,000;0,000;93,8510;93,8510;1877020,0000;1877020,00;0,000000;95,6970;95,6970;1913940,0000;1913940,00;1946446,8500;1946446,85;95,6980;1,967;0,000;1,967;0,225;16,563;0,099;-0,001;0,099;0,000;0,000;32506,8500;32506,85;;;;DEUR;N021000;T200;;099901      ORSTED A/S 1.75% 2019/09.12.20.3019;93,85100000;93,85100000;95,69700000;95,69700000;95,69800000;2000000,00000000;0,00000000;0,00000000;0,00000000;0,00000000;20251113
83;1I;46225;XS2591029876;ORSTED A/S 3,750% 2023-01/03/2030;EUR;LUXEMBOURG;021000;301;I;1500000,000;0,000;0,000;0,000;102,7150;102,7150;1540725,0000;1540725,00;0,000000;101,7770;101,7770;1526655,0000;1526655,00;1566261,1600;1566261,16;101,9410;-0,913;0,000;-0,913;0,181;13,328;0,079;-0,161;0,079;0,000;0,000;39606,1600;39606,16;;;;DEUR;N021000;T200;;099921      ORSTED A/S 3,750% 2023-01/03/2030;102,71500000;102,71500000;101,77700000;101,77700000;101,94100000;1500000,00000000;0,00000000;0,00000000;0,00000000;0,00000000;20251113
83;1I;46138;XS2488809612;NOKIA   4,375% 2023-21/08/2031;EUR;FIPS;028000;301;I;2000000,000;0,000;0,000;0,000;104,4490;104,4490;2088980,0000;2088980,00;0,000000;104,6600;104,6600;2093200,0000;2093200,00;2113336,9900;2113336,99;104,9230;0,202;0,000;0,202;0,244;17,030;0,108;-0,251;0,109;0,000;0,000;20136,9900;20136,99;;;;DEUR;N028000;T200;;099892      NOKIA   4,375% 2023-21/08/2031;104,44900000;104,44900000;104,66000000;104,66000000;104,92300000;2000000,00000000;0,00000000;0,00000000;0,00000000;0,00000000;20251113
83;1I;37637;XS2171872570;NOKIA OYJ 3,125% 2020/15.05.2028;EUR;DUBLINO;028000;301;I;2000000,000;0,000;0,000;0,000;100,1730;100,1730;2003460,0000;2003460,00;0,000000;100,8410;100,8410;2016820,0000;2016820,00;2047984,3800;2047984,38;100,8810;0,667;0,000;0,667;0,237;16,504;0,104;-0,040;0,105;0,000;0,000;31164,3800;31164,38;;;;DEUR;N028000;T200;;099896      NOKIA OYJ 3,125% 2020/15.05.2028;100,17300000;100,17300000;100,84100000;100,84100000;100,88100000;2000000,00000000;0,00000000;0,00000000;0,00000000;0,00000000;20251113
83;1I;34244;XS1960685383;NOKIA OVJ 2% 2019/11.03.2026;EUR;DUBLINO;028000;301;I;1695000,000;0,000;0,000;0,000;98,7330;98,7330;1673524,3500;1673524,35;0,000000;99,6190;99,6190;1688542,0500;1688542,05;1711482,6000;1711482,60;99,6990;0,897;0,000;0,897;0,198;13,792;0,087;-0,080;0,088;0,000;0,000;22940,5500;22940,55;;;;DEUR;N028000;T200;;099913      NOKIA OVJ 2% 2019/11.03.2026;98,73300000;98,73300000;99,61900000;99,61900000;99,69900000;1695000,00000000;0,00000000;0,00000000;0,00000000;0,00000000;20251113
83;1I;39333;XS2265360359;STORA ENSO 0.625% 2020/02.12.2030;EUR;LUXEMBOURG;028000;301;I;300000,000;0,000;0,000;0,000;85,2100;85,2100;255630,0000;255630,00;0,000000;89,3280;89,3280;267984,0000;267984,00;269761,4000;269761,40;89,4760;4,833;0,000;4,833;0,031;2,174;0,014;-0,165;0,014;0,000;0,000;1777,4000;1777,40;;;;DEUR;N028000;T200;;099986      STORA ENSO 0.625% 2020/02.12.2030;85,21000000;85,21000000;89,32800000;89,32800000;89,47600000;300000,00000000;0,00000000;0,00000000;0,00000000;0,00000000;20251113
83;1I;41157;FR0014003YN1;AGENCE FRANCAISE DEV 0,01% 2021/25.11.28;EUR;PARIGI;029000;301;I;20000000,000;0,000;0,000;0,000;89,7100;89,7100;17942000,0000;17942000,00;0,000000;92,5260;92,5260;18505200,0000;18505200,00;18507134,2500;18507134,25;92,5870;3,139;0,000;3,139;2,140;10,263;0,958;-0,066;0,962;0,000;0,000;1934,2500;1934,25;;;;DEUR;N029000;T200;;099042      AGENCE FRANCAISE DEV 0,01% 2021/25.11.28;89,71000000;89,71000000;92,52600000;92,52600000;92,58700000;20000000,00000000;0,00000000;0,00000000;0,00000000;0,00000000;20251113
83;1I;42158;FR0014005NA6;AFD 0.125% 2021/29.09.2031;EUR;PARIGI;029000;301;I;9000000,000;0,000;0,000;0,000;81,8530;81,8530;7366770,0000;7366770,00;0,000000;83,9480;83,9480;7555320,0000;7555320,00;7556706,9900;7556706,99;84,1440;2,559;0,000;2,559;0,874;4,190;0,391;-0,233;0,393;0,000;0,000;1386,9900;1386,99;;;;DEUR;N029000;T200;;099609      AFD 0.125% 2021/29.09.2031;81,85300000;81,85300000;83,94800000;83,94800000;84,14400000;9000000,00000000;0,00000000;0,00000000;0,00000000;0,00000000;20251113
83;1I;41183;FR0014004016;CADES 0% 2021 25/11/206;EUR;LUXEMBOURG;029000;301;I;3000000,000;0,000;0,000;0,000;95,6160;95,6160;2868480,0000;2868480,00;0,000000;97,8140;97,8140;2934420,0000;2934420,00;2934420,0000;2934420,00;97,8140;2,299;0,000;2,299;0,339;1,627;0,152;0,000;0,153;0,000;0,000;0,0000;0,00;;;;DEUR;N029000;T200;;099848      CADES 0% 2021 25/11/206;95,61600000;95,61600000;97,81400000;97,81400000;97,81400000;3000000,00000000;0,00000000;0,00000000;0,00000000;0,00000000;20251113
83;1I;40332;XS2312733871;FORVIA EX FAURECIA 2,375% 21-15.06.2029;EUR;DUBLINO;029000;301;I;2600000,000;0,000;0,000;0,000;89,5330;89,5330;2327858,0000;2327858,00;0,000000;96,4450;96,4450;2507570,0000;2507570,00;2532956,1100;2532956,11;96,4760;7,720;0,000;7,720;0,293;1,405;0,130;-0,032;0,130;0,000;0,000;25386,1100;25386,11;;;;DEUR;N029000;T200;;099870      FORVIA EX FAURECIA 2,375% 21-15.06.2029;89,53300000;89,53300000;96,44500000;96,44500000;96,47600000;2600000,00000000;0,00000000;0,00000000;0,00000000;0,00000000;20251113
83;1I;40673;FR00140033E4;CAISSE FRANCAISE DE FIN0,01% 21/27.04.29;EUR;PARIGI;029000;301;I;2300000,000;0,000;0,000;0,000;88,7960;88,7960;2042308,0000;2042308,00;0,000000;91,5370;91,5370;2105351,0000;2105351,00;2105477,0300;2105477,03;91,6070;3,087;0,000;3,087;0,243;1,168;0,109;-0,076;0,109;0,000;0,000;126,0300;126,03;;;;DEUR;N029000;T200;;099891      CAISSE FRANCAISE DE FIN0,01% 21/27.04.29;88,79600000;88,79600000;91,53700000;91,53700000;91,60700000;2300000,00000000;0,00000000;0,00000000;0,00000000;0,00000000;20251113
83;1I;38859;FR00140005L7;ORANGE SA 1.75% 2020/31.12.2049;EUR;PARIGI;029000;301;I;2000000,000;0,000;0,000;0,000;92,8860;92,8860;1857720,0000;1857720,00;0,000000;95,7070;95,7070;1914140,0000;1914140,00;1916920,8200;1916920,82;95,7230;3,037;0,000;3,037;0,222;1,063;0,099;-0,017;0,099;0,000;0,000;2780,8200;2780,82;;;;DEUR;N029000;T200;;099901      ORANGE SA 1.75% 2020/31.12.2049;92,88600000;92,88600000;95,70700000;95,70700000;95,72300000;2000000,00000000;0,00000000;0,00000000;0,00000000;0,00000000;20251113
83;1I;43209;FR0014007RB1;CAISSE AMORT DETTE  0,45% 2022/19.01.203;EUR;PARIGI;029000;301;I;2000000,000;0,000;0,000;0,000;84,2030;84,2030;1684060,0000;1684060,00;0,000000;86,2180;86,2180;1724360,0000;1724360,00;1731707,9500;1731707,95;86,4130;2,393;0,000;2,393;0,200;0,960;0,089;-0,226;0,090;0,000;0,000;7347,9500;7347,95;;;;DEUR;N029000;T200;;099911      CAISSE AMORT DETTE  0,45% 2022/19.01.203;84,20300000;84,20300000;86,21800000;86,21800000;86,41300000;2000000,00000000;0,00000000;0,00000000;0,00000000;0,00000000;20251113
83;1I;44193;FR00140060E7;FONCIERE LYONNAISE 0.5% 2021/21.04.2028;EUR;PARIGI;029000;301;I;1200000,000;0,000;0,000;0,000;93,3190;93,3190;1119828,0000;1119828,00;0,000000;95,2270;95,2270;1142724,0000;1142724,00;1146110,3000;1146110,30;95,2580;2,045;0,000;2,045;0,133;0,636;0,059;-0,033;0,059;0,000;0,000;3386,3000;3386,30;;;;DEUR;N029000;T200;;099941      FONCIERE LYONNAISE 0.5% 2021/21.04.2028;93,31900000;93,31900000;95,22700000;95,22700000;95,25800000;1200000,00000000;0,00000000;0,00000000;0,00000000;0,00000000;20251113
83;1I;37625;FR0013512233;KLEPIERRE 2% 2020/12.05.2029;EUR;PARIGI;029000;301;I;1000000,000;0,000;0,000;0,000;96,4790;96,4790;964790,0000;964790,00;0,000000;96,9870;96,9870;969870,0000;969870,00;980006,9900;980006,99;97,0760;0,527;0,000;0,527;0,113;0,543;0,050;-0,092;0,050;0,000;0,000;10136,9900;10136,99;;;;DEUR;N029000;T200;;099950      KLEPIERRE 2% 2020/12.05.2029;96,47900000;96,47900000;96,98700000;96,98700000;97,07600000;1000000,00000000;0,00000000;0,00000000;0,00000000;0,00000000;20251113
83;1I;63669;FR0014010DR1;RENAULT SA 3,875% 2025-30/09/2030;EUR;DUBLINO;029000;301;I;800000,000;0,000;0,000;0,000;100,0000;100,0000;800000,0000;800000,00;0,000000;100,0910;100,0910;800728,0000;800728,00;804464,9900;804464,99;100,1670;0,091;0,000;0,091;0,093;0,446;0,041;-0,076;0,042;0,000;0,000;3736,9900;3736,99;;;;DEUR;N029000;T200;;099959      RENAULT SA 3,875% 2025-30/09/2030;100,00000000;100,00000000;100,09100000;100,09100000;100,16700000;800000,00000000;0,00000000;0,00000000;0,00000000;0,00000000;20251113
83;1I;19194;XS1115498260;ORANGE SA 5% 2014/29.10.2049;EUR;PARIGI;029000;301;I;675000,000;0,000;0,000;0,000;102,4920;102,4920;691821,0000;691821,00;0,000000;101,6420;101,6420;686083,5000;686083,50;690059,5300;690059,53;101,6420;-0,829;0,000;-0,829;0,080;0,383;0,036;0,000;0,036;0,000;0,000;3976,0300;3976,03;;;;DEUR;N029000;T200;;099964      ORANGE SA 5% 2014/29.10.2049;102,49200000;102,49200000;101,64200000;101,64200000;101,64200000;675000,00000000;0,00000000;0,00000000;0,00000000;0,00000000;20251113
83;1I;38143;XS2195190520;SSE PLC 3,125% 2020/31.12.2049;EUR;LONDRAEST;031000;301;I;4000000,000;0,000;0,000;0,000;98,4100;98,4100;3936400,0000;3936400,00;0,000000;99,8430;99,8430;3993720,0000;3993720,00;4035500,8200;4035500,82;99,8540;1,456;0,000;1,456;0,467;72,215;0,207;-0,011;0,208;0,000;0,000;41780,8200;41780,82;;;;DEUR;N031000;T200;;099793      SSE PLC 3,125% 2020/31.12.2049;98,41000000;98,41000000;99,84300000;99,84300000;99,85400000;4000000,00000000;0,00000000;0,00000000;0,00000000;0,00000000;20251113
83;1I;48462;XS2794589403;BRITISH TELECOM TV (5,125) 03.10.2054;EUR;LONDRAEST;031000;301;I;1000000,000;0,000;0,000;0,000;103,3970;103,3970;1033970,0000;1033970,00;0,000000;104,1690;104,1690;1041690,0000;1041690,00;1047446,8500;1047446,85;104,2530;0,747;0,000;0,747;0,121;18,744;0,054;-0,081;0,054;0,000;0,000;5756,8500;5756,85;;;;DEUR;N031000;T200;;099946      BRITISH TELECOM TV (5,125) 03.10.2054;103,39700000;103,39700000;104,16900000;104,16900000;104,25300000;1000000,00000000;0,00000000;0,00000000;0,00000000;0,00000000;20251113
83;1I;44959;XS2510903862;SSE PLC 2.875% 01.08.2029;EUR;LONDRAEST;031000;301;I;500000,000;0,000;0,000;0,000;99,7420;99,7420;498710,0000;498710,00;0,000000;100,2230;100,2230;501115,0000;501115,00;505210,8900;505210,89;100,3320;0,482;0,000;0,482;0,058;9,041;0,026;-0,109;0,026;0,000;0,000;4095,8900;4095,89;;;;DEUR;N031000;T200;;099974      SSE PLC 2.875% 01.08.2029;99,74200000;99,74200000;100,22300000;100,22300000;100,33200000;500000,00000000;0,00000000;0,00000000;0,00000000;0,00000000;20251113
83;1I;45987;XS2579321337;NEDER WATERSCHAPSBANK 2% 2023/17.12.2029;EUR;LUXEMBOURG;050000;301;I;10000000,000;0,000;0,000;0,000;100,8560;100,8560;10085600,0000;10085600,00;0,000000;101,0220;101,0220;10102200,0000;10102200,00;10351583,5600;10351583,56;101,1820;0,165;0,000;0,165;1,197;12,896;0,523;-0,158;0,525;0,000;0,000;249383,5600;249383,56;;;;DEUR;N050000;T200;;099477      NEDER WATERSCHAPSBANK 2% 2023/17.12.2029;100,85600000;100,85600000;101,02200000;101,02200000;101,18200000;10000000,00000000;0,00000000;0,00000000;0,00000000;0,00000000;20251113
83;1I;45197;XS2486270858;KONINKLIJKE KPN 6 2022/31.12.2049;EUR;DUBLINO;050000;301;I;7800000,000;0,000;0,000;0,000;106,1250;106,1250;8277750,0000;8277750,00;0,000000;105,2260;105,2260;8207628,0000;8207628,00;8626904,7100;8626904,71;105,2400;-0,847;0,000;-0,847;0,998;10,748;0,425;-0,013;0,427;0,000;0,000;419276,7100;419276,71;;;;DEUR;N050000;T200;;099575      KONINKLIJKE KPN 6 2022/31.12.2049;106,12500000;106,12500000;105,22600000;105,22600000;105,24000000;7800000,00000000;0,00000000;0,00000000;0,00000000;0,00000000;20251113
83;1I;36892;XS2109819859;TELEFONICA TV 05.02.2027;EUR;DUBLINO;050000;301;I;6500000,000;0,000;0,000;0,000;97,3330;97,3330;6326645,0000;6326645,00;0,000000;98,5060;98,5060;6402890,0000;6402890,00;6488437,8400;6488437,84;98,4840;1,205;0,000;1,205;0,750;8,083;0,331;0,022;0,333;0,000;0,000;85547,8400;85547,84;;;;DEUR;N050000;T200;;099669      TELEFONICA TV 05.02.2027;97,33300000;97,33300000;98,50600000;98,50600000;98,48400000;6500000,00000000;0,00000000;0,00000000;0,00000000;0,00000000;20251113
83;1I;46032;XS2582389156;TELEFONICA EUR BV TV 23-31.12.49;EUR;DUBLINO;050000;301;I;4000000,000;0,000;0,000;0,000;107,8640;107,8640;4314560,0000;4314560,00;0,000000;106,8670;106,8670;4274680,0000;4274680,00;4405111,7800;4405111,78;106,8430;-0,924;0,000;-0,924;0,509;5,488;0,221;0,022;0,222;0,000;0,000;130431,7800;130431,78;;;;DEUR;N050000;T200;;099779      TELEFONICA EUR BV TV 23-31.12.49;107,86400000;107,86400000;106,86700000;106,86700000;106,84300000;4000000,00000000;0,00000000;0,00000000;0,00000000;0,00000000;20251113
83;1I;45616;XS2462605671;TELEFONICA EM TV 2022/31.12.2049;EUR;LONDRAEST;050000;301;I;3000000,000;0,000;0,000;0,000;109,8700;109,8700;3296100,0000;3296100,00;0,000000;109,1530;109,1530;3274590,0000;3274590,00;3482483,8400;3482483,84;109,2590;-0,653;0,000;-0,653;0,403;4,339;0,169;-0,097;0,170;0,000;0,000;207893,8400;207893,84;;;;DEUR;N050000;T200;;099831      TELEFONICA EM TV 2022/31.12.2049;109,87000000;109,87000000;109,15300000;109,15300000;109,25900000;3000000,00000000;0,00000000;0,00000000;0,00000000;0,00000000;20251113
83;1I;48326;XS2755535577;TELEFONICA EUR TV (5,752%) 24-31/12/2049;EUR;DUBLINO;050000;301;I;3000000,000;0,000;0,000;0,000;106,9210;106,9210;3207630,0000;3207630,00;0,000000;106,0990;106,0990;3182970,0000;3182970,00;3283200,1200;3283200,12;106,1010;-0,769;0,000;-0,769;0,380;4,090;0,165;-0,002;0,165;0,000;0,000;100230,1200;100230,12;;;;DEUR;N050000;T200;;099835      TELEFONICA EUR TV (5,752%) 24-31/12/2049;106,92100000;106,92100000;106,09900000;106,09900000;106,10100000;3000000,00000000;0,00000000;0,00000000;0,00000000;0,00000000;20251113
83;1I;41944;PTEDPXOM0021;ENERGIAS DE PORTUGAL SA 20218/14.03.2082;EUR;DUBLINO;055000;301;I;9000000,000;0,000;0,000;0,000;95,3850;95,3850;8584650,0000;8584650,00;0,000000;97,8110;97,8110;8802990,0000;8802990,00;8893236,5800;8893236,58;97,8250;2,543;0,000;2,543;1,028;41,530;0,456;-0,014;0,458;0,000;0,000;90246,5800;90246,58;;;;DEUR;N055000;T200;;099544      ENERGIAS DE PORTUGAL SA 20218/14.03.2082;95,38500000;95,38500000;97,81100000;97,81100000;97,82500000;9000000,00000000;0,00000000;0,00000000;0,00000000;0,00000000;20251113
83;1I;45980;PTEDP4OM0025;ENERGIAS DE PORT  2023-23/04/2083;EUR;DUBLINO;055000;301;I;7500000,000;0,000;0,000;0,000;105,0310;105,0310;7877325,0000;7877325,00;0,000000;105,6390;105,6390;7922925,0000;7922925,00;8172042,5300;8172042,53;105,6490;0,579;0,000;0,579;0,945;38,163;0,410;-0,009;0,412;0,000;0,000;249117,5300;249117,53;;;;DEUR;N055000;T200;;099590      ENERGIAS DE PORT  2023-23/04/2083;105,03100000;105,03100000;105,63900000;105,63900000;105,64900000;7500000,00000000;0,00000000;0,00000000;0,00000000;0,00000000;20251113
83;1I;39819;PTEDPROM0029;ENERGIAS DE PORT 1.875% 2021/02.08.2081;EUR;DUBLINO;055000;301;I;1500000,000;0,000;0,000;0,000;97,4210;97,4210;1461315,0000;1461315,00;0,000000;99,1560;99,1560;1487340,0000;1487340,00;1495276,6400;1495276,64;99,1380;1,781;0,000;1,781;0,173;6,983;0,077;0,018;0,077;0,000;0,000;7936,6400;7936,64;;;;DEUR;N055000;T200;;099923      ENERGIAS DE PORT 1.875% 2021/02.08.2081;97,42100000;97,42100000;99,15600000;99,15600000;99,13800000;1500000,00000000;0,00000000;0,00000000;0,00000000;0,00000000;20251113
83;1I;49005;PTEDPZOM0011;ENERGIAS DE PORT (4,750%) TV 29/05/2054;EUR;DUBLINO;055000;301;I;1200000,000;0,000;0,000;0,000;102,2090;102,2090;1226508,0000;1226508,00;0,000000;103,6630;103,6630;1243956,0000;1243956,00;1270191,6200;1270191,62;103,6770;1,423;0,000;1,423;0,147;5,932;0,064;-0,014;0,065;0,000;0,000;26235,6200;26235,62;;;;DEUR;N055000;T200;;099936      ENERGIAS DE PORT (4,750%) TV 29/05/2054;102,20900000;102,20900000;103,66300000;103,66300000;103,67700000;1200000,00000000;0,00000000;0,00000000;0,00000000;0,00000000;20251113
83;1I;30714;XS1725677543;INMOBILIARIA COL SO 1,625% 2017/28.11.25;EUR;DUBLINO;067000;301;I;2000000,000;0,000;0,000;0,000;98,9310;98,9310;1978620,0000;1978620,00;0,000000;99,8540;99,8540;1997080,0000;1997080,00;2028244,3800;2028244,38;99,8550;0,933;0,000;0,933;0,235;2,242;0,103;-0,001;0,104;0,000;0,000;31164,3800;31164,38;;;;DEUR;N067000;T200;;099897      INMOBILIARIA COL SO 1,625% 2017/28.11.25;98,93100000;98,93100000;99,85400000;99,85400000;99,85500000;2000000,00000000;0,00000000;0,00000000;0,00000000;0,00000000;20251113
83;1I;43961;XS2443749648;TELIA CO AB 2,75 % 2022/30.06.2083;EUR;STOCCOLMA;068000;301;I;1500000,000;0,000;0,000;0,000;96,5120;96,5120;1447680,0000;1447680,00;0,000000;99,6330;99,6330;1494495,0000;1494495,00;1509864,8600;1509864,86;99,7200;3,234;0,000;3,234;0,175;100,000;0,077;-0,087;0,078;0,000;0,000;15369,8600;15369,86;;;;DEUR;N068000;T200;;099923      TELIA CO AB 2,75 % 2022/30.06.2083;96,51200000;96,51200000;99,63300000;99,63300000;99,72000000;1500000,00000000;0,00000000;0,00000000;0,00000000;0,00000000;20251113
83;1I;48521;XS2798269069;TERNA - RETE ELET TV 11-04-24/31/12/2049;EUR;LUXEMBOURG;086000;301;I;3800000,000;0,000;0,000;0,000;102,9960;102,9960;3913848,0000;3913848,00;0,000000;103,5870;103,5870;3936306,0000;3936306,00;4043122,4400;4043122,44;103,6000;0,574;0,000;0,574;0,468;1,630;0,204;-0,013;0,205;0,000;0,000;106816,4400;106816,44;;;;DEUR;N086000;T200;;099796      TERNA - RETE ELET TV 11-04-24/31/12/2049;102,99600000;102,99600000;103,58700000;103,58700000;103,60000000;3800000,00000000;0,00000000;0,00000000;0,00000000;0,00000000;20251113
83;1I;41977;XS2386650274;ERG SPA 0.875% 2021/15.09.2031;EUR;LUXEMBOURG;086000;301;I;3000000,000;0,000;0,000;0,000;84,3420;84,3420;2530260,0000;2530260,00;0,000000;87,7140;87,7140;2631420,0000;2631420,00;2635663,1500;2635663,15;87,9600;3,998;0,000;3,998;0,305;1,062;0,136;-0,280;0,137;0,000;0,000;4243,1500;4243,15;;;;DEUR;N086000;T200;;099864      ERG SPA 0.875% 2021/15.09.2031;84,34200000;84,34200000;87,71400000;87,71400000;87,96000000;3000000,00000000;0,00000000;0,00000000;0,00000000;0,00000000;20251113
83;1I;38550;XS2229434852;ERG SPA 0,5% 2020/11.09.2027;EUR;LUXEMBOURG;086000;301;I;2600000,000;0,000;0,000;0,000;93,7390;93,7390;2437214,0000;2437214,00;0,000000;96,2930;96,2930;2503618,0000;2503618,00;2505861,8400;2505861,84;96,3470;2,725;0,000;2,725;0,290;1,010;0,130;-0,056;0,130;0,000;0,000;2243,8400;2243,84;;;;DEUR;N086000;T200;;099870      ERG SPA 0,5% 2020/11.09.2027;93,73900000;93,73900000;96,29300000;96,29300000;96,34700000;2600000,00000000;0,00000000;0,00000000;0,00000000;0,00000000;20251113
83;1I;60711;XS2948434266;PRYSMIAN SPA 3,875% 2024-28/11/2031;EUR;LUXEMBOURG;086000;301;I;1300000,000;0,000;0,000;0,000;101,0770;101,0770;1314001,0000;1314001,00;0,000000;102,5760;102,5760;1333488,0000;1333488,00;1381792,7900;1381792,79;102,8430;1,483;0,000;1,483;0,160;0,557;0,069;-0,260;0,069;0,000;0,000;48304,7900;48304,79;;;;DEUR;N086000;T200;;099931      PRYSMIAN SPA 3,875% 2024-28/11/2031;101,07700000;101,07700000;102,57600000;102,57600000;102,84300000;1300000,00000000;0,00000000;0,00000000;0,00000000;0,00000000;20251113
83;1I;49606;XS2853679053;ERG SPA 4,125% 2024-03/07/2030;EUR;LUXEMBOURG;086000;301;I;1000000,000;0,000;0,000;0,000;102,9310;102,9310;1029310,0000;1029310,00;0,000000;104,2020;104,2020;1042020,0000;1042020,00;1057050,8200;1057050,82;104,4430;1,235;0,000;1,235;0,122;0,426;0,054;-0,231;0,054;0,000;0,000;15030,8200;15030,82;;;;DEUR;N086000;T200;;099946      ERG SPA 4,125% 2024-03/07/2030;102,93100000;102,93100000;104,20200000;104,20200000;104,44300000;1000000,00000000;0,00000000;0,00000000;0,00000000;0,00000000;20251113
83;1I;46047;XS2583205906;A2A SPA 4,375% 2023-03/02/2034;EUR;LUXEMBOURG;086000;301;I;800000,000;0,000;0,000;0,000;105,7230;105,7230;845784,0000;845784,00;0,000000;105,5050;105,5050;844040,0000;844040,00;871176,9900;871176,99;105,8580;-0,206;0,000;-0,206;0,101;0,351;0,044;-0,333;0,044;0,000;0,000;27136,9900;27136,99;;;;DEUR;N086000;T200;;099956      A2A SPA 4,375% 2023-03/02/2034;105,72300000;105,72300000;105,50500000;105,50500000;105,85800000;800000,00000000;0,00000000;0,00000000;0,00000000;0,00000000;20251113
83;1I;38139;XS2197348597;TAKEDA PHARMA 1% 2020/09.07.2029;EUR;NEW YORK;088000;301;I;2500000,000;0,000;0,000;0,000;91,9600;91,9600;2299000,0000;2299000,00;0,000000;93,3400;93,3400;2333500,0000;2333500,00;2342198,6300;2342198,63;93,4710;1,501;0,000;1,501;0,271;100,000;0,121;-0,140;0,121;0,000;0,000;8698,6300;8698,63;;;;DEUR;N088000;T200;;099879      TAKEDA PHARMA 1% 2020/09.07.2029;91,96000000;91,96000000;93,34000000;93,34000000;93,47100000;2500000,00000000;0,00000000;0,00000000;0,00000000;0,00000000;20251113
83;1I;36023;XS2056730679;INFINEON TEC 3.625% 2019-31/12/2049;EUR;DUBLINO;094000;301;I;2500000,000;0,000;0,000;0,000;99,1040;99,1040;2477600,0000;2477600,00;0,000000;100,5550;100,5550;2513875,0000;2513875,00;2569988,0100;2569988,01;100,5830;1,464;0,000;1,464;0,297;2,550;0,130;-0,028;0,131;0,000;0,000;56113,0100;56113,01;;;;DEUR;N094000;T200;;099870      INFINEON TEC 3.625% 2019-31/12/2049;99,10400000;99,10400000;100,55500000;100,55500000;100,58300000;2500000,00000000;0,00000000;0,00000000;0,00000000;0,00000000;20251113
83;1I;40683;EU000A3KM903;EUROPEAN UNION 0.20% 2021/04.06.2036;EUR;LUXEMBOURG;921000;301;I;12194000,000;0,000;0,000;0,000;73,8140;73,8140;9000879,1600;9000879,16;0,000000;73,6490;73,6490;8980759,0600;8980759,06;8991583,3200;8991583,32;73,8620;-0,224;0,000;-0,224;1,040;100,000;0,465;-0,288;0,467;0,000;0,000;10824,2600;10824,26;;;;DEUR;N921000;T200;;099535      EUROPEAN UNION 0.20% 2021/04.06.2036;73,81400000;73,81400000;73,64900000;73,64900000;73,86200000;12194000,00000000;0,00000000;0,00000000;0,00000000;0,00000000;20251113
83;1I;06036;AT0000937503;VOEST ALPINE AG;EUR;VIENNA;008000;201;I;201260,000;0,000;0,000;0,000;20,3863;20,3863;4102953,1400;4102953,14;0,000000;34,8000;34,8000;7003848,0000;7003848,00;7003848,0000;7003848,00;34,7800;70,703;0,000;70,703;0,810;16,286;0,362;0,058;0,364;0,000;0,000;0,0000;0,00;;;;DEUR;N008000;T300;;099638      VOEST ALPINE AG;20,38633181;20,38633181;34,80000000;34,80000000;34,78000000;201260,00000000;0,00000000;0,00000000;0,00000000;0,00000000;20251113
83;1I;27230;BE0974293251;ANHEUSER-BUSCH INBEV;EUR;BRUXELLES;009000;201;I;112493,000;0,000;0,000;0,000;50,7067;50,7067;5704156,3600;5704156,36;0,000000;55,7200;55,7200;6268109,9600;6268109,96;6268109,9600;6268109,96;56,1400;9,887;0,000;9,887;0,725;17,628;0,324;-0,748;0,326;0,000;0,000;0,0000;0,00;;;;DEUR;N009000;T300;;099676      ANHEUSER-BUSCH INBEV;50,70676717;50,70676717;55,72000000;55,72000000;56,14000000;112493,00000000;0,00000000;0,00000000;0,00000000;0,00000000;20251113
83;1I;08457;FI0009000681;NOKIA OYJ;EUR;HELSINKI;028000;201;I;1048315,000;0,000;0,000;0,000;4,8373;4,8373;5071096,3900;5071096,39;0,000000;5,9780;5,9780;6266827,0700;6266827,07;6266827,0700;6266827,07;5,9920;23,579;0,000;23,579;0,725;50,501;0,324;-0,234;0,326;0,000;0,000;0,0000;0,00;;;;DEUR;N028000;T300;;099676      NOKIA OYJ;4,83737845;4,83737845;5,97800000;5,97800000;5,99200000;1048315,00000000;0,00000000;0,00000000;0,00000000;0,00000000;20251113
83;1I;33385;FR0013154002;SARTORIUS STEDIM BIOTECH;EUR;PARIGI;029000;201;I;42548,000;0,000;0,000;0,000;177,5768;177,5768;7555537,7300;7555537,73;0,000000;193,4500;193,4500;8230910,6000;8230910,60;8230910,6000;8230910,60;194,0000;8,939;0,000;8,939;0,952;4,564;0,426;-0,284;0,428;0,000;0,000;0,0000;0,00;;;;DEUR;N029000;T300;;099574      SARTORIUS STEDIM BIOTECH;177,57680102;177,57680102;193,45000000;193,45000000;194,00000000;42548,00000000;0,00000000;0,00000000;0,00000000;0,00000000;20251113
83;1I;08436;FR0000120321;L'OREAL;EUR;PARIGI;029000;201;I;21392,000;0,000;0,000;0,000;396,0736;396,0736;8472807,7500;8472807,75;0,000000;359,1000;359,1000;7681867,2000;7681867,20;7681867,2000;7681867,20;356,9000;-9,335;0,000;-9,335;0,888;4,260;0,398;0,616;0,399;0,000;0,000;0,0000;0,00;;;;DEUR;N029000;T300;;099602      L'OREAL;396,07366071;396,07366071;359,10000000;359,10000000;356,90000000;21392,00000000;0,00000000;0,00000000;0,00000000;0,00000000;20251113
83;1I;01606;FR0000121667;ESSILOR LUXOTTICA;EUR;PARIGI;029000;201;I;18087,000;0,000;0,000;0,000;257,2124;257,2124;4652200,7500;4652200,75;0,000000;319,9000;319,9000;5786031,3000;5786031,30;5786031,3000;5786031,30;320,7000;24,372;0,000;24,372;0,669;3,208;0,299;-0,249;0,301;0,000;0,000;0,0000;0,00;;;;DEUR;N029000;T300;;099701      ESSILOR LUXOTTICA;257,21240393;257,21240393;319,90000000;319,90000000;320,70000000;18087,00000000;0,00000000;0,00000000;0,00000000;0,00000000;20251113
83;1I;14112;FR0010451203;REXEL SA;EUR;PARIGI;029000;201;I;122784,000;0,000;0,000;0,000;25,5198;25,5198;3133426,4600;3133426,46;0,000000;29,8700;29,8700;3667558,0800;3667558,08;3667558,0800;3667558,08;30,4800;17,046;0,000;17,046;0,424;2,034;0,190;-2,001;0,191;0,000;0,000;0,0000;0,00;;;;DEUR;N029000;T300;;099810      REXEL SA;25,51982717;25,51982717;29,87000000;29,87000000;30,48000000;122784,00000000;0,00000000;0,00000000;0,00000000;0,00000000;20251113
83;1I;06469;FR0010307819;LEGRAND PROMESSES;EUR;PARIGI;029000;201;I;26707,000;0,000;0,000;0,000;131,5355;131,5355;3512920,1100;3512920,11;0,000000;130,8000;130,8000;3493275,6000;3493275,60;3493275,6000;3493275,60;133,6500;-0,559;0,000;-0,559;0,404;1,937;0,181;-2,132;0,182;0,000;0,000;0,0000;0,00;;;;DEUR;N029000;T300;;099819      LEGRAND PROMESSES;131,53555659;131,53555659;130,80000000;130,80000000;133,65000000;26707,00000000;0,00000000;0,00000000;0,00000000;0,00000000;20251113
83;1I;14500;NL0010273215;ASML HLDG NV NEW;EUR;AMSTERDAM;050000;201;I;15761,000;0,000;0,000;0,000;718,8721;718,8721;11330144,4200;11330144,42;0,000000;881,5000;881,5000;13893321,5000;13893321,50;13893321,5000;13893321,50;891,8000;22,623;0,000;22,623;1,606;17,309;0,719;-1,155;0,722;0,000;0,000;0,0000;0,00;;;;DEUR;N050000;T300;;099281      ASML HLDG NV NEW;718,87217943;718,87217943;881,50000000;881,50000000;891,80000000;15761,00000000;0,00000000;0,00000000;0,00000000;0,00000000;20251113
83;1I;27009;NL0010801007;IMCD GROUP NV;EUR;AMSTERDAM;050000;201;I;93020,000;0,000;0,000;0,000;129,0568;129,0568;12004868,3200;12004868,32;0,000000;82,0800;82,0800;7635081,6000;7635081,60;7635081,6000;7635081,60;82,1400;-36,400;0,000;-36,400;0,883;9,512;0,395;-0,073;0,397;0,000;0,000;0,0000;0,00;;;;DEUR;N050000;T300;;099605      IMCD GROUP NV;129,05685143;129,05685143;82,08000000;82,08000000;82,14000000;93020,00000000;0,00000000;0,00000000;0,00000000;0,00000000;20251113
83;1I;35896;NL0013654783;PROSUS;EUR;AMSTERDAM;050000;201;I;122749,000;0,000;0,000;0,000;41,8893;41,8893;5141880,2700;5141880,27;0,000000;62,1800;62,1800;7632532,8200;7632532,82;7632532,8200;7632532,82;61,7200;48,439;0,000;48,439;0,883;9,509;0,395;0,745;0,397;0,000;0,000;0,0000;0,00;;;;DEUR;N050000;T300;;099605      PROSUS;41,88938622;41,88938622;62,18000000;62,18000000;61,72000000;122749,00000000;0,00000000;0,00000000;0,00000000;0,00000000;20251113
83;1I;01895;NL0000226223;STMICROELECTRONICS - MILANO;EUR;MILANO;050000;201;I;316595,000;0,000;0,000;0,000;24,6288;24,6288;7797380,8900;7797380,89;0,000000;20,6400;20,6400;6534520,8000;6534520,80;6534520,8000;6534520,80;20,6750;-16,196;0,000;-16,196;0,756;8,141;0,338;-0,169;0,340;0,000;0,000;0,0000;0,00;;;;DEUR;N050000;T300;;099662      STMICROELECTRONICS - MILANO;24,62888197;24,62888197;20,64000000;20,64000000;20,67500000;316595,00000000;0,00000000;0,00000000;0,00000000;0,00000000;20251113
83;1I;48620;NL0015001KT6;BREMBO N.V.;EUR;MILANO;050000;201;I;498912,000;0,000;0,000;0,000;9,0930;9,0930;4536606,8300;4536606,83;0,000000;9,6400;9,6400;4809511,6800;4809511,68;4809511,6800;4809511,68;9,7350;6,016;0,000;6,016;0,556;5,992;0,249;-0,976;0,250;0,000;0,000;0,0000;0,00;;;;DEUR;N050000;T300;;099751      BREMBO N.V.;9,09300002;9,09300002;9,64000000;9,64000000;9,73500000;498912,00000000;0,00000000;0,00000000;0,00000000;0,00000000;20251113
83;1I;38577;NL0012866412;BE SEMICONDUCTOR INDS-ORD SHS;EUR;AMSTERDAM;050000;201;I;13472,000;0,000;0,000;0,000;144,3943;144,3943;1945280,4800;1945280,48;0,000000;133,8000;133,8000;1802553,6000;1802553,60;1802553,6000;1802553,60;135,3500;-7,337;0,000;-7,337;0,208;2,246;0,093;-1,145;0,094;0,000;0,000;0,0000;0,00;;;;DEUR;N050000;T300;;099907      BE SEMICONDUCTOR INDS-ORD SHS;144,39433491;144,39433491;133,80000000;133,80000000;135,35000000;13472,00000000;0,00000000;0,00000000;0,00000000;0,00000000;20251113
83;1I;40120;NL0010583399;CORBION-ORD SHS;EUR;AMSTERDAM;050000;201;I;52651,000;0,000;0,000;0,000;21,3650;21,3650;1124893,6400;1124893,64;0,000000;18,4100;18,4100;969304,9100;969304,91;969304,9100;969304,91;18,3000;-13,831;0,000;-13,831;0,112;1,208;0,050;0,601;0,050;0,000;0,000;0,0000;0,00;;;;DEUR;N050000;T300;;099950      CORBION-ORD SHS;21,36509544;21,36509544;18,41000000;18,41000000;18,30000000;52651,00000000;0,00000000;0,00000000;0,00000000;0,00000000;20251113
83;1I;02400;PTEDP0AM0009;ENERGIAS DE PORTUGAL SA;EUR;LISBONA;055000;201;I;161261,000;0,000;0,000;0,000;3,0796;3,0796;496628,3600;496628,36;0,000000;3,8300;3,8300;617629,6300;617629,63;617629,6300;617629,63;3,8260;24,365;0,000;24,365;0,071;2,884;0,032;0,105;0,032;0,000;0,000;0,0000;0,00;;;;DEUR;N055000;T300;;099968      ENERGIAS DE PORTUGAL SA;3,07965571;3,07965571;3,83000000;3,83000000;3,82600000;161261,00000000;0,00000000;0,00000000;0,00000000;0,00000000;20251113
83;1I;23311;ES0105025003;MERLIN PROPERTIES SOCIMI SA;EUR;MADRID;067000;201;I;150314,000;0,000;0,000;0,000;10,0741;10,0741;1514291,1200;1514291,12;0,000000;13,3400;13,3400;2005188,7600;2005188,76;2005188,7600;2005188,76;13,3600;32,418;0,000;32,418;0,232;2,216;0,104;-0,150;0,104;0,000;0,000;0,0000;0,00;;;;DEUR;N067000;T300;;099896      MERLIN PROPERTIES SOCIMI SA;10,07418550;10,07418550;13,34000000;13,34000000;13,36000000;150314,00000000;0,00000000;0,00000000;0,00000000;0,00000000;20251113
83;1I;36841;LU2052491334;MULTILABEL ETICA ESG GLOBAL EQUITY;EUR;LUXEMBOURG;092000;223;I;37106,669;0,000;0,000;0,000;140,2299;140,2299;5203468,1900;5203468,19;0,000000;144,5000;144,5000;5361913,6700;5361913,67;5361913,6700;5361913,67;143,7500;3,045;0,000;3,045;0,620;39,161;0,277;0,522;0,279;0,000;0,000;0,0000;0,00;;;;DEUR;N092000;T300;;099723      MULTILABEL ETICA ESG GLOBAL EQUITY;140,22999989;140,22999989;144,50000000;144,50000000;143,75000000;37106,66900000;0,00000000;0,00000000;0,00000000;0,00000000;20251113
83;1I;36843;LU2052490872;MULTILABEL ETICA ESG DYNAMIC ALLOCATION;EUR;LUXEMBOURG;092000;223;I;36953,094;0,000;0,000;0,000;121,7399;121,7399;4498669,6600;4498669,66;0,000000;125,0200;125,0200;4619875,8100;4619875,81;4619875,8100;4619875,81;124,5000;2,694;0,000;2,694;0,534;33,741;0,239;0,418;0,240;0,000;0,000;0,0000;0,00;;;;DEUR;N092000;T300;;099761      MULTILABEL ETICA ESG DYNAMIC ALLOCATION;121,73999990;121,73999990;125,02000000;125,02000000;124,50000000;36953,09400000;0,00000000;0,00000000;0,00000000;0,00000000;20251113
83;1I;36842;LU2052490286;MULTILABEL ETICA ESG CONSERVATIVE ALLOC;EUR;LUXEMBOURG;092000;223;I;37206,072;0,000;0,000;0,000;98,1699;98,1699;3652520,0800;3652520,08;0,000000;99,7200;99,7200;3710189,5000;3710189,50;3710189,5000;3710189,50;99,5200;1,579;0,000;1,579;0,429;27,098;0,192;0,201;0,193;0,000;0,000;0,0000;0,00;;;;DEUR;N092000;T300;;099808      MULTILABEL ETICA ESG CONSERVATIVE ALLOC;98,16999977;98,16999977;99,72000000;99,72000000;99,52000000;37206,07200000;0,00000000;0,00000000;0,00000000;0,00000000;20251113
83;1I;33682;DE000KBX1006;KNORR-BREMSE AG;EUR;NEUERMKT;094000;201;I;98497,000;0,000;0,000;0,000;83,0112;83,0112;8176355,6700;8176355,67;0,000000;84,7000;84,7000;8342695,9000;8342695,90;8342695,9000;8342695,90;86,3500;2,034;0,000;2,034;0,965;8,279;0,432;-1,911;0,434;0,000;0,000;0,0000;0,00;;;;DEUR;N094000;T300;;099568      KNORR-BREMSE AG;83,01121526;83,01121526;84,70000000;84,70000000;86,35000000;98497,00000000;0,00000000;0,00000000;0,00000000;0,00000000;20251113
83;1I;08512;DE0007164600;SAP SE;EUR;NEUERMKT;094000;201;I;33779,000;0,000;0,000;0,000;247,8400;247,8400;8371787,7000;8371787,70;0,000000;218,1000;218,1000;7367199,9000;7367199,90;7367199,9000;7367199,90;218,4000;-12,000;0,000;-12,000;0,852;7,311;0,381;-0,137;0,383;0,000;0,000;0,0000;0,00;;;;DEUR;N094000;T300;;099619      SAP SE;247,84001006;247,84001006;218,10000000;218,10000000;218,40000000;33779,00000000;0,00000000;0,00000000;0,00000000;0,00000000;20251113
83;1I;24199;DE000ZAL1111;ZALANDO-ORD SHS;EUR;NEUERMKT;094000;201;I;279728,000;0,000;0,000;0,000;26,8021;26,8021;7497322,6400;7497322,64;0,000000;23,7200;23,7200;6635148,1600;6635148,16;6635148,1600;6635148,16;23,5500;-11,500;0,000;-11,500;0,767;6,585;0,343;0,722;0,345;0,000;0,000;0,0000;0,00;;;;DEUR;N094000;T300;;099657      ZALANDO-ORD SHS;26,80218869;26,80218869;23,72000000;23,72000000;23,55000000;279728,00000000;0,00000000;0,00000000;0,00000000;0,00000000;20251113
83;1I;19412;DE000A1ML7J1;VONOVIA SE;EUR;NEUERMKT;094000;201;I;208935,000;0,000;0,000;0,000;27,3076;27,3076;5705517,2000;5705517,20;0,000000;26,2900;26,2900;5492901,1500;5492901,15;5492901,1500;5492901,15;26,0600;-3,726;0,000;-3,726;0,635;5,451;0,284;0,883;0,286;0,000;0,000;0,0000;0,00;;;;DEUR;N094000;T300;;099716      VONOVIA SE;27,30761815;27,30761815;26,29000000;26,29000000;26,06000000;208935,00000000;0,00000000;0,00000000;0,00000000;0,00000000;20251113
83;1I;08529;DE0005557508;DEUTSCHE TELEKOM - NOMINATIVE;EUR;NEUERMKT;094000;201;I;196845,000;0,000;0,000;0,000;31,7967;31,7967;6259032,3500;6259032,35;0,000000;27,2700;27,2700;5367963,1500;5367963,15;5367963,1500;5367963,15;27,3100;-14,237;0,000;-14,237;0,621;5,327;0,278;-0,146;0,279;0,000;0,000;0,0000;0,00;;;;DEUR;N094000;T300;;099722      DEUTSCHE TELEKOM - NOMINATIVE;31,79675556;31,79675556;27,27000000;27,27000000;27,31000000;196845,00000000;0,00000000;0,00000000;0,00000000;0,00000000;20251113
83;1I;17410;IT0004965148;MONCLER SPA;EUR;MILANO;086000;201;I;246221,000;0,000;0,000;0,000;54,9899;54,9899;13539689,7900;13539689,79;0,000000;58,1000;58,1000;14305440,1000;14305440,10;14305440,1000;14305440,10;58,4600;5,656;0,000;5,656;1,654;5,766;0,740;-0,616;0,744;0,000;0,000;0,0000;0,00;;;;DEUR;N111111;T300;;099260      MONCLER SPA;54,98998781;54,98998781;58,10000000;58,10000000;58,46000000;246221,00000000;0,00000000;0,00000000;0,00000000;0,00000000;20251113
83;1I;03565;IT0003497168;TELECOM ITALIA SPA ORD.;EUR;MILANO;086000;201;I;23477405,000;0,000;0,000;0,000;0,2512;0,2512;5898986,7900;5898986,79;0,000000;0,4958;0,4958;11640097,4000;11640097,40;11640097,4000;11640097,40;0,4950;97,324;0,000;97,324;1,346;4,691;0,602;0,162;0,605;0,000;0,000;0,0000;0,00;;;;DEUR;N111111;T300;;099398      TELECOM ITALIA SPA ORD.;0,25126230;0,25126230;0,49580000;0,49580000;0,49500000;23477405,00000000;0,00000000;0,00000000;0,00000000;0,00000000;20251113
83;1I;08531;IT0001078911;INTERPUMP GROUP;EUR;MILANO;086000;201;I;85439,000;0,000;0,000;0,000;39,7502;39,7502;3396225,8200;3396225,82;0,000000;43,4000;43,4000;3708052,6000;3708052,60;3708052,6000;3708052,60;43,8400;9,182;0,000;9,182;0,429;1,495;0,192;-1,004;0,193;0,000;0,000;0,0000;0,00;;;;DEUR;N111111;T300;;099808      INTERPUMP GROUP;39,75029927;39,75029927;43,40000000;43,40000000;43,84000000;85439,00000000;0,00000000;0,00000000;0,00000000;0,00000000;20251113
83;1I;08544;IT0001157020;ERG ORD.;EUR;MILANO;086000;201;I;157083,000;0,000;0,000;0,000;19,4820;19,4820;3060300,8200;3060300,82;0,000000;22,2000;22,2000;3487242,6000;3487242,60;3487242,6000;3487242,60;22,6600;13,951;0,000;13,951;0,403;1,406;0,180;-2,030;0,181;0,000;0,000;0,0000;0,00;;;;DEUR;N111111;T300;;099820      ERG ORD.;19,48206247;19,48206247;22,20000000;22,20000000;22,66000000;157083,00000000;0,00000000;0,00000000;0,00000000;0,00000000;20251113
83;1I;34530;IT0005366767;NEXI SPA;EUR;MILANO;086000;201;I;536945,000;0,000;0,000;0,000;5,2970;5,2970;2844204,9800;2844204,98;0,000000;4,1220;4,1220;2213287,2900;2213287,29;2213287,2900;2213287,29;4,1760;-22,183;0,000;-22,183;0,256;0,892;0,115;-1,293;0,115;0,000;0,000;0,0000;0,00;;;;DEUR;N111111;T300;;099885      NEXI SPA;5,29701362;5,29701362;4,12200000;4,12200000;4,17600000;536945,00000000;0,00000000;0,00000000;0,00000000;0,00000000;20251113
83;1I;19402;IT0005054967;RAI WAY SPA;EUR;MILANO;086000;201;I;267717,000;0,000;0,000;0,000;5,4891;5,4891;1469546,6500;1469546,65;0,000000;5,7900;5,7900;1550081,4300;1550081,43;1550081,4300;1550081,43;5,7100;5,480;0,000;5,480;0,179;0,625;0,080;1,401;0,081;0,000;0,000;0,0000;0,00;;;;DEUR;N111111;T300;;099920      RAI WAY SPA;5,48917943;5,48917943;5,79000000;5,79000000;5,71000000;267717,00000000;0,00000000;0,00000000;0,00000000;0,00000000;20251113
83;1I;07862;IT0003492391;DIASORIN;EUR;MILANO;086000;201;I;24320,000;0,000;0,000;0,000;98,9895;98,9895;2407424,9400;2407424,94;0,000000;60,1800;60,1800;1463577,6000;1463577,60;1463577,6000;1463577,60;60,5000;-39,206;0,000;-39,206;0,169;0,590;0,076;-0,529;0,076;0,000;0,000;0,0000;0,00;;;;DEUR;N111111;T300;;099924      DIASORIN;98,98951233;98,98951233;60,18000000;60,18000000;60,50000000;24320,00000000;0,00000000;0,00000000;0,00000000;0,00000000;20251113
83;1I;08569;IT0001206769;SOL SPA;EUR;MILANO;086000;201;I;30293,000;0,000;0,000;0,000;36,9791;36,9791;1120210,0000;1120210,00;0,000000;48,4000;48,4000;1466181,2000;1466181,20;1466181,2000;1466181,20;48,9500;30,884;0,000;30,884;0,170;0,591;0,076;-1,124;0,076;0,000;0,000;0,0000;0,00;;;;DEUR;N111111;T300;;099924      SOL SPA;36,97917010;36,97917010;48,40000000;48,40000000;48,95000000;30293,00000000;0,00000000;0,00000000;0,00000000;0,00000000;20251113
83;1I;25525;IT0005162406;TECHNOGYM  SPA;EUR;MILANO;086000;201;I;88773,000;0,000;0,000;0,000;10,4436;10,4436;927113,9200;927113,92;0,000000;16,2300;16,2300;1440785,7900;1440785,79;1440785,7900;1440785,79;16,2000;55,405;0,000;55,405;0,167;0,581;0,075;0,185;0,075;0,000;0,000;0,0000;0,00;;;;DEUR;N111111;T300;;099925      TECHNOGYM  SPA;10,44364750;10,44364750;16,23000000;16,23000000;16,20000000;88773,00000000;0,00000000;0,00000000;0,00000000;0,00000000;20251113
83;1I;04321;IT0003242622;TERNA SPA;EUR;MILANO;086000;201;I;109113,000;0,000;0,000;0,000;7,6214;7,6214;831602,6800;831602,68;0,000000;8,9000;8,9000;971105,7000;971105,70;971105,7000;971105,70;9,0140;16,775;0,000;16,775;0,112;0,391;0,050;-1,265;0,050;0,000;0,000;0,0000;0,00;;;;DEUR;N111111;T300;;099950      TERNA SPA;7,62148121;7,62148121;8,90000000;8,90000000;9,01400000;109113,00000000;0,00000000;0,00000000;0,00000000;0,00000000;20251113
83;1I;06568;IT0004056880;AMPLIFON NEW;EUR;MILANO;086000;201;I;57215,000;0,000;0,000;0,000;21,1738;21,1738;1211464,2800;1211464,28;0,000000;14,0600;14,0600;804442,9000;804442,90;804442,9000;804442,90;14,3050;-33,597;0,000;-33,597;0,093;0,324;0,042;-1,713;0,042;0,000;0,000;0,0000;0,00;;;;DEUR;N111111;T300;;099958      AMPLIFON NEW;21,17389286;21,17389286;14,06000000;14,06000000;14,30500000;57215,00000000;0,00000000;0,00000000;0,00000000;0,00000000;20251113
83;1I;23184;IT0005090300;INFRASTRUTTURE WIRELESS ITAL;EUR;MILANO;086000;201;I;86323,000;0,000;0,000;0,000;9,7588;9,7588;842417,1200;842417,12;0,000000;7,9400;7,9400;685404,6200;685404,62;685404,6200;685404,62;8,0100;-18,638;0,000;-18,638;0,079;0,276;0,035;-0,874;0,036;0,000;0,000;0,0000;0,00;;;;DEUR;N111111;T300;;099965      INFRASTRUTTURE WIRELESS ITAL;9,75889531;9,75889531;7,94000000;7,94000000;8,01000000;86323,00000000;0,00000000;0,00000000;0,00000000;0,00000000;20251113
83;1I;03436;IT0001250932;HERA SPA;EUR;MILANO;086000;201;I;159441,000;0,000;0,000;0,000;3,4521;3,4521;550416,2200;550416,22;0,000000;4,0520;4,0520;646054,9300;646054,93;646054,9300;646054,93;3,9420;17,376;0,000;17,376;0,075;0,260;0,033;2,790;0,034;0,000;0,000;0,0000;0,00;;;;DEUR;N111111;T300;;099967      HERA SPA;3,45216236;3,45216236;4,05200000;4,05200000;3,94200000;159441,00000000;0,00000000;0,00000000;0,00000000;0,00000000;20251113
83;1I;07639;IT0004176001;PRYSMIAN SPA;EUR;MILANO;086000;201;I;6544,000;0,000;0,000;0,000;60,1938;60,1938;393908,8000;393908,80;0,000000;84,4800;84,4800;552837,1200;552837,12;552837,1200;552837,12;85,2600;40,346;0,000;40,346;0,064;0,223;0,029;-0,915;0,029;0,000;0,000;0,0000;0,00;;;;DEUR;N111111;T300;;099971      PRYSMIAN SPA;60,19388753;60,19388753;84,48000000;84,48000000;85,26000000;6544,00000000;0,00000000;0,00000000;0,00000000;0,00000000;20251113
83;1I;08573;IT0001233417;A2A SPA;EUR;MILANO;086000;201;I;170686,000;0,000;0,000;0,000;2,1450;2,1450;366121,4700;366121,47;0,000000;2,4450;2,4450;417327,2700;417327,27;417327,2700;417327,27;2,4580;13,986;0,000;13,986;0,048;0,168;0,022;-0,529;0,022;0,000;0,000;0,0000;0,00;;;;DEUR;N111111;T300;;099978      A2A SPA;2,14500000;2,14500000;2,44500000;2,44500000;2,45800000;170686,00000000;0,00000000;0,00000000;0,00000000;0,00000000;20251113
83;1I;30238;IT0005278236;PIRELLI & C SPA;EUR;MILANO;086000;201;I;30876,000;0,000;0,000;0,000;5,4243;5,4243;167481,5500;167481,55;0,000000;6,1060;6,1060;188528,8600;188528,86;188528,8600;188528,86;6,0760;12,567;0,000;12,567;0,022;0,076;0,010;0,494;0,010;0,000;0,000;0,0000;0,00;;;;DEUR;N111111;T300;;099990      PIRELLI & C SPA;5,42432795;5,42432795;6,10600000;6,10600000;6,07600000;30876,00000000;0,00000000;0,00000000;0,00000000;0,00000000;20251113
83;1O;38140;XS2195190876;SSE PLC 3.74% 2020/31.12.2049;GBP;LONDRAEST;111111;301;O;3000000,000;0,000;0,000;0,000;97,6180;118,0386;2928540,0000;3541160,82;0,827000;99,6190;112,9211;2988570,0000;3387633,19;3054045,6220;3461851,76;99,6060;2,050;6,675;-4,336;8,384;0,353;0,175;0,013;0,176;0,000;0,000;65475,6220;74218,57;;;;DGBP;N031000;T200;;099825      SSE PLC 3.74% 2020/31.12.2049;97,61800000;118,03869400;99,61900000;112,92110632;99,60600000;3000000,00000000;0,00000000;0,00000000;0,00000000;0,00000000;20251113
83;1O;01076;AU000000ORI1;ORICA LTD.;AUD;AUSTRALIA;111111;201;O;254370,000;0,000;0,000;0,000;16,5800;9,9103;4217454,6000;2520893,37;1,673000;23,4000;13,1682;5952258,0000;3349610,58;5952258,0000;3349610,58;22,8200;41,134;6,216;32,874;19,367;0,342;0,173;2,542;0,174;0,000;0,000;0,0000;0,00;;;;DAUD;N007000;T300;;099827      ORICA LTD.;16,58000000;9,91034072;23,40000000;13,16826111;22,82000000;254370,00000000;0,00000000;0,00000000;0,00000000;0,00000000;20251113
83;1O;17478;AU000000ORA8;ORORA LTD;AUD;AUSTRALIA;111111;201;O;1512442,000;0,000;0,000;0,000;2,1868;1,2691;3307414,4400;1919491,58;1,723068;2,2400;1,2605;3387870,0800;1906511,02;3387870,0800;1906511,02;2,2600;2,433;3,130;-0,676;11,023;0,195;0,099;-0,885;0,099;0,000;0,000;0,0000;0,00;;;;DAUD;N007000;T300;;099901      ORORA LTD;2,18680414;1,26913401;2,24000000;1,26055149;2,26000000;1512442,00000000;0,00000000;0,00000000;0,00000000;0,00000000;20251113
83;1O;31244;AU000000LLC3;LEND LEASE GROUP STAPLED SECURITIES;AUD;AUSTRALIA;111111;223;O;382983,000;0,000;0,000;0,000;6,1842;3,6846;2368473,3420;1411149,78;1,678400;5,4200;3,0500;2075767,8600;1168130,48;2075767,8600;1168130,48;5,4500;-12,358;5,875;-17,221;6,754;0,119;0,060;-0,550;0,061;0,000;0,000;0,0000;0,00;;;;DAUD;N007000;T300;;099940      LEND LEASE GROUP STAPLED SECURITIES;6,18427800;3,68462772;5,42000000;3,05008441;5,45000000;382983,00000000;0,00000000;0,00000000;0,00000000;0,00000000;20251113
83;1O;03510;CA1363751027;CANADIAN NATIONAL RAILWAY CAD;CAD;TORONTO;111111;201;O;36187,000;0,000;0,000;0,000;145,4341;97,3773;5262826,8320;3523795,78;1,493511;135,4800;83,0605;4902614,7600;3005710,72;4902614,7600;3005710,72;137,1100;-6,844;9,212;-14,702;9,373;0,307;0,156;-1,189;0,156;0,000;0,000;0,0000;0,00;;;;DCAD;N013000;T300;;099844      CANADIAN NATIONAL RAILWAY CAD;145,43418443;97,37739464;135,48000000;83,06051131;137,11000000;36187,00000000;0,00000000;0,00000000;0,00000000;0,00000000;20251113
83;1O;10636;DK0060079531;DSV A/S;DKK;COPENHAGEN;111111;201;O;36655,000;0,000;0,000;0,000;1459,7152;195,6225;53505863,6420;7170546,40;7,461895;1446,5000;193,7086;53021457,5000;7100390,70;53021457,5000;7100390,70;1477,0000;-0,905;0,074;-0,978;50,914;0,725;0,367;-2,065;0,369;0,000;0,000;0,0000;0,00;;;;DDKK;N021000;T300;;099633      DSV A/S;1459,71528146;195,62259991;1446,50000000;193,70865361;1477,00000000;36655,00000000;0,00000000;0,00000000;0,00000000;0,00000000;20251113
83;1O;47417;DK0062498333;NOVO NORDISK A/S-B;DKK;COPENHAGEN;111111;201;O;152985,000;0,000;0,000;0,000;536,0733;71,8726;82011177,9000;10995441,72;7,458652;318,6500;42,6721;48748670,2500;6528198,60;48748670,2500;6528198,60;321,0500;-40,559;0,117;-40,628;46,811;0,666;0,338;-0,748;0,339;0,000;0,000;0,0000;0,00;;;;DDKK;N021000;T300;;099662      NOVO NORDISK A/S-B;536,07332679;71,87267849;318,65000000;42,67214827;321,05000000;152985,00000000;0,00000000;0,00000000;0,00000000;0,00000000;20251113
83;1O;44229;GB00BP92CJ43;TATE & LYLE PLC;GBP;LONDRA;111111;201;O;1038445,000;0,000;0,000;0,000;5,5390;6,5048;5752049,1950;6754915,31;0,851535;3,8820;4,4003;4031243,4900;4569534,67;4031243,4900;4569534,67;3,9440;-29,916;3,601;-32,352;11,066;0,467;0,236;-1,572;0,238;0,000;0,000;0,0000;0,00;;;;DGBP;N031000;T300;;099764      TATE & LYLE PLC;5,53909855;6,50483685;3,88200000;4,40036272;3,94400000;1038445,00000000;0,00000000;0,00000000;0,00000000;0,00000000;20251113
83;1O;03729;GB0006825383;PERSIMMON PLC.;GBP;LONDRA;111111;201;O;282672,000;0,000;0,000;0,000;11,6307;13,9701;3287690,1300;3948963,69;0,832545;12,7400;14,4411;3601241,2800;4082114,35;3601241,2800;4082114,35;12,3300;9,537;5,964;3,372;9,886;0,417;0,211;3,325;0,212;0,000;0,000;0,0000;0,00;;;;DGBP;N031000;T300;;099789      PERSIMMON PLC.;11,63075978;13,97012682;12,74000000;14,44116980;12,33000000;282672,00000000;0,00000000;0,00000000;0,00000000;0,00000000;20251113
83;1O;09739;GB00B2B0DG97;REED ELSEVIER PLC A;GBP;LONDRA;111111;201;O;54366,000;0,000;0,000;0,000;38,7965;46,0270;2109210,5250;2502307,23;0,842906;31,4000;35,5928;1707092,4000;1935040,13;1707092,4000;1935040,13;31,3600;-19,065;4,662;-22,670;4,686;0,198;0,100;0,128;0,101;0,000;0,000;0,0000;0,00;;;;DGBP;N031000;T300;;099900      REED ELSEVIER PLC A;38,79650011;46,02706158;31,40000000;35,59283609;31,36000000;54366,00000000;0,00000000;0,00000000;0,00000000;0,00000000;20251113
83;1O;01504;GB0007908733;SSE PLC;GBP;LONDRA;111111;201;O;50493,000;0,000;0,000;0,000;15,9858;19,1808;807175,0910;968499,64;0,833428;22,6300;25,6517;1142656,5900;1295235,31;1142656,5900;1295235,31;23,0700;41,562;5,852;33,736;3,137;0,132;0,067;-1,907;0,067;0,000;0,000;0,0000;0,00;;;;DGBP;N031000;T300;;099933      SSE PLC;15,98588103;19,18086942;22,63000000;25,65177964;23,07000000;50493,00000000;0,00000000;0,00000000;0,00000000;0,00000000;20251113
83;1O;12368;IE0001827041;CRH PLC.- LONDRA GBP;GBP;LONDRA;111111;201;O;96834,000;0,000;0,000;0,000;71,5520;85,2333;6928670,6290;8253487,70;0,839484;84,7600;96,0779;8207649,8400;9303615,78;8207649,8400;9303615,78;86,6800;18,459;5,088;12,723;22,530;0,950;0,481;-2,215;0,484;0,000;0,000;0,0000;0,00;;;;DGBP;N040000;T300;;099519      CRH PLC.- LONDRA GBP;71,55204400;85,23336534;84,76000000;96,07798685;86,68000000;96834,00000000;0,00000000;0,00000000;0,00000000;0,00000000;20251113
83;1O;19903;IE00BTN1Y115;MEDTRONIC PLC;USD;NEW YORK;111111;201;O;157086,000;0,000;0,000;0,000;79,8800;77,1340;12548029,6800;12116676,02;1,035600;96,1400;82,5874;15102248,0400;12973325,35;15102248,0400;12973325,35;95,8100;20,356;12,408;7,070;1,712;1,324;0,671;0,344;0,674;0,000;0,000;0,0000;0,00;;;;DUSD;N040000;T300;;099329      MEDTRONIC PLC;79,88000000;77,13402862;96,14000000;82,58740658;95,81000000;157086,00000000;0,00000000;0,00000000;0,00000000;0,00000000;20251113
83;1O;46296;IE000S9YS762;LINDE PLC NEW - USD;USD;OTC;111111;201;O;34176,000;0,000;0,000;0,000;419,7282;403,8390;14344631,9570;13801604,03;1,039345;428,6400;368,2157;14649200,6400;12584142,81;14649200,6400;12584142,81;428,9600;2,123;12,003;-8,821;1,661;1,285;0,651;-0,075;0,654;0,000;0,000;0,0000;0,00;;;;DUSD;N040000;T300;;099349      LINDE PLC NEW - USD;419,72822907;403,83906923;428,64000000;368,21578902;428,96000000;34176,00000000;0,00000000;0,00000000;0,00000000;0,00000000;20251113
83;1O;37185;IE00BK9ZQ967;TRANE TECH PLC;USD;NEW YORK;111111;201;O;27209,000;0,000;0,000;0,000;367,3361;353,5966;9994850,0500;9621010,29;1,038857;414,8500;356,3697;11287653,6500;9696463,92;11287653,6500;9696463,92;421,7500;12,935;12,056;0,784;1,280;0,990;0,502;-1,636;0,504;0,000;0,000;0,0000;0,00;;;;DUSD;N040000;T300;;099498      TRANE TECH PLC;367,33617736;353,59661472;414,85000000;356,36972768;421,75000000;27209,00000000;0,00000000;0,00000000;0,00000000;0,00000000;20251113
83;1O;18593;IE00BLS09M33;PENTAIR PLC;USD;NEW YORK;111111;201;O;16943,000;0,000;0,000;0,000;99,5973;95,9001;1687477,1960;1624835,76;1,038552;106,7500;91,7017;1808665,2500;1553702,65;1808665,2500;1553702,65;108,6800;7,182;12,089;-4,378;0,205;0,159;0,080;-1,776;0,081;0,000;0,000;0,0000;0,00;;;;DUSD;N040000;T300;;099920      PENTAIR PLC;99,59730838;95,90012158;106,75000000;91,70174383;108,68000000;16943,00000000;0,00000000;0,00000000;0,00000000;0,00000000;20251113
83;1O;00158;NO0005052605;NORSK HYDRO;NOK;OSLO;111111;201;O;386332,000;0,000;0,000;0,000;69,6884;5,9692;26922858,9500;2306125,23;11,674500;74,3800;6,3817;28735374,1600;2465476,41;28735374,1600;2465476,41;74,1600;6,732;-0,166;6,910;92,113;0,252;0,128;0,297;0,128;0,000;0,000;0,0000;0,00;;;;DNOK;N048000;T300;;099872      NORSK HYDRO;69,68840000;5,96928349;74,38000000;6,38175562;74,16000000;386332,00000000;0,00000000;0,00000000;0,00000000;0,00000000;20251113
83;1O;24521;NL0011585146;FERRARI NV - USD -;USD;NEW YORK;111111;201;O;7489,000;0,000;0,000;0,000;424,4850;408,4964;3178968,8040;3059229,99;1,039140;417,8100;358,9124;3128979,0900;2687895,45;3128979,0900;2687895,45;419,5200;-1,573;12,025;-12,138;0,355;0,274;0,139;-0,408;0,140;0,000;0,000;0,0000;0,00;;;;DUSD;N050000;T300;;099861      FERRARI NV - USD -;424,48508532;408,49646014;417,81000000;358,91246456;419,52000000;7489,00000000;0,00000000;0,00000000;0,00000000;0,00000000;20251113
83;1O;44332;SE0017486889;ATLAS COPCO AB-A SHS;SEK;STOCCOLMA;111111;201;O;494236,000;0,000;0,000;0,000;159,6615;14,4822;78910497,5220;7157628,83;11,024670;157,5000;14,4018;77842170,0000;7117909,49;77842170,0000;7117909,49;160,9500;-1,354;-0,803;-0,555;43,591;0,727;0,368;-2,144;0,370;0,000;0,000;0,0000;0,00;;;;DSEK;N068000;T300;;099632      ATLAS COPCO AB-A SHS;159,66157366;14,48220856;157,50000000;14,40184343;160,95000000;494236,00000000;0,00000000;0,00000000;0,00000000;0,00000000;20251113
83;1O;00418;SE0000108227;S.K.F. AB CL.B;SEK;STOCCOLMA;111111;201;O;248015,000;0,000;0,000;0,000;251,3985;22,8422;62350606,3900;5665227,13;11,005844;240,0000;21,9456;59523600,0000;5442854,40;59523600,0000;5442854,40;237,3000;-4,534;-0,634;-3,925;33,333;0,556;0,282;1,138;0,283;0,000;0,000;0,0000;0,00;;;;DSEK;N068000;T300;;099718      S.K.F. AB CL.B;251,39852988;22,84227619;240,00000000;21,94566618;237,30000000;248015,00000000;0,00000000;0,00000000;0,00000000;0,00000000;20251113
83;1O;23094;SE0007100581;ASSA ABLOY AB-B;SEK;STOCCOLMA;111111;201;O;111595,000;0,000;0,000;0,000;331,0961;30,1010;36948670,4000;3359122,73;10,999500;356,5000;32,5984;39783617,5000;3637824,96;39783617,5000;3637824,96;361,8000;7,673;-0,576;8,297;22,279;0,371;0,188;-1,465;0,189;0,000;0,000;0,0000;0,00;;;;DSEK;N068000;T300;;099812      ASSA ABLOY AB-B;331,09611004;30,10101465;356,50000000;32,59845831;361,80000000;111595,00000000;0,00000000;0,00000000;0,00000000;0,00000000;20251113
83;1O;02738;US67066G1040;NVIDIA CORP.;USD;OTC;111111;201;O;575037,000;0,000;0,000;0,000;132,9437;128,0595;76447592,0180;73638963,01;1,038141;186,8600;160,5188;107451413,8200;92304281,26;107451413,8200;92304281,26;193,8000;40,556;12,133;25,347;12,181;9,424;4,777;-3,581;4,798;0,000;0,000;0,0000;0,00;;;;DUSD;N069000;T300;;095223      NVIDIA CORP.;132,94377930;128,05952140;186,86000000;160,51885576;193,80000000;575037,00000000;0,00000000;0,00000000;0,00000000;0,00000000;20251113
83;1O;06606;US57636Q1040;MASTERCARD INC CL A;USD;NEW YORK;111111;201;O;71082,000;0,000;0,000;0,000;525,1671;505,4406;37329932,2460;35927730,90;1,039028;555,5700;477,2528;39491026,7400;33924084,48;39491026,7400;33924084,48;561,2300;5,789;12,037;-5,577;4,477;3,463;1,756;-1,008;1,763;0,000;0,000;0,0000;0,00;;;;DUSD;N069000;T300;;098244      MASTERCARD INC CL A;525,16716251;505,44063053;555,57000000;477,25281333;561,23000000;71082,00000000;0,00000000;0,00000000;0,00000000;0,00000000;20251113
83;1O;08768;US92826C8394;VISA INC CLASS A SHS;USD;NEW YORK;111111;201;O;117311,000;0,000;0,000;0,000;316,3717;304,7318;37113885,9660;35748395,65;1,038197;336,0800;288,7037;39425880,8800;33868122,05;39425880,8800;33868122,05;338,8800;6,229;12,127;-5,260;4,470;3,458;1,753;-0,826;1,760;0,000;0,000;0,0000;0,00;;;;DUSD;N069000;T300;;098247      VISA INC CLASS A SHS;316,37174660;304,73182949;336,08000000;288,70371961;338,88000000;117311,00000000;0,00000000;0,00000000;0,00000000;0,00000000;20251113
83;1O;00448;US68389X1054;ORACLE CORP.;USD;OTC;111111;201;O;139276,000;0,000;0,000;0,000;165,3071;159,2816;23023323,8330;22184108,63;1,037830;217,5700;186,8997;30302279,3200;26030649,70;30302279,3200;26030649,70;226,9900;31,616;12,167;17,339;3,435;2,658;1,347;-4,150;1,353;0,000;0,000;0,0000;0,00;;;;DUSD;N069000;T300;;098653      ORACLE CORP.;165,30718740;159,28163237;217,57000000;186,89975088;226,99000000;139276,00000000;0,00000000;0,00000000;0,00000000;0,00000000;20251113
83;1O;14741;US00287Y1091;ABBVIE INC;USD;NEW YORK;111111;201;O;93976,000;0,000;0,000;0,000;177,7000;171,5913;16699535,2000;16125468,52;1,035600;232,2900;199,5447;21829685,0400;18752413,92;21829685,0400;18752413,92;233,2300;30,720;12,408;16,291;2,475;1,914;0,970;-0,403;0,975;0,000;0,000;0,0000;0,00;;;;DUSD;N069000;T300;;099030      ABBVIE INC;177,70000000;171,59134800;232,29000000;199,54471265;233,23000000;93976,00000000;0,00000000;0,00000000;0,00000000;0,00000000;20251113
83;1O;00095;US4370761029;HOME DEPOT INC.;USD;NEW YORK;111111;201;O;51660,000;0,000;0,000;0,000;387,2241;371,7483;20003999,8250;19204518,57;1,041630;368,0700;316,1841;19014496,2000;16334074,56;19014496,2000;16334074,56;371,1300;-4,947;11,758;-14,947;2,156;1,668;0,845;-0,825;0,849;0,000;0,000;0,0000;0,00;;;;DUSD;N069000;T300;;099155      HOME DEPOT INC.;387,22415456;371,74832694;368,07000000;316,18417661;371,13000000;51660,00000000;0,00000000;0,00000000;0,00000000;0,00000000;20251113
83;1O;00423;US0382221051;APPLIED MATERIALS INC.;USD;OTC;111111;201;O;80368,000;0,000;0,000;0,000;181,0757;167,2025;14552696,1470;13437734,10;1,082972;223,2300;191,7618;17940548,6400;15411518,46;17940548,6400;15411518,46;230,7300;23,280;7,491;14,688;2,034;1,573;0,798;-3,251;0,801;0,000;0,000;0,0000;0,00;;;;DUSD;N069000;T300;;099202      APPLIED MATERIALS INC.;181,07575337;167,20254454;223,23000000;191,76187612;230,73000000;80368,00000000;0,00000000;0,00000000;0,00000000;0,00000000;20251113
83;1O;00174;US7427181091;PROCTER & GAMBLE CO.;USD;NEW YORK;111111;201;O;119944,000;0,000;0,000;0,000;162,4313;152,2470;19482669,5170;18261120,19;1,066893;147,9600;127,1024;17746914,2400;15245180,17;17746914,2400;15245180,17;148,0100;-8,909;9,111;-16,516;2,012;1,556;0,789;-0,034;0,792;0,000;0,000;0,0000;0,00;;;;DUSD;N069000;T300;;099211      PROCTER & GAMBLE CO.;162,43138061;152,24705020;147,96000000;127,10248260;148,01000000;119944,00000000;0,00000000;0,00000000;0,00000000;0,00000000;20251113
83;1O;00222;US8825081040;TEXAS INSTRUMENTS INC.;USD;OTC;111111;201;O;99314,000;0,000;0,000;0,000;187,0992;176,2006;18581574,8760;17499194,51;1,061853;162,2300;139,3608;16111710,2200;13840486,40;16111710,2200;13840486,40;163,0900;-13,292;9,629;-20,908;1,827;1,413;0,716;-0,527;0,719;0,000;0,000;0,0000;0,00;;;;DUSD;N069000;T300;;099284      TEXAS INSTRUMENTS INC.;187,09924961;176,20068177;162,23000000;139,36087964;163,09000000;99314,00000000;0,00000000;0,00000000;0,00000000;0,00000000;20251113
83;1O;17264;US81762P1021;SERVICENOW INC;USD;NEW YORK;111111;201;O;18357,000;0,000;0,000;0,000;1048,0202;980,1378;19238507,0820;17992391,07;1,069258;849,6900;729,9115;15597759,3300;13398985,77;15597759,3300;13398985,77;864,0400;-18,924;8,870;-25,530;1,768;1,368;0,693;-1,661;0,696;0,000;0,000;0,0000;0,00;;;;DUSD;N069000;T300;;099307      SERVICENOW INC;1048,02021474;980,13788037;849,69000000;729,91151962;864,04000000;18357,00000000;0,00000000;0,00000000;0,00000000;0,00000000;20251113
83;1O;00060;US2358511028;DANAHER CORP.;USD;NEW YORK;111111;201;O;69136,000;0,000;0,000;0,000;229,5500;221,6589;15870168,8000;15324612,59;1,035600;221,2000;190,0180;15292883,2000;13137087,19;15292883,2000;13137087,19;219,4000;-3,638;12,408;-14,275;1,734;1,341;0,680;0,820;0,683;0,000;0,000;0,0000;0,00;;;;DUSD;N069000;T300;;099320      DANAHER CORP.;229,55000000;221,65894165;221,20000000;190,01803968;219,40000000;69136,00000000;0,00000000;0,00000000;0,00000000;0,00000000;20251113
83;1O;00481;US7475251036;QUALCOMM INC.;USD;OTC;111111;201;O;87484,000;0,000;0,000;0,000;153,6052;147,9210;13437997,9510;12940727,85;1,038427;174,5000;149,9012;15265958,0000;13113957,56;15265958,0000;13113957,56;176,6700;13,603;12,102;1,339;1,731;1,339;0,679;-1,228;0,682;0,000;0,000;0,0000;0,00;;;;DUSD;N069000;T300;;099321      QUALCOMM INC.;153,60520724;147,92108099;174,50000000;149,90121123;176,67000000;87484,00000000;0,00000000;0,00000000;0,00000000;0,00000000;20251113
83;1O;10451;US58933Y1055;MERCK E CO INC;USD;NEW YORK;111111;201;O;158363,000;0,000;0,000;0,000;98,9060;95,1400;15663063,8900;15066669,78;1,039584;92,9300;79,8299;14716673,5900;12642104,28;14716673,5900;12642104,28;91,4500;-6,042;11,977;-16,092;1,668;1,291;0,654;1,618;0,657;0,000;0,000;0,0000;0,00;;;;DUSD;N069000;T300;;099346      MERCK E CO INC;98,90608216;95,14008815;92,93000000;79,82991151;91,45000000;158363,00000000;0,00000000;0,00000000;0,00000000;0,00000000;20251113
83;1O;04319;US79466L3024;SALESFORCE COM INC.;USD;NEW YORK;111111;201;O;59949,000;0,000;0,000;0,000;329,9755;317,7772;19781702,1490;19050426,14;1,038386;240,4300;206,5372;14413538,0700;12381700,94;14413538,0700;12381700,94;246,0200;-27,137;12,107;-35,006;1,634;1,264;0,641;-2,272;0,644;0,000;0,000;0,0000;0,00;;;;DUSD;N069000;T300;;099359      SALESFORCE COM INC.;329,97551500;317,77721296;240,43000000;206,53723906;246,02000000;59949,00000000;0,00000000;0,00000000;0,00000000;0,00000000;20251113
83;1O;60431;US5128073062;LAM RESEARCH CORP;USD;OTC;111111;201;O;91197,000;0,000;0,000;0,000;72,2300;69,7470;6587159,3100;6360717,76;1,035600;153,3200;131,7068;13982324,0400;12011273,98;13982324,0400;12011273,98;161,4200;112,266;12,408;88,835;1,585;1,226;0,622;-5,018;0,624;0,000;0,000;0,0000;0,00;;;;DUSD;N069000;T300;;099378      LAM RESEARCH CORP;72,23000000;69,74700659;153,32000000;131,70689803;161,42000000;91197,00000000;0,00000000;0,00000000;0,00000000;0,00000000;20251113
83;1O;00061;US2441991054;DEERE & CO.;USD;NEW YORK;111111;201;O;28464,000;0,000;0,000;0,000;424,5665;408,5065;12084862,9520;11627730,61;1,039314;473,4100;406,6746;13475142,2400;11575588,21;13475142,2400;11575588,21;480,7800;11,504;12,007;-0,448;1,528;1,182;0,599;-1,533;0,602;0,000;0,000;0,0000;0,00;;;;DUSD;N069000;T300;;099401      DEERE & CO.;424,56657363;408,50655600;473,41000000;406,67468430;480,78000000;28464,00000000;0,00000000;0,00000000;0,00000000;0,00000000;20251113
83;1O;25523;US78409V1044;S&P GLOBAL-ORD SHS;USD;NEW YORK;111111;201;O;24680,000;0,000;0,000;0,000;495,8746;477,2963;12238185,6100;11779673,66;1,038924;502,9600;432,0591;12413052,8000;10663218,62;12413052,8000;10663218,62;495,8400;1,429;12,049;-9,478;1,407;1,089;0,552;1,436;0,554;0,000;0,000;0,0000;0,00;;;;DUSD;N069000;T300;;099448      S&P GLOBAL-ORD SHS;495,87461953;477,29633954;502,96000000;432,05910145;495,84000000;24680,00000000;0,00000000;0,00000000;0,00000000;0,00000000;20251113
83;1O;00263;US17275R1023;CISCO SYSTEM INC.;USD;OTC;111111;201;O;153943,000;0,000;0,000;0,000;60,2252;56,9780;9271249,1750;8771366,61;1,056990;77,3800;66,4719;11912109,3400;10232891,80;11912109,3400;10232891,80;73,9600;28,484;10,133;16,662;1,350;1,045;0,530;4,624;0,532;0,000;0,000;0,0000;0,00;;;;DUSD;N069000;T300;;099470      CISCO SYSTEM INC.;60,22520786;56,97801530;77,38000000;66,47195258;73,96000000;153943,00000000;0,00000000;0,00000000;0,00000000;0,00000000;20251113
83;1O;01191;US4612021034;INTUIT INC.;USD;OTC;111111;201;O;17477,000;0,000;0,000;0,000;625,6275;602,1952;10934092,1290;10524566,67;1,038911;650,1100;558,4657;11361972,4700;9760306,22;11361972,4700;9760306,22;659,3000;3,913;12,050;-7,262;1,288;0,996;0,505;-1,394;0,507;0,000;0,000;0,0000;0,00;;;;DUSD;N069000;T300;;099495      INTUIT INC.;625,62751782;602,19526635;650,11000000;558,46576754;659,30000000;17477,00000000;0,00000000;0,00000000;0,00000000;0,00000000;20251113
83;1O;00007;US0028241000;ABBOTT LABORATORIES CORP.;USD;NEW YORK;111111;201;O;87715,000;0,000;0,000;0,000;119,9577;111,2530;10522094,4700;9758561,68;1,078242;129,2600;111,0385;11338040,9000;9739748,22;11338040,9000;9739748,22;128,8200;7,755;7,963;-0,193;1,285;0,994;0,504;0,342;0,506;0,000;0,000;0,0000;0,00;;;;DUSD;N069000;T300;;099496      ABBOTT LABORATORIES CORP.;119,95775488;111,25305455;129,26000000;111,03857056;128,82000000;87715,00000000;0,00000000;0,00000000;0,00000000;0,00000000;20251113
83;1O;00017;US0311621009;AMGEN INC;USD;OTC;111111;201;O;31817,000;0,000;0,000;0,000;260,6400;251,6801;8292782,8800;8007708,45;1,035600;336,0000;288,6349;10690512,0000;9183499,70;10690512,0000;9183499,70;336,2800;28,913;12,408;14,683;1,212;0,938;0,475;-0,083;0,477;0,000;0,000;0,0000;0,00;;;;DUSD;N069000;T300;;099525      AMGEN INC;260,64000000;251,68018512;336,00000000;288,63499699;336,28000000;31817,00000000;0,00000000;0,00000000;0,00000000;0,00000000;20251113
83;1O;00103;US4581401001;INTEL CORP.;USD;OTC;111111;201;O;293422,000;0,000;0,000;0,000;20,0689;19,3110;5888673,8110;5666279,65;1,039249;35,9100;30,8478;10536784,0200;9051442,33;10536784,0200;9051442,33;37,8900;78,933;12,014;59,742;1,195;0,924;0,468;-5,226;0,470;0,000;0,000;0,0000;0,00;;;;DUSD;N069000;T300;;099532      INTEL CORP.;20,06895805;19,31102524;35,91000000;30,84786530;37,89000000;293422,00000000;0,00000000;0,00000000;0,00000000;0,00000000;20251113
83;1O;00492;US9078181081;UNION PACIFIC CORP.;USD;NEW YORK;111111;201;O;47253,000;0,000;0,000;0,000;227,5024;218,9531;10750173,5100;10346193,97;1,039046;221,4800;190,2585;10465594,4400;8990288,15;10465594,4400;8990288,15;223,5500;-2,647;12,035;-13,105;1,186;0,918;0,465;-0,926;0,467;0,000;0,000;0,0000;0,00;;;;DUSD;N069000;T300;;099535      UNION PACIFIC CORP.;227,50245508;218,95316636;221,48000000;190,25856885;223,55000000;47253,00000000;0,00000000;0,00000000;0,00000000;0,00000000;20251113
83;1O;02840;US8636671013;STRYKER CORP.;USD;NEW YORK;111111;201;O;25658,000;0,000;0,000;0,000;360,0500;347,6728;9238162,9000;8920589,90;1,035600;373,4200;320,7800;9581210,3600;8230573,28;9581210,3600;8230573,28;367,3400;3,713;12,408;-7,735;1,086;0,840;0,426;1,655;0,428;0,000;0,000;0,0000;0,00;;;;DUSD;N069000;T300;;099574      STRYKER CORP.;360,05000000;347,67284667;373,42000000;320,78000171;367,34000000;25658,00000000;0,00000000;0,00000000;0,00000000;0,00000000;20251113
83;1O;19426;US6974351057;PALO ALTO NETWORKS INC;USD;NEW YORK;111111;201;O;45207,000;0,000;0,000;0,000;181,0792;174,3000;8186048,6480;7879582,30;1,038894;204,7700;175,9041;9257037,3900;7952098,09;9257037,3900;7952098,09;210,0400;13,083;12,052;0,920;1,049;0,812;0,412;-2,509;0,413;0,000;0,000;0,0000;0,00;;;;DUSD;N069000;T300;;099588      PALO ALTO NETWORKS INC;181,07922773;174,30004866;204,77000000;175,90413194;210,04000000;45207,00000000;0,00000000;0,00000000;0,00000000;0,00000000;20251113
83;1O;01357;US0530151036;AUTOMATIC DATA PROCESSING;USD;OTC;111111;201;O;36240,000;0,000;0,000;0,000;292,4992;281,4810;10600172,6900;10200874,16;1,039144;254,6100;218,7183;9227066,4000;7926352,03;9227066,4000;7926352,03;254,5500;-12,954;12,025;-22,297;1,046;0,809;0,410;0,024;0,412;0,000;0,000;0,0000;0,00;;;;DUSD;N069000;T300;;099590      AUTOMATIC DATA PROCESSING;292,49924641;281,48107505;254,61000000;218,71832316;254,55000000;36240,00000000;0,00000000;0,00000000;0,00000000;0,00000000;20251113
83;1O;00349;US8725401090;TJX COMPANIES INC.;USD;NEW YORK;111111;201;O;62897,000;0,000;0,000;0,000;120,2424;114,9420;7562890,5550;7229507,42;1,046114;146,4000;125,7623;9208120,8000;7910077,14;9208120,8000;7910077,14;147,6300;21,754;11,279;9,414;1,044;0,808;0,409;-0,833;0,411;0,000;0,000;0,0000;0,00;;;;DUSD;N069000;T300;;099591      TJX COMPANIES INC.;120,24246871;114,94200709;146,40000000;125,76239154;147,63000000;62897,00000000;0,00000000;0,00000000;0,00000000;0,00000000;20251113
83;1O;01458;US92343V1044;VERIZON COMMUNICATION;USD;NEW YORK;111111;201;O;222885,000;0,000;0,000;0,000;43,1538;36,6549;9618357,0000;8169843,71;1,177300;41,1100;35,3148;9162802,3500;7871147,11;9162802,3500;7871147,11;40,8000;-4,736;-1,121;-3,656;1,039;0,804;0,407;0,760;0,409;0,000;0,000;0,0000;0,00;;;;DUSD;N069000;T300;;099593      VERIZON COMMUNICATION;43,15389999;36,65497323;41,11000000;35,31483549;40,80000000;222885,00000000;0,00000000;0,00000000;0,00000000;0,00000000;20251113
83;1O;03448;US8716071076;SYNOPSYS INC.;USD;OTC;111111;201;O;22693,000;0,000;0,000;0,000;494,9288;453,9773;11231421,4690;10302108,23;1,090206;393,9300;338,3987;8939453,4900;7679283,13;8939453,4900;7679283,13;398,8100;-20,407;6,778;-25,459;1,013;0,784;0,397;-1,224;0,399;0,000;0,000;0,0000;0,00;;;;DUSD;N069000;T300;;099603      SYNOPSYS INC.;494,92889741;453,97735997;393,93000000;338,39876299;398,81000000;22693,00000000;0,00000000;0,00000000;0,00000000;0,00000000;20251113
83;1O;00035;US1011371077;BOSTON SCIENTIFIC CORP.;USD;NEW YORK;111111;201;O;81903,000;0,000;0,000;0,000;89,3200;86,2495;7315575,9600;7064094,21;1,035600;104,9800;90,1812;8598176,9400;7386115,40;8598176,9400;7386115,40;104,1300;17,532;12,408;4,559;0,975;0,754;0,382;0,816;0,384;0,000;0,000;0,0000;0,00;;;;DUSD;N069000;T300;;099618      BOSTON SCIENTIFIC CORP.;89,32000000;86,24951723;104,98000000;90,18125590;104,13000000;81903,00000000;0,00000000;0,00000000;0,00000000;0,00000000;20251113
83;1O;04140;US92532F1003;VERTEX PHARMACEUTICALS INC.;USD;OTC;111111;201;O;19004,000;0,000;0,000;0,000;402,7000;388,8567;7652910,8000;7389832,75;1,035600;434,5200;373,2669;8257618,0800;7093564,20;8257618,0800;7093564,20;434,1900;7,902;12,408;-4,009;0,936;0,724;0,367;0,076;0,369;0,000;0,000;0,0000;0,00;;;;DUSD;N069000;T300;;099633      VERTEX PHARMACEUTICALS INC.;402,70000000;388,85670122;434,52000000;373,26690146;434,19000000;19004,00000000;0,00000000;0,00000000;0,00000000;0,00000000;20251113
83;1O;00432;US0326541051;ANALOG DEVICES;USD;OTC;111111;201;O;34656,000;0,000;0,000;0,000;210,9948;203,1204;7312237,4100;7039343,64;1,038767;237,5300;204,0460;8231839,6800;7071419,71;8231839,6800;7071419,71;241,4400;12,576;12,066;0,456;0,933;0,722;0,366;-1,619;0,368;0,000;0,000;0,0000;0,00;;;;DUSD;N069000;T300;;099634      ANALOG DEVICES;210,99484678;203,12048822;237,53000000;204,04604415;241,44000000;34656,00000000;0,00000000;0,00000000;0,00000000;0,00000000;20251113
83;1O;23879;US95040Q1040;WELLTOWER INC;USD;NEW YORK;111111;201;O;42613,000;0,000;0,000;0,000;126,7779;121,9545;5402388,8930;5196850,89;1,039550;191,0700;164,1353;8142065,9100;6994301,10;8142065,9100;6994301,10;191,6400;50,712;11,981;34,587;0,923;0,714;0,362;-0,297;0,364;0,000;0,000;0,0000;0,00;;;;DUSD;N069000;T300;;099638      WELLTOWER INC;126,77795257;121,95458874;191,07000000;164,13538355;191,64000000;42613,00000000;0,00000000;0,00000000;0,00000000;0,00000000;20251113
83;1O;02043;US00724F1012;ADOBE SYSTEM INC.;USD;OTC;111111;201;O;23879,000;0,000;0,000;0,000;357,8657;304,8539;8545475,8900;7279606,61;1,173893;333,6000;286,5733;7966034,4000;6843084,27;7966034,4000;6843084,27;337,0500;-6,781;-0,834;-5,997;0,903;0,699;0,354;-1,024;0,356;0,000;0,000;0,0000;0,00;;;;DUSD;N069000;T300;;099646      ADOBE SYSTEM INC.;357,86573516;304,85391389;333,60000000;286,57331844;337,05000000;23879,00000000;0,00000000;0,00000000;0,00000000;0,00000000;20251113
83;1O;03191;US3755581036;GILEAD SCIENCES INC.;USD;OTC;111111;201;O;63384,000;0,000;0,000;0,000;103,1741;94,5657;6539588,4800;5993958,52;1,091030;125,2000;107,5508;7935676,8000;6817006,10;7935676,8000;6817006,10;123,4000;21,348;6,697;13,731;0,900;0,696;0,353;1,459;0,354;0,000;0,000;0,0000;0,00;;;;DUSD;N069000;T300;;099647      GILEAD SCIENCES INC.;103,17412091;94,56579767;125,20000000;107,55089768;123,40000000;63384,00000000;0,00000000;0,00000000;0,00000000;0,00000000;20251113
83;1O;11964;US74340W1036;PROLOGIS INC;USD;NEW YORK;111111;201;O;61957,000;0,000;0,000;0,000;105,1168;101,1855;6512726,2510;6269155,69;1,038852;124,0000;106,5200;7682668,0000;6599663,26;7682668,0000;6599663,26;124,8400;17,964;12,056;5,272;0,871;0,674;0,342;-0,673;0,343;0,000;0,000;0,0000;0,00;;;;DUSD;N069000;T300;;099658      PROLOGIS INC;105,11687543;101,18559145;124,00000000;106,52005841;124,84000000;61957,00000000;0,00000000;0,00000000;0,00000000;0,00000000;20251113
83;1O;00575;US0527691069;AUTODESK INC.;USD;OTC;111111;201;O;25566,000;0,000;0,000;0,000;295,1175;273,1258;7544974,6800;6982734,37;1,080519;297,1700;255,2787;7597448,2200;6526456,68;7597448,2200;6526456,68;301,7400;0,695;7,735;-6,534;0,861;0,666;0,338;-1,515;0,339;0,000;0,000;0,0000;0,00;;;;DUSD;N069000;T300;;099662      AUTODESK INC.;295,11752640;273,12580654;297,17000000;255,27875612;301,74000000;25566,00000000;0,00000000;0,00000000;0,00000000;0,00000000;20251113
83;1O;01205;US9113121068;UNITED PARCEL SERVICE CL.B;USD;NEW YORK;111111;201;O;77684,000;0,000;0,000;0,000;124,4576;119,8567;9668365,6810;9310951,63;1,038386;95,9700;82,4413;7455333,4800;6404375,47;7455333,4800;6404375,47;96,1800;-22,889;12,107;-31,217;0,845;0,654;0,331;-0,218;0,333;0,000;0,000;0,0000;0,00;;;;DUSD;N069000;T300;;099669      UNITED PARCEL SERVICE CL.B;124,45761908;119,85674823;95,97000000;82,44137101;96,18000000;77684,00000000;0,00000000;0,00000000;0,00000000;0,00000000;20251113
83;1O;00261;US5486611073;LOWE'S COMPANIES INC.;USD;NEW YORK;111111;201;O;30914,000;0,000;0,000;0,000;243,6328;232,5260;7531664,9490;7188310,81;1,047766;231,4700;198,8403;7155663,5800;6146949,21;7155663,5800;6146949,21;234,7000;-4,992;11,103;-14,487;0,811;0,628;0,318;-1,376;0,319;0,000;0,000;0,0000;0,00;;;;DUSD;N069000;T300;;099682      LOWE'S COMPANIES INC.;243,63281843;232,52606618;231,47000000;198,84030581;234,70000000;30914,00000000;0,00000000;0,00000000;0,00000000;0,00000000;20251113
83;1O;37453;US68902V1070;OTIS WORLDWIDE;USD;NEW YORK;111111;201;O;78100,000;0,000;0,000;0,000;93,4241;88,4744;7296423,6570;6909857,40;1,055944;90,5900;77,8197;7075079,0000;6077724,42;7075079,0000;6077724,42;90,9800;-3,034;10,243;-12,043;0,802;0,620;0,315;-0,429;0,316;0,000;0,000;0,0000;0,00;;;;DUSD;N069000;T300;;099685      OTIS WORLDWIDE;93,42411852;88,47448655;90,59000000;77,81977493;90,98000000;78100,00000000;0,00000000;0,00000000;0,00000000;0,00000000;20251113
83;1O;06874;US9581021055;WESTERN DIGITAL CORP;USD;NEW YORK;111111;201;O;42864,000;0,000;0,000;0,000;42,9581;41,5255;1841356,9730;1779950,65;1,034499;157,1600;135,0055;6736506,2400;5786879,34;6736506,2400;5786879,34;166,1100;265,845;12,528;225,115;0,764;0,591;0,299;-5,388;0,301;0,000;0,000;0,0000;0,00;;;;DUSD;N069000;T300;;099701      WESTERN DIGITAL CORP;42,95812273;41,52553774;157,16000000;135,00558371;166,11000000;42864,00000000;0,00000000;0,00000000;0,00000000;0,00000000;20251113
83;1O;12297;US7512121010;POLO RALPH LAUREN CORP. NEW;USD;NEW YORK;111111;201;O;20176,000;0,000;0,000;0,000;298,2488;258,0112;6017467,9600;5205635,75;1,155953;332,7700;285,8603;6713967,5200;5767517,84;6713967,5200;5767517,84;340,2100;11,575;0,705;10,794;0,761;0,589;0,298;-2,187;0,300;0,000;0,000;0,0000;0,00;;;;DUSD;N069000;T300;;099702      POLO RALPH LAUREN CORP. NEW;298,24880848;258,01128816;332,77000000;285,86032127;340,21000000;20176,00000000;0,00000000;0,00000000;0,00000000;0,00000000;20251113
83;1O;00567;US2788651006;ECOLAB INC.;USD;NEW YORK;111111;201;O;24905,000;0,000;0,000;0,000;234,2322;225,4033;5833554,2370;5613671,05;1,039169;261,9800;225,0493;6524611,9000;5604855,17;6524611,9000;5604855,17;261,0600;11,846;12,022;-0,157;0,740;0,572;0,290;0,352;0,291;0,000;0,000;0,0000;0,00;;;;DUSD;N069000;T300;;099710      ECOLAB INC.;234,23225203;225,40337482;261,98000000;225,04939438;261,06000000;24905,00000000;0,00000000;0,00000000;0,00000000;0,00000000;20251113
83;1O;12344;US98419M1009;XYLEM INC;USD;NEW YORK;111111;201;O;41565,000;0,000;0,000;0,000;118,1760;112,3777;4911985,8580;4670981,96;1,051596;147,2700;126,5097;6121277,5500;5258377,76;6121277,5500;5258377,76;149,8700;24,619;10,698;12,575;0,694;0,537;0,272;-1,735;0,273;0,000;0,000;0,0000;0,00;;;;DUSD;N069000;T300;;099728      XYLEM INC;118,17601005;112,37776879;147,27000000;126,50975002;149,87000000;41565,00000000;0,00000000;0,00000000;0,00000000;0,00000000;20251113
83;1O;00053;US1941621039;COLGATE PALMOLIVE CO.;USD;NEW YORK;111111;201;O;75525,000;0,000;0,000;0,000;81,5498;72,2927;6159049,8340;5459912,03;1,128049;78,7900;67,6831;5950614,7500;5111772,83;5950614,7500;5111772,83;78,5600;-3,384;3,196;-6,376;0,675;0,522;0,265;0,293;0,266;0,000;0,000;0,0000;0,00;;;;DUSD;N069000;T300;;099735      COLGATE PALMOLIVE CO.;81,54981574;72,29277762;78,79000000;67,68318872;78,56000000;75525,00000000;0,00000000;0,00000000;0,00000000;0,00000000;20251113
83;1O;19892;US29444U7000;EQUINIX INC;USD;OTC;111111;201;O;7123,000;0,000;0,000;0,000;933,7118;899,0214;6650829,6980;6403729,75;1,038587;786,5400;675,6636;5602524,4200;4812751,84;5602524,4200;4812751,84;813,2400;-15,762;12,085;-24,845;0,635;0,491;0,249;-3,283;0,250;0,000;0,000;0,0000;0,00;;;;DUSD;N069000;T300;;099751      EQUINIX INC;933,71187673;899,02144461;786,54000000;675,66360278;813,24000000;7123,00000000;0,00000000;0,00000000;0,00000000;0,00000000;20251113
83;1O;37454;US14448C1045;CARRIER GLOBAL CORP;USD;NEW YORK;111111;201;O;100978,000;0,000;0,000;0,000;67,5868;64,0035;6824785,6430;6462952,47;1,055986;55,1600;47,3842;5569946,4800;4784766,33;5569946,4800;4784766,33;55,9900;-18,386;10,238;-25,966;0,631;0,488;0,248;-1,482;0,249;0,000;0,000;0,0000;0,00;;;;DUSD;N069000;T300;;099752      CARRIER GLOBAL CORP;67,58685696;64,00356978;55,16000000;47,38424533;55,99000000;100978,00000000;0,00000000;0,00000000;0,00000000;0,00000000;20251113
83;1O;16468;US98978V1035;ZOETIS INC;USD;NEW YORK;111111;201;O;45135,000;0,000;0,000;0,000;162,9300;157,3290;7353845,5500;7101048,23;1,035600;121,1600;104,0804;5468556,6000;4697669,10;5468556,6000;4697669,10;121,2500;-25,637;12,408;-33,845;0,620;0,480;0,243;-0,074;0,244;0,000;0,000;0,0000;0,00;;;;DUSD;N069000;T300;;099757      ZOETIS INC;162,93000000;157,32908452;121,16000000;104,08040546;121,25000000;45135,00000000;0,00000000;0,00000000;0,00000000;0,00000000;20251113
83;1O;00572;US2371941053;DARDEN RESTAURANTS;USD;NEW YORK;111111;201;O;28523,000;0,000;0,000;0,000;195,2401;178,7503;5568833,8630;5098495,60;1,092250;175,4200;150,6915;5003504,6600;4298174,26;5003504,6600;4298174,26;175,6700;-10,152;6,578;-15,697;0,567;0,439;0,222;-0,142;0,223;0,000;0,000;0,0000;0,00;;;;DUSD;N069000;T300;;099778      DARDEN RESTAURANTS;195,24011720;178,75032780;175,42000000;150,69152134;175,67000000;28523,00000000;0,00000000;0,00000000;0,00000000;0,00000000;20251113
83;1O;04564;US5797802064;MCCORMICK & CO NON VTG;USD;NEW YORK;111111;201;O;73825,000;0,000;0,000;0,000;69,4631;62,9644;5128113,7780;4648347,48;1,103212;66,1000;56,7820;4879832,5000;4191935,83;4879832,5000;4191935,83;65,8800;-4,842;5,519;-9,819;0,553;0,428;0,217;0,334;0,218;0,000;0,000;0,0000;0,00;;;;DUSD;N069000;T300;;099783      MCCORMICK & CO NON VTG;69,46310569;62,96440880;66,10000000;56,78206339;65,88000000;73825,00000000;0,00000000;0,00000000;0,00000000;0,00000000;20251113
83;1O;33770;US1255231003;CIGNA CORP ORD;USD;NEW YORK;111111;201;O;17605,000;0,000;0,000;0,000;276,1400;266,6473;4861444,7000;4694326,67;1,035600;270,8900;232,7033;4769018,4500;4096742,93;4769018,4500;4096742,93;270,6100;-1,901;12,408;-12,730;0,541;0,418;0,212;0,103;0,213;0,000;0,000;0,0000;0,00;;;;DUSD;N069000;T300;;099788      CIGNA CORP ORD;276,14000000;266,64735416;270,89000000;232,70337599;270,61000000;17605,00000000;0,00000000;0,00000000;0,00000000;0,00000000;20251113
83;1O;19628;US0367521038;ELEVANCE HEALTH INC;USD;NEW YORK;111111;201;O;14359,000;0,000;0,000;0,000;368,9000;356,2186;5297035,1000;5114943,12;1,035600;328,2800;282,0032;4713772,5200;4049284,87;4713772,5200;4049284,87;327,6300;-11,011;12,408;-20,834;0,534;0,413;0,210;0,198;0,210;0,000;0,000;0,0000;0,00;;;;DUSD;N069000;T300;;099790      ELEVANCE HEALTH INC;368,90000000;356,21861689;328,28000000;282,00326432;327,63000000;14359,00000000;0,00000000;0,00000000;0,00000000;0,00000000;20251113
83;1O;08879;US0304201033;AMERICAN WATER WORKS CO INC;USD;NEW YORK;111111;201;O;35087,000;0,000;0,000;0,000;125,3418;120,5666;4397869,4210;4230322,70;1,039606;131,4600;112,9284;4612537,0200;3962320,26;4612537,0200;3962320,26;129,7700;4,881;11,975;-6,335;0,523;0,405;0,205;1,302;0,206;0,000;0,000;0,0000;0,00;;;;DUSD;N069000;T300;;099795      AMERICAN WATER WORKS CO INC;125,34184800;120,56666856;131,46000000;112,92844257;129,77000000;35087,00000000;0,00000000;0,00000000;0,00000000;0,00000000;20251113
83;1O;00530;US0758871091;BECTON DICKINSON;USD;NEW YORK;111111;201;O;23518,000;0,000;0,000;0,000;226,8700;219,0710;5335528,6600;5152113,42;1,035600;193,0400;165,8276;4539914,7200;3899935,33;4539914,7200;3899935,33;192,1200;-14,912;12,408;-24,304;0,515;0,398;0,202;0,479;0,203;0,000;0,000;0,0000;0,00;;;;DUSD;N069000;T300;;099798      BECTON DICKINSON;226,87000000;219,07106981;193,04000000;165,82767803;192,12000000;23518,00000000;0,00000000;0,00000000;0,00000000;0,00000000;20251113
83;1O;03366;US3021301094;EXPEDITORS INTL WASH INC.;USD;NEW YORK;111111;201;O;32090,000;0,000;0,000;0,000;110,5876;106,4272;3548756,0850;3415249,51;1,039091;138,4400;118,9244;4442539,6000;3816286,92;4442539,6000;3816286,92;140,6800;25,186;12,031;11,743;0,504;0,390;0,198;-1,592;0,198;0,000;0,000;0,0000;0,00;;;;DUSD;N069000;T300;;099802      EXPEDITORS INTL WASH INC.;110,58760003;106,42722062;138,44000000;118,92449102;140,68000000;32090,00000000;0,00000000;0,00000000;0,00000000;0,00000000;20251113
83;1O;08129;US90384S3031;ULTA BEAUTY INC;USD;OTC;111111;201;O;8269,000;0,000;0,000;0,000;508,0789;436,4655;4201304,5300;3609133,81;1,164076;533,8700;458,6118;4414571,0300;3792261,00;4414571,0300;3792261,00;535,4000;5,076;0,002;5,074;0,500;0,387;0,196;-0,286;0,197;0,000;0,000;0,0000;0,00;;;;DUSD;N069000;T300;;099804      ULTA BEAUTY INC;508,07891280;436,46557141;533,87000000;458,61180310;535,40000000;8269,00000000;0,00000000;0,00000000;0,00000000;0,00000000;20251113
83;1O;00104;US4595061015;INTERNATIONAL FLAVORS & FRAGRANCES INC.;USD;NEW YORK;111111;201;O;62979,000;0,000;0,000;0,000;82,2212;77,2594;5178211,2430;4865724,16;1,064222;67,4300;57,9245;4246673,9700;3648031,93;4246673,9700;3648031,93;65,4100;-17,990;9,385;-25,026;0,481;0,372;0,189;3,088;0,190;0,000;0,000;0,0000;0,00;;;;DUSD;N069000;T300;;099811      INTERNATIONAL FLAVORS & FRAGRANCES INC.;82,22123633;77,25946998;67,43000000;57,92457692;65,41000000;62979,00000000;0,00000000;0,00000000;0,00000000;0,00000000;20251113
83;1O;33782;US24703L2025;DELL TECHS-ORD SHS CL C;USD;NEW YORK;111111;201;O;31241,000;0,000;0,000;0,000;128,7654;116,8544;4022762,3070;3650650,32;1,101930;133,9400;115,0588;4184419,5400;3594553,34;4184419,5400;3594553,34;140,7100;4,019;5,642;-1,537;0,474;0,367;0,186;-4,811;0,187;0,000;0,000;0,0000;0,00;;;;DUSD;N069000;T300;;099814      DELL TECHS-ORD SHS CL C;128,76547828;116,85446432;133,94000000;115,05884374;140,71000000;31241,00000000;0,00000000;0,00000000;0,00000000;0,00000000;20251113
83;1O;00549;US4180561072;HASBRO INC.;USD;NEW YORK;111111;201;O;52505,000;0,000;0,000;0,000;65,8680;57,9865;3458402,9900;3044585,01;1,135919;78,9000;67,7776;4142644,5000;3558667,21;4142644,5000;3558667,21;79,1300;19,785;2,481;16,885;0,470;0,363;0,184;-0,291;0,185;0,000;0,000;0,0000;0,00;;;;DUSD;N069000;T300;;099816      HASBRO INC.;65,86806951;57,98657289;78,90000000;67,77768232;79,13000000;52505,00000000;0,00000000;0,00000000;0,00000000;0,00000000;20251113
83;1O;00212;US8718291078;SYSCO CORP.;USD;NEW YORK;111111;201;O;55217,000;0,000;0,000;0,000;76,0960;73,2468;4201798,0270;4044469,61;1,038900;75,0700;64,4875;4145140,1900;3560811,09;4145140,1900;3560811,09;75,4200;-1,348;12,051;-11,959;0,470;0,364;0,184;-0,464;0,185;0,000;0,000;0,0000;0,00;;;;DUSD;N069000;T300;;099816      SYSCO CORP.;76,09609408;73,24681909;75,07000000;64,48758697;75,42000000;55217,00000000;0,00000000;0,00000000;0,00000000;0,00000000;20251113
83;1O;00316;US5745991068;MASCO CORP.;USD;NEW YORK;111111;201;O;65904,000;0,000;0,000;0,000;74,9131;69,0597;4937078,0670;4551311,84;1,084759;61,8000;53,0882;4072867,2000;3498726,23;4072867,2000;3498726,23;62,5200;-17,505;7,314;-23,127;0,462;0,357;0,181;-1,152;0,182;0,000;0,000;0,0000;0,00;;;;DUSD;N069000;T300;;099819      MASCO CORP.;74,91317775;69,05972080;61,80000000;53,08822266;62,52000000;65904,00000000;0,00000000;0,00000000;0,00000000;0,00000000;20251113
83;1O;04388;US2533931026;DICK'S SPORTING GOODS INC.;USD;NEW YORK;111111;201;O;18143,000;0,000;0,000;0,000;218,2610;194,8498;3959909,8630;3535161,17;1,120150;220,1000;189,0731;3993274,3000;3430353,32;3993274,3000;3430353,32;222,8600;0,843;3,924;-2,965;0,453;0,350;0,178;-1,238;0,178;0,000;0,000;0,0000;0,00;;;;DUSD;N069000;T300;;099822      DICK'S SPORTING GOODS INC.;218,26102976;194,84986882;220,10000000;189,07310368;222,86000000;18143,00000000;0,00000000;0,00000000;0,00000000;0,00000000;20251113
83;1O;00426;US5951121038;MICRON TECHNOLOGY INC.;USD;OTC;111111;201;O;16924,000;0,000;0,000;0,000;99,0448;87,3622;1676235,4830;1478518,31;1,133727;236,9500;203,5478;4010141,8000;3444843,05;4010141,8000;3444843,05;244,9000;139,235;2,679;132,993;0,455;0,352;0,178;-3,246;0,179;0,000;0,000;0,0000;0,00;;;;DUSD;N069000;T300;;099822      MICRON TECHNOLOGY INC.;99,04487609;87,36222583;236,95000000;203,54780517;244,90000000;16924,00000000;0,00000000;0,00000000;0,00000000;0,00000000;20251113
83;1O;13633;US8923561067;TRACTOR SUPPLY COMPANY;USD;OTC;111111;201;O;66373,000;0,000;0,000;0,000;57,0445;50,7239;3786219,7350;3366699,25;1,124609;56,1800;48,2604;3728835,1400;3203191,43;3728835,1400;3203191,43;55,9800;-1,516;3,512;-4,857;0,423;0,327;0,166;0,357;0,166;0,000;0,000;0,0000;0,00;;;;DUSD;N069000;T300;;099834      TRACTOR SUPPLY COMPANY;57,04457738;50,72392765;56,18000000;48,26045872;55,98000000;66373,00000000;0,00000000;0,00000000;0,00000000;0,00000000;20251113
83;1O;00399;US5184391044;ESTEE LAUDER COMPANIES CLA;USD;NEW YORK;111111;201;O;40539,000;0,000;0,000;0,000;92,0051;78,5329;3729795,3520;3183646,74;1,171548;89,9200;77,2442;3645266,8800;3131403,56;3645266,8800;3131403,56;92,0100;-2,266;-0,636;-1,641;0,413;0,320;0,162;-2,271;0,163;0,000;0,000;0,0000;0,00;;;;DUSD;N069000;T300;;099838      ESTEE LAUDER COMPANIES CLA;92,00511487;78,53293717;89,92000000;77,24422300;92,01000000;40539,00000000;0,00000000;0,00000000;0,00000000;0,00000000;20251113
83;1O;01310;US0865161014;BEST BUY COMPANY INC.;USD;NEW YORK;111111;201;O;45156,000;0,000;0,000;0,000;76,9775;65,5350;3475995,9900;2959301,88;1,174600;76,1800;65,4411;3439984,0800;2955058,91;3439984,0800;2955058,91;77,7100;-1,036;-0,894;-0,143;0,390;0,302;0,153;-1,969;0,154;0,000;0,000;0,0000;0,00;;;;DUSD;N069000;T300;;099847      BEST BUY COMPANY INC.;76,97750000;65,53507573;76,18000000;65,44111330;77,71000000;45156,00000000;0,00000000;0,00000000;0,00000000;0,00000000;20251113
83;1O;00525;US4278661081;HERSHEY CO.;USD;NEW YORK;111111;201;O;19326,000;0,000;0,000;0,000;173,8150;149,8922;3359150,6200;2896818,40;1,159600;178,1400;153,0280;3442733,6400;2957420,87;3442733,6400;2957420,87;178,2600;2,488;0,388;2,092;0,390;0,302;0,153;-0,067;0,154;0,000;0,000;0,0000;0,00;;;;DUSD;N069000;T300;;099847      HERSHEY CO.;173,81509986;149,89229017;178,14000000;153,02809037;178,26000000;19326,00000000;0,00000000;0,00000000;0,00000000;0,00000000;20251113
83;1O;07927;US2538681030;DIGITAL REALTY TRUST INC;USD;NEW YORK;111111;201;O;21440,000;0,000;0,000;0,000;175,3450;168,8442;3759397,6650;3620020,93;1,038502;158,1100;135,8216;3389878,4000;2912016,49;3389878,4000;2912016,49;163,9000;-9,829;12,094;-19,558;0,384;0,297;0,151;-3,533;0,151;0,000;0,000;0,0000;0,00;;;;DUSD;N069000;T300;;099849      DIGITAL REALTY TRUST INC;175,34504034;168,84425979;158,11000000;135,82166480;163,90000000;21440,00000000;0,00000000;0,00000000;0,00000000;0,00000000;20251113
83;1O;23399;US70450Y1038;PAYPAL HOLDINGS INC-W/I;USD;OTC;111111;201;O;50889,000;0,000;0,000;0,000;67,5124;57,3451;3435643,6100;2918239,71;1,177300;65,3300;56,1206;3324578,3700;2855921,63;3324578,3700;2855921,63;67,2000;-3,233;-1,121;-2,135;0,377;0,292;0,148;-2,783;0,148;0,000;0,000;0,0000;0,00;;;;DUSD;N069000;T300;;099852      PAYPAL HOLDINGS INC-W/I;67,51249995;57,34519660;65,33000000;56,12060819;67,20000000;50889,00000000;0,00000000;0,00000000;0,00000000;0,00000000;20251113
83;1O;04293;US12504L1098;CB RICHARD ELLIS GROUP INC. -CL A;USD;NEW YORK;111111;201;O;21370,000;0,000;0,000;0,000;130,5178;125,6391;2789166,5040;2684909,14;1,038831;153,1700;131,5780;3273242,9000;2811822,78;3273242,9000;2811822,78;155,4000;17,356;12,059;4,727;0,371;0,287;0,146;-1,435;0,146;0,000;0,000;0,0000;0,00;;;;DUSD;N069000;T300;;099854      CB RICHARD ELLIS GROUP INC. -CL A;130,51785231;125,63917360;153,17000000;131,57804312;155,40000000;21370,00000000;0,00000000;0,00000000;0,00000000;0,00000000;20251113
83;1O;36719;US52736R1023;LEVI STRAUSS & CO CLASS A;USD;NEW YORK;111111;201;O;143070,000;0,000;0,000;0,000;19,9471;17,2457;2853845,6300;2467345,88;1,156646;21,6600;18,6066;3098896,2000;2662053,26;3098896,2000;2662053,26;21,7600;8,587;0,644;7,891;0,351;0,272;0,138;-0,460;0,138;0,000;0,000;0,0000;0,00;;;;DUSD;N069000;T300;;099862      LEVI STRAUSS & CO CLASS A;19,94719808;17,24572503;21,66000000;18,60664891;21,76000000;143070,00000000;0,00000000;0,00000000;0,00000000;0,00000000;20251113
83;1O;01215;US00846U1016;AGILENT TECHNOLOGIES INC.;USD;NEW YORK;111111;201;O;20020,000;0,000;0,000;0,000;134,3400;129,7219;2689486,8000;2597032,45;1,035600;146,8900;126,1833;2940737,8000;2526190,02;2940737,8000;2526190,02;151,5200;9,342;12,408;-2,728;0,333;0,258;0,131;-3,056;0,131;0,000;0,000;0,0000;0,00;;;;DUSD;N069000;T300;;099869      AGILENT TECHNOLOGIES INC.;134,34000000;129,72190059;146,89000000;126,18331758;151,52000000;20020,00000000;0,00000000;0,00000000;0,00000000;0,00000000;20251113
83;1O;09755;US92276F1003;VENTAS INC;USD;NEW YORK;111111;201;O;37749,000;0,000;0,000;0,000;59,2186;56,9667;2235445,7520;2150438,58;1,039530;77,2400;66,3516;2915732,7600;2504709,87;2915732,7600;2504709,87;76,9000;30,432;11,983;16,474;0,331;0,256;0,130;0,442;0,130;0,000;0,000;0,0000;0,00;;;;DUSD;N069000;T300;;099870      VENTAS INC;59,21867472;56,96676945;77,24000000;66,35168799;76,90000000;37749,00000000;0,00000000;0,00000000;0,00000000;0,00000000;20251113
83;1O;02976;US9884981013;YUM BRANDS INC.;USD;NEW YORK;111111;201;O;18846,000;0,000;0,000;0,000;145,5700;125,9691;2743412,2200;2374015,42;1,155600;149,7300;128,6229;2821811,5800;2424028,50;2821811,5800;2424028,50;149,3700;2,858;0,736;2,107;0,320;0,247;0,125;0,241;0,126;0,000;0,000;0,0000;0,00;;;;DUSD;N069000;T300;;099875      YUM BRANDS INC.;145,57000000;125,96919346;149,73000000;128,62297053;149,37000000;18846,00000000;0,00000000;0,00000000;0,00000000;0,00000000;20251113
83;1O;07900;US5500211090;LULULEMON ATHLETICA INC;USD;OTC;111111;201;O;16273,000;0,000;0,000;0,000;172,5206;148,0229;2807429,3500;2408776,79;1,165500;169,6600;145,7434;2760877,1800;2371683,86;2760877,1800;2371683,86;170,9000;-1,658;-0,120;-1,540;0,313;0,242;0,123;-0,726;0,123;0,000;0,000;0,0000;0,00;;;;DUSD;N069000;T300;;099877      LULULEMON ATHLETICA INC;172,52069993;148,02290849;169,66000000;145,74349282;170,90000000;16273,00000000;0,00000000;0,00000000;0,00000000;0,00000000;20251113
83;1O;32178;US3802371076;GODADDY-ORD SHS CL A;USD;NEW YORK;111111;201;O;20808,000;0,000;0,000;0,000;195,8516;188,5511;4075282,0920;3923373,00;1,038719;131,0700;112,5934;2727304,5600;2342843,88;2727304,5600;2342843,88;132,5300;-33,077;12,071;-40,285;0,309;0,239;0,121;-1,102;0,122;0,000;0,000;0,0000;0,00;;;;DUSD;N069000;T300;;099879      GODADDY-ORD SHS CL A;195,85169607;188,55118223;131,07000000;112,59341980;132,53000000;20808,00000000;0,00000000;0,00000000;0,00000000;0,00000000;20251113
83;1O;08920;US49271V1008;KUERIG DR PEPPER;USD;NEW YORK;111111;201;O;100600,000;0,000;0,000;0,000;29,9020;25,6956;3008141,2000;2584979,98;1,163700;27,0000;23,1938;2716200,0000;2333304,70;2716200,0000;2333304,70;26,9000;-9,705;0,034;-9,736;0,308;0,238;0,121;0,372;0,121;0,000;0,000;0,0000;0,00;;;;DUSD;N069000;T300;;099879      KUERIG DR PEPPER;29,90200000;25,69562604;27,00000000;23,19388368;26,90000000;100600,00000000;0,00000000;0,00000000;0,00000000;0,00000000;20251113
83;1O;09902;US28176E1082;EDWARDS LIFESCIENCES CORP;USD;NEW YORK;111111;201;O;30428,000;0,000;0,000;0,000;74,0300;71,4851;2252584,8400;2175149,52;1,035600;86,1100;73,9713;2620155,0800;2250798,97;2620155,0800;2250798,97;85,5800;16,318;12,408;3,478;0,297;0,230;0,116;0,619;0,117;0,000;0,000;0,0000;0,00;;;;DUSD;N069000;T300;;099884      EDWARDS LIFESCIENCES CORP;74,03000000;71,48512948;86,11000000;73,97130830;85,58000000;30428,00000000;0,00000000;0,00000000;0,00000000;0,00000000;20251113
83;1O;03963;US1273871087;CADENCE DESIGN SYS INC.;USD;OTC;111111;201;O;7464,000;0,000;0,000;0,000;372,5421;316,4377;2780654,9800;2361891,60;1,177300;315,9900;271,4457;2358549,3600;2026071,09;2358549,3600;2026071,09;315,5400;-15,180;-1,121;-14,218;0,267;0,207;0,105;0,143;0,105;0,000;0,000;0,0000;0,00;;;;DUSD;N069000;T300;;099895      CADENCE DESIGN SYS INC.;372,54219989;316,43778135;315,99000000;271,44575208;315,54000000;7464,00000000;0,00000000;0,00000000;0,00000000;0,00000000;20251113
83;1O;05346;US1924461023;COGNIZANT TECH SOLUTIONS A;USD;OTC;111111;201;O;29458,000;0,000;0,000;0,000;76,5781;73,7082;2255838,8160;2171297,89;1,038936;73,5600;63,1904;2166930,4800;1861464,20;2166930,4800;1861464,20;74,2000;-3,941;12,047;-14,270;0,246;0,190;0,096;-0,863;0,097;0,000;0,000;0,0000;0,00;;;;DUSD;N069000;T300;;099904      COGNIZANT TECH SOLUTIONS A;76,57813891;73,70825887;73,56000000;63,19044755;74,20000000;29458,00000000;0,00000000;0,00000000;0,00000000;0,00000000;20251113
83;1O;37182;US45687V1061;INGERSOLL RAND-ORD SHS;USD;NEW YORK;111111;201;O;27653,000;0,000;0,000;0,000;89,3908;86,0799;2471925,3170;2380368,62;1,038463;76,2000;65,4582;2107158,6000;1810118,20;2107158,6000;1810118,20;77,7100;-14,756;12,098;-23,956;0,239;0,185;0,094;-1,943;0,094;0,000;0,000;0,0000;0,00;;;;DUSD;N069000;T300;;099906      INGERSOLL RAND-ORD SHS;89,39085513;86,07994141;76,20000000;65,45829396;77,71000000;27653,00000000;0,00000000;0,00000000;0,00000000;0,00000000;20251113
83;1O;04020;US0534841012;AVALONBAY COMMUNITIES INC.;USD;NEW YORK;111111;201;O;11021,000;0,000;0,000;0,000;218,6676;210,4946;2409936,3500;2319861,52;1,038828;176,9800;152,0316;1950496,5800;1675540,40;1950496,5800;1675540,40;178,0500;-19,064;12,059;-27,774;0,221;0,171;0,087;-0,601;0,087;0,000;0,000;0,0000;0,00;;;;DUSD;N069000;T300;;099913      AVALONBAY COMMUNITIES INC.;218,66766627;210,49464839;176,98000000;152,03161240;178,05000000;11021,00000000;0,00000000;0,00000000;0,00000000;0,00000000;20251113
83;1O;02074;US98956P1021;ZIMMER HOLDINGS INC.;USD;NEW YORK;111111;201;O;21185,000;0,000;0,000;0,000;105,6300;101,9988;2237771,5500;2160845,46;1,035600;90,5700;77,8025;1918725,4500;1648247,96;1918725,4500;1648247,96;90,0300;-14,257;12,408;-23,722;0,218;0,168;0,085;0,600;0,086;0,000;0,000;0,0000;0,00;;;;DUSD;N069000;T300;;099915      ZIMMER HOLDINGS INC.;105,63000000;101,99884163;90,57000000;77,80259427;90,03000000;21185,00000000;0,00000000;0,00000000;0,00000000;0,00000000;20251113
83;1O;03754;US09062X1037;BIOGEN  INC.;USD;OTC;111111;201;O;7214,000;0,000;0,000;0,000;152,9200;147,6631;1103164,8800;1065242,25;1,035600;164,7300;141,5084;1188362,2200;1020842,04;1188362,2200;1020842,04;161,4800;7,723;12,408;-4,168;0,135;0,104;0,053;2,013;0,053;0,000;0,000;0,0000;0,00;;;;DUSD;N069000;T300;;099947      BIOGEN  INC.;152,92000000;147,66318963;164,73000000;141,50846147;161,48000000;7214,00000000;0,00000000;0,00000000;0,00000000;0,00000000;20251113
83;1O;06332;US48020Q1076;JONES LANG LASALLE INC;USD;NEW YORK;111111;201;O;3221,000;0,000;0,000;0,000;250,1807;240,6370;805832,1440;775091,96;1,039660;301,8800;259,3248;972355,4800;835285,18;972355,4800;835285,18;307,2600;20,665;11,969;7,766;0,110;0,085;0,043;-1,751;0,043;0,000;0,000;0,0000;0,00;;;;DUSD;N069000;T300;;099957      JONES LANG LASALLE INC;250,18073393;240,63705681;301,88000000;259,32480027;307,26000000;3221,00000000;0,00000000;0,00000000;0,00000000;0,00000000;20251113
83;1O;00814;US1011211018;BOSTON PROPERTIES INC.;USD;NEW YORK;111111;201;O;9838,000;0,000;0,000;0,000;73,2524;70,4741;720658,0050;693324,20;1,039424;70,8000;60,8195;696530,4000;598342,41;696530,4000;598342,41;71,6500;-3,348;11,995;-13,699;0,079;0,061;0,031;-1,186;0,031;0,000;0,000;0,0000;0,00;;;;DUSD;N069000;T300;;099969      BOSTON PROPERTIES INC.;73,25249085;70,47410042;70,80000000;60,81951722;71,65000000;9838,00000000;0,00000000;0,00000000;0,00000000;0,00000000;20251113
83;1O;03392;CH0013841017;LONZA GROUP AG-REG;CHF;VIRTX;111111;201;O;20350,000;0,000;0,000;0,000;534,0800;569,2995;10868528,0200;11585245,82;0,938135;552,6000;598,6350;11245410,0000;12182222,94;11245410,0000;12182222,94;554,6000;3,468;-1,603;5,153;44,057;1,244;0,630;-0,361;0,633;0,000;0,000;0,0000;0,00;;;;DCHF;N071000;T300;;099370      LONZA GROUP AG-REG;534,08000098;569,29954889;552,60000000;598,63503412;554,60000000;20350,00000000;0,00000000;0,00000000;0,00000000;0,00000000;20251113
83;1O;01930;CH0012221716;ABB LTD - NOM;CHF;VIRTX;111111;201;O;106546,000;0,000;0,000;0,000;58,6011;62,8104;6243722,1300;6692204,60;0,932984;56,1600;60,8384;5983623,3600;6482096,59;5983623,3600;6482096,59;57,4200;-4,166;-1,059;-3,140;23,442;0,662;0,335;-2,194;0,337;0,000;0,000;0,0000;0,00;;;;DCHF;N071000;T300;;099665      ABB LTD - NOM;58,60118756;62,81047247;56,16000000;60,83847903;57,42000000;106546,00000000;0,00000000;0,00000000;0,00000000;0,00000000;20251113
83;1O;01931;CH0012005267;NOVARTIS AG - NOM.;CHF;VIRTX;111111;201;O;48723,000;0,000;0,000;0,000;101,4821;108,2592;4944517,2300;5274714,35;0,937400;105,7400;114,5488;5151970,0200;5581161,33;5151970,0200;5581161,33;104,7000;4,196;-1,525;5,810;20,184;0,570;0,289;0,993;0,290;0,000;0,000;0,0000;0,00;;;;DCHF;N071000;T300;;099711      NOVARTIS AG - NOM.;101,48219998;108,25922767;105,74000000;114,54880294;104,70000000;48723,00000000;0,00000000;0,00000000;0,00000000;0,00000000;20251113
83;1O;39064;CH0025751329;LOGITECH INTL SA;USD;OTC;111111;201;O;83127,000;0,000;0,000;0,000;82,3500;79,5191;6845508,4500;6610185,84;1,035600;118,5900;101,8726;9858030,9300;8468371,21;9858030,9300;8468371,21;121,1300;44,007;12,408;28,111;1,118;0,865;0,438;-2,097;0,440;0,000;0,000;0,0000;0,00;;;;DUSD;N071000;T300;;099562      LOGITECH INTL SA;82,35000000;79,51911942;118,59000000;101,87269134;121,13000000;83127,00000000;0,00000000;0,00000000;0,00000000;0,00000000;20251113
83;1O;60381;IE000IVNQZ81;TE CONNECTIVITY PLC;USD;NEW YORK;111111;201;O;22152,000;0,000;0,000;0,000;142,9700;138,0552;3167071,4400;3058199,54;1,035600;236,2800;202,9722;5234074,5600;4496241,35;5234074,5600;4496241,35;246,3200;65,265;12,408;47,022;0,593;0,459;0,233;-4,076;0,234;0,000;0,000;0,0000;0,00;;;;DUSD;N071000;T300;;099767      TE CONNECTIVITY PLC;142,97000000;138,05523383;236,28000000;202,97225324;246,32000000;22152,00000000;0,00000000;0,00000000;0,00000000;0,00000000;20251113
83;1O;00872;KR7000660001;SK HYNIX INC.;KRW;SEOUL;111111;201;O;13444,000;0,000;0,000;0,000;354762,8433;216,8825;4769431666,0000;2915768,37;1635,737501;612000,0000;358,0521;8227728000,0000;4813653,72;8227728000,0000;4813653,72;617000,0000;72,510;4,494;65,090;65,649;0,491;0,249;-0,810;0,250;0,000;0,000;0,0000;0,00;;;;DKRW;N084000;T300;;099751      SK HYNIX INC.;354762,84335019;216,88250297;612000,00000000;358,05219605;617000,00000000;13444,00000000;0,00000000;0,00000000;0,00000000;0,00000000;20251113
83;1O;02748;KR7066570003;LG ELECTRONICS INC.;KRW;SEOUL;111111;201;O;46543,000;0,000;0,000;0,000;82665,8185;54,0497;3847515191,0040;2515639,43;1529,438259;92500,0000;54,1173;4305227500,0000;2518784,58;4305227500,0000;2518784,58;92900,0000;11,896;11,757;0,125;34,351;0,257;0,130;-0,431;0,131;0,000;0,000;0,0000;0,00;;;;DKRW;N084000;T300;;099870      LG ELECTRONICS INC.;82665,81851200;54,04979116;92500,00000000;54,11736623;92900,00000000;46543,00000000;0,00000000;0,00000000;0,00000000;0,00000000;20251113
83;1O;09635;JP3651210001;NABTESCO CORP;JPY;TOKYO;111111;201;O;483100,000;0,000;0,000;0,000;2779,1256;17,0766;1342595586,2590;8249752,41;162,743743;3537,0000;19,7042;1708724700,0000;9519134,93;1708724700,0000;9519134,93;3574,0000;27,270;10,299;15,387;8,406;0,972;0,493;-1,035;0,495;0,000;0,000;0,0000;0,00;;;;DJPY;N088000;T300;;099507      NABTESCO CORP;2779,12561842;17,07669718;3537,00000000;19,70427432;3574,00000000;483100,00000000;0,00000000;0,00000000;0,00000000;0,00000000;20251113
83;1O;00664;JP3266400005;KUBOTA CORP.;JPY;TOKYO;111111;201;O;682400,000;0,000;0,000;0,000;1695,2786;10,1564;1156858118,3200;6930759,46;166,916501;2104,5000;11,7239;1436110800,0000;8000430,07;1436110800,0000;8000430,07;2112,5000;24,139;7,541;15,434;7,065;0,817;0,414;-0,379;0,416;0,000;0,000;0,0000;0,00;;;;DJPY;N088000;T300;;099586      KUBOTA CORP.;1695,27860246;10,15644704;2104,50000000;11,72395966;2112,50000000;682400,00000000;0,00000000;0,00000000;0,00000000;0,00000000;20251113
83;1O;00810;JP3205800000;KAO CORP.;JPY;TOKYO;111111;201;O;218000,000;0,000;0,000;0,000;6346,2162;39,3910;1383475132,9000;8587257,30;161,107917;6548,0000;36,4782;1427464000,0000;7952259,61;1427464000,0000;7952259,61;6609,0000;3,180;11,419;-7,395;7,022;0,812;0,412;-0,923;0,413;0,000;0,000;0,0000;0,00;;;;DJPY;N088000;T300;;099588      KAO CORP.;6346,21620596;39,39108853;6548,00000000;36,47825510;6609,00000000;218000,00000000;0,00000000;0,00000000;0,00000000;0,00000000;20251113
83;1O;00117;JP3270000007;KURITA WATER INDUSTRIES LTD.;JPY;TOKYO;111111;201;O;222200,000;0,000;0,000;0,000;5317,0391;32,2363;1181446098,1010;7162924,60;164,939067;6433,0000;35,8376;1429412600,0000;7963115,07;1429412600,0000;7963115,07;6514,0000;20,988;8,831;11,171;7,032;0,813;0,412;-1,243;0,414;0,000;0,000;0,0000;0,00;;;;DJPY;N088000;T300;;099588      KURITA WATER INDUSTRIES LTD.;5317,03914536;32,23638433;6433,00000000;35,83760157;6514,00000000;222200,00000000;0,00000000;0,00000000;0,00000000;0,00000000;20251113
83;1O;00196;JP3435000009;SONY CORP.;JPY;TOKYO;111111;201;O;286300,000;0,000;0,000;0,000;3206,4169;19,7801;917997165,9040;5663055,80;162,102794;4669,0000;26,0105;1336734700,0000;7446815,73;1336734700,0000;7446815,73;4686,0000;45,614;10,735;31,498;6,576;0,760;0,385;-0,363;0,387;0,000;0,000;0,0000;0,00;;;;DJPY;N088000;T300;;099615      SONY CORP.;3206,41692596;19,78014600;4669,00000000;26,01053345;4686,00000000;286300,00000000;0,00000000;0,00000000;0,00000000;0,00000000;20251113
83;1O;00163;JP3190000004;OBAYASHI CORP.;JPY;TOKYO;111111;201;O;415100,000;0,000;0,000;0,000;2086,6174;12,8232;866154914,9680;5322948,03;162,720904;2883,0000;16,0609;1196733300,0000;6666881,89;1196733300,0000;6666881,89;2847,0000;38,166;10,314;25,248;5,887;0,681;0,345;1,264;0,347;0,000;0,000;0,0000;0,00;;;;DJPY;N088000;T300;;099655      OBAYASHI CORP.;2086,61747763;12,82329084;2883,00000000;16,06090553;2847,00000000;415100,00000000;0,00000000;0,00000000;0,00000000;0,00000000;20251113
83;1O;00433;JP3596200000;TOTO LTD.;JPY;TOKYO;111111;201;O;302300,000;0,000;0,000;0,000;3824,9281;23,3597;1156275767,0000;7061649,95;163,740171;3862,0000;21,5148;1167482600,0000;6503929,16;1167482600,0000;6503929,16;3891,0000;0,969;9,627;-7,898;5,743;0,664;0,337;-0,745;0,338;0,000;0,000;0,0000;0,00;;;;DJPY;N088000;T300;;099663      TOTO LTD.;3824,92810784;23,35974181;3862,00000000;21,51481692;3891,00000000;302300,00000000;0,00000000;0,00000000;0,00000000;0,00000000;20251113
83;1O;00144;JP3914400001;MURATA MANUFACTURING CO.LTD.;JPY;TOKYO;111111;201;O;345200,000;0,000;0,000;0,000;2484,4940;15,1507;857647337,5550;5230026,06;163,985290;3169,0000;17,6541;1093938800,0000;6094223,98;1093938800,0000;6094223,98;3161,0000;27,551;9,464;16,524;5,381;0,622;0,315;0,253;0,317;0,000;0,000;0,0000;0,00;;;;DJPY;N088000;T300;;099685      MURATA MANUFACTURING CO.LTD.;2484,49402536;15,15071280;3169,00000000;17,65418302;3161,00000000;345200,00000000;0,00000000;0,00000000;0,00000000;0,00000000;20251113
83;1O;00447;JP3571400005;TOKYO ELECTRON LTD.;JPY;TOKYO;111111;201;O;29900,000;0,000;0,000;0,000;27438,8316;157,0074;820421067,0000;4694523,71;174,761300;33910,0000;188,9092;1013909000,0000;5648385,94;1013909000,0000;5648385,94;33660,0000;23,584;2,714;20,319;4,988;0,577;0,292;0,743;0,294;0,000;0,000;0,0000;0,00;;;;DJPY;N088000;T300;;099708      TOKYO ELECTRON LTD.;27438,83167224;157,00748194;33910,00000000;188,90922886;33660,00000000;29900,00000000;0,00000000;0,00000000;0,00000000;0,00000000;20251113
83;1O;00216;JP3538800008;TDK CORP.;JPY;TOKYO;111111;201;O;394400,000;0,000;0,000;0,000;1808,7858;11,1283;713385155,2190;4389010,70;162,538942;2553,0000;14,2225;1006903200,0000;5609357,33;1006903200,0000;5609357,33;2569,0000;41,144;10,438;27,805;4,953;0,573;0,290;-0,623;0,292;0,000;0,000;0,0000;0,00;;;;DJPY;N088000;T300;;099710      TDK CORP.;1808,78589051;11,12832327;2553,00000000;14,22250844;2569,00000000;394400,00000000;0,00000000;0,00000000;0,00000000;0,00000000;20251113
83;1O;00096;JP3854600008;HONDA MOTOR CO.;JPY;TOKYO;111111;201;O;606700,000;0,000;0,000;0,000;1542,1196;9,1386;935603994,8830;5544410,29;168,747251;1565,0000;8,7184;949485500,0000;5289489,05;949485500,0000;5289489,05;1544,5000;1,484;6,375;-4,598;4,671;0,540;0,274;1,327;0,275;0,000;0,000;0,0000;0,00;;;;DJPY;N088000;T300;;099726      HONDA MOTOR CO.;1542,11965532;9,13863571;1565,00000000;8,71845895;1544,50000000;606700,00000000;0,00000000;0,00000000;0,00000000;0,00000000;20251113
83;1O;03334;JP3148800000;IBIDEN CO. LTD.;JPY;TOKYO;111111;201;O;66228,000;0,000;0,000;0,000;4502,9904;27,9041;298224049,7300;1848033,84;161,373695;13620,0000;75,8756;902025360,0000;5025093,34;902025360,0000;5025093,34;13705,0000;202,466;11,235;171,916;4,437;0,513;0,260;-0,620;0,261;0,000;0,000;0,0000;0,00;;;;DJPY;N088000;T300;;099740      IBIDEN CO. LTD.;4502,99042293;27,90411668;13620,00000000;75,87566196;13705,00000000;66228,00000000;0,00000000;0,00000000;0,00000000;0,00000000;20251113
83;1O;00251;JP3942400007;ASTELLAS PHARMA INC.;JPY;TOKYO;111111;201;O;448600,000;0,000;0,000;0,000;1523,3641;9,3616;683381162,7240;4199620,52;162,724503;1874,5000;10,4426;840900700,0000;4684573,95;840900700,0000;4684573,95;1854,0000;23,050;10,312;11,548;4,137;0,478;0,242;1,106;0,243;0,000;0,000;0,0000;0,00;;;;DJPY;N088000;T300;;099758      ASTELLAS PHARMA INC.;1523,36416122;9,36161506;1874,50000000;10,44265259;1854,00000000;448600,00000000;0,00000000;0,00000000;0,00000000;0,00000000;20251113
83;1O;00037;JP3830800003;BRIDGESTONE CORP.;JPY;TOKYO;111111;201;O;114600,000;0,000;0,000;0,000;6472,4273;37,4968;741740174,4670;4297143,59;172,612378;7250,0000;40,3890;830850000,0000;4628582,51;830850000,0000;4628582,51;7210,0000;12,014;3,993;7,713;4,087;0,473;0,240;0,555;0,241;0,000;0,000;0,0000;0,00;;;;DJPY;N088000;T300;;099760      BRIDGESTONE CORP.;6472,42735137;37,49688996;7250,00000000;40,38902710;7210,00000000;114600,00000000;0,00000000;0,00000000;0,00000000;0,00000000;20251113
83;1O;00618;JP3358800005;SHIMIZU CORP.;JPY;TOKYO;111111;201;O;307700,000;0,000;0,000;0,000;1252,5000;7,6946;385394250,0000;2367641,44;162,775597;2515,0000;14,0108;773865500,0000;4311127,54;773865500,0000;4311127,54;2361,5000;100,798;10,277;82,085;3,807;0,440;0,223;6,500;0,224;0,000;0,000;0,0000;0,00;;;;DJPY;N088000;T300;;099777      SHIMIZU CORP.;1252,50000000;7,69464231;2515,00000000;14,01081423;2361,50000000;307700,00000000;0,00000000;0,00000000;0,00000000;0,00000000;20251113
83;1O;00148;JP3733000008;NEC CORP.;JPY;TOKYO;111111;201;O;126400,000;0,000;0,000;0,000;4988,1755;28,2773;630505395,0000;3574263,23;176,401500;5990,0000;33,3696;757136000,0000;4217929,16;757136000,0000;4217929,16;5880,0000;20,084;1,759;18,008;3,725;0,431;0,218;1,871;0,219;0,000;0,000;0,0000;0,00;;;;DJPY;N088000;T300;;099782      NEC CORP.;4988,17559335;28,27739897;5990,00000000;33,36969274;5880,00000000;126400,00000000;0,00000000;0,00000000;0,00000000;0,00000000;20251113
83;1O;05704;JP3475350009;DAIICHI SANKYO CO LTD;JPY;TOKYO;111111;201;O;159900,000;0,000;0,000;0,000;4293,9033;26,3866;686595147,2330;4219224,16;162,730190;3425,0000;19,0803;547657500,0000;3050945,33;547657500,0000;3050945,33;3465,0000;-20,236;10,308;-27,689;2,694;0,311;0,158;-1,154;0,159;0,000;0,000;0,0000;0,00;;;;DJPY;N088000;T300;;099842      DAIICHI SANKYO CO LTD;4293,90335980;26,38664265;3425,00000000;19,08033349;3465,00000000;159900,00000000;0,00000000;0,00000000;0,00000000;0,00000000;20251113
83;1O;05558;JP3118000003;ASICS CORP;JPY;TOKYO;111111;201;O;130000,000;0,000;0,000;0,000;4021,9136;22,6868;522848768,0000;2949287,30;177,279700;3856,0000;21,4813;501280000,0000;2792580,90;501280000,0000;2792580,90;3791,0000;-4,125;1,255;-5,313;2,466;0,285;0,145;1,715;0,145;0,000;0,000;0,0000;0,00;;;;DJPY;N088000;T300;;099855      ASICS CORP;4021,91360000;22,68682538;3856,00000000;21,48139152;3791,00000000;130000,00000000;0,00000000;0,00000000;0,00000000;0,00000000;20251113
83;1O;03500;JP3164720009;RENEAS  ELECTRONICS CORP.;JPY;TOKYO;111111;201;O;169300,000;0,000;0,000;0,000;2046,5000;12,5725;346472450,0000;2128528,18;162,775599;2013,0000;11,2142;340800900,0000;1898567,83;340800900,0000;1898567,83;1943,5000;-1,637;10,277;-10,804;1,676;0,194;0,098;3,576;0,099;0,000;0,000;0,0000;0,00;;;;DJPY;N088000;T300;;099902      RENEAS  ELECTRONICS CORP.;2046,50000000;12,57252321;2013,00000000;11,21422228;1943,50000000;169300,00000000;0,00000000;0,00000000;0,00000000;0,00000000;20251113
83;1O;01057;JP3937200008;YAMATAKE CORP.;JPY;TOKYO;111111;201;O;224700,000;0,000;0,000;0,000;1219,0147;7,4928;273912621,0000;1683641,44;162,690591;1493,0000;8,3173;335477100,0000;1868909,47;335477100,0000;1868909,47;1504,5000;22,476;10,335;11,004;1,650;0,191;0,097;-0,764;0,097;0,000;0,000;0,0000;0,00;;;;DJPY;N088000;T300;;099903      YAMATAKE CORP.;1219,01477970;7,49284130;1493,00000000;8,31735413;1504,50000000;224700,00000000;0,00000000;0,00000000;0,00000000;0,00000000;20251113
83;1O;00901;JP3976300008;RYOHIN KEIKAKU CO.LTD.;JPY;TOKYO;111111;201;O;91400,000;0,000;0,000;0,000;3356,9365;18,7057;306824005,0000;1709709,79;179,459699;3305,0000;18,4118;302077000,0000;1682840,85;302077000,0000;1682840,85;3340,0000;-1,547;0,025;-1,572;1,486;0,172;0,087;-1,048;0,087;0,000;0,000;0,0000;0,00;;;;DJPY;N088000;T300;;099913      RYOHIN KEIKAKU CO.LTD.;3356,93659737;18,70579638;3305,00000000;18,41182546;3340,00000000;91400,00000000;0,00000000;0,00000000;0,00000000;0,00000000;20251113
83;1O;17960;JP3351100007;SYSMEX CORP;JPY;TOKYO;111111;201;O;151800,000;0,000;0,000;0,000;2916,5000;17,9173;442724700,0000;2719846,83;162,775600;1588,5000;8,8493;241134300,0000;1343335,14;241134300,0000;1343335,14;1616,0000;-45,534;10,277;-50,610;1,186;0,137;0,070;-1,702;0,070;0,000;0,000;0,0000;0,00;;;;DJPY;N088000;T300;;099930      SYSMEX CORP;2916,50000000;17,91730454;1588,50000000;8,84937511;1616,00000000;151800,00000000;0,00000000;0,00000000;0,00000000;0,00000000;20251113
83;1O;00192;JP3351600006;SHISEIDO CO.;JPY;TOKYO;111111;201;O;17200,000;0,000;0,000;0,000;2786,5000;17,1186;47927800,0000;294440,94;162,775598;2675,0000;14,9021;46010000,0000;256317,12;46010000,0000;256317,12;2701,5000;-4,001;10,277;-12,948;0,226;0,026;0,013;-0,981;0,013;0,000;0,000;0,0000;0,00;;;;DJPY;N088000;T300;;099987      SHISEIDO CO.;2786,50000000;17,11865930;2675,00000000;14,90215827;2701,50000000;17200,00000000;0,00000000;0,00000000;0,00000000;0,00000000;20251113
83;1O;01571;HK0066009694;MTR CORP.;HKD;HONG KONG;111111;201;O;2465748,000;0,000;0,000;0,000;26,9592;3,3387;66474735,8030;8232492,57;8,074679;30,6800;3,3917;75649148,6400;8363180,44;75649148,6400;8363180,44;30,4600;13,801;12,023;1,587;35,472;0,854;0,433;0,722;0,435;0,000;0,000;0,0000;0,00;;;;DHKD;N103000;T300;;099567      MTR CORP.;26,95925771;3,33874044;30,68000000;3,39174175;30,46000000;2465748,00000000;0,00000000;0,00000000;0,00000000;0,00000000;20251113
83;1O;01620;HK0992009065;LENOVO GROUP LTD.;HKD;HONG KONG;111111;201;O;5582000,000;0,000;0,000;0,000;9,9711;1,2353;55659188,4060;6895613,99;8,071680;10,8600;1,2005;60620520,0000;6701732,35;60620520,0000;6701732,35;10,9900;8,914;12,065;-2,812;28,425;0,684;0,347;-1,183;0,348;0,000;0,000;0,0000;0,00;;;;DHKD;N103000;T300;;099653      LENOVO GROUP LTD.;9,97119104;1,23533034;10,86000000;1,20059698;10,99000000;5582000,00000000;0,00000000;0,00000000;0,00000000;0,00000000;20251113
83;1O;03896;HK0688002218;CHINA OVERSEAS LAND & INVESTMENT LTD;HKD;HONG KONG;111111;201;O;3661000,000;0,000;0,000;0,000;12,4546;1,5416;45596477,2300;5643984,45;8,078774;13,8700;1,5333;50778070,0000;5613627,77;50778070,0000;5613627,77;13,6700;11,364;11,966;-0,538;23,810;0,573;0,291;1,463;0,292;0,000;0,000;0,0000;0,00;;;;DHKD;N103000;T300;;099709      CHINA OVERSEAS LAND & INVESTMENT LTD;12,45465097;1,54165103;13,87000000;1,53335912;13,67000000;3661000,00000000;0,00000000;0,00000000;0,00000000;0,00000000;20251113
83;1O;00211;HK0019000162;SWIRE PACIFIC LTD. CLA;HKD;HONG KONG;111111;201;O;312741,000;0,000;0,000;0,000;70,0305;8,6738;21901420,3860;2712652,91;8,073801;71,0000;7,8492;22204611,0000;2454768,78;22204611,0000;2454768,78;70,0000;1,384;12,035;-9,507;10,412;0,251;0,127;1,429;0,128;0,000;0,000;0,0000;0,00;;;;DHKD;N103000;T300;;099873      SWIRE PACIFIC LTD. CLA;70,03053768;8,67380007;71,00000000;7,84920678;70,00000000;312741,00000000;0,00000000;0,00000000;0,00000000;0,00000000;20251113
83;2;00001;;LIQUIDITA';EUR;;;610;;0,000;0,000;0,000;0,000;0,0000;0,0000;0,0000;0,00;0,000000;0,0000;0,0000;0,0000;3847727,44;0,0000;3847727,44;0,0000;0,000;0,000;0,000;0,000;0,000;0,199;0,000;0,200;0,000;0,000;0,0000;0,00;2;;;;;;;;0,00000000;0,00000000;0,00000000;0,00000000;0,00000000;0,00000000;0,00000000;0,00000000;0,00000000;0,00000000;20251113
83;2;00002;;LIQUIDITA' A SCADERE;EUR;;;620;;0,000;0,000;0,000;0,000;0,0000;0,0000;0,0000;0,00;0,000000;0,0000;0,0000;0,0000;4179424,00;0,0000;4179424,00;0,0000;0,000;0,000;0,000;0,000;0,000;0,216;0,000;0,217;0,000;0,000;0,0000;0,00;3;;;;;;;;0,00000000;0,00000000;0,00000000;0,00000000;0,00000000;0,00000000;0,00000000;0,00000000;0,00000000;0,00000000;20251113
83;2;00016;;GIACENZE DI DOLLARI AUSTRALIANI      AUD;AUD;;;621;;19317371,060;0,000;0,000;0,000;0,0000;0,5755;19317371,0600;11118482,66;1,737411;0,0000;1,7770;19317371,0600;10870777,19;19317371,0600;10870777,19;0,0000;0,000;0,000;0,000;0,000;0,000;0,563;0,000;0,565;0,000;0,000;0,0000;0,00;3AUD1;;;;;;;;0,00000000;0,57556914;0,00000000;1,77700000;0,00000000;19317371,06000000;0,00000000;0,00000000;0,00000000;0,00000000;20251113
83;2;00009;;GIACENZE DI DOLLARI CANADESI         CAD;CAD;;;621;;47402861,550;0,000;0,000;0,000;0,0000;0,6706;47402861,5500;31788713,23;1,491185;0,0000;1,6311;47402861,5500;29061897,83;47402861,5500;29061897,83;0,0000;0,000;0,000;0,000;0,000;0,000;1,504;0,000;1,511;0,000;0,000;0,0000;0,00;3CAD1;;;;;;;;0,00000000;0,67060747;0,00000000;1,63110000;0,00000000;47402861,55000000;0,00000000;0,00000000;0,00000000;0,00000000;20251113
83;2;00007;;GIACENZE DI FRANCHI SVIZZERI         CHF;CHF;;;621;;6143908,740;0,000;0,000;0,000;0,0000;1,0729;6143908,7400;6592391,53;0,931970;0,0000;0,9231;6143908,7400;6655734,74;6143908,7400;6655734,74;0,0000;0,000;0,000;0,000;0,000;0,000;0,344;0,000;0,346;0,000;0,000;0,0000;0,00;3CHF1;;;;;;;;0,00000000;1,07299633;0,00000000;0,92310000;0,00000000;6143908,74000000;0,00000000;0,00000000;0,00000000;0,00000000;20251113
83;2;00007;;IMPEGNI IN DIVISA FRANCHI SVIZZERI   CHF;CHF;;;622;;-3000000,000;0,000;0,000;0,000;0,0000;1,0821;-3000000,0000;-3246507,30;0,924070;0,0000;0,9231;-3000000,0000;-3249918,75;-3000000,0000;-3249918,75;0,0000;0,000;0,000;0,000;0,000;0,000;-0,168;0,000;-0,169;0,000;0,000;0,0000;0,00;3CHF2;;;;;;;;0,00000000;1,08216910;0,00000000;0,92310000;0,00000000;-3000000,00000000;0,00000000;0,00000000;0,00000000;0,00000000;20251113
83;2;00035;;GIACENZE DI CORONA DANESE            DKK;DKK;;;621;;2370083,140;0,000;0,000;0,000;0,0000;0,1338;2370083,1400;317343,71;7,468505;0,0000;7,4674;2370083,1400;317390,68;2370083,1400;317390,68;0,0000;0,000;0,000;0,000;0,000;0,000;0,016;0,000;0,016;0,000;0,000;0,0000;0,00;3DKK1;;;;;;;;0,00000000;0,13389560;0,00000000;7,46740000;0,00000000;2370083,14000000;0,00000000;0,00000000;0,00000000;0,00000000;20251113
83;2;00006;;GIACENZE DI STERLINE INGLESI         GBP;GBP;;;621;;14685146,750;0,000;0,000;0,000;0,0000;1,1446;14685146,7500;16808811,22;0,873658;0,0000;0,8822;14685146,7500;16646051,63;14685146,7500;16646051,63;0,0000;0,000;0,000;0,000;0,000;0,000;0,861;0,000;0,865;0,000;0,000;0,0000;0,00;3GBP1;;;;;;;;0,00000000;1,14461309;0,00000000;0,88220000;0,00000000;14685146,75000000;0,00000000;0,00000000;0,00000000;0,00000000;20251113
83;2;00014;;GIACENZE DI HONG KONG DOLLAR         HKD;HKD;;;621;;4010211,570;0,000;0,000;0,000;0,0000;0,1125;4010211,5700;451189,16;8,888094;0,0000;9,0455;4010211,5700;443337,74;4010211,5700;443337,74;0,0000;0,000;0,000;0,000;0,000;0,000;0,023;0,000;0,023;0,000;0,000;0,0000;0,00;3HKD1;;;;;;;;0,00000000;0,11251006;0,00000000;9,04550000;0,00000000;4010211,57000000;0,00000000;0,00000000;0,00000000;0,00000000;20251113
83;2;00008;;GIACENZE DI YEN GIAPPONESI           JPY;JPY;;;621;;149062094,000;0,000;0,000;0,000;0,0000;0,0056;149062094,0000;841813,23;177,072644;0,0000;179,5042;149062094,0000;830410,06;149062094,0000;830410,06;0,0000;0,000;0,000;0,000;0,000;0,000;0,043;0,000;0,043;0,000;0,000;0,0000;0,00;3JPY1;;;;;;;;0,00000000;0,00564739;0,00000000;179,50420000;0,00000000;149062094,00000000;0,00000000;0,00000000;0,00000000;0,00000000;20251113
83;2;00008;;IMPEGNI IN DIVISA YEN GIAPPONESI     JPY;JPY;;;622;;-7008099,000;0,000;0,000;0,000;0,0000;0,0051;-7008099,0000;-36338,81;192,854389;0,0000;179,5042;-7008099,0000;-39041,42;-7008099,0000;-39041,42;0,0000;0,000;0,000;0,000;0,000;0,000;-0,002;0,000;-0,002;0,000;0,000;0,0000;0,00;3JPY2;;;;;;;;0,00000000;0,00518525;0,00000000;179,50420000;0,00000000;-7008099,00000000;0,00000000;0,00000000;0,00000000;0,00000000;20251113
83;2;00031;;GIACENZE DI CORONA NORVEGESE         NOK;NOK;;;621;;2460367,030;0,000;0,000;0,000;0,0000;0,0850;2460367,0300;209322,07;11,753978;0,0000;11,6551;2460367,0300;211097,89;2460367,0300;211097,89;0,0000;0,000;0,000;0,000;0,000;0,000;0,011;0,000;0,011;0,000;0,000;0,0000;0,00;3NOK1;;;;;;;;0,00000000;0,08507757;0,00000000;11,65510000;0,00000000;2460367,03000000;0,00000000;0,00000000;0,00000000;0,00000000;20251113
83;2;00011;;GIACENZE DI CORONE SVEDESI           SEK;SEK;;;621;;1424415,140;0,000;0,000;0,000;0,0000;0,0912;1424415,1400;129984,37;10,958357;0,0000;10,9361;1424415,1400;130248,91;1424415,1400;130248,91;0,0000;0,000;0,000;0,000;0,000;0,000;0,007;0,000;0,007;0,000;0,000;0,0000;0,00;3SEK1;;;;;;;;0,00000000;0,09125455;0,00000000;10,93610000;0,00000000;1424415,14000000;0,00000000;0,00000000;0,00000000;0,00000000;20251113
83;2;00022;;GIACENZE DI DOLLARI SINGAPORE        SGD;SGD;;;621;;6801972,450;0,000;0,000;0,000;0,0000;0,7074;6801972,4500;4812365,88;1,413436;0,0000;1,5129;6801972,4500;4495982,85;6801972,4500;4495982,85;0,0000;0,000;0,000;0,000;0,000;0,000;0,233;0,000;0,234;0,000;0,000;0,0000;0,00;3SGD1;;;;;;;;0,00000000;0,70749564;0,00000000;1,51290000;0,00000000;6801972,45000000;0,00000000;0,00000000;0,00000000;0,00000000;20251113
83;2;00001;;GIACENZE DI DOLLARI USA              USD;USD;;;621;;13712698,640;0,000;0,000;0,000;0,0000;0,8674;13712698,6400;11895080,19;1,152804;0,0000;1,1641;13712698,6400;11779656,94;13712698,6400;11779656,94;0,0000;0,000;0,000;0,000;0,000;0,000;0,610;0,000;0,612;0,000;0,000;0,0000;0,00;3USD1;;;;;;;;0,00000000;0,86744998;0,00000000;1,16410000;0,00000000;13712698,64000000;0,00000000;0,00000000;0,00000000;0,00000000;20251113
83;4;;;DIRITTI MATURATI NON RISCOSSI;;;;700;;0,000;0,000;0,000;0,000;0,0000;0,0000;0,0000;0,00;0,000000;0,0000;0,0000;0,0000;7372420,15;0,0000;1480472,06;0,0000;0,000;0,000;0,000;0,000;0,000;0,382;0,000;0,383;0,000;0,000;0,0000;0,00;;;;;;;;;0,00000000;0,00000000;0,00000000;0,00000000;0,00000000;0,00000000;0,00000000;0,00000000;0,00000000;0,00000000;20251113
83;5;;;DEPOSITI MARGINI INIZ.FUTURES;;;;8;;0,000;0,000;0,000;0,000;0,0000;0,0000;0,0000;0,00;0,000000;0,0000;0,0000;0,0000;284462,50;0,0000;284462,50;0,0000;0,000;0,000;0,000;0,000;0,000;0,015;0,000;0,015;0,000;0,000;0,0000;0,00;;;;;;;;;0,00000000;0,00000000;0,00000000;0,00000000;0,00000000;0,00000000;0,00000000;0,00000000;0,00000000;0,00000000;20251113
83;5;;;MARGINI DI VARIAZIONE FUTURES;;;;8;;0,000;0,000;0,000;0,000;0,0000;0,0000;0,0000;0,00;0,000000;0,0000;0,0000;0,0000;0,00;0,0000;0,00;0,0000;0,000;0,000;0,000;0,000;0,000;0,000;0,000;0,000;0,000;0,000;0,0000;0,00;;;;;;;;;0,00000000;0,00000000;0,00000000;0,00000000;0,00000000;0,00000000;0,00000000;0,00000000;0,00000000;0,00000000;20251113
83;5;;;DEPOSITI BANCARI;;;;8;;0,000;0,000;0,000;0,000;0,0000;0,0000;0,0000;0,00;0,000000;0,0000;0,0000;0,0000;0,00;0,0000;0,00;0,0000;0,000;0,000;0,000;0,000;0,000;0,000;0,000;0,000;0,000;0,000;0,0000;0,00;;;;;;;;;0,00000000;0,00000000;0,00000000;0,00000000;0,00000000;0,00000000;0,00000000;0,00000000;0,00000000;0,00000000;20251113
83;9;;;RIMBORSI DA REGOLARE;;;;;;0,000;0,000;0,000;0,000;0,0000;0,0000;0,0000;0,00;0,000000;0,0000;0,0000;0,0000;-3799143,36;0,0000;-3799143,36;0,0000;0,000;0,000;0,000;0,000;0,000;0,000;0,000;0,000;0,000;0,000;0,0000;0,00;;;;;;;;;0,00000000;0,00000000;0,00000000;0,00000000;0,00000000;0,00000000;0,00000000;0,00000000;0,00000000;0,00000000;20251113
88;1I;63384;AT0000A3MUA7;AUSTRIAN T-BILL ZC 2025-27/11/2025;EUR;VIENNA;008000;100;I;17000000,000;0,000;0,000;0,000;99,5065;99,5065;16916118,9400;16916118,94;0,000000;99,9460;99,9460;16918921,3300;16918921,33;16990820,0000;16990820,00;99,9310;0,017;0,000;0,017;14,288;58,557;2,822;0,015;2,833;0,000;0,000;71898,6700;71898,67;;;;DEUR;N008000;T100;;097178      AUSTRIAN T-BILL ZC 2025-27/11/2025;99,50658200;99,50658200;99,94600000;99,94600000;99,93100000;17000000,00000000;0,00000000;0,00000000;0,00000000;0,00000000;20251113
88;1I;63661;AT0000A3MUC3;AUSTRIAN T-BILL ZC   2025-26/03/2026;EUR;VIENNA;008000;100;I;9000000,000;0,000;0,000;0,000;99,0233;99,0233;8912101,8300;8912101,83;0,000000;99,3250;99,3250;8914975,0000;8914975,00;8939250,0000;8939250,00;99,3050;0,032;0,000;0,032;7,517;30,808;1,487;0,020;1,493;0,000;0,000;24275,0000;24275,00;;;;DEUR;N008000;T100;;098513      AUSTRIAN T-BILL ZC   2025-26/03/2026;99,02335370;99,02335370;99,32500000;99,32500000;99,30500000;9000000,00000000;0,00000000;0,00000000;0,00000000;0,00000000;20251113
88;1I;06036;AT0000937503;VOEST ALPINE AG;EUR;VIENNA;008000;201;I;88674,000;0,000;0,000;0,000;20,6393;20,6393;1830172,6300;1830172,63;0,000000;34,8000;34,8000;3085855,2000;3085855,20;3085855,2000;3085855,20;34,7800;68,610;0,000;68,610;2,595;10,635;0,515;0,058;0,517;0,000;0,000;0,0000;0,00;;;;DEUR;N008000;T300;;099485      VOEST ALPINE AG;20,63933768;20,63933768;34,80000000;34,80000000;34,78000000;88674,00000000;0,00000000;0,00000000;0,00000000;0,00000000;20251113
88;1I;27230;BE0974293251;ANHEUSER-BUSCH INBEV;EUR;BRUXELLES;009000;201;I;49514,000;0,000;0,000;0,000;50,6177;50,6177;2506288,1300;2506288,13;0,000000;55,7200;55,7200;2758920,0800;2758920,08;2758920,0800;2758920,08;56,1400;10,080;0,000;10,080;2,320;100,000;0,460;-0,748;0,462;0,000;0,000;0,0000;0,00;;;;DEUR;N009000;T300;;099540      ANHEUSER-BUSCH INBEV;50,61776729;50,61776729;55,72000000;55,72000000;56,14000000;49514,00000000;0,00000000;0,00000000;0,00000000;0,00000000;20251113
88;1I;08457;FI0009000681;NOKIA OYJ;EUR;HELSINKI;028000;201;I;490406,000;0,000;0,000;0,000;4,8359;4,8359;2371559,5300;2371559,53;0,000000;5,9780;5,9780;2931647,0700;2931647,07;2931647,0700;2931647,07;5,9920;23,617;0,000;23,617;2,465;100,000;0,489;-0,234;0,491;0,000;0,000;0,0000;0,00;;;;DEUR;N028000;T300;;099511      NOKIA OYJ;4,83591051;4,83591051;5,97800000;5,97800000;5,99200000;490406,00000000;0,00000000;0,00000000;0,00000000;0,00000000;20251113
88;1I;08436;FR0000120321;L'OREAL;EUR;PARIGI;029000;201;I;10439,000;0,000;0,000;0,000;395,6368;395,6368;4130053,5200;4130053,52;0,000000;359,1000;359,1000;3748644,9000;3748644,90;3748644,9000;3748644,90;356,9000;-9,235;0,000;-9,235;3,152;28,408;0,625;0,616;0,628;0,000;0,000;0,0000;0,00;;;;DEUR;N029000;T300;;099375      L'OREAL;395,63689242;395,63689242;359,10000000;359,10000000;356,90000000;10439,00000000;0,00000000;0,00000000;0,00000000;0,00000000;20251113
88;1I;33385;FR0013154002;SARTORIUS STEDIM BIOTECH;EUR;PARIGI;029000;201;I;18570,000;0,000;0,000;0,000;177,5001;177,5001;3296178,1900;3296178,19;0,000000;193,4500;193,4500;3592366,5000;3592366,50;3592366,5000;3592366,50;194,0000;8,986;0,000;8,986;3,021;27,224;0,599;-0,284;0,602;0,000;0,000;0,0000;0,00;;;;DEUR;N029000;T300;;099401      SARTORIUS STEDIM BIOTECH;177,50017178;177,50017178;193,45000000;193,45000000;194,00000000;18570,00000000;0,00000000;0,00000000;0,00000000;0,00000000;20251113
88;1I;01606;FR0000121667;ESSILOR LUXOTTICA;EUR;PARIGI;029000;201;I;8166,000;0,000;0,000;0,000;257,4360;257,4360;2102222,7200;2102222,72;0,000000;319,9000;319,9000;2612303,4000;2612303,40;2612303,4000;2612303,40;320,7000;24,264;0,000;24,264;2,197;19,797;0,436;-0,249;0,437;0,000;0,000;0,0000;0,00;;;;DEUR;N029000;T300;;099564      ESSILOR LUXOTTICA;257,43604212;257,43604212;319,90000000;319,90000000;320,70000000;8166,00000000;0,00000000;0,00000000;0,00000000;0,00000000;20251113
88;1I;14112;FR0010451203;REXEL SA;EUR;PARIGI;029000;201;I;54415,000;0,000;0,000;0,000;25,6897;25,6897;1397906,0000;1397906,00;0,000000;29,8700;29,8700;1625376,0500;1625376,05;1625376,0500;1625376,05;30,4800;16,272;0,000;16,272;1,367;12,318;0,271;-2,001;0,272;0,000;0,000;0,0000;0,00;;;;DEUR;N029000;T300;;099729      REXEL SA;25,68971790;25,68971790;29,87000000;29,87000000;30,48000000;54415,00000000;0,00000000;0,00000000;0,00000000;0,00000000;20251113
88;1I;06469;FR0010307819;LEGRAND PROMESSES;EUR;PARIGI;029000;201;I;12361,000;0,000;0,000;0,000;131,5319;131,5319;1625866,0500;1625866,05;0,000000;130,8000;130,8000;1616818,8000;1616818,80;1616818,8000;1616818,80;133,6500;-0,556;0,000;-0,556;1,360;12,253;0,270;-2,132;0,271;0,000;0,000;0,0000;0,00;;;;DEUR;N029000;T300;;099730      LEGRAND PROMESSES;131,53191893;131,53191893;130,80000000;130,80000000;133,65000000;12361,00000000;0,00000000;0,00000000;0,00000000;0,00000000;20251113
88;1I;14500;NL0010273215;ASML HLDG NV NEW;EUR;AMSTERDAM;050000;201;I;7281,000;0,000;0,000;0,000;726,6151;726,6151;5290484,6200;5290484,62;0,000000;881,5000;881,5000;6418201,5000;6418201,50;6418201,5000;6418201,50;891,8000;21,316;0,000;21,316;5,397;32,266;1,071;-1,155;1,075;0,000;0,000;0,0000;0,00;;;;DEUR;N050000;T300;;098929      ASML HLDG NV NEW;726,61511056;726,61511056;881,50000000;881,50000000;891,80000000;7281,00000000;0,00000000;0,00000000;0,00000000;0,00000000;20251113
88;1I;35896;NL0013654783;PROSUS;EUR;AMSTERDAM;050000;201;I;57250,000;0,000;0,000;0,000;42,4128;42,4128;2428136,2700;2428136,27;0,000000;62,1800;62,1800;3559805,0000;3559805,00;3559805,0000;3559805,00;61,7200;46,606;0,000;46,606;2,994;17,896;0,594;0,745;0,596;0,000;0,000;0,0000;0,00;;;;DEUR;N050000;T300;;099406      PROSUS;42,41286061;42,41286061;62,18000000;62,18000000;61,72000000;57250,00000000;0,00000000;0,00000000;0,00000000;0,00000000;20251113
88;1I;27009;NL0010801007;IMCD GROUP NV;EUR;AMSTERDAM;050000;201;I;41216,000;0,000;0,000;0,000;128,3203;128,3203;5288849,4900;5288849,49;0,000000;82,0800;82,0800;3383009,2800;3383009,28;3383009,2800;3383009,28;82,1400;-36,035;0,000;-36,035;2,845;17,007;0,564;-0,073;0,566;0,000;0,000;0,0000;0,00;;;;DEUR;N050000;T300;;099436      IMCD GROUP NV;128,32030012;128,32030012;82,08000000;82,08000000;82,14000000;41216,00000000;0,00000000;0,00000000;0,00000000;0,00000000;20251113
88;1I;01895;NL0000226223;STMICROELECTRONICS - MILANO;EUR;MILANO;050000;201;I;149897,000;0,000;0,000;0,000;24,6291;24,6291;3691838,8600;3691838,86;0,000000;20,6400;20,6400;3093874,0800;3093874,08;3093874,0800;3093874,08;20,6750;-16,197;0,000;-16,197;2,602;15,554;0,516;-0,169;0,518;0,000;0,000;0,0000;0,00;;;;DEUR;N050000;T300;;099484      STMICROELECTRONICS - MILANO;24,62917109;24,62917109;20,64000000;20,64000000;20,67500000;149897,00000000;0,00000000;0,00000000;0,00000000;0,00000000;20251113
88;1I;48620;NL0015001KT6;BREMBO N.V.;EUR;MILANO;050000;201;I;225207,000;0,000;0,000;0,000;9,0467;9,0467;2037392,2500;2037392,25;0,000000;9,6400;9,6400;2170995,4800;2170995,48;2170995,4800;2170995,48;9,7350;6,558;0,000;6,558;1,826;10,914;0,362;-0,976;0,364;0,000;0,000;0,0000;0,00;;;;DEUR;N050000;T300;;099638      BREMBO N.V.;9,04675365;9,04675365;9,64000000;9,64000000;9,73500000;225207,00000000;0,00000000;0,00000000;0,00000000;0,00000000;20251113
88;1I;38577;NL0012866412;BE SEMICONDUCTOR INDS-ORD SHS;EUR;AMSTERDAM;050000;201;I;6249,000;0,000;0,000;0,000;144,3943;144,3943;902320,2000;902320,20;0,000000;133,8000;133,8000;836116,2000;836116,20;836116,2000;836116,20;135,3500;-7,337;0,000;-7,337;0,703;4,203;0,139;-1,145;0,140;0,000;0,000;0,0000;0,00;;;;DEUR;N050000;T300;;099861      BE SEMICONDUCTOR INDS-ORD SHS;144,39433509;144,39433509;133,80000000;133,80000000;135,35000000;6249,00000000;0,00000000;0,00000000;0,00000000;0,00000000;20251113
88;1I;40120;NL0010583399;CORBION-ORD SHS;EUR;AMSTERDAM;050000;201;I;23334,000;0,000;0,000;0,000;21,3683;21,3683;498608,4800;498608,48;0,000000;18,4100;18,4100;429578,9400;429578,94;429578,9400;429578,94;18,3000;-13,844;0,000;-13,844;0,361;2,160;0,072;0,601;0,072;0,000;0,000;0,0000;0,00;;;;DEUR;N050000;T300;;099928      CORBION-ORD SHS;21,36832433;21,36832433;18,41000000;18,41000000;18,30000000;23334,00000000;0,00000000;0,00000000;0,00000000;0,00000000;20251113
88;1I;02400;PTEDP0AM0009;ENERGIAS DE PORTUGAL SA;EUR;LISBONA;055000;201;I;71189,000;0,000;0,000;0,000;3,1081;3,1081;221268,2300;221268,23;0,000000;3,8300;3,8300;272653,8700;272653,87;272653,8700;272653,87;3,8260;23,223;0,000;23,223;0,229;100,000;0,045;0,105;0,046;0,000;0,000;0,0000;0,00;;;;DEUR;N055000;T300;;099955      ENERGIAS DE PORTUGAL SA;3,10818005;3,10818005;3,83000000;3,83000000;3,82600000;71189,00000000;0,00000000;0,00000000;0,00000000;0,00000000;20251113
88;1I;23311;ES0105025003;MERLIN PROPERTIES SOCIMI SA;EUR;MADRID;067000;201;I;66615,000;0,000;0,000;0,000;10,2036;10,2036;679714,9400;679714,94;0,000000;13,3400;13,3400;888644,1000;888644,10;888644,1000;888644,10;13,3600;30,738;0,000;30,738;0,747;100,000;0,148;-0,150;0,149;0,000;0,000;0,0000;0,00;;;;DEUR;N067000;T300;;099852      MERLIN PROPERTIES SOCIMI SA;10,20363191;10,20363191;13,34000000;13,34000000;13,36000000;66615,00000000;0,00000000;0,00000000;0,00000000;0,00000000;20251113
88;1I;36841;LU2052491334;MULTILABEL ETICA ESG GLOBAL EQUITY;EUR;LUXEMBOURG;092000;223;I;37106,669;0,000;0,000;0,000;140,2299;140,2299;5203468,1900;5203468,19;0,000000;144,5000;144,5000;5361913,6700;5361913,67;5361913,6700;5361913,67;143,7500;3,045;0,000;3,045;4,509;39,161;0,894;0,522;0,898;0,000;0,000;0,0000;0,00;;;;DEUR;N092000;T300;;099106      MULTILABEL ETICA ESG GLOBAL EQUITY;140,22999989;140,22999989;144,50000000;144,50000000;143,75000000;37106,66900000;0,00000000;0,00000000;0,00000000;0,00000000;20251113
88;1I;36843;LU2052490872;MULTILABEL ETICA ESG DYNAMIC ALLOCATION;EUR;LUXEMBOURG;092000;223;I;36953,094;0,000;0,000;0,000;121,7399;121,7399;4498669,6600;4498669,66;0,000000;125,0200;125,0200;4619875,8100;4619875,81;4619875,8100;4619875,81;124,5000;2,694;0,000;2,694;3,885;33,741;0,771;0,418;0,774;0,000;0,000;0,0000;0,00;;;;DEUR;N092000;T300;;099229      MULTILABEL ETICA ESG DYNAMIC ALLOCATION;121,73999990;121,73999990;125,02000000;125,02000000;124,50000000;36953,09400000;0,00000000;0,00000000;0,00000000;0,00000000;20251113
88;1I;36842;LU2052490286;MULTILABEL ETICA ESG CONSERVATIVE ALLOC;EUR;LUXEMBOURG;092000;223;I;37206,072;0,000;0,000;0,000;98,1699;98,1699;3652520,0800;3652520,08;0,000000;99,7200;99,7200;3710189,5000;3710189,50;3710189,5000;3710189,50;99,5200;1,579;0,000;1,579;3,120;27,098;0,619;0,201;0,621;0,000;0,000;0,0000;0,00;;;;DEUR;N092000;T300;;099381      MULTILABEL ETICA ESG CONSERVATIVE ALLOC;98,16999977;98,16999977;99,72000000;99,72000000;99,52000000;37206,07200000;0,00000000;0,00000000;0,00000000;0,00000000;20251113
88;1I;33682;DE000KBX1006;KNORR-BREMSE AG;EUR;NEUERMKT;094000;201;I;42522,000;0,000;0,000;0,000;83,0614;83,0614;3531940,3400;3531940,34;0,000000;84,7000;84,7000;3601613,4000;3601613,40;3601613,4000;3601613,40;86,3500;1,973;0,000;1,973;3,029;23,881;0,601;-1,911;0,603;0,000;0,000;0,0000;0,00;;;;DEUR;N094000;T300;;099399      KNORR-BREMSE AG;83,06148205;83,06148205;84,70000000;84,70000000;86,35000000;42522,00000000;0,00000000;0,00000000;0,00000000;0,00000000;20251113
88;1I;08512;DE0007164600;SAP SE;EUR;NEUERMKT;094000;201;I;14970,000;0,000;0,000;0,000;248,0994;248,0994;3714049,5000;3714049,50;0,000000;218,1000;218,1000;3264957,0000;3264957,00;3264957,0000;3264957,00;218,4000;-12,092;0,000;-12,092;2,746;21,649;0,545;-0,137;0,547;0,000;0,000;0,0000;0,00;;;;DEUR;N094000;T300;;099455      SAP SE;248,09949899;248,09949899;218,10000000;218,10000000;218,40000000;14970,00000000;0,00000000;0,00000000;0,00000000;0,00000000;20251113
88;1I;24199;DE000ZAL1111;ZALANDO-ORD SHS;EUR;NEUERMKT;094000;201;I;132037,000;0,000;0,000;0,000;26,9377;26,9377;3556783,9500;3556783,95;0,000000;23,7200;23,7200;3131917,6400;3131917,64;3131917,6400;3131917,64;23,5500;-11,945;0,000;-11,945;2,634;20,767;0,522;0,722;0,524;0,000;0,000;0,0000;0,00;;;;DEUR;N094000;T300;;099478      ZALANDO-ORD SHS;26,93778221;26,93778221;23,72000000;23,72000000;23,55000000;132037,00000000;0,00000000;0,00000000;0,00000000;0,00000000;20251113
88;1I;19412;DE000A1ML7J1;VONOVIA SE;EUR;NEUERMKT;094000;201;I;100745,000;0,000;0,000;0,000;27,2934;27,2934;2749680,1200;2749680,12;0,000000;26,2900;26,2900;2648586,0500;2648586,05;2648586,0500;2648586,05;26,0600;-3,677;0,000;-3,677;2,227;17,562;0,442;0,883;0,444;0,000;0,000;0,0000;0,00;;;;DEUR;N094000;T300;;099558      VONOVIA SE;27,29346488;27,29346488;26,29000000;26,29000000;26,06000000;100745,00000000;0,00000000;0,00000000;0,00000000;0,00000000;20251113
88;1I;08529;DE0005557508;DEUTSCHE TELEKOM - NOMINATIVE;EUR;NEUERMKT;094000;201;I;88371,000;0,000;0,000;0,000;31,7311;31,7311;2804111,9400;2804111,94;0,000000;27,2700;27,2700;2409877,1700;2409877,17;2409877,1700;2409877,17;27,3100;-14,059;0,000;-14,059;2,027;15,979;0,402;-0,146;0,404;0,000;0,000;0,0000;0,00;;;;DEUR;N094000;T300;;099598      DEUTSCHE TELEKOM - NOMINATIVE;31,73113283;31,73113283;27,27000000;27,27000000;27,31000000;88371,00000000;0,00000000;0,00000000;0,00000000;0,00000000;20251113
88;1I;17956;DE0005570808;UMWELTBANK AG;EUR;NEUERMKT;094000;201;I;6392,000;0,000;0,000;0,000;6,1445;6,1445;39275,8000;39275,80;0,000000;3,8500;3,8500;24609,2000;24609,20;24609,2000;24609,20;3,8200;-37,343;0,000;-37,343;0,021;0,163;0,004;0,785;0,004;0,000;0,000;0,0000;0,00;;;;DEUR;N094000;T300;;099996      UMWELTBANK AG;6,14452440;6,14452440;3,85000000;3,85000000;3,82000000;6392,00000000;0,00000000;0,00000000;0,00000000;0,00000000;20251113
88;1I;17410;IT0004965148;MONCLER SPA;EUR;MILANO;086000;201;I;112600,000;0,000;0,000;0,000;54,8070;54,8070;6171279,3100;6171279,31;0,000000;58,1000;58,1000;6542060,0000;6542060,00;6542060,0000;6542060,00;58,4600;6,008;0,000;6,008;5,501;30,875;1,091;-0,616;1,095;0,000;0,000;0,0000;0,00;;;;DEUR;N111111;T300;;098909      MONCLER SPA;54,80709866;54,80709866;58,10000000;58,10000000;58,46000000;112600,00000000;0,00000000;0,00000000;0,00000000;0,00000000;20251113
88;1I;03565;IT0003497168;TELECOM ITALIA SPA ORD.;EUR;MILANO;086000;201;I;10813807,000;0,000;0,000;0,000;0,2530;0,2530;2736582,1200;2736582,12;0,000000;0,4958;0,4958;5361485,5100;5361485,51;5361485,5100;5361485,51;0,4950;95,919;0,000;95,919;4,509;25,303;0,894;0,162;0,898;0,000;0,000;0,0000;0,00;;;;DEUR;N111111;T300;;099106      TELECOM ITALIA SPA ORD.;0,25306371;0,25306371;0,49580000;0,49580000;0,49500000;10813807,00000000;0,00000000;0,00000000;0,00000000;0,00000000;20251113
88;1I;08531;IT0001078911;INTERPUMP GROUP;EUR;MILANO;086000;201;I;51676,000;0,000;0,000;0,000;40,2096;40,2096;2077871,3100;2077871,31;0,000000;43,4000;43,4000;2242738,4000;2242738,40;2242738,4000;2242738,40;43,8400;7,934;0,000;7,934;1,886;10,585;0,374;-1,004;0,376;0,000;0,000;0,0000;0,00;;;;DEUR;N111111;T300;;099626      INTERPUMP GROUP;40,20960039;40,20960039;43,40000000;43,40000000;43,84000000;51676,00000000;0,00000000;0,00000000;0,00000000;0,00000000;20251113
88;1I;08544;IT0001157020;ERG ORD.;EUR;MILANO;086000;201;I;68878,000;0,000;0,000;0,000;19,5904;19,5904;1349348,3500;1349348,35;0,000000;22,2000;22,2000;1529091,6000;1529091,60;1529091,6000;1529091,60;22,6600;13,321;0,000;13,321;1,286;7,216;0,255;-2,030;0,256;0,000;0,000;0,0000;0,00;;;;DEUR;N111111;T300;;099745      ERG ORD.;19,59041130;19,59041130;22,20000000;22,20000000;22,66000000;68878,00000000;0,00000000;0,00000000;0,00000000;0,00000000;20251113
88;1I;34530;IT0005366767;NEXI SPA;EUR;MILANO;086000;201;I;224774,000;0,000;0,000;0,000;5,3107;5,3107;1193715,4000;1193715,40;0,000000;4,1220;4,1220;926518,4300;926518,43;926518,4300;926518,43;4,1760;-22,384;0,000;-22,384;0,779;4,373;0,155;-1,293;0,155;0,000;0,000;0,0000;0,00;;;;DEUR;N111111;T300;;099845      NEXI SPA;5,31073611;5,31073611;4,12200000;4,12200000;4,17600000;224774,00000000;0,00000000;0,00000000;0,00000000;0,00000000;20251113
88;1I;25525;IT0005162406;TECHNOGYM  SPA;EUR;MILANO;086000;201;I;45185,000;0,000;0,000;0,000;10,5773;10,5773;477939,6400;477939,64;0,000000;16,2300;16,2300;733352,5500;733352,55;733352,5500;733352,55;16,2000;53,440;0,000;53,440;0,617;3,461;0,122;0,185;0,123;0,000;0,000;0,0000;0,00;;;;DEUR;N111111;T300;;099878      TECHNOGYM  SPA;10,57739603;10,57739603;16,23000000;16,23000000;16,20000000;45185,00000000;0,00000000;0,00000000;0,00000000;0,00000000;20251113
88;1I;19402;IT0005054967;RAI WAY SPA;EUR;MILANO;086000;201;I;118646,000;0,000;0,000;0,000;5,5167;5,5167;654539,7800;654539,78;0,000000;5,7900;5,7900;686960,3400;686960,34;686960,3400;686960,34;5,7100;4,953;0,000;4,953;0,578;3,242;0,115;1,401;0,115;0,000;0,000;0,0000;0,00;;;;DEUR;N111111;T300;;099885      RAI WAY SPA;5,51674544;5,51674544;5,79000000;5,79000000;5,71000000;118646,00000000;0,00000000;0,00000000;0,00000000;0,00000000;20251113
88;1I;07862;IT0003492391;DIASORIN;EUR;MILANO;086000;201;I;10778,000;0,000;0,000;0,000;98,7496;98,7496;1064323,3600;1064323,36;0,000000;60,1800;60,1800;648620,0400;648620,04;648620,0400;648620,04;60,5000;-39,058;0,000;-39,058;0,545;3,061;0,108;-0,529;0,109;0,000;0,000;0,0000;0,00;;;;DEUR;N111111;T300;;099892      DIASORIN;98,74961588;98,74961588;60,18000000;60,18000000;60,50000000;10778,00000000;0,00000000;0,00000000;0,00000000;0,00000000;20251113
88;1I;08569;IT0001206769;SOL SPA;EUR;MILANO;086000;201;I;13118,000;0,000;0,000;0,000;37,5029;37,5029;491964,3500;491964,35;0,000000;48,4000;48,4000;634911,2000;634911,20;634911,2000;634911,20;48,9500;29,056;0,000;29,056;0,534;2,996;0,106;-1,124;0,106;0,000;0,000;0,0000;0,00;;;;DEUR;N111111;T300;;099894      SOL SPA;37,50299969;37,50299969;48,40000000;48,40000000;48,95000000;13118,00000000;0,00000000;0,00000000;0,00000000;0,00000000;20251113
88;1I;04321;IT0003242622;TERNA SPA;EUR;MILANO;086000;201;I;46662,000;0,000;0,000;0,000;7,6507;7,6507;357000,9200;357000,92;0,000000;8,9000;8,9000;415291,8000;415291,80;415291,8000;415291,80;9,0140;16,328;0,000;16,328;0,349;1,960;0,069;-1,265;0,070;0,000;0,000;0,0000;0,00;;;;DEUR;N111111;T300;;099931      TERNA SPA;7,65078479;7,65078479;8,90000000;8,90000000;9,01400000;46662,00000000;0,00000000;0,00000000;0,00000000;0,00000000;20251113
88;1I;06568;IT0004056880;AMPLIFON NEW;EUR;MILANO;086000;201;I;25486,000;0,000;0,000;0,000;21,0276;21,0276;535910,1400;535910,14;0,000000;14,0600;14,0600;358333,1600;358333,16;358333,1600;358333,16;14,3050;-33,136;0,000;-33,136;0,301;1,691;0,060;-1,713;0,060;0,000;0,000;0,0000;0,00;;;;DEUR;N111111;T300;;099940      AMPLIFON NEW;21,02762850;21,02762850;14,06000000;14,06000000;14,30500000;25486,00000000;0,00000000;0,00000000;0,00000000;0,00000000;20251113
88;1I;23184;IT0005090300;INFRASTRUTTURE WIRELESS ITAL;EUR;MILANO;086000;201;I;38256,000;0,000;0,000;0,000;9,8051;9,8051;375106,3600;375106,36;0,000000;7,9400;7,9400;303752,6400;303752,64;303752,6400;303752,64;8,0100;-19,022;0,000;-19,022;0,255;1,434;0,051;-0,874;0,051;0,000;0,000;0,0000;0,00;;;;DEUR;N111111;T300;;099949      INFRASTRUTTURE WIRELESS ITAL;9,80516415;9,80516415;7,94000000;7,94000000;8,01000000;38256,00000000;0,00000000;0,00000000;0,00000000;0,00000000;20251113
88;1I;03436;IT0001250932;HERA SPA;EUR;MILANO;086000;201;I;69043,000;0,000;0,000;0,000;3,4449;3,4449;237851,6600;237851,66;0,000000;4,0520;4,0520;279762,2400;279762,24;279762,2400;279762,24;3,9420;17,620;0,000;17,620;0,235;1,320;0,047;2,790;0,047;0,000;0,000;0,0000;0,00;;;;DEUR;N111111;T300;;099953      HERA SPA;3,44497863;3,44497863;4,05200000;4,05200000;3,94200000;69043,00000000;0,00000000;0,00000000;0,00000000;0,00000000;20251113
88;1I;07639;IT0004176001;PRYSMIAN SPA;EUR;MILANO;086000;201;I;3038,000;0,000;0,000;0,000;62,2362;62,2362;189073,7400;189073,74;0,000000;84,4800;84,4800;256650,2400;256650,24;256650,2400;256650,24;85,2600;35,741;0,000;35,741;0,216;1,211;0,043;-0,915;0,043;0,000;0,000;0,0000;0,00;;;;DEUR;N111111;T300;;099957      PRYSMIAN SPA;62,23625411;62,23625411;84,48000000;84,48000000;85,26000000;3038,00000000;0,00000000;0,00000000;0,00000000;0,00000000;20251113
88;1I;08573;IT0001233417;A2A SPA;EUR;MILANO;086000;201;I;75984,000;0,000;0,000;0,000;2,1399;2,1399;162604,6400;162604,64;0,000000;2,4450;2,4450;185780,8800;185780,88;185780,8800;185780,88;2,4580;14,253;0,000;14,253;0,156;0,877;0,031;-0,529;0,031;0,000;0,000;0,0000;0,00;;;;DEUR;N111111;T300;;099969      A2A SPA;2,13998526;2,13998526;2,44500000;2,44500000;2,45800000;75984,00000000;0,00000000;0,00000000;0,00000000;0,00000000;20251113
88;1I;30238;IT0005278236;PIRELLI & C SPA;EUR;MILANO;086000;201;I;13684,000;0,000;0,000;0,000;5,4716;5,4716;74873,6000;74873,60;0,000000;6,1060;6,1060;83554,5000;83554,50;83554,5000;83554,50;6,0760;11,594;0,000;11,594;0,070;0,394;0,014;0,494;0,014;0,000;0,000;0,0000;0,00;;;;DEUR;N111111;T300;;099986      PIRELLI & C SPA;5,47161648;5,47161648;6,10600000;6,10600000;6,07600000;13684,00000000;0,00000000;0,00000000;0,00000000;0,00000000;20251113
88;1O;01076;AU000000ORI1;ORICA LTD.;AUD;AUSTRALIA;111111;201;O;124539,000;0,000;0,000;0,000;16,6981;9,9454;2079574,6680;1238600,20;1,678972;23,4000;13,1682;2914212,6000;1639962,07;2914212,6000;1639962,07;22,8200;40,135;5,839;32,404;21,030;0,367;0,274;2,542;0,275;0,000;0,000;0,0000;0,00;;;;DAUD;N007000;T300;;099726      ORICA LTD.;16,69818023;9,94548053;23,40000000;13,16826111;22,82000000;124539,00000000;0,00000000;0,00000000;0,00000000;0,00000000;20251113
88;1O;17478;AU000000ORA8;ORORA LTD;AUD;AUSTRALIA;111111;201;O;759999,000;0,000;0,000;0,000;2,1629;1,2503;1643828,4400;950284,32;1,729828;2,2400;1,2605;1702397,7600;958017,87;1702397,7600;958017,87;2,2600;3,563;2,727;0,814;12,285;0,214;0,160;-0,885;0,160;0,000;0,000;0,0000;0,00;;;;DAUD;N007000;T300;;099840      ORORA LTD;2,16293500;1,25037575;2,24000000;1,26055149;2,26000000;759999,00000000;0,00000000;0,00000000;0,00000000;0,00000000;20251113
88;1O;31244;AU000000LLC3;LEND LEASE GROUP STAPLED SECURITIES;AUD;AUSTRALIA;111111;223;O;169729,000;0,000;0,000;0,000;6,1867;3,6875;1050071,9900;625883,02;1,677745;5,4200;3,0500;919931,1800;517687,78;919931,1800;517687,78;5,4500;-12,394;5,916;-17,287;6,638;0,116;0,086;-0,550;0,087;0,000;0,000;0,0000;0,00;;;;DAUD;N007000;T300;;099914      LEND LEASE GROUP STAPLED SECURITIES;6,18675647;3,68754320;5,42000000;3,05008441;5,45000000;169729,00000000;0,00000000;0,00000000;0,00000000;0,00000000;20251113
88;1O;03510;CA1363751027;CANADIAN NATIONAL RAILWAY CAD;CAD;TORONTO;111111;201;O;16037,000;0,000;0,000;0,000;145,2248;97,1659;2328970,4800;1558250,04;1,494606;135,4800;83,0605;2172692,7600;1332041,42;2172692,7600;1332041,42;137,1100;-6,710;9,132;-14,517;50,930;0,298;0,222;-1,189;0,223;0,000;0,000;0,0000;0,00;;;;DCAD;N013000;T300;;099778      CANADIAN NATIONAL RAILWAY CAD;145,22482259;97,16593128;135,48000000;83,06051131;137,11000000;16037,00000000;0,00000000;0,00000000;0,00000000;0,00000000;20251113
88;1O;10636;DK0060079531;DSV A/S;DKK;COPENHAGEN;111111;201;O;16238,000;0,000;0,000;0,000;1464,4623;196,2593;23779939,3740;3186859,21;7,461873;1446,5000;193,7086;23488267,0000;3145441,12;23488267,0000;3145441,12;1477,0000;-1,227;0,074;-1,300;51,723;0,703;0,525;-2,065;0,527;0,000;0,000;0,0000;0,00;;;;DDKK;N021000;T300;;099475      DSV A/S;1464,46233366;196,25934289;1446,50000000;193,70865361;1477,00000000;16238,00000000;0,00000000;0,00000000;0,00000000;0,00000000;20251113
88;1O;47417;DK0062498333;NOVO NORDISK A/S-B;DKK;COPENHAGEN;111111;201;O;67857,000;0,000;0,000;0,000;530,4827;71,1220;35996965,2300;4826129,47;7,458765;318,6500;42,6721;21622633,0500;2895603,97;21622633,0500;2895603,97;321,0500;-39,932;0,116;-40,002;47,614;0,647;0,483;-0,748;0,485;0,000;0,000;0,0000;0,00;;;;DDKK;N021000;T300;;099517      NOVO NORDISK A/S-B;530,48270966;71,12205771;318,65000000;42,67214827;321,05000000;67857,00000000;0,00000000;0,00000000;0,00000000;0,00000000;20251113
88;1O;44229;GB00BP92CJ43;TATE & LYLE PLC;GBP;LONDRA;111111;201;O;468148,000;0,000;0,000;0,000;5,5188;6,4763;2583627,3450;3031907,67;0,852146;3,8820;4,4003;1817350,5360;2060021,01;1817350,5360;2060021,01;3,9440;-29,659;3,527;-32,055;9,843;0,460;0,344;-1,572;0,345;0,000;0,000;0,0000;0,00;;;;DGBP;N031000;T300;;099656      TATE & LYLE PLC;5,51882598;6,47638710;3,88200000;4,40036272;3,94400000;468148,00000000;0,00000000;0,00000000;0,00000000;0,00000000;20251113
88;1O;03729;GB0006825383;PERSIMMON PLC.;GBP;LONDRA;111111;201;O;124368,000;0,000;0,000;0,000;11,5778;13,9148;1439911,7490;1730565,28;0,832047;12,7400;14,4411;1584448,3200;1796019,41;1584448,3200;1796019,41;12,3300;10,038;6,028;3,782;8,581;0,401;0,300;3,325;0,301;0,000;0,000;0,0000;0,00;;;;DGBP;N031000;T300;;099700      PERSIMMON PLC.;11,57783150;13,91487585;12,74000000;14,44116980;12,33000000;124368,00000000;0,00000000;0,00000000;0,00000000;0,00000000;20251113
88;1O;09739;GB00B2B0DG97;REED ELSEVIER PLC A;GBP;LONDRA;111111;201;O;24094,000;0,000;0,000;0,000;38,7059;45,9022;932580,8000;1105969,70;0,843225;31,4000;35,5928;756551,6000;857573,79;756551,6000;857573,79;31,3600;-18,875;4,622;-22,460;4,097;0,192;0,143;0,128;0,144;0,000;0,000;0,0000;0,00;;;;DGBP;N031000;T300;;099857      REED ELSEVIER PLC A;38,70593508;45,90228687;31,40000000;35,59283609;31,36000000;24094,00000000;0,00000000;0,00000000;0,00000000;0,00000000;20251113
88;1O;01504;GB0007908733;SSE PLC;GBP;LONDRA;111111;201;O;22500,000;0,000;0,000;0,000;16,0388;19,2431;360874,2890;432971,62;0,833483;22,6300;25,6517;509175,0000;577165,04;509175,0000;577165,04;23,0700;41,095;5,845;33,303;2,758;0,129;0,096;-1,907;0,097;0,000;0,000;0,0000;0,00;;;;DGBP;N031000;T300;;099904      SSE PLC;16,03885728;19,24318311;22,63000000;25,65177964;23,07000000;22500,00000000;0,00000000;0,00000000;0,00000000;0,00000000;20251113
88;1O;12368;IE0001827041;CRH PLC.- LONDRA GBP;GBP;LONDRA;111111;201;O;44957,000;0,000;0,000;0,000;72,0630;85,7638;3239740,5000;3855686,86;0,840250;84,7600;96,0779;3810555,3200;4319378,05;3810555,3200;4319378,05;86,6800;17,619;4,993;12,026;20,638;0,965;0,720;-2,215;0,723;0,000;0,000;0,0000;0,00;;;;DGBP;N040000;T300;;099280      CRH PLC.- LONDRA GBP;72,06309362;85,76388237;84,76000000;96,07798685;86,68000000;44957,00000000;0,00000000;0,00000000;0,00000000;0,00000000;20251113
88;1O;19903;IE00BTN1Y115;MEDTRONIC PLC;USD;NEW YORK;111111;201;O;69617,000;0,000;0,000;0,000;80,3017;77,2307;5590367,1400;5376575,08;1,039764;96,1400;82,5874;6692978,3800;5749487,48;6692978,3800;5749487,48;95,8100;19,723;11,958;6,936;1,633;1,285;0,959;0,344;0,963;0,000;0,000;0,0000;0,00;;;;DUSD;N040000;T300;;099041      MEDTRONIC PLC;80,30175302;77,23077811;96,14000000;82,58740658;95,81000000;69617,00000000;0,00000000;0,00000000;0,00000000;0,00000000;20251113
88;1O;46296;IE000S9YS762;LINDE PLC NEW - USD;USD;OTC;111111;201;O;15146,000;0,000;0,000;0,000;420,8665;404,1524;6374445,4600;6121293,76;1,041356;428,6400;368,2157;6492181,4400;5576996,34;6492181,4400;5576996,34;428,9600;1,847;11,787;-8,892;1,584;1,247;0,930;-0,075;0,934;0,000;0,000;0,0000;0,00;;;;DUSD;N040000;T300;;099070      LINDE PLC NEW - USD;420,86659580;404,15249967;428,64000000;368,21578902;428,96000000;15146,00000000;0,00000000;0,00000000;0,00000000;0,00000000;20251113
88;1O;37185;IE00BK9ZQ967;TRANE TECH PLC;USD;NEW YORK;111111;201;O;12058,000;0,000;0,000;0,000;370,3658;356,3047;4465871,1800;4296322,99;1,039464;414,8500;356,3697;5002261,3000;4297106,18;5002261,3000;4297106,18;421,7500;12,011;11,990;0,018;1,220;0,960;0,717;-1,636;0,720;0,000;0,000;0,0000;0,00;;;;DUSD;N040000;T300;;099283      TRANE TECH PLC;370,36583015;356,30477608;414,85000000;356,36972768;421,75000000;12058,00000000;0,00000000;0,00000000;0,00000000;0,00000000;20251113
88;1O;18593;IE00BLS09M33;PENTAIR PLC;USD;NEW YORK;111111;201;O;7509,000;0,000;0,000;0,000;100,4430;96,4998;754227,1600;724617,35;1,040863;106,7500;91,7017;801585,7500;688588,39;801585,7500;688588,39;108,6800;6,279;11,840;-4,972;0,196;0,154;0,115;-1,776;0,115;0,000;0,000;0,0000;0,00;;;;DUSD;N040000;T300;;099885      PENTAIR PLC;100,44308962;96,49984685;106,75000000;91,70174383;108,68000000;7509,00000000;0,00000000;0,00000000;0,00000000;0,00000000;20251113
88;1O;00158;NO0005052605;NORSK HYDRO;NOK;OSLO;111111;201;O;169723,000;0,000;0,000;0,000;69,6883;5,9692;11827724,3100;1013124,70;11,674500;74,3800;6,3817;12623996,7400;1083130,71;12623996,7400;1083130,71;74,1600;6,732;-0,166;6,910;82,823;0,242;0,181;0,297;0,181;0,000;0,000;0,0000;0,00;;;;DNOK;N048000;T300;;099819      NORSK HYDRO;69,68839998;5,96928348;74,38000000;6,38175562;74,16000000;169723,00000000;0,00000000;0,00000000;0,00000000;0,00000000;20251113
88;1O;24521;NL0011585146;FERRARI NV - USD -;USD;NEW YORK;111111;201;O;3417,000;0,000;0,000;0,000;426,1529;409,2965;1456164,5540;1398566,30;1,041184;417,8100;358,9124;1427656,7700;1226403,89;1427656,7700;1226403,89;419,5200;-1,958;11,805;-12,310;0,348;0,274;0,205;-0,408;0,205;0,000;0,000;0,0000;0,00;;;;DUSD;N050000;T300;;099795      FERRARI NV - USD -;426,15292771;409,29654667;417,81000000;358,91246456;419,52000000;3417,00000000;0,00000000;0,00000000;0,00000000;0,00000000;20251113
88;1O;44332;SE0017486889;ATLAS COPCO AB-A SHS;SEK;STOCCOLMA;111111;201;O;237265,000;0,000;0,000;0,000;159,6796;14,4845;37886402,9000;3436674,87;11,024145;157,5000;14,4018;37369237,5000;3417053,38;37369237,5000;3417053,38;160,9500;-1,365;-0,799;-0,571;41,797;0,764;0,570;-2,144;0,572;0,000;0,000;0,0000;0,00;;;;DSEK;N068000;T300;;099430      ATLAS COPCO AB-A SHS;159,67969527;14,48454205;157,50000000;14,40184343;160,95000000;237265,00000000;0,00000000;0,00000000;0,00000000;0,00000000;20251113
88;1O;00418;SE0000108227;S.K.F. AB CL.B;SEK;STOCCOLMA;111111;201;O;116847,000;0,000;0,000;0,000;251,2793;22,8324;29361235,9500;2667905,72;11,005350;240,0000;21,9456;28043280,0000;2564285,26;28043280,0000;2564285,26;237,3000;-4,489;-0,629;-3,884;31,366;0,573;0,428;1,138;0,429;0,000;0,000;0,0000;0,00;;;;DSEK;N068000;T300;;099572      S.K.F. AB CL.B;251,27933066;22,83247083;240,00000000;21,94566618;237,30000000;116847,00000000;0,00000000;0,00000000;0,00000000;0,00000000;20251113
88;1O;23094;SE0007100581;ASSA ABLOY AB-B;SEK;STOCCOLMA;111111;201;O;50641,000;0,000;0,000;0,000;331,0961;30,1010;16767038,1100;1524345,48;10,999500;356,5000;32,5984;18053516,5000;1650818,53;18053516,5000;1650818,53;361,8000;7,673;-0,576;8,297;20,193;0,369;0,275;-1,465;0,276;0,000;0,000;0,0000;0,00;;;;DSEK;N068000;T300;;099725      ASSA ABLOY AB-B;331,09611006;30,10101459;356,50000000;32,59845831;361,80000000;50641,00000000;0,00000000;0,00000000;0,00000000;0,00000000;20251113
88;1O;02738;US67066G1040;NVIDIA CORP.;USD;OTC;111111;201;O;267914,000;0,000;0,000;0,000;133,5472;128,7896;35779185,4870;34504549,58;1,036941;186,8600;160,5188;50062410,0400;43005248,72;50062410,0400;43005248,72;193,8000;39,920;12,263;24,636;12,212;9,613;7,173;-3,581;7,201;0,000;0,000;0,0000;0,00;;;;DUSD;N069000;T300;;092827      NVIDIA CORP.;133,54727818;128,78964735;186,86000000;160,51885576;193,80000000;267914,00000000;0,00000000;0,00000000;0,00000000;0,00000000;20251113
88;1O;08768;US92826C8394;VISA INC CLASS A SHS;USD;NEW YORK;111111;201;O;54693,000;0,000;0,000;0,000;317,4808;304,3370;17363980,9720;16645107,43;1,043188;336,0800;288,7037;18381223,4400;15790072,54;18381223,4400;15790072,54;338,8800;5,858;11,591;-5,137;4,484;3,529;2,634;-0,826;2,644;0,000;0,000;0,0000;0,00;;;;DUSD;N069000;T300;;097366      VISA INC CLASS A SHS;317,48086541;304,33707110;336,08000000;288,70371961;338,88000000;54693,00000000;0,00000000;0,00000000;0,00000000;0,00000000;20251113
88;1O;06606;US57636Q1040;MASTERCARD INC CL A;USD;NEW YORK;111111;201;O;32831,000;0,000;0,000;0,000;527,4585;506,6496;17316991,7800;16633815,73;1,041072;555,5700;477,2528;18239918,6700;15668687,11;18239918,6700;15668687,11;561,2300;5,330;11,817;-5,802;4,450;3,502;2,614;-1,008;2,624;0,000;0,000;0,0000;0,00;;;;DUSD;N069000;T300;;097386      MASTERCARD INC CL A;527,45855380;506,64968261;555,57000000;477,25281333;561,23000000;32831,00000000;0,00000000;0,00000000;0,00000000;0,00000000;20251113
88;1O;00448;US68389X1054;ORACLE CORP.;USD;OTC;111111;201;O;65269,000;0,000;0,000;0,000;169,5400;162,5365;11065712,7700;10608596,07;1,043089;217,5700;186,8997;14200576,3300;12198759,84;14200576,3300;12198759,84;226,9900;28,330;11,601;14,989;3,464;2,727;2,035;-4,150;2,043;0,000;0,000;0,0000;0,00;;;;DUSD;N069000;T300;;097965      ORACLE CORP.;169,54009974;162,53651917;217,57000000;186,89975088;226,99000000;65269,00000000;0,00000000;0,00000000;0,00000000;0,00000000;20251113
88;1O;14741;US00287Y1091;ABBVIE INC;USD;NEW YORK;111111;201;O;41648,000;0,000;0,000;0,000;178,9063;172,0353;7451091,7000;7164926,62;1,039940;232,2900;199,5447;9674413,9200;8310638,19;9674413,9200;8310638,19;233,2300;29,839;11,939;15,991;2,360;1,858;1,386;-0,403;1,392;0,000;0,000;0,0000;0,00;;;;DUSD;N069000;T300;;098614      ABBVIE INC;178,90635084;172,03531069;232,29000000;199,54471265;233,23000000;41648,00000000;0,00000000;0,00000000;0,00000000;0,00000000;20251113
88;1O;00095;US4370761029;HOME DEPOT INC.;USD;NEW YORK;111111;201;O;23839,000;0,000;0,000;0,000;388,7785;370,7427;9268093,0400;8838135,63;1,048648;368,0700;316,1841;8774420,7300;7537514,59;8774420,7300;7537514,59;371,1300;-5,327;11,010;-14,716;2,140;1,685;1,257;-0,825;1,262;0,000;0,000;0,0000;0,00;;;;DUSD;N069000;T300;;098743      HOME DEPOT INC.;388,77859977;370,74271697;368,07000000;316,18417661;371,13000000;23839,00000000;0,00000000;0,00000000;0,00000000;0,00000000;20251113
88;1O;00423;US0382221051;APPLIED MATERIALS INC.;USD;OTC;111111;201;O;37283,000;0,000;0,000;0,000;183,3296;168,4217;6835079,1200;6279269,59;1,088515;223,2300;191,7618;8322684,0900;7149458,03;8322684,0900;7149458,03;230,7300;21,764;6,944;13,858;2,030;1,598;1,193;-3,251;1,197;0,000;0,000;0,0000;0,00;;;;DUSD;N069000;T300;;098807      APPLIED MATERIALS INC.;183,32964407;168,42178982;223,23000000;191,76187612;230,73000000;37283,00000000;0,00000000;0,00000000;0,00000000;0,00000000;20251113
88;1O;00174;US7427181091;PROCTER & GAMBLE CO.;USD;NEW YORK;111111;201;O;55406,000;0,000;0,000;0,000;162,4895;152,2055;9002894,8380;8433101,57;1,067566;147,9600;127,1024;8197871,7600;7042240,15;8197871,7600;7042240,15;148,0100;-8,942;9,042;-16,493;2,000;1,574;1,175;-0,034;1,179;0,000;0,000;0,0000;0,00;;;;DUSD;N069000;T300;;098825      PROCTER & GAMBLE CO.;162,48952889;152,20556564;147,96000000;127,10248260;148,01000000;55406,00000000;0,00000000;0,00000000;0,00000000;0,00000000;20251113
88;1O;00222;US8825081040;TEXAS INSTRUMENTS INC.;USD;OTC;111111;201;O;45983,000;0,000;0,000;0,000;187,8401;176,1347;8637451,7700;8099202,41;1,066457;162,2300;139,3608;7459822,0900;6408231,33;7459822,0900;6408231,33;163,0900;-13,634;9,156;-20,878;1,820;1,432;1,069;-0,527;1,073;0,000;0,000;0,0000;0,00;;;;DUSD;N069000;T300;;098931      TEXAS INSTRUMENTS INC.;187,84010982;176,13471087;162,23000000;139,36087964;163,09000000;45983,00000000;0,00000000;0,00000000;0,00000000;0,00000000;20251113
88;1O;17264;US81762P1021;SERVICENOW INC;USD;NEW YORK;111111;201;O;8513,000;0,000;0,000;0,000;1040,2205;966,9054;8855397,2390;8231266,20;1,075824;849,6900;729,9115;7233410,9700;6213736,77;7233410,9700;6213736,77;864,0400;-18,316;8,205;-24,511;1,765;1,389;1,036;-1,661;1,041;0,000;0,000;0,0000;0,00;;;;DUSD;N069000;T300;;098964      SERVICENOW INC;1040,22051439;966,90546223;849,69000000;729,91151962;864,04000000;8513,00000000;0,00000000;0,00000000;0,00000000;0,00000000;20251113
88;1O;00481;US7475251036;QUALCOMM INC.;USD;OTC;111111;201;O;40580,000;0,000;0,000;0,000;153,3618;147,3533;6223421,9250;5979597,14;1,040776;174,5000;149,9012;7081210,0000;6082991,15;7081210,0000;6082991,15;176,6700;13,783;11,849;1,729;1,727;1,360;1,015;-1,228;1,019;0,000;0,000;0,0000;0,00;;;;DUSD;N069000;T300;;098985      QUALCOMM INC.;153,36180199;147,35330556;174,50000000;149,90121123;176,67000000;40580,00000000;0,00000000;0,00000000;0,00000000;0,00000000;20251113
88;1O;00263;US17275R1023;CISCO SYSTEM INC.;USD;OTC;111111;201;O;89723,000;0,000;0,000;0,000;60,5313;57,1241;5431057,3060;5125348,41;1,059646;77,3800;66,4719;6942765,7400;5964063,00;6942765,7400;5964063,00;73,9600;27,835;9,857;16,364;1,694;1,333;0,995;4,624;0,999;0,000;0,000;0,0000;0,00;;;;DUSD;N069000;T300;;099005      CISCO SYSTEM INC.;60,53138332;57,12413104;77,38000000;66,47195258;73,96000000;89723,00000000;0,00000000;0,00000000;0,00000000;0,00000000;20251113
88;1O;10451;US58933Y1055;MERCK E CO INC;USD;NEW YORK;111111;201;O;74539,000;0,000;0,000;0,000;97,6772;93,1901;7280765,5400;6946299,22;1,048150;92,9300;79,8299;6926909,2700;5950441,77;6926909,2700;5950441,77;91,4500;-4,860;11,062;-14,337;1,690;1,330;0,993;1,618;0,996;0,000;0,000;0,0000;0,00;;;;DUSD;N069000;T300;;099007      MERCK E CO INC;97,67726344;93,19013160;92,93000000;79,82991151;91,45000000;74539,00000000;0,00000000;0,00000000;0,00000000;0,00000000;20251113
88;1O;04319;US79466L3024;SALESFORCE COM INC.;USD;NEW YORK;111111;201;O;28340,000;0,000;0,000;0,000;329,6794;317,1546;9343115,8600;8988162,83;1,039491;240,4300;206,5372;6813786,2000;5853265,36;6813786,2000;5853265,36;246,0200;-27,072;11,988;-34,878;1,662;1,308;0,976;-2,272;0,980;0,000;0,000;0,0000;0,00;;;;DUSD;N069000;T300;;099024      SALESFORCE COM INC.;329,67945871;317,15465172;240,43000000;206,53723906;246,02000000;28340,00000000;0,00000000;0,00000000;0,00000000;0,00000000;20251113
88;1O;00060;US2358511028;DANAHER CORP.;USD;NEW YORK;111111;201;O;30639,000;0,000;0,000;0,000;228,4328;219,9514;6998952,9300;6739091,92;1,038560;221,2000;190,0180;6777346,8000;5821962,72;6777346,8000;5821962,72;219,4000;-3,166;12,088;-13,609;1,653;1,301;0,971;0,820;0,975;0,000;0,000;0,0000;0,00;;;;DUSD;N069000;T300;;099029      DANAHER CORP.;228,43281210;219,95143183;221,20000000;190,01803968;219,40000000;30639,00000000;0,00000000;0,00000000;0,00000000;0,00000000;20251113
88;1O;60431;US5128073062;LAM RESEARCH CORP;USD;OTC;111111;201;O;42790,000;0,000;0,000;0,000;72,2300;69,7470;3090721,7000;2984474,41;1,035600;153,3200;131,7068;6560562,8000;5635738,17;6560562,8000;5635738,17;161,4200;112,266;12,408;88,835;1,600;1,260;0,940;-5,018;0,944;0,000;0,000;0,0000;0,00;;;;DUSD;N069000;T300;;099060      LAM RESEARCH CORP;72,23000000;69,74700654;153,32000000;131,70689803;161,42000000;42790,00000000;0,00000000;0,00000000;0,00000000;0,00000000;20251113
88;1O;00061;US2441991054;DEERE & CO.;USD;NEW YORK;111111;201;O;12614,000;0,000;0,000;0,000;425,3721;408,5353;5365644,7900;5153265,39;1,041213;473,4100;406,6746;5971593,7400;5129794,47;5971593,7400;5129794,47;480,7800;11,293;11,802;-0,455;1,457;1,147;0,856;-1,533;0,859;0,000;0,000;0,0000;0,00;;;;DUSD;N069000;T300;;099144      DEERE & CO.;425,37218883;408,53538845;473,41000000;406,67468430;480,78000000;12614,00000000;0,00000000;0,00000000;0,00000000;0,00000000;20251113
88;1O;01191;US4612021034;INTUIT INC.;USD;OTC;111111;201;O;8454,000;0,000;0,000;0,000;627,6675;603,0800;5306301,0600;5098439,08;1,040770;650,1100;558,4657;5496029,9400;4721269,60;5496029,9400;4721269,60;659,3000;3,576;11,850;-7,398;1,341;1,055;0,788;-1,394;0,791;0,000;0,000;0,0000;0,00;;;;DUSD;N069000;T300;;099212      INTUIT INC.;627,66750177;603,08008989;650,11000000;558,46576754;659,30000000;8454,00000000;0,00000000;0,00000000;0,00000000;0,00000000;20251113
88;1O;25523;US78409V1044;S&P GLOBAL-ORD SHS;USD;NEW YORK;111111;201;O;10938,000;0,000;0,000;0,000;498,3192;478,6961;5450616,2700;5235978,86;1,040993;502,9600;432,0591;5501376,4800;4725862,45;5501376,4800;4725862,45;495,8400;0,931;11,826;-9,743;1,342;1,056;0,788;1,436;0,791;0,000;0,000;0,0000;0,00;;;;DUSD;N069000;T300;;099212      S&P GLOBAL-ORD SHS;498,31927866;478,69618394;502,96000000;432,05910145;495,84000000;10938,00000000;0,00000000;0,00000000;0,00000000;0,00000000;20251113
88;1O;00007;US0028241000;ABBOTT LABORATORIES CORP.;USD;NEW YORK;111111;201;O;39306,000;0,000;0,000;0,000;120,5668;111,4065;4739000,2100;4378947,58;1,082224;129,2600;111,0385;5080693,5600;4364482,05;5080693,5600;4364482,05;128,8200;7,210;7,566;-0,330;1,239;0,976;0,728;0,342;0,731;0,000;0,000;0,0000;0,00;;;;DUSD;N069000;T300;;099272      ABBOTT LABORATORIES CORP.;120,56683992;111,40659390;129,26000000;111,03857056;128,82000000;39306,00000000;0,00000000;0,00000000;0,00000000;0,00000000;20251113
88;1O;00017;US0311621009;AMGEN INC;USD;OTC;111111;201;O;14101,000;0,000;0,000;0,000;261,1494;251,2563;3682467,7300;3542966,03;1,039374;336,0000;288,6349;4737936,0000;4070042,09;4737936,0000;4070042,09;336,2800;28,662;12,000;14,877;1,156;0,910;0,679;-0,083;0,682;0,000;0,000;0,0000;0,00;;;;DUSD;N069000;T300;;099321      AMGEN INC;261,14940287;251,25636692;336,00000000;288,63499699;336,28000000;14101,00000000;0,00000000;0,00000000;0,00000000;0,00000000;20251113
88;1O;00103;US4581401001;INTEL CORP.;USD;OTC;111111;201;O;130038,000;0,000;0,000;0,000;20,1739;19,3698;2623377,3500;2518822,60;1,041509;35,9100;30,8478;4669664,5800;4011394,71;4669664,5800;4011394,71;37,8900;78,002;11,771;59,257;1,139;0,897;0,669;-5,226;0,672;0,000;0,000;0,0000;0,00;;;;DUSD;N069000;T300;;099331      INTEL CORP.;20,17392877;19,36989649;35,91000000;30,84786530;37,89000000;130038,00000000;0,00000000;0,00000000;0,00000000;0,00000000;20251113
88;1O;00492;US9078181081;UNION PACIFIC CORP.;USD;NEW YORK;111111;201;O;19924,000;0,000;0,000;0,000;227,6516;219,1198;4535730,9500;4365742,93;1,038937;221,4800;190,2585;4412767,5200;3790711,73;4412767,5200;3790711,73;223,5500;-2,711;12,047;-13,171;1,076;0,847;0,632;-0,926;0,635;0,000;0,000;0,0000;0,00;;;;DUSD;N069000;T300;;099368      UNION PACIFIC CORP.;227,65162367;219,11980174;221,48000000;190,25856885;223,55000000;19924,00000000;0,00000000;0,00000000;0,00000000;0,00000000;20251113
88;1O;02840;US8636671013;STRYKER CORP.;USD;NEW YORK;111111;201;O;11371,000;0,000;0,000;0,000;360,7567;347,0914;4102164,4400;3946777,22;1,039371;373,4200;320,7800;4246158,8200;3647589,40;4246158,8200;3647589,40;367,3400;3,510;12,000;-7,581;1,036;0,815;0,608;1,655;0,611;0,000;0,000;0,0000;0,00;;;;DUSD;N069000;T300;;099392      STRYKER CORP.;360,75670037;347,09148008;373,42000000;320,78000171;367,34000000;11371,00000000;0,00000000;0,00000000;0,00000000;0,00000000;20251113
88;1O;01458;US92343V1044;VERIZON COMMUNICATION;USD;NEW YORK;111111;201;O;102592,000;0,000;0,000;0,000;43,1539;36,6549;4427244,9100;3760507,01;1,177300;41,1100;35,3148;4217557,1200;3623019,60;4217557,1200;3623019,60;40,8000;-4,736;-1,121;-3,656;1,029;0,810;0,604;0,760;0,607;0,000;0,000;0,0000;0,00;;;;DUSD;N069000;T300;;099396      VERIZON COMMUNICATION;43,15390001;36,65497319;41,11000000;35,31483549;40,80000000;102592,00000000;0,00000000;0,00000000;0,00000000;0,00000000;20251113
88;1O;00349;US8725401090;TJX COMPANIES INC.;USD;NEW YORK;111111;201;O;28371,000;0,000;0,000;0,000;120,6829;115,0791;3423896,3000;3264909,52;1,048696;146,4000;125,7623;4153514,4000;3568004,81;4153514,4000;3568004,81;147,6300;21,310;11,005;9,283;1,013;0,798;0,595;-0,833;0,597;0,000;0,000;0,0000;0,00;;;;DUSD;N069000;T300;;099405      TJX COMPANIES INC.;120,68296147;115,07911317;146,40000000;125,76239154;147,63000000;28371,00000000;0,00000000;0,00000000;0,00000000;0,00000000;20251113
88;1O;19426;US6974351057;PALO ALTO NETWORKS INC;USD;NEW YORK;111111;201;O;20035,000;0,000;0,000;0,000;181,9662;174,8096;3645692,9400;3502310,67;1,040939;204,7700;175,9041;4102566,9500;3524239,28;4102566,9500;3524239,28;210,0400;12,532;11,832;0,626;1,001;0,788;0,588;-2,509;0,590;0,000;0,000;0,0000;0,00;;;;DUSD;N069000;T300;;099412      PALO ALTO NETWORKS INC;181,96620613;174,80961667;204,77000000;175,90413194;210,04000000;20035,00000000;0,00000000;0,00000000;0,00000000;0,00000000;20251113
88;1O;01357;US0530151036;AUTOMATIC DATA PROCESSING;USD;OTC;111111;201;O;16061,000;0,000;0,000;0,000;292,6021;281,1388;4699482,9400;4515371,20;1,040774;254,6100;218,7183;4089291,2100;3512834,99;4089291,2100;3512834,99;254,5500;-12,984;11,849;-22,203;0,998;0,785;0,586;0,024;0,588;0,000;0,000;0,0000;0,00;;;;DUSD;N069000;T300;;099414      AUTOMATIC DATA PROCESSING;292,60213809;281,13885810;254,61000000;218,71832316;254,55000000;16061,00000000;0,00000000;0,00000000;0,00000000;0,00000000;20251113
88;1O;03448;US8716071076;SYNOPSYS INC.;USD;OTC;111111;201;O;10367,000;0,000;0,000;0,000;499,4981;456,8260;5178297,3900;4735915,15;1,093410;393,9300;338,3987;4083872,3100;3508179,98;4083872,3100;3508179,98;398,8100;-21,135;6,465;-25,924;0,996;0,784;0,585;-1,224;0,587;0,000;0,000;0,0000;0,00;;;;DUSD;N069000;T300;;099415      SYNOPSYS INC.;499,49815665;456,82600077;393,93000000;338,39876299;398,81000000;10367,00000000;0,00000000;0,00000000;0,00000000;0,00000000;20251113
88;1O;00432;US0326541051;ANALOG DEVICES;USD;OTC;111111;201;O;16688,000;0,000;0,000;0,000;212,6646;204,2666;3548948,3000;3408802,61;1,041113;237,5300;204,0460;3963900,6400;3405120,38;3963900,6400;3405120,38;241,4400;11,692;11,813;-0,108;0,967;0,761;0,568;-1,619;0,570;0,000;0,000;0,0000;0,00;;;;DUSD;N069000;T300;;099432      ANALOG DEVICES;212,66468720;204,26669523;237,53000000;204,04604415;241,44000000;16688,00000000;0,00000000;0,00000000;0,00000000;0,00000000;20251113
88;1O;00035;US1011371077;BOSTON SCIENTIFIC CORP.;USD;NEW YORK;111111;201;O;36297,000;0,000;0,000;0,000;89,7172;86,2944;3256468,4800;3132229,43;1,039665;104,9800;90,1812;3810459,0600;3273309,05;3810459,0600;3273309,05;104,1300;17,012;11,969;4,504;0,930;0,732;0,546;0,816;0,548;0,000;0,000;0,0000;0,00;;;;DUSD;N069000;T300;;099454      BOSTON SCIENTIFIC CORP.;89,71729013;86,29444389;104,98000000;90,18125590;104,13000000;36297,00000000;0,00000000;0,00000000;0,00000000;0,00000000;20251113
88;1O;02043;US00724F1012;ADOBE SYSTEM INC.;USD;OTC;111111;201;O;11030,000;0,000;0,000;0,000;357,7910;304,8027;3946435,5100;3361973,95;1,173845;333,6000;286,5733;3679608,0000;3160903,70;3679608,0000;3160903,70;337,0500;-6,761;-0,830;-5,981;0,898;0,707;0,527;-1,024;0,529;0,000;0,000;0,0000;0,00;;;;DUSD;N069000;T300;;099473      ADOBE SYSTEM INC.;357,79107071;304,80271532;333,60000000;286,57331844;337,05000000;11030,00000000;0,00000000;0,00000000;0,00000000;0,00000000;20251113
88;1O;03191;US3755581036;GILEAD SCIENCES INC.;USD;OTC;111111;201;O;29279,000;0,000;0,000;0,000;104,1819;95,0331;3050342,7800;2782474,14;1,096270;125,2000;107,5508;3665730,8000;3148982,73;3665730,8000;3148982,73;123,4000;20,174;6,187;13,172;0,894;0,704;0,525;1,459;0,527;0,000;0,000;0,0000;0,00;;;;DUSD;N069000;T300;;099475      GILEAD SCIENCES INC.;104,18193176;95,03310017;125,20000000;107,55089768;123,40000000;29279,00000000;0,00000000;0,00000000;0,00000000;0,00000000;20251113
88;1O;23879;US95040Q1040;WELLTOWER INC;USD;NEW YORK;111111;201;O;18885,000;0,000;0,000;0,000;127,5869;122,4343;2409479,7600;2312172,04;1,042085;191,0700;164,1353;3608356,9500;3099696,72;3608356,9500;3099696,72;191,6400;49,757;11,709;34,060;0,880;0,693;0,517;-0,297;0,519;0,000;0,000;0,0000;0,00;;;;DUSD;N069000;T300;;099483      WELLTOWER INC;127,58696108;122,43431506;191,07000000;164,13538355;191,64000000;18885,00000000;0,00000000;0,00000000;0,00000000;0,00000000;20251113
88;1O;06874;US9581021055;WESTERN DIGITAL CORP;USD;NEW YORK;111111;201;O;22953,000;0,000;0,000;0,000;44,7603;43,0103;1027384,5070;987217,51;1,040687;157,1600;135,0055;3607293,4800;3098783,16;3607293,4800;3098783,16;166,1100;251,114;11,859;213,891;0,880;0,693;0,517;-5,388;0,519;0,000;0,000;0,0000;0,00;;;;DUSD;N069000;T300;;099483      WESTERN DIGITAL CORP;44,76035842;43,01039123;157,16000000;135,00558371;166,11000000;22953,00000000;0,00000000;0,00000000;0,00000000;0,00000000;20251113
88;1O;00575;US0527691069;AUTODESK INC.;USD;OTC;111111;201;O;11615,000;0,000;0,000;0,000;296,5205;273,6689;3444086,3500;3178665,03;1,083501;297,1700;255,2787;3451629,5500;2965062,75;3451629,5500;2965062,75;301,7400;0,219;7,439;-6,720;0,842;0,663;0,495;-1,515;0,497;0,000;0,000;0,0000;0,00;;;;DUSD;N069000;T300;;099505      AUTODESK INC.;296,52056392;273,66896513;297,17000000;255,27875612;301,74000000;11615,00000000;0,00000000;0,00000000;0,00000000;0,00000000;20251113
88;1O;04140;US92532F1003;VERTEX PHARMACEUTICALS INC.;USD;OTC;111111;201;O;7892,000;0,000;0,000;0,000;402,4694;387,3343;3176288,9400;3056842,91;1,039075;434,5200;373,2669;3429231,8400;2945822,39;3429231,8400;2945822,39;434,1900;7,963;12,032;-3,632;0,837;0,658;0,491;0,076;0,493;0,000;0,000;0,0000;0,00;;;;DUSD;N069000;T300;;099509      VERTEX PHARMACEUTICALS INC.;402,46945514;387,33437785;434,52000000;373,26690146;434,19000000;7892,00000000;0,00000000;0,00000000;0,00000000;0,00000000;20251113
88;1O;11964;US74340W1036;PROLOGIS INC;USD;NEW YORK;111111;201;O;27458,000;0,000;0,000;0,000;105,6780;101,5226;2901707,6200;2787608,22;1,040931;124,0000;106,5200;3404792,0000;2924827,76;3404792,0000;2924827,76;124,8400;17,338;11,833;4,922;0,831;0,654;0,488;-0,673;0,490;0,000;0,000;0,0000;0,00;;;;DUSD;N069000;T300;;099512      PROLOGIS INC;105,67803991;101,52262437;124,00000000;106,52005841;124,84000000;27458,00000000;0,00000000;0,00000000;0,00000000;0,00000000;20251113
88;1O;00261;US5486611073;LOWE'S COMPANIES INC.;USD;NEW YORK;111111;201;O;14418,000;0,000;0,000;0,000;244,8387;232,8597;3530084,4370;3357372,30;1,051443;231,4700;198,8403;3337334,4600;2866879,53;3337334,4600;2866879,53;234,7000;-5,460;10,715;-14,609;0,814;0,641;0,478;-1,376;0,480;0,000;0,000;0,0000;0,00;;;;DUSD;N069000;T300;;099522      LOWE'S COMPANIES INC.;244,83870418;232,85977944;231,47000000;198,84030581;234,70000000;14418,00000000;0,00000000;0,00000000;0,00000000;0,00000000;20251113
88;1O;37453;US68902V1070;OTIS WORLDWIDE;USD;NEW YORK;111111;201;O;36761,000;0,000;0,000;0,000;92,9479;87,4123;3416860,5700;3213365,37;1,063328;90,5900;77,8197;3330178,9900;2860732,75;3330178,9900;2860732,75;90,9800;-2,537;9,477;-10,974;0,812;0,639;0,477;-0,429;0,479;0,000;0,000;0,0000;0,00;;;;DUSD;N069000;T300;;099523      OTIS WORLDWIDE;92,94797666;87,41234922;90,59000000;77,81977493;90,98000000;36761,00000000;0,00000000;0,00000000;0,00000000;0,00000000;20251113
88;1O;01205;US9113121068;UNITED PARCEL SERVICE CL.B;USD;NEW YORK;111111;201;O;34428,000;0,000;0,000;0,000;124,1132;119,4222;4272970,1900;4111468,06;1,039281;95,9700;82,4413;3304055,1600;2838291,52;3304055,1600;2838291,52;96,1800;-22,675;12,010;-30,966;0,806;0,634;0,473;-0,218;0,475;0,000;0,000;0,0000;0,00;;;;DUSD;N069000;T300;;099527      UNITED PARCEL SERVICE CL.B;124,11322731;119,42221621;95,97000000;82,44137101;96,18000000;34428,00000000;0,00000000;0,00000000;0,00000000;0,00000000;20251113
88;1O;12297;US7512121010;POLO RALPH LAUREN CORP. NEW;USD;NEW YORK;111111;201;O;9410,000;0,000;0,000;0,000;298,1567;258,0247;2805655,3500;2428012,90;1,155536;332,7700;285,8603;3131365,7000;2689945,62;3131365,7000;2689945,62;340,2100;11,609;0,741;10,788;0,764;0,601;0,449;-2,187;0,450;0,000;0,000;0,0000;0,00;;;;DUSD;N069000;T300;;099551      POLO RALPH LAUREN CORP. NEW;298,15678533;258,02475026;332,77000000;285,86032127;340,21000000;9410,00000000;0,00000000;0,00000000;0,00000000;0,00000000;20251113
88;1O;00567;US2788651006;ECOLAB INC.;USD;NEW YORK;111111;201;O;11037,000;0,000;0,000;0,000;235,3590;226,0176;2597657,4900;2494557,24;1,041330;261,9800;225,0493;2891473,2600;2483870,17;2891473,2600;2483870,17;261,0600;11,311;11,790;-0,428;0,705;0,555;0,414;0,352;0,416;0,000;0,000;0,0000;0,00;;;;DUSD;N069000;T300;;099586      ECOLAB INC.;235,35901875;226,01768959;261,98000000;225,04939438;261,06000000;11037,00000000;0,00000000;0,00000000;0,00000000;0,00000000;20251113
88;1O;12344;US98419M1009;XYLEM INC;USD;NEW YORK;111111;201;O;19522,000;0,000;0,000;0,000;120,3262;113,5129;2349009,4100;2215999,71;1,060022;147,2700;126,5097;2875004,9400;2469723,34;2875004,9400;2469723,34;149,8700;22,392;9,818;11,450;0,701;0,552;0,412;-1,735;0,414;0,000;0,000;0,0000;0,00;;;;DUSD;N069000;T300;;099588      XYLEM INC;120,32626831;113,51294488;147,27000000;126,50975002;149,87000000;19522,00000000;0,00000000;0,00000000;0,00000000;0,00000000;20251113
88;1O;00053;US1941621039;COLGATE PALMOLIVE CO.;USD;NEW YORK;111111;201;O;35304,000;0,000;0,000;0,000;81,6237;72,3135;2881644,1070;2552958,90;1,128747;78,7900;67,6831;2781602,1600;2389487,29;2781602,1600;2389487,29;78,5600;-3,472;3,132;-6,403;0,679;0,534;0,399;0,293;0,400;0,000;0,000;0,0000;0,00;;;;DUSD;N069000;T300;;099601      COLGATE PALMOLIVE CO.;81,62372838;72,31358769;78,79000000;67,68318872;78,56000000;35304,00000000;0,00000000;0,00000000;0,00000000;0,00000000;20251113
88;1O;37454;US14448C1045;CARRIER GLOBAL CORP;USD;NEW YORK;111111;201;O;47134,000;0,000;0,000;0,000;67,5558;63,6202;3184179,6600;2998676,99;1,061862;55,1600;47,3842;2599911,4400;2233409,02;2599911,4400;2233409,02;55,9900;-18,349;9,628;-25,520;0,634;0,499;0,373;-1,482;0,374;0,000;0,000;0,0000;0,00;;;;DUSD;N069000;T300;;099627      CARRIER GLOBAL CORP;67,55589722;63,62025268;55,16000000;47,38424533;55,99000000;47134,00000000;0,00000000;0,00000000;0,00000000;0,00000000;20251113
88;1O;19892;US29444U7000;EQUINIX INC;USD;OTC;111111;201;O;3157,000;0,000;0,000;0,000;933,9306;898,0446;2948418,9500;2835127,09;1,039960;786,5400;675,6636;2483106,7800;2133069,99;2483106,7800;2133069,99;813,2400;-15,782;11,937;-24,763;0,606;0,477;0,356;-3,283;0,357;0,000;0,000;0,0000;0,00;;;;DUSD;N069000;T300;;099644      EQUINIX INC;933,93061450;898,04469116;786,54000000;675,66360278;813,24000000;3157,00000000;0,00000000;0,00000000;0,00000000;0,00000000;20251113
88;1O;16468;US98978V1035;ZOETIS INC;USD;NEW YORK;111111;201;O;20003,000;0,000;0,000;0,000;162,5023;156,4279;3250534,0800;3129029,22;1,038831;121,1600;104,0804;2423563,4800;2081920,35;2423563,4800;2081920,35;121,2500;-25,441;12,059;-33,464;0,591;0,465;0,347;-0,074;0,349;0,000;0,000;0,0000;0,00;;;;DUSD;N069000;T300;;099653      ZOETIS INC;162,50232865;156,42799680;121,16000000;104,08040546;121,25000000;20003,00000000;0,00000000;0,00000000;0,00000000;0,00000000;20251113
88;1O;00572;US2371941053;DARDEN RESTAURANTS;USD;NEW YORK;111111;201;O;13426,000;0,000;0,000;0,000;195,9990;178,8649;2631483,8340;2401440,69;1,095794;175,4200;150,6915;2355188,9200;2023184,37;2355188,9200;2023184,37;175,6700;-10,500;6,233;-15,751;0,575;0,452;0,337;-0,142;0,339;0,000;0,000;0,0000;0,00;;;;DUSD;N069000;T300;;099663      DARDEN RESTAURANTS;195,99909384;178,86494041;175,42000000;150,69152134;175,67000000;13426,00000000;0,00000000;0,00000000;0,00000000;0,00000000;20251113
88;1O;04564;US5797802064;MCCORMICK & CO NON VTG;USD;NEW YORK;111111;201;O;34509,000;0,000;0,000;0,000;69,2857;62,6839;2390980,6180;2163159,78;1,105319;66,1000;56,7820;2281044,9000;1959492,23;2281044,9000;1959492,23;65,8800;-4,598;5,318;-9,415;0,556;0,438;0,327;0,334;0,328;0,000;0,000;0,0000;0,00;;;;DUSD;N069000;T300;;099673      MCCORMICK & CO NON VTG;69,28571149;62,68393114;66,10000000;56,78206339;65,88000000;34509,00000000;0,00000000;0,00000000;0,00000000;0,00000000;20251113
88;1O;33770;US1255231003;CIGNA CORP ORD;USD;NEW YORK;111111;201;O;7802,000;0,000;0,000;0,000;276,9745;266,4513;2160955,4300;2078853,48;1,039494;270,8900;232,7033;2113483,7800;1815551,74;2113483,7800;1815551,74;270,6100;-2,197;11,987;-12,666;0,516;0,406;0,303;0,103;0,304;0,000;0,000;0,0000;0,00;;;;DUSD;N069000;T300;;099697      CIGNA CORP ORD;276,97454883;266,45135606;270,89000000;232,70337599;270,61000000;7802,00000000;0,00000000;0,00000000;0,00000000;0,00000000;20251113
88;1O;19628;US0367521038;ELEVANCE HEALTH INC;USD;NEW YORK;111111;201;O;6363,000;0,000;0,000;0,000;367,3196;353,6595;2337254,7800;2250335,40;1,038625;328,2800;282,0032;2088845,6400;1794386,77;2088845,6400;1794386,77;327,6300;-10,628;12,081;-20,261;0,510;0,401;0,299;0,198;0,300;0,000;0,000;0,0000;0,00;;;;DUSD;N069000;T300;;099701      ELEVANCE HEALTH INC;367,31962596;353,65950023;328,28000000;282,00326432;327,63000000;6363,00000000;0,00000000;0,00000000;0,00000000;0,00000000;20251113
88;1O;08129;US90384S3031;ULTA BEAUTY INC;USD;OTC;111111;201;O;3848,000;0,000;0,000;0,000;508,2093;436,5108;1955589,5700;1679693,84;1,164254;533,8700;458,6118;2054331,7600;1764738,22;2054331,7600;1764738,22;535,4000;5,049;-0,013;5,063;0,501;0,394;0,294;-0,286;0,296;0,000;0,000;0,0000;0,00;;;;DUSD;N069000;T300;;099706      ULTA BEAUTY INC;508,20934771;436,51087318;533,87000000;458,61180310;535,40000000;3848,00000000;0,00000000;0,00000000;0,00000000;0,00000000;20251113
88;1O;08879;US0304201033;AMERICAN WATER WORKS CO INC;USD;NEW YORK;111111;201;O;15550,000;0,000;0,000;0,000;125,3086;120,3293;1948549,2500;1871120,78;1,041381;131,4600;112,9284;2044203,0000;1756037,28;2044203,0000;1756037,28;129,7700;4,909;11,784;-6,151;0,499;0,393;0,293;1,302;0,294;0,000;0,000;0,0000;0,00;;;;DUSD;N069000;T300;;099707      AMERICAN WATER WORKS CO INC;125,30863344;120,32931061;131,46000000;112,92844257;129,77000000;15550,00000000;0,00000000;0,00000000;0,00000000;0,00000000;20251113
88;1O;03366;US3021301094;EXPEDITORS INTL WASH INC.;USD;NEW YORK;111111;201;O;14771,000;0,000;0,000;0,000;111,0223;106,6378;1639910,3970;1575147,24;1,041116;138,4400;118,9244;2044897,2400;1756633,66;2044897,2400;1756633,66;140,6800;24,696;11,813;11,522;0,499;0,393;0,293;-1,592;0,294;0,000;0,000;0,0000;0,00;;;;DUSD;N069000;T300;;099707      EXPEDITORS INTL WASH INC.;111,02230025;106,63782005;138,44000000;118,92449102;140,68000000;14771,00000000;0,00000000;0,00000000;0,00000000;0,00000000;20251113
88;1O;00530;US0758871091;BECTON DICKINSON;USD;NEW YORK;111111;201;O;10423,000;0,000;0,000;0,000;225,7338;217,3548;2352823,6600;2265489,33;1,038550;193,0400;165,8276;2012055,9200;1728421,89;2012055,9200;1728421,89;192,1200;-14,483;12,089;-23,706;0,491;0,386;0,288;0,479;0,289;0,000;0,000;0,0000;0,00;;;;DUSD;N069000;T300;;099712      BECTON DICKINSON;225,73382519;217,35482394;193,04000000;165,82767803;192,12000000;10423,00000000;0,00000000;0,00000000;0,00000000;0,00000000;20251113
88;1O;33782;US24703L2025;DELL TECHS-ORD SHS CL C;USD;NEW YORK;111111;201;O;14389,000;0,000;0,000;0,000;129,7935;117,2877;1867598,7400;1687653,64;1,106624;133,9400;115,0588;1927262,6600;1655581,70;1927262,6600;1655581,70;140,7100;3,195;5,194;-1,900;0,470;0,370;0,276;-4,811;0,277;0,000;0,000;0,0000;0,00;;;;DUSD;N069000;T300;;099724      DELL TECHS-ORD SHS CL C;129,79350476;117,28776426;133,94000000;115,05884374;140,71000000;14389,00000000;0,00000000;0,00000000;0,00000000;0,00000000;20251113
88;1O;00104;US4595061015;INTERNATIONAL FLAVORS & FRAGRANCES INC.;USD;NEW YORK;111111;201;O;28475,000;0,000;0,000;0,000;81,7932;76,6446;2329063,1000;2182457,54;1,067175;67,4300;57,9245;1920069,2500;1649402,33;1920069,2500;1649402,33;65,4100;-17,560;9,082;-24,425;0,468;0,369;0,275;3,088;0,276;0,000;0,000;0,0000;0,00;;;;DUSD;N069000;T300;;099725      INTERNATIONAL FLAVORS & FRAGRANCES INC.;81,79326075;76,64468972;67,43000000;57,92457692;65,41000000;28475,00000000;0,00000000;0,00000000;0,00000000;0,00000000;20251113
88;1O;00316;US5745991068;MASCO CORP.;USD;NEW YORK;111111;201;O;31021,000;0,000;0,000;0,000;74,9639;68,7281;2325456,0300;2132015,56;1,090731;61,8000;53,0882;1917097,8000;1646849,76;1917097,8000;1646849,76;62,5200;-17,560;6,727;-22,756;0,468;0,368;0,275;-1,152;0,276;0,000;0,000;0,0000;0,00;;;;DUSD;N069000;T300;;099725      MASCO CORP.;74,96392862;68,72813771;61,80000000;53,08822266;62,52000000;31021,00000000;0,00000000;0,00000000;0,00000000;0,00000000;20251113
88;1O;04388;US2533931026;DICK'S SPORTING GOODS INC.;USD;NEW YORK;111111;201;O;8484,000;0,000;0,000;0,000;218,6598;194,4734;1855110,5550;1649912,58;1,124369;220,1000;189,0731;1867328,4000;1604096,21;1867328,4000;1604096,21;222,8600;0,659;3,534;-2,777;0,456;0,359;0,268;-1,238;0,269;0,000;0,000;0,0000;0,00;;;;DUSD;N069000;T300;;099732      DICK'S SPORTING GOODS INC.;218,65989568;194,47342998;220,10000000;189,07310368;222,86000000;8484,00000000;0,00000000;0,00000000;0,00000000;0,00000000;20251113
88;1O;00549;US4180561072;HASBRO INC.;USD;NEW YORK;111111;201;O;23739,000;0,000;0,000;0,000;66,2478;58,2567;1572658,1000;1382957,46;1,137170;78,9000;67,7776;1873007,1000;1608974,40;1873007,1000;1608974,40;79,1300;19,098;2,368;16,343;0,457;0,360;0,268;-0,291;0,269;0,000;0,000;0,0000;0,00;;;;DUSD;N069000;T300;;099732      HASBRO INC.;66,24786638;58,25676987;78,90000000;67,77768232;79,13000000;23739,00000000;0,00000000;0,00000000;0,00000000;0,00000000;20251113
88;1O;00426;US5951121038;MICRON TECHNOLOGY INC.;USD;OTC;111111;201;O;7790,000;0,000;0,000;0,000;101,2473;89,0584;788716,9980;693765,00;1,136865;236,9500;203,5478;1845840,5000;1585637,40;1845840,5000;1585637,40;244,9000;134,031;2,396;128,555;0,450;0,354;0,264;-3,246;0,266;0,000;0,000;0,0000;0,00;;;;DUSD;N069000;T300;;099736      MICRON TECHNOLOGY INC.;101,24736816;89,05840821;236,95000000;203,54780517;244,90000000;7790,00000000;0,00000000;0,00000000;0,00000000;0,00000000;20251113
88;1O;00212;US8718291078;SYSCO CORP.;USD;NEW YORK;111111;201;O;24471,000;0,000;0,000;0,000;76,4173;73,4172;1870007,7600;1796594,27;1,040863;75,0700;64,4875;1837037,9700;1578075,74;1837037,9700;1578075,74;75,4200;-1,763;11,840;-12,163;0,448;0,353;0,263;-0,464;0,264;0,000;0,000;0,0000;0,00;;;;DUSD;N069000;T300;;099737      SYSCO CORP.;76,41730047;73,41728045;75,07000000;64,48758697;75,42000000;24471,00000000;0,00000000;0,00000000;0,00000000;0,00000000;20251113
88;1O;13633;US8923561067;TRACTOR SUPPLY COMPANY;USD;OTC;111111;201;O;30712,000;0,000;0,000;0,000;57,3030;50,7160;1759890,4940;1557590,92;1,129880;56,1800;48,2604;1725400,1600;1482175,21;1725400,1600;1482175,21;55,9800;-1,960;3,029;-4,842;0,421;0,331;0,247;0,357;0,248;0,000;0,000;0,0000;0,00;;;;DUSD;N069000;T300;;099753      TRACTOR SUPPLY COMPANY;57,30302468;50,71603672;56,18000000;48,26045872;55,98000000;30712,00000000;0,00000000;0,00000000;0,00000000;0,00000000;20251113
88;1O;00399;US5184391044;ESTEE LAUDER COMPANIES CLA;USD;NEW YORK;111111;201;O;18932,000;0,000;0,000;0,000;92,0171;78,5571;1742068,7240;1487244,50;1,171340;89,9200;77,2442;1702365,4400;1462387,63;1702365,4400;1462387,63;92,0100;-2,279;-0,618;-1,671;0,415;0,327;0,244;-2,271;0,245;0,000;0,000;0,0000;0,00;;;;DUSD;N069000;T300;;099756      ESTEE LAUDER COMPANIES CLA;92,01715212;78,55717832;89,92000000;77,24422300;92,01000000;18932,00000000;0,00000000;0,00000000;0,00000000;0,00000000;20251113
88;1O;00525;US4278661081;HERSHEY CO.;USD;NEW YORK;111111;201;O;9000,000;0,000;0,000;0,000;173,8151;149,8922;1564335,9000;1349030,61;1,159600;178,1400;153,0280;1603260,0000;1377252,81;1603260,0000;1377252,81;178,2600;2,488;0,388;2,092;0,391;0,308;0,230;-0,067;0,231;0,000;0,000;0,0000;0,00;;;;DUSD;N069000;T300;;099770      HERSHEY CO.;173,81510000;149,89229000;178,14000000;153,02809037;178,26000000;9000,00000000;0,00000000;0,00000000;0,00000000;0,00000000;20251113
88;1O;01310;US0865161014;BEST BUY COMPANY INC.;USD;NEW YORK;111111;201;O;20744,000;0,000;0,000;0,000;71,9131;61,9607;1491766,1300;1285314,00;1,160624;76,1800;65,4411;1580277,9200;1357510,45;1580277,9200;1357510,45;77,7100;5,933;0,299;5,617;0,386;0,303;0,226;-1,969;0,227;0,000;0,000;0,0000;0,00;;;;DUSD;N069000;T300;;099774      BEST BUY COMPANY INC.;71,91313777;61,96075973;76,18000000;65,44111330;77,71000000;20744,00000000;0,00000000;0,00000000;0,00000000;0,00000000;20251113
88;1O;23399;US70450Y1038;PAYPAL HOLDINGS INC-W/I;USD;OTC;111111;201;O;23433,000;0,000;0,000;0,000;67,5124;57,3451;1582020,4100;1343769,99;1,177300;65,3300;56,1206;1530877,8900;1315074,21;1530877,8900;1315074,21;67,2000;-3,233;-1,121;-2,135;0,373;0,294;0,219;-2,783;0,220;0,000;0,000;0,0000;0,00;;;;DUSD;N069000;T300;;099781      PAYPAL HOLDINGS INC-W/I;67,51249989;57,34519651;65,33000000;56,12060819;67,20000000;23433,00000000;0,00000000;0,00000000;0,00000000;0,00000000;20251113
88;1O;07927;US2538681030;DIGITAL REALTY TRUST INC;USD;NEW YORK;111111;201;O;9502,000;0,000;0,000;0,000;176,2775;169,4302;1674989,3900;1609926,11;1,040414;158,1100;135,8216;1502361,2200;1290577,46;1502361,2200;1290577,46;163,9000;-10,306;11,888;-19,836;0,366;0,288;0,215;-3,533;0,216;0,000;0,000;0,0000;0,00;;;;DUSD;N069000;T300;;099785      DIGITAL REALTY TRUST INC;176,27756156;169,43023679;158,11000000;135,82166480;163,90000000;9502,00000000;0,00000000;0,00000000;0,00000000;0,00000000;20251113
88;1O;04293;US12504L1098;CB RICHARD ELLIS GROUP INC. -CL A;USD;NEW YORK;111111;201;O;9471,000;0,000;0,000;0,000;131,8735;126,6209;1248974,5100;1199227,22;1,041483;153,1700;131,5780;1450673,0700;1246175,65;1450673,0700;1246175,65;155,4000;16,149;11,773;3,915;0,354;0,279;0,208;-1,435;0,209;0,000;0,000;0,0000;0,00;;;;DUSD;N069000;T300;;099792      CB RICHARD ELLIS GROUP INC. -CL A;131,87356245;126,62097138;153,17000000;131,57804312;155,40000000;9471,00000000;0,00000000;0,00000000;0,00000000;0,00000000;20251113
88;1O;36719;US52736R1023;LEVI STRAUSS & CO CLASS A;USD;NEW YORK;111111;201;O;63678,000;0,000;0,000;0,000;20,0011;17,2848;1273634,5500;1100662,96;1,157152;21,6600;18,6066;1379265,4800;1184834,19;1379265,4800;1184834,19;21,7600;8,294;0,600;7,647;0,336;0,265;0,198;-0,460;0,198;0,000;0,000;0,0000;0,00;;;;DUSD;N069000;T300;;099802      LEVI STRAUSS & CO CLASS A;20,00117073;17,28482301;21,66000000;18,60664891;21,76000000;63678,00000000;0,00000000;0,00000000;0,00000000;0,00000000;20251113
88;1O;02976;US9884981013;YUM BRANDS INC.;USD;NEW YORK;111111;201;O;8852,000;0,000;0,000;0,000;145,6845;126,0130;1289599,7600;1115467,36;1,156107;149,7300;128,6229;1325409,9600;1138570,54;1325409,9600;1138570,54;149,3700;2,777;0,691;2,071;0,323;0,254;0,190;0,241;0,191;0,000;0,000;0,0000;0,00;;;;DUSD;N069000;T300;;099810      YUM BRANDS INC.;145,68456394;126,01303208;149,73000000;128,62297053;149,37000000;8852,00000000;0,00000000;0,00000000;0,00000000;0,00000000;20251113
88;1O;01215;US00846U1016;AGILENT TECHNOLOGIES INC.;USD;NEW YORK;111111;201;O;8872,000;0,000;0,000;0,000;134,0471;129,0309;1189266,4700;1144762,19;1,038876;146,8900;126,1833;1303208,0800;1119498,39;1303208,0800;1119498,39;151,5200;9,581;12,054;-2,207;0,318;0,250;0,187;-3,056;0,187;0,000;0,000;0,0000;0,00;;;;DUSD;N069000;T300;;099813      AGILENT TECHNOLOGIES INC.;134,04716749;129,03090509;146,89000000;126,18331758;151,52000000;8872,00000000;0,00000000;0,00000000;0,00000000;0,00000000;20251113
88;1O;09755;US92276F1003;VENTAS INC;USD;NEW YORK;111111;201;O;16729,000;0,000;0,000;0,000;59,3362;56,9695;992636,1800;953043,84;1,041543;77,2400;66,3516;1292147,9600;1109997,39;1292147,9600;1109997,39;76,9000;30,173;11,767;16,469;0,315;0,248;0,185;0,442;0,186;0,000;0,000;0,0000;0,00;;;;DUSD;N069000;T300;;099815      VENTAS INC;59,33625321;56,96956423;77,24000000;66,35168799;76,90000000;16729,00000000;0,00000000;0,00000000;0,00000000;0,00000000;20251113
88;1O;07900;US5500211090;LULULEMON ATHLETICA INC;USD;OTC;111111;201;O;7520,000;0,000;0,000;0,000;172,5206;148,0229;1297355,6600;1113132,27;1,165500;169,6600;145,7434;1275843,2000;1095991,07;1275843,2000;1095991,07;170,9000;-1,658;-0,120;-1,540;0,311;0,245;0,183;-0,726;0,184;0,000;0,000;0,0000;0,00;;;;DUSD;N069000;T300;;099817      LULULEMON ATHLETICA INC;172,52069946;148,02290824;169,66000000;145,74349282;170,90000000;7520,00000000;0,00000000;0,00000000;0,00000000;0,00000000;20251113
88;1O;08920;US49271V1008;KUERIG DR PEPPER;USD;NEW YORK;111111;201;O;46900,000;0,000;0,000;0,000;29,9020;25,6956;1402403,8000;1205124,86;1,163700;27,0000;23,1938;1266300,0000;1087793,14;1266300,0000;1087793,14;26,9000;-9,705;0,034;-9,736;0,309;0,243;0,181;0,372;0,182;0,000;0,000;0,0000;0,00;;;;DUSD;N069000;T300;;099819      KUERIG DR PEPPER;29,90200000;25,69562601;27,00000000;23,19388368;26,90000000;46900,00000000;0,00000000;0,00000000;0,00000000;0,00000000;20251113
88;1O;32178;US3802371076;GODADDY-ORD SHS CL A;USD;NEW YORK;111111;201;O;9222,000;0,000;0,000;0,000;195,1462;187,6991;1799639,0000;1730961,54;1,039676;131,0700;112,5934;1208727,5400;1038336,52;1208727,5400;1038336,52;132,5300;-32,835;11,968;-40,014;0,295;0,232;0,173;-1,102;0,174;0,000;0,000;0,0000;0,00;;;;DUSD;N069000;T300;;099827      GODADDY-ORD SHS CL A;195,14628063;187,69914769;131,07000000;112,59341980;132,53000000;9222,00000000;0,00000000;0,00000000;0,00000000;0,00000000;20251113
88;1O;09902;US28176E1082;EDWARDS LIFESCIENCES CORP;USD;NEW YORK;111111;201;O;13485,000;0,000;0,000;0,000;74,1235;71,3211;999556,0000;961766,02;1,039292;86,1100;73,9713;1161193,3500;997503,09;1161193,3500;997503,09;85,5800;16,171;12,009;3,716;0,283;0,223;0,166;0,619;0,167;0,000;0,000;0,0000;0,00;;;;DUSD;N069000;T300;;099834      EDWARDS LIFESCIENCES CORP;74,12354467;71,32117315;86,11000000;73,97130830;85,58000000;13485,00000000;0,00000000;0,00000000;0,00000000;0,00000000;20251113
88;1O;03963;US1273871087;CADENCE DESIGN SYS INC.;USD;OTC;111111;201;O;3436,000;0,000;0,000;0,000;372,5422;316,4377;1280055,0000;1087280,21;1,177300;315,9900;271,4457;1085741,6400;932687,60;1085741,6400;932687,60;315,5400;-15,180;-1,121;-14,218;0,265;0,208;0,156;0,143;0,156;0,000;0,000;0,0000;0,00;;;;DUSD;N069000;T300;;099844      CADENCE DESIGN SYS INC.;372,54220023;316,43777939;315,99000000;271,44575208;315,54000000;3436,00000000;0,00000000;0,00000000;0,00000000;0,00000000;20251113
88;1O;05346;US1924461023;COGNIZANT TECH SOLUTIONS A;USD;OTC;111111;201;O;13055,000;0,000;0,000;0,000;76,5034;73,5385;998752,7300;960045,88;1,040318;73,5600;63,1904;960325,8000;824951,29;960325,8000;824951,29;74,2000;-3,847;11,898;-14,072;0,234;0,184;0,138;-0,863;0,138;0,000;0,000;0,0000;0,00;;;;DUSD;N069000;T300;;099862      COGNIZANT TECH SOLUTIONS A;76,50346457;73,53855840;73,56000000;63,19044755;74,20000000;13055,00000000;0,00000000;0,00000000;0,00000000;0,00000000;20251113
88;1O;37182;US45687V1061;INGERSOLL RAND-ORD SHS;USD;NEW YORK;111111;201;O;12255,000;0,000;0,000;0,000;89,6290;86,1786;1098404,0400;1056118,89;1,040038;76,2000;65,4582;933831,0000;802191,39;933831,0000;802191,39;77,7100;-14,983;11,929;-24,043;0,228;0,179;0,134;-1,943;0,134;0,000;0,000;0,0000;0,00;;;;DUSD;N069000;T300;;099866      INGERSOLL RAND-ORD SHS;89,62905263;86,17861199;76,20000000;65,45829396;77,71000000;12255,00000000;0,00000000;0,00000000;0,00000000;0,00000000;20251113
88;1O;04020;US0534841012;AVALONBAY COMMUNITIES INC.;USD;NEW YORK;111111;201;O;4884,000;0,000;0,000;0,000;218,6182;210,1618;1067731,5900;1026430,25;1,040238;176,9800;152,0316;864370,3200;742522,39;864370,3200;742522,39;178,0500;-19,046;11,907;-27,660;0,211;0,166;0,124;-0,601;0,124;0,000;0,000;0,0000;0,00;;;;DUSD;N069000;T300;;099876      AVALONBAY COMMUNITIES INC.;218,61826167;210,16180384;176,98000000;152,03161240;178,05000000;4884,00000000;0,00000000;0,00000000;0,00000000;0,00000000;20251113
88;1O;02074;US98956P1021;ZIMMER HOLDINGS INC.;USD;NEW YORK;111111;201;O;9388,000;0,000;0,000;0,000;105,5618;101,5937;991014,7700;953762,17;1,039059;90,5700;77,8025;850271,1600;730410,76;850271,1600;730410,76;90,0300;-14,202;12,034;-23,418;0,207;0,163;0,122;0,600;0,122;0,000;0,000;0,0000;0,00;;;;DUSD;N069000;T300;;099878      ZIMMER HOLDINGS INC.;105,56186301;101,59375479;90,57000000;77,80259427;90,03000000;9388,00000000;0,00000000;0,00000000;0,00000000;0,00000000;20251113
88;1O;03754;US09062X1037;BIOGEN  INC.;USD;OTC;111111;201;O;3197,000;0,000;0,000;0,000;152,7409;147,0079;488312,7300;469984,55;1,038997;164,7300;141,5084;526641,8100;452402,55;526641,8100;452402,55;161,4800;7,849;12,041;-3,741;0,128;0,101;0,075;2,013;0,076;0,000;0,000;0,0000;0,00;;;;DUSD;N069000;T300;;099925      BIOGEN  INC.;152,74092274;147,00799186;164,73000000;141,50846147;161,48000000;3197,00000000;0,00000000;0,00000000;0,00000000;0,00000000;20251113
88;1O;06332;US48020Q1076;JONES LANG LASALLE INC;USD;NEW YORK;111111;201;O;1428,000;0,000;0,000;0,000;253,8510;243,7657;362499,2500;348097,55;1,041373;301,8800;259,3248;431084,6400;370315,81;431084,6400;370315,81;307,2600;18,920;11,785;6,383;0,105;0,083;0,062;-1,751;0,062;0,000;0,000;0,0000;0,00;;;;DUSD;N069000;T300;;099938      JONES LANG LASALLE INC;253,85101540;243,76579131;301,88000000;259,32480027;307,26000000;1428,00000000;0,00000000;0,00000000;0,00000000;0,00000000;20251113
88;1O;00814;US1011211018;BOSTON PROPERTIES INC.;USD;NEW YORK;111111;201;O;4360,000;0,000;0,000;0,000;74,0332;71,1455;322784,9800;310194,52;1,040589;70,8000;60,8195;308688,0000;265173,10;308688,0000;265173,10;71,6500;-4,367;11,869;-14,514;0,075;0,059;0,044;-1,186;0,044;0,000;0,000;0,0000;0,00;;;;DUSD;N069000;T300;;099956      BOSTON PROPERTIES INC.;74,03325229;71,14553211;70,80000000;60,81951722;71,65000000;4360,00000000;0,00000000;0,00000000;0,00000000;0,00000000;20251113
88;1O;03392;CH0013841017;LONZA GROUP AG-REG;CHF;VIRTX;111111;201;O;9019,000;0,000;0,000;0,000;535,4626;570,6622;4829337,9100;5146802,87;0,938318;552,6000;598,6350;4983899,4000;5399089,37;4983899,4000;5399089,37;554,6000;3,200;-1,622;4,902;42,116;1,207;0,901;-0,361;0,904;0,000;0,000;0,0000;0,00;;;;DCHF;N071000;T300;;099099      LONZA GROUP AG-REG;535,46267989;570,66225413;552,60000000;598,63503412;554,60000000;9019,00000000;0,00000000;0,00000000;0,00000000;0,00000000;20251113
88;1O;01930;CH0012221716;ABB LTD - NOM;CHF;VIRTX;111111;201;O;48308,000;0,000;0,000;0,000;58,6011;62,8104;2830906,1600;3034248,28;0,932984;56,1600;60,8384;2712977,2800;2938985,25;2712977,2800;2938985,25;57,4200;-4,166;-1,059;-3,140;22,926;0,657;0,490;-2,194;0,492;0,000;0,000;0,0000;0,00;;;;DCHF;N071000;T300;;099510      ABB LTD - NOM;58,60118738;62,81047197;56,16000000;60,83847903;57,42000000;48308,00000000;0,00000000;0,00000000;0,00000000;0,00000000;20251113
88;1O;01931;CH0012005267;NOVARTIS AG - NOM.;CHF;VIRTX;111111;201;O;22580,000;0,000;0,000;0,000;101,4106;108,1921;2289853,4100;2442979,12;0,937320;105,7400;114,5488;2387609,2000;2586511,97;2387609,2000;2586511,97;104,7000;4,269;-1,517;5,875;20,176;0,578;0,431;0,993;0,433;0,000;0,000;0,0000;0,00;;;;DCHF;N071000;T300;;099569      NOVARTIS AG - NOM.;101,41069132;108,19216651;105,74000000;114,54880294;104,70000000;22580,00000000;0,00000000;0,00000000;0,00000000;0,00000000;20251113
88;1O;39064;CH0025751329;LOGITECH INTL SA;USD;OTC;111111;201;O;36840,000;0,000;0,000;0,000;82,7796;79,4720;3049603,5500;2927748,74;1,041621;118,5900;101,8726;4368855,6000;3752989,95;4368855,6000;3752989,95;121,1300;43,260;11,758;28,187;1,066;0,839;0,626;-2,097;0,628;0,000;0,000;0,0000;0,00;;;;DUSD;N071000;T300;;099374      LOGITECH INTL SA;82,77968376;79,47200705;118,59000000;101,87269134;121,13000000;36840,00000000;0,00000000;0,00000000;0,00000000;0,00000000;20251113
88;1O;60381;IE000IVNQZ81;TE CONNECTIVITY PLC;USD;NEW YORK;111111;201;O;11516,000;0,000;0,000;0,000;142,9700;138,0552;1646442,5200;1589844,07;1,035600;236,2800;202,9722;2721000,4800;2337428,47;2721000,4800;2337428,47;246,3200;65,265;12,408;47,022;0,664;0,522;0,390;-4,076;0,391;0,000;0,000;0,0000;0,00;;;;DUSD;N071000;T300;;099610      TE CONNECTIVITY PLC;142,97000000;138,05523358;236,28000000;202,97225324;246,32000000;11516,00000000;0,00000000;0,00000000;0,00000000;0,00000000;20251113
88;1O;00872;KR7000660001;SK HYNIX INC.;KRW;SEOUL;111111;201;O;6190,000;0,000;0,000;0,000;354762,8432;216,8825;2195982000,0000;1342502,70;1635,737492;612000,0000;358,0521;3788280000,0000;2216343,09;3788280000,0000;2216343,09;617000,0000;72,510;4,494;65,090;66,504;0,495;0,370;-0,810;0,371;0,000;0,000;0,0000;0,00;;;;DKRW;N084000;T300;;099630      SK HYNIX INC.;354762,84329563;216,88250403;612000,00000000;358,05219605;617000,00000000;6190,00000000;0,00000000;0,00000000;0,00000000;0,00000000;20251113
88;1O;02748;KR7066570003;LG ELECTRONICS INC.;KRW;SEOUL;111111;201;O;20627,000;0,000;0,000;0,000;82932,4234;54,2130;1710647099,0000;1118252,04;1529,750931;92500,0000;54,1173;1907997500,0000;1116278,91;1907997500,0000;1116278,91;92900,0000;11,537;11,734;-0,176;33,496;0,250;0,186;-0,431;0,187;0,000;0,000;0,0000;0,00;;;;DKRW;N084000;T300;;099814      LG ELECTRONICS INC.;82932,42347408;54,21302370;92500,00000000;54,11736623;92900,00000000;20627,00000000;0,00000000;0,00000000;0,00000000;0,00000000;20251113
88;1O;09635;JP3651210001;NABTESCO CORP;JPY;TOKYO;111111;201;O;227039,000;0,000;0,000;0,000;2761,7974;17,0004;627035725,2790;3859757,73;162,454685;3537,0000;19,7042;803036943,0000;4473638,74;803036943,0000;4473638,74;3574,0000;28,069;10,495;15,905;8,684;1,000;0,746;-1,035;0,749;0,000;0,000;0,0000;0,00;;;;DJPY;N088000;T300;;099254      NABTESCO CORP;2761,79742369;17,00041724;3537,00000000;19,70427432;3574,00000000;227039,00000000;0,00000000;0,00000000;0,00000000;0,00000000;20251113
88;1O;00664;JP3266400005;KUBOTA CORP.;JPY;TOKYO;111111;201;O;319300,000;0,000;0,000;0,000;1690,2401;10,1137;539693680,0000;3229334,47;167,122262;2104,5000;11,7239;671966850,0000;3743460,32;671966850,0000;3743460,32;2112,5000;24,509;7,409;15,920;7,267;0,837;0,624;-0,379;0,627;0,000;0,000;0,0000;0,00;;;;DJPY;N088000;T300;;099376      KUBOTA CORP.;1690,24015032;10,11379414;2104,50000000;11,72395966;2112,50000000;319300,00000000;0,00000000;0,00000000;0,00000000;0,00000000;20251113
88;1O;00117;JP3270000007;KURITA WATER INDUSTRIES LTD.;JPY;TOKYO;111111;201;O;100300,000;0,000;0,000;0,000;5328,3763;32,2304;534436152,0000;3232714,17;165,321190;6433,0000;35,8376;645229900,0000;3594511,44;645229900,0000;3594511,44;6514,0000;20,731;8,579;11,192;6,978;0,803;0,600;-1,243;0,602;0,000;0,000;0,0000;0,00;;;;DJPY;N088000;T300;;099400      KURITA WATER INDUSTRIES LTD.;5328,37639082;32,23045034;6433,00000000;35,83760157;6514,00000000;100300,00000000;0,00000000;0,00000000;0,00000000;0,00000000;20251113
88;1O;00810;JP3205800000;KAO CORP.;JPY;TOKYO;111111;201;O;96600,000;0,000;0,000;0,000;6358,9943;39,3788;614278857,0000;3803998,60;161,482409;6548,0000;36,4782;632536800,0000;3523799,44;632536800,0000;3523799,44;6609,0000;2,972;11,160;-7,366;6,840;0,788;0,588;-0,923;0,590;0,000;0,000;0,0000;0,00;;;;DJPY;N088000;T300;;099412      KAO CORP.;6358,99437888;39,37886749;6548,00000000;36,47825510;6609,00000000;96600,00000000;0,00000000;0,00000000;0,00000000;0,00000000;20251113
88;1O;00196;JP3435000009;SONY CORP.;JPY;TOKYO;111111;201;O;126900,000;0,000;0,000;0,000;3224,0194;19,8332;409128065,0000;2516844,69;162,555944;4669,0000;26,0105;592496100,0000;3300736,70;592496100,0000;3300736,70;4686,0000;44,819;10,426;31,146;6,407;0,738;0,551;-0,363;0,553;0,000;0,000;0,0000;0,00;;;;DJPY;N088000;T300;;099449      SONY CORP.;3224,01942474;19,83329148;4669,00000000;26,01053345;4686,00000000;126900,00000000;0,00000000;0,00000000;0,00000000;0,00000000;20251113
88;1O;00433;JP3596200000;TOTO LTD.;JPY;TOKYO;111111;201;O;142000,000;0,000;0,000;0,000;3866,6151;23,4302;549059358,0000;3327100,93;165,026361;3862,0000;21,5148;548404000,0000;3055104,00;548404000,0000;3055104,00;3891,0000;-0,119;8,773;-8,175;5,931;0,683;0,510;-0,745;0,512;0,000;0,000;0,0000;0,00;;;;DJPY;N088000;T300;;099490      TOTO LTD.;3866,61519718;23,43028823;3862,00000000;21,51481692;3891,00000000;142000,00000000;0,00000000;0,00000000;0,00000000;0,00000000;20251113
88;1O;00163;JP3190000004;OBAYASHI CORP.;JPY;TOKYO;111111;201;O;184000,000;0,000;0,000;0,000;2102,3550;12,8890;386833330,6840;2371591,53;163,111280;2883,0000;16,0609;530472000,0000;2955206,62;530472000,0000;2955206,62;2847,0000;37,132;10,050;24,609;5,737;0,661;0,493;1,264;0,495;0,000;0,000;0,0000;0,00;;;;DJPY;N088000;T300;;099507      OBAYASHI CORP.;2102,35505806;12,88908440;2883,00000000;16,06090553;2847,00000000;184000,00000000;0,00000000;0,00000000;0,00000000;0,00000000;20251113
88;1O;00144;JP3914400001;MURATA MANUFACTURING CO.LTD.;JPY;TOKYO;111111;201;O;162800,000;0,000;0,000;0,000;2476,5429;15,0419;403181187,0800;2448837,09;164,641898;3169,0000;17,6541;515913200,0000;2874101,00;515913200,0000;2874101,00;3161,0000;27,961;9,027;17,366;5,579;0,642;0,479;0,253;0,481;0,000;0,000;0,0000;0,00;;;;DJPY;N088000;T300;;099521      MURATA MANUFACTURING CO.LTD.;2476,54291818;15,04199686;3169,00000000;17,65418302;3161,00000000;162800,00000000;0,00000000;0,00000000;0,00000000;0,00000000;20251113
88;1O;00447;JP3571400005;TOKYO ELECTRON LTD.;JPY;TOKYO;111111;201;O;13800,000;0,000;0,000;0,000;27438,8316;157,0074;378655877,0000;2166703,25;174,761300;33910,0000;188,9092;467958000,0000;2606947,36;467958000,0000;2606947,36;33660,0000;23,584;2,714;20,319;5,061;0,583;0,435;0,743;0,437;0,000;0,000;0,0000;0,00;;;;DJPY;N088000;T300;;099565      TOKYO ELECTRON LTD.;27438,83166666;157,00748188;33910,00000000;188,90922886;33660,00000000;13800,00000000;0,00000000;0,00000000;0,00000000;0,00000000;20251113
88;1O;00096;JP3854600008;HONDA MOTOR CO.;JPY;TOKYO;111111;201;O;285100,000;0,000;0,000;0,000;1546,1950;9,1470;440820215,4070;2607811,29;169,038388;1565,0000;8,7184;446181500,0000;2485632,65;446181500,0000;2485632,65;1544,5000;1,216;6,191;-4,685;4,825;0,556;0,415;1,327;0,416;0,000;0,000;0,0000;0,00;;;;DJPY;N088000;T300;;099585      HONDA MOTOR CO.;1546,19507333;9,14700557;1565,00000000;8,71845895;1544,50000000;285100,00000000;0,00000000;0,00000000;0,00000000;0,00000000;20251113
88;1O;00216;JP3538800008;TDK CORP.;JPY;TOKYO;111111;201;O;174800,000;0,000;0,000;0,000;1801,0618;11,0585;314825609,0000;1933037,83;162,865726;2553,0000;14,2225;446264400,0000;2486094,48;446264400,0000;2486094,48;2569,0000;41,750;10,216;28,611;4,826;0,556;0,415;-0,623;0,416;0,000;0,000;0,0000;0,00;;;;DJPY;N088000;T300;;099585      TDK CORP.;1801,06183638;11,05856882;2553,00000000;14,22250844;2569,00000000;174800,00000000;0,00000000;0,00000000;0,00000000;0,00000000;20251113
88;1O;03334;JP3148800000;IBIDEN CO. LTD.;JPY;TOKYO;111111;201;O;30873,000;0,000;0,000;0,000;4598,6155;28,3834;141973058,6140;876281,82;162,017579;13620,0000;75,8756;420490260,0000;2342509,31;420490260,0000;2342509,31;13705,0000;196,176;10,793;167,324;4,547;0,524;0,391;-0,620;0,392;0,000;0,000;0,0000;0,00;;;;DJPY;N088000;T300;;099609      IBIDEN CO. LTD.;4598,61557393;28,38343601;13620,00000000;75,87566196;13705,00000000;30873,00000000;0,00000000;0,00000000;0,00000000;0,00000000;20251113
88;1O;00037;JP3830800003;BRIDGESTONE CORP.;JPY;TOKYO;111111;201;O;52900,000;0,000;0,000;0,000;6463,8723;37,4498;341938848,5390;1981099,52;172,600541;7250,0000;40,3890;383525000,0000;2136579,53;383525000,0000;2136579,53;7210,0000;12,162;4,000;7,848;4,148;0,478;0,356;0,555;0,358;0,000;0,000;0,0000;0,00;;;;DJPY;N088000;T300;;099644      BRIDGESTONE CORP.;6463,87237313;37,44989640;7250,00000000;40,38902710;7210,00000000;52900,00000000;0,00000000;0,00000000;0,00000000;0,00000000;20251113
88;1O;00251;JP3942400007;ASTELLAS PHARMA INC.;JPY;TOKYO;111111;201;O;198800,000;0,000;0,000;0,000;1533,7730;9,4049;304914084,0000;1869702,37;163,081616;1874,5000;10,4426;372650600,0000;2075999,34;372650600,0000;2075999,34;1854,0000;22,215;10,070;11,034;4,030;0,464;0,346;1,106;0,348;0,000;0,000;0,0000;0,00;;;;DJPY;N088000;T300;;099654      ASTELLAS PHARMA INC.;1533,77305835;9,40494149;1874,50000000;10,44265259;1854,00000000;198800,00000000;0,00000000;0,00000000;0,00000000;0,00000000;20251113
88;1O;00148;JP3733000008;NEC CORP.;JPY;TOKYO;111111;201;O;58400,000;0,000;0,000;0,000;4988,1755;28,2773;291309455,0000;1651400,10;176,401500;5990,0000;33,3696;349816000,0000;1948790,06;349816000,0000;1948790,06;5880,0000;20,084;1,759;18,008;3,783;0,436;0,325;1,871;0,326;0,000;0,000;0,0000;0,00;;;;DJPY;N088000;T300;;099675      NEC CORP.;4988,17559931;28,27739897;5990,00000000;33,36969274;5880,00000000;58400,00000000;0,00000000;0,00000000;0,00000000;0,00000000;20251113
88;1O;00618;JP3358800005;SHIMIZU CORP.;JPY;TOKYO;111111;201;O;136400,000;0,000;0,000;0,000;1279,6496;7,8386;174544215,0000;1069191,37;163,248806;2515,0000;14,0108;343046000,0000;1911075,06;343046000,0000;1911075,06;2361,5000;96,538;9,957;78,740;3,710;0,427;0,319;6,500;0,320;0,000;0,000;0,0000;0,00;;;;DJPY;N088000;T300;;099681      SHIMIZU CORP.;1279,64967008;7,83864640;2515,00000000;14,01081423;2361,50000000;136400,00000000;0,00000000;0,00000000;0,00000000;0,00000000;20251113
88;1O;05704;JP3475350009;DAIICHI SANKYO CO LTD;JPY;TOKYO;111111;201;O;70900,000;0,000;0,000;0,000;4302,6197;26,3953;305055740,0000;1871432,12;163,006575;3425,0000;19,0803;242832500,0000;1352795,64;242832500,0000;1352795,64;3465,0000;-20,397;10,121;-27,713;2,626;0,302;0,226;-1,154;0,227;0,000;0,000;0,0000;0,00;;;;DJPY;N088000;T300;;099774      DAIICHI SANKYO CO LTD;4302,61974612;26,39537545;3425,00000000;19,08033349;3465,00000000;70900,00000000;0,00000000;0,00000000;0,00000000;0,00000000;20251113
88;1O;05558;JP3118000003;ASICS CORP;JPY;TOKYO;111111;201;O;60000,000;0,000;0,000;0,000;4021,9136;22,6868;241314816,0000;1361209,52;177,279700;3856,0000;21,4813;231360000,0000;1288883,49;231360000,0000;1288883,49;3791,0000;-4,125;1,255;-5,313;2,502;0,288;0,215;1,715;0,216;0,000;0,000;0,0000;0,00;;;;DJPY;N088000;T300;;099785      ASICS CORP;4021,91360000;22,68682533;3856,00000000;21,48139152;3791,00000000;60000,00000000;0,00000000;0,00000000;0,00000000;0,00000000;20251113
88;1O;03500;JP3164720009;RENEAS  ELECTRONICS CORP.;JPY;TOKYO;111111;201;O;76900,000;0,000;0,000;0,000;2029,2531;12,4486;156049565,8060;957297,89;163,010456;2013,0000;11,2142;154799700,0000;862373,69;154799700,0000;862373,69;1943,5000;-0,801;10,118;-9,916;1,674;0,193;0,144;3,576;0,144;0,000;0,000;0,0000;0,00;;;;DJPY;N088000;T300;;099856      RENEAS  ELECTRONICS CORP.;2029,25313141;12,44860715;2013,00000000;11,21422228;1943,50000000;76900,00000000;0,00000000;0,00000000;0,00000000;0,00000000;20251113
88;1O;00901;JP3976300008;RYOHIN KEIKAKU CO.LTD.;JPY;TOKYO;111111;201;O;45600,000;0,000;0,000;0,000;3356,9365;18,7057;153076308,0000;852984,30;179,459702;3305,0000;18,4118;150708000,0000;839579,24;150708000,0000;839579,24;3340,0000;-1,547;0,025;-1,572;1,630;0,188;0,140;-1,048;0,141;0,000;0,000;0,0000;0,00;;;;DJPY;N088000;T300;;099860      RYOHIN KEIKAKU CO.LTD.;3356,93657894;18,70579605;3305,00000000;18,41182546;3340,00000000;45600,00000000;0,00000000;0,00000000;0,00000000;0,00000000;20251113
88;1O;01057;JP3937200008;YAMATAKE CORP.;JPY;TOKYO;111111;201;O;97300,000;0,000;0,000;0,000;1232,3487;7,5554;119907530,0000;735147,68;163,106724;1493,0000;8,3173;145268900,0000;809278,56;145268900,0000;809278,56;1504,5000;21,151;10,053;10,084;1,571;0,181;0,135;-0,764;0,136;0,000;0,000;0,0000;0,00;;;;DJPY;N088000;T300;;099865      YAMATAKE CORP.;1232,34871531;7,55547461;1493,00000000;8,31735413;1504,50000000;97300,00000000;0,00000000;0,00000000;0,00000000;0,00000000;20251113
88;1O;17960;JP3351100007;SYSMEX CORP;JPY;TOKYO;111111;201;O;67300,000;0,000;0,000;0,000;2882,0211;17,6865;193960024,0000;1190303,28;162,950088;1588,5000;8,8493;106906050,0000;595562,95;106906050,0000;595562,95;1616,0000;-44,882;10,159;-49,965;1,156;0,133;0,099;-1,702;0,100;0,000;0,000;0,0000;0,00;;;;DJPY;N088000;T300;;099901      SYSMEX CORP;2882,02115899;17,68652719;1588,50000000;8,84937511;1616,00000000;67300,00000000;0,00000000;0,00000000;0,00000000;0,00000000;20251113
88;1O;00192;JP3351600006;SHISEIDO CO.;JPY;TOKYO;111111;201;O;7600,000;0,000;0,000;0,000;2769,0657;16,9899;21044900,0000;129123,74;162,982423;2675,0000;14,9021;20330000,0000;113256,40;20330000,0000;113256,40;2701,5000;-3,397;10,137;-12,288;0,220;0,025;0,019;-0,981;0,019;0,000;0,000;0,0000;0,00;;;;DJPY;N088000;T300;;099981      SHISEIDO CO.;2769,06578947;16,98996578;2675,00000000;14,90215827;2701,50000000;7600,00000000;0,00000000;0,00000000;0,00000000;0,00000000;20251113
88;1O;01571;HK0066009694;MTR CORP.;HKD;HONG KONG;111111;201;O;1092256,000;0,000;0,000;0,000;27,0248;3,3421;29518081,4000;3650517,27;8,086000;30,6800;3,3917;33510414,0800;3704650,28;33510414,0800;3704650,28;30,4600;13,525;11,866;1,483;36,279;0,828;0,618;0,722;0,620;0,000;0,000;0,0000;0,00;;;;DHKD;N103000;T300;;099382      MTR CORP.;27,02487457;3,34218101;30,68000000;3,39174175;30,46000000;1092256,00000000;0,00000000;0,00000000;0,00000000;0,00000000;20251113
88;1O;01620;HK0992009065;LENOVO GROUP LTD.;HKD;HONG KONG;111111;201;O;2402000,000;0,000;0,000;0,000;10,0295;1,2448;24090881,8000;2990046,54;8,057026;10,8600;1,2005;26085720,0000;2883833,95;26085720,0000;2883833,95;10,9900;8,280;12,268;-3,552;28,241;0,645;0,481;-1,183;0,483;0,000;0,000;0,0000;0,00;;;;DHKD;N103000;T300;;099519      LENOVO GROUP LTD.;10,02950949;1,24481537;10,86000000;1,20059698;10,99000000;2402000,00000000;0,00000000;0,00000000;0,00000000;0,00000000;20251113
88;1O;03896;HK0688002218;CHINA OVERSEAS LAND & INVESTMENT LTD;HKD;HONG KONG;111111;201;O;1575000,000;0,000;0,000;0,000;12,4261;1,5414;19571200,9000;2427807,95;8,061264;13,8700;1,5333;21845250,0000;2415040,63;21845250,0000;2415040,63;13,6700;11,619;12,209;-0,526;23,650;0,540;0,403;1,463;0,404;0,000;0,000;0,0000;0,00;;;;DHKD;N103000;T300;;099597      CHINA OVERSEAS LAND & INVESTMENT LTD;12,42615930;1,54146536;13,87000000;1,53335912;13,67000000;1575000,00000000;0,00000000;0,00000000;0,00000000;0,00000000;20251113
88;1O;00211;HK0019000162;SWIRE PACIFIC LTD. CLA;HKD;HONG KONG;111111;201;O;134343,000;0,000;0,000;0,000;70,4500;8,7573;9464464,3500;1176484,44;8,044700;71,0000;7,8492;9538353,0000;1054485,99;9538353,0000;1054485,99;70,0000;0,781;12,440;-10,370;10,326;0,236;0,176;1,429;0,177;0,000;0,000;0,0000;0,00;;;;DHKD;N103000;T300;;099824      SWIRE PACIFIC LTD. CLA;70,45000000;8,75731850;71,00000000;7,84920678;70,00000000;134343,00000000;0,00000000;0,00000000;0,00000000;0,00000000;20251113
88;2;00001;;LIQUIDITA';EUR;;;610;;0,000;0,000;0,000;0,000;0,0000;0,0000;0,0000;0,00;0,000000;0,0000;0,0000;0,0000;513146,51;0,0000;513146,51;0,0000;0,000;0,000;0,000;0,000;0,000;0,086;0,000;0,086;0,000;0,000;0,0000;0,00;2;;;;;;;;0,00000000;0,00000000;0,00000000;0,00000000;0,00000000;0,00000000;0,00000000;0,00000000;0,00000000;0,00000000;20251113
88;2;00002;;LIQUIDITA' A SCADERE;EUR;;;620;;0,000;0,000;0,000;0,000;0,0000;0,0000;0,0000;0,00;0,000000;0,0000;0,0000;0,0000;1417795,00;0,0000;1417795,00;0,0000;0,000;0,000;0,000;0,000;0,000;0,236;0,000;0,237;0,000;0,000;0,0000;0,00;3;;;;;;;;0,00000000;0,00000000;0,00000000;0,00000000;0,00000000;0,00000000;0,00000000;0,00000000;0,00000000;0,00000000;20251113
88;2;00016;;GIACENZE DI DOLLARI AUSTRALIANI      AUD;AUD;;;621;;8321010,450;0,000;0,000;0,000;0,0000;0,5787;8321010,4500;4815438,18;1,727986;0,0000;1,7770;8321010,4500;4682617,02;8321010,4500;4682617,02;0,0000;0,000;0,000;0,000;0,000;0,000;0,781;0,000;0,784;0,000;0,000;0,0000;0,00;3AUD1;;;;;;;;0,00000000;0,57870834;0,00000000;1,77700000;0,00000000;8321010,45000000;0,00000000;0,00000000;0,00000000;0,00000000;20251113
88;2;00009;;GIACENZE DI DOLLARI CANADESI         CAD;CAD;;;621;;2093328,690;0,000;0,000;0,000;0,0000;0,6701;2093328,6900;1402782,19;1,492269;0,0000;1,6311;2093328,6900;1283384,64;2093328,6900;1283384,64;0,0000;0,000;0,000;0,000;0,000;0,000;0,214;0,000;0,215;0,000;0,000;0,0000;0,00;3CAD1;;;;;;;;0,00000000;0,67012036;0,00000000;1,63110000;0,00000000;2093328,69000000;0,00000000;0,00000000;0,00000000;0,00000000;20251113
88;2;00007;;GIACENZE DI FRANCHI SVIZZERI         CHF;CHF;;;621;;1749141,060;0,000;0,000;0,000;0,0000;1,0732;1749141,0600;1877264,93;0,931750;0,0000;0,9231;1749141,0600;1894855,44;1749141,0600;1894855,44;0,0000;0,000;0,000;0,000;0,000;0,000;0,316;0,000;0,317;0,000;0,000;0,0000;0,00;3CHF1;;;;;;;;0,00000000;1,07324959;0,00000000;0,92310000;0,00000000;1749141,06000000;0,00000000;0,00000000;0,00000000;0,00000000;20251113
88;2;00035;;GIACENZE DI CORONA DANESE            DKK;DKK;;;621;;300973,480;0,000;0,000;0,000;0,0000;0,1338;300973,4800;40296,02;7,469062;0,0000;7,4674;300973,4800;40304,99;300973,4800;40304,99;0,0000;0,000;0,000;0,000;0,000;0,000;0,007;0,000;0,007;0,000;0,000;0,0000;0,00;3DKK1;;;;;;;;0,00000000;0,13388561;0,00000000;7,46740000;0,00000000;300973,48000000;0,00000000;0,00000000;0,00000000;0,00000000;20251113
88;2;00006;;GIACENZE DI STERLINE INGLESI         GBP;GBP;;;621;;9985842,570;0,000;0,000;0,000;0,0000;1,1478;9985842,5700;11462357,08;0,871186;0,0000;0,8822;9985842,5700;11319250,25;9985842,5700;11319250,25;0,0000;0,000;0,000;0,000;0,000;0,000;1,888;0,000;1,895;0,000;0,000;0,0000;0,00;3GBP1;;;;;;;;0,00000000;1,14786078;0,00000000;0,88220000;0,00000000;9985842,57000000;0,00000000;0,00000000;0,00000000;0,00000000;20251113
88;2;00014;;GIACENZE DI HONG KONG DOLLAR         HKD;HKD;;;621;;1388195,690;0,000;0,000;0,000;0,0000;0,1105;1388195,6900;153429,02;9,047804;0,0000;9,0455;1388195,6900;153468,10;1388195,6900;153468,10;0,0000;0,000;0,000;0,000;0,000;0,000;0,026;0,000;0,026;0,000;0,000;0,0000;0,00;3HKD1;;;;;;;;0,00000000;0,11052405;0,00000000;9,04550000;0,00000000;1388195,69000000;0,00000000;0,00000000;0,00000000;0,00000000;20251113
88;2;00008;;GIACENZE DI YEN GIAPPONESI           JPY;JPY;;;621;;28107302,000;0,000;0,000;0,000;0,0000;0,0056;28107302,0000;158747,30;177,056882;0,0000;179,5042;28107302,0000;156582,98;28107302,0000;156582,98;0,0000;0,000;0,000;0,000;0,000;0,000;0,026;0,000;0,026;0,000;0,000;0,0000;0,00;3JPY1;;;;;;;;0,00000000;0,00564790;0,00000000;179,50420000;0,00000000;28107302,00000000;0,00000000;0,00000000;0,00000000;0,00000000;20251113
88;2;00008;;IMPEGNI IN DIVISA YEN GIAPPONESI     JPY;JPY;;;622;;-3168153,000;0,000;0,000;0,000;0,0000;0,0051;-3168153,0000;-16297,69;194,392764;0,0000;179,5042;-3168153,0000;-17649,46;-3168153,0000;-17649,46;0,0000;0,000;0,000;0,000;0,000;0,000;-0,003;0,000;-0,003;0,000;0,000;0,0000;0,00;3JPY2;;;;;;;;0,00000000;0,00514422;0,00000000;179,50420000;0,00000000;-3168153,00000000;0,00000000;0,00000000;0,00000000;0,00000000;20251113
88;2;00031;;GIACENZE DI CORONA NORVEGESE         NOK;NOK;;;621;;2618120,310;0,000;0,000;0,000;0,0000;0,0856;2618120,3100;224174,85;11,678921;0,0000;11,6551;2618120,3100;224633,02;2618120,3100;224633,02;0,0000;0,000;0,000;0,000;0,000;0,000;0,037;0,000;0,038;0,000;0,000;0,0000;0,00;3NOK1;;;;;;;;0,00000000;0,08562435;0,00000000;11,65510000;0,00000000;2618120,31000000;0,00000000;0,00000000;0,00000000;0,00000000;20251113
88;2;00011;;GIACENZE DI CORONE SVEDESI           SEK;SEK;;;621;;5939846,530;0,000;0,000;0,000;0,0000;0,0911;5939846,5300;541389,92;10,971476;0,0000;10,9361;5939846,5300;543141,20;5939846,5300;543141,20;0,0000;0,000;0,000;0,000;0,000;0,000;0,091;0,000;0,091;0,000;0,000;0,0000;0,00;3SEK1;;;;;;;;0,00000000;0,09114543;0,00000000;10,93610000;0,00000000;5939846,53000000;0,00000000;0,00000000;0,00000000;0,00000000;20251113
88;2;00022;;GIACENZE DI DOLLARI SINGAPORE        SGD;SGD;;;621;;1618463,070;0,000;0,000;0,000;0,0000;0,7074;1618463,0700;1145055,55;1,413436;0,0000;1,5129;1618463,0700;1069775,31;1618463,0700;1069775,31;0,0000;0,000;0,000;0,000;0,000;0,000;0,178;0,000;0,179;0,000;0,000;0,0000;0,00;3SGD1;;;;;;;;0,00000000;0,70749563;0,00000000;1,51290000;0,00000000;1618463,07000000;0,00000000;0,00000000;0,00000000;0,00000000;20251113
88;2;00001;;GIACENZE DI DOLLARI USA              USD;USD;;;621;;11981261,530;0,000;0,000;0,000;0,0000;0,8676;11981261,5300;10395361,93;1,152558;0,0000;1,1641;11981261,5300;10292295,79;11981261,5300;10292295,79;0,0000;0,000;0,000;0,000;0,000;0,000;1,717;0,000;1,723;0,000;0,000;0,0000;0,00;3USD1;;;;;;;;0,00000000;0,86763500;0,00000000;1,16410000;0,00000000;11981261,53000000;0,00000000;0,00000000;0,00000000;0,00000000;20251113
88;2;00001;;IMPEGNI IN DIVISA DOLLARI USA        USD;USD;;;622;;-1200000,000;0,000;0,000;0,000;0,0000;0,8627;-1200000,0000;-1035286,00;1,159100;0,0000;1,1641;-1200000,0000;-1030839,27;-1200000,0000;-1030839,27;0,0000;0,000;0,000;0,000;0,000;0,000;-0,172;0,000;-0,173;0,000;0,000;0,0000;0,00;3USD2;;;;;;;;0,00000000;0,86273833;0,00000000;1,16410000;0,00000000;-1200000,00000000;0,00000000;0,00000000;0,00000000;0,00000000;20251113
88;4;;;DIRITTI MATURATI NON RISCOSSI;;;;700;;0,000;0,000;0,000;0,000;0,0000;0,0000;0,0000;0,00;0,000000;0,0000;0,0000;0,0000;670669,05;0,0000;670669,05;0,0000;0,000;0,000;0,000;0,000;0,000;0,112;0,000;0,112;0,000;0,000;0,0000;0,00;;;;;;;;;0,00000000;0,00000000;0,00000000;0,00000000;0,00000000;0,00000000;0,00000000;0,00000000;0,00000000;0,00000000;20251113
88;5;;;DEPOSITI MARGINI INIZ.FUTURES;;;;8;;0,000;0,000;0,000;0,000;0,0000;0,0000;0,0000;0,00;0,000000;0,0000;0,0000;0,0000;0,00;0,0000;0,00;0,0000;0,000;0,000;0,000;0,000;0,000;0,000;0,000;0,000;0,000;0,000;0,0000;0,00;;;;;;;;;0,00000000;0,00000000;0,00000000;0,00000000;0,00000000;0,00000000;0,00000000;0,00000000;0,00000000;0,00000000;20251113
88;5;;;MARGINI DI VARIAZIONE FUTURES;;;;8;;0,000;0,000;0,000;0,000;0,0000;0,0000;0,0000;0,00;0,000000;0,0000;0,0000;0,0000;0,00;0,0000;0,00;0,0000;0,000;0,000;0,000;0,000;0,000;0,000;0,000;0,000;0,000;0,000;0,0000;0,00;;;;;;;;;0,00000000;0,00000000;0,00000000;0,00000000;0,00000000;0,00000000;0,00000000;0,00000000;0,00000000;0,00000000;20251113
88;5;;;DEPOSITI BANCARI;;;;8;;0,000;0,000;0,000;0,000;0,0000;0,0000;0,0000;0,00;0,000000;0,0000;0,0000;0,0000;0,00;0,0000;0,00;0,0000;0,000;0,000;0,000;0,000;0,000;0,000;0,000;0,000;0,000;0,000;0,0000;0,00;;;;;;;;;0,00000000;0,00000000;0,00000000;0,00000000;0,00000000;0,00000000;0,00000000;0,00000000;0,00000000;0,00000000;20251113
88;9;;;RIMBORSI DA REGOLARE;;;;;;0,000;0,000;0,000;0,000;0,0000;0,0000;0,0000;0,00;0,000000;0,0000;0,0000;0,0000;-886835,80;0,0000;-886835,80;0,0000;0,000;0,000;0,000;0,000;0,000;0,000;0,000;0,000;0,000;0,000;0,0000;0,00;;;;;;;;;0,00000000;0,00000000;0,00000000;0,00000000;0,00000000;0,00000000;0,00000000;0,00000000;0,00000000;0,00000000;20251113
89;IF;63412;OEZ5;EURO BOBL DEC25;EUR;;;335;;-251,000;0,000;0,000;0,000;0,0000;0,0000;0,0000;0,00;0,000000;117,9300;0,0000;0,0000;-29600430,00;0,0000;-29600430,00;0,0000;0,000;0,000;0,000;0,000;0,000;0,000;0,000;0,000;0,000;0,000;0,0000;0,00;3;;;;;;;;0,00000000;0,00000000;117,93000000;0,00000000;0,00000000;0,00000000;0,00000000;0,00000000;0,00000000;0,00000000;20251113
89;IF;63416;IKZ5;EURO BTP DEC25;EUR;;;335;;-50,000;0,000;0,000;0,000;0,0000;0,0000;0,0000;0,00;0,000000;121,1700;0,0000;0,0000;-6058500,00;0,0000;-6058500,00;0,0000;0,000;0,000;0,000;0,000;0,000;0,000;0,000;0,000;0,000;0,000;0,0000;0,00;3;;;;;;;;0,00000000;0,00000000;121,17000000;0,00000000;0,00000000;0,00000000;0,00000000;0,00000000;0,00000000;0,00000000;20251113
89;1I;48808;IT0005596470;BTP  4,050% 2024-30/10/2037;EUR;MOT;086000;001;I;25000000,000;0,000;0,000;0,000;104,1690;104,1690;26042250,0000;26042250,00;0,000000;104,6880;104,6880;26172000,0000;26172000,00;26210942,3100;26210942,31;105,1680;0,498;0,000;0,498;4,197;16,849;2,949;-0,456;2,962;0,000;0,000;38942,3100;38942,31;;;;DEUR;N111111;T000;;097051      BTP  4,050% 2024-30/10/2037;104,16900000;104,16900000;104,68800000;104,68800000;105,16800000;25000000,00000000;0,00000000;0,00000000;0,00000000;0,00000000;20251113
89;1I;64016;IT0005676504;BTP 3,450% 2025-01/02/2036;EUR;MTS;086000;001;I;25000000,000;0,000;0,000;0,000;100,1900;100,1900;25047500,0000;25047500,00;0,000000;100,0850;100,0850;25021250,0000;25021250,00;25044687,5000;25044687,50;100,4990;-0,105;0,000;-0,105;4,011;16,099;2,819;-0,412;2,832;0,000;0,000;23437,5000;23437,50;;;;DEUR;N111111;T000;;097181      BTP 3,450% 2025-01/02/2036;100,19000000;100,19000000;100,08500000;100,08500000;100,49900000;25000000,00000000;0,00000000;0,00000000;0,00000000;0,00000000;20251113
89;1I;46541;IT0005542359;BTPS  4,000% 2023-30/10/2031;EUR;MTS;086000;001;I;16000000,000;0,000;0,000;0,000;104,3601;104,3601;16697631,2500;16697631,25;0,000000;106,4810;106,4810;17036960,0000;17036960,00;17061575,3800;17061575,38;106,7980;2,032;0,000;2,032;2,732;10,968;1,919;-0,297;1,928;0,000;0,000;24615,3800;24615,38;;;;DEUR;N111111;T000;;098081      BTPS  4,000% 2023-30/10/2031;104,36019530;104,36019530;106,48100000;106,48100000;106,79800000;16000000,00000000;0,00000000;0,00000000;0,00000000;0,00000000;20251113
89;1I;61681;IT0005647265;BTPS 3,250% 2025-15/07/2032;EUR;MTS;086000;001;I;15000000,000;0,000;0,000;0,000;101,9200;101,9200;15288000,0000;15288000,00;0,000000;101,6010;101,6010;15240150,0000;15240150,00;15405741,0000;15405741,00;101,9070;-0,313;0,000;-0,313;2,467;9,903;1,717;-0,300;1,725;0,000;0,000;165591,0000;165591,00;;;;DEUR;N111111;T000;;098283      BTPS 3,250% 2025-15/07/2032;101,92000000;101,92000000;101,60100000;101,60100000;101,90700000;15000000,00000000;0,00000000;0,00000000;0,00000000;0,00000000;20251113
89;1I;40175;IT0005438004;BTP 1,5%  2021-30.04.2045;EUR;MOT;086000;001;I;20000000,000;0,000;0,000;0,000;67,3345;67,3345;13466900,0000;13466900,00;0,000000;66,7800;66,7800;13356000,0000;13356000,00;13367538,4600;13367538,46;67,3130;-0,824;0,000;-0,824;2,141;8,593;1,505;-0,792;1,512;0,000;0,000;11538,4600;11538,46;;;;DEUR;N111111;T000;;098495      BTP 1,5%  2021-30.04.2045;67,33450000;67,33450000;66,78000000;66,78000000;67,31300000;20000000,00000000;0,00000000;0,00000000;0,00000000;0,00000000;20251113
89;1I;48714;IT0005595803;BTPS  3,450% 2024-15/07/2031;EUR;MOT;086000;001;I;12025000,000;0,000;0,000;0,000;101,9779;101,9779;12262848,9700;12262848,97;0,000000;103,2730;103,2730;12418578,2500;12418578,25;12554986,8400;12554986,84;103,5530;1,270;0,000;1,270;2,011;8,071;1,399;-0,270;1,406;0,000;0,000;136408,5900;136408,59;;;;DEUR;N111111;T000;;098601      BTPS  3,450% 2024-15/07/2031;101,97795400;101,97795400;103,27300000;103,27300000;103,55300000;12025000,00000000;0,00000000;0,00000000;0,00000000;0,00000000;20251113
89;1I;63527;IT0005669269;BOTS ZC 2025-14/09/2026;EUR;MTSBOT;086000;005;I;10000000,000;0,000;0,000;0,000;97,9722;97,9722;9797224,3000;9797224,30;0,000000;98,3180;98,3180;9796310,0000;9796310,00;9831800,0000;9831800,00;98,3100;-0,009;0,000;-0,009;1,574;6,320;1,104;0,008;1,109;0,000;0,000;35490,0000;35490,00;;;;DEUR;N111111;T000;;098896      BOTS ZC 2025-14/09/2026;97,97224300;97,97224300;98,31800000;98,31800000;98,31000000;10000000,00000000;0,00000000;0,00000000;0,00000000;0,00000000;20251113
89;1I;60625;IT0005622128;BTPS 2,700% 2024-15/10/2027;EUR;MTS;086000;001;I;8000000,000;0,000;0,000;0,000;100,4650;100,4650;8037200,0000;8037200,00;0,000000;100,8940;100,8940;8071520,0000;8071520,00;8088728,7900;8088728,79;100,9780;0,427;0,000;0,427;1,295;5,200;0,909;-0,083;0,914;0,000;0,000;17208,7900;17208,79;;;;DEUR;N111111;T000;;099091      BTPS 2,700% 2024-15/10/2027;100,46500000;100,46500000;100,89400000;100,89400000;100,97800000;8000000,00000000;0,00000000;0,00000000;0,00000000;0,00000000;20251113
89;1I;45169;IT0005508590;BTP 4% 2022/30.04.2035;EUR;MOT;086000;001;I;6405000,000;0,000;0,000;0,000;105,0530;105,0530;6728644,6500;6728644,65;0,000000;105,9840;105,9840;6788275,2000;6788275,20;6798129,0500;6798129,05;106,4560;0,886;0,000;0,886;1,089;4,370;0,765;-0,443;0,768;0,000;0,000;9853,8500;9853,85;;;;DEUR;N111111;T000;;099235      BTP 4% 2022/30.04.2035;105,05300000;105,05300000;105,98400000;105,98400000;106,45600000;6405000,00000000;0,00000000;0,00000000;0,00000000;0,00000000;20251113
89;1I;46612;AT0000A33SH3;REP OF AUSTRIA 2,900% 2023-23/05/2029;EUR;VIENNA;008000;100;I;10000000,000;0,000;0,000;0,000;102,8603;102,8603;10286030,0000;10286030,00;0,000000;102,1630;102,1630;10216300,0000;10216300,00;10354546,5800;10354546,58;102,2590;-0,678;0,000;-0,678;1,658;74,094;1,151;-0,094;1,156;0,000;0,000;138246,5800;138246,58;;;;DEUR;N008000;T100;;098849      REP OF AUSTRIA 2,900% 2023-23/05/2029;102,86030000;102,86030000;102,16300000;102,16300000;102,25900000;10000000,00000000;0,00000000;0,00000000;0,00000000;0,00000000;20251113
89;1I;48025;AT0000A39UW5;REP OF AUSTRIA 2,900% 2024-20/02/2034;EUR;VIENNA;008000;100;I;2000000,000;0,000;0,000;0,000;100,9960;100,9960;2019920,0000;2019920,00;0,000000;100,2330;100,2330;2004660,0000;2004660,00;2046928,4900;2046928,49;100,5400;-0,755;0,000;-0,755;0,328;14,647;0,226;-0,305;0,227;0,000;0,000;42268,4900;42268,49;;;;DEUR;N008000;T100;;099774      REP OF AUSTRIA 2,900% 2024-20/02/2034;100,99600000;100,99600000;100,23300000;100,23300000;100,54000000;2000000,00000000;0,00000000;0,00000000;0,00000000;0,00000000;20251113
89;1I;45229;BE0000356650;BELGIUM  KINGDOM 2.75% 202/22.04.2039;EUR;LUXEMBOURG;009000;100;I;5000000,000;0,000;0,000;0,000;94,7300;94,7300;4736500,0000;4736500,00;0,000000;91,7240;91,7240;4586200,0000;4586200,00;4663426,0300;4663426,03;92,2200;-3,173;0,000;-3,173;0,747;76,834;0,517;-0,538;0,519;0,000;0,000;77226,0300;77226,03;;;;DEUR;N009000;T100;;099483      BELGIUM  KINGDOM 2.75% 202/22.04.2039;94,73000000;94,73000000;91,72400000;91,72400000;92,22000000;5000000,00000000;0,00000000;0,00000000;0,00000000;0,00000000;20251113
89;1I;40325;FR0014002JM6;FRANCE OAT  0,500% 2020-25/06/2044;EUR;MTS;029000;100;I;27000000,000;0,000;0,000;0,000;58,1010;58,1010;15687270,0000;15687270,00;0,000000;54,9820;54,9820;14845140,0000;14845140,00;14897290,6800;14897290,68;55,3850;-5,368;0,000;-5,368;2,386;18,596;1,672;-0,728;1,680;0,000;0,000;52150,6800;52150,68;;;;DEUR;N029000;T100;;098328      FRANCE OAT  0,500% 2020-25/06/2044;58,10100000;58,10100000;54,98200000;54,98200000;55,38500000;27000000,00000000;0,00000000;0,00000000;0,00000000;0,00000000;20251113
89;1I;28193;FR0013234333;FRANCE O.A.T 1,75% 2016/25.06.2039;EUR;PARIGI;029000;100;I;14000000,000;0,000;0,000;0,000;81,4900;81,4900;11408600,0000;11408600,00;0,000000;79,3710;79,3710;11111940,0000;11111940,00;11206583,8400;11206583,84;79,7320;-2,600;0,000;-2,600;1,795;13,989;1,252;-0,453;1,258;0,000;0,000;94643,8400;94643,84;;;;DEUR;N029000;T100;;098748      FRANCE O.A.T 1,75% 2016/25.06.2039;81,49000000;81,49000000;79,37100000;79,37100000;79,73200000;14000000,00000000;0,00000000;0,00000000;0,00000000;0,00000000;20251113
89;1I;61155;FR001400X8V5;FRANCE GOVT 3,200% 2025-25/05/2035;EUR;PARIGI;029000;100;I;10000000,000;0,000;0,000;0,000;98,5500;98,5500;9855000,0000;9855000,00;0,000000;98,7930;98,7930;9879300,0000;9879300,00;10030094,5200;10030094,52;99,1060;0,247;0,000;0,247;1,606;12,521;1,113;-0,316;1,118;0,000;0,000;150794,5200;150794,52;;;;DEUR;N029000;T100;;098887      FRANCE GOVT 3,200% 2025-25/05/2035;98,55000000;98,55000000;98,79300000;98,79300000;99,10600000;10000000,00000000;0,00000000;0,00000000;0,00000000;0,00000000;20251113
89;1I;48592;FR001400PM68;FRANCE GOVT 2,75% 2024-25/02/2030;EUR;PARIGI;029000;100;I;8500000,000;0,000;0,000;0,000;100,0100;100,0100;8500850,0000;8500850,00;0,000000;100,6840;100,6840;8558140,0000;8558140,00;8725287,2600;8725287,26;100,8540;0,674;0,000;0,674;1,397;10,892;0,964;-0,169;0,969;0,000;0,000;167147,2600;167147,26;;;;DEUR;N029000;T100;;099036      FRANCE GOVT 2,75% 2024-25/02/2030;100,01000000;100,01000000;100,68400000;100,68400000;100,85400000;8500000,00000000;0,00000000;0,00000000;0,00000000;0,00000000;20251113
89;1I;33142;IE00BFZRQ242;IRISH 1,35% 2018/18.03.2031;EUR;DUBLINO;040000;100;I;5000000,000;0,000;0,000;0,000;94,1280;94,1280;4706400,0000;4706400,00;0,000000;94,5730;94,5730;4728650,0000;4728650,00;4773033,5600;4773033,56;94,7740;0,473;0,000;0,473;0,764;100,000;0,533;-0,212;0,535;0,000;0,000;44383,5600;44383,56;;;;DEUR;N040000;T100;;099467      IRISH 1,35% 2018/18.03.2031;94,12800000;94,12800000;94,57300000;94,57300000;94,77400000;5000000,00000000;0,00000000;0,00000000;0,00000000;0,00000000;20251113
89;1I;35096;NL0013552060;NETHERLAND 0.50% 2019/15.01.2040;EUR;AMSTERDAM;050000;100;I;16000000,000;0,000;0,000;0,000;71,1456;71,1456;11383300,0000;11383300,00;0,000000;70,2870;70,2870;11245920,0000;11245920,00;11312111,7800;11312111,78;70,7400;-1,207;0,000;-1,207;1,812;28,742;1,267;-0,640;1,273;0,000;0,000;66191,7800;66191,78;;;;DEUR;N050000;T100;;098733      NETHERLAND 0.50% 2019/15.01.2040;71,14562500;71,14562500;70,28700000;70,28700000;70,74000000;16000000,00000000;0,00000000;0,00000000;0,00000000;0,00000000;20251113
89;1I;31930;PTOTEWOE0017;PORTUGAL 2,25% 2018/18.04.2034;EUR;LISBONA;055000;100;I;1000000,000;0,000;0,000;0,000;95,8810;95,8810;958810,0000;958810,00;0,000000;95,2500;95,2500;952500,0000;952500,00;965383,5600;965383,56;95,5840;-0,658;0,000;-0,658;0,155;5,652;0,107;-0,349;0,108;0,000;0,000;12883,5600;12883,56;;;;DEUR;N055000;T100;;099893      PORTUGAL 2,25% 2018/18.04.2034;95,88100000;95,88100000;95,25000000;95,25000000;95,58400000;1000000,00000000;0,00000000;0,00000000;0,00000000;0,00000000;20251113
89;1I;34219;ES0000012E69;SPAIN BONOS 1.85% 2019/30.07.2035;EUR;MADRID;067000;100;I;14502000,000;0,000;0,000;0,000;89,3237;89,3237;12953736,1600;12953736,16;0,000000;89,3450;89,3450;12956811,9000;12956811,90;13034725,3800;13034725,38;89,7000;0,024;0,000;0,024;2,087;30,246;1,460;-0,396;1,467;0,000;0,000;77913,4800;77913,48;;;;DEUR;N067000;T100;;098540      SPAIN BONOS 1.85% 2019/30.07.2035;89,32379090;89,32379090;89,34500000;89,34500000;89,70000000;14502000,00000000;0,00000000;0,00000000;0,00000000;0,00000000;20251113
89;1I;27021;ES00000128E2;SPAIN BONOS 3.45% 2016 - 30/07/2066;EUR;MADRID;067000;100;I;6000000,000;0,000;0,000;0,000;93,7390;93,7390;5624340,0000;5624340,00;0,000000;87,3980;87,3980;5243880,0000;5243880,00;5303995,0700;5303995,07;88,2530;-6,765;0,000;-6,765;0,849;12,308;0,591;-0,969;0,594;0,000;0,000;60115,0700;60115,07;;;;DEUR;N067000;T100;;099409      SPAIN BONOS 3.45% 2016 - 30/07/2066;93,73900000;93,73900000;87,39800000;87,39800000;88,25300000;6000000,00000000;0,00000000;0,00000000;0,00000000;0,00000000;20251113
89;1I;62397;ES0000012P33;SPAIN BONOS 3,20% 31.10.2035;EUR;MADRID;067000;100;I;5000000,000;0,000;0,000;0,000;99,9270;99,9270;4996350,0000;4996350,00;0,000000;100,1200;100,1200;5006000,0000;5006000,00;5011698,6300;5011698,63;100,5020;0,193;0,000;0,193;0,803;11,629;0,564;-0,380;0,567;0,000;0,000;5698,6300;5698,63;;;;DEUR;N067000;T100;;099436      SPAIN BONOS 3,20% 31.10.2035;99,92700000;99,92700000;100,12000000;100,12000000;100,50200000;5000000,00000000;0,00000000;0,00000000;0,00000000;0,00000000;20251113
89;1I;43197;ES0000012K20;SPAIN BONOS 0.7% 2022/30.04.2032;EUR;AIAF;067000;100;I;5000000,000;0,000;0,000;0,000;86,3580;86,3580;4317900,0000;4317900,00;0,000000;87,9770;87,9770;4398850,0000;4398850,00;4417740,4100;4417740,41;88,2230;1,875;0,000;1,875;0,707;10,251;0,496;-0,279;0,498;0,000;0,000;18890,4100;18890,41;;;;DEUR;N067000;T100;;099504      SPAIN BONOS 0.7% 2022/30.04.2032;86,35800000;86,35800000;87,97700000;87,97700000;88,22300000;5000000,00000000;0,00000000;0,00000000;0,00000000;0,00000000;20251113
89;1I;41969;ES0000012J07;SPAIN BONOS % 2021/30.07.2042;EUR;AIAF;067000;100;I;6100000,000;0,000;0,000;0,000;67,9670;67,9670;4145987,0000;4145987,00;0,000000;66,9220;66,9220;4082242,0000;4082242,00;4099957,0700;4099957,07;67,3970;-1,538;0,000;-1,538;0,657;9,514;0,460;-0,705;0,462;0,000;0,000;17715,0700;17715,07;;;;DEUR;N067000;T100;;099540      SPAIN BONOS % 2021/30.07.2042;67,96700000;67,96700000;66,92200000;66,92200000;67,39700000;6100000,00000000;0,00000000;0,00000000;0,00000000;0,00000000;20251113
89;1I;44811;ES0000012K61;SPAIN BONOS ZC 2.55% 2022/31.10.2032;EUR;AIAF;067000;100;I;4000000,000;0,000;0,000;0,000;97,9350;97,9350;3917400,0000;3917400,00;0,000000;98,3020;98,3020;3932080,0000;3932080,00;3935712,8800;3935712,88;98,5950;0,375;0,000;0,375;0,630;9,133;0,443;-0,297;0,445;0,000;0,000;3632,8800;3632,88;;;;DEUR;N067000;T100;;099557      SPAIN BONOS ZC 2.55% 2022/31.10.2032;97,93500000;97,93500000;98,30200000;98,30200000;98,59500000;4000000,00000000;0,00000000;0,00000000;0,00000000;0,00000000;20251113
89;1I;43456;ES0000012K46;SPAIN BONOS 1.9% 2022/31.10.2052;EUR;AIAF;067000;100;I;5800000,000;0,000;0,000;0,000;70,0700;70,0700;4064060,0000;4064060,00;0,000000;66,5600;66,5600;3860480,0000;3860480,00;3864404,9300;3864404,93;67,2050;-5,009;0,000;-5,009;0,619;8,967;0,435;-0,960;0,437;0,000;0,000;3924,9300;3924,93;;;;DEUR;N067000;T100;;099565      SPAIN BONOS 1.9% 2022/31.10.2052;70,07000000;70,07000000;66,56000000;66,56000000;67,20500000;5800000,00000000;0,00000000;0,00000000;0,00000000;0,00000000;20251113
89;1I;10177;ES00000120N0;SPAIN BONOS 4,9% 2007/30.7.2040;EUR;AIAF;067000;100;I;1000000,000;0,000;0,000;0,000;117,7480;117,7480;1177480,0000;1177480,00;0,000000;115,0670;115,0670;1150670,0000;1150670,00;1164900,1400;1164900,14;115,6570;-2,277;0,000;-2,277;0,187;2,703;0,130;-0,510;0,130;0,000;0,000;14230,1400;14230,14;;;;DEUR;N067000;T100;;099870      SPAIN BONOS 4,9% 2007/30.7.2040;117,74800000;117,74800000;115,06700000;115,06700000;115,65700000;1000000,00000000;0,00000000;0,00000000;0,00000000;0,00000000;20251113
89;1I;36809;ES0000012F76;SPAIN BONOS 0.50% 2020/30.04.2030;EUR;MADRID;067000;100;I;313000,000;0,000;0,000;0,000;89,7570;89,7570;280939,4100;280939,41;0,000000;91,7590;91,7590;287205,6700;287205,67;288050,3400;288050,34;91,9370;2,230;0,000;2,230;0,046;0,668;0,032;-0,194;0,033;0,000;0,000;844,6700;844,67;;;;DEUR;N067000;T100;;099968      SPAIN BONOS 0.50% 2020/30.04.2030;89,75700000;89,75700000;91,75900000;91,75900000;91,93700000;313000,00000000;0,00000000;0,00000000;0,00000000;0,00000000;20251113
89;1I;45149;DE0001030740;BUNDESREPUBLIK 1,300% 2022-15/10/2027;EUR;FRANCOFORT;094000;100;I;62000000,000;0,000;0,000;0,000;98,7721;98,7721;61238758,6200;61238758,62;0,000000;98,7430;98,7430;61220660,0000;61220660,00;61284698,3600;61284698,36;98,7810;-0,030;0,000;-0,030;9,814;27,601;6,897;-0,038;6,929;0,000;0,000;64038,3600;64038,36;;;;DEUR;N094000;T100;;093103      BUNDESREPUBLIK 1,300% 2022-15/10/2027;98,77219130;98,77219130;98,74300000;98,74300000;98,78100000;62000000,00000000;0,00000000;0,00000000;0,00000000;0,00000000;20251113
89;1I;38532;DE0001030708;BUNDESREPUBLIK 0% 2020/15.08.2030;EUR;LUXEMBOURG;094000;100;I;61300000,000;0,000;0,000;0,000;89,0620;89,0620;54595006,0000;54595006,00;0,000000;90,0570;90,0570;55204941,0000;55204941,00;55204941,0000;55204941,00;90,2270;1,117;0,000;1,117;8,840;24,863;6,219;-0,188;6,248;0,000;0,000;0,0000;0,00;;;;DEUR;N094000;T100;;093781      BUNDESREPUBLIK 0% 2020/15.08.2030;89,06200000;89,06200000;90,05700000;90,05700000;90,22700000;61300000,00000000;0,00000000;0,00000000;0,00000000;0,00000000;20251113
89;1I;46637;DE000BU3Z005;BUNDESREPUBLIC 2,300% 2023-15/02/2033;EUR;FRANCOFORT;094000;100;I;43000000,000;0,000;0,000;0,000;100,2240;100,2240;43096320,0000;43096320,00;0,000000;98,8000;98,8000;42484000,0000;42484000,00;43218298,6300;43218298,63;99,0870;-1,421;0,000;-1,421;6,921;19,464;4,786;-0,290;4,809;0,000;0,000;734298,6300;734298,63;;;;DEUR;N094000;T100;;095214      BUNDESREPUBLIC 2,300% 2023-15/02/2033;100,22400000;100,22400000;98,80000000;98,80000000;99,08700000;43000000,00000000;0,00000000;0,00000000;0,00000000;0,00000000;20251113
89;1I;48904;DE000BU35025;BUNDESOBLIGATION  2,100% 2024-12/04/2029;EUR;FRANCOFORT;094000;100;I;27500000,000;0,000;0,000;0,000;100,0930;100,0930;27525600,0000;27525600,00;0,000000;99,8740;99,8740;27465350,0000;27465350,00;27805521,2300;27805521,23;99,9960;-0,219;0,000;-0,219;4,453;12,523;3,094;-0,122;3,109;0,000;0,000;340171,2300;340171,23;;;;DEUR;N094000;T100;;096906      BUNDESOBLIGATION  2,100% 2024-12/04/2029;100,09309090;100,09309090;99,87400000;99,87400000;99,99600000;27500000,00000000;0,00000000;0,00000000;0,00000000;0,00000000;20251113
89;1I;40880;DE0001030724;BUNDES  ZC 2021/15.08.2050;EUR;FRANCOFORT;094000;100;I;25000000,000;0,000;0,000;0,000;52,6170;52,6170;13154250,0000;13154250,00;0,000000;45,4180;45,4180;11354500,0000;11354500,00;11354500,0000;11354500,00;45,9620;-13,682;0,000;-13,682;1,818;5,114;1,279;-1,184;1,285;0,000;0,000;0,0000;0,00;;;;DEUR;N094000;T100;;098721      BUNDES  ZC 2021/15.08.2050;52,61700000;52,61700000;45,41800000;45,41800000;45,96200000;25000000,00000000;0,00000000;0,00000000;0,00000000;0,00000000;20251113
89;1I;49805;DE000BU22064;BUNDESREPUBLIK 2,700% 2024-17/09/2026;EUR;FRANCOFORT;094000;100;I;5000000,000;0,000;0,000;0,000;100,9940;100,9940;5049700,0000;5049700,00;0,000000;100,5680;100,5680;5028400,0000;5028400,00;5049482,1900;5049482,19;100,5820;-0,422;0,000;-0,422;0,809;2,274;0,566;-0,014;0,569;0,000;0,000;21082,1900;21082,19;;;;DEUR;N094000;T100;;099434      BUNDESREPUBLIK 2,700% 2024-17/09/2026;100,99400000;100,99400000;100,56800000;100,56800000;100,58200000;5000000,00000000;0,00000000;0,00000000;0,00000000;0,00000000;20251113
89;1I;03171;DE0001135226;BUNDES 4,75% 2003/4.7.2034;EUR;FRANCOFORT;094000;100;I;3000000,000;0,000;0,000;0,000;120,3650;120,3650;3610950,0000;3610950,00;0,000000;116,6940;116,6940;3500820,0000;3500820,00;3552354,2500;3552354,25;117,0840;-3,050;0,000;-3,050;0,569;1,600;0,394;-0,333;0,396;0,000;0,000;51534,2500;51534,25;;;;DEUR;N094000;T100;;099606      BUNDES 4,75% 2003/4.7.2034;120,36500000;120,36500000;116,69400000;116,69400000;117,08400000;3000000,00000000;0,00000000;0,00000000;0,00000000;0,00000000;20251113
89;1I;41448;SI0002104196;REP  OF SLOVENIA 0.125% 21-01.07.31;EUR;LUBIANA;260000;100;I;2400000,000;0,000;0,000;0,000;85,0350;85,0350;2040840,0000;2040840,00;0,000000;87,6900;87,6900;2104560,0000;2104560,00;2105669,5900;2105669,59;87,9070;3,122;0,000;3,122;0,337;100,000;0,237;-0,247;0,238;0,000;0,000;1109,5900;1109,59;;;;DEUR;N260000;T100;;099763      REP  OF SLOVENIA 0.125% 21-01.07.31;85,03500000;85,03500000;87,69000000;87,69000000;87,90700000;2400000,00000000;0,00000000;0,00000000;0,00000000;0,00000000;20251113
89;1I;44551;XS2489343793;KOMMUNEKREDIT 1.5% 2022/16.05.2029;EUR;LUXEMBOURG;021000;301;I;2950000,000;0,000;0,000;0,000;96,1040;96,1040;2835068,0000;2835068,00;0,000000;96,9010;96,9010;2858579,5000;2858579,50;2880522,6500;2880522,65;97,0310;0,829;0,000;0,829;0,461;33,387;0,322;-0,134;0,324;0,000;0,000;21943,1500;21943,15;;;;DEUR;N021000;T200;;099678      KOMMUNEKREDIT 1.5% 2022/16.05.2029;96,10400000;96,10400000;96,90100000;96,90100000;97,03100000;2950000,00000000;0,00000000;0,00000000;0,00000000;0,00000000;20251113
89;1I;45694;XS2563353361;ORSTED A/S  5,250% 2022-31.12.2049;EUR;LUXEMBOURG;021000;301;I;2500000,000;0,000;0,000;0,000;103,3760;103,3760;2584400,0000;2584400,00;0,000000;102,1500;102,1500;2553750,0000;2553750,00;2676010,2700;2676010,27;102,1720;-1,186;0,000;-1,186;0,429;31,017;0,288;-0,022;0,289;0,000;0,000;122260,2700;122260,27;;;;DEUR;N021000;T200;;099712      ORSTED A/S  5,250% 2022-31.12.2049;103,37600000;103,37600000;102,15000000;102,15000000;102,17200000;2500000,00000000;0,00000000;0,00000000;0,00000000;0,00000000;20251113
89;1I;36584;XS2010036874;ORSTED A/S 1.75% 2019/09.12.20.3019;EUR;LUXEMBOURG;021000;301;I;1200000,000;0,000;0,000;0,000;93,8510;93,8510;1126212,0000;1126212,00;0,000000;95,6970;95,6970;1148364,0000;1148364,00;1167868,1100;1167868,11;95,6980;1,967;0,000;1,967;0,187;13,536;0,129;-0,001;0,130;0,000;0,000;19504,1100;19504,11;;;;DEUR;N021000;T200;;099871      ORSTED A/S 1.75% 2019/09.12.20.3019;93,85100000;93,85100000;95,69700000;95,69700000;95,69800000;1200000,00000000;0,00000000;0,00000000;0,00000000;0,00000000;20251113
89;1I;46225;XS2591029876;ORSTED A/S 3,750% 2023-01/03/2030;EUR;LUXEMBOURG;021000;301;I;1000000,000;0,000;0,000;0,000;102,7150;102,7150;1027150,0000;1027150,00;0,000000;101,7770;101,7770;1017770,0000;1017770,00;1044174,1100;1044174,11;101,9410;-0,913;0,000;-0,913;0,167;12,103;0,115;-0,161;0,115;0,000;0,000;26404,1100;26404,11;;;;DEUR;N021000;T200;;099885      ORSTED A/S 3,750% 2023-01/03/2030;102,71500000;102,71500000;101,77700000;101,77700000;101,94100000;1000000,00000000;0,00000000;0,00000000;0,00000000;0,00000000;20251113
89;1I;39984;XS2293075680;ORSTED 1.50% 2021/18.02.2051;EUR;LUXEMBOURG;021000;301;I;1000000,000;0,000;0,000;0,000;83,6250;83,6250;836250,0000;836250,00;0,000000;84,8000;84,8000;848000,0000;848000,00;859013,7000;859013,70;84,8010;1,405;0,000;1,405;0,138;9,957;0,096;-0,001;0,096;0,000;0,000;11013,7000;11013,70;;;;DEUR;N021000;T200;;099904      ORSTED 1.50% 2021/18.02.2051;83,62500000;83,62500000;84,80000000;84,80000000;84,80100000;1000000,00000000;0,00000000;0,00000000;0,00000000;0,00000000;20251113
89;1I;37637;XS2171872570;NOKIA OYJ 3,125% 2020/15.05.2028;EUR;DUBLINO;028000;301;I;2500000,000;0,000;0,000;0,000;100,1730;100,1730;2504325,0000;2504325,00;0,000000;100,8410;100,8410;2521025,0000;2521025,00;2559980,4800;2559980,48;100,8810;0,667;0,000;0,667;0,410;33,128;0,284;-0,040;0,285;0,000;0,000;38955,4800;38955,48;;;;DEUR;N028000;T200;;099716      NOKIA OYJ 3,125% 2020/15.05.2028;100,17300000;100,17300000;100,84100000;100,84100000;100,88100000;2500000,00000000;0,00000000;0,00000000;0,00000000;0,00000000;20251113
89;1I;34244;XS1960685383;NOKIA OVJ 2% 2019/11.03.2026;EUR;DUBLINO;028000;301;I;1978000,000;0,000;0,000;0,000;98,7330;98,7330;1952938,7400;1952938,74;0,000000;99,6190;99,6190;1970463,8200;1970463,82;1997234,5600;1997234,56;99,6990;0,897;0,000;0,897;0,320;25,846;0,222;-0,080;0,223;0,000;0,000;26770,7400;26770,74;;;;DEUR;N028000;T200;;099778      NOKIA OVJ 2% 2019/11.03.2026;98,73300000;98,73300000;99,61900000;99,61900000;99,69900000;1978000,00000000;0,00000000;0,00000000;0,00000000;0,00000000;20251113
89;1I;46138;XS2488809612;NOKIA   4,375% 2023-21/08/2031;EUR;FIPS;028000;301;I;1500000,000;0,000;0,000;0,000;104,4490;104,4490;1566735,0000;1566735,00;0,000000;104,6600;104,6600;1569900,0000;1569900,00;1585002,7400;1585002,74;104,9230;0,202;0,000;0,202;0,254;20,511;0,177;-0,251;0,178;0,000;0,000;15102,7400;15102,74;;;;DEUR;N028000;T200;;099823      NOKIA   4,375% 2023-21/08/2031;104,44900000;104,44900000;104,66000000;104,66000000;104,92300000;1500000,00000000;0,00000000;0,00000000;0,00000000;0,00000000;20251113
89;1I;39333;XS2265360359;STORA ENSO 0.625% 2020/02.12.2030;EUR;LUXEMBOURG;028000;301;I;100000,000;0,000;0,000;0,000;85,2100;85,2100;85210,0000;85210,00;0,000000;89,3280;89,3280;89328,0000;89328,00;89920,4700;89920,47;89,4760;4,833;0,000;4,833;0,014;1,164;0,010;-0,165;0,010;0,000;0,000;592,4700;592,47;;;;DEUR;N028000;T200;;099990      STORA ENSO 0.625% 2020/02.12.2030;85,21000000;85,21000000;89,32800000;89,32800000;89,47600000;100000,00000000;0,00000000;0,00000000;0,00000000;0,00000000;20251113
89;1I;41157;FR0014003YN1;AGENCE FRANCAISE DEV 0,01% 2021/25.11.28;EUR;PARIGI;029000;301;I;7000000,000;0,000;0,000;0,000;89,7100;89,7100;6279700,0000;6279700,00;0,000000;92,5260;92,5260;6476820,0000;6476820,00;6477496,9900;6477496,99;92,5870;3,139;0,000;3,139;1,037;8,086;0,730;-0,066;0,733;0,000;0,000;676,9900;676,99;;;;DEUR;N029000;T200;;099270      AGENCE FRANCAISE DEV 0,01% 2021/25.11.28;89,71000000;89,71000000;92,52600000;92,52600000;92,58700000;7000000,00000000;0,00000000;0,00000000;0,00000000;0,00000000;20251113
89;1I;44194;FR001400A3H2;CAISSE AMORT DET 1.5% 2022/25.05.2032;EUR;PARIGI;029000;301;I;6500000,000;0,000;0,000;0,000;90,1050;90,1050;5856825,0000;5856825,00;0,000000;91,2780;91,2780;5933070,0000;5933070,00;5979015,2100;5979015,21;91,5070;1,302;0,000;1,302;0,957;7,464;0,668;-0,250;0,672;0,000;0,000;45945,2100;45945,21;;;;DEUR;N029000;T200;;099332      CAISSE AMORT DET 1.5% 2022/25.05.2032;90,10500000;90,10500000;91,27800000;91,27800000;91,50700000;6500000,00000000;0,00000000;0,00000000;0,00000000;0,00000000;20251113
89;1I;42158;FR0014005NA6;AFD 0.125% 2021/29.09.2031;EUR;PARIGI;029000;301;I;5000000,000;0,000;0,000;0,000;81,8530;81,8530;4092650,0000;4092650,00;0,000000;83,9480;83,9480;4197400,0000;4197400,00;4198170,5500;4198170,55;84,1440;2,559;0,000;2,559;0,672;5,241;0,473;-0,233;0,475;0,000;0,000;770,5500;770,55;;;;DEUR;N029000;T200;;099527      AFD 0.125% 2021/29.09.2031;81,85300000;81,85300000;83,94800000;83,94800000;84,14400000;5000000,00000000;0,00000000;0,00000000;0,00000000;0,00000000;20251113
89;1I;41183;FR0014004016;CADES 0% 2021 25/11/206;EUR;LUXEMBOURG;029000;301;I;3800000,000;0,000;0,000;0,000;95,6160;95,6160;3633408,0000;3633408,00;0,000000;97,8140;97,8140;3716932,0000;3716932,00;3716932,0000;3716932,00;97,8140;2,299;0,000;2,299;0,595;4,640;0,419;0,000;0,421;0,000;0,000;0,0000;0,00;;;;DEUR;N029000;T200;;099581      CADES 0% 2021 25/11/206;95,61600000;95,61600000;97,81400000;97,81400000;97,81400000;3800000,00000000;0,00000000;0,00000000;0,00000000;0,00000000;20251113
89;1I;40332;XS2312733871;FORVIA EX FAURECIA 2,375% 21-15.06.2029;EUR;DUBLINO;029000;301;I;2600000,000;0,000;0,000;0,000;89,5330;89,5330;2327858,0000;2327858,00;0,000000;96,4450;96,4450;2507570,0000;2507570,00;2532956,1100;2532956,11;96,4760;7,720;0,000;7,720;0,406;3,162;0,283;-0,032;0,284;0,000;0,000;25386,1100;25386,11;;;;DEUR;N029000;T200;;099717      FORVIA EX FAURECIA 2,375% 21-15.06.2029;89,53300000;89,53300000;96,44500000;96,44500000;96,47600000;2600000,00000000;0,00000000;0,00000000;0,00000000;0,00000000;20251113
89;1I;40673;FR00140033E4;CAISSE FRANCAISE DE FIN0,01% 21/27.04.29;EUR;PARIGI;029000;301;I;2000000,000;0,000;0,000;0,000;88,7960;88,7960;1775920,0000;1775920,00;0,000000;91,5370;91,5370;1830740,0000;1830740,00;1830849,5900;1830849,59;91,6070;3,087;0,000;3,087;0,293;2,285;0,206;-0,076;0,207;0,000;0,000;109,5900;109,59;;;;DEUR;N029000;T200;;099794      CAISSE FRANCAISE DE FIN0,01% 21/27.04.29;88,79600000;88,79600000;91,53700000;91,53700000;91,60700000;2000000,00000000;0,00000000;0,00000000;0,00000000;0,00000000;20251113
89;1I;43209;FR0014007RB1;CAISSE AMORT DETTE  0,45% 2022/19.01.203;EUR;PARIGI;029000;301;I;2000000,000;0,000;0,000;0,000;84,2030;84,2030;1684060,0000;1684060,00;0,000000;86,2180;86,2180;1724360,0000;1724360,00;1731707,9500;1731707,95;86,4130;2,393;0,000;2,393;0,277;2,162;0,194;-0,226;0,195;0,000;0,000;7347,9500;7347,95;;;;DEUR;N029000;T200;;099806      CAISSE AMORT DETTE  0,45% 2022/19.01.203;84,20300000;84,20300000;86,21800000;86,21800000;86,41300000;2000000,00000000;0,00000000;0,00000000;0,00000000;0,00000000;20251113
89;1I;37625;FR0013512233;KLEPIERRE 2% 2020/12.05.2029;EUR;PARIGI;029000;301;I;1000000,000;0,000;0,000;0,000;96,4790;96,4790;964790,0000;964790,00;0,000000;96,9870;96,9870;969870,0000;969870,00;980006,9900;980006,99;97,0760;0,527;0,000;0,527;0,157;1,223;0,109;-0,092;0,110;0,000;0,000;10136,9900;10136,99;;;;DEUR;N029000;T200;;099891      KLEPIERRE 2% 2020/12.05.2029;96,47900000;96,47900000;96,98700000;96,98700000;97,07600000;1000000,00000000;0,00000000;0,00000000;0,00000000;0,00000000;20251113
89;1I;44193;FR00140060E7;FONCIERE LYONNAISE 0.5% 2021/21.04.2028;EUR;PARIGI;029000;301;I;800000,000;0,000;0,000;0,000;93,3190;93,3190;746552,0000;746552,00;0,000000;95,2270;95,2270;761816,0000;761816,00;764073,5300;764073,53;95,2580;2,045;0,000;2,045;0,122;0,954;0,086;-0,033;0,086;0,000;0,000;2257,5300;2257,53;;;;DEUR;N029000;T200;;099914      FONCIERE LYONNAISE 0.5% 2021/21.04.2028;93,31900000;93,31900000;95,22700000;95,22700000;95,25800000;800000,00000000;0,00000000;0,00000000;0,00000000;0,00000000;20251113
89;1I;19194;XS1115498260;ORANGE SA 5% 2014/29.10.2049;EUR;PARIGI;029000;301;I;338000,000;0,000;0,000;0,000;102,4920;102,4920;346422,9600;346422,96;0,000000;101,6420;101,6420;343549,9600;343549,96;345540,9200;345540,92;101,6420;-0,829;0,000;-0,829;0,055;0,431;0,039;0,000;0,039;0,000;0,000;1990,9600;1990,96;;;;DEUR;N029000;T200;;099961      ORANGE SA 5% 2014/29.10.2049;102,49200000;102,49200000;101,64200000;101,64200000;101,64200000;338000,00000000;0,00000000;0,00000000;0,00000000;0,00000000;20251113
89;1I;38143;XS2195190520;SSE PLC 3,125% 2020/31.12.2049;EUR;LONDRAEST;031000;301;I;2500000,000;0,000;0,000;0,000;98,4100;98,4100;2460250,0000;2460250,00;0,000000;99,8430;99,8430;2496075,0000;2496075,00;2522188,0100;2522188,01;99,8540;1,456;0,000;1,456;0,404;61,897;0,281;-0,011;0,283;0,000;0,000;26113,0100;26113,01;;;;DEUR;N031000;T200;;099719      SSE PLC 3,125% 2020/31.12.2049;98,41000000;98,41000000;99,84300000;99,84300000;99,85400000;2500000,00000000;0,00000000;0,00000000;0,00000000;0,00000000;20251113
89;1I;48462;XS2794589403;BRITISH TELECOM TV (5,125) 03.10.2054;EUR;LONDRAEST;031000;301;I;1000000,000;0,000;0,000;0,000;103,3970;103,3970;1033970,0000;1033970,00;0,000000;104,1690;104,1690;1041690,0000;1041690,00;1047446,8500;1047446,85;104,2530;0,747;0,000;0,747;0,168;25,705;0,117;-0,081;0,118;0,000;0,000;5756,8500;5756,85;;;;DEUR;N031000;T200;;099883      BRITISH TELECOM TV (5,125) 03.10.2054;103,39700000;103,39700000;104,16900000;104,16900000;104,25300000;1000000,00000000;0,00000000;0,00000000;0,00000000;0,00000000;20251113
89;1I;44959;XS2510903862;SSE PLC 2.875% 01.08.2029;EUR;LONDRAEST;031000;301;I;500000,000;0,000;0,000;0,000;99,7420;99,7420;498710,0000;498710,00;0,000000;100,2230;100,2230;501115,0000;501115,00;505210,8900;505210,89;100,3320;0,482;0,000;0,482;0,081;12,398;0,056;-0,109;0,057;0,000;0,000;4095,8900;4095,89;;;;DEUR;N031000;T200;;099944      SSE PLC 2.875% 01.08.2029;99,74200000;99,74200000;100,22300000;100,22300000;100,33200000;500000,00000000;0,00000000;0,00000000;0,00000000;0,00000000;20251113
89;1I;45197;XS2486270858;KONINKLIJKE KPN 6 2022/31.12.2049;EUR;DUBLINO;050000;301;I;5200000,000;0,000;0,000;0,000;106,1250;106,1250;5518500,0000;5518500,00;0,000000;105,2260;105,2260;5471752,0000;5471752,00;5751269,8100;5751269,81;105,2400;-0,847;0,000;-0,847;0,921;14,613;0,616;-0,013;0,619;0,000;0,000;279517,8100;279517,81;;;;DEUR;N050000;T200;;099384      KONINKLIJKE KPN 6 2022/31.12.2049;106,12500000;106,12500000;105,22600000;105,22600000;105,24000000;5200000,00000000;0,00000000;0,00000000;0,00000000;0,00000000;20251113
89;1I;36892;XS2109819859;TELEFONICA TV 05.02.2027;EUR;DUBLINO;050000;301;I;4500000,000;0,000;0,000;0,000;97,3330;97,3330;4379985,0000;4379985,00;0,000000;98,5060;98,5060;4432770,0000;4432770,00;4491995,4200;4491995,42;98,4840;1,205;0,000;1,205;0,719;11,414;0,499;0,022;0,502;0,000;0,000;59225,4200;59225,42;;;;DEUR;N050000;T200;;099501      TELEFONICA TV 05.02.2027;97,33300000;97,33300000;98,50600000;98,50600000;98,48400000;4500000,00000000;0,00000000;0,00000000;0,00000000;0,00000000;20251113
89;1I;48326;XS2755535577;TELEFONICA EUR TV (5,752%) 24-31/12/2049;EUR;DUBLINO;050000;301;I;3000000,000;0,000;0,000;0,000;106,9210;106,9210;3207630,0000;3207630,00;0,000000;106,0990;106,0990;3182970,0000;3182970,00;3283200,1200;3283200,12;106,1010;-0,769;0,000;-0,769;0,526;8,342;0,359;-0,002;0,360;0,000;0,000;100230,1200;100230,12;;;;DEUR;N050000;T200;;099641      TELEFONICA EUR TV (5,752%) 24-31/12/2049;106,92100000;106,92100000;106,09900000;106,09900000;106,10100000;3000000,00000000;0,00000000;0,00000000;0,00000000;0,00000000;20251113
89;1I;45616;XS2462605671;TELEFONICA EM TV 2022/31.12.2049;EUR;LONDRAEST;050000;301;I;2000000,000;0,000;0,000;0,000;109,8700;109,8700;2197400,0000;2197400,00;0,000000;109,1530;109,1530;2183060,0000;2183060,00;2321655,8900;2321655,89;109,2590;-0,653;0,000;-0,653;0,372;5,899;0,246;-0,097;0,247;0,000;0,000;138595,8900;138595,89;;;;DEUR;N050000;T200;;099754      TELEFONICA EM TV 2022/31.12.2049;109,87000000;109,87000000;109,15300000;109,15300000;109,25900000;2000000,00000000;0,00000000;0,00000000;0,00000000;0,00000000;20251113
89;1I;46032;XS2582389156;TELEFONICA EUR BV TV 23-31.12.49;EUR;DUBLINO;050000;301;I;2000000,000;0,000;0,000;0,000;107,8640;107,8640;2157280,0000;2157280,00;0,000000;106,8670;106,8670;2137340,0000;2137340,00;2202555,8900;2202555,89;106,8430;-0,924;0,000;-0,924;0,353;5,596;0,241;0,022;0,242;0,000;0,000;65215,8900;65215,89;;;;DEUR;N050000;T200;;099759      TELEFONICA EUR BV TV 23-31.12.49;107,86400000;107,86400000;106,86700000;106,86700000;106,84300000;2000000,00000000;0,00000000;0,00000000;0,00000000;0,00000000;20251113
89;1I;45980;PTEDP4OM0025;ENERGIAS DE PORT  2023-23/04/2083;EUR;DUBLINO;055000;301;I;7500000,000;0,000;0,000;0,000;105,0310;105,0310;7877325,0000;7877325,00;0,000000;105,6390;105,6390;7922925,0000;7922925,00;8172042,5300;8172042,53;105,6490;0,579;0,000;0,579;1,309;47,845;0,893;-0,009;0,897;0,000;0,000;249117,5300;249117,53;;;;DEUR;N055000;T200;;099107      ENERGIAS DE PORT  2023-23/04/2083;105,03100000;105,03100000;105,63900000;105,63900000;105,64900000;7500000,00000000;0,00000000;0,00000000;0,00000000;0,00000000;20251113
89;1I;41944;PTEDPXOM0021;ENERGIAS DE PORTUGAL SA 20218/14.03.2082;EUR;DUBLINO;055000;301;I;5500000,000;0,000;0,000;0,000;95,3850;95,3850;5246175,0000;5246175,00;0,000000;97,8110;97,8110;5379605,0000;5379605,00;5434755,6800;5434755,68;97,8250;2,543;0,000;2,543;0,870;31,819;0,606;-0,014;0,609;0,000;0,000;55150,6800;55150,68;;;;DEUR;N055000;T200;;099394      ENERGIAS DE PORTUGAL SA 20218/14.03.2082;95,38500000;95,38500000;97,81100000;97,81100000;97,82500000;5500000,00000000;0,00000000;0,00000000;0,00000000;0,00000000;20251113
89;1I;49005;PTEDPZOM0011;ENERGIAS DE PORT (4,750%) TV 29/05/2054;EUR;DUBLINO;055000;301;I;1200000,000;0,000;0,000;0,000;102,2090;102,2090;1226508,0000;1226508,00;0,000000;103,6630;103,6630;1243956,0000;1243956,00;1270191,6200;1270191,62;103,6770;1,423;0,000;1,423;0,203;7,437;0,140;-0,014;0,141;0,000;0,000;26235,6200;26235,62;;;;DEUR;N055000;T200;;099860      ENERGIAS DE PORT (4,750%) TV 29/05/2054;102,20900000;102,20900000;103,66300000;103,66300000;103,67700000;1200000,00000000;0,00000000;0,00000000;0,00000000;0,00000000;20251113
89;1I;39819;PTEDPROM0029;ENERGIAS DE PORT 1.875% 2021/02.08.2081;EUR;DUBLINO;055000;301;I;1100000,000;0,000;0,000;0,000;97,4210;97,4210;1071631,0000;1071631,00;0,000000;99,1560;99,1560;1090716,0000;1090716,00;1096536,2100;1096536,21;99,1380;1,781;0,000;1,781;0,176;6,420;0,123;0,018;0,123;0,000;0,000;5820,2100;5820,21;;;;DEUR;N055000;T200;;099877      ENERGIAS DE PORT 1.875% 2021/02.08.2081;97,42100000;97,42100000;99,15600000;99,15600000;99,13800000;1100000,00000000;0,00000000;0,00000000;0,00000000;0,00000000;20251113
89;1I;30714;XS1725677543;INMOBILIARIA COL SO 1,625% 2017/28.11.25;EUR;DUBLINO;067000;301;I;1500000,000;0,000;0,000;0,000;98,9310;98,9310;1483965,0000;1483965,00;0,000000;99,8540;99,8540;1497810,0000;1497810,00;1521183,2900;1521183,29;99,8550;0,933;0,000;0,933;0,244;3,530;0,169;-0,001;0,170;0,000;0,000;23373,2900;23373,29;;;;DEUR;N067000;T200;;099831      INMOBILIARIA COL SO 1,625% 2017/28.11.25;98,93100000;98,93100000;99,85400000;99,85400000;99,85500000;1500000,00000000;0,00000000;0,00000000;0,00000000;0,00000000;20251113
89;1I;43961;XS2443749648;TELIA CO AB 2,75 % 2022/30.06.2083;EUR;STOCCOLMA;068000;301;I;1200000,000;0,000;0,000;0,000;96,5120;96,5120;1158144,0000;1158144,00;0,000000;99,6330;99,6330;1195596,0000;1195596,00;1207891,8900;1207891,89;99,7200;3,234;0,000;3,234;0,193;100,000;0,135;-0,087;0,135;0,000;0,000;12295,8900;12295,89;;;;DEUR;N068000;T200;;099865      TELIA CO AB 2,75 % 2022/30.06.2083;96,51200000;96,51200000;99,63300000;99,63300000;99,72000000;1200000,00000000;0,00000000;0,00000000;0,00000000;0,00000000;20251113
89;1I;48521;XS2798269069;TERNA - RETE ELET TV 11-04-24/31/12/2049;EUR;LUXEMBOURG;086000;301;I;3800000,000;0,000;0,000;0,000;102,9960;102,9960;3913848,0000;3913848,00;0,000000;103,5870;103,5870;3936306,0000;3936306,00;4043122,4400;4043122,44;103,6000;0,574;0,000;0,574;0,647;2,599;0,443;-0,013;0,446;0,000;0,000;106816,4400;106816,44;;;;DEUR;N086000;T200;;099557      TERNA - RETE ELET TV 11-04-24/31/12/2049;102,99600000;102,99600000;103,58700000;103,58700000;103,60000000;3800000,00000000;0,00000000;0,00000000;0,00000000;0,00000000;20251113
89;1I;49606;XS2853679053;ERG SPA 4,125% 2024-03/07/2030;EUR;LUXEMBOURG;086000;301;I;2000000,000;0,000;0,000;0,000;102,9310;102,9310;2058620,0000;2058620,00;0,000000;104,2020;104,2020;2084040,0000;2084040,00;2114101,6400;2114101,64;104,4430;1,235;0,000;1,235;0,339;1,359;0,235;-0,231;0,236;0,000;0,000;30061,6400;30061,64;;;;DEUR;N086000;T200;;099765      ERG SPA 4,125% 2024-03/07/2030;102,93100000;102,93100000;104,20200000;104,20200000;104,44300000;2000000,00000000;0,00000000;0,00000000;0,00000000;0,00000000;20251113
89;1I;41977;XS2386650274;ERG SPA 0.875% 2021/15.09.2031;EUR;LUXEMBOURG;086000;301;I;2000000,000;0,000;0,000;0,000;84,3420;84,3420;1686840,0000;1686840,00;0,000000;87,7140;87,7140;1754280,0000;1754280,00;1757108,7700;1757108,77;87,9600;3,998;0,000;3,998;0,281;1,130;0,198;-0,280;0,199;0,000;0,000;2828,7700;2828,77;;;;DEUR;N086000;T200;;099802      ERG SPA 0.875% 2021/15.09.2031;84,34200000;84,34200000;87,71400000;87,71400000;87,96000000;2000000,00000000;0,00000000;0,00000000;0,00000000;0,00000000;20251113
89;1I;38550;XS2229434852;ERG SPA 0,5% 2020/11.09.2027;EUR;LUXEMBOURG;086000;301;I;1200000,000;0,000;0,000;0,000;93,7390;93,7390;1124868,0000;1124868,00;0,000000;96,2930;96,2930;1155516,0000;1155516,00;1156551,6200;1156551,62;96,3470;2,725;0,000;2,725;0,185;0,743;0,130;-0,056;0,131;0,000;0,000;1035,6200;1035,62;;;;DEUR;N086000;T200;;099870      ERG SPA 0,5% 2020/11.09.2027;93,73900000;93,73900000;96,29300000;96,29300000;96,34700000;1200000,00000000;0,00000000;0,00000000;0,00000000;0,00000000;20251113
89;1I;60711;XS2948434266;PRYSMIAN SPA 3,875% 2024-28/11/2031;EUR;LUXEMBOURG;086000;301;I;1000000,000;0,000;0,000;0,000;101,0770;101,0770;1010770,0000;1010770,00;0,000000;102,5760;102,5760;1025760,0000;1025760,00;1062917,5300;1062917,53;102,8430;1,483;0,000;1,483;0,170;0,683;0,116;-0,260;0,116;0,000;0,000;37157,5300;37157,53;;;;DEUR;N086000;T200;;099884      PRYSMIAN SPA 3,875% 2024-28/11/2031;101,07700000;101,07700000;102,57600000;102,57600000;102,84300000;1000000,00000000;0,00000000;0,00000000;0,00000000;0,00000000;20251113
89;1I;46047;XS2583205906;A2A SPA 4,375% 2023-03/02/2034;EUR;LUXEMBOURG;086000;301;I;500000,000;0,000;0,000;0,000;105,7230;105,7230;528615,0000;528615,00;0,000000;105,5050;105,5050;527525,0000;527525,00;544485,6200;544485,62;105,8580;-0,206;0,000;-0,206;0,087;0,350;0,059;-0,333;0,060;0,000;0,000;16960,6200;16960,62;;;;DEUR;N086000;T200;;099941      A2A SPA 4,375% 2023-03/02/2034;105,72300000;105,72300000;105,50500000;105,50500000;105,85800000;500000,00000000;0,00000000;0,00000000;0,00000000;0,00000000;20251113
89;1I;38139;XS2197348597;TAKEDA PHARMA 1% 2020/09.07.2029;EUR;NEW YORK;088000;301;I;2000000,000;0,000;0,000;0,000;91,9600;91,9600;1839200,0000;1839200,00;0,000000;93,3400;93,3400;1866800,0000;1866800,00;1873758,9000;1873758,90;93,4710;1,501;0,000;1,501;0,300;100,000;0,210;-0,140;0,211;0,000;0,000;6958,9000;6958,90;;;;DEUR;N088000;T200;;099790      TAKEDA PHARMA 1% 2020/09.07.2029;91,96000000;91,96000000;93,34000000;93,34000000;93,47100000;2000000,00000000;0,00000000;0,00000000;0,00000000;0,00000000;20251113
89;1I;41454;XS2359292955;LANDWIRTSCH 0% 21-30.06.22;EUR;LUXEMBOURG;094000;301;I;5000000,000;0,000;0,000;0,000;84,6800;84,6800;4234000,0000;4234000,00;0,000000;86,3990;86,3990;4319950,0000;4319950,00;4319950,0000;4319950,00;86,5810;2,030;0,000;2,030;0,692;1,946;0,487;-0,210;0,489;0,000;0,000;0,0000;0,00;;;;DEUR;N094000;T200;;099513      LANDWIRTSCH 0% 21-30.06.22;84,68000000;84,68000000;86,39900000;86,39900000;86,58100000;5000000,00000000;0,00000000;0,00000000;0,00000000;0,00000000;20251113
89;1I;36023;XS2056730679;INFINEON TEC 3.625% 2019-31/12/2049;EUR;DUBLINO;094000;301;I;2500000,000;0,000;0,000;0,000;99,1040;99,1040;2477600,0000;2477600,00;0,000000;100,5550;100,5550;2513875,0000;2513875,00;2569988,0100;2569988,01;100,5830;1,464;0,000;1,464;0,412;1,157;0,283;-0,028;0,285;0,000;0,000;56113,0100;56113,01;;;;DEUR;N094000;T200;;099717      INFINEON TEC 3.625% 2019-31/12/2049;99,10400000;99,10400000;100,55500000;100,55500000;100,58300000;2500000,00000000;0,00000000;0,00000000;0,00000000;0,00000000;20251113
89;1I;48399;XS2610236528;COUNCIL OF EUROPE 2.875% 2024/13.04.2030;EUR;FRANCOFORT;974000;301;I;3000000,000;0,000;0,000;0,000;101,7660;101,7660;3052980,0000;3052980,00;0,000000;101,2250;101,2250;3036750,0000;3036750,00;3087318,4900;3087318,49;101,3980;-0,532;0,000;-0,532;0,494;100,000;0,342;-0,171;0,344;0,000;0,000;50568,4900;50568,49;;;;DEUR;N974000;T200;;099658      COUNCIL OF EUROPE 2.875% 2024/13.04.2030;101,76600000;101,76600000;101,22500000;101,22500000;101,39800000;3000000,00000000;0,00000000;0,00000000;0,00000000;0,00000000;20251113
89;1I;06036;AT0000937503;VOEST ALPINE AG;EUR;VIENNA;008000;201;I;45215,000;0,000;0,000;0,000;20,4806;20,4806;926031,9900;926031,99;0,000000;34,8000;34,8000;1573482,0000;1573482,00;1573482,0000;1573482,00;34,7800;69,917;0,000;69,917;0,252;11,259;0,177;0,058;0,178;0,000;0,000;0,0000;0,00;;;;DEUR;N008000;T300;;099823      VOEST ALPINE AG;20,48063673;20,48063673;34,80000000;34,80000000;34,78000000;45215,00000000;0,00000000;0,00000000;0,00000000;0,00000000;20251113
89;1I;27230;BE0974293251;ANHEUSER-BUSCH INBEV;EUR;BRUXELLES;009000;201;I;25234,000;0,000;0,000;0,000;50,7984;50,7984;1281849,0800;1281849,08;0,000000;55,7200;55,7200;1406038,4800;1406038,48;1406038,4800;1406038,48;56,1400;9,688;0,000;9,688;0,225;23,166;0,158;-0,748;0,159;0,000;0,000;0,0000;0,00;;;;DEUR;N009000;T300;;099842      ANHEUSER-BUSCH INBEV;50,79848934;50,79848934;55,72000000;55,72000000;56,14000000;25234,00000000;0,00000000;0,00000000;0,00000000;0,00000000;20251113
89;1I;08457;FI0009000681;NOKIA OYJ;EUR;HELSINKI;028000;201;I;250132,000;0,000;0,000;0,000;4,8486;4,8486;1212808,3900;1212808,39;0,000000;5,9780;5,9780;1495289,1000;1495289,10;1495289,1000;1495289,10;5,9920;23,291;0,000;23,291;0,239;19,350;0,168;-0,234;0,169;0,000;0,000;0,0000;0,00;;;;DEUR;N028000;T300;;099832      NOKIA OYJ;4,84867346;4,84867346;5,97800000;5,97800000;5,99200000;250132,00000000;0,00000000;0,00000000;0,00000000;0,00000000;20251113
89;1I;08436;FR0000120321;L'OREAL;EUR;PARIGI;029000;201;I;5323,000;0,000;0,000;0,000;396,0149;396,0149;2107987,7800;2107987,78;0,000000;359,1000;359,1000;1911489,3000;1911489,30;1911489,3000;1911489,30;356,9000;-9,322;0,000;-9,322;0,306;2,386;0,215;0,616;0,216;0,000;0,000;0,0000;0,00;;;;DEUR;N029000;T300;;099785      L'OREAL;396,01498778;396,01498778;359,10000000;359,10000000;356,90000000;5323,00000000;0,00000000;0,00000000;0,00000000;0,00000000;20251113
89;1I;33385;FR0013154002;SARTORIUS STEDIM BIOTECH;EUR;PARIGI;029000;201;I;9469,000;0,000;0,000;0,000;180,3574;180,3574;1707804,5000;1707804,50;0,000000;193,4500;193,4500;1831778,0500;1831778,05;1831778,0500;1831778,05;194,0000;7,259;0,000;7,259;0,293;2,287;0,206;-0,284;0,207;0,000;0,000;0,0000;0,00;;;;DEUR;N029000;T300;;099794      SARTORIUS STEDIM BIOTECH;180,35742950;180,35742950;193,45000000;193,45000000;194,00000000;9469,00000000;0,00000000;0,00000000;0,00000000;0,00000000;20251113
89;1I;01606;FR0000121667;ESSILOR LUXOTTICA;EUR;PARIGI;029000;201;I;4164,000;0,000;0,000;0,000;257,2724;257,2724;1071282,5200;1071282,52;0,000000;319,9000;319,9000;1332063,6000;1332063,60;1332063,6000;1332063,60;320,7000;24,343;0,000;24,343;0,213;1,663;0,150;-0,249;0,151;0,000;0,000;0,0000;0,00;;;;DEUR;N029000;T300;;099850      ESSILOR LUXOTTICA;257,27245917;257,27245917;319,90000000;319,90000000;320,70000000;4164,00000000;0,00000000;0,00000000;0,00000000;0,00000000;20251113
89;1I;14112;FR0010451203;REXEL SA;EUR;PARIGI;029000;201;I;27746,000;0,000;0,000;0,000;25,5305;25,5305;708371,9100;708371,91;0,000000;29,8700;29,8700;828773,0200;828773,02;828773,0200;828773,02;30,4800;16,997;0,000;16,997;0,133;1,035;0,093;-2,001;0,094;0,000;0,000;0,0000;0,00;;;;DEUR;N029000;T300;;099907      REXEL SA;25,53059576;25,53059576;29,87000000;29,87000000;30,48000000;27746,00000000;0,00000000;0,00000000;0,00000000;0,00000000;20251113
89;1I;06469;FR0010307819;LEGRAND PROMESSES;EUR;PARIGI;029000;201;I;6031,000;0,000;0,000;0,000;131,5280;131,5280;793245,7200;793245,72;0,000000;130,8000;130,8000;788854,8000;788854,80;788854,8000;788854,80;133,6500;-0,554;0,000;-0,554;0,126;0,985;0,089;-2,132;0,089;0,000;0,000;0,0000;0,00;;;;DEUR;N029000;T300;;099911      LEGRAND PROMESSES;131,52805836;131,52805836;130,80000000;130,80000000;133,65000000;6031,00000000;0,00000000;0,00000000;0,00000000;0,00000000;20251113
89;1I;14500;NL0010273215;ASML HLDG NV NEW;EUR;AMSTERDAM;050000;201;I;3623,000;0,000;0,000;0,000;722,3000;722,3000;2616893,0700;2616893,07;0,000000;881,5000;881,5000;3193674,5000;3193674,50;3193674,5000;3193674,50;891,8000;22,041;0,000;22,041;0,511;8,115;0,360;-1,155;0,361;0,000;0,000;0,0000;0,00;;;;DEUR;N050000;T300;;099640      ASML HLDG NV NEW;722,30004692;722,30004692;881,50000000;881,50000000;891,80000000;3623,00000000;0,00000000;0,00000000;0,00000000;0,00000000;20251113
89;1I;35896;NL0013654783;PROSUS;EUR;AMSTERDAM;050000;201;I;28071,000;0,000;0,000;0,000;42,3784;42,3784;1189606,0600;1189606,06;0,000000;62,1800;62,1800;1745454,7800;1745454,78;1745454,7800;1745454,78;61,7200;46,725;0,000;46,725;0,280;4,435;0,197;0,745;0,198;0,000;0,000;0,0000;0,00;;;;DEUR;N050000;T300;;099803      PROSUS;42,37847102;42,37847102;62,18000000;62,18000000;61,72000000;28071,00000000;0,00000000;0,00000000;0,00000000;0,00000000;20251113
89;1I;27009;NL0010801007;IMCD GROUP NV;EUR;AMSTERDAM;050000;201;I;21016,000;0,000;0,000;0,000;128,1048;128,1048;2692251,2300;2692251,23;0,000000;82,0800;82,0800;1724993,2800;1724993,28;1724993,2800;1724993,28;82,1400;-35,927;0,000;-35,927;0,276;4,383;0,194;-0,073;0,195;0,000;0,000;0,0000;0,00;;;;DEUR;N050000;T300;;099806      IMCD GROUP NV;128,10483583;128,10483583;82,08000000;82,08000000;82,14000000;21016,00000000;0,00000000;0,00000000;0,00000000;0,00000000;20251113
89;1I;01895;NL0000226223;STMICROELECTRONICS - MILANO;EUR;MILANO;050000;201;I;76432,000;0,000;0,000;0,000;24,6291;24,6291;1882451,3900;1882451,39;0,000000;20,6400;20,6400;1577556,4800;1577556,48;1577556,4800;1577556,48;20,6750;-16,197;0,000;-16,197;0,253;4,008;0,178;-0,169;0,179;0,000;0,000;0,0000;0,00;;;;DEUR;N050000;T300;;099822      STMICROELECTRONICS - MILANO;24,62910024;24,62910024;20,64000000;20,64000000;20,67500000;76432,00000000;0,00000000;0,00000000;0,00000000;0,00000000;20251113
89;1I;48620;NL0015001KT6;BREMBO N.V.;EUR;MILANO;050000;201;I;114832,000;0,000;0,000;0,000;9,0930;9,0930;1044167,3800;1044167,38;0,000000;9,6400;9,6400;1106980,4800;1106980,48;1106980,4800;1106980,48;9,7350;6,016;0,000;6,016;0,177;2,813;0,125;-0,976;0,125;0,000;0,000;0,0000;0,00;;;;DEUR;N050000;T300;;099875      BREMBO N.V.;9,09300003;9,09300003;9,64000000;9,64000000;9,73500000;114832,00000000;0,00000000;0,00000000;0,00000000;0,00000000;20251113
89;1I;38577;NL0012866412;BE SEMICONDUCTOR INDS-ORD SHS;EUR;AMSTERDAM;050000;201;I;3186,000;0,000;0,000;0,000;144,4691;144,4691;460278,6800;460278,68;0,000000;133,8000;133,8000;426286,8000;426286,80;426286,8000;426286,80;135,3500;-7,385;0,000;-7,385;0,068;1,083;0,048;-1,145;0,048;0,000;0,000;0,0000;0,00;;;;DEUR;N050000;T300;;099952      BE SEMICONDUCTOR INDS-ORD SHS;144,46913998;144,46913998;133,80000000;133,80000000;135,35000000;3186,00000000;0,00000000;0,00000000;0,00000000;0,00000000;20251113
89;1I;40120;NL0010583399;CORBION-ORD SHS;EUR;AMSTERDAM;050000;201;I;11898,000;0,000;0,000;0,000;21,3403;21,3403;253907,2700;253907,27;0,000000;18,4100;18,4100;219042,1800;219042,18;219042,1800;219042,18;18,3000;-13,731;0,000;-13,731;0,035;0,557;0,025;0,601;0,025;0,000;0,000;0,0000;0,00;;;;DEUR;N050000;T300;;099975      CORBION-ORD SHS;21,34033198;21,34033198;18,41000000;18,41000000;18,30000000;11898,00000000;0,00000000;0,00000000;0,00000000;0,00000000;20251113
89;1I;02400;PTEDP0AM0009;ENERGIAS DE PORTUGAL SA;EUR;LISBONA;055000;201;I;36887,000;0,000;0,000;0,000;3,0892;3,0892;113951,8100;113951,81;0,000000;3,8300;3,8300;141277,2100;141277,21;141277,2100;141277,21;3,8260;23,980;0,000;23,980;0,023;0,827;0,016;0,105;0,016;0,000;0,000;0,0000;0,00;;;;DEUR;N055000;T300;;099984      ENERGIAS DE PORTUGAL SA;3,08921327;3,08921327;3,83000000;3,83000000;3,82600000;36887,00000000;0,00000000;0,00000000;0,00000000;0,00000000;20251113
89;1I;23311;ES0105025003;MERLIN PROPERTIES SOCIMI SA;EUR;MADRID;067000;201;I;33967,000;0,000;0,000;0,000;10,0925;10,0925;342812,3900;342812,39;0,000000;13,3400;13,3400;453119,7800;453119,78;453119,7800;453119,78;13,3600;32,177;0,000;32,177;0,073;1,051;0,051;-0,150;0,051;0,000;0,000;0,0000;0,00;;;;DEUR;N067000;T300;;099949      MERLIN PROPERTIES SOCIMI SA;10,09251302;10,09251302;13,34000000;13,34000000;13,36000000;33967,00000000;0,00000000;0,00000000;0,00000000;0,00000000;20251113
89;1I;36841;LU2052491334;MULTILABEL ETICA ESG GLOBAL EQUITY;EUR;LUXEMBOURG;092000;223;I;37106,669;0,000;0,000;0,000;140,2299;140,2299;5203468,1900;5203468,19;0,000000;144,5000;144,5000;5361913,6700;5361913,67;5361913,6700;5361913,67;143,7500;3,045;0,000;3,045;0,859;39,161;0,604;0,522;0,607;0,000;0,000;0,0000;0,00;;;;DEUR;N092000;T300;;099396      MULTILABEL ETICA ESG GLOBAL EQUITY;140,22999989;140,22999989;144,50000000;144,50000000;143,75000000;37106,66900000;0,00000000;0,00000000;0,00000000;0,00000000;20251113
89;1I;36843;LU2052490872;MULTILABEL ETICA ESG DYNAMIC ALLOCATION;EUR;LUXEMBOURG;092000;223;I;36953,094;0,000;0,000;0,000;121,7399;121,7399;4498669,6600;4498669,66;0,000000;125,0200;125,0200;4619875,8100;4619875,81;4619875,8100;4619875,81;124,5000;2,694;0,000;2,694;0,740;33,741;0,520;0,418;0,523;0,000;0,000;0,0000;0,00;;;;DEUR;N092000;T300;;099480      MULTILABEL ETICA ESG DYNAMIC ALLOCATION;121,73999990;121,73999990;125,02000000;125,02000000;124,50000000;36953,09400000;0,00000000;0,00000000;0,00000000;0,00000000;20251113
89;1I;36842;LU2052490286;MULTILABEL ETICA ESG CONSERVATIVE ALLOC;EUR;LUXEMBOURG;092000;223;I;37206,072;0,000;0,000;0,000;98,1699;98,1699;3652520,0800;3652520,08;0,000000;99,7200;99,7200;3710189,5000;3710189,50;3710189,5000;3710189,50;99,5200;1,579;0,000;1,579;0,594;27,098;0,418;0,201;0,420;0,000;0,000;0,0000;0,00;;;;DEUR;N092000;T300;;099582      MULTILABEL ETICA ESG CONSERVATIVE ALLOC;98,16999977;98,16999977;99,72000000;99,72000000;99,52000000;37206,07200000;0,00000000;0,00000000;0,00000000;0,00000000;20251113
89;1I;33682;DE000KBX1006;KNORR-BREMSE AG;EUR;NEUERMKT;094000;201;I;21682,000;0,000;0,000;0,000;83,0198;83,0198;1800037,3900;1800037,39;0,000000;84,7000;84,7000;1836465,4000;1836465,40;1836465,4000;1836465,40;86,3500;2,024;0,000;2,024;0,294;0,827;0,207;-1,911;0,208;0,000;0,000;0,0000;0,00;;;;DEUR;N094000;T300;;099793      KNORR-BREMSE AG;83,01989622;83,01989622;84,70000000;84,70000000;86,35000000;21682,00000000;0,00000000;0,00000000;0,00000000;0,00000000;20251113
89;1I;08512;DE0007164600;SAP SE;EUR;NEUERMKT;094000;201;I;7633,000;0,000;0,000;0,000;248,4415;248,4415;1896354,2200;1896354,22;0,000000;218,1000;218,1000;1664757,3000;1664757,30;1664757,3000;1664757,30;218,4000;-12,213;0,000;-12,213;0,267;0,750;0,188;-0,137;0,188;0,000;0,000;0,0000;0,00;;;;DEUR;N094000;T300;;099812      SAP SE;248,44153281;248,44153281;218,10000000;218,10000000;218,40000000;7633,00000000;0,00000000;0,00000000;0,00000000;0,00000000;20251113
89;1I;24199;DE000ZAL1111;ZALANDO-ORD SHS;EUR;NEUERMKT;094000;201;I;67325,000;0,000;0,000;0,000;27,7938;27,7938;1871220,7600;1871220,76;0,000000;23,7200;23,7200;1596949,0000;1596949,00;1596949,0000;1596949,00;23,5500;-14,657;0,000;-14,657;0,256;0,719;0,180;0,722;0,181;0,000;0,000;0,0000;0,00;;;;DEUR;N094000;T300;;099820      ZALANDO-ORD SHS;27,79384715;27,79384715;23,72000000;23,72000000;23,55000000;67325,00000000;0,00000000;0,00000000;0,00000000;0,00000000;20251113
89;1I;19412;DE000A1ML7J1;VONOVIA SE;EUR;NEUERMKT;094000;201;I;51370,000;0,000;0,000;0,000;27,3023;27,3023;1402521,6100;1402521,61;0,000000;26,2900;26,2900;1350517,3000;1350517,30;1350517,3000;1350517,30;26,0600;-3,708;0,000;-3,708;0,216;0,608;0,152;0,883;0,153;0,000;0,000;0,0000;0,00;;;;DEUR;N094000;T300;;099848      VONOVIA SE;27,30234786;27,30234786;26,29000000;26,29000000;26,06000000;51370,00000000;0,00000000;0,00000000;0,00000000;0,00000000;20251113
89;1I;08529;DE0005557508;DEUTSCHE TELEKOM - NOMINATIVE;EUR;NEUERMKT;094000;201;I;45060,000;0,000;0,000;0,000;31,7857;31,7857;1432266,7400;1432266,74;0,000000;27,2700;27,2700;1228786,2000;1228786,20;1228786,2000;1228786,20;27,3100;-14,207;0,000;-14,207;0,197;0,553;0,138;-0,146;0,139;0,000;0,000;0,0000;0,00;;;;DEUR;N094000;T300;;099862      DEUTSCHE TELEKOM - NOMINATIVE;31,78576875;31,78576875;27,27000000;27,27000000;27,31000000;45060,00000000;0,00000000;0,00000000;0,00000000;0,00000000;20251113
89;1I;17410;IT0004965148;MONCLER SPA;EUR;MILANO;086000;201;I;57326,000;0,000;0,000;0,000;55,1463;55,1463;3161319,4300;3161319,43;0,000000;58,1000;58,1000;3330640,6000;3330640,60;3330640,6000;3330640,60;58,4600;5,356;0,000;5,356;0,533;2,141;0,375;-0,616;0,377;0,000;0,000;0,0000;0,00;;;;DEUR;N111111;T300;;099625      MONCLER SPA;55,14634598;55,14634598;58,10000000;58,10000000;58,46000000;57326,00000000;0,00000000;0,00000000;0,00000000;0,00000000;20251113
89;1I;03565;IT0003497168;TELECOM ITALIA SPA ORD.;EUR;MILANO;086000;201;I;5513932,000;0,000;0,000;0,000;0,2502;0,2502;1379783,2700;1379783,27;0,000000;0,4958;0,4958;2733807,4900;2733807,49;2733807,4900;2733807,49;0,4950;98,133;0,000;98,133;0,438;1,757;0,308;0,162;0,309;0,000;0,000;0,0000;0,00;;;;DEUR;N111111;T300;;099692      TELECOM ITALIA SPA ORD.;0,25023581;0,25023581;0,49580000;0,49580000;0,49500000;5513932,00000000;0,00000000;0,00000000;0,00000000;0,00000000;20251113
89;1I;08531;IT0001078911;INTERPUMP GROUP;EUR;MILANO;086000;201;I;26378,000;0,000;0,000;0,000;40,1909;40,1909;1060157,0000;1060157,00;0,000000;43,4000;43,4000;1144805,2000;1144805,20;1144805,2000;1144805,20;43,8400;7,984;0,000;7,984;0,183;0,736;0,129;-1,004;0,130;0,000;0,000;0,0000;0,00;;;;DEUR;N111111;T300;;099871      INTERPUMP GROUP;40,19095458;40,19095458;43,40000000;43,40000000;43,84000000;26378,00000000;0,00000000;0,00000000;0,00000000;0,00000000;20251113
89;1I;08544;IT0001157020;ERG ORD.;EUR;MILANO;086000;201;I;35007,000;0,000;0,000;0,000;19,4116;19,4116;679544,6500;679544,65;0,000000;22,2000;22,2000;777155,4000;777155,40;777155,4000;777155,40;22,6600;14,364;0,000;14,364;0,124;0,500;0,088;-2,030;0,088;0,000;0,000;0,0000;0,00;;;;DEUR;N111111;T300;;099912      ERG ORD.;19,41167909;19,41167909;22,20000000;22,20000000;22,66000000;35007,00000000;0,00000000;0,00000000;0,00000000;0,00000000;20251113
89;1I;34530;IT0005366767;NEXI SPA;EUR;MILANO;086000;201;I;116888,000;0,000;0,000;0,000;5,3024;5,3024;619789,8500;619789,85;0,000000;4,1220;4,1220;481812,3400;481812,34;481812,3400;481812,34;4,1760;-22,262;0,000;-22,262;0,077;0,310;0,054;-1,293;0,055;0,000;0,000;0,0000;0,00;;;;DEUR;N111111;T300;;099946      NEXI SPA;5,30242497;5,30242497;4,12200000;4,12200000;4,17600000;116888,00000000;0,00000000;0,00000000;0,00000000;0,00000000;20251113
89;1I;25525;IT0005162406;TECHNOGYM  SPA;EUR;MILANO;086000;201;I;24198,000;0,000;0,000;0,000;10,4478;10,4478;252816,7800;252816,78;0,000000;16,2300;16,2300;392733,5400;392733,54;392733,5400;392733,54;16,2000;55,343;0,000;55,343;0,063;0,252;0,044;0,185;0,044;0,000;0,000;0,0000;0,00;;;;DEUR;N111111;T300;;099956      TECHNOGYM  SPA;10,44783783;10,44783783;16,23000000;16,23000000;16,20000000;24198,00000000;0,00000000;0,00000000;0,00000000;0,00000000;20251113
89;1I;19402;IT0005054967;RAI WAY SPA;EUR;MILANO;086000;201;I;60497,000;0,000;0,000;0,000;5,4946;5,4946;332409,7600;332409,76;0,000000;5,7900;5,7900;350277,6300;350277,63;350277,6300;350277,63;5,7100;5,375;0,000;5,375;0,056;0,225;0,039;1,401;0,040;0,000;0,000;0,0000;0,00;;;;DEUR;N111111;T300;;099961      RAI WAY SPA;5,49464866;5,49464866;5,79000000;5,79000000;5,71000000;60497,00000000;0,00000000;0,00000000;0,00000000;0,00000000;20251113
89;1I;07862;IT0003492391;DIASORIN;EUR;MILANO;086000;201;I;5496,000;0,000;0,000;0,000;99,4637;99,4637;546652,6400;546652,64;0,000000;60,1800;60,1800;330749,2800;330749,28;330749,2800;330749,28;60,5000;-39,496;0,000;-39,496;0,053;0,213;0,037;-0,529;0,037;0,000;0,000;0,0000;0,00;;;;DEUR;N111111;T300;;099963      DIASORIN;99,46372634;99,46372634;60,18000000;60,18000000;60,50000000;5496,00000000;0,00000000;0,00000000;0,00000000;0,00000000;20251113
89;1I;04321;IT0003242622;TERNA SPA;EUR;MILANO;086000;201;I;24288,000;0,000;0,000;0,000;7,6207;7,6207;185092,9200;185092,92;0,000000;8,9000;8,9000;216163,2000;216163,20;216163,2000;216163,20;9,0140;16,786;0,000;16,786;0,035;0,139;0,024;-1,265;0,024;0,000;0,000;0,0000;0,00;;;;DEUR;N111111;T300;;099976      TERNA SPA;7,62075592;7,62075592;8,90000000;8,90000000;9,01400000;24288,00000000;0,00000000;0,00000000;0,00000000;0,00000000;20251113
89;1I;06568;IT0004056880;AMPLIFON NEW;EUR;MILANO;086000;201;I;12995,000;0,000;0,000;0,000;21,1965;21,1965;275448,5800;275448,58;0,000000;14,0600;14,0600;182709,7000;182709,70;182709,7000;182709,70;14,3050;-33,668;0,000;-33,668;0,029;0,117;0,021;-1,713;0,021;0,000;0,000;0,0000;0,00;;;;DEUR;N111111;T300;;099979      AMPLIFON NEW;21,19650481;21,19650481;14,06000000;14,06000000;14,30500000;12995,00000000;0,00000000;0,00000000;0,00000000;0,00000000;20251113
89;1I;03436;IT0001250932;HERA SPA;EUR;MILANO;086000;201;I;37609,000;0,000;0,000;0,000;3,4569;3,4569;130013,7600;130013,76;0,000000;4,0520;4,0520;152391,6700;152391,67;152391,6700;152391,67;3,9420;17,212;0,000;17,212;0,024;0,098;0,017;2,790;0,017;0,000;0,000;0,0000;0,00;;;;DEUR;N111111;T300;;099983      HERA SPA;3,45698529;3,45698529;4,05200000;4,05200000;3,94200000;37609,00000000;0,00000000;0,00000000;0,00000000;0,00000000;20251113
89;1I;23184;IT0005090300;INFRASTRUTTURE WIRELESS ITAL;EUR;MILANO;086000;201;I;19507,000;0,000;0,000;0,000;9,7744;9,7744;190670,5800;190670,58;0,000000;7,9400;7,9400;154885,5800;154885,58;154885,5800;154885,58;8,0100;-18,768;0,000;-18,768;0,025;0,100;0,017;-0,874;0,018;0,000;0,000;0,0000;0,00;;;;DEUR;N111111;T300;;099983      INFRASTRUTTURE WIRELESS ITAL;9,77446967;9,77446967;7,94000000;7,94000000;8,01000000;19507,00000000;0,00000000;0,00000000;0,00000000;0,00000000;20251113
89;1I;07639;IT0004176001;PRYSMIAN SPA;EUR;MILANO;086000;201;I;1630,000;0,000;0,000;0,000;60,8600;60,8600;99201,8400;99201,84;0,000000;84,4800;84,4800;137702,4000;137702,40;137702,4000;137702,40;85,2600;38,810;0,000;38,810;0,022;0,089;0,016;-0,915;0,016;0,000;0,000;0,0000;0,00;;;;DEUR;N111111;T300;;099984      PRYSMIAN SPA;60,86002454;60,86002454;84,48000000;84,48000000;85,26000000;1630,00000000;0,00000000;0,00000000;0,00000000;0,00000000;20251113
89;1I;08573;IT0001233417;A2A SPA;EUR;MILANO;086000;201;I;36986,000;0,000;0,000;0,000;2,1339;2,1339;78924,6700;78924,67;0,000000;2,4450;2,4450;90430,7700;90430,77;90430,7700;90430,77;2,4580;14,579;0,000;14,579;0,014;0,058;0,010;-0,529;0,010;0,000;0,000;0,0000;0,00;;;;DEUR;N111111;T300;;099990      A2A SPA;2,13390661;2,13390661;2,44500000;2,44500000;2,45800000;36986,00000000;0,00000000;0,00000000;0,00000000;0,00000000;20251113
89;1I;30238;IT0005278236;PIRELLI & C SPA;EUR;MILANO;086000;201;I;7281,000;0,000;0,000;0,000;5,5036;5,5036;40072,2600;40072,26;0,000000;6,1060;6,1060;44457,7900;44457,79;44457,7900;44457,79;6,0760;10,944;0,000;10,944;0,007;0,029;0,005;0,494;0,005;0,000;0,000;0,0000;0,00;;;;DEUR;N111111;T300;;099995      PIRELLI & C SPA;5,50367531;5,50367531;6,10600000;6,10600000;6,07600000;7281,00000000;0,00000000;0,00000000;0,00000000;0,00000000;20251113
89;1O;40774;US654902AE56;NOKIA OYJ 4.375% 2017/12.06.2027;USD;FIPS;111111;301;O;1000000,000;0,000;0,000;0,000;97,3460;93,9996;973460,0000;939996,14;1,035600;99,8860;85,8053;998860,0000;858053,43;1017210,6860;873817,27;99,8110;2,609;12,408;-8,717;0,456;0,374;0,097;0,075;0,097;0,000;0,000;18350,6860;15763,84;;;;DUSD;N028000;T200;;099903      NOKIA OYJ 4.375% 2017/12.06.2027;97,34600000;93,99961400;99,88600000;85,80534318;99,81100000;1000000,00000000;0,00000000;0,00000000;0,00000000;0,00000000;20251113
89;1O;38140;XS2195190876;SSE PLC 3.74% 2020/31.12.2049;GBP;LONDRAEST;111111;301;O;1500000,000;0,000;0,000;0,000;97,6180;118,0386;1464270,0000;1770580,41;0,827000;99,6190;112,9211;1494285,0000;1693816,59;1527022,8060;1730925,87;99,6060;2,050;6,675;-4,336;18,431;0,741;0,191;0,013;0,192;0,000;0,000;32737,8060;37109,28;;;;DGBP;N031000;T200;;099809      SSE PLC 3.74% 2020/31.12.2049;97,61800000;118,03869400;99,61900000;112,92110632;99,60600000;1500000,00000000;0,00000000;0,00000000;0,00000000;0,00000000;20251113
89;1O;46721;US458140CA64;INTEL CORP  4,15% 2022/05.08.2032;USD;FIPS;111111;301;O;3000000,000;0,000;0,000;0,000;91,7906;85,5328;2753720,0000;2565984,20;1,073163;96,0220;82,4860;2880660,0000;2474581,22;2914551,6650;2503695,27;96,4290;4,610;8,474;-3,562;1,308;1,071;0,279;-0,422;0,280;0,000;0,000;33891,6650;29114,05;;;;DUSD;N069000;T200;;099721      INTEL CORP  4,15% 2022/05.08.2032;91,79066670;85,53280670;96,02200000;82,48604071;96,42900000;3000000,00000000;0,00000000;0,00000000;0,00000000;0,00000000;20251113
89;1O;43392;US595112BS19;MICRON TECHNOLOGY 2.703% 2021/15.04.2032;USD;FIPS;111111;301;O;1400000,000;0,000;0,000;0,000;84,5800;74,5460;1184120,0000;1043645,34;1,134600;88,8140;76,2941;1243396,0000;1068117,86;1246339,2750;1070646,23;89,0890;5,006;2,600;2,345;0,559;0,458;0,120;-0,309;0,121;0,000;0,000;2943,2750;2528,37;;;;DUSD;N069000;T200;;099880      MICRON TECHNOLOGY 2.703% 2021/15.04.2032;84,58000000;74,54609570;88,81400000;76,29413280;89,08900000;1400000,00000000;0,00000000;0,00000000;0,00000000;0,00000000;20251113
89;1O;47055;US031162DD92;AMGEN INC 3% 2023/22.02.2029;USD;FIPS;111111;301;O;300000,000;0,000;0,000;0,000;93,5513;87,1901;280654,0000;261570,55;1,072957;96,3100;82,7334;288930,0000;248200,33;290954,9980;249939,87;96,4250;2,949;8,495;-5,112;0,131;0,107;0,028;-0,119;0,028;0,000;0,000;2024,9980;1739,54;;;;DUSD;N069000;T200;;099972      AMGEN INC 3% 2023/22.02.2029;93,55133330;87,19018330;96,31000000;82,73344214;96,42500000;300000,00000000;0,00000000;0,00000000;0,00000000;0,00000000;20251113
89;1O;01076;AU000000ORI1;ORICA LTD.;AUD;AUSTRALIA;111111;201;O;63502,000;0,000;0,000;0,000;16,7590;9,9008;1064230,8210;628726,63;1,692677;23,4000;13,1682;1485946,8000;836210,92;1485946,8000;836210,92;22,8200;39,626;4,982;33,001;26,151;0,358;0,094;2,542;0,095;0,000;0,000;0,0000;0,00;;;;DAUD;N007000;T300;;099906      ORICA LTD.;16,75901264;9,90089493;23,40000000;13,16826111;22,82000000;63502,00000000;0,00000000;0,00000000;0,00000000;0,00000000;20251113
89;1O;17478;AU000000ORA8;ORORA LTD;AUD;AUSTRALIA;111111;201;O;387522,000;0,000;0,000;0,000;2,1593;1,2490;836783,6860;484027,61;1,728793;2,2400;1,2605;868049,2800;488491,44;868049,2800;488491,44;2,2600;3,736;2,788;0,922;15,277;0,209;0,055;-0,885;0,055;0,000;0,000;0,0000;0,00;;;;DAUD;N007000;T300;;099945      ORORA LTD;2,15931917;1,24903259;2,24000000;1,26055149;2,26000000;387522,00000000;0,00000000;0,00000000;0,00000000;0,00000000;20251113
89;1O;31244;AU000000LLC3;LEND LEASE GROUP STAPLED SECURITIES;AUD;AUSTRALIA;111111;223;O;86544,000;0,000;0,000;0,000;6,1609;3,6630;533191,4400;317011,92;1,681929;5,4200;3,0500;469068,4800;263966,51;469068,4800;263966,51;5,4500;-12,026;5,652;-16,733;8,255;0,113;0,030;-0,550;0,030;0,000;0,000;0,0000;0,00;;;;DAUD;N007000;T300;;099970      LEND LEASE GROUP STAPLED SECURITIES;6,16092900;3,66301442;5,42000000;3,05008441;5,45000000;86544,00000000;0,00000000;0,00000000;0,00000000;0,00000000;20251113
89;1O;03510;CA1363751027;CANADIAN NATIONAL RAILWAY CAD;CAD;TORONTO;111111;201;O;8177,000;0,000;0,000;0,000;145,3936;97,2589;1188884,0390;795286,84;1,494912;135,4800;83,0605;1107819,9600;679185,80;1107819,9600;679185,80;137,1100;-6,819;9,110;-14,599;24,747;0,291;0,077;-1,189;0,077;0,000;0,000;0,0000;0,00;;;;DCAD;N013000;T300;;099923      CANADIAN NATIONAL RAILWAY CAD;145,39366992;97,25899963;135,48000000;83,06051131;137,11000000;8177,00000000;0,00000000;0,00000000;0,00000000;0,00000000;20251113
89;1O;10636;DK0060079531;DSV A/S;DKK;COPENHAGEN;111111;201;O;8280,000;0,000;0,000;0,000;1463,9745;196,1937;12121709,2790;1624484,64;7,461880;1446,5000;193,7086;11977020,0000;1603907,65;11977020,0000;1603907,65;1477,0000;-1,194;0,074;-1,267;46,822;0,686;0,181;-2,065;0,182;0,000;0,000;0,0000;0,00;;;;DDKK;N021000;T300;;099819      DSV A/S;1463,97455060;196,19379710;1446,50000000;193,70865361;1477,00000000;8280,00000000;0,00000000;0,00000000;0,00000000;0,00000000;20251113
89;1O;47417;DK0062498333;NOVO NORDISK A/S-B;DKK;COPENHAGEN;111111;201;O;34600,000;0,000;0,000;0,000;536,0763;71,8730;18548239,9910;2486808,64;7,458652;318,6500;42,6721;11025290,0000;1476456,33;11025290,0000;1476456,33;321,0500;-40,559;0,117;-40,628;43,102;0,632;0,166;-0,748;0,167;0,000;0,000;0,0000;0,00;;;;DDKK;N021000;T300;;099834      NOVO NORDISK A/S-B;536,07630031;71,87308208;318,65000000;42,67214827;321,05000000;34600,00000000;0,00000000;0,00000000;0,00000000;0,00000000;20251113
89;1O;44229;GB00BP92CJ43;TATE & LYLE PLC;GBP;LONDRA;111111;201;O;238707,000;0,000;0,000;0,000;5,5255;6,4858;1318998,2350;1548214,51;0,851948;3,8820;4,4003;926660,5740;1050397,39;926660,5740;1050397,39;3,9440;-29,745;3,551;-32,154;11,185;0,449;0,118;-1,572;0,119;0,000;0,000;0,0000;0,00;;;;DGBP;N031000;T300;;099882      TATE & LYLE PLC;5,52559512;6,48583623;3,88200000;4,40036272;3,94400000;238707,00000000;0,00000000;0,00000000;0,00000000;0,00000000;20251113
89;1O;03729;GB0006825383;PERSIMMON PLC.;GBP;LONDRA;111111;201;O;63415,000;0,000;0,000;0,000;11,5871;13,9139;734801,9200;882355,55;0,832773;12,7400;14,4411;807907,1000;915786,78;807907,1000;915786,78;12,3300;9,949;5,935;3,789;9,751;0,392;0,103;3,325;0,104;0,000;0,000;0,0000;0,00;;;;DGBP;N031000;T300;;099897      PERSIMMON PLC.;11,58719419;13,91398801;12,74000000;14,44116980;12,33000000;63415,00000000;0,00000000;0,00000000;0,00000000;0,00000000;20251113
89;1O;09739;GB00B2B0DG97;REED ELSEVIER PLC A;GBP;LONDRA;111111;201;O;12285,000;0,000;0,000;0,000;38,8126;46,0009;476813,8750;565121,38;0,843737;31,4000;35,5928;385749,0000;437257,99;385749,0000;437257,99;31,3600;-19,099;4,559;-22,626;4,656;0,187;0,049;0,128;0,049;0,000;0,000;0,0000;0,00;;;;DGBP;N031000;T300;;099951      REED ELSEVIER PLC A;38,81268823;46,00092633;31,40000000;35,59283609;31,36000000;12285,00000000;0,00000000;0,00000000;0,00000000;0,00000000;20251113
89;1O;01504;GB0007908733;SSE PLC;GBP;LONDRA;111111;201;O;10146,000;0,000;0,000;0,000;16,0157;19,2088;162495,3180;194893,28;0,833766;22,6300;25,6517;229603,9800;260262,96;229603,9800;260262,96;23,0700;41,299;5,809;33,541;2,771;0,111;0,029;-1,907;0,029;0,000;0,000;0,0000;0,00;;;;DGBP;N031000;T300;;099971      SSE PLC;16,01570254;19,20887837;22,63000000;25,65177964;23,07000000;10146,00000000;0,00000000;0,00000000;0,00000000;0,00000000;20251113
89;1O;12368;IE0001827041;CRH PLC.- LONDRA GBP;GBP;LONDRA;111111;201;O;22634,000;0,000;0,000;0,000;72,0709;86,0449;1631254,7470;1947542,44;0,837597;84,7600;96,0779;1918457,8400;2174629,15;1918457,8400;2174629,15;86,6800;17,606;5,325;11,660;23,156;0,931;0,245;-2,215;0,246;0,000;0,000;0,0000;0,00;;;;DGBP;N040000;T300;;099755      CRH PLC.- LONDRA GBP;72,07098820;86,04499602;84,76000000;96,07798685;86,68000000;22634,00000000;0,00000000;0,00000000;0,00000000;0,00000000;20251113
89;1O;19903;IE00BTN1Y115;MEDTRONIC PLC;USD;NEW YORK;111111;201;O;35498,000;0,000;0,000;0,000;79,8800;77,1340;2835580,2400;2738103,74;1,035600;96,1400;82,5874;3412777,7200;2931687,76;3412777,7200;2931687,76;95,8100;20,356;12,408;7,070;1,532;1,255;0,330;0,344;0,332;0,000;0,000;0,0000;0,00;;;;DUSD;N040000;T300;;099670      MEDTRONIC PLC;79,88000000;77,13402839;96,14000000;82,58740658;95,81000000;35498,00000000;0,00000000;0,00000000;0,00000000;0,00000000;20251113
89;1O;46296;IE000S9YS762;LINDE PLC NEW - USD;USD;OTC;111111;201;O;7723,000;0,000;0,000;0,000;420,3533;403,3512;3246389,2890;3115081,52;1,042152;428,6400;368,2157;3310386,7200;2843730,54;3310386,7200;2843730,54;428,9600;1,971;11,702;-8,711;1,486;1,217;0,320;-0,075;0,322;0,000;0,000;0,0000;0,00;;;;DUSD;N040000;T300;;099680      LINDE PLC NEW - USD;420,35339751;403,35122620;428,64000000;368,21578902;428,96000000;7723,00000000;0,00000000;0,00000000;0,00000000;0,00000000;20251113
89;1O;37185;IE00BK9ZQ967;TRANE TECH PLC;USD;NEW YORK;111111;201;O;6148,000;0,000;0,000;0,000;367,8185;353,4320;2261348,7480;2172900,47;1,040705;414,8500;356,3697;2550497,8000;2190961,09;2550497,8000;2190961,09;421,7500;12,787;11,857;0,831;1,145;0,938;0,247;-1,636;0,248;0,000;0,000;0,0000;0,00;;;;DUSD;N040000;T300;;099753      TRANE TECH PLC;367,81859921;353,43208685;414,85000000;356,36972768;421,75000000;6148,00000000;0,00000000;0,00000000;0,00000000;0,00000000;20251113
89;1O;18593;IE00BLS09M33;PENTAIR PLC;USD;NEW YORK;111111;201;O;3829,000;0,000;0,000;0,000;99,2629;95,3516;380077,6900;365101,33;1,041020;106,7500;91,7017;408745,7500;351125,98;408745,7500;351125,98;108,6800;7,543;11,823;-3,828;0,183;0,150;0,040;-1,776;0,040;0,000;0,000;0,0000;0,00;;;;DUSD;N040000;T300;;099960      PENTAIR PLC;99,26291198;95,35161399;106,75000000;91,70174383;108,68000000;3829,00000000;0,00000000;0,00000000;0,00000000;0,00000000;20251113
89;1O;00158;NO0005052605;NORSK HYDRO;NOK;OSLO;111111;201;O;86541,000;0,000;0,000;0,000;69,6884;5,9692;6030903,8280;516587,75;11,674500;74,3800;6,3817;6436919,5800;552283,51;6436919,5800;552283,51;74,1600;6,732;-0,166;6,910;79,513;0,236;0,062;0,297;0,063;0,000;0,000;0,0000;0,00;;;;DNOK;N048000;T300;;099938      NORSK HYDRO;69,68840004;5,96928334;74,38000000;6,38175562;74,16000000;86541,00000000;0,00000000;0,00000000;0,00000000;0,00000000;20251113
89;1O;24521;NL0011585146;FERRARI NV - USD -;USD;NEW YORK;111111;201;O;1767,000;0,000;0,000;0,000;424,5741;407,0418;750222,5500;719242,98;1,043072;417,8100;358,9124;738270,2700;634198,32;738270,2700;634198,32;419,5200;-1,593;11,603;-11,824;0,331;0,271;0,071;-0,408;0,072;0,000;0,000;0,0000;0,00;;;;DUSD;N050000;T300;;099929      FERRARI NV - USD -;424,57416525;407,04186757;417,81000000;358,91246456;419,52000000;1767,00000000;0,00000000;0,00000000;0,00000000;0,00000000;20251113
89;1O;44332;SE0017486889;ATLAS COPCO AB-A SHS;SEK;STOCCOLMA;111111;201;O;120981,000;0,000;0,000;0,000;159,6563;14,4819;19315380,7550;1752034,87;11,024541;157,5000;14,4018;19054507,5000;1742349,42;19054507,5000;1742349,42;160,9500;-1,351;-0,802;-0,553;44,183;0,746;0,196;-2,144;0,197;0,000;0,000;0,0000;0,00;;;;DSEK;N068000;T300;;099804      ATLAS COPCO AB-A SHS;159,65631590;14,48190104;157,50000000;14,40184343;160,95000000;120981,00000000;0,00000000;0,00000000;0,00000000;0,00000000;20251113
89;1O;00418;SE0000108227;S.K.F. AB CL.B;SEK;STOCCOLMA;111111;201;O;56999,000;0,000;0,000;0,000;251,4196;22,8440;14330668,5400;1302087,02;11,005922;240,0000;21,9456;13679760,0000;1250881,03;13679760,0000;1250881,03;237,3000;-4,542;-0,634;-3,933;31,720;0,535;0,141;1,138;0,142;0,000;0,000;0,0000;0,00;;;;DSEK;N068000;T300;;099859      S.K.F. AB CL.B;251,41964841;22,84403270;240,00000000;21,94566618;237,30000000;56999,00000000;0,00000000;0,00000000;0,00000000;0,00000000;20251113
89;1O;23094;SE0007100581;ASSA ABLOY AB-B;SEK;STOCCOLMA;111111;201;O;25822,000;0,000;0,000;0,000;331,0961;30,1010;8549563,7570;777268,40;10,999500;356,5000;32,5984;9205543,0000;841757,39;9205543,0000;841757,39;361,8000;7,673;-0,576;8,297;21,346;0,360;0,095;-1,465;0,095;0,000;0,000;0,0000;0,00;;;;DSEK;N068000;T300;;099905      ASSA ABLOY AB-B;331,09611017;30,10101463;356,50000000;32,59845831;361,80000000;25822,00000000;0,00000000;0,00000000;0,00000000;0,00000000;20251113
89;1O;02738;US67066G1040;NVIDIA CORP.;USD;OTC;111111;201;O;136712,000;0,000;0,000;0,000;132,2983;126,9888;18086771,2500;17360900,82;1,041811;186,8600;160,5188;25546004,3200;21944853,81;25546004,3200;21944853,81;193,8000;41,241;11,738;26,404;11,464;9,391;2,472;-3,581;2,484;0,000;0,000;0,0000;0,00;;;;DUSD;N069000;T300;;097528      NVIDIA CORP.;132,29834433;126,98885847;186,86000000;160,51885576;193,80000000;136712,00000000;0,00000000;0,00000000;0,00000000;0,00000000;20251113
89;1O;08768;US92826C8394;VISA INC CLASS A SHS;USD;NEW YORK;111111;201;O;27888,000;0,000;0,000;0,000;317,2238;304,4011;8846740,0280;8489138,88;1,042125;336,0800;288,7037;9372599,0400;8051369,33;9372599,0400;8051369,33;338,8800;5,944;11,704;-5,157;4,206;3,445;0,907;-0,826;0,911;0,000;0,000;0,0000;0,00;;;;DUSD;N069000;T300;;099093      VISA INC CLASS A SHS;317,22389658;304,40113597;336,08000000;288,70371961;338,88000000;27888,00000000;0,00000000;0,00000000;0,00000000;0,00000000;20251113
89;1O;06606;US57636Q1040;MASTERCARD INC CL A;USD;NEW YORK;111111;201;O;16740,000;0,000;0,000;0,000;525,4197;504,4197;8795526,8600;8443985,90;1,041632;555,5700;477,2528;9300241,8000;7989212,10;9300241,8000;7989212,10;561,2300;5,738;11,757;-5,386;4,174;3,419;0,900;-1,008;0,904;0,000;0,000;0,0000;0,00;;;;DUSD;N069000;T300;;099100      MASTERCARD INC CL A;525,41976463;504,41970728;555,57000000;477,25281333;561,23000000;16740,00000000;0,00000000;0,00000000;0,00000000;0,00000000;20251113
89;1O;00448;US68389X1054;ORACLE CORP.;USD;OTC;111111;201;O;33280,000;0,000;0,000;0,000;165,1302;158,9773;5495534,2160;5290766,12;1,038703;217,5700;186,8997;7240729,6000;6220023,71;7240729,6000;6220023,71;226,9900;31,757;12,072;17,564;3,249;2,662;0,701;-4,150;0,704;0,000;0,000;0,0000;0,00;;;;DUSD;N069000;T300;;099299      ORACLE CORP.;165,13023485;158,97734735;217,57000000;186,89975088;226,99000000;33280,00000000;0,00000000;0,00000000;0,00000000;0,00000000;20251113
89;1O;14741;US00287Y1091;ABBVIE INC;USD;NEW YORK;111111;201;O;21236,000;0,000;0,000;0,000;177,7000;171,5913;3773637,2000;3643913,87;1,035600;232,2900;199,5447;4932910,4400;4237531,52;4932910,4400;4237531,52;233,2300;30,720;12,408;16,291;2,214;1,813;0,477;-0,403;0,480;0,000;0,000;0,0000;0,00;;;;DUSD;N069000;T300;;099523      ABBVIE INC;177,70000000;171,59134818;232,29000000;199,54471265;233,23000000;21236,00000000;0,00000000;0,00000000;0,00000000;0,00000000;20251113
89;1O;00095;US4370761029;HOME DEPOT INC.;USD;NEW YORK;111111;201;O;12155,000;0,000;0,000;0,000;388,0892;372,8229;4717224,7760;4531663,16;1,040948;368,0700;316,1841;4473890,8500;3843218,67;4473890,8500;3843218,67;371,1300;-5,158;11,831;-15,192;2,008;1,645;0,433;-0,825;0,435;0,000;0,000;0,0000;0,00;;;;DUSD;N069000;T300;;099567      HOME DEPOT INC.;388,08924524;372,82296668;368,07000000;316,18417661;371,13000000;12155,00000000;0,00000000;0,00000000;0,00000000;0,00000000;20251113
89;1O;00423;US0382221051;APPLIED MATERIALS INC.;USD;OTC;111111;201;O;19011,000;0,000;0,000;0,000;181,3428;167,0104;3447509,7840;3175036,47;1,085817;223,2300;191,7618;4243825,5300;3645585,03;4243825,5300;3645585,03;230,7300;23,098;7,210;14,820;1,904;1,560;0,411;-3,251;0,413;0,000;0,000;0,0000;0,00;;;;DUSD;N069000;T300;;099589      APPLIED MATERIALS INC.;181,34289537;167,01049234;223,23000000;191,76187612;230,73000000;19011,00000000;0,00000000;0,00000000;0,00000000;0,00000000;20251113
89;1O;00174;US7427181091;PROCTER & GAMBLE CO.;USD;NEW YORK;111111;201;O;27910,000;0,000;0,000;0,000;162,9287;152,8311;4547340,0430;4265517,49;1,066070;147,9600;127,1024;4129563,6000;3547430,29;4129563,6000;3547430,29;148,0100;-9,187;9,195;-16,835;1,853;1,518;0,400;-0,034;0,402;0,000;0,000;0,0000;0,00;;;;DUSD;N069000;T300;;099600      PROCTER & GAMBLE CO.;162,92870093;152,83115335;147,96000000;127,10248260;148,01000000;27910,00000000;0,00000000;0,00000000;0,00000000;0,00000000;20251113
89;1O;00222;US8825081040;TEXAS INSTRUMENTS INC.;USD;OTC;111111;201;O;23447,000;0,000;0,000;0,000;188,0968;175,7654;4410305,7840;4121173,63;1,070158;162,2300;139,3608;3803806,8100;3267594,55;3803806,8100;3267594,55;163,0900;-13,752;8,778;-20,712;1,707;1,398;0,368;-0,527;0,370;0,000;0,000;0,0000;0,00;;;;DUSD;N069000;T300;;099632      TEXAS INSTRUMENTS INC.;188,09680487;175,76549793;162,23000000;139,36087964;163,09000000;23447,00000000;0,00000000;0,00000000;0,00000000;0,00000000;20251113
89;1O;17264;US81762P1021;SERVICENOW INC;USD;NEW YORK;111111;201;O;4341,000;0,000;0,000;0,000;1046,4650;974,6684;4542704,7310;4231035,54;1,073663;849,6900;729,9115;3688504,2900;3168545,91;3688504,2900;3168545,91;864,0400;-18,804;8,423;-25,112;1,655;1,356;0,357;-1,661;0,359;0,000;0,000;0,0000;0,00;;;;DUSD;N069000;T300;;099643      SERVICENOW INC;1046,46503824;974,66840359;849,69000000;729,91151962;864,04000000;4341,00000000;0,00000000;0,00000000;0,00000000;0,00000000;20251113
89;1O;00481;US7475251036;QUALCOMM INC.;USD;OTC;111111;201;O;20692,000;0,000;0,000;0,000;153,6105;147,9115;3178509,2180;3060585,62;1,038530;174,5000;149,9012;3610754,0000;3101755,86;3610754,0000;3101755,86;176,6700;13,599;12,091;1,345;1,620;1,327;0,349;-1,228;0,351;0,000;0,000;0,0000;0,00;;;;DUSD;N069000;T300;;099651      QUALCOMM INC.;153,61053634;147,91154165;174,50000000;149,90121123;176,67000000;20692,00000000;0,00000000;0,00000000;0,00000000;0,00000000;20251113
89;1O;00263;US17275R1023;CISCO SYSTEM INC.;USD;OTC;111111;201;O;45750,000;0,000;0,000;0,000;60,4919;56,9321;2767505,2040;2604644,04;1,062527;77,3800;66,4719;3540135,0000;3041091,83;3540135,0000;3041091,83;73,9600;27,918;9,560;16,757;1,589;1,301;0,343;4,624;0,344;0,000;0,000;0,0000;0,00;;;;DUSD;N069000;T300;;099657      CISCO SYSTEM INC.;60,49191702;56,93211016;77,38000000;66,47195258;73,96000000;45750,00000000;0,00000000;0,00000000;0,00000000;0,00000000;20251113
89;1O;10451;US58933Y1055;MERCK E CO INC;USD;NEW YORK;111111;201;O;38007,000;0,000;0,000;0,000;97,5991;93,3673;3709450,0940;3548611,84;1,045324;92,9300;79,8299;3531990,5100;3034095,45;3531990,5100;3034095,45;91,4500;-4,784;11,363;-14,499;1,585;1,298;0,342;1,618;0,343;0,000;0,000;0,0000;0,00;;;;DUSD;N069000;T300;;099658      MERCK E CO INC;97,59912895;93,36732286;92,93000000;79,82991151;91,45000000;38007,00000000;0,00000000;0,00000000;0,00000000;0,00000000;20251113
89;1O;04319;US79466L3024;SALESFORCE COM INC.;USD;NEW YORK;111111;201;O;14450,000;0,000;0,000;0,000;329,9574;317,4549;4767885,0450;4587224,43;1,039383;240,4300;206,5372;3474213,5000;2984463,10;3474213,5000;2984463,10;246,0200;-27,133;11,999;-34,940;1,559;1,277;0,336;-2,272;0,338;0,000;0,000;0,0000;0,00;;;;DUSD;N069000;T300;;099664      SALESFORCE COM INC.;329,95744256;317,45497785;240,43000000;206,53723906;246,02000000;14450,00000000;0,00000000;0,00000000;0,00000000;0,00000000;20251113
89;1O;00060;US2358511028;DANAHER CORP.;USD;NEW YORK;111111;201;O;15623,000;0,000;0,000;0,000;227,7277;219,2128;3557791,3340;3424762,61;1,038843;221,2000;190,0180;3455807,6000;2968651,83;3455807,6000;2968651,83;219,4000;-2,866;12,057;-13,318;1,551;1,270;0,334;0,820;0,336;0,000;0,000;0,0000;0,00;;;;DUSD;N069000;T300;;099666      DANAHER CORP.;227,72779453;219,21286628;221,20000000;190,01803968;219,40000000;15623,00000000;0,00000000;0,00000000;0,00000000;0,00000000;20251113
89;1O;60431;US5128073062;LAM RESEARCH CORP;USD;OTC;111111;201;O;21819,000;0,000;0,000;0,000;72,2300;69,7470;1575986,3700;1521809,93;1,035600;153,3200;131,7068;3345289,0800;2873712,81;3345289,0800;2873712,81;161,4200;112,266;12,408;88,835;1,501;1,230;0,324;-5,018;0,325;0,000;0,000;0,0000;0,00;;;;DUSD;N069000;T300;;099676      LAM RESEARCH CORP;72,23000000;69,74700627;153,32000000;131,70689803;161,42000000;21819,00000000;0,00000000;0,00000000;0,00000000;0,00000000;20251113
89;1O;00061;US2441991054;DEERE & CO.;USD;NEW YORK;111111;201;O;6432,000;0,000;0,000;0,000;426,1629;408,7129;2741080,1520;2628841,68;1,042695;473,4100;406,6746;3044973,1200;2615731,57;3044973,1200;2615731,57;480,7800;11,087;11,643;-0,499;1,366;1,119;0,295;-1,533;0,296;0,000;0,000;0,0000;0,00;;;;DUSD;N069000;T300;;099705      DEERE & CO.;426,16295895;408,71294776;473,41000000;406,67468430;480,78000000;6432,00000000;0,00000000;0,00000000;0,00000000;0,00000000;20251113
89;1O;01191;US4612021034;INTUIT INC.;USD;OTC;111111;201;O;4311,000;0,000;0,000;0,000;625,4759;600,6027;2696427,0170;2589198,43;1,041414;650,1100;558,4657;2802624,2100;2407545,92;2802624,2100;2407545,92;659,3000;3,938;11,781;-7,016;1,258;1,030;0,271;-1,394;0,272;0,000;0,000;0,0000;0,00;;;;DUSD;N069000;T300;;099729      INTUIT INC.;625,47599559;600,60274414;650,11000000;558,46576754;659,30000000;4311,00000000;0,00000000;0,00000000;0,00000000;0,00000000;20251113
89;1O;25523;US78409V1044;S&P GLOBAL-ORD SHS;USD;NEW YORK;111111;201;O;5577,000;0,000;0,000;0,000;495,6485;475,9378;2764231,6910;2654305,66;1,041414;502,9600;432,0591;2805007,9200;2409593,61;2805007,9200;2409593,61;495,8400;1,475;11,781;-9,219;1,259;1,031;0,271;1,436;0,273;0,000;0,000;0,0000;0,00;;;;DUSD;N069000;T300;;099729      S&P GLOBAL-ORD SHS;495,64850116;475,93789851;502,96000000;432,05910145;495,84000000;5577,00000000;0,00000000;0,00000000;0,00000000;0,00000000;20251113
89;1O;00007;US0028241000;ABBOTT LABORATORIES CORP.;USD;NEW YORK;111111;201;O;20042,000;0,000;0,000;0,000;120,5204;111,3814;2415470,9970;2232307,49;1,082051;129,2600;111,0385;2590628,9200;2225435,03;2590628,9200;2225435,03;128,8200;7,252;7,583;-0,308;1,163;0,952;0,251;0,342;0,252;0,000;0,000;0,0000;0,00;;;;DUSD;N069000;T300;;099749      ABBOTT LABORATORIES CORP.;120,52045689;111,38147340;129,26000000;111,03857056;128,82000000;20042,00000000;0,00000000;0,00000000;0,00000000;0,00000000;20251113
89;1O;00017;US0311621009;AMGEN INC;USD;OTC;111111;201;O;7190,000;0,000;0,000;0,000;261,7050;251,6674;1881659,1200;1809488,81;1,039884;336,0000;288,6349;2415840,0000;2075285,63;2415840,0000;2075285,63;336,2800;28,389;11,945;14,689;1,084;0,888;0,234;-0,083;0,235;0,000;0,000;0,0000;0,00;;;;DUSD;N069000;T300;;099766      AMGEN INC;261,70502364;251,66742837;336,00000000;288,63499699;336,28000000;7190,00000000;0,00000000;0,00000000;0,00000000;0,00000000;20251113
89;1O;00103;US4581401001;INTEL CORP.;USD;OTC;111111;201;O;66306,000;0,000;0,000;0,000;19,9972;19,1901;1325939,5130;1272423,74;1,042058;35,9100;30,8478;2381048,4600;2045398,56;2381048,4600;2045398,56;37,8900;79,574;11,712;60,748;1,069;0,875;0,230;-5,226;0,232;0,000;0,000;0,0000;0,00;;;;DUSD;N069000;T300;;099770      INTEL CORP.;19,99727796;19,19017494;35,91000000;30,84786530;37,89000000;66306,00000000;0,00000000;0,00000000;0,00000000;0,00000000;20251113
89;1O;00492;US9078181081;UNION PACIFIC CORP.;USD;NEW YORK;111111;201;O;10159,000;0,000;0,000;0,000;227,6184;218,9963;2312376,1440;2224784,36;1,039371;221,4800;190,2585;2250015,3200;1932836,80;2250015,3200;1932836,80;223,5500;-2,697;12,000;-13,123;1,010;0,827;0,218;-0,926;0,219;0,000;0,000;0,0000;0,00;;;;DUSD;N069000;T300;;099782      UNION PACIFIC CORP.;227,61848055;218,99639334;221,48000000;190,25856885;223,55000000;10159,00000000;0,00000000;0,00000000;0,00000000;0,00000000;20251113
89;1O;02840;US8636671013;STRYKER CORP.;USD;NEW YORK;111111;201;O;5798,000;0,000;0,000;0,000;359,7052;346,3813;2085570,9480;2008318,92;1,038466;373,4200;320,7800;2165089,1600;1859882,45;2165089,1600;1859882,45;367,3400;3,813;12,098;-7,391;0,972;0,796;0,210;1,655;0,211;0,000;0,000;0,0000;0,00;;;;DUSD;N069000;T300;;099790      STRYKER CORP.;359,70523421;346,38132459;373,42000000;320,78000171;367,34000000;5798,00000000;0,00000000;0,00000000;0,00000000;0,00000000;20251113
89;1O;01458;US92343V1044;VERIZON COMMUNICATION;USD;NEW YORK;111111;201;O;52311,000;0,000;0,000;0,000;43,1539;36,6549;2257423,6640;1917458,30;1,177300;41,1100;35,3148;2150505,2100;1847354,36;2150505,2100;1847354,36;40,8000;-4,736;-1,121;-3,656;0,965;0,791;0,208;0,760;0,209;0,000;0,000;0,0000;0,00;;;;DUSD;N069000;T300;;099792      VERIZON COMMUNICATION;43,15390002;36,65497314;41,11000000;35,31483549;40,80000000;52311,00000000;0,00000000;0,00000000;0,00000000;0,00000000;20251113
89;1O;00349;US8725401090;TJX COMPANIES INC.;USD;NEW YORK;111111;201;O;14466,000;0,000;0,000;0,000;120,1513;114,7711;1738109,7910;1660278,81;1,046878;146,4000;125,7623;2117822,4000;1819278,76;2117822,4000;1819278,76;147,6300;21,846;11,197;9,577;0,950;0,779;0,205;-0,833;0,206;0,000;0,000;0,0000;0,00;;;;DUSD;N069000;T300;;099795      TJX COMPANIES INC.;120,15137501;114,77110535;146,40000000;125,76239154;147,63000000;14466,00000000;0,00000000;0,00000000;0,00000000;0,00000000;20251113
89;1O;01357;US0530151036;AUTOMATIC DATA PROCESSING;USD;OTC;111111;201;O;8189,000;0,000;0,000;0,000;293,2872;281,0166;2401729,6370;2301245,15;1,043665;254,6100;218,7183;2085001,2900;1791084,35;2085001,2900;1791084,35;254,5500;-13,188;11,540;-22,169;0,936;0,766;0,202;0,024;0,203;0,000;0,000;0,0000;0,00;;;;DUSD;N069000;T300;;099798      AUTOMATIC DATA PROCESSING;293,28729234;281,01662596;254,61000000;218,71832316;254,55000000;8189,00000000;0,00000000;0,00000000;0,00000000;0,00000000;20251113
89;1O;19426;US6974351057;PALO ALTO NETWORKS INC;USD;NEW YORK;111111;201;O;10216,000;0,000;0,000;0,000;180,7437;173,3568;1846478,0060;1771013,34;1,042611;204,7700;175,9041;2091930,3200;1797036,61;2091930,3200;1797036,61;210,0400;13,293;11,652;1,469;0,939;0,769;0,202;-2,509;0,203;0,000;0,000;0,0000;0,00;;;;DUSD;N069000;T300;;099798      PALO ALTO NETWORKS INC;180,74373590;173,35682654;204,77000000;175,90413194;210,04000000;10216,00000000;0,00000000;0,00000000;0,00000000;0,00000000;20251113
89;1O;03448;US8716071076;SYNOPSYS INC.;USD;OTC;111111;201;O;5286,000;0,000;0,000;0,000;498,1833;454,9332;2633397,4370;2404777,28;1,095069;393,9300;338,3987;2082313,9800;1788775,86;2082313,9800;1788775,86;398,8100;-20,927;6,304;-25,616;0,934;0,765;0,202;-1,224;0,202;0,000;0,000;0,0000;0,00;;;;DUSD;N069000;T300;;099798      SYNOPSYS INC.;498,18339708;454,93327279;393,93000000;338,39876299;398,81000000;5286,00000000;0,00000000;0,00000000;0,00000000;0,00000000;20251113
89;1O;00432;US0326541051;ANALOG DEVICES;USD;OTC;111111;201;O;8509,000;0,000;0,000;0,000;209,9380;201,6183;1786362,6110;1715570,70;1,041264;237,5300;204,0460;2021142,7700;1736227,79;2021142,7700;1736227,79;241,4400;13,143;11,797;1,204;0,907;0,743;0,196;-1,619;0,197;0,000;0,000;0,0000;0,00;;;;DUSD;N069000;T300;;099804      ANALOG DEVICES;209,93801986;201,61836878;237,53000000;204,04604415;241,44000000;8509,00000000;0,00000000;0,00000000;0,00000000;0,00000000;20251113
89;1O;00035;US1011371077;BOSTON SCIENTIFIC CORP.;USD;NEW YORK;111111;201;O;18508,000;0,000;0,000;0,000;89,5096;86,0904;1656644,6990;1593361,74;1,039717;104,9800;90,1812;1942969,8400;1669074,68;1942969,8400;1669074,68;104,1300;17,283;11,963;4,752;0,872;0,714;0,188;0,816;0,189;0,000;0,000;0,0000;0,00;;;;DUSD;N069000;T300;;099812      BOSTON SCIENTIFIC CORP.;89,50965523;86,09043332;104,98000000;90,18125590;104,13000000;18508,00000000;0,00000000;0,00000000;0,00000000;0,00000000;20251113
89;1O;02043;US00724F1012;ADOBE SYSTEM INC.;USD;OTC;111111;201;O;5624,000;0,000;0,000;0,000;358,0233;304,9620;2013523,5400;1715106,41;1,173993;333,6000;286,5733;1876166,4000;1611688,34;1876166,4000;1611688,34;337,0500;-6,822;-0,843;-6,030;0,842;0,690;0,182;-1,024;0,182;0,000;0,000;0,0000;0,00;;;;DUSD;N069000;T300;;099818      ADOBE SYSTEM INC.;358,02338904;304,96202169;333,60000000;286,57331844;337,05000000;5624,00000000;0,00000000;0,00000000;0,00000000;0,00000000;20251113
89;1O;03191;US3755581036;GILEAD SCIENCES INC.;USD;OTC;111111;201;O;14929,000;0,000;0,000;0,000;104,4133;94,9078;1558786,3290;1416879,42;1,100155;125,2000;107,5508;1869110,8000;1605627,35;1869110,8000;1605627,35;123,4000;19,908;5,812;13,321;0,839;0,687;0,181;1,459;0,182;0,000;0,000;0,0000;0,00;;;;DUSD;N069000;T300;;099819      GILEAD SCIENCES INC.;104,41331160;94,90785853;125,20000000;107,55089768;123,40000000;14929,00000000;0,00000000;0,00000000;0,00000000;0,00000000;20251113
89;1O;23879;US95040Q1040;WELLTOWER INC;USD;NEW YORK;111111;201;O;9629,000;0,000;0,000;0,000;126,9230;121,9040;1222142,3430;1173814,53;1,041172;191,0700;164,1353;1839813,0300;1580459,61;1839813,0300;1580459,61;191,6400;50,540;11,807;34,643;0,826;0,676;0,178;-0,297;0,179;0,000;0,000;0,0000;0,00;;;;DUSD;N069000;T300;;099822      WELLTOWER INC;126,92308059;121,90409492;191,07000000;164,13538355;191,64000000;9629,00000000;0,00000000;0,00000000;0,00000000;0,00000000;20251113
89;1O;06874;US9581021055;WESTERN DIGITAL CORP;USD;NEW YORK;111111;201;O;11704,000;0,000;0,000;0,000;42,9315;41,4566;502470,9250;485208,59;1,035577;157,1600;135,0055;1839400,6400;1580105,35;1839400,6400;1580105,35;166,1100;266,071;12,411;225,655;0,825;0,676;0,178;-5,388;0,179;0,000;0,000;0,0000;0,00;;;;DUSD;N069000;T300;;099822      WESTERN DIGITAL CORP;42,93155545;41,45664644;157,16000000;135,00558371;166,11000000;11704,00000000;0,00000000;0,00000000;0,00000000;0,00000000;20251113
89;1O;11964;US74340W1036;PROLOGIS INC;USD;NEW YORK;111111;201;O;14610,000;0,000;0,000;0,000;104,9866;100,8280;1533854,2490;1473097,51;1,041244;124,0000;106,5200;1811640,0000;1556258,05;1811640,0000;1556258,05;124,8400;18,110;11,799;5,645;0,813;0,666;0,175;-0,673;0,176;0,000;0,000;0,0000;0,00;;;;DUSD;N069000;T300;;099825      PROLOGIS INC;104,98660157;100,82802943;124,00000000;106,52005841;124,84000000;14610,00000000;0,00000000;0,00000000;0,00000000;0,00000000;20251113
89;1O;00575;US0527691069;AUTODESK INC.;USD;OTC;111111;201;O;5922,000;0,000;0,000;0,000;295,3926;272,4174;1749315,3510;1613256,30;1,084338;297,1700;255,2787;1759840,7400;1511760,79;1759840,7400;1511760,79;301,7400;0,602;7,356;-6,291;0,790;0,647;0,170;-1,515;0,171;0,000;0,000;0,0000;0,00;;;;DUSD;N069000;T300;;099830      AUTODESK INC.;295,39266312;272,41747720;297,17000000;255,27875612;301,74000000;5922,00000000;0,00000000;0,00000000;0,00000000;0,00000000;20251113
89;1O;04140;US92532F1003;VERTEX PHARMACEUTICALS INC.;USD;OTC;111111;201;O;4024,000;0,000;0,000;0,000;406,2200;390,4864;1634629,2890;1571317,34;1,040292;434,5200;373,2669;1748508,4800;1502026,01;1748508,4800;1502026,01;434,1900;6,967;11,901;-4,410;0,785;0,643;0,169;0,076;0,170;0,000;0,000;0,0000;0,00;;;;DUSD;N069000;T300;;099831      VERTEX PHARMACEUTICALS INC.;406,22000223;390,48641650;434,52000000;373,26690146;434,19000000;4024,00000000;0,00000000;0,00000000;0,00000000;0,00000000;20251113
89;1O;37453;US68902V1070;OTIS WORLDWIDE;USD;NEW YORK;111111;201;O;18744,000;0,000;0,000;0,000;93,5591;88,1558;1753671,9330;1652393,50;1,061292;90,5900;77,8197;1698018,9600;1458653,86;1698018,9600;1458653,86;90,9800;-3,174;9,687;-11,725;0,762;0,624;0,164;-0,429;0,165;0,000;0,000;0,0000;0,00;;;;DUSD;N069000;T300;;099836      OTIS WORLDWIDE;93,55910867;88,15586321;90,59000000;77,81977493;90,98000000;18744,00000000;0,00000000;0,00000000;0,00000000;0,00000000;20251113
89;1O;01205;US9113121068;UNITED PARCEL SERVICE CL.B;USD;NEW YORK;111111;201;O;17555,000;0,000;0,000;0,000;123,7028;118,7914;2171603,2640;2085384,35;1,041344;95,9700;82,4413;1684753,3500;1447258,27;1684753,3500;1447258,27;96,1800;-22,419;11,788;-30,600;0,756;0,619;0,163;-0,218;0,164;0,000;0,000;0,0000;0,00;;;;DUSD;N069000;T300;;099837      UNITED PARCEL SERVICE CL.B;123,70283474;118,79147536;95,97000000;82,44137101;96,18000000;17555,00000000;0,00000000;0,00000000;0,00000000;0,00000000;20251113
89;1O;00261;US5486611073;LOWE'S COMPANIES INC.;USD;NEW YORK;111111;201;O;7111,000;0,000;0,000;0,000;242,9450;230,8973;1727582,3250;1641911,35;1,052178;231,4700;198,8403;1645983,1700;1413953,41;1645983,1700;1413953,41;234,7000;-4,723;10,637;-13,884;0,739;0,605;0,159;-1,376;0,160;0,000;0,000;0,0000;0,00;;;;DUSD;N069000;T300;;099841      LOWE'S COMPANIES INC.;242,94506047;230,89739136;231,47000000;198,84030581;234,70000000;7111,00000000;0,00000000;0,00000000;0,00000000;0,00000000;20251113
89;1O;12297;US7512121010;POLO RALPH LAUREN CORP. NEW;USD;NEW YORK;111111;201;O;4623,000;0,000;0,000;0,000;295,6432;256,1286;1366758,5500;1184082,62;1,154276;332,7700;285,8603;1538395,7100;1321532,27;1538395,7100;1321532,27;340,2100;12,558;0,851;11,608;0,690;0,566;0,149;-2,187;0,150;0,000;0,000;0,0000;0,00;;;;DUSD;N069000;T300;;099851      POLO RALPH LAUREN CORP. NEW;295,64320787;256,12862210;332,77000000;285,86032127;340,21000000;4623,00000000;0,00000000;0,00000000;0,00000000;0,00000000;20251113
89;1O;00567;US2788651006;ECOLAB INC.;USD;NEW YORK;111111;201;O;5628,000;0,000;0,000;0,000;234,3779;224,9673;1319079,0700;1266116,07;1,041831;261,9800;225,0493;1474423,4400;1266577,99;1474423,4400;1266577,99;261,0600;11,777;11,736;0,036;0,662;0,542;0,143;0,352;0,143;0,000;0,000;0,0000;0,00;;;;DUSD;N069000;T300;;099857      ECOLAB INC.;234,37794420;224,96731876;261,98000000;225,04939438;261,06000000;5628,00000000;0,00000000;0,00000000;0,00000000;0,00000000;20251113
89;1O;12344;US98419M1009;XYLEM INC;USD;NEW YORK;111111;201;O;9954,000;0,000;0,000;0,000;118,5914;112,3327;1180459,6770;1118159,82;1,055716;147,2700;126,5097;1465925,5800;1259278,05;1465925,5800;1259278,05;149,8700;24,183;10,266;12,621;0,658;0,539;0,142;-1,735;0,143;0,000;0,000;0,0000;0,00;;;;DUSD;N069000;T300;;099858      XYLEM INC;118,59148854;112,33271247;147,27000000;126,50975002;149,87000000;9954,00000000;0,00000000;0,00000000;0,00000000;0,00000000;20251113
89;1O;00053;US1941621039;COLGATE PALMOLIVE CO.;USD;NEW YORK;111111;201;O;17323,000;0,000;0,000;0,000;82,4671;73,3226;1428577,7600;1270169,07;1,124715;78,7900;67,6831;1364879,1700;1172475,88;1364879,1700;1172475,88;78,5600;-4,459;3,502;-7,691;0,613;0,502;0,132;0,293;0,133;0,000;0,000;0,0000;0,00;;;;DUSD;N069000;T300;;099868      COLGATE PALMOLIVE CO.;82,46711077;73,32269641;78,79000000;67,68318872;78,56000000;17323,00000000;0,00000000;0,00000000;0,00000000;0,00000000;20251113
89;1O;37454;US14448C1045;CARRIER GLOBAL CORP;USD;NEW YORK;111111;201;O;24034,000;0,000;0,000;0,000;67,4654;63,6882;1621463,9470;1530682,58;1,059308;55,1600;47,3842;1325715,4400;1138832,95;1325715,4400;1138832,95;55,9900;-18,240;9,892;-25,600;0,595;0,487;0,128;-1,482;0,129;0,000;0,000;0,0000;0,00;;;;DUSD;N069000;T300;;099872      CARRIER GLOBAL CORP;67,46542177;63,68821586;55,16000000;47,38424533;55,99000000;24034,00000000;0,00000000;0,00000000;0,00000000;0,00000000;20251113
89;1O;19892;US29444U7000;EQUINIX INC;USD;OTC;111111;201;O;1610,000;0,000;0,000;0,000;931,1829;894,6873;1499204,5460;1440446,63;1,040791;786,5400;675,6636;1266329,4000;1087818,40;1266329,4000;1087818,40;813,2400;-15,533;11,848;-24,480;0,568;0,466;0,123;-3,283;0,123;0,000;0,000;0,0000;0,00;;;;DUSD;N069000;T300;;099877      EQUINIX INC;931,18294782;894,68734782;786,54000000;675,66360278;813,24000000;1610,00000000;0,00000000;0,00000000;0,00000000;0,00000000;20251113
89;1O;16468;US98978V1035;ZOETIS INC;USD;NEW YORK;111111;201;O;10199,000;0,000;0,000;0,000;162,2815;156,1385;1655110,0170;1592457,22;1,039343;121,1600;104,0804;1235710,8400;1061516,06;1235710,8400;1061516,06;121,2500;-25,340;12,003;-33,341;0,555;0,454;0,120;-0,074;0,120;0,000;0,000;0,0000;0,00;;;;DUSD;N069000;T300;;099880      ZOETIS INC;162,28159790;156,13856456;121,16000000;104,08040546;121,25000000;10199,00000000;0,00000000;0,00000000;0,00000000;0,00000000;20251113
89;1O;00572;US2371941053;DARDEN RESTAURANTS;USD;NEW YORK;111111;201;O;6846,000;0,000;0,000;0,000;194,4863;178,4329;1331453,5370;1221551,79;1,089969;175,4200;150,6915;1200925,3200;1031634,16;1200925,3200;1031634,16;175,6700;-9,803;6,801;-15,547;0,539;0,441;0,116;-0,142;0,117;0,000;0,000;0,0000;0,00;;;;DUSD;N069000;T300;;099884      DARDEN RESTAURANTS;194,48634779;178,43292287;175,42000000;150,69152134;175,67000000;6846,00000000;0,00000000;0,00000000;0,00000000;0,00000000;20251113
89;1O;04564;US5797802064;MCCORMICK & CO NON VTG;USD;NEW YORK;111111;201;O;16933,000;0,000;0,000;0,000;69,7511;63,3617;1181095,9620;1072904,49;1,100840;66,1000;56,7820;1119271,3000;961490,68;1119271,3000;961490,68;65,8800;-5,235;5,747;-10,384;0,502;0,411;0,108;0,334;0,109;0,000;0,000;0,0000;0,00;;;;DUSD;N069000;T300;;099892      MCCORMICK & CO NON VTG;69,75113458;63,36174865;66,10000000;56,78206339;65,88000000;16933,00000000;0,00000000;0,00000000;0,00000000;0,00000000;20251113
89;1O;33770;US1255231003;CIGNA CORP ORD;USD;NEW YORK;111111;201;O;3978,000;0,000;0,000;0,000;278,4969;267,7132;1107861,0230;1064963,27;1,040281;270,8900;232,7033;1077600,4200;925694,03;1077600,4200;925694,03;270,6100;-2,731;11,902;-13,077;0,484;0,396;0,104;0,103;0,105;0,000;0,000;0,0000;0,00;;;;DUSD;N069000;T300;;099896      CIGNA CORP ORD;278,49698919;267,71324032;270,89000000;232,70337599;270,61000000;3978,00000000;0,00000000;0,00000000;0,00000000;0,00000000;20251113
89;1O;19628;US0367521038;ELEVANCE HEALTH INC;USD;NEW YORK;111111;201;O;3244,000;0,000;0,000;0,000;371,9418;357,5574;1206579,3660;1159916,45;1,040230;328,2800;282,0032;1064940,3200;914818,59;1064940,3200;914818,59;327,6300;-11,739;11,908;-21,131;0,478;0,391;0,103;0,198;0,104;0,000;0,000;0,0000;0,00;;;;DUSD;N069000;T300;;099897      ELEVANCE HEALTH INC;371,94185141;357,55747533;328,28000000;282,00326432;327,63000000;3244,00000000;0,00000000;0,00000000;0,00000000;0,00000000;20251113
89;1O;08879;US0304201033;AMERICAN WATER WORKS CO INC;USD;NEW YORK;111111;201;O;7929,000;0,000;0,000;0,000;125,9625;120,7923;998757,0600;957762,20;1,042803;131,4600;112,9284;1042346,3400;895409,62;1042346,3400;895409,62;129,7700;4,364;11,632;-6,510;0,468;0,383;0,101;1,302;0,101;0,000;0,000;0,0000;0,00;;;;DUSD;N069000;T300;;099899      AMERICAN WATER WORKS CO INC;125,96255013;120,79230672;131,46000000;112,92844257;129,77000000;7929,00000000;0,00000000;0,00000000;0,00000000;0,00000000;20251113
89;1O;03366;US3021301094;EXPEDITORS INTL WASH INC.;USD;NEW YORK;111111;201;O;7532,000;0,000;0,000;0,000;110,7424;106,2998;834112,1550;800650,81;1,041793;138,4400;118,9244;1042730,0800;895739,27;1042730,0800;895739,27;140,6800;25,011;11,740;11,876;0,468;0,383;0,101;-1,592;0,101;0,000;0,000;0,0000;0,00;;;;DUSD;N069000;T300;;099899      EXPEDITORS INTL WASH INC.;110,74245286;106,29989511;138,44000000;118,92449102;140,68000000;7532,00000000;0,00000000;0,00000000;0,00000000;0,00000000;20251113
89;1O;00530;US0758871091;BECTON DICKINSON;USD;NEW YORK;111111;201;O;5315,000;0,000;0,000;0,000;225,7538;217,2585;1199881,6830;1154729,21;1,039102;193,0400;165,8276;1026007,6000;881374,11;1026007,6000;881374,11;192,1200;-14,491;12,029;-23,673;0,460;0,377;0,099;0,479;0,100;0,000;0,000;0,0000;0,00;;;;DUSD;N069000;T300;;099901      BECTON DICKINSON;225,75384440;217,25855315;193,04000000;165,82767803;192,12000000;5315,00000000;0,00000000;0,00000000;0,00000000;0,00000000;20251113
89;1O;08129;US90384S3031;ULTA BEAUTY INC;USD;OTC;111111;201;O;1899,000;0,000;0,000;0,000;507,6129;435,9892;963957,0700;827943,68;1,164279;533,8700;458,6118;1013819,1300;870903,81;1013819,1300;870903,81;535,4000;5,173;-0,015;5,189;0,455;0,373;0,098;-0,286;0,099;0,000;0,000;0,0000;0,00;;;;DUSD;N069000;T300;;099902      ULTA BEAUTY INC;507,61299104;435,98929963;533,87000000;458,61180310;535,40000000;1899,00000000;0,00000000;0,00000000;0,00000000;0,00000000;20251113
89;1O;33782;US24703L2025;DELL TECHS-ORD SHS CL C;USD;NEW YORK;111111;201;O;7337,000;0,000;0,000;0,000;129,9465;117,8213;953418,0770;864455,39;1,102912;133,9400;115,0588;982717,7800;844186,74;982717,7800;844186,74;140,7100;3,073;5,548;-2,345;0,441;0,361;0,095;-4,811;0,096;0,000;0,000;0,0000;0,00;;;;DUSD;N069000;T300;;099905      DELL TECHS-ORD SHS CL C;129,94658266;117,82136977;133,94000000;115,05884374;140,71000000;7337,00000000;0,00000000;0,00000000;0,00000000;0,00000000;20251113
89;1O;00104;US4595061015;INTERNATIONAL FLAVORS & FRAGRANCES INC.;USD;NEW YORK;111111;201;O;14519,000;0,000;0,000;0,000;82,0541;76,8596;1191344,8120;1115925,11;1,067585;67,4300;57,9245;979016,1700;841006,93;979016,1700;841006,93;65,4100;-17,823;9,040;-24,636;0,439;0,360;0,095;3,088;0,095;0,000;0,000;0,0000;0,00;;;;DUSD;N069000;T300;;099905      INTERNATIONAL FLAVORS & FRAGRANCES INC.;82,05419188;76,85963978;67,43000000;57,92457692;65,41000000;14519,00000000;0,00000000;0,00000000;0,00000000;0,00000000;20251113
89;1O;00316;US5745991068;MASCO CORP.;USD;NEW YORK;111111;201;O;15818,000;0,000;0,000;0,000;74,4919;68,4438;1178313,4430;1082645,42;1,088365;61,8000;53,0882;977552,4000;839749,51;977552,4000;839749,51;62,5200;-17,038;6,959;-22,435;0,439;0,359;0,095;-1,152;0,095;0,000;0,000;0,0000;0,00;;;;DUSD;N069000;T300;;099905      MASCO CORP.;74,49193595;68,44388797;61,80000000;53,08822266;62,52000000;15818,00000000;0,00000000;0,00000000;0,00000000;0,00000000;20251113
89;1O;00549;US4180561072;HASBRO INC.;USD;NEW YORK;111111;201;O;12104,000;0,000;0,000;0,000;65,8689;57,9883;797277,3410;701890,88;1,135899;78,9000;67,7776;955005,6000;820381,07;955005,6000;820381,07;79,1300;19,783;2,483;16,882;0,429;0,351;0,092;-0,291;0,093;0,000;0,000;0,0000;0,00;;;;DUSD;N069000;T300;;099908      HASBRO INC.;65,86891449;57,98834104;78,90000000;67,77768232;79,13000000;12104,00000000;0,00000000;0,00000000;0,00000000;0,00000000;20251113
89;1O;00426;US5951121038;MICRON TECHNOLOGY INC.;USD;OTC;111111;201;O;3972,000;0,000;0,000;0,000;99,2648;87,5687;394280,0530;347822,91;1,133566;236,9500;203,5478;941165,4000;808491,88;941165,4000;808491,88;244,9000;138,705;2,694;132,444;0,422;0,346;0,091;-3,246;0,092;0,000;0,000;0,0000;0,00;;;;DUSD;N069000;T300;;099909      MICRON TECHNOLOGY INC.;99,26486732;87,56870845;236,95000000;203,54780517;244,90000000;3972,00000000;0,00000000;0,00000000;0,00000000;0,00000000;20251113
89;1O;00212;US8718291078;SYSCO CORP.;USD;NEW YORK;111111;201;O;12478,000;0,000;0,000;0,000;75,9834;72,9038;948121,4720;909693,98;1,042242;75,0700;64,4875;936723,4600;804676,11;936723,4600;804676,11;75,4200;-1,202;11,692;-11,544;0,420;0,344;0,091;-0,464;0,091;0,000;0,000;0,0000;0,00;;;;DUSD;N069000;T300;;099909      SYSCO CORP.;75,98344863;72,90382913;75,07000000;64,48758697;75,42000000;12478,00000000;0,00000000;0,00000000;0,00000000;0,00000000;20251113
89;1O;04388;US2533931026;DICK'S SPORTING GOODS INC.;USD;NEW YORK;111111;201;O;4162,000;0,000;0,000;0,000;218,5230;194,9768;909492,9560;811493,47;1,120764;220,1000;189,0731;916056,2000;786922,26;916056,2000;786922,26;222,8600;0,722;3,867;-3,028;0,411;0,337;0,089;-1,238;0,089;0,000;0,000;0,0000;0,00;;;;DUSD;N069000;T300;;099911      DICK'S SPORTING GOODS INC.;218,52305526;194,97680682;220,10000000;189,07310368;222,86000000;4162,00000000;0,00000000;0,00000000;0,00000000;0,00000000;20251113
89;1O;13633;US8923561067;TRACTOR SUPPLY COMPANY;USD;OTC;111111;201;O;15660,000;0,000;0,000;0,000;56,8716;50,4152;890610,7880;789503,54;1,128064;56,1800;48,2604;879778,8000;755758,78;879778,8000;755758,78;55,9800;-1,216;3,194;-4,274;0,395;0,323;0,085;0,357;0,086;0,000;0,000;0,0000;0,00;;;;DUSD;N069000;T300;;099915      TRACTOR SUPPLY COMPANY;56,87169782;50,41529629;56,18000000;48,26045872;55,98000000;15660,00000000;0,00000000;0,00000000;0,00000000;0,00000000;20251113
89;1O;00399;US5184391044;ESTEE LAUDER COMPANIES CLA;USD;NEW YORK;111111;201;O;9314,000;0,000;0,000;0,000;92,0889;78,6110;857716,2450;732182,94;1,171451;89,9200;77,2442;837514,8800;719452,69;837514,8800;719452,69;92,0100;-2,355;-0,628;-1,739;0,376;0,308;0,081;-2,271;0,081;0,000;0,000;0,0000;0,00;;;;DUSD;N069000;T300;;099919      ESTEE LAUDER COMPANIES CLA;92,08892473;78,61100923;89,92000000;77,24422300;92,01000000;9314,00000000;0,00000000;0,00000000;0,00000000;0,00000000;20251113
89;1O;01310;US0865161014;BEST BUY COMPANY INC.;USD;NEW YORK;111111;201;O;10577,000;0,000;0,000;0,000;76,9821;65,5393;814239,7300;693209,66;1,174594;76,1800;65,4411;805755,8600;692170,66;805755,8600;692170,66;77,7100;-1,042;-0,893;-0,150;0,362;0,296;0,078;-1,969;0,078;0,000;0,000;0,0000;0,00;;;;DUSD;N069000;T300;;099922      BEST BUY COMPANY INC.;76,98210551;65,53934575;76,18000000;65,44111330;77,71000000;10577,00000000;0,00000000;0,00000000;0,00000000;0,00000000;20251113
89;1O;23399;US70450Y1038;PAYPAL HOLDINGS INC-W/I;USD;OTC;111111;201;O;11948,000;0,000;0,000;0,000;67,5125;57,3451;806639,3500;685160,40;1,177300;65,3300;56,1206;780562,8400;670529,03;780562,8400;670529,03;67,2000;-3,233;-1,121;-2,135;0,350;0,287;0,076;-2,783;0,076;0,000;0,000;0,0000;0,00;;;;DUSD;N069000;T300;;099924      PAYPAL HOLDINGS INC-W/I;67,51250000;57,34519584;65,33000000;56,12060819;67,20000000;11948,00000000;0,00000000;0,00000000;0,00000000;0,00000000;20251113
89;1O;07927;US2538681030;DIGITAL REALTY TRUST INC;USD;NEW YORK;111111;201;O;4845,000;0,000;0,000;0,000;174,8956;167,9936;847369,4100;813929,28;1,041085;158,1100;135,8216;766042,9500;658055,97;766042,9500;658055,97;163,9000;-9,598;11,816;-19,151;0,344;0,282;0,074;-3,533;0,074;0,000;0,000;0,0000;0,00;;;;DUSD;N069000;T300;;099926      DIGITAL REALTY TRUST INC;174,89564705;167,99365944;158,11000000;135,82166480;163,90000000;4845,00000000;0,00000000;0,00000000;0,00000000;0,00000000;20251113
89;1O;04293;US12504L1098;CB RICHARD ELLIS GROUP INC. -CL A;USD;NEW YORK;111111;201;O;4829,000;0,000;0,000;0,000;130,1069;124,9210;628286,5690;603243,95;1,041513;153,1700;131,5780;739657,9300;635390,37;739657,9300;635390,37;155,4000;17,726;11,770;5,329;0,332;0,272;0,072;-1,435;0,072;0,000;0,000;0,0000;0,00;;;;DUSD;N069000;T300;;099928      CB RICHARD ELLIS GROUP INC. -CL A;130,10697225;124,92109132;153,17000000;131,57804312;155,40000000;4829,00000000;0,00000000;0,00000000;0,00000000;0,00000000;20251113
89;1O;36719;US52736R1023;LEVI STRAUSS & CO CLASS A;USD;NEW YORK;111111;201;O;32469,000;0,000;0,000;0,000;19,9470;17,2455;647659,5140;559946,28;1,156646;21,6600;18,6066;703278,5400;604139,28;703278,5400;604139,28;21,7600;8,588;0,644;7,892;0,316;0,259;0,068;-0,460;0,068;0,000;0,000;0,0000;0,00;;;;DUSD;N069000;T300;;099932      LEVI STRAUSS & CO CLASS A;19,94701142;17,24556592;21,66000000;18,60664891;21,76000000;32469,00000000;0,00000000;0,00000000;0,00000000;0,00000000;20251113
89;1O;02976;US9884981013;YUM BRANDS INC.;USD;NEW YORK;111111;201;O;4514,000;0,000;0,000;0,000;145,5405;125,9356;656969,9000;568473,73;1,155673;149,7300;128,6229;675881,2200;580604,09;675881,2200;580604,09;149,3700;2,879;0,729;2,134;0,303;0,248;0,065;0,241;0,066;0,000;0,000;0,0000;0,00;;;;DUSD;N069000;T300;;099935      YUM BRANDS INC.;145,54051838;125,93569561;149,73000000;128,62297053;149,37000000;4514,00000000;0,00000000;0,00000000;0,00000000;0,00000000;20251113
89;1O;01215;US00846U1016;AGILENT TECHNOLOGIES INC.;USD;NEW YORK;111111;201;O;4524,000;0,000;0,000;0,000;132,9368;127,9949;601406,4030;579049,29;1,038610;146,8900;126,1833;664530,3600;570853,33;664530,3600;570853,33;151,5200;10,496;12,082;-1,415;0,298;0,244;0,064;-3,056;0,065;0,000;0,000;0,0000;0,00;;;;DUSD;N069000;T300;;099936      AGILENT TECHNOLOGIES INC.;132,93687069;127,99498010;146,89000000;126,18331758;151,52000000;4524,00000000;0,00000000;0,00000000;0,00000000;0,00000000;20251113
89;1O;09755;US92276F1003;VENTAS INC;USD;NEW YORK;111111;201;O;8530,000;0,000;0,000;0,000;59,4046;56,9577;506721,5750;485849,29;1,042960;77,2400;66,3516;658857,2000;565979,90;658857,2000;565979,90;76,9000;30,024;11,615;16,493;0,296;0,242;0,064;0,442;0,064;0,000;0,000;0,0000;0,00;;;;DUSD;N069000;T300;;099936      VENTAS INC;59,40463950;56,95771277;77,24000000;66,35168799;76,90000000;8530,00000000;0,00000000;0,00000000;0,00000000;0,00000000;20251113
89;1O;07900;US5500211090;LULULEMON ATHLETICA INC;USD;OTC;111111;201;O;3834,000;0,000;0,000;0,000;176,2529;151,5816;675753,8200;581163,87;1,162760;169,6600;145,7434;650476,4400;558780,55;650476,4400;558780,55;170,9000;-3,741;0,115;-3,851;0,292;0,239;0,063;-0,726;0,063;0,000;0,000;0,0000;0,00;;;;DUSD;N069000;T300;;099937      LULULEMON ATHLETICA INC;176,25295253;151,58160406;169,66000000;145,74349282;170,90000000;3834,00000000;0,00000000;0,00000000;0,00000000;0,00000000;20251113
89;1O;08920;US49271V1008;KUERIG DR PEPPER;USD;NEW YORK;111111;201;O;23914,000;0,000;0,000;0,000;29,1755;25,0382;697704,7500;598764,85;1,165240;27,0000;23,1938;645678,0000;554658,53;645678,0000;554658,53;26,9000;-7,457;-0,098;-7,366;0,290;0,237;0,062;0,372;0,063;0,000;0,000;0,0000;0,00;;;;DUSD;N069000;T300;;099938      KUERIG DR PEPPER;29,17557706;25,03825583;27,00000000;23,19388368;26,90000000;23914,00000000;0,00000000;0,00000000;0,00000000;0,00000000;20251113
89;1O;32178;US3802371076;GODADDY-ORD SHS CL A;USD;NEW YORK;111111;201;O;4702,000;0,000;0,000;0,000;195,3495;187,5161;918533,7340;881701,07;1,041775;131,0700;112,5934;616291,1400;529414,26;616291,1400;529414,26;132,5300;-32,905;11,742;-39,955;0,277;0,227;0,060;-1,102;0,060;0,000;0,000;0,0000;0,00;;;;DUSD;N069000;T300;;099940      GODADDY-ORD SHS CL A;195,34958188;187,51617822;131,07000000;112,59341980;132,53000000;4702,00000000;0,00000000;0,00000000;0,00000000;0,00000000;20251113
89;1O;09902;US28176E1082;EDWARDS LIFESCIENCES CORP;USD;NEW YORK;111111;201;O;6876,000;0,000;0,000;0,000;73,8145;71,0241;507548,9280;488362,35;1,039288;86,1100;73,9713;592092,3600;508626,72;592092,3600;508626,72;85,5800;16,657;12,009;4,149;0,266;0,218;0,057;0,619;0,058;0,000;0,000;0,0000;0,00;;;;DUSD;N069000;T300;;099943      EDWARDS LIFESCIENCES CORP;73,81456195;71,02419284;86,11000000;73,97130830;85,58000000;6876,00000000;0,00000000;0,00000000;0,00000000;0,00000000;20251113
89;1O;03963;US1273871087;CADENCE DESIGN SYS INC.;USD;OTC;111111;201;O;1752,000;0,000;0,000;0,000;372,5422;316,4377;652693,9390;554399,00;1,177300;315,9900;271,4457;553614,4800;475572,96;553614,4800;475572,96;315,5400;-15,180;-1,121;-14,218;0,248;0,204;0,054;0,143;0,054;0,000;0,000;0,0000;0,00;;;;DUSD;N069000;T300;;099946      CADENCE DESIGN SYS INC.;372,54220262;316,43778538;315,99000000;271,44575208;315,54000000;1752,00000000;0,00000000;0,00000000;0,00000000;0,00000000;20251113
89;1O;05346;US1924461023;COGNIZANT TECH SOLUTIONS A;USD;OTC;111111;201;O;6657,000;0,000;0,000;0,000;76,4175;73,3887;508711,3040;488549,24;1,041269;73,5600;63,1904;489688,9200;420658,81;489688,9200;420658,81;74,2000;-3,739;11,796;-13,896;0,220;0,180;0,047;-0,863;0,048;0,000;0,000;0,0000;0,00;;;;DUSD;N069000;T300;;099953      COGNIZANT TECH SOLUTIONS A;76,41750097;73,38879976;73,56000000;63,19044755;74,20000000;6657,00000000;0,00000000;0,00000000;0,00000000;0,00000000;20251113
89;1O;37182;US45687V1061;INGERSOLL RAND-ORD SHS;USD;NEW YORK;111111;201;O;6249,000;0,000;0,000;0,000;89,1405;85,6269;557039,1830;535082,91;1,041033;76,2000;65,4582;476173,8000;409048,88;476173,8000;409048,88;77,7100;-14,517;11,822;-23,554;0,214;0,175;0,046;-1,943;0,046;0,000;0,000;0,0000;0,00;;;;DUSD;N069000;T300;;099954      INGERSOLL RAND-ORD SHS;89,14053176;85,62696591;76,20000000;65,45829396;77,71000000;6249,00000000;0,00000000;0,00000000;0,00000000;0,00000000;20251113
89;1O;04020;US0534841012;AVALONBAY COMMUNITIES INC.;USD;NEW YORK;111111;201;O;2490,000;0,000;0,000;0,000;217,9485;209,2680;542691,8040;521077,51;1,041480;176,9800;152,0316;440680,2000;378558,71;440680,2000;378558,71;178,0500;-18,797;11,774;-27,351;0,198;0,162;0,043;-0,601;0,043;0,000;0,000;0,0000;0,00;;;;DUSD;N069000;T300;;099957      AVALONBAY COMMUNITIES INC.;217,94851566;209,26807630;176,98000000;152,03161240;178,05000000;2490,00000000;0,00000000;0,00000000;0,00000000;0,00000000;20251113
89;1O;02074;US98956P1021;ZIMMER HOLDINGS INC.;USD;NEW YORK;111111;201;O;4787,000;0,000;0,000;0,000;105,5077;101,5981;505065,6620;486350,20;1,038481;90,5700;77,8025;433558,5900;372441,02;433558,5900;372441,02;90,0300;-14,158;12,096;-23,421;0,195;0,159;0,042;0,600;0,042;0,000;0,000;0,0000;0,00;;;;DUSD;N069000;T300;;099958      ZIMMER HOLDINGS INC.;105,50776310;101,59811990;90,57000000;77,80259427;90,03000000;4787,00000000;0,00000000;0,00000000;0,00000000;0,00000000;20251113
89;1O;03754;US09062X1037;BIOGEN  INC.;USD;OTC;111111;201;O;1630,000;0,000;0,000;0,000;151,2565;145,6353;246548,1520;237385,59;1,038598;164,7300;141,5084;268509,9000;230658,79;268509,9000;230658,79;161,4800;8,908;12,084;-2,834;0,120;0,099;0,026;2,013;0,026;0,000;0,000;0,0000;0,00;;;;DUSD;N069000;T300;;099974      BIOGEN  INC.;151,25653496;145,63533128;164,73000000;141,50846147;161,48000000;1630,00000000;0,00000000;0,00000000;0,00000000;0,00000000;20251113
89;1O;00525;US4278661081;HERSHEY CO.;USD;NEW YORK;111111;201;O;1480,000;0,000;0,000;0,000;173,8151;149,8922;257246,3500;221840,59;1,159600;178,1400;153,0280;263647,2000;226481,57;263647,2000;226481,57;178,2600;2,488;0,388;2,092;0,118;0,097;0,026;-0,067;0,026;0,000;0,000;0,0000;0,00;;;;DUSD;N069000;T300;;099974      HERSHEY CO.;173,81510135;149,89229054;178,14000000;153,02809037;178,26000000;1480,00000000;0,00000000;0,00000000;0,00000000;0,00000000;20251113
89;1O;06332;US48020Q1076;JONES LANG LASALLE INC;USD;NEW YORK;111111;201;O;728,000;0,000;0,000;0,000;249,5325;239,4847;181659,7120;174344,91;1,041956;301,8800;259,3248;219768,6400;188788,45;219768,6400;188788,45;307,2600;20,978;11,723;8,284;0,099;0,081;0,021;-1,751;0,021;0,000;0,000;0,0000;0,00;;;;DUSD;N069000;T300;;099979      JONES LANG LASALLE INC;249,53257142;239,48476648;301,88000000;259,32480027;307,26000000;728,00000000;0,00000000;0,00000000;0,00000000;0,00000000;20251113
89;1O;00814;US1011211018;BOSTON PROPERTIES INC.;USD;NEW YORK;111111;201;O;2223,000;0,000;0,000;0,000;73,9595;71,0920;164412,1790;158037,68;1,040335;70,8000;60,8195;157388,4000;135201,79;157388,4000;135201,79;71,6500;-4,272;11,897;-14,450;0,071;0,058;0,015;-1,186;0,015;0,000;0,000;0,0000;0,00;;;;DUSD;N069000;T300;;099985      BOSTON PROPERTIES INC.;73,95959469;71,09207377;70,80000000;60,81951722;71,65000000;2223,00000000;0,00000000;0,00000000;0,00000000;0,00000000;20251113
89;1O;03392;CH0013841017;LONZA GROUP AG-REG;CHF;VIRTX;111111;201;O;4599,000;0,000;0,000;0,000;534,7297;570,4062;2459222,0630;2623298,14;0,937454;552,6000;598,6350;2541407,4000;2753122,52;2541407,4000;2753122,52;554,6000;3,342;-1,531;4,949;37,169;1,178;0,310;-0,361;0,312;0,000;0,000;0,0000;0,00;;;;DCHF;N071000;T300;;099690      LONZA GROUP AG-REG;534,72973755;570,40620569;552,60000000;598,63503412;554,60000000;4599,00000000;0,00000000;0,00000000;0,00000000;0,00000000;20251113
89;1O;01930;CH0012221716;ABB LTD - NOM;CHF;VIRTX;111111;201;O;24632,000;0,000;0,000;0,000;58,6011;62,8104;1443464,4430;1547147,54;0,932984;56,1600;60,8384;1383333,1200;1498573,42;1383333,1200;1498573,42;57,4200;-4,166;-1,059;-3,140;20,232;0,641;0,169;-2,194;0,170;0,000;0,000;0,0000;0,00;;;;DCHF;N071000;T300;;099831      ABB LTD - NOM;58,60118719;62,81047174;56,16000000;60,83847903;57,42000000;24632,00000000;0,00000000;0,00000000;0,00000000;0,00000000;20251113
89;1O;01931;CH0012005267;NOVARTIS AG - NOM.;CHF;VIRTX;111111;201;O;11513,000;0,000;0,000;0,000;101,4821;108,2592;1168364,5680;1246388,49;0,937400;105,7400;114,5488;1217384,6200;1318800,37;1217384,6200;1318800,37;104,7000;4,196;-1,525;5,810;17,805;0,564;0,149;0,993;0,149;0,000;0,000;0,0000;0,00;;;;DCHF;N071000;T300;;099851      NOVARTIS AG - NOM.;101,48219994;108,25922782;105,74000000;114,54880294;104,70000000;11513,00000000;0,00000000;0,00000000;0,00000000;0,00000000;20251113
89;1O;39064;CH0025751329;LOGITECH INTL SA;USD;OTC;111111;201;O;18785,000;0,000;0,000;0,000;82,3500;79,5191;1546944,7500;1493766,66;1,035600;118,5900;101,8726;2227713,1500;1913678,51;2227713,1500;1913678,51;121,1300;44,007;12,408;28,111;1,000;0,819;0,216;-2,097;0,217;0,000;0,000;0,0000;0,00;;;;DUSD;N071000;T300;;099784      LOGITECH INTL SA;82,35000000;79,51911951;118,59000000;101,87269134;121,13000000;18785,00000000;0,00000000;0,00000000;0,00000000;0,00000000;20251113
89;1O;60381;IE000IVNQZ81;TE CONNECTIVITY PLC;USD;NEW YORK;111111;201;O;5872,000;0,000;0,000;0,000;142,9700;138,0552;839519,8400;810660,33;1,035600;236,2800;202,9722;1387436,1600;1191853,07;1387436,1600;1191853,07;246,3200;65,265;12,408;47,022;0,623;0,510;0,134;-4,076;0,135;0,000;0,000;0,0000;0,00;;;;DUSD;N071000;T300;;099866      TE CONNECTIVITY PLC;142,97000000;138,05523331;236,28000000;202,97225324;246,32000000;5872,00000000;0,00000000;0,00000000;0,00000000;0,00000000;20251113
89;1O;00872;KR7000660001;SK HYNIX INC.;KRW;SEOUL;111111;201;O;3156,000;0,000;0,000;0,000;354949,6974;216,9901;1120221245,0000;684820,77;1635,787485;612000,0000;358,0521;1931472000,0000;1130012,73;1931472000,0000;1130012,73;617000,0000;72,419;4,491;65,009;66,502;0,484;0,127;-0,810;0,128;0,000;0,000;0,0000;0,00;;;;DKRW;N084000;T300;;099873      SK HYNIX INC.;354949,69740177;216,99010456;612000,00000000;358,05219605;617000,00000000;3156,00000000;0,00000000;0,00000000;0,00000000;0,00000000;20251113
89;1O;02748;KR7066570003;LG ELECTRONICS INC.;KRW;SEOUL;111111;201;O;10518,000;0,000;0,000;0,000;82505,8561;53,9236;867796595,2650;567169,16;1530,048981;92500,0000;54,1173;972915000,0000;569206,46;972915000,0000;569206,46;92900,0000;12,113;11,712;0,359;33,498;0,244;0,064;-0,431;0,064;0,000;0,000;0,0000;0,00;;;;DKRW;N084000;T300;;099936      LG ELECTRONICS INC.;82505,85617655;53,92366989;92500,00000000;54,11736623;92900,00000000;10518,00000000;0,00000000;0,00000000;0,00000000;0,00000000;20251113
89;1O;09635;JP3651210001;NABTESCO CORP;JPY;TOKYO;111111;201;O;115808,000;0,000;0,000;0,000;2798,4724;17,1920;324085497,6240;1990978,88;162,776964;3537,0000;19,7042;409612896,0000;2281912,60;409612896,0000;2281912,60;3574,0000;26,390;10,276;14,613;8,272;0,976;0,257;-1,035;0,258;0,000;0,000;0,0000;0,00;;;;DJPY;N088000;T300;;099743      NABTESCO CORP;2798,47245116;17,19206686;3537,00000000;19,70427432;3574,00000000;115808,00000000;0,00000000;0,00000000;0,00000000;0,00000000;20251113
89;1O;00664;JP3266400005;KUBOTA CORP.;JPY;TOKYO;111111;201;O;162800,000;0,000;0,000;0,000;1694,3036;10,1535;275832633,1100;1652997,02;166,868197;2104,5000;11,7239;342612600,0000;1908660,63;342612600,0000;1908660,63;2112,5000;24,210;7,572;15,467;6,919;0,817;0,215;-0,379;0,216;0,000;0,000;0,0000;0,00;;;;DJPY;N088000;T300;;099785      KUBOTA CORP.;1694,30364318;10,15354434;2104,50000000;11,72395966;2112,50000000;162800,00000000;0,00000000;0,00000000;0,00000000;0,00000000;20251113
89;1O;00117;JP3270000007;KURITA WATER INDUSTRIES LTD.;JPY;TOKYO;111111;201;O;51100,000;0,000;0,000;0,000;5310,0641;32,1746;271344277,0170;1644123,70;165,038845;6433,0000;35,8376;328726300,0000;1831301,44;328726300,0000;1831301,44;6514,0000;21,147;8,765;11,385;6,639;0,784;0,206;-1,243;0,207;0,000;0,000;0,0000;0,00;;;;DJPY;N088000;T300;;099794      KURITA WATER INDUSTRIES LTD.;5310,06412949;32,17463209;6433,00000000;35,83760157;6514,00000000;51100,00000000;0,00000000;0,00000000;0,00000000;0,00000000;20251113
89;1O;00810;JP3205800000;KAO CORP.;JPY;TOKYO;111111;201;O;49300,000;0,000;0,000;0,000;6306,3047;39,0963;310900823,9970;1927447,99;161,301797;6548,0000;36,4782;322816400,0000;1798377,98;322816400,0000;1798377,98;6609,0000;3,833;11,285;-6,696;6,519;0,770;0,203;-0,923;0,204;0,000;0,000;0,0000;0,00;;;;DJPY;N088000;T300;;099797      KAO CORP.;6306,30474638;39,09630811;6548,00000000;36,47825510;6609,00000000;49300,00000000;0,00000000;0,00000000;0,00000000;0,00000000;20251113
89;1O;00196;JP3435000009;SONY CORP.;JPY;TOKYO;111111;201;O;64700,000;0,000;0,000;0,000;3192,2477;19,6814;206538428,9330;1273391,53;162,195542;4669,0000;26,0105;302084300,0000;1682881,51;302084300,0000;1682881,51;4686,0000;46,261;10,671;32,157;6,101;0,720;0,190;-0,363;0,190;0,000;0,000;0,0000;0,00;;;;DJPY;N088000;T300;;099810      SONY CORP.;3192,24774239;19,68147650;4669,00000000;26,01053345;4686,00000000;64700,00000000;0,00000000;0,00000000;0,00000000;0,00000000;20251113
89;1O;00433;JP3596200000;TOTO LTD.;JPY;TOKYO;111111;201;O;72400,000;0,000;0,000;0,000;3842,1388;23,3965;278170856,0000;1693907,96;164,218401;3862,0000;21,5148;279608800,0000;1557672,75;279608800,0000;1557672,75;3891,0000;0,517;9,308;-8,043;5,647;0,667;0,175;-0,745;0,176;0,000;0,000;0,0000;0,00;;;;DJPY;N088000;T300;;099825      TOTO LTD.;3842,13889502;23,39651878;3862,00000000;21,51481692;3891,00000000;72400,00000000;0,00000000;0,00000000;0,00000000;0,00000000;20251113
89;1O;00163;JP3190000004;OBAYASHI CORP.;JPY;TOKYO;111111;201;O;93800,000;0,000;0,000;0,000;2088,7865;12,8313;195928181,8140;1203578,12;162,788089;2883,0000;16,0609;270425400,0000;1506512,94;270425400,0000;1506512,94;2847,0000;38,023;10,269;25,170;5,461;0,645;0,170;1,264;0,171;0,000;0,000;0,0000;0,00;;;;DJPY;N088000;T300;;099830      OBAYASHI CORP.;2088,78658650;12,83132324;2883,00000000;16,06090553;2847,00000000;93800,00000000;0,00000000;0,00000000;0,00000000;0,00000000;20251113
89;1O;00144;JP3914400001;MURATA MANUFACTURING CO.LTD.;JPY;TOKYO;111111;201;O;83000,000;0,000;0,000;0,000;2492,8009;15,1854;206902480,8880;1260390,16;164,157487;3169,0000;17,6541;263027000,0000;1465297,19;263027000,0000;1465297,19;3161,0000;27,126;9,349;16,257;5,312;0,627;0,165;0,253;0,166;0,000;0,000;0,0000;0,00;;;;DJPY;N088000;T300;;099835      MURATA MANUFACTURING CO.LTD.;2492,80097455;15,18542361;3169,00000000;17,65418302;3161,00000000;83000,00000000;0,00000000;0,00000000;0,00000000;0,00000000;20251113
89;1O;00447;JP3571400005;TOKYO ELECTRON LTD.;JPY;TOKYO;111111;201;O;7000,000;0,000;0,000;0,000;27438,8315;157,0074;192071821,0000;1099052,37;174,761300;33910,0000;188,9092;237370000,0000;1322364,60;237370000,0000;1322364,60;33660,0000;23,584;2,714;20,319;4,794;0,566;0,149;0,743;0,150;0,000;0,000;0,0000;0,00;;;;DJPY;N088000;T300;;099851      TOKYO ELECTRON LTD.;27438,83157142;157,00748142;33910,00000000;188,90922886;33660,00000000;7000,00000000;0,00000000;0,00000000;0,00000000;0,00000000;20251113
89;1O;00096;JP3854600008;HONDA MOTOR CO.;JPY;TOKYO;111111;201;O;145400,000;0,000;0,000;0,000;1541,7300;9,1304;224167542,0960;1327562,92;168,856435;1565,0000;8,7184;227551000,0000;1267663,93;227551000,0000;1267663,93;1544,5000;1,509;6,306;-4,512;4,595;0,542;0,143;1,327;0,143;0,000;0,000;0,0000;0,00;;;;DJPY;N088000;T300;;099857      HONDA MOTOR CO.;1541,73000066;9,13041898;1565,00000000;8,71845895;1544,50000000;145400,00000000;0,00000000;0,00000000;0,00000000;0,00000000;20251113
89;1O;00216;JP3538800008;TDK CORP.;JPY;TOKYO;111111;201;O;89100,000;0,000;0,000;0,000;1793,7811;11,0370;159825904,5240;983402,37;162,523408;2553,0000;14,2225;227472300,0000;1267225,50;227472300,0000;1267225,50;2569,0000;42,325;10,448;28,861;4,594;0,542;0,143;-0,623;0,143;0,000;0,000;0,0000;0,00;;;;DJPY;N088000;T300;;099857      TDK CORP.;1793,78119555;11,03706363;2553,00000000;14,22250844;2569,00000000;89100,00000000;0,00000000;0,00000000;0,00000000;0,00000000;20251113
89;1O;03334;JP3148800000;IBIDEN CO. LTD.;JPY;TOKYO;111111;201;O;16271,000;0,000;0,000;0,000;4739,1530;29,1287;77110759,3530;473954,39;162,696582;13620,0000;75,8756;221611020,0000;1234572,90;221611020,0000;1234572,90;13705,0000;187,393;10,331;160,483;4,475;0,528;0,139;-0,620;0,140;0,000;0,000;0,0000;0,00;;;;DJPY;N088000;T300;;099861      IBIDEN CO. LTD.;4739,15305469;29,12878065;13620,00000000;75,87566196;13705,00000000;16271,00000000;0,00000000;0,00000000;0,00000000;0,00000000;20251113
89;1O;00037;JP3830800003;BRIDGESTONE CORP.;JPY;TOKYO;111111;201;O;27000,000;0,000;0,000;0,000;6464,2769;37,4429;174535478,0260;1010959,76;172,643348;7250,0000;40,3890;195750000,0000;1090503,73;195750000,0000;1090503,73;7210,0000;12,155;3,974;7,868;3,953;0,467;0,123;0,555;0,123;0,000;0,000;0,0000;0,00;;;;DJPY;N088000;T300;;099877      BRIDGESTONE CORP.;6464,27696392;37,44295407;7250,00000000;40,38902710;7210,00000000;27000,00000000;0,00000000;0,00000000;0,00000000;0,00000000;20251113
89;1O;00251;JP3942400007;ASTELLAS PHARMA INC.;JPY;TOKYO;111111;201;O;101400,000;0,000;0,000;0,000;1515,6840;9,3109;153690367,7120;944125,66;162,785924;1874,5000;10,4426;190074300,0000;1058884,97;190074300,0000;1058884,97;1854,0000;23,674;10,270;12,155;3,839;0,453;0,119;1,106;0,120;0,000;0,000;0,0000;0,00;;;;DJPY;N088000;T300;;099881      ASTELLAS PHARMA INC.;1515,68409972;9,31090394;1874,50000000;10,44265259;1854,00000000;101400,00000000;0,00000000;0,00000000;0,00000000;0,00000000;20251113
89;1O;00148;JP3733000008;NEC CORP.;JPY;TOKYO;111111;201;O;29800,000;0,000;0,000;0,000;4988,1756;28,2773;148647632,8800;842666,49;176,401500;5990,0000;33,3696;178502000,0000;994416,84;178502000,0000;994416,84;5880,0000;20,084;1,759;18,008;3,605;0,426;0,112;1,871;0,113;0,000;0,000;0,0000;0,00;;;;DJPY;N088000;T300;;099888      NEC CORP.;4988,17560000;28,27739899;5990,00000000;33,36969274;5880,00000000;29800,00000000;0,00000000;0,00000000;0,00000000;0,00000000;20251113
89;1O;00618;JP3358800005;SHIMIZU CORP.;JPY;TOKYO;111111;201;O;69600,000;0,000;0,000;0,000;1287,3352;7,9061;89598531,4570;550264,82;162,828021;2515,0000;14,0108;175044000,0000;975152,67;175044000,0000;975152,67;2361,5000;95,365;10,242;77,215;3,535;0,417;0,110;6,500;0,110;0,000;0,000;0,0000;0,00;;;;DJPY;N088000;T300;;099890      SHIMIZU CORP.;1287,33522208;7,90610373;2515,00000000;14,01081423;2361,50000000;69600,00000000;0,00000000;0,00000000;0,00000000;0,00000000;20251113
89;1O;05704;JP3475350009;DAIICHI SANKYO CO LTD;JPY;TOKYO;111111;201;O;36200,000;0,000;0,000;0,000;4227,8375;25,9715;153047718,9070;940171,84;162,786963;3425,0000;19,0803;123985000,0000;690708,07;123985000,0000;690708,07;3465,0000;-18,989;10,269;-26,534;2,504;0,296;0,078;-1,154;0,078;0,000;0,000;0,0000;0,00;;;;DJPY;N088000;T300;;099922      DAIICHI SANKYO CO LTD;4227,83753886;25,97159779;3425,00000000;19,08033349;3465,00000000;36200,00000000;0,00000000;0,00000000;0,00000000;0,00000000;20251113
89;1O;05558;JP3118000003;ASICS CORP;JPY;TOKYO;111111;201;O;30600,000;0,000;0,000;0,000;3954,8671;22,3121;121018936,0000;682751,30;177,251857;3856,0000;21,4813;117993600,0000;657330,58;117993600,0000;657330,58;3791,0000;-2,500;1,271;-3,723;2,383;0,281;0,074;1,715;0,074;0,000;0,000;0,0000;0,00;;;;DJPY;N088000;T300;;099926      ASICS CORP;3954,86718954;22,31213398;3856,00000000;21,48139152;3791,00000000;30600,00000000;0,00000000;0,00000000;0,00000000;0,00000000;20251113
89;1O;03500;JP3164720009;RENEAS  ELECTRONICS CORP.;JPY;TOKYO;111111;201;O;39200,000;0,000;0,000;0,000;2046,5000;12,5725;80222800,0000;492842,91;162,775599;2013,0000;11,2142;78909600,0000;439597,51;78909600,0000;439597,51;1943,5000;-1,637;10,277;-10,804;1,594;0,188;0,050;3,576;0,050;0,000;0,000;0,0000;0,00;;;;DJPY;N088000;T300;;099950      RENEAS  ELECTRONICS CORP.;2046,50000000;12,57252321;2013,00000000;11,21422228;1943,50000000;39200,00000000;0,00000000;0,00000000;0,00000000;0,00000000;20251113
89;1O;01057;JP3937200008;YAMATAKE CORP.;JPY;TOKYO;111111;201;O;53000,000;0,000;0,000;0,000;1220,3363;7,4964;64677826,0000;397312,62;162,788250;1493,0000;8,3173;79129000,0000;440819,77;79129000,0000;440819,77;1504,5000;22,343;10,269;10,950;1,598;0,189;0,050;-0,764;0,050;0,000;0,000;0,0000;0,00;;;;DJPY;N088000;T300;;099950      YAMATAKE CORP.;1220,33633962;7,49646452;1493,00000000;8,31735413;1504,50000000;53000,00000000;0,00000000;0,00000000;0,00000000;0,00000000;20251113
89;1O;17960;JP3351100007;SYSMEX CORP;JPY;TOKYO;111111;201;O;34300,000;0,000;0,000;0,000;2916,5000;17,9173;100035950,0000;614563,55;162,775599;1588,5000;8,8493;54485550,0000;303533,57;54485550,0000;303533,57;1616,0000;-45,534;10,277;-50,610;1,100;0,130;0,034;-1,702;0,034;0,000;0,000;0,0000;0,00;;;;DJPY;N088000;T300;;099966      SYSMEX CORP;2916,50000000;17,91730466;1588,50000000;8,84937511;1616,00000000;34300,00000000;0,00000000;0,00000000;0,00000000;0,00000000;20251113
89;1O;00901;JP3976300008;RYOHIN KEIKAKU CO.LTD.;JPY;TOKYO;111111;201;O;7000,000;0,000;0,000;0,000;3356,9365;18,7057;23498556,0000;130940,58;179,459691;3305,0000;18,4118;23135000,0000;128882,78;23135000,0000;128882,78;3340,0000;-1,547;0,025;-1,572;0,467;0,055;0,015;-1,048;0,015;0,000;0,000;0,0000;0,00;;;;DJPY;N088000;T300;;099985      RYOHIN KEIKAKU CO.LTD.;3356,93657142;18,70579714;3305,00000000;18,41182546;3340,00000000;7000,00000000;0,00000000;0,00000000;0,00000000;0,00000000;20251113
89;1O;01571;HK0066009694;MTR CORP.;HKD;HONG KONG;111111;201;O;556938,000;0,000;0,000;0,000;26,9781;3,3346;15025154,7850;1857199,51;8,090221;30,6800;3,3917;17086857,8400;1888989,87;17086857,8400;1888989,87;30,4600;13,722;11,808;1,712;32,041;0,808;0,213;0,722;0,214;0,000;0,000;0,0000;0,00;;;;DHKD;N103000;T300;;099787      MTR CORP.;26,97814619;3,33466114;30,68000000;3,39174175;30,46000000;556938,00000000;0,00000000;0,00000000;0,00000000;0,00000000;20251113
89;1O;01620;HK0992009065;LENOVO GROUP LTD.;HKD;HONG KONG;111111;201;O;1316000,000;0,000;0,000;0,000;9,9923;1,2373;13149949,1150;1628350,84;8,075624;10,8600;1,2005;14291760,0000;1579985,63;14291760,0000;1579985,63;10,9900;8,683;12,010;-2,970;26,799;0,676;0,178;-1,183;0,179;0,000;0,000;0,0000;0,00;;;;DHKD;N103000;T300;;099822      LENOVO GROUP LTD.;9,99236254;1,23734866;10,86000000;1,20059698;10,99000000;1316000,00000000;0,00000000;0,00000000;0,00000000;0,00000000;20251113
89;1O;03896;HK0688002218;CHINA OVERSEAS LAND & INVESTMENT LTD;HKD;HONG KONG;111111;201;O;862500,000;0,000;0,000;0,000;12,4927;1,5427;10775021,6670;1330609,11;8,097811;13,8700;1,5333;11962875,0000;1322522,25;11962875,0000;1322522,25;13,6700;11,024;11,703;-0,608;22,432;0,566;0,149;1,463;0,150;0,000;0,000;0,0000;0,00;;;;DHKD;N103000;T300;;099851      CHINA OVERSEAS LAND & INVESTMENT LTD;12,49277874;1,54273520;13,87000000;1,53335912;13,67000000;862500,00000000;0,00000000;0,00000000;0,00000000;0,00000000;20251113
89;1O;00211;HK0019000162;SWIRE PACIFIC LTD. CLA;HKD;HONG KONG;111111;201;O;73586,000;0,000;0,000;0,000;70,1656;8,6944;5163210,2110;639786,51;8,070208;71,0000;7,8492;5224606,0000;577591,73;5224606,0000;577591,73;70,0000;1,189;12,085;-9,721;9,797;0,247;0,065;1,429;0,065;0,000;0,000;0,0000;0,00;;;;DHKD;N103000;T300;;099935      SWIRE PACIFIC LTD. CLA;70,16565937;8,69440532;71,00000000;7,84920678;70,00000000;73586,00000000;0,00000000;0,00000000;0,00000000;0,00000000;20251113
89;2;00001;;LIQUIDITA';EUR;;;610;;0,000;0,000;0,000;0,000;0,0000;0,0000;0,0000;0,00;0,000000;0,0000;0,0000;0,0000;18276432,24;0,0000;18276432,24;0,0000;0,000;0,000;0,000;0,000;0,000;2,059;0,000;2,069;0,000;0,000;0,0000;0,00;2;;;;;;;;0,00000000;0,00000000;0,00000000;0,00000000;0,00000000;0,00000000;0,00000000;0,00000000;0,00000000;0,00000000;20251113
89;2;00002;;LIQUIDITA' A SCADERE;EUR;;;620;;0,000;0,000;0,000;0,000;0,0000;0,0000;0,0000;0,00;0,000000;0,0000;0,0000;0,0000;-14690744,39;0,0000;-14690744,39;0,0000;0,000;0,000;0,000;0,000;0,000;-1,655;0,000;-1,663;0,000;0,000;0,0000;0,00;3;;;;;;;;0,00000000;0,00000000;0,00000000;0,00000000;0,00000000;0,00000000;0,00000000;0,00000000;0,00000000;0,00000000;20251113
89;2;00016;;GIACENZE DI DOLLARI AUSTRALIANI      AUD;AUD;;;621;;2859087,230;0,000;0,000;0,000;0,0000;0,5715;2859087,2300;1634045,98;1,749698;0,0000;1,7770;2859087,2300;1608940,48;2859087,2300;1608940,48;0,0000;0,000;0,000;0,000;0,000;0,000;0,181;0,000;0,182;0,000;0,000;0,0000;0,00;3AUD1;;;;;;;;0,00000000;0,57152715;0,00000000;1,77700000;0,00000000;2859087,23000000;0,00000000;0,00000000;0,00000000;0,00000000;20251113
89;2;00009;;GIACENZE DI DOLLARI CANADESI         CAD;CAD;;;621;;3368706,750;0,000;0,000;0,000;0,0000;0,6694;3368706,7500;2255195,01;1,493754;0,0000;1,6311;3368706,7500;2065297,50;3368706,7500;2065297,50;0,0000;0,000;0,000;0,000;0,000;0,000;0,233;0,000;0,234;0,000;0,000;0,0000;0,00;3CAD1;;;;;;;;0,00000000;0,66945423;0,00000000;1,63110000;0,00000000;3368706,75000000;0,00000000;0,00000000;0,00000000;0,00000000;20251113
89;2;00007;;GIACENZE DI FRANCHI SVIZZERI         CHF;CHF;;;621;;1695236,930;0,000;0,000;0,000;0,0000;1,0741;1695236,9300;1820897,18;0,930990;0,0000;0,9231;1695236,9300;1836460,76;1695236,9300;1836460,76;0,0000;0,000;0,000;0,000;0,000;0,000;0,207;0,000;0,208;0,000;0,000;0,0000;0,00;3CHF1;;;;;;;;0,00000000;1,07412547;0,00000000;0,92310000;0,00000000;1695236,93000000;0,00000000;0,00000000;0,00000000;0,00000000;20251113
89;2;00035;;GIACENZE DI CORONA DANESE            DKK;DKK;;;621;;2577406,180;0,000;0,000;0,000;0,0000;0,1339;2577406,1800;345131,20;7,467903;0,0000;7,4674;2577406,1800;345154,43;2577406,1800;345154,43;0,0000;0,000;0,000;0,000;0,000;0,000;0,039;0,000;0,039;0,000;0,000;0,0000;0,00;3DKK1;;;;;;;;0,00000000;0,13390640;0,00000000;7,46740000;0,00000000;2577406,18000000;0,00000000;0,00000000;0,00000000;0,00000000;20251113
89;2;00006;;GIACENZE DI STERLINE INGLESI         GBP;GBP;;;621;;2489564,140;0,000;0,000;0,000;0,0000;1,1419;2489564,1400;2843047,13;0,875668;0,0000;0,8822;2489564,1400;2821995,17;2489564,1400;2821995,17;0,0000;0,000;0,000;0,000;0,000;0,000;0,318;0,000;0,319;0,000;0,000;0,0000;0,00;3GBP1;;;;;;;;0,00000000;1,14198589;0,00000000;0,88220000;0,00000000;2489564,14000000;0,00000000;0,00000000;0,00000000;0,00000000;20251113
89;2;00014;;GIACENZE DI HONG KONG DOLLAR         HKD;HKD;;;621;;4762755,160;0,000;0,000;0,000;0,0000;0,1151;4762755,1600;548259,02;8,687053;0,0000;9,0455;4762755,1600;526533,10;4762755,1600;526533,10;0,0000;0,000;0,000;0,000;0,000;0,000;0,059;0,000;0,060;0,000;0,000;0,0000;0,00;3HKD1;;;;;;;;0,00000000;0,11511383;0,00000000;9,04550000;0,00000000;4762755,16000000;0,00000000;0,00000000;0,00000000;0,00000000;20251113
89;2;00008;;GIACENZE DI YEN GIAPPONESI           JPY;JPY;;;621;;325353052,000;0,000;0,000;0,000;0,0000;0,0056;325353052,0000;1837118,31;177,099673;0,0000;179,5042;325353052,0000;1812509,41;325353052,0000;1812509,41;0,0000;0,000;0,000;0,000;0,000;0,000;0,204;0,000;0,205;0,000;0,000;0,0000;0,00;3JPY1;;;;;;;;0,00000000;0,00564653;0,00000000;179,50420000;0,00000000;325353052,00000000;0,00000000;0,00000000;0,00000000;0,00000000;20251113
89;2;00008;;IMPEGNI IN DIVISA YEN GIAPPONESI     JPY;JPY;;;622;;-23512655,000;0,000;0,000;0,000;0,0000;0,0055;-23512655,0000;-131019,14;179,459696;0,0000;179,5042;-23512655,0000;-130986,66;-23512655,0000;-130986,66;0,0000;0,000;0,000;0,000;0,000;0,000;-0,015;0,000;-0,015;0,000;0,000;0,0000;0,00;3JPY2;;;;;;;;0,00000000;0,00557228;0,00000000;179,50420000;0,00000000;-23512655,00000000;0,00000000;0,00000000;0,00000000;0,00000000;20251113
89;2;00031;;GIACENZE DI CORONA NORVEGESE         NOK;NOK;;;621;;1658560,110;0,000;0,000;0,000;0,0000;0,0855;1658560,1100;141972,71;11,682246;0,0000;11,6551;1658560,1100;142303,38;1658560,1100;142303,38;0,0000;0,000;0,000;0,000;0,000;0,000;0,016;0,000;0,016;0,000;0,000;0,0000;0,00;3NOK1;;;;;;;;0,00000000;0,08559997;0,00000000;11,65510000;0,00000000;1658560,11000000;0,00000000;0,00000000;0,00000000;0,00000000;20251113
89;2;00011;;GIACENZE DI CORONE SVEDESI           SEK;SEK;;;621;;1186202,540;0,000;0,000;0,000;0,0000;0,0912;1186202,5400;108208,75;10,962168;0,0000;10,9361;1186202,5400;108466,69;1186202,5400;108466,69;0,0000;0,000;0,000;0,000;0,000;0,000;0,012;0,000;0,012;0,000;0,000;0,0000;0,00;3SEK1;;;;;;;;0,00000000;0,09122282;0,00000000;10,93610000;0,00000000;1186202,54000000;0,00000000;0,00000000;0,00000000;0,00000000;20251113
89;2;00022;;GIACENZE DI DOLLARI SINGAPORE        SGD;SGD;;;621;;2061347,900;0,000;0,000;0,000;0,0000;0,7074;2061347,9000;1458394,67;1,413436;0,0000;1,5129;2061347,9000;1362514,31;2061347,9000;1362514,31;0,0000;0,000;0,000;0,000;0,000;0,000;0,153;0,000;0,154;0,000;0,000;0,0000;0,00;3SGD1;;;;;;;;0,00000000;0,70749564;0,00000000;1,51290000;0,00000000;2061347,90000000;0,00000000;0,00000000;0,00000000;0,00000000;20251113
89;2;00001;;GIACENZE DI DOLLARI USA              USD;USD;;;621;;14654898,750;0,000;0,000;0,000;0,0000;0,8631;14654898,7500;12649359,25;1,158549;0,0000;1,1641;14654898,7500;12589037,67;14654898,7500;12589037,67;0,0000;0,000;0,000;0,000;0,000;0,000;1,418;0,000;1,425;0,000;0,000;0,0000;0,00;3USD1;;;;;;;;0,00000000;0,86314886;0,00000000;1,16410000;0,00000000;14654898,75000000;0,00000000;0,00000000;0,00000000;0,00000000;20251113
89;4;;;DIRITTI MATURATI NON RISCOSSI;;;;700;;0,000;0,000;0,000;0,000;0,0000;0,0000;0,0000;0,00;0,000000;0,0000;0,0000;0,0000;4869487,47;0,0000;358086,91;0,0000;0,000;0,000;0,000;0,000;0,000;0,549;0,000;0,551;0,000;0,000;0,0000;0,00;;;;;;;;;0,00000000;0,00000000;0,00000000;0,00000000;0,00000000;0,00000000;0,00000000;0,00000000;0,00000000;0,00000000;20251113
89;5;;;DEPOSITI MARGINI INIZ.FUTURES;;;;8;;0,000;0,000;0,000;0,000;0,0000;0,0000;0,0000;0,00;0,000000;0,0000;0,0000;0,0000;462978,70;0,0000;462978,70;0,0000;0,000;0,000;0,000;0,000;0,000;0,052;0,000;0,052;0,000;0,000;0,0000;0,00;;;;;;;;;0,00000000;0,00000000;0,00000000;0,00000000;0,00000000;0,00000000;0,00000000;0,00000000;0,00000000;0,00000000;20251113
89;5;;;MARGINI DI VARIAZIONE FUTURES;;;;8;;0,000;0,000;0,000;0,000;0,0000;0,0000;0,0000;0,00;0,000000;0,0000;0,0000;0,0000;0,00;0,0000;0,00;0,0000;0,000;0,000;0,000;0,000;0,000;0,000;0,000;0,000;0,000;0,000;0,0000;0,00;;;;;;;;;0,00000000;0,00000000;0,00000000;0,00000000;0,00000000;0,00000000;0,00000000;0,00000000;0,00000000;0,00000000;20251113
89;5;;;DEPOSITI BANCARI;;;;8;;0,000;0,000;0,000;0,000;0,0000;0,0000;0,0000;0,00;0,000000;0,0000;0,0000;0,0000;0,00;0,0000;0,00;0,0000;0,000;0,000;0,000;0,000;0,000;0,000;0,000;0,000;0,000;0,000;0,0000;0,00;;;;;;;;;0,00000000;0,00000000;0,00000000;0,00000000;0,00000000;0,00000000;0,00000000;0,00000000;0,00000000;0,00000000;20251113
89;9;;;RIMBORSI DA REGOLARE;;;;;;0,000;0,000;0,000;0,000;0,0000;0,0000;0,0000;0,00;0,000000;0,0000;0,0000;0,0000;-2348228,89;0,0000;-2348228,89;0,0000;0,000;0,000;0,000;0,000;0,000;0,000;0,000;0,000;0,000;0,000;0,0000;0,00;;;;;;;;;0,00000000;0,00000000;0,00000000;0,00000000;0,00000000;0,00000000;0,00000000;0,00000000;0,00000000;0,00000000;20251113
98;1I;46541;IT0005542359;BTPS  4,000% 2023-30/10/2031;EUR;MTS;086000;001;I;35600000,000;0,000;0,000;0,000;105,4679;105,4679;37546591,5500;37546591,55;0,000000;106,4810;106,4810;37907236,0000;37907236,00;37962005,2300;37962005,23;106,7980;0,961;0,000;0,961;8,698;30,458;4,367;-0,297;4,388;0,000;0,000;54769,2300;54769,23;;;;DEUR;N111111;T000;;095633      BTPS  4,000% 2023-30/10/2031;105,46795380;105,46795380;106,48100000;106,48100000;106,79800000;35600000,00000000;0,00000000;0,00000000;0,00000000;0,00000000;20251113
98;1I;62859;IT0005657330;BTPS 2,100% 2025-26/08/2027;EUR;MTSBOT;086000;001;I;20000000,000;0,000;0,000;0,000;99,9300;99,9300;19986000,0000;19986000,00;0,000000;99,8100;99,8100;19962000,0000;19962000,00;20052163,0400;20052163,04;99,8860;-0,120;0,000;-0,120;4,594;16,088;2,300;-0,076;2,311;0,000;0,000;90163,0400;90163,04;;;;DEUR;N111111;T000;;097700      BTPS 2,100% 2025-26/08/2027;99,93000000;99,93000000;99,81000000;99,81000000;99,88600000;20000000,00000000;0,00000000;0,00000000;0,00000000;0,00000000;20251113
98;1I;63469;IT0005668220;BTPS 3,25% 15.11.2032;EUR;MTSBOT;086000;001;I;17095000,000;0,000;0,000;0,000;101,4200;101,4200;17337749,0000;17337749,00;0,000000;101,3230;101,3230;17321166,8500;17321166,85;17419300,5100;17419300,51;101,6330;-0,096;0,000;-0,096;3,991;13,976;1,995;-0,305;2,005;0,000;0,000;98133,6600;98133,66;;;;DEUR;N111111;T000;;098005      BTPS 3,25% 15.11.2032;101,42000000;101,42000000;101,32300000;101,32300000;101,63300000;17095000,00000000;0,00000000;0,00000000;0,00000000;0,00000000;20251113
98;1I;48808;IT0005596470;BTP  4,050% 2024-30/10/2037;EUR;MOT;086000;001;I;10000000,000;0,000;0,000;0,000;104,1690;104,1690;10416900,0000;10416900,00;0,000000;104,6880;104,6880;10468800,0000;10468800,00;10484376,9200;10484376,92;105,1680;0,498;0,000;0,498;2,402;8,412;1,206;-0,456;1,212;0,000;0,000;15576,9200;15576,92;;;;DEUR;N111111;T000;;098794      BTP  4,050% 2024-30/10/2037;104,16900000;104,16900000;104,68800000;104,68800000;105,16800000;10000000,00000000;0,00000000;0,00000000;0,00000000;0,00000000;20251113
98;1I;40016;IT0005436693;BTP 0.60% 2021/01.08.2031;EUR;MTS;086000;001;I;4500000,000;0,000;0,000;0,000;85,4530;85,4530;3845385,0000;3845385,00;0,000000;88,4840;88,4840;3981780,0000;3981780,00;3989410,4300;3989410,43;88,7290;3,547;0,000;3,547;0,914;3,201;0,459;-0,276;0,461;0,000;0,000;7630,4300;7630,43;;;;DEUR;N111111;T000;;099541      BTP 0.60% 2021/01.08.2031;85,45300000;85,45300000;88,48400000;88,48400000;88,72900000;4500000,00000000;0,00000000;0,00000000;0,00000000;0,00000000;20251113
98;1I;40175;IT0005438004;BTP 1,5%  2021-30.04.2045;EUR;MOT;086000;001;I;1500000,000;0,000;0,000;0,000;67,3880;67,3880;1010820,0000;1010820,00;0,000000;66,7800;66,7800;1001700,0000;1001700,00;1002565,3800;1002565,38;67,3130;-0,902;0,000;-0,902;0,230;0,804;0,115;-0,792;0,116;0,000;0,000;865,3800;865,38;;;;DEUR;N111111;T000;;099885      BTP 1,5%  2021-30.04.2045;67,38800000;67,38800000;66,78000000;66,78000000;67,31300000;1500000,00000000;0,00000000;0,00000000;0,00000000;0,00000000;20251113
98;1I;24661;IT0005162828;BTPS 2,7% 2016.01.03.2047;EUR;MOT;086000;001;I;500000,000;0,000;0,000;0,000;82,0710;82,0710;410355,0000;410355,00;0,000000;81,0910;81,0910;405455,0000;405455,00;408177,3800;408177,38;81,7040;-1,194;0,000;-1,194;0,094;0,327;0,047;-0,750;0,047;0,000;0,000;2722,3800;2722,38;;;;DEUR;N111111;T000;;099953      BTPS 2,7% 2016.01.03.2047;82,07100000;82,07100000;81,09100000;81,09100000;81,70400000;500000,00000000;0,00000000;0,00000000;0,00000000;0,00000000;20251113
98;1I;63384;AT0000A3MUA7;AUSTRIAN T-BILL ZC 2025-27/11/2025;EUR;VIENNA;008000;100;I;10500000,000;0,000;0,000;0,000;99,5065;99,5065;10448191,1100;10448191,11;0,000000;99,9460;99,9460;10449922,0000;10449922,00;10494330,0000;10494330,00;99,9310;0,017;0,000;0,017;2,405;66,964;1,204;0,015;1,210;0,000;0,000;44408,0000;44408,00;;;;DEUR;N008000;T100;;098796      AUSTRIAN T-BILL ZC 2025-27/11/2025;99,50658200;99,50658200;99,94600000;99,94600000;99,93100000;10500000,00000000;0,00000000;0,00000000;0,00000000;0,00000000;20251113
98;1I;46612;AT0000A33SH3;REP OF AUSTRIA 2,900% 2023-23/05/2029;EUR;VIENNA;008000;100;I;5000000,000;0,000;0,000;0,000;102,8603;102,8603;5143015,0000;5143015,00;0,000000;102,1630;102,1630;5108150,0000;5108150,00;5177273,2900;5177273,29;102,2590;-0,678;0,000;-0,678;1,186;33,036;0,588;-0,094;0,591;0,000;0,000;69123,2900;69123,29;;;;DEUR;N008000;T100;;099412      REP OF AUSTRIA 2,900% 2023-23/05/2029;102,86030000;102,86030000;102,16300000;102,16300000;102,25900000;5000000,00000000;0,00000000;0,00000000;0,00000000;0,00000000;20251113
98;1I;46204;BE0000358672;BELGIUM KINGDOM 3,300% 2023-22/06/2054;EUR;LUXEMBOURG;009000;100;I;250000,000;0,000;0,000;0,000;95,6580;95,6580;239145,0000;239145,00;0,000000;86,2840;86,2840;215710,0000;215710,00;218964,7900;218964,79;87,1260;-9,799;0,000;-9,799;0,050;100,000;0,025;-0,966;0,025;0,000;0,000;3254,7900;3254,79;;;;DEUR;N009000;T100;;099975      BELGIUM KINGDOM 3,300% 2023-22/06/2054;95,65800000;95,65800000;86,28400000;86,28400000;87,12600000;250000,00000000;0,00000000;0,00000000;0,00000000;0,00000000;20251113
98;1I;28193;FR0013234333;FRANCE O.A.T 1,75% 2016/25.06.2039;EUR;PARIGI;029000;100;I;25000000,000;0,000;0,000;0,000;81,4900;81,4900;20372500,0000;20372500,00;0,000000;79,3710;79,3710;19842750,0000;19842750,00;20011756,8500;20011756,85;79,7320;-2,600;0,000;-2,600;4,585;23,708;2,286;-0,453;2,297;0,000;0,000;169006,8500;169006,85;;;;DEUR;N029000;T100;;097714      FRANCE O.A.T 1,75% 2016/25.06.2039;81,49000000;81,49000000;79,37100000;79,37100000;79,73200000;25000000,00000000;0,00000000;0,00000000;0,00000000;0,00000000;20251113
98;1I;61693;FR001400Z2L7;FRANCE GOVT 2,7% 25.02.2031;EUR;PARIGI;029000;100;I;16000000,000;0,000;0,000;0,000;100,0500;100,0500;16008000,0000;16008000,00;0,000000;99,7730;99,7730;15963680,0000;15963680,00;16272589,5900;16272589,59;99,9740;-0,277;0,000;-0,277;3,728;19,278;1,839;-0,201;1,848;0,000;0,000;308909,5900;308909,59;;;;DEUR;N029000;T100;;098161      FRANCE GOVT 2,7% 25.02.2031;100,05000000;100,05000000;99,77300000;99,77300000;99,97400000;16000000,00000000;0,00000000;0,00000000;0,00000000;0,00000000;20251113
98;1I;37946;FR0013516549;FRANCE-OAT 0% 2019/25.11.2030;EUR;PARIGI;029000;100;I;11000000,000;0,000;0,000;0,000;85,1580;85,1580;9367380,0000;9367380,00;0,000000;87,5300;87,5300;9628300,0000;9628300,00;9628300,0000;9628300,00;87,7000;2,785;0,000;2,785;2,206;11,407;1,109;-0,194;1,115;0,000;0,000;0,0000;0,00;;;;DEUR;N029000;T100;;098891      FRANCE-OAT 0% 2019/25.11.2030;85,15800000;85,15800000;87,53000000;87,53000000;87,70000000;11000000,00000000;0,00000000;0,00000000;0,00000000;0,00000000;20251113
98;1I;31930;PTOTEWOE0017;PORTUGAL 2,25% 2018/18.04.2034;EUR;LISBONA;055000;100;I;500000,000;0,000;0,000;0,000;95,8810;95,8810;479405,0000;479405,00;0,000000;95,2500;95,2500;476250,0000;476250,00;482691,7800;482691,78;95,5840;-0,658;0,000;-0,658;0,111;5,550;0,055;-0,349;0,055;0,000;0,000;6441,7800;6441,78;;;;DEUR;N055000;T100;;099945      PORTUGAL 2,25% 2018/18.04.2034;95,88100000;95,88100000;95,25000000;95,25000000;95,58400000;500000,00000000;0,00000000;0,00000000;0,00000000;0,00000000;20251113
98;1I;41969;ES0000012J07;SPAIN BONOS % 2021/30.07.2042;EUR;AIAF;067000;100;I;17355000,000;0,000;0,000;0,000;67,9670;67,9670;11795672,8500;11795672,85;0,000000;66,9220;66,9220;11614313,1000;11614313,10;11664713,9200;11664713,92;67,3970;-1,538;0,000;-1,538;2,673;29,434;1,338;-0,705;1,344;0,000;0,000;50400,8200;50400,82;;;;DEUR;N067000;T100;;098662      SPAIN BONOS % 2021/30.07.2042;67,96700000;67,96700000;66,92200000;66,92200000;67,39700000;17355000,00000000;0,00000000;0,00000000;0,00000000;0,00000000;20251113
98;1I;31538;ES0000012B47;SPAIN BONOS 2.70% 2018/31.10.2048;EUR;MADRID;067000;100;I;2500000,000;0,000;0,000;0,000;86,2690;86,2690;2156725,0000;2156725,00;0,000000;82,9280;82,9280;2073200,0000;2073200,00;2075604,1100;2075604,11;83,5760;-3,873;0,000;-3,873;0,476;5,237;0,239;-0,775;0,240;0,000;0,000;2404,1100;2404,11;;;;DEUR;N067000;T100;;099761      SPAIN BONOS 2.70% 2018/31.10.2048;86,26900000;86,26900000;82,92800000;82,92800000;83,57600000;2500000,00000000;0,00000000;0,00000000;0,00000000;0,00000000;20251113
98;1I;26342;ES00000128C6;SPAIN   BONOS  2,9% 2016  31/10/2046;EUR;EUROTLX;067000;100;I;2000000,000;0,000;0,000;0,000;90,5500;90,5500;1811000,0000;1811000,00;0,000000;87,4340;87,4340;1748680,0000;1748680,00;1750745,7500;1750745,75;88,0650;-3,441;0,000;-3,441;0,401;4,418;0,201;-0,717;0,202;0,000;0,000;2065,7500;2065,75;;;;DEUR;N067000;T100;;099799      SPAIN   BONOS  2,9% 2016  31/10/2046;90,55000000;90,55000000;87,43400000;87,43400000;88,06500000;2000000,00000000;0,00000000;0,00000000;0,00000000;0,00000000;20251113
98;1I;43456;ES0000012K46;SPAIN BONOS 1.9% 2022/31.10.2052;EUR;AIAF;067000;100;I;2500000,000;0,000;0,000;0,000;70,0700;70,0700;1751750,0000;1751750,00;0,000000;66,5600;66,5600;1664000,0000;1664000,00;1665691,7800;1665691,78;67,2050;-5,009;0,000;-5,009;0,382;4,203;0,192;-0,960;0,193;0,000;0,000;1691,7800;1691,78;;;;DEUR;N067000;T100;;099808      SPAIN BONOS 1.9% 2022/31.10.2052;70,07000000;70,07000000;66,56000000;66,56000000;67,20500000;2500000,00000000;0,00000000;0,00000000;0,00000000;0,00000000;20251113
98;1I;34219;ES0000012E69;SPAIN BONOS 1.85% 2019/30.07.2035;EUR;MADRID;067000;100;I;750000,000;0,000;0,000;0,000;88,8080;88,8080;666060,0000;666060,00;0,000000;89,3450;89,3450;670087,5000;670087,50;674116,9500;674116,95;89,7000;0,605;0,000;0,605;0,154;1,701;0,077;-0,396;0,078;0,000;0,000;4029,4500;4029,45;;;;DEUR;N067000;T100;;099923      SPAIN BONOS 1.85% 2019/30.07.2035;88,80800000;88,80800000;89,34500000;89,34500000;89,70000000;750000,00000000;0,00000000;0,00000000;0,00000000;0,00000000;20251113
98;1I;45149;DE0001030740;BUNDESREPUBLIK 1,300% 2022-15/10/2027;EUR;FRANCOFORT;094000;100;I;35000000,000;0,000;0,000;0,000;98,7721;98,7721;34570266,9600;34570266,96;0,000000;98,7430;98,7430;34560050,0000;34560050,00;34596200,6800;34596200,68;98,7810;-0,030;0,000;-0,030;7,927;37,955;3,982;-0,038;4,001;0,000;0,000;36150,6800;36150,68;;;;DEUR;N094000;T100;;096018      BUNDESREPUBLIK 1,300% 2022-15/10/2027;98,77219130;98,77219130;98,74300000;98,74300000;98,78100000;35000000,00000000;0,00000000;0,00000000;0,00000000;0,00000000;20251113
98;1I;46637;DE000BU3Z005;BUNDESREPUBLIC 2,300% 2023-15/02/2033;EUR;FRANCOFORT;094000;100;I;15000000,000;0,000;0,000;0,000;100,2240;100,2240;15033600,0000;15033600,00;0,000000;98,8000;98,8000;14820000,0000;14820000,00;15076150,6800;15076150,68;99,0870;-1,421;0,000;-1,421;3,454;16,540;1,707;-0,290;1,716;0,000;0,000;256150,6800;256150,68;;;;DEUR;N094000;T100;;098293      BUNDESREPUBLIC 2,300% 2023-15/02/2033;100,22400000;100,22400000;98,80000000;98,80000000;99,08700000;15000000,00000000;0,00000000;0,00000000;0,00000000;0,00000000;20251113
98;1I;40880;DE0001030724;BUNDES  ZC 2021/15.08.2050;EUR;FRANCOFORT;094000;100;I;25123287,670;0,000;0,000;0,000;52,6170;52,6170;13219120,2700;13219120,27;0,000000;45,4180;45,4180;11410494,7900;11410494,79;11410494,7900;11410494,79;45,9620;-13,682;0,000;-13,682;2,614;12,518;1,315;-1,184;1,321;0,000;0,000;0,0000;0,00;;;;DEUR;N094000;T100;;098685      BUNDES  ZC 2021/15.08.2050;52,61700000;52,61700000;45,41800000;45,41800000;45,96200000;25123287,67000000;0,00000000;0,00000000;0,00000000;0,00000000;20251113
98;1I;47139;DE0001030757;BUNDESREPUBLIK DEU 1,8% 2023-15/08/2053;EUR;FRANCOFORT;094000;100;I;7500000,000;0,000;0,000;0,000;77,2400;77,2400;5793000,0000;5793000,00;0,000000;73,6830;73,6830;5526225,0000;5526225,00;5559512,6700;5559512,67;74,4510;-4,605;0,000;-4,605;1,274;6,099;0,637;-1,032;0,640;0,000;0,000;33287,6700;33287,67;;;;DEUR;N094000;T100;;099363      BUNDESREPUBLIK DEU 1,8% 2023-15/08/2053;77,24000000;77,24000000;73,68300000;73,68300000;74,45100000;7500000,00000000;0,00000000;0,00000000;0,00000000;0,00000000;20251113
98;1I;48904;DE000BU35025;BUNDESOBLIGATION  2,100% 2024-12/04/2029;EUR;FRANCOFORT;094000;100;I;2500000,000;0,000;0,000;0,000;100,0340;100,0340;2500850,0000;2500850,00;0,000000;99,8740;99,8740;2496850,0000;2496850,00;2527774,6600;2527774,66;99,9960;-0,160;0,000;-0,160;0,579;2,773;0,288;-0,122;0,289;0,000;0,000;30924,6600;30924,66;;;;DEUR;N094000;T100;;099712      BUNDESOBLIGATION  2,100% 2024-12/04/2029;100,03400000;100,03400000;99,87400000;99,87400000;99,99600000;2500000,00000000;0,00000000;0,00000000;0,00000000;0,00000000;20251113
98;1I;36584;XS2010036874;ORSTED A/S 1.75% 2019/09.12.20.3019;EUR;LUXEMBOURG;021000;301;I;6000000,000;0,000;0,000;0,000;93,8510;93,8510;5631060,0000;5631060,00;0,000000;95,6970;95,6970;5741820,0000;5741820,00;5839340,5500;5839340,55;95,6980;1,967;0,000;1,967;1,338;46,129;0,661;-0,001;0,665;0,000;0,000;97520,5500;97520,55;;;;DEUR;N021000;T200;;099339      ORSTED A/S 1.75% 2019/09.12.20.3019;93,85100000;93,85100000;95,69700000;95,69700000;95,69800000;6000000,00000000;0,00000000;0,00000000;0,00000000;0,00000000;20251113
98;1I;45694;XS2563353361;ORSTED A/S  5,250% 2022-31.12.2049;EUR;LUXEMBOURG;021000;301;I;2500000,000;0,000;0,000;0,000;103,3760;103,3760;2584400,0000;2584400,00;0,000000;102,1500;102,1500;2553750,0000;2553750,00;2676010,2700;2676010,27;102,1720;-1,186;0,000;-1,186;0,613;21,140;0,294;-0,022;0,296;0,000;0,000;122260,2700;122260,27;;;;DEUR;N021000;T200;;099706      ORSTED A/S  5,250% 2022-31.12.2049;103,37600000;103,37600000;102,15000000;102,15000000;102,17200000;2500000,00000000;0,00000000;0,00000000;0,00000000;0,00000000;20251113
98;1I;39984;XS2293075680;ORSTED 1.50% 2021/18.02.2051;EUR;LUXEMBOURG;021000;301;I;3000000,000;0,000;0,000;0,000;83,6250;83,6250;2508750,0000;2508750,00;0,000000;84,8000;84,8000;2544000,0000;2544000,00;2577041,1000;2577041,10;84,8010;1,405;0,000;1,405;0,590;20,358;0,293;-0,001;0,294;0,000;0,000;33041,1000;33041,10;;;;DEUR;N021000;T200;;099707      ORSTED 1.50% 2021/18.02.2051;83,62500000;83,62500000;84,80000000;84,80000000;84,80100000;3000000,00000000;0,00000000;0,00000000;0,00000000;0,00000000;20251113
98;1I;46225;XS2591029876;ORSTED A/S 3,750% 2023-01/03/2030;EUR;LUXEMBOURG;021000;301;I;1500000,000;0,000;0,000;0,000;102,7150;102,7150;1540725,0000;1540725,00;0,000000;101,7770;101,7770;1526655,0000;1526655,00;1566261,1600;1566261,16;101,9410;-0,913;0,000;-0,913;0,359;12,373;0,176;-0,161;0,177;0,000;0,000;39606,1600;39606,16;;;;DEUR;N021000;T200;;099824      ORSTED A/S 3,750% 2023-01/03/2030;102,71500000;102,71500000;101,77700000;101,77700000;101,94100000;1500000,00000000;0,00000000;0,00000000;0,00000000;0,00000000;20251113
98;1I;48328;FI4000567094;VALMET CORP 4% 2024/13.03.2029;EUR;HELSINKI;028000;301;I;1500000,000;0,000;0,000;0,000;101,4740;101,4740;1522110,0000;1522110,00;0,000000;101,7790;101,7790;1526685,0000;1526685,00;1566958,9700;1566958,97;101,8300;0,301;0,000;0,301;0,359;28,481;0,176;-0,050;0,177;0,000;0,000;40273,9700;40273,97;;;;DEUR;N028000;T200;;099824      VALMET CORP 4% 2024/13.03.2029;101,47400000;101,47400000;101,77900000;101,77900000;101,83000000;1500000,00000000;0,00000000;0,00000000;0,00000000;0,00000000;20251113
98;1I;46138;XS2488809612;NOKIA   4,375% 2023-21/08/2031;EUR;FIPS;028000;301;I;1000000,000;0,000;0,000;0,000;104,4490;104,4490;1044490,0000;1044490,00;0,000000;104,6600;104,6600;1046600,0000;1046600,00;1056668,4900;1056668,49;104,9230;0,202;0,000;0,202;0,242;19,206;0,121;-0,251;0,121;0,000;0,000;10068,4900;10068,49;;;;DEUR;N028000;T200;;099879      NOKIA   4,375% 2023-21/08/2031;104,44900000;104,44900000;104,66000000;104,66000000;104,92300000;1000000,00000000;0,00000000;0,00000000;0,00000000;0,00000000;20251113
98;1I;34244;XS1960685383;NOKIA OVJ 2% 2019/11.03.2026;EUR;DUBLINO;028000;301;I;565000,000;0,000;0,000;0,000;98,7330;98,7330;557841,4500;557841,45;0,000000;99,6190;99,6190;562847,3500;562847,35;570494,2000;570494,20;99,6990;0,897;0,000;0,897;0,131;10,369;0,065;-0,080;0,065;0,000;0,000;7646,8500;7646,85;;;;DEUR;N028000;T200;;099935      NOKIA OVJ 2% 2019/11.03.2026;98,73300000;98,73300000;99,61900000;99,61900000;99,69900000;565000,00000000;0,00000000;0,00000000;0,00000000;0,00000000;20251113
98;1I;42678;FR0014006V25;SFIL SA 0,25% 2022-01/12/2031;EUR;PARIGI;029000;301;I;10000000,000;0,000;0,000;0,000;82,3370;82,3370;8233700,0000;8233700,00;0,000000;84,6280;84,6280;8462800,0000;8462800,00;8486567,1200;8486567,12;84,8130;2,782;0,000;2,782;1,944;10,054;0,975;-0,218;0,980;0,000;0,000;23767,1200;23767,12;;;;DEUR;N029000;T200;;099025      SFIL SA 0,25% 2022-01/12/2031;82,33700000;82,33700000;84,62800000;84,62800000;84,81300000;10000000,00000000;0,00000000;0,00000000;0,00000000;0,00000000;20251113
98;1I;40332;XS2312733871;FORVIA EX FAURECIA 2,375% 21-15.06.2029;EUR;DUBLINO;029000;301;I;6600000,000;0,000;0,000;0,000;89,5330;89,5330;5909178,0000;5909178,00;0,000000;96,4450;96,4450;6365370,0000;6365370,00;6429811,6700;6429811,67;96,4760;7,720;0,000;7,720;1,473;7,617;0,733;-0,032;0,737;0,000;0,000;64441,6700;64441,67;;;;DEUR;N029000;T200;;099267      FORVIA EX FAURECIA 2,375% 21-15.06.2029;89,53300000;89,53300000;96,44500000;96,44500000;96,47600000;6600000,00000000;0,00000000;0,00000000;0,00000000;0,00000000;20251113
98;1I;63590;FR0014012SJ2;VALEO SA 4,625% 23.03,2032;EUR;PARIGI;029000;301;I;3000000,000;0,000;0,000;0,000;99,3410;99,3410;2980230,0000;2980230,00;0,000000;99,9860;99,9860;2999580,0000;2999580,00;3018966,9900;3018966,99;100,0300;0,649;0,000;0,649;0,692;3,577;0,346;-0,044;0,347;0,000;0,000;19386,9900;19386,99;;;;DEUR;N029000;T200;;099654      VALEO SA 4,625% 23.03,2032;99,34100000;99,34100000;99,98600000;99,98600000;100,03000000;3000000,00000000;0,00000000;0,00000000;0,00000000;0,00000000;20251113
98;1I;36536;FR0013463775;CNP ASSURANCE TV 2019/27.07.2050;EUR;PARIGI;029000;301;I;2500000,000;0,000;0,000;0,000;90,6860;90,6860;2267150,0000;2267150,00;0,000000;93,3150;93,3150;2332875,0000;2332875,00;2347806,5100;2347806,51;93,4640;2,899;0,000;2,899;0,538;2,781;0,269;-0,159;0,270;0,000;0,000;14931,5100;14931,51;;;;DEUR;N029000;T200;;099731      CNP ASSURANCE TV 2019/27.07.2050;90,68600000;90,68600000;93,31500000;93,31500000;93,46400000;2500000,00000000;0,00000000;0,00000000;0,00000000;0,00000000;20251113
98;1I;39979;FR0014001LV5;COVIVIO 0.875% 2021/20.01.2033;EUR;LUXEMBOURG;029000;301;I;2000000,000;0,000;0,000;0,000;78,2550;78,2550;1565100,0000;1565100,00;0,000000;78,9430;78,9430;1578860,0000;1578860,00;1593099,7300;1593099,73;79,1520;0,879;0,000;0,879;0,365;1,887;0,182;-0,264;0,183;0,000;0,000;14239,7300;14239,73;;;;DEUR;N029000;T200;;099818      COVIVIO 0.875% 2021/20.01.2033;78,25500000;78,25500000;78,94300000;78,94300000;79,15200000;2000000,00000000;0,00000000;0,00000000;0,00000000;0,00000000;20251113
98;1I;27668;FR0013170834;FONCIERE DES REGIONS 1,875% 2016/20.05.2;EUR;LUXEMBOURG;029000;301;I;1000000,000;0,000;0,000;0,000;98,8830;98,8830;988830,0000;988830,00;0,000000;99,7650;99,7650;997650,0000;997650,00;1006742,4700;1006742,47;99,7640;0,892;0,000;0,892;0,231;1,193;0,115;0,001;0,115;0,000;0,000;9092,4700;9092,47;;;;DEUR;N029000;T200;;099885      FONCIERE DES REGIONS 1,875% 2016/20.05.2;98,88300000;98,88300000;99,76500000;99,76500000;99,76400000;1000000,00000000;0,00000000;0,00000000;0,00000000;0,00000000;20251113
98;1I;63669;FR0014010DR1;RENAULT SA 3,875% 2025-30/09/2030;EUR;DUBLINO;029000;301;I;1000000,000;0,000;0,000;0,000;100,0500;100,0500;1000500,0000;1000500,00;0,000000;100,0910;100,0910;1000910,0000;1000910,00;1005581,2300;1005581,23;100,1670;0,041;0,000;0,041;0,230;1,191;0,115;-0,076;0,116;0,000;0,000;4671,2300;4671,23;;;;DEUR;N029000;T200;;099885      RENAULT SA 3,875% 2025-30/09/2030;100,05000000;100,05000000;100,09100000;100,09100000;100,16700000;1000000,00000000;0,00000000;0,00000000;0,00000000;0,00000000;20251113
98;1I;37625;FR0013512233;KLEPIERRE 2% 2020/12.05.2029;EUR;PARIGI;029000;301;I;1000000,000;0,000;0,000;0,000;96,4790;96,4790;964790,0000;964790,00;0,000000;96,9870;96,9870;969870,0000;969870,00;980006,9900;980006,99;97,0760;0,527;0,000;0,527;0,225;1,161;0,112;-0,092;0,112;0,000;0,000;10136,9900;10136,99;;;;DEUR;N029000;T200;;099888      KLEPIERRE 2% 2020/12.05.2029;96,47900000;96,47900000;96,98700000;96,98700000;97,07600000;1000000,00000000;0,00000000;0,00000000;0,00000000;0,00000000;20251113
98;1I;40254;XS2230399441;AIB GROUP PLC TV  2020-30/05/2031;EUR;DUBLINO;040000;301;I;4000000,000;0,000;0,000;0,000;99,0860;99,0860;3963440,0000;3963440,00;0,000000;100,0510;100,0510;4002040,0000;4002040,00;4054656,4400;4054656,44;100,0520;0,974;0,000;0,974;0,929;86,417;0,461;-0,001;0,463;0,000;0,000;52616,4400;52616,44;;;;DEUR;N040000;T200;;099539      AIB GROUP PLC TV  2020-30/05/2031;99,08600000;99,08600000;100,05100000;100,05100000;100,05200000;4000000,00000000;0,00000000;0,00000000;0,00000000;0,00000000;20251113
98;1I;48755;XS2823235085;AIB GROUP PLC TV (4,625%) 20.05.2035;EUR;DUBLINO;040000;301;I;600000,000;0,000;0,000;0,000;102,8430;102,8430;617058,0000;617058,00;0,000000;103,9710;103,9710;623826,0000;623826,00;637282,8500;637282,85;104,2310;1,097;0,000;1,097;0,146;13,583;0,072;-0,249;0,072;0,000;0,000;13456,8500;13456,85;;;;DEUR;N040000;T200;;099928      AIB GROUP PLC TV (4,625%) 20.05.2035;102,84300000;102,84300000;103,97100000;103,97100000;104,23100000;600000,00000000;0,00000000;0,00000000;0,00000000;0,00000000;20251113
98;1I;36892;XS2109819859;TELEFONICA TV 05.02.2027;EUR;DUBLINO;050000;301;I;12000000,000;0,000;0,000;0,000;97,3330;97,3330;11679960,0000;11679960,00;0,000000;98,5060;98,5060;11820720,0000;11820720,00;11978654,4700;11978654,47;98,4840;1,205;0,000;1,205;2,745;25,836;1,362;0,022;1,368;0,000;0,000;157934,4700;157934,47;;;;DEUR;N050000;T200;;098638      TELEFONICA TV 05.02.2027;97,33300000;97,33300000;98,50600000;98,50600000;98,48400000;12000000,00000000;0,00000000;0,00000000;0,00000000;0,00000000;20251113
98;1I;45197;XS2486270858;KONINKLIJKE KPN 6 2022/31.12.2049;EUR;DUBLINO;050000;301;I;8500000,000;0,000;0,000;0,000;106,1250;106,1250;9020625,0000;9020625,00;0,000000;105,2260;105,2260;8944210,0000;8944210,00;9401114,1100;9401114,11;105,2400;-0,847;0,000;-0,847;2,154;20,277;1,030;-0,013;1,035;0,000;0,000;456904,1100;456904,11;;;;DEUR;N050000;T200;;098970      KONINKLIJKE KPN 6 2022/31.12.2049;106,12500000;106,12500000;105,22600000;105,22600000;105,24000000;8500000,00000000;0,00000000;0,00000000;0,00000000;0,00000000;20251113
98;1I;48326;XS2755535577;TELEFONICA EUR TV (5,752%) 24-31/12/2049;EUR;DUBLINO;050000;301;I;5000000,000;0,000;0,000;0,000;106,9210;106,9210;5346050,0000;5346050,00;0,000000;106,0990;106,0990;5304950,0000;5304950,00;5472000,1900;5472000,19;106,1010;-0,769;0,000;-0,769;1,254;11,802;0,611;-0,002;0,614;0,000;0,000;167050,1900;167050,19;;;;DEUR;N050000;T200;;099389      TELEFONICA EUR TV (5,752%) 24-31/12/2049;106,92100000;106,92100000;106,09900000;106,09900000;106,10100000;5000000,00000000;0,00000000;0,00000000;0,00000000;0,00000000;20251113
98;1I;42117;XS2389343380;ABN AMRO BK 0.50% 2021/23.09.2029;EUR;LUXEMBOURG;050000;301;I;5000000,000;0,000;0,000;0,000;88,3460;88,3460;4417300,0000;4417300,00;0,000000;91,2580;91,2580;4562900,0000;4562900,00;4566393,1500;4566393,15;91,4520;3,296;0,000;3,296;1,046;9,849;0,526;-0,212;0,528;0,000;0,000;3493,1500;3493,15;;;;DEUR;N050000;T200;;099474      ABN AMRO BK 0.50% 2021/23.09.2029;88,34600000;88,34600000;91,25800000;91,25800000;91,45200000;5000000,00000000;0,00000000;0,00000000;0,00000000;0,00000000;20251113
98;1I;45616;XS2462605671;TELEFONICA EM TV 2022/31.12.2049;EUR;LONDRAEST;050000;301;I;2100000,000;0,000;0,000;0,000;109,8700;109,8700;2307270,0000;2307270,00;0,000000;109,1530;109,1530;2292213,0000;2292213,00;2437738,6800;2437738,68;109,2590;-0,653;0,000;-0,653;0,559;5,258;0,264;-0,097;0,265;0,000;0,000;145525,6800;145525,68;;;;DEUR;N050000;T200;;099736      TELEFONICA EM TV 2022/31.12.2049;109,87000000;109,87000000;109,15300000;109,15300000;109,25900000;2100000,00000000;0,00000000;0,00000000;0,00000000;0,00000000;20251113
98;1I;46032;XS2582389156;TELEFONICA EUR BV TV 23-31.12.49;EUR;DUBLINO;050000;301;I;1500000,000;0,000;0,000;0,000;107,8640;107,8640;1617960,0000;1617960,00;0,000000;106,8670;106,8670;1603005,0000;1603005,00;1651916,9200;1651916,92;106,8430;-0,924;0,000;-0,924;0,378;3,563;0,185;0,022;0,186;0,000;0,000;48911,9200;48911,92;;;;DEUR;N050000;T200;;099815      TELEFONICA EUR BV TV 23-31.12.49;107,86400000;107,86400000;106,86700000;106,86700000;106,84300000;1500000,00000000;0,00000000;0,00000000;0,00000000;0,00000000;20251113
98;1I;45980;PTEDP4OM0025;ENERGIAS DE PORT  2023-23/04/2083;EUR;DUBLINO;055000;301;I;5000000,000;0,000;0,000;0,000;105,0310;105,0310;5251550,0000;5251550,00;0,000000;105,6390;105,6390;5281950,0000;5281950,00;5448028,3600;5448028,36;105,6490;0,579;0,000;0,579;1,248;62,640;0,609;-0,009;0,611;0,000;0,000;166078,3600;166078,36;;;;DEUR;N055000;T200;;099391      ENERGIAS DE PORT  2023-23/04/2083;105,03100000;105,03100000;105,63900000;105,63900000;105,64900000;5000000,00000000;0,00000000;0,00000000;0,00000000;0,00000000;20251113
98;1I;49005;PTEDPZOM0011;ENERGIAS DE PORT (4,750%) TV 29/05/2054;EUR;DUBLINO;055000;301;I;1200000,000;0,000;0,000;0,000;102,2090;102,2090;1226508,0000;1226508,00;0,000000;103,6630;103,6630;1243956,0000;1243956,00;1270191,6200;1270191,62;103,6770;1,423;0,000;1,423;0,291;14,604;0,143;-0,014;0,144;0,000;0,000;26235,6200;26235,62;;;;DEUR;N055000;T200;;099857      ENERGIAS DE PORT (4,750%) TV 29/05/2054;102,20900000;102,20900000;103,66300000;103,66300000;103,67700000;1200000,00000000;0,00000000;0,00000000;0,00000000;0,00000000;20251113
98;1I;39819;PTEDPROM0029;ENERGIAS DE PORT 1.875% 2021/02.08.2081;EUR;DUBLINO;055000;301;I;1000000,000;0,000;0,000;0,000;97,4210;97,4210;974210,0000;974210,00;0,000000;99,1560;99,1560;991560,0000;991560,00;996851,1000;996851,10;99,1380;1,781;0,000;1,781;0,228;11,461;0,114;0,018;0,115;0,000;0,000;5291,1000;5291,10;;;;DEUR;N055000;T200;;099886      ENERGIAS DE PORT 1.875% 2021/02.08.2081;97,42100000;97,42100000;99,15600000;99,15600000;99,13800000;1000000,00000000;0,00000000;0,00000000;0,00000000;0,00000000;20251113
98;1I;37494;PTEDPNOM0015;ENERGIAS DE PORTUGAL1.625% 2020/15.04.27;EUR;DUBLINO;055000;301;I;500000,000;0,000;0,000;0,000;97,6210;97,6210;488105,0000;488105,00;0,000000;98,9890;98,9890;494945,0000;494945,00;499664,1800;499664,18;99,0000;1,401;0,000;1,401;0,114;5,745;0,057;-0,011;0,057;0,000;0,000;4719,1800;4719,18;;;;DEUR;N055000;T200;;099943      ENERGIAS DE PORTUGAL1.625% 2020/15.04.27;97,62100000;97,62100000;98,98900000;98,98900000;99,00000000;500000,00000000;0,00000000;0,00000000;0,00000000;0,00000000;20251113
98;1I;45565;XS2553801502;BANCO DE SABADELL SA  TV 2022/10.11.2027;EUR;LUXEMBOURG;067000;301;I;4000000,000;0,000;0,000;0,000;105,6520;105,6520;4226080,0000;4226080,00;0,000000;104,7360;104,7360;4189440,0000;4189440,00;4191124,9300;4191124,93;104,8240;-0,867;0,000;-0,867;0,960;10,576;0,483;-0,084;0,485;0,000;0,000;1684,9300;1684,93;;;;DEUR;N067000;T200;;099517      BANCO DE SABADELL SA  TV 2022/10.11.2027;105,65200000;105,65200000;104,73600000;104,73600000;104,82400000;4000000,00000000;0,00000000;0,00000000;0,00000000;0,00000000;20251113
98;1I;41174;XS2353366268;BANCO DE SABADELL SA  0.875% 2116.06.28;EUR;DUBLINO;067000;301;I;4000000,000;0,000;0,000;0,000;95,1400;95,1400;3805600,0000;3805600,00;0,000000;97,4310;97,4310;3897240,0000;3897240,00;3911623,5600;3911623,56;97,4500;2,408;0,000;2,408;0,896;9,870;0,449;-0,019;0,451;0,000;0,000;14383,5600;14383,56;;;;DEUR;N067000;T200;;099551      BANCO DE SABADELL SA  0.875% 2116.06.28;95,14000000;95,14000000;97,43100000;97,43100000;97,45000000;4000000,00000000;0,00000000;0,00000000;0,00000000;0,00000000;20251113
98;1I;39175;XS2258971071;CAIXABANK 2020/18.11.2026 TV;EUR;DUBLINO;067000;301;I;3500000,000;0,000;0,000;0,000;97,8090;97,8090;3423315,0000;3423315,00;0,000000;99,9730;99,9730;3499055,0000;3499055,00;3512000,2100;3512000,21;99,9650;2,212;0,000;2,212;0,805;8,862;0,403;0,008;0,405;0,000;0,000;12945,2100;12945,21;;;;DEUR;N067000;T200;;099597      CAIXABANK 2020/18.11.2026 TV;97,80900000;97,80900000;99,97300000;99,97300000;99,96500000;3500000,00000000;0,00000000;0,00000000;0,00000000;0,00000000;20251113
98;1I;36890;XS2112289207;TELEFONICA 0,664% 2020/03.02.2030;EUR;DUBLINO;067000;301;I;3000000,000;0,000;0,000;0,000;89,4530;89,4530;2683590,0000;2683590,00;0,000000;91,1840;91,1840;2735520,0000;2735520,00;2750964,8200;2750964,82;91,3120;1,935;0,000;1,935;0,630;6,942;0,315;-0,140;0,317;0,000;0,000;15444,8200;15444,82;;;;DEUR;N067000;T200;;099685      TELEFONICA 0,664% 2020/03.02.2030;89,45300000;89,45300000;91,18400000;91,18400000;91,31200000;3000000,00000000;0,00000000;0,00000000;0,00000000;0,00000000;20251113
98;1I;40260;XS2310118976;CAIXABANK TV  2021-18/06/2031;EUR;DUBLINO;067000;301;I;2500000,000;0,000;0,000;0,000;97,3720;97,3720;2434300,0000;2434300,00;0,000000;99,4220;99,4220;2485550,0000;2485550,00;2498221,2300;2498221,23;99,4080;2,105;0,000;2,105;0,572;6,304;0,286;0,014;0,288;0,000;0,000;12671,2300;12671,23;;;;DEUR;N067000;T200;;099714      CAIXABANK TV  2021-18/06/2031;97,37200000;97,37200000;99,42200000;99,42200000;99,40800000;2500000,00000000;0,00000000;0,00000000;0,00000000;0,00000000;20251113
98;1I;45689;XS2530034649;CAIXABANK  3,750% 2022-07/09/2029;EUR;DUBLINO;067000;301;I;2000000,000;0,000;0,000;0,000;103,7830;103,7830;2075660,0000;2075660,00;0,000000;103,4740;103,4740;2069480,0000;2069480,00;2083247,1200;2083247,12;103,6350;-0,298;0,000;-0,298;0,477;5,257;0,238;-0,155;0,240;0,000;0,000;13767,1200;13767,12;;;;DEUR;N067000;T200;;099762      CAIXABANK  3,750% 2022-07/09/2029;103,78300000;103,78300000;103,47400000;103,47400000;103,63500000;2000000,00000000;0,00000000;0,00000000;0,00000000;0,00000000;20251113
98;1I;46901;XS2598331242;BANCO DE SABADELL TV 2023-07/06/2029;EUR;DUBLINO;067000;301;I;1000000,000;0,000;0,000;0,000;106,1680;106,1680;1061680,0000;1061680,00;0,000000;105,4640;105,4640;1054640,0000;1054640,00;1076420,8200;1076420,82;105,5870;-0,663;0,000;-0,663;0,247;2,716;0,122;-0,116;0,122;0,000;0,000;21780,8200;21780,82;;;;DEUR;N067000;T200;;099878      BANCO DE SABADELL TV 2023-07/06/2029;106,16800000;106,16800000;105,46400000;105,46400000;105,58700000;1000000,00000000;0,00000000;0,00000000;0,00000000;0,00000000;20251113
98;1I;38194;XS2201857534;GENERALI 2.429% 2020/14.07.2031;EUR;LUXEMBOURG;086000;301;I;5000000,000;0,000;0,000;0,000;93,7780;93,7780;4688900,0000;4688900,00;0,000000;95,3960;95,3960;4769800,0000;4769800,00;4810394,2500;4810394,25;95,6510;1,725;0,000;1,725;1,102;3,859;0,550;-0,267;0,552;0,000;0,000;40594,2500;40594,25;;;;DEUR;N086000;T200;;099450      GENERALI 2.429% 2020/14.07.2031;93,77800000;93,77800000;95,39600000;95,39600000;95,65100000;5000000,00000000;0,00000000;0,00000000;0,00000000;0,00000000;20251113
98;1I;43391;XS2437854487;TERNA RETE ELETTR 2,375% 2022-31/12/2049;EUR;LUXEMBOURG;086000;301;I;4000000,000;0,000;0,000;0,000;95,7560;95,7560;3830240,0000;3830240,00;0,000000;98,0080;98,0080;3920320,0000;3920320,00;3992415,8900;3992415,89;97,9700;2,352;0,000;2,352;0,915;3,203;0,452;0,039;0,454;0,000;0,000;72095,8900;72095,89;;;;DEUR;N086000;T200;;099548      TERNA RETE ELETTR 2,375% 2022-31/12/2049;95,75600000;95,75600000;98,00800000;98,00800000;97,97000000;4000000,00000000;0,00000000;0,00000000;0,00000000;0,00000000;20251113
98;1I;35975;XS2056491587;GENERALI 2,124% 2019/01.10.2030;EUR;MOT;086000;301;I;2500000,000;0,000;0,000;0,000;94,0850;94,0850;2352125,0000;2352125,00;0,000000;95,4440;95,4440;2386100,0000;2386100,00;2392355,6200;2392355,62;95,5840;1,444;0,000;1,444;0,548;1,919;0,275;-0,146;0,276;0,000;0,000;6255,6200;6255,62;;;;DEUR;N086000;T200;;099725      GENERALI 2,124% 2019/01.10.2030;94,08500000;94,08500000;95,44400000;95,44400000;95,58400000;2500000,00000000;0,00000000;0,00000000;0,00000000;0,00000000;20251113
98;1I;35597;XS2026150313;A2A SPA 1% 2019/16.07.2029;EUR;LUXEMBOURG;086000;301;I;2000000,000;0,000;0,000;0,000;92,0050;92,0050;1840100,0000;1840100,00;0,000000;94,1380;94,1380;1882760,0000;1882760,00;1889335,3400;1889335,34;94,2490;2,318;0,000;2,318;0,433;1,516;0,217;-0,118;0,218;0,000;0,000;6575,3400;6575,34;;;;DEUR;N086000;T200;;099783      A2A SPA 1% 2019/16.07.2029;92,00500000;92,00500000;94,13800000;94,13800000;94,24900000;2000000,00000000;0,00000000;0,00000000;0,00000000;0,00000000;20251113
98;1I;46851;XS2606341787;CREDITO EMILIANO 5,625% 2023-30/05/2029;EUR;LUXEMBOURG;086000;301;I;1000000,000;0,000;0,000;0,000;107,1790;107,1790;1071790,0000;1071790,00;0,000000;106,4130;106,4130;1064130,0000;1064130,00;1089866,3000;1089866,30;106,5580;-0,715;0,000;-0,715;0,250;0,874;0,123;-0,136;0,123;0,000;0,000;25736,3000;25736,30;;;;DEUR;N086000;T200;;099877      CREDITO EMILIANO 5,625% 2023-30/05/2029;107,17900000;107,17900000;106,41300000;106,41300000;106,55800000;1000000,00000000;0,00000000;0,00000000;0,00000000;0,00000000;20251113
98;1I;34606;XS1980270810;TERNA 1% 2019/10.04.2026;EUR;LUXEMBOURG;086000;301;I;1000000,000;0,000;0,000;0,000;97,9310;97,9310;979310,0000;979310,00;0,000000;99,4840;99,4840;994840,0000;994840,00;1000785,2100;1000785,21;99,4740;1,586;0,000;1,586;0,229;0,803;0,115;0,010;0,115;0,000;0,000;5945,2100;5945,21;;;;DEUR;N086000;T200;;099885      TERNA 1% 2019/10.04.2026;97,93100000;97,93100000;99,48400000;99,48400000;99,47400000;1000000,00000000;0,00000000;0,00000000;0,00000000;0,00000000;20251113
98;1I;46047;XS2583205906;A2A SPA 4,375% 2023-03/02/2034;EUR;LUXEMBOURG;086000;301;I;300000,000;0,000;0,000;0,000;105,7230;105,7230;317169,0000;317169,00;0,000000;105,5050;105,5050;316515,0000;316515,00;326691,3700;326691,37;105,8580;-0,206;0,000;-0,206;0,075;0,262;0,036;-0,333;0,037;0,000;0,000;10176,3700;10176,37;;;;DEUR;N086000;T200;;099964      A2A SPA 4,375% 2023-03/02/2034;105,72300000;105,72300000;105,50500000;105,50500000;105,85800000;300000,00000000;0,00000000;0,00000000;0,00000000;0,00000000;20251113
98;1I;38139;XS2197348597;TAKEDA PHARMA 1% 2020/09.07.2029;EUR;NEW YORK;088000;301;I;3000000,000;0,000;0,000;0,000;91,9600;91,9600;2758800,0000;2758800,00;0,000000;93,3400;93,3400;2800200,0000;2800200,00;2810638,3600;2810638,36;93,4710;1,501;0,000;1,501;0,644;100,000;0,323;-0,140;0,324;0,000;0,000;10438,3600;10438,36;;;;DEUR;N088000;T200;;099677      TAKEDA PHARMA 1% 2020/09.07.2029;91,96000000;91,96000000;93,34000000;93,34000000;93,47100000;3000000,00000000;0,00000000;0,00000000;0,00000000;0,00000000;20251113
98;1I;63474;DE000A4DFWV3;EVONIK IND TV (4,25%) 09.09.2055;EUR;LUXEMBOURG;094000;301;I;6000000,000;0,000;0,000;0,000;99,7660;99,7660;5985960,0000;5985960,00;0,000000;98,9080;98,9080;5934480,0000;5934480,00;5979890,9600;5979890,96;98,9260;-0,860;0,000;-0,860;1,370;6,560;0,684;-0,018;0,687;0,000;0,000;45410,9600;45410,96;;;;DEUR;N094000;T200;;099316      EVONIK IND TV (4,25%) 09.09.2055;99,76600000;99,76600000;98,90800000;98,90800000;98,92600000;6000000,00000000;0,00000000;0,00000000;0,00000000;0,00000000;20251113
98;1I;40342;DE000A3E5FR9;VONOVIA SE 0,625% 2021-24/03/2031;EUR;LUXEMBOURG;094000;301;I;3000000,000;0,000;0,000;0,000;84,3770;84,3770;2531310,0000;2531310,00;0,000000;87,1110;87,1110;2613330,0000;2613330,00;2625350,5500;2625350,55;87,2870;3,240;0,000;3,240;0,602;2,880;0,301;-0,202;0,303;0,000;0,000;12020,5500;12020,55;;;;DEUR;N094000;T200;;099699      VONOVIA SE 0,625% 2021-24/03/2031;84,37700000;84,37700000;87,11100000;87,11100000;87,28700000;3000000,00000000;0,00000000;0,00000000;0,00000000;0,00000000;20251113
98;1I;36023;XS2056730679;INFINEON TEC 3.625% 2019-31/12/2049;EUR;DUBLINO;094000;301;I;2000000,000;0,000;0,000;0,000;99,1040;99,1040;1982080,0000;1982080,00;0,000000;100,5550;100,5550;2011100,0000;2011100,00;2055990,4100;2055990,41;100,5830;1,464;0,000;1,464;0,471;2,256;0,232;-0,028;0,233;0,000;0,000;44890,4100;44890,41;;;;DEUR;N094000;T200;;099768      INFINEON TEC 3.625% 2019-31/12/2049;99,10400000;99,10400000;100,55500000;100,55500000;100,58300000;2000000,00000000;0,00000000;0,00000000;0,00000000;0,00000000;20251113
98;1I;08457;FI0009000681;NOKIA OYJ;EUR;HELSINKI;028000;201;I;386016,000;0,000;0,000;0,000;4,8356;4,8356;1866621,0600;1866621,06;0,000000;5,9780;5,9780;2307603,6500;2307603,65;2307603,6500;2307603,65;5,9920;23,625;0,000;23,625;0,529;41,943;0,266;-0,234;0,267;0,000;0,000;0,0000;0,00;;;;DEUR;N028000;T300;;099734      NOKIA OYJ;4,83560541;4,83560541;5,97800000;5,97800000;5,99200000;386016,00000000;0,00000000;0,00000000;0,00000000;0,00000000;20251113
98;1I;33385;FR0013154002;SARTORIUS STEDIM BIOTECH;EUR;PARIGI;029000;201;I;16688,000;0,000;0,000;0,000;177,5678;177,5678;2963252,8300;2963252,83;0,000000;193,4500;193,4500;3228293,6000;3228293,60;3228293,6000;3228293,60;194,0000;8,944;0,000;8,944;0,740;3,825;0,372;-0,284;0,374;0,000;0,000;0,0000;0,00;;;;DEUR;N029000;T300;;099628      SARTORIUS STEDIM BIOTECH;177,56788291;177,56788291;193,45000000;193,45000000;194,00000000;16688,00000000;0,00000000;0,00000000;0,00000000;0,00000000;20251113
98;1I;08436;FR0000120321;L'OREAL;EUR;PARIGI;029000;201;I;8642,000;0,000;0,000;0,000;395,8781;395,8781;3421178,6900;3421178,69;0,000000;359,1000;359,1000;3103342,2000;3103342,20;3103342,2000;3103342,20;356,9000;-9,290;0,000;-9,290;0,711;3,677;0,358;0,616;0,359;0,000;0,000;0,0000;0,00;;;;DEUR;N029000;T300;;099642      L'OREAL;395,87811733;395,87811733;359,10000000;359,10000000;356,90000000;8642,00000000;0,00000000;0,00000000;0,00000000;0,00000000;20251113
98;1I;06647;FR0010313833;ARKEMA;EUR;PARIGI;029000;201;I;43005,000;0,000;0,000;0,000;74,8591;74,8591;3219316,8600;3219316,86;0,000000;53,4000;53,4000;2296467,0000;2296467,00;2296467,0000;2296467,00;52,7000;-28,666;0,000;-28,666;0,526;2,721;0,265;1,328;0,266;0,000;0,000;0,0000;0,00;;;;DEUR;N029000;T300;;099735      ARKEMA;74,85912940;74,85912940;53,40000000;53,40000000;52,70000000;43005,00000000;0,00000000;0,00000000;0,00000000;0,00000000;20251113
98;1I;01606;FR0000121667;ESSILOR LUXOTTICA;EUR;PARIGI;029000;201;I;6835,000;0,000;0,000;0,000;257,1988;257,1988;1757954,1500;1757954,15;0,000000;319,9000;319,9000;2186516,5000;2186516,50;2186516,5000;2186516,50;320,7000;24,378;0,000;24,378;0,501;2,590;0,252;-0,249;0,253;0,000;0,000;0,0000;0,00;;;;DEUR;N029000;T300;;099748      ESSILOR LUXOTTICA;257,19885150;257,19885150;319,90000000;319,90000000;320,70000000;6835,00000000;0,00000000;0,00000000;0,00000000;0,00000000;20251113
98;1I;06469;FR0010307819;LEGRAND PROMESSES;EUR;PARIGI;029000;201;I;10746,000;0,000;0,000;0,000;131,5327;131,5327;1413451,3500;1413451,35;0,000000;130,8000;130,8000;1405576,8000;1405576,80;1405576,8000;1405576,80;133,6500;-0,557;0,000;-0,557;0,322;1,665;0,162;-2,132;0,163;0,000;0,000;0,0000;0,00;;;;DEUR;N029000;T300;;099838      LEGRAND PROMESSES;131,53278894;131,53278894;130,80000000;130,80000000;133,65000000;10746,00000000;0,00000000;0,00000000;0,00000000;0,00000000;20251113
98;1I;14112;FR0010451203;REXEL SA;EUR;PARIGI;029000;201;I;47105,000;0,000;0,000;0,000;25,5018;25,5018;1201263,0500;1201263,05;0,000000;29,8700;29,8700;1407026,3500;1407026,35;1407026,3500;1407026,35;30,4800;17,129;0,000;17,129;0,322;1,667;0,162;-2,001;0,163;0,000;0,000;0,0000;0,00;;;;DEUR;N029000;T300;;099838      REXEL SA;25,50181615;25,50181615;29,87000000;29,87000000;30,48000000;47105,00000000;0,00000000;0,00000000;0,00000000;0,00000000;20251113
98;1I;14500;NL0010273215;ASML HLDG NV NEW;EUR;AMSTERDAM;050000;201;I;5952,000;0,000;0,000;0,000;713,2848;713,2848;4245471,6400;4245471,64;0,000000;881,5000;881,5000;5246688,0000;5246688,00;5246688,0000;5246688,00;891,8000;23,583;0,000;23,583;1,202;11,316;0,604;-1,155;0,607;0,000;0,000;0,0000;0,00;;;;DEUR;N050000;T300;;099396      ASML HLDG NV NEW;713,28488575;713,28488575;881,50000000;881,50000000;891,80000000;5952,00000000;0,00000000;0,00000000;0,00000000;0,00000000;20251113
98;1I;35896;NL0013654783;PROSUS;EUR;AMSTERDAM;050000;201;I;45428,000;0,000;0,000;0,000;41,9251;41,9251;1904576,9600;1904576,96;0,000000;62,1800;62,1800;2824713,0400;2824713,04;2824713,0400;2824713,04;61,7200;48,312;0,000;48,312;0,647;6,092;0,325;0,745;0,327;0,000;0,000;0,0000;0,00;;;;DEUR;N050000;T300;;099675      PROSUS;41,92517742;41,92517742;62,18000000;62,18000000;61,72000000;45428,00000000;0,00000000;0,00000000;0,00000000;0,00000000;20251113
98;1I;01895;NL0000226223;STMICROELECTRONICS - MILANO;EUR;MILANO;050000;201;I;134917,000;0,000;0,000;0,000;24,6291;24,6291;3322893,4600;3322893,46;0,000000;20,6400;20,6400;2784686,8800;2784686,88;2784686,8800;2784686,88;20,6750;-16,197;0,000;-16,197;0,638;6,006;0,321;-0,169;0,322;0,000;0,000;0,0000;0,00;;;;DEUR;N050000;T300;;099679      STMICROELECTRONICS - MILANO;24,62916800;24,62916800;20,64000000;20,64000000;20,67500000;134917,00000000;0,00000000;0,00000000;0,00000000;0,00000000;20251113
98;1I;09439;ES0127797019;EDP RENOVAVEIS SA;EUR;LISBONA;067000;201;I;87482,000;0,000;0,000;0,000;9,9297;9,9297;868672,0700;868672,07;0,000000;11,6500;11,6500;1019165,3000;1019165,30;1019165,3000;1019165,30;11,8000;17,325;0,000;17,325;0,234;2,572;0,117;-1,271;0,118;0,000;0,000;0,0000;0,00;;;;DEUR;N067000;T300;;099883      EDP RENOVAVEIS SA;9,92972348;9,92972348;11,65000000;11,65000000;11,80000000;87482,00000000;0,00000000;0,00000000;0,00000000;0,00000000;20251113
98;1I;23311;ES0105025003;MERLIN PROPERTIES SOCIMI SA;EUR;MADRID;067000;201;I;56681,000;0,000;0,000;0,000;10,0875;10,0875;571770,2200;571770,22;0,000000;13,3400;13,3400;756124,5400;756124,54;756124,5400;756124,54;13,3600;32,243;0,000;32,243;0,173;1,908;0,087;-0,150;0,088;0,000;0,000;0,0000;0,00;;;;DEUR;N067000;T300;;099913      MERLIN PROPERTIES SOCIMI SA;10,08751115;10,08751115;13,34000000;13,34000000;13,36000000;56681,00000000;0,00000000;0,00000000;0,00000000;0,00000000;20251113
98;1I;08512;DE0007164600;SAP SE;EUR;NEUERMKT;094000;201;I;12833,000;0,000;0,000;0,000;248,1732;248,1732;3184807,7600;3184807,76;0,000000;218,1000;218,1000;2798877,3000;2798877,30;2798877,3000;2798877,30;218,4000;-12,118;0,000;-12,118;0,641;3,071;0,322;-0,137;0,324;0,000;0,000;0,0000;0,00;;;;DEUR;N094000;T300;;099678      SAP SE;248,17328450;248,17328450;218,10000000;218,10000000;218,40000000;12833,00000000;0,00000000;0,00000000;0,00000000;0,00000000;20251113
98;1I;24199;DE000ZAL1111;ZALANDO-ORD SHS;EUR;NEUERMKT;094000;201;I;109844,000;0,000;0,000;0,000;27,4143;27,4143;3011303,9300;3011303,93;0,000000;23,7200;23,7200;2605499,6800;2605499,68;2605499,6800;2605499,68;23,5500;-13,476;0,000;-13,476;0,597;2,858;0,300;0,722;0,302;0,000;0,000;0,0000;0,00;;;;DEUR;N094000;T300;;099700      ZALANDO-ORD SHS;27,41436883;27,41436883;23,72000000;23,72000000;23,55000000;109844,00000000;0,00000000;0,00000000;0,00000000;0,00000000;20251113
98;1I;19412;DE000A1ML7J1;VONOVIA SE;EUR;NEUERMKT;094000;201;I;81362,000;0,000;0,000;0,000;27,3086;27,3086;2221889,2600;2221889,26;0,000000;26,2900;26,2900;2139006,9800;2139006,98;2139006,9800;2139006,98;26,0600;-3,730;0,000;-3,730;0,490;2,347;0,246;0,883;0,248;0,000;0,000;0,0000;0,00;;;;DEUR;N094000;T300;;099754      VONOVIA SE;27,30868538;27,30868538;26,29000000;26,29000000;26,06000000;81362,00000000;0,00000000;0,00000000;0,00000000;0,00000000;20251113
98;1I;08529;DE0005557508;DEUTSCHE TELEKOM - NOMINATIVE;EUR;NEUERMKT;094000;201;I;72679,000;0,000;0,000;0,000;31,7848;31,7848;2310088,5900;2310088,59;0,000000;27,2700;27,2700;1981956,3300;1981956,33;1981956,3300;1981956,33;27,3100;-14,204;0,000;-14,204;0,454;2,174;0,228;-0,146;0,229;0,000;0,000;0,0000;0,00;;;;DEUR;N094000;T300;;099772      DEUTSCHE TELEKOM - NOMINATIVE;31,78481528;31,78481528;27,27000000;27,27000000;27,31000000;72679,00000000;0,00000000;0,00000000;0,00000000;0,00000000;20251113
98;1I;02206;DE0005200000;BEIERSDORF AG;EUR;NEUERMKT;094000;201;I;19479,000;0,000;0,000;0,000;123,4743;123,4743;2405156,2700;2405156,27;0,000000;92,0800;92,0800;1793626,3200;1793626,32;1793626,3200;1793626,32;93,6400;-25,426;0,000;-25,426;0,411;1,968;0,207;-1,666;0,208;0,000;0,000;0,0000;0,00;;;;DEUR;N094000;T300;;099793      BEIERSDORF AG;123,47431952;123,47431952;92,08000000;92,08000000;93,64000000;19479,00000000;0,00000000;0,00000000;0,00000000;0,00000000;20251113
98;1I;17410;IT0004965148;MONCLER SPA;EUR;MILANO;086000;201;I;94118,000;0,000;0,000;0,000;54,9778;54,9778;5174404,0900;5174404,09;0,000000;58,1000;58,1000;5468255,8000;5468255,80;5468255,8000;5468255,80;58,4600;5,679;0,000;5,679;1,253;4,387;0,630;-0,616;0,633;0,000;0,000;0,0000;0,00;;;;DEUR;N111111;T300;;099370      MONCLER SPA;54,97783728;54,97783728;58,10000000;58,10000000;58,46000000;94118,00000000;0,00000000;0,00000000;0,00000000;0,00000000;20251113
98;1I;03566;IT0003497176;TELECOM ITALIA RNC.;EUR;MILANO;086000;204;I;9173477,000;0,000;0,000;0,000;0,2910;0,2910;2669569,2400;2669569,24;0,000000;0,5566;0,5566;5105957,3000;5105957,30;5105957,3000;5105957,30;0,5556;91,265;0,000;91,265;1,170;4,097;0,588;0,180;0,591;0,000;0,000;0,0000;0,00;;;;DEUR;N111111;T300;;099412      TELECOM ITALIA RNC.;0,29100953;0,29100953;0,55660000;0,55660000;0,55560000;9173477,00000000;0,00000000;0,00000000;0,00000000;0,00000000;20251113
98;1I;03565;IT0003497168;TELECOM ITALIA SPA ORD.;EUR;MILANO;086000;201;I;8826947,000;0,000;0,000;0,000;0,2480;0,2480;2189377,3000;2189377,30;0,000000;0,4958;0,4958;4376400,3200;4376400,32;4376400,3200;4376400,32;0,4950;99,892;0,000;99,892;1,003;3,511;0,504;0,162;0,507;0,000;0,000;0,0000;0,00;;;;DEUR;N111111;T300;;099496      TELECOM ITALIA SPA ORD.;0,24803335;0,24803335;0,49580000;0,49580000;0,49500000;8826947,00000000;0,00000000;0,00000000;0,00000000;0,00000000;20251113
98;1I;34530;IT0005366767;NEXI SPA;EUR;MILANO;086000;201;I;162778,000;0,000;0,000;0,000;5,3064;5,3064;863775,9200;863775,92;0,000000;4,1220;4,1220;670970,9200;670970,92;670970,9200;670970,92;4,1760;-22,321;0,000;-22,321;0,154;0,538;0,077;-1,293;0,078;0,000;0,000;0,0000;0,00;;;;DEUR;N111111;T300;;099923      NEXI SPA;5,30646598;5,30646598;4,12200000;4,12200000;4,17600000;162778,00000000;0,00000000;0,00000000;0,00000000;0,00000000;20251113
98;1I;03436;IT0001250932;HERA SPA;EUR;MILANO;086000;201;I;142374,000;0,000;0,000;0,000;3,4411;3,4411;489936,7300;489936,73;0,000000;4,0520;4,0520;576899,4500;576899,45;576899,4500;576899,45;3,9420;17,750;0,000;17,750;0,132;0,463;0,066;2,790;0,067;0,000;0,000;0,0000;0,00;;;;DEUR;N111111;T300;;099934      HERA SPA;3,44119523;3,44119523;4,05200000;4,05200000;3,94200000;142374,00000000;0,00000000;0,00000000;0,00000000;0,00000000;20251113
98;1I;07639;IT0004176001;PRYSMIAN SPA;EUR;MILANO;086000;201;I;5148,000;0,000;0,000;0,000;61,2302;61,2302;315213,4000;315213,40;0,000000;84,4800;84,4800;434903,0400;434903,04;434903,0400;434903,04;85,2600;37,971;0,000;37,971;0,100;0,349;0,050;-0,915;0,050;0,000;0,000;0,0000;0,00;;;;DEUR;N111111;T300;;099950      PRYSMIAN SPA;61,23026418;61,23026418;84,48000000;84,48000000;85,26000000;5148,00000000;0,00000000;0,00000000;0,00000000;0,00000000;20251113
98;1I;04321;IT0003242622;TERNA SPA;EUR;MILANO;086000;201;I;43851,000;0,000;0,000;0,000;7,6294;7,6294;334560,9900;334560,99;0,000000;8,9000;8,9000;390273,9000;390273,90;390273,9000;390273,90;9,0140;16,653;0,000;16,653;0,089;0,313;0,045;-1,265;0,045;0,000;0,000;0,0000;0,00;;;;DEUR;N111111;T300;;099955      TERNA SPA;7,62949510;7,62949510;8,90000000;8,90000000;9,01400000;43851,00000000;0,00000000;0,00000000;0,00000000;0,00000000;20251113
98;1I;08573;IT0001233417;A2A SPA;EUR;MILANO;086000;201;I;154847,000;0,000;0,000;0,000;2,1345;2,1345;330522,4000;330522,40;0,000000;2,4450;2,4450;378600,9200;378600,92;378600,9200;378600,92;2,4580;14,546;0,000;14,546;0,087;0,304;0,044;-0,529;0,044;0,000;0,000;0,0000;0,00;;;;DEUR;N111111;T300;;099956      A2A SPA;2,13450954;2,13450954;2,44500000;2,44500000;2,45800000;154847,00000000;0,00000000;0,00000000;0,00000000;0,00000000;20251113
98;1I;08544;IT0001157020;ERG ORD.;EUR;MILANO;086000;201;I;12769,000;0,000;0,000;0,000;19,5071;19,5071;249086,6100;249086,61;0,000000;22,2000;22,2000;283471,8000;283471,80;283471,8000;283471,80;22,6600;13,805;0,000;13,805;0,065;0,227;0,033;-2,030;0,033;0,000;0,000;0,0000;0,00;;;;DEUR;N111111;T300;;099967      ERG ORD.;19,50713524;19,50713524;22,20000000;22,20000000;22,66000000;12769,00000000;0,00000000;0,00000000;0,00000000;0,00000000;20251113
98;1I;30238;IT0005278236;PIRELLI & C SPA;EUR;MILANO;086000;201;I;21893,000;0,000;0,000;0,000;5,4387;5,4387;119070,1400;119070,14;0,000000;6,1060;6,1060;133678,6600;133678,66;133678,6600;133678,66;6,0760;12,269;0,000;12,269;0,031;0,107;0,015;0,494;0,015;0,000;0,000;0,0000;0,00;;;;DEUR;N111111;T300;;099985      PIRELLI & C SPA;5,43873110;5,43873110;6,10600000;6,10600000;6,07600000;21893,00000000;0,00000000;0,00000000;0,00000000;0,00000000;20251113
98;1O;02360;CA9611485090;WESTON GEORGE LTD.;CAD;TORONTO;111111;201;O;34809,000;0,000;0,000;0,000;74,7618;50,0615;2602383,6930;1742592,05;1,493398;90,1300;55,2571;3137335,1700;1923447,47;3137335,1700;1923447,47;89,6900;20,556;9,221;10,379;50,016;0,475;0,222;0,491;0,223;0,000;0,000;0,0000;0,00;;;;DCAD;N013000;T300;;099778      WESTON GEORGE LTD.;74,76180565;50,06153724;90,13000000;55,25718840;89,69000000;34809,00000000;0,00000000;0,00000000;0,00000000;0,00000000;20251113
98;1O;03510;CA1363751027;CANADIAN NATIONAL RAILWAY CAD;CAD;TORONTO;111111;201;O;15346,000;0,000;0,000;0,000;145,5013;97,4602;2232863,4910;1495624,51;1,492931;135,4800;83,0605;2079076,0800;1274646,61;2079076,0800;1274646,61;137,1100;-6,887;9,255;-14,775;33,145;0,314;0,147;-1,189;0,148;0,000;0,000;0,0000;0,00;;;;DCAD;N013000;T300;;099853      CANADIAN NATIONAL RAILWAY CAD;145,50133526;97,46021829;135,48000000;83,06051131;137,11000000;15346,00000000;0,00000000;0,00000000;0,00000000;0,00000000;20251113
98;1O;10636;DK0060079531;DSV A/S;DKK;COPENHAGEN;111111;201;O;14045,000;0,000;0,000;0,000;1461,3736;195,8455;20524992,7730;2750651,25;7,461867;1446,5000;193,7086;20316092,5000;2720638,04;20316092,5000;2720638,04;1477,0000;-1,018;0,074;-1,091;48,753;0,671;0,313;-2,065;0,315;0,000;0,000;0,0000;0,00;;;;DDKK;N021000;T300;;099687      DSV A/S;1461,37363994;195,84558561;1446,50000000;193,70865361;1477,00000000;14045,00000000;0,00000000;0,00000000;0,00000000;0,00000000;20251113
98;1O;47417;DK0062498333;NOVO NORDISK A/S-B;DKK;COPENHAGEN;111111;201;O;59464,000;0,000;0,000;0,000;535,2876;71,7672;31830346,8000;4267565,97;7,458665;318,6500;42,6721;18948203,6000;2537456,62;18948203,6000;2537456,62;321,0500;-40,471;0,117;-40,541;45,470;0,626;0,292;-0,748;0,294;0,000;0,000;0,0000;0,00;;;;DDKK;N021000;T300;;099708      NOVO NORDISK A/S-B;535,28768330;71,76721999;318,65000000;42,67214827;321,05000000;59464,00000000;0,00000000;0,00000000;0,00000000;0,00000000;20251113
98;1O;44229;GB00BP92CJ43;TATE & LYLE PLC;GBP;LONDRA;111111;201;O;402874,000;0,000;0,000;0,000;5,5230;6,4794;2225098,7950;2610400,29;0,852398;3,8820;4,4003;1563956,8680;1772791,73;1563956,8680;1772791,73;3,9440;-29,713;3,496;-32,087;11,729;0,437;0,204;-1,572;0,205;0,000;0,000;0,0000;0,00;;;;DGBP;N031000;T300;;099796      TATE & LYLE PLC;5,52306377;6,47944590;3,88200000;4,40036272;3,94400000;402874,00000000;0,00000000;0,00000000;0,00000000;0,00000000;20251113
98;1O;03729;GB0006825383;PERSIMMON PLC.;GBP;LONDRA;111111;201;O;103620,000;0,000;0,000;0,000;11,5789;13,9193;1199809,0700;1442321,69;0,831860;12,7400;14,4411;1320118,8000;1496394,01;1320118,8000;1496394,01;12,3300;10,027;6,051;3,749;9,901;0,369;0,172;3,325;0,173;0,000;0,000;0,0000;0,00;;;;DGBP;N031000;T300;;099828      PERSIMMON PLC.;11,57893331;13,91933690;12,74000000;14,44116980;12,33000000;103620,00000000;0,00000000;0,00000000;0,00000000;0,00000000;20251113
98;1O;34897;GB00BJFFLV09;CRODA INTL-ORD SHS;GBP;LONDRA;111111;201;O;34148,000;0,000;0,000;0,000;33,8500;40,9310;1155909,8000;1397714,39;0,827000;28,5600;32,3736;975266,8800;1105494,08;975266,8800;1105494,08;28,2300;-15,628;6,675;-20,907;7,314;0,273;0,127;1,169;0,128;0,000;0,000;0,0000;0,00;;;;DGBP;N031000;T300;;099873      CRODA INTL-ORD SHS;33,85000000;40,93107619;28,56000000;32,37361142;28,23000000;34148,00000000;0,00000000;0,00000000;0,00000000;0,00000000;20251113
98;1O;09739;GB00B2B0DG97;REED ELSEVIER PLC A;GBP;LONDRA;111111;201;O;21191,000;0,000;0,000;0,000;38,7697;45,9843;821569,2810;974453,33;0,843108;31,4000;35,5928;665397,4000;754247,79;665397,4000;754247,79;31,3600;-19,009;4,637;-22,598;4,990;0,186;0,087;0,128;0,087;0,000;0,000;0,0000;0,00;;;;DGBP;N031000;T300;;099913      REED ELSEVIER PLC A;38,76972681;45,98430135;31,40000000;35,59283609;31,36000000;21191,00000000;0,00000000;0,00000000;0,00000000;0,00000000;20251113
98;1O;01504;GB0007908733;SSE PLC;GBP;LONDRA;111111;201;O;19461,000;0,000;0,000;0,000;15,9969;19,1998;311317,0760;373647,56;0,833184;22,6300;25,6517;440402,4300;499209,28;440402,4300;499209,28;23,0700;41,464;5,883;33,604;3,303;0,123;0,058;-1,907;0,058;0,000;0,000;0,0000;0,00;;;;DGBP;N031000;T300;;099942      SSE PLC;15,99697220;19,19981295;22,63000000;25,65177964;23,07000000;19461,00000000;0,00000000;0,00000000;0,00000000;0,00000000;20251113
98;1O;12368;IE0001827041;CRH PLC.- LONDRA GBP;GBP;LONDRA;111111;201;O;55129,000;0,000;0,000;0,000;71,5186;85,1378;3942750,8730;4693563,45;0,840034;84,7600;96,0779;4672734,0400;5296683,34;4672734,0400;5296683,34;86,6800;18,515;5,020;12,850;35,044;1,307;0,610;-2,215;0,613;0,000;0,000;0,0000;0,00;;;;DGBP;N040000;T300;;099390      CRH PLC.- LONDRA GBP;71,51863580;85,13783036;84,76000000;96,07798685;86,68000000;55129,00000000;0,00000000;0,00000000;0,00000000;0,00000000;20251113
98;1O;46296;IE000S9YS762;LINDE PLC NEW - USD;USD;OTC;111111;201;O;17743,000;0,000;0,000;0,000;419,4898;403,8275;7443009,2400;7165112,47;1,038785;428,6400;368,2157;7605359,5200;6533252,74;7605359,5200;6533252,74;428,9600;2,181;12,064;-8,819;2,272;1,612;0,753;-0,075;0,756;0,000;0,000;0,0000;0,00;;;;DUSD;N040000;T300;;099247      LINDE PLC NEW - USD;419,48989686;403,82756411;428,64000000;368,21578902;428,96000000;17743,00000000;0,00000000;0,00000000;0,00000000;0,00000000;20251113
98;1O;37185;IE00BK9ZQ967;TRANE TECH PLC;USD;NEW YORK;111111;201;O;13191,000;0,000;0,000;0,000;367,5659;353,9844;4848563,0160;4669408,58;1,038368;414,8500;356,3697;5472286,3500;4700873,08;5472286,3500;4700873,08;421,7500;12,864;12,109;0,674;1,635;1,160;0,542;-1,636;0,544;0,000;0,000;0,0000;0,00;;;;DUSD;N040000;T300;;099458      TRANE TECH PLC;367,56599317;353,98442726;414,85000000;356,36972768;421,75000000;13191,00000000;0,00000000;0,00000000;0,00000000;0,00000000;20251113
98;1O;19903;IE00BTN1Y115;MEDTRONIC PLC;USD;NEW YORK;111111;201;O;42345,000;0,000;0,000;0,000;79,8800;77,1340;3382518,6000;3266240,44;1,035600;96,1400;82,5874;4071048,3000;3497163,73;4071048,3000;3497163,73;95,8100;20,356;12,408;7,070;1,216;0,863;0,403;0,344;0,405;0,000;0,000;0,0000;0,00;;;;DUSD;N040000;T300;;099597      MEDTRONIC PLC;79,88000000;77,13402857;96,14000000;82,58740658;95,81000000;42345,00000000;0,00000000;0,00000000;0,00000000;0,00000000;20251113
98;1O;00158;NO0005052605;NORSK HYDRO;NOK;OSLO;111111;201;O;152482,000;0,000;0,000;0,000;69,6884;5,9692;10626226,6100;910208,29;11,674500;74,3800;6,3817;11341611,1600;973102,86;11341611,1600;973102,86;74,1600;6,732;-0,166;6,910;88,844;0,240;0,112;0,297;0,113;0,000;0,000;0,0000;0,00;;;;DNOK;N048000;T300;;099888      NORSK HYDRO;69,68840000;5,96928352;74,38000000;6,38175562;74,16000000;152482,00000000;0,00000000;0,00000000;0,00000000;0,00000000;20251113
98;1O;11203;NL0009538784;NXP SEMICONDUCTORS NV;USD;OTC;111111;201;O;39847,000;0,000;0,000;0,000;208,8529;193,0980;8322162,7750;7694376,38;1,081590;201,2200;172,8545;8018013,3400;6887735,88;8018013,3400;6887735,88;204,0800;-3,655;7,629;-10,484;2,395;1,699;0,794;-1,401;0,797;0,000;0,000;0,0000;0,00;;;;DUSD;N050000;T300;;099206      NXP SEMICONDUCTORS NV;208,85293183;193,09800938;201,22000000;172,85456575;204,08000000;39847,00000000;0,00000000;0,00000000;0,00000000;0,00000000;20251113
98;1O;11501;NL0009434992;LYONDELLBASELL INDUSTRIES A;USD;NEW YORK;111111;201;O;16735,000;0,000;0,000;0,000;73,4733;70,7836;1229576,1760;1184564,11;1,037999;45,5200;39,1031;761777,2000;654391,55;761777,2000;654391,55;43,3100;-38,046;12,148;-44,757;0,228;0,161;0,075;5,103;0,076;0,000;0,000;0,0000;0,00;;;;DUSD;N050000;T300;;099925      LYONDELLBASELL INDUSTRIES A;73,47332990;70,78363370;45,52000000;39,10316983;43,31000000;16735,00000000;0,00000000;0,00000000;0,00000000;0,00000000;20251113
98;1O;24521;NL0011585146;FERRARI NV - USD -;USD;NEW YORK;111111;201;O;1413,000;0,000;0,000;0,000;424,4020;408,6268;599680,1310;577389,70;1,038606;417,8100;358,9124;590365,5300;507143,31;590365,5300;507143,31;419,5200;-1,553;12,083;-12,166;0,176;0,125;0,058;-0,408;0,059;0,000;0,000;0,0000;0,00;;;;DUSD;N050000;T300;;099942      FERRARI NV - USD -;424,40207431;408,62682236;417,81000000;358,91246456;419,52000000;1413,00000000;0,00000000;0,00000000;0,00000000;0,00000000;20251113
98;1O;44332;SE0017486889;ATLAS COPCO AB-A SHS;SEK;STOCCOLMA;111111;201;O;194034,000;0,000;0,000;0,000;159,6626;14,4822;30979990,1660;2810058,48;11,024678;157,5000;14,4018;30560355,0000;2794447,29;30560355,0000;2794447,29;160,9500;-1,355;-0,803;-0,556;41,991;0,689;0,322;-2,144;0,323;0,000;0,000;0,0000;0,00;;;;DSEK;N068000;T300;;099678      ATLAS COPCO AB-A SHS;159,66268883;14,48229939;157,50000000;14,40184343;160,95000000;194034,00000000;0,00000000;0,00000000;0,00000000;0,00000000;20251113
98;1O;00418;SE0000108227;S.K.F. AB CL.B;SEK;STOCCOLMA;111111;201;O;89654,000;0,000;0,000;0,000;251,4071;22,8432;22539652,2900;2047986,27;11,005763;240,0000;21,9456;21516960,0000;1967516,76;21516960,0000;1967516,76;237,3000;-4,537;-0,633;-3,929;29,565;0,485;0,227;1,138;0,228;0,000;0,000;0,0000;0,00;;;;DSEK;N068000;T300;;099773      S.K.F. AB CL.B;251,40710163;22,84322250;240,00000000;21,94566618;237,30000000;89654,00000000;0,00000000;0,00000000;0,00000000;0,00000000;20251113
98;1O;23094;SE0007100581;ASSA ABLOY AB-B;SEK;STOCCOLMA;111111;201;O;42119,000;0,000;0,000;0,000;331,0961;30,1010;13945437,0600;1267824,64;10,999500;356,5000;32,5984;15015423,5000;1373014,47;15015423,5000;1373014,47;361,8000;7,673;-0,576;8,297;20,632;0,339;0,158;-1,465;0,159;0,000;0,000;0,0000;0,00;;;;DSEK;N068000;T300;;099842      ASSA ABLOY AB-B;331,09611006;30,10101474;356,50000000;32,59845831;361,80000000;42119,00000000;0,00000000;0,00000000;0,00000000;0,00000000;20251113
98;1O;00008;US0079031078;ADVANCED MICRO DEVICES INC.;USD;NEW YORK;111111;201;O;111923,000;0,000;0,000;0,000;131,0320;117,9269;14665501,3680;13198739,73;1,111129;247,9600;213,0057;27752427,0800;23840243,17;27752427,0800;23840243,17;258,8900;89,236;4,767;80,625;8,291;5,882;2,747;-4,222;2,760;0,000;0,000;0,0000;0,00;;;;DUSD;N069000;T300;;097253      ADVANCED MICRO DEVICES INC.;131,03206104;117,92696523;247,96000000;213,00575551;258,89000000;111923,00000000;0,00000000;0,00000000;0,00000000;0,00000000;20251113
98;1O;08768;US92826C8394;VISA INC CLASS A SHS;USD;NEW YORK;111111;201;O;66814,000;0,000;0,000;0,000;317,1434;304,5047;21189624,7710;20345180,48;1,041506;336,0800;288,7037;22454849,1200;19289450,32;22454849,1200;19289450,32;338,8800;5,971;11,771;-5,189;6,708;4,759;2,222;-0,826;2,233;0,000;0,000;0,0000;0,00;;;;DUSD;N069000;T300;;097778      VISA INC CLASS A SHS;317,14348446;304,50475169;336,08000000;288,70371961;338,88000000;66814,00000000;0,00000000;0,00000000;0,00000000;0,00000000;20251113
98;1O;06606;US57636Q1040;MASTERCARD INC CL A;USD;NEW YORK;111111;201;O;38894,000;0,000;0,000;0,000;527,6689;505,9500;20523155,4560;19678421,89;1,042927;555,5700;477,2528;21608339,5800;18562270,92;21608339,5800;18562270,92;561,2300;5,288;11,619;-5,672;6,455;4,580;2,138;-1,008;2,149;0,000;0,000;0,0000;0,00;;;;DUSD;N069000;T300;;097862      MASTERCARD INC CL A;527,66893238;505,95006659;555,57000000;477,25281333;561,23000000;38894,00000000;0,00000000;0,00000000;0,00000000;0,00000000;20251113
98;1O;00448;US68389X1054;ORACLE CORP.;USD;OTC;111111;201;O;79380,000;0,000;0,000;0,000;165,0911;159,0338;13104934,1070;12624109,21;1,038088;217,5700;186,8997;17270706,6000;14836102,22;17270706,6000;14836102,22;226,9900;31,788;12,139;17,522;5,160;3,660;1,709;-4,150;1,717;0,000;0,000;0,0000;0,00;;;;DUSD;N069000;T300;;098291      ORACLE CORP.;165,09113261;159,03387767;217,57000000;186,89975088;226,99000000;79380,00000000;0,00000000;0,00000000;0,00000000;0,00000000;20251113
98;1O;00095;US4370761029;HOME DEPOT INC.;USD;NEW YORK;111111;201;O;33860,000;0,000;0,000;0,000;387,2300;364,1491;13111609,8430;12330089,80;1,063383;368,0700;316,1841;12462850,2000;10705996,22;12462850,2000;10705996,22;371,1300;-4,948;9,471;-13,172;3,723;2,641;1,233;-0,825;1,239;0,000;0,000;0,0000;0,00;;;;DUSD;N069000;T300;;098767      HOME DEPOT INC.;387,23006033;364,14913762;368,07000000;316,18417661;371,13000000;33860,00000000;0,00000000;0,00000000;0,00000000;0,00000000;20251113
98;1O;14741;US00287Y1091;ABBVIE INC;USD;NEW YORK;111111;201;O;44899,000;0,000;0,000;0,000;177,7000;171,5913;7978552,3000;7704279,94;1,035600;232,2900;199,5447;10429588,7100;8959358,05;10429588,7100;8959358,05;233,2300;30,720;12,408;16,291;3,116;2,210;1,032;-0,403;1,037;0,000;0,000;0,0000;0,00;;;;DUSD;N069000;T300;;098968      ABBVIE INC;177,70000000;171,59134813;232,29000000;199,54471265;233,23000000;44899,00000000;0,00000000;0,00000000;0,00000000;0,00000000;20251113
98;1O;10451;US58933Y1055;MERCK E CO INC;USD;NEW YORK;111111;201;O;105253,000;0,000;0,000;0,000;98,6802;94,7779;10386389,5400;9975665,35;1,041173;92,9300;79,8299;9781161,2900;8402337,68;9781161,2900;8402337,68;91,4500;-5,827;11,807;-15,772;2,922;2,073;0,968;1,618;0,973;0,000;0,000;0,0000;0,00;;;;DUSD;N069000;T300;;099032      MERCK E CO INC;98,68022327;94,77796689;92,93000000;79,82991151;91,45000000;105253,00000000;0,00000000;0,00000000;0,00000000;0,00000000;20251113
98;1O;00263;US17275R1023;CISCO SYSTEM INC.;USD;OTC;111111;201;O;114307,000;0,000;0,000;0,000;59,0631;56,8723;6751335,1330;6500906,58;1,038522;77,3800;66,4719;8845075,6600;7598209,48;8845075,6600;7598209,48;73,9600;31,012;12,092;16,879;2,642;1,875;0,875;4,624;0,880;0,000;0,000;0,0000;0,00;;;;DUSD;N069000;T300;;099125      CISCO SYSTEM INC.;59,06318189;56,87234010;77,38000000;66,47195258;73,96000000;114307,00000000;0,00000000;0,00000000;0,00000000;0,00000000;20251113
98;1O;19097;US8725901040;T-MOBILE US INC;USD;OTC;111111;201;O;39327,000;0,000;0,000;0,000;222,0812;213,7371;8733787,8490;8405641,59;1,039039;214,5700;184,3226;8438394,3900;7248856,96;8438394,3900;7248856,96;212,6800;-3,382;12,036;-13,762;2,521;1,788;0,835;0,889;0,839;0,000;0,000;0,0000;0,00;;;;DUSD;N069000;T300;;099165      T-MOBILE US INC;222,08121262;213,73716759;214,57000000;184,32265269;212,68000000;39327,00000000;0,00000000;0,00000000;0,00000000;0,00000000;20251113
98;1O;00174;US7427181091;PROCTER & GAMBLE CO.;USD;NEW YORK;111111;201;O;54140,000;0,000;0,000;0,000;164,8386;156,7919;8924366,0520;8488715,02;1,051321;147,9600;127,1024;8010554,4000;6881328,41;8010554,4000;6881328,41;148,0100;-10,240;10,727;-18,936;2,393;1,698;0,793;-0,034;0,797;0,000;0,000;0,0000;0,00;;;;DUSD;N069000;T300;;099207      PROCTER & GAMBLE CO.;164,83867846;156,79192870;147,96000000;127,10248260;148,01000000;54140,00000000;0,00000000;0,00000000;0,00000000;0,00000000;20251113
98;1O;04319;US79466L3024;SALESFORCE COM INC.;USD;NEW YORK;111111;201;O;32309,000;0,000;0,000;0,000;330,6022;318,5079;10681428,9080;10290673,12;1,037972;240,4300;206,5372;7768052,8700;6673011,66;7768052,8700;6673011,66;246,0200;-27,275;12,151;-35,155;2,321;1,646;0,769;-2,272;0,772;0,000;0,000;0,0000;0,00;;;;DUSD;N069000;T300;;099231      SALESFORCE COM INC.;330,60227515;318,50794267;240,43000000;206,53723906;246,02000000;32309,00000000;0,00000000;0,00000000;0,00000000;0,00000000;20251113
98;1O;00333;US91324P1021;UNITEDHEALTH GROUP INC.;USD;NEW YORK;111111;201;O;21844,000;0,000;0,000;0,000;417,0886;381,3355;9110884,5000;8329894,50;1,093757;332,5200;285,6455;7263566,8800;6239641,68;7263566,8800;6239641,68;339,0600;-20,276;6,431;-25,093;2,170;1,539;0,719;-1,929;0,722;0,000;0,000;0,0000;0,00;;;;DUSD;N069000;T300;;099281      UNITEDHEALTH GROUP INC.;417,08865134;381,33558414;332,52000000;285,64556309;339,06000000;21844,00000000;0,00000000;0,00000000;0,00000000;0,00000000;20251113
98;1O;01458;US92343V1044;VERIZON COMMUNICATION;USD;NEW YORK;111111;201;O;166982,000;0,000;0,000;0,000;40,0429;36,7310;6686445,2150;6133429,50;1,090164;41,1100;35,3148;6864630,0200;5896941,86;6864630,0200;5896941,86;40,8000;2,665;6,782;-3,856;2,051;1,455;0,679;0,760;0,683;0,000;0,000;0,0000;0,00;;;;DUSD;N069000;T300;;099321      VERIZON COMMUNICATION;40,04291010;36,73108179;41,11000000;35,31483549;40,80000000;166982,00000000;0,00000000;0,00000000;0,00000000;0,00000000;20251113
98;1O;00432;US0326541051;ANALOG DEVICES;USD;OTC;111111;201;O;27270,000;0,000;0,000;0,000;211,2112;203,4198;5759730,8430;5547258,79;1,038302;237,5300;204,0460;6477443,1000;5564335,62;6477443,1000;5564335,62;241,4400;12,461;12,116;0,308;1,935;1,373;0,641;-1,619;0,644;0,000;0,000;0,0000;0,00;;;;DUSD;N069000;T300;;099359      ANALOG DEVICES;211,21125203;203,41983095;237,53000000;204,04604415;241,44000000;27270,00000000;0,00000000;0,00000000;0,00000000;0,00000000;20251113
98;1O;25523;US78409V1044;S&P GLOBAL-ORD SHS;USD;NEW YORK;111111;201;O;12722,000;0,000;0,000;0,000;496,0536;477,7015;6310795,0600;6077318,54;1,038418;502,9600;432,0591;6398657,1200;5496655,89;6398657,1200;5496655,89;495,8400;1,392;12,103;-9,555;1,912;1,356;0,633;1,436;0,636;0,000;0,000;0,0000;0,00;;;;DUSD;N069000;T300;;099367      S&P GLOBAL-ORD SHS;496,05369124;477,70150448;502,96000000;432,05910145;495,84000000;12722,00000000;0,00000000;0,00000000;0,00000000;0,00000000;20251113
98;1O;00060;US2358511028;DANAHER CORP.;USD;NEW YORK;111111;201;O;28858,000;0,000;0,000;0,000;229,5500;221,6589;6624353,9000;6396633,74;1,035600;221,2000;190,0180;6383389,6000;5483540,59;6383389,6000;5483540,59;219,4000;-3,638;12,408;-14,275;1,907;1,353;0,632;0,820;0,635;0,000;0,000;0,0000;0,00;;;;DUSD;N069000;T300;;099368      DANAHER CORP.;229,55000000;221,65894171;221,20000000;190,01803968;219,40000000;28858,00000000;0,00000000;0,00000000;0,00000000;0,00000000;20251113
98;1O;01205;US9113121068;UNITED PARCEL SERVICE CL.B;USD;NEW YORK;111111;201;O;62804,000;0,000;0,000;0,000;124,6721;120,1125;7829909,2990;7543547,95;1,037961;95,9700;82,4413;6027299,8800;5177647,87;6027299,8800;5177647,87;96,1800;-23,022;12,153;-31,363;1,801;1,277;0,596;-0,218;0,599;0,000;0,000;0,0000;0,00;;;;DUSD;N069000;T300;;099404      UNITED PARCEL SERVICE CL.B;124,67214347;120,11253980;95,97000000;82,44137101;96,18000000;62804,00000000;0,00000000;0,00000000;0,00000000;0,00000000;20251113
98;1O;60431;US5128073062;LAM RESEARCH CORP;USD;OTC;111111;201;O;37694,000;0,000;0,000;0,000;72,2300;69,7470;2722637,6200;2629043,66;1,035600;153,3200;131,7068;5779244,0800;4964559,81;5779244,0800;4964559,81;161,4200;112,266;12,408;88,835;1,727;1,225;0,572;-5,018;0,575;0,000;0,000;0,0000;0,00;;;;DUSD;N069000;T300;;099428      LAM RESEARCH CORP;72,23000000;69,74700642;153,32000000;131,70689803;161,42000000;37694,00000000;0,00000000;0,00000000;0,00000000;0,00000000;20251113
98;1O;01191;US4612021034;INTUIT INC.;USD;OTC;111111;201;O;8467,000;0,000;0,000;0,000;625,9698;602,8115;5300086,3230;5104005,60;1,038417;650,1100;558,4657;5504481,3700;4728529,65;5504481,3700;4728529,65;659,3000;3,856;12,103;-7,356;1,644;1,167;0,545;-1,394;0,547;0,000;0,000;0,0000;0,00;;;;DUSD;N069000;T300;;099455      INTUIT INC.;625,96980311;602,81157434;650,11000000;558,46576754;659,30000000;8467,00000000;0,00000000;0,00000000;0,00000000;0,00000000;20251113
98;1O;00061;US2441991054;DEERE & CO.;USD;NEW YORK;111111;201;O;10811,000;0,000;0,000;0,000;424,3066;408,4780;4587178,7380;4416056,15;1,038750;473,4100;406,6746;5118035,5100;4396560,01;5118035,5100;4396560,01;480,7800;11,573;12,067;-0,441;1,529;1,085;0,507;-1,533;0,509;0,000;0,000;0,0000;0,00;;;;DUSD;N069000;T300;;099493      DEERE & CO.;424,30660789;408,47804550;473,41000000;406,67468430;480,78000000;10811,00000000;0,00000000;0,00000000;0,00000000;0,00000000;20251113
98;1O;00103;US4581401001;INTEL CORP.;USD;OTC;111111;201;O;139589,000;0,000;0,000;0,000;20,0508;19,3044;2798881,1010;2694685,27;1,038667;35,9100;30,8478;5012640,9900;4306022,67;5012640,9900;4306022,67;37,8900;79,094;12,076;59,797;1,498;1,062;0,496;-5,226;0,498;0,000;0,000;0,0000;0,00;;;;DUSD;N069000;T300;;099504      INTEL CORP.;20,05087149;19,30442420;35,91000000;30,84786530;37,89000000;139589,00000000;0,00000000;0,00000000;0,00000000;0,00000000;20251113
98;1O;17264;US81762P1021;SERVICENOW INC;USD;NEW YORK;111111;201;O;5812,000;0,000;0,000;0,000;1008,0030;923,3874;5858513,9280;5366728,07;1,091636;849,6900;729,9115;4938398,2800;4242245,75;4938398,2800;4242245,75;864,0400;-15,706;6,638;-20,953;1,475;1,047;0,489;-1,661;0,491;0,000;0,000;0,0000;0,00;;;;DUSD;N069000;T300;;099511      SERVICENOW INC;1008,00308465;923,38748623;849,69000000;729,91151962;864,04000000;5812,00000000;0,00000000;0,00000000;0,00000000;0,00000000;20251113
98;1O;00222;US8825081040;TEXAS INSTRUMENTS INC.;USD;OTC;111111;201;O;28874,000;0,000;0,000;0,000;186,4106;176,9556;5382421,8270;5109416,11;1,053432;162,2300;139,3608;4684229,0200;4023906,04;4684229,0200;4023906,04;163,0900;-12,972;10,505;-21,245;1,399;0,993;0,464;-0,527;0,466;0,000;0,000;0,0000;0,00;;;;DUSD;N069000;T300;;099536      TEXAS INSTRUMENTS INC.;186,41067489;176,95560400;162,23000000;139,36087964;163,09000000;28874,00000000;0,00000000;0,00000000;0,00000000;0,00000000;20251113
98;1O;00529;US2600031080;DOVER CORP.;USD;NEW YORK;111111;201;O;25273,000;0,000;0,000;0,000;186,2826;179,4234;4707921,2890;4534568,00;1,038229;181,9700;156,3181;4598927,8100;3950629,51;4598927,8100;3950629,51;183,6200;-2,315;12,124;-12,877;1,374;0,975;0,455;-0,899;0,457;0,000;0,000;0,0000;0,00;;;;DUSD;N069000;T300;;099545      DOVER CORP.;186,28264507;179,42341629;181,97000000;156,31818572;183,62000000;25273,00000000;0,00000000;0,00000000;0,00000000;0,00000000;20251113
98;1O;00035;US1011371077;BOSTON SCIENTIFIC CORP.;USD;NEW YORK;111111;201;O;43147,000;0,000;0,000;0,000;89,3200;86,2495;3853890,0400;3721407,91;1,035600;104,9800;90,1812;4529572,0600;3891050,65;4529572,0600;3891050,65;104,1300;17,532;12,408;4,559;1,353;0,960;0,448;0,816;0,450;0,000;0,000;0,0000;0,00;;;;DUSD;N069000;T300;;099552      BOSTON SCIENTIFIC CORP.;89,32000000;86,24951700;104,98000000;90,18125590;104,13000000;43147,00000000;0,00000000;0,00000000;0,00000000;0,00000000;20251113
98;1O;00069;US2910111044;EMERSON ELECTRIC CO.;USD;NEW YORK;111111;201;O;34226,000;0,000;0,000;0,000;124,0657;119,3735;4246273,9900;4085678,02;1,039307;128,4600;110,3513;4396671,9600;3776885,11;4396671,9600;3776885,11;132,4400;3,542;12,007;-7,558;1,313;0,932;0,435;-3,005;0,437;0,000;0,000;0,0000;0,00;;;;DUSD;N069000;T300;;099565      EMERSON ELECTRIC CO.;124,06573920;119,37351779;128,46000000;110,35134438;132,44000000;34226,00000000;0,00000000;0,00000000;0,00000000;0,00000000;20251113
98;1O;19426;US6974351057;PALO ALTO NETWORKS INC;USD;NEW YORK;111111;201;O;21417,000;0,000;0,000;0,000;181,1765;174,4767;3880259,0220;3736767,53;1,038400;204,7700;175,9041;4385559,0900;3767338,79;4385559,0900;3767338,79;210,0400;13,022;12,105;0,818;1,310;0,929;0,434;-2,509;0,436;0,000;0,000;0,0000;0,00;;;;DUSD;N069000;T300;;099566      PALO ALTO NETWORKS INC;181,17658971;174,47670215;204,77000000;175,90413194;210,04000000;21417,00000000;0,00000000;0,00000000;0,00000000;0,00000000;20251113
98;1O;60781;US0404132054;ARISTA NETWORKS INC;USD;NEW YORK;111111;201;O;32952,000;0,000;0,000;0,000;110,5300;106,7303;3642184,5600;3516980,08;1,035600;130,3000;111,9319;4293645,6000;3688382,10;4293645,6000;3688382,10;134,9800;17,887;12,408;4,874;1,283;0,910;0,425;-3,467;0,427;0,000;0,000;0,0000;0,00;;;;DUSD;N069000;T300;;099575      ARISTA NETWORKS INC;110,53000000;106,73039815;130,30000000;111,93196460;134,98000000;32952,00000000;0,00000000;0,00000000;0,00000000;0,00000000;20251113
98;1O;37454;US14448C1045;CARRIER GLOBAL CORP;USD;NEW YORK;111111;201;O;75751,000;0,000;0,000;0,000;67,6905;64,4945;5127630,2060;4885524,62;1,049556;55,1600;47,3842;4178425,1600;3589403,97;4178425,1600;3589403,97;55,9900;-18,512;10,914;-26,530;1,248;0,886;0,414;-1,482;0,416;0,000;0,000;0,0000;0,00;;;;DUSD;N069000;T300;;099586      CARRIER GLOBAL CORP;67,69059426;64,49452310;55,16000000;47,38424533;55,99000000;75751,00000000;0,00000000;0,00000000;0,00000000;0,00000000;20251113
98;1O;00492;US9078181081;UNION PACIFIC CORP.;USD;NEW YORK;111111;201;O;18900,000;0,000;0,000;0,000;232,6575;223,7800;4397228,0190;4229443,12;1,039671;221,4800;190,2585;4185972,0000;3595886,95;4185972,0000;3595886,95;223,5500;-4,804;11,968;-14,980;1,251;0,887;0,414;-0,926;0,416;0,000;0,000;0,0000;0,00;;;;DUSD;N069000;T300;;099586      UNION PACIFIC CORP.;232,65756714;223,78005925;221,48000000;190,25856885;223,55000000;18900,00000000;0,00000000;0,00000000;0,00000000;0,00000000;20251113
98;1O;12344;US98419M1009;XYLEM INC;USD;NEW YORK;111111;201;O;28085,000;0,000;0,000;0,000;117,7241;107,8644;3306281,5900;3029374,39;1,091407;147,2700;126,5097;4136077,9500;3553026,33;4136077,9500;3553026,33;149,8700;25,098;6,660;17,286;1,236;0,877;0,409;-1,735;0,411;0,000;0,000;0,0000;0,00;;;;DUSD;N069000;T300;;099591      XYLEM INC;117,72410859;107,86449670;147,27000000;126,50975002;149,87000000;28085,00000000;0,00000000;0,00000000;0,00000000;0,00000000;20251113
98;1O;00261;US5486611073;LOWE'S COMPANIES INC.;USD;NEW YORK;111111;201;O;16093,000;0,000;0,000;0,000;245,4154;236,3586;3949470,3390;3803720,50;1,038318;231,4700;198,8403;3725046,7100;3199937,04;3725046,7100;3199937,04;234,7000;-5,682;12,114;-15,873;1,113;0,789;0,369;-1,376;0,370;0,000;0,000;0,0000;0,00;;;;DUSD;N069000;T300;;099631      LOWE'S COMPANIES INC.;245,41541906;236,35869632;231,47000000;198,84030581;234,70000000;16093,00000000;0,00000000;0,00000000;0,00000000;0,00000000;20251113
98;1O;08147;US55354G1004;MSCI INC CLASS A;USD;NEW YORK;111111;201;O;6317,000;0,000;0,000;0,000;596,7137;574,6888;3769440,8670;3630309,48;1,038325;573,3400;492,5178;3621788,7800;3111235,10;3621788,7800;3111235,10;580,7800;-3,917;12,113;-14,298;1,082;0,768;0,358;-1,281;0,360;0,000;0,000;0,0000;0,00;;;;DUSD;N069000;T300;;099642      MSCI INC CLASS A;596,71376713;574,68885230;573,34000000;492,51782492;580,78000000;6317,00000000;0,00000000;0,00000000;0,00000000;0,00000000;20251113
98;1O;03191;US3755581036;GILEAD SCIENCES INC.;USD;OTC;111111;201;O;27627,000;0,000;0,000;0,000;105,2311;93,3027;2907219,9900;2577674,16;1,127846;125,2000;107,5508;3458900,4000;2971308,65;3458900,4000;2971308,65;123,4000;18,976;3,214;15,271;1,033;0,733;0,342;1,459;0,344;0,000;0,000;0,0000;0,00;;;;DUSD;N069000;T300;;099658      GILEAD SCIENCES INC.;105,23111412;93,30271690;125,20000000;107,55089768;123,40000000;27627,00000000;0,00000000;0,00000000;0,00000000;0,00000000;20251113
98;1O;02043;US00724F1012;ADOBE SYSTEM INC.;USD;OTC;111111;201;O;10165,000;0,000;0,000;0,000;363,2564;308,5504;3692502,3200;3136415,80;1,177300;333,6000;286,5733;3391044,0000;2913017,78;3391044,0000;2913017,78;337,0500;-8,164;-1,121;-7,123;1,013;0,719;0,336;-1,024;0,337;0,000;0,000;0,0000;0,00;;;;DUSD;N069000;T300;;099664      ADOBE SYSTEM INC.;363,25649975;308,55049680;333,60000000;286,57331844;337,05000000;10165,00000000;0,00000000;0,00000000;0,00000000;0,00000000;20251113
98;1O;11964;US74340W1036;PROLOGIS INC;USD;NEW YORK;111111;201;O;27344,000;0,000;0,000;0,000;105,1608;101,2769;2875517,2850;2769317,08;1,038349;124,0000;106,5200;3390656,0000;2912684,48;3390656,0000;2912684,48;124,8400;17,915;12,111;5,177;1,013;0,719;0,336;-0,673;0,337;0,000;0,000;0,0000;0,00;;;;DUSD;N069000;T300;;099664      PROLOGIS INC;105,16081352;101,27695582;124,00000000;106,52005841;124,84000000;27344,00000000;0,00000000;0,00000000;0,00000000;0,00000000;20251113
98;1O;03026;US20030N1019;COMCAST CORP. CLA;USD;OTC;111111;201;O;119771,000;0,000;0,000;0,000;37,3658;35,9842;4475340,6520;4309867,07;1,038394;27,9700;24,0271;3349994,8700;2877755,24;3349994,8700;2877755,24;27,8900;-25,145;12,106;-33,229;1,001;0,710;0,332;0,287;0,333;0,000;0,000;0,0000;0,00;;;;DUSD;N069000;T300;;099668      COMCAST CORP. CLA;37,36581185;35,98422882;27,97000000;24,02714543;27,89000000;119771,00000000;0,00000000;0,00000000;0,00000000;0,00000000;20251113
98;1O;00017;US0311621009;AMGEN INC;USD;OTC;111111;201;O;9712,000;0,000;0,000;0,000;260,6400;251,6801;2531335,6800;2444317,96;1,035600;336,0000;288,6349;3263232,0000;2803223,09;3263232,0000;2803223,09;336,2800;28,913;12,408;14,683;0,975;0,692;0,323;-0,083;0,325;0,000;0,000;0,0000;0,00;;;;DUSD;N069000;T300;;099677      AMGEN INC;260,64000000;251,68018533;336,00000000;288,63499699;336,28000000;9712,00000000;0,00000000;0,00000000;0,00000000;0,00000000;20251113
98;1O;16468;US98978V1035;ZOETIS INC;USD;NEW YORK;111111;201;O;25693,000;0,000;0,000;0,000;162,9300;157,3290;4186160,4900;4042256,17;1,035600;121,1600;104,0804;3112963,8800;2674137,86;3112963,8800;2674137,86;121,2500;-25,637;12,408;-33,845;0,930;0,660;0,308;-0,074;0,310;0,000;0,000;0,0000;0,00;;;;DUSD;N069000;T300;;099692      ZOETIS INC;162,93000000;157,32908457;121,16000000;104,08040546;121,25000000;25693,00000000;0,00000000;0,00000000;0,00000000;0,00000000;20251113
98;1O;00567;US2788651006;ECOLAB INC.;USD;NEW YORK;111111;201;O;11585,000;0,000;0,000;0,000;234,2317;225,5173;2713575,0990;2612618,31;1,038642;261,9800;225,0493;3035038,3000;2607197,23;3035038,3000;2607197,23;261,0600;11,846;12,079;-0,207;0,907;0,643;0,300;0,352;0,302;0,000;0,000;0,0000;0,00;;;;DUSD;N069000;T300;;099700      ECOLAB INC.;234,23177375;225,51733362;261,98000000;225,04939438;261,06000000;11585,00000000;0,00000000;0,00000000;0,00000000;0,00000000;20251113
98;1O;00180;US7739031091;ROCKWELL AUTOMATION INC.;USD;NEW YORK;111111;201;O;6738,000;0,000;0,000;0,000;283,2633;272,8625;1908628,4130;1838548,00;1,038117;379,6900;326,1661;2558351,2200;2197707,43;2558351,2200;2197707,43;394,5400;34,041;12,136;19,535;0,764;0,542;0,253;-3,764;0,254;0,000;0,000;0,0000;0,00;;;;DUSD;N069000;T300;;099747      ROCKWELL AUTOMATION INC.;283,26334416;272,86257049;379,69000000;326,16613692;394,54000000;6738,00000000;0,00000000;0,00000000;0,00000000;0,00000000;20251113
98;1O;10012;US1713401024;CHURCH AND DWIGHT CO INC;USD;NEW YORK;111111;201;O;30034,000;0,000;0,000;0,000;104,5675;100,6830;3140580,5900;3023915,44;1,038581;84,9400;72,9662;2551087,9600;2191468,05;2551087,9600;2191468,05;85,3800;-18,770;12,086;-27,529;0,762;0,541;0,252;-0,515;0,254;0,000;0,000;0,0000;0,00;;;;DUSD;N069000;T300;;099748      CHURCH AND DWIGHT CO INC;104,56750982;100,68307385;84,94000000;72,96624001;85,38000000;30034,00000000;0,00000000;0,00000000;0,00000000;0,00000000;20251113
98;1O;04564;US5797802064;MCCORMICK & CO NON VTG;USD;NEW YORK;111111;201;O;35564,000;0,000;0,000;0,000;70,2512;61,8779;2498414,9510;2200627,74;1,135319;66,1000;56,7820;2350780,4000;2019397,30;2350780,4000;2019397,30;65,8800;-5,909;2,535;-8,235;0,702;0,498;0,233;0,334;0,234;0,000;0,000;0,0000;0,00;;;;DUSD;N069000;T300;;099767      MCCORMICK & CO NON VTG;70,25123582;61,87795917;66,10000000;56,78206339;65,88000000;35564,00000000;0,00000000;0,00000000;0,00000000;0,00000000;20251113
98;1O;04293;US12504L1098;CB RICHARD ELLIS GROUP INC. -CL A;USD;NEW YORK;111111;201;O;15248,000;0,000;0,000;0,000;125,6482;117,5385;1915884,9130;1792228,20;1,068996;153,1700;131,5780;2335536,1600;2006302,00;2335536,1600;2006302,00;155,4000;21,904;8,897;11,945;0,698;0,495;0,231;-1,435;0,232;0,000;0,000;0,0000;0,00;;;;DUSD;N069000;T300;;099769      CB RICHARD ELLIS GROUP INC. -CL A;125,64827603;117,53857555;153,17000000;131,57804312;155,40000000;15248,00000000;0,00000000;0,00000000;0,00000000;0,00000000;20251113
98;1O;03963;US1273871087;CADENCE DESIGN SYS INC.;USD;OTC;111111;201;O;7113,000;0,000;0,000;0,000;372,5422;316,4377;2649892,6700;2250821,94;1,177300;315,9900;271,4457;2247636,8700;1930793,63;2247636,8700;1930793,63;315,5400;-15,180;-1,121;-14,218;0,671;0,476;0,222;0,143;0,224;0,000;0,000;0,0000;0,00;;;;DUSD;N069000;T300;;099778      CADENCE DESIGN SYS INC.;372,54220019;316,43778152;315,99000000;271,44575208;315,54000000;7113,00000000;0,00000000;0,00000000;0,00000000;0,00000000;20251113
98;1O;05346;US1924461023;COGNIZANT TECH SOLUTIONS A;USD;OTC;111111;201;O;30300,000;0,000;0,000;0,000;76,6011;73,7666;2321013,4730;2235129,97;1,038424;73,5600;63,1904;2228868,0000;1914670,56;2228868,0000;1914670,56;74,2000;-3,970;12,103;-14,337;0,666;0,472;0,221;-0,863;0,222;0,000;0,000;0,0000;0,00;;;;DUSD;N069000;T300;;099779      COGNIZANT TECH SOLUTIONS A;76,60110471;73,76666567;73,56000000;63,19044755;74,20000000;30300,00000000;0,00000000;0,00000000;0,00000000;0,00000000;20251113
98;1O;19892;US29444U7000;EQUINIX INC;USD;OTC;111111;201;O;2795,000;0,000;0,000;0,000;934,8272;900,4866;2612842,0240;2516860,17;1,038136;786,5400;675,6636;2198379,3000;1888479,77;2198379,3000;1888479,77;813,2400;-15,863;12,134;-24,967;0,657;0,466;0,218;-3,283;0,219;0,000;0,000;0,0000;0,00;;;;DUSD;N069000;T300;;099782      EQUINIX INC;934,82720000;900,48664400;786,54000000;675,66360278;813,24000000;2795,00000000;0,00000000;0,00000000;0,00000000;0,00000000;20251113
98;1O;00530;US0758871091;BECTON DICKINSON;USD;NEW YORK;111111;201;O;10895,000;0,000;0,000;0,000;226,8700;219,0710;2471748,6500;2386779,31;1,035600;193,0400;165,8276;2103170,8000;1806692,55;2103170,8000;1806692,55;192,1200;-14,912;12,408;-24,304;0,628;0,446;0,208;0,479;0,209;0,000;0,000;0,0000;0,00;;;;DUSD;N069000;T300;;099792      BECTON DICKINSON;226,87000000;219,07107021;193,04000000;165,82767803;192,12000000;10895,00000000;0,00000000;0,00000000;0,00000000;0,00000000;20251113
98;1O;23399;US70450Y1038;PAYPAL HOLDINGS INC-W/I;USD;OTC;111111;201;O;32207,000;0,000;0,000;0,000;84,1782;81,1114;2711128,1060;2612355,94;1,037810;65,3300;56,1206;2104083,3100;1807476,43;2104083,3100;1807476,43;67,2000;-22,391;12,169;-30,810;0,629;0,446;0,208;-2,783;0,209;0,000;0,000;0,0000;0,00;;;;DUSD;N069000;T300;;099792      PAYPAL HOLDINGS INC-W/I;84,17822541;81,11143353;65,33000000;56,12060819;67,20000000;32207,00000000;0,00000000;0,00000000;0,00000000;0,00000000;20251113
98;1O;00548;US3848021040;GRAINGER(W.W.);USD;NEW YORK;111111;201;O;2225,000;0,000;0,000;0,000;1049,1555;1010,3691;2334371,0770;2248071,37;1,038388;934,9400;803,1440;2080241,5000;1786995,53;2080241,5000;1786995,53;944,9700;-10,886;12,106;-20,510;0,621;0,441;0,206;-1,061;0,207;0,000;0,000;0,0000;0,00;;;;DUSD;N069000;T300;;099794      GRAINGER(W.W.);1049,15554022;1010,36915505;934,94000000;803,14405978;944,97000000;2225,00000000;0,00000000;0,00000000;0,00000000;0,00000000;20251113
98;1O;18083;US9113631090;UNITED RENTALS INC;USD;NEW YORK;111111;201;O;2390,000;0,000;0,000;0,000;698,5566;672,8848;1669550,4680;1608194,77;1,038152;843,2600;724,3879;2015391,4000;1731287,17;2015391,4000;1731287,17;860,7100;20,715;12,132;7,654;0,602;0,427;0,199;-2,027;0,200;0,000;0,000;0,0000;0,00;;;;DUSD;N069000;T300;;099801      UNITED RENTALS INC;698,55668117;672,88484100;843,26000000;724,38793918;860,71000000;2390,00000000;0,00000000;0,00000000;0,00000000;0,00000000;20251113
98;1O;12297;US7512121010;POLO RALPH LAUREN CORP. NEW;USD;NEW YORK;111111;201;O;6000,000;0,000;0,000;0,000;340,1999;293,3769;2041199,4000;1760261,64;1,159600;332,7700;285,8603;1996620,0000;1715161,93;1996620,0000;1715161,93;340,2100;-2,184;0,388;-2,562;0,596;0,423;0,198;-2,187;0,199;0,000;0,000;0,0000;0,00;;;;DUSD;N069000;T300;;099802      POLO RALPH LAUREN CORP. NEW;340,19990000;293,37694000;332,77000000;285,86032127;340,21000000;6000,00000000;0,00000000;0,00000000;0,00000000;0,00000000;20251113
98;1O;33729;US58733R1023;MERCADOLIBRE INC;USD;OTC;111111;201;O;917,000;0,000;0,000;0,000;1710,2323;1645,9652;1568283,0280;1509350,13;1,039045;2031,0500;1744,7384;1862472,8500;1599925,14;1862472,8500;1599925,14;2103,9100;18,759;12,036;6,001;0,556;0,395;0,184;-3,463;0,185;0,000;0,000;0,0000;0,00;;;;DUSD;N069000;T300;;099816      MERCADOLIBRE INC;1710,23230970;1645,96524536;2031,05000000;1744,73842453;2103,91000000;917,00000000;0,00000000;0,00000000;0,00000000;0,00000000;20251113
98;1O;00575;US0527691069;AUTODESK INC.;USD;OTC;111111;201;O;6216,000;0,000;0,000;0,000;293,6086;282,7907;1825071,3210;1757827,52;1,038254;297,1700;255,2787;1847208,7200;1586812,75;1847208,7200;1586812,75;301,7400;1,213;12,121;-9,729;0,552;0,391;0,183;-1,515;0,184;0,000;0,000;0,0000;0,00;;;;DUSD;N069000;T300;;099817      AUTODESK INC.;293,60864237;282,79078507;297,17000000;255,27875612;301,74000000;6216,00000000;0,00000000;0,00000000;0,00000000;0,00000000;20251113
98;1O;05856;US75886F1075;REGENERON PHARMACEUTICALS;USD;OTC;111111;201;O;2646,000;0,000;0,000;0,000;597,1370;507,2088;1580024,5500;1342074,71;1,177300;694,9900;597,0191;1838943,5400;1579712,69;1838943,5400;1579712,69;681,7200;16,387;-1,121;17,707;0,549;0,390;0,182;1,947;0,183;0,000;0,000;0,0000;0,00;;;;DUSD;N069000;T300;;099818      REGENERON PHARMACEUTICALS;597,13701814;507,20888511;694,99000000;597,01915642;681,72000000;2646,00000000;0,00000000;0,00000000;0,00000000;0,00000000;20251113
98;1O;00053;US1941621039;COLGATE PALMOLIVE CO.;USD;NEW YORK;111111;201;O;23033,000;0,000;0,000;0,000;81,0238;72,1436;1866222,6480;1661685,69;1,123090;78,7900;67,6831;1814770,0700;1558946,89;1814770,0700;1558946,89;78,5600;-2,757;3,652;-6,183;0,542;0,385;0,180;0,293;0,180;0,000;0,000;0,0000;0,00;;;;DUSD;N069000;T300;;099820      COLGATE PALMOLIVE CO.;81,02386350;72,14369339;78,79000000;67,68318872;78,56000000;23033,00000000;0,00000000;0,00000000;0,00000000;0,00000000;20251113
98;1O;13633;US8923561067;TRACTOR SUPPLY COMPANY;USD;OTC;111111;201;O;31923,000;0,000;0,000;0,000;55,8905;50,4763;1784193,6750;1611357,09;1,107262;56,1800;48,2604;1793434,1400;1540618,62;1793434,1400;1540618,62;55,9800;0,518;5,133;-4,390;0,536;0,380;0,177;0,357;0,178;0,000;0,000;0,0000;0,00;;;;DUSD;N069000;T300;;099823      TRACTOR SUPPLY COMPANY;55,89053895;50,47636782;56,18000000;48,26045872;55,98000000;31923,00000000;0,00000000;0,00000000;0,00000000;0,00000000;20251113
98;1O;09902;US28176E1082;EDWARDS LIFESCIENCES CORP;USD;NEW YORK;111111;201;O;19918,000;0,000;0,000;0,000;74,0300;71,4851;1474529,5400;1423840,81;1,035600;86,1100;73,9713;1715138,9800;1473360,52;1715138,9800;1473360,52;85,5800;16,318;12,408;3,478;0,512;0,364;0,170;0,619;0,171;0,000;0,000;0,0000;0,00;;;;DUSD;N069000;T300;;099830      EDWARDS LIFESCIENCES CORP;74,03000000;71,48512953;86,11000000;73,97130830;85,58000000;19918,00000000;0,00000000;0,00000000;0,00000000;0,00000000;20251113
98;1O;33770;US1255231003;CIGNA CORP ORD;USD;NEW YORK;111111;201;O;6303,000;0,000;0,000;0,000;276,1400;266,6473;1740510,4200;1680678,27;1,035600;270,8900;232,7033;1707419,6700;1466729,38;1707419,6700;1466729,38;270,6100;-1,901;12,408;-12,730;0,510;0,362;0,169;0,103;0,170;0,000;0,000;0,0000;0,00;;;;DUSD;N069000;T300;;099831      CIGNA CORP ORD;276,14000000;266,64735364;270,89000000;232,70337599;270,61000000;6303,00000000;0,00000000;0,00000000;0,00000000;0,00000000;20251113
98;1O;28019;US43300A2033;HILTON WORLDWIDE HLDGS-ORD SHS;USD;NEW YORK;111111;201;O;6316,000;0,000;0,000;0,000;245,3533;236,3226;1549651,9820;1492613,87;1,038214;269,8900;231,8443;1704625,2400;1464328,87;1704625,2400;1464328,87;274,8000;10,001;12,125;-1,895;0,509;0,361;0,169;-1,787;0,170;0,000;0,000;0,0000;0,00;;;;DUSD;N069000;T300;;099831      HILTON WORLDWIDE HLDGS-ORD SHS;245,35338537;236,32265199;269,89000000;231,84434326;274,80000000;6316,00000000;0,00000000;0,00000000;0,00000000;0,00000000;20251113
98;1O;02372;US8288061091;SIMON PROPERTY GROUP INC.;USD;NEW YORK;111111;201;O;8880,000;0,000;0,000;0,000;171,0356;164,7361;1518796,5530;1462857,14;1,038240;183,6100;157,7269;1630456,8000;1400615,75;1630456,8000;1400615,75;183,8100;7,352;12,122;-4,255;0,487;0,346;0,161;-0,109;0,162;0,000;0,000;0,0000;0,00;;;;DUSD;N069000;T300;;099839      SIMON PROPERTY GROUP INC.;171,03564786;164,73616441;183,61000000;157,72699939;183,81000000;8880,00000000;0,00000000;0,00000000;0,00000000;0,00000000;20251113
98;1O;00399;US5184391044;ESTEE LAUDER COMPANIES CLA;USD;NEW YORK;111111;201;O;17390,000;0,000;0,000;0,000;92,0194;79,1366;1600217,7450;1376186,61;1,162791;89,9200;77,2442;1563708,8000;1343277,04;1563708,8000;1343277,04;92,0100;-2,281;0,113;-2,391;0,467;0,331;0,155;-2,271;0,155;0,000;0,000;0,0000;0,00;;;;DUSD;N069000;T300;;099845      ESTEE LAUDER COMPANIES CLA;92,01942179;79,13666532;89,92000000;77,24422300;92,01000000;17390,00000000;0,00000000;0,00000000;0,00000000;0,00000000;20251113
98;1O;02361;US7043261079;PAYCHEX INC.;USD;OTC;111111;201;O;13724,000;0,000;0,000;0,000;140,3261;135,0965;1925836,2310;1854065,30;1,038710;111,8000;96,0398;1534343,2000;1318051,03;1534343,2000;1318051,03;111,0800;-20,328;12,072;-28,910;0,458;0,325;0,152;0,648;0,153;0,000;0,000;0,0000;0,00;;;;DUSD;N069000;T300;;099848      PAYCHEX INC.;140,32616081;135,09656805;111,80000000;96,03985911;111,08000000;13724,00000000;0,00000000;0,00000000;0,00000000;0,00000000;20251113
98;1O;04388;US2533931026;DICK'S SPORTING GOODS INC.;USD;NEW YORK;111111;201;O;6815,000;0,000;0,000;0,000;218,5838;194,2752;1489649,0410;1323985,76;1,125125;220,1000;189,0731;1499981,5000;1288533,20;1499981,5000;1288533,20;222,8600;0,694;3,464;-2,678;0,448;0,318;0,148;-1,238;0,149;0,000;0,000;0,0000;0,00;;;;DUSD;N069000;T300;;099852      DICK'S SPORTING GOODS INC.;218,58386515;194,27523991;220,10000000;189,07310368;222,86000000;6815,00000000;0,00000000;0,00000000;0,00000000;0,00000000;20251113
98;1O;19628;US0367521038;ELEVANCE HEALTH INC;USD;NEW YORK;111111;201;O;4268,000;0,000;0,000;0,000;368,9000;356,2186;1574465,2000;1520341,06;1,035600;328,2800;282,0032;1401099,0400;1203589,93;1401099,0400;1203589,93;327,6300;-11,011;12,408;-20,834;0,419;0,297;0,139;0,198;0,139;0,000;0,000;0,0000;0,00;;;;DUSD;N069000;T300;;099861      ELEVANCE HEALTH INC;368,90000000;356,21861761;328,28000000;282,00326432;327,63000000;4268,00000000;0,00000000;0,00000000;0,00000000;0,00000000;20251113
98;1O;07445;US6907421019;OWENS CORNING INC;USD;NEW YORK;111111;201;O;12948,000;0,000;0,000;0,000;168,6853;162,4988;2184138,2470;2104035,71;1,038071;102,7000;88,2226;1329759,6000;1142307,02;1329759,6000;1142307,02;103,0800;-39,117;12,141;-45,709;0,397;0,282;0,132;-0,369;0,132;0,000;0,000;0,0000;0,00;;;;DUSD;N069000;T300;;099868      OWENS CORNING INC;168,68537588;162,49889635;102,70000000;88,22266128;103,08000000;12948,00000000;0,00000000;0,00000000;0,00000000;0,00000000;20251113
98;1O;01310;US0865161014;BEST BUY COMPANY INC.;USD;NEW YORK;111111;201;O;17136,000;0,000;0,000;0,000;76,9775;65,5350;1319086,4400;1123009,06;1,174600;76,1800;65,4411;1305420,4800;1121398,92;1305420,4800;1121398,92;77,7100;-1,036;-0,894;-0,143;0,390;0,277;0,129;-1,969;0,130;0,000;0,000;0,0000;0,00;;;;DUSD;N069000;T300;;099871      BEST BUY COMPANY INC.;76,97750000;65,53507586;76,18000000;65,44111330;77,71000000;17136,00000000;0,00000000;0,00000000;0,00000000;0,00000000;20251113
98;1O;00525;US4278661081;HERSHEY CO.;USD;NEW YORK;111111;201;O;7205,000;0,000;0,000;0,000;173,8151;149,8922;1252337,8000;1079973,96;1,159600;178,1400;153,0280;1283498,7000;1102567,39;1283498,7000;1102567,39;178,2600;2,488;0,388;2,092;0,383;0,272;0,127;-0,067;0,128;0,000;0,000;0,0000;0,00;;;;DUSD;N069000;T300;;099873      HERSHEY CO.;173,81510062;149,89229146;178,14000000;153,02809037;178,26000000;7205,00000000;0,00000000;0,00000000;0,00000000;0,00000000;20251113
98;1O;02976;US9884981013;YUM BRANDS INC.;USD;NEW YORK;111111;201;O;7277,000;0,000;0,000;0,000;145,5700;125,9691;1059312,8900;916677,82;1,155600;149,7300;128,6229;1089585,2100;935989,36;1089585,2100;935989,36;149,3700;2,858;0,736;2,107;0,326;0,231;0,108;0,241;0,108;0,000;0,000;0,0000;0,00;;;;DUSD;N069000;T300;;099892      YUM BRANDS INC.;145,57000000;125,96919334;149,73000000;128,62297053;149,37000000;7277,00000000;0,00000000;0,00000000;0,00000000;0,00000000;20251113
98;1O;37182;US45687V1061;INGERSOLL RAND-ORD SHS;USD;NEW YORK;111111;201;O;13786,000;0,000;0,000;0,000;89,5379;86,2574;1234369,9000;1189145,88;1,038031;76,2000;65,4582;1050493,2000;902408,04;1050493,2000;902408,04;77,7100;-14,896;12,145;-24,113;0,314;0,223;0,104;-1,943;0,104;0,000;0,000;0,0000;0,00;;;;DUSD;N069000;T300;;099896      INGERSOLL RAND-ORD SHS;89,53792978;86,25749891;76,20000000;65,45829396;77,71000000;13786,00000000;0,00000000;0,00000000;0,00000000;0,00000000;20251113
98;1O;07900;US5500211090;LULULEMON ATHLETICA INC;USD;OTC;111111;201;O;6178,000;0,000;0,000;0,000;172,5206;148,0229;1065832,8800;914485,53;1,165500;169,6600;145,7434;1048159,4800;900403,30;1048159,4800;900403,30;170,9000;-1,658;-0,120;-1,540;0,313;0,222;0,104;-0,726;0,104;0,000;0,000;0,0000;0,00;;;;DUSD;N069000;T300;;099896      LULULEMON ATHLETICA INC;172,52069925;148,02290870;169,66000000;145,74349282;170,90000000;6178,00000000;0,00000000;0,00000000;0,00000000;0,00000000;20251113
98;1O;08920;US49271V1008;KUERIG DR PEPPER;USD;NEW YORK;111111;201;O;38000,000;0,000;0,000;0,000;29,9020;25,6956;1136276,0000;976433,79;1,163700;27,0000;23,1938;1026000,0000;881367,58;1026000,0000;881367,58;26,9000;-9,705;0,034;-9,736;0,307;0,217;0,102;0,372;0,102;0,000;0,000;0,0000;0,00;;;;DUSD;N069000;T300;;099898      KUERIG DR PEPPER;29,90200000;25,69562605;27,00000000;23,19388368;26,90000000;38000,00000000;0,00000000;0,00000000;0,00000000;0,00000000;20251113
98;1O;04020;US0534841012;AVALONBAY COMMUNITIES INC.;USD;NEW YORK;111111;201;O;5759,000;0,000;0,000;0,000;218,8164;210,7372;1260164,0210;1213635,81;1,038338;176,9800;152,0316;1019227,8200;875550,06;1019227,8200;875550,06;178,0500;-19,119;12,112;-27,857;0,304;0,216;0,101;-0,601;0,101;0,000;0,000;0,0000;0,00;;;;DUSD;N069000;T300;;099899      AVALONBAY COMMUNITIES INC.;218,81646483;210,73724778;176,98000000;152,03161240;178,05000000;5759,00000000;0,00000000;0,00000000;0,00000000;0,00000000;20251113
98;1O;00104;US4595061015;INTERNATIONAL FLAVORS & FRAGRANCES INC.;USD;NEW YORK;111111;201;O;13841,000;0,000;0,000;0,000;83,9078;80,8209;1161368,5840;1118642,95;1,038194;67,4300;57,9245;933298,6300;801734,07;933298,6300;801734,07;65,4100;-19,638;12,127;-28,330;0,279;0,198;0,092;3,088;0,093;0,000;0,000;0,0000;0,00;;;;DUSD;N069000;T300;;099908      INTERNATIONAL FLAVORS & FRAGRANCES INC.;83,90785232;80,82096308;67,43000000;57,92457692;65,41000000;13841,00000000;0,00000000;0,00000000;0,00000000;0,00000000;20251113
98;1O;09755;US92276F1003;VENTAS INC;USD;NEW YORK;111111;201;O;9690,000;0,000;0,000;0,000;59,1592;56,9416;573253,5790;551764,35;1,038946;77,2400;66,3516;748455,6000;642947,86;748455,6000;642947,86;76,9000;30,563;12,046;16,526;0,224;0,159;0,074;0,442;0,074;0,000;0,000;0,0000;0,00;;;;DUSD;N069000;T300;;099926      VENTAS INC;59,15929607;56,94162538;77,24000000;66,35168799;76,90000000;9690,00000000;0,00000000;0,00000000;0,00000000;0,00000000;20251113
98;1O;03754;US09062X1037;BIOGEN  INC.;USD;OTC;111111;201;O;2929,000;0,000;0,000;0,000;152,9200;147,6631;447902,6800;432505,48;1,035600;164,7300;141,5084;482494,1700;414478,28;482494,1700;414478,28;161,4800;7,723;12,408;-4,168;0,144;0,102;0,048;2,013;0,048;0,000;0,000;0,0000;0,00;;;;DUSD;N069000;T300;;099952      BIOGEN  INC.;152,92000000;147,66318880;164,73000000;141,50846147;161,48000000;2929,00000000;0,00000000;0,00000000;0,00000000;0,00000000;20251113
98;1O;03392;CH0013841017;LONZA GROUP AG-REG;CHF;VIRTX;111111;201;O;7799,000;0,000;0,000;0,000;534,3679;569,5570;4167535,5740;4441975,74;0,938217;552,6000;598,6350;4309727,4000;4668754,63;4309727,4000;4668754,63;554,6000;3,412;-1,611;5,105;36,859;1,152;0,538;-0,361;0,540;0,000;0,000;0,0000;0,00;;;;DCHF;N071000;T300;;099462      LONZA GROUP AG-REG;534,36794127;569,55708937;552,60000000;598,63503412;554,60000000;7799,00000000;0,00000000;0,00000000;0,00000000;0,00000000;20251113
98;1O;46566;CH1256740924;SGS SOCIETE GENERALE SA REG;CHF;VIRTX;111111;201;O;28937,000;0,000;0,000;0,000;90,0051;95,9247;2604479,7340;2775775,53;0,938289;92,1000;99,7725;2665097,7000;2887117,00;2665097,7000;2887117,00;92,6400;2,327;-1,619;4,011;22,793;0,712;0,333;-0,583;0,334;0,000;0,000;0,0000;0,00;;;;DCHF;N071000;T300;;099667      SGS SOCIETE GENERALE SA REG;90,00517448;95,92478591;92,10000000;99,77250568;92,64000000;28937,00000000;0,00000000;0,00000000;0,00000000;0,00000000;20251113
98;1O;01930;CH0012221716;ABB LTD - NOM;CHF;VIRTX;111111;201;O;40260,000;0,000;0,000;0,000;58,6011;62,8104;2359283,8100;2528749,62;0,932984;56,1600;60,8384;2261001,6000;2449357,17;2261001,6000;2449357,17;57,4200;-4,166;-1,059;-3,140;19,337;0,604;0,282;-2,194;0,284;0,000;0,000;0,0000;0,00;;;;DCHF;N071000;T300;;099718      ABB LTD - NOM;58,60118753;62,81047242;56,16000000;60,83847903;57,42000000;40260,00000000;0,00000000;0,00000000;0,00000000;0,00000000;20251113
98;1O;01931;CH0012005267;NOVARTIS AG - NOM.;CHF;VIRTX;111111;201;O;19122,000;0,000;0,000;0,000;101,4822;108,2592;1940542,6300;2070132,96;0,937400;105,7400;114,5488;2021960,2800;2190402,21;2021960,2800;2190402,21;104,7000;4,196;-1,525;5,810;17,293;0,540;0,252;0,993;0,254;0,000;0,000;0,0000;0,00;;;;DCHF;N071000;T300;;099748      NOVARTIS AG - NOM.;101,48220008;108,25922811;105,74000000;114,54880294;104,70000000;19122,00000000;0,00000000;0,00000000;0,00000000;0,00000000;20251113
98;1O;00872;KR7000660001;SK HYNIX INC.;KRW;SEOUL;111111;201;O;6280,000;0,000;0,000;0,000;349975,7563;212,2328;2197847750,0000;1332822,33;1649,017803;612000,0000;358,0521;3843360000,0000;2248567,79;3843360000,0000;2248567,79;617000,0000;74,869;3,652;68,707;71,651;0,555;0,259;-0,810;0,260;0,000;0,000;0,0000;0,00;;;;DKRW;N084000;T300;;099741      SK HYNIX INC.;349975,75636942;212,23285509;612000,00000000;358,05219605;617000,00000000;6280,00000000;0,00000000;0,00000000;0,00000000;0,00000000;20251113
98;1O;02748;KR7066570003;LG ELECTRONICS INC.;KRW;SEOUL;111111;201;O;16439,000;0,000;0,000;0,000;83500,0000;54,7569;1372656500,0000;900149,25;1524,921006;92500,0000;54,1173;1520607500,0000;889635,38;1520607500,0000;889635,38;92900,0000;10,778;12,088;-1,168;28,349;0,219;0,102;-0,431;0,103;0,000;0,000;0,0000;0,00;;;;DKRW;N084000;T300;;099898      LG ELECTRONICS INC.;83500,00000000;54,75693472;92500,00000000;54,11736623;92900,00000000;16439,00000000;0,00000000;0,00000000;0,00000000;0,00000000;20251113
98;1O;00163;JP3190000004;OBAYASHI CORP.;JPY;TOKYO;111111;201;O;287100,000;0,000;0,000;0,000;2087,4077;12,8275;599294761,5050;3682791,95;162,728378;2883,0000;16,0609;827709300,0000;4611085,98;827709300,0000;4611085,98;2847,0000;38,114;10,309;25,206;12,124;1,138;0,531;1,264;0,534;0,000;0,000;0,0000;0,00;;;;DJPY;N088000;T300;;099469      OBAYASHI CORP.;2087,40773773;12,82755816;2883,00000000;16,06090553;2847,00000000;287100,00000000;0,00000000;0,00000000;0,00000000;0,00000000;20251113
98;1O;00754;JP3659000008;WEST JAPAN RAILWAYS CO.LTD.;JPY;TOKYO;111111;201;O;183600,000;0,000;0,000;0,000;2902,3060;17,8211;532863387,7330;3271962,46;162,857427;3024,0000;16,8464;555206400,0000;3092999,50;555206400,0000;3092999,50;3024,0000;4,193;10,222;-5,470;8,132;0,763;0,356;0,000;0,358;0,000;0,000;0,0000;0,00;;;;DJPY;N088000;T300;;099644      WEST JAPAN RAILWAYS CO.LTD.;2902,30603340;17,82114629;3024,00000000;16,84640247;3024,00000000;183600,00000000;0,00000000;0,00000000;0,00000000;0,00000000;20251113
98;1O;00612;JP3893200000;MITSUI FUDOSAN CO.LTD.;JPY;TOKYO;111111;201;O;317700,000;0,000;0,000;0,000;1347,7072;8,2323;428166604,3670;2615404,80;163,709497;1710,5000;9,5290;543425850,0000;3027371,23;543425850,0000;3027371,23;1716,0000;26,919;9,648;15,752;7,960;0,747;0,349;-0,321;0,350;0,000;0,000;0,0000;0,00;;;;DJPY;N088000;T300;;099651      MITSUI FUDOSAN CO.LTD.;1347,70728475;8,23230972;1710,50000000;9,52902494;1716,00000000;317700,00000000;0,00000000;0,00000000;0,00000000;0,00000000;20251113
98;1O;00196;JP3435000009;SONY CORP.;JPY;TOKYO;111111;201;O;110100,000;0,000;0,000;0,000;3202,0476;19,7492;352545450,1120;2174391,65;162,135212;4669,0000;26,0105;514056900,0000;2863759,73;514056900,0000;2863759,73;4686,0000;45,813;10,713;31,704;7,530;0,707;0,330;-0,363;0,332;0,000;0,000;0,0000;0,00;;;;DJPY;N088000;T300;;099670      SONY CORP.;3202,04768494;19,74924296;4669,00000000;26,01053345;4686,00000000;110100,00000000;0,00000000;0,00000000;0,00000000;0,00000000;20251113
98;1O;33021;JP3635400009;TOYOTA BOSHOKU-ORD SHS;JPY;TOKYO;111111;201;O;217100,000;0,000;0,000;0,000;2030,9092;12,4660;440910392,6380;2706373,33;162,915584;2355,0000;13,1194;511270500,0000;2848236,98;511270500,0000;2848236,98;2347,5000;15,958;10,182;5,242;7,489;0,703;0,328;0,319;0,330;0,000;0,000;0,0000;0,00;;;;DJPY;N088000;T300;;099672      TOYOTA BOSHOKU-ORD SHS;2030,90922449;12,46602178;2355,00000000;13,11947018;2347,50000000;217100,00000000;0,00000000;0,00000000;0,00000000;0,00000000;20251113
98;1O;01201;JP3932000007;YASKAWA ELECTRIC CORP.;JPY;TOKYO;111111;201;O;85900,000;0,000;0,000;0,000;4152,7283;25,4761;356719368,3070;2188404,65;163,004300;4200,0000;23,3977;360780000,0000;2009869,41;360780000,0000;2009869,41;4226,0000;1,138;10,122;-8,158;5,284;0,496;0,232;-0,615;0,233;0,000;0,000;0,0000;0,00;;;;DJPY;N088000;T300;;099768      YASKAWA ELECTRIC CORP.;4152,72838541;25,47618917;4200,00000000;23,39778122;4226,00000000;85900,00000000;0,00000000;0,00000000;0,00000000;0,00000000;20251113
98;1O;34535;JP3965400009;LION CORP;JPY;TOKYO;111111;201;O;223500,000;0,000;0,000;0,000;1763,3968;10,8366;394119186,2950;2421990,14;162,725347;1552,0000;8,6460;346872000,0000;1932389,33;346872000,0000;1932389,33;1556,5000;-11,988;10,311;-20,215;5,081;0,477;0,223;-0,289;0,224;0,000;0,000;0,0000;0,00;;;;DJPY;N088000;T300;;099777      LION CORP;1763,39680668;10,83664492;1552,00000000;8,64603725;1556,50000000;223500,00000000;0,00000000;0,00000000;0,00000000;0,00000000;20251113
98;1O;03334;JP3148800000;IBIDEN CO. LTD.;JPY;TOKYO;111111;201;O;24981,000;0,000;0,000;0,000;4719,8468;29,0027;117906493,4790;724518,69;162,737684;13620,0000;75,8756;340241220,0000;1895449,91;340241220,0000;1895449,91;13705,0000;188,569;10,303;161,615;4,984;0,468;0,218;-0,620;0,219;0,000;0,000;0,0000;0,00;;;;DJPY;N088000;T300;;099782      IBIDEN CO. LTD.;4719,84682274;29,00278972;13620,00000000;75,87566196;13705,00000000;24981,00000000;0,00000000;0,00000000;0,00000000;0,00000000;20251113
98;1O;00144;JP3914400001;MURATA MANUFACTURING CO.LTD.;JPY;TOKYO;111111;201;O;101000,000;0,000;0,000;0,000;2529,7776;15,5154;255507542,3200;1567062,33;163,048742;3169,0000;17,6541;320069000,0000;1783072,49;320069000,0000;1783072,49;3161,0000;25,268;10,092;13,784;4,688;0,440;0,205;0,253;0,206;0,000;0,000;0,0000;0,00;;;;DJPY;N088000;T300;;099795      MURATA MANUFACTURING CO.LTD.;2529,77764673;15,51546861;3169,00000000;17,65418302;3161,00000000;101000,00000000;0,00000000;0,00000000;0,00000000;0,00000000;20251113
98;1O;00447;JP3571400005;TOKYO ELECTRON LTD.;JPY;TOKYO;111111;201;O;8800,000;0,000;0,000;0,000;26570,1595;153,0871;233817404,0000;1347167,00;173,562301;33910,0000;188,9092;298408000,0000;1662401,21;298408000,0000;1662401,21;33660,0000;27,624;3,423;23,400;4,371;0,410;0,192;0,743;0,192;0,000;0,000;0,0000;0,00;;;;DJPY;N088000;T300;;099808      TOKYO ELECTRON LTD.;26570,15954545;153,08715909;33910,00000000;188,90922886;33660,00000000;8800,00000000;0,00000000;0,00000000;0,00000000;0,00000000;20251113
98;1O;00148;JP3733000008;NEC CORP.;JPY;TOKYO;111111;201;O;48000,000;0,000;0,000;0,000;4988,1755;28,2773;239432428,0000;1357315,14;176,401501;5990,0000;33,3696;287520000,0000;1601745,25;287520000,0000;1601745,25;5880,0000;20,084;1,759;18,008;4,211;0,395;0,185;1,871;0,185;0,000;0,000;0,0000;0,00;;;;DJPY;N088000;T300;;099815      NEC CORP.;4988,17558333;28,27739875;5990,00000000;33,36969274;5880,00000000;48000,00000000;0,00000000;0,00000000;0,00000000;0,00000000;20251113
98;1O;05840;JP3322930003;SUMCO CORP;JPY;TOKYO;111111;201;O;204400,000;0,000;0,000;0,000;1021,2457;6,3268;208742628,3600;1293202,62;161,415253;1226,0000;6,8299;250594400,0000;1396036,42;250594400,0000;1396036,42;1176,0000;20,049;11,206;7,952;3,671;0,344;0,161;4,252;0,162;0,000;0,000;0,0000;0,00;;;;DJPY;N088000;T300;;099839      SUMCO CORP;1021,24573561;6,32682299;1226,00000000;6,82992375;1176,00000000;204400,00000000;0,00000000;0,00000000;0,00000000;0,00000000;20251113
98;1O;00215;JP3463000004;TAKEDA PHARMACEUTICAL CO LTD.;JPY;TOKYO;111111;201;O;57400,000;0,000;0,000;0,000;4179,3079;25,6831;239892279,0090;1474215,49;162,725382;4380,0000;24,4005;251412000,0000;1400591,18;251412000,0000;1400591,18;4313,0000;4,802;10,311;-4,994;3,682;0,346;0,161;1,553;0,162;0,000;0,000;0,0000;0,00;;;;DJPY;N088000;T300;;099839      TAKEDA PHARMACEUTICAL CO LTD.;4179,30799667;25,68319669;4380,00000000;24,40054327;4313,00000000;57400,00000000;0,00000000;0,00000000;0,00000000;0,00000000;20251113
98;1O;00117;JP3270000007;KURITA WATER INDUSTRIES LTD.;JPY;TOKYO;111111;201;O;34900,000;0,000;0,000;0,000;5284,7392;32,4342;184437398,4330;1131956,28;162,936857;6433,0000;35,8376;224511700,0000;1250732,29;224511700,0000;1250732,29;6514,0000;21,728;10,168;10,493;3,288;0,309;0,144;-1,243;0,145;0,000;0,000;0,0000;0,00;;;;DJPY;N088000;T300;;099856      KURITA WATER INDUSTRIES LTD.;5284,73921011;32,43427736;6433,00000000;35,83760157;6514,00000000;34900,00000000;0,00000000;0,00000000;0,00000000;0,00000000;20251113
98;1O;25708;JP3855900001;POLA ORBIS HLDGS INC;JPY;TOKYO;111111;201;O;158100,000;0,000;0,000;0,000;1422,2639;8,7400;224859927,8600;1381795,48;162,730253;1333,5000;7,4287;210826350,0000;1174492,57;210826350,0000;1174492,57;1317,0000;-6,241;10,308;-15,002;3,088;0,290;0,135;1,253;0,136;0,000;0,000;0,0000;0,00;;;;DJPY;N088000;T300;;099865      POLA ORBIS HLDGS INC;1422,26393333;8,74000936;1333,50000000;7,42879553;1317,00000000;158100,00000000;0,00000000;0,00000000;0,00000000;0,00000000;20251113
98;1O;00128;JP3866800000;PANASONIC CORPORATION;JPY;TOKYO;111111;201;O;112000,000;0,000;0,000;0,000;1639,1847;10,0731;183588693,6530;1128194,83;162,727827;1765,0000;9,8326;197680000,0000;1101255,57;197680000,0000;1101255,57;1786,5000;7,675;10,309;-2,388;2,895;0,272;0,127;-1,203;0,127;0,000;0,000;0,0000;0,00;;;;DJPY;N088000;T300;;099873      PANASONIC CORPORATION;1639,18476475;10,07316812;1765,00000000;9,83263901;1786,50000000;112000,00000000;0,00000000;0,00000000;0,00000000;0,00000000;20251113
98;1O;05558;JP3118000003;ASICS CORP;JPY;TOKYO;111111;201;O;49000,000;0,000;0,000;0,000;4021,9135;22,6868;197073766,0000;1111654,44;177,279700;3856,0000;21,4813;188944000,0000;1052588,18;188944000,0000;1052588,18;3791,0000;-4,125;1,255;-5,313;2,768;0,260;0,121;1,715;0,122;0,000;0,000;0,0000;0,00;;;;DJPY;N088000;T300;;099879      ASICS CORP;4021,91359183;22,68682530;3856,00000000;21,48139152;3791,00000000;49000,00000000;0,00000000;0,00000000;0,00000000;0,00000000;20251113
98;1O;00901;JP3976300008;RYOHIN KEIKAKU CO.LTD.;JPY;TOKYO;111111;201;O;34100,000;0,000;0,000;0,000;3356,9365;18,7057;114471538,0000;637867,65;179,459701;3305,0000;18,4118;112700500,0000;627843,25;112700500,0000;627843,25;3340,0000;-1,547;0,025;-1,572;1,651;0,155;0,072;-1,048;0,073;0,000;0,000;0,0000;0,00;;;;DJPY;N088000;T300;;099928      RYOHIN KEIKAKU CO.LTD.;3356,93659824;18,70579618;3305,00000000;18,41182546;3340,00000000;34100,00000000;0,00000000;0,00000000;0,00000000;0,00000000;20251113
98;1O;01571;HK0066009694;MTR CORP.;HKD;HONG KONG;111111;201;O;757660,000;0,000;0,000;0,000;26,9792;3,3430;20441120,9730;2532919,53;8,070182;30,6800;3,3917;23245008,8000;2569787,05;23245008,8000;2569787,05;30,4600;13,717;12,085;1,456;52,282;0,634;0,296;0,722;0,297;0,000;0,000;0,0000;0,00;;;;DHKD;N103000;T300;;099704      MTR CORP.;26,97927958;3,34308202;30,68000000;3,39174175;30,46000000;757660,00000000;0,00000000;0,00000000;0,00000000;0,00000000;20251113
98;1O;12695;HK0000063609;SWIRE PROPERTIES LTD;HKD;HONG KONG;111111;201;O;739600,000;0,000;0,000;0,000;15,8055;1,9579;11689798,8640;1448102,25;8,072495;22,9000;2,5316;16936840,0000;1872405,06;16936840,0000;1872405,06;22,8200;44,886;12,053;29,301;38,094;0,462;0,216;0,351;0,217;0,000;0,000;0,0000;0,00;;;;DHKD;N103000;T300;;099784      SWIRE PROPERTIES LTD;15,80556904;1,95795328;22,90000000;2,53164556;22,82000000;739600,00000000;0,00000000;0,00000000;0,00000000;0,00000000;20251113
98;2;00001;;LIQUIDITA';EUR;;;610;;0,000;0,000;0,000;0,000;0,0000;0,0000;0,0000;0,00;0,000000;0,0000;0,0000;0,0000;8977699,70;0,0000;8977699,70;0,0000;0,000;0,000;0,000;0,000;0,000;1,034;0,000;1,039;0,000;0,000;0,0000;0,00;2;;;;;;;;0,00000000;0,00000000;0,00000000;0,00000000;0,00000000;0,00000000;0,00000000;0,00000000;0,00000000;0,00000000;20251113
98;2;00002;;LIQUIDITA' A SCADERE;EUR;;;620;;0,000;0,000;0,000;0,000;0,0000;0,0000;0,0000;0,00;0,000000;0,0000;0,0000;0,0000;37617678,49;0,0000;37617678,49;0,0000;0,000;0,000;0,000;0,000;0,000;4,334;0,000;4,355;0,000;0,000;0,0000;0,00;3;;;;;;;;0,00000000;0,00000000;0,00000000;0,00000000;0,00000000;0,00000000;0,00000000;0,00000000;0,00000000;0,00000000;20251113
98;2;00016;;GIACENZE DI DOLLARI AUSTRALIANI      AUD;AUD;;;621;;8560592,710;0,000;0,000;0,000;0,0000;0,5970;8560592,7100;5111263,82;1,674849;0,0000;1,7770;8560592,7100;4817441,03;8560592,7100;4817441,03;0,0000;0,000;0,000;0,000;0,000;0,000;0,555;0,000;0,558;0,000;0,000;0,0000;0,00;3AUD1;;;;;;;;0,00000000;0,59706891;0,00000000;1,77700000;0,00000000;8560592,71000000;0,00000000;0,00000000;0,00000000;0,00000000;20251113
98;2;00009;;GIACENZE DI DOLLARI CANADESI         CAD;CAD;;;621;;1056271,720;0,000;0,000;0,000;0,0000;0,6571;1056271,7200;694092,59;1,521802;0,0000;1,6311;1056271,7200;647582,44;1056271,7200;647582,44;0,0000;0,000;0,000;0,000;0,000;0,000;0,075;0,000;0,075;0,000;0,000;0,0000;0,00;3CAD1;;;;;;;;0,00000000;0,65711556;0,00000000;1,63110000;0,00000000;1056271,72000000;0,00000000;0,00000000;0,00000000;0,00000000;20251113
98;2;00007;;GIACENZE DI FRANCHI SVIZZERI         CHF;CHF;;;621;;434788,010;0,000;0,000;0,000;0,0000;1,0712;434788,0100;465777,80;0,933467;0,0000;0,9231;434788,0100;471008,57;434788,0100;471008,57;0,0000;0,000;0,000;0,000;0,000;0,000;0,054;0,000;0,055;0,000;0,000;0,0000;0,00;3CHF1;;;;;;;;0,00000000;1,07127563;0,00000000;0,92310000;0,00000000;434788,01000000;0,00000000;0,00000000;0,00000000;0,00000000;20251113
98;2;00035;;GIACENZE DI CORONA DANESE            DKK;DKK;;;621;;2407520,760;0,000;0,000;0,000;0,0000;0,1339;2407520,7600;322422,76;7,466969;0,0000;7,4674;2407520,7600;322404,15;2407520,7600;322404,15;0,0000;0,000;0,000;0,000;0,000;0,000;0,037;0,000;0,037;0,000;0,000;0,0000;0,00;3DKK1;;;;;;;;0,00000000;0,13392314;0,00000000;7,46740000;0,00000000;2407520,76000000;0,00000000;0,00000000;0,00000000;0,00000000;20251113
98;2;00006;;GIACENZE DI STERLINE INGLESI         GBP;GBP;;;621;;3695932,930;0,000;0,000;0,000;0,0000;1,1482;3695932,9300;4243925,84;0,870876;0,0000;0,8822;3695932,9300;4189450,16;3695932,9300;4189450,16;0,0000;0,000;0,000;0,000;0,000;0,000;0,483;0,000;0,485;0,000;0,000;0,0000;0,00;3GBP1;;;;;;;;0,00000000;1,14826917;0,00000000;0,88220000;0,00000000;3695932,93000000;0,00000000;0,00000000;0,00000000;0,00000000;20251113
98;2;00014;;GIACENZE DI HONG KONG DOLLAR         HKD;HKD;;;621;;4278768,220;0,000;0,000;0,000;0,0000;0,1139;4278768,2200;487618,24;8,774832;0,0000;9,0455;4278768,2200;473027,28;4278768,2200;473027,28;0,0000;0,000;0,000;0,000;0,000;0,000;0,054;0,000;0,055;0,000;0,000;0,0000;0,00;3HKD1;;;;;;;;0,00000000;0,11396229;0,00000000;9,04550000;0,00000000;4278768,22000000;0,00000000;0,00000000;0,00000000;0,00000000;20251113
98;2;00008;;GIACENZE DI YEN GIAPPONESI           JPY;JPY;;;621;;40305186,000;0,000;0,000;0,000;0,0000;0,0056;40305186,0000;227153,77;177,435690;0,0000;179,5042;40305186,0000;224536,17;40305186,0000;224536,17;0,0000;0,000;0,000;0,000;0,000;0,000;0,026;0,000;0,026;0,000;0,000;0,0000;0,00;3JPY1;;;;;;;;0,00000000;0,00563584;0,00000000;179,50420000;0,00000000;40305186,00000000;0,00000000;0,00000000;0,00000000;0,00000000;20251113
98;2;00008;;IMPEGNI IN DIVISA YEN GIAPPONESI     JPY;JPY;;;622;;444695137,000;0,000;0,000;0,000;0,0000;0,0055;444695137,0000;2477416,19;179,499568;0,0000;179,5042;444695137,0000;2477352,27;444695137,0000;2477352,27;0,0000;0,000;0,000;0,000;0,000;0,000;0,285;0,000;0,287;0,000;0,000;0,0000;0,00;3JPY2;;;;;;;;0,00000000;0,00557104;0,00000000;179,50420000;0,00000000;444695137,00000000;0,00000000;0,00000000;0,00000000;0,00000000;20251113
98;2;00031;;GIACENZE DI CORONA NORVEGESE         NOK;NOK;;;621;;1424107,670;0,000;0,000;0,000;0,0000;0,0855;1424107,6700;121841,21;11,688227;0,0000;11,6551;1424107,6700;122187,51;1424107,6700;122187,51;0,0000;0,000;0,000;0,000;0,000;0,000;0,014;0,000;0,014;0,000;0,000;0,0000;0,00;3NOK1;;;;;;;;0,00000000;0,08555617;0,00000000;11,65510000;0,00000000;1424107,67000000;0,00000000;0,00000000;0,00000000;0,00000000;20251113
98;2;00011;;GIACENZE DI CORONE SVEDESI           SEK;SEK;;;621;;5685608,540;0,000;0,000;0,000;0,0000;0,0911;5685608,5400;517973,85;10,976632;0,0000;10,9361;5685608,5400;519893,61;5685608,5400;519893,61;0,0000;0,000;0,000;0,000;0,000;0,000;0,060;0,000;0,060;0,000;0,000;0,0000;0,00;3SEK1;;;;;;;;0,00000000;0,09110262;0,00000000;10,93610000;0,00000000;5685608,54000000;0,00000000;0,00000000;0,00000000;0,00000000;20251113
98;2;00001;;GIACENZE DI DOLLARI USA              USD;USD;;;621;;885156,440;0,000;0,000;0,000;0,0000;0,8646;885156,4400;765367,02;1,156512;0,0000;1,1641;885156,4400;760378,35;885156,4400;760378,35;0,0000;0,000;0,000;0,000;0,000;0,000;0,088;0,000;0,088;0,000;0,000;0,0000;0,00;3USD1;;;;;;;;0,00000000;0,86466864;0,00000000;1,16410000;0,00000000;885156,44000000;0,00000000;0,00000000;0,00000000;0,00000000;20251113
98;2;00001;;IMPEGNI IN DIVISA DOLLARI USA        USD;USD;;;622;;-43000000,000;0,000;0,000;0,000;0,0000;0,8499;-43000000,0000;-36548385,50;1,176523;0,0000;1,1641;-43000000,0000;-36548386,85;-43000000,0000;-36548386,85;0,0000;0,000;0,000;0,000;0,000;0,000;-4,211;0,000;-4,231;0,000;0,000;0,0000;0,00;3USD2;;;;;;;;0,00000000;0,84996245;0,00000000;1,16410000;0,00000000;-43000000,00000000;0,00000000;0,00000000;0,00000000;0,00000000;20251113
98;4;;;DIRITTI MATURATI NON RISCOSSI;;;;700;;0,000;0,000;0,000;0,000;0,0000;0,0000;0,0000;0,00;0,000000;0,0000;0,0000;0,0000;4922933,46;0,0000;1547111,40;0,0000;0,000;0,000;0,000;0,000;0,000;0,567;0,000;0,570;0,000;0,000;0,0000;0,00;;;;;;;;;0,00000000;0,00000000;0,00000000;0,00000000;0,00000000;0,00000000;0,00000000;0,00000000;0,00000000;0,00000000;20251113
98;5;;;DEPOSITI MARGINI INIZ.FUTURES;;;;8;;0,000;0,000;0,000;0,000;0,0000;0,0000;0,0000;0,00;0,000000;0,0000;0,0000;0,0000;0,00;0,0000;0,00;0,0000;0,000;0,000;0,000;0,000;0,000;0,000;0,000;0,000;0,000;0,000;0,0000;0,00;;;;;;;;;0,00000000;0,00000000;0,00000000;0,00000000;0,00000000;0,00000000;0,00000000;0,00000000;0,00000000;0,00000000;20251113
98;5;;;MARGINI DI VARIAZIONE FUTURES;;;;8;;0,000;0,000;0,000;0,000;0,0000;0,0000;0,0000;0,00;0,000000;0,0000;0,0000;0,0000;0,00;0,0000;0,00;0,0000;0,000;0,000;0,000;0,000;0,000;0,000;0,000;0,000;0,000;0,000;0,0000;0,00;;;;;;;;;0,00000000;0,00000000;0,00000000;0,00000000;0,00000000;0,00000000;0,00000000;0,00000000;0,00000000;0,00000000;20251113
98;5;;;DEPOSITI BANCARI;;;;8;;0,000;0,000;0,000;0,000;0,0000;0,0000;0,0000;0,00;0,000000;0,0000;0,0000;0,0000;0,00;0,0000;0,00;0,0000;0,000;0,000;0,000;0,000;0,000;0,000;0,000;0,000;0,000;0,000;0,0000;0,00;;;;;;;;;0,00000000;0,00000000;0,00000000;0,00000000;0,00000000;0,00000000;0,00000000;0,00000000;0,00000000;0,00000000;20251113
98;9;;;RIMBORSI DA REGOLARE;;;;;;0,000;0,000;0,000;0,000;0,0000;0,0000;0,0000;0,00;0,000000;0,0000;0,0000;0,0000;-1792990,69;0,0000;-1792990,69;0,0000;0,000;0,000;0,000;0,000;0,000;0,000;0,000;0,000;0,000;0,000;0,0000;0,00;;;;;;;;;0,00000000;0,00000000;0,00000000;0,00000000;0,00000000;0,00000000;0,00000000;0,00000000;0,00000000;0,00000000;20251113
99;1I;48808;IT0005596470;BTP  4,050% 2024-30/10/2037;EUR;MOT;086000;001;I;2500000,000;0,000;0,000;0,000;104,1690;104,1690;2604225,0000;2604225,00;0,000000;104,6880;104,6880;2617200,0000;2617200,00;2621094,2300;2621094,23;105,1680;0,498;0,000;0,498;5,189;31,477;3,203;-0,456;3,211;0,000;0,000;3894,2300;3894,23;;;;DEUR;N111111;T000;;096797      BTP  4,050% 2024-30/10/2037;104,16900000;104,16900000;104,68800000;104,68800000;105,16800000;2500000,00000000;0,00000000;0,00000000;0,00000000;0,00000000;20251113
99;1I;61747;IT0005648149;BTPS 3,6% 01.10.2035;EUR;MTSBOT;086000;001;I;2000000,000;0,000;0,000;0,000;100,8900;100,8900;2017800,0000;2017800,00;0,000000;101,7430;101,7430;2034860,0000;2034860,00;2043365,4900;2043365,49;102,1430;0,845;0,000;0,845;4,046;24,539;2,491;-0,392;2,497;0,000;0,000;8505,4900;8505,49;;;;DEUR;N111111;T000;;097509      BTPS 3,6% 01.10.2035;100,89000000;100,89000000;101,74300000;101,74300000;102,14300000;2000000,00000000;0,00000000;0,00000000;0,00000000;0,00000000;20251113
99;1I;46541;IT0005542359;BTPS  4,000% 2023-30/10/2031;EUR;MTS;086000;001;I;900000,000;0,000;0,000;0,000;105,8400;105,8400;952560,0000;952560,00;0,000000;106,4810;106,4810;958329,0000;958329,00;959713,6200;959713,62;106,7980;0,606;0,000;0,606;1,900;11,525;1,173;-0,297;1,176;0,000;0,000;1384,6200;1384,62;;;;DEUR;N111111;T000;;098827      BTPS  4,000% 2023-30/10/2031;105,84000000;105,84000000;106,48100000;106,48100000;106,79800000;900000,00000000;0,00000000;0,00000000;0,00000000;0,00000000;20251113
99;1I;40175;IT0005438004;BTP 1,5%  2021-30.04.2045;EUR;MOT;086000;001;I;800000,000;0,000;0,000;0,000;67,3880;67,3880;539104,0000;539104,00;0,000000;66,7800;66,7800;534240,0000;534240,00;534701,5400;534701,54;67,3130;-0,902;0,000;-0,902;1,059;6,421;0,654;-0,792;0,656;0,000;0,000;461,5400;461,54;;;;DEUR;N111111;T000;;099346      BTP 1,5%  2021-30.04.2045;67,38800000;67,38800000;66,78000000;66,78000000;67,31300000;800000,00000000;0,00000000;0,00000000;0,00000000;0,00000000;20251113
99;1I;45169;IT0005508590;BTP 4% 2022/30.04.2035;EUR;MOT;086000;001;I;400000,000;0,000;0,000;0,000;105,0530;105,0530;420212,0000;420212,00;0,000000;105,9840;105,9840;423936,0000;423936,00;424551,3800;424551,38;106,4560;0,886;0,000;0,886;0,841;5,098;0,519;-0,443;0,520;0,000;0,000;615,3800;615,38;;;;DEUR;N111111;T000;;099481      BTP 4% 2022/30.04.2035;105,05300000;105,05300000;105,98400000;105,98400000;106,45600000;400000,00000000;0,00000000;0,00000000;0,00000000;0,00000000;20251113
99;1I;63384;AT0000A3MUA7;AUSTRIAN T-BILL ZC 2025-27/11/2025;EUR;VIENNA;008000;100;I;7000000,000;0,000;0,000;0,000;99,5065;99,5065;6965460,7400;6965460,74;0,000000;99,9460;99,9460;6966614,6700;6966614,67;6996220,0000;6996220,00;99,9310;0,017;0,000;0,017;13,851;57,325;8,527;0,015;8,548;0,000;0,000;29605,3300;29605,33;;;;DEUR;N008000;T100;;091473      AUSTRIAN T-BILL ZC 2025-27/11/2025;99,50658200;99,50658200;99,94600000;99,94600000;99,93100000;7000000,00000000;0,00000000;0,00000000;0,00000000;0,00000000;20251113
99;1I;63661;AT0000A3MUC3;AUSTRIAN T-BILL ZC   2025-26/03/2026;EUR;VIENNA;008000;100;I;5000000,000;0,000;0,000;0,000;99,0733;99,0733;4953668,4400;4953668,44;0,000000;99,3250;99,3250;4952763,8900;4952763,89;4966250,0000;4966250,00;99,3050;-0,018;0,000;-0,018;9,832;40,692;6,062;0,020;6,077;0,000;0,000;13486,1100;13486,11;;;;DEUR;N008000;T100;;093938      AUSTRIAN T-BILL ZC   2025-26/03/2026;99,07336880;99,07336880;99,32500000;99,32500000;99,30500000;5000000,00000000;0,00000000;0,00000000;0,00000000;0,00000000;20251113
99;1I;44610;AT0000A2Y8G4;REP OF AUSTRIA 1,85% 22-23/05/2049;EUR;VIENNA;008000;100;I;100000,000;0,000;0,000;0,000;80,7270;80,7270;80727,0000;80727,00;0,000000;73,1350;73,1350;73135,0000;73135,00;74016,9200;74016,92;73,6980;-9,405;0,000;-9,405;0,147;0,606;0,090;-0,764;0,090;0,000;0,000;881,9200;881,92;;;;DEUR;N008000;T100;;099910      REP OF AUSTRIA 1,85% 22-23/05/2049;80,72700000;80,72700000;73,13500000;73,13500000;73,69800000;100000,00000000;0,00000000;0,00000000;0,00000000;0,00000000;20251113
99;1I;31588;BE0000346552;BELGIUM 1,25% 2018/22.04.2033;EUR;BRUXELLES;009000;100;I;300000,000;0,000;0,000;0,000;88,7150;88,7150;266145,0000;266145,00;0,000000;89,3050;89,3050;267915,0000;267915,00;270021,1600;270021,16;89,5570;0,665;0,000;0,665;0,535;89,214;0,328;-0,281;0,329;0,000;0,000;2106,1600;2106,16;;;;DEUR;N009000;T100;;099672      BELGIUM 1,25% 2018/22.04.2033;88,71500000;88,71500000;89,30500000;89,30500000;89,55700000;300000,00000000;0,00000000;0,00000000;0,00000000;0,00000000;20251113
99;1I;45229;BE0000356650;BELGIUM  KINGDOM 2.75% 202/22.04.2039;EUR;LUXEMBOURG;009000;100;I;35000,000;0,000;0,000;0,000;94,7300;94,7300;33155,5000;33155,50;0,000000;91,7240;91,7240;32103,4000;32103,40;32643,9800;32643,98;92,2200;-3,173;0,000;-3,173;0,065;10,786;0,039;-0,538;0,039;0,000;0,000;540,5800;540,58;;;;DEUR;N009000;T100;;099961      BELGIUM  KINGDOM 2.75% 202/22.04.2039;94,73000000;94,73000000;91,72400000;91,72400000;92,22000000;35000,00000000;0,00000000;0,00000000;0,00000000;0,00000000;20251113
99;1I;47558;FR001400L834;FRANCE GOVT 3.5% 2023/25.11.2033;EUR;MTS;029000;100;I;2000000,000;0,000;0,000;0,000;102,9710;102,9710;2059420,0000;2059420,00;0,000000;102,4350;102,4350;2048700,0000;2048700,00;2116398,6300;2116398,63;102,7220;-0,521;0,000;-0,521;4,190;33,602;2,508;-0,279;2,514;0,000;0,000;67698,6300;67698,63;;;;DEUR;N029000;T100;;097492      FRANCE GOVT 3.5% 2023/25.11.2033;102,97100000;102,97100000;102,43500000;102,43500000;102,72200000;2000000,00000000;0,00000000;0,00000000;0,00000000;0,00000000;20251113
99;1I;02969;FR0000188799;FRANCE O.A.T.3,15% 2002/25.7.2032 I/L;EUR;PARIGI;029000;100;I;500000,000;0,000;0,000;0,000;113,4450;113,4450;901139,7100;901139,71;0,000000;113,5740;113,5740;902163,7100;902163,71;909773,0500;909773,05;113,8430;0,114;0,000;0,114;1,801;14,445;1,104;-0,236;1,107;0,000;0,000;7609,3400;7609,34;;;;DEUR;N029000;T100;;098896      FRANCE O.A.T.3,15% 2002/25.7.2032 I/L;113,44508770;113,44508770;113,57400000;113,57400000;113,84300000;500000,00000000;0,00000000;0,00000000;0,00000000;0,00000000;20251113
99;1I;40325;FR0014002JM6;FRANCE OAT  0,500% 2020-25/06/2044;EUR;MTS;029000;100;I;1400000,000;0,000;0,000;0,000;58,1010;58,1010;813414,0000;813414,00;0,000000;54,9820;54,9820;769748,0000;769748,00;772452,1100;772452,11;55,3850;-5,368;0,000;-5,368;1,529;12,264;0,942;-0,728;0,944;0,000;0,000;2704,1100;2704,11;;;;DEUR;N029000;T100;;099058      FRANCE OAT  0,500% 2020-25/06/2044;58,10100000;58,10100000;54,98200000;54,98200000;55,38500000;1400000,00000000;0,00000000;0,00000000;0,00000000;0,00000000;20251113
99;1I;43300;FR0014007L00;FRTR 0% 25.05.2032;EUR;PARIGI;029000;100;I;400000,000;0,000;0,000;0,000;80,6810;80,6810;322724,0000;322724,00;0,000000;82,7990;82,7990;331196,0000;331196,00;331196,0000;331196,00;83,0000;2,625;0,000;2,625;0,656;5,258;0,405;-0,242;0,406;0,000;0,000;0,0000;0,00;;;;DEUR;N029000;T100;;099595      FRTR 0% 25.05.2032;80,68100000;80,68100000;82,79900000;82,79900000;83,00000000;400000,00000000;0,00000000;0,00000000;0,00000000;0,00000000;20251113
99;1I;44064;FR0014009O62;FRANCE GOVT 1.25% 2021/25.05.2038;EUR;PARIGI;029000;100;I;400000,000;0,000;0,000;0,000;77,1620;77,1620;308648,0000;308648,00;0,000000;75,9880;75,9880;303952,0000;303952,00;306308,1600;306308,16;76,2920;-1,521;0,000;-1,521;0,606;4,863;0,372;-0,398;0,373;0,000;0,000;2356,1600;2356,16;;;;DEUR;N029000;T100;;099628      FRANCE GOVT 1.25% 2021/25.05.2038;77,16200000;77,16200000;75,98800000;75,98800000;76,29200000;400000,00000000;0,00000000;0,00000000;0,00000000;0,00000000;20251113
99;1I;28193;FR0013234333;FRANCE O.A.T 1,75% 2016/25.06.2039;EUR;PARIGI;029000;100;I;180000,000;0,000;0,000;0,000;81,4900;81,4900;146682,0000;146682,00;0,000000;79,3710;79,3710;142867,8000;142867,80;144084,6500;144084,65;79,7320;-2,600;0,000;-2,600;0,285;2,288;0,175;-0,453;0,175;0,000;0,000;1216,8500;1216,85;;;;DEUR;N029000;T100;;099825      FRANCE O.A.T 1,75% 2016/25.06.2039;81,49000000;81,49000000;79,37100000;79,37100000;79,73200000;180000,00000000;0,00000000;0,00000000;0,00000000;0,00000000;20251113
99;1I;33142;IE00BFZRQ242;IRISH 1,35% 2018/18.03.2031;EUR;DUBLINO;040000;100;I;100000,000;0,000;0,000;0,000;94,1280;94,1280;94128,0000;94128,00;0,000000;94,5730;94,5730;94573,0000;94573,00;95460,6700;95460,67;94,7740;0,473;0,000;0,473;0,189;10,569;0,116;-0,212;0,116;0,000;0,000;887,6700;887,67;;;;DEUR;N040000;T100;;099884      IRISH 1,35% 2018/18.03.2031;94,12800000;94,12800000;94,57300000;94,57300000;94,77400000;100000,00000000;0,00000000;0,00000000;0,00000000;0,00000000;20251113
99;1I;27021;ES00000128E2;SPAIN BONOS 3.45% 2016 - 30/07/2066;EUR;MADRID;067000;100;I;700000,000;0,000;0,000;0,000;93,7390;93,7390;656173,0000;656173,00;0,000000;87,3980;87,3980;611786,0000;611786,00;618799,4200;618799,42;88,2530;-6,765;0,000;-6,765;1,225;22,674;0,749;-0,969;0,751;0,000;0,000;7013,4200;7013,42;;;;DEUR;N067000;T100;;099251      SPAIN BONOS 3.45% 2016 - 30/07/2066;93,73900000;93,73900000;87,39800000;87,39800000;88,25300000;700000,00000000;0,00000000;0,00000000;0,00000000;0,00000000;20251113
99;1I;35823;ES0000012F43;SPAIN-BONOS 0,6% 2019/31.10.2029;EUR;MADRID;067000;100;I;550000,000;0,000;0,000;0,000;91,2560;91,2560;501908,0000;501908,00;0,000000;93,2440;93,2440;512842,0000;512842,00;512959,5300;512959,53;93,3960;2,178;0,000;2,178;1,016;18,796;0,628;-0,163;0,629;0,000;0,000;117,5300;117,53;;;;DEUR;N067000;T100;;099372      SPAIN-BONOS 0,6% 2019/31.10.2029;91,25600000;91,25600000;93,24400000;93,24400000;93,39600000;550000,00000000;0,00000000;0,00000000;0,00000000;0,00000000;20251113
99;1I;40346;ES0000012I08;SPAIN BONOS 0% 21-31.01.2028;EUR;MADRID;067000;100;I;400000,000;0,000;0,000;0,000;93,0020;93,0020;372008,0000;372008,00;0,000000;95,4450;95,4450;381780,0000;381780,00;381780,0000;381780,00;95,5240;2,627;0,000;2,627;0,756;13,989;0,467;-0,083;0,468;0,000;0,000;0,0000;0,00;;;;DEUR;N067000;T100;;099533      SPAIN BONOS 0% 21-31.01.2028;93,00200000;93,00200000;95,44500000;95,44500000;95,52400000;400000,00000000;0,00000000;0,00000000;0,00000000;0,00000000;20251113
99;1I;43197;ES0000012K20;SPAIN BONOS 0.7% 2022/30.04.2032;EUR;AIAF;067000;100;I;200000,000;0,000;0,000;0,000;86,3580;86,3580;172716,0000;172716,00;0,000000;87,9770;87,9770;175954,0000;175954,00;176709,6200;176709,62;88,2230;1,875;0,000;1,875;0,350;6,475;0,215;-0,279;0,216;0,000;0,000;755,6200;755,62;;;;DEUR;N067000;T100;;099785      SPAIN BONOS 0.7% 2022/30.04.2032;86,35800000;86,35800000;87,97700000;87,97700000;88,22300000;200000,00000000;0,00000000;0,00000000;0,00000000;0,00000000;20251113
99;1I;43456;ES0000012K46;SPAIN BONOS 1.9% 2022/31.10.2052;EUR;AIAF;067000;100;I;250000,000;0,000;0,000;0,000;70,0700;70,0700;175175,0000;175175,00;0,000000;66,5600;66,5600;166400,0000;166400,00;166569,1800;166569,18;67,2050;-5,009;0,000;-5,009;0,330;6,103;0,204;-0,960;0,204;0,000;0,000;169,1800;169,18;;;;DEUR;N067000;T100;;099796      SPAIN BONOS 1.9% 2022/31.10.2052;70,07000000;70,07000000;66,56000000;66,56000000;67,20500000;250000,00000000;0,00000000;0,00000000;0,00000000;0,00000000;20251113
99;1I;26342;ES00000128C6;SPAIN   BONOS  2,9% 2016  31/10/2046;EUR;EUROTLX;067000;100;I;144000,000;0,000;0,000;0,000;90,5500;90,5500;130392,0000;130392,00;0,000000;87,4340;87,4340;125904,9600;125904,96;126053,6900;126053,69;88,0650;-3,441;0,000;-3,441;0,250;4,619;0,154;-0,717;0,154;0,000;0,000;148,7300;148,73;;;;DEUR;N067000;T100;;099846      SPAIN   BONOS  2,9% 2016  31/10/2046;90,55000000;90,55000000;87,43400000;87,43400000;88,06500000;144000,00000000;0,00000000;0,00000000;0,00000000;0,00000000;20251113
99;1I;45149;DE0001030740;BUNDESREPUBLIK 1,300% 2022-15/10/2027;EUR;FRANCOFORT;094000;100;I;7800000,000;0,000;0,000;0,000;98,7721;98,7721;7704230,9300;7704230,93;0,000000;98,7430;98,7430;7701954,0000;7701954,00;7710010,4400;7710010,44;98,7810;-0,030;0,000;-0,030;15,265;59,950;9,427;-0,038;9,450;0,000;0,000;8056,4400;8056,44;;;;DEUR;N094000;T100;;090573      BUNDESREPUBLIK 1,300% 2022-15/10/2027;98,77219140;98,77219140;98,74300000;98,74300000;98,78100000;7800000,00000000;0,00000000;0,00000000;0,00000000;0,00000000;20251113
99;1I;48904;DE000BU35025;BUNDESOBLIGATION  2,100% 2024-12/04/2029;EUR;FRANCOFORT;094000;100;I;1000000,000;0,000;0,000;0,000;99,9540;99,9540;999540,0000;999540,00;0,000000;99,8740;99,8740;998740,0000;998740,00;1011109,8600;1011109,86;99,9960;-0,080;0,000;-0,080;2,002;7,862;1,222;-0,122;1,225;0,000;0,000;12369,8600;12369,86;;;;DEUR;N094000;T100;;098778      BUNDESOBLIGATION  2,100% 2024-12/04/2029;99,95400000;99,95400000;99,87400000;99,87400000;99,99600000;1000000,00000000;0,00000000;0,00000000;0,00000000;0,00000000;20251113
99;1I;46637;DE000BU3Z005;BUNDESREPUBLIC 2,300% 2023-15/02/2033;EUR;FRANCOFORT;094000;100;I;800000,000;0,000;0,000;0,000;100,2240;100,2240;801792,0000;801792,00;0,000000;98,8000;98,8000;790400,0000;790400,00;804061,3700;804061,37;99,0870;-1,421;0,000;-1,421;1,592;6,252;0,967;-0,290;0,970;0,000;0,000;13661,3700;13661,37;;;;DEUR;N094000;T100;;099033      BUNDESREPUBLIC 2,300% 2023-15/02/2033;100,22400000;100,22400000;98,80000000;98,80000000;99,08700000;800000,00000000;0,00000000;0,00000000;0,00000000;0,00000000;20251113
99;1I;41972;DE0001030732;BUNDESREPUBLIK 0% 2021/15.08.2031;EUR;FRANCOFORT;094000;100;I;650000,000;0,000;0,000;0,000;86,9090;86,9090;564908,5000;564908,50;0,000000;87,6220;87,6220;569543,0000;569543,00;569543,0000;569543,00;87,8380;0,820;0,000;0,820;1,128;4,429;0,697;-0,246;0,699;0,000;0,000;0,0000;0,00;;;;DEUR;N094000;T100;;099303      BUNDESREPUBLIK 0% 2021/15.08.2031;86,90900000;86,90900000;87,62200000;87,62200000;87,83800000;650000,00000000;0,00000000;0,00000000;0,00000000;0,00000000;20251113
99;1I;47139;DE0001030757;BUNDESREPUBLIK DEU 1,8% 2023-15/08/2053;EUR;FRANCOFORT;094000;100;I;600000,000;0,000;0,000;0,000;84,4800;84,4800;506880,0000;506880,00;0,000000;73,6830;73,6830;442098,0000;442098,00;444761,0100;444761,01;74,4510;-12,781;0,000;-12,781;0,881;3,458;0,541;-1,032;0,542;0,000;0,000;2663,0100;2663,01;;;;DEUR;N094000;T100;;099459      BUNDESREPUBLIK DEU 1,8% 2023-15/08/2053;84,48000000;84,48000000;73,68300000;73,68300000;74,45100000;600000,00000000;0,00000000;0,00000000;0,00000000;0,00000000;20251113
99;1I;40880;DE0001030724;BUNDES  ZC 2021/15.08.2050;EUR;FRANCOFORT;094000;100;I;475000,000;0,000;0,000;0,000;52,6170;52,6170;249930,7500;249930,75;0,000000;45,4180;45,4180;215735,5000;215735,50;215735,5000;215735,50;45,9620;-13,682;0,000;-13,682;0,427;1,677;0,264;-1,184;0,265;0,000;0,000;0,0000;0,00;;;;DEUR;N094000;T100;;099736      BUNDES  ZC 2021/15.08.2050;52,61700000;52,61700000;45,41800000;45,41800000;45,96200000;475000,00000000;0,00000000;0,00000000;0,00000000;0,00000000;20251113
99;1I;46225;XS2591029876;ORSTED A/S 3,750% 2023-01/03/2030;EUR;LUXEMBOURG;021000;301;I;200000,000;0,000;0,000;0,000;102,7150;102,7150;205430,0000;205430,00;0,000000;101,7770;101,7770;203554,0000;203554,00;208834,8200;208834,82;101,9410;-0,913;0,000;-0,913;0,413;100,000;0,249;-0,161;0,250;0,000;0,000;5280,8200;5280,82;;;;DEUR;N021000;T200;;099751      ORSTED A/S 3,750% 2023-01/03/2030;102,71500000;102,71500000;101,77700000;101,77700000;101,94100000;200000,00000000;0,00000000;0,00000000;0,00000000;0,00000000;20251113
99;1I;47589;FR001400LPZ1;BPIFRANCE  3,5% 27.09.2027;EUR;PARIGI;029000;301;I;800000,000;0,000;0,000;0,000;102,4850;102,4850;819880,0000;819880,00;0,000000;102,0090;102,0090;816072,0000;816072,00;819677,4800;819677,48;102,0620;-0,464;0,000;-0,464;1,623;13,014;0,999;-0,052;1,001;0,000;0,000;3605,4800;3605,48;;;;DEUR;N029000;T200;;099001      BPIFRANCE  3,5% 27.09.2027;102,48500000;102,48500000;102,00900000;102,00900000;102,06200000;800000,00000000;0,00000000;0,00000000;0,00000000;0,00000000;20251113
99;1I;46922;FR0013535150;ICADE SANTE SAS 1,375% 2020-17/09/2030;EUR;PARIGI;029000;301;I;600000,000;0,000;0,000;0,000;87,5580;87,5580;525348,0000;525348,00;0,000000;90,6310;90,6310;543786,0000;543786,00;545074,3600;545074,36;90,8660;3,510;0,000;3,510;1,079;8,654;0,666;-0,259;0,667;0,000;0,000;1288,3600;1288,36;;;;DEUR;N029000;T200;;099334      ICADE SANTE SAS 1,375% 2020-17/09/2030;87,55800000;87,55800000;90,63100000;90,63100000;90,86600000;600000,00000000;0,00000000;0,00000000;0,00000000;0,00000000;20251113
99;1I;60522;XS2898838516;NATWEST GROUP PLC TV (3,575) 09.12.2032;EUR;LONDRAEST;031000;301;I;500000,000;0,000;0,000;0,000;100,7090;100,7090;503545,0000;503545,00;0,000000;101,7630;101,7630;508815,0000;508815,00;511851,3000;511851,30;102,1660;1,047;0,000;1,047;1,013;70,720;0,623;-0,394;0,624;0,000;0,000;3036,3000;3036,30;;;;DEUR;N031000;T200;;099377      NATWEST GROUP PLC TV (3,575) 09.12.2032;100,70900000;100,70900000;101,76300000;101,76300000;102,16600000;500000,00000000;0,00000000;0,00000000;0,00000000;0,00000000;20251113
99;1I;46334;XS2596599063;NATWEST GRP PLC 4.699% 2023/14.03.2028;EUR;LONDRA;031000;301;I;200000,000;0,000;0,000;0,000;103,6580;103,6580;207316,0000;207316,00;0,000000;102,8200;102,8200;205640,0000;205640,00;211922,5000;211922,50;102,8780;-0,808;0,000;-0,808;0,420;29,280;0,252;-0,056;0,252;0,000;0,000;6282,5000;6282,50;;;;DEUR;N031000;T200;;099748      NATWEST GRP PLC 4.699% 2023/14.03.2028;103,65800000;103,65800000;102,82000000;102,82000000;102,87800000;200000,00000000;0,00000000;0,00000000;0,00000000;0,00000000;20251113
99;1I;45931;XS2464405229;AIB GROUP PLC TV (2.25%) 2023/04.04.2028;EUR;DUBLINO;040000;301;I;800000,000;0,000;0,000;0,000;98,4560;98,4560;787648,0000;787648,00;0,000000;99,5940;99,5940;796752,0000;796752,00;807749,2600;807749,26;99,6370;1,156;0,000;1,156;1,599;89,431;0,975;-0,043;0,978;0,000;0,000;10997,2600;10997,26;;;;DEUR;N040000;T200;;099025      AIB GROUP PLC TV (2.25%) 2023/04.04.2028;98,45600000;98,45600000;99,59400000;99,59400000;99,63700000;800000,00000000;0,00000000;0,00000000;0,00000000;0,00000000;20251113
99;1I;48032;XS2744491874;NEDER WATERSCHAPSBANK 2,625% 10.01.2034;EUR;STOCCARDA;050000;301;I;1000000,000;0,000;0,000;0,000;98,3230;98,3230;983230,0000;983230,00;0,000000;97,6060;97,6060;976060,0000;976060,00;998138,7700;998138,77;97,9250;-0,729;0,000;-0,729;1,976;46,067;1,195;-0,326;1,198;0,000;0,000;22078,7700;22078,77;;;;DEUR;N050000;T200;;098805      NEDER WATERSCHAPSBANK 2,625% 10.01.2034;98,32300000;98,32300000;97,60600000;97,60600000;97,92500000;1000000,00000000;0,00000000;0,00000000;0,00000000;0,00000000;20251113
99;1I;45987;XS2579321337;NEDER WATERSCHAPSBANK 2% 2023/17.12.2029;EUR;LUXEMBOURG;050000;301;I;250000,000;0,000;0,000;0,000;100,8560;100,8560;252140,0000;252140,00;0,000000;101,0220;101,0220;252555,0000;252555,00;258789,5900;258789,59;101,1820;0,165;0,000;0,165;0,512;11,944;0,309;-0,158;0,310;0,000;0,000;6234,5900;6234,59;;;;DEUR;N050000;T200;;099691      NEDER WATERSCHAPSBANK 2% 2023/17.12.2029;100,85600000;100,85600000;101,02200000;101,02200000;101,18200000;250000,00000000;0,00000000;0,00000000;0,00000000;0,00000000;20251113
99;1I;42206;PTBCPEOM0069;BCO COMERCIAL PORTUGUES 1,75%21/07.04.28;EUR;DUBLINO;055000;301;I;600000,000;0,000;0,000;0,000;97,1250;97,1250;582750,0000;582750,00;0,000000;98,8290;98,8290;592974,0000;592974,00;599302,7700;599302,77;98,8570;1,754;0,000;1,754;1,187;58,605;0,726;-0,028;0,728;0,000;0,000;6328,7700;6328,77;;;;DEUR;N055000;T200;;099274      BCO COMERCIAL PORTUGUES 1,75%21/07.04.28;97,12500000;97,12500000;98,82900000;98,82900000;98,85700000;600000,00000000;0,00000000;0,00000000;0,00000000;0,00000000;20251113
99;1I;39819;PTEDPROM0029;ENERGIAS DE PORT 1.875% 2021/02.08.2081;EUR;DUBLINO;055000;301;I;300000,000;0,000;0,000;0,000;97,4210;97,4210;292263,0000;292263,00;0,000000;99,1560;99,1560;297468,0000;297468,00;299055,3300;299055,33;99,1380;1,781;0,000;1,781;0,592;29,244;0,364;0,018;0,365;0,000;0,000;1587,3300;1587,33;;;;DEUR;N055000;T200;;099636      ENERGIAS DE PORT 1.875% 2021/02.08.2081;97,42100000;97,42100000;99,15600000;99,15600000;99,13800000;300000,00000000;0,00000000;0,00000000;0,00000000;0,00000000;20251113
99;1I;49005;PTEDPZOM0011;ENERGIAS DE PORT (4,750%) TV 29/05/2054;EUR;DUBLINO;055000;301;I;100000,000;0,000;0,000;0,000;102,2090;102,2090;102209,0000;102209,00;0,000000;103,6630;103,6630;103663,0000;103663,00;105849,3000;105849,30;103,6770;1,423;0,000;1,423;0,210;10,351;0,127;-0,014;0,127;0,000;0,000;2186,3000;2186,30;;;;DEUR;N055000;T200;;099873      ENERGIAS DE PORT (4,750%) TV 29/05/2054;102,20900000;102,20900000;103,66300000;103,66300000;103,67700000;100000,00000000;0,00000000;0,00000000;0,00000000;0,00000000;20251113
99;1I;46835;XS2623501181;CAIXABANK TV 4,625% 2023-16/05/2027;EUR;DUBLINO;067000;301;I;300000,000;0,000;0,000;0,000;102,2840;102,2840;306852,0000;306852,00;0,000000;101,0770;101,0770;303231,0000;303231,00;310111,4800;310111,48;101,1050;-1,180;0,000;-1,180;0,614;11,363;0,371;-0,028;0,372;0,000;0,000;6880,4800;6880,48;;;;DEUR;N067000;T200;;099629      CAIXABANK TV 4,625% 2023-16/05/2027;102,28400000;102,28400000;101,07700000;101,07700000;101,10500000;300000,00000000;0,00000000;0,00000000;0,00000000;0,00000000;20251113
99;1I;45312;XS2538778478;INSTITUTO DE CREDIT 2.65% 2022/31.0.2028;EUR;AIAF;067000;301;I;200000,000;0,000;0,000;0,000;100,3390;100,3390;200678,0000;200678,00;0,000000;100,9220;100,9220;201844,0000;201844,00;205996,8800;205996,88;101,0090;0,581;0,000;0,581;0,408;7,548;0,247;-0,086;0,248;0,000;0,000;4152,8800;4152,88;;;;DEUR;N067000;T200;;099753      INSTITUTO DE CREDIT 2.65% 2022/31.0.2028;100,33900000;100,33900000;100,92200000;100,92200000;101,00900000;200000,00000000;0,00000000;0,00000000;0,00000000;0,00000000;20251113
99;1I;47444;XS2684860203;CREDITO EMILIANO (TV) 4.875% 26.03.2030;EUR;DUBLINO;086000;301;I;300000,000;0,000;0,000;0,000;106,5840;106,5840;319752,0000;319752,00;0,000000;106,0360;106,0360;318108,0000;318108,00;327403,8900;327403,89;106,2090;-0,514;0,000;-0,514;0,648;3,932;0,389;-0,163;0,390;0,000;0,000;9295,8900;9295,89;;;;DEUR;N086000;T200;;099611      CREDITO EMILIANO (TV) 4.875% 26.03.2030;106,58400000;106,58400000;106,03600000;106,03600000;106,20900000;300000,00000000;0,00000000;0,00000000;0,00000000;0,00000000;20251113
99;1I;46047;XS2583205906;A2A SPA 4,375% 2023-03/02/2034;EUR;LUXEMBOURG;086000;301;I;200000,000;0,000;0,000;0,000;105,7230;105,7230;211446,0000;211446,00;0,000000;105,5050;105,5050;211010,0000;211010,00;217794,2500;217794,25;105,8580;-0,206;0,000;-0,206;0,431;2,615;0,258;-0,333;0,259;0,000;0,000;6784,2500;6784,25;;;;DEUR;N086000;T200;;099742      A2A SPA 4,375% 2023-03/02/2034;105,72300000;105,72300000;105,50500000;105,50500000;105,85800000;200000,00000000;0,00000000;0,00000000;0,00000000;0,00000000;20251113
99;1I;60711;XS2948434266;PRYSMIAN SPA 3,875% 2024-28/11/2031;EUR;LUXEMBOURG;086000;301;I;200000,000;0,000;0,000;0,000;101,0770;101,0770;202154,0000;202154,00;0,000000;102,5760;102,5760;205152,0000;205152,00;212583,5100;212583,51;102,8430;1,483;0,000;1,483;0,421;2,553;0,251;-0,260;0,252;0,000;0,000;7431,5100;7431,51;;;;DEUR;N086000;T200;;099749      PRYSMIAN SPA 3,875% 2024-28/11/2031;101,07700000;101,07700000;102,57600000;102,57600000;102,84300000;200000,00000000;0,00000000;0,00000000;0,00000000;0,00000000;20251113
99;1I;48514;DE000A3829J7;VONOVIA FINANCE B 4,250% 2024-10/04/2034;EUR;LUXEMBOURG;094000;301;I;800000,000;0,000;0,000;0,000;102,9940;102,9940;823952,0000;823952,00;0,000000;102,7330;102,7330;821864,0000;821864,00;842077,7000;842077,70;102,9810;-0,253;0,000;-0,253;1,667;6,548;1,006;-0,241;1,008;0,000;0,000;20213,7000;20213,70;;;;DEUR;N094000;T200;;098994      VONOVIA FINANCE B 4,250% 2024-10/04/2034;102,99400000;102,99400000;102,73300000;102,73300000;102,98100000;800000,00000000;0,00000000;0,00000000;0,00000000;0,00000000;20251113
99;1I;45627;DE000A30VQA4;VONOVIA SE 4,75% 2022/23.05.2027;EUR;LUXEMBOURG;094000;301;I;300000,000;0,000;0,000;0,000;104,0200;104,0200;312060,0000;312060,00;0,000000;103,1520;103,1520;309456,0000;309456,00;316249,1500;316249,15;103,2170;-0,834;0,000;-0,834;0,626;2,459;0,379;-0,063;0,380;0,000;0,000;6793,1500;6793,15;;;;DEUR;N094000;T200;;099621      VONOVIA SE 4,75% 2022/23.05.2027;104,02000000;104,02000000;103,15200000;103,15200000;103,21700000;300000,00000000;0,00000000;0,00000000;0,00000000;0,00000000;20251113
99;1I;38968;EU000A283859;EUROPEAN UNION 0% 2020/04.10.2020;EUR;LUXEMBOURG;921000;301;I;1000000,000;0,000;0,000;0,000;86,4750;86,4750;864750,0000;864750,00;0,000000;88,6720;88,6720;886720,0000;886720,00;886720,0000;886720,00;88,7360;2,541;0,000;2,541;1,756;100,000;1,085;-0,072;1,088;0,000;0,000;0,0000;0,00;;;;DEUR;N921000;T200;;098915      EUROPEAN UNION 0% 2020/04.10.2020;86,47500000;86,47500000;88,67200000;88,67200000;88,73600000;1000000,00000000;0,00000000;0,00000000;0,00000000;0,00000000;20251113
99;1I;48399;XS2610236528;COUNCIL OF EUROPE 2.875% 2024/13.04.2030;EUR;FRANCOFORT;974000;301;I;1000000,000;0,000;0,000;0,000;101,7660;101,7660;1017660,0000;1017660,00;0,000000;101,2250;101,2250;1012250,0000;1012250,00;1029106,1600;1029106,16;101,3980;-0,532;0,000;-0,532;2,037;84,291;1,239;-0,171;1,242;0,000;0,000;16856,1600;16856,16;;;;DEUR;N974000;T200;;098761      COUNCIL OF EUROPE 2.875% 2024/13.04.2030;101,76600000;101,76600000;101,22500000;101,22500000;101,39800000;1000000,00000000;0,00000000;0,00000000;0,00000000;0,00000000;20251113
99;1I;45313;XS2468525451;COUNCIL OF EUROPE 1% 2022/13.04.2029;EUR;STOCCARDA;974000;301;I;200000,000;0,000;0,000;0,000;94,1970;94,1970;188394,0000;188394,00;0,000000;95,3090;95,3090;190618,0000;190618,00;191790,6000;191790,60;95,4040;1,181;0,000;1,181;0,380;15,709;0,233;-0,100;0,234;0,000;0,000;1172,6000;1172,60;;;;DEUR;N974000;T200;;099767      COUNCIL OF EUROPE 1% 2022/13.04.2029;94,19700000;94,19700000;95,30900000;95,30900000;95,40400000;200000,00000000;0,00000000;0,00000000;0,00000000;0,00000000;20251113
99;1I;06036;AT0000937503;VOEST ALPINE AG;EUR;VIENNA;008000;201;I;4828,000;0,000;0,000;0,000;21,7357;21,7357;104940,4000;104940,40;0,000000;34,8000;34,8000;168014,4000;168014,40;168014,4000;168014,40;34,7800;60,105;0,000;60,105;0,333;1,377;0,206;0,058;0,206;0,000;0,000;0,0000;0,00;;;;DEUR;N008000;T300;;099794      VOEST ALPINE AG;21,73579121;21,73579121;34,80000000;34,80000000;34,78000000;4828,00000000;0,00000000;0,00000000;0,00000000;0,00000000;20251113
99;1I;08457;FI0009000681;NOKIA OYJ;EUR;HELSINKI;028000;201;I;22841,000;0,000;0,000;0,000;4,8882;4,8882;111652,2200;111652,22;0,000000;5,9780;5,9780;136543,5000;136543,50;136543,5000;136543,50;5,9920;22,294;0,000;22,294;0,270;100,000;0,167;-0,234;0,168;0,000;0,000;0,0000;0,00;;;;DEUR;N028000;T300;;099833      NOKIA OYJ;4,88823694;4,88823694;5,97800000;5,97800000;5,99200000;22841,00000000;0,00000000;0,00000000;0,00000000;0,00000000;20251113
99;1I;08436;FR0000120321;L'OREAL;EUR;PARIGI;029000;201;I;545,000;0,000;0,000;0,000;393,7187;393,7187;214576,7300;214576,73;0,000000;359,1000;359,1000;195709,5000;195709,50;195709,5000;195709,50;356,9000;-8,793;0,000;-8,793;0,387;3,107;0,240;0,616;0,240;0,000;0,000;0,0000;0,00;;;;DEUR;N029000;T300;;099760      L'OREAL;393,71877064;393,71877064;359,10000000;359,10000000;356,90000000;545,00000000;0,00000000;0,00000000;0,00000000;0,00000000;20251113
99;1I;14112;FR0010451203;REXEL SA;EUR;PARIGI;029000;201;I;2753,000;0,000;0,000;0,000;25,4292;25,4292;70006,7900;70006,79;0,000000;29,8700;29,8700;82232,1100;82232,11;82232,1100;82232,11;30,4800;17,463;0,000;17,463;0,163;1,306;0,101;-2,001;0,101;0,000;0,000;0,0000;0,00;;;;DEUR;N029000;T300;;099899      REXEL SA;25,42927352;25,42927352;29,87000000;29,87000000;30,48000000;2753,00000000;0,00000000;0,00000000;0,00000000;0,00000000;20251113
99;1I;06469;FR0010307819;LEGRAND PROMESSES;EUR;PARIGI;029000;201;I;577,000;0,000;0,000;0,000;131,5490;131,5490;75903,7800;75903,78;0,000000;130,8000;130,8000;75471,6000;75471,60;75471,6000;75471,60;133,6500;-0,569;0,000;-0,569;0,149;1,198;0,092;-2,132;0,093;0,000;0,000;0,0000;0,00;;;;DEUR;N029000;T300;;099908      LEGRAND PROMESSES;131,54901213;131,54901213;130,80000000;130,80000000;133,65000000;577,00000000;0,00000000;0,00000000;0,00000000;0,00000000;20251113
99;1I;14500;NL0010273215;ASML HLDG NV NEW;EUR;AMSTERDAM;050000;201;I;357,000;0,000;0,000;0,000;710,1374;710,1374;253519,0700;253519,07;0,000000;881,5000;881,5000;314695,5000;314695,50;314695,5000;314695,50;891,8000;24,131;0,000;24,131;0,623;14,524;0,385;-1,155;0,386;0,000;0,000;0,0000;0,00;;;;DEUR;N050000;T300;;099615      ASML HLDG NV NEW;710,13745098;710,13745098;881,50000000;881,50000000;891,80000000;357,00000000;0,00000000;0,00000000;0,00000000;0,00000000;20251113
99;1I;27009;NL0010801007;IMCD GROUP NV;EUR;AMSTERDAM;050000;201;I;2831,000;0,000;0,000;0,000;122,2026;122,2026;345955,6800;345955,68;0,000000;82,0800;82,0800;232368,4800;232368,48;232368,4800;232368,48;82,1400;-32,833;0,000;-32,833;0,460;10,724;0,284;-0,073;0,285;0,000;0,000;0,0000;0,00;;;;DEUR;N050000;T300;;099716      IMCD GROUP NV;122,20264217;122,20264217;82,08000000;82,08000000;82,14000000;2831,00000000;0,00000000;0,00000000;0,00000000;0,00000000;20251113
99;1I;35896;NL0013654783;PROSUS;EUR;AMSTERDAM;050000;201;I;2595,000;0,000;0,000;0,000;43,6674;43,6674;113316,9900;113316,99;0,000000;62,1800;62,1800;161357,1000;161357,10;161357,1000;161357,10;61,7200;42,394;0,000;42,394;0,319;7,447;0,197;0,745;0,198;0,000;0,000;0,0000;0,00;;;;DEUR;N050000;T300;;099803      PROSUS;43,66743352;43,66743352;62,18000000;62,18000000;61,72000000;2595,00000000;0,00000000;0,00000000;0,00000000;0,00000000;20251113
99;1I;01895;NL0000226223;STMICROELECTRONICS - MILANO;EUR;MILANO;050000;201;I;7195,000;0,000;0,000;0,000;24,4565;24,4565;175964,5200;175964,52;0,000000;20,6400;20,6400;148504,8000;148504,80;148504,8000;148504,80;20,6750;-15,605;0,000;-15,605;0,294;6,854;0,182;-0,169;0,182;0,000;0,000;0,0000;0,00;;;;DEUR;N050000;T300;;099818      STMICROELECTRONICS - MILANO;24,45650034;24,45650034;20,64000000;20,64000000;20,67500000;7195,00000000;0,00000000;0,00000000;0,00000000;0,00000000;20251113
99;1I;48620;NL0015001KT6;BREMBO N.V.;EUR;MILANO;050000;201;I;5483,000;0,000;0,000;0,000;8,8782;8,8782;48679,2600;48679,26;0,000000;9,6400;9,6400;52856,1200;52856,12;52856,1200;52856,12;9,7350;8,580;0,000;8,580;0,105;2,439;0,065;-0,976;0,065;0,000;0,000;0,0000;0,00;;;;DEUR;N050000;T300;;099935      BREMBO N.V.;8,87821630;8,87821630;9,64000000;9,64000000;9,73500000;5483,00000000;0,00000000;0,00000000;0,00000000;0,00000000;20251113
99;1I;02400;PTEDP0AM0009;ENERGIAS DE PORTUGAL SA;EUR;LISBONA;055000;201;I;4804,000;0,000;0,000;0,000;3,2353;3,2353;15542,5900;15542,59;0,000000;3,8300;3,8300;18399,3200;18399,32;18399,3200;18399,32;3,8260;18,380;0,000;18,380;0,036;1,799;0,023;0,105;0,023;0,000;0,000;0,0000;0,00;;;;DEUR;N055000;T300;;099977      ENERGIAS DE PORTUGAL SA;3,23534346;3,23534346;3,83000000;3,83000000;3,82600000;4804,00000000;0,00000000;0,00000000;0,00000000;0,00000000;20251113
99;1I;09439;ES0127797019;EDP RENOVAVEIS SA;EUR;LISBONA;067000;201;I;15512,000;0,000;0,000;0,000;9,7375;9,7375;151049,2600;151049,26;0,000000;11,6500;11,6500;180714,8000;180714,80;180714,8000;180714,80;11,8000;19,640;0,000;19,640;0,358;6,622;0,221;-1,271;0,222;0,000;0,000;0,0000;0,00;;;;DEUR;N067000;T300;;099779      EDP RENOVAVEIS SA;9,73757478;9,73757478;11,65000000;11,65000000;11,80000000;15512,00000000;0,00000000;0,00000000;0,00000000;0,00000000;20251113
99;1I;23311;ES0105025003;MERLIN PROPERTIES SOCIMI SA;EUR;MADRID;067000;201;I;3705,000;0,000;0,000;0,000;10,4582;10,4582;38747,7300;38747,73;0,000000;13,3400;13,3400;49424,7000;49424,70;49424,7000;49424,70;13,3600;27,555;0,000;27,555;0,098;1,811;0,060;-0,150;0,061;0,000;0,000;0,0000;0,00;;;;DEUR;N067000;T300;;099940      MERLIN PROPERTIES SOCIMI SA;10,45822672;10,45822672;13,34000000;13,34000000;13,36000000;3705,00000000;0,00000000;0,00000000;0,00000000;0,00000000;20251113
99;1I;46596;CH1216478797;DSM-FIRMENICH AG;EUR;AMSTERDAM;071000;201;I;7067,000;0,000;0,000;0,000;91,7364;91,7364;648301,5700;648301,57;0,000000;73,1600;73,1600;517021,7200;517021,72;517021,7200;517021,72;73,7000;-20,250;0,000;-20,250;1,024;100,000;0,633;-0,733;0,634;0,000;0,000;0,0000;0,00;;;;DEUR;N071000;T300;;099367      DSM-FIRMENICH AG;91,73646101;91,73646101;73,16000000;73,16000000;73,70000000;7067,00000000;0,00000000;0,00000000;0,00000000;0,00000000;20251113
99;1I;02206;DE0005200000;BEIERSDORF AG;EUR;NEUERMKT;094000;201;I;1971,000;0,000;0,000;0,000;118,7446;118,7446;234045,7200;234045,72;0,000000;92,0800;92,0800;181489,6800;181489,68;181489,6800;181489,68;93,6400;-22,455;0,000;-22,455;0,359;1,411;0,222;-1,666;0,223;0,000;0,000;0,0000;0,00;;;;DEUR;N094000;T300;;099778      BEIERSDORF AG;118,74465753;118,74465753;92,08000000;92,08000000;93,64000000;1971,00000000;0,00000000;0,00000000;0,00000000;0,00000000;20251113
99;1I;08512;DE0007164600;SAP SE;EUR;NEUERMKT;094000;201;I;738,000;0,000;0,000;0,000;244,3468;244,3468;180327,9900;180327,99;0,000000;218,1000;218,1000;160957,8000;160957,80;160957,8000;160957,80;218,4000;-10,742;0,000;-10,742;0,319;1,252;0,197;-0,137;0,197;0,000;0,000;0,0000;0,00;;;;DEUR;N094000;T300;;099803      SAP SE;244,34686991;244,34686991;218,10000000;218,10000000;218,40000000;738,00000000;0,00000000;0,00000000;0,00000000;0,00000000;20251113
99;1I;33682;DE000KBX1006;KNORR-BREMSE AG;EUR;NEUERMKT;094000;201;I;1868,000;0,000;0,000;0,000;83,0274;83,0274;155095,2000;155095,20;0,000000;84,7000;84,7000;158219,6000;158219,60;158219,6000;158219,60;86,3500;2,015;0,000;2,015;0,313;1,230;0,194;-1,911;0,194;0,000;0,000;0,0000;0,00;;;;DEUR;N094000;T300;;099806      KNORR-BREMSE AG;83,02740899;83,02740899;84,70000000;84,70000000;86,35000000;1868,00000000;0,00000000;0,00000000;0,00000000;0,00000000;20251113
99;1I;24199;DE000ZAL1111;ZALANDO-ORD SHS;EUR;NEUERMKT;094000;201;I;6188,000;0,000;0,000;0,000;27,5996;27,5996;170786,7200;170786,72;0,000000;23,7200;23,7200;146779,3600;146779,36;146779,3600;146779,36;23,5500;-14,057;0,000;-14,057;0,291;1,141;0,180;0,722;0,180;0,000;0,000;0,0000;0,00;;;;DEUR;N094000;T300;;099820      ZALANDO-ORD SHS;27,59966386;27,59966386;23,72000000;23,72000000;23,55000000;6188,00000000;0,00000000;0,00000000;0,00000000;0,00000000;20251113
99;1I;19412;DE000A1ML7J1;VONOVIA SE;EUR;NEUERMKT;094000;201;I;4961,000;0,000;0,000;0,000;27,3069;27,3069;135469,6600;135469,66;0,000000;26,2900;26,2900;130424,6900;130424,69;130424,6900;130424,69;26,0600;-3,724;0,000;-3,724;0,258;1,014;0,160;0,883;0,160;0,000;0,000;0,0000;0,00;;;;DEUR;N094000;T300;;099840      VONOVIA SE;27,30692602;27,30692602;26,29000000;26,29000000;26,06000000;4961,00000000;0,00000000;0,00000000;0,00000000;0,00000000;20251113
99;1I;08529;DE0005557508;DEUTSCHE TELEKOM - NOMINATIVE;EUR;NEUERMKT;094000;201;I;4377,000;0,000;0,000;0,000;31,5728;31,5728;138194,4200;138194,42;0,000000;27,2700;27,2700;119360,7900;119360,79;119360,7900;119360,79;27,3100;-13,628;0,000;-13,628;0,236;0,928;0,146;-0,146;0,146;0,000;0,000;0,0000;0,00;;;;DEUR;N094000;T300;;099854      DEUTSCHE TELEKOM - NOMINATIVE;31,57286269;31,57286269;27,27000000;27,27000000;27,31000000;4377,00000000;0,00000000;0,00000000;0,00000000;0,00000000;20251113
99;1I;12154;DE000KSAG888;K+S AG NEW;EUR;NEUERMKT;094000;201;I;2883,000;0,000;0,000;0,000;11,2189;11,2189;32344,3100;32344,31;0,000000;11,8300;11,8300;34105,8900;34105,89;34105,8900;34105,89;11,5900;5,446;0,000;5,446;0,068;0,265;0,042;2,071;0,042;0,000;0,000;0,0000;0,00;;;;DEUR;N094000;T300;;099958      K+S AG NEW;11,21897676;11,21897676;11,83000000;11,83000000;11,59000000;2883,00000000;0,00000000;0,00000000;0,00000000;0,00000000;20251113
99;1I;07217;DE000SYM9999;SYMRISE AG;EUR;NEUERMKT;094000;201;I;216,000;0,000;0,000;0,000;98,0604;98,0604;21181,0600;21181,06;0,000000;73,3800;73,3800;15850,0800;15850,08;15850,0800;15850,08;73,5200;-25,169;0,000;-25,169;0,031;0,123;0,019;-0,190;0,019;0,000;0,000;0,0000;0,00;;;;DEUR;N094000;T300;;099981      SYMRISE AG;98,06046296;98,06046296;73,38000000;73,38000000;73,52000000;216,00000000;0,00000000;0,00000000;0,00000000;0,00000000;20251113
99;1I;03565;IT0003497168;TELECOM ITALIA SPA ORD.;EUR;MILANO;086000;201;I;735073,000;0,000;0,000;0,000;0,2885;0,2885;212115,5800;212115,58;0,000000;0,4958;0,4958;364449,1900;364449,19;364449,1900;364449,19;0,4950;71,816;0,000;71,816;0,722;4,377;0,446;0,162;0,447;0,000;0,000;0,0000;0,00;;;;DEUR;N111111;T300;;099554      TELECOM ITALIA SPA ORD.;0,28856396;0,28856396;0,49580000;0,49580000;0,49500000;735073,00000000;0,00000000;0,00000000;0,00000000;0,00000000;20251113
99;1I;17410;IT0004965148;MONCLER SPA;EUR;MILANO;086000;201;I;5298,000;0,000;0,000;0,000;53,0806;53,0806;281221,1400;281221,14;0,000000;58,1000;58,1000;307813,8000;307813,80;307813,8000;307813,80;58,4600;9,456;0,000;9,456;0,609;3,697;0,377;-0,616;0,378;0,000;0,000;0,0000;0,00;;;;DEUR;N111111;T300;;099623      MONCLER SPA;53,08062287;53,08062287;58,10000000;58,10000000;58,46000000;5298,00000000;0,00000000;0,00000000;0,00000000;0,00000000;20251113
99;1I;08544;IT0001157020;ERG ORD.;EUR;MILANO;086000;201;I;5855,000;0,000;0,000;0,000;19,3965;19,3965;113566,6400;113566,64;0,000000;22,2000;22,2000;129981,0000;129981,00;129981,0000;129981,00;22,6600;14,454;0,000;14,454;0,257;1,561;0,159;-2,030;0,159;0,000;0,000;0,0000;0,00;;;;DEUR;N111111;T300;;099841      ERG ORD.;19,39652263;19,39652263;22,20000000;22,20000000;22,66000000;5855,00000000;0,00000000;0,00000000;0,00000000;0,00000000;20251113
99;1I;08531;IT0001078911;INTERPUMP GROUP;EUR;MILANO;086000;201;I;1694,000;0,000;0,000;0,000;38,5664;38,5664;65331,5900;65331,59;0,000000;43,4000;43,4000;73519,6000;73519,60;73519,6000;73519,60;43,8400;12,533;0,000;12,533;0,146;0,883;0,090;-1,004;0,090;0,000;0,000;0,0000;0,00;;;;DEUR;N111111;T300;;099910      INTERPUMP GROUP;38,56646399;38,56646399;43,40000000;43,40000000;43,84000000;1694,00000000;0,00000000;0,00000000;0,00000000;0,00000000;20251113
99;1I;07862;IT0003492391;DIASORIN;EUR;MILANO;086000;201;I;542,000;0,000;0,000;0,000;95,3772;95,3772;51694,4500;51694,45;0,000000;60,1800;60,1800;32617,5600;32617,56;32617,5600;32617,56;60,5000;-36,903;0,000;-36,903;0,065;0,392;0,040;-0,529;0,040;0,000;0,000;0,0000;0,00;;;;DEUR;N111111;T300;;099960      DIASORIN;95,37721402;95,37721402;60,18000000;60,18000000;60,50000000;542,00000000;0,00000000;0,00000000;0,00000000;0,00000000;20251113
99;1I;04321;IT0003242622;TERNA SPA;EUR;MILANO;086000;201;I;3077,000;0,000;0,000;0,000;7,8104;7,8104;24032,8600;24032,86;0,000000;8,9000;8,9000;27385,3000;27385,30;27385,3000;27385,30;9,0140;13,949;0,000;13,949;0,054;0,329;0,034;-1,265;0,034;0,000;0,000;0,0000;0,00;;;;DEUR;N111111;T300;;099966      TERNA SPA;7,81048423;7,81048423;8,90000000;8,90000000;9,01400000;3077,00000000;0,00000000;0,00000000;0,00000000;0,00000000;20251113
99;1I;03436;IT0001250932;HERA SPA;EUR;MILANO;086000;201;I;4657,000;0,000;0,000;0,000;3,5600;3,5600;16579,1700;16579,17;0,000000;4,0520;4,0520;18870,1600;18870,16;18870,1600;18870,16;3,9420;13,818;0,000;13,818;0,037;0,227;0,023;2,790;0,023;0,000;0,000;0,0000;0,00;;;;DEUR;N111111;T300;;099977      HERA SPA;3,56005368;3,56005368;4,05200000;4,05200000;3,94200000;4657,00000000;0,00000000;0,00000000;0,00000000;0,00000000;20251113
99;1I;23184;IT0005090300;INFRASTRUTTURE WIRELESS ITAL;EUR;MILANO;086000;201;I;2184,000;0,000;0,000;0,000;9,8047;9,8047;21413,4800;21413,48;0,000000;7,9400;7,9400;17340,9600;17340,96;17340,9600;17340,96;8,0100;-19,018;0,000;-19,018;0,034;0,208;0,021;-0,874;0,021;0,000;0,000;0,0000;0,00;;;;DEUR;N111111;T300;;099979      INFRASTRUTTURE WIRELESS ITAL;9,80470696;9,80470696;7,94000000;7,94000000;8,01000000;2184,00000000;0,00000000;0,00000000;0,00000000;0,00000000;20251113
99;1I;34530;IT0005366767;NEXI SPA;EUR;MILANO;086000;201;I;3385,000;0,000;0,000;0,000;5,1404;5,1404;17400,4000;17400,40;0,000000;4,1220;4,1220;13952,9700;13952,97;13952,9700;13952,97;4,1760;-19,812;0,000;-19,812;0,028;0,168;0,017;-1,293;0,017;0,000;0,000;0,0000;0,00;;;;DEUR;N111111;T300;;099983      NEXI SPA;5,14044313;5,14044313;4,12200000;4,12200000;4,17600000;3385,00000000;0,00000000;0,00000000;0,00000000;0,00000000;20251113
99;1O;38515;XS2044910466;PEARSON FNDG 3.75% 2020/04.06.2030;GBP;DUBLINO;111111;301;O;800000,000;0,000;0,000;0,000;93,4780;113,0326;747824,0000;904261,19;0,827000;96,2530;109,1056;770024,0000;872845,16;783339,0710;887938,19;96,4110;2,969;6,675;-3,474;36,167;3,429;1,068;-0,164;1,071;0,000;0,000;13315,0710;15093,03;;;;DGBP;N031000;T200;;098932      PEARSON FNDG 3.75% 2020/04.06.2030;93,47800000;113,03264880;96,25300000;109,10564497;96,41100000;800000,00000000;0,00000000;0,00000000;0,00000000;0,00000000;20251113
99;1O;46848;USP3772WAK82;BANCO DO BRASIL (CAY)4.875%.23/11.01.29;USD;FIPS;111111;301;O;800000,000;0,000;0,000;0,000;95,0460;91,7786;760368,0000;734229,43;1,035600;99,3420;85,3380;794736,0000;682704,24;807952,6670;694057,79;99,3670;4,520;12,408;-7,018;3,333;2,680;0,836;-0,025;0,838;0,000;0,000;13216,6670;11353,55;;;;DUSD;N211000;T200;;099164      BANCO DO BRASIL (CAY)4.875%.23/11.01.29;95,04600000;91,77867880;99,34200000;85,33802937;99,36700000;800000,00000000;0,00000000;0,00000000;0,00000000;0,00000000;20251113
99;1O;03510;CA1363751027;CANADIAN NATIONAL RAILWAY CAD;CAD;TORONTO;111111;201;O;2726,000;0,000;0,000;0,000;142,1793;93,6509;387580,8300;255292,37;1,518184;135,4800;83,0605;369318,4800;226422,95;369318,4800;226422,95;137,1100;-4,712;7,438;-11,308;97,520;0,874;0,277;-1,189;0,278;0,000;0,000;0,0000;0,00;;;;DCAD;N013000;T300;;099723      CANADIAN NATIONAL RAILWAY CAD;142,17932135;93,65090609;135,48000000;83,06051131;137,11000000;2726,00000000;0,00000000;0,00000000;0,00000000;0,00000000;20251113
99;1O;31128;CA67077M1086;NUTRIEN-ORD SHS USD;USD;NEW YORK;111111;201;O;3183,000;0,000;0,000;0,000;47,9285;44,7473;152556,4500;142430,66;1,071093;58,8700;50,5712;187383,2100;160968,31;187383,2100;160968,31;60,1300;22,829;8,683;13,015;0,773;0,622;0,197;-2,095;0,198;0,000;0,000;0,0000;0,00;;;;DUSD;N013000;T300;;099803      NUTRIEN-ORD SHS USD;47,92851083;44,74730128;58,87000000;50,57125676;60,13000000;3183,00000000;0,00000000;0,00000000;0,00000000;0,00000000;20251113
99;1O;10636;DK0060079531;DSV A/S;DKK;COPENHAGEN;111111;201;O;1022,000;0,000;0,000;0,000;1419,9116;190,1405;1451149,7170;194323,64;7,467695;1446,5000;193,7086;1478323,0000;197970,24;1478323,0000;197970,24;1477,0000;1,873;-0,004;1,877;12,492;0,765;0,242;-2,065;0,243;0,000;0,000;0,0000;0,00;;;;DDKK;N021000;T300;;099758      DSV A/S;1419,91166047;190,14054794;1446,50000000;193,70865361;1477,00000000;1022,00000000;0,00000000;0,00000000;0,00000000;0,00000000;20251113
99;1O;47417;DK0062498333;NOVO NORDISK A/S-B;DKK;COPENHAGEN;111111;201;O;1904,000;0,000;0,000;0,000;594,0216;79,6445;1131017,3100;151643,25;7,458409;318,6500;42,6721;606709,6000;81247,77;606709,6000;81247,77;321,0500;-46,357;0,121;-46,422;5,127;0,314;0,099;-0,748;0,100;0,000;0,000;0,0000;0,00;;;;DDKK;N021000;T300;;099901      NOVO NORDISK A/S-B;594,02169642;79,64456407;318,65000000;42,67214827;321,05000000;1904,00000000;0,00000000;0,00000000;0,00000000;0,00000000;20251113
99;1O;01165;GB0009895292;ASTRAZENECA PLC. GBP;GBP;LONDRA;111111;201;O;2497,000;0,000;0,000;0,000;122,4992;141,0186;305880,5500;352123,62;0,868674;134,9400;152,9585;336945,1800;381937,41;336945,1800;381937,41;135,1800;10,156;1,557;8,467;15,557;1,475;0,467;-0,178;0,469;0,000;0,000;0,0000;0,00;;;;DGBP;N031000;T300;;099533      ASTRAZENECA PLC. GBP;122,49921906;141,01867040;134,94000000;152,95851280;135,18000000;2497,00000000;0,00000000;0,00000000;0,00000000;0,00000000;20251113
99;1O;29175;GB00BDR05C01;NATIONAL GRID PLC - ORD SHS;GBP;LONDRA;111111;201;O;12680,000;0,000;0,000;0,000;9,8257;11,7100;124590,3800;148482,82;0,839090;11,8200;13,3983;149877,6000;169890,73;149877,6000;169890,73;11,7700;20,296;5,138;14,418;6,920;0,656;0,208;0,425;0,208;0,000;0,000;0,0000;0,00;;;;DGBP;N031000;T300;;099792      NATIONAL GRID PLC - ORD SHS;9,82573974;11,71000157;11,82000000;13,39832237;11,77000000;12680,00000000;0,00000000;0,00000000;0,00000000;0,00000000;20251113
99;1O;44229;GB00BP92CJ43;TATE & LYLE PLC;GBP;LONDRA;111111;201;O;22066,000;0,000;0,000;0,000;5,3565;6,2657;118197,2950;138260,01;0,854891;3,8820;4,4003;85660,2120;97098,40;85660,2120;97098,40;3,9440;-27,528;3,194;-29,771;3,955;0,375;0,119;-1,572;0,119;0,000;0,000;0,0000;0,00;;;;DGBP;N031000;T300;;099881      TATE & LYLE PLC;5,35653471;6,26574866;3,88200000;4,40036272;3,94400000;22066,00000000;0,00000000;0,00000000;0,00000000;0,00000000;20251113
99;1O;34897;GB00BJFFLV09;CRODA INTL-ORD SHS;GBP;LONDRA;111111;201;O;2934,000;0,000;0,000;0,000;32,8302;39,5010;96323,8900;115895,97;0,831124;28,5600;32,3736;83795,0400;94984,18;83795,0400;94984,18;28,2300;-13,007;6,145;-18,044;3,869;0,367;0,116;1,169;0,117;0,000;0,000;0,0000;0,00;;;;DGBP;N031000;T300;;099884      CRODA INTL-ORD SHS;32,83022835;39,50101227;28,56000000;32,37361142;28,23000000;2934,00000000;0,00000000;0,00000000;0,00000000;0,00000000;20251113
99;1O;03729;GB0006825383;PERSIMMON PLC.;GBP;LONDRA;111111;201;O;6163,000;0,000;0,000;0,000;11,6503;13,8615;71801,1260;85428,63;0,840481;12,7400;14,4411;78516,6200;89000,93;78516,6200;89000,93;12,3300;9,353;4,964;4,182;3,625;0,344;0,109;3,325;0,109;0,000;0,000;0,0000;0,00;;;;DGBP;N031000;T300;;099891      PERSIMMON PLC.;11,65035307;13,86153334;12,74000000;14,44116980;12,33000000;6163,00000000;0,00000000;0,00000000;0,00000000;0,00000000;20251113
99;1O;09739;GB00B2B0DG97;REED ELSEVIER PLC A;GBP;LONDRA;111111;201;O;1201,000;0,000;0,000;0,000;38,2443;45,1510;45931,4970;54226,43;0,847032;31,4000;35,5928;37711,4000;42747,00;37711,4000;42747,00;31,3600;-17,896;4,152;-21,169;1,741;0,165;0,052;0,128;0,052;0,000;0,000;0,0000;0,00;;;;DGBP;N031000;T300;;099948      REED ELSEVIER PLC A;38,24437718;45,15106577;31,40000000;35,59283609;31,36000000;1201,00000000;0,00000000;0,00000000;0,00000000;0,00000000;20251113
99;1O;01504;GB0007908733;SSE PLC;GBP;LONDRA;111111;201;O;1234,000;0,000;0,000;0,000;16,3420;19,4085;20166,0920;23950,09;0,842005;22,6300;25,6517;27925,4200;31654,30;27925,4200;31654,30;23,0700;38,477;4,774;32,168;1,289;0,122;0,039;-1,907;0,039;0,000;0,000;0,0000;0,00;;;;DGBP;N031000;T300;;099961      SSE PLC;16,34205186;19,40850081;22,63000000;25,65177964;23,07000000;1234,00000000;0,00000000;0,00000000;0,00000000;0,00000000;20251113
99;1O;12368;IE0001827041;CRH PLC.- LONDRA GBP;GBP;LONDRA;111111;201;O;3332,000;0,000;0,000;0,000;72,8513;86,1920;242740,8290;287192,01;0,845221;84,7600;96,0779;282420,3200;320131,85;282420,3200;320131,85;86,6800;16,346;4,375;11,470;13,039;1,236;0,392;-2,215;0,393;0,000;0,000;0,0000;0,00;;;;DGBP;N040000;T300;;099608      CRH PLC.- LONDRA GBP;72,85138925;86,19207983;84,76000000;96,07798685;86,68000000;3332,00000000;0,00000000;0,00000000;0,00000000;0,00000000;20251113
99;1O;46296;IE000S9YS762;LINDE PLC NEW - USD;USD;OTC;111111;201;O;1080,000;0,000;0,000;0,000;429,4767;402,1689;463834,8800;434342,50;1,067901;428,6400;368,2157;462931,2000;397673,05;462931,2000;397673,05;428,9600;-0,195;9,008;-8,443;1,910;1,536;0,487;-0,075;0,488;0,000;0,000;0,0000;0,00;;;;DUSD;N040000;T300;;099513      LINDE PLC NEW - USD;429,47674074;402,16898148;428,64000000;368,21578902;428,96000000;1080,00000000;0,00000000;0,00000000;0,00000000;0,00000000;20251113
99;1O;19903;IE00BTN1Y115;MEDTRONIC PLC;USD;NEW YORK;111111;201;O;3058,000;0,000;0,000;0,000;82,2417;76,9862;251495,1300;235423,97;1,068265;96,1400;82,5874;293996,1200;252552,29;293996,1200;252552,29;95,8100;16,899;8,971;7,276;1,213;0,975;0,309;0,344;0,310;0,000;0,000;0,0000;0,00;;;;DUSD;N040000;T300;;099691      MEDTRONIC PLC;82,24170372;76,98625572;96,14000000;82,58740658;95,81000000;3058,00000000;0,00000000;0,00000000;0,00000000;0,00000000;20251113
99;1O;37185;IE00BK9ZQ967;TRANE TECH PLC;USD;NEW YORK;111111;201;O;550,000;0,000;0,000;0,000;376,6599;352,7002;207162,9800;193985,14;1,067932;414,8500;356,3697;228167,5000;196003,35;228167,5000;196003,35;421,7500;10,139;9,005;1,040;0,941;0,757;0,240;-1,636;0,240;0,000;0,000;0,0000;0,00;;;;DUSD;N040000;T300;;099760      TRANE TECH PLC;376,65996363;352,70025454;414,85000000;356,36972768;421,75000000;550,00000000;0,00000000;0,00000000;0,00000000;0,00000000;20251113
99;1O;00158;NO0005052605;NORSK HYDRO;NOK;OSLO;111111;201;O;8282,000;0,000;0,000;0,000;69,6128;5,9635;576533,3100;49390,48;11,672964;74,3800;6,3817;616015,1600;52853,70;616015,1600;52853,70;74,1600;6,848;-0,153;7,012;52,162;0,204;0,065;0,297;0,065;0,000;0,000;0,0000;0,00;;;;DNOK;N048000;T300;;099935      NORSK HYDRO;69,61281212;5,96359333;74,38000000;6,38175562;74,16000000;8282,00000000;0,00000000;0,00000000;0,00000000;0,00000000;20251113
99;1O;24521;NL0011585146;FERRARI NV - USD -;USD;NEW YORK;111111;201;O;227,000;0,000;0,000;0,000;428,7623;401,9394;97329,0500;91240,25;1,066734;417,8100;358,9124;94842,8700;81473,13;94842,8700;81473,13;419,5200;-2,554;9,127;-10,705;0,391;0,315;0,100;-0,408;0,100;0,000;0,000;0,0000;0,00;;;;DUSD;N050000;T300;;099900      FERRARI NV - USD -;428,76233480;401,93942731;417,81000000;358,91246456;419,52000000;227,00000000;0,00000000;0,00000000;0,00000000;0,00000000;20251113
99;1O;11203;NL0009538784;NXP SEMICONDUCTORS NV;USD;OTC;111111;201;O;308,000;0,000;0,000;0,000;204,8252;192,1940;63086,1700;59195,78;1,065721;201,2200;172,8545;61975,7600;53239,21;61975,7600;53239,21;204,0800;-1,760;9,231;-10,062;0,256;0,206;0,065;-1,401;0,065;0,000;0,000;0,0000;0,00;;;;DUSD;N050000;T300;;099935      NXP SEMICONDUCTORS NV;204,82522727;192,19409090;201,22000000;172,85456575;204,08000000;308,00000000;0,00000000;0,00000000;0,00000000;0,00000000;20251113
99;1O;44332;SE0017486889;ATLAS COPCO AB-A SHS;SEK;STOCCOLMA;111111;201;O;11674,000;0,000;0,000;0,000;160,0900;14,5296;1868891,7870;169619,21;11,018161;157,5000;14,4018;1838655,0000;168127,12;1838655,0000;168127,12;160,9500;-1,618;-0,745;-0,880;35,170;0,649;0,206;-2,144;0,206;0,000;0,000;0,0000;0,00;;;;DSEK;N068000;T300;;099794      ATLAS COPCO AB-A SHS;160,09009653;14,52965650;157,50000000;14,40184343;160,95000000;11674,00000000;0,00000000;0,00000000;0,00000000;0,00000000;20251113
99;1O;00418;SE0000108227;S.K.F. AB CL.B;SEK;STOCCOLMA;111111;201;O;5234,000;0,000;0,000;0,000;251,4097;22,8433;1315878,4900;119562,31;11,005797;240,0000;21,9456;1256160,0000;114863,62;1256160,0000;114863,62;237,3000;-4,538;-0,633;-3,930;24,028;0,444;0,141;1,138;0,141;0,000;0,000;0,0000;0,00;;;;DSEK;N068000;T300;;099859      S.K.F. AB CL.B;251,40972296;22,84339128;240,00000000;21,94566618;237,30000000;5234,00000000;0,00000000;0,00000000;0,00000000;0,00000000;20251113
99;1O;23094;SE0007100581;ASSA ABLOY AB-B;SEK;STOCCOLMA;111111;201;O;2494,000;0,000;0,000;0,000;332,8160;30,2692;830043,2700;75491,45;10,995196;356,5000;32,5984;889111,0000;81300,56;889111,0000;81300,56;361,8000;7,116;-0,537;7,695;17,007;0,314;0,100;-1,465;0,100;0,000;0,000;0,0000;0,00;;;;DSEK;N068000;T300;;099900      ASSA ABLOY AB-B;332,81606656;30,26922614;356,50000000;32,59845831;361,80000000;2494,00000000;0,00000000;0,00000000;0,00000000;0,00000000;20251113
99;1O;46938;SE0020050417;BOLIDEN AB;SEK;STOCCOLMA;111111;201;O;1916,000;0,000;0,000;0,000;312,8057;27,6787;599335,9000;53032,48;11,301299;434,7000;39,7490;832885,2000;76159,25;832885,2000;76159,25;437,3000;38,968;-3,231;43,609;15,932;0,294;0,093;-0,595;0,093;0,000;0,000;0,0000;0,00;;;;DSEK;N068000;T300;;099907      BOLIDEN AB;312,80579331;27,67874739;434,70000000;39,74908788;437,30000000;1916,00000000;0,00000000;0,00000000;0,00000000;0,00000000;20251113
99;1O;02738;US67066G1040;NVIDIA CORP.;USD;OTC;111111;201;O;23088,000;0,000;0,000;0,000;137,8002;129,3607;3181532,2990;2986681,64;1,065240;186,8600;160,5188;4314223,6800;3706059,34;4314223,6800;3706059,34;193,8000;35,602;9,281;24,086;17,799;14,313;4,536;-3,581;4,547;0,000;0,000;0,0000;0,00;;;;DUSD;N069000;T300;;095464      NVIDIA CORP.;137,80025550;129,36077789;186,86000000;160,51885576;193,80000000;23088,00000000;0,00000000;0,00000000;0,00000000;0,00000000;20251113
99;1O;14741;US00287Y1091;ABBVIE INC;USD;NEW YORK;111111;201;O;4501,000;0,000;0,000;0,000;183,4234;171,6090;825588,7800;772412,17;1,068845;232,2900;199,5447;1045537,2900;898150,75;1045537,2900;898150,75;233,2300;26,641;8,912;16,279;4,313;3,469;1,099;-0,403;1,102;0,000;0,000;0,0000;0,00;;;;DUSD;N069000;T300;;098901      ABBVIE INC;183,42341257;171,60901355;232,29000000;199,54471265;233,23000000;4501,00000000;0,00000000;0,00000000;0,00000000;0,00000000;20251113
99;1O;00448;US68389X1054;ORACLE CORP.;USD;OTC;111111;201;O;4253,000;0,000;0,000;0,000;179,6054;167,2854;763861,8460;711465,01;1,073646;217,5700;186,8997;925325,2100;794884,64;925325,2100;794884,64;226,9900;21,138;8,425;11,725;3,817;3,070;0,973;-4,150;0,975;0,000;0,000;0,0000;0,00;;;;DUSD;N069000;T300;;099027      ORACLE CORP.;179,60541876;167,28544791;217,57000000;186,89975088;226,99000000;4253,00000000;0,00000000;0,00000000;0,00000000;0,00000000;20251113
99;1O;00423;US0382221051;APPLIED MATERIALS INC.;USD;OTC;111111;201;O;3567,000;0,000;0,000;0,000;191,3994;171,8369;682721,6800;612942,33;1,113843;223,2300;191,7618;796261,4100;684014,61;796261,4100;684014,61;230,7300;16,630;4,512;11,595;3,285;2,642;0,837;-3,251;0,839;0,000;0,000;0,0000;0,00;;;;DUSD;N069000;T300;;099163      APPLIED MATERIALS INC.;191,39940566;171,83693019;223,23000000;191,76187612;230,73000000;3567,00000000;0,00000000;0,00000000;0,00000000;0,00000000;20251113
99;1O;00174;US7427181091;PROCTER & GAMBLE CO.;USD;NEW YORK;111111;201;O;4776,000;0,000;0,000;0,000;164,6932;155,8329;786574,9970;744258,37;1,056857;147,9600;127,1024;706656,9600;607041,46;706656,9600;607041,46;148,0100;-10,160;10,147;-18,437;2,915;2,344;0,743;-0,034;0,745;0,000;0,000;0,0000;0,00;;;;DUSD;N069000;T300;;099257      PROCTER & GAMBLE CO.;164,69325732;155,83299204;147,96000000;127,10248260;148,01000000;4776,00000000;0,00000000;0,00000000;0,00000000;0,00000000;20251113
99;1O;00095;US4370761029;HOME DEPOT INC.;USD;NEW YORK;111111;201;O;1831,000;0,000;0,000;0,000;383,9043;358,3338;702928,8800;656109,22;1,071360;368,0700;316,1841;673936,1700;578933,23;673936,1700;578933,23;371,1300;-4,125;8,656;-11,763;2,780;2,236;0,709;-0,825;0,710;0,000;0,000;0,0000;0,00;;;;DUSD;N069000;T300;;099291      HOME DEPOT INC.;383,90435827;358,33381758;368,07000000;316,18417661;371,13000000;1831,00000000;0,00000000;0,00000000;0,00000000;0,00000000;20251113
99;1O;00035;US1011371077;BOSTON SCIENTIFIC CORP.;USD;NEW YORK;111111;201;O;5684,000;0,000;0,000;0,000;92,7074;86,7401;526948,9700;493031,22;1,068794;104,9800;90,1812;596706,3200;512590,26;596706,3200;512590,26;104,1300;13,238;8,917;3,967;2,462;1,980;0,627;0,816;0,629;0,000;0,000;0,0000;0,00;;;;DUSD;N069000;T300;;099373      BOSTON SCIENTIFIC CORP.;92,70741907;86,74018648;104,98000000;90,18125590;104,13000000;5684,00000000;0,00000000;0,00000000;0,00000000;0,00000000;20251113
99;1O;00261;US5486611073;LOWE'S COMPANIES INC.;USD;NEW YORK;111111;201;O;2440,000;0,000;0,000;0,000;242,3956;227,5599;591445,3990;555246,21;1,065195;231,4700;198,8403;564786,8000;485170,35;564786,8000;485170,35;234,7000;-4,507;9,285;-12,621;2,330;1,874;0,594;-1,376;0,595;0,000;0,000;0,0000;0,00;;;;DUSD;N069000;T300;;099406      LOWE'S COMPANIES INC.;242,39565532;227,55992213;231,47000000;198,84030581;234,70000000;2440,00000000;0,00000000;0,00000000;0,00000000;0,00000000;20251113
99;1O;17264;US81762P1021;SERVICENOW INC;USD;NEW YORK;111111;201;O;651,000;0,000;0,000;0,000;989,4179;895,0324;644111,0730;582666,12;1,105455;849,6900;729,9115;553148,1900;475172,40;553148,1900;475172,40;864,0400;-14,122;5,305;-18,449;2,282;1,835;0,582;-1,661;0,583;0,000;0,000;0,0000;0,00;;;;DUSD;N069000;T300;;099418      SERVICENOW INC;989,41793087;895,03244239;849,69000000;729,91151962;864,04000000;651,00000000;0,00000000;0,00000000;0,00000000;0,00000000;20251113
99;1O;04319;US79466L3024;SALESFORCE COM INC.;USD;NEW YORK;111111;201;O;2207,000;0,000;0,000;0,000;309,2663;291,6191;682550,8300;643603,50;1,060514;240,4300;206,5372;530629,0100;455827,69;530629,0100;455827,69;246,0200;-22,258;9,768;-29,176;2,189;1,760;0,558;-2,272;0,559;0,000;0,000;0,0000;0,00;;;;DUSD;N069000;T300;;099442      SALESFORCE COM INC.;309,26634798;291,61916628;240,43000000;206,53723906;246,02000000;2207,00000000;0,00000000;0,00000000;0,00000000;0,00000000;20251113
99;1O;00263;US17275R1023;CISCO SYSTEM INC.;USD;OTC;111111;201;O;6635,000;0,000;0,000;0,000;60,4418;56,5927;401031,9450;375493,10;1,068014;77,3800;66,4719;513416,3000;441041,41;513416,3000;441041,41;73,9600;28,024;8,997;17,457;2,118;1,703;0,540;4,624;0,541;0,000;0,000;0,0000;0,00;;;;DUSD;N069000;T300;;099460      CISCO SYSTEM INC.;60,44189073;56,59278070;77,38000000;66,47195258;73,96000000;6635,00000000;0,00000000;0,00000000;0,00000000;0,00000000;20251113
99;1O;01191;US4612021034;INTUIT INC.;USD;OTC;111111;201;O;738,000;0,000;0,000;0,000;639,8228;599,2638;472189,2300;442256,70;1,067681;650,1100;558,4657;479781,1800;412147,74;479781,1800;412147,74;659,3000;1,608;9,031;-6,808;1,979;1,592;0,504;-1,394;0,506;0,000;0,000;0,0000;0,00;;;;DUSD;N069000;T300;;099496      INTUIT INC.;639,82280487;599,26382113;650,11000000;558,46576754;659,30000000;738,00000000;0,00000000;0,00000000;0,00000000;0,00000000;20251113
99;1O;00017;US0311621009;AMGEN INC;USD;OTC;111111;201;O;1358,000;0,000;0,000;0,000;268,3783;251,2986;364457,8300;341263,52;1,067966;336,0000;288,6349;456288,0000;391966,33;456288,0000;391966,33;336,2800;25,196;9,002;14,857;1,882;1,514;0,480;-0,083;0,481;0,000;0,000;0,0000;0,00;;;;DUSD;N069000;T300;;099520      AMGEN INC;268,37837260;251,29861561;336,00000000;288,63499699;336,28000000;1358,00000000;0,00000000;0,00000000;0,00000000;0,00000000;20251113
99;1O;00426;US5951121038;MICRON TECHNOLOGY INC.;USD;OTC;111111;201;O;1888,000;0,000;0,000;0,000;99,5378;91,7317;187927,5500;173189,54;1,085098;236,9500;203,5478;447361,6000;384298,26;447361,6000;384298,26;244,9000;138,050;7,281;121,895;1,846;1,484;0,470;-3,246;0,472;0,000;0,000;0,0000;0,00;;;;DUSD;N069000;T300;;099530      MICRON TECHNOLOGY INC.;99,53789724;91,73174788;236,95000000;203,54780517;244,90000000;1888,00000000;0,00000000;0,00000000;0,00000000;0,00000000;20251113
99;1O;00222;US8825081040;TEXAS INSTRUMENTS INC.;USD;OTC;111111;201;O;2577,000;0,000;0,000;0,000;182,5480;171,3797;470426,3750;441645,67;1,065167;162,2300;139,3608;418066,7100;359132,99;418066,7100;359132,99;163,0900;-11,130;9,288;-18,683;1,725;1,387;0,440;-0,527;0,441;0,000;0,000;0,0000;0,00;;;;DUSD;N069000;T300;;099560      TEXAS INSTRUMENTS INC.;182,54806946;171,37977105;162,23000000;139,36087964;163,09000000;2577,00000000;0,00000000;0,00000000;0,00000000;0,00000000;20251113
99;1O;00103;US4581401001;INTEL CORP.;USD;OTC;111111;201;O;11441,000;0,000;0,000;0,000;21,2519;19,8403;243143,1520;226993,12;1,071148;35,9100;30,8478;410846,3100;352930,43;410846,3100;352930,43;37,8900;68,973;8,678;55,481;1,695;1,363;0,432;-5,226;0,433;0,000;0,000;0,0000;0,00;;;;DUSD;N069000;T300;;099568      INTEL CORP.;21,25191434;19,84032165;35,91000000;30,84786530;37,89000000;11441,00000000;0,00000000;0,00000000;0,00000000;0,00000000;20251113
99;1O;00007;US0028241000;ABBOTT LABORATORIES CORP.;USD;NEW YORK;111111;201;O;3152,000;0,000;0,000;0,000;117,8855;110,2976;371575,3650;347658,15;1,068795;129,2600;111,0385;407427,5200;349993,57;407427,5200;349993,57;128,8200;9,649;8,917;0,672;1,681;1,352;0,428;0,342;0,429;0,000;0,000;0,0000;0,00;;;;DUSD;N069000;T300;;099572      ABBOTT LABORATORIES CORP.;117,88558534;110,29763642;129,26000000;111,03857056;128,82000000;3152,00000000;0,00000000;0,00000000;0,00000000;0,00000000;20251113
99;1O;11964;US74340W1036;PROLOGIS INC;USD;NEW YORK;111111;201;O;3073,000;0,000;0,000;0,000;105,9811;99,3384;325680,0000;305267,08;1,066869;124,0000;106,5200;381052,0000;327336,14;381052,0000;327336,14;124,8400;17,002;9,114;7,229;1,572;1,264;0,401;-0,673;0,402;0,000;0,000;0,0000;0,00;;;;DUSD;N069000;T300;;099599      PROLOGIS INC;105,98112593;99,33845753;124,00000000;106,52005841;124,84000000;3073,00000000;0,00000000;0,00000000;0,00000000;0,00000000;20251113
99;1O;00060;US2358511028;DANAHER CORP.;USD;NEW YORK;111111;201;O;1655,000;0,000;0,000;0,000;218,3793;205,4712;361417,8000;340054,99;1,062822;221,2000;190,0180;366086,0000;314479,86;366086,0000;314479,86;219,4000;1,292;9,529;-7,521;1,510;1,214;0,385;0,820;0,386;0,000;0,000;0,0000;0,00;;;;DUSD;N069000;T300;;099615      DANAHER CORP.;218,37933534;205,47129305;221,20000000;190,01803968;219,40000000;1655,00000000;0,00000000;0,00000000;0,00000000;0,00000000;20251113
99;1O;00481;US7475251036;QUALCOMM INC.;USD;OTC;111111;201;O;2034,000;0,000;0,000;0,000;169,4923;144,0696;344747,4290;293037,61;1,176461;174,5000;149,9012;354933,0000;304899,06;354933,0000;304899,06;176,6700;2,955;-1,051;4,048;1,464;1,177;0,373;-1,228;0,374;0,000;0,000;0,0000;0,00;;;;DUSD;N069000;T300;;099627      QUALCOMM INC.;169,49234464;144,06962143;174,50000000;149,90121123;176,67000000;2034,00000000;0,00000000;0,00000000;0,00000000;0,00000000;20251113
99;1O;10451;US58933Y1055;MERCK E CO INC;USD;NEW YORK;111111;201;O;3710,000;0,000;0,000;0,000;85,0656;73,3463;315593,4200;272114,82;1,159780;92,9300;79,8299;344770,3000;296168,97;344770,3000;296168,97;91,4500;9,245;0,372;8,840;1,422;1,144;0,362;1,618;0,363;0,000;0,000;0,0000;0,00;;;;DUSD;N069000;T300;;099638      MERCK E CO INC;85,06561186;73,34631266;92,93000000;79,82991151;91,45000000;3710,00000000;0,00000000;0,00000000;0,00000000;0,00000000;20251113
99;1O;00180;US7739031091;ROCKWELL AUTOMATION INC.;USD;NEW YORK;111111;201;O;895,000;0,000;0,000;0,000;291,0810;272,4090;260517,5500;243806,14;1,068544;379,6900;326,1661;339822,5500;291918,69;339822,5500;291918,69;394,5400;30,441;8,943;19,734;1,402;1,127;0,357;-3,764;0,358;0,000;0,000;0,0000;0,00;;;;DUSD;N069000;T300;;099643      ROCKWELL AUTOMATION INC.;291,08106145;272,40909497;379,69000000;326,16613692;394,54000000;895,00000000;0,00000000;0,00000000;0,00000000;0,00000000;20251113
99;1O;02840;US8636671013;STRYKER CORP.;USD;NEW YORK;111111;201;O;870,000;0,000;0,000;0,000;363,2890;340,5282;316061,4500;296259,60;1,066840;373,4200;320,7800;324875,4000;279078,60;324875,4000;279078,60;367,3400;2,789;9,117;-5,799;1,340;1,078;0,342;1,655;0,342;0,000;0,000;0,0000;0,00;;;;DUSD;N069000;T300;;099658      STRYKER CORP.;363,28902298;340,52827586;373,42000000;320,78000171;367,34000000;870,00000000;0,00000000;0,00000000;0,00000000;0,00000000;20251113
99;1O;00575;US0527691069;AUTODESK INC.;USD;OTC;111111;201;O;1090,000;0,000;0,000;0,000;293,4748;275,2625;319887,6000;300036,13;1,066164;297,1700;255,2787;323915,3000;278253,84;323915,3000;278253,84;301,7400;1,259;9,186;-7,260;1,336;1,075;0,341;-1,515;0,341;0,000;0,000;0,0000;0,00;;;;DUSD;N069000;T300;;099659      AUTODESK INC.;293,47486238;275,26250458;297,17000000;255,27875612;301,74000000;1090,00000000;0,00000000;0,00000000;0,00000000;0,00000000;20251113
99;1O;02996;US1729081059;CINTAS CORP.;USD;OTC;111111;201;O;1414,000;0,000;0,000;0,000;190,0478;177,8392;268727,6100;251464,66;1,068650;187,9100;161,4208;265704,7400;228249,07;265704,7400;228249,07;185,2800;-1,125;8,932;-9,232;1,096;0,881;0,279;1,419;0,280;0,000;0,000;0,0000;0,00;;;;DUSD;N069000;T300;;099721      CINTAS CORP.;190,04781471;177,83922206;187,91000000;161,42084013;185,28000000;1414,00000000;0,00000000;0,00000000;0,00000000;0,00000000;20251113
99;1O;19628;US0367521038;ELEVANCE HEALTH INC;USD;NEW YORK;111111;201;O;791,000;0,000;0,000;0,000;367,1584;344,8851;290422,3000;272804,17;1,064582;328,2800;282,0032;259669,4800;223064,58;259669,4800;223064,58;327,6300;-10,589;9,348;-18,233;1,071;0,861;0,273;0,198;0,274;0,000;0,000;0,0000;0,00;;;;DUSD;N069000;T300;;099727      ELEVANCE HEALTH INC;367,15840708;344,88517067;328,28000000;282,00326432;327,63000000;791,00000000;0,00000000;0,00000000;0,00000000;0,00000000;20251113
99;1O;33729;US58733R1023;MERCADOLIBRE INC;USD;OTC;111111;201;O;126,000;0,000;0,000;0,000;1856,8272;1731,9550;233960,2300;218226,33;1,072099;2031,0500;1744,7384;255912,3000;219837,04;255912,3000;219837,04;2103,9100;9,383;8,581;0,738;1,056;0,849;0,269;-3,463;0,270;0,000;0,000;0,0000;0,00;;;;DUSD;N069000;T300;;099731      MERCADOLIBRE INC;1856,82722222;1731,95500000;2031,05000000;1744,73842453;2103,91000000;126,00000000;0,00000000;0,00000000;0,00000000;0,00000000;20251113
99;1O;00897;US94106L1098;WASTE MANAGEMENT INC.;USD;NEW YORK;111111;201;O;1206,000;0,000;0,000;0,000;208,6705;195,3746;251656,6300;235621,81;1,068053;204,5100;175,6807;246639,0600;211871,02;246639,0600;211871,02;203,8000;-1,994;8,993;-10,080;1,018;0,818;0,259;0,348;0,260;0,000;0,000;0,0000;0,00;;;;DUSD;N069000;T300;;099741      WASTE MANAGEMENT INC.;208,67050580;195,37463515;204,51000000;175,68078343;203,80000000;1206,00000000;0,00000000;0,00000000;0,00000000;0,00000000;20251113
99;1O;12344;US98419M1009;XYLEM INC;USD;NEW YORK;111111;201;O;1605,000;0,000;0,000;0,000;119,9473;112,1857;192515,4500;180058,13;1,069185;147,2700;126,5097;236368,3500;203048,15;236368,3500;203048,15;149,8700;22,779;8,877;12,768;0,975;0,784;0,249;-1,735;0,249;0,000;0,000;0,0000;0,00;;;;DUSD;N069000;T300;;099751      XYLEM INC;119,94732087;112,18575077;147,27000000;126,50975002;149,87000000;1605,00000000;0,00000000;0,00000000;0,00000000;0,00000000;20251113
99;1O;01215;US00846U1016;AGILENT TECHNOLOGIES INC.;USD;NEW YORK;111111;201;O;1587,000;0,000;0,000;0,000;128,8978;121,1669;204560,8200;192291,91;1,063804;146,8900;126,1833;233114,4300;200252,93;233114,4300;200252,93;151,5200;13,958;9,428;4,140;0,962;0,773;0,245;-3,056;0,246;0,000;0,000;0,0000;0,00;;;;DUSD;N069000;T300;;099755      AGILENT TECHNOLOGIES INC.;128,89780718;121,16692501;146,89000000;126,18331758;151,52000000;1587,00000000;0,00000000;0,00000000;0,00000000;0,00000000;20251113
99;1O;03191;US3755581036;GILEAD SCIENCES INC.;USD;OTC;111111;201;O;1842,000;0,000;0,000;0,000;98,2507;91,7869;180977,9730;169071,65;1,070422;125,2000;107,5508;230618,4000;198108,75;230618,4000;198108,75;123,4000;27,429;8,752;17,174;0,951;0,765;0,242;1,459;0,243;0,000;0,000;0,0000;0,00;;;;DUSD;N069000;T300;;099758      GILEAD SCIENCES INC.;98,25079967;91,78699782;125,20000000;107,55089768;123,40000000;1842,00000000;0,00000000;0,00000000;0,00000000;0,00000000;20251113
99;1O;00432;US0326541051;ANALOG DEVICES;USD;OTC;111111;201;O;938,000;0,000;0,000;0,000;211,2828;199,1603;198183,3500;186812,45;1,060868;237,5300;204,0460;222803,1400;191395,19;222803,1400;191395,19;241,4400;12,423;9,731;2,453;0,919;0,739;0,234;-1,619;0,235;0,000;0,000;0,0000;0,00;;;;DUSD;N069000;T300;;099766      ANALOG DEVICES;211,28288912;199,16039445;237,53000000;204,04604415;241,44000000;938,00000000;0,00000000;0,00000000;0,00000000;0,00000000;20251113
99;1O;02043;US00724F1012;ADOBE SYSTEM INC.;USD;OTC;111111;201;O;637,000;0,000;0,000;0,000;362,7703;308,3513;231084,7100;196419,80;1,176484;333,6000;286,5733;212503,2000;182547,20;212503,2000;182547,20;337,0500;-8,041;-1,053;-7,063;0,877;0,705;0,223;-1,024;0,224;0,000;0,000;0,0000;0,00;;;;DUSD;N069000;T300;;099777      ADOBE SYSTEM INC.;362,77034536;308,35133438;333,60000000;286,57331844;337,05000000;637,00000000;0,00000000;0,00000000;0,00000000;0,00000000;20251113
99;1O;19892;US29444U7000;EQUINIX INC;USD;OTC;111111;201;O;265,000;0,000;0,000;0,000;899,0235;845,9652;238241,2500;224180,79;1,062719;786,5400;675,6636;208433,1000;179050,85;208433,1000;179050,85;813,2400;-12,512;9,540;-20,131;0,860;0,691;0,219;-3,283;0,220;0,000;0,000;0,0000;0,00;;;;DUSD;N069000;T300;;099781      EQUINIX INC;899,02358490;845,96524528;786,54000000;675,66360278;813,24000000;265,00000000;0,00000000;0,00000000;0,00000000;0,00000000;20251113
99;1O;01205;US9113121068;UNITED PARCEL SERVICE CL.B;USD;NEW YORK;111111;201;O;1861,000;0,000;0,000;0,000;114,9926;108,5691;214001,3300;202047,11;1,059166;95,9700;82,4413;178600,1700;153423,39;178600,1700;153423,39;96,1800;-16,542;9,907;-24,066;0,737;0,593;0,188;-0,218;0,188;0,000;0,000;0,0000;0,00;;;;DUSD;N069000;T300;;099812      UNITED PARCEL SERVICE CL.B;114,99265448;108,56910800;95,97000000;82,44137101;96,18000000;1861,00000000;0,00000000;0,00000000;0,00000000;0,00000000;20251113
99;1O;05634;US3119001044;FASTENAL CO;USD;OTC;111111;201;O;4151,000;0,000;0,000;0,000;37,8094;35,3366;156947,2200;146682,55;1,069979;40,7500;35,0055;169153,2500;145308,18;169153,2500;145308,18;40,9700;7,777;8,797;-0,937;0,698;0,561;0,178;-0,537;0,178;0,000;0,000;0,0000;0,00;;;;DUSD;N069000;T300;;099822      FASTENAL CO;37,80949650;35,33667790;40,75000000;35,00558371;40,97000000;4151,00000000;0,00000000;0,00000000;0,00000000;0,00000000;20251113
99;1O;00069;US2910111044;EMERSON ELECTRIC CO.;USD;NEW YORK;111111;201;O;1301,000;0,000;0,000;0,000;133,1169;113,1506;173185,2100;147208,96;1,176458;128,4600;110,3513;167126,4600;143567,10;167126,4600;143567,10;132,4400;-3,498;-1,050;-2,474;0,689;0,554;0,176;-3,005;0,176;0,000;0,000;0,0000;0,00;;;;DUSD;N069000;T300;;099824      EMERSON ELECTRIC CO.;133,11699462;113,15062259;128,46000000;110,35134438;132,44000000;1301,00000000;0,00000000;0,00000000;0,00000000;0,00000000;20251113
99;1O;33782;US24703L2025;DELL TECHS-ORD SHS CL C;USD;NEW YORK;111111;201;O;1176,000;0,000;0,000;0,000;131,4339;116,8546;154566,2900;137421,05;1,124764;133,9400;115,0588;157513,4400;135309,20;157513,4400;135309,20;140,7100;1,907;3,497;-1,537;0,650;0,523;0,166;-4,811;0,166;0,000;0,000;0,0000;0,00;;;;DUSD;N069000;T300;;099834      DELL TECHS-ORD SHS CL C;131,43392006;116,85463435;133,94000000;115,05884374;140,71000000;1176,00000000;0,00000000;0,00000000;0,00000000;0,00000000;20251113
99;1O;09902;US28176E1082;EDWARDS LIFESCIENCES CORP;USD;NEW YORK;111111;201;O;1647,000;0,000;0,000;0,000;74,0928;69,4825;122030,9900;114437,72;1,066353;86,1100;73,9713;141823,1700;121830,74;141823,1700;121830,74;85,5800;16,219;9,166;6,460;0,585;0,471;0,149;0,619;0,149;0,000;0,000;0,0000;0,00;;;;DUSD;N069000;T300;;099851      EDWARDS LIFESCIENCES CORP;74,09289010;69,48252580;86,11000000;73,97130830;85,58000000;1647,00000000;0,00000000;0,00000000;0,00000000;0,00000000;20251113
99;1O;08129;US90384S3031;ULTA BEAUTY INC;USD;OTC;111111;201;O;254,000;0,000;0,000;0,000;511,6607;439,8241;129961,8300;111715,34;1,163330;533,8700;458,6118;135602,9800;116487,40;135602,9800;116487,40;535,4000;4,341;0,066;4,272;0,559;0,450;0,143;-0,286;0,143;0,000;0,000;0,0000;0,00;;;;DUSD;N069000;T300;;099857      ULTA BEAUTY INC;511,66074803;439,82417322;533,87000000;458,61180310;535,40000000;254,00000000;0,00000000;0,00000000;0,00000000;0,00000000;20251113
99;1O;00530;US0758871091;BECTON DICKINSON;USD;NEW YORK;111111;201;O;672,000;0,000;0,000;0,000;214,6891;202,1841;144271,1000;135867,77;1,061849;193,0400;165,8276;129722,8800;111436,20;129722,8800;111436,20;192,1200;-10,084;9,630;-17,982;0,535;0,430;0,136;0,479;0,137;0,000;0,000;0,0000;0,00;;;;DUSD;N069000;T300;;099864      BECTON DICKINSON;214,68913690;202,18418154;193,04000000;165,82767803;192,12000000;672,00000000;0,00000000;0,00000000;0,00000000;0,00000000;20251113
99;1O;00567;US2788651006;ECOLAB INC.;USD;NEW YORK;111111;201;O;480,000;0,000;0,000;0,000;241,2449;225,7997;115797,5800;108383,87;1,068402;261,9800;225,0493;125750,4000;108023,71;125750,4000;108023,71;261,0600;8,595;8,957;-0,332;0,519;0,417;0,132;0,352;0,133;0,000;0,000;0,0000;0,00;;;;DUSD;N069000;T300;;099868      ECOLAB INC.;241,24495833;225,79972916;261,98000000;225,04939438;261,06000000;480,00000000;0,00000000;0,00000000;0,00000000;0,00000000;20251113
99;1O;04564;US5797802064;MCCORMICK & CO NON VTG;USD;NEW YORK;111111;201;O;1770,000;0,000;0,000;0,000;71,4223;65,0565;126417,5900;115150,07;1,097851;66,1000;56,7820;116997,0000;100504,25;116997,0000;100504,25;65,8800;-7,452;6,034;-12,719;0,483;0,388;0,123;0,334;0,123;0,000;0,000;0,0000;0,00;;;;DUSD;N069000;T300;;099877      MCCORMICK & CO NON VTG;71,42236723;65,05653672;66,10000000;56,78206339;65,88000000;1770,00000000;0,00000000;0,00000000;0,00000000;0,00000000;20251113
99;1O;00053;US1941621039;COLGATE PALMOLIVE CO.;USD;NEW YORK;111111;201;O;1435,000;0,000;0,000;0,000;89,3953;83,9507;128282,2810;120469,38;1,064854;78,7900;67,6831;113063,6500;97125,38;113063,6500;97125,38;78,5600;-11,863;9,320;-19,378;0,466;0,375;0,119;0,293;0,119;0,000;0,000;0,0000;0,00;;;;DUSD;N069000;T300;;099881      COLGATE PALMOLIVE CO.;89,39531777;83,95078745;78,79000000;67,68318872;78,56000000;1435,00000000;0,00000000;0,00000000;0,00000000;0,00000000;20251113
99;1O;04293;US12504L1098;CB RICHARD ELLIS GROUP INC. -CL A;USD;NEW YORK;111111;201;O;688,000;0,000;0,000;0,000;133,8468;125,2801;92086,6400;86192,72;1,068381;153,1700;131,5780;105380,9600;90525,69;105380,9600;90525,69;155,4000;14,437;8,959;5,027;0,435;0,350;0,111;-1,435;0,111;0,000;0,000;0,0000;0,00;;;;DUSD;N069000;T300;;099889      CB RICHARD ELLIS GROUP INC. -CL A;133,84686046;125,28011627;153,17000000;131,57804312;155,40000000;688,00000000;0,00000000;0,00000000;0,00000000;0,00000000;20251113
99;1O;08879;US0304201033;AMERICAN WATER WORKS CO INC;USD;NEW YORK;111111;201;O;787,000;0,000;0,000;0,000;129,8873;121,5200;102221,3700;95636,29;1,068855;131,4600;112,9284;103459,0200;88874,68;103459,0200;88874,68;129,7700;1,211;8,911;-7,070;0,427;0,343;0,109;1,302;0,109;0,000;0,000;0,0000;0,00;;;;DUSD;N069000;T300;;099891      AMERICAN WATER WORKS CO INC;129,88738246;121,52006353;131,46000000;112,92844257;129,77000000;787,00000000;0,00000000;0,00000000;0,00000000;0,00000000;20251113
99;1O;32178;US3802371076;GODADDY-ORD SHS CL A;USD;NEW YORK;111111;201;O;596,000;0,000;0,000;0,000;185,1567;174,5087;110353,4300;104007,24;1,061017;131,0700;112,5934;78117,7200;67105,68;78117,7200;67105,68;132,5300;-29,211;9,715;-35,480;0,322;0,259;0,082;-1,102;0,082;0,000;0,000;0,0000;0,00;;;;DUSD;N069000;T300;;099918      GODADDY-ORD SHS CL A;185,15676174;174,50879194;131,07000000;112,59341980;132,53000000;596,00000000;0,00000000;0,00000000;0,00000000;0,00000000;20251113
99;1O;01310;US0865161014;BEST BUY COMPANY INC.;USD;NEW YORK;111111;201;O;954,000;0,000;0,000;0,000;77,3335;65,8792;73776,1600;62848,79;1,173868;76,1800;65,4411;72675,7200;62430,82;72675,7200;62430,82;77,7100;-1,492;-0,832;-0,665;0,300;0,241;0,076;-1,969;0,077;0,000;0,000;0,0000;0,00;;;;DUSD;N069000;T300;;099924      BEST BUY COMPANY INC.;77,33350104;65,87923480;76,18000000;65,44111330;77,71000000;954,00000000;0,00000000;0,00000000;0,00000000;0,00000000;20251113
99;1O;00525;US4278661081;HERSHEY CO.;USD;NEW YORK;111111;201;O;406,000;0,000;0,000;0,000;173,8150;149,8922;70568,9300;60856,27;1,159600;178,1400;153,0280;72324,8400;62129,40;72324,8400;62129,40;178,2600;2,488;0,388;2,092;0,298;0,240;0,076;-0,067;0,076;0,000;0,000;0,0000;0,00;;;;DUSD;N069000;T300;;099924      HERSHEY CO.;173,81509852;149,89229064;178,14000000;153,02809037;178,26000000;406,00000000;0,00000000;0,00000000;0,00000000;0,00000000;20251113
99;1O;05346;US1924461023;COGNIZANT TECH SOLUTIONS A;USD;OTC;111111;201;O;830,000;0,000;0,000;0,000;75,1591;70,6126;62382,1100;58608,52;1,064386;73,5600;63,1904;61054,8000;52448,07;61054,8000;52448,07;74,2000;-2,128;9,368;-10,511;0,252;0,203;0,064;-0,863;0,064;0,000;0,000;0,0000;0,00;;;;DUSD;N069000;T300;;099936      COGNIZANT TECH SOLUTIONS A;75,15916867;70,61267469;73,56000000;63,19044755;74,20000000;830,00000000;0,00000000;0,00000000;0,00000000;0,00000000;20251113
99;1O;02976;US9884981013;YUM BRANDS INC.;USD;NEW YORK;111111;201;O;403,000;0,000;0,000;0,000;145,6668;125,9154;58703,7500;50743,93;1,156863;149,7300;128,6229;60341,1900;51835,06;60341,1900;51835,06;149,3700;2,789;0,626;2,150;0,249;0,200;0,063;0,241;0,064;0,000;0,000;0,0000;0,00;;;;DUSD;N069000;T300;;099937      YUM BRANDS INC.;145,66687344;125,91545905;149,73000000;128,62297053;149,37000000;403,00000000;0,00000000;0,00000000;0,00000000;0,00000000;20251113
99;1O;08920;US49271V1008;KUERIG DR PEPPER;USD;NEW YORK;111111;201;O;2063,000;0,000;0,000;0,000;29,9020;25,6956;61687,8300;53010,08;1,163700;27,0000;23,1938;55701,0000;47848,98;55701,0000;47848,98;26,9000;-9,705;0,034;-9,736;0,230;0,185;0,059;0,372;0,059;0,000;0,000;0,0000;0,00;;;;DUSD;N069000;T300;;099941      KUERIG DR PEPPER;29,90200193;25,69562772;27,00000000;23,19388368;26,90000000;2063,00000000;0,00000000;0,00000000;0,00000000;0,00000000;20251113
99;1O;03754;US09062X1037;BIOGEN  INC.;USD;OTC;111111;201;O;264,000;0,000;0,000;0,000;147,1049;138,8676;38835,7000;36661,05;1,059318;164,7300;141,5084;43488,7200;37358,23;43488,7200;37358,23;161,4800;11,981;9,891;1,902;0,179;0,144;0,046;2,013;0,046;0,000;0,000;0,0000;0,00;;;;DUSD;N069000;T300;;099954      BIOGEN  INC.;147,10492424;138,86761363;164,73000000;141,50846147;161,48000000;264,00000000;0,00000000;0,00000000;0,00000000;0,00000000;20251113
99;1O;03392;CH0013841017;LONZA GROUP AG-REG;CHF;VIRTX;111111;201;O;497,000;0,000;0,000;0,000;538,8127;575,4511;267789,9300;285999,20;0,936331;552,6000;598,6350;274642,2000;297521,61;274642,2000;297521,61;554,6000;2,559;-1,413;4,029;40,679;1,149;0,364;-0,361;0,365;0,000;0,000;0,0000;0,00;;;;DCHF;N071000;T300;;099636      LONZA GROUP AG-REG;538,81273641;575,45110664;552,60000000;598,63503412;554,60000000;497,00000000;0,00000000;0,00000000;0,00000000;0,00000000;20251113
99;1O;01930;CH0012221716;ABB LTD - NOM;CHF;VIRTX;111111;201;O;2381,000;0,000;0,000;0,000;58,6308;62,8736;139599,9400;149702,08;0,932518;56,1600;60,8384;133716,9600;144856,42;133716,9600;144856,42;57,4200;-4,214;-1,010;-3,237;19,806;0,559;0,177;-2,194;0,178;0,000;0,000;0,0000;0,00;;;;DCHF;N071000;T300;;099823      ABB LTD - NOM;58,63080218;62,87361612;56,16000000;60,83847903;57,42000000;2381,00000000;0,00000000;0,00000000;0,00000000;0,00000000;20251113
99;1O;01931;CH0012005267;NOVARTIS AG - NOM.;CHF;VIRTX;111111;201;O;1090,000;0,000;0,000;0,000;101,5015;108,3809;110636,7100;118135,22;0,936526;105,7400;114,5488;115256,6000;124858,20;115256,6000;124858,20;104,7000;4,176;-1,434;5,691;17,072;0,482;0,153;0,993;0,153;0,000;0,000;0,0000;0,00;;;;DCHF;N071000;T300;;099847      NOVARTIS AG - NOM.;101,50156880;108,38093578;105,74000000;114,54880294;104,70000000;1090,00000000;0,00000000;0,00000000;0,00000000;0,00000000;20251113
99;1O;60381;IE000IVNQZ81;TE CONNECTIVITY PLC;USD;NEW YORK;111111;201;O;498,000;0,000;0,000;0,000;142,9700;138,0552;71199,0600;68751,51;1,035600;236,2800;202,9722;117667,4400;101080,18;117667,4400;101080,18;246,3200;65,265;12,408;47,022;0,485;0,390;0,124;-4,076;0,124;0,000;0,000;0,0000;0,00;;;;DUSD;N071000;T300;;099876      TE CONNECTIVITY PLC;142,97000000;138,05524096;236,28000000;202,97225324;246,32000000;498,00000000;0,00000000;0,00000000;0,00000000;0,00000000;20251113
99;1O;09635;JP3651210001;NABTESCO CORP;JPY;TOKYO;111111;201;O;21174,000;0,000;0,000;0,000;2799,8623;16,9867;59284286,0000;359677,96;164,826018;3537,0000;19,7042;74892438,0000;417218,30;74892438,0000;417218,30;3574,0000;26,328;8,905;15,998;17,063;1,611;0,511;-1,035;0,512;0,000;0,000;0,0000;0,00;;;;DJPY;N088000;T300;;099489      NABTESCO CORP;2799,86237838;16,98677434;3537,00000000;19,70427432;3574,00000000;21174,00000000;0,00000000;0,00000000;0,00000000;0,00000000;20251113
99;1O;01207;JP3102000001;AISIN SEIKI CO.LTD.;JPY;TOKYO;111111;201;O;18000,000;0,000;0,000;0,000;1861,4313;11,2796;33505765,0000;203032,87;165,026308;2825,0000;15,7377;50850000,0000;283280,28;50850000,0000;283280,28;2809,0000;51,765;8,773;39,524;11,585;1,094;0,347;0,570;0,348;0,000;0,000;0,0000;0,00;;;;DJPY;N088000;T300;;099653      AISIN SEIKI CO.LTD.;1861,43138888;11,27960388;2825,00000000;15,73779332;2809,00000000;18000,00000000;0,00000000;0,00000000;0,00000000;0,00000000;20251113
99;1O;00117;JP3270000007;KURITA WATER INDUSTRIES LTD.;JPY;TOKYO;111111;201;O;7700,000;0,000;0,000;0,000;5428,4476;33,0088;41799047,0000;254168,47;164,454100;6433,0000;35,8376;49534100,0000;275949,53;49534100,0000;275949,53;6514,0000;18,505;9,152;8,570;11,286;1,066;0,338;-1,243;0,339;0,000;0,000;0,0000;0,00;;;;DJPY;N088000;T300;;099662      KURITA WATER INDUSTRIES LTD.;5428,44766233;33,00889220;6433,00000000;35,83760157;6514,00000000;7700,00000000;0,00000000;0,00000000;0,00000000;0,00000000;20251113
99;1O;03334;JP3148800000;IBIDEN CO. LTD.;JPY;TOKYO;111111;201;O;3472,000;0,000;0,000;0,000;5266,2066;31,8245;18284269,4890;110494,76;165,476349;13620,0000;75,8756;47288640,0000;263440,30;47288640,0000;263440,30;13705,0000;158,630;8,477;138,419;10,774;1,017;0,322;-0,620;0,323;0,000;0,000;0,0000;0,00;;;;DJPY;N088000;T300;;099678      IBIDEN CO. LTD.;5266,20665005;31,82452765;13620,00000000;75,87566196;13705,00000000;3472,00000000;0,00000000;0,00000000;0,00000000;0,00000000;20251113
99;1O;00128;JP3866800000;PANASONIC CORPORATION;JPY;TOKYO;111111;201;O;18100,000;0,000;0,000;0,000;1628,9104;9,9077;29483279,0000;179330,10;164,407866;1765,0000;9,8326;31946500,0000;177970,77;31946500,0000;177970,77;1786,5000;8,355;9,182;-0,758;7,278;0,687;0,218;-1,203;0,218;0,000;0,000;0,0000;0,00;;;;DJPY;N088000;T300;;099782      PANASONIC CORPORATION;1628,91044198;9,90774033;1765,00000000;9,83263901;1786,50000000;18100,00000000;0,00000000;0,00000000;0,00000000;0,00000000;20251113
99;1O;00215;JP3463000004;TAKEDA PHARMACEUTICAL CO LTD.;JPY;TOKYO;111111;201;O;7000,000;0,000;0,000;0,000;4204,9928;25,5711;29434950,0000;178997,70;164,443174;4380,0000;24,4005;30660000,0000;170803,80;30660000,0000;170803,80;4313,0000;4,162;9,159;-4,578;6,985;0,660;0,209;1,553;0,210;0,000;0,000;0,0000;0,00;;;;DJPY;N088000;T300;;099791      TAKEDA PHARMACEUTICAL CO LTD.;4204,99285714;25,57110000;4380,00000000;24,40054327;4313,00000000;7000,00000000;0,00000000;0,00000000;0,00000000;0,00000000;20251113
99;1O;00433;JP3596200000;TOTO LTD.;JPY;TOKYO;111111;201;O;6700,000;0,000;0,000;0,000;3776,1119;23,0175;25299950,0000;154217,51;164,053680;3862,0000;21,5148;25875400,0000;144149,27;25875400,0000;144149,27;3891,0000;2,275;9,418;-6,529;5,895;0,557;0,176;-0,745;0,177;0,000;0,000;0,0000;0,00;;;;DJPY;N088000;T300;;099824      TOTO LTD.;3776,11194029;23,01753880;3862,00000000;21,51481692;3891,00000000;6700,00000000;0,00000000;0,00000000;0,00000000;0,00000000;20251113
99;1O;00251;JP3942400007;ASTELLAS PHARMA INC.;JPY;TOKYO;111111;201;O;12700,000;0,000;0,000;0,000;1519,5256;9,2392;19297976,0000;117339,08;164,463331;1874,5000;10,4426;23806150,0000;132621,69;23806150,0000;132621,69;1854,0000;23,361;9,145;13,024;5,424;0,512;0,162;1,106;0,163;0,000;0,000;0,0000;0,00;;;;DJPY;N088000;T300;;099838      ASTELLAS PHARMA INC.;1519,52566929;9,23929763;1874,50000000;10,44265259;1854,00000000;12700,00000000;0,00000000;0,00000000;0,00000000;0,00000000;20251113
99;1O;02625;JP3734800000;NIDEC CORPORATION;JPY;TOKYO;111111;201;O;10100,000;0,000;0,000;0,000;2748,0904;16,7173;27755714,0000;168845,11;164,385655;2248,0000;12,5233;22704800,0000;126486,18;22704800,0000;126486,18;2285,0000;-18,198;9,197;-25,087;5,173;0,488;0,155;-1,619;0,155;0,000;0,000;0,0000;0,00;;;;DJPY;N088000;T300;;099845      NIDEC CORPORATION;2748,09049505;16,71733762;2248,00000000;12,52338385;2285,00000000;10100,00000000;0,00000000;0,00000000;0,00000000;0,00000000;20251113
99;1O;00148;JP3733000008;NEC CORP.;JPY;TOKYO;111111;201;O;3600,000;0,000;0,000;0,000;4995,4436;28,3025;17983597,0000;101889,21;176,501486;5990,0000;33,3696;21564000,0000;120130,89;21564000,0000;120130,89;5880,0000;19,909;1,701;17,903;4,913;0,464;0,147;1,871;0,147;0,000;0,000;0,0000;0,00;;;;DJPY;N088000;T300;;099853      NEC CORP.;4995,44361111;28,30255833;5990,00000000;33,36969274;5880,00000000;3600,00000000;0,00000000;0,00000000;0,00000000;0,00000000;20251113
99;1O;00447;JP3571400005;TOKYO ELECTRON LTD.;JPY;TOKYO;111111;201;O;600,000;0,000;0,000;0,000;26570,1583;153,0871;15942095,0000;91852,29;173,562303;33910,0000;188,9092;20346000,0000;113345,54;20346000,0000;113345,54;33660,0000;27,624;3,423;23,400;4,636;0,438;0,139;0,743;0,139;0,000;0,000;0,0000;0,00;;;;DJPY;N088000;T300;;099861      TOKYO ELECTRON LTD.;26570,15833333;153,08715000;33910,00000000;188,90922886;33660,00000000;600,00000000;0,00000000;0,00000000;0,00000000;0,00000000;20251113
99;1O;00901;JP3976300008;RYOHIN KEIKAKU CO.LTD.;JPY;TOKYO;111111;201;O;2600,000;0,000;0,000;0,000;3356,9365;18,7057;8728035,0000;48635,07;179,459699;3305,0000;18,4118;8593000,0000;47870,75;8593000,0000;47870,75;3340,0000;-1,547;0,025;-1,572;1,958;0,185;0,059;-1,048;0,059;0,000;0,000;0,0000;0,00;;;;DJPY;N088000;T300;;099941      RYOHIN KEIKAKU CO.LTD.;3356,93653846;18,70579615;3305,00000000;18,41182546;3340,00000000;2600,00000000;0,00000000;0,00000000;0,00000000;0,00000000;20251113
99;1O;00208;HK0016000132;SUN HUNG KAI PROPERTIES LTD.;HKD;HONG KONG;111111;201;O;16690,000;0,000;0,000;0,000;75,3630;9,1588;1257808,5000;152861,92;8,228397;102,7000;11,3537;1714063,0000;189493,45;1714063,0000;189493,45;103,8000;36,274;9,930;23,964;94,791;0,732;0,232;-1,060;0,233;0,000;0,000;0,0000;0,00;;;;DHKD;N103000;T300;;099768      SUN HUNG KAI PROPERTIES LTD.;75,36300179;9,15889275;102,70000000;11,35371179;103,80000000;16690,00000000;0,00000000;0,00000000;0,00000000;0,00000000;20251113
99;2;00001;;LIQUIDITA';EUR;;;610;;0,000;0,000;0,000;0,000;0,0000;0,0000;0,0000;0,00;0,000000;0,0000;0,0000;0,0000;2033890,43;0,0000;2033890,43;0,0000;0,000;0,000;0,000;0,000;0,000;2,489;0,000;2,496;0,000;0,000;0,0000;0,00;2;;;;;;;;0,00000000;0,00000000;0,00000000;0,00000000;0,00000000;0,00000000;0,00000000;0,00000000;0,00000000;0,00000000;20251113
99;2;00002;;LIQUIDITA' A SCADERE;EUR;;;620;;0,000;0,000;0,000;0,000;0,0000;0,0000;0,0000;0,00;0,000000;0,0000;0,0000;0,0000;65281,78;0,0000;65281,78;0,0000;0,000;0,000;0,000;0,000;0,000;0,080;0,000;0,080;0,000;0,000;0,0000;0,00;3;;;;;;;;0,00000000;0,00000000;0,00000000;0,00000000;0,00000000;0,00000000;0,00000000;0,00000000;0,00000000;0,00000000;20251113
99;2;00009;;GIACENZE DI DOLLARI CANADESI         CAD;CAD;;;621;;9393,560;0,000;0,000;0,000;0,0000;0,6309;9393,5600;5926,86;1,584913;0,0000;1,6311;9393,5600;5759,03;9393,5600;5759,03;0,0000;0,000;0,000;0,000;0,000;0,000;0,007;0,000;0,007;0,000;0,000;0,0000;0,00;3CAD1;;;;;;;;0,00000000;0,63094928;0,00000000;1,63110000;0,00000000;9393,56000000;0,00000000;0,00000000;0,00000000;0,00000000;20251113
99;2;00007;;GIACENZE DI FRANCHI SVIZZERI         CHF;CHF;;;621;;151524,140;0,000;0,000;0,000;0,0000;1,0742;151524,1400;162774,86;0,930882;0,0000;0,9231;151524,1400;164147,05;151524,1400;164147,05;0,0000;0,000;0,000;0,000;0,000;0,000;0,201;0,000;0,201;0,000;0,000;0,0000;0,00;3CHF1;;;;;;;;0,00000000;1,07425034;0,00000000;0,92310000;0,00000000;151524,14000000;0,00000000;0,00000000;0,00000000;0,00000000;20251113
99;2;00035;;GIACENZE DI CORONA DANESE            DKK;DKK;;;621;;9749046,160;0,000;0,000;0,000;0,0000;0,1338;9749046,1600;1305342,47;7,468573;0,0000;7,4674;9749046,1600;1305547,60;9749046,1600;1305547,60;0,0000;0,000;0,000;0,000;0,000;0,000;1,598;0,000;1,602;0,000;0,000;0,0000;0,00;3DKK1;;;;;;;;0,00000000;0,13389437;0,00000000;7,46740000;0,00000000;9749046,16000000;0,00000000;0,00000000;0,00000000;0,00000000;20251113
99;2;00006;;GIACENZE DI STERLINE INGLESI         GBP;GBP;;;621;;299708,140;0,000;0,000;0,000;0,0000;1,1423;299708,1400;342358,77;0,875421;0,0000;0,8822;299708,1400;339728,11;299708,1400;339728,11;0,0000;0,000;0,000;0,000;0,000;0,000;0,416;0,000;0,417;0,000;0,000;0,0000;0,00;3GBP1;;;;;;;;0,00000000;1,14230721;0,00000000;0,88220000;0,00000000;299708,14000000;0,00000000;0,00000000;0,00000000;0,00000000;20251113
99;2;00014;;GIACENZE DI HONG KONG DOLLAR         HKD;HKD;;;621;;94194,790;0,000;0,000;0,000;0,0000;0,1122;94194,7900;10576,91;8,905700;0,0000;9,0455;94194,7900;10413,44;94194,7900;10413,44;0,0000;0,000;0,000;0,000;0,000;0,000;0,013;0,000;0,013;0,000;0,000;0,0000;0,00;3HKD1;;;;;;;;0,00000000;0,11228763;0,00000000;9,04550000;0,00000000;94194,79000000;0,00000000;0,00000000;0,00000000;0,00000000;20251113
99;2;00008;;GIACENZE DI YEN GIAPPONESI           JPY;JPY;;;621;;39588611,000;0,000;0,000;0,000;0,0000;0,0056;39588611,0000;223350,60;177,248734;0,0000;179,5042;39588611,0000;220544,20;39588611,0000;220544,20;0,0000;0,000;0,000;0,000;0,000;0,000;0,270;0,000;0,271;0,000;0,000;0,0000;0,00;3JPY1;;;;;;;;0,00000000;0,00564178;0,00000000;179,50420000;0,00000000;39588611,00000000;0,00000000;0,00000000;0,00000000;0,00000000;20251113
99;2;00008;;IMPEGNI IN DIVISA YEN GIAPPONESI     JPY;JPY;;;622;;-8733271,000;0,000;0,000;0,000;0,0000;0,0055;-8733271,0000;-48664,25;179,459685;0,0000;179,5042;-8733271,0000;-48652,18;-8733271,0000;-48652,18;0,0000;0,000;0,000;0,000;0,000;0,000;-0,060;0,000;-0,060;0,000;0,000;0,0000;0,00;3JPY2;;;;;;;;0,00000000;0,00557228;0,00000000;179,50420000;0,00000000;-8733271,00000000;0,00000000;0,00000000;0,00000000;0,00000000;20251113
99;2;00031;;GIACENZE DI CORONA NORVEGESE         NOK;NOK;;;621;;564943,210;0,000;0,000;0,000;0,0000;0,0849;564943,2100;48003,83;11,768711;0,0000;11,6551;564943,2100;48471,76;564943,2100;48471,76;0,0000;0,000;0,000;0,000;0,000;0,000;0,059;0,000;0,059;0,000;0,000;0,0000;0,00;3NOK1;;;;;;;;0,00000000;0,08497107;0,00000000;11,65510000;0,00000000;564943,21000000;0,00000000;0,00000000;0,00000000;0,00000000;20251113
99;2;00011;;GIACENZE DI CORONE SVEDESI           SEK;SEK;;;621;;411063,180;0,000;0,000;0,000;0,0000;0,0906;411063,1800;37244,37;11,036921;0,0000;10,9361;411063,1800;37587,73;411063,1800;37587,73;0,0000;0,000;0,000;0,000;0,000;0,000;0,046;0,000;0,046;0,000;0,000;0,0000;0,00;3SEK1;;;;;;;;0,00000000;0,09060497;0,00000000;10,93610000;0,00000000;411063,18000000;0,00000000;0,00000000;0,00000000;0,00000000;20251113
99;2;00001;;GIACENZE DI DOLLARI USA              USD;USD;;;621;;1248621,730;0,000;0,000;0,000;0,0000;0,8655;1248621,7300;1080696,02;1,155387;0,0000;1,1641;1248621,7300;1072606,93;1248621,7300;1072606,93;0,0000;0,000;0,000;0,000;0,000;0,000;1,313;0,000;1,316;0,000;0,000;0,0000;0,00;3USD1;;;;;;;;0,00000000;0,86551114;0,00000000;1,16410000;0,00000000;1248621,73000000;0,00000000;0,00000000;0,00000000;0,00000000;20251113
99;4;;;DIRITTI MATURATI NON RISCOSSI;;;;700;;0,000;0,000;0,000;0,000;0,0000;0,0000;0,0000;0,00;0,000000;0,0000;0,0000;0,0000;365251,60;0,0000;44500,08;0,0000;0,000;0,000;0,000;0,000;0,000;0,447;0,000;0,448;0,000;0,000;0,0000;0,00;;;;;;;;;0,00000000;0,00000000;0,00000000;0,00000000;0,00000000;0,00000000;0,00000000;0,00000000;0,00000000;0,00000000;20251113
99;5;;;DEPOSITI MARGINI INIZ.FUTURES;;;;8;;0,000;0,000;0,000;0,000;0,0000;0,0000;0,0000;0,00;0,000000;0,0000;0,0000;0,0000;0,00;0,0000;0,00;0,0000;0,000;0,000;0,000;0,000;0,000;0,000;0,000;0,000;0,000;0,000;0,0000;0,00;;;;;;;;;0,00000000;0,00000000;0,00000000;0,00000000;0,00000000;0,00000000;0,00000000;0,00000000;0,00000000;0,00000000;20251113
99;5;;;MARGINI DI VARIAZIONE FUTURES;;;;8;;0,000;0,000;0,000;0,000;0,0000;0,0000;0,0000;0,00;0,000000;0,0000;0,0000;0,0000;0,00;0,0000;0,00;0,0000;0,000;0,000;0,000;0,000;0,000;0,000;0,000;0,000;0,000;0,000;0,0000;0,00;;;;;;;;;0,00000000;0,00000000;0,00000000;0,00000000;0,00000000;0,00000000;0,00000000;0,00000000;0,00000000;0,00000000;20251113
99;5;;;DEPOSITI BANCARI;;;;8;;0,000;0,000;0,000;0,000;0,0000;0,0000;0,0000;0,00;0,000000;0,0000;0,0000;0,0000;0,00;0,0000;0,00;0,0000;0,000;0,000;0,000;0,000;0,000;0,000;0,000;0,000;0,000;0,000;0,0000;0,00;;;;;;;;;0,00000000;0,00000000;0,00000000;0,00000000;0,00000000;0,00000000;0,00000000;0,00000000;0,00000000;0,00000000;20251113
99;9;;;RIMBORSI DA REGOLARE;;;;;;0,000;0,000;0,000;0,000;0,0000;0,0000;0,0000;0,00;0,000000;0,0000;0,0000;0,0000;-66367,87;0,0000;-66367,87;0,0000;0,000;0,000;0,000;0,000;0,000;0,000;0,000;0,000;0,000;0,000;0,0000;0,00;;;;;;;;;0,00000000;0,00000000;0,00000000;0,00000000;0,00000000;0,00000000;0,00000000;0,00000000;0,00000000;0,00000000;20251113
